lead_id,first_inquiry_id,score_time,primary_partition,F1_role,F2_role,F3_role,F4_role
1,3,2025-05-12T16:10:27.000000,DEVELOPMENT,TRAIN,TRAIN,TRAIN,TRAIN
2,5,2026-03-04T09:00:43.000000,DEVELOPMENT,NOT_USED,NOT_USED,NOT_USED,VALIDATION
3,6,2026-02-18T14:30:33.000000,DEVELOPMENT,NOT_USED,NOT_USED,VALIDATION,TRAIN
4,10,2025-10-29T12:13:42.000000,DEVELOPMENT,VALIDATION,TRAIN,TRAIN,TRAIN
5,14,2025-10-21T15:45:00.000000,DEVELOPMENT,VALIDATION,TRAIN,TRAIN,TRAIN
6,15,2025-10-06T18:45:00.000000,DEVELOPMENT,VALIDATION,TRAIN,TRAIN,TRAIN
7,17,2025-06-21T07:49:00.000000,DEVELOPMENT,TRAIN,TRAIN,TRAIN,TRAIN
8,27,2025-05-07T07:10:37.000000,DEVELOPMENT,TRAIN,TRAIN,TRAIN,TRAIN
9,30,2026-02-03T07:57:46.000000,DEVELOPMENT,NOT_USED,NOT_USED,VALIDATION,TRAIN
10,35,2026-03-22T08:24:43.000000,DEVELOPMENT,NOT_USED,NOT_USED,NOT_USED,VALIDATION
11,39,2026-06-28T16:19:29.000000,PROCEDURAL_HOLDOUT,NOT_USED,NOT_USED,NOT_USED,NOT_USED
12,46,2025-08-19T20:35:53.000000,DEVELOPMENT,TRAIN,TRAIN,TRAIN,TRAIN
13,48,2025-07-19T13:48:56.000000,DEVELOPMENT,TRAIN,TRAIN,TRAIN,TRAIN
14,57,2025-03-02T19:56:40.000000,DEVELOPMENT,TRAIN,TRAIN,TRAIN,TRAIN
15,59,2025-07-29T11:12:20.000000,DEVELOPMENT,TRAIN,TRAIN,TRAIN,TRAIN
16,69,2025-10-17T09:37:11.000000,DEVELOPMENT,VALIDATION,TRAIN,TRAIN,TRAIN
17,74,2026-04-14T15:06:47.000000,DEVELOPMENT,NOT_USED,NOT_USED,NOT_USED,VALIDATION
18,79,2025-02-12T08:44:20.000000,DEVELOPMENT,TRAIN,TRAIN,TRAIN,TRAIN
19,83,2025-08-29T10:18:00.000000,DEVELOPMENT,TRAIN,TRAIN,TRAIN,TRAIN
20,89,2026-02-27T13:22:53.000000,DEVELOPMENT,NOT_USED,NOT_USED,VALIDATION,TRAIN
21,94,2026-04-29T19:08:22.000000,DEVELOPMENT,NOT_USED,NOT_USED,NOT_USED,VALIDATION
22,96,2026-01-01T19:33:17.000000,DEVELOPMENT,NOT_USED,NOT_USED,VALIDATION,TRAIN
23,104,2025-04-04T07:42:07.000000,DEVELOPMENT,TRAIN,TRAIN,TRAIN,TRAIN
24,106,2025-11-05T13:18:06.000000,DEVELOPMENT,NOT_USED,VALIDATION,TRAIN,TRAIN
25,108,2026-05-14T20:48:46.000000,CALIBRATION,NOT_USED,NOT_USED,NOT_USED,NOT_USED
26,114,2026-02-13T17:17:05.000000,DEVELOPMENT,NOT_USED,NOT_USED,VALIDATION,TRAIN
27,117,2025-08-21T14:05:00.000000,DEVELOPMENT,TRAIN,TRAIN,TRAIN,TRAIN
28,123,2025-07-02T14:16:48.000000,DEVELOPMENT,TRAIN,TRAIN,TRAIN,TRAIN
29,124,2026-02-06T08:59:16.000000,DEVELOPMENT,NOT_USED,NOT_USED,VALIDATION,TRAIN
30,125,2026-01-30T18:11:33.000000,DEVELOPMENT,NOT_USED,NOT_USED,VALIDATION,TRAIN
31,134,2025-06-28T09:54:26.000000,DEVELOPMENT,TRAIN,TRAIN,TRAIN,TRAIN
32,144,2026-05-19T18:39:43.000000,CALIBRATION,NOT_USED,NOT_USED,NOT_USED,NOT_USED
33,146,2026-03-20T14:22:36.000000,DEVELOPMENT,NOT_USED,NOT_USED,NOT_USED,VALIDATION
34,154,2026-02-27T07:43:00.000000,DEVELOPMENT,NOT_USED,NOT_USED,VALIDATION,TRAIN
35,155,2025-04-04T10:30:43.000000,DEVELOPMENT,TRAIN,TRAIN,TRAIN,TRAIN
36,165,2025-11-15T17:40:22.000000,DEVELOPMENT,NOT_USED,VALIDATION,TRAIN,TRAIN
37,168,2025-12-24T17:40:04.000000,DEVELOPMENT,NOT_USED,VALIDATION,TRAIN,TRAIN
38,171,2025-01-15T16:44:54.000000,DEVELOPMENT,TRAIN,TRAIN,TRAIN,TRAIN
39,176,2025-10-09T12:46:34.000000,DEVELOPMENT,VALIDATION,TRAIN,TRAIN,TRAIN
40,178,2026-06-10T07:12:49.000000,PROCEDURAL_HOLDOUT,NOT_USED,NOT_USED,NOT_USED,NOT_USED
41,183,2025-06-09T07:42:23.000000,DEVELOPMENT,TRAIN,TRAIN,TRAIN,TRAIN
42,186,2026-06-02T07:32:32.000000,PROCEDURAL_HOLDOUT,NOT_USED,NOT_USED,NOT_USED,NOT_USED
43,191,2025-10-01T07:13:54.000000,DEVELOPMENT,VALIDATION,TRAIN,TRAIN,TRAIN
44,195,2026-03-30T09:04:12.000000,DEVELOPMENT,NOT_USED,NOT_USED,NOT_USED,VALIDATION
45,198,2026-06-13T08:44:32.000000,PROCEDURAL_HOLDOUT,NOT_USED,NOT_USED,NOT_USED,NOT_USED
46,202,2026-04-10T18:16:10.000000,DEVELOPMENT,NOT_USED,NOT_USED,NOT_USED,VALIDATION
47,207,2026-02-21T14:54:51.000000,DEVELOPMENT,NOT_USED,NOT_USED,VALIDATION,TRAIN
48,214,2026-05-16T17:07:23.000000,CALIBRATION,NOT_USED,NOT_USED,NOT_USED,NOT_USED
49,218,2025-02-11T19:47:46.000000,DEVELOPMENT,TRAIN,TRAIN,TRAIN,TRAIN
50,226,2025-06-11T17:31:37.000000,DEVELOPMENT,TRAIN,TRAIN,TRAIN,TRAIN
51,231,2026-06-18T17:31:26.000000,PROCEDURAL_HOLDOUT,NOT_USED,NOT_USED,NOT_USED,NOT_USED
52,234,2025-08-05T08:27:08.000000,DEVELOPMENT,TRAIN,TRAIN,TRAIN,TRAIN
53,235,2026-02-11T18:45:21.000000,DEVELOPMENT,NOT_USED,NOT_USED,VALIDATION,TRAIN
54,238,2025-06-27T20:02:49.000000,DEVELOPMENT,TRAIN,TRAIN,TRAIN,TRAIN
55,239,2025-05-22T07:32:53.000000,DEVELOPMENT,TRAIN,TRAIN,TRAIN,TRAIN
56,240,2025-02-17T13:28:29.000000,DEVELOPMENT,TRAIN,TRAIN,TRAIN,TRAIN
57,245,2026-06-09T13:50:31.000000,PROCEDURAL_HOLDOUT,NOT_USED,NOT_USED,NOT_USED,NOT_USED
58,251,2025-05-19T13:07:00.000000,DEVELOPMENT,TRAIN,TRAIN,TRAIN,TRAIN
59,252,2025-10-09T07:48:30.000000,DEVELOPMENT,VALIDATION,TRAIN,TRAIN,TRAIN
60,254,2025-05-04T17:05:46.000000,DEVELOPMENT,TRAIN,TRAIN,TRAIN,TRAIN
61,257,2025-10-25T15:06:53.000000,DEVELOPMENT,VALIDATION,TRAIN,TRAIN,TRAIN
62,261,2025-12-02T11:31:56.000000,DEVELOPMENT,NOT_USED,VALIDATION,TRAIN,TRAIN
63,263,2025-05-18T14:46:07.000000,DEVELOPMENT,TRAIN,TRAIN,TRAIN,TRAIN
64,266,2025-08-12T11:15:00.000000,DEVELOPMENT,TRAIN,TRAIN,TRAIN,TRAIN
65,267,2026-06-29T11:04:39.000000,PROCEDURAL_HOLDOUT,NOT_USED,NOT_USED,NOT_USED,NOT_USED
66,273,2025-09-25T09:02:04.000000,DEVELOPMENT,VALIDATION,TRAIN,TRAIN,TRAIN
67,274,2025-12-26T15:05:00.000000,DEVELOPMENT,NOT_USED,VALIDATION,TRAIN,TRAIN
68,281,2025-10-04T18:55:09.000000,DEVELOPMENT,VALIDATION,TRAIN,TRAIN,TRAIN
69,284,2025-12-20T13:49:59.000000,DEVELOPMENT,NOT_USED,VALIDATION,TRAIN,TRAIN
70,286,2026-05-18T15:35:00.000000,CALIBRATION,NOT_USED,NOT_USED,NOT_USED,NOT_USED
71,289,2025-11-17T17:28:07.000000,DEVELOPMENT,NOT_USED,VALIDATION,TRAIN,TRAIN
72,294,2025-10-06T17:53:13.000000,DEVELOPMENT,VALIDATION,TRAIN,TRAIN,TRAIN
73,299,2026-01-27T14:42:52.000000,DEVELOPMENT,NOT_USED,NOT_USED,VALIDATION,TRAIN
74,303,2026-04-10T17:15:37.000000,DEVELOPMENT,NOT_USED,NOT_USED,NOT_USED,VALIDATION
75,308,2025-02-13T11:32:07.000000,DEVELOPMENT,TRAIN,TRAIN,TRAIN,TRAIN
76,317,2025-01-21T09:57:15.000000,DEVELOPMENT,TRAIN,TRAIN,TRAIN,TRAIN
77,318,2025-09-30T17:05:05.000000,DEVELOPMENT,VALIDATION,TRAIN,TRAIN,TRAIN
78,323,2025-11-16T13:09:27.000000,DEVELOPMENT,NOT_USED,VALIDATION,TRAIN,TRAIN
79,333,2025-05-18T08:22:05.000000,DEVELOPMENT,TRAIN,TRAIN,TRAIN,TRAIN
80,335,2025-06-05T19:33:42.000000,DEVELOPMENT,TRAIN,TRAIN,TRAIN,TRAIN
81,338,2025-03-20T15:32:54.000000,DEVELOPMENT,TRAIN,TRAIN,TRAIN,TRAIN
82,344,2026-03-25T14:51:18.000000,DEVELOPMENT,NOT_USED,NOT_USED,NOT_USED,VALIDATION
83,345,2025-10-21T18:58:41.000000,DEVELOPMENT,VALIDATION,TRAIN,TRAIN,TRAIN
84,347,2026-02-24T17:41:43.000000,DEVELOPMENT,NOT_USED,NOT_USED,VALIDATION,TRAIN
85,352,2025-09-06T20:45:39.000000,DEVELOPMENT,VALIDATION,TRAIN,TRAIN,TRAIN
86,356,2025-05-04T16:22:15.000000,DEVELOPMENT,TRAIN,TRAIN,TRAIN,TRAIN
87,360,2025-09-06T14:17:38.000000,DEVELOPMENT,VALIDATION,TRAIN,TRAIN,TRAIN
88,362,2025-01-24T16:25:40.000000,DEVELOPMENT,TRAIN,TRAIN,TRAIN,TRAIN
89,368,2025-07-28T11:24:27.000000,DEVELOPMENT,TRAIN,TRAIN,TRAIN,TRAIN
90,373,2026-03-12T13:30:00.000000,DEVELOPMENT,NOT_USED,NOT_USED,NOT_USED,VALIDATION
91,375,2025-06-23T07:53:29.000000,DEVELOPMENT,TRAIN,TRAIN,TRAIN,TRAIN
92,381,2026-06-15T16:24:28.000000,PROCEDURAL_HOLDOUT,NOT_USED,NOT_USED,NOT_USED,NOT_USED
93,383,2026-01-23T09:48:00.000000,DEVELOPMENT,NOT_USED,NOT_USED,VALIDATION,TRAIN
94,386,2025-05-27T10:39:14.000000,DEVELOPMENT,TRAIN,TRAIN,TRAIN,TRAIN
95,391,2025-11-20T07:58:24.000000,DEVELOPMENT,NOT_USED,VALIDATION,TRAIN,TRAIN
96,399,2025-06-16T15:20:45.000000,DEVELOPMENT,TRAIN,TRAIN,TRAIN,TRAIN
97,404,2026-05-15T13:17:04.000000,CALIBRATION,NOT_USED,NOT_USED,NOT_USED,NOT_USED
98,412,2025-02-23T08:54:21.000000,DEVELOPMENT,TRAIN,TRAIN,TRAIN,TRAIN
99,413,2025-09-30T12:13:00.000000,DEVELOPMENT,VALIDATION,TRAIN,TRAIN,TRAIN
100,418,2025-06-30T18:16:36.000000,DEVELOPMENT,TRAIN,TRAIN,TRAIN,TRAIN
101,421,2025-10-26T12:39:00.000000,DEVELOPMENT,VALIDATION,TRAIN,TRAIN,TRAIN
102,422,2025-02-04T09:10:57.000000,DEVELOPMENT,TRAIN,TRAIN,TRAIN,TRAIN
103,427,2025-07-26T18:18:00.000000,DEVELOPMENT,TRAIN,TRAIN,TRAIN,TRAIN
104,430,2025-02-01T15:08:16.000000,DEVELOPMENT,TRAIN,TRAIN,TRAIN,TRAIN
105,437,2025-05-25T14:22:58.000000,DEVELOPMENT,TRAIN,TRAIN,TRAIN,TRAIN
106,442,2026-04-06T18:18:30.000000,DEVELOPMENT,NOT_USED,NOT_USED,NOT_USED,VALIDATION
107,445,2025-08-29T08:17:25.000000,DEVELOPMENT,TRAIN,TRAIN,TRAIN,TRAIN
108,450,2025-05-28T18:31:41.000000,DEVELOPMENT,TRAIN,TRAIN,TRAIN,TRAIN
109,455,2025-02-03T12:14:05.000000,DEVELOPMENT,TRAIN,TRAIN,TRAIN,TRAIN
110,456,2025-06-18T13:11:50.000000,DEVELOPMENT,TRAIN,TRAIN,TRAIN,TRAIN
111,460,2025-05-10T13:33:05.000000,DEVELOPMENT,TRAIN,TRAIN,TRAIN,TRAIN
112,468,2026-06-24T12:36:00.000000,PROCEDURAL_HOLDOUT,NOT_USED,NOT_USED,NOT_USED,NOT_USED
113,469,2026-05-30T08:33:43.000000,CALIBRATION,NOT_USED,NOT_USED,NOT_USED,NOT_USED
114,471,2025-01-28T17:19:09.000000,DEVELOPMENT,TRAIN,TRAIN,TRAIN,TRAIN
115,472,2025-09-07T20:20:43.000000,DEVELOPMENT,VALIDATION,TRAIN,TRAIN,TRAIN
116,481,2025-09-12T14:00:10.000000,DEVELOPMENT,VALIDATION,TRAIN,TRAIN,TRAIN
117,483,2025-01-31T09:06:29.000000,DEVELOPMENT,TRAIN,TRAIN,TRAIN,TRAIN
118,487,2025-05-30T18:21:01.000000,DEVELOPMENT,TRAIN,TRAIN,TRAIN,TRAIN
119,492,2025-01-28T12:49:00.000000,DEVELOPMENT,TRAIN,TRAIN,TRAIN,TRAIN
120,497,2026-01-28T18:57:16.000000,DEVELOPMENT,NOT_USED,NOT_USED,VALIDATION,TRAIN
121,500,2026-06-19T16:46:29.000000,PROCEDURAL_HOLDOUT,NOT_USED,NOT_USED,NOT_USED,NOT_USED
122,504,2025-01-29T19:27:45.000000,DEVELOPMENT,TRAIN,TRAIN,TRAIN,TRAIN
123,515,2026-03-05T08:01:41.000000,DEVELOPMENT,NOT_USED,NOT_USED,NOT_USED,VALIDATION
124,516,2026-03-10T09:04:00.000000,DEVELOPMENT,NOT_USED,NOT_USED,NOT_USED,VALIDATION
125,518,2025-06-04T16:09:33.000000,DEVELOPMENT,TRAIN,TRAIN,TRAIN,TRAIN
126,520,2025-12-19T08:21:49.000000,DEVELOPMENT,NOT_USED,VALIDATION,TRAIN,TRAIN
127,523,2025-07-08T11:55:16.000000,DEVELOPMENT,TRAIN,TRAIN,TRAIN,TRAIN
128,533,2026-07-02T08:15:19.000000,POST_HOLDOUT_AUDIT,NOT_USED,NOT_USED,NOT_USED,NOT_USED
129,536,2026-02-21T15:06:35.000000,DEVELOPMENT,NOT_USED,NOT_USED,VALIDATION,TRAIN
130,538,2025-05-24T18:23:44.000000,DEVELOPMENT,TRAIN,TRAIN,TRAIN,TRAIN
131,544,2025-12-19T09:54:38.000000,DEVELOPMENT,NOT_USED,VALIDATION,TRAIN,TRAIN
132,549,2026-05-19T17:52:00.000000,CALIBRATION,NOT_USED,NOT_USED,NOT_USED,NOT_USED
133,555,2026-01-01T14:19:08.000000,DEVELOPMENT,NOT_USED,NOT_USED,VALIDATION,TRAIN
134,558,2025-12-29T13:31:14.000000,DEVELOPMENT,NOT_USED,VALIDATION,TRAIN,TRAIN
135,567,2025-07-26T18:25:42.000000,DEVELOPMENT,TRAIN,TRAIN,TRAIN,TRAIN
136,572,2025-12-10T19:39:51.000000,DEVELOPMENT,NOT_USED,VALIDATION,TRAIN,TRAIN
137,577,2026-04-08T09:07:58.000000,DEVELOPMENT,NOT_USED,NOT_USED,NOT_USED,VALIDATION
138,584,2025-02-17T16:28:15.000000,DEVELOPMENT,TRAIN,TRAIN,TRAIN,TRAIN
139,586,2026-02-04T20:17:40.000000,DEVELOPMENT,NOT_USED,NOT_USED,VALIDATION,TRAIN
140,588,2025-05-02T09:44:07.000000,DEVELOPMENT,TRAIN,TRAIN,TRAIN,TRAIN
141,592,2026-02-01T12:34:07.000000,DEVELOPMENT,NOT_USED,NOT_USED,VALIDATION,TRAIN
142,601,2025-10-10T15:47:41.000000,DEVELOPMENT,VALIDATION,TRAIN,TRAIN,TRAIN
143,606,2025-04-23T15:50:54.000000,DEVELOPMENT,TRAIN,TRAIN,TRAIN,TRAIN
144,614,2026-07-01T15:22:29.000000,POST_HOLDOUT_AUDIT,NOT_USED,NOT_USED,NOT_USED,NOT_USED
145,616,2025-06-23T20:41:01.000000,DEVELOPMENT,TRAIN,TRAIN,TRAIN,TRAIN
146,624,2026-03-28T14:12:36.000000,DEVELOPMENT,NOT_USED,NOT_USED,NOT_USED,VALIDATION
147,626,2025-07-19T10:37:05.000000,DEVELOPMENT,TRAIN,TRAIN,TRAIN,TRAIN
148,630,2025-03-19T12:27:03.000000,DEVELOPMENT,TRAIN,TRAIN,TRAIN,TRAIN
149,636,2025-06-20T11:47:24.000000,DEVELOPMENT,TRAIN,TRAIN,TRAIN,TRAIN
150,644,2026-06-13T17:24:37.000000,PROCEDURAL_HOLDOUT,NOT_USED,NOT_USED,NOT_USED,NOT_USED
151,650,2025-06-12T18:11:00.000000,DEVELOPMENT,TRAIN,TRAIN,TRAIN,TRAIN
152,653,2026-03-31T11:50:39.000000,DEVELOPMENT,NOT_USED,NOT_USED,NOT_USED,VALIDATION
153,667,2026-01-04T14:08:15.000000,DEVELOPMENT,NOT_USED,NOT_USED,VALIDATION,TRAIN
154,672,2025-08-30T11:54:07.000000,DEVELOPMENT,TRAIN,TRAIN,TRAIN,TRAIN
155,675,2026-06-02T13:39:00.000000,PROCEDURAL_HOLDOUT,NOT_USED,NOT_USED,NOT_USED,NOT_USED
156,676,2025-11-26T09:02:28.000000,DEVELOPMENT,NOT_USED,VALIDATION,TRAIN,TRAIN
157,682,2025-10-31T08:22:53.000000,DEVELOPMENT,VALIDATION,TRAIN,TRAIN,TRAIN
158,693,2026-01-25T20:39:35.000000,DEVELOPMENT,NOT_USED,NOT_USED,VALIDATION,TRAIN
159,696,2025-12-05T13:33:57.000000,DEVELOPMENT,NOT_USED,VALIDATION,TRAIN,TRAIN
160,697,2025-10-16T15:58:00.000000,DEVELOPMENT,VALIDATION,TRAIN,TRAIN,TRAIN
161,700,2026-06-20T08:07:50.000000,PROCEDURAL_HOLDOUT,NOT_USED,NOT_USED,NOT_USED,NOT_USED
162,704,2026-06-29T15:03:40.000000,PROCEDURAL_HOLDOUT,NOT_USED,NOT_USED,NOT_USED,NOT_USED
163,707,2025-09-06T12:47:00.000000,DEVELOPMENT,VALIDATION,TRAIN,TRAIN,TRAIN
164,711,2025-01-05T17:49:32.000000,DEVELOPMENT,TRAIN,TRAIN,TRAIN,TRAIN
165,720,2026-01-07T14:53:48.000000,DEVELOPMENT,NOT_USED,NOT_USED,VALIDATION,TRAIN
166,724,2026-04-17T16:13:47.000000,DEVELOPMENT,NOT_USED,NOT_USED,NOT_USED,VALIDATION
167,729,2026-03-31T15:50:10.000000,DEVELOPMENT,NOT_USED,NOT_USED,NOT_USED,VALIDATION
168,730,2025-11-23T09:23:14.000000,DEVELOPMENT,NOT_USED,VALIDATION,TRAIN,TRAIN
169,737,2025-09-05T18:27:31.000000,DEVELOPMENT,VALIDATION,TRAIN,TRAIN,TRAIN
170,740,2026-05-15T10:38:34.000000,CALIBRATION,NOT_USED,NOT_USED,NOT_USED,NOT_USED
171,745,2025-06-19T09:10:26.000000,DEVELOPMENT,TRAIN,TRAIN,TRAIN,TRAIN
172,747,2026-05-01T12:54:17.000000,CALIBRATION,NOT_USED,NOT_USED,NOT_USED,NOT_USED
173,754,2025-11-01T10:38:53.000000,DEVELOPMENT,NOT_USED,VALIDATION,TRAIN,TRAIN
174,755,2025-10-25T18:08:18.000000,DEVELOPMENT,VALIDATION,TRAIN,TRAIN,TRAIN
175,761,2026-02-21T08:18:55.000000,DEVELOPMENT,NOT_USED,NOT_USED,VALIDATION,TRAIN
176,764,2025-11-19T11:15:02.000000,DEVELOPMENT,NOT_USED,VALIDATION,TRAIN,TRAIN
177,766,2026-04-23T11:11:46.000000,DEVELOPMENT,NOT_USED,NOT_USED,NOT_USED,VALIDATION
178,770,2026-04-22T19:02:16.000000,DEVELOPMENT,NOT_USED,NOT_USED,NOT_USED,VALIDATION
179,774,2025-12-31T17:16:12.000000,DEVELOPMENT,NOT_USED,VALIDATION,TRAIN,TRAIN
180,778,2025-07-18T19:13:32.000000,DEVELOPMENT,TRAIN,TRAIN,TRAIN,TRAIN
181,782,2025-12-19T08:24:30.000000,DEVELOPMENT,NOT_USED,VALIDATION,TRAIN,TRAIN
182,787,2026-06-22T16:15:07.000000,PROCEDURAL_HOLDOUT,NOT_USED,NOT_USED,NOT_USED,NOT_USED
183,790,2026-05-13T18:11:41.000000,CALIBRATION,NOT_USED,NOT_USED,NOT_USED,NOT_USED
184,792,2026-05-01T10:38:01.000000,CALIBRATION,NOT_USED,NOT_USED,NOT_USED,NOT_USED
185,797,2025-10-18T08:57:47.000000,DEVELOPMENT,VALIDATION,TRAIN,TRAIN,TRAIN
186,804,2026-06-09T11:45:01.000000,PROCEDURAL_HOLDOUT,NOT_USED,NOT_USED,NOT_USED,NOT_USED
187,809,2025-09-16T18:15:00.000000,DEVELOPMENT,VALIDATION,TRAIN,TRAIN,TRAIN
188,816,2026-02-11T19:47:17.000000,DEVELOPMENT,NOT_USED,NOT_USED,VALIDATION,TRAIN
189,818,2025-04-24T16:09:11.000000,DEVELOPMENT,TRAIN,TRAIN,TRAIN,TRAIN
190,824,2025-06-12T13:15:00.000000,DEVELOPMENT,TRAIN,TRAIN,TRAIN,TRAIN
191,829,2025-04-20T20:49:00.000000,DEVELOPMENT,TRAIN,TRAIN,TRAIN,TRAIN
192,834,2025-07-27T11:07:28.000000,DEVELOPMENT,TRAIN,TRAIN,TRAIN,TRAIN
193,837,2025-07-31T16:56:11.000000,DEVELOPMENT,TRAIN,TRAIN,TRAIN,TRAIN
194,841,2025-05-20T12:19:15.000000,DEVELOPMENT,TRAIN,TRAIN,TRAIN,TRAIN
195,847,2025-01-17T18:22:38.000000,DEVELOPMENT,TRAIN,TRAIN,TRAIN,TRAIN
196,850,2025-07-19T15:00:29.000000,DEVELOPMENT,TRAIN,TRAIN,TRAIN,TRAIN
197,853,2025-12-18T19:55:06.000000,DEVELOPMENT,NOT_USED,VALIDATION,TRAIN,TRAIN
198,859,2026-04-12T20:21:35.000000,DEVELOPMENT,NOT_USED,NOT_USED,NOT_USED,VALIDATION
199,864,2026-04-27T13:45:24.000000,DEVELOPMENT,NOT_USED,NOT_USED,NOT_USED,VALIDATION
200,866,2025-07-31T18:29:14.000000,DEVELOPMENT,TRAIN,TRAIN,TRAIN,TRAIN
201,868,2025-12-25T16:36:34.000000,DEVELOPMENT,NOT_USED,VALIDATION,TRAIN,TRAIN
202,877,2025-02-19T12:42:27.000000,DEVELOPMENT,TRAIN,TRAIN,TRAIN,TRAIN
203,879,2026-06-22T07:13:28.000000,PROCEDURAL_HOLDOUT,NOT_USED,NOT_USED,NOT_USED,NOT_USED
204,883,2025-10-04T13:22:00.000000,DEVELOPMENT,VALIDATION,TRAIN,TRAIN,TRAIN
205,884,2026-05-21T11:29:41.000000,CALIBRATION,NOT_USED,NOT_USED,NOT_USED,NOT_USED
206,891,2025-09-04T15:52:59.000000,DEVELOPMENT,VALIDATION,TRAIN,TRAIN,TRAIN
207,893,2025-12-03T09:16:31.000000,DEVELOPMENT,NOT_USED,VALIDATION,TRAIN,TRAIN
208,894,2025-10-14T18:07:12.000000,DEVELOPMENT,VALIDATION,TRAIN,TRAIN,TRAIN
209,903,2025-03-13T15:33:01.000000,DEVELOPMENT,TRAIN,TRAIN,TRAIN,TRAIN
210,907,2025-06-16T09:05:56.000000,DEVELOPMENT,TRAIN,TRAIN,TRAIN,TRAIN
211,911,2025-04-28T08:18:32.000000,DEVELOPMENT,TRAIN,TRAIN,TRAIN,TRAIN
212,914,2026-01-17T19:14:01.000000,DEVELOPMENT,NOT_USED,NOT_USED,VALIDATION,TRAIN
213,920,2025-07-16T20:06:44.000000,DEVELOPMENT,TRAIN,TRAIN,TRAIN,TRAIN
214,924,2026-04-20T14:11:40.000000,DEVELOPMENT,NOT_USED,NOT_USED,NOT_USED,VALIDATION
215,925,2026-04-15T18:12:00.000000,DEVELOPMENT,NOT_USED,NOT_USED,NOT_USED,VALIDATION
216,933,2025-10-14T17:23:19.000000,DEVELOPMENT,VALIDATION,TRAIN,TRAIN,TRAIN
217,934,2025-08-17T09:12:36.000000,DEVELOPMENT,TRAIN,TRAIN,TRAIN,TRAIN
218,940,2025-08-14T10:36:00.000000,DEVELOPMENT,TRAIN,TRAIN,TRAIN,TRAIN
219,946,2026-07-01T09:57:06.000000,POST_HOLDOUT_AUDIT,NOT_USED,NOT_USED,NOT_USED,NOT_USED
220,950,2025-12-15T18:08:18.000000,DEVELOPMENT,NOT_USED,VALIDATION,TRAIN,TRAIN
221,951,2026-07-04T13:17:56.000000,POST_HOLDOUT_AUDIT,NOT_USED,NOT_USED,NOT_USED,NOT_USED
222,960,2025-02-11T12:23:26.000000,DEVELOPMENT,TRAIN,TRAIN,TRAIN,TRAIN
223,961,2026-04-13T20:24:00.000000,DEVELOPMENT,NOT_USED,NOT_USED,NOT_USED,VALIDATION
224,963,2026-03-08T20:00:22.000000,DEVELOPMENT,NOT_USED,NOT_USED,NOT_USED,VALIDATION
225,967,2025-12-07T11:53:52.000000,DEVELOPMENT,NOT_USED,VALIDATION,TRAIN,TRAIN
226,969,2025-03-14T16:11:44.000000,DEVELOPMENT,TRAIN,TRAIN,TRAIN,TRAIN
227,971,2026-04-12T09:11:19.000000,DEVELOPMENT,NOT_USED,NOT_USED,NOT_USED,VALIDATION
228,973,2025-10-14T17:18:16.000000,DEVELOPMENT,VALIDATION,TRAIN,TRAIN,TRAIN
229,978,2026-06-10T10:06:12.000000,PROCEDURAL_HOLDOUT,NOT_USED,NOT_USED,NOT_USED,NOT_USED
230,987,2025-02-06T08:36:47.000000,DEVELOPMENT,TRAIN,TRAIN,TRAIN,TRAIN
231,995,2026-04-11T16:02:04.000000,DEVELOPMENT,NOT_USED,NOT_USED,NOT_USED,VALIDATION
232,997,2025-06-27T08:51:03.000000,DEVELOPMENT,TRAIN,TRAIN,TRAIN,TRAIN
233,999,2025-12-22T16:09:13.000000,DEVELOPMENT,NOT_USED,VALIDATION,TRAIN,TRAIN
234,1002,2025-09-12T16:45:15.000000,DEVELOPMENT,VALIDATION,TRAIN,TRAIN,TRAIN
235,1009,2025-09-23T12:35:33.000000,DEVELOPMENT,VALIDATION,TRAIN,TRAIN,TRAIN
236,1016,2025-02-10T17:30:30.000000,DEVELOPMENT,TRAIN,TRAIN,TRAIN,TRAIN
237,1019,2025-07-25T10:42:13.000000,DEVELOPMENT,TRAIN,TRAIN,TRAIN,TRAIN
238,1031,2025-01-27T09:30:23.000000,DEVELOPMENT,TRAIN,TRAIN,TRAIN,TRAIN
239,1035,2025-09-02T12:00:09.000000,DEVELOPMENT,VALIDATION,TRAIN,TRAIN,TRAIN
240,1048,2026-05-04T07:31:18.000000,CALIBRATION,NOT_USED,NOT_USED,NOT_USED,NOT_USED
241,1049,2025-04-07T14:07:02.000000,DEVELOPMENT,TRAIN,TRAIN,TRAIN,TRAIN
242,1054,2025-02-07T19:38:32.000000,DEVELOPMENT,TRAIN,TRAIN,TRAIN,TRAIN
243,1058,2025-05-27T16:33:51.000000,DEVELOPMENT,TRAIN,TRAIN,TRAIN,TRAIN
244,1063,2025-07-10T19:31:50.000000,DEVELOPMENT,TRAIN,TRAIN,TRAIN,TRAIN
245,1064,2026-03-02T07:50:33.000000,DEVELOPMENT,NOT_USED,NOT_USED,NOT_USED,VALIDATION
246,1070,2025-03-14T16:38:04.000000,DEVELOPMENT,TRAIN,TRAIN,TRAIN,TRAIN
247,1076,2025-12-16T15:29:53.000000,DEVELOPMENT,NOT_USED,VALIDATION,TRAIN,TRAIN
248,1078,2025-03-27T20:10:20.000000,DEVELOPMENT,TRAIN,TRAIN,TRAIN,TRAIN
249,1081,2025-06-22T13:21:13.000000,DEVELOPMENT,TRAIN,TRAIN,TRAIN,TRAIN
250,1082,2025-09-23T14:28:00.000000,DEVELOPMENT,VALIDATION,TRAIN,TRAIN,TRAIN
251,1085,2025-10-09T17:37:40.000000,DEVELOPMENT,VALIDATION,TRAIN,TRAIN,TRAIN
252,1089,2025-04-01T15:25:22.000000,DEVELOPMENT,TRAIN,TRAIN,TRAIN,TRAIN
253,1091,2025-07-27T07:45:22.000000,DEVELOPMENT,TRAIN,TRAIN,TRAIN,TRAIN
254,1094,2025-06-24T10:08:01.000000,DEVELOPMENT,TRAIN,TRAIN,TRAIN,TRAIN
255,1098,2025-05-21T17:05:22.000000,DEVELOPMENT,TRAIN,TRAIN,TRAIN,TRAIN
256,1101,2025-11-11T20:36:14.000000,DEVELOPMENT,NOT_USED,VALIDATION,TRAIN,TRAIN
257,1104,2025-03-03T11:24:31.000000,DEVELOPMENT,TRAIN,TRAIN,TRAIN,TRAIN
258,1109,2026-06-26T18:49:58.000000,PROCEDURAL_HOLDOUT,NOT_USED,NOT_USED,NOT_USED,NOT_USED
259,1110,2025-10-17T17:32:58.000000,DEVELOPMENT,VALIDATION,TRAIN,TRAIN,TRAIN
260,1119,2026-04-29T13:23:42.000000,DEVELOPMENT,NOT_USED,NOT_USED,NOT_USED,VALIDATION
261,1122,2025-12-12T10:05:53.000000,DEVELOPMENT,NOT_USED,VALIDATION,TRAIN,TRAIN
262,1124,2026-01-21T08:48:38.000000,DEVELOPMENT,NOT_USED,NOT_USED,VALIDATION,TRAIN
263,1126,2025-09-25T08:53:00.000000,DEVELOPMENT,VALIDATION,TRAIN,TRAIN,TRAIN
264,1130,2026-04-22T15:12:11.000000,DEVELOPMENT,NOT_USED,NOT_USED,NOT_USED,VALIDATION
265,1137,2025-01-29T12:36:49.000000,DEVELOPMENT,TRAIN,TRAIN,TRAIN,TRAIN
266,1144,2025-05-12T08:37:38.000000,DEVELOPMENT,TRAIN,TRAIN,TRAIN,TRAIN
267,1149,2025-04-17T16:09:14.000000,DEVELOPMENT,TRAIN,TRAIN,TRAIN,TRAIN
268,1155,2026-04-20T09:02:10.000000,DEVELOPMENT,NOT_USED,NOT_USED,NOT_USED,VALIDATION
269,1157,2026-02-13T18:58:32.000000,DEVELOPMENT,NOT_USED,NOT_USED,VALIDATION,TRAIN
270,1161,2025-06-21T08:20:16.000000,DEVELOPMENT,TRAIN,TRAIN,TRAIN,TRAIN
271,1164,2026-02-09T07:10:05.000000,DEVELOPMENT,NOT_USED,NOT_USED,VALIDATION,TRAIN
272,1171,2025-05-15T14:06:59.000000,DEVELOPMENT,TRAIN,TRAIN,TRAIN,TRAIN
273,1177,2025-08-16T14:36:54.000000,DEVELOPMENT,TRAIN,TRAIN,TRAIN,TRAIN
274,1181,2025-09-27T11:26:24.000000,DEVELOPMENT,VALIDATION,TRAIN,TRAIN,TRAIN
275,1186,2026-07-02T15:13:47.000000,POST_HOLDOUT_AUDIT,NOT_USED,NOT_USED,NOT_USED,NOT_USED
276,1192,2026-05-08T20:58:00.000000,CALIBRATION,NOT_USED,NOT_USED,NOT_USED,NOT_USED
277,1199,2025-10-07T09:05:05.000000,DEVELOPMENT,VALIDATION,TRAIN,TRAIN,TRAIN
278,1201,2025-11-06T08:25:00.000000,DEVELOPMENT,NOT_USED,VALIDATION,TRAIN,TRAIN
279,1208,2025-12-30T10:40:37.000000,DEVELOPMENT,NOT_USED,VALIDATION,TRAIN,TRAIN
280,1213,2025-07-31T19:45:53.000000,DEVELOPMENT,TRAIN,TRAIN,TRAIN,TRAIN
281,1218,2025-11-01T07:20:27.000000,DEVELOPMENT,NOT_USED,VALIDATION,TRAIN,TRAIN
282,1220,2025-07-03T10:25:00.000000,DEVELOPMENT,TRAIN,TRAIN,TRAIN,TRAIN
283,1222,2026-05-27T11:12:23.000000,CALIBRATION,NOT_USED,NOT_USED,NOT_USED,NOT_USED
284,1225,2026-05-11T10:58:03.000000,CALIBRATION,NOT_USED,NOT_USED,NOT_USED,NOT_USED
285,1230,2025-03-24T19:33:22.000000,DEVELOPMENT,TRAIN,TRAIN,TRAIN,TRAIN
286,1234,2025-04-20T18:14:13.000000,DEVELOPMENT,TRAIN,TRAIN,TRAIN,TRAIN
287,1243,2025-02-03T11:25:11.000000,DEVELOPMENT,TRAIN,TRAIN,TRAIN,TRAIN
288,1246,2025-12-22T15:32:54.000000,DEVELOPMENT,NOT_USED,VALIDATION,TRAIN,TRAIN
289,1251,2026-01-07T19:47:00.000000,DEVELOPMENT,NOT_USED,NOT_USED,VALIDATION,TRAIN
290,1253,2025-12-07T20:37:21.000000,DEVELOPMENT,NOT_USED,VALIDATION,TRAIN,TRAIN
291,1257,2025-12-24T08:14:44.000000,DEVELOPMENT,NOT_USED,VALIDATION,TRAIN,TRAIN
292,1261,2025-09-10T19:55:48.000000,DEVELOPMENT,VALIDATION,TRAIN,TRAIN,TRAIN
293,1271,2026-04-03T07:27:04.000000,DEVELOPMENT,NOT_USED,NOT_USED,NOT_USED,VALIDATION
294,1275,2025-05-02T19:29:39.000000,DEVELOPMENT,TRAIN,TRAIN,TRAIN,TRAIN
295,1277,2025-09-27T15:47:04.000000,DEVELOPMENT,VALIDATION,TRAIN,TRAIN,TRAIN
296,1279,2025-05-24T11:21:42.000000,DEVELOPMENT,TRAIN,TRAIN,TRAIN,TRAIN
297,1286,2025-07-30T14:30:00.000000,DEVELOPMENT,TRAIN,TRAIN,TRAIN,TRAIN
298,1288,2025-06-20T09:24:27.000000,DEVELOPMENT,TRAIN,TRAIN,TRAIN,TRAIN
299,1295,2025-07-26T08:02:53.000000,DEVELOPMENT,TRAIN,TRAIN,TRAIN,TRAIN
300,1302,2025-09-20T14:45:00.000000,DEVELOPMENT,VALIDATION,TRAIN,TRAIN,TRAIN
301,1307,2026-03-04T10:35:08.000000,DEVELOPMENT,NOT_USED,NOT_USED,NOT_USED,VALIDATION
302,1312,2025-02-16T16:05:19.000000,DEVELOPMENT,TRAIN,TRAIN,TRAIN,TRAIN
303,1315,2025-06-11T07:28:47.000000,DEVELOPMENT,TRAIN,TRAIN,TRAIN,TRAIN
304,1322,2025-07-27T15:37:12.000000,DEVELOPMENT,TRAIN,TRAIN,TRAIN,TRAIN
305,1333,2026-04-20T14:58:43.000000,DEVELOPMENT,NOT_USED,NOT_USED,NOT_USED,VALIDATION
306,1335,2025-12-09T15:30:48.000000,DEVELOPMENT,NOT_USED,VALIDATION,TRAIN,TRAIN
307,1343,2025-03-09T20:50:46.000000,DEVELOPMENT,TRAIN,TRAIN,TRAIN,TRAIN
308,1347,2025-10-24T19:44:34.000000,DEVELOPMENT,VALIDATION,TRAIN,TRAIN,TRAIN
309,1353,2025-08-25T10:41:20.000000,DEVELOPMENT,TRAIN,TRAIN,TRAIN,TRAIN
310,1356,2025-05-25T15:24:54.000000,DEVELOPMENT,TRAIN,TRAIN,TRAIN,TRAIN
311,1361,2026-01-23T15:05:11.000000,DEVELOPMENT,NOT_USED,NOT_USED,VALIDATION,TRAIN
312,1362,2025-02-04T13:01:02.000000,DEVELOPMENT,TRAIN,TRAIN,TRAIN,TRAIN
313,1367,2025-09-27T07:26:00.000000,DEVELOPMENT,VALIDATION,TRAIN,TRAIN,TRAIN
314,1373,2026-03-30T08:40:10.000000,DEVELOPMENT,NOT_USED,NOT_USED,NOT_USED,VALIDATION
315,1380,2025-12-30T13:37:07.000000,DEVELOPMENT,NOT_USED,VALIDATION,TRAIN,TRAIN
316,1387,2025-07-03T20:58:00.000000,DEVELOPMENT,TRAIN,TRAIN,TRAIN,TRAIN
317,1389,2026-06-30T17:38:15.000000,PROCEDURAL_HOLDOUT,NOT_USED,NOT_USED,NOT_USED,NOT_USED
318,1391,2026-03-03T15:40:05.000000,DEVELOPMENT,NOT_USED,NOT_USED,NOT_USED,VALIDATION
319,1394,2025-01-25T18:50:45.000000,DEVELOPMENT,TRAIN,TRAIN,TRAIN,TRAIN
320,1403,2026-05-02T16:31:39.000000,CALIBRATION,NOT_USED,NOT_USED,NOT_USED,NOT_USED
321,1407,2025-01-24T20:53:59.000000,DEVELOPMENT,TRAIN,TRAIN,TRAIN,TRAIN
322,1414,2025-10-02T10:42:00.000000,DEVELOPMENT,VALIDATION,TRAIN,TRAIN,TRAIN
323,1416,2025-11-28T19:00:36.000000,DEVELOPMENT,NOT_USED,VALIDATION,TRAIN,TRAIN
324,1424,2025-06-02T19:43:18.000000,DEVELOPMENT,TRAIN,TRAIN,TRAIN,TRAIN
325,1425,2026-06-05T16:17:33.000000,PROCEDURAL_HOLDOUT,NOT_USED,NOT_USED,NOT_USED,NOT_USED
326,1431,2026-03-07T14:13:39.000000,DEVELOPMENT,NOT_USED,NOT_USED,NOT_USED,VALIDATION
327,1438,2025-09-29T07:11:06.000000,DEVELOPMENT,VALIDATION,TRAIN,TRAIN,TRAIN
328,1443,2025-09-10T14:30:25.000000,DEVELOPMENT,VALIDATION,TRAIN,TRAIN,TRAIN
329,1446,2025-09-17T11:00:00.000000,DEVELOPMENT,VALIDATION,TRAIN,TRAIN,TRAIN
330,1454,2025-09-08T17:01:54.000000,DEVELOPMENT,VALIDATION,TRAIN,TRAIN,TRAIN
331,1458,2025-05-06T16:24:16.000000,DEVELOPMENT,TRAIN,TRAIN,TRAIN,TRAIN
332,1463,2025-12-23T15:38:49.000000,DEVELOPMENT,NOT_USED,VALIDATION,TRAIN,TRAIN
333,1469,2025-07-18T18:27:20.000000,DEVELOPMENT,TRAIN,TRAIN,TRAIN,TRAIN
334,1473,2026-02-24T09:45:37.000000,DEVELOPMENT,NOT_USED,NOT_USED,VALIDATION,TRAIN
335,1484,2025-01-08T14:34:20.000000,DEVELOPMENT,TRAIN,TRAIN,TRAIN,TRAIN
336,1485,2025-04-18T12:07:52.000000,DEVELOPMENT,TRAIN,TRAIN,TRAIN,TRAIN
337,1488,2025-10-25T15:01:54.000000,DEVELOPMENT,VALIDATION,TRAIN,TRAIN,TRAIN
338,1495,2025-06-08T09:44:51.000000,DEVELOPMENT,TRAIN,TRAIN,TRAIN,TRAIN
339,1498,2026-03-22T11:48:23.000000,DEVELOPMENT,NOT_USED,NOT_USED,NOT_USED,VALIDATION
340,1500,2025-12-26T16:22:00.000000,DEVELOPMENT,NOT_USED,VALIDATION,TRAIN,TRAIN
341,1504,2026-03-12T18:34:06.000000,DEVELOPMENT,NOT_USED,NOT_USED,NOT_USED,VALIDATION
342,1505,2026-02-20T11:32:58.000000,DEVELOPMENT,NOT_USED,NOT_USED,VALIDATION,TRAIN
343,1507,2025-09-11T14:20:33.000000,DEVELOPMENT,VALIDATION,TRAIN,TRAIN,TRAIN
344,1511,2025-02-25T08:34:38.000000,DEVELOPMENT,TRAIN,TRAIN,TRAIN,TRAIN
345,1516,2025-08-27T19:44:55.000000,DEVELOPMENT,TRAIN,TRAIN,TRAIN,TRAIN
346,1517,2025-07-26T11:52:00.000000,DEVELOPMENT,TRAIN,TRAIN,TRAIN,TRAIN
347,1518,2026-01-07T11:38:39.000000,DEVELOPMENT,NOT_USED,NOT_USED,VALIDATION,TRAIN
348,1522,2026-06-08T10:06:56.000000,PROCEDURAL_HOLDOUT,NOT_USED,NOT_USED,NOT_USED,NOT_USED
349,1526,2026-06-01T20:05:29.000000,PROCEDURAL_HOLDOUT,NOT_USED,NOT_USED,NOT_USED,NOT_USED
350,1532,2026-02-15T18:26:46.000000,DEVELOPMENT,NOT_USED,NOT_USED,VALIDATION,TRAIN
351,1535,2026-02-12T08:04:46.000000,DEVELOPMENT,NOT_USED,NOT_USED,VALIDATION,TRAIN
352,1540,2026-06-24T18:16:50.000000,PROCEDURAL_HOLDOUT,NOT_USED,NOT_USED,NOT_USED,NOT_USED
353,1547,2025-10-01T07:07:23.000000,DEVELOPMENT,VALIDATION,TRAIN,TRAIN,TRAIN
354,1549,2025-01-07T18:53:15.000000,DEVELOPMENT,TRAIN,TRAIN,TRAIN,TRAIN
355,1553,2026-05-15T10:50:10.000000,CALIBRATION,NOT_USED,NOT_USED,NOT_USED,NOT_USED
356,1559,2025-11-12T08:41:25.000000,DEVELOPMENT,NOT_USED,VALIDATION,TRAIN,TRAIN
357,1562,2026-06-28T07:47:47.000000,PROCEDURAL_HOLDOUT,NOT_USED,NOT_USED,NOT_USED,NOT_USED
358,1566,2026-03-27T07:23:16.000000,DEVELOPMENT,NOT_USED,NOT_USED,NOT_USED,VALIDATION
359,1569,2026-01-29T16:50:06.000000,DEVELOPMENT,NOT_USED,NOT_USED,VALIDATION,TRAIN
360,1575,2025-09-29T16:03:00.000000,DEVELOPMENT,VALIDATION,TRAIN,TRAIN,TRAIN
361,1576,2026-05-17T09:45:00.000000,CALIBRATION,NOT_USED,NOT_USED,NOT_USED,NOT_USED
362,1580,2026-05-15T20:21:01.000000,CALIBRATION,NOT_USED,NOT_USED,NOT_USED,NOT_USED
363,1586,2026-05-29T17:08:57.000000,CALIBRATION,NOT_USED,NOT_USED,NOT_USED,NOT_USED
364,1594,2025-10-22T15:51:32.000000,DEVELOPMENT,VALIDATION,TRAIN,TRAIN,TRAIN
365,1603,2025-11-07T17:37:45.000000,DEVELOPMENT,NOT_USED,VALIDATION,TRAIN,TRAIN
366,1610,2026-01-13T09:15:11.000000,DEVELOPMENT,NOT_USED,NOT_USED,VALIDATION,TRAIN
367,1611,2025-06-21T11:18:39.000000,DEVELOPMENT,TRAIN,TRAIN,TRAIN,TRAIN
368,1618,2025-03-29T13:16:30.000000,DEVELOPMENT,TRAIN,TRAIN,TRAIN,TRAIN
369,1620,2026-02-05T14:45:22.000000,DEVELOPMENT,NOT_USED,NOT_USED,VALIDATION,TRAIN
370,1622,2025-08-24T16:41:42.000000,DEVELOPMENT,TRAIN,TRAIN,TRAIN,TRAIN
371,1625,2025-04-08T11:33:40.000000,DEVELOPMENT,TRAIN,TRAIN,TRAIN,TRAIN
372,1634,2026-06-04T13:16:09.000000,PROCEDURAL_HOLDOUT,NOT_USED,NOT_USED,NOT_USED,NOT_USED
373,1637,2025-07-06T11:25:37.000000,DEVELOPMENT,TRAIN,TRAIN,TRAIN,TRAIN
374,1641,2025-12-13T11:16:57.000000,DEVELOPMENT,NOT_USED,VALIDATION,TRAIN,TRAIN
375,1645,2025-08-06T10:00:37.000000,DEVELOPMENT,TRAIN,TRAIN,TRAIN,TRAIN
376,1650,2025-08-02T19:12:04.000000,DEVELOPMENT,TRAIN,TRAIN,TRAIN,TRAIN
377,1655,2026-04-08T12:28:01.000000,DEVELOPMENT,NOT_USED,NOT_USED,NOT_USED,VALIDATION
378,1662,2026-03-30T10:27:39.000000,DEVELOPMENT,NOT_USED,NOT_USED,NOT_USED,VALIDATION
379,1666,2025-12-24T12:49:00.000000,DEVELOPMENT,NOT_USED,VALIDATION,TRAIN,TRAIN
380,1668,2025-10-08T16:58:13.000000,DEVELOPMENT,VALIDATION,TRAIN,TRAIN,TRAIN
381,1670,2025-12-08T19:15:36.000000,DEVELOPMENT,NOT_USED,VALIDATION,TRAIN,TRAIN
382,1672,2025-03-07T11:16:41.000000,DEVELOPMENT,TRAIN,TRAIN,TRAIN,TRAIN
383,1675,2026-04-17T16:43:32.000000,DEVELOPMENT,NOT_USED,NOT_USED,NOT_USED,VALIDATION
384,1684,2025-11-02T12:24:21.000000,DEVELOPMENT,NOT_USED,VALIDATION,TRAIN,TRAIN
385,1686,2025-03-23T08:51:06.000000,DEVELOPMENT,TRAIN,TRAIN,TRAIN,TRAIN
386,1692,2026-01-12T10:33:25.000000,DEVELOPMENT,NOT_USED,NOT_USED,VALIDATION,TRAIN
387,1693,2026-01-09T12:36:30.000000,DEVELOPMENT,NOT_USED,NOT_USED,VALIDATION,TRAIN
388,1698,2025-12-10T17:13:09.000000,DEVELOPMENT,NOT_USED,VALIDATION,TRAIN,TRAIN
389,1700,2026-01-05T09:30:34.000000,DEVELOPMENT,NOT_USED,NOT_USED,VALIDATION,TRAIN
390,1709,2026-04-08T12:11:18.000000,DEVELOPMENT,NOT_USED,NOT_USED,NOT_USED,VALIDATION
391,1713,2025-10-30T14:28:54.000000,DEVELOPMENT,VALIDATION,TRAIN,TRAIN,TRAIN
392,1716,2025-03-03T11:58:54.000000,DEVELOPMENT,TRAIN,TRAIN,TRAIN,TRAIN
393,1719,2026-05-13T09:49:16.000000,CALIBRATION,NOT_USED,NOT_USED,NOT_USED,NOT_USED
394,1724,2025-09-10T09:10:46.000000,DEVELOPMENT,VALIDATION,TRAIN,TRAIN,TRAIN
395,1727,2025-10-19T17:12:43.000000,DEVELOPMENT,VALIDATION,TRAIN,TRAIN,TRAIN
396,1731,2025-06-06T17:01:23.000000,DEVELOPMENT,TRAIN,TRAIN,TRAIN,TRAIN
397,1740,2025-03-31T09:41:11.000000,DEVELOPMENT,TRAIN,TRAIN,TRAIN,TRAIN
398,1746,2026-05-21T07:11:05.000000,CALIBRATION,NOT_USED,NOT_USED,NOT_USED,NOT_USED
399,1758,2026-01-05T16:32:04.000000,DEVELOPMENT,NOT_USED,NOT_USED,VALIDATION,TRAIN
400,1762,2025-08-25T09:02:47.000000,DEVELOPMENT,TRAIN,TRAIN,TRAIN,TRAIN
401,1767,2025-08-28T18:36:39.000000,DEVELOPMENT,TRAIN,TRAIN,TRAIN,TRAIN
402,1769,2025-12-03T12:05:00.000000,DEVELOPMENT,NOT_USED,VALIDATION,TRAIN,TRAIN
403,1770,2026-07-06T08:15:06.000000,POST_HOLDOUT_AUDIT,NOT_USED,NOT_USED,NOT_USED,NOT_USED
404,1774,2025-08-12T16:20:00.000000,DEVELOPMENT,TRAIN,TRAIN,TRAIN,TRAIN
405,1777,2026-03-23T12:56:29.000000,DEVELOPMENT,NOT_USED,NOT_USED,NOT_USED,VALIDATION
406,1779,2025-01-12T10:13:17.000000,DEVELOPMENT,TRAIN,TRAIN,TRAIN,TRAIN
407,1781,2025-03-19T15:07:12.000000,DEVELOPMENT,TRAIN,TRAIN,TRAIN,TRAIN
408,1783,2025-05-08T17:25:24.000000,DEVELOPMENT,TRAIN,TRAIN,TRAIN,TRAIN
409,1792,2025-07-24T16:34:35.000000,DEVELOPMENT,TRAIN,TRAIN,TRAIN,TRAIN
410,1802,2025-09-20T16:54:29.000000,DEVELOPMENT,VALIDATION,TRAIN,TRAIN,TRAIN
411,1807,2025-03-27T07:06:16.000000,DEVELOPMENT,TRAIN,TRAIN,TRAIN,TRAIN
412,1811,2025-07-07T11:18:04.000000,DEVELOPMENT,TRAIN,TRAIN,TRAIN,TRAIN
413,1814,2026-05-09T13:08:36.000000,CALIBRATION,NOT_USED,NOT_USED,NOT_USED,NOT_USED
414,1816,2025-05-22T13:25:43.000000,DEVELOPMENT,TRAIN,TRAIN,TRAIN,TRAIN
415,1826,2025-01-25T09:43:13.000000,DEVELOPMENT,TRAIN,TRAIN,TRAIN,TRAIN
416,1833,2025-03-17T15:33:22.000000,DEVELOPMENT,TRAIN,TRAIN,TRAIN,TRAIN
417,1836,2025-08-14T08:08:12.000000,DEVELOPMENT,TRAIN,TRAIN,TRAIN,TRAIN
418,1840,2026-05-18T09:01:44.000000,CALIBRATION,NOT_USED,NOT_USED,NOT_USED,NOT_USED
419,1847,2025-04-23T17:02:36.000000,DEVELOPMENT,TRAIN,TRAIN,TRAIN,TRAIN
420,1850,2025-11-21T13:36:05.000000,DEVELOPMENT,NOT_USED,VALIDATION,TRAIN,TRAIN
421,1853,2025-09-08T12:31:37.000000,DEVELOPMENT,VALIDATION,TRAIN,TRAIN,TRAIN
422,1856,2025-12-22T15:29:04.000000,DEVELOPMENT,NOT_USED,VALIDATION,TRAIN,TRAIN
423,1857,2026-03-09T15:44:42.000000,DEVELOPMENT,NOT_USED,NOT_USED,NOT_USED,VALIDATION
424,1864,2025-02-10T07:18:15.000000,DEVELOPMENT,TRAIN,TRAIN,TRAIN,TRAIN
425,1871,2025-03-25T07:23:00.000000,DEVELOPMENT,TRAIN,TRAIN,TRAIN,TRAIN
426,1878,2026-04-23T15:42:11.000000,DEVELOPMENT,NOT_USED,NOT_USED,NOT_USED,VALIDATION
427,1883,2025-05-24T16:52:15.000000,DEVELOPMENT,TRAIN,TRAIN,TRAIN,TRAIN
428,1887,2025-11-23T18:04:00.000000,DEVELOPMENT,NOT_USED,VALIDATION,TRAIN,TRAIN
429,1890,2026-04-04T11:53:48.000000,DEVELOPMENT,NOT_USED,NOT_USED,NOT_USED,VALIDATION
430,1893,2026-05-14T19:24:17.000000,CALIBRATION,NOT_USED,NOT_USED,NOT_USED,NOT_USED
431,1895,2025-06-09T12:54:29.000000,DEVELOPMENT,TRAIN,TRAIN,TRAIN,TRAIN
432,1901,2026-06-03T13:33:05.000000,PROCEDURAL_HOLDOUT,NOT_USED,NOT_USED,NOT_USED,NOT_USED
433,1905,2025-06-22T14:03:43.000000,DEVELOPMENT,TRAIN,TRAIN,TRAIN,TRAIN
434,1913,2025-11-28T20:48:52.000000,DEVELOPMENT,NOT_USED,VALIDATION,TRAIN,TRAIN
435,1916,2025-06-17T17:03:24.000000,DEVELOPMENT,TRAIN,TRAIN,TRAIN,TRAIN
436,1921,2025-07-03T09:14:38.000000,DEVELOPMENT,TRAIN,TRAIN,TRAIN,TRAIN
437,1926,2026-01-15T07:45:06.000000,DEVELOPMENT,NOT_USED,NOT_USED,VALIDATION,TRAIN
438,1929,2026-04-22T12:07:23.000000,DEVELOPMENT,NOT_USED,NOT_USED,NOT_USED,VALIDATION
439,1934,2026-04-29T15:52:05.000000,DEVELOPMENT,NOT_USED,NOT_USED,NOT_USED,VALIDATION
440,1937,2025-11-23T18:57:00.000000,DEVELOPMENT,NOT_USED,VALIDATION,TRAIN,TRAIN
441,1944,2025-07-27T07:57:37.000000,DEVELOPMENT,TRAIN,TRAIN,TRAIN,TRAIN
442,1949,2025-09-14T09:55:40.000000,DEVELOPMENT,VALIDATION,TRAIN,TRAIN,TRAIN
443,1955,2026-06-15T20:35:24.000000,PROCEDURAL_HOLDOUT,NOT_USED,NOT_USED,NOT_USED,NOT_USED
444,1958,2025-02-22T19:19:20.000000,DEVELOPMENT,TRAIN,TRAIN,TRAIN,TRAIN
445,1963,2025-03-26T14:36:55.000000,DEVELOPMENT,TRAIN,TRAIN,TRAIN,TRAIN
446,1964,2026-02-05T08:46:48.000000,DEVELOPMENT,NOT_USED,NOT_USED,VALIDATION,TRAIN
447,1974,2026-04-21T19:06:12.000000,DEVELOPMENT,NOT_USED,NOT_USED,NOT_USED,VALIDATION
448,1977,2025-06-21T20:57:00.000000,DEVELOPMENT,TRAIN,TRAIN,TRAIN,TRAIN
449,1979,2025-07-19T13:59:37.000000,DEVELOPMENT,TRAIN,TRAIN,TRAIN,TRAIN
450,1983,2025-06-17T19:19:50.000000,DEVELOPMENT,TRAIN,TRAIN,TRAIN,TRAIN
451,1988,2025-07-10T07:46:00.000000,DEVELOPMENT,TRAIN,TRAIN,TRAIN,TRAIN
452,1992,2025-10-05T14:07:01.000000,DEVELOPMENT,VALIDATION,TRAIN,TRAIN,TRAIN
453,1998,2026-01-09T14:56:20.000000,DEVELOPMENT,NOT_USED,NOT_USED,VALIDATION,TRAIN
454,2006,2025-09-16T09:03:39.000000,DEVELOPMENT,VALIDATION,TRAIN,TRAIN,TRAIN
455,2009,2025-05-23T08:46:30.000000,DEVELOPMENT,TRAIN,TRAIN,TRAIN,TRAIN
456,2015,2025-09-24T20:04:51.000000,DEVELOPMENT,VALIDATION,TRAIN,TRAIN,TRAIN
457,2023,2025-07-12T16:54:00.000000,DEVELOPMENT,TRAIN,TRAIN,TRAIN,TRAIN
458,2024,2025-08-27T11:04:45.000000,DEVELOPMENT,TRAIN,TRAIN,TRAIN,TRAIN
459,2035,2025-09-26T07:15:56.000000,DEVELOPMENT,VALIDATION,TRAIN,TRAIN,TRAIN
460,2039,2025-09-14T11:33:27.000000,DEVELOPMENT,VALIDATION,TRAIN,TRAIN,TRAIN
461,2047,2025-04-09T14:05:29.000000,DEVELOPMENT,TRAIN,TRAIN,TRAIN,TRAIN
462,2049,2025-05-30T16:12:14.000000,DEVELOPMENT,TRAIN,TRAIN,TRAIN,TRAIN
463,2050,2025-10-17T14:33:46.000000,DEVELOPMENT,VALIDATION,TRAIN,TRAIN,TRAIN
464,2054,2026-04-15T14:20:07.000000,DEVELOPMENT,NOT_USED,NOT_USED,NOT_USED,VALIDATION
465,2061,2026-05-26T15:01:04.000000,CALIBRATION,NOT_USED,NOT_USED,NOT_USED,NOT_USED
466,2062,2025-06-30T12:27:00.000000,DEVELOPMENT,TRAIN,TRAIN,TRAIN,TRAIN
467,2070,2025-01-03T10:56:26.000000,DEVELOPMENT,TRAIN,TRAIN,TRAIN,TRAIN
468,2072,2025-10-08T19:55:00.000000,DEVELOPMENT,VALIDATION,TRAIN,TRAIN,TRAIN
469,2073,2025-07-27T09:45:02.000000,DEVELOPMENT,TRAIN,TRAIN,TRAIN,TRAIN
470,2079,2025-08-29T17:36:05.000000,DEVELOPMENT,TRAIN,TRAIN,TRAIN,TRAIN
471,2081,2026-03-09T12:18:00.000000,DEVELOPMENT,NOT_USED,NOT_USED,NOT_USED,VALIDATION
472,2085,2025-05-25T16:40:23.000000,DEVELOPMENT,TRAIN,TRAIN,TRAIN,TRAIN
473,2088,2025-09-28T18:28:59.000000,DEVELOPMENT,VALIDATION,TRAIN,TRAIN,TRAIN
474,2094,2025-01-26T14:30:09.000000,DEVELOPMENT,TRAIN,TRAIN,TRAIN,TRAIN
475,2100,2025-11-21T13:17:04.000000,DEVELOPMENT,NOT_USED,VALIDATION,TRAIN,TRAIN
476,2106,2025-08-17T18:40:34.000000,DEVELOPMENT,TRAIN,TRAIN,TRAIN,TRAIN
477,2107,2025-01-19T07:16:16.000000,DEVELOPMENT,TRAIN,TRAIN,TRAIN,TRAIN
478,2110,2026-05-09T10:15:36.000000,CALIBRATION,NOT_USED,NOT_USED,NOT_USED,NOT_USED
479,2112,2025-10-26T20:59:44.000000,DEVELOPMENT,VALIDATION,TRAIN,TRAIN,TRAIN
480,2123,2025-04-13T07:03:54.000000,DEVELOPMENT,TRAIN,TRAIN,TRAIN,TRAIN
481,2129,2025-12-28T13:57:15.000000,DEVELOPMENT,NOT_USED,VALIDATION,TRAIN,TRAIN
482,2135,2026-03-29T20:42:38.000000,DEVELOPMENT,NOT_USED,NOT_USED,NOT_USED,VALIDATION
483,2142,2025-11-24T07:08:05.000000,DEVELOPMENT,NOT_USED,VALIDATION,TRAIN,TRAIN
484,2148,2025-08-06T16:34:47.000000,DEVELOPMENT,TRAIN,TRAIN,TRAIN,TRAIN
485,2152,2025-01-24T12:47:54.000000,DEVELOPMENT,TRAIN,TRAIN,TRAIN,TRAIN
486,2158,2026-02-26T11:20:35.000000,DEVELOPMENT,NOT_USED,NOT_USED,VALIDATION,TRAIN
487,2167,2025-03-01T14:40:43.000000,DEVELOPMENT,TRAIN,TRAIN,TRAIN,TRAIN
488,2169,2025-09-26T09:10:23.000000,DEVELOPMENT,VALIDATION,TRAIN,TRAIN,TRAIN
489,2174,2026-01-23T10:46:51.000000,DEVELOPMENT,NOT_USED,NOT_USED,VALIDATION,TRAIN
490,2175,2025-04-14T14:38:14.000000,DEVELOPMENT,TRAIN,TRAIN,TRAIN,TRAIN
491,2183,2025-03-22T18:19:26.000000,DEVELOPMENT,TRAIN,TRAIN,TRAIN,TRAIN
492,2187,2026-01-08T10:20:17.000000,DEVELOPMENT,NOT_USED,NOT_USED,VALIDATION,TRAIN
493,2192,2025-06-22T08:57:36.000000,DEVELOPMENT,TRAIN,TRAIN,TRAIN,TRAIN
494,2202,2025-05-01T07:52:47.000000,DEVELOPMENT,TRAIN,TRAIN,TRAIN,TRAIN
495,2207,2025-09-05T20:09:39.000000,DEVELOPMENT,VALIDATION,TRAIN,TRAIN,TRAIN
496,2214,2026-05-04T12:15:39.000000,CALIBRATION,NOT_USED,NOT_USED,NOT_USED,NOT_USED
497,2221,2025-09-03T13:35:18.000000,DEVELOPMENT,VALIDATION,TRAIN,TRAIN,TRAIN
498,2222,2026-05-29T18:47:00.000000,CALIBRATION,NOT_USED,NOT_USED,NOT_USED,NOT_USED
499,2226,2025-01-31T12:55:32.000000,DEVELOPMENT,TRAIN,TRAIN,TRAIN,TRAIN
500,2231,2025-10-25T13:55:34.000000,DEVELOPMENT,VALIDATION,TRAIN,TRAIN,TRAIN
501,2233,2025-09-08T07:01:48.000000,DEVELOPMENT,VALIDATION,TRAIN,TRAIN,TRAIN
502,2240,2025-05-01T16:29:07.000000,DEVELOPMENT,TRAIN,TRAIN,TRAIN,TRAIN
503,2243,2025-08-22T17:13:45.000000,DEVELOPMENT,TRAIN,TRAIN,TRAIN,TRAIN
504,2251,2025-12-25T18:21:49.000000,DEVELOPMENT,NOT_USED,VALIDATION,TRAIN,TRAIN
505,2255,2025-06-05T13:53:28.000000,DEVELOPMENT,TRAIN,TRAIN,TRAIN,TRAIN
506,2256,2025-03-28T07:16:00.000000,DEVELOPMENT,TRAIN,TRAIN,TRAIN,TRAIN
507,2257,2025-10-18T09:09:17.000000,DEVELOPMENT,VALIDATION,TRAIN,TRAIN,TRAIN
508,2262,2025-07-04T08:30:22.000000,DEVELOPMENT,TRAIN,TRAIN,TRAIN,TRAIN
509,2263,2026-02-06T17:33:25.000000,DEVELOPMENT,NOT_USED,NOT_USED,VALIDATION,TRAIN
510,2269,2026-06-07T07:10:54.000000,PROCEDURAL_HOLDOUT,NOT_USED,NOT_USED,NOT_USED,NOT_USED
511,2271,2026-06-27T15:30:50.000000,PROCEDURAL_HOLDOUT,NOT_USED,NOT_USED,NOT_USED,NOT_USED
512,2279,2026-06-22T10:21:36.000000,PROCEDURAL_HOLDOUT,NOT_USED,NOT_USED,NOT_USED,NOT_USED
513,2286,2026-06-15T18:55:53.000000,PROCEDURAL_HOLDOUT,NOT_USED,NOT_USED,NOT_USED,NOT_USED
514,2291,2025-04-08T11:47:00.000000,DEVELOPMENT,TRAIN,TRAIN,TRAIN,TRAIN
515,2294,2026-04-06T14:40:00.000000,DEVELOPMENT,NOT_USED,NOT_USED,NOT_USED,VALIDATION
516,2297,2025-08-01T08:43:01.000000,DEVELOPMENT,TRAIN,TRAIN,TRAIN,TRAIN
517,2305,2025-05-10T08:12:38.000000,DEVELOPMENT,TRAIN,TRAIN,TRAIN,TRAIN
518,2311,2026-06-19T10:28:17.000000,PROCEDURAL_HOLDOUT,NOT_USED,NOT_USED,NOT_USED,NOT_USED
519,2318,2026-04-09T13:57:23.000000,DEVELOPMENT,NOT_USED,NOT_USED,NOT_USED,VALIDATION
520,2326,2026-06-21T11:41:06.000000,PROCEDURAL_HOLDOUT,NOT_USED,NOT_USED,NOT_USED,NOT_USED
521,2333,2025-07-04T16:41:36.000000,DEVELOPMENT,TRAIN,TRAIN,TRAIN,TRAIN
522,2341,2025-02-01T12:44:00.000000,DEVELOPMENT,TRAIN,TRAIN,TRAIN,TRAIN
523,2346,2025-04-24T11:33:55.000000,DEVELOPMENT,TRAIN,TRAIN,TRAIN,TRAIN
524,2350,2025-05-15T13:44:12.000000,DEVELOPMENT,TRAIN,TRAIN,TRAIN,TRAIN
525,2358,2025-11-07T17:01:00.000000,DEVELOPMENT,NOT_USED,VALIDATION,TRAIN,TRAIN
526,2359,2026-04-04T18:24:25.000000,DEVELOPMENT,NOT_USED,NOT_USED,NOT_USED,VALIDATION
527,2361,2025-03-21T09:44:00.000000,DEVELOPMENT,TRAIN,TRAIN,TRAIN,TRAIN
528,2365,2025-06-12T15:39:23.000000,DEVELOPMENT,TRAIN,TRAIN,TRAIN,TRAIN
529,2368,2025-08-09T10:09:30.000000,DEVELOPMENT,TRAIN,TRAIN,TRAIN,TRAIN
530,2369,2025-03-07T10:16:12.000000,DEVELOPMENT,TRAIN,TRAIN,TRAIN,TRAIN
531,2372,2026-03-15T08:04:30.000000,DEVELOPMENT,NOT_USED,NOT_USED,NOT_USED,VALIDATION
532,2376,2025-06-11T16:58:16.000000,DEVELOPMENT,TRAIN,TRAIN,TRAIN,TRAIN
533,2380,2025-02-17T07:00:00.000000,DEVELOPMENT,TRAIN,TRAIN,TRAIN,TRAIN
534,2384,2025-05-16T15:25:17.000000,DEVELOPMENT,TRAIN,TRAIN,TRAIN,TRAIN
535,2386,2025-01-01T10:21:59.000000,DEVELOPMENT,TRAIN,TRAIN,TRAIN,TRAIN
536,2398,2025-02-09T19:43:17.000000,DEVELOPMENT,TRAIN,TRAIN,TRAIN,TRAIN
537,2400,2025-06-19T10:43:00.000000,DEVELOPMENT,TRAIN,TRAIN,TRAIN,TRAIN
538,2403,2025-11-01T20:51:21.000000,DEVELOPMENT,NOT_USED,VALIDATION,TRAIN,TRAIN
539,2404,2025-04-20T07:21:52.000000,DEVELOPMENT,TRAIN,TRAIN,TRAIN,TRAIN
540,2406,2025-05-05T10:47:36.000000,DEVELOPMENT,TRAIN,TRAIN,TRAIN,TRAIN
541,2408,2025-12-18T09:00:31.000000,DEVELOPMENT,NOT_USED,VALIDATION,TRAIN,TRAIN
542,2411,2025-07-19T08:39:18.000000,DEVELOPMENT,TRAIN,TRAIN,TRAIN,TRAIN
543,2420,2025-04-05T17:17:16.000000,DEVELOPMENT,TRAIN,TRAIN,TRAIN,TRAIN
544,2428,2026-06-15T12:08:49.000000,PROCEDURAL_HOLDOUT,NOT_USED,NOT_USED,NOT_USED,NOT_USED
545,2436,2025-08-09T10:35:52.000000,DEVELOPMENT,TRAIN,TRAIN,TRAIN,TRAIN
546,2444,2025-10-24T09:42:06.000000,DEVELOPMENT,VALIDATION,TRAIN,TRAIN,TRAIN
547,2447,2025-12-17T11:03:12.000000,DEVELOPMENT,NOT_USED,VALIDATION,TRAIN,TRAIN
548,2453,2025-02-08T10:03:01.000000,DEVELOPMENT,TRAIN,TRAIN,TRAIN,TRAIN
549,2462,2025-05-23T14:05:27.000000,DEVELOPMENT,TRAIN,TRAIN,TRAIN,TRAIN
550,2470,2026-03-23T14:41:45.000000,DEVELOPMENT,NOT_USED,NOT_USED,NOT_USED,VALIDATION
551,2475,2025-04-06T11:06:17.000000,DEVELOPMENT,TRAIN,TRAIN,TRAIN,TRAIN
552,2484,2025-05-05T11:15:46.000000,DEVELOPMENT,TRAIN,TRAIN,TRAIN,TRAIN
553,2488,2026-05-02T09:42:37.000000,CALIBRATION,NOT_USED,NOT_USED,NOT_USED,NOT_USED
554,2494,2025-04-24T10:11:13.000000,DEVELOPMENT,TRAIN,TRAIN,TRAIN,TRAIN
555,2501,2025-04-30T13:50:31.000000,DEVELOPMENT,TRAIN,TRAIN,TRAIN,TRAIN
556,2507,2026-06-24T16:07:01.000000,PROCEDURAL_HOLDOUT,NOT_USED,NOT_USED,NOT_USED,NOT_USED
557,2515,2026-05-08T19:11:29.000000,CALIBRATION,NOT_USED,NOT_USED,NOT_USED,NOT_USED
558,2520,2025-07-12T12:51:33.000000,DEVELOPMENT,TRAIN,TRAIN,TRAIN,TRAIN
559,2528,2026-06-06T08:34:25.000000,PROCEDURAL_HOLDOUT,NOT_USED,NOT_USED,NOT_USED,NOT_USED
560,2534,2026-01-01T13:24:20.000000,DEVELOPMENT,NOT_USED,NOT_USED,VALIDATION,TRAIN
561,2540,2026-05-23T19:39:28.000000,CALIBRATION,NOT_USED,NOT_USED,NOT_USED,NOT_USED
562,2547,2025-05-24T12:29:27.000000,DEVELOPMENT,TRAIN,TRAIN,TRAIN,TRAIN
563,2552,2025-09-21T18:46:05.000000,DEVELOPMENT,VALIDATION,TRAIN,TRAIN,TRAIN
564,2554,2025-05-29T20:58:39.000000,DEVELOPMENT,TRAIN,TRAIN,TRAIN,TRAIN
565,2561,2026-01-29T18:12:50.000000,DEVELOPMENT,NOT_USED,NOT_USED,VALIDATION,TRAIN
566,2566,2026-02-08T18:54:20.000000,DEVELOPMENT,NOT_USED,NOT_USED,VALIDATION,TRAIN
567,2569,2025-05-22T18:43:43.000000,DEVELOPMENT,TRAIN,TRAIN,TRAIN,TRAIN
568,2573,2026-03-19T11:00:21.000000,DEVELOPMENT,NOT_USED,NOT_USED,NOT_USED,VALIDATION
569,2583,2025-05-18T07:01:00.000000,DEVELOPMENT,TRAIN,TRAIN,TRAIN,TRAIN
570,2587,2025-05-03T18:46:59.000000,DEVELOPMENT,TRAIN,TRAIN,TRAIN,TRAIN
571,2590,2025-10-17T18:57:51.000000,DEVELOPMENT,VALIDATION,TRAIN,TRAIN,TRAIN
572,2593,2025-06-15T13:43:29.000000,DEVELOPMENT,TRAIN,TRAIN,TRAIN,TRAIN
573,2595,2025-09-04T13:30:00.000000,DEVELOPMENT,VALIDATION,TRAIN,TRAIN,TRAIN
574,2596,2025-12-07T11:47:54.000000,DEVELOPMENT,NOT_USED,VALIDATION,TRAIN,TRAIN
575,2597,2026-03-03T15:56:36.000000,DEVELOPMENT,NOT_USED,NOT_USED,NOT_USED,VALIDATION
576,2599,2026-02-24T19:31:55.000000,DEVELOPMENT,NOT_USED,NOT_USED,VALIDATION,TRAIN
577,2601,2025-10-08T11:51:27.000000,DEVELOPMENT,VALIDATION,TRAIN,TRAIN,TRAIN
578,2605,2025-09-21T16:12:53.000000,DEVELOPMENT,VALIDATION,TRAIN,TRAIN,TRAIN
579,2608,2026-03-05T13:35:00.000000,DEVELOPMENT,NOT_USED,NOT_USED,NOT_USED,VALIDATION
580,2609,2026-04-26T13:20:09.000000,DEVELOPMENT,NOT_USED,NOT_USED,NOT_USED,VALIDATION
581,2621,2026-01-28T07:59:20.000000,DEVELOPMENT,NOT_USED,NOT_USED,VALIDATION,TRAIN
582,2627,2025-07-13T13:06:50.000000,DEVELOPMENT,TRAIN,TRAIN,TRAIN,TRAIN
583,2633,2025-09-26T13:54:03.000000,DEVELOPMENT,VALIDATION,TRAIN,TRAIN,TRAIN
584,2635,2025-10-25T08:24:00.000000,DEVELOPMENT,VALIDATION,TRAIN,TRAIN,TRAIN
585,2638,2025-09-13T11:19:10.000000,DEVELOPMENT,VALIDATION,TRAIN,TRAIN,TRAIN
586,2643,2025-06-06T13:43:50.000000,DEVELOPMENT,TRAIN,TRAIN,TRAIN,TRAIN
587,2648,2025-11-06T09:22:13.000000,DEVELOPMENT,NOT_USED,VALIDATION,TRAIN,TRAIN
588,2654,2025-05-08T17:04:40.000000,DEVELOPMENT,TRAIN,TRAIN,TRAIN,TRAIN
589,2661,2026-03-11T12:59:28.000000,DEVELOPMENT,NOT_USED,NOT_USED,NOT_USED,VALIDATION
590,2662,2026-05-26T13:55:57.000000,CALIBRATION,NOT_USED,NOT_USED,NOT_USED,NOT_USED
591,2667,2025-03-20T14:37:29.000000,DEVELOPMENT,TRAIN,TRAIN,TRAIN,TRAIN
592,2672,2025-02-02T19:31:54.000000,DEVELOPMENT,TRAIN,TRAIN,TRAIN,TRAIN
593,2676,2025-03-06T09:06:32.000000,DEVELOPMENT,TRAIN,TRAIN,TRAIN,TRAIN
594,2684,2025-08-08T15:28:24.000000,DEVELOPMENT,TRAIN,TRAIN,TRAIN,TRAIN
595,2691,2025-04-05T10:40:26.000000,DEVELOPMENT,TRAIN,TRAIN,TRAIN,TRAIN
596,2699,2025-12-09T08:45:25.000000,DEVELOPMENT,NOT_USED,VALIDATION,TRAIN,TRAIN
597,2703,2025-06-24T18:29:35.000000,DEVELOPMENT,TRAIN,TRAIN,TRAIN,TRAIN
598,2708,2026-06-24T14:51:22.000000,PROCEDURAL_HOLDOUT,NOT_USED,NOT_USED,NOT_USED,NOT_USED
599,2711,2026-02-15T09:45:48.000000,DEVELOPMENT,NOT_USED,NOT_USED,VALIDATION,TRAIN
600,2718,2025-08-15T12:13:48.000000,DEVELOPMENT,TRAIN,TRAIN,TRAIN,TRAIN
601,2723,2025-11-27T08:21:28.000000,DEVELOPMENT,NOT_USED,VALIDATION,TRAIN,TRAIN
602,2727,2026-02-27T14:36:00.000000,DEVELOPMENT,NOT_USED,NOT_USED,VALIDATION,TRAIN
603,2730,2025-02-10T14:39:58.000000,DEVELOPMENT,TRAIN,TRAIN,TRAIN,TRAIN
604,2733,2025-10-07T19:44:39.000000,DEVELOPMENT,VALIDATION,TRAIN,TRAIN,TRAIN
605,2734,2026-03-31T11:48:58.000000,DEVELOPMENT,NOT_USED,NOT_USED,NOT_USED,VALIDATION
606,2736,2025-03-10T11:05:23.000000,DEVELOPMENT,TRAIN,TRAIN,TRAIN,TRAIN
607,2740,2025-05-31T16:49:00.000000,DEVELOPMENT,TRAIN,TRAIN,TRAIN,TRAIN
608,2742,2025-05-16T18:22:14.000000,DEVELOPMENT,TRAIN,TRAIN,TRAIN,TRAIN
609,2746,2025-09-30T08:00:00.000000,DEVELOPMENT,VALIDATION,TRAIN,TRAIN,TRAIN
610,2747,2025-08-12T08:03:27.000000,DEVELOPMENT,TRAIN,TRAIN,TRAIN,TRAIN
611,2751,2026-05-02T12:21:48.000000,CALIBRATION,NOT_USED,NOT_USED,NOT_USED,NOT_USED
612,2754,2025-11-02T08:02:25.000000,DEVELOPMENT,NOT_USED,VALIDATION,TRAIN,TRAIN
613,2756,2025-07-17T14:55:14.000000,DEVELOPMENT,TRAIN,TRAIN,TRAIN,TRAIN
614,2761,2025-12-14T18:43:57.000000,DEVELOPMENT,NOT_USED,VALIDATION,TRAIN,TRAIN
615,2769,2025-07-08T18:37:21.000000,DEVELOPMENT,TRAIN,TRAIN,TRAIN,TRAIN
616,2773,2026-03-01T14:59:40.000000,DEVELOPMENT,NOT_USED,NOT_USED,NOT_USED,VALIDATION
617,2774,2025-10-10T19:55:00.000000,DEVELOPMENT,VALIDATION,TRAIN,TRAIN,TRAIN
618,2776,2025-09-11T11:53:52.000000,DEVELOPMENT,VALIDATION,TRAIN,TRAIN,TRAIN
619,2783,2025-04-08T17:20:59.000000,DEVELOPMENT,TRAIN,TRAIN,TRAIN,TRAIN
620,2791,2026-06-15T13:16:19.000000,PROCEDURAL_HOLDOUT,NOT_USED,NOT_USED,NOT_USED,NOT_USED
621,2795,2025-01-18T07:37:20.000000,DEVELOPMENT,TRAIN,TRAIN,TRAIN,TRAIN
622,2805,2025-05-06T17:44:52.000000,DEVELOPMENT,TRAIN,TRAIN,TRAIN,TRAIN
623,2808,2026-04-10T10:09:23.000000,DEVELOPMENT,NOT_USED,NOT_USED,NOT_USED,VALIDATION
624,2809,2025-05-01T19:23:42.000000,DEVELOPMENT,TRAIN,TRAIN,TRAIN,TRAIN
625,2813,2026-02-07T12:38:41.000000,DEVELOPMENT,NOT_USED,NOT_USED,VALIDATION,TRAIN
626,2821,2025-08-19T14:25:21.000000,DEVELOPMENT,TRAIN,TRAIN,TRAIN,TRAIN
627,2831,2025-07-25T10:15:31.000000,DEVELOPMENT,TRAIN,TRAIN,TRAIN,TRAIN
628,2836,2025-02-22T09:58:48.000000,DEVELOPMENT,TRAIN,TRAIN,TRAIN,TRAIN
629,2838,2026-02-22T07:46:33.000000,DEVELOPMENT,NOT_USED,NOT_USED,VALIDATION,TRAIN
630,2849,2025-12-10T20:59:35.000000,DEVELOPMENT,NOT_USED,VALIDATION,TRAIN,TRAIN
631,2851,2025-06-09T13:58:12.000000,DEVELOPMENT,TRAIN,TRAIN,TRAIN,TRAIN
632,2858,2025-08-30T15:56:59.000000,DEVELOPMENT,TRAIN,TRAIN,TRAIN,TRAIN
633,2865,2025-07-07T18:00:10.000000,DEVELOPMENT,TRAIN,TRAIN,TRAIN,TRAIN
634,2871,2025-07-10T07:11:34.000000,DEVELOPMENT,TRAIN,TRAIN,TRAIN,TRAIN
635,2881,2026-04-28T07:41:29.000000,DEVELOPMENT,NOT_USED,NOT_USED,NOT_USED,VALIDATION
636,2887,2026-02-05T08:31:19.000000,DEVELOPMENT,NOT_USED,NOT_USED,VALIDATION,TRAIN
637,2893,2025-05-04T13:32:36.000000,DEVELOPMENT,TRAIN,TRAIN,TRAIN,TRAIN
638,2896,2026-04-02T18:03:12.000000,DEVELOPMENT,NOT_USED,NOT_USED,NOT_USED,VALIDATION
639,2900,2026-04-15T10:29:36.000000,DEVELOPMENT,NOT_USED,NOT_USED,NOT_USED,VALIDATION
640,2906,2025-03-15T08:33:58.000000,DEVELOPMENT,TRAIN,TRAIN,TRAIN,TRAIN
641,2918,2025-05-23T17:41:15.000000,DEVELOPMENT,TRAIN,TRAIN,TRAIN,TRAIN
642,2919,2026-05-15T18:25:44.000000,CALIBRATION,NOT_USED,NOT_USED,NOT_USED,NOT_USED
643,2924,2026-05-14T07:57:52.000000,CALIBRATION,NOT_USED,NOT_USED,NOT_USED,NOT_USED
644,2925,2025-08-18T09:36:00.000000,DEVELOPMENT,TRAIN,TRAIN,TRAIN,TRAIN
645,2928,2025-05-06T10:37:04.000000,DEVELOPMENT,TRAIN,TRAIN,TRAIN,TRAIN
646,2931,2025-11-05T09:00:54.000000,DEVELOPMENT,NOT_USED,VALIDATION,TRAIN,TRAIN
647,2935,2025-06-21T16:51:04.000000,DEVELOPMENT,TRAIN,TRAIN,TRAIN,TRAIN
648,2937,2025-07-05T15:59:00.000000,DEVELOPMENT,TRAIN,TRAIN,TRAIN,TRAIN
649,2940,2025-11-03T11:53:18.000000,DEVELOPMENT,NOT_USED,VALIDATION,TRAIN,TRAIN
650,2945,2025-08-21T16:14:02.000000,DEVELOPMENT,TRAIN,TRAIN,TRAIN,TRAIN
651,2946,2025-07-22T16:49:00.000000,DEVELOPMENT,TRAIN,TRAIN,TRAIN,TRAIN
652,2947,2025-06-10T19:47:09.000000,DEVELOPMENT,TRAIN,TRAIN,TRAIN,TRAIN
653,2953,2025-01-17T13:38:23.000000,DEVELOPMENT,TRAIN,TRAIN,TRAIN,TRAIN
654,2959,2026-05-20T18:57:45.000000,CALIBRATION,NOT_USED,NOT_USED,NOT_USED,NOT_USED
655,2969,2025-06-13T08:06:02.000000,DEVELOPMENT,TRAIN,TRAIN,TRAIN,TRAIN
656,2974,2026-02-13T08:06:33.000000,DEVELOPMENT,NOT_USED,NOT_USED,VALIDATION,TRAIN
657,2977,2025-09-04T13:22:53.000000,DEVELOPMENT,VALIDATION,TRAIN,TRAIN,TRAIN
658,2978,2026-05-25T14:09:06.000000,CALIBRATION,NOT_USED,NOT_USED,NOT_USED,NOT_USED
659,2983,2025-01-10T16:47:08.000000,DEVELOPMENT,TRAIN,TRAIN,TRAIN,TRAIN
660,2989,2025-08-26T19:22:00.000000,DEVELOPMENT,TRAIN,TRAIN,TRAIN,TRAIN
661,2993,2026-03-07T09:12:35.000000,DEVELOPMENT,NOT_USED,NOT_USED,NOT_USED,VALIDATION
662,2995,2025-09-29T10:42:05.000000,DEVELOPMENT,VALIDATION,TRAIN,TRAIN,TRAIN
663,2997,2025-06-14T18:31:35.000000,DEVELOPMENT,TRAIN,TRAIN,TRAIN,TRAIN
664,3001,2025-06-17T16:44:09.000000,DEVELOPMENT,TRAIN,TRAIN,TRAIN,TRAIN
665,3008,2025-04-09T12:40:53.000000,DEVELOPMENT,TRAIN,TRAIN,TRAIN,TRAIN
666,3016,2026-04-14T11:42:03.000000,DEVELOPMENT,NOT_USED,NOT_USED,NOT_USED,VALIDATION
667,3018,2025-12-12T17:14:15.000000,DEVELOPMENT,NOT_USED,VALIDATION,TRAIN,TRAIN
668,3023,2026-01-10T17:39:53.000000,DEVELOPMENT,NOT_USED,NOT_USED,VALIDATION,TRAIN
669,3025,2026-04-24T09:14:22.000000,DEVELOPMENT,NOT_USED,NOT_USED,NOT_USED,VALIDATION
670,3029,2025-04-15T10:47:44.000000,DEVELOPMENT,TRAIN,TRAIN,TRAIN,TRAIN
671,3031,2025-09-09T19:29:00.000000,DEVELOPMENT,VALIDATION,TRAIN,TRAIN,TRAIN
672,3033,2025-10-19T12:34:41.000000,DEVELOPMENT,VALIDATION,TRAIN,TRAIN,TRAIN
673,3035,2025-08-26T17:59:52.000000,DEVELOPMENT,TRAIN,TRAIN,TRAIN,TRAIN
674,3043,2025-06-26T07:21:53.000000,DEVELOPMENT,TRAIN,TRAIN,TRAIN,TRAIN
675,3044,2025-09-29T13:44:09.000000,DEVELOPMENT,VALIDATION,TRAIN,TRAIN,TRAIN
676,3047,2026-03-24T11:04:34.000000,DEVELOPMENT,NOT_USED,NOT_USED,NOT_USED,VALIDATION
677,3051,2025-04-04T13:26:51.000000,DEVELOPMENT,TRAIN,TRAIN,TRAIN,TRAIN
678,3054,2026-04-25T13:10:36.000000,DEVELOPMENT,NOT_USED,NOT_USED,NOT_USED,VALIDATION
679,3058,2025-06-20T16:16:29.000000,DEVELOPMENT,TRAIN,TRAIN,TRAIN,TRAIN
680,3061,2025-02-25T15:38:45.000000,DEVELOPMENT,TRAIN,TRAIN,TRAIN,TRAIN
681,3068,2025-09-09T07:12:10.000000,DEVELOPMENT,VALIDATION,TRAIN,TRAIN,TRAIN
682,3069,2025-12-05T10:48:32.000000,DEVELOPMENT,NOT_USED,VALIDATION,TRAIN,TRAIN
683,3072,2026-06-28T18:46:04.000000,PROCEDURAL_HOLDOUT,NOT_USED,NOT_USED,NOT_USED,NOT_USED
684,3075,2026-02-27T11:48:19.000000,DEVELOPMENT,NOT_USED,NOT_USED,VALIDATION,TRAIN
685,3077,2025-08-10T13:04:48.000000,DEVELOPMENT,TRAIN,TRAIN,TRAIN,TRAIN
686,3085,2025-01-27T19:50:02.000000,DEVELOPMENT,TRAIN,TRAIN,TRAIN,TRAIN
687,3093,2025-01-29T16:19:12.000000,DEVELOPMENT,TRAIN,TRAIN,TRAIN,TRAIN
688,3100,2026-02-22T18:32:11.000000,DEVELOPMENT,NOT_USED,NOT_USED,VALIDATION,TRAIN
689,3110,2025-05-20T13:44:17.000000,DEVELOPMENT,TRAIN,TRAIN,TRAIN,TRAIN
690,3113,2025-11-11T15:12:41.000000,DEVELOPMENT,NOT_USED,VALIDATION,TRAIN,TRAIN
691,3123,2026-05-23T20:28:01.000000,CALIBRATION,NOT_USED,NOT_USED,NOT_USED,NOT_USED
692,3127,2025-06-20T09:15:16.000000,DEVELOPMENT,TRAIN,TRAIN,TRAIN,TRAIN
693,3135,2026-04-04T19:10:47.000000,DEVELOPMENT,NOT_USED,NOT_USED,NOT_USED,VALIDATION
694,3137,2025-07-07T13:49:37.000000,DEVELOPMENT,TRAIN,TRAIN,TRAIN,TRAIN
695,3141,2025-12-05T07:51:43.000000,DEVELOPMENT,NOT_USED,VALIDATION,TRAIN,TRAIN
696,3153,2025-02-03T12:13:44.000000,DEVELOPMENT,TRAIN,TRAIN,TRAIN,TRAIN
697,3157,2025-10-19T20:51:52.000000,DEVELOPMENT,VALIDATION,TRAIN,TRAIN,TRAIN
698,3163,2026-01-23T09:06:37.000000,DEVELOPMENT,NOT_USED,NOT_USED,VALIDATION,TRAIN
699,3166,2025-12-21T14:52:10.000000,DEVELOPMENT,NOT_USED,VALIDATION,TRAIN,TRAIN
700,3169,2026-05-15T10:55:51.000000,CALIBRATION,NOT_USED,NOT_USED,NOT_USED,NOT_USED
701,3177,2026-06-11T17:32:08.000000,PROCEDURAL_HOLDOUT,NOT_USED,NOT_USED,NOT_USED,NOT_USED
702,3184,2025-11-03T20:54:17.000000,DEVELOPMENT,NOT_USED,VALIDATION,TRAIN,TRAIN
703,3192,2025-08-31T08:45:20.000000,DEVELOPMENT,TRAIN,TRAIN,TRAIN,TRAIN
704,3196,2025-02-01T12:57:46.000000,DEVELOPMENT,TRAIN,TRAIN,TRAIN,TRAIN
705,3199,2026-03-14T16:50:36.000000,DEVELOPMENT,NOT_USED,NOT_USED,NOT_USED,VALIDATION
706,3204,2025-07-30T10:56:00.000000,DEVELOPMENT,TRAIN,TRAIN,TRAIN,TRAIN
707,3210,2026-04-25T19:07:27.000000,DEVELOPMENT,NOT_USED,NOT_USED,NOT_USED,VALIDATION
708,3213,2026-01-31T08:56:08.000000,DEVELOPMENT,NOT_USED,NOT_USED,VALIDATION,TRAIN
709,3217,2025-05-05T10:41:38.000000,DEVELOPMENT,TRAIN,TRAIN,TRAIN,TRAIN
710,3221,2025-06-16T08:42:10.000000,DEVELOPMENT,TRAIN,TRAIN,TRAIN,TRAIN
711,3230,2025-08-02T11:23:35.000000,DEVELOPMENT,TRAIN,TRAIN,TRAIN,TRAIN
712,3231,2025-09-13T20:57:12.000000,DEVELOPMENT,VALIDATION,TRAIN,TRAIN,TRAIN
713,3241,2026-01-30T13:48:31.000000,DEVELOPMENT,NOT_USED,NOT_USED,VALIDATION,TRAIN
714,3246,2025-06-02T11:18:50.000000,DEVELOPMENT,TRAIN,TRAIN,TRAIN,TRAIN
715,3252,2025-05-12T17:21:28.000000,DEVELOPMENT,TRAIN,TRAIN,TRAIN,TRAIN
716,3257,2025-08-13T16:17:46.000000,DEVELOPMENT,TRAIN,TRAIN,TRAIN,TRAIN
717,3264,2025-06-25T20:24:09.000000,DEVELOPMENT,TRAIN,TRAIN,TRAIN,TRAIN
718,3266,2025-06-23T11:35:01.000000,DEVELOPMENT,TRAIN,TRAIN,TRAIN,TRAIN
719,3270,2025-07-12T09:50:31.000000,DEVELOPMENT,TRAIN,TRAIN,TRAIN,TRAIN
720,3280,2026-03-16T14:17:47.000000,DEVELOPMENT,NOT_USED,NOT_USED,NOT_USED,VALIDATION
721,3282,2026-06-21T09:46:45.000000,PROCEDURAL_HOLDOUT,NOT_USED,NOT_USED,NOT_USED,NOT_USED
722,3284,2025-08-20T10:37:00.000000,DEVELOPMENT,TRAIN,TRAIN,TRAIN,TRAIN
723,3291,2026-01-17T09:54:31.000000,DEVELOPMENT,NOT_USED,NOT_USED,VALIDATION,TRAIN
724,3297,2025-07-25T16:10:26.000000,DEVELOPMENT,TRAIN,TRAIN,TRAIN,TRAIN
725,3309,2025-10-13T07:32:44.000000,DEVELOPMENT,VALIDATION,TRAIN,TRAIN,TRAIN
726,3310,2025-08-13T07:27:16.000000,DEVELOPMENT,TRAIN,TRAIN,TRAIN,TRAIN
727,3315,2025-09-03T08:37:38.000000,DEVELOPMENT,VALIDATION,TRAIN,TRAIN,TRAIN
728,3318,2025-09-08T16:44:57.000000,DEVELOPMENT,VALIDATION,TRAIN,TRAIN,TRAIN
729,3320,2026-01-19T11:00:40.000000,DEVELOPMENT,NOT_USED,NOT_USED,VALIDATION,TRAIN
730,3323,2026-03-08T20:14:30.000000,DEVELOPMENT,NOT_USED,NOT_USED,NOT_USED,VALIDATION
731,3325,2026-05-05T14:37:39.000000,CALIBRATION,NOT_USED,NOT_USED,NOT_USED,NOT_USED
732,3331,2026-04-11T09:34:44.000000,DEVELOPMENT,NOT_USED,NOT_USED,NOT_USED,VALIDATION
733,3339,2025-05-09T13:33:15.000000,DEVELOPMENT,TRAIN,TRAIN,TRAIN,TRAIN
734,3343,2026-05-13T08:35:00.000000,CALIBRATION,NOT_USED,NOT_USED,NOT_USED,NOT_USED
735,3349,2026-02-09T09:22:14.000000,DEVELOPMENT,NOT_USED,NOT_USED,VALIDATION,TRAIN
736,3353,2025-09-02T15:36:00.000000,DEVELOPMENT,VALIDATION,TRAIN,TRAIN,TRAIN
737,3357,2025-07-19T10:36:00.000000,DEVELOPMENT,TRAIN,TRAIN,TRAIN,TRAIN
738,3360,2025-12-22T13:51:20.000000,DEVELOPMENT,NOT_USED,VALIDATION,TRAIN,TRAIN
739,3366,2026-03-02T17:22:24.000000,DEVELOPMENT,NOT_USED,NOT_USED,NOT_USED,VALIDATION
740,3369,2025-10-08T07:50:58.000000,DEVELOPMENT,VALIDATION,TRAIN,TRAIN,TRAIN
741,3377,2026-02-08T16:25:29.000000,DEVELOPMENT,NOT_USED,NOT_USED,VALIDATION,TRAIN
742,3379,2026-02-04T17:54:29.000000,DEVELOPMENT,NOT_USED,NOT_USED,VALIDATION,TRAIN
743,3387,2026-01-19T13:20:00.000000,DEVELOPMENT,NOT_USED,NOT_USED,VALIDATION,TRAIN
744,3389,2025-07-08T13:38:02.000000,DEVELOPMENT,TRAIN,TRAIN,TRAIN,TRAIN
745,3390,2025-06-06T07:08:02.000000,DEVELOPMENT,TRAIN,TRAIN,TRAIN,TRAIN
746,3394,2025-08-23T13:23:38.000000,DEVELOPMENT,TRAIN,TRAIN,TRAIN,TRAIN
747,3398,2026-06-28T12:37:03.000000,PROCEDURAL_HOLDOUT,NOT_USED,NOT_USED,NOT_USED,NOT_USED
748,3401,2025-01-30T12:45:02.000000,DEVELOPMENT,TRAIN,TRAIN,TRAIN,TRAIN
749,3404,2025-07-12T18:11:48.000000,DEVELOPMENT,TRAIN,TRAIN,TRAIN,TRAIN
750,3406,2026-05-07T15:07:00.000000,CALIBRATION,NOT_USED,NOT_USED,NOT_USED,NOT_USED
751,3413,2026-04-26T19:48:16.000000,DEVELOPMENT,NOT_USED,NOT_USED,NOT_USED,VALIDATION
752,3422,2025-04-17T09:35:42.000000,DEVELOPMENT,TRAIN,TRAIN,TRAIN,TRAIN
753,3426,2025-04-14T10:01:13.000000,DEVELOPMENT,TRAIN,TRAIN,TRAIN,TRAIN
754,3430,2025-03-23T17:30:33.000000,DEVELOPMENT,TRAIN,TRAIN,TRAIN,TRAIN
755,3432,2025-07-25T10:40:09.000000,DEVELOPMENT,TRAIN,TRAIN,TRAIN,TRAIN
756,3436,2025-11-11T20:51:00.000000,DEVELOPMENT,NOT_USED,VALIDATION,TRAIN,TRAIN
757,3442,2025-01-17T12:53:29.000000,DEVELOPMENT,TRAIN,TRAIN,TRAIN,TRAIN
758,3445,2025-12-05T09:35:22.000000,DEVELOPMENT,NOT_USED,VALIDATION,TRAIN,TRAIN
759,3447,2025-02-27T17:44:36.000000,DEVELOPMENT,TRAIN,TRAIN,TRAIN,TRAIN
760,3454,2025-09-27T12:43:03.000000,DEVELOPMENT,VALIDATION,TRAIN,TRAIN,TRAIN
761,3463,2025-09-01T08:32:31.000000,DEVELOPMENT,VALIDATION,TRAIN,TRAIN,TRAIN
762,3468,2025-11-13T14:25:44.000000,DEVELOPMENT,NOT_USED,VALIDATION,TRAIN,TRAIN
763,3471,2026-04-03T11:07:19.000000,DEVELOPMENT,NOT_USED,NOT_USED,NOT_USED,VALIDATION
764,3474,2025-06-30T11:53:51.000000,DEVELOPMENT,TRAIN,TRAIN,TRAIN,TRAIN
765,3484,2026-01-01T07:12:40.000000,DEVELOPMENT,NOT_USED,NOT_USED,VALIDATION,TRAIN
766,3488,2026-02-14T12:05:32.000000,DEVELOPMENT,NOT_USED,NOT_USED,VALIDATION,TRAIN
767,3496,2025-11-12T15:48:35.000000,DEVELOPMENT,NOT_USED,VALIDATION,TRAIN,TRAIN
768,3499,2025-08-13T18:41:41.000000,DEVELOPMENT,TRAIN,TRAIN,TRAIN,TRAIN
769,3506,2025-01-08T07:01:17.000000,DEVELOPMENT,TRAIN,TRAIN,TRAIN,TRAIN
770,3515,2025-05-13T15:43:34.000000,DEVELOPMENT,TRAIN,TRAIN,TRAIN,TRAIN
771,3516,2026-04-07T14:28:06.000000,DEVELOPMENT,NOT_USED,NOT_USED,NOT_USED,VALIDATION
772,3518,2025-08-27T18:31:28.000000,DEVELOPMENT,TRAIN,TRAIN,TRAIN,TRAIN
773,3520,2025-06-29T10:52:21.000000,DEVELOPMENT,TRAIN,TRAIN,TRAIN,TRAIN
774,3526,2026-05-18T09:34:06.000000,CALIBRATION,NOT_USED,NOT_USED,NOT_USED,NOT_USED
775,3531,2025-11-04T16:37:44.000000,DEVELOPMENT,NOT_USED,VALIDATION,TRAIN,TRAIN
776,3538,2026-06-13T14:39:10.000000,PROCEDURAL_HOLDOUT,NOT_USED,NOT_USED,NOT_USED,NOT_USED
777,3545,2026-03-30T12:46:36.000000,DEVELOPMENT,NOT_USED,NOT_USED,NOT_USED,VALIDATION
778,3547,2025-06-10T09:14:00.000000,DEVELOPMENT,TRAIN,TRAIN,TRAIN,TRAIN
779,3554,2025-06-02T15:03:00.000000,DEVELOPMENT,TRAIN,TRAIN,TRAIN,TRAIN
780,3555,2025-01-13T18:10:48.000000,DEVELOPMENT,TRAIN,TRAIN,TRAIN,TRAIN
781,3561,2025-06-22T17:30:00.000000,DEVELOPMENT,TRAIN,TRAIN,TRAIN,TRAIN
782,3571,2026-04-16T18:19:35.000000,DEVELOPMENT,NOT_USED,NOT_USED,NOT_USED,VALIDATION
783,3573,2026-06-07T14:53:26.000000,PROCEDURAL_HOLDOUT,NOT_USED,NOT_USED,NOT_USED,NOT_USED
784,3585,2026-06-05T19:51:41.000000,PROCEDURAL_HOLDOUT,NOT_USED,NOT_USED,NOT_USED,NOT_USED
785,3586,2026-03-27T11:43:00.000000,DEVELOPMENT,NOT_USED,NOT_USED,NOT_USED,VALIDATION
786,3588,2026-01-14T15:31:01.000000,DEVELOPMENT,NOT_USED,NOT_USED,VALIDATION,TRAIN
787,3591,2025-07-22T15:22:01.000000,DEVELOPMENT,TRAIN,TRAIN,TRAIN,TRAIN
788,3592,2025-04-26T15:42:00.000000,DEVELOPMENT,TRAIN,TRAIN,TRAIN,TRAIN
789,3594,2026-05-19T07:48:33.000000,CALIBRATION,NOT_USED,NOT_USED,NOT_USED,NOT_USED
790,3595,2026-05-04T15:57:00.000000,CALIBRATION,NOT_USED,NOT_USED,NOT_USED,NOT_USED
791,3596,2025-05-12T08:08:00.000000,DEVELOPMENT,TRAIN,TRAIN,TRAIN,TRAIN
792,3598,2025-09-15T15:33:00.000000,DEVELOPMENT,VALIDATION,TRAIN,TRAIN,TRAIN
793,3605,2026-01-09T18:02:18.000000,DEVELOPMENT,NOT_USED,NOT_USED,VALIDATION,TRAIN
794,3608,2025-12-16T09:02:00.000000,DEVELOPMENT,NOT_USED,VALIDATION,TRAIN,TRAIN
795,3609,2026-01-13T07:55:18.000000,DEVELOPMENT,NOT_USED,NOT_USED,VALIDATION,TRAIN
796,3616,2025-08-13T19:22:56.000000,DEVELOPMENT,TRAIN,TRAIN,TRAIN,TRAIN
797,3625,2025-05-13T11:19:08.000000,DEVELOPMENT,TRAIN,TRAIN,TRAIN,TRAIN
798,3628,2025-12-10T13:49:00.000000,DEVELOPMENT,NOT_USED,VALIDATION,TRAIN,TRAIN
799,3630,2025-12-22T14:37:00.000000,DEVELOPMENT,NOT_USED,VALIDATION,TRAIN,TRAIN
800,3631,2025-08-30T20:24:55.000000,DEVELOPMENT,TRAIN,TRAIN,TRAIN,TRAIN
801,3637,2026-02-19T11:13:39.000000,DEVELOPMENT,NOT_USED,NOT_USED,VALIDATION,TRAIN
802,3643,2025-03-27T11:43:58.000000,DEVELOPMENT,TRAIN,TRAIN,TRAIN,TRAIN
803,3651,2025-05-06T09:10:25.000000,DEVELOPMENT,TRAIN,TRAIN,TRAIN,TRAIN
804,3655,2025-06-03T16:46:25.000000,DEVELOPMENT,TRAIN,TRAIN,TRAIN,TRAIN
805,3657,2026-03-04T07:18:46.000000,DEVELOPMENT,NOT_USED,NOT_USED,NOT_USED,VALIDATION
806,3663,2025-01-27T12:53:37.000000,DEVELOPMENT,TRAIN,TRAIN,TRAIN,TRAIN
807,3669,2026-05-12T11:20:45.000000,CALIBRATION,NOT_USED,NOT_USED,NOT_USED,NOT_USED
808,3673,2025-10-19T15:51:26.000000,DEVELOPMENT,VALIDATION,TRAIN,TRAIN,TRAIN
809,3678,2025-01-28T08:16:41.000000,DEVELOPMENT,TRAIN,TRAIN,TRAIN,TRAIN
810,3684,2026-06-05T18:34:36.000000,PROCEDURAL_HOLDOUT,NOT_USED,NOT_USED,NOT_USED,NOT_USED
811,3687,2025-06-04T09:55:20.000000,DEVELOPMENT,TRAIN,TRAIN,TRAIN,TRAIN
812,3691,2025-04-13T12:20:00.000000,DEVELOPMENT,TRAIN,TRAIN,TRAIN,TRAIN
813,3694,2026-02-06T11:27:03.000000,DEVELOPMENT,NOT_USED,NOT_USED,VALIDATION,TRAIN
814,3698,2025-11-15T13:09:25.000000,DEVELOPMENT,NOT_USED,VALIDATION,TRAIN,TRAIN
815,3705,2025-11-06T20:37:39.000000,DEVELOPMENT,NOT_USED,VALIDATION,TRAIN,TRAIN
816,3713,2025-06-13T14:18:06.000000,DEVELOPMENT,TRAIN,TRAIN,TRAIN,TRAIN
817,3714,2025-10-13T18:00:42.000000,DEVELOPMENT,VALIDATION,TRAIN,TRAIN,TRAIN
818,3718,2025-11-27T10:19:55.000000,DEVELOPMENT,NOT_USED,VALIDATION,TRAIN,TRAIN
819,3726,2025-09-15T12:51:13.000000,DEVELOPMENT,VALIDATION,TRAIN,TRAIN,TRAIN
820,3732,2025-07-06T20:53:04.000000,DEVELOPMENT,TRAIN,TRAIN,TRAIN,TRAIN
821,3735,2026-06-08T14:51:00.000000,PROCEDURAL_HOLDOUT,NOT_USED,NOT_USED,NOT_USED,NOT_USED
822,3737,2025-09-21T11:47:00.000000,DEVELOPMENT,VALIDATION,TRAIN,TRAIN,TRAIN
823,3742,2026-03-04T13:09:46.000000,DEVELOPMENT,NOT_USED,NOT_USED,NOT_USED,VALIDATION
824,3743,2026-06-03T12:22:00.000000,PROCEDURAL_HOLDOUT,NOT_USED,NOT_USED,NOT_USED,NOT_USED
825,3744,2025-10-31T19:53:39.000000,DEVELOPMENT,VALIDATION,TRAIN,TRAIN,TRAIN
826,3748,2025-10-03T14:20:17.000000,DEVELOPMENT,VALIDATION,TRAIN,TRAIN,TRAIN
827,3750,2025-06-28T09:09:09.000000,DEVELOPMENT,TRAIN,TRAIN,TRAIN,TRAIN
828,3754,2026-06-07T16:00:21.000000,PROCEDURAL_HOLDOUT,NOT_USED,NOT_USED,NOT_USED,NOT_USED
829,3757,2025-01-18T10:04:50.000000,DEVELOPMENT,TRAIN,TRAIN,TRAIN,TRAIN
830,3762,2025-09-11T10:21:41.000000,DEVELOPMENT,VALIDATION,TRAIN,TRAIN,TRAIN
831,3764,2026-01-08T17:18:03.000000,DEVELOPMENT,NOT_USED,NOT_USED,VALIDATION,TRAIN
832,3767,2025-06-02T17:20:00.000000,DEVELOPMENT,TRAIN,TRAIN,TRAIN,TRAIN
833,3774,2025-03-26T10:37:32.000000,DEVELOPMENT,TRAIN,TRAIN,TRAIN,TRAIN
834,3779,2025-08-11T09:43:10.000000,DEVELOPMENT,TRAIN,TRAIN,TRAIN,TRAIN
835,3786,2025-04-04T10:20:22.000000,DEVELOPMENT,TRAIN,TRAIN,TRAIN,TRAIN
836,3790,2025-04-08T10:03:30.000000,DEVELOPMENT,TRAIN,TRAIN,TRAIN,TRAIN
837,3794,2025-03-01T10:58:36.000000,DEVELOPMENT,TRAIN,TRAIN,TRAIN,TRAIN
838,3805,2026-06-19T17:50:33.000000,PROCEDURAL_HOLDOUT,NOT_USED,NOT_USED,NOT_USED,NOT_USED
839,3810,2026-04-27T20:29:42.000000,DEVELOPMENT,NOT_USED,NOT_USED,NOT_USED,VALIDATION
840,3812,2025-12-07T16:29:01.000000,DEVELOPMENT,NOT_USED,VALIDATION,TRAIN,TRAIN
841,3815,2025-11-18T14:05:05.000000,DEVELOPMENT,NOT_USED,VALIDATION,TRAIN,TRAIN
842,3821,2025-07-26T08:21:19.000000,DEVELOPMENT,TRAIN,TRAIN,TRAIN,TRAIN
843,3823,2026-03-21T09:33:36.000000,DEVELOPMENT,NOT_USED,NOT_USED,NOT_USED,VALIDATION
844,3827,2025-06-28T13:10:01.000000,DEVELOPMENT,TRAIN,TRAIN,TRAIN,TRAIN
845,3832,2025-01-18T18:04:51.000000,DEVELOPMENT,TRAIN,TRAIN,TRAIN,TRAIN
846,3837,2025-04-18T10:29:01.000000,DEVELOPMENT,TRAIN,TRAIN,TRAIN,TRAIN
847,3839,2025-09-20T15:28:46.000000,DEVELOPMENT,VALIDATION,TRAIN,TRAIN,TRAIN
848,3841,2025-12-19T08:53:43.000000,DEVELOPMENT,NOT_USED,VALIDATION,TRAIN,TRAIN
849,3845,2025-12-16T20:32:54.000000,DEVELOPMENT,NOT_USED,VALIDATION,TRAIN,TRAIN
850,3847,2025-08-09T09:15:36.000000,DEVELOPMENT,TRAIN,TRAIN,TRAIN,TRAIN
851,3848,2026-05-22T09:58:03.000000,CALIBRATION,NOT_USED,NOT_USED,NOT_USED,NOT_USED
852,3855,2025-06-15T15:42:55.000000,DEVELOPMENT,TRAIN,TRAIN,TRAIN,TRAIN
853,3860,2025-11-28T18:33:37.000000,DEVELOPMENT,NOT_USED,VALIDATION,TRAIN,TRAIN
854,3862,2025-03-12T07:41:50.000000,DEVELOPMENT,TRAIN,TRAIN,TRAIN,TRAIN
855,3864,2025-07-12T14:05:00.000000,DEVELOPMENT,TRAIN,TRAIN,TRAIN,TRAIN
856,3866,2026-05-14T13:20:57.000000,CALIBRATION,NOT_USED,NOT_USED,NOT_USED,NOT_USED
857,3870,2026-01-31T12:26:53.000000,DEVELOPMENT,NOT_USED,NOT_USED,VALIDATION,TRAIN
858,3871,2026-01-08T17:52:17.000000,DEVELOPMENT,NOT_USED,NOT_USED,VALIDATION,TRAIN
859,3875,2025-07-16T19:01:56.000000,DEVELOPMENT,TRAIN,TRAIN,TRAIN,TRAIN
860,3876,2026-02-13T16:02:31.000000,DEVELOPMENT,NOT_USED,NOT_USED,VALIDATION,TRAIN
861,3885,2025-05-17T14:11:47.000000,DEVELOPMENT,TRAIN,TRAIN,TRAIN,TRAIN
862,3889,2025-12-11T11:50:24.000000,DEVELOPMENT,NOT_USED,VALIDATION,TRAIN,TRAIN
863,3893,2026-04-18T19:21:47.000000,DEVELOPMENT,NOT_USED,NOT_USED,NOT_USED,VALIDATION
864,3901,2026-03-16T10:57:55.000000,DEVELOPMENT,NOT_USED,NOT_USED,NOT_USED,VALIDATION
865,3903,2025-11-02T16:22:05.000000,DEVELOPMENT,NOT_USED,VALIDATION,TRAIN,TRAIN
866,3907,2025-07-05T10:54:02.000000,DEVELOPMENT,TRAIN,TRAIN,TRAIN,TRAIN
867,3913,2025-10-05T20:19:58.000000,DEVELOPMENT,VALIDATION,TRAIN,TRAIN,TRAIN
868,3917,2026-07-07T09:21:21.000000,POST_HOLDOUT_AUDIT,NOT_USED,NOT_USED,NOT_USED,NOT_USED
869,3919,2026-04-06T09:24:57.000000,DEVELOPMENT,NOT_USED,NOT_USED,NOT_USED,VALIDATION
870,3923,2025-02-06T20:15:28.000000,DEVELOPMENT,TRAIN,TRAIN,TRAIN,TRAIN
871,3930,2026-05-30T12:07:52.000000,CALIBRATION,NOT_USED,NOT_USED,NOT_USED,NOT_USED
872,3931,2026-06-04T10:05:49.000000,PROCEDURAL_HOLDOUT,NOT_USED,NOT_USED,NOT_USED,NOT_USED
873,3934,2025-12-15T08:42:15.000000,DEVELOPMENT,NOT_USED,VALIDATION,TRAIN,TRAIN
874,3936,2025-10-28T11:33:54.000000,DEVELOPMENT,VALIDATION,TRAIN,TRAIN,TRAIN
875,3941,2026-04-08T14:19:21.000000,DEVELOPMENT,NOT_USED,NOT_USED,NOT_USED,VALIDATION
876,3943,2025-06-30T10:07:47.000000,DEVELOPMENT,TRAIN,TRAIN,TRAIN,TRAIN
877,3948,2025-08-20T08:02:55.000000,DEVELOPMENT,TRAIN,TRAIN,TRAIN,TRAIN
878,3957,2025-06-20T11:01:24.000000,DEVELOPMENT,TRAIN,TRAIN,TRAIN,TRAIN
879,3963,2026-05-11T11:02:07.000000,CALIBRATION,NOT_USED,NOT_USED,NOT_USED,NOT_USED
880,3965,2025-11-25T07:41:36.000000,DEVELOPMENT,NOT_USED,VALIDATION,TRAIN,TRAIN
881,3974,2026-01-28T16:14:24.000000,DEVELOPMENT,NOT_USED,NOT_USED,VALIDATION,TRAIN
882,3978,2025-08-16T13:11:00.000000,DEVELOPMENT,TRAIN,TRAIN,TRAIN,TRAIN
883,3980,2026-05-15T17:54:48.000000,CALIBRATION,NOT_USED,NOT_USED,NOT_USED,NOT_USED
884,3982,2025-12-10T15:57:02.000000,DEVELOPMENT,NOT_USED,VALIDATION,TRAIN,TRAIN
885,3985,2026-04-18T07:11:52.000000,DEVELOPMENT,NOT_USED,NOT_USED,NOT_USED,VALIDATION
886,3989,2025-02-12T10:20:00.000000,DEVELOPMENT,TRAIN,TRAIN,TRAIN,TRAIN
887,3992,2025-07-18T15:24:03.000000,DEVELOPMENT,TRAIN,TRAIN,TRAIN,TRAIN
888,3996,2025-11-21T17:09:02.000000,DEVELOPMENT,NOT_USED,VALIDATION,TRAIN,TRAIN
889,4003,2026-04-29T11:31:30.000000,DEVELOPMENT,NOT_USED,NOT_USED,NOT_USED,VALIDATION
890,4005,2026-05-19T15:09:00.000000,CALIBRATION,NOT_USED,NOT_USED,NOT_USED,NOT_USED
891,4010,2025-10-28T07:15:42.000000,DEVELOPMENT,VALIDATION,TRAIN,TRAIN,TRAIN
892,4014,2025-09-24T08:35:37.000000,DEVELOPMENT,VALIDATION,TRAIN,TRAIN,TRAIN
893,4019,2026-03-11T19:46:04.000000,DEVELOPMENT,NOT_USED,NOT_USED,NOT_USED,VALIDATION
894,4028,2026-02-02T17:50:58.000000,DEVELOPMENT,NOT_USED,NOT_USED,VALIDATION,TRAIN
895,4031,2026-03-23T11:45:00.000000,DEVELOPMENT,NOT_USED,NOT_USED,NOT_USED,VALIDATION
896,4034,2025-01-18T14:39:17.000000,DEVELOPMENT,TRAIN,TRAIN,TRAIN,TRAIN
897,4038,2026-05-20T15:07:24.000000,CALIBRATION,NOT_USED,NOT_USED,NOT_USED,NOT_USED
898,4045,2025-01-21T10:56:10.000000,DEVELOPMENT,TRAIN,TRAIN,TRAIN,TRAIN
899,4049,2026-01-21T08:58:26.000000,DEVELOPMENT,NOT_USED,NOT_USED,VALIDATION,TRAIN
900,4050,2026-01-02T19:12:20.000000,DEVELOPMENT,NOT_USED,NOT_USED,VALIDATION,TRAIN
901,4052,2026-02-05T09:43:55.000000,DEVELOPMENT,NOT_USED,NOT_USED,VALIDATION,TRAIN
902,4058,2026-05-25T12:40:05.000000,CALIBRATION,NOT_USED,NOT_USED,NOT_USED,NOT_USED
903,4061,2026-07-04T14:47:33.000000,POST_HOLDOUT_AUDIT,NOT_USED,NOT_USED,NOT_USED,NOT_USED
904,4063,2025-03-12T15:21:21.000000,DEVELOPMENT,TRAIN,TRAIN,TRAIN,TRAIN
905,4070,2026-04-22T14:25:58.000000,DEVELOPMENT,NOT_USED,NOT_USED,NOT_USED,VALIDATION
906,4073,2025-11-14T20:31:00.000000,DEVELOPMENT,NOT_USED,VALIDATION,TRAIN,TRAIN
907,4077,2025-12-02T17:30:04.000000,DEVELOPMENT,NOT_USED,VALIDATION,TRAIN,TRAIN
908,4081,2026-06-27T16:01:13.000000,PROCEDURAL_HOLDOUT,NOT_USED,NOT_USED,NOT_USED,NOT_USED
909,4085,2026-02-15T19:38:35.000000,DEVELOPMENT,NOT_USED,NOT_USED,VALIDATION,TRAIN
910,4088,2026-05-25T20:46:19.000000,CALIBRATION,NOT_USED,NOT_USED,NOT_USED,NOT_USED
911,4098,2025-05-21T15:07:46.000000,DEVELOPMENT,TRAIN,TRAIN,TRAIN,TRAIN
912,4100,2026-04-05T11:28:44.000000,DEVELOPMENT,NOT_USED,NOT_USED,NOT_USED,VALIDATION
913,4104,2025-11-10T14:58:00.000000,DEVELOPMENT,NOT_USED,VALIDATION,TRAIN,TRAIN
914,4107,2025-05-06T19:40:45.000000,DEVELOPMENT,TRAIN,TRAIN,TRAIN,TRAIN
915,4111,2026-06-21T16:08:39.000000,PROCEDURAL_HOLDOUT,NOT_USED,NOT_USED,NOT_USED,NOT_USED
916,4116,2025-06-27T11:29:20.000000,DEVELOPMENT,TRAIN,TRAIN,TRAIN,TRAIN
917,4118,2025-04-05T07:55:28.000000,DEVELOPMENT,TRAIN,TRAIN,TRAIN,TRAIN
918,4119,2025-11-19T10:01:37.000000,DEVELOPMENT,NOT_USED,VALIDATION,TRAIN,TRAIN
919,4133,2026-05-05T14:00:03.000000,CALIBRATION,NOT_USED,NOT_USED,NOT_USED,NOT_USED
920,4135,2025-09-25T20:15:51.000000,DEVELOPMENT,VALIDATION,TRAIN,TRAIN,TRAIN
921,4143,2026-02-12T20:08:45.000000,DEVELOPMENT,NOT_USED,NOT_USED,VALIDATION,TRAIN
922,4147,2026-06-08T07:26:47.000000,PROCEDURAL_HOLDOUT,NOT_USED,NOT_USED,NOT_USED,NOT_USED
923,4151,2025-07-03T14:19:00.000000,DEVELOPMENT,TRAIN,TRAIN,TRAIN,TRAIN
924,4152,2025-02-01T20:07:52.000000,DEVELOPMENT,TRAIN,TRAIN,TRAIN,TRAIN
925,4160,2026-06-05T08:36:45.000000,PROCEDURAL_HOLDOUT,NOT_USED,NOT_USED,NOT_USED,NOT_USED
926,4166,2026-01-13T13:16:34.000000,DEVELOPMENT,NOT_USED,NOT_USED,VALIDATION,TRAIN
927,4169,2025-08-21T11:22:12.000000,DEVELOPMENT,TRAIN,TRAIN,TRAIN,TRAIN
928,4181,2026-04-05T13:37:46.000000,DEVELOPMENT,NOT_USED,NOT_USED,NOT_USED,VALIDATION
929,4183,2025-09-22T20:46:45.000000,DEVELOPMENT,VALIDATION,TRAIN,TRAIN,TRAIN
930,4185,2026-05-14T16:11:12.000000,CALIBRATION,NOT_USED,NOT_USED,NOT_USED,NOT_USED
931,4190,2025-09-21T12:13:24.000000,DEVELOPMENT,VALIDATION,TRAIN,TRAIN,TRAIN
932,4199,2025-06-02T14:47:02.000000,DEVELOPMENT,TRAIN,TRAIN,TRAIN,TRAIN
933,4204,2025-04-20T20:41:55.000000,DEVELOPMENT,TRAIN,TRAIN,TRAIN,TRAIN
934,4207,2025-05-22T07:45:35.000000,DEVELOPMENT,TRAIN,TRAIN,TRAIN,TRAIN
935,4217,2025-12-21T10:19:07.000000,DEVELOPMENT,NOT_USED,VALIDATION,TRAIN,TRAIN
936,4218,2026-01-18T12:18:00.000000,DEVELOPMENT,NOT_USED,NOT_USED,VALIDATION,TRAIN
937,4223,2025-10-20T07:18:13.000000,DEVELOPMENT,VALIDATION,TRAIN,TRAIN,TRAIN
938,4231,2025-02-28T09:42:12.000000,DEVELOPMENT,TRAIN,TRAIN,TRAIN,TRAIN
939,4232,2026-06-24T07:22:19.000000,PROCEDURAL_HOLDOUT,NOT_USED,NOT_USED,NOT_USED,NOT_USED
940,4235,2026-05-26T13:04:00.000000,CALIBRATION,NOT_USED,NOT_USED,NOT_USED,NOT_USED
941,4237,2026-03-03T08:24:27.000000,DEVELOPMENT,NOT_USED,NOT_USED,NOT_USED,VALIDATION
942,4238,2025-08-02T17:07:43.000000,DEVELOPMENT,TRAIN,TRAIN,TRAIN,TRAIN
943,4245,2025-09-05T16:17:07.000000,DEVELOPMENT,VALIDATION,TRAIN,TRAIN,TRAIN
944,4252,2025-02-19T08:59:12.000000,DEVELOPMENT,TRAIN,TRAIN,TRAIN,TRAIN
945,4257,2026-05-03T11:46:32.000000,CALIBRATION,NOT_USED,NOT_USED,NOT_USED,NOT_USED
946,4265,2026-06-13T16:15:19.000000,PROCEDURAL_HOLDOUT,NOT_USED,NOT_USED,NOT_USED,NOT_USED
947,4268,2026-05-25T16:22:58.000000,CALIBRATION,NOT_USED,NOT_USED,NOT_USED,NOT_USED
948,4270,2026-05-30T20:35:36.000000,CALIBRATION,NOT_USED,NOT_USED,NOT_USED,NOT_USED
949,4276,2025-11-10T11:11:57.000000,DEVELOPMENT,NOT_USED,VALIDATION,TRAIN,TRAIN
950,4282,2026-06-23T07:08:10.000000,PROCEDURAL_HOLDOUT,NOT_USED,NOT_USED,NOT_USED,NOT_USED
951,4284,2026-06-14T08:15:34.000000,PROCEDURAL_HOLDOUT,NOT_USED,NOT_USED,NOT_USED,NOT_USED
952,4285,2026-02-20T16:34:36.000000,DEVELOPMENT,NOT_USED,NOT_USED,VALIDATION,TRAIN
953,4286,2025-10-13T13:32:56.000000,DEVELOPMENT,VALIDATION,TRAIN,TRAIN,TRAIN
954,4293,2025-05-01T09:45:55.000000,DEVELOPMENT,TRAIN,TRAIN,TRAIN,TRAIN
955,4296,2025-05-03T15:51:21.000000,DEVELOPMENT,TRAIN,TRAIN,TRAIN,TRAIN
956,4301,2025-09-18T10:11:48.000000,DEVELOPMENT,VALIDATION,TRAIN,TRAIN,TRAIN
957,4305,2025-10-20T08:53:07.000000,DEVELOPMENT,VALIDATION,TRAIN,TRAIN,TRAIN
958,4306,2025-12-11T07:56:51.000000,DEVELOPMENT,NOT_USED,VALIDATION,TRAIN,TRAIN
959,4311,2025-10-13T07:01:00.000000,DEVELOPMENT,VALIDATION,TRAIN,TRAIN,TRAIN
960,4315,2026-02-27T15:12:11.000000,DEVELOPMENT,NOT_USED,NOT_USED,VALIDATION,TRAIN
961,4318,2025-10-09T18:35:31.000000,DEVELOPMENT,VALIDATION,TRAIN,TRAIN,TRAIN
962,4326,2026-02-01T11:52:17.000000,DEVELOPMENT,NOT_USED,NOT_USED,VALIDATION,TRAIN
963,4332,2025-04-10T09:05:36.000000,DEVELOPMENT,TRAIN,TRAIN,TRAIN,TRAIN
964,4337,2026-01-15T07:50:52.000000,DEVELOPMENT,NOT_USED,NOT_USED,VALIDATION,TRAIN
965,4343,2025-04-30T16:09:53.000000,DEVELOPMENT,TRAIN,TRAIN,TRAIN,TRAIN
966,4348,2025-10-11T11:35:57.000000,DEVELOPMENT,VALIDATION,TRAIN,TRAIN,TRAIN
967,4351,2025-11-05T13:31:00.000000,DEVELOPMENT,NOT_USED,VALIDATION,TRAIN,TRAIN
968,4355,2025-10-30T18:07:00.000000,DEVELOPMENT,VALIDATION,TRAIN,TRAIN,TRAIN
969,4359,2026-02-17T08:03:20.000000,DEVELOPMENT,NOT_USED,NOT_USED,VALIDATION,TRAIN
970,4364,2026-04-13T15:34:03.000000,DEVELOPMENT,NOT_USED,NOT_USED,NOT_USED,VALIDATION
971,4370,2025-05-13T19:49:24.000000,DEVELOPMENT,TRAIN,TRAIN,TRAIN,TRAIN
972,4373,2026-01-25T18:21:41.000000,DEVELOPMENT,NOT_USED,NOT_USED,VALIDATION,TRAIN
973,4376,2025-03-13T11:18:00.000000,DEVELOPMENT,TRAIN,TRAIN,TRAIN,TRAIN
974,4382,2025-09-08T07:07:53.000000,DEVELOPMENT,VALIDATION,TRAIN,TRAIN,TRAIN
975,4385,2025-05-30T20:18:39.000000,DEVELOPMENT,TRAIN,TRAIN,TRAIN,TRAIN
976,4386,2026-06-24T18:57:00.000000,PROCEDURAL_HOLDOUT,NOT_USED,NOT_USED,NOT_USED,NOT_USED
977,4394,2025-08-05T08:04:03.000000,DEVELOPMENT,TRAIN,TRAIN,TRAIN,TRAIN
978,4397,2026-02-18T20:35:26.000000,DEVELOPMENT,NOT_USED,NOT_USED,VALIDATION,TRAIN
979,4406,2025-02-01T11:40:09.000000,DEVELOPMENT,TRAIN,TRAIN,TRAIN,TRAIN
980,4411,2025-11-15T10:54:28.000000,DEVELOPMENT,NOT_USED,VALIDATION,TRAIN,TRAIN
981,4414,2025-08-17T12:13:28.000000,DEVELOPMENT,TRAIN,TRAIN,TRAIN,TRAIN
982,4420,2025-05-11T09:42:02.000000,DEVELOPMENT,TRAIN,TRAIN,TRAIN,TRAIN
983,4425,2025-11-19T08:47:31.000000,DEVELOPMENT,NOT_USED,VALIDATION,TRAIN,TRAIN
984,4430,2025-12-24T13:47:12.000000,DEVELOPMENT,NOT_USED,VALIDATION,TRAIN,TRAIN
985,4435,2026-03-29T15:29:36.000000,DEVELOPMENT,NOT_USED,NOT_USED,NOT_USED,VALIDATION
986,4439,2025-08-19T18:59:27.000000,DEVELOPMENT,TRAIN,TRAIN,TRAIN,TRAIN
987,4446,2025-09-23T09:42:47.000000,DEVELOPMENT,VALIDATION,TRAIN,TRAIN,TRAIN
988,4454,2025-08-05T07:57:43.000000,DEVELOPMENT,TRAIN,TRAIN,TRAIN,TRAIN
989,4458,2026-05-04T13:02:00.000000,CALIBRATION,NOT_USED,NOT_USED,NOT_USED,NOT_USED
990,4463,2025-05-18T17:15:36.000000,DEVELOPMENT,TRAIN,TRAIN,TRAIN,TRAIN
991,4471,2026-01-12T07:07:08.000000,DEVELOPMENT,NOT_USED,NOT_USED,VALIDATION,TRAIN
992,4472,2026-04-13T12:45:23.000000,DEVELOPMENT,NOT_USED,NOT_USED,NOT_USED,VALIDATION
993,4476,2025-10-25T17:25:27.000000,DEVELOPMENT,VALIDATION,TRAIN,TRAIN,TRAIN
994,4481,2025-06-07T07:47:27.000000,DEVELOPMENT,TRAIN,TRAIN,TRAIN,TRAIN
995,4486,2025-11-08T19:44:24.000000,DEVELOPMENT,NOT_USED,VALIDATION,TRAIN,TRAIN
996,4490,2025-09-02T18:32:08.000000,DEVELOPMENT,VALIDATION,TRAIN,TRAIN,TRAIN
997,4498,2026-01-12T10:04:00.000000,DEVELOPMENT,NOT_USED,NOT_USED,VALIDATION,TRAIN
998,4503,2026-05-14T16:00:51.000000,CALIBRATION,NOT_USED,NOT_USED,NOT_USED,NOT_USED
999,4508,2025-03-21T09:13:28.000000,DEVELOPMENT,TRAIN,TRAIN,TRAIN,TRAIN
1000,4517,2025-08-04T12:27:02.000000,DEVELOPMENT,TRAIN,TRAIN,TRAIN,TRAIN
1001,4519,2025-10-17T12:54:21.000000,DEVELOPMENT,VALIDATION,TRAIN,TRAIN,TRAIN
1002,4526,2026-01-19T07:15:32.000000,DEVELOPMENT,NOT_USED,NOT_USED,VALIDATION,TRAIN
1003,4535,2025-05-29T14:27:21.000000,DEVELOPMENT,TRAIN,TRAIN,TRAIN,TRAIN
1004,4540,2026-03-29T07:14:08.000000,DEVELOPMENT,NOT_USED,NOT_USED,NOT_USED,VALIDATION
1005,4548,2025-07-23T20:18:22.000000,DEVELOPMENT,TRAIN,TRAIN,TRAIN,TRAIN
1006,4549,2026-06-30T15:22:52.000000,PROCEDURAL_HOLDOUT,NOT_USED,NOT_USED,NOT_USED,NOT_USED
1007,4552,2026-02-13T14:23:45.000000,DEVELOPMENT,NOT_USED,NOT_USED,VALIDATION,TRAIN
1008,4559,2025-05-20T19:18:55.000000,DEVELOPMENT,TRAIN,TRAIN,TRAIN,TRAIN
1009,4566,2026-01-09T12:12:45.000000,DEVELOPMENT,NOT_USED,NOT_USED,VALIDATION,TRAIN
1010,4572,2025-04-07T20:00:00.000000,DEVELOPMENT,TRAIN,TRAIN,TRAIN,TRAIN
1011,4576,2025-03-26T12:28:15.000000,DEVELOPMENT,TRAIN,TRAIN,TRAIN,TRAIN
1012,4579,2025-03-05T17:36:00.000000,DEVELOPMENT,TRAIN,TRAIN,TRAIN,TRAIN
1013,4582,2025-03-20T20:15:00.000000,DEVELOPMENT,TRAIN,TRAIN,TRAIN,TRAIN
1014,4583,2026-06-18T15:19:00.000000,PROCEDURAL_HOLDOUT,NOT_USED,NOT_USED,NOT_USED,NOT_USED
1015,4584,2026-04-16T14:36:44.000000,DEVELOPMENT,NOT_USED,NOT_USED,NOT_USED,VALIDATION
1016,4585,2026-01-04T11:00:53.000000,DEVELOPMENT,NOT_USED,NOT_USED,VALIDATION,TRAIN
1017,4591,2025-08-05T13:47:59.000000,DEVELOPMENT,TRAIN,TRAIN,TRAIN,TRAIN
1018,4595,2025-09-30T16:04:40.000000,DEVELOPMENT,VALIDATION,TRAIN,TRAIN,TRAIN
1019,4600,2025-04-20T19:09:45.000000,DEVELOPMENT,TRAIN,TRAIN,TRAIN,TRAIN
1020,4602,2025-08-31T08:28:24.000000,DEVELOPMENT,TRAIN,TRAIN,TRAIN,TRAIN
1021,4613,2025-12-01T09:49:23.000000,DEVELOPMENT,NOT_USED,VALIDATION,TRAIN,TRAIN
1022,4615,2026-03-05T19:26:18.000000,DEVELOPMENT,NOT_USED,NOT_USED,NOT_USED,VALIDATION
1023,4621,2026-06-16T07:00:38.000000,PROCEDURAL_HOLDOUT,NOT_USED,NOT_USED,NOT_USED,NOT_USED
1024,4623,2025-08-16T11:22:27.000000,DEVELOPMENT,TRAIN,TRAIN,TRAIN,TRAIN
1025,4635,2025-11-28T12:26:54.000000,DEVELOPMENT,NOT_USED,VALIDATION,TRAIN,TRAIN
1026,4638,2025-02-26T10:34:33.000000,DEVELOPMENT,TRAIN,TRAIN,TRAIN,TRAIN
1027,4641,2025-12-01T12:01:07.000000,DEVELOPMENT,NOT_USED,VALIDATION,TRAIN,TRAIN
1028,4642,2025-03-08T16:41:30.000000,DEVELOPMENT,TRAIN,TRAIN,TRAIN,TRAIN
1029,4643,2026-05-03T14:18:06.000000,CALIBRATION,NOT_USED,NOT_USED,NOT_USED,NOT_USED
1030,4650,2025-03-19T18:58:00.000000,DEVELOPMENT,TRAIN,TRAIN,TRAIN,TRAIN
1031,4654,2025-04-20T11:16:36.000000,DEVELOPMENT,TRAIN,TRAIN,TRAIN,TRAIN
1032,4660,2025-05-16T15:35:07.000000,DEVELOPMENT,TRAIN,TRAIN,TRAIN,TRAIN
1033,4663,2025-11-06T19:32:08.000000,DEVELOPMENT,NOT_USED,VALIDATION,TRAIN,TRAIN
1034,4669,2026-01-20T19:53:18.000000,DEVELOPMENT,NOT_USED,NOT_USED,VALIDATION,TRAIN
1035,4670,2025-05-15T15:04:31.000000,DEVELOPMENT,TRAIN,TRAIN,TRAIN,TRAIN
1036,4675,2026-03-04T16:31:42.000000,DEVELOPMENT,NOT_USED,NOT_USED,NOT_USED,VALIDATION
1037,4681,2026-01-12T19:41:08.000000,DEVELOPMENT,NOT_USED,NOT_USED,VALIDATION,TRAIN
1038,4683,2025-12-20T09:50:29.000000,DEVELOPMENT,NOT_USED,VALIDATION,TRAIN,TRAIN
1039,4689,2025-11-19T14:56:32.000000,DEVELOPMENT,NOT_USED,VALIDATION,TRAIN,TRAIN
1040,4691,2026-05-26T13:38:35.000000,CALIBRATION,NOT_USED,NOT_USED,NOT_USED,NOT_USED
1041,4698,2026-04-13T15:08:42.000000,DEVELOPMENT,NOT_USED,NOT_USED,NOT_USED,VALIDATION
1042,4700,2026-03-06T19:44:47.000000,DEVELOPMENT,NOT_USED,NOT_USED,NOT_USED,VALIDATION
1043,4708,2025-11-14T07:37:51.000000,DEVELOPMENT,NOT_USED,VALIDATION,TRAIN,TRAIN
1044,4715,2025-11-03T07:17:45.000000,DEVELOPMENT,NOT_USED,VALIDATION,TRAIN,TRAIN
1045,4719,2025-11-29T08:22:19.000000,DEVELOPMENT,NOT_USED,VALIDATION,TRAIN,TRAIN
1046,4722,2026-06-30T19:04:20.000000,PROCEDURAL_HOLDOUT,NOT_USED,NOT_USED,NOT_USED,NOT_USED
1047,4726,2025-09-26T09:47:14.000000,DEVELOPMENT,VALIDATION,TRAIN,TRAIN,TRAIN
1048,4730,2026-01-06T18:44:39.000000,DEVELOPMENT,NOT_USED,NOT_USED,VALIDATION,TRAIN
1049,4734,2025-03-29T17:32:00.000000,DEVELOPMENT,TRAIN,TRAIN,TRAIN,TRAIN
1050,4743,2026-02-23T14:53:47.000000,DEVELOPMENT,NOT_USED,NOT_USED,VALIDATION,TRAIN
1051,4746,2025-09-27T08:13:53.000000,DEVELOPMENT,VALIDATION,TRAIN,TRAIN,TRAIN
1052,4752,2026-07-02T19:29:58.000000,POST_HOLDOUT_AUDIT,NOT_USED,NOT_USED,NOT_USED,NOT_USED
1053,4755,2025-02-01T15:08:05.000000,DEVELOPMENT,TRAIN,TRAIN,TRAIN,TRAIN
1054,4763,2026-06-26T14:26:43.000000,PROCEDURAL_HOLDOUT,NOT_USED,NOT_USED,NOT_USED,NOT_USED
1055,4764,2025-12-04T17:47:11.000000,DEVELOPMENT,NOT_USED,VALIDATION,TRAIN,TRAIN
1056,4771,2025-05-01T10:02:02.000000,DEVELOPMENT,TRAIN,TRAIN,TRAIN,TRAIN
1057,4779,2025-05-13T10:13:29.000000,DEVELOPMENT,TRAIN,TRAIN,TRAIN,TRAIN
1058,4782,2025-04-11T20:31:38.000000,DEVELOPMENT,TRAIN,TRAIN,TRAIN,TRAIN
1059,4788,2025-05-10T12:11:00.000000,DEVELOPMENT,TRAIN,TRAIN,TRAIN,TRAIN
1060,4794,2025-01-28T17:52:15.000000,DEVELOPMENT,TRAIN,TRAIN,TRAIN,TRAIN
1061,4795,2026-03-02T13:31:39.000000,DEVELOPMENT,NOT_USED,NOT_USED,NOT_USED,VALIDATION
1062,4798,2025-04-28T08:10:00.000000,DEVELOPMENT,TRAIN,TRAIN,TRAIN,TRAIN
1063,4807,2025-07-04T17:05:52.000000,DEVELOPMENT,TRAIN,TRAIN,TRAIN,TRAIN
1064,4815,2025-08-26T09:54:01.000000,DEVELOPMENT,TRAIN,TRAIN,TRAIN,TRAIN
1065,4820,2025-12-22T10:51:32.000000,DEVELOPMENT,NOT_USED,VALIDATION,TRAIN,TRAIN
1066,4824,2026-03-23T08:37:35.000000,DEVELOPMENT,NOT_USED,NOT_USED,NOT_USED,VALIDATION
1067,4829,2026-01-12T17:34:39.000000,DEVELOPMENT,NOT_USED,NOT_USED,VALIDATION,TRAIN
1068,4836,2026-04-09T08:50:26.000000,DEVELOPMENT,NOT_USED,NOT_USED,NOT_USED,VALIDATION
1069,4840,2025-09-30T19:08:14.000000,DEVELOPMENT,VALIDATION,TRAIN,TRAIN,TRAIN
1070,4844,2025-09-22T08:45:16.000000,DEVELOPMENT,VALIDATION,TRAIN,TRAIN,TRAIN
1071,4856,2025-01-01T16:13:52.000000,DEVELOPMENT,TRAIN,TRAIN,TRAIN,TRAIN
1072,4864,2025-12-09T18:34:48.000000,DEVELOPMENT,NOT_USED,VALIDATION,TRAIN,TRAIN
1073,4870,2026-03-15T10:41:56.000000,DEVELOPMENT,NOT_USED,NOT_USED,NOT_USED,VALIDATION
1074,4874,2025-12-21T16:06:45.000000,DEVELOPMENT,NOT_USED,VALIDATION,TRAIN,TRAIN
1075,4876,2025-08-03T11:15:24.000000,DEVELOPMENT,TRAIN,TRAIN,TRAIN,TRAIN
1076,4883,2025-12-26T14:02:37.000000,DEVELOPMENT,NOT_USED,VALIDATION,TRAIN,TRAIN
1077,4886,2025-05-19T07:58:06.000000,DEVELOPMENT,TRAIN,TRAIN,TRAIN,TRAIN
1078,4892,2025-01-29T16:03:30.000000,DEVELOPMENT,TRAIN,TRAIN,TRAIN,TRAIN
1079,4902,2026-02-17T08:11:48.000000,DEVELOPMENT,NOT_USED,NOT_USED,VALIDATION,TRAIN
1080,4911,2025-10-07T10:52:57.000000,DEVELOPMENT,VALIDATION,TRAIN,TRAIN,TRAIN
1081,4918,2026-03-07T20:41:52.000000,DEVELOPMENT,NOT_USED,NOT_USED,NOT_USED,VALIDATION
1082,4921,2025-12-17T08:36:05.000000,DEVELOPMENT,NOT_USED,VALIDATION,TRAIN,TRAIN
1083,4930,2026-03-22T16:59:52.000000,DEVELOPMENT,NOT_USED,NOT_USED,NOT_USED,VALIDATION
1084,4935,2026-02-16T20:59:27.000000,DEVELOPMENT,NOT_USED,NOT_USED,VALIDATION,TRAIN
1085,4943,2026-02-25T18:18:35.000000,DEVELOPMENT,NOT_USED,NOT_USED,VALIDATION,TRAIN
1086,4954,2026-04-24T18:46:13.000000,DEVELOPMENT,NOT_USED,NOT_USED,NOT_USED,VALIDATION
1087,4958,2025-04-11T14:49:54.000000,DEVELOPMENT,TRAIN,TRAIN,TRAIN,TRAIN
1088,4961,2025-10-15T17:25:19.000000,DEVELOPMENT,VALIDATION,TRAIN,TRAIN,TRAIN
1089,4964,2026-03-01T20:29:26.000000,DEVELOPMENT,NOT_USED,NOT_USED,NOT_USED,VALIDATION
1090,4972,2025-09-13T20:51:00.000000,DEVELOPMENT,VALIDATION,TRAIN,TRAIN,TRAIN
1091,4976,2025-05-17T08:38:19.000000,DEVELOPMENT,TRAIN,TRAIN,TRAIN,TRAIN
1092,4982,2026-06-23T11:57:18.000000,PROCEDURAL_HOLDOUT,NOT_USED,NOT_USED,NOT_USED,NOT_USED
1093,4985,2025-06-21T16:35:15.000000,DEVELOPMENT,TRAIN,TRAIN,TRAIN,TRAIN
1094,4987,2025-09-29T11:01:42.000000,DEVELOPMENT,VALIDATION,TRAIN,TRAIN,TRAIN
1095,4988,2025-06-21T19:54:00.000000,DEVELOPMENT,TRAIN,TRAIN,TRAIN,TRAIN
1096,4989,2025-05-26T13:37:00.000000,DEVELOPMENT,TRAIN,TRAIN,TRAIN,TRAIN
1097,4990,2025-04-30T12:55:06.000000,DEVELOPMENT,TRAIN,TRAIN,TRAIN,TRAIN
1098,4995,2025-08-20T17:57:31.000000,DEVELOPMENT,TRAIN,TRAIN,TRAIN,TRAIN
1099,4997,2025-11-17T20:01:48.000000,DEVELOPMENT,NOT_USED,VALIDATION,TRAIN,TRAIN
1100,4999,2026-05-30T07:00:37.000000,CALIBRATION,NOT_USED,NOT_USED,NOT_USED,NOT_USED
1101,5001,2025-12-09T14:19:39.000000,DEVELOPMENT,NOT_USED,VALIDATION,TRAIN,TRAIN
1102,5010,2025-07-24T14:39:39.000000,DEVELOPMENT,TRAIN,TRAIN,TRAIN,TRAIN
1103,5013,2026-02-20T16:16:34.000000,DEVELOPMENT,NOT_USED,NOT_USED,VALIDATION,TRAIN
1104,5021,2026-02-19T08:28:42.000000,DEVELOPMENT,NOT_USED,NOT_USED,VALIDATION,TRAIN
1105,5024,2026-01-21T13:47:00.000000,DEVELOPMENT,NOT_USED,NOT_USED,VALIDATION,TRAIN
1106,5027,2026-03-16T16:43:22.000000,DEVELOPMENT,NOT_USED,NOT_USED,NOT_USED,VALIDATION
1107,5032,2025-09-17T10:22:33.000000,DEVELOPMENT,VALIDATION,TRAIN,TRAIN,TRAIN
1108,5037,2026-03-25T19:03:54.000000,DEVELOPMENT,NOT_USED,NOT_USED,NOT_USED,VALIDATION
1109,5044,2025-11-23T07:14:37.000000,DEVELOPMENT,NOT_USED,VALIDATION,TRAIN,TRAIN
1110,5051,2026-03-30T12:06:00.000000,DEVELOPMENT,NOT_USED,NOT_USED,NOT_USED,VALIDATION
1111,5054,2025-07-22T14:51:48.000000,DEVELOPMENT,TRAIN,TRAIN,TRAIN,TRAIN
1112,5057,2025-02-09T20:35:33.000000,DEVELOPMENT,TRAIN,TRAIN,TRAIN,TRAIN
1113,5061,2025-05-03T12:57:02.000000,DEVELOPMENT,TRAIN,TRAIN,TRAIN,TRAIN
1114,5067,2025-03-16T17:46:00.000000,DEVELOPMENT,TRAIN,TRAIN,TRAIN,TRAIN
1115,5070,2025-02-13T10:29:47.000000,DEVELOPMENT,TRAIN,TRAIN,TRAIN,TRAIN
1116,5075,2025-08-08T10:40:38.000000,DEVELOPMENT,TRAIN,TRAIN,TRAIN,TRAIN
1117,5080,2025-06-02T11:18:35.000000,DEVELOPMENT,TRAIN,TRAIN,TRAIN,TRAIN
1118,5085,2025-12-20T15:37:55.000000,DEVELOPMENT,NOT_USED,VALIDATION,TRAIN,TRAIN
1119,5091,2025-10-13T07:09:34.000000,DEVELOPMENT,VALIDATION,TRAIN,TRAIN,TRAIN
1120,5096,2026-05-09T09:28:47.000000,CALIBRATION,NOT_USED,NOT_USED,NOT_USED,NOT_USED
1121,5100,2025-04-07T13:01:00.000000,DEVELOPMENT,TRAIN,TRAIN,TRAIN,TRAIN
1122,5103,2025-05-29T15:01:39.000000,DEVELOPMENT,TRAIN,TRAIN,TRAIN,TRAIN
1123,5107,2026-05-07T15:41:32.000000,CALIBRATION,NOT_USED,NOT_USED,NOT_USED,NOT_USED
1124,5111,2026-05-22T12:22:29.000000,CALIBRATION,NOT_USED,NOT_USED,NOT_USED,NOT_USED
1125,5114,2026-01-26T20:52:18.000000,DEVELOPMENT,NOT_USED,NOT_USED,VALIDATION,TRAIN
1126,5117,2026-06-22T09:46:11.000000,PROCEDURAL_HOLDOUT,NOT_USED,NOT_USED,NOT_USED,NOT_USED
1127,5119,2025-02-27T12:41:13.000000,DEVELOPMENT,TRAIN,TRAIN,TRAIN,TRAIN
1128,5120,2026-06-17T09:31:32.000000,PROCEDURAL_HOLDOUT,NOT_USED,NOT_USED,NOT_USED,NOT_USED
1129,5122,2025-05-03T15:31:17.000000,DEVELOPMENT,TRAIN,TRAIN,TRAIN,TRAIN
1130,5127,2026-05-23T14:21:29.000000,CALIBRATION,NOT_USED,NOT_USED,NOT_USED,NOT_USED
1131,5128,2025-11-04T15:36:00.000000,DEVELOPMENT,NOT_USED,VALIDATION,TRAIN,TRAIN
1132,5132,2026-05-17T16:20:27.000000,CALIBRATION,NOT_USED,NOT_USED,NOT_USED,NOT_USED
1133,5136,2026-04-25T19:47:41.000000,DEVELOPMENT,NOT_USED,NOT_USED,NOT_USED,VALIDATION
1134,5143,2025-08-15T15:07:41.000000,DEVELOPMENT,TRAIN,TRAIN,TRAIN,TRAIN
1135,5145,2025-05-08T08:53:06.000000,DEVELOPMENT,TRAIN,TRAIN,TRAIN,TRAIN
1136,5153,2025-02-28T19:42:54.000000,DEVELOPMENT,TRAIN,TRAIN,TRAIN,TRAIN
1137,5158,2026-06-21T10:55:13.000000,PROCEDURAL_HOLDOUT,NOT_USED,NOT_USED,NOT_USED,NOT_USED
1138,5159,2026-05-22T18:55:16.000000,CALIBRATION,NOT_USED,NOT_USED,NOT_USED,NOT_USED
1139,5171,2026-06-18T10:19:35.000000,PROCEDURAL_HOLDOUT,NOT_USED,NOT_USED,NOT_USED,NOT_USED
1140,5173,2026-03-26T15:55:04.000000,DEVELOPMENT,NOT_USED,NOT_USED,NOT_USED,VALIDATION
1141,5174,2025-10-01T18:41:00.000000,DEVELOPMENT,VALIDATION,TRAIN,TRAIN,TRAIN
1142,5175,2026-04-29T09:20:00.000000,DEVELOPMENT,NOT_USED,NOT_USED,NOT_USED,VALIDATION
1143,5178,2026-05-21T15:00:32.000000,CALIBRATION,NOT_USED,NOT_USED,NOT_USED,NOT_USED
1144,5182,2026-03-05T08:08:18.000000,DEVELOPMENT,NOT_USED,NOT_USED,NOT_USED,VALIDATION
1145,5186,2025-07-13T16:03:07.000000,DEVELOPMENT,TRAIN,TRAIN,TRAIN,TRAIN
1146,5187,2025-11-04T20:28:15.000000,DEVELOPMENT,NOT_USED,VALIDATION,TRAIN,TRAIN
1147,5188,2025-07-05T08:21:16.000000,DEVELOPMENT,TRAIN,TRAIN,TRAIN,TRAIN
1148,5193,2026-01-01T11:33:33.000000,DEVELOPMENT,NOT_USED,NOT_USED,VALIDATION,TRAIN
1149,5200,2026-05-12T11:58:09.000000,CALIBRATION,NOT_USED,NOT_USED,NOT_USED,NOT_USED
1150,5205,2025-01-31T17:47:56.000000,DEVELOPMENT,TRAIN,TRAIN,TRAIN,TRAIN
1151,5212,2025-12-02T07:08:31.000000,DEVELOPMENT,NOT_USED,VALIDATION,TRAIN,TRAIN
1152,5214,2025-11-21T13:44:00.000000,DEVELOPMENT,NOT_USED,VALIDATION,TRAIN,TRAIN
1153,5217,2026-01-19T11:02:48.000000,DEVELOPMENT,NOT_USED,NOT_USED,VALIDATION,TRAIN
1154,5221,2025-09-10T16:30:10.000000,DEVELOPMENT,VALIDATION,TRAIN,TRAIN,TRAIN
1155,5224,2025-08-22T13:45:56.000000,DEVELOPMENT,TRAIN,TRAIN,TRAIN,TRAIN
1156,5227,2025-05-17T10:12:18.000000,DEVELOPMENT,TRAIN,TRAIN,TRAIN,TRAIN
1157,5229,2025-10-13T11:52:17.000000,DEVELOPMENT,VALIDATION,TRAIN,TRAIN,TRAIN
1158,5234,2025-10-14T13:07:24.000000,DEVELOPMENT,VALIDATION,TRAIN,TRAIN,TRAIN
1159,5236,2026-02-28T09:09:30.000000,DEVELOPMENT,NOT_USED,NOT_USED,VALIDATION,TRAIN
1160,5241,2025-06-09T14:51:33.000000,DEVELOPMENT,TRAIN,TRAIN,TRAIN,TRAIN
1161,5245,2025-04-06T18:34:41.000000,DEVELOPMENT,TRAIN,TRAIN,TRAIN,TRAIN
1162,5255,2025-04-21T09:03:56.000000,DEVELOPMENT,TRAIN,TRAIN,TRAIN,TRAIN
1163,5256,2026-06-24T18:48:34.000000,PROCEDURAL_HOLDOUT,NOT_USED,NOT_USED,NOT_USED,NOT_USED
1164,5259,2025-11-07T18:55:41.000000,DEVELOPMENT,NOT_USED,VALIDATION,TRAIN,TRAIN
1165,5265,2026-03-26T20:02:32.000000,DEVELOPMENT,NOT_USED,NOT_USED,NOT_USED,VALIDATION
1166,5266,2025-10-31T18:01:23.000000,DEVELOPMENT,VALIDATION,TRAIN,TRAIN,TRAIN
1167,5272,2025-06-07T09:50:05.000000,DEVELOPMENT,TRAIN,TRAIN,TRAIN,TRAIN
1168,5280,2025-09-13T11:58:23.000000,DEVELOPMENT,VALIDATION,TRAIN,TRAIN,TRAIN
1169,5283,2026-01-20T08:14:07.000000,DEVELOPMENT,NOT_USED,NOT_USED,VALIDATION,TRAIN
1170,5285,2026-03-23T14:15:09.000000,DEVELOPMENT,NOT_USED,NOT_USED,NOT_USED,VALIDATION
1171,5286,2026-05-29T10:48:00.000000,CALIBRATION,NOT_USED,NOT_USED,NOT_USED,NOT_USED
1172,5288,2026-01-30T17:14:52.000000,DEVELOPMENT,NOT_USED,NOT_USED,VALIDATION,TRAIN
1173,5292,2026-02-20T14:24:53.000000,DEVELOPMENT,NOT_USED,NOT_USED,VALIDATION,TRAIN
1174,5294,2026-03-04T07:08:40.000000,DEVELOPMENT,NOT_USED,NOT_USED,NOT_USED,VALIDATION
1175,5301,2026-03-13T20:13:15.000000,DEVELOPMENT,NOT_USED,NOT_USED,NOT_USED,VALIDATION
1176,5309,2025-09-19T07:40:48.000000,DEVELOPMENT,VALIDATION,TRAIN,TRAIN,TRAIN
1177,5313,2025-03-18T13:45:11.000000,DEVELOPMENT,TRAIN,TRAIN,TRAIN,TRAIN
1178,5327,2026-02-09T15:36:57.000000,DEVELOPMENT,NOT_USED,NOT_USED,VALIDATION,TRAIN
1179,5329,2025-06-17T13:01:20.000000,DEVELOPMENT,TRAIN,TRAIN,TRAIN,TRAIN
1180,5338,2025-02-19T20:52:23.000000,DEVELOPMENT,TRAIN,TRAIN,TRAIN,TRAIN
1181,5345,2025-12-28T07:34:11.000000,DEVELOPMENT,NOT_USED,VALIDATION,TRAIN,TRAIN
1182,5351,2025-02-01T19:40:19.000000,DEVELOPMENT,TRAIN,TRAIN,TRAIN,TRAIN
1183,5356,2026-01-21T15:28:56.000000,DEVELOPMENT,NOT_USED,NOT_USED,VALIDATION,TRAIN
1184,5360,2025-07-16T19:38:54.000000,DEVELOPMENT,TRAIN,TRAIN,TRAIN,TRAIN
1185,5365,2025-02-14T10:55:49.000000,DEVELOPMENT,TRAIN,TRAIN,TRAIN,TRAIN
1186,5374,2026-05-04T13:17:52.000000,CALIBRATION,NOT_USED,NOT_USED,NOT_USED,NOT_USED
1187,5384,2025-08-23T17:01:39.000000,DEVELOPMENT,TRAIN,TRAIN,TRAIN,TRAIN
1188,5386,2025-02-25T08:37:02.000000,DEVELOPMENT,TRAIN,TRAIN,TRAIN,TRAIN
1189,5395,2025-09-29T11:59:24.000000,DEVELOPMENT,VALIDATION,TRAIN,TRAIN,TRAIN
1190,5398,2025-06-14T09:06:35.000000,DEVELOPMENT,TRAIN,TRAIN,TRAIN,TRAIN
1191,5401,2026-01-14T18:28:42.000000,DEVELOPMENT,NOT_USED,NOT_USED,VALIDATION,TRAIN
1192,5404,2026-03-03T13:42:08.000000,DEVELOPMENT,NOT_USED,NOT_USED,NOT_USED,VALIDATION
1193,5409,2025-07-17T10:39:12.000000,DEVELOPMENT,TRAIN,TRAIN,TRAIN,TRAIN
1194,5414,2025-08-29T14:43:48.000000,DEVELOPMENT,TRAIN,TRAIN,TRAIN,TRAIN
1195,5420,2025-07-16T16:27:03.000000,DEVELOPMENT,TRAIN,TRAIN,TRAIN,TRAIN
1196,5427,2025-04-02T12:53:54.000000,DEVELOPMENT,TRAIN,TRAIN,TRAIN,TRAIN
1197,5430,2025-05-06T17:49:10.000000,DEVELOPMENT,TRAIN,TRAIN,TRAIN,TRAIN
1198,5437,2025-11-13T17:53:58.000000,DEVELOPMENT,NOT_USED,VALIDATION,TRAIN,TRAIN
1199,5442,2026-05-15T12:22:32.000000,CALIBRATION,NOT_USED,NOT_USED,NOT_USED,NOT_USED
1200,5443,2026-03-11T13:07:01.000000,DEVELOPMENT,NOT_USED,NOT_USED,NOT_USED,VALIDATION
1201,5451,2025-08-28T11:37:00.000000,DEVELOPMENT,TRAIN,TRAIN,TRAIN,TRAIN
1202,5453,2026-02-07T08:44:04.000000,DEVELOPMENT,NOT_USED,NOT_USED,VALIDATION,TRAIN
1203,5456,2025-09-28T18:10:20.000000,DEVELOPMENT,VALIDATION,TRAIN,TRAIN,TRAIN
1204,5465,2025-06-16T10:15:58.000000,DEVELOPMENT,TRAIN,TRAIN,TRAIN,TRAIN
1205,5470,2025-03-20T16:02:06.000000,DEVELOPMENT,TRAIN,TRAIN,TRAIN,TRAIN
1206,5472,2025-06-12T08:50:03.000000,DEVELOPMENT,TRAIN,TRAIN,TRAIN,TRAIN
1207,5481,2025-01-27T08:43:49.000000,DEVELOPMENT,TRAIN,TRAIN,TRAIN,TRAIN
1208,5484,2025-09-11T19:32:42.000000,DEVELOPMENT,VALIDATION,TRAIN,TRAIN,TRAIN
1209,5491,2026-01-17T09:31:26.000000,DEVELOPMENT,NOT_USED,NOT_USED,VALIDATION,TRAIN
1210,5492,2025-08-09T13:20:03.000000,DEVELOPMENT,TRAIN,TRAIN,TRAIN,TRAIN
1211,5496,2025-04-04T18:20:57.000000,DEVELOPMENT,TRAIN,TRAIN,TRAIN,TRAIN
1212,5507,2025-07-31T15:32:30.000000,DEVELOPMENT,TRAIN,TRAIN,TRAIN,TRAIN
1213,5515,2025-11-16T13:20:49.000000,DEVELOPMENT,NOT_USED,VALIDATION,TRAIN,TRAIN
1214,5520,2025-12-05T16:17:13.000000,DEVELOPMENT,NOT_USED,VALIDATION,TRAIN,TRAIN
1215,5523,2025-12-12T13:55:10.000000,DEVELOPMENT,NOT_USED,VALIDATION,TRAIN,TRAIN
1216,5524,2025-04-24T20:46:00.000000,DEVELOPMENT,TRAIN,TRAIN,TRAIN,TRAIN
1217,5530,2026-06-17T10:35:08.000000,PROCEDURAL_HOLDOUT,NOT_USED,NOT_USED,NOT_USED,NOT_USED
1218,5537,2025-12-23T11:00:40.000000,DEVELOPMENT,NOT_USED,VALIDATION,TRAIN,TRAIN
1219,5541,2025-08-30T11:40:20.000000,DEVELOPMENT,TRAIN,TRAIN,TRAIN,TRAIN
1220,5543,2026-04-04T08:48:33.000000,DEVELOPMENT,NOT_USED,NOT_USED,NOT_USED,VALIDATION
1221,5548,2025-02-20T11:46:27.000000,DEVELOPMENT,TRAIN,TRAIN,TRAIN,TRAIN
1222,5556,2025-07-04T18:07:08.000000,DEVELOPMENT,TRAIN,TRAIN,TRAIN,TRAIN
1223,5563,2025-09-14T09:08:14.000000,DEVELOPMENT,VALIDATION,TRAIN,TRAIN,TRAIN
1224,5569,2026-06-19T20:52:03.000000,PROCEDURAL_HOLDOUT,NOT_USED,NOT_USED,NOT_USED,NOT_USED
1225,5572,2025-03-17T11:56:21.000000,DEVELOPMENT,TRAIN,TRAIN,TRAIN,TRAIN
1226,5581,2026-02-06T12:40:16.000000,DEVELOPMENT,NOT_USED,NOT_USED,VALIDATION,TRAIN
1227,5584,2025-10-17T14:28:10.000000,DEVELOPMENT,VALIDATION,TRAIN,TRAIN,TRAIN
1228,5590,2025-08-21T20:52:46.000000,DEVELOPMENT,TRAIN,TRAIN,TRAIN,TRAIN
1229,5592,2025-09-22T11:46:02.000000,DEVELOPMENT,VALIDATION,TRAIN,TRAIN,TRAIN
1230,5596,2025-10-03T09:30:47.000000,DEVELOPMENT,VALIDATION,TRAIN,TRAIN,TRAIN
1231,5601,2025-09-19T07:48:31.000000,DEVELOPMENT,VALIDATION,TRAIN,TRAIN,TRAIN
1232,5604,2025-11-22T19:54:43.000000,DEVELOPMENT,NOT_USED,VALIDATION,TRAIN,TRAIN
1233,5609,2026-03-12T16:23:26.000000,DEVELOPMENT,NOT_USED,NOT_USED,NOT_USED,VALIDATION
1234,5610,2025-10-27T16:47:45.000000,DEVELOPMENT,VALIDATION,TRAIN,TRAIN,TRAIN
1235,5612,2025-07-31T07:30:37.000000,DEVELOPMENT,TRAIN,TRAIN,TRAIN,TRAIN
1236,5615,2025-06-29T12:03:13.000000,DEVELOPMENT,TRAIN,TRAIN,TRAIN,TRAIN
1237,5620,2026-02-25T20:12:06.000000,DEVELOPMENT,NOT_USED,NOT_USED,VALIDATION,TRAIN
1238,5624,2025-02-19T10:07:15.000000,DEVELOPMENT,TRAIN,TRAIN,TRAIN,TRAIN
1239,5627,2026-03-08T09:32:40.000000,DEVELOPMENT,NOT_USED,NOT_USED,NOT_USED,VALIDATION
1240,5632,2025-04-08T11:17:02.000000,DEVELOPMENT,TRAIN,TRAIN,TRAIN,TRAIN
1241,5634,2025-07-23T15:55:35.000000,DEVELOPMENT,TRAIN,TRAIN,TRAIN,TRAIN
1242,5640,2026-05-14T17:56:06.000000,CALIBRATION,NOT_USED,NOT_USED,NOT_USED,NOT_USED
1243,5647,2025-07-01T16:29:27.000000,DEVELOPMENT,TRAIN,TRAIN,TRAIN,TRAIN
1244,5656,2025-06-12T10:52:38.000000,DEVELOPMENT,TRAIN,TRAIN,TRAIN,TRAIN
1245,5658,2025-01-17T19:15:02.000000,DEVELOPMENT,TRAIN,TRAIN,TRAIN,TRAIN
1246,5660,2026-06-30T18:52:16.000000,PROCEDURAL_HOLDOUT,NOT_USED,NOT_USED,NOT_USED,NOT_USED
1247,5662,2026-03-07T15:24:31.000000,DEVELOPMENT,NOT_USED,NOT_USED,NOT_USED,VALIDATION
1248,5669,2025-06-17T19:57:47.000000,DEVELOPMENT,TRAIN,TRAIN,TRAIN,TRAIN
1249,5670,2026-02-17T18:53:22.000000,DEVELOPMENT,NOT_USED,NOT_USED,VALIDATION,TRAIN
1250,5672,2026-04-23T12:58:02.000000,DEVELOPMENT,NOT_USED,NOT_USED,NOT_USED,VALIDATION
1251,5676,2025-03-29T18:22:27.000000,DEVELOPMENT,TRAIN,TRAIN,TRAIN,TRAIN
1252,5679,2025-01-26T19:53:40.000000,DEVELOPMENT,TRAIN,TRAIN,TRAIN,TRAIN
1253,5686,2025-03-27T16:40:41.000000,DEVELOPMENT,TRAIN,TRAIN,TRAIN,TRAIN
1254,5696,2025-09-09T07:45:49.000000,DEVELOPMENT,VALIDATION,TRAIN,TRAIN,TRAIN
1255,5699,2026-02-26T07:03:29.000000,DEVELOPMENT,NOT_USED,NOT_USED,VALIDATION,TRAIN
1256,5706,2025-09-15T20:38:46.000000,DEVELOPMENT,VALIDATION,TRAIN,TRAIN,TRAIN
1257,5710,2025-03-21T07:59:13.000000,DEVELOPMENT,TRAIN,TRAIN,TRAIN,TRAIN
1258,5713,2025-04-29T17:08:43.000000,DEVELOPMENT,TRAIN,TRAIN,TRAIN,TRAIN
1259,5719,2026-03-11T11:50:58.000000,DEVELOPMENT,NOT_USED,NOT_USED,NOT_USED,VALIDATION
1260,5723,2026-03-12T16:37:56.000000,DEVELOPMENT,NOT_USED,NOT_USED,NOT_USED,VALIDATION
1261,5726,2025-06-06T18:15:00.000000,DEVELOPMENT,TRAIN,TRAIN,TRAIN,TRAIN
1262,5727,2025-04-30T13:33:31.000000,DEVELOPMENT,TRAIN,TRAIN,TRAIN,TRAIN
1263,5739,2025-09-22T13:02:03.000000,DEVELOPMENT,VALIDATION,TRAIN,TRAIN,TRAIN
1264,5745,2025-06-21T10:06:00.000000,DEVELOPMENT,TRAIN,TRAIN,TRAIN,TRAIN
1265,5751,2025-04-21T10:57:39.000000,DEVELOPMENT,TRAIN,TRAIN,TRAIN,TRAIN
1266,5758,2025-12-18T10:26:31.000000,DEVELOPMENT,NOT_USED,VALIDATION,TRAIN,TRAIN
1267,5759,2025-05-21T08:41:28.000000,DEVELOPMENT,TRAIN,TRAIN,TRAIN,TRAIN
1268,5762,2026-03-19T13:26:07.000000,DEVELOPMENT,NOT_USED,NOT_USED,NOT_USED,VALIDATION
1269,5766,2025-11-15T18:50:40.000000,DEVELOPMENT,NOT_USED,VALIDATION,TRAIN,TRAIN
1270,5771,2025-07-04T16:57:03.000000,DEVELOPMENT,TRAIN,TRAIN,TRAIN,TRAIN
1271,5776,2026-04-11T10:35:20.000000,DEVELOPMENT,NOT_USED,NOT_USED,NOT_USED,VALIDATION
1272,5783,2025-09-13T11:33:57.000000,DEVELOPMENT,VALIDATION,TRAIN,TRAIN,TRAIN
1273,5784,2025-11-20T11:10:47.000000,DEVELOPMENT,NOT_USED,VALIDATION,TRAIN,TRAIN
1274,5791,2025-10-16T07:49:18.000000,DEVELOPMENT,VALIDATION,TRAIN,TRAIN,TRAIN
1275,5793,2025-05-02T10:44:19.000000,DEVELOPMENT,TRAIN,TRAIN,TRAIN,TRAIN
1276,5797,2025-06-27T10:23:06.000000,DEVELOPMENT,TRAIN,TRAIN,TRAIN,TRAIN
1277,5799,2025-11-11T07:35:49.000000,DEVELOPMENT,NOT_USED,VALIDATION,TRAIN,TRAIN
1278,5801,2025-01-08T15:35:10.000000,DEVELOPMENT,TRAIN,TRAIN,TRAIN,TRAIN
1279,5807,2025-05-25T15:23:00.000000,DEVELOPMENT,TRAIN,TRAIN,TRAIN,TRAIN
1280,5810,2025-01-25T14:41:55.000000,DEVELOPMENT,TRAIN,TRAIN,TRAIN,TRAIN
1281,5819,2025-10-12T18:09:05.000000,DEVELOPMENT,VALIDATION,TRAIN,TRAIN,TRAIN
1282,5825,2025-07-05T14:34:18.000000,DEVELOPMENT,TRAIN,TRAIN,TRAIN,TRAIN
1283,5831,2025-05-04T10:59:22.000000,DEVELOPMENT,TRAIN,TRAIN,TRAIN,TRAIN
1284,5834,2026-06-15T15:12:12.000000,PROCEDURAL_HOLDOUT,NOT_USED,NOT_USED,NOT_USED,NOT_USED
1285,5840,2026-03-05T17:47:29.000000,DEVELOPMENT,NOT_USED,NOT_USED,NOT_USED,VALIDATION
1286,5842,2025-10-17T17:08:01.000000,DEVELOPMENT,VALIDATION,TRAIN,TRAIN,TRAIN
1287,5854,2026-04-12T18:53:28.000000,DEVELOPMENT,NOT_USED,NOT_USED,NOT_USED,VALIDATION
1288,5857,2025-05-09T14:53:00.000000,DEVELOPMENT,TRAIN,TRAIN,TRAIN,TRAIN
1289,5859,2025-12-11T13:41:28.000000,DEVELOPMENT,NOT_USED,VALIDATION,TRAIN,TRAIN
1290,5866,2026-06-23T17:58:56.000000,PROCEDURAL_HOLDOUT,NOT_USED,NOT_USED,NOT_USED,NOT_USED
1291,5873,2025-08-08T19:05:49.000000,DEVELOPMENT,TRAIN,TRAIN,TRAIN,TRAIN
1292,5878,2026-06-14T13:43:00.000000,PROCEDURAL_HOLDOUT,NOT_USED,NOT_USED,NOT_USED,NOT_USED
1293,5880,2026-04-04T16:19:06.000000,DEVELOPMENT,NOT_USED,NOT_USED,NOT_USED,VALIDATION
1294,5886,2026-02-19T10:21:46.000000,DEVELOPMENT,NOT_USED,NOT_USED,VALIDATION,TRAIN
1295,5890,2025-07-19T20:51:09.000000,DEVELOPMENT,TRAIN,TRAIN,TRAIN,TRAIN
1296,5896,2025-10-01T10:59:30.000000,DEVELOPMENT,VALIDATION,TRAIN,TRAIN,TRAIN
1297,5899,2025-07-12T14:14:45.000000,DEVELOPMENT,TRAIN,TRAIN,TRAIN,TRAIN
1298,5903,2026-01-06T13:42:57.000000,DEVELOPMENT,NOT_USED,NOT_USED,VALIDATION,TRAIN
1299,5908,2025-03-11T11:18:27.000000,DEVELOPMENT,TRAIN,TRAIN,TRAIN,TRAIN
1300,5915,2026-02-08T15:06:25.000000,DEVELOPMENT,NOT_USED,NOT_USED,VALIDATION,TRAIN
1301,5919,2026-04-24T07:24:12.000000,DEVELOPMENT,NOT_USED,NOT_USED,NOT_USED,VALIDATION
1302,5922,2025-12-20T13:37:30.000000,DEVELOPMENT,NOT_USED,VALIDATION,TRAIN,TRAIN
1303,5925,2025-03-17T20:52:58.000000,DEVELOPMENT,TRAIN,TRAIN,TRAIN,TRAIN
1304,5934,2025-01-20T18:16:46.000000,DEVELOPMENT,TRAIN,TRAIN,TRAIN,TRAIN
1305,5941,2026-06-02T07:33:12.000000,PROCEDURAL_HOLDOUT,NOT_USED,NOT_USED,NOT_USED,NOT_USED
1306,5944,2025-07-08T12:27:45.000000,DEVELOPMENT,TRAIN,TRAIN,TRAIN,TRAIN
1307,5950,2026-02-05T09:47:19.000000,DEVELOPMENT,NOT_USED,NOT_USED,VALIDATION,TRAIN
1308,5956,2025-12-13T17:00:22.000000,DEVELOPMENT,NOT_USED,VALIDATION,TRAIN,TRAIN
1309,5962,2026-04-06T14:26:06.000000,DEVELOPMENT,NOT_USED,NOT_USED,NOT_USED,VALIDATION
1310,5967,2025-04-15T09:45:41.000000,DEVELOPMENT,TRAIN,TRAIN,TRAIN,TRAIN
1311,5972,2025-09-24T10:51:29.000000,DEVELOPMENT,VALIDATION,TRAIN,TRAIN,TRAIN
1312,5977,2025-09-29T07:33:46.000000,DEVELOPMENT,VALIDATION,TRAIN,TRAIN,TRAIN
1313,5989,2025-05-21T13:15:13.000000,DEVELOPMENT,TRAIN,TRAIN,TRAIN,TRAIN
1314,5994,2026-05-30T11:01:20.000000,CALIBRATION,NOT_USED,NOT_USED,NOT_USED,NOT_USED
1315,5996,2025-09-26T09:15:28.000000,DEVELOPMENT,VALIDATION,TRAIN,TRAIN,TRAIN
1316,6004,2026-03-31T14:58:48.000000,DEVELOPMENT,NOT_USED,NOT_USED,NOT_USED,VALIDATION
1317,6006,2026-03-23T07:43:49.000000,DEVELOPMENT,NOT_USED,NOT_USED,NOT_USED,VALIDATION
1318,6011,2025-07-11T07:03:01.000000,DEVELOPMENT,TRAIN,TRAIN,TRAIN,TRAIN
1319,6012,2025-09-21T14:41:53.000000,DEVELOPMENT,VALIDATION,TRAIN,TRAIN,TRAIN
1320,6020,2025-07-31T15:20:14.000000,DEVELOPMENT,TRAIN,TRAIN,TRAIN,TRAIN
1321,6021,2025-06-05T14:09:32.000000,DEVELOPMENT,TRAIN,TRAIN,TRAIN,TRAIN
1322,6023,2025-03-03T17:11:23.000000,DEVELOPMENT,TRAIN,TRAIN,TRAIN,TRAIN
1323,6027,2025-11-04T11:54:57.000000,DEVELOPMENT,NOT_USED,VALIDATION,TRAIN,TRAIN
1324,6034,2025-04-08T13:36:51.000000,DEVELOPMENT,TRAIN,TRAIN,TRAIN,TRAIN
1325,6041,2025-01-21T11:14:41.000000,DEVELOPMENT,TRAIN,TRAIN,TRAIN,TRAIN
1326,6045,2025-06-04T14:11:43.000000,DEVELOPMENT,TRAIN,TRAIN,TRAIN,TRAIN
1327,6053,2026-02-16T20:46:58.000000,DEVELOPMENT,NOT_USED,NOT_USED,VALIDATION,TRAIN
1328,6055,2025-06-07T14:49:44.000000,DEVELOPMENT,TRAIN,TRAIN,TRAIN,TRAIN
1329,6066,2026-01-01T17:59:25.000000,DEVELOPMENT,NOT_USED,NOT_USED,VALIDATION,TRAIN
1330,6067,2026-06-09T10:53:23.000000,PROCEDURAL_HOLDOUT,NOT_USED,NOT_USED,NOT_USED,NOT_USED
1331,6076,2025-05-10T14:43:37.000000,DEVELOPMENT,TRAIN,TRAIN,TRAIN,TRAIN
1332,6082,2026-06-19T07:38:51.000000,PROCEDURAL_HOLDOUT,NOT_USED,NOT_USED,NOT_USED,NOT_USED
1333,6087,2025-05-02T07:32:23.000000,DEVELOPMENT,TRAIN,TRAIN,TRAIN,TRAIN
1334,6094,2026-01-18T10:51:55.000000,DEVELOPMENT,NOT_USED,NOT_USED,VALIDATION,TRAIN
1335,6095,2026-03-11T12:19:45.000000,DEVELOPMENT,NOT_USED,NOT_USED,NOT_USED,VALIDATION
1336,6100,2025-03-14T18:44:51.000000,DEVELOPMENT,TRAIN,TRAIN,TRAIN,TRAIN
1337,6102,2025-06-12T20:13:02.000000,DEVELOPMENT,TRAIN,TRAIN,TRAIN,TRAIN
1338,6105,2025-09-10T09:20:46.000000,DEVELOPMENT,VALIDATION,TRAIN,TRAIN,TRAIN
1339,6110,2025-11-13T09:14:05.000000,DEVELOPMENT,NOT_USED,VALIDATION,TRAIN,TRAIN
1340,6113,2026-02-08T15:43:00.000000,DEVELOPMENT,NOT_USED,NOT_USED,VALIDATION,TRAIN
1341,6115,2025-11-04T09:32:04.000000,DEVELOPMENT,NOT_USED,VALIDATION,TRAIN,TRAIN
1342,6122,2025-02-15T14:02:46.000000,DEVELOPMENT,TRAIN,TRAIN,TRAIN,TRAIN
1343,6127,2025-11-29T12:54:51.000000,DEVELOPMENT,NOT_USED,VALIDATION,TRAIN,TRAIN
1344,6131,2025-02-25T14:36:26.000000,DEVELOPMENT,TRAIN,TRAIN,TRAIN,TRAIN
1345,6140,2025-01-25T18:39:56.000000,DEVELOPMENT,TRAIN,TRAIN,TRAIN,TRAIN
1346,6147,2025-12-26T07:32:29.000000,DEVELOPMENT,NOT_USED,VALIDATION,TRAIN,TRAIN
1347,6149,2025-09-11T12:41:59.000000,DEVELOPMENT,VALIDATION,TRAIN,TRAIN,TRAIN
1348,6156,2025-07-19T14:05:53.000000,DEVELOPMENT,TRAIN,TRAIN,TRAIN,TRAIN
1349,6161,2026-02-27T09:32:31.000000,DEVELOPMENT,NOT_USED,NOT_USED,VALIDATION,TRAIN
1350,6166,2025-07-17T09:01:30.000000,DEVELOPMENT,TRAIN,TRAIN,TRAIN,TRAIN
1351,6167,2026-02-15T14:13:34.000000,DEVELOPMENT,NOT_USED,NOT_USED,VALIDATION,TRAIN
1352,6171,2025-06-27T11:11:00.000000,DEVELOPMENT,TRAIN,TRAIN,TRAIN,TRAIN
1353,6179,2025-08-27T14:12:15.000000,DEVELOPMENT,TRAIN,TRAIN,TRAIN,TRAIN
1354,6185,2025-06-15T15:53:52.000000,DEVELOPMENT,TRAIN,TRAIN,TRAIN,TRAIN
1355,6188,2025-03-05T12:20:04.000000,DEVELOPMENT,TRAIN,TRAIN,TRAIN,TRAIN
1356,6194,2025-05-13T20:27:01.000000,DEVELOPMENT,TRAIN,TRAIN,TRAIN,TRAIN
1357,6203,2025-10-17T09:07:17.000000,DEVELOPMENT,VALIDATION,TRAIN,TRAIN,TRAIN
1358,6207,2025-08-31T10:18:17.000000,DEVELOPMENT,TRAIN,TRAIN,TRAIN,TRAIN
1359,6212,2025-12-03T18:17:53.000000,DEVELOPMENT,NOT_USED,VALIDATION,TRAIN,TRAIN
1360,6215,2026-06-10T07:19:44.000000,PROCEDURAL_HOLDOUT,NOT_USED,NOT_USED,NOT_USED,NOT_USED
1361,6223,2026-03-25T19:29:29.000000,DEVELOPMENT,NOT_USED,NOT_USED,NOT_USED,VALIDATION
1362,6230,2026-06-16T07:45:12.000000,PROCEDURAL_HOLDOUT,NOT_USED,NOT_USED,NOT_USED,NOT_USED
1363,6233,2026-02-26T20:43:57.000000,DEVELOPMENT,NOT_USED,NOT_USED,VALIDATION,TRAIN
1364,6237,2025-05-22T17:58:07.000000,DEVELOPMENT,TRAIN,TRAIN,TRAIN,TRAIN
1365,6243,2025-07-23T13:02:02.000000,DEVELOPMENT,TRAIN,TRAIN,TRAIN,TRAIN
1366,6247,2025-08-04T16:06:47.000000,DEVELOPMENT,TRAIN,TRAIN,TRAIN,TRAIN
1367,6253,2025-12-11T15:03:42.000000,DEVELOPMENT,NOT_USED,VALIDATION,TRAIN,TRAIN
1368,6255,2025-03-05T17:22:27.000000,DEVELOPMENT,TRAIN,TRAIN,TRAIN,TRAIN
1369,6259,2025-10-19T16:54:45.000000,DEVELOPMENT,VALIDATION,TRAIN,TRAIN,TRAIN
1370,6262,2026-05-12T19:12:08.000000,CALIBRATION,NOT_USED,NOT_USED,NOT_USED,NOT_USED
1371,6265,2025-05-12T12:06:47.000000,DEVELOPMENT,TRAIN,TRAIN,TRAIN,TRAIN
1372,6267,2025-10-14T12:08:07.000000,DEVELOPMENT,VALIDATION,TRAIN,TRAIN,TRAIN
1373,6270,2025-05-25T15:22:56.000000,DEVELOPMENT,TRAIN,TRAIN,TRAIN,TRAIN
1374,6281,2025-12-24T09:53:51.000000,DEVELOPMENT,NOT_USED,VALIDATION,TRAIN,TRAIN
1375,6283,2026-01-27T15:40:13.000000,DEVELOPMENT,NOT_USED,NOT_USED,VALIDATION,TRAIN
1376,6289,2025-11-22T18:26:26.000000,DEVELOPMENT,NOT_USED,VALIDATION,TRAIN,TRAIN
1377,6296,2026-01-30T10:23:38.000000,DEVELOPMENT,NOT_USED,NOT_USED,VALIDATION,TRAIN
1378,6300,2025-06-01T13:13:08.000000,DEVELOPMENT,TRAIN,TRAIN,TRAIN,TRAIN
1379,6309,2026-01-29T16:38:55.000000,DEVELOPMENT,NOT_USED,NOT_USED,VALIDATION,TRAIN
1380,6313,2025-02-11T15:35:04.000000,DEVELOPMENT,TRAIN,TRAIN,TRAIN,TRAIN
1381,6319,2025-08-13T11:55:00.000000,DEVELOPMENT,TRAIN,TRAIN,TRAIN,TRAIN
1382,6322,2025-09-07T16:34:56.000000,DEVELOPMENT,VALIDATION,TRAIN,TRAIN,TRAIN
1383,6329,2025-10-07T12:39:11.000000,DEVELOPMENT,VALIDATION,TRAIN,TRAIN,TRAIN
1384,6331,2025-11-07T08:24:07.000000,DEVELOPMENT,NOT_USED,VALIDATION,TRAIN,TRAIN
1385,6335,2025-04-20T16:52:02.000000,DEVELOPMENT,TRAIN,TRAIN,TRAIN,TRAIN
1386,6338,2025-10-24T19:04:42.000000,DEVELOPMENT,VALIDATION,TRAIN,TRAIN,TRAIN
1387,6339,2026-01-15T16:17:23.000000,DEVELOPMENT,NOT_USED,NOT_USED,VALIDATION,TRAIN
1388,6348,2025-07-24T18:12:26.000000,DEVELOPMENT,TRAIN,TRAIN,TRAIN,TRAIN
1389,6352,2025-07-18T10:59:03.000000,DEVELOPMENT,TRAIN,TRAIN,TRAIN,TRAIN
1390,6355,2025-07-18T12:46:37.000000,DEVELOPMENT,TRAIN,TRAIN,TRAIN,TRAIN
1391,6359,2025-06-28T10:03:49.000000,DEVELOPMENT,TRAIN,TRAIN,TRAIN,TRAIN
1392,6366,2025-12-29T07:59:29.000000,DEVELOPMENT,NOT_USED,VALIDATION,TRAIN,TRAIN
1393,6375,2025-07-11T20:26:35.000000,DEVELOPMENT,TRAIN,TRAIN,TRAIN,TRAIN
1394,6376,2025-07-21T12:47:00.000000,DEVELOPMENT,TRAIN,TRAIN,TRAIN,TRAIN
1395,6381,2025-01-28T15:46:59.000000,DEVELOPMENT,TRAIN,TRAIN,TRAIN,TRAIN
1396,6385,2025-10-03T11:11:05.000000,DEVELOPMENT,VALIDATION,TRAIN,TRAIN,TRAIN
1397,6391,2025-09-06T10:08:13.000000,DEVELOPMENT,VALIDATION,TRAIN,TRAIN,TRAIN
1398,6397,2026-05-12T12:31:01.000000,CALIBRATION,NOT_USED,NOT_USED,NOT_USED,NOT_USED
1399,6398,2025-10-30T16:58:51.000000,DEVELOPMENT,VALIDATION,TRAIN,TRAIN,TRAIN
1400,6400,2025-09-07T18:06:18.000000,DEVELOPMENT,VALIDATION,TRAIN,TRAIN,TRAIN
1401,6407,2025-11-15T11:25:00.000000,DEVELOPMENT,NOT_USED,VALIDATION,TRAIN,TRAIN
1402,6409,2026-02-28T09:52:19.000000,DEVELOPMENT,NOT_USED,NOT_USED,VALIDATION,TRAIN
1403,6414,2025-07-28T10:51:36.000000,DEVELOPMENT,TRAIN,TRAIN,TRAIN,TRAIN
1404,6419,2025-08-28T17:38:00.000000,DEVELOPMENT,TRAIN,TRAIN,TRAIN,TRAIN
1405,6420,2026-06-25T10:23:01.000000,PROCEDURAL_HOLDOUT,NOT_USED,NOT_USED,NOT_USED,NOT_USED
1406,6423,2025-01-29T11:21:53.000000,DEVELOPMENT,TRAIN,TRAIN,TRAIN,TRAIN
1407,6430,2026-03-07T11:25:00.000000,DEVELOPMENT,NOT_USED,NOT_USED,NOT_USED,VALIDATION
1408,6432,2025-07-01T18:46:08.000000,DEVELOPMENT,TRAIN,TRAIN,TRAIN,TRAIN
1409,6437,2025-08-07T08:04:33.000000,DEVELOPMENT,TRAIN,TRAIN,TRAIN,TRAIN
1410,6442,2025-11-14T17:19:39.000000,DEVELOPMENT,NOT_USED,VALIDATION,TRAIN,TRAIN
1411,6443,2025-11-18T19:11:42.000000,DEVELOPMENT,NOT_USED,VALIDATION,TRAIN,TRAIN
1412,6450,2025-12-10T15:24:57.000000,DEVELOPMENT,NOT_USED,VALIDATION,TRAIN,TRAIN
1413,6455,2025-07-21T16:34:19.000000,DEVELOPMENT,TRAIN,TRAIN,TRAIN,TRAIN
1414,6459,2025-02-19T13:26:47.000000,DEVELOPMENT,TRAIN,TRAIN,TRAIN,TRAIN
1415,6467,2025-03-07T07:33:54.000000,DEVELOPMENT,TRAIN,TRAIN,TRAIN,TRAIN
1416,6469,2026-04-22T16:19:32.000000,DEVELOPMENT,NOT_USED,NOT_USED,NOT_USED,VALIDATION
1417,6475,2026-03-14T16:55:42.000000,DEVELOPMENT,NOT_USED,NOT_USED,NOT_USED,VALIDATION
1418,6478,2026-05-25T20:04:47.000000,CALIBRATION,NOT_USED,NOT_USED,NOT_USED,NOT_USED
1419,6482,2026-03-14T15:04:40.000000,DEVELOPMENT,NOT_USED,NOT_USED,NOT_USED,VALIDATION
1420,6485,2025-07-27T15:22:15.000000,DEVELOPMENT,TRAIN,TRAIN,TRAIN,TRAIN
1421,6488,2026-02-14T14:29:12.000000,DEVELOPMENT,NOT_USED,NOT_USED,VALIDATION,TRAIN
1422,6493,2025-10-10T17:05:34.000000,DEVELOPMENT,VALIDATION,TRAIN,TRAIN,TRAIN
1423,6496,2025-06-02T14:11:38.000000,DEVELOPMENT,TRAIN,TRAIN,TRAIN,TRAIN
1424,6503,2025-08-30T19:34:12.000000,DEVELOPMENT,TRAIN,TRAIN,TRAIN,TRAIN
1425,6505,2025-11-05T17:05:58.000000,DEVELOPMENT,NOT_USED,VALIDATION,TRAIN,TRAIN
1426,6510,2025-10-26T18:33:03.000000,DEVELOPMENT,VALIDATION,TRAIN,TRAIN,TRAIN
1427,6516,2025-09-21T19:24:28.000000,DEVELOPMENT,VALIDATION,TRAIN,TRAIN,TRAIN
1428,6522,2025-04-19T16:08:15.000000,DEVELOPMENT,TRAIN,TRAIN,TRAIN,TRAIN
1429,6530,2026-01-11T11:59:23.000000,DEVELOPMENT,NOT_USED,NOT_USED,VALIDATION,TRAIN
1430,6533,2025-08-01T19:52:15.000000,DEVELOPMENT,TRAIN,TRAIN,TRAIN,TRAIN
1431,6537,2026-05-27T15:15:00.000000,CALIBRATION,NOT_USED,NOT_USED,NOT_USED,NOT_USED
1432,6540,2025-03-09T10:42:05.000000,DEVELOPMENT,TRAIN,TRAIN,TRAIN,TRAIN
1433,6542,2025-08-14T12:03:49.000000,DEVELOPMENT,TRAIN,TRAIN,TRAIN,TRAIN
1434,6545,2026-05-18T13:10:03.000000,CALIBRATION,NOT_USED,NOT_USED,NOT_USED,NOT_USED
1435,6546,2026-03-08T15:14:12.000000,DEVELOPMENT,NOT_USED,NOT_USED,NOT_USED,VALIDATION
1436,6550,2025-11-07T20:02:04.000000,DEVELOPMENT,NOT_USED,VALIDATION,TRAIN,TRAIN
1437,6555,2025-12-10T17:37:09.000000,DEVELOPMENT,NOT_USED,VALIDATION,TRAIN,TRAIN
1438,6565,2025-02-24T13:44:47.000000,DEVELOPMENT,TRAIN,TRAIN,TRAIN,TRAIN
1439,6570,2026-02-06T17:23:40.000000,DEVELOPMENT,NOT_USED,NOT_USED,VALIDATION,TRAIN
1440,6574,2025-03-01T12:58:25.000000,DEVELOPMENT,TRAIN,TRAIN,TRAIN,TRAIN
1441,6581,2026-01-25T11:19:20.000000,DEVELOPMENT,NOT_USED,NOT_USED,VALIDATION,TRAIN
1442,6587,2025-05-27T17:51:01.000000,DEVELOPMENT,TRAIN,TRAIN,TRAIN,TRAIN
1443,6588,2026-03-01T10:00:19.000000,DEVELOPMENT,NOT_USED,NOT_USED,NOT_USED,VALIDATION
1444,6592,2025-12-27T11:46:17.000000,DEVELOPMENT,NOT_USED,VALIDATION,TRAIN,TRAIN
1445,6594,2025-11-13T11:13:21.000000,DEVELOPMENT,NOT_USED,VALIDATION,TRAIN,TRAIN
1446,6603,2025-04-28T13:38:00.000000,DEVELOPMENT,TRAIN,TRAIN,TRAIN,TRAIN
1447,6605,2025-12-05T19:12:22.000000,DEVELOPMENT,NOT_USED,VALIDATION,TRAIN,TRAIN
1448,6609,2025-12-04T08:49:11.000000,DEVELOPMENT,NOT_USED,VALIDATION,TRAIN,TRAIN
1449,6619,2025-03-02T09:01:19.000000,DEVELOPMENT,TRAIN,TRAIN,TRAIN,TRAIN
1450,6621,2025-09-29T11:41:46.000000,DEVELOPMENT,VALIDATION,TRAIN,TRAIN,TRAIN
1451,6632,2025-10-17T08:36:04.000000,DEVELOPMENT,VALIDATION,TRAIN,TRAIN,TRAIN
1452,6636,2025-07-07T20:41:00.000000,DEVELOPMENT,TRAIN,TRAIN,TRAIN,TRAIN
1453,6638,2026-05-12T12:25:47.000000,CALIBRATION,NOT_USED,NOT_USED,NOT_USED,NOT_USED
1454,6642,2025-11-04T15:34:19.000000,DEVELOPMENT,NOT_USED,VALIDATION,TRAIN,TRAIN
1455,6648,2025-06-07T10:10:40.000000,DEVELOPMENT,TRAIN,TRAIN,TRAIN,TRAIN
1456,6651,2026-03-12T09:12:32.000000,DEVELOPMENT,NOT_USED,NOT_USED,NOT_USED,VALIDATION
1457,6659,2025-08-06T14:36:03.000000,DEVELOPMENT,TRAIN,TRAIN,TRAIN,TRAIN
1458,6663,2025-03-05T07:16:59.000000,DEVELOPMENT,TRAIN,TRAIN,TRAIN,TRAIN
1459,6670,2025-11-26T15:50:23.000000,DEVELOPMENT,NOT_USED,VALIDATION,TRAIN,TRAIN
1460,6674,2025-12-11T19:24:06.000000,DEVELOPMENT,NOT_USED,VALIDATION,TRAIN,TRAIN
1461,6682,2025-06-22T11:57:02.000000,DEVELOPMENT,TRAIN,TRAIN,TRAIN,TRAIN
1462,6684,2025-10-25T19:27:00.000000,DEVELOPMENT,VALIDATION,TRAIN,TRAIN,TRAIN
1463,6688,2025-04-26T10:22:31.000000,DEVELOPMENT,TRAIN,TRAIN,TRAIN,TRAIN
1464,6690,2025-11-21T09:54:42.000000,DEVELOPMENT,NOT_USED,VALIDATION,TRAIN,TRAIN
1465,6692,2026-05-19T19:55:13.000000,CALIBRATION,NOT_USED,NOT_USED,NOT_USED,NOT_USED
1466,6698,2025-05-27T11:53:50.000000,DEVELOPMENT,TRAIN,TRAIN,TRAIN,TRAIN
1467,6699,2025-02-06T09:07:10.000000,DEVELOPMENT,TRAIN,TRAIN,TRAIN,TRAIN
1468,6704,2026-01-02T07:18:04.000000,DEVELOPMENT,NOT_USED,NOT_USED,VALIDATION,TRAIN
1469,6712,2025-05-13T20:57:21.000000,DEVELOPMENT,TRAIN,TRAIN,TRAIN,TRAIN
1470,6719,2026-01-07T18:04:45.000000,DEVELOPMENT,NOT_USED,NOT_USED,VALIDATION,TRAIN
1471,6723,2025-12-16T08:47:55.000000,DEVELOPMENT,NOT_USED,VALIDATION,TRAIN,TRAIN
1472,6733,2025-08-31T19:29:28.000000,DEVELOPMENT,TRAIN,TRAIN,TRAIN,TRAIN
1473,6736,2026-04-10T09:18:35.000000,DEVELOPMENT,NOT_USED,NOT_USED,NOT_USED,VALIDATION
1474,6737,2026-03-25T19:29:00.000000,DEVELOPMENT,NOT_USED,NOT_USED,NOT_USED,VALIDATION
1475,6738,2026-03-14T15:20:00.000000,DEVELOPMENT,NOT_USED,NOT_USED,NOT_USED,VALIDATION
1476,6739,2025-06-22T07:13:37.000000,DEVELOPMENT,TRAIN,TRAIN,TRAIN,TRAIN
1477,6741,2025-06-22T15:48:33.000000,DEVELOPMENT,TRAIN,TRAIN,TRAIN,TRAIN
1478,6748,2025-05-25T15:44:41.000000,DEVELOPMENT,TRAIN,TRAIN,TRAIN,TRAIN
1479,6749,2026-03-27T15:51:03.000000,DEVELOPMENT,NOT_USED,NOT_USED,NOT_USED,VALIDATION
1480,6755,2025-11-29T20:15:12.000000,DEVELOPMENT,NOT_USED,VALIDATION,TRAIN,TRAIN
1481,6759,2025-04-04T10:20:45.000000,DEVELOPMENT,TRAIN,TRAIN,TRAIN,TRAIN
1482,6767,2025-07-03T07:32:55.000000,DEVELOPMENT,TRAIN,TRAIN,TRAIN,TRAIN
1483,6769,2025-05-07T12:57:00.000000,DEVELOPMENT,TRAIN,TRAIN,TRAIN,TRAIN
1484,6774,2025-02-06T16:29:30.000000,DEVELOPMENT,TRAIN,TRAIN,TRAIN,TRAIN
1485,6777,2025-02-21T15:06:00.000000,DEVELOPMENT,TRAIN,TRAIN,TRAIN,TRAIN
1486,6787,2025-01-29T07:11:01.000000,DEVELOPMENT,TRAIN,TRAIN,TRAIN,TRAIN
1487,6790,2026-05-05T15:02:49.000000,CALIBRATION,NOT_USED,NOT_USED,NOT_USED,NOT_USED
1488,6797,2025-05-30T13:58:16.000000,DEVELOPMENT,TRAIN,TRAIN,TRAIN,TRAIN
1489,6798,2026-04-05T12:12:37.000000,DEVELOPMENT,NOT_USED,NOT_USED,NOT_USED,VALIDATION
1490,6799,2026-01-09T15:09:52.000000,DEVELOPMENT,NOT_USED,NOT_USED,VALIDATION,TRAIN
1491,6800,2025-11-04T13:17:00.000000,DEVELOPMENT,NOT_USED,VALIDATION,TRAIN,TRAIN
1492,6803,2026-05-23T13:19:20.000000,CALIBRATION,NOT_USED,NOT_USED,NOT_USED,NOT_USED
1493,6808,2026-05-12T09:10:19.000000,CALIBRATION,NOT_USED,NOT_USED,NOT_USED,NOT_USED
1494,6809,2025-12-21T15:30:01.000000,DEVELOPMENT,NOT_USED,VALIDATION,TRAIN,TRAIN
1495,6813,2025-07-07T17:31:00.000000,DEVELOPMENT,TRAIN,TRAIN,TRAIN,TRAIN
1496,6814,2025-03-05T19:51:19.000000,DEVELOPMENT,TRAIN,TRAIN,TRAIN,TRAIN
1497,6818,2025-01-23T08:34:56.000000,DEVELOPMENT,TRAIN,TRAIN,TRAIN,TRAIN
1498,6821,2025-10-22T20:06:00.000000,DEVELOPMENT,VALIDATION,TRAIN,TRAIN,TRAIN
1499,6829,2025-09-25T19:49:15.000000,DEVELOPMENT,VALIDATION,TRAIN,TRAIN,TRAIN
1500,6831,2025-09-24T14:02:43.000000,DEVELOPMENT,VALIDATION,TRAIN,TRAIN,TRAIN
1501,6834,2026-02-28T09:20:00.000000,DEVELOPMENT,NOT_USED,NOT_USED,VALIDATION,TRAIN
1502,6836,2025-02-14T15:52:07.000000,DEVELOPMENT,TRAIN,TRAIN,TRAIN,TRAIN
1503,6840,2025-08-22T09:02:00.000000,DEVELOPMENT,TRAIN,TRAIN,TRAIN,TRAIN
1504,6843,2026-03-05T14:13:03.000000,DEVELOPMENT,NOT_USED,NOT_USED,NOT_USED,VALIDATION
1505,6846,2025-07-18T18:29:39.000000,DEVELOPMENT,TRAIN,TRAIN,TRAIN,TRAIN
1506,6850,2026-03-12T19:54:19.000000,DEVELOPMENT,NOT_USED,NOT_USED,NOT_USED,VALIDATION
1507,6852,2025-03-19T18:23:31.000000,DEVELOPMENT,TRAIN,TRAIN,TRAIN,TRAIN
1508,6862,2026-03-16T10:22:17.000000,DEVELOPMENT,NOT_USED,NOT_USED,NOT_USED,VALIDATION
1509,6865,2026-06-25T16:28:00.000000,PROCEDURAL_HOLDOUT,NOT_USED,NOT_USED,NOT_USED,NOT_USED
1510,6871,2025-02-28T09:56:14.000000,DEVELOPMENT,TRAIN,TRAIN,TRAIN,TRAIN
1511,6872,2025-05-30T15:54:32.000000,DEVELOPMENT,TRAIN,TRAIN,TRAIN,TRAIN
1512,6874,2025-08-09T11:28:21.000000,DEVELOPMENT,TRAIN,TRAIN,TRAIN,TRAIN
1513,6882,2025-10-29T11:56:41.000000,DEVELOPMENT,VALIDATION,TRAIN,TRAIN,TRAIN
1514,6887,2025-10-21T19:24:00.000000,DEVELOPMENT,VALIDATION,TRAIN,TRAIN,TRAIN
1515,6892,2025-01-16T20:59:10.000000,DEVELOPMENT,TRAIN,TRAIN,TRAIN,TRAIN
1516,6900,2025-11-19T12:20:05.000000,DEVELOPMENT,NOT_USED,VALIDATION,TRAIN,TRAIN
1517,6904,2025-09-01T14:38:24.000000,DEVELOPMENT,VALIDATION,TRAIN,TRAIN,TRAIN
1518,6906,2025-09-03T14:50:57.000000,DEVELOPMENT,VALIDATION,TRAIN,TRAIN,TRAIN
1519,6909,2025-02-21T13:01:26.000000,DEVELOPMENT,TRAIN,TRAIN,TRAIN,TRAIN
1520,6915,2025-04-13T09:06:00.000000,DEVELOPMENT,TRAIN,TRAIN,TRAIN,TRAIN
1521,6922,2026-05-07T18:13:24.000000,CALIBRATION,NOT_USED,NOT_USED,NOT_USED,NOT_USED
1522,6926,2025-03-19T07:55:47.000000,DEVELOPMENT,TRAIN,TRAIN,TRAIN,TRAIN
1523,6928,2025-12-24T18:30:40.000000,DEVELOPMENT,NOT_USED,VALIDATION,TRAIN,TRAIN
1524,6931,2026-01-03T08:53:26.000000,DEVELOPMENT,NOT_USED,NOT_USED,VALIDATION,TRAIN
1525,6933,2025-11-18T14:36:00.000000,DEVELOPMENT,NOT_USED,VALIDATION,TRAIN,TRAIN
1526,6936,2025-04-17T19:45:05.000000,DEVELOPMENT,TRAIN,TRAIN,TRAIN,TRAIN
1527,6941,2025-07-02T18:14:49.000000,DEVELOPMENT,TRAIN,TRAIN,TRAIN,TRAIN
1528,6948,2025-11-09T15:09:56.000000,DEVELOPMENT,NOT_USED,VALIDATION,TRAIN,TRAIN
1529,6953,2025-02-08T10:09:00.000000,DEVELOPMENT,TRAIN,TRAIN,TRAIN,TRAIN
1530,6957,2026-04-22T07:05:39.000000,DEVELOPMENT,NOT_USED,NOT_USED,NOT_USED,VALIDATION
1531,6965,2025-08-03T16:01:56.000000,DEVELOPMENT,TRAIN,TRAIN,TRAIN,TRAIN
1532,6971,2025-06-13T20:19:00.000000,DEVELOPMENT,TRAIN,TRAIN,TRAIN,TRAIN
1533,6973,2025-06-19T08:22:00.000000,DEVELOPMENT,TRAIN,TRAIN,TRAIN,TRAIN
1534,6981,2026-06-11T16:50:38.000000,PROCEDURAL_HOLDOUT,NOT_USED,NOT_USED,NOT_USED,NOT_USED
1535,6983,2025-10-01T09:40:54.000000,DEVELOPMENT,VALIDATION,TRAIN,TRAIN,TRAIN
1536,6987,2025-08-22T19:07:34.000000,DEVELOPMENT,TRAIN,TRAIN,TRAIN,TRAIN
1537,6988,2025-03-09T07:13:00.000000,DEVELOPMENT,TRAIN,TRAIN,TRAIN,TRAIN
1538,6996,2026-06-25T14:57:18.000000,PROCEDURAL_HOLDOUT,NOT_USED,NOT_USED,NOT_USED,NOT_USED
1539,7009,2025-11-06T09:34:39.000000,DEVELOPMENT,NOT_USED,VALIDATION,TRAIN,TRAIN
1540,7014,2025-05-14T20:36:53.000000,DEVELOPMENT,TRAIN,TRAIN,TRAIN,TRAIN
1541,7019,2026-03-30T19:50:14.000000,DEVELOPMENT,NOT_USED,NOT_USED,NOT_USED,VALIDATION
1542,7022,2025-10-22T13:29:26.000000,DEVELOPMENT,VALIDATION,TRAIN,TRAIN,TRAIN
1543,7029,2025-08-22T14:44:26.000000,DEVELOPMENT,TRAIN,TRAIN,TRAIN,TRAIN
1544,7032,2026-03-13T13:04:23.000000,DEVELOPMENT,NOT_USED,NOT_USED,NOT_USED,VALIDATION
1545,7034,2025-08-14T08:13:00.000000,DEVELOPMENT,TRAIN,TRAIN,TRAIN,TRAIN
1546,7035,2026-01-17T10:46:00.000000,DEVELOPMENT,NOT_USED,NOT_USED,VALIDATION,TRAIN
1547,7037,2025-11-14T07:19:03.000000,DEVELOPMENT,NOT_USED,VALIDATION,TRAIN,TRAIN
1548,7039,2026-04-08T09:39:57.000000,DEVELOPMENT,NOT_USED,NOT_USED,NOT_USED,VALIDATION
1549,7042,2026-05-31T12:26:26.000000,CALIBRATION,NOT_USED,NOT_USED,NOT_USED,NOT_USED
1550,7048,2025-09-12T13:11:12.000000,DEVELOPMENT,VALIDATION,TRAIN,TRAIN,TRAIN
1551,7049,2026-05-29T12:47:31.000000,CALIBRATION,NOT_USED,NOT_USED,NOT_USED,NOT_USED
1552,7055,2025-09-19T13:31:19.000000,DEVELOPMENT,VALIDATION,TRAIN,TRAIN,TRAIN
1553,7065,2025-08-02T12:29:14.000000,DEVELOPMENT,TRAIN,TRAIN,TRAIN,TRAIN
1554,7068,2025-10-22T19:11:28.000000,DEVELOPMENT,VALIDATION,TRAIN,TRAIN,TRAIN
1555,7073,2025-08-22T09:13:22.000000,DEVELOPMENT,TRAIN,TRAIN,TRAIN,TRAIN
1556,7079,2025-10-11T11:26:28.000000,DEVELOPMENT,VALIDATION,TRAIN,TRAIN,TRAIN
1557,7085,2025-06-13T19:23:36.000000,DEVELOPMENT,TRAIN,TRAIN,TRAIN,TRAIN
1558,7090,2026-06-03T11:27:59.000000,PROCEDURAL_HOLDOUT,NOT_USED,NOT_USED,NOT_USED,NOT_USED
1559,7094,2026-05-15T08:45:37.000000,CALIBRATION,NOT_USED,NOT_USED,NOT_USED,NOT_USED
1560,7095,2026-02-16T15:54:07.000000,DEVELOPMENT,NOT_USED,NOT_USED,VALIDATION,TRAIN
1561,7097,2025-04-25T12:21:27.000000,DEVELOPMENT,TRAIN,TRAIN,TRAIN,TRAIN
1562,7103,2026-04-20T19:03:11.000000,DEVELOPMENT,NOT_USED,NOT_USED,NOT_USED,VALIDATION
1563,7107,2025-11-08T07:00:54.000000,DEVELOPMENT,NOT_USED,VALIDATION,TRAIN,TRAIN
1564,7115,2025-12-19T17:08:14.000000,DEVELOPMENT,NOT_USED,VALIDATION,TRAIN,TRAIN
1565,7116,2025-10-08T15:55:28.000000,DEVELOPMENT,VALIDATION,TRAIN,TRAIN,TRAIN
1566,7121,2026-01-05T11:38:20.000000,DEVELOPMENT,NOT_USED,NOT_USED,VALIDATION,TRAIN
1567,7123,2025-09-19T17:27:00.000000,DEVELOPMENT,VALIDATION,TRAIN,TRAIN,TRAIN
1568,7126,2026-05-06T19:51:07.000000,CALIBRATION,NOT_USED,NOT_USED,NOT_USED,NOT_USED
1569,7128,2025-10-06T14:30:43.000000,DEVELOPMENT,VALIDATION,TRAIN,TRAIN,TRAIN
1570,7132,2025-10-26T09:46:30.000000,DEVELOPMENT,VALIDATION,TRAIN,TRAIN,TRAIN
1571,7136,2025-12-24T12:00:00.000000,DEVELOPMENT,NOT_USED,VALIDATION,TRAIN,TRAIN
1572,7138,2026-06-07T15:52:14.000000,PROCEDURAL_HOLDOUT,NOT_USED,NOT_USED,NOT_USED,NOT_USED
1573,7143,2025-06-05T19:24:27.000000,DEVELOPMENT,TRAIN,TRAIN,TRAIN,TRAIN
1574,7146,2025-09-14T17:31:00.000000,DEVELOPMENT,VALIDATION,TRAIN,TRAIN,TRAIN
1575,7148,2025-04-09T09:18:16.000000,DEVELOPMENT,TRAIN,TRAIN,TRAIN,TRAIN
1576,7157,2025-11-05T16:56:59.000000,DEVELOPMENT,NOT_USED,VALIDATION,TRAIN,TRAIN
1577,7158,2025-09-11T14:35:27.000000,DEVELOPMENT,VALIDATION,TRAIN,TRAIN,TRAIN
1578,7160,2025-10-05T17:53:00.000000,DEVELOPMENT,VALIDATION,TRAIN,TRAIN,TRAIN
1579,7162,2026-06-21T08:00:42.000000,PROCEDURAL_HOLDOUT,NOT_USED,NOT_USED,NOT_USED,NOT_USED
1580,7164,2026-02-01T16:38:00.000000,DEVELOPMENT,NOT_USED,NOT_USED,VALIDATION,TRAIN
1581,7170,2026-06-10T13:59:16.000000,PROCEDURAL_HOLDOUT,NOT_USED,NOT_USED,NOT_USED,NOT_USED
1582,7175,2026-03-28T13:16:55.000000,DEVELOPMENT,NOT_USED,NOT_USED,NOT_USED,VALIDATION
1583,7180,2025-08-02T09:52:40.000000,DEVELOPMENT,TRAIN,TRAIN,TRAIN,TRAIN
1584,7183,2025-10-24T19:16:58.000000,DEVELOPMENT,VALIDATION,TRAIN,TRAIN,TRAIN
1585,7193,2026-03-11T14:21:17.000000,DEVELOPMENT,NOT_USED,NOT_USED,NOT_USED,VALIDATION
1586,7195,2025-05-15T10:54:37.000000,DEVELOPMENT,TRAIN,TRAIN,TRAIN,TRAIN
1587,7201,2026-03-03T12:15:14.000000,DEVELOPMENT,NOT_USED,NOT_USED,NOT_USED,VALIDATION
1588,7204,2026-04-17T16:19:39.000000,DEVELOPMENT,NOT_USED,NOT_USED,NOT_USED,VALIDATION
1589,7211,2026-05-31T20:11:00.000000,CALIBRATION,NOT_USED,NOT_USED,NOT_USED,NOT_USED
1590,7216,2026-02-01T16:57:32.000000,DEVELOPMENT,NOT_USED,NOT_USED,VALIDATION,TRAIN
1591,7223,2025-12-28T14:42:23.000000,DEVELOPMENT,NOT_USED,VALIDATION,TRAIN,TRAIN
1592,7230,2026-04-07T15:06:37.000000,DEVELOPMENT,NOT_USED,NOT_USED,NOT_USED,VALIDATION
1593,7236,2025-06-13T19:22:02.000000,DEVELOPMENT,TRAIN,TRAIN,TRAIN,TRAIN
1594,7246,2025-10-23T20:56:37.000000,DEVELOPMENT,VALIDATION,TRAIN,TRAIN,TRAIN
1595,7248,2026-06-30T14:44:22.000000,PROCEDURAL_HOLDOUT,NOT_USED,NOT_USED,NOT_USED,NOT_USED
1596,7250,2025-03-08T14:59:40.000000,DEVELOPMENT,TRAIN,TRAIN,TRAIN,TRAIN
1597,7257,2025-07-09T09:21:42.000000,DEVELOPMENT,TRAIN,TRAIN,TRAIN,TRAIN
1598,7259,2026-01-18T15:31:24.000000,DEVELOPMENT,NOT_USED,NOT_USED,VALIDATION,TRAIN
1599,7267,2025-04-18T20:35:00.000000,DEVELOPMENT,TRAIN,TRAIN,TRAIN,TRAIN
1600,7271,2026-03-20T20:20:46.000000,DEVELOPMENT,NOT_USED,NOT_USED,NOT_USED,VALIDATION
1601,7278,2025-09-21T18:09:38.000000,DEVELOPMENT,VALIDATION,TRAIN,TRAIN,TRAIN
1602,7282,2026-01-16T17:39:46.000000,DEVELOPMENT,NOT_USED,NOT_USED,VALIDATION,TRAIN
1603,7291,2026-06-10T13:10:48.000000,PROCEDURAL_HOLDOUT,NOT_USED,NOT_USED,NOT_USED,NOT_USED
1604,7299,2026-05-29T20:04:49.000000,CALIBRATION,NOT_USED,NOT_USED,NOT_USED,NOT_USED
1605,7306,2025-12-21T10:13:12.000000,DEVELOPMENT,NOT_USED,VALIDATION,TRAIN,TRAIN
1606,7307,2025-06-19T15:05:09.000000,DEVELOPMENT,TRAIN,TRAIN,TRAIN,TRAIN
1607,7311,2025-12-06T08:50:27.000000,DEVELOPMENT,NOT_USED,VALIDATION,TRAIN,TRAIN
1608,7316,2026-01-26T09:19:25.000000,DEVELOPMENT,NOT_USED,NOT_USED,VALIDATION,TRAIN
1609,7320,2025-07-03T15:40:20.000000,DEVELOPMENT,TRAIN,TRAIN,TRAIN,TRAIN
1610,7331,2026-02-02T09:11:31.000000,DEVELOPMENT,NOT_USED,NOT_USED,VALIDATION,TRAIN
1611,7337,2026-02-05T12:32:50.000000,DEVELOPMENT,NOT_USED,NOT_USED,VALIDATION,TRAIN
1612,7338,2025-10-11T16:53:10.000000,DEVELOPMENT,VALIDATION,TRAIN,TRAIN,TRAIN
1613,7344,2025-04-19T11:33:02.000000,DEVELOPMENT,TRAIN,TRAIN,TRAIN,TRAIN
1614,7346,2026-01-09T19:58:53.000000,DEVELOPMENT,NOT_USED,NOT_USED,VALIDATION,TRAIN
1615,7351,2025-03-25T16:27:00.000000,DEVELOPMENT,TRAIN,TRAIN,TRAIN,TRAIN
1616,7354,2025-05-24T10:26:36.000000,DEVELOPMENT,TRAIN,TRAIN,TRAIN,TRAIN
1617,7358,2026-04-26T17:06:23.000000,DEVELOPMENT,NOT_USED,NOT_USED,NOT_USED,VALIDATION
1618,7359,2026-01-28T09:01:00.000000,DEVELOPMENT,NOT_USED,NOT_USED,VALIDATION,TRAIN
1619,7361,2025-10-10T17:03:02.000000,DEVELOPMENT,VALIDATION,TRAIN,TRAIN,TRAIN
1620,7368,2025-09-09T10:04:00.000000,DEVELOPMENT,VALIDATION,TRAIN,TRAIN,TRAIN
1621,7370,2026-04-29T15:28:23.000000,DEVELOPMENT,NOT_USED,NOT_USED,NOT_USED,VALIDATION
1622,7380,2025-05-05T20:58:55.000000,DEVELOPMENT,TRAIN,TRAIN,TRAIN,TRAIN
1623,7386,2025-03-05T19:08:00.000000,DEVELOPMENT,TRAIN,TRAIN,TRAIN,TRAIN
1624,7394,2025-09-21T09:14:04.000000,DEVELOPMENT,VALIDATION,TRAIN,TRAIN,TRAIN
1625,7400,2026-01-29T10:51:45.000000,DEVELOPMENT,NOT_USED,NOT_USED,VALIDATION,TRAIN
1626,7403,2025-05-10T19:17:00.000000,DEVELOPMENT,TRAIN,TRAIN,TRAIN,TRAIN
1627,7407,2025-03-11T17:20:02.000000,DEVELOPMENT,TRAIN,TRAIN,TRAIN,TRAIN
1628,7414,2025-07-12T18:47:13.000000,DEVELOPMENT,TRAIN,TRAIN,TRAIN,TRAIN
1629,7415,2025-03-29T13:09:56.000000,DEVELOPMENT,TRAIN,TRAIN,TRAIN,TRAIN
1630,7418,2025-09-05T20:11:23.000000,DEVELOPMENT,VALIDATION,TRAIN,TRAIN,TRAIN
1631,7420,2025-04-24T20:24:06.000000,DEVELOPMENT,TRAIN,TRAIN,TRAIN,TRAIN
1632,7428,2026-04-21T08:30:23.000000,DEVELOPMENT,NOT_USED,NOT_USED,NOT_USED,VALIDATION
1633,7433,2025-02-13T17:03:00.000000,DEVELOPMENT,TRAIN,TRAIN,TRAIN,TRAIN
1634,7436,2025-06-11T12:22:00.000000,DEVELOPMENT,TRAIN,TRAIN,TRAIN,TRAIN
1635,7437,2026-07-07T14:14:32.000000,POST_HOLDOUT_AUDIT,NOT_USED,NOT_USED,NOT_USED,NOT_USED
1636,7444,2026-05-24T13:36:03.000000,CALIBRATION,NOT_USED,NOT_USED,NOT_USED,NOT_USED
1637,7446,2025-12-23T10:17:41.000000,DEVELOPMENT,NOT_USED,VALIDATION,TRAIN,TRAIN
1638,7454,2025-02-12T14:53:21.000000,DEVELOPMENT,TRAIN,TRAIN,TRAIN,TRAIN
1639,7456,2026-05-12T18:51:41.000000,CALIBRATION,NOT_USED,NOT_USED,NOT_USED,NOT_USED
1640,7460,2025-04-11T07:30:55.000000,DEVELOPMENT,TRAIN,TRAIN,TRAIN,TRAIN
1641,7461,2025-03-31T18:00:16.000000,DEVELOPMENT,TRAIN,TRAIN,TRAIN,TRAIN
1642,7468,2025-01-28T20:57:43.000000,DEVELOPMENT,TRAIN,TRAIN,TRAIN,TRAIN
1643,7473,2026-03-14T10:41:19.000000,DEVELOPMENT,NOT_USED,NOT_USED,NOT_USED,VALIDATION
1644,7475,2025-10-14T17:47:23.000000,DEVELOPMENT,VALIDATION,TRAIN,TRAIN,TRAIN
1645,7477,2025-02-24T16:38:17.000000,DEVELOPMENT,TRAIN,TRAIN,TRAIN,TRAIN
1646,7485,2025-10-19T15:54:36.000000,DEVELOPMENT,VALIDATION,TRAIN,TRAIN,TRAIN
1647,7488,2025-03-20T11:34:47.000000,DEVELOPMENT,TRAIN,TRAIN,TRAIN,TRAIN
1648,7496,2026-02-07T17:36:25.000000,DEVELOPMENT,NOT_USED,NOT_USED,VALIDATION,TRAIN
1649,7500,2026-04-24T11:18:28.000000,DEVELOPMENT,NOT_USED,NOT_USED,NOT_USED,VALIDATION
1650,7505,2026-05-26T14:07:51.000000,CALIBRATION,NOT_USED,NOT_USED,NOT_USED,NOT_USED
1651,7507,2025-04-08T12:12:42.000000,DEVELOPMENT,TRAIN,TRAIN,TRAIN,TRAIN
1652,7509,2026-01-04T19:28:00.000000,DEVELOPMENT,NOT_USED,NOT_USED,VALIDATION,TRAIN
1653,7512,2026-03-19T15:05:06.000000,DEVELOPMENT,NOT_USED,NOT_USED,NOT_USED,VALIDATION
1654,7516,2026-05-11T09:03:55.000000,CALIBRATION,NOT_USED,NOT_USED,NOT_USED,NOT_USED
1655,7519,2026-05-16T13:26:10.000000,CALIBRATION,NOT_USED,NOT_USED,NOT_USED,NOT_USED
1656,7526,2025-03-26T13:06:34.000000,DEVELOPMENT,TRAIN,TRAIN,TRAIN,TRAIN
1657,7532,2025-04-07T09:17:00.000000,DEVELOPMENT,TRAIN,TRAIN,TRAIN,TRAIN
1658,7542,2025-08-07T18:32:04.000000,DEVELOPMENT,TRAIN,TRAIN,TRAIN,TRAIN
1659,7543,2026-06-30T18:29:00.000000,PROCEDURAL_HOLDOUT,NOT_USED,NOT_USED,NOT_USED,NOT_USED
1660,7544,2025-03-12T09:01:00.000000,DEVELOPMENT,TRAIN,TRAIN,TRAIN,TRAIN
1661,7547,2025-10-28T14:34:40.000000,DEVELOPMENT,VALIDATION,TRAIN,TRAIN,TRAIN
1662,7550,2025-06-13T07:40:32.000000,DEVELOPMENT,TRAIN,TRAIN,TRAIN,TRAIN
1663,7555,2025-12-02T20:29:47.000000,DEVELOPMENT,NOT_USED,VALIDATION,TRAIN,TRAIN
1664,7563,2026-01-03T09:24:13.000000,DEVELOPMENT,NOT_USED,NOT_USED,VALIDATION,TRAIN
1665,7569,2026-04-03T07:23:51.000000,DEVELOPMENT,NOT_USED,NOT_USED,NOT_USED,VALIDATION
1666,7573,2026-03-06T09:25:27.000000,DEVELOPMENT,NOT_USED,NOT_USED,NOT_USED,VALIDATION
1667,7578,2026-01-03T19:37:10.000000,DEVELOPMENT,NOT_USED,NOT_USED,VALIDATION,TRAIN
1668,7582,2025-09-04T08:32:02.000000,DEVELOPMENT,VALIDATION,TRAIN,TRAIN,TRAIN
1669,7584,2026-06-29T07:16:00.000000,PROCEDURAL_HOLDOUT,NOT_USED,NOT_USED,NOT_USED,NOT_USED
1670,7585,2025-05-31T19:18:24.000000,DEVELOPMENT,TRAIN,TRAIN,TRAIN,TRAIN
1671,7590,2026-05-18T17:18:36.000000,CALIBRATION,NOT_USED,NOT_USED,NOT_USED,NOT_USED
1672,7594,2026-06-20T15:25:00.000000,PROCEDURAL_HOLDOUT,NOT_USED,NOT_USED,NOT_USED,NOT_USED
1673,7595,2025-05-20T10:43:54.000000,DEVELOPMENT,TRAIN,TRAIN,TRAIN,TRAIN
1674,7601,2025-02-11T09:51:38.000000,DEVELOPMENT,TRAIN,TRAIN,TRAIN,TRAIN
1675,7608,2026-02-09T18:44:40.000000,DEVELOPMENT,NOT_USED,NOT_USED,VALIDATION,TRAIN
1676,7615,2026-01-07T19:33:47.000000,DEVELOPMENT,NOT_USED,NOT_USED,VALIDATION,TRAIN
1677,7622,2025-08-02T18:05:49.000000,DEVELOPMENT,TRAIN,TRAIN,TRAIN,TRAIN
1678,7626,2025-08-13T18:17:58.000000,DEVELOPMENT,TRAIN,TRAIN,TRAIN,TRAIN
1679,7627,2025-03-13T11:13:41.000000,DEVELOPMENT,TRAIN,TRAIN,TRAIN,TRAIN
1680,7634,2025-12-28T08:53:39.000000,DEVELOPMENT,NOT_USED,VALIDATION,TRAIN,TRAIN
1681,7636,2025-06-16T12:53:34.000000,DEVELOPMENT,TRAIN,TRAIN,TRAIN,TRAIN
1682,7644,2025-12-15T20:27:58.000000,DEVELOPMENT,NOT_USED,VALIDATION,TRAIN,TRAIN
1683,7646,2025-02-02T17:21:46.000000,DEVELOPMENT,TRAIN,TRAIN,TRAIN,TRAIN
1684,7655,2025-01-29T10:20:52.000000,DEVELOPMENT,TRAIN,TRAIN,TRAIN,TRAIN
1685,7658,2025-10-14T17:45:29.000000,DEVELOPMENT,VALIDATION,TRAIN,TRAIN,TRAIN
1686,7664,2025-06-18T12:05:19.000000,DEVELOPMENT,TRAIN,TRAIN,TRAIN,TRAIN
1687,7673,2025-01-04T14:43:41.000000,DEVELOPMENT,TRAIN,TRAIN,TRAIN,TRAIN
1688,7683,2026-04-06T15:05:21.000000,DEVELOPMENT,NOT_USED,NOT_USED,NOT_USED,VALIDATION
1689,7691,2025-04-07T20:21:36.000000,DEVELOPMENT,TRAIN,TRAIN,TRAIN,TRAIN
1690,7692,2026-05-26T09:20:00.000000,CALIBRATION,NOT_USED,NOT_USED,NOT_USED,NOT_USED
1691,7698,2026-06-29T19:33:37.000000,PROCEDURAL_HOLDOUT,NOT_USED,NOT_USED,NOT_USED,NOT_USED
1692,7700,2025-09-04T11:27:00.000000,DEVELOPMENT,VALIDATION,TRAIN,TRAIN,TRAIN
1693,7701,2026-05-29T12:34:37.000000,CALIBRATION,NOT_USED,NOT_USED,NOT_USED,NOT_USED
1694,7711,2025-03-31T12:24:21.000000,DEVELOPMENT,TRAIN,TRAIN,TRAIN,TRAIN
1695,7713,2025-11-25T14:13:12.000000,DEVELOPMENT,NOT_USED,VALIDATION,TRAIN,TRAIN
1696,7720,2026-05-18T14:03:41.000000,CALIBRATION,NOT_USED,NOT_USED,NOT_USED,NOT_USED
1697,7721,2026-06-24T18:19:34.000000,PROCEDURAL_HOLDOUT,NOT_USED,NOT_USED,NOT_USED,NOT_USED
1698,7723,2025-06-08T12:58:03.000000,DEVELOPMENT,TRAIN,TRAIN,TRAIN,TRAIN
1699,7733,2025-09-12T19:27:22.000000,DEVELOPMENT,VALIDATION,TRAIN,TRAIN,TRAIN
1700,7734,2025-12-11T09:38:24.000000,DEVELOPMENT,NOT_USED,VALIDATION,TRAIN,TRAIN
1701,7739,2025-09-21T20:53:51.000000,DEVELOPMENT,VALIDATION,TRAIN,TRAIN,TRAIN
1702,7743,2025-09-30T20:49:16.000000,DEVELOPMENT,VALIDATION,TRAIN,TRAIN,TRAIN
1703,7749,2025-08-31T10:26:26.000000,DEVELOPMENT,TRAIN,TRAIN,TRAIN,TRAIN
1704,7751,2025-08-17T09:19:00.000000,DEVELOPMENT,TRAIN,TRAIN,TRAIN,TRAIN
1705,7756,2025-01-21T11:55:59.000000,DEVELOPMENT,TRAIN,TRAIN,TRAIN,TRAIN
1706,7761,2026-05-15T15:32:40.000000,CALIBRATION,NOT_USED,NOT_USED,NOT_USED,NOT_USED
1707,7765,2025-07-17T19:20:47.000000,DEVELOPMENT,TRAIN,TRAIN,TRAIN,TRAIN
1708,7768,2025-11-02T07:45:52.000000,DEVELOPMENT,NOT_USED,VALIDATION,TRAIN,TRAIN
1709,7777,2025-10-18T15:03:46.000000,DEVELOPMENT,VALIDATION,TRAIN,TRAIN,TRAIN
1710,7781,2026-05-17T13:38:00.000000,CALIBRATION,NOT_USED,NOT_USED,NOT_USED,NOT_USED
1711,7783,2025-10-10T17:05:13.000000,DEVELOPMENT,VALIDATION,TRAIN,TRAIN,TRAIN
1712,7793,2026-03-20T16:17:43.000000,DEVELOPMENT,NOT_USED,NOT_USED,NOT_USED,VALIDATION
1713,7797,2025-10-12T16:02:28.000000,DEVELOPMENT,VALIDATION,TRAIN,TRAIN,TRAIN
1714,7798,2026-02-04T14:14:48.000000,DEVELOPMENT,NOT_USED,NOT_USED,VALIDATION,TRAIN
1715,7802,2025-07-21T12:04:23.000000,DEVELOPMENT,TRAIN,TRAIN,TRAIN,TRAIN
1716,7809,2026-03-30T09:42:00.000000,DEVELOPMENT,NOT_USED,NOT_USED,NOT_USED,VALIDATION
1717,7814,2026-01-31T09:12:56.000000,DEVELOPMENT,NOT_USED,NOT_USED,VALIDATION,TRAIN
1718,7820,2025-11-01T14:03:18.000000,DEVELOPMENT,NOT_USED,VALIDATION,TRAIN,TRAIN
1719,7822,2026-06-04T09:04:57.000000,PROCEDURAL_HOLDOUT,NOT_USED,NOT_USED,NOT_USED,NOT_USED
1720,7828,2025-04-18T16:40:00.000000,DEVELOPMENT,TRAIN,TRAIN,TRAIN,TRAIN
1721,7830,2026-03-13T15:39:37.000000,DEVELOPMENT,NOT_USED,NOT_USED,NOT_USED,VALIDATION
1722,7834,2025-10-24T10:55:19.000000,DEVELOPMENT,VALIDATION,TRAIN,TRAIN,TRAIN
1723,7837,2025-06-27T14:28:24.000000,DEVELOPMENT,TRAIN,TRAIN,TRAIN,TRAIN
1724,7842,2026-03-14T20:01:35.000000,DEVELOPMENT,NOT_USED,NOT_USED,NOT_USED,VALIDATION
1725,7847,2025-10-16T13:42:00.000000,DEVELOPMENT,VALIDATION,TRAIN,TRAIN,TRAIN
1726,7848,2026-05-23T10:52:00.000000,CALIBRATION,NOT_USED,NOT_USED,NOT_USED,NOT_USED
1727,7849,2026-04-29T11:18:43.000000,DEVELOPMENT,NOT_USED,NOT_USED,NOT_USED,VALIDATION
1728,7853,2025-11-13T19:24:05.000000,DEVELOPMENT,NOT_USED,VALIDATION,TRAIN,TRAIN
1729,7858,2025-05-06T08:42:14.000000,DEVELOPMENT,TRAIN,TRAIN,TRAIN,TRAIN
1730,7859,2026-01-30T13:24:54.000000,DEVELOPMENT,NOT_USED,NOT_USED,VALIDATION,TRAIN
1731,7864,2025-03-19T14:02:48.000000,DEVELOPMENT,TRAIN,TRAIN,TRAIN,TRAIN
1732,7865,2025-05-16T13:09:00.000000,DEVELOPMENT,TRAIN,TRAIN,TRAIN,TRAIN
1733,7873,2025-05-27T13:24:51.000000,DEVELOPMENT,TRAIN,TRAIN,TRAIN,TRAIN
1734,7881,2025-06-24T13:04:21.000000,DEVELOPMENT,TRAIN,TRAIN,TRAIN,TRAIN
1735,7883,2025-10-27T17:00:44.000000,DEVELOPMENT,VALIDATION,TRAIN,TRAIN,TRAIN
1736,7885,2025-12-06T12:44:15.000000,DEVELOPMENT,NOT_USED,VALIDATION,TRAIN,TRAIN
1737,7889,2025-01-11T14:21:51.000000,DEVELOPMENT,TRAIN,TRAIN,TRAIN,TRAIN
1738,7901,2026-05-03T10:00:15.000000,CALIBRATION,NOT_USED,NOT_USED,NOT_USED,NOT_USED
1739,7904,2025-04-25T14:09:32.000000,DEVELOPMENT,TRAIN,TRAIN,TRAIN,TRAIN
1740,7908,2026-05-26T14:16:11.000000,CALIBRATION,NOT_USED,NOT_USED,NOT_USED,NOT_USED
1741,7911,2025-05-22T11:02:15.000000,DEVELOPMENT,TRAIN,TRAIN,TRAIN,TRAIN
1742,7912,2026-07-12T19:26:26.000000,POST_HOLDOUT_AUDIT,NOT_USED,NOT_USED,NOT_USED,NOT_USED
1743,7916,2025-11-01T18:50:37.000000,DEVELOPMENT,NOT_USED,VALIDATION,TRAIN,TRAIN
1744,7922,2026-04-10T11:03:24.000000,DEVELOPMENT,NOT_USED,NOT_USED,NOT_USED,VALIDATION
1745,7925,2026-02-14T19:24:00.000000,DEVELOPMENT,NOT_USED,NOT_USED,VALIDATION,TRAIN
1746,7929,2025-10-04T07:28:32.000000,DEVELOPMENT,VALIDATION,TRAIN,TRAIN,TRAIN
1747,7937,2026-06-24T08:03:18.000000,PROCEDURAL_HOLDOUT,NOT_USED,NOT_USED,NOT_USED,NOT_USED
1748,7938,2025-09-05T14:00:37.000000,DEVELOPMENT,VALIDATION,TRAIN,TRAIN,TRAIN
1749,7939,2025-04-20T17:17:44.000000,DEVELOPMENT,TRAIN,TRAIN,TRAIN,TRAIN
1750,7947,2025-10-04T18:54:43.000000,DEVELOPMENT,VALIDATION,TRAIN,TRAIN,TRAIN
1751,7950,2026-01-20T16:51:23.000000,DEVELOPMENT,NOT_USED,NOT_USED,VALIDATION,TRAIN
1752,7953,2026-02-04T10:53:35.000000,DEVELOPMENT,NOT_USED,NOT_USED,VALIDATION,TRAIN
1753,7959,2025-05-05T08:33:39.000000,DEVELOPMENT,TRAIN,TRAIN,TRAIN,TRAIN
1754,7964,2026-02-13T07:14:36.000000,DEVELOPMENT,NOT_USED,NOT_USED,VALIDATION,TRAIN
1755,7966,2026-03-13T19:57:00.000000,DEVELOPMENT,NOT_USED,NOT_USED,NOT_USED,VALIDATION
1756,7968,2025-06-07T19:39:00.000000,DEVELOPMENT,TRAIN,TRAIN,TRAIN,TRAIN
1757,7969,2025-05-23T17:39:59.000000,DEVELOPMENT,TRAIN,TRAIN,TRAIN,TRAIN
1758,7971,2026-03-11T07:00:45.000000,DEVELOPMENT,NOT_USED,NOT_USED,NOT_USED,VALIDATION
1759,7975,2025-09-18T17:00:17.000000,DEVELOPMENT,VALIDATION,TRAIN,TRAIN,TRAIN
1760,7978,2025-10-23T20:14:03.000000,DEVELOPMENT,VALIDATION,TRAIN,TRAIN,TRAIN
1761,7980,2025-09-21T17:16:06.000000,DEVELOPMENT,VALIDATION,TRAIN,TRAIN,TRAIN
1762,7981,2025-11-23T15:03:51.000000,DEVELOPMENT,NOT_USED,VALIDATION,TRAIN,TRAIN
1763,7990,2026-06-07T12:47:54.000000,PROCEDURAL_HOLDOUT,NOT_USED,NOT_USED,NOT_USED,NOT_USED
1764,7995,2025-12-28T08:53:09.000000,DEVELOPMENT,NOT_USED,VALIDATION,TRAIN,TRAIN
1765,7997,2025-07-28T20:12:00.000000,DEVELOPMENT,TRAIN,TRAIN,TRAIN,TRAIN
1766,8000,2025-10-09T09:00:40.000000,DEVELOPMENT,VALIDATION,TRAIN,TRAIN,TRAIN
1767,8009,2026-03-28T12:20:28.000000,DEVELOPMENT,NOT_USED,NOT_USED,NOT_USED,VALIDATION
1768,8013,2026-05-30T15:11:36.000000,CALIBRATION,NOT_USED,NOT_USED,NOT_USED,NOT_USED
1769,8016,2026-02-03T13:14:15.000000,DEVELOPMENT,NOT_USED,NOT_USED,VALIDATION,TRAIN
1770,8021,2025-09-21T17:01:39.000000,DEVELOPMENT,VALIDATION,TRAIN,TRAIN,TRAIN
1771,8025,2025-11-04T19:49:44.000000,DEVELOPMENT,NOT_USED,VALIDATION,TRAIN,TRAIN
1772,8029,2026-02-27T20:59:44.000000,DEVELOPMENT,NOT_USED,NOT_USED,VALIDATION,TRAIN
1773,8036,2026-01-23T17:35:16.000000,DEVELOPMENT,NOT_USED,NOT_USED,VALIDATION,TRAIN
1774,8038,2025-10-29T15:52:21.000000,DEVELOPMENT,VALIDATION,TRAIN,TRAIN,TRAIN
1775,8041,2025-07-15T08:13:05.000000,DEVELOPMENT,TRAIN,TRAIN,TRAIN,TRAIN
1776,8043,2026-01-12T08:17:13.000000,DEVELOPMENT,NOT_USED,NOT_USED,VALIDATION,TRAIN
1777,8046,2025-12-13T07:34:03.000000,DEVELOPMENT,NOT_USED,VALIDATION,TRAIN,TRAIN
1778,8048,2025-12-29T18:10:42.000000,DEVELOPMENT,NOT_USED,VALIDATION,TRAIN,TRAIN
1779,8052,2025-05-20T18:07:00.000000,DEVELOPMENT,TRAIN,TRAIN,TRAIN,TRAIN
1780,8057,2026-06-29T10:40:48.000000,PROCEDURAL_HOLDOUT,NOT_USED,NOT_USED,NOT_USED,NOT_USED
1781,8058,2026-03-13T09:36:08.000000,DEVELOPMENT,NOT_USED,NOT_USED,NOT_USED,VALIDATION
1782,8060,2026-03-03T20:03:18.000000,DEVELOPMENT,NOT_USED,NOT_USED,NOT_USED,VALIDATION
1783,8067,2025-07-09T19:16:06.000000,DEVELOPMENT,TRAIN,TRAIN,TRAIN,TRAIN
1784,8070,2025-01-24T13:38:32.000000,DEVELOPMENT,TRAIN,TRAIN,TRAIN,TRAIN
1785,8073,2026-06-27T18:05:01.000000,PROCEDURAL_HOLDOUT,NOT_USED,NOT_USED,NOT_USED,NOT_USED
1786,8074,2025-10-12T12:43:24.000000,DEVELOPMENT,VALIDATION,TRAIN,TRAIN,TRAIN
1787,8085,2025-09-01T13:05:51.000000,DEVELOPMENT,VALIDATION,TRAIN,TRAIN,TRAIN
1788,8088,2025-04-05T07:04:12.000000,DEVELOPMENT,TRAIN,TRAIN,TRAIN,TRAIN
1789,8092,2026-05-24T11:31:17.000000,CALIBRATION,NOT_USED,NOT_USED,NOT_USED,NOT_USED
1790,8099,2025-10-15T20:16:37.000000,DEVELOPMENT,VALIDATION,TRAIN,TRAIN,TRAIN
1791,8104,2025-05-23T09:04:31.000000,DEVELOPMENT,TRAIN,TRAIN,TRAIN,TRAIN
1792,8109,2026-03-08T07:38:00.000000,DEVELOPMENT,NOT_USED,NOT_USED,NOT_USED,VALIDATION
1793,8112,2025-06-09T09:52:25.000000,DEVELOPMENT,TRAIN,TRAIN,TRAIN,TRAIN
1794,8116,2025-11-27T08:56:44.000000,DEVELOPMENT,NOT_USED,VALIDATION,TRAIN,TRAIN
1795,8119,2026-03-21T09:20:45.000000,DEVELOPMENT,NOT_USED,NOT_USED,NOT_USED,VALIDATION
1796,8120,2025-09-18T11:58:13.000000,DEVELOPMENT,VALIDATION,TRAIN,TRAIN,TRAIN
1797,8123,2026-05-04T12:22:23.000000,CALIBRATION,NOT_USED,NOT_USED,NOT_USED,NOT_USED
1798,8128,2026-01-18T18:01:46.000000,DEVELOPMENT,NOT_USED,NOT_USED,VALIDATION,TRAIN
1799,8134,2025-09-27T17:49:11.000000,DEVELOPMENT,VALIDATION,TRAIN,TRAIN,TRAIN
1800,8138,2026-04-29T16:02:35.000000,DEVELOPMENT,NOT_USED,NOT_USED,NOT_USED,VALIDATION
1801,8144,2025-02-17T13:01:02.000000,DEVELOPMENT,TRAIN,TRAIN,TRAIN,TRAIN
1802,8145,2026-04-10T16:01:00.000000,DEVELOPMENT,NOT_USED,NOT_USED,NOT_USED,VALIDATION
1803,8146,2025-07-10T12:04:08.000000,DEVELOPMENT,TRAIN,TRAIN,TRAIN,TRAIN
1804,8147,2026-04-29T19:58:00.000000,DEVELOPMENT,NOT_USED,NOT_USED,NOT_USED,VALIDATION
1805,8148,2026-03-21T10:52:51.000000,DEVELOPMENT,NOT_USED,NOT_USED,NOT_USED,VALIDATION
1806,8150,2025-11-20T11:34:11.000000,DEVELOPMENT,NOT_USED,VALIDATION,TRAIN,TRAIN
1807,8157,2025-09-20T12:34:44.000000,DEVELOPMENT,VALIDATION,TRAIN,TRAIN,TRAIN
1808,8159,2025-08-27T14:23:13.000000,DEVELOPMENT,TRAIN,TRAIN,TRAIN,TRAIN
1809,8162,2026-01-28T19:23:33.000000,DEVELOPMENT,NOT_USED,NOT_USED,VALIDATION,TRAIN
1810,8168,2026-02-03T13:40:12.000000,DEVELOPMENT,NOT_USED,NOT_USED,VALIDATION,TRAIN
1811,8172,2025-07-25T18:11:28.000000,DEVELOPMENT,TRAIN,TRAIN,TRAIN,TRAIN
1812,8174,2025-11-04T11:12:19.000000,DEVELOPMENT,NOT_USED,VALIDATION,TRAIN,TRAIN
1813,8178,2025-07-17T11:16:00.000000,DEVELOPMENT,TRAIN,TRAIN,TRAIN,TRAIN
1814,8184,2026-03-04T16:52:30.000000,DEVELOPMENT,NOT_USED,NOT_USED,NOT_USED,VALIDATION
1815,8187,2026-01-17T13:08:57.000000,DEVELOPMENT,NOT_USED,NOT_USED,VALIDATION,TRAIN
1816,8192,2025-06-24T13:08:00.000000,DEVELOPMENT,TRAIN,TRAIN,TRAIN,TRAIN
1817,8198,2025-06-14T16:02:29.000000,DEVELOPMENT,TRAIN,TRAIN,TRAIN,TRAIN
1818,8211,2025-02-14T08:16:31.000000,DEVELOPMENT,TRAIN,TRAIN,TRAIN,TRAIN
1819,8213,2025-10-05T19:40:31.000000,DEVELOPMENT,VALIDATION,TRAIN,TRAIN,TRAIN
1820,8216,2026-04-27T08:40:12.000000,DEVELOPMENT,NOT_USED,NOT_USED,NOT_USED,VALIDATION
1821,8223,2026-05-14T19:35:28.000000,CALIBRATION,NOT_USED,NOT_USED,NOT_USED,NOT_USED
1822,8225,2025-12-20T14:18:15.000000,DEVELOPMENT,NOT_USED,VALIDATION,TRAIN,TRAIN
1823,8227,2025-05-12T12:27:58.000000,DEVELOPMENT,TRAIN,TRAIN,TRAIN,TRAIN
1824,8231,2025-04-04T13:21:16.000000,DEVELOPMENT,TRAIN,TRAIN,TRAIN,TRAIN
1825,8237,2025-07-16T08:19:39.000000,DEVELOPMENT,TRAIN,TRAIN,TRAIN,TRAIN
1826,8241,2025-04-23T14:44:22.000000,DEVELOPMENT,TRAIN,TRAIN,TRAIN,TRAIN
1827,8252,2025-03-30T12:29:44.000000,DEVELOPMENT,TRAIN,TRAIN,TRAIN,TRAIN
1828,8255,2025-06-24T18:58:00.000000,DEVELOPMENT,TRAIN,TRAIN,TRAIN,TRAIN
1829,8261,2025-01-21T11:25:25.000000,DEVELOPMENT,TRAIN,TRAIN,TRAIN,TRAIN
1830,8264,2025-01-08T09:40:36.000000,DEVELOPMENT,TRAIN,TRAIN,TRAIN,TRAIN
1831,8272,2025-08-14T09:03:57.000000,DEVELOPMENT,TRAIN,TRAIN,TRAIN,TRAIN
1832,8281,2026-05-11T15:06:44.000000,CALIBRATION,NOT_USED,NOT_USED,NOT_USED,NOT_USED
1833,8285,2026-05-12T19:47:00.000000,CALIBRATION,NOT_USED,NOT_USED,NOT_USED,NOT_USED
1834,8287,2026-03-25T19:43:14.000000,DEVELOPMENT,NOT_USED,NOT_USED,NOT_USED,VALIDATION
1835,8294,2025-06-16T17:43:44.000000,DEVELOPMENT,TRAIN,TRAIN,TRAIN,TRAIN
1836,8297,2026-01-27T08:29:00.000000,DEVELOPMENT,NOT_USED,NOT_USED,VALIDATION,TRAIN
1837,8300,2026-04-17T09:30:39.000000,DEVELOPMENT,NOT_USED,NOT_USED,NOT_USED,VALIDATION
1838,8305,2025-11-22T11:16:45.000000,DEVELOPMENT,NOT_USED,VALIDATION,TRAIN,TRAIN
1839,8313,2025-01-31T12:37:22.000000,DEVELOPMENT,TRAIN,TRAIN,TRAIN,TRAIN
1840,8319,2025-03-03T16:27:49.000000,DEVELOPMENT,TRAIN,TRAIN,TRAIN,TRAIN
1841,8320,2025-12-24T11:53:18.000000,DEVELOPMENT,NOT_USED,VALIDATION,TRAIN,TRAIN
1842,8322,2025-11-03T07:10:52.000000,DEVELOPMENT,NOT_USED,VALIDATION,TRAIN,TRAIN
1843,8329,2025-08-03T18:55:09.000000,DEVELOPMENT,TRAIN,TRAIN,TRAIN,TRAIN
1844,8334,2025-11-29T15:17:00.000000,DEVELOPMENT,NOT_USED,VALIDATION,TRAIN,TRAIN
1845,8338,2025-08-03T11:37:15.000000,DEVELOPMENT,TRAIN,TRAIN,TRAIN,TRAIN
1846,8340,2025-02-17T16:09:59.000000,DEVELOPMENT,TRAIN,TRAIN,TRAIN,TRAIN
1847,8342,2025-10-11T07:04:00.000000,DEVELOPMENT,VALIDATION,TRAIN,TRAIN,TRAIN
1848,8344,2025-08-15T14:57:00.000000,DEVELOPMENT,TRAIN,TRAIN,TRAIN,TRAIN
1849,8345,2025-07-20T08:51:54.000000,DEVELOPMENT,TRAIN,TRAIN,TRAIN,TRAIN
1850,8351,2025-10-03T12:44:36.000000,DEVELOPMENT,VALIDATION,TRAIN,TRAIN,TRAIN
1851,8355,2025-02-20T07:51:00.000000,DEVELOPMENT,TRAIN,TRAIN,TRAIN,TRAIN
1852,8360,2026-04-18T12:12:33.000000,DEVELOPMENT,NOT_USED,NOT_USED,NOT_USED,VALIDATION
1853,8365,2026-04-30T20:23:09.000000,DEVELOPMENT,NOT_USED,NOT_USED,NOT_USED,VALIDATION
1854,8372,2025-06-20T10:48:00.000000,DEVELOPMENT,TRAIN,TRAIN,TRAIN,TRAIN
1855,8377,2025-04-19T18:07:14.000000,DEVELOPMENT,TRAIN,TRAIN,TRAIN,TRAIN
1856,8386,2025-06-17T19:08:37.000000,DEVELOPMENT,TRAIN,TRAIN,TRAIN,TRAIN
1857,8389,2026-01-11T11:39:51.000000,DEVELOPMENT,NOT_USED,NOT_USED,VALIDATION,TRAIN
1858,8392,2025-01-23T18:23:30.000000,DEVELOPMENT,TRAIN,TRAIN,TRAIN,TRAIN
1859,8393,2026-02-20T17:52:02.000000,DEVELOPMENT,NOT_USED,NOT_USED,VALIDATION,TRAIN
1860,8396,2025-11-27T16:10:29.000000,DEVELOPMENT,NOT_USED,VALIDATION,TRAIN,TRAIN
1861,8397,2025-10-26T16:01:00.000000,DEVELOPMENT,VALIDATION,TRAIN,TRAIN,TRAIN
1862,8399,2025-10-01T10:02:51.000000,DEVELOPMENT,VALIDATION,TRAIN,TRAIN,TRAIN
1863,8403,2025-04-04T18:45:57.000000,DEVELOPMENT,TRAIN,TRAIN,TRAIN,TRAIN
1864,8410,2025-06-06T15:53:45.000000,DEVELOPMENT,TRAIN,TRAIN,TRAIN,TRAIN
1865,8415,2026-05-23T08:00:37.000000,CALIBRATION,NOT_USED,NOT_USED,NOT_USED,NOT_USED
1866,8416,2025-08-15T09:52:00.000000,DEVELOPMENT,TRAIN,TRAIN,TRAIN,TRAIN
1867,8422,2025-01-18T15:45:28.000000,DEVELOPMENT,TRAIN,TRAIN,TRAIN,TRAIN
1868,8427,2025-09-24T09:44:30.000000,DEVELOPMENT,VALIDATION,TRAIN,TRAIN,TRAIN
1869,8429,2025-08-31T16:30:03.000000,DEVELOPMENT,TRAIN,TRAIN,TRAIN,TRAIN
1870,8434,2026-03-19T10:07:44.000000,DEVELOPMENT,NOT_USED,NOT_USED,NOT_USED,VALIDATION
1871,8437,2025-02-07T14:07:41.000000,DEVELOPMENT,TRAIN,TRAIN,TRAIN,TRAIN
1872,8441,2025-10-31T08:31:55.000000,DEVELOPMENT,VALIDATION,TRAIN,TRAIN,TRAIN
1873,8443,2025-08-21T20:26:41.000000,DEVELOPMENT,TRAIN,TRAIN,TRAIN,TRAIN
1874,8450,2025-11-01T20:49:00.000000,DEVELOPMENT,NOT_USED,VALIDATION,TRAIN,TRAIN
1875,8453,2025-04-20T10:37:21.000000,DEVELOPMENT,TRAIN,TRAIN,TRAIN,TRAIN
1876,8455,2026-05-23T09:08:46.000000,CALIBRATION,NOT_USED,NOT_USED,NOT_USED,NOT_USED
1877,8460,2026-05-19T18:05:53.000000,CALIBRATION,NOT_USED,NOT_USED,NOT_USED,NOT_USED
1878,8464,2025-11-11T10:07:27.000000,DEVELOPMENT,NOT_USED,VALIDATION,TRAIN,TRAIN
1879,8471,2025-06-20T17:51:06.000000,DEVELOPMENT,TRAIN,TRAIN,TRAIN,TRAIN
1880,8473,2025-06-06T19:52:09.000000,DEVELOPMENT,TRAIN,TRAIN,TRAIN,TRAIN
1881,8477,2026-03-13T15:25:03.000000,DEVELOPMENT,NOT_USED,NOT_USED,NOT_USED,VALIDATION
1882,8478,2026-04-19T13:30:00.000000,DEVELOPMENT,NOT_USED,NOT_USED,NOT_USED,VALIDATION
1883,8480,2025-07-29T08:32:17.000000,DEVELOPMENT,TRAIN,TRAIN,TRAIN,TRAIN
1884,8485,2025-03-06T11:46:16.000000,DEVELOPMENT,TRAIN,TRAIN,TRAIN,TRAIN
1885,8488,2025-10-25T15:23:00.000000,DEVELOPMENT,VALIDATION,TRAIN,TRAIN,TRAIN
1886,8491,2025-09-17T11:33:28.000000,DEVELOPMENT,VALIDATION,TRAIN,TRAIN,TRAIN
1887,8497,2026-01-10T15:16:17.000000,DEVELOPMENT,NOT_USED,NOT_USED,VALIDATION,TRAIN
1888,8499,2026-04-10T17:04:27.000000,DEVELOPMENT,NOT_USED,NOT_USED,NOT_USED,VALIDATION
1889,8500,2026-01-27T14:57:00.000000,DEVELOPMENT,NOT_USED,NOT_USED,VALIDATION,TRAIN
1890,8505,2025-01-31T13:42:33.000000,DEVELOPMENT,TRAIN,TRAIN,TRAIN,TRAIN
1891,8509,2026-04-17T15:42:07.000000,DEVELOPMENT,NOT_USED,NOT_USED,NOT_USED,VALIDATION
1892,8515,2025-05-10T15:33:42.000000,DEVELOPMENT,TRAIN,TRAIN,TRAIN,TRAIN
1893,8516,2025-07-04T17:11:26.000000,DEVELOPMENT,TRAIN,TRAIN,TRAIN,TRAIN
1894,8518,2025-09-17T07:26:15.000000,DEVELOPMENT,VALIDATION,TRAIN,TRAIN,TRAIN
1895,8525,2025-09-26T14:22:38.000000,DEVELOPMENT,VALIDATION,TRAIN,TRAIN,TRAIN
1896,8535,2026-04-20T16:56:07.000000,DEVELOPMENT,NOT_USED,NOT_USED,NOT_USED,VALIDATION
1897,8537,2026-04-01T14:03:28.000000,DEVELOPMENT,NOT_USED,NOT_USED,NOT_USED,VALIDATION
1898,8549,2025-03-26T20:51:03.000000,DEVELOPMENT,TRAIN,TRAIN,TRAIN,TRAIN
1899,8555,2025-07-02T09:45:18.000000,DEVELOPMENT,TRAIN,TRAIN,TRAIN,TRAIN
1900,8561,2025-10-12T16:06:39.000000,DEVELOPMENT,VALIDATION,TRAIN,TRAIN,TRAIN
1901,8566,2025-04-27T08:08:21.000000,DEVELOPMENT,TRAIN,TRAIN,TRAIN,TRAIN
1902,8574,2025-07-08T17:52:26.000000,DEVELOPMENT,TRAIN,TRAIN,TRAIN,TRAIN
1903,8575,2025-06-10T14:45:40.000000,DEVELOPMENT,TRAIN,TRAIN,TRAIN,TRAIN
1904,8577,2025-06-24T20:16:01.000000,DEVELOPMENT,TRAIN,TRAIN,TRAIN,TRAIN
1905,8582,2025-07-03T15:29:00.000000,DEVELOPMENT,TRAIN,TRAIN,TRAIN,TRAIN
1906,8587,2026-02-09T10:15:28.000000,DEVELOPMENT,NOT_USED,NOT_USED,VALIDATION,TRAIN
1907,8589,2025-04-25T17:09:00.000000,DEVELOPMENT,TRAIN,TRAIN,TRAIN,TRAIN
1908,8591,2026-04-13T08:53:43.000000,DEVELOPMENT,NOT_USED,NOT_USED,NOT_USED,VALIDATION
1909,8596,2025-04-20T20:08:13.000000,DEVELOPMENT,TRAIN,TRAIN,TRAIN,TRAIN
1910,8599,2026-05-02T20:11:38.000000,CALIBRATION,NOT_USED,NOT_USED,NOT_USED,NOT_USED
1911,8600,2025-02-07T08:56:00.000000,DEVELOPMENT,TRAIN,TRAIN,TRAIN,TRAIN
1912,8610,2026-05-31T11:42:00.000000,CALIBRATION,NOT_USED,NOT_USED,NOT_USED,NOT_USED
1913,8616,2025-05-10T09:42:21.000000,DEVELOPMENT,TRAIN,TRAIN,TRAIN,TRAIN
1914,8619,2025-01-16T20:38:57.000000,DEVELOPMENT,TRAIN,TRAIN,TRAIN,TRAIN
1915,8621,2026-05-12T20:37:40.000000,CALIBRATION,NOT_USED,NOT_USED,NOT_USED,NOT_USED
1916,8630,2025-03-08T10:40:16.000000,DEVELOPMENT,TRAIN,TRAIN,TRAIN,TRAIN
1917,8635,2025-12-05T13:54:30.000000,DEVELOPMENT,NOT_USED,VALIDATION,TRAIN,TRAIN
1918,8640,2026-02-17T07:43:14.000000,DEVELOPMENT,NOT_USED,NOT_USED,VALIDATION,TRAIN
1919,8642,2025-07-07T13:44:25.000000,DEVELOPMENT,TRAIN,TRAIN,TRAIN,TRAIN
1920,8650,2026-05-04T10:01:49.000000,CALIBRATION,NOT_USED,NOT_USED,NOT_USED,NOT_USED
1921,8656,2026-03-13T11:03:38.000000,DEVELOPMENT,NOT_USED,NOT_USED,NOT_USED,VALIDATION
1922,8661,2025-01-21T17:25:36.000000,DEVELOPMENT,TRAIN,TRAIN,TRAIN,TRAIN
1923,8667,2025-11-24T19:56:12.000000,DEVELOPMENT,NOT_USED,VALIDATION,TRAIN,TRAIN
1924,8671,2025-12-23T16:32:30.000000,DEVELOPMENT,NOT_USED,VALIDATION,TRAIN,TRAIN
1925,8673,2025-04-23T08:26:05.000000,DEVELOPMENT,TRAIN,TRAIN,TRAIN,TRAIN
1926,8675,2026-04-02T20:56:17.000000,DEVELOPMENT,NOT_USED,NOT_USED,NOT_USED,VALIDATION
1927,8681,2025-12-16T16:36:09.000000,DEVELOPMENT,NOT_USED,VALIDATION,TRAIN,TRAIN
1928,8683,2025-11-10T08:36:57.000000,DEVELOPMENT,NOT_USED,VALIDATION,TRAIN,TRAIN
1929,8695,2026-05-28T20:41:12.000000,CALIBRATION,NOT_USED,NOT_USED,NOT_USED,NOT_USED
1930,8696,2026-01-12T11:52:43.000000,DEVELOPMENT,NOT_USED,NOT_USED,VALIDATION,TRAIN
1931,8698,2025-02-15T09:51:51.000000,DEVELOPMENT,TRAIN,TRAIN,TRAIN,TRAIN
1932,8701,2026-03-07T20:58:35.000000,DEVELOPMENT,NOT_USED,NOT_USED,NOT_USED,VALIDATION
1933,8703,2026-06-27T15:37:45.000000,PROCEDURAL_HOLDOUT,NOT_USED,NOT_USED,NOT_USED,NOT_USED
1934,8710,2025-10-24T14:20:08.000000,DEVELOPMENT,VALIDATION,TRAIN,TRAIN,TRAIN
1935,8712,2025-08-31T17:57:08.000000,DEVELOPMENT,TRAIN,TRAIN,TRAIN,TRAIN
1936,8714,2025-03-20T10:30:26.000000,DEVELOPMENT,TRAIN,TRAIN,TRAIN,TRAIN
1937,8717,2025-09-25T18:12:24.000000,DEVELOPMENT,VALIDATION,TRAIN,TRAIN,TRAIN
1938,8720,2025-02-09T08:56:00.000000,DEVELOPMENT,TRAIN,TRAIN,TRAIN,TRAIN
1939,8723,2025-01-26T09:16:50.000000,DEVELOPMENT,TRAIN,TRAIN,TRAIN,TRAIN
1940,8727,2025-03-22T10:15:03.000000,DEVELOPMENT,TRAIN,TRAIN,TRAIN,TRAIN
1941,8733,2025-08-21T10:26:00.000000,DEVELOPMENT,TRAIN,TRAIN,TRAIN,TRAIN
1942,8736,2025-12-10T11:49:05.000000,DEVELOPMENT,NOT_USED,VALIDATION,TRAIN,TRAIN
1943,8747,2025-07-31T12:36:32.000000,DEVELOPMENT,TRAIN,TRAIN,TRAIN,TRAIN
1944,8753,2026-02-18T13:22:40.000000,DEVELOPMENT,NOT_USED,NOT_USED,VALIDATION,TRAIN
1945,8758,2026-06-18T19:53:08.000000,PROCEDURAL_HOLDOUT,NOT_USED,NOT_USED,NOT_USED,NOT_USED
1946,8763,2026-03-23T20:18:04.000000,DEVELOPMENT,NOT_USED,NOT_USED,NOT_USED,VALIDATION
1947,8767,2026-02-10T12:01:41.000000,DEVELOPMENT,NOT_USED,NOT_USED,VALIDATION,TRAIN
1948,8772,2025-11-13T16:35:04.000000,DEVELOPMENT,NOT_USED,VALIDATION,TRAIN,TRAIN
1949,8776,2026-05-28T19:37:59.000000,CALIBRATION,NOT_USED,NOT_USED,NOT_USED,NOT_USED
1950,8782,2025-05-06T10:52:05.000000,DEVELOPMENT,TRAIN,TRAIN,TRAIN,TRAIN
1951,8785,2026-02-10T13:12:42.000000,DEVELOPMENT,NOT_USED,NOT_USED,VALIDATION,TRAIN
1952,8792,2026-05-01T08:41:58.000000,CALIBRATION,NOT_USED,NOT_USED,NOT_USED,NOT_USED
1953,8801,2026-04-08T08:44:10.000000,DEVELOPMENT,NOT_USED,NOT_USED,NOT_USED,VALIDATION
1954,8802,2026-03-16T10:09:00.000000,DEVELOPMENT,NOT_USED,NOT_USED,NOT_USED,VALIDATION
1955,8803,2025-01-18T07:26:48.000000,DEVELOPMENT,TRAIN,TRAIN,TRAIN,TRAIN
1956,8813,2026-04-28T08:10:01.000000,DEVELOPMENT,NOT_USED,NOT_USED,NOT_USED,VALIDATION
1957,8817,2026-04-19T20:33:43.000000,DEVELOPMENT,NOT_USED,NOT_USED,NOT_USED,VALIDATION
1958,8823,2025-12-12T07:39:34.000000,DEVELOPMENT,NOT_USED,VALIDATION,TRAIN,TRAIN
1959,8826,2026-03-24T18:12:04.000000,DEVELOPMENT,NOT_USED,NOT_USED,NOT_USED,VALIDATION
1960,8832,2025-10-22T15:10:50.000000,DEVELOPMENT,VALIDATION,TRAIN,TRAIN,TRAIN
1961,8838,2025-11-23T15:11:41.000000,DEVELOPMENT,NOT_USED,VALIDATION,TRAIN,TRAIN
1962,8842,2025-06-19T12:07:00.000000,DEVELOPMENT,TRAIN,TRAIN,TRAIN,TRAIN
1963,8847,2026-01-23T19:35:31.000000,DEVELOPMENT,NOT_USED,NOT_USED,VALIDATION,TRAIN
1964,8851,2026-04-03T10:58:00.000000,DEVELOPMENT,NOT_USED,NOT_USED,NOT_USED,VALIDATION
1965,8855,2026-02-26T07:47:23.000000,DEVELOPMENT,NOT_USED,NOT_USED,VALIDATION,TRAIN
1966,8856,2025-01-20T13:56:14.000000,DEVELOPMENT,TRAIN,TRAIN,TRAIN,TRAIN
1967,8861,2025-01-31T18:13:49.000000,DEVELOPMENT,TRAIN,TRAIN,TRAIN,TRAIN
1968,8866,2026-04-06T15:13:17.000000,DEVELOPMENT,NOT_USED,NOT_USED,NOT_USED,VALIDATION
1969,8869,2025-06-09T15:34:00.000000,DEVELOPMENT,TRAIN,TRAIN,TRAIN,TRAIN
1970,8873,2025-12-14T17:10:23.000000,DEVELOPMENT,NOT_USED,VALIDATION,TRAIN,TRAIN
1971,8879,2026-05-28T13:10:35.000000,CALIBRATION,NOT_USED,NOT_USED,NOT_USED,NOT_USED
1972,8884,2025-10-15T13:29:41.000000,DEVELOPMENT,VALIDATION,TRAIN,TRAIN,TRAIN
1973,8885,2025-07-17T13:28:00.000000,DEVELOPMENT,TRAIN,TRAIN,TRAIN,TRAIN
1974,8886,2026-06-14T09:52:02.000000,PROCEDURAL_HOLDOUT,NOT_USED,NOT_USED,NOT_USED,NOT_USED
1975,8891,2026-04-09T09:10:00.000000,DEVELOPMENT,NOT_USED,NOT_USED,NOT_USED,VALIDATION
1976,8892,2025-09-21T14:56:52.000000,DEVELOPMENT,VALIDATION,TRAIN,TRAIN,TRAIN
1977,8896,2026-01-11T08:05:49.000000,DEVELOPMENT,NOT_USED,NOT_USED,VALIDATION,TRAIN
1978,8906,2025-01-17T10:35:26.000000,DEVELOPMENT,TRAIN,TRAIN,TRAIN,TRAIN
1979,8910,2025-07-31T10:26:25.000000,DEVELOPMENT,TRAIN,TRAIN,TRAIN,TRAIN
1980,8918,2026-04-12T20:33:00.000000,DEVELOPMENT,NOT_USED,NOT_USED,NOT_USED,VALIDATION
1981,8921,2026-03-30T15:37:22.000000,DEVELOPMENT,NOT_USED,NOT_USED,NOT_USED,VALIDATION
1982,8927,2025-08-25T09:15:54.000000,DEVELOPMENT,TRAIN,TRAIN,TRAIN,TRAIN
1983,8933,2025-12-10T15:01:00.000000,DEVELOPMENT,NOT_USED,VALIDATION,TRAIN,TRAIN
1984,8934,2026-06-08T08:34:08.000000,PROCEDURAL_HOLDOUT,NOT_USED,NOT_USED,NOT_USED,NOT_USED
1985,8940,2026-06-27T15:16:25.000000,PROCEDURAL_HOLDOUT,NOT_USED,NOT_USED,NOT_USED,NOT_USED
1986,8947,2025-01-26T12:11:01.000000,DEVELOPMENT,TRAIN,TRAIN,TRAIN,TRAIN
1987,8953,2026-02-02T12:04:47.000000,DEVELOPMENT,NOT_USED,NOT_USED,VALIDATION,TRAIN
1988,8955,2025-01-25T11:58:23.000000,DEVELOPMENT,TRAIN,TRAIN,TRAIN,TRAIN
1989,8962,2025-12-22T13:22:51.000000,DEVELOPMENT,NOT_USED,VALIDATION,TRAIN,TRAIN
1990,8972,2026-06-22T10:29:04.000000,PROCEDURAL_HOLDOUT,NOT_USED,NOT_USED,NOT_USED,NOT_USED
1991,8976,2025-10-01T15:01:10.000000,DEVELOPMENT,VALIDATION,TRAIN,TRAIN,TRAIN
1992,8982,2025-12-28T17:25:33.000000,DEVELOPMENT,NOT_USED,VALIDATION,TRAIN,TRAIN
1993,8985,2025-03-19T20:29:00.000000,DEVELOPMENT,TRAIN,TRAIN,TRAIN,TRAIN
1994,8987,2025-09-27T20:11:00.000000,DEVELOPMENT,VALIDATION,TRAIN,TRAIN,TRAIN
1995,8991,2025-01-18T15:42:32.000000,DEVELOPMENT,TRAIN,TRAIN,TRAIN,TRAIN
1996,8996,2025-12-11T09:12:52.000000,DEVELOPMENT,NOT_USED,VALIDATION,TRAIN,TRAIN
1997,8997,2026-02-25T18:16:11.000000,DEVELOPMENT,NOT_USED,NOT_USED,VALIDATION,TRAIN
1998,9002,2025-10-30T19:18:18.000000,DEVELOPMENT,VALIDATION,TRAIN,TRAIN,TRAIN
1999,9009,2026-02-20T09:58:15.000000,DEVELOPMENT,NOT_USED,NOT_USED,VALIDATION,TRAIN
2000,9013,2025-04-08T15:10:08.000000,DEVELOPMENT,TRAIN,TRAIN,TRAIN,TRAIN
2001,9017,2025-05-02T12:25:51.000000,DEVELOPMENT,TRAIN,TRAIN,TRAIN,TRAIN
2002,9020,2025-03-17T17:12:16.000000,DEVELOPMENT,TRAIN,TRAIN,TRAIN,TRAIN
2003,9024,2025-11-01T20:20:36.000000,DEVELOPMENT,NOT_USED,VALIDATION,TRAIN,TRAIN
2004,9025,2025-07-28T15:45:42.000000,DEVELOPMENT,TRAIN,TRAIN,TRAIN,TRAIN
2005,9029,2025-06-27T10:37:50.000000,DEVELOPMENT,TRAIN,TRAIN,TRAIN,TRAIN
2006,9038,2025-12-13T20:46:59.000000,DEVELOPMENT,NOT_USED,VALIDATION,TRAIN,TRAIN
2007,9046,2026-02-07T17:14:53.000000,DEVELOPMENT,NOT_USED,NOT_USED,VALIDATION,TRAIN
2008,9048,2025-10-15T07:22:24.000000,DEVELOPMENT,VALIDATION,TRAIN,TRAIN,TRAIN
2009,9050,2026-03-25T08:30:01.000000,DEVELOPMENT,NOT_USED,NOT_USED,NOT_USED,VALIDATION
2010,9057,2026-03-27T18:19:39.000000,DEVELOPMENT,NOT_USED,NOT_USED,NOT_USED,VALIDATION
2011,9059,2026-06-27T07:25:00.000000,PROCEDURAL_HOLDOUT,NOT_USED,NOT_USED,NOT_USED,NOT_USED
2012,9064,2025-05-03T15:56:57.000000,DEVELOPMENT,TRAIN,TRAIN,TRAIN,TRAIN
2013,9067,2026-01-13T19:00:02.000000,DEVELOPMENT,NOT_USED,NOT_USED,VALIDATION,TRAIN
2014,9078,2025-11-24T10:49:49.000000,DEVELOPMENT,NOT_USED,VALIDATION,TRAIN,TRAIN
2015,9081,2025-07-18T15:01:00.000000,DEVELOPMENT,TRAIN,TRAIN,TRAIN,TRAIN
2016,9083,2026-05-20T09:02:13.000000,CALIBRATION,NOT_USED,NOT_USED,NOT_USED,NOT_USED
2017,9086,2025-10-19T15:14:03.000000,DEVELOPMENT,VALIDATION,TRAIN,TRAIN,TRAIN
2018,9093,2025-04-18T10:47:40.000000,DEVELOPMENT,TRAIN,TRAIN,TRAIN,TRAIN
2019,9097,2026-02-13T17:06:45.000000,DEVELOPMENT,NOT_USED,NOT_USED,VALIDATION,TRAIN
2020,9102,2025-09-13T18:04:48.000000,DEVELOPMENT,VALIDATION,TRAIN,TRAIN,TRAIN
2021,9104,2025-03-20T09:08:34.000000,DEVELOPMENT,TRAIN,TRAIN,TRAIN,TRAIN
2022,9112,2025-12-28T07:52:03.000000,DEVELOPMENT,NOT_USED,VALIDATION,TRAIN,TRAIN
2023,9115,2026-04-13T17:09:00.000000,DEVELOPMENT,NOT_USED,NOT_USED,NOT_USED,VALIDATION
2024,9116,2026-01-11T10:24:19.000000,DEVELOPMENT,NOT_USED,NOT_USED,VALIDATION,TRAIN
2025,9122,2025-12-22T09:51:00.000000,DEVELOPMENT,NOT_USED,VALIDATION,TRAIN,TRAIN
2026,9125,2026-01-07T07:57:27.000000,DEVELOPMENT,NOT_USED,NOT_USED,VALIDATION,TRAIN
2027,9130,2026-03-12T16:22:12.000000,DEVELOPMENT,NOT_USED,NOT_USED,NOT_USED,VALIDATION
2028,9132,2025-09-10T12:15:00.000000,DEVELOPMENT,VALIDATION,TRAIN,TRAIN,TRAIN
2029,9136,2025-12-10T14:22:47.000000,DEVELOPMENT,NOT_USED,VALIDATION,TRAIN,TRAIN
2030,9141,2025-12-28T15:16:04.000000,DEVELOPMENT,NOT_USED,VALIDATION,TRAIN,TRAIN
2031,9146,2025-07-19T07:06:00.000000,DEVELOPMENT,TRAIN,TRAIN,TRAIN,TRAIN
2032,9149,2026-06-14T07:09:46.000000,PROCEDURAL_HOLDOUT,NOT_USED,NOT_USED,NOT_USED,NOT_USED
2033,9157,2025-10-07T18:34:50.000000,DEVELOPMENT,VALIDATION,TRAIN,TRAIN,TRAIN
2034,9159,2026-02-03T13:07:29.000000,DEVELOPMENT,NOT_USED,NOT_USED,VALIDATION,TRAIN
2035,9167,2025-08-16T15:35:21.000000,DEVELOPMENT,TRAIN,TRAIN,TRAIN,TRAIN
2036,9170,2025-12-03T15:40:29.000000,DEVELOPMENT,NOT_USED,VALIDATION,TRAIN,TRAIN
2037,9175,2026-06-03T19:32:03.000000,PROCEDURAL_HOLDOUT,NOT_USED,NOT_USED,NOT_USED,NOT_USED
2038,9183,2025-01-13T20:26:51.000000,DEVELOPMENT,TRAIN,TRAIN,TRAIN,TRAIN
2039,9191,2026-01-14T08:29:40.000000,DEVELOPMENT,NOT_USED,NOT_USED,VALIDATION,TRAIN
2040,9192,2026-03-02T07:32:07.000000,DEVELOPMENT,NOT_USED,NOT_USED,NOT_USED,VALIDATION
2041,9200,2025-10-11T10:58:32.000000,DEVELOPMENT,VALIDATION,TRAIN,TRAIN,TRAIN
2042,9203,2026-04-03T12:23:55.000000,DEVELOPMENT,NOT_USED,NOT_USED,NOT_USED,VALIDATION
2043,9208,2025-08-06T18:47:44.000000,DEVELOPMENT,TRAIN,TRAIN,TRAIN,TRAIN
2044,9215,2026-04-16T08:28:02.000000,DEVELOPMENT,NOT_USED,NOT_USED,NOT_USED,VALIDATION
2045,9217,2025-07-14T15:49:50.000000,DEVELOPMENT,TRAIN,TRAIN,TRAIN,TRAIN
2046,9223,2025-10-26T20:03:38.000000,DEVELOPMENT,VALIDATION,TRAIN,TRAIN,TRAIN
2047,9224,2025-03-24T07:29:50.000000,DEVELOPMENT,TRAIN,TRAIN,TRAIN,TRAIN
2048,9230,2025-02-26T09:51:38.000000,DEVELOPMENT,TRAIN,TRAIN,TRAIN,TRAIN
2049,9234,2026-01-20T20:58:33.000000,DEVELOPMENT,NOT_USED,NOT_USED,VALIDATION,TRAIN
2050,9239,2025-06-30T18:08:21.000000,DEVELOPMENT,TRAIN,TRAIN,TRAIN,TRAIN
2051,9240,2025-10-28T10:35:20.000000,DEVELOPMENT,VALIDATION,TRAIN,TRAIN,TRAIN
2052,9242,2025-07-01T14:50:09.000000,DEVELOPMENT,TRAIN,TRAIN,TRAIN,TRAIN
2053,9248,2025-02-17T18:16:41.000000,DEVELOPMENT,TRAIN,TRAIN,TRAIN,TRAIN
2054,9254,2026-01-10T20:02:17.000000,DEVELOPMENT,NOT_USED,NOT_USED,VALIDATION,TRAIN
2055,9257,2025-08-15T08:09:11.000000,DEVELOPMENT,TRAIN,TRAIN,TRAIN,TRAIN
2056,9265,2026-04-28T09:49:46.000000,DEVELOPMENT,NOT_USED,NOT_USED,NOT_USED,VALIDATION
2057,9268,2026-02-25T09:55:35.000000,DEVELOPMENT,NOT_USED,NOT_USED,VALIDATION,TRAIN
2058,9272,2026-05-28T16:16:28.000000,CALIBRATION,NOT_USED,NOT_USED,NOT_USED,NOT_USED
2059,9279,2025-03-24T11:21:17.000000,DEVELOPMENT,TRAIN,TRAIN,TRAIN,TRAIN
2060,9284,2025-08-02T07:47:33.000000,DEVELOPMENT,TRAIN,TRAIN,TRAIN,TRAIN
2061,9290,2026-03-06T14:33:50.000000,DEVELOPMENT,NOT_USED,NOT_USED,NOT_USED,VALIDATION
2062,9298,2025-05-16T13:44:26.000000,DEVELOPMENT,TRAIN,TRAIN,TRAIN,TRAIN
2063,9303,2025-09-09T12:04:43.000000,DEVELOPMENT,VALIDATION,TRAIN,TRAIN,TRAIN
2064,9311,2025-03-05T20:31:00.000000,DEVELOPMENT,TRAIN,TRAIN,TRAIN,TRAIN
2065,9312,2025-02-09T16:16:41.000000,DEVELOPMENT,TRAIN,TRAIN,TRAIN,TRAIN
2066,9318,2025-05-23T07:01:25.000000,DEVELOPMENT,TRAIN,TRAIN,TRAIN,TRAIN
2067,9327,2026-06-06T18:34:49.000000,PROCEDURAL_HOLDOUT,NOT_USED,NOT_USED,NOT_USED,NOT_USED
2068,9331,2025-02-09T19:56:22.000000,DEVELOPMENT,TRAIN,TRAIN,TRAIN,TRAIN
2069,9337,2026-01-30T15:21:00.000000,DEVELOPMENT,NOT_USED,NOT_USED,VALIDATION,TRAIN
2070,9341,2025-09-01T13:05:29.000000,DEVELOPMENT,VALIDATION,TRAIN,TRAIN,TRAIN
2071,9351,2025-01-23T08:33:42.000000,DEVELOPMENT,TRAIN,TRAIN,TRAIN,TRAIN
2072,9358,2025-03-16T09:07:25.000000,DEVELOPMENT,TRAIN,TRAIN,TRAIN,TRAIN
2073,9367,2025-10-20T13:14:48.000000,DEVELOPMENT,VALIDATION,TRAIN,TRAIN,TRAIN
2074,9368,2026-04-30T20:17:29.000000,DEVELOPMENT,NOT_USED,NOT_USED,NOT_USED,VALIDATION
2075,9373,2025-03-29T09:25:50.000000,DEVELOPMENT,TRAIN,TRAIN,TRAIN,TRAIN
2076,9378,2025-05-24T07:10:08.000000,DEVELOPMENT,TRAIN,TRAIN,TRAIN,TRAIN
2077,9384,2025-02-02T11:10:02.000000,DEVELOPMENT,TRAIN,TRAIN,TRAIN,TRAIN
2078,9386,2025-03-24T12:35:56.000000,DEVELOPMENT,TRAIN,TRAIN,TRAIN,TRAIN
2079,9391,2026-01-04T15:49:34.000000,DEVELOPMENT,NOT_USED,NOT_USED,VALIDATION,TRAIN
2080,9400,2025-02-22T07:20:43.000000,DEVELOPMENT,TRAIN,TRAIN,TRAIN,TRAIN
2081,9404,2025-03-03T20:20:43.000000,DEVELOPMENT,TRAIN,TRAIN,TRAIN,TRAIN
2082,9407,2025-03-28T16:26:28.000000,DEVELOPMENT,TRAIN,TRAIN,TRAIN,TRAIN
2083,9416,2026-06-14T09:11:54.000000,PROCEDURAL_HOLDOUT,NOT_USED,NOT_USED,NOT_USED,NOT_USED
2084,9417,2026-06-09T16:37:35.000000,PROCEDURAL_HOLDOUT,NOT_USED,NOT_USED,NOT_USED,NOT_USED
2085,9422,2026-03-22T07:11:31.000000,DEVELOPMENT,NOT_USED,NOT_USED,NOT_USED,VALIDATION
2086,9426,2025-03-29T17:40:23.000000,DEVELOPMENT,TRAIN,TRAIN,TRAIN,TRAIN
2087,9436,2026-04-21T18:38:34.000000,DEVELOPMENT,NOT_USED,NOT_USED,NOT_USED,VALIDATION
2088,9439,2026-04-13T20:47:33.000000,DEVELOPMENT,NOT_USED,NOT_USED,NOT_USED,VALIDATION
2089,9440,2026-01-03T19:01:14.000000,DEVELOPMENT,NOT_USED,NOT_USED,VALIDATION,TRAIN
2090,9448,2026-01-14T20:11:54.000000,DEVELOPMENT,NOT_USED,NOT_USED,VALIDATION,TRAIN
2091,9452,2025-10-26T13:57:00.000000,DEVELOPMENT,VALIDATION,TRAIN,TRAIN,TRAIN
2092,9456,2025-06-15T14:03:50.000000,DEVELOPMENT,TRAIN,TRAIN,TRAIN,TRAIN
2093,9458,2026-01-10T09:53:58.000000,DEVELOPMENT,NOT_USED,NOT_USED,VALIDATION,TRAIN
2094,9466,2025-06-13T15:19:28.000000,DEVELOPMENT,TRAIN,TRAIN,TRAIN,TRAIN
2095,9475,2025-11-20T15:42:10.000000,DEVELOPMENT,NOT_USED,VALIDATION,TRAIN,TRAIN
2096,9478,2026-01-22T10:02:01.000000,DEVELOPMENT,NOT_USED,NOT_USED,VALIDATION,TRAIN
2097,9484,2026-03-20T13:53:34.000000,DEVELOPMENT,NOT_USED,NOT_USED,NOT_USED,VALIDATION
2098,9491,2026-06-09T08:23:02.000000,PROCEDURAL_HOLDOUT,NOT_USED,NOT_USED,NOT_USED,NOT_USED
2099,9498,2025-04-16T16:59:23.000000,DEVELOPMENT,TRAIN,TRAIN,TRAIN,TRAIN
2100,9502,2025-02-03T18:10:26.000000,DEVELOPMENT,TRAIN,TRAIN,TRAIN,TRAIN
2101,9505,2025-03-21T08:36:53.000000,DEVELOPMENT,TRAIN,TRAIN,TRAIN,TRAIN
2102,9508,2025-06-26T19:23:43.000000,DEVELOPMENT,TRAIN,TRAIN,TRAIN,TRAIN
2103,9509,2026-01-10T18:13:32.000000,DEVELOPMENT,NOT_USED,NOT_USED,VALIDATION,TRAIN
2104,9511,2026-03-10T11:34:07.000000,DEVELOPMENT,NOT_USED,NOT_USED,NOT_USED,VALIDATION
2105,9518,2025-04-28T07:34:53.000000,DEVELOPMENT,TRAIN,TRAIN,TRAIN,TRAIN
2106,9521,2026-06-07T11:42:11.000000,PROCEDURAL_HOLDOUT,NOT_USED,NOT_USED,NOT_USED,NOT_USED
2107,9522,2026-06-19T14:19:41.000000,PROCEDURAL_HOLDOUT,NOT_USED,NOT_USED,NOT_USED,NOT_USED
2108,9523,2026-01-04T16:32:50.000000,DEVELOPMENT,NOT_USED,NOT_USED,VALIDATION,TRAIN
2109,9526,2026-04-13T12:11:00.000000,DEVELOPMENT,NOT_USED,NOT_USED,NOT_USED,VALIDATION
2110,9527,2026-02-10T10:07:28.000000,DEVELOPMENT,NOT_USED,NOT_USED,VALIDATION,TRAIN
2111,9535,2025-12-28T15:05:38.000000,DEVELOPMENT,NOT_USED,VALIDATION,TRAIN,TRAIN
2112,9539,2025-07-14T14:28:00.000000,DEVELOPMENT,TRAIN,TRAIN,TRAIN,TRAIN
2113,9540,2026-03-15T15:14:27.000000,DEVELOPMENT,NOT_USED,NOT_USED,NOT_USED,VALIDATION
2114,9546,2025-03-01T09:09:00.000000,DEVELOPMENT,TRAIN,TRAIN,TRAIN,TRAIN
2115,9551,2025-06-06T19:39:20.000000,DEVELOPMENT,TRAIN,TRAIN,TRAIN,TRAIN
2116,9556,2025-02-21T09:53:59.000000,DEVELOPMENT,TRAIN,TRAIN,TRAIN,TRAIN
2117,9563,2026-01-04T19:39:21.000000,DEVELOPMENT,NOT_USED,NOT_USED,VALIDATION,TRAIN
2118,9567,2026-02-09T13:33:52.000000,DEVELOPMENT,NOT_USED,NOT_USED,VALIDATION,TRAIN
2119,9569,2026-06-10T16:18:05.000000,PROCEDURAL_HOLDOUT,NOT_USED,NOT_USED,NOT_USED,NOT_USED
2120,9575,2025-09-28T16:15:02.000000,DEVELOPMENT,VALIDATION,TRAIN,TRAIN,TRAIN
2121,9582,2026-06-05T09:19:59.000000,PROCEDURAL_HOLDOUT,NOT_USED,NOT_USED,NOT_USED,NOT_USED
2122,9584,2025-06-17T17:13:23.000000,DEVELOPMENT,TRAIN,TRAIN,TRAIN,TRAIN
2123,9585,2025-03-23T10:23:05.000000,DEVELOPMENT,TRAIN,TRAIN,TRAIN,TRAIN
2124,9597,2026-06-26T13:36:24.000000,PROCEDURAL_HOLDOUT,NOT_USED,NOT_USED,NOT_USED,NOT_USED
2125,9603,2025-03-15T18:25:35.000000,DEVELOPMENT,TRAIN,TRAIN,TRAIN,TRAIN
2126,9611,2026-03-31T08:04:54.000000,DEVELOPMENT,NOT_USED,NOT_USED,NOT_USED,VALIDATION
2127,9613,2025-06-23T20:46:16.000000,DEVELOPMENT,TRAIN,TRAIN,TRAIN,TRAIN
2128,9622,2025-06-14T12:15:37.000000,DEVELOPMENT,TRAIN,TRAIN,TRAIN,TRAIN
2129,9627,2025-02-12T19:49:15.000000,DEVELOPMENT,TRAIN,TRAIN,TRAIN,TRAIN
2130,9630,2025-05-30T20:58:47.000000,DEVELOPMENT,TRAIN,TRAIN,TRAIN,TRAIN
2131,9638,2025-03-18T19:00:02.000000,DEVELOPMENT,TRAIN,TRAIN,TRAIN,TRAIN
2132,9644,2025-10-16T13:39:06.000000,DEVELOPMENT,VALIDATION,TRAIN,TRAIN,TRAIN
2133,9647,2025-07-30T10:24:12.000000,DEVELOPMENT,TRAIN,TRAIN,TRAIN,TRAIN
2134,9657,2025-06-17T14:31:23.000000,DEVELOPMENT,TRAIN,TRAIN,TRAIN,TRAIN
2135,9659,2025-01-16T15:29:05.000000,DEVELOPMENT,TRAIN,TRAIN,TRAIN,TRAIN
2136,9666,2026-03-22T17:29:49.000000,DEVELOPMENT,NOT_USED,NOT_USED,NOT_USED,VALIDATION
2137,9673,2025-02-13T07:54:16.000000,DEVELOPMENT,TRAIN,TRAIN,TRAIN,TRAIN
2138,9679,2025-04-02T12:32:31.000000,DEVELOPMENT,TRAIN,TRAIN,TRAIN,TRAIN
2139,9683,2026-06-12T13:39:55.000000,PROCEDURAL_HOLDOUT,NOT_USED,NOT_USED,NOT_USED,NOT_USED
2140,9687,2026-03-22T15:00:14.000000,DEVELOPMENT,NOT_USED,NOT_USED,NOT_USED,VALIDATION
2141,9688,2026-02-08T12:08:11.000000,DEVELOPMENT,NOT_USED,NOT_USED,VALIDATION,TRAIN
2142,9689,2025-03-07T16:55:17.000000,DEVELOPMENT,TRAIN,TRAIN,TRAIN,TRAIN
2143,9695,2025-06-21T12:42:41.000000,DEVELOPMENT,TRAIN,TRAIN,TRAIN,TRAIN
2144,9707,2025-05-30T17:36:35.000000,DEVELOPMENT,TRAIN,TRAIN,TRAIN,TRAIN
2145,9710,2025-03-08T12:57:38.000000,DEVELOPMENT,TRAIN,TRAIN,TRAIN,TRAIN
2146,9715,2025-06-13T07:12:35.000000,DEVELOPMENT,TRAIN,TRAIN,TRAIN,TRAIN
2147,9718,2025-09-20T17:05:53.000000,DEVELOPMENT,VALIDATION,TRAIN,TRAIN,TRAIN
2148,9726,2025-05-25T20:59:56.000000,DEVELOPMENT,TRAIN,TRAIN,TRAIN,TRAIN
2149,9729,2026-03-07T09:10:00.000000,DEVELOPMENT,NOT_USED,NOT_USED,NOT_USED,VALIDATION
2150,9731,2025-10-23T08:13:28.000000,DEVELOPMENT,VALIDATION,TRAIN,TRAIN,TRAIN
2151,9738,2025-06-03T19:21:31.000000,DEVELOPMENT,TRAIN,TRAIN,TRAIN,TRAIN
2152,9744,2026-03-19T19:19:23.000000,DEVELOPMENT,NOT_USED,NOT_USED,NOT_USED,VALIDATION
2153,9745,2025-11-09T17:15:55.000000,DEVELOPMENT,NOT_USED,VALIDATION,TRAIN,TRAIN
2154,9748,2026-06-30T10:59:41.000000,PROCEDURAL_HOLDOUT,NOT_USED,NOT_USED,NOT_USED,NOT_USED
2155,9751,2025-09-07T13:17:10.000000,DEVELOPMENT,VALIDATION,TRAIN,TRAIN,TRAIN
2156,9758,2026-01-30T07:09:39.000000,DEVELOPMENT,NOT_USED,NOT_USED,VALIDATION,TRAIN
2157,9759,2026-04-05T12:12:00.000000,DEVELOPMENT,NOT_USED,NOT_USED,NOT_USED,VALIDATION
2158,9765,2025-02-04T07:39:37.000000,DEVELOPMENT,TRAIN,TRAIN,TRAIN,TRAIN
2159,9775,2025-08-20T13:05:28.000000,DEVELOPMENT,TRAIN,TRAIN,TRAIN,TRAIN
2160,9780,2025-08-15T10:30:21.000000,DEVELOPMENT,TRAIN,TRAIN,TRAIN,TRAIN
2161,9784,2025-10-04T13:07:26.000000,DEVELOPMENT,VALIDATION,TRAIN,TRAIN,TRAIN
2162,9787,2026-03-17T15:56:27.000000,DEVELOPMENT,NOT_USED,NOT_USED,NOT_USED,VALIDATION
2163,9789,2025-03-08T19:48:09.000000,DEVELOPMENT,TRAIN,TRAIN,TRAIN,TRAIN
2164,9794,2026-02-04T11:47:57.000000,DEVELOPMENT,NOT_USED,NOT_USED,VALIDATION,TRAIN
2165,9799,2025-05-05T07:28:39.000000,DEVELOPMENT,TRAIN,TRAIN,TRAIN,TRAIN
2166,9808,2025-09-17T14:49:49.000000,DEVELOPMENT,VALIDATION,TRAIN,TRAIN,TRAIN
2167,9810,2025-09-16T19:21:53.000000,DEVELOPMENT,VALIDATION,TRAIN,TRAIN,TRAIN
2168,9815,2026-05-08T20:02:08.000000,CALIBRATION,NOT_USED,NOT_USED,NOT_USED,NOT_USED
2169,9819,2025-10-20T12:19:36.000000,DEVELOPMENT,VALIDATION,TRAIN,TRAIN,TRAIN
2170,9826,2025-11-02T14:05:44.000000,DEVELOPMENT,NOT_USED,VALIDATION,TRAIN,TRAIN
2171,9830,2026-03-03T13:22:01.000000,DEVELOPMENT,NOT_USED,NOT_USED,NOT_USED,VALIDATION
2172,9835,2025-06-17T16:10:51.000000,DEVELOPMENT,TRAIN,TRAIN,TRAIN,TRAIN
2173,9841,2025-04-13T20:15:28.000000,DEVELOPMENT,TRAIN,TRAIN,TRAIN,TRAIN
2174,9844,2025-05-26T15:55:46.000000,DEVELOPMENT,TRAIN,TRAIN,TRAIN,TRAIN
2175,9850,2026-01-19T08:57:15.000000,DEVELOPMENT,NOT_USED,NOT_USED,VALIDATION,TRAIN
2176,9853,2025-11-01T19:00:12.000000,DEVELOPMENT,NOT_USED,VALIDATION,TRAIN,TRAIN
2177,9857,2025-09-20T07:13:30.000000,DEVELOPMENT,VALIDATION,TRAIN,TRAIN,TRAIN
2178,9859,2025-08-18T16:35:38.000000,DEVELOPMENT,TRAIN,TRAIN,TRAIN,TRAIN
2179,9867,2025-01-19T13:39:34.000000,DEVELOPMENT,TRAIN,TRAIN,TRAIN,TRAIN
2180,9873,2025-04-16T13:41:03.000000,DEVELOPMENT,TRAIN,TRAIN,TRAIN,TRAIN
2181,9880,2025-02-02T14:45:08.000000,DEVELOPMENT,TRAIN,TRAIN,TRAIN,TRAIN
2182,9887,2025-05-26T16:28:28.000000,DEVELOPMENT,TRAIN,TRAIN,TRAIN,TRAIN
2183,9889,2025-10-22T15:48:50.000000,DEVELOPMENT,VALIDATION,TRAIN,TRAIN,TRAIN
2184,9890,2026-05-27T14:16:49.000000,CALIBRATION,NOT_USED,NOT_USED,NOT_USED,NOT_USED
2185,9894,2026-01-09T17:54:43.000000,DEVELOPMENT,NOT_USED,NOT_USED,VALIDATION,TRAIN
2186,9901,2025-12-06T08:17:10.000000,DEVELOPMENT,NOT_USED,VALIDATION,TRAIN,TRAIN
2187,9909,2026-04-18T16:05:17.000000,DEVELOPMENT,NOT_USED,NOT_USED,NOT_USED,VALIDATION
2188,9911,2025-12-10T20:08:00.000000,DEVELOPMENT,NOT_USED,VALIDATION,TRAIN,TRAIN
2189,9914,2025-05-13T12:35:15.000000,DEVELOPMENT,TRAIN,TRAIN,TRAIN,TRAIN
2190,9922,2026-01-30T17:43:25.000000,DEVELOPMENT,NOT_USED,NOT_USED,VALIDATION,TRAIN
2191,9925,2026-03-23T10:07:56.000000,DEVELOPMENT,NOT_USED,NOT_USED,NOT_USED,VALIDATION
2192,9934,2025-06-13T13:14:11.000000,DEVELOPMENT,TRAIN,TRAIN,TRAIN,TRAIN
2193,9939,2025-04-08T19:36:05.000000,DEVELOPMENT,TRAIN,TRAIN,TRAIN,TRAIN
2194,9946,2025-11-12T14:12:10.000000,DEVELOPMENT,NOT_USED,VALIDATION,TRAIN,TRAIN
2195,9951,2025-12-23T08:06:56.000000,DEVELOPMENT,NOT_USED,VALIDATION,TRAIN,TRAIN
2196,9954,2026-02-03T16:04:23.000000,DEVELOPMENT,NOT_USED,NOT_USED,VALIDATION,TRAIN
2197,9962,2025-04-10T20:48:50.000000,DEVELOPMENT,TRAIN,TRAIN,TRAIN,TRAIN
2198,9968,2025-06-07T14:54:38.000000,DEVELOPMENT,TRAIN,TRAIN,TRAIN,TRAIN
2199,9972,2025-12-09T15:16:13.000000,DEVELOPMENT,NOT_USED,VALIDATION,TRAIN,TRAIN
2200,9975,2025-10-10T08:21:54.000000,DEVELOPMENT,VALIDATION,TRAIN,TRAIN,TRAIN
2201,9984,2025-05-31T17:35:49.000000,DEVELOPMENT,TRAIN,TRAIN,TRAIN,TRAIN
2202,9985,2025-10-27T07:40:47.000000,DEVELOPMENT,VALIDATION,TRAIN,TRAIN,TRAIN
2203,9987,2025-07-28T07:32:15.000000,DEVELOPMENT,TRAIN,TRAIN,TRAIN,TRAIN
2204,9994,2025-08-11T07:52:27.000000,DEVELOPMENT,TRAIN,TRAIN,TRAIN,TRAIN
2205,9999,2025-12-21T18:14:02.000000,DEVELOPMENT,NOT_USED,VALIDATION,TRAIN,TRAIN
2206,10004,2025-06-14T14:02:36.000000,DEVELOPMENT,TRAIN,TRAIN,TRAIN,TRAIN
2207,10005,2025-10-17T16:57:59.000000,DEVELOPMENT,VALIDATION,TRAIN,TRAIN,TRAIN
2208,10011,2025-05-08T15:57:08.000000,DEVELOPMENT,TRAIN,TRAIN,TRAIN,TRAIN
2209,10014,2025-02-20T09:43:10.000000,DEVELOPMENT,TRAIN,TRAIN,TRAIN,TRAIN
2210,10016,2026-01-30T18:24:38.000000,DEVELOPMENT,NOT_USED,NOT_USED,VALIDATION,TRAIN
2211,10017,2025-12-04T18:23:00.000000,DEVELOPMENT,NOT_USED,VALIDATION,TRAIN,TRAIN
2212,10028,2025-08-07T12:54:06.000000,DEVELOPMENT,TRAIN,TRAIN,TRAIN,TRAIN
2213,10036,2025-11-05T08:26:23.000000,DEVELOPMENT,NOT_USED,VALIDATION,TRAIN,TRAIN
2214,10041,2026-02-24T14:48:01.000000,DEVELOPMENT,NOT_USED,NOT_USED,VALIDATION,TRAIN
2215,10042,2026-02-10T17:28:06.000000,DEVELOPMENT,NOT_USED,NOT_USED,VALIDATION,TRAIN
2216,10052,2026-03-01T18:01:37.000000,DEVELOPMENT,NOT_USED,NOT_USED,NOT_USED,VALIDATION
2217,10057,2026-04-11T19:30:45.000000,DEVELOPMENT,NOT_USED,NOT_USED,NOT_USED,VALIDATION
2218,10064,2026-01-10T07:45:58.000000,DEVELOPMENT,NOT_USED,NOT_USED,VALIDATION,TRAIN
2219,10066,2025-04-21T07:37:57.000000,DEVELOPMENT,TRAIN,TRAIN,TRAIN,TRAIN
2220,10069,2025-09-03T15:13:30.000000,DEVELOPMENT,VALIDATION,TRAIN,TRAIN,TRAIN
2221,10070,2026-01-04T09:47:19.000000,DEVELOPMENT,NOT_USED,NOT_USED,VALIDATION,TRAIN
2222,10078,2025-12-04T12:07:00.000000,DEVELOPMENT,NOT_USED,VALIDATION,TRAIN,TRAIN
2223,10084,2025-07-13T16:58:55.000000,DEVELOPMENT,TRAIN,TRAIN,TRAIN,TRAIN
2224,10091,2025-09-24T20:43:02.000000,DEVELOPMENT,VALIDATION,TRAIN,TRAIN,TRAIN
2225,10094,2025-12-05T09:52:00.000000,DEVELOPMENT,NOT_USED,VALIDATION,TRAIN,TRAIN
2226,10097,2026-03-14T17:10:00.000000,DEVELOPMENT,NOT_USED,NOT_USED,NOT_USED,VALIDATION
2227,10100,2026-01-27T13:10:01.000000,DEVELOPMENT,NOT_USED,NOT_USED,VALIDATION,TRAIN
2228,10103,2026-05-11T10:57:23.000000,CALIBRATION,NOT_USED,NOT_USED,NOT_USED,NOT_USED
2229,10108,2025-10-11T09:02:32.000000,DEVELOPMENT,VALIDATION,TRAIN,TRAIN,TRAIN
2230,10110,2025-11-11T14:05:13.000000,DEVELOPMENT,NOT_USED,VALIDATION,TRAIN,TRAIN
2231,10112,2026-05-04T08:02:32.000000,CALIBRATION,NOT_USED,NOT_USED,NOT_USED,NOT_USED
2232,10114,2025-12-04T13:11:39.000000,DEVELOPMENT,NOT_USED,VALIDATION,TRAIN,TRAIN
2233,10121,2025-09-15T11:50:00.000000,DEVELOPMENT,VALIDATION,TRAIN,TRAIN,TRAIN
2234,10126,2025-08-12T12:02:13.000000,DEVELOPMENT,TRAIN,TRAIN,TRAIN,TRAIN
2235,10133,2025-04-04T08:50:19.000000,DEVELOPMENT,TRAIN,TRAIN,TRAIN,TRAIN
2236,10137,2025-09-08T12:19:33.000000,DEVELOPMENT,VALIDATION,TRAIN,TRAIN,TRAIN
2237,10147,2025-10-02T14:48:35.000000,DEVELOPMENT,VALIDATION,TRAIN,TRAIN,TRAIN
2238,10150,2026-04-11T20:27:00.000000,DEVELOPMENT,NOT_USED,NOT_USED,NOT_USED,VALIDATION
2239,10155,2026-03-06T12:46:37.000000,DEVELOPMENT,NOT_USED,NOT_USED,NOT_USED,VALIDATION
2240,10159,2026-06-26T18:08:10.000000,PROCEDURAL_HOLDOUT,NOT_USED,NOT_USED,NOT_USED,NOT_USED
2241,10160,2025-10-20T17:38:00.000000,DEVELOPMENT,VALIDATION,TRAIN,TRAIN,TRAIN
2242,10167,2025-07-16T10:25:21.000000,DEVELOPMENT,TRAIN,TRAIN,TRAIN,TRAIN
2243,10168,2025-08-23T16:12:11.000000,DEVELOPMENT,TRAIN,TRAIN,TRAIN,TRAIN
2244,10172,2025-02-04T14:25:24.000000,DEVELOPMENT,TRAIN,TRAIN,TRAIN,TRAIN
2245,10180,2025-12-23T14:03:16.000000,DEVELOPMENT,NOT_USED,VALIDATION,TRAIN,TRAIN
2246,10183,2025-05-28T11:47:28.000000,DEVELOPMENT,TRAIN,TRAIN,TRAIN,TRAIN
2247,10194,2025-10-19T12:56:39.000000,DEVELOPMENT,VALIDATION,TRAIN,TRAIN,TRAIN
2248,10197,2026-02-07T19:55:23.000000,DEVELOPMENT,NOT_USED,NOT_USED,VALIDATION,TRAIN
2249,10204,2025-12-16T11:26:16.000000,DEVELOPMENT,NOT_USED,VALIDATION,TRAIN,TRAIN
2250,10208,2025-11-03T16:42:10.000000,DEVELOPMENT,NOT_USED,VALIDATION,TRAIN,TRAIN
2251,10210,2026-02-22T18:34:54.000000,DEVELOPMENT,NOT_USED,NOT_USED,VALIDATION,TRAIN
2252,10213,2025-03-09T19:20:23.000000,DEVELOPMENT,TRAIN,TRAIN,TRAIN,TRAIN
2253,10218,2026-06-23T13:13:55.000000,PROCEDURAL_HOLDOUT,NOT_USED,NOT_USED,NOT_USED,NOT_USED
2254,10223,2025-10-22T10:42:45.000000,DEVELOPMENT,VALIDATION,TRAIN,TRAIN,TRAIN
2255,10227,2025-05-23T09:12:19.000000,DEVELOPMENT,TRAIN,TRAIN,TRAIN,TRAIN
2256,10228,2025-01-27T16:38:48.000000,DEVELOPMENT,TRAIN,TRAIN,TRAIN,TRAIN
2257,10234,2025-11-27T08:11:17.000000,DEVELOPMENT,NOT_USED,VALIDATION,TRAIN,TRAIN
2258,10240,2025-10-20T13:30:17.000000,DEVELOPMENT,VALIDATION,TRAIN,TRAIN,TRAIN
2259,10241,2025-12-04T14:53:57.000000,DEVELOPMENT,NOT_USED,VALIDATION,TRAIN,TRAIN
2260,10245,2025-01-16T13:34:50.000000,DEVELOPMENT,TRAIN,TRAIN,TRAIN,TRAIN
2261,10253,2025-05-15T18:44:46.000000,DEVELOPMENT,TRAIN,TRAIN,TRAIN,TRAIN
2262,10255,2026-01-09T16:56:14.000000,DEVELOPMENT,NOT_USED,NOT_USED,VALIDATION,TRAIN
2263,10257,2026-06-11T19:29:42.000000,PROCEDURAL_HOLDOUT,NOT_USED,NOT_USED,NOT_USED,NOT_USED
2264,10266,2025-11-21T12:03:32.000000,DEVELOPMENT,NOT_USED,VALIDATION,TRAIN,TRAIN
2265,10268,2026-03-20T12:12:11.000000,DEVELOPMENT,NOT_USED,NOT_USED,NOT_USED,VALIDATION
2266,10271,2026-05-20T12:45:13.000000,CALIBRATION,NOT_USED,NOT_USED,NOT_USED,NOT_USED
2267,10277,2025-05-07T12:27:34.000000,DEVELOPMENT,TRAIN,TRAIN,TRAIN,TRAIN
2268,10279,2025-08-10T19:48:29.000000,DEVELOPMENT,TRAIN,TRAIN,TRAIN,TRAIN
2269,10286,2026-06-23T16:31:07.000000,PROCEDURAL_HOLDOUT,NOT_USED,NOT_USED,NOT_USED,NOT_USED
2270,10289,2026-01-28T19:04:27.000000,DEVELOPMENT,NOT_USED,NOT_USED,VALIDATION,TRAIN
2271,10291,2026-01-12T11:10:00.000000,DEVELOPMENT,NOT_USED,NOT_USED,VALIDATION,TRAIN
2272,10297,2025-04-23T13:21:05.000000,DEVELOPMENT,TRAIN,TRAIN,TRAIN,TRAIN
2273,10298,2025-05-31T16:03:22.000000,DEVELOPMENT,TRAIN,TRAIN,TRAIN,TRAIN
2274,10299,2025-08-05T16:38:50.000000,DEVELOPMENT,TRAIN,TRAIN,TRAIN,TRAIN
2275,10303,2025-01-21T20:47:13.000000,DEVELOPMENT,TRAIN,TRAIN,TRAIN,TRAIN
2276,10309,2025-02-20T13:36:31.000000,DEVELOPMENT,TRAIN,TRAIN,TRAIN,TRAIN
2277,10314,2025-03-15T11:54:17.000000,DEVELOPMENT,TRAIN,TRAIN,TRAIN,TRAIN
2278,10316,2026-06-13T12:35:34.000000,PROCEDURAL_HOLDOUT,NOT_USED,NOT_USED,NOT_USED,NOT_USED
2279,10321,2025-05-09T09:39:00.000000,DEVELOPMENT,TRAIN,TRAIN,TRAIN,TRAIN
2280,10325,2026-04-06T13:08:11.000000,DEVELOPMENT,NOT_USED,NOT_USED,NOT_USED,VALIDATION
2281,10327,2026-05-30T16:34:08.000000,CALIBRATION,NOT_USED,NOT_USED,NOT_USED,NOT_USED
2282,10332,2025-07-03T09:05:17.000000,DEVELOPMENT,TRAIN,TRAIN,TRAIN,TRAIN
2283,10333,2026-04-19T16:59:37.000000,DEVELOPMENT,NOT_USED,NOT_USED,NOT_USED,VALIDATION
2284,10335,2026-01-01T13:56:49.000000,DEVELOPMENT,NOT_USED,NOT_USED,VALIDATION,TRAIN
2285,10339,2026-01-12T10:05:43.000000,DEVELOPMENT,NOT_USED,NOT_USED,VALIDATION,TRAIN
2286,10341,2026-05-25T14:53:08.000000,CALIBRATION,NOT_USED,NOT_USED,NOT_USED,NOT_USED
2287,10349,2025-08-01T09:52:45.000000,DEVELOPMENT,TRAIN,TRAIN,TRAIN,TRAIN
2288,10354,2026-02-27T08:08:00.000000,DEVELOPMENT,NOT_USED,NOT_USED,VALIDATION,TRAIN
2289,10356,2026-02-15T08:48:54.000000,DEVELOPMENT,NOT_USED,NOT_USED,VALIDATION,TRAIN
2290,10360,2025-11-02T20:57:18.000000,DEVELOPMENT,NOT_USED,VALIDATION,TRAIN,TRAIN
2291,10364,2025-10-04T20:37:49.000000,DEVELOPMENT,VALIDATION,TRAIN,TRAIN,TRAIN
2292,10368,2026-04-04T20:52:45.000000,DEVELOPMENT,NOT_USED,NOT_USED,NOT_USED,VALIDATION
2293,10372,2026-06-10T18:42:46.000000,PROCEDURAL_HOLDOUT,NOT_USED,NOT_USED,NOT_USED,NOT_USED
2294,10377,2025-04-22T09:59:50.000000,DEVELOPMENT,TRAIN,TRAIN,TRAIN,TRAIN
2295,10382,2025-01-21T17:32:54.000000,DEVELOPMENT,TRAIN,TRAIN,TRAIN,TRAIN
2296,10385,2026-02-19T12:12:41.000000,DEVELOPMENT,NOT_USED,NOT_USED,VALIDATION,TRAIN
2297,10392,2025-01-09T14:01:27.000000,DEVELOPMENT,TRAIN,TRAIN,TRAIN,TRAIN
2298,10397,2026-02-04T17:25:31.000000,DEVELOPMENT,NOT_USED,NOT_USED,VALIDATION,TRAIN
2299,10398,2025-08-01T12:17:17.000000,DEVELOPMENT,TRAIN,TRAIN,TRAIN,TRAIN
2300,10405,2025-02-03T11:28:30.000000,DEVELOPMENT,TRAIN,TRAIN,TRAIN,TRAIN
2301,10414,2026-04-06T12:07:31.000000,DEVELOPMENT,NOT_USED,NOT_USED,NOT_USED,VALIDATION
2302,10415,2026-05-17T14:52:48.000000,CALIBRATION,NOT_USED,NOT_USED,NOT_USED,NOT_USED
2303,10419,2026-01-09T18:48:14.000000,DEVELOPMENT,NOT_USED,NOT_USED,VALIDATION,TRAIN
2304,10423,2026-01-18T12:03:24.000000,DEVELOPMENT,NOT_USED,NOT_USED,VALIDATION,TRAIN
2305,10431,2025-06-28T15:12:22.000000,DEVELOPMENT,TRAIN,TRAIN,TRAIN,TRAIN
2306,10434,2025-09-22T13:59:30.000000,DEVELOPMENT,VALIDATION,TRAIN,TRAIN,TRAIN
2307,10440,2025-02-27T17:24:57.000000,DEVELOPMENT,TRAIN,TRAIN,TRAIN,TRAIN
2308,10448,2025-01-06T11:40:00.000000,DEVELOPMENT,TRAIN,TRAIN,TRAIN,TRAIN
2309,10450,2025-11-05T10:41:18.000000,DEVELOPMENT,NOT_USED,VALIDATION,TRAIN,TRAIN
2310,10453,2025-06-27T15:56:54.000000,DEVELOPMENT,TRAIN,TRAIN,TRAIN,TRAIN
2311,10455,2025-11-04T14:54:13.000000,DEVELOPMENT,NOT_USED,VALIDATION,TRAIN,TRAIN
2312,10463,2025-11-11T09:12:34.000000,DEVELOPMENT,NOT_USED,VALIDATION,TRAIN,TRAIN
2313,10466,2025-01-23T08:22:14.000000,DEVELOPMENT,TRAIN,TRAIN,TRAIN,TRAIN
2314,10469,2026-06-16T18:50:29.000000,PROCEDURAL_HOLDOUT,NOT_USED,NOT_USED,NOT_USED,NOT_USED
2315,10475,2026-03-31T11:14:54.000000,DEVELOPMENT,NOT_USED,NOT_USED,NOT_USED,VALIDATION
2316,10482,2025-02-04T09:57:38.000000,DEVELOPMENT,TRAIN,TRAIN,TRAIN,TRAIN
2317,10486,2026-02-19T19:38:29.000000,DEVELOPMENT,NOT_USED,NOT_USED,VALIDATION,TRAIN
2318,10492,2025-06-18T07:58:00.000000,DEVELOPMENT,TRAIN,TRAIN,TRAIN,TRAIN
2319,10496,2025-10-11T08:51:26.000000,DEVELOPMENT,VALIDATION,TRAIN,TRAIN,TRAIN
2320,10498,2025-09-17T14:09:27.000000,DEVELOPMENT,VALIDATION,TRAIN,TRAIN,TRAIN
2321,10508,2025-04-06T14:15:33.000000,DEVELOPMENT,TRAIN,TRAIN,TRAIN,TRAIN
2322,10515,2025-09-28T13:30:12.000000,DEVELOPMENT,VALIDATION,TRAIN,TRAIN,TRAIN
2323,10518,2025-10-20T13:01:33.000000,DEVELOPMENT,VALIDATION,TRAIN,TRAIN,TRAIN
2324,10519,2026-04-25T10:38:00.000000,DEVELOPMENT,NOT_USED,NOT_USED,NOT_USED,VALIDATION
2325,10522,2025-12-12T20:14:50.000000,DEVELOPMENT,NOT_USED,VALIDATION,TRAIN,TRAIN
2326,10524,2025-04-21T11:47:11.000000,DEVELOPMENT,TRAIN,TRAIN,TRAIN,TRAIN
2327,10532,2026-05-17T15:59:50.000000,CALIBRATION,NOT_USED,NOT_USED,NOT_USED,NOT_USED
2328,10538,2026-04-16T08:06:01.000000,DEVELOPMENT,NOT_USED,NOT_USED,NOT_USED,VALIDATION
2329,10543,2025-05-15T12:31:43.000000,DEVELOPMENT,TRAIN,TRAIN,TRAIN,TRAIN
2330,10547,2025-08-28T19:42:46.000000,DEVELOPMENT,TRAIN,TRAIN,TRAIN,TRAIN
2331,10550,2026-03-04T08:59:10.000000,DEVELOPMENT,NOT_USED,NOT_USED,NOT_USED,VALIDATION
2332,10558,2025-09-10T19:11:20.000000,DEVELOPMENT,VALIDATION,TRAIN,TRAIN,TRAIN
2333,10561,2025-10-08T09:24:58.000000,DEVELOPMENT,VALIDATION,TRAIN,TRAIN,TRAIN
2334,10563,2026-02-28T20:08:07.000000,DEVELOPMENT,NOT_USED,NOT_USED,VALIDATION,TRAIN
2335,10568,2025-06-14T07:28:00.000000,DEVELOPMENT,TRAIN,TRAIN,TRAIN,TRAIN
2336,10570,2025-10-18T15:36:53.000000,DEVELOPMENT,VALIDATION,TRAIN,TRAIN,TRAIN
2337,10582,2026-03-18T15:34:51.000000,DEVELOPMENT,NOT_USED,NOT_USED,NOT_USED,VALIDATION
2338,10583,2025-10-25T19:54:13.000000,DEVELOPMENT,VALIDATION,TRAIN,TRAIN,TRAIN
2339,10586,2025-11-14T08:55:33.000000,DEVELOPMENT,NOT_USED,VALIDATION,TRAIN,TRAIN
2340,10592,2026-01-23T10:05:24.000000,DEVELOPMENT,NOT_USED,NOT_USED,VALIDATION,TRAIN
2341,10595,2025-11-26T18:00:00.000000,DEVELOPMENT,NOT_USED,VALIDATION,TRAIN,TRAIN
2342,10602,2026-03-23T11:22:43.000000,DEVELOPMENT,NOT_USED,NOT_USED,NOT_USED,VALIDATION
2343,10603,2026-01-12T18:36:45.000000,DEVELOPMENT,NOT_USED,NOT_USED,VALIDATION,TRAIN
2344,10605,2025-10-28T07:11:58.000000,DEVELOPMENT,VALIDATION,TRAIN,TRAIN,TRAIN
2345,10607,2025-11-01T07:39:15.000000,DEVELOPMENT,NOT_USED,VALIDATION,TRAIN,TRAIN
2346,10614,2026-04-10T07:36:02.000000,DEVELOPMENT,NOT_USED,NOT_USED,NOT_USED,VALIDATION
2347,10618,2025-08-08T17:44:07.000000,DEVELOPMENT,TRAIN,TRAIN,TRAIN,TRAIN
2348,10623,2026-04-30T12:46:18.000000,DEVELOPMENT,NOT_USED,NOT_USED,NOT_USED,VALIDATION
2349,10628,2025-02-23T13:21:42.000000,DEVELOPMENT,TRAIN,TRAIN,TRAIN,TRAIN
2350,10633,2025-05-19T20:23:55.000000,DEVELOPMENT,TRAIN,TRAIN,TRAIN,TRAIN
2351,10638,2026-05-08T17:49:42.000000,CALIBRATION,NOT_USED,NOT_USED,NOT_USED,NOT_USED
2352,10646,2026-02-06T09:28:28.000000,DEVELOPMENT,NOT_USED,NOT_USED,VALIDATION,TRAIN
2353,10648,2026-05-29T10:49:26.000000,CALIBRATION,NOT_USED,NOT_USED,NOT_USED,NOT_USED
2354,10652,2025-04-15T15:27:58.000000,DEVELOPMENT,TRAIN,TRAIN,TRAIN,TRAIN
2355,10656,2026-05-29T19:04:40.000000,CALIBRATION,NOT_USED,NOT_USED,NOT_USED,NOT_USED
2356,10658,2025-11-09T09:38:00.000000,DEVELOPMENT,NOT_USED,VALIDATION,TRAIN,TRAIN
2357,10659,2025-12-16T10:32:34.000000,DEVELOPMENT,NOT_USED,VALIDATION,TRAIN,TRAIN
2358,10664,2025-02-24T08:22:49.000000,DEVELOPMENT,TRAIN,TRAIN,TRAIN,TRAIN
2359,10668,2026-05-18T11:52:00.000000,CALIBRATION,NOT_USED,NOT_USED,NOT_USED,NOT_USED
2360,10674,2025-07-22T07:51:36.000000,DEVELOPMENT,TRAIN,TRAIN,TRAIN,TRAIN
2361,10679,2025-12-18T18:33:34.000000,DEVELOPMENT,NOT_USED,VALIDATION,TRAIN,TRAIN
2362,10684,2025-05-31T10:38:42.000000,DEVELOPMENT,TRAIN,TRAIN,TRAIN,TRAIN
2363,10690,2026-04-01T11:44:27.000000,DEVELOPMENT,NOT_USED,NOT_USED,NOT_USED,VALIDATION
2364,10699,2025-05-05T18:41:02.000000,DEVELOPMENT,TRAIN,TRAIN,TRAIN,TRAIN
2365,10703,2026-06-26T16:05:15.000000,PROCEDURAL_HOLDOUT,NOT_USED,NOT_USED,NOT_USED,NOT_USED
2366,10708,2026-02-24T08:06:17.000000,DEVELOPMENT,NOT_USED,NOT_USED,VALIDATION,TRAIN
2367,10710,2025-11-11T20:08:38.000000,DEVELOPMENT,NOT_USED,VALIDATION,TRAIN,TRAIN
2368,10713,2025-07-13T12:24:39.000000,DEVELOPMENT,TRAIN,TRAIN,TRAIN,TRAIN
2369,10716,2025-07-17T12:56:49.000000,DEVELOPMENT,TRAIN,TRAIN,TRAIN,TRAIN
2370,10720,2025-08-17T08:23:00.000000,DEVELOPMENT,TRAIN,TRAIN,TRAIN,TRAIN
2371,10722,2025-09-08T17:01:54.000000,DEVELOPMENT,VALIDATION,TRAIN,TRAIN,TRAIN
2372,10727,2025-04-11T11:16:42.000000,DEVELOPMENT,TRAIN,TRAIN,TRAIN,TRAIN
2373,10735,2025-11-10T09:36:14.000000,DEVELOPMENT,NOT_USED,VALIDATION,TRAIN,TRAIN
2374,10741,2025-03-09T14:31:54.000000,DEVELOPMENT,TRAIN,TRAIN,TRAIN,TRAIN
2375,10750,2026-03-31T12:46:03.000000,DEVELOPMENT,NOT_USED,NOT_USED,NOT_USED,VALIDATION
2376,10752,2025-01-21T11:42:07.000000,DEVELOPMENT,TRAIN,TRAIN,TRAIN,TRAIN
2377,10764,2026-05-31T17:20:56.000000,CALIBRATION,NOT_USED,NOT_USED,NOT_USED,NOT_USED
2378,10767,2026-07-01T18:35:46.000000,POST_HOLDOUT_AUDIT,NOT_USED,NOT_USED,NOT_USED,NOT_USED
2379,10769,2025-05-11T13:01:00.000000,DEVELOPMENT,TRAIN,TRAIN,TRAIN,TRAIN
2380,10771,2026-03-24T13:43:19.000000,DEVELOPMENT,NOT_USED,NOT_USED,NOT_USED,VALIDATION
2381,10779,2025-05-17T14:00:16.000000,DEVELOPMENT,TRAIN,TRAIN,TRAIN,TRAIN
2382,10783,2025-10-06T12:15:57.000000,DEVELOPMENT,VALIDATION,TRAIN,TRAIN,TRAIN
2383,10789,2026-04-11T13:35:23.000000,DEVELOPMENT,NOT_USED,NOT_USED,NOT_USED,VALIDATION
2384,10796,2025-04-29T12:51:18.000000,DEVELOPMENT,TRAIN,TRAIN,TRAIN,TRAIN
2385,10799,2025-09-12T16:40:46.000000,DEVELOPMENT,VALIDATION,TRAIN,TRAIN,TRAIN
2386,10808,2025-07-23T14:57:21.000000,DEVELOPMENT,TRAIN,TRAIN,TRAIN,TRAIN
2387,10818,2025-06-03T14:04:19.000000,DEVELOPMENT,TRAIN,TRAIN,TRAIN,TRAIN
2388,10823,2025-08-23T08:19:11.000000,DEVELOPMENT,TRAIN,TRAIN,TRAIN,TRAIN
2389,10825,2025-03-19T17:04:28.000000,DEVELOPMENT,TRAIN,TRAIN,TRAIN,TRAIN
2390,10826,2025-10-17T12:19:18.000000,DEVELOPMENT,VALIDATION,TRAIN,TRAIN,TRAIN
2391,10830,2025-04-11T13:20:11.000000,DEVELOPMENT,TRAIN,TRAIN,TRAIN,TRAIN
2392,10834,2025-05-31T16:04:16.000000,DEVELOPMENT,TRAIN,TRAIN,TRAIN,TRAIN
2393,10840,2025-07-13T18:58:10.000000,DEVELOPMENT,TRAIN,TRAIN,TRAIN,TRAIN
2394,10844,2025-09-20T08:51:22.000000,DEVELOPMENT,VALIDATION,TRAIN,TRAIN,TRAIN
2395,10849,2025-08-17T16:06:00.000000,DEVELOPMENT,TRAIN,TRAIN,TRAIN,TRAIN
2396,10852,2025-01-22T07:54:52.000000,DEVELOPMENT,TRAIN,TRAIN,TRAIN,TRAIN
2397,10860,2026-06-16T15:41:39.000000,PROCEDURAL_HOLDOUT,NOT_USED,NOT_USED,NOT_USED,NOT_USED
2398,10863,2026-06-19T12:23:02.000000,PROCEDURAL_HOLDOUT,NOT_USED,NOT_USED,NOT_USED,NOT_USED
2399,10865,2025-10-27T13:01:50.000000,DEVELOPMENT,VALIDATION,TRAIN,TRAIN,TRAIN
2400,10871,2025-02-19T11:06:13.000000,DEVELOPMENT,TRAIN,TRAIN,TRAIN,TRAIN
2401,10877,2026-03-26T14:48:06.000000,DEVELOPMENT,NOT_USED,NOT_USED,NOT_USED,VALIDATION
2402,10885,2026-04-04T14:39:32.000000,DEVELOPMENT,NOT_USED,NOT_USED,NOT_USED,VALIDATION
2403,10892,2025-08-29T08:58:46.000000,DEVELOPMENT,TRAIN,TRAIN,TRAIN,TRAIN
2404,10895,2025-05-04T13:14:00.000000,DEVELOPMENT,TRAIN,TRAIN,TRAIN,TRAIN
2405,10900,2026-06-11T15:45:41.000000,PROCEDURAL_HOLDOUT,NOT_USED,NOT_USED,NOT_USED,NOT_USED
2406,10904,2026-05-19T08:12:24.000000,CALIBRATION,NOT_USED,NOT_USED,NOT_USED,NOT_USED
2407,10914,2025-08-20T19:02:47.000000,DEVELOPMENT,TRAIN,TRAIN,TRAIN,TRAIN
2408,10919,2025-08-13T11:49:45.000000,DEVELOPMENT,TRAIN,TRAIN,TRAIN,TRAIN
2409,10926,2025-08-08T14:20:02.000000,DEVELOPMENT,TRAIN,TRAIN,TRAIN,TRAIN
2410,10927,2025-11-03T07:47:15.000000,DEVELOPMENT,NOT_USED,VALIDATION,TRAIN,TRAIN
2411,10933,2026-02-02T16:24:02.000000,DEVELOPMENT,NOT_USED,NOT_USED,VALIDATION,TRAIN
2412,10939,2025-10-03T15:04:17.000000,DEVELOPMENT,VALIDATION,TRAIN,TRAIN,TRAIN
2413,10945,2025-11-06T15:30:48.000000,DEVELOPMENT,NOT_USED,VALIDATION,TRAIN,TRAIN
2414,10951,2025-11-11T14:46:20.000000,DEVELOPMENT,NOT_USED,VALIDATION,TRAIN,TRAIN
2415,10955,2025-06-18T19:46:20.000000,DEVELOPMENT,TRAIN,TRAIN,TRAIN,TRAIN
2416,10960,2025-12-05T17:27:26.000000,DEVELOPMENT,NOT_USED,VALIDATION,TRAIN,TRAIN
2417,10964,2025-01-25T12:25:00.000000,DEVELOPMENT,TRAIN,TRAIN,TRAIN,TRAIN
2418,10970,2025-08-08T18:18:18.000000,DEVELOPMENT,TRAIN,TRAIN,TRAIN,TRAIN
2419,10974,2025-03-11T11:33:18.000000,DEVELOPMENT,TRAIN,TRAIN,TRAIN,TRAIN
2420,10979,2025-06-26T20:48:42.000000,DEVELOPMENT,TRAIN,TRAIN,TRAIN,TRAIN
2421,10985,2025-05-25T16:43:22.000000,DEVELOPMENT,TRAIN,TRAIN,TRAIN,TRAIN
2422,10988,2025-03-05T12:19:00.000000,DEVELOPMENT,TRAIN,TRAIN,TRAIN,TRAIN
2423,10993,2025-06-14T11:13:00.000000,DEVELOPMENT,TRAIN,TRAIN,TRAIN,TRAIN
2424,11000,2026-04-16T19:17:16.000000,DEVELOPMENT,NOT_USED,NOT_USED,NOT_USED,VALIDATION
2425,11005,2025-10-13T19:14:08.000000,DEVELOPMENT,VALIDATION,TRAIN,TRAIN,TRAIN
2426,11010,2026-01-23T14:31:40.000000,DEVELOPMENT,NOT_USED,NOT_USED,VALIDATION,TRAIN
2427,11017,2025-07-06T17:08:14.000000,DEVELOPMENT,TRAIN,TRAIN,TRAIN,TRAIN
2428,11023,2025-12-06T11:15:00.000000,DEVELOPMENT,NOT_USED,VALIDATION,TRAIN,TRAIN
2429,11026,2026-01-17T14:24:47.000000,DEVELOPMENT,NOT_USED,NOT_USED,VALIDATION,TRAIN
2430,11029,2025-08-28T11:19:57.000000,DEVELOPMENT,TRAIN,TRAIN,TRAIN,TRAIN
2431,11032,2025-09-30T18:06:01.000000,DEVELOPMENT,VALIDATION,TRAIN,TRAIN,TRAIN
2432,11037,2025-06-01T15:18:00.000000,DEVELOPMENT,TRAIN,TRAIN,TRAIN,TRAIN
2433,11042,2025-05-07T18:44:00.000000,DEVELOPMENT,TRAIN,TRAIN,TRAIN,TRAIN
2434,11046,2025-11-24T10:47:12.000000,DEVELOPMENT,NOT_USED,VALIDATION,TRAIN,TRAIN
2435,11050,2025-09-03T13:05:54.000000,DEVELOPMENT,VALIDATION,TRAIN,TRAIN,TRAIN
2436,11052,2025-11-28T13:21:07.000000,DEVELOPMENT,NOT_USED,VALIDATION,TRAIN,TRAIN
2437,11061,2026-02-03T11:41:20.000000,DEVELOPMENT,NOT_USED,NOT_USED,VALIDATION,TRAIN
2438,11067,2025-10-13T14:26:24.000000,DEVELOPMENT,VALIDATION,TRAIN,TRAIN,TRAIN
2439,11069,2025-10-14T20:37:56.000000,DEVELOPMENT,VALIDATION,TRAIN,TRAIN,TRAIN
2440,11076,2025-09-27T14:31:06.000000,DEVELOPMENT,VALIDATION,TRAIN,TRAIN,TRAIN
2441,11079,2025-08-28T19:39:13.000000,DEVELOPMENT,TRAIN,TRAIN,TRAIN,TRAIN
2442,11083,2025-12-23T15:24:54.000000,DEVELOPMENT,NOT_USED,VALIDATION,TRAIN,TRAIN
2443,11088,2025-07-16T17:54:00.000000,DEVELOPMENT,TRAIN,TRAIN,TRAIN,TRAIN
2444,11092,2025-12-24T13:20:00.000000,DEVELOPMENT,NOT_USED,VALIDATION,TRAIN,TRAIN
2445,11098,2026-01-15T13:28:37.000000,DEVELOPMENT,NOT_USED,NOT_USED,VALIDATION,TRAIN
2446,11104,2026-05-09T15:24:38.000000,CALIBRATION,NOT_USED,NOT_USED,NOT_USED,NOT_USED
2447,11107,2026-01-31T10:11:23.000000,DEVELOPMENT,NOT_USED,NOT_USED,VALIDATION,TRAIN
2448,11113,2025-11-21T14:59:46.000000,DEVELOPMENT,NOT_USED,VALIDATION,TRAIN,TRAIN
2449,11120,2025-12-13T10:42:55.000000,DEVELOPMENT,NOT_USED,VALIDATION,TRAIN,TRAIN
2450,11123,2025-03-06T18:36:47.000000,DEVELOPMENT,TRAIN,TRAIN,TRAIN,TRAIN
2451,11126,2025-12-24T12:35:00.000000,DEVELOPMENT,NOT_USED,VALIDATION,TRAIN,TRAIN
2452,11134,2025-11-30T11:41:27.000000,DEVELOPMENT,NOT_USED,VALIDATION,TRAIN,TRAIN
2453,11139,2025-07-21T14:43:10.000000,DEVELOPMENT,TRAIN,TRAIN,TRAIN,TRAIN
2454,11143,2026-01-27T11:27:13.000000,DEVELOPMENT,NOT_USED,NOT_USED,VALIDATION,TRAIN
2455,11150,2026-02-12T07:22:06.000000,DEVELOPMENT,NOT_USED,NOT_USED,VALIDATION,TRAIN
2456,11161,2026-05-29T18:38:09.000000,CALIBRATION,NOT_USED,NOT_USED,NOT_USED,NOT_USED
2457,11162,2026-04-24T14:27:26.000000,DEVELOPMENT,NOT_USED,NOT_USED,NOT_USED,VALIDATION
2458,11167,2025-09-12T10:23:43.000000,DEVELOPMENT,VALIDATION,TRAIN,TRAIN,TRAIN
2459,11169,2025-03-21T15:06:03.000000,DEVELOPMENT,TRAIN,TRAIN,TRAIN,TRAIN
2460,11175,2025-04-11T09:52:05.000000,DEVELOPMENT,TRAIN,TRAIN,TRAIN,TRAIN
2461,11180,2026-05-29T10:48:30.000000,CALIBRATION,NOT_USED,NOT_USED,NOT_USED,NOT_USED
2462,11185,2025-06-17T07:25:54.000000,DEVELOPMENT,TRAIN,TRAIN,TRAIN,TRAIN
2463,11189,2025-05-10T14:18:00.000000,DEVELOPMENT,TRAIN,TRAIN,TRAIN,TRAIN
2464,11195,2025-11-20T18:39:36.000000,DEVELOPMENT,NOT_USED,VALIDATION,TRAIN,TRAIN
2465,11201,2025-03-15T09:27:38.000000,DEVELOPMENT,TRAIN,TRAIN,TRAIN,TRAIN
2466,11206,2025-02-15T20:30:17.000000,DEVELOPMENT,TRAIN,TRAIN,TRAIN,TRAIN
2467,11211,2026-01-06T16:57:30.000000,DEVELOPMENT,NOT_USED,NOT_USED,VALIDATION,TRAIN
2468,11212,2025-03-11T10:32:55.000000,DEVELOPMENT,TRAIN,TRAIN,TRAIN,TRAIN
2469,11220,2025-09-03T08:15:57.000000,DEVELOPMENT,VALIDATION,TRAIN,TRAIN,TRAIN
2470,11225,2025-12-13T17:15:55.000000,DEVELOPMENT,NOT_USED,VALIDATION,TRAIN,TRAIN
2471,11230,2026-06-21T12:01:59.000000,PROCEDURAL_HOLDOUT,NOT_USED,NOT_USED,NOT_USED,NOT_USED
2472,11235,2025-07-09T11:31:49.000000,DEVELOPMENT,TRAIN,TRAIN,TRAIN,TRAIN
2473,11242,2025-08-15T10:49:28.000000,DEVELOPMENT,TRAIN,TRAIN,TRAIN,TRAIN
2474,11246,2025-10-03T09:22:55.000000,DEVELOPMENT,VALIDATION,TRAIN,TRAIN,TRAIN
2475,11251,2026-01-01T20:22:41.000000,DEVELOPMENT,NOT_USED,NOT_USED,VALIDATION,TRAIN
2476,11263,2025-04-25T12:54:12.000000,DEVELOPMENT,TRAIN,TRAIN,TRAIN,TRAIN
2477,11265,2025-03-27T15:11:19.000000,DEVELOPMENT,TRAIN,TRAIN,TRAIN,TRAIN
2478,11270,2026-02-01T10:15:17.000000,DEVELOPMENT,NOT_USED,NOT_USED,VALIDATION,TRAIN
2479,11279,2025-08-24T17:23:25.000000,DEVELOPMENT,TRAIN,TRAIN,TRAIN,TRAIN
2480,11280,2025-10-05T17:27:28.000000,DEVELOPMENT,VALIDATION,TRAIN,TRAIN,TRAIN
2481,11285,2026-01-14T19:37:25.000000,DEVELOPMENT,NOT_USED,NOT_USED,VALIDATION,TRAIN
2482,11286,2025-09-16T10:40:09.000000,DEVELOPMENT,VALIDATION,TRAIN,TRAIN,TRAIN
2483,11293,2025-03-15T11:17:00.000000,DEVELOPMENT,TRAIN,TRAIN,TRAIN,TRAIN
2484,11299,2025-08-05T08:59:36.000000,DEVELOPMENT,TRAIN,TRAIN,TRAIN,TRAIN
2485,11300,2025-11-23T10:58:39.000000,DEVELOPMENT,NOT_USED,VALIDATION,TRAIN,TRAIN
2486,11301,2025-12-05T19:34:51.000000,DEVELOPMENT,NOT_USED,VALIDATION,TRAIN,TRAIN
2487,11305,2026-06-06T09:35:24.000000,PROCEDURAL_HOLDOUT,NOT_USED,NOT_USED,NOT_USED,NOT_USED
2488,11310,2025-06-03T12:16:45.000000,DEVELOPMENT,TRAIN,TRAIN,TRAIN,TRAIN
2489,11314,2025-06-15T11:38:19.000000,DEVELOPMENT,TRAIN,TRAIN,TRAIN,TRAIN
2490,11318,2026-03-10T09:52:59.000000,DEVELOPMENT,NOT_USED,NOT_USED,NOT_USED,VALIDATION
2491,11326,2025-11-25T14:25:45.000000,DEVELOPMENT,NOT_USED,VALIDATION,TRAIN,TRAIN
2492,11330,2026-02-28T20:11:00.000000,DEVELOPMENT,NOT_USED,NOT_USED,VALIDATION,TRAIN
2493,11332,2025-12-10T17:11:30.000000,DEVELOPMENT,NOT_USED,VALIDATION,TRAIN,TRAIN
2494,11341,2026-04-13T14:51:23.000000,DEVELOPMENT,NOT_USED,NOT_USED,NOT_USED,VALIDATION
2495,11344,2026-04-02T11:17:15.000000,DEVELOPMENT,NOT_USED,NOT_USED,NOT_USED,VALIDATION
2496,11354,2025-10-30T11:30:09.000000,DEVELOPMENT,VALIDATION,TRAIN,TRAIN,TRAIN
2497,11358,2025-03-26T16:51:29.000000,DEVELOPMENT,TRAIN,TRAIN,TRAIN,TRAIN
2498,11361,2025-09-23T16:35:41.000000,DEVELOPMENT,VALIDATION,TRAIN,TRAIN,TRAIN
2499,11365,2026-01-29T14:32:12.000000,DEVELOPMENT,NOT_USED,NOT_USED,VALIDATION,TRAIN
2500,11367,2026-03-17T15:40:36.000000,DEVELOPMENT,NOT_USED,NOT_USED,NOT_USED,VALIDATION
2501,11368,2025-11-01T10:13:23.000000,DEVELOPMENT,NOT_USED,VALIDATION,TRAIN,TRAIN
2502,11377,2025-04-13T07:25:51.000000,DEVELOPMENT,TRAIN,TRAIN,TRAIN,TRAIN
2503,11384,2025-10-24T18:34:02.000000,DEVELOPMENT,VALIDATION,TRAIN,TRAIN,TRAIN
2504,11386,2025-03-18T15:39:43.000000,DEVELOPMENT,TRAIN,TRAIN,TRAIN,TRAIN
2505,11393,2025-12-15T10:22:40.000000,DEVELOPMENT,NOT_USED,VALIDATION,TRAIN,TRAIN
2506,11398,2026-03-04T16:26:28.000000,DEVELOPMENT,NOT_USED,NOT_USED,NOT_USED,VALIDATION
2507,11401,2026-03-09T17:50:32.000000,DEVELOPMENT,NOT_USED,NOT_USED,NOT_USED,VALIDATION
2508,11403,2026-02-01T11:02:00.000000,DEVELOPMENT,NOT_USED,NOT_USED,VALIDATION,TRAIN
2509,11408,2026-02-01T09:44:31.000000,DEVELOPMENT,NOT_USED,NOT_USED,VALIDATION,TRAIN
2510,11409,2025-08-10T18:50:00.000000,DEVELOPMENT,TRAIN,TRAIN,TRAIN,TRAIN
2511,11410,2025-02-05T15:31:00.000000,DEVELOPMENT,TRAIN,TRAIN,TRAIN,TRAIN
2512,11412,2025-03-18T09:53:54.000000,DEVELOPMENT,TRAIN,TRAIN,TRAIN,TRAIN
2513,11419,2025-09-19T18:32:12.000000,DEVELOPMENT,VALIDATION,TRAIN,TRAIN,TRAIN
2514,11423,2026-05-16T07:27:41.000000,CALIBRATION,NOT_USED,NOT_USED,NOT_USED,NOT_USED
2515,11429,2026-01-02T19:13:43.000000,DEVELOPMENT,NOT_USED,NOT_USED,VALIDATION,TRAIN
2516,11439,2025-10-06T18:01:59.000000,DEVELOPMENT,VALIDATION,TRAIN,TRAIN,TRAIN
2517,11441,2025-10-26T09:07:00.000000,DEVELOPMENT,VALIDATION,TRAIN,TRAIN,TRAIN
2518,11445,2025-05-06T09:31:36.000000,DEVELOPMENT,TRAIN,TRAIN,TRAIN,TRAIN
2519,11450,2025-06-16T17:19:54.000000,DEVELOPMENT,TRAIN,TRAIN,TRAIN,TRAIN
2520,11456,2026-01-28T10:33:00.000000,DEVELOPMENT,NOT_USED,NOT_USED,VALIDATION,TRAIN
2521,11460,2025-03-04T14:12:10.000000,DEVELOPMENT,TRAIN,TRAIN,TRAIN,TRAIN
2522,11464,2025-09-22T15:13:40.000000,DEVELOPMENT,VALIDATION,TRAIN,TRAIN,TRAIN
2523,11470,2025-06-29T14:45:59.000000,DEVELOPMENT,TRAIN,TRAIN,TRAIN,TRAIN
2524,11474,2025-08-13T07:06:15.000000,DEVELOPMENT,TRAIN,TRAIN,TRAIN,TRAIN
2525,11476,2026-03-03T08:45:08.000000,DEVELOPMENT,NOT_USED,NOT_USED,NOT_USED,VALIDATION
2526,11482,2025-07-01T16:21:54.000000,DEVELOPMENT,TRAIN,TRAIN,TRAIN,TRAIN
2527,11486,2026-03-07T18:12:13.000000,DEVELOPMENT,NOT_USED,NOT_USED,NOT_USED,VALIDATION
2528,11494,2026-04-30T11:42:07.000000,DEVELOPMENT,NOT_USED,NOT_USED,NOT_USED,VALIDATION
2529,11498,2026-01-06T20:59:00.000000,DEVELOPMENT,NOT_USED,NOT_USED,VALIDATION,TRAIN
2530,11503,2026-01-03T12:46:54.000000,DEVELOPMENT,NOT_USED,NOT_USED,VALIDATION,TRAIN
2531,11508,2025-03-20T17:09:05.000000,DEVELOPMENT,TRAIN,TRAIN,TRAIN,TRAIN
2532,11510,2025-04-12T20:30:00.000000,DEVELOPMENT,TRAIN,TRAIN,TRAIN,TRAIN
2533,11512,2026-02-02T09:27:07.000000,DEVELOPMENT,NOT_USED,NOT_USED,VALIDATION,TRAIN
2534,11519,2025-11-17T18:13:01.000000,DEVELOPMENT,NOT_USED,VALIDATION,TRAIN,TRAIN
2535,11526,2026-02-03T09:52:06.000000,DEVELOPMENT,NOT_USED,NOT_USED,VALIDATION,TRAIN
2536,11533,2025-12-15T16:09:32.000000,DEVELOPMENT,NOT_USED,VALIDATION,TRAIN,TRAIN
2537,11538,2025-02-06T18:24:28.000000,DEVELOPMENT,TRAIN,TRAIN,TRAIN,TRAIN
2538,11541,2025-11-03T19:11:19.000000,DEVELOPMENT,NOT_USED,VALIDATION,TRAIN,TRAIN
2539,11542,2025-11-11T18:04:16.000000,DEVELOPMENT,NOT_USED,VALIDATION,TRAIN,TRAIN
2540,11546,2025-12-30T08:21:49.000000,DEVELOPMENT,NOT_USED,VALIDATION,TRAIN,TRAIN
2541,11554,2025-10-02T13:15:55.000000,DEVELOPMENT,VALIDATION,TRAIN,TRAIN,TRAIN
2542,11557,2025-09-23T14:48:39.000000,DEVELOPMENT,VALIDATION,TRAIN,TRAIN,TRAIN
2543,11558,2025-12-24T14:34:51.000000,DEVELOPMENT,NOT_USED,VALIDATION,TRAIN,TRAIN
2544,11566,2025-12-05T11:10:37.000000,DEVELOPMENT,NOT_USED,VALIDATION,TRAIN,TRAIN
2545,11574,2026-01-14T07:16:26.000000,DEVELOPMENT,NOT_USED,NOT_USED,VALIDATION,TRAIN
2546,11576,2025-06-14T07:21:12.000000,DEVELOPMENT,TRAIN,TRAIN,TRAIN,TRAIN
2547,11583,2026-05-31T19:43:00.000000,CALIBRATION,NOT_USED,NOT_USED,NOT_USED,NOT_USED
2548,11585,2025-09-18T20:37:32.000000,DEVELOPMENT,VALIDATION,TRAIN,TRAIN,TRAIN
2549,11591,2025-05-21T16:54:52.000000,DEVELOPMENT,TRAIN,TRAIN,TRAIN,TRAIN
2550,11594,2025-04-24T13:27:45.000000,DEVELOPMENT,TRAIN,TRAIN,TRAIN,TRAIN
2551,11601,2026-03-29T15:34:35.000000,DEVELOPMENT,NOT_USED,NOT_USED,NOT_USED,VALIDATION
2552,11609,2025-11-06T11:59:24.000000,DEVELOPMENT,NOT_USED,VALIDATION,TRAIN,TRAIN
2553,11617,2025-10-16T15:38:58.000000,DEVELOPMENT,VALIDATION,TRAIN,TRAIN,TRAIN
2554,11619,2025-06-30T07:55:34.000000,DEVELOPMENT,TRAIN,TRAIN,TRAIN,TRAIN
2555,11620,2026-03-22T16:40:09.000000,DEVELOPMENT,NOT_USED,NOT_USED,NOT_USED,VALIDATION
2556,11626,2026-04-13T07:51:35.000000,DEVELOPMENT,NOT_USED,NOT_USED,NOT_USED,VALIDATION
2557,11629,2025-05-27T19:29:32.000000,DEVELOPMENT,TRAIN,TRAIN,TRAIN,TRAIN
2558,11636,2025-09-27T20:40:38.000000,DEVELOPMENT,VALIDATION,TRAIN,TRAIN,TRAIN
2559,11637,2026-06-02T20:23:47.000000,PROCEDURAL_HOLDOUT,NOT_USED,NOT_USED,NOT_USED,NOT_USED
2560,11639,2025-11-21T20:37:32.000000,DEVELOPMENT,NOT_USED,VALIDATION,TRAIN,TRAIN
2561,11641,2025-09-11T17:34:52.000000,DEVELOPMENT,VALIDATION,TRAIN,TRAIN,TRAIN
2562,11645,2026-02-12T13:11:28.000000,DEVELOPMENT,NOT_USED,NOT_USED,VALIDATION,TRAIN
2563,11648,2025-09-25T12:58:09.000000,DEVELOPMENT,VALIDATION,TRAIN,TRAIN,TRAIN
2564,11657,2025-02-04T15:39:13.000000,DEVELOPMENT,TRAIN,TRAIN,TRAIN,TRAIN
2565,11660,2025-06-20T15:57:24.000000,DEVELOPMENT,TRAIN,TRAIN,TRAIN,TRAIN
2566,11664,2026-04-11T11:18:28.000000,DEVELOPMENT,NOT_USED,NOT_USED,NOT_USED,VALIDATION
2567,11669,2026-03-14T07:33:17.000000,DEVELOPMENT,NOT_USED,NOT_USED,NOT_USED,VALIDATION
2568,11676,2026-04-21T11:10:18.000000,DEVELOPMENT,NOT_USED,NOT_USED,NOT_USED,VALIDATION
2569,11679,2026-01-20T13:54:17.000000,DEVELOPMENT,NOT_USED,NOT_USED,VALIDATION,TRAIN
2570,11685,2025-07-14T20:43:27.000000,DEVELOPMENT,TRAIN,TRAIN,TRAIN,TRAIN
2571,11691,2026-04-17T14:10:42.000000,DEVELOPMENT,NOT_USED,NOT_USED,NOT_USED,VALIDATION
2572,11697,2025-09-02T15:17:17.000000,DEVELOPMENT,VALIDATION,TRAIN,TRAIN,TRAIN
2573,11703,2025-08-31T13:47:20.000000,DEVELOPMENT,TRAIN,TRAIN,TRAIN,TRAIN
2574,11706,2026-03-09T07:14:08.000000,DEVELOPMENT,NOT_USED,NOT_USED,NOT_USED,VALIDATION
2575,11711,2026-03-31T19:30:10.000000,DEVELOPMENT,NOT_USED,NOT_USED,NOT_USED,VALIDATION
2576,11716,2026-03-02T20:12:05.000000,DEVELOPMENT,NOT_USED,NOT_USED,NOT_USED,VALIDATION
2577,11721,2025-09-04T13:42:54.000000,DEVELOPMENT,VALIDATION,TRAIN,TRAIN,TRAIN
2578,11727,2026-02-02T09:39:50.000000,DEVELOPMENT,NOT_USED,NOT_USED,VALIDATION,TRAIN
2579,11729,2025-06-20T12:39:06.000000,DEVELOPMENT,TRAIN,TRAIN,TRAIN,TRAIN
2580,11732,2025-08-07T17:43:00.000000,DEVELOPMENT,TRAIN,TRAIN,TRAIN,TRAIN
2581,11736,2026-06-23T11:27:36.000000,PROCEDURAL_HOLDOUT,NOT_USED,NOT_USED,NOT_USED,NOT_USED
2582,11738,2026-06-13T13:28:40.000000,PROCEDURAL_HOLDOUT,NOT_USED,NOT_USED,NOT_USED,NOT_USED
2583,11744,2025-06-06T09:11:57.000000,DEVELOPMENT,TRAIN,TRAIN,TRAIN,TRAIN
2584,11747,2025-06-14T17:53:27.000000,DEVELOPMENT,TRAIN,TRAIN,TRAIN,TRAIN
2585,11753,2025-04-19T07:38:00.000000,DEVELOPMENT,TRAIN,TRAIN,TRAIN,TRAIN
2586,11757,2025-09-24T15:05:00.000000,DEVELOPMENT,VALIDATION,TRAIN,TRAIN,TRAIN
2587,11764,2025-11-17T17:03:12.000000,DEVELOPMENT,NOT_USED,VALIDATION,TRAIN,TRAIN
2588,11765,2026-04-17T09:14:09.000000,DEVELOPMENT,NOT_USED,NOT_USED,NOT_USED,VALIDATION
2589,11777,2026-02-24T07:05:29.000000,DEVELOPMENT,NOT_USED,NOT_USED,VALIDATION,TRAIN
2590,11779,2025-12-20T10:39:36.000000,DEVELOPMENT,NOT_USED,VALIDATION,TRAIN,TRAIN
2591,11780,2025-05-28T07:15:00.000000,DEVELOPMENT,TRAIN,TRAIN,TRAIN,TRAIN
2592,11781,2025-04-01T09:57:31.000000,DEVELOPMENT,TRAIN,TRAIN,TRAIN,TRAIN
2593,11788,2026-04-12T20:57:00.000000,DEVELOPMENT,NOT_USED,NOT_USED,NOT_USED,VALIDATION
2594,11789,2026-02-27T18:14:17.000000,DEVELOPMENT,NOT_USED,NOT_USED,VALIDATION,TRAIN
2595,11793,2026-06-25T08:14:42.000000,PROCEDURAL_HOLDOUT,NOT_USED,NOT_USED,NOT_USED,NOT_USED
2596,11797,2025-05-30T19:04:04.000000,DEVELOPMENT,TRAIN,TRAIN,TRAIN,TRAIN
2597,11805,2025-10-13T11:14:48.000000,DEVELOPMENT,VALIDATION,TRAIN,TRAIN,TRAIN
2598,11807,2026-01-17T09:19:01.000000,DEVELOPMENT,NOT_USED,NOT_USED,VALIDATION,TRAIN
2599,11815,2026-06-17T07:31:41.000000,PROCEDURAL_HOLDOUT,NOT_USED,NOT_USED,NOT_USED,NOT_USED
2600,11823,2025-01-18T20:18:53.000000,DEVELOPMENT,TRAIN,TRAIN,TRAIN,TRAIN
2601,11825,2026-06-16T20:30:00.000000,PROCEDURAL_HOLDOUT,NOT_USED,NOT_USED,NOT_USED,NOT_USED
2602,11828,2026-05-23T12:41:22.000000,CALIBRATION,NOT_USED,NOT_USED,NOT_USED,NOT_USED
2603,11830,2025-11-12T15:28:52.000000,DEVELOPMENT,NOT_USED,VALIDATION,TRAIN,TRAIN
2604,11833,2025-06-28T18:36:33.000000,DEVELOPMENT,TRAIN,TRAIN,TRAIN,TRAIN
2605,11838,2026-04-28T11:26:51.000000,DEVELOPMENT,NOT_USED,NOT_USED,NOT_USED,VALIDATION
2606,11840,2025-06-16T17:29:11.000000,DEVELOPMENT,TRAIN,TRAIN,TRAIN,TRAIN
2607,11847,2025-09-20T11:57:11.000000,DEVELOPMENT,VALIDATION,TRAIN,TRAIN,TRAIN
2608,11850,2026-05-09T20:36:11.000000,CALIBRATION,NOT_USED,NOT_USED,NOT_USED,NOT_USED
2609,11851,2026-04-03T19:19:29.000000,DEVELOPMENT,NOT_USED,NOT_USED,NOT_USED,VALIDATION
2610,11854,2026-04-03T13:44:59.000000,DEVELOPMENT,NOT_USED,NOT_USED,NOT_USED,VALIDATION
2611,11860,2025-12-24T14:59:39.000000,DEVELOPMENT,NOT_USED,VALIDATION,TRAIN,TRAIN
2612,11861,2026-03-05T12:51:42.000000,DEVELOPMENT,NOT_USED,NOT_USED,NOT_USED,VALIDATION
2613,11867,2025-05-24T07:53:14.000000,DEVELOPMENT,TRAIN,TRAIN,TRAIN,TRAIN
2614,11873,2025-04-29T12:58:01.000000,DEVELOPMENT,TRAIN,TRAIN,TRAIN,TRAIN
2615,11874,2026-05-11T12:01:48.000000,CALIBRATION,NOT_USED,NOT_USED,NOT_USED,NOT_USED
2616,11881,2026-02-27T07:45:58.000000,DEVELOPMENT,NOT_USED,NOT_USED,VALIDATION,TRAIN
2617,11885,2025-08-02T12:08:38.000000,DEVELOPMENT,TRAIN,TRAIN,TRAIN,TRAIN
2618,11886,2025-04-02T19:05:47.000000,DEVELOPMENT,TRAIN,TRAIN,TRAIN,TRAIN
2619,11888,2025-01-31T15:54:13.000000,DEVELOPMENT,TRAIN,TRAIN,TRAIN,TRAIN
2620,11891,2025-10-26T15:23:47.000000,DEVELOPMENT,VALIDATION,TRAIN,TRAIN,TRAIN
2621,11893,2025-05-13T19:06:27.000000,DEVELOPMENT,TRAIN,TRAIN,TRAIN,TRAIN
2622,11897,2025-10-24T12:04:56.000000,DEVELOPMENT,VALIDATION,TRAIN,TRAIN,TRAIN
2623,11901,2026-03-22T15:05:26.000000,DEVELOPMENT,NOT_USED,NOT_USED,NOT_USED,VALIDATION
2624,11907,2025-08-14T17:05:54.000000,DEVELOPMENT,TRAIN,TRAIN,TRAIN,TRAIN
2625,11913,2026-01-29T13:04:05.000000,DEVELOPMENT,NOT_USED,NOT_USED,VALIDATION,TRAIN
2626,11917,2026-04-26T19:57:18.000000,DEVELOPMENT,NOT_USED,NOT_USED,NOT_USED,VALIDATION
2627,11921,2026-01-04T14:41:36.000000,DEVELOPMENT,NOT_USED,NOT_USED,VALIDATION,TRAIN
2628,11927,2026-04-28T10:17:40.000000,DEVELOPMENT,NOT_USED,NOT_USED,NOT_USED,VALIDATION
2629,11935,2025-02-23T08:33:40.000000,DEVELOPMENT,TRAIN,TRAIN,TRAIN,TRAIN
2630,11937,2026-01-18T11:00:45.000000,DEVELOPMENT,NOT_USED,NOT_USED,VALIDATION,TRAIN
2631,11939,2026-02-27T16:13:40.000000,DEVELOPMENT,NOT_USED,NOT_USED,VALIDATION,TRAIN
2632,11946,2026-01-17T11:52:17.000000,DEVELOPMENT,NOT_USED,NOT_USED,VALIDATION,TRAIN
2633,11955,2025-12-02T14:32:10.000000,DEVELOPMENT,NOT_USED,VALIDATION,TRAIN,TRAIN
2634,11959,2025-12-08T09:47:23.000000,DEVELOPMENT,NOT_USED,VALIDATION,TRAIN,TRAIN
2635,11961,2025-11-29T08:50:00.000000,DEVELOPMENT,NOT_USED,VALIDATION,TRAIN,TRAIN
2636,11964,2025-10-11T20:50:03.000000,DEVELOPMENT,VALIDATION,TRAIN,TRAIN,TRAIN
2637,11965,2025-09-03T11:47:59.000000,DEVELOPMENT,VALIDATION,TRAIN,TRAIN,TRAIN
2638,11969,2026-04-20T10:10:55.000000,DEVELOPMENT,NOT_USED,NOT_USED,NOT_USED,VALIDATION
2639,11975,2025-06-26T14:43:32.000000,DEVELOPMENT,TRAIN,TRAIN,TRAIN,TRAIN
2640,11976,2025-08-18T17:25:29.000000,DEVELOPMENT,TRAIN,TRAIN,TRAIN,TRAIN
2641,11980,2026-02-01T13:55:12.000000,DEVELOPMENT,NOT_USED,NOT_USED,VALIDATION,TRAIN
2642,11982,2025-05-16T19:38:00.000000,DEVELOPMENT,TRAIN,TRAIN,TRAIN,TRAIN
2643,11987,2025-08-17T13:19:11.000000,DEVELOPMENT,TRAIN,TRAIN,TRAIN,TRAIN
2644,11992,2025-11-20T09:33:29.000000,DEVELOPMENT,NOT_USED,VALIDATION,TRAIN,TRAIN
2645,11994,2026-01-10T17:20:23.000000,DEVELOPMENT,NOT_USED,NOT_USED,VALIDATION,TRAIN
2646,12002,2026-05-03T12:44:45.000000,CALIBRATION,NOT_USED,NOT_USED,NOT_USED,NOT_USED
2647,12010,2026-05-16T18:57:06.000000,CALIBRATION,NOT_USED,NOT_USED,NOT_USED,NOT_USED
2648,12016,2025-01-27T20:01:36.000000,DEVELOPMENT,TRAIN,TRAIN,TRAIN,TRAIN
2649,12025,2025-08-24T14:57:16.000000,DEVELOPMENT,TRAIN,TRAIN,TRAIN,TRAIN
2650,12034,2026-05-27T10:03:56.000000,CALIBRATION,NOT_USED,NOT_USED,NOT_USED,NOT_USED
2651,12035,2026-04-25T11:05:27.000000,DEVELOPMENT,NOT_USED,NOT_USED,NOT_USED,VALIDATION
2652,12038,2025-12-19T07:18:00.000000,DEVELOPMENT,NOT_USED,VALIDATION,TRAIN,TRAIN
2653,12043,2025-07-15T20:19:25.000000,DEVELOPMENT,TRAIN,TRAIN,TRAIN,TRAIN
2654,12045,2026-01-17T19:39:57.000000,DEVELOPMENT,NOT_USED,NOT_USED,VALIDATION,TRAIN
2655,12050,2025-07-07T18:36:00.000000,DEVELOPMENT,TRAIN,TRAIN,TRAIN,TRAIN
2656,12055,2025-12-20T20:04:43.000000,DEVELOPMENT,NOT_USED,VALIDATION,TRAIN,TRAIN
2657,12060,2025-04-03T12:27:39.000000,DEVELOPMENT,TRAIN,TRAIN,TRAIN,TRAIN
2658,12062,2025-04-24T11:39:39.000000,DEVELOPMENT,TRAIN,TRAIN,TRAIN,TRAIN
2659,12066,2026-02-04T08:23:57.000000,DEVELOPMENT,NOT_USED,NOT_USED,VALIDATION,TRAIN
2660,12073,2025-11-25T14:53:10.000000,DEVELOPMENT,NOT_USED,VALIDATION,TRAIN,TRAIN
2661,12077,2026-02-15T12:50:57.000000,DEVELOPMENT,NOT_USED,NOT_USED,VALIDATION,TRAIN
2662,12085,2025-03-13T14:14:11.000000,DEVELOPMENT,TRAIN,TRAIN,TRAIN,TRAIN
2663,12087,2025-03-15T15:33:10.000000,DEVELOPMENT,TRAIN,TRAIN,TRAIN,TRAIN
2664,12094,2025-07-28T12:46:11.000000,DEVELOPMENT,TRAIN,TRAIN,TRAIN,TRAIN
2665,12105,2026-05-22T07:19:12.000000,CALIBRATION,NOT_USED,NOT_USED,NOT_USED,NOT_USED
2666,12108,2025-12-28T14:38:00.000000,DEVELOPMENT,NOT_USED,VALIDATION,TRAIN,TRAIN
2667,12113,2025-07-25T07:56:25.000000,DEVELOPMENT,TRAIN,TRAIN,TRAIN,TRAIN
2668,12116,2026-01-20T11:27:09.000000,DEVELOPMENT,NOT_USED,NOT_USED,VALIDATION,TRAIN
2669,12126,2025-12-23T13:48:33.000000,DEVELOPMENT,NOT_USED,VALIDATION,TRAIN,TRAIN
2670,12130,2025-10-05T13:45:47.000000,DEVELOPMENT,VALIDATION,TRAIN,TRAIN,TRAIN
2671,12137,2026-04-19T07:40:30.000000,DEVELOPMENT,NOT_USED,NOT_USED,NOT_USED,VALIDATION
2672,12140,2026-04-05T17:13:22.000000,DEVELOPMENT,NOT_USED,NOT_USED,NOT_USED,VALIDATION
2673,12142,2026-03-26T20:24:00.000000,DEVELOPMENT,NOT_USED,NOT_USED,NOT_USED,VALIDATION
2674,12149,2025-09-09T10:21:48.000000,DEVELOPMENT,VALIDATION,TRAIN,TRAIN,TRAIN
2675,12152,2026-04-27T17:30:28.000000,DEVELOPMENT,NOT_USED,NOT_USED,NOT_USED,VALIDATION
2676,12160,2025-12-05T20:42:51.000000,DEVELOPMENT,NOT_USED,VALIDATION,TRAIN,TRAIN
2677,12170,2026-02-19T10:09:12.000000,DEVELOPMENT,NOT_USED,NOT_USED,VALIDATION,TRAIN
2678,12172,2026-03-14T13:53:23.000000,DEVELOPMENT,NOT_USED,NOT_USED,NOT_USED,VALIDATION
2679,12177,2025-07-26T11:46:47.000000,DEVELOPMENT,TRAIN,TRAIN,TRAIN,TRAIN
2680,12183,2025-10-27T16:49:07.000000,DEVELOPMENT,VALIDATION,TRAIN,TRAIN,TRAIN
2681,12188,2025-09-04T07:27:57.000000,DEVELOPMENT,VALIDATION,TRAIN,TRAIN,TRAIN
2682,12196,2025-12-11T09:03:12.000000,DEVELOPMENT,NOT_USED,VALIDATION,TRAIN,TRAIN
2683,12200,2025-12-28T07:51:42.000000,DEVELOPMENT,NOT_USED,VALIDATION,TRAIN,TRAIN
2684,12203,2025-11-06T07:03:19.000000,DEVELOPMENT,NOT_USED,VALIDATION,TRAIN,TRAIN
2685,12211,2026-04-27T15:37:23.000000,DEVELOPMENT,NOT_USED,NOT_USED,NOT_USED,VALIDATION
2686,12212,2026-02-25T09:38:08.000000,DEVELOPMENT,NOT_USED,NOT_USED,VALIDATION,TRAIN
2687,12223,2026-06-24T07:38:40.000000,PROCEDURAL_HOLDOUT,NOT_USED,NOT_USED,NOT_USED,NOT_USED
2688,12226,2025-06-22T13:59:51.000000,DEVELOPMENT,TRAIN,TRAIN,TRAIN,TRAIN
2689,12235,2025-04-03T13:04:04.000000,DEVELOPMENT,TRAIN,TRAIN,TRAIN,TRAIN
2690,12241,2026-02-26T15:23:55.000000,DEVELOPMENT,NOT_USED,NOT_USED,VALIDATION,TRAIN
2691,12243,2025-12-09T18:24:10.000000,DEVELOPMENT,NOT_USED,VALIDATION,TRAIN,TRAIN
2692,12245,2025-08-31T11:19:00.000000,DEVELOPMENT,TRAIN,TRAIN,TRAIN,TRAIN
2693,12246,2026-05-13T07:45:37.000000,CALIBRATION,NOT_USED,NOT_USED,NOT_USED,NOT_USED
2694,12256,2026-04-29T11:14:57.000000,DEVELOPMENT,NOT_USED,NOT_USED,NOT_USED,VALIDATION
2695,12257,2025-05-31T10:11:24.000000,DEVELOPMENT,TRAIN,TRAIN,TRAIN,TRAIN
2696,12264,2026-05-02T10:54:22.000000,CALIBRATION,NOT_USED,NOT_USED,NOT_USED,NOT_USED
2697,12265,2025-10-01T20:51:51.000000,DEVELOPMENT,VALIDATION,TRAIN,TRAIN,TRAIN
2698,12272,2025-02-20T12:50:07.000000,DEVELOPMENT,TRAIN,TRAIN,TRAIN,TRAIN
2699,12278,2026-01-20T08:17:24.000000,DEVELOPMENT,NOT_USED,NOT_USED,VALIDATION,TRAIN
2700,12282,2026-02-01T16:56:15.000000,DEVELOPMENT,NOT_USED,NOT_USED,VALIDATION,TRAIN
2701,12288,2025-09-15T15:22:47.000000,DEVELOPMENT,VALIDATION,TRAIN,TRAIN,TRAIN
2702,12293,2025-10-02T08:07:14.000000,DEVELOPMENT,VALIDATION,TRAIN,TRAIN,TRAIN
2703,12300,2025-04-07T07:14:49.000000,DEVELOPMENT,TRAIN,TRAIN,TRAIN,TRAIN
2704,12305,2025-10-22T09:01:00.000000,DEVELOPMENT,VALIDATION,TRAIN,TRAIN,TRAIN
2705,12306,2025-04-27T19:52:52.000000,DEVELOPMENT,TRAIN,TRAIN,TRAIN,TRAIN
2706,12309,2025-02-25T10:01:21.000000,DEVELOPMENT,TRAIN,TRAIN,TRAIN,TRAIN
2707,12315,2025-11-22T10:45:25.000000,DEVELOPMENT,NOT_USED,VALIDATION,TRAIN,TRAIN
2708,12317,2025-02-18T09:50:14.000000,DEVELOPMENT,TRAIN,TRAIN,TRAIN,TRAIN
2709,12321,2026-06-24T07:17:40.000000,PROCEDURAL_HOLDOUT,NOT_USED,NOT_USED,NOT_USED,NOT_USED
2710,12330,2025-04-03T19:48:01.000000,DEVELOPMENT,TRAIN,TRAIN,TRAIN,TRAIN
2711,12334,2025-03-03T11:40:20.000000,DEVELOPMENT,TRAIN,TRAIN,TRAIN,TRAIN
2712,12339,2026-02-14T20:16:21.000000,DEVELOPMENT,NOT_USED,NOT_USED,VALIDATION,TRAIN
2713,12340,2025-09-27T09:28:14.000000,DEVELOPMENT,VALIDATION,TRAIN,TRAIN,TRAIN
2714,12346,2026-05-23T08:11:09.000000,CALIBRATION,NOT_USED,NOT_USED,NOT_USED,NOT_USED
2715,12350,2025-06-19T16:11:00.000000,DEVELOPMENT,TRAIN,TRAIN,TRAIN,TRAIN
2716,12351,2026-05-07T13:42:00.000000,CALIBRATION,NOT_USED,NOT_USED,NOT_USED,NOT_USED
2717,12355,2026-02-18T14:22:12.000000,DEVELOPMENT,NOT_USED,NOT_USED,VALIDATION,TRAIN
2718,12360,2025-09-15T16:37:59.000000,DEVELOPMENT,VALIDATION,TRAIN,TRAIN,TRAIN
2719,12363,2026-03-24T14:50:21.000000,DEVELOPMENT,NOT_USED,NOT_USED,NOT_USED,VALIDATION
2720,12367,2025-10-24T19:45:29.000000,DEVELOPMENT,VALIDATION,TRAIN,TRAIN,TRAIN
2721,12377,2026-01-21T07:57:20.000000,DEVELOPMENT,NOT_USED,NOT_USED,VALIDATION,TRAIN
2722,12378,2025-10-07T18:42:58.000000,DEVELOPMENT,VALIDATION,TRAIN,TRAIN,TRAIN
2723,12383,2025-12-28T12:02:41.000000,DEVELOPMENT,NOT_USED,VALIDATION,TRAIN,TRAIN
2724,12384,2026-03-02T19:19:00.000000,DEVELOPMENT,NOT_USED,NOT_USED,NOT_USED,VALIDATION
2725,12391,2026-03-28T11:34:16.000000,DEVELOPMENT,NOT_USED,NOT_USED,NOT_USED,VALIDATION
2726,12392,2026-03-15T17:19:00.000000,DEVELOPMENT,NOT_USED,NOT_USED,NOT_USED,VALIDATION
2727,12397,2026-02-01T12:21:37.000000,DEVELOPMENT,NOT_USED,NOT_USED,VALIDATION,TRAIN
2728,12400,2025-12-25T19:51:31.000000,DEVELOPMENT,NOT_USED,VALIDATION,TRAIN,TRAIN
2729,12409,2025-11-30T08:31:14.000000,DEVELOPMENT,NOT_USED,VALIDATION,TRAIN,TRAIN
2730,12411,2025-12-14T11:08:41.000000,DEVELOPMENT,NOT_USED,VALIDATION,TRAIN,TRAIN
2731,12416,2026-02-05T16:16:51.000000,DEVELOPMENT,NOT_USED,NOT_USED,VALIDATION,TRAIN
2732,12422,2026-07-03T20:39:42.000000,POST_HOLDOUT_AUDIT,NOT_USED,NOT_USED,NOT_USED,NOT_USED
2733,12429,2025-03-07T11:25:46.000000,DEVELOPMENT,TRAIN,TRAIN,TRAIN,TRAIN
2734,12431,2025-11-16T19:06:53.000000,DEVELOPMENT,NOT_USED,VALIDATION,TRAIN,TRAIN
2735,12433,2025-07-17T07:11:43.000000,DEVELOPMENT,TRAIN,TRAIN,TRAIN,TRAIN
2736,12436,2026-03-11T07:16:42.000000,DEVELOPMENT,NOT_USED,NOT_USED,NOT_USED,VALIDATION
2737,12444,2025-12-27T15:41:03.000000,DEVELOPMENT,NOT_USED,VALIDATION,TRAIN,TRAIN
2738,12448,2025-10-28T10:14:57.000000,DEVELOPMENT,VALIDATION,TRAIN,TRAIN,TRAIN
2739,12451,2026-03-15T07:56:35.000000,DEVELOPMENT,NOT_USED,NOT_USED,NOT_USED,VALIDATION
2740,12453,2025-07-26T14:11:54.000000,DEVELOPMENT,TRAIN,TRAIN,TRAIN,TRAIN
2741,12466,2025-05-01T15:30:14.000000,DEVELOPMENT,TRAIN,TRAIN,TRAIN,TRAIN
2742,12472,2025-08-30T16:28:28.000000,DEVELOPMENT,TRAIN,TRAIN,TRAIN,TRAIN
2743,12476,2025-06-30T10:19:54.000000,DEVELOPMENT,TRAIN,TRAIN,TRAIN,TRAIN
2744,12489,2026-02-20T10:48:59.000000,DEVELOPMENT,NOT_USED,NOT_USED,VALIDATION,TRAIN
2745,12493,2025-09-13T18:25:32.000000,DEVELOPMENT,VALIDATION,TRAIN,TRAIN,TRAIN
2746,12498,2026-02-01T11:55:09.000000,DEVELOPMENT,NOT_USED,NOT_USED,VALIDATION,TRAIN
2747,12503,2026-05-17T08:38:07.000000,CALIBRATION,NOT_USED,NOT_USED,NOT_USED,NOT_USED
2748,12504,2025-05-23T14:01:00.000000,DEVELOPMENT,TRAIN,TRAIN,TRAIN,TRAIN
2749,12511,2025-07-24T16:38:38.000000,DEVELOPMENT,TRAIN,TRAIN,TRAIN,TRAIN
2750,12519,2025-05-01T18:44:00.000000,DEVELOPMENT,TRAIN,TRAIN,TRAIN,TRAIN
2751,12522,2025-06-29T15:54:00.000000,DEVELOPMENT,TRAIN,TRAIN,TRAIN,TRAIN
2752,12523,2026-02-14T11:29:30.000000,DEVELOPMENT,NOT_USED,NOT_USED,VALIDATION,TRAIN
2753,12526,2026-04-23T12:01:41.000000,DEVELOPMENT,NOT_USED,NOT_USED,NOT_USED,VALIDATION
2754,12534,2026-03-17T18:44:55.000000,DEVELOPMENT,NOT_USED,NOT_USED,NOT_USED,VALIDATION
2755,12535,2025-08-07T10:35:10.000000,DEVELOPMENT,TRAIN,TRAIN,TRAIN,TRAIN
2756,12544,2025-07-25T08:24:54.000000,DEVELOPMENT,TRAIN,TRAIN,TRAIN,TRAIN
2757,12545,2026-04-27T10:51:49.000000,DEVELOPMENT,NOT_USED,NOT_USED,NOT_USED,VALIDATION
2758,12546,2026-02-26T18:59:31.000000,DEVELOPMENT,NOT_USED,NOT_USED,VALIDATION,TRAIN
2759,12552,2025-03-06T17:01:00.000000,DEVELOPMENT,TRAIN,TRAIN,TRAIN,TRAIN
2760,12558,2025-03-17T11:27:25.000000,DEVELOPMENT,TRAIN,TRAIN,TRAIN,TRAIN
2761,12561,2026-06-03T19:55:17.000000,PROCEDURAL_HOLDOUT,NOT_USED,NOT_USED,NOT_USED,NOT_USED
2762,12568,2026-01-28T10:41:03.000000,DEVELOPMENT,NOT_USED,NOT_USED,VALIDATION,TRAIN
2763,12579,2026-06-08T10:21:24.000000,PROCEDURAL_HOLDOUT,NOT_USED,NOT_USED,NOT_USED,NOT_USED
2764,12585,2026-04-06T10:11:29.000000,DEVELOPMENT,NOT_USED,NOT_USED,NOT_USED,VALIDATION
2765,12589,2025-06-19T15:07:22.000000,DEVELOPMENT,TRAIN,TRAIN,TRAIN,TRAIN
2766,12594,2026-01-10T09:32:23.000000,DEVELOPMENT,NOT_USED,NOT_USED,VALIDATION,TRAIN
2767,12598,2025-01-26T08:15:35.000000,DEVELOPMENT,TRAIN,TRAIN,TRAIN,TRAIN
2768,12600,2025-09-03T13:22:15.000000,DEVELOPMENT,VALIDATION,TRAIN,TRAIN,TRAIN
2769,12606,2025-08-10T15:42:43.000000,DEVELOPMENT,TRAIN,TRAIN,TRAIN,TRAIN
2770,12609,2025-07-03T12:48:00.000000,DEVELOPMENT,TRAIN,TRAIN,TRAIN,TRAIN
2771,12615,2025-05-08T15:51:16.000000,DEVELOPMENT,TRAIN,TRAIN,TRAIN,TRAIN
2772,12622,2025-08-28T17:20:55.000000,DEVELOPMENT,TRAIN,TRAIN,TRAIN,TRAIN
2773,12623,2026-03-08T11:16:32.000000,DEVELOPMENT,NOT_USED,NOT_USED,NOT_USED,VALIDATION
2774,12624,2026-01-28T15:53:15.000000,DEVELOPMENT,NOT_USED,NOT_USED,VALIDATION,TRAIN
2775,12631,2025-02-02T14:40:39.000000,DEVELOPMENT,TRAIN,TRAIN,TRAIN,TRAIN
2776,12633,2025-01-16T15:23:20.000000,DEVELOPMENT,TRAIN,TRAIN,TRAIN,TRAIN
2777,12640,2025-03-05T15:07:19.000000,DEVELOPMENT,TRAIN,TRAIN,TRAIN,TRAIN
2778,12650,2025-08-03T11:06:56.000000,DEVELOPMENT,TRAIN,TRAIN,TRAIN,TRAIN
2779,12651,2026-02-25T08:53:00.000000,DEVELOPMENT,NOT_USED,NOT_USED,VALIDATION,TRAIN
2780,12652,2025-11-25T07:47:00.000000,DEVELOPMENT,NOT_USED,VALIDATION,TRAIN,TRAIN
2781,12654,2026-03-26T12:04:58.000000,DEVELOPMENT,NOT_USED,NOT_USED,NOT_USED,VALIDATION
2782,12660,2026-02-05T13:04:34.000000,DEVELOPMENT,NOT_USED,NOT_USED,VALIDATION,TRAIN
2783,12666,2025-01-25T11:47:43.000000,DEVELOPMENT,TRAIN,TRAIN,TRAIN,TRAIN
2784,12667,2025-06-28T10:50:00.000000,DEVELOPMENT,TRAIN,TRAIN,TRAIN,TRAIN
2785,12672,2025-05-19T16:54:05.000000,DEVELOPMENT,TRAIN,TRAIN,TRAIN,TRAIN
2786,12673,2026-04-15T19:46:38.000000,DEVELOPMENT,NOT_USED,NOT_USED,NOT_USED,VALIDATION
2787,12674,2025-11-30T07:16:33.000000,DEVELOPMENT,NOT_USED,VALIDATION,TRAIN,TRAIN
2788,12676,2026-01-21T11:48:24.000000,DEVELOPMENT,NOT_USED,NOT_USED,VALIDATION,TRAIN
2789,12683,2025-06-09T20:15:51.000000,DEVELOPMENT,TRAIN,TRAIN,TRAIN,TRAIN
2790,12689,2025-05-08T09:14:46.000000,DEVELOPMENT,TRAIN,TRAIN,TRAIN,TRAIN
2791,12693,2025-12-23T09:08:05.000000,DEVELOPMENT,NOT_USED,VALIDATION,TRAIN,TRAIN
2792,12699,2025-05-04T08:55:00.000000,DEVELOPMENT,TRAIN,TRAIN,TRAIN,TRAIN
2793,12701,2025-12-10T07:36:34.000000,DEVELOPMENT,NOT_USED,VALIDATION,TRAIN,TRAIN
2794,12706,2026-03-22T15:59:13.000000,DEVELOPMENT,NOT_USED,NOT_USED,NOT_USED,VALIDATION
2795,12716,2025-10-07T20:20:51.000000,DEVELOPMENT,VALIDATION,TRAIN,TRAIN,TRAIN
2796,12720,2025-09-28T08:53:09.000000,DEVELOPMENT,VALIDATION,TRAIN,TRAIN,TRAIN
2797,12730,2026-03-05T15:36:31.000000,DEVELOPMENT,NOT_USED,NOT_USED,NOT_USED,VALIDATION
2798,12734,2025-11-05T07:58:29.000000,DEVELOPMENT,NOT_USED,VALIDATION,TRAIN,TRAIN
2799,12739,2025-02-08T13:59:01.000000,DEVELOPMENT,TRAIN,TRAIN,TRAIN,TRAIN
2800,12743,2026-02-09T08:03:26.000000,DEVELOPMENT,NOT_USED,NOT_USED,VALIDATION,TRAIN
2801,12751,2025-03-19T15:58:00.000000,DEVELOPMENT,TRAIN,TRAIN,TRAIN,TRAIN
2802,12752,2026-05-16T13:51:57.000000,CALIBRATION,NOT_USED,NOT_USED,NOT_USED,NOT_USED
2803,12761,2025-03-25T10:46:44.000000,DEVELOPMENT,TRAIN,TRAIN,TRAIN,TRAIN
2804,12771,2026-01-15T11:42:56.000000,DEVELOPMENT,NOT_USED,NOT_USED,VALIDATION,TRAIN
2805,12774,2026-06-18T13:57:40.000000,PROCEDURAL_HOLDOUT,NOT_USED,NOT_USED,NOT_USED,NOT_USED
2806,12784,2026-04-25T16:10:06.000000,DEVELOPMENT,NOT_USED,NOT_USED,NOT_USED,VALIDATION
2807,12786,2025-07-25T16:09:00.000000,DEVELOPMENT,TRAIN,TRAIN,TRAIN,TRAIN
2808,12787,2025-03-18T09:07:00.000000,DEVELOPMENT,TRAIN,TRAIN,TRAIN,TRAIN
2809,12799,2025-08-03T09:18:21.000000,DEVELOPMENT,TRAIN,TRAIN,TRAIN,TRAIN
2810,12802,2025-11-21T20:55:37.000000,DEVELOPMENT,NOT_USED,VALIDATION,TRAIN,TRAIN
2811,12810,2025-06-09T16:40:32.000000,DEVELOPMENT,TRAIN,TRAIN,TRAIN,TRAIN
2812,12812,2026-02-27T11:42:59.000000,DEVELOPMENT,NOT_USED,NOT_USED,VALIDATION,TRAIN
2813,12817,2026-02-10T08:55:31.000000,DEVELOPMENT,NOT_USED,NOT_USED,VALIDATION,TRAIN
2814,12820,2025-02-06T17:33:26.000000,DEVELOPMENT,TRAIN,TRAIN,TRAIN,TRAIN
2815,12833,2025-05-27T12:11:20.000000,DEVELOPMENT,TRAIN,TRAIN,TRAIN,TRAIN
2816,12837,2025-06-22T10:09:04.000000,DEVELOPMENT,TRAIN,TRAIN,TRAIN,TRAIN
2817,12843,2025-11-16T11:37:35.000000,DEVELOPMENT,NOT_USED,VALIDATION,TRAIN,TRAIN
2818,12844,2026-06-17T08:49:31.000000,PROCEDURAL_HOLDOUT,NOT_USED,NOT_USED,NOT_USED,NOT_USED
2819,12847,2025-03-08T11:04:29.000000,DEVELOPMENT,TRAIN,TRAIN,TRAIN,TRAIN
2820,12850,2025-02-21T10:58:30.000000,DEVELOPMENT,TRAIN,TRAIN,TRAIN,TRAIN
2821,12853,2026-03-22T15:20:12.000000,DEVELOPMENT,NOT_USED,NOT_USED,NOT_USED,VALIDATION
2822,12856,2025-11-16T15:37:46.000000,DEVELOPMENT,NOT_USED,VALIDATION,TRAIN,TRAIN
2823,12859,2026-06-07T10:18:28.000000,PROCEDURAL_HOLDOUT,NOT_USED,NOT_USED,NOT_USED,NOT_USED
2824,12861,2026-02-18T13:17:37.000000,DEVELOPMENT,NOT_USED,NOT_USED,VALIDATION,TRAIN
2825,12867,2025-07-16T12:20:25.000000,DEVELOPMENT,TRAIN,TRAIN,TRAIN,TRAIN
2826,12875,2025-05-24T18:52:09.000000,DEVELOPMENT,TRAIN,TRAIN,TRAIN,TRAIN
2827,12883,2025-02-23T16:49:16.000000,DEVELOPMENT,TRAIN,TRAIN,TRAIN,TRAIN
2828,12886,2026-02-16T15:06:51.000000,DEVELOPMENT,NOT_USED,NOT_USED,VALIDATION,TRAIN
2829,12892,2025-07-11T10:15:13.000000,DEVELOPMENT,TRAIN,TRAIN,TRAIN,TRAIN
2830,12897,2025-01-10T20:53:24.000000,DEVELOPMENT,TRAIN,TRAIN,TRAIN,TRAIN
2831,12900,2025-04-03T20:29:24.000000,DEVELOPMENT,TRAIN,TRAIN,TRAIN,TRAIN
2832,12905,2026-06-14T20:13:42.000000,PROCEDURAL_HOLDOUT,NOT_USED,NOT_USED,NOT_USED,NOT_USED
2833,12907,2026-05-06T10:47:54.000000,CALIBRATION,NOT_USED,NOT_USED,NOT_USED,NOT_USED
2834,12908,2026-03-19T17:42:42.000000,DEVELOPMENT,NOT_USED,NOT_USED,NOT_USED,VALIDATION
2835,12912,2026-06-16T20:38:44.000000,PROCEDURAL_HOLDOUT,NOT_USED,NOT_USED,NOT_USED,NOT_USED
2836,12913,2026-03-06T12:25:00.000000,DEVELOPMENT,NOT_USED,NOT_USED,NOT_USED,VALIDATION
2837,12914,2025-06-14T14:52:23.000000,DEVELOPMENT,TRAIN,TRAIN,TRAIN,TRAIN
2838,12918,2026-01-01T18:03:35.000000,DEVELOPMENT,NOT_USED,NOT_USED,VALIDATION,TRAIN
2839,12921,2026-02-22T13:33:41.000000,DEVELOPMENT,NOT_USED,NOT_USED,VALIDATION,TRAIN
2840,12927,2025-10-29T14:23:00.000000,DEVELOPMENT,VALIDATION,TRAIN,TRAIN,TRAIN
2841,12930,2026-02-22T20:07:46.000000,DEVELOPMENT,NOT_USED,NOT_USED,VALIDATION,TRAIN
2842,12936,2025-12-15T14:40:50.000000,DEVELOPMENT,NOT_USED,VALIDATION,TRAIN,TRAIN
2843,12944,2026-03-08T20:38:57.000000,DEVELOPMENT,NOT_USED,NOT_USED,NOT_USED,VALIDATION
2844,12950,2026-02-07T16:33:44.000000,DEVELOPMENT,NOT_USED,NOT_USED,VALIDATION,TRAIN
2845,12951,2025-06-01T12:52:00.000000,DEVELOPMENT,TRAIN,TRAIN,TRAIN,TRAIN
2846,12954,2026-04-29T09:56:47.000000,DEVELOPMENT,NOT_USED,NOT_USED,NOT_USED,VALIDATION
2847,12955,2026-04-10T14:58:27.000000,DEVELOPMENT,NOT_USED,NOT_USED,NOT_USED,VALIDATION
2848,12962,2025-03-04T18:53:34.000000,DEVELOPMENT,TRAIN,TRAIN,TRAIN,TRAIN
2849,12968,2025-09-03T17:01:15.000000,DEVELOPMENT,VALIDATION,TRAIN,TRAIN,TRAIN
2850,12970,2025-11-29T18:03:28.000000,DEVELOPMENT,NOT_USED,VALIDATION,TRAIN,TRAIN
2851,12978,2026-03-25T07:37:18.000000,DEVELOPMENT,NOT_USED,NOT_USED,NOT_USED,VALIDATION
2852,12981,2026-01-11T15:40:25.000000,DEVELOPMENT,NOT_USED,NOT_USED,VALIDATION,TRAIN
2853,12989,2025-07-10T12:29:16.000000,DEVELOPMENT,TRAIN,TRAIN,TRAIN,TRAIN
2854,12991,2026-02-09T11:07:34.000000,DEVELOPMENT,NOT_USED,NOT_USED,VALIDATION,TRAIN
2855,12993,2026-05-17T07:09:13.000000,CALIBRATION,NOT_USED,NOT_USED,NOT_USED,NOT_USED
2856,12996,2025-08-26T14:59:32.000000,DEVELOPMENT,TRAIN,TRAIN,TRAIN,TRAIN
2857,12997,2025-05-10T10:31:25.000000,DEVELOPMENT,TRAIN,TRAIN,TRAIN,TRAIN
2858,12999,2025-09-08T19:06:15.000000,DEVELOPMENT,VALIDATION,TRAIN,TRAIN,TRAIN
2859,13004,2025-04-16T14:05:00.000000,DEVELOPMENT,TRAIN,TRAIN,TRAIN,TRAIN
2860,13007,2025-10-14T11:47:19.000000,DEVELOPMENT,VALIDATION,TRAIN,TRAIN,TRAIN
2861,13008,2025-09-22T08:29:00.000000,DEVELOPMENT,VALIDATION,TRAIN,TRAIN,TRAIN
2862,13009,2026-06-30T09:50:00.000000,PROCEDURAL_HOLDOUT,NOT_USED,NOT_USED,NOT_USED,NOT_USED
2863,13012,2025-06-11T13:32:42.000000,DEVELOPMENT,TRAIN,TRAIN,TRAIN,TRAIN
2864,13019,2025-05-07T09:02:38.000000,DEVELOPMENT,TRAIN,TRAIN,TRAIN,TRAIN
2865,13026,2025-08-26T17:50:00.000000,DEVELOPMENT,TRAIN,TRAIN,TRAIN,TRAIN
2866,13028,2026-03-04T17:10:46.000000,DEVELOPMENT,NOT_USED,NOT_USED,NOT_USED,VALIDATION
2867,13034,2026-03-05T16:37:47.000000,DEVELOPMENT,NOT_USED,NOT_USED,NOT_USED,VALIDATION
2868,13035,2025-08-15T08:20:00.000000,DEVELOPMENT,TRAIN,TRAIN,TRAIN,TRAIN
2869,13039,2025-02-07T14:35:09.000000,DEVELOPMENT,TRAIN,TRAIN,TRAIN,TRAIN
2870,13042,2025-07-19T09:33:00.000000,DEVELOPMENT,TRAIN,TRAIN,TRAIN,TRAIN
2871,13047,2025-05-16T14:10:33.000000,DEVELOPMENT,TRAIN,TRAIN,TRAIN,TRAIN
2872,13054,2026-03-24T10:44:15.000000,DEVELOPMENT,NOT_USED,NOT_USED,NOT_USED,VALIDATION
2873,13057,2025-11-26T13:21:00.000000,DEVELOPMENT,NOT_USED,VALIDATION,TRAIN,TRAIN
2874,13062,2025-02-14T14:31:00.000000,DEVELOPMENT,TRAIN,TRAIN,TRAIN,TRAIN
2875,13067,2026-02-23T18:36:27.000000,DEVELOPMENT,NOT_USED,NOT_USED,VALIDATION,TRAIN
2876,13075,2025-07-29T18:20:04.000000,DEVELOPMENT,TRAIN,TRAIN,TRAIN,TRAIN
2877,13078,2026-01-16T15:36:52.000000,DEVELOPMENT,NOT_USED,NOT_USED,VALIDATION,TRAIN
2878,13080,2026-01-15T12:17:09.000000,DEVELOPMENT,NOT_USED,NOT_USED,VALIDATION,TRAIN
2879,13086,2026-02-24T09:25:39.000000,DEVELOPMENT,NOT_USED,NOT_USED,VALIDATION,TRAIN
2880,13091,2026-06-22T16:29:50.000000,PROCEDURAL_HOLDOUT,NOT_USED,NOT_USED,NOT_USED,NOT_USED
2881,13092,2026-03-02T10:12:41.000000,DEVELOPMENT,NOT_USED,NOT_USED,NOT_USED,VALIDATION
2882,13100,2025-08-13T09:16:56.000000,DEVELOPMENT,TRAIN,TRAIN,TRAIN,TRAIN
2883,13102,2025-04-04T08:04:14.000000,DEVELOPMENT,TRAIN,TRAIN,TRAIN,TRAIN
2884,13107,2026-02-02T12:14:00.000000,DEVELOPMENT,NOT_USED,NOT_USED,VALIDATION,TRAIN
2885,13108,2025-06-10T12:26:34.000000,DEVELOPMENT,TRAIN,TRAIN,TRAIN,TRAIN
2886,13119,2025-02-03T08:07:59.000000,DEVELOPMENT,TRAIN,TRAIN,TRAIN,TRAIN
2887,13122,2026-05-10T13:15:41.000000,CALIBRATION,NOT_USED,NOT_USED,NOT_USED,NOT_USED
2888,13127,2025-10-01T09:32:06.000000,DEVELOPMENT,VALIDATION,TRAIN,TRAIN,TRAIN
2889,13135,2026-02-08T19:49:18.000000,DEVELOPMENT,NOT_USED,NOT_USED,VALIDATION,TRAIN
2890,13137,2025-09-01T15:46:00.000000,DEVELOPMENT,VALIDATION,TRAIN,TRAIN,TRAIN
2891,13139,2026-06-18T13:06:33.000000,PROCEDURAL_HOLDOUT,NOT_USED,NOT_USED,NOT_USED,NOT_USED
2892,13141,2026-01-26T15:32:42.000000,DEVELOPMENT,NOT_USED,NOT_USED,VALIDATION,TRAIN
2893,13147,2026-06-13T09:57:25.000000,PROCEDURAL_HOLDOUT,NOT_USED,NOT_USED,NOT_USED,NOT_USED
2894,13152,2025-11-14T20:31:55.000000,DEVELOPMENT,NOT_USED,VALIDATION,TRAIN,TRAIN
2895,13153,2025-01-02T15:02:11.000000,DEVELOPMENT,TRAIN,TRAIN,TRAIN,TRAIN
2896,13157,2025-07-25T19:35:22.000000,DEVELOPMENT,TRAIN,TRAIN,TRAIN,TRAIN
2897,13168,2025-11-21T07:50:19.000000,DEVELOPMENT,NOT_USED,VALIDATION,TRAIN,TRAIN
2898,13171,2026-02-26T09:01:01.000000,DEVELOPMENT,NOT_USED,NOT_USED,VALIDATION,TRAIN
2899,13172,2026-04-15T08:13:00.000000,DEVELOPMENT,NOT_USED,NOT_USED,NOT_USED,VALIDATION
2900,13175,2025-05-03T14:04:26.000000,DEVELOPMENT,TRAIN,TRAIN,TRAIN,TRAIN
2901,13176,2025-12-29T15:40:25.000000,DEVELOPMENT,NOT_USED,VALIDATION,TRAIN,TRAIN
2902,13180,2026-05-13T13:20:08.000000,CALIBRATION,NOT_USED,NOT_USED,NOT_USED,NOT_USED
2903,13186,2025-02-11T17:20:29.000000,DEVELOPMENT,TRAIN,TRAIN,TRAIN,TRAIN
2904,13190,2025-05-26T13:03:25.000000,DEVELOPMENT,TRAIN,TRAIN,TRAIN,TRAIN
2905,13194,2026-01-08T13:31:22.000000,DEVELOPMENT,NOT_USED,NOT_USED,VALIDATION,TRAIN
2906,13199,2025-11-30T14:40:13.000000,DEVELOPMENT,NOT_USED,VALIDATION,TRAIN,TRAIN
2907,13204,2025-09-18T10:06:50.000000,DEVELOPMENT,VALIDATION,TRAIN,TRAIN,TRAIN
2908,13212,2026-02-19T17:00:33.000000,DEVELOPMENT,NOT_USED,NOT_USED,VALIDATION,TRAIN
2909,13220,2025-11-11T15:08:38.000000,DEVELOPMENT,NOT_USED,VALIDATION,TRAIN,TRAIN
2910,13227,2025-02-01T14:47:31.000000,DEVELOPMENT,TRAIN,TRAIN,TRAIN,TRAIN
2911,13229,2026-03-10T17:21:57.000000,DEVELOPMENT,NOT_USED,NOT_USED,NOT_USED,VALIDATION
2912,13237,2025-08-24T10:34:56.000000,DEVELOPMENT,TRAIN,TRAIN,TRAIN,TRAIN
2913,13239,2025-04-04T14:24:49.000000,DEVELOPMENT,TRAIN,TRAIN,TRAIN,TRAIN
2914,13247,2025-08-24T09:16:21.000000,DEVELOPMENT,TRAIN,TRAIN,TRAIN,TRAIN
2915,13256,2025-07-20T11:14:01.000000,DEVELOPMENT,TRAIN,TRAIN,TRAIN,TRAIN
2916,13259,2025-09-25T18:13:03.000000,DEVELOPMENT,VALIDATION,TRAIN,TRAIN,TRAIN
2917,13265,2025-02-03T13:14:40.000000,DEVELOPMENT,TRAIN,TRAIN,TRAIN,TRAIN
2918,13276,2025-05-03T10:05:00.000000,DEVELOPMENT,TRAIN,TRAIN,TRAIN,TRAIN
2919,13279,2025-11-17T12:11:55.000000,DEVELOPMENT,NOT_USED,VALIDATION,TRAIN,TRAIN
2920,13283,2025-07-05T14:45:27.000000,DEVELOPMENT,TRAIN,TRAIN,TRAIN,TRAIN
2921,13288,2025-02-21T13:42:38.000000,DEVELOPMENT,TRAIN,TRAIN,TRAIN,TRAIN
2922,13293,2025-09-14T15:14:00.000000,DEVELOPMENT,VALIDATION,TRAIN,TRAIN,TRAIN
2923,13296,2025-05-21T11:59:12.000000,DEVELOPMENT,TRAIN,TRAIN,TRAIN,TRAIN
2924,13301,2026-04-15T11:50:42.000000,DEVELOPMENT,NOT_USED,NOT_USED,NOT_USED,VALIDATION
2925,13307,2026-02-18T09:15:45.000000,DEVELOPMENT,NOT_USED,NOT_USED,VALIDATION,TRAIN
2926,13308,2026-01-19T16:19:39.000000,DEVELOPMENT,NOT_USED,NOT_USED,VALIDATION,TRAIN
2927,13314,2025-04-22T07:40:00.000000,DEVELOPMENT,TRAIN,TRAIN,TRAIN,TRAIN
2928,13320,2025-05-22T10:00:04.000000,DEVELOPMENT,TRAIN,TRAIN,TRAIN,TRAIN
2929,13323,2025-07-11T16:49:59.000000,DEVELOPMENT,TRAIN,TRAIN,TRAIN,TRAIN
2930,13329,2025-10-11T19:54:34.000000,DEVELOPMENT,VALIDATION,TRAIN,TRAIN,TRAIN
2931,13334,2026-02-17T20:01:49.000000,DEVELOPMENT,NOT_USED,NOT_USED,VALIDATION,TRAIN
2932,13339,2025-12-09T07:28:20.000000,DEVELOPMENT,NOT_USED,VALIDATION,TRAIN,TRAIN
2933,13344,2026-02-28T13:24:43.000000,DEVELOPMENT,NOT_USED,NOT_USED,VALIDATION,TRAIN
2934,13349,2026-05-05T09:38:38.000000,CALIBRATION,NOT_USED,NOT_USED,NOT_USED,NOT_USED
2935,13353,2026-02-19T15:36:00.000000,DEVELOPMENT,NOT_USED,NOT_USED,VALIDATION,TRAIN
2936,13358,2025-06-16T20:05:34.000000,DEVELOPMENT,TRAIN,TRAIN,TRAIN,TRAIN
2937,13363,2025-11-25T08:05:29.000000,DEVELOPMENT,NOT_USED,VALIDATION,TRAIN,TRAIN
2938,13364,2025-09-07T17:55:43.000000,DEVELOPMENT,VALIDATION,TRAIN,TRAIN,TRAIN
2939,13372,2026-01-21T17:49:33.000000,DEVELOPMENT,NOT_USED,NOT_USED,VALIDATION,TRAIN
2940,13375,2025-12-20T09:07:37.000000,DEVELOPMENT,NOT_USED,VALIDATION,TRAIN,TRAIN
2941,13379,2026-01-06T10:24:25.000000,DEVELOPMENT,NOT_USED,NOT_USED,VALIDATION,TRAIN
2942,13382,2025-06-27T17:00:45.000000,DEVELOPMENT,TRAIN,TRAIN,TRAIN,TRAIN
2943,13387,2025-10-26T20:39:19.000000,DEVELOPMENT,VALIDATION,TRAIN,TRAIN,TRAIN
2944,13390,2025-04-23T17:03:39.000000,DEVELOPMENT,TRAIN,TRAIN,TRAIN,TRAIN
2945,13393,2025-08-08T14:01:31.000000,DEVELOPMENT,TRAIN,TRAIN,TRAIN,TRAIN
2946,13397,2026-06-20T07:56:33.000000,PROCEDURAL_HOLDOUT,NOT_USED,NOT_USED,NOT_USED,NOT_USED
2947,13399,2025-03-12T16:32:00.000000,DEVELOPMENT,TRAIN,TRAIN,TRAIN,TRAIN
2948,13402,2026-02-19T15:54:40.000000,DEVELOPMENT,NOT_USED,NOT_USED,VALIDATION,TRAIN
2949,13405,2026-04-02T09:33:34.000000,DEVELOPMENT,NOT_USED,NOT_USED,NOT_USED,VALIDATION
2950,13413,2025-11-14T07:42:01.000000,DEVELOPMENT,NOT_USED,VALIDATION,TRAIN,TRAIN
2951,13419,2025-10-13T11:49:08.000000,DEVELOPMENT,VALIDATION,TRAIN,TRAIN,TRAIN
2952,13424,2026-05-09T10:13:15.000000,CALIBRATION,NOT_USED,NOT_USED,NOT_USED,NOT_USED
2953,13429,2026-03-08T13:09:04.000000,DEVELOPMENT,NOT_USED,NOT_USED,NOT_USED,VALIDATION
2954,13434,2026-05-24T20:51:03.000000,CALIBRATION,NOT_USED,NOT_USED,NOT_USED,NOT_USED
2955,13444,2025-09-16T20:46:00.000000,DEVELOPMENT,VALIDATION,TRAIN,TRAIN,TRAIN
2956,13447,2026-01-27T19:13:28.000000,DEVELOPMENT,NOT_USED,NOT_USED,VALIDATION,TRAIN
2957,13451,2025-12-16T17:55:48.000000,DEVELOPMENT,NOT_USED,VALIDATION,TRAIN,TRAIN
2958,13463,2026-02-20T15:15:26.000000,DEVELOPMENT,NOT_USED,NOT_USED,VALIDATION,TRAIN
2959,13468,2026-06-21T09:44:41.000000,PROCEDURAL_HOLDOUT,NOT_USED,NOT_USED,NOT_USED,NOT_USED
2960,13472,2025-10-16T12:44:02.000000,DEVELOPMENT,VALIDATION,TRAIN,TRAIN,TRAIN
2961,13474,2025-02-24T08:46:26.000000,DEVELOPMENT,TRAIN,TRAIN,TRAIN,TRAIN
2962,13478,2025-10-22T12:35:01.000000,DEVELOPMENT,VALIDATION,TRAIN,TRAIN,TRAIN
2963,13480,2025-06-21T13:08:39.000000,DEVELOPMENT,TRAIN,TRAIN,TRAIN,TRAIN
2964,13484,2025-04-25T18:59:52.000000,DEVELOPMENT,TRAIN,TRAIN,TRAIN,TRAIN
2965,13491,2025-05-22T10:17:15.000000,DEVELOPMENT,TRAIN,TRAIN,TRAIN,TRAIN
2966,13495,2026-03-21T08:27:19.000000,DEVELOPMENT,NOT_USED,NOT_USED,NOT_USED,VALIDATION
2967,13501,2026-05-06T17:00:07.000000,CALIBRATION,NOT_USED,NOT_USED,NOT_USED,NOT_USED
2968,13504,2025-06-20T13:17:07.000000,DEVELOPMENT,TRAIN,TRAIN,TRAIN,TRAIN
2969,13508,2025-04-26T19:37:00.000000,DEVELOPMENT,TRAIN,TRAIN,TRAIN,TRAIN
2970,13514,2026-01-15T11:23:28.000000,DEVELOPMENT,NOT_USED,NOT_USED,VALIDATION,TRAIN
2971,13516,2026-04-10T11:06:02.000000,DEVELOPMENT,NOT_USED,NOT_USED,NOT_USED,VALIDATION
2972,13522,2026-06-18T16:25:51.000000,PROCEDURAL_HOLDOUT,NOT_USED,NOT_USED,NOT_USED,NOT_USED
2973,13524,2026-05-29T09:24:00.000000,CALIBRATION,NOT_USED,NOT_USED,NOT_USED,NOT_USED
2974,13529,2026-01-12T09:54:55.000000,DEVELOPMENT,NOT_USED,NOT_USED,VALIDATION,TRAIN
2975,13536,2026-06-25T09:36:32.000000,PROCEDURAL_HOLDOUT,NOT_USED,NOT_USED,NOT_USED,NOT_USED
2976,13543,2026-03-18T19:55:02.000000,DEVELOPMENT,NOT_USED,NOT_USED,NOT_USED,VALIDATION
2977,13546,2025-03-23T08:28:13.000000,DEVELOPMENT,TRAIN,TRAIN,TRAIN,TRAIN
2978,13555,2025-02-08T15:28:10.000000,DEVELOPMENT,TRAIN,TRAIN,TRAIN,TRAIN
2979,13558,2025-01-26T14:10:35.000000,DEVELOPMENT,TRAIN,TRAIN,TRAIN,TRAIN
2980,13565,2025-12-31T12:04:05.000000,DEVELOPMENT,NOT_USED,VALIDATION,TRAIN,TRAIN
2981,13566,2026-05-18T07:10:23.000000,CALIBRATION,NOT_USED,NOT_USED,NOT_USED,NOT_USED
2982,13570,2026-01-01T18:12:23.000000,DEVELOPMENT,NOT_USED,NOT_USED,VALIDATION,TRAIN
2983,13571,2026-05-22T12:13:40.000000,CALIBRATION,NOT_USED,NOT_USED,NOT_USED,NOT_USED
2984,13577,2025-04-21T14:06:09.000000,DEVELOPMENT,TRAIN,TRAIN,TRAIN,TRAIN
2985,13583,2025-09-19T20:04:40.000000,DEVELOPMENT,VALIDATION,TRAIN,TRAIN,TRAIN
2986,13587,2025-03-13T17:18:00.000000,DEVELOPMENT,TRAIN,TRAIN,TRAIN,TRAIN
2987,13591,2025-12-04T15:57:10.000000,DEVELOPMENT,NOT_USED,VALIDATION,TRAIN,TRAIN
2988,13592,2026-05-24T16:11:02.000000,CALIBRATION,NOT_USED,NOT_USED,NOT_USED,NOT_USED
2989,13597,2025-04-27T09:43:19.000000,DEVELOPMENT,TRAIN,TRAIN,TRAIN,TRAIN
2990,13599,2026-06-16T09:50:13.000000,PROCEDURAL_HOLDOUT,NOT_USED,NOT_USED,NOT_USED,NOT_USED
2991,13603,2026-06-10T08:11:47.000000,PROCEDURAL_HOLDOUT,NOT_USED,NOT_USED,NOT_USED,NOT_USED
2992,13606,2026-02-21T10:18:15.000000,DEVELOPMENT,NOT_USED,NOT_USED,VALIDATION,TRAIN
2993,13610,2026-04-05T18:10:20.000000,DEVELOPMENT,NOT_USED,NOT_USED,NOT_USED,VALIDATION
2994,13613,2025-03-02T17:38:29.000000,DEVELOPMENT,TRAIN,TRAIN,TRAIN,TRAIN
2995,13620,2026-04-30T14:58:01.000000,DEVELOPMENT,NOT_USED,NOT_USED,NOT_USED,VALIDATION
2996,13622,2025-06-29T09:09:17.000000,DEVELOPMENT,TRAIN,TRAIN,TRAIN,TRAIN
2997,13631,2026-04-15T08:48:12.000000,DEVELOPMENT,NOT_USED,NOT_USED,NOT_USED,VALIDATION
2998,13633,2026-01-31T17:06:07.000000,DEVELOPMENT,NOT_USED,NOT_USED,VALIDATION,TRAIN
2999,13637,2025-10-30T13:47:01.000000,DEVELOPMENT,VALIDATION,TRAIN,TRAIN,TRAIN
3000,13642,2026-05-07T14:53:31.000000,CALIBRATION,NOT_USED,NOT_USED,NOT_USED,NOT_USED
3001,13648,2025-07-10T09:25:25.000000,DEVELOPMENT,TRAIN,TRAIN,TRAIN,TRAIN
3002,13650,2025-03-19T14:40:53.000000,DEVELOPMENT,TRAIN,TRAIN,TRAIN,TRAIN
3003,13660,2026-07-01T11:20:17.000000,POST_HOLDOUT_AUDIT,NOT_USED,NOT_USED,NOT_USED,NOT_USED
3004,13666,2026-05-25T15:53:30.000000,CALIBRATION,NOT_USED,NOT_USED,NOT_USED,NOT_USED
3005,13672,2025-08-07T15:27:02.000000,DEVELOPMENT,TRAIN,TRAIN,TRAIN,TRAIN
3006,13676,2026-03-05T11:46:00.000000,DEVELOPMENT,NOT_USED,NOT_USED,NOT_USED,VALIDATION
3007,13682,2026-06-15T13:10:36.000000,PROCEDURAL_HOLDOUT,NOT_USED,NOT_USED,NOT_USED,NOT_USED
3008,13692,2025-05-09T15:48:05.000000,DEVELOPMENT,TRAIN,TRAIN,TRAIN,TRAIN
3009,13693,2025-07-26T08:47:00.000000,DEVELOPMENT,TRAIN,TRAIN,TRAIN,TRAIN
3010,13700,2026-04-15T08:36:59.000000,DEVELOPMENT,NOT_USED,NOT_USED,NOT_USED,VALIDATION
3011,13710,2025-11-26T17:21:36.000000,DEVELOPMENT,NOT_USED,VALIDATION,TRAIN,TRAIN
3012,13712,2025-01-21T07:30:38.000000,DEVELOPMENT,TRAIN,TRAIN,TRAIN,TRAIN
3013,13715,2025-10-28T07:21:10.000000,DEVELOPMENT,VALIDATION,TRAIN,TRAIN,TRAIN
3014,13721,2025-03-15T12:44:19.000000,DEVELOPMENT,TRAIN,TRAIN,TRAIN,TRAIN
3015,13728,2025-09-13T07:13:00.000000,DEVELOPMENT,VALIDATION,TRAIN,TRAIN,TRAIN
3016,13731,2026-06-29T08:40:01.000000,PROCEDURAL_HOLDOUT,NOT_USED,NOT_USED,NOT_USED,NOT_USED
3017,13732,2025-06-21T12:46:00.000000,DEVELOPMENT,TRAIN,TRAIN,TRAIN,TRAIN
3018,13733,2025-06-25T19:19:57.000000,DEVELOPMENT,TRAIN,TRAIN,TRAIN,TRAIN
3019,13743,2026-03-07T08:22:22.000000,DEVELOPMENT,NOT_USED,NOT_USED,NOT_USED,VALIDATION
3020,13746,2025-09-24T10:18:58.000000,DEVELOPMENT,VALIDATION,TRAIN,TRAIN,TRAIN
3021,13753,2025-07-01T07:15:14.000000,DEVELOPMENT,TRAIN,TRAIN,TRAIN,TRAIN
3022,13759,2026-05-15T12:06:06.000000,CALIBRATION,NOT_USED,NOT_USED,NOT_USED,NOT_USED
3023,13762,2026-01-01T16:40:19.000000,DEVELOPMENT,NOT_USED,NOT_USED,VALIDATION,TRAIN
3024,13763,2025-09-01T17:14:38.000000,DEVELOPMENT,VALIDATION,TRAIN,TRAIN,TRAIN
3025,13770,2025-10-15T12:44:12.000000,DEVELOPMENT,VALIDATION,TRAIN,TRAIN,TRAIN
3026,13775,2025-02-05T11:11:17.000000,DEVELOPMENT,TRAIN,TRAIN,TRAIN,TRAIN
3027,13777,2025-04-14T11:42:17.000000,DEVELOPMENT,TRAIN,TRAIN,TRAIN,TRAIN
3028,13780,2026-06-01T08:06:36.000000,PROCEDURAL_HOLDOUT,NOT_USED,NOT_USED,NOT_USED,NOT_USED
3029,13787,2025-06-03T08:10:55.000000,DEVELOPMENT,TRAIN,TRAIN,TRAIN,TRAIN
3030,13791,2026-03-17T20:56:29.000000,DEVELOPMENT,NOT_USED,NOT_USED,NOT_USED,VALIDATION
3031,13792,2025-06-25T09:35:34.000000,DEVELOPMENT,TRAIN,TRAIN,TRAIN,TRAIN
3032,13794,2025-07-15T10:25:11.000000,DEVELOPMENT,TRAIN,TRAIN,TRAIN,TRAIN
3033,13798,2025-06-07T19:26:22.000000,DEVELOPMENT,TRAIN,TRAIN,TRAIN,TRAIN
3034,13802,2025-02-28T12:29:27.000000,DEVELOPMENT,TRAIN,TRAIN,TRAIN,TRAIN
3035,13805,2025-03-08T10:02:57.000000,DEVELOPMENT,TRAIN,TRAIN,TRAIN,TRAIN
3036,13808,2025-01-23T14:24:13.000000,DEVELOPMENT,TRAIN,TRAIN,TRAIN,TRAIN
3037,13814,2025-04-08T15:46:00.000000,DEVELOPMENT,TRAIN,TRAIN,TRAIN,TRAIN
3038,13818,2026-03-04T12:44:51.000000,DEVELOPMENT,NOT_USED,NOT_USED,NOT_USED,VALIDATION
3039,13824,2026-03-18T19:55:40.000000,DEVELOPMENT,NOT_USED,NOT_USED,NOT_USED,VALIDATION
3040,13832,2025-06-28T11:50:51.000000,DEVELOPMENT,TRAIN,TRAIN,TRAIN,TRAIN
3041,13837,2025-05-26T14:17:23.000000,DEVELOPMENT,TRAIN,TRAIN,TRAIN,TRAIN
3042,13846,2025-07-19T17:23:42.000000,DEVELOPMENT,TRAIN,TRAIN,TRAIN,TRAIN
3043,13851,2026-05-08T17:09:12.000000,CALIBRATION,NOT_USED,NOT_USED,NOT_USED,NOT_USED
3044,13855,2026-02-20T13:22:46.000000,DEVELOPMENT,NOT_USED,NOT_USED,VALIDATION,TRAIN
3045,13858,2025-07-05T07:27:00.000000,DEVELOPMENT,TRAIN,TRAIN,TRAIN,TRAIN
3046,13865,2026-03-09T08:16:04.000000,DEVELOPMENT,NOT_USED,NOT_USED,NOT_USED,VALIDATION
3047,13869,2026-03-12T07:19:57.000000,DEVELOPMENT,NOT_USED,NOT_USED,NOT_USED,VALIDATION
3048,13873,2025-08-30T07:43:46.000000,DEVELOPMENT,TRAIN,TRAIN,TRAIN,TRAIN
3049,13877,2025-06-14T07:23:16.000000,DEVELOPMENT,TRAIN,TRAIN,TRAIN,TRAIN
3050,13883,2026-02-08T17:17:09.000000,DEVELOPMENT,NOT_USED,NOT_USED,VALIDATION,TRAIN
3051,13886,2026-01-07T12:09:56.000000,DEVELOPMENT,NOT_USED,NOT_USED,VALIDATION,TRAIN
3052,13887,2025-11-27T12:50:27.000000,DEVELOPMENT,NOT_USED,VALIDATION,TRAIN,TRAIN
3053,13890,2026-01-14T16:45:07.000000,DEVELOPMENT,NOT_USED,NOT_USED,VALIDATION,TRAIN
3054,13900,2025-02-22T14:18:57.000000,DEVELOPMENT,TRAIN,TRAIN,TRAIN,TRAIN
3055,13909,2025-05-08T10:45:04.000000,DEVELOPMENT,TRAIN,TRAIN,TRAIN,TRAIN
3056,13910,2026-01-31T11:11:10.000000,DEVELOPMENT,NOT_USED,NOT_USED,VALIDATION,TRAIN
3057,13916,2025-04-23T09:57:45.000000,DEVELOPMENT,TRAIN,TRAIN,TRAIN,TRAIN
3058,13923,2025-02-02T12:13:58.000000,DEVELOPMENT,TRAIN,TRAIN,TRAIN,TRAIN
3059,13927,2026-04-12T15:50:45.000000,DEVELOPMENT,NOT_USED,NOT_USED,NOT_USED,VALIDATION
3060,13928,2026-02-08T12:13:25.000000,DEVELOPMENT,NOT_USED,NOT_USED,VALIDATION,TRAIN
3061,13931,2025-05-13T16:26:36.000000,DEVELOPMENT,TRAIN,TRAIN,TRAIN,TRAIN
3062,13934,2026-05-30T11:07:00.000000,CALIBRATION,NOT_USED,NOT_USED,NOT_USED,NOT_USED
3063,13936,2025-03-17T19:35:22.000000,DEVELOPMENT,TRAIN,TRAIN,TRAIN,TRAIN
3064,13937,2025-12-03T09:43:35.000000,DEVELOPMENT,NOT_USED,VALIDATION,TRAIN,TRAIN
3065,13946,2026-01-18T15:05:02.000000,DEVELOPMENT,NOT_USED,NOT_USED,VALIDATION,TRAIN
3066,13948,2025-08-23T10:34:30.000000,DEVELOPMENT,TRAIN,TRAIN,TRAIN,TRAIN
3067,13951,2025-04-29T08:11:57.000000,DEVELOPMENT,TRAIN,TRAIN,TRAIN,TRAIN
3068,13954,2025-10-20T15:57:00.000000,DEVELOPMENT,VALIDATION,TRAIN,TRAIN,TRAIN
3069,13959,2026-01-31T10:10:41.000000,DEVELOPMENT,NOT_USED,NOT_USED,VALIDATION,TRAIN
3070,13964,2026-04-18T17:18:46.000000,DEVELOPMENT,NOT_USED,NOT_USED,NOT_USED,VALIDATION
3071,13966,2025-09-17T13:11:11.000000,DEVELOPMENT,VALIDATION,TRAIN,TRAIN,TRAIN
3072,13968,2025-07-04T15:25:14.000000,DEVELOPMENT,TRAIN,TRAIN,TRAIN,TRAIN
3073,13973,2025-07-22T14:21:00.000000,DEVELOPMENT,TRAIN,TRAIN,TRAIN,TRAIN
3074,13978,2026-03-01T18:06:07.000000,DEVELOPMENT,NOT_USED,NOT_USED,NOT_USED,VALIDATION
3075,13979,2025-02-12T18:32:52.000000,DEVELOPMENT,TRAIN,TRAIN,TRAIN,TRAIN
3076,13987,2026-06-20T12:05:23.000000,PROCEDURAL_HOLDOUT,NOT_USED,NOT_USED,NOT_USED,NOT_USED
3077,13989,2026-03-12T11:41:00.000000,DEVELOPMENT,NOT_USED,NOT_USED,NOT_USED,VALIDATION
3078,13995,2026-06-22T16:49:51.000000,PROCEDURAL_HOLDOUT,NOT_USED,NOT_USED,NOT_USED,NOT_USED
3079,14001,2025-05-30T15:32:14.000000,DEVELOPMENT,TRAIN,TRAIN,TRAIN,TRAIN
3080,14004,2025-08-23T20:53:02.000000,DEVELOPMENT,TRAIN,TRAIN,TRAIN,TRAIN
3081,14007,2026-02-15T17:10:36.000000,DEVELOPMENT,NOT_USED,NOT_USED,VALIDATION,TRAIN
3082,14013,2025-05-12T19:49:40.000000,DEVELOPMENT,TRAIN,TRAIN,TRAIN,TRAIN
3083,14017,2025-10-10T11:01:33.000000,DEVELOPMENT,VALIDATION,TRAIN,TRAIN,TRAIN
3084,14022,2025-07-17T13:57:08.000000,DEVELOPMENT,TRAIN,TRAIN,TRAIN,TRAIN
3085,14026,2026-05-24T19:39:44.000000,CALIBRATION,NOT_USED,NOT_USED,NOT_USED,NOT_USED
3086,14028,2025-06-11T11:10:03.000000,DEVELOPMENT,TRAIN,TRAIN,TRAIN,TRAIN
3087,14032,2025-02-14T14:39:23.000000,DEVELOPMENT,TRAIN,TRAIN,TRAIN,TRAIN
3088,14036,2026-03-17T17:01:52.000000,DEVELOPMENT,NOT_USED,NOT_USED,NOT_USED,VALIDATION
3089,14041,2025-10-12T08:39:19.000000,DEVELOPMENT,VALIDATION,TRAIN,TRAIN,TRAIN
3090,14044,2025-04-12T09:46:12.000000,DEVELOPMENT,TRAIN,TRAIN,TRAIN,TRAIN
3091,14048,2025-05-24T08:56:14.000000,DEVELOPMENT,TRAIN,TRAIN,TRAIN,TRAIN
3092,14055,2025-03-24T16:48:21.000000,DEVELOPMENT,TRAIN,TRAIN,TRAIN,TRAIN
3093,14060,2025-09-11T12:38:29.000000,DEVELOPMENT,VALIDATION,TRAIN,TRAIN,TRAIN
3094,14062,2025-04-09T17:02:50.000000,DEVELOPMENT,TRAIN,TRAIN,TRAIN,TRAIN
3095,14066,2025-04-23T16:40:42.000000,DEVELOPMENT,TRAIN,TRAIN,TRAIN,TRAIN
3096,14067,2025-04-16T13:57:12.000000,DEVELOPMENT,TRAIN,TRAIN,TRAIN,TRAIN
3097,14073,2025-06-25T08:13:59.000000,DEVELOPMENT,TRAIN,TRAIN,TRAIN,TRAIN
3098,14078,2025-09-24T19:30:31.000000,DEVELOPMENT,VALIDATION,TRAIN,TRAIN,TRAIN
3099,14083,2026-01-08T11:28:18.000000,DEVELOPMENT,NOT_USED,NOT_USED,VALIDATION,TRAIN
3100,14088,2026-03-12T18:11:05.000000,DEVELOPMENT,NOT_USED,NOT_USED,NOT_USED,VALIDATION
3101,14093,2026-03-24T16:28:21.000000,DEVELOPMENT,NOT_USED,NOT_USED,NOT_USED,VALIDATION
3102,14100,2026-03-12T12:32:28.000000,DEVELOPMENT,NOT_USED,NOT_USED,NOT_USED,VALIDATION
3103,14103,2025-11-06T17:39:47.000000,DEVELOPMENT,NOT_USED,VALIDATION,TRAIN,TRAIN
3104,14112,2026-03-07T16:38:22.000000,DEVELOPMENT,NOT_USED,NOT_USED,NOT_USED,VALIDATION
3105,14119,2025-06-24T08:58:25.000000,DEVELOPMENT,TRAIN,TRAIN,TRAIN,TRAIN
3106,14123,2025-05-04T19:56:50.000000,DEVELOPMENT,TRAIN,TRAIN,TRAIN,TRAIN
3107,14132,2025-07-20T07:26:06.000000,DEVELOPMENT,TRAIN,TRAIN,TRAIN,TRAIN
3108,14136,2025-08-07T14:37:49.000000,DEVELOPMENT,TRAIN,TRAIN,TRAIN,TRAIN
3109,14142,2025-10-09T12:28:39.000000,DEVELOPMENT,VALIDATION,TRAIN,TRAIN,TRAIN
3110,14144,2026-05-21T07:00:57.000000,CALIBRATION,NOT_USED,NOT_USED,NOT_USED,NOT_USED
3111,14148,2025-11-02T20:46:45.000000,DEVELOPMENT,NOT_USED,VALIDATION,TRAIN,TRAIN
3112,14149,2026-05-04T16:03:27.000000,CALIBRATION,NOT_USED,NOT_USED,NOT_USED,NOT_USED
3113,14151,2026-03-26T10:42:06.000000,DEVELOPMENT,NOT_USED,NOT_USED,NOT_USED,VALIDATION
3114,14157,2025-06-15T19:43:00.000000,DEVELOPMENT,TRAIN,TRAIN,TRAIN,TRAIN
3115,14159,2026-06-08T08:28:23.000000,PROCEDURAL_HOLDOUT,NOT_USED,NOT_USED,NOT_USED,NOT_USED
3116,14162,2025-06-12T16:54:12.000000,DEVELOPMENT,TRAIN,TRAIN,TRAIN,TRAIN
3117,14165,2025-04-26T10:00:32.000000,DEVELOPMENT,TRAIN,TRAIN,TRAIN,TRAIN
3118,14168,2025-02-07T09:15:06.000000,DEVELOPMENT,TRAIN,TRAIN,TRAIN,TRAIN
3119,14173,2026-06-29T17:21:00.000000,PROCEDURAL_HOLDOUT,NOT_USED,NOT_USED,NOT_USED,NOT_USED
3120,14174,2025-04-22T15:39:55.000000,DEVELOPMENT,TRAIN,TRAIN,TRAIN,TRAIN
3121,14179,2025-11-14T11:36:53.000000,DEVELOPMENT,NOT_USED,VALIDATION,TRAIN,TRAIN
3122,14186,2025-06-19T17:28:48.000000,DEVELOPMENT,TRAIN,TRAIN,TRAIN,TRAIN
3123,14191,2025-07-20T18:52:11.000000,DEVELOPMENT,TRAIN,TRAIN,TRAIN,TRAIN
3124,14194,2025-11-07T07:14:04.000000,DEVELOPMENT,NOT_USED,VALIDATION,TRAIN,TRAIN
3125,14201,2025-04-17T20:52:38.000000,DEVELOPMENT,TRAIN,TRAIN,TRAIN,TRAIN
3126,14202,2025-08-21T09:59:51.000000,DEVELOPMENT,TRAIN,TRAIN,TRAIN,TRAIN
3127,14206,2025-12-24T08:37:59.000000,DEVELOPMENT,NOT_USED,VALIDATION,TRAIN,TRAIN
3128,14208,2025-10-11T09:10:12.000000,DEVELOPMENT,VALIDATION,TRAIN,TRAIN,TRAIN
3129,14210,2026-01-07T12:40:42.000000,DEVELOPMENT,NOT_USED,NOT_USED,VALIDATION,TRAIN
3130,14212,2026-06-19T19:10:19.000000,PROCEDURAL_HOLDOUT,NOT_USED,NOT_USED,NOT_USED,NOT_USED
3131,14213,2026-05-07T18:08:09.000000,CALIBRATION,NOT_USED,NOT_USED,NOT_USED,NOT_USED
3132,14214,2025-08-23T07:14:00.000000,DEVELOPMENT,TRAIN,TRAIN,TRAIN,TRAIN
3133,14218,2025-06-30T09:13:46.000000,DEVELOPMENT,TRAIN,TRAIN,TRAIN,TRAIN
3134,14224,2025-02-08T10:23:44.000000,DEVELOPMENT,TRAIN,TRAIN,TRAIN,TRAIN
3135,14231,2025-10-21T15:38:38.000000,DEVELOPMENT,VALIDATION,TRAIN,TRAIN,TRAIN
3136,14237,2025-12-08T19:19:29.000000,DEVELOPMENT,NOT_USED,VALIDATION,TRAIN,TRAIN
3137,14240,2025-12-21T13:00:18.000000,DEVELOPMENT,NOT_USED,VALIDATION,TRAIN,TRAIN
3138,14248,2025-02-08T11:56:44.000000,DEVELOPMENT,TRAIN,TRAIN,TRAIN,TRAIN
3139,14254,2026-03-01T20:45:05.000000,DEVELOPMENT,NOT_USED,NOT_USED,NOT_USED,VALIDATION
3140,14258,2025-06-30T16:33:00.000000,DEVELOPMENT,TRAIN,TRAIN,TRAIN,TRAIN
3141,14260,2026-04-11T13:49:21.000000,DEVELOPMENT,NOT_USED,NOT_USED,NOT_USED,VALIDATION
3142,14267,2025-06-10T16:51:59.000000,DEVELOPMENT,TRAIN,TRAIN,TRAIN,TRAIN
3143,14269,2026-02-10T08:53:55.000000,DEVELOPMENT,NOT_USED,NOT_USED,VALIDATION,TRAIN
3144,14270,2025-03-25T20:10:46.000000,DEVELOPMENT,TRAIN,TRAIN,TRAIN,TRAIN
3145,14279,2025-06-17T12:30:57.000000,DEVELOPMENT,TRAIN,TRAIN,TRAIN,TRAIN
3146,14281,2025-07-15T09:37:16.000000,DEVELOPMENT,TRAIN,TRAIN,TRAIN,TRAIN
3147,14284,2025-10-04T11:31:13.000000,DEVELOPMENT,VALIDATION,TRAIN,TRAIN,TRAIN
3148,14290,2025-10-18T15:56:13.000000,DEVELOPMENT,VALIDATION,TRAIN,TRAIN,TRAIN
3149,14293,2025-10-18T09:00:28.000000,DEVELOPMENT,VALIDATION,TRAIN,TRAIN,TRAIN
3150,14298,2026-01-27T08:29:49.000000,DEVELOPMENT,NOT_USED,NOT_USED,VALIDATION,TRAIN
3151,14299,2026-07-01T10:52:08.000000,POST_HOLDOUT_AUDIT,NOT_USED,NOT_USED,NOT_USED,NOT_USED
3152,14300,2025-01-16T12:19:55.000000,DEVELOPMENT,TRAIN,TRAIN,TRAIN,TRAIN
3153,14308,2025-10-24T10:24:06.000000,DEVELOPMENT,VALIDATION,TRAIN,TRAIN,TRAIN
3154,14311,2026-06-24T10:47:05.000000,PROCEDURAL_HOLDOUT,NOT_USED,NOT_USED,NOT_USED,NOT_USED
3155,14318,2025-01-26T17:38:05.000000,DEVELOPMENT,TRAIN,TRAIN,TRAIN,TRAIN
3156,14325,2026-03-31T12:12:13.000000,DEVELOPMENT,NOT_USED,NOT_USED,NOT_USED,VALIDATION
3157,14329,2026-02-13T17:31:19.000000,DEVELOPMENT,NOT_USED,NOT_USED,VALIDATION,TRAIN
3158,14334,2026-04-06T13:57:51.000000,DEVELOPMENT,NOT_USED,NOT_USED,NOT_USED,VALIDATION
3159,14337,2025-08-08T20:20:49.000000,DEVELOPMENT,TRAIN,TRAIN,TRAIN,TRAIN
3160,14340,2025-11-28T18:31:31.000000,DEVELOPMENT,NOT_USED,VALIDATION,TRAIN,TRAIN
3161,14351,2025-10-13T15:47:39.000000,DEVELOPMENT,VALIDATION,TRAIN,TRAIN,TRAIN
3162,14355,2025-08-12T14:51:08.000000,DEVELOPMENT,TRAIN,TRAIN,TRAIN,TRAIN
3163,14360,2026-02-10T12:15:34.000000,DEVELOPMENT,NOT_USED,NOT_USED,VALIDATION,TRAIN
3164,14364,2025-11-07T17:35:06.000000,DEVELOPMENT,NOT_USED,VALIDATION,TRAIN,TRAIN
3165,14372,2026-06-11T18:22:43.000000,PROCEDURAL_HOLDOUT,NOT_USED,NOT_USED,NOT_USED,NOT_USED
3166,14373,2026-03-26T18:39:50.000000,DEVELOPMENT,NOT_USED,NOT_USED,NOT_USED,VALIDATION
3167,14374,2026-03-17T15:50:40.000000,DEVELOPMENT,NOT_USED,NOT_USED,NOT_USED,VALIDATION
3168,14383,2025-11-24T18:28:35.000000,DEVELOPMENT,NOT_USED,VALIDATION,TRAIN,TRAIN
3169,14389,2025-05-20T09:17:31.000000,DEVELOPMENT,TRAIN,TRAIN,TRAIN,TRAIN
3170,14390,2025-12-17T15:45:46.000000,DEVELOPMENT,NOT_USED,VALIDATION,TRAIN,TRAIN
3171,14399,2025-06-20T09:50:00.000000,DEVELOPMENT,TRAIN,TRAIN,TRAIN,TRAIN
3172,14406,2025-04-14T18:28:41.000000,DEVELOPMENT,TRAIN,TRAIN,TRAIN,TRAIN
3173,14413,2026-06-20T08:21:35.000000,PROCEDURAL_HOLDOUT,NOT_USED,NOT_USED,NOT_USED,NOT_USED
3174,14415,2025-06-06T13:13:34.000000,DEVELOPMENT,TRAIN,TRAIN,TRAIN,TRAIN
3175,14423,2025-04-27T20:18:05.000000,DEVELOPMENT,TRAIN,TRAIN,TRAIN,TRAIN
3176,14427,2025-10-19T11:21:54.000000,DEVELOPMENT,VALIDATION,TRAIN,TRAIN,TRAIN
3177,14431,2025-09-14T12:57:00.000000,DEVELOPMENT,VALIDATION,TRAIN,TRAIN,TRAIN
3178,14440,2026-04-25T16:38:04.000000,DEVELOPMENT,NOT_USED,NOT_USED,NOT_USED,VALIDATION
3179,14445,2026-05-06T15:01:41.000000,CALIBRATION,NOT_USED,NOT_USED,NOT_USED,NOT_USED
3180,14448,2025-11-22T14:39:59.000000,DEVELOPMENT,NOT_USED,VALIDATION,TRAIN,TRAIN
3181,14456,2025-09-01T15:34:28.000000,DEVELOPMENT,VALIDATION,TRAIN,TRAIN,TRAIN
3182,14460,2025-09-11T13:23:55.000000,DEVELOPMENT,VALIDATION,TRAIN,TRAIN,TRAIN
3183,14461,2025-01-28T12:20:50.000000,DEVELOPMENT,TRAIN,TRAIN,TRAIN,TRAIN
3184,14467,2025-08-06T18:12:30.000000,DEVELOPMENT,TRAIN,TRAIN,TRAIN,TRAIN
3185,14470,2025-11-26T09:14:11.000000,DEVELOPMENT,NOT_USED,VALIDATION,TRAIN,TRAIN
3186,14476,2025-12-08T20:54:09.000000,DEVELOPMENT,NOT_USED,VALIDATION,TRAIN,TRAIN
3187,14482,2025-07-29T13:53:49.000000,DEVELOPMENT,TRAIN,TRAIN,TRAIN,TRAIN
3188,14489,2026-01-23T10:54:26.000000,DEVELOPMENT,NOT_USED,NOT_USED,VALIDATION,TRAIN
3189,14491,2025-09-04T08:06:24.000000,DEVELOPMENT,VALIDATION,TRAIN,TRAIN,TRAIN
3190,14495,2025-10-03T17:44:29.000000,DEVELOPMENT,VALIDATION,TRAIN,TRAIN,TRAIN
3191,14502,2025-11-24T10:23:15.000000,DEVELOPMENT,NOT_USED,VALIDATION,TRAIN,TRAIN
3192,14504,2026-06-05T19:00:03.000000,PROCEDURAL_HOLDOUT,NOT_USED,NOT_USED,NOT_USED,NOT_USED
3193,14506,2026-06-29T10:23:33.000000,PROCEDURAL_HOLDOUT,NOT_USED,NOT_USED,NOT_USED,NOT_USED
3194,14511,2025-11-21T13:56:51.000000,DEVELOPMENT,NOT_USED,VALIDATION,TRAIN,TRAIN
3195,14516,2025-03-03T18:43:57.000000,DEVELOPMENT,TRAIN,TRAIN,TRAIN,TRAIN
3196,14519,2025-10-03T19:34:00.000000,DEVELOPMENT,VALIDATION,TRAIN,TRAIN,TRAIN
3197,14524,2025-05-10T17:53:22.000000,DEVELOPMENT,TRAIN,TRAIN,TRAIN,TRAIN
3198,14527,2026-05-06T19:20:47.000000,CALIBRATION,NOT_USED,NOT_USED,NOT_USED,NOT_USED
3199,14531,2026-04-05T20:26:29.000000,DEVELOPMENT,NOT_USED,NOT_USED,NOT_USED,VALIDATION
3200,14539,2025-06-14T13:33:31.000000,DEVELOPMENT,TRAIN,TRAIN,TRAIN,TRAIN
3201,14541,2025-03-19T19:11:50.000000,DEVELOPMENT,TRAIN,TRAIN,TRAIN,TRAIN
3202,14549,2025-08-11T08:00:06.000000,DEVELOPMENT,TRAIN,TRAIN,TRAIN,TRAIN
3203,14554,2026-06-16T15:25:06.000000,PROCEDURAL_HOLDOUT,NOT_USED,NOT_USED,NOT_USED,NOT_USED
3204,14558,2026-05-01T11:31:00.000000,CALIBRATION,NOT_USED,NOT_USED,NOT_USED,NOT_USED
3205,14562,2025-07-02T18:03:23.000000,DEVELOPMENT,TRAIN,TRAIN,TRAIN,TRAIN
3206,14565,2025-03-26T18:40:48.000000,DEVELOPMENT,TRAIN,TRAIN,TRAIN,TRAIN
3207,14570,2025-12-19T13:31:42.000000,DEVELOPMENT,NOT_USED,VALIDATION,TRAIN,TRAIN
3208,14572,2026-04-19T13:37:49.000000,DEVELOPMENT,NOT_USED,NOT_USED,NOT_USED,VALIDATION
3209,14580,2025-04-28T11:10:53.000000,DEVELOPMENT,TRAIN,TRAIN,TRAIN,TRAIN
3210,14581,2025-07-30T19:40:45.000000,DEVELOPMENT,TRAIN,TRAIN,TRAIN,TRAIN
3211,14587,2025-06-30T19:56:14.000000,DEVELOPMENT,TRAIN,TRAIN,TRAIN,TRAIN
3212,14595,2025-03-25T16:55:15.000000,DEVELOPMENT,TRAIN,TRAIN,TRAIN,TRAIN
3213,14603,2025-11-04T16:16:20.000000,DEVELOPMENT,NOT_USED,VALIDATION,TRAIN,TRAIN
3214,14611,2025-04-01T18:24:51.000000,DEVELOPMENT,TRAIN,TRAIN,TRAIN,TRAIN
3215,14616,2026-06-12T15:19:03.000000,PROCEDURAL_HOLDOUT,NOT_USED,NOT_USED,NOT_USED,NOT_USED
3216,14622,2025-06-23T10:46:38.000000,DEVELOPMENT,TRAIN,TRAIN,TRAIN,TRAIN
3217,14624,2025-07-30T15:59:07.000000,DEVELOPMENT,TRAIN,TRAIN,TRAIN,TRAIN
3218,14632,2026-01-01T11:09:30.000000,DEVELOPMENT,NOT_USED,NOT_USED,VALIDATION,TRAIN
3219,14633,2026-05-18T09:28:10.000000,CALIBRATION,NOT_USED,NOT_USED,NOT_USED,NOT_USED
3220,14634,2025-03-01T07:21:42.000000,DEVELOPMENT,TRAIN,TRAIN,TRAIN,TRAIN
3221,14639,2025-07-25T09:11:00.000000,DEVELOPMENT,TRAIN,TRAIN,TRAIN,TRAIN
3222,14640,2026-07-01T15:55:01.000000,POST_HOLDOUT_AUDIT,NOT_USED,NOT_USED,NOT_USED,NOT_USED
3223,14644,2025-01-24T14:58:07.000000,DEVELOPMENT,TRAIN,TRAIN,TRAIN,TRAIN
3224,14651,2025-05-01T16:35:28.000000,DEVELOPMENT,TRAIN,TRAIN,TRAIN,TRAIN
3225,14658,2026-04-05T08:14:25.000000,DEVELOPMENT,NOT_USED,NOT_USED,NOT_USED,VALIDATION
3226,14660,2026-05-15T10:37:13.000000,CALIBRATION,NOT_USED,NOT_USED,NOT_USED,NOT_USED
3227,14662,2026-01-26T14:51:45.000000,DEVELOPMENT,NOT_USED,NOT_USED,VALIDATION,TRAIN
3228,14667,2025-11-23T18:40:52.000000,DEVELOPMENT,NOT_USED,VALIDATION,TRAIN,TRAIN
3229,14674,2025-03-06T12:28:11.000000,DEVELOPMENT,TRAIN,TRAIN,TRAIN,TRAIN
3230,14679,2025-03-19T12:41:29.000000,DEVELOPMENT,TRAIN,TRAIN,TRAIN,TRAIN
3231,14687,2025-01-12T17:57:08.000000,DEVELOPMENT,TRAIN,TRAIN,TRAIN,TRAIN
3232,14693,2025-05-17T13:05:31.000000,DEVELOPMENT,TRAIN,TRAIN,TRAIN,TRAIN
3233,14697,2026-03-30T18:12:40.000000,DEVELOPMENT,NOT_USED,NOT_USED,NOT_USED,VALIDATION
3234,14699,2025-07-16T11:39:54.000000,DEVELOPMENT,TRAIN,TRAIN,TRAIN,TRAIN
3235,14704,2025-04-13T07:08:59.000000,DEVELOPMENT,TRAIN,TRAIN,TRAIN,TRAIN
3236,14707,2025-07-10T13:43:00.000000,DEVELOPMENT,TRAIN,TRAIN,TRAIN,TRAIN
3237,14708,2025-10-01T08:21:51.000000,DEVELOPMENT,VALIDATION,TRAIN,TRAIN,TRAIN
3238,14711,2025-08-23T16:17:00.000000,DEVELOPMENT,TRAIN,TRAIN,TRAIN,TRAIN
3239,14716,2026-04-21T07:22:32.000000,DEVELOPMENT,NOT_USED,NOT_USED,NOT_USED,VALIDATION
3240,14717,2026-04-04T15:40:59.000000,DEVELOPMENT,NOT_USED,NOT_USED,NOT_USED,VALIDATION
3241,14728,2025-11-07T19:23:50.000000,DEVELOPMENT,NOT_USED,VALIDATION,TRAIN,TRAIN
3242,14733,2026-06-15T16:35:00.000000,PROCEDURAL_HOLDOUT,NOT_USED,NOT_USED,NOT_USED,NOT_USED
3243,14736,2026-05-07T19:29:48.000000,CALIBRATION,NOT_USED,NOT_USED,NOT_USED,NOT_USED
3244,14739,2025-02-28T13:42:02.000000,DEVELOPMENT,TRAIN,TRAIN,TRAIN,TRAIN
3245,14740,2025-01-31T09:37:02.000000,DEVELOPMENT,TRAIN,TRAIN,TRAIN,TRAIN
3246,14745,2025-03-29T12:26:13.000000,DEVELOPMENT,TRAIN,TRAIN,TRAIN,TRAIN
3247,14751,2025-08-20T12:47:38.000000,DEVELOPMENT,TRAIN,TRAIN,TRAIN,TRAIN
3248,14755,2025-09-10T09:38:50.000000,DEVELOPMENT,VALIDATION,TRAIN,TRAIN,TRAIN
3249,14758,2025-04-27T15:46:30.000000,DEVELOPMENT,TRAIN,TRAIN,TRAIN,TRAIN
3250,14763,2026-01-27T13:47:47.000000,DEVELOPMENT,NOT_USED,NOT_USED,VALIDATION,TRAIN
3251,14764,2025-08-14T20:40:41.000000,DEVELOPMENT,TRAIN,TRAIN,TRAIN,TRAIN
3252,14766,2025-12-17T16:27:00.000000,DEVELOPMENT,NOT_USED,VALIDATION,TRAIN,TRAIN
3253,14767,2026-02-21T09:31:18.000000,DEVELOPMENT,NOT_USED,NOT_USED,VALIDATION,TRAIN
3254,14775,2026-02-10T18:53:54.000000,DEVELOPMENT,NOT_USED,NOT_USED,VALIDATION,TRAIN
3255,14778,2026-05-04T10:17:57.000000,CALIBRATION,NOT_USED,NOT_USED,NOT_USED,NOT_USED
3256,14783,2026-06-30T16:26:53.000000,PROCEDURAL_HOLDOUT,NOT_USED,NOT_USED,NOT_USED,NOT_USED
3257,14786,2025-03-30T12:58:45.000000,DEVELOPMENT,TRAIN,TRAIN,TRAIN,TRAIN
3258,14789,2025-05-23T12:46:07.000000,DEVELOPMENT,TRAIN,TRAIN,TRAIN,TRAIN
3259,14793,2025-07-20T10:12:02.000000,DEVELOPMENT,TRAIN,TRAIN,TRAIN,TRAIN
3260,14798,2026-05-13T18:32:34.000000,CALIBRATION,NOT_USED,NOT_USED,NOT_USED,NOT_USED
3261,14805,2025-09-01T10:58:46.000000,DEVELOPMENT,VALIDATION,TRAIN,TRAIN,TRAIN
3262,14809,2026-05-07T08:09:53.000000,CALIBRATION,NOT_USED,NOT_USED,NOT_USED,NOT_USED
3263,14815,2025-05-23T15:57:00.000000,DEVELOPMENT,TRAIN,TRAIN,TRAIN,TRAIN
3264,14817,2025-08-09T09:35:00.000000,DEVELOPMENT,TRAIN,TRAIN,TRAIN,TRAIN
3265,14823,2025-04-22T11:31:27.000000,DEVELOPMENT,TRAIN,TRAIN,TRAIN,TRAIN
3266,14825,2025-07-27T16:28:39.000000,DEVELOPMENT,TRAIN,TRAIN,TRAIN,TRAIN
3267,14832,2026-03-26T17:32:42.000000,DEVELOPMENT,NOT_USED,NOT_USED,NOT_USED,VALIDATION
3268,14834,2025-07-03T07:27:50.000000,DEVELOPMENT,TRAIN,TRAIN,TRAIN,TRAIN
3269,14841,2026-04-20T12:10:30.000000,DEVELOPMENT,NOT_USED,NOT_USED,NOT_USED,VALIDATION
3270,14852,2025-05-09T09:58:05.000000,DEVELOPMENT,TRAIN,TRAIN,TRAIN,TRAIN
3271,14857,2025-01-20T09:23:24.000000,DEVELOPMENT,TRAIN,TRAIN,TRAIN,TRAIN
3272,14859,2025-11-04T20:05:03.000000,DEVELOPMENT,NOT_USED,VALIDATION,TRAIN,TRAIN
3273,14860,2026-05-20T07:15:58.000000,CALIBRATION,NOT_USED,NOT_USED,NOT_USED,NOT_USED
3274,14863,2025-05-29T18:55:29.000000,DEVELOPMENT,TRAIN,TRAIN,TRAIN,TRAIN
3275,14866,2026-03-10T13:31:38.000000,DEVELOPMENT,NOT_USED,NOT_USED,NOT_USED,VALIDATION
3276,14868,2026-06-03T10:58:00.000000,PROCEDURAL_HOLDOUT,NOT_USED,NOT_USED,NOT_USED,NOT_USED
3277,14870,2025-06-10T12:03:48.000000,DEVELOPMENT,TRAIN,TRAIN,TRAIN,TRAIN
3278,14874,2025-09-23T11:05:00.000000,DEVELOPMENT,VALIDATION,TRAIN,TRAIN,TRAIN
3279,14881,2025-12-17T10:58:27.000000,DEVELOPMENT,NOT_USED,VALIDATION,TRAIN,TRAIN
3280,14885,2026-02-01T12:15:20.000000,DEVELOPMENT,NOT_USED,NOT_USED,VALIDATION,TRAIN
3281,14889,2025-09-16T08:59:27.000000,DEVELOPMENT,VALIDATION,TRAIN,TRAIN,TRAIN
3282,14896,2025-12-19T14:08:07.000000,DEVELOPMENT,NOT_USED,VALIDATION,TRAIN,TRAIN
3283,14900,2025-04-23T13:23:00.000000,DEVELOPMENT,TRAIN,TRAIN,TRAIN,TRAIN
3284,14908,2025-06-14T17:43:56.000000,DEVELOPMENT,TRAIN,TRAIN,TRAIN,TRAIN
3285,14911,2025-03-10T19:43:25.000000,DEVELOPMENT,TRAIN,TRAIN,TRAIN,TRAIN
3286,14917,2025-10-11T08:41:26.000000,DEVELOPMENT,VALIDATION,TRAIN,TRAIN,TRAIN
3287,14918,2025-11-19T15:55:37.000000,DEVELOPMENT,NOT_USED,VALIDATION,TRAIN,TRAIN
3288,14928,2026-04-10T20:30:47.000000,DEVELOPMENT,NOT_USED,NOT_USED,NOT_USED,VALIDATION
3289,14931,2025-01-20T11:43:15.000000,DEVELOPMENT,TRAIN,TRAIN,TRAIN,TRAIN
3290,14943,2026-03-07T20:36:17.000000,DEVELOPMENT,NOT_USED,NOT_USED,NOT_USED,VALIDATION
3291,14948,2026-03-15T20:13:02.000000,DEVELOPMENT,NOT_USED,NOT_USED,NOT_USED,VALIDATION
3292,14954,2026-03-12T16:35:45.000000,DEVELOPMENT,NOT_USED,NOT_USED,NOT_USED,VALIDATION
3293,14957,2025-12-29T14:13:08.000000,DEVELOPMENT,NOT_USED,VALIDATION,TRAIN,TRAIN
3294,14964,2026-02-03T08:57:03.000000,DEVELOPMENT,NOT_USED,NOT_USED,VALIDATION,TRAIN
3295,14971,2025-12-21T11:32:05.000000,DEVELOPMENT,NOT_USED,VALIDATION,TRAIN,TRAIN
3296,14972,2025-04-26T18:56:56.000000,DEVELOPMENT,TRAIN,TRAIN,TRAIN,TRAIN
3297,14981,2025-10-24T07:51:01.000000,DEVELOPMENT,VALIDATION,TRAIN,TRAIN,TRAIN
3298,14990,2025-06-01T15:43:45.000000,DEVELOPMENT,TRAIN,TRAIN,TRAIN,TRAIN
3299,14995,2025-12-05T14:44:20.000000,DEVELOPMENT,NOT_USED,VALIDATION,TRAIN,TRAIN
3300,14998,2026-03-27T18:41:00.000000,DEVELOPMENT,NOT_USED,NOT_USED,NOT_USED,VALIDATION
3301,15000,2026-05-17T12:09:04.000000,CALIBRATION,NOT_USED,NOT_USED,NOT_USED,NOT_USED
3302,15007,2026-01-16T11:27:00.000000,DEVELOPMENT,NOT_USED,NOT_USED,VALIDATION,TRAIN
3303,15011,2025-11-04T15:34:17.000000,DEVELOPMENT,NOT_USED,VALIDATION,TRAIN,TRAIN
3304,15018,2025-08-11T09:15:00.000000,DEVELOPMENT,TRAIN,TRAIN,TRAIN,TRAIN
3305,15024,2025-06-07T20:05:06.000000,DEVELOPMENT,TRAIN,TRAIN,TRAIN,TRAIN
3306,15026,2025-04-09T13:31:13.000000,DEVELOPMENT,TRAIN,TRAIN,TRAIN,TRAIN
3307,15030,2026-02-01T10:12:37.000000,DEVELOPMENT,NOT_USED,NOT_USED,VALIDATION,TRAIN
3308,15038,2025-09-29T18:45:40.000000,DEVELOPMENT,VALIDATION,TRAIN,TRAIN,TRAIN
3309,15040,2025-07-11T11:34:17.000000,DEVELOPMENT,TRAIN,TRAIN,TRAIN,TRAIN
3310,15043,2025-11-03T08:23:54.000000,DEVELOPMENT,NOT_USED,VALIDATION,TRAIN,TRAIN
3311,15049,2026-04-21T13:08:29.000000,DEVELOPMENT,NOT_USED,NOT_USED,NOT_USED,VALIDATION
3312,15055,2025-07-31T20:18:00.000000,DEVELOPMENT,TRAIN,TRAIN,TRAIN,TRAIN
3313,15067,2025-08-30T12:19:58.000000,DEVELOPMENT,TRAIN,TRAIN,TRAIN,TRAIN
3314,15070,2025-07-21T15:04:10.000000,DEVELOPMENT,TRAIN,TRAIN,TRAIN,TRAIN
3315,15073,2025-05-26T17:31:15.000000,DEVELOPMENT,TRAIN,TRAIN,TRAIN,TRAIN
3316,15078,2025-09-22T14:13:28.000000,DEVELOPMENT,VALIDATION,TRAIN,TRAIN,TRAIN
3317,15086,2025-02-14T15:39:26.000000,DEVELOPMENT,TRAIN,TRAIN,TRAIN,TRAIN
3318,15088,2025-02-17T12:02:40.000000,DEVELOPMENT,TRAIN,TRAIN,TRAIN,TRAIN
3319,15093,2025-11-01T14:36:00.000000,DEVELOPMENT,NOT_USED,VALIDATION,TRAIN,TRAIN
3320,15095,2026-03-21T11:34:55.000000,DEVELOPMENT,NOT_USED,NOT_USED,NOT_USED,VALIDATION
3321,15100,2025-10-10T12:55:04.000000,DEVELOPMENT,VALIDATION,TRAIN,TRAIN,TRAIN
3322,15105,2025-09-11T15:23:29.000000,DEVELOPMENT,VALIDATION,TRAIN,TRAIN,TRAIN
3323,15110,2025-02-26T09:22:22.000000,DEVELOPMENT,TRAIN,TRAIN,TRAIN,TRAIN
3324,15115,2025-02-12T07:50:23.000000,DEVELOPMENT,TRAIN,TRAIN,TRAIN,TRAIN
3325,15122,2026-06-22T11:09:46.000000,PROCEDURAL_HOLDOUT,NOT_USED,NOT_USED,NOT_USED,NOT_USED
3326,15128,2025-10-09T10:19:18.000000,DEVELOPMENT,VALIDATION,TRAIN,TRAIN,TRAIN
3327,15132,2025-12-05T10:02:57.000000,DEVELOPMENT,NOT_USED,VALIDATION,TRAIN,TRAIN
3328,15135,2025-07-18T10:40:39.000000,DEVELOPMENT,TRAIN,TRAIN,TRAIN,TRAIN
3329,15136,2026-02-26T17:10:21.000000,DEVELOPMENT,NOT_USED,NOT_USED,VALIDATION,TRAIN
3330,15146,2026-03-11T19:23:58.000000,DEVELOPMENT,NOT_USED,NOT_USED,NOT_USED,VALIDATION
3331,15147,2025-02-21T10:45:46.000000,DEVELOPMENT,TRAIN,TRAIN,TRAIN,TRAIN
3332,15151,2025-10-17T13:32:57.000000,DEVELOPMENT,VALIDATION,TRAIN,TRAIN,TRAIN
3333,15157,2025-08-14T20:10:32.000000,DEVELOPMENT,TRAIN,TRAIN,TRAIN,TRAIN
3334,15160,2026-04-08T20:36:18.000000,DEVELOPMENT,NOT_USED,NOT_USED,NOT_USED,VALIDATION
3335,15163,2025-08-02T17:13:56.000000,DEVELOPMENT,TRAIN,TRAIN,TRAIN,TRAIN
3336,15167,2025-05-02T18:41:32.000000,DEVELOPMENT,TRAIN,TRAIN,TRAIN,TRAIN
3337,15170,2026-01-14T07:43:05.000000,DEVELOPMENT,NOT_USED,NOT_USED,VALIDATION,TRAIN
3338,15174,2025-06-18T19:45:41.000000,DEVELOPMENT,TRAIN,TRAIN,TRAIN,TRAIN
3339,15180,2025-09-16T13:27:05.000000,DEVELOPMENT,VALIDATION,TRAIN,TRAIN,TRAIN
3340,15189,2025-05-20T15:42:17.000000,DEVELOPMENT,TRAIN,TRAIN,TRAIN,TRAIN
3341,15191,2025-05-23T18:42:34.000000,DEVELOPMENT,TRAIN,TRAIN,TRAIN,TRAIN
3342,15197,2026-05-27T08:07:25.000000,CALIBRATION,NOT_USED,NOT_USED,NOT_USED,NOT_USED
3343,15201,2026-02-20T20:53:09.000000,DEVELOPMENT,NOT_USED,NOT_USED,VALIDATION,TRAIN
3344,15204,2025-06-19T10:10:17.000000,DEVELOPMENT,TRAIN,TRAIN,TRAIN,TRAIN
3345,15210,2026-01-21T18:00:52.000000,DEVELOPMENT,NOT_USED,NOT_USED,VALIDATION,TRAIN
3346,15215,2025-10-19T07:42:49.000000,DEVELOPMENT,VALIDATION,TRAIN,TRAIN,TRAIN
3347,15224,2025-08-21T08:58:47.000000,DEVELOPMENT,TRAIN,TRAIN,TRAIN,TRAIN
3348,15226,2025-04-04T20:18:44.000000,DEVELOPMENT,TRAIN,TRAIN,TRAIN,TRAIN
3349,15227,2026-04-24T10:01:06.000000,DEVELOPMENT,NOT_USED,NOT_USED,NOT_USED,VALIDATION
3350,15232,2025-05-10T18:29:00.000000,DEVELOPMENT,TRAIN,TRAIN,TRAIN,TRAIN
3351,15236,2025-03-19T17:03:30.000000,DEVELOPMENT,TRAIN,TRAIN,TRAIN,TRAIN
3352,15242,2025-09-19T08:06:32.000000,DEVELOPMENT,VALIDATION,TRAIN,TRAIN,TRAIN
3353,15245,2025-10-12T15:24:27.000000,DEVELOPMENT,VALIDATION,TRAIN,TRAIN,TRAIN
3354,15248,2025-11-22T15:21:47.000000,DEVELOPMENT,NOT_USED,VALIDATION,TRAIN,TRAIN
3355,15256,2026-04-10T13:38:40.000000,DEVELOPMENT,NOT_USED,NOT_USED,NOT_USED,VALIDATION
3356,15261,2026-06-29T11:04:38.000000,PROCEDURAL_HOLDOUT,NOT_USED,NOT_USED,NOT_USED,NOT_USED
3357,15263,2026-01-25T12:07:17.000000,DEVELOPMENT,NOT_USED,NOT_USED,VALIDATION,TRAIN
3358,15268,2026-06-15T17:43:50.000000,PROCEDURAL_HOLDOUT,NOT_USED,NOT_USED,NOT_USED,NOT_USED
3359,15271,2026-05-18T18:53:00.000000,CALIBRATION,NOT_USED,NOT_USED,NOT_USED,NOT_USED
3360,15274,2026-04-24T19:47:17.000000,DEVELOPMENT,NOT_USED,NOT_USED,NOT_USED,VALIDATION
3361,15279,2025-02-21T14:00:21.000000,DEVELOPMENT,TRAIN,TRAIN,TRAIN,TRAIN
3362,15284,2025-11-27T15:50:48.000000,DEVELOPMENT,NOT_USED,VALIDATION,TRAIN,TRAIN
3363,15285,2025-10-06T11:50:00.000000,DEVELOPMENT,VALIDATION,TRAIN,TRAIN,TRAIN
3364,15286,2026-03-10T09:47:32.000000,DEVELOPMENT,NOT_USED,NOT_USED,NOT_USED,VALIDATION
3365,15293,2026-01-02T16:09:05.000000,DEVELOPMENT,NOT_USED,NOT_USED,VALIDATION,TRAIN
3366,15305,2025-08-19T08:48:23.000000,DEVELOPMENT,TRAIN,TRAIN,TRAIN,TRAIN
3367,15307,2026-02-22T16:02:00.000000,DEVELOPMENT,NOT_USED,NOT_USED,VALIDATION,TRAIN
3368,15310,2026-06-24T12:23:15.000000,PROCEDURAL_HOLDOUT,NOT_USED,NOT_USED,NOT_USED,NOT_USED
3369,15318,2025-08-22T11:45:56.000000,DEVELOPMENT,TRAIN,TRAIN,TRAIN,TRAIN
3370,15320,2026-07-06T14:24:35.000000,POST_HOLDOUT_AUDIT,NOT_USED,NOT_USED,NOT_USED,NOT_USED
3371,15324,2025-08-03T12:24:23.000000,DEVELOPMENT,TRAIN,TRAIN,TRAIN,TRAIN
3372,15328,2026-05-27T14:58:48.000000,CALIBRATION,NOT_USED,NOT_USED,NOT_USED,NOT_USED
3373,15330,2025-04-11T12:29:05.000000,DEVELOPMENT,TRAIN,TRAIN,TRAIN,TRAIN
3374,15333,2025-03-11T10:18:00.000000,DEVELOPMENT,TRAIN,TRAIN,TRAIN,TRAIN
3375,15341,2025-11-06T16:37:08.000000,DEVELOPMENT,NOT_USED,VALIDATION,TRAIN,TRAIN
3376,15349,2026-05-24T07:00:19.000000,CALIBRATION,NOT_USED,NOT_USED,NOT_USED,NOT_USED
3377,15350,2025-07-28T16:04:33.000000,DEVELOPMENT,TRAIN,TRAIN,TRAIN,TRAIN
3378,15361,2025-07-31T07:54:56.000000,DEVELOPMENT,TRAIN,TRAIN,TRAIN,TRAIN
3379,15365,2025-02-14T07:19:02.000000,DEVELOPMENT,TRAIN,TRAIN,TRAIN,TRAIN
3380,15366,2026-04-07T10:20:00.000000,DEVELOPMENT,NOT_USED,NOT_USED,NOT_USED,VALIDATION
3381,15373,2026-05-25T11:21:47.000000,CALIBRATION,NOT_USED,NOT_USED,NOT_USED,NOT_USED
3382,15374,2025-07-02T15:58:20.000000,DEVELOPMENT,TRAIN,TRAIN,TRAIN,TRAIN
3383,15382,2025-10-01T09:16:32.000000,DEVELOPMENT,VALIDATION,TRAIN,TRAIN,TRAIN
3384,15386,2025-07-13T19:17:17.000000,DEVELOPMENT,TRAIN,TRAIN,TRAIN,TRAIN
3385,15390,2025-05-24T07:49:05.000000,DEVELOPMENT,TRAIN,TRAIN,TRAIN,TRAIN
3386,15396,2025-04-18T20:00:00.000000,DEVELOPMENT,TRAIN,TRAIN,TRAIN,TRAIN
3387,15403,2026-01-24T19:50:05.000000,DEVELOPMENT,NOT_USED,NOT_USED,VALIDATION,TRAIN
3388,15408,2025-10-24T10:20:54.000000,DEVELOPMENT,VALIDATION,TRAIN,TRAIN,TRAIN
3389,15417,2026-04-09T08:05:16.000000,DEVELOPMENT,NOT_USED,NOT_USED,NOT_USED,VALIDATION
3390,15419,2025-05-16T11:30:40.000000,DEVELOPMENT,TRAIN,TRAIN,TRAIN,TRAIN
3391,15432,2025-06-13T16:12:22.000000,DEVELOPMENT,TRAIN,TRAIN,TRAIN,TRAIN
3392,15436,2026-01-16T10:06:26.000000,DEVELOPMENT,NOT_USED,NOT_USED,VALIDATION,TRAIN
3393,15444,2026-05-25T16:26:15.000000,CALIBRATION,NOT_USED,NOT_USED,NOT_USED,NOT_USED
3394,15448,2026-05-25T16:45:00.000000,CALIBRATION,NOT_USED,NOT_USED,NOT_USED,NOT_USED
3395,15451,2025-11-22T14:27:54.000000,DEVELOPMENT,NOT_USED,VALIDATION,TRAIN,TRAIN
3396,15455,2025-03-02T17:53:55.000000,DEVELOPMENT,TRAIN,TRAIN,TRAIN,TRAIN
3397,15459,2025-05-29T20:01:10.000000,DEVELOPMENT,TRAIN,TRAIN,TRAIN,TRAIN
3398,15464,2025-03-21T10:59:00.000000,DEVELOPMENT,TRAIN,TRAIN,TRAIN,TRAIN
3399,15466,2026-01-27T17:07:46.000000,DEVELOPMENT,NOT_USED,NOT_USED,VALIDATION,TRAIN
3400,15471,2026-01-01T07:41:28.000000,DEVELOPMENT,NOT_USED,NOT_USED,VALIDATION,TRAIN
3401,15478,2025-12-05T15:11:44.000000,DEVELOPMENT,NOT_USED,VALIDATION,TRAIN,TRAIN
3402,15483,2026-05-28T14:01:46.000000,CALIBRATION,NOT_USED,NOT_USED,NOT_USED,NOT_USED
3403,15485,2026-05-22T11:41:16.000000,CALIBRATION,NOT_USED,NOT_USED,NOT_USED,NOT_USED
3404,15486,2025-10-21T09:06:09.000000,DEVELOPMENT,VALIDATION,TRAIN,TRAIN,TRAIN
3405,15491,2026-05-06T20:40:37.000000,CALIBRATION,NOT_USED,NOT_USED,NOT_USED,NOT_USED
3406,15495,2025-02-07T17:51:27.000000,DEVELOPMENT,TRAIN,TRAIN,TRAIN,TRAIN
3407,15503,2025-11-28T14:29:30.000000,DEVELOPMENT,NOT_USED,VALIDATION,TRAIN,TRAIN
3408,15509,2026-02-22T19:06:05.000000,DEVELOPMENT,NOT_USED,NOT_USED,VALIDATION,TRAIN
3409,15511,2025-12-17T11:54:07.000000,DEVELOPMENT,NOT_USED,VALIDATION,TRAIN,TRAIN
3410,15514,2025-07-20T14:15:59.000000,DEVELOPMENT,TRAIN,TRAIN,TRAIN,TRAIN
3411,15515,2025-05-07T17:26:12.000000,DEVELOPMENT,TRAIN,TRAIN,TRAIN,TRAIN
3412,15517,2025-01-17T09:37:37.000000,DEVELOPMENT,TRAIN,TRAIN,TRAIN,TRAIN
3413,15520,2026-04-02T19:05:00.000000,DEVELOPMENT,NOT_USED,NOT_USED,NOT_USED,VALIDATION
3414,15521,2025-01-14T16:44:47.000000,DEVELOPMENT,TRAIN,TRAIN,TRAIN,TRAIN
3415,15526,2026-03-26T15:00:30.000000,DEVELOPMENT,NOT_USED,NOT_USED,NOT_USED,VALIDATION
3416,15530,2026-06-01T16:31:41.000000,PROCEDURAL_HOLDOUT,NOT_USED,NOT_USED,NOT_USED,NOT_USED
3417,15533,2026-07-01T08:20:17.000000,POST_HOLDOUT_AUDIT,NOT_USED,NOT_USED,NOT_USED,NOT_USED
3418,15538,2025-05-30T10:47:48.000000,DEVELOPMENT,TRAIN,TRAIN,TRAIN,TRAIN
3419,15543,2025-05-10T14:39:28.000000,DEVELOPMENT,TRAIN,TRAIN,TRAIN,TRAIN
3420,15553,2026-02-14T12:33:44.000000,DEVELOPMENT,NOT_USED,NOT_USED,VALIDATION,TRAIN
3421,15554,2025-11-02T12:46:17.000000,DEVELOPMENT,NOT_USED,VALIDATION,TRAIN,TRAIN
3422,15565,2025-04-25T20:00:32.000000,DEVELOPMENT,TRAIN,TRAIN,TRAIN,TRAIN
3423,15571,2026-06-15T17:56:06.000000,PROCEDURAL_HOLDOUT,NOT_USED,NOT_USED,NOT_USED,NOT_USED
3424,15572,2025-09-20T15:06:21.000000,DEVELOPMENT,VALIDATION,TRAIN,TRAIN,TRAIN
3425,15573,2026-02-02T20:29:06.000000,DEVELOPMENT,NOT_USED,NOT_USED,VALIDATION,TRAIN
3426,15576,2025-06-13T14:03:14.000000,DEVELOPMENT,TRAIN,TRAIN,TRAIN,TRAIN
3427,15584,2025-07-08T09:22:15.000000,DEVELOPMENT,TRAIN,TRAIN,TRAIN,TRAIN
3428,15585,2026-07-02T11:55:09.000000,POST_HOLDOUT_AUDIT,NOT_USED,NOT_USED,NOT_USED,NOT_USED
3429,15590,2025-01-25T19:26:15.000000,DEVELOPMENT,TRAIN,TRAIN,TRAIN,TRAIN
3430,15594,2025-09-02T10:58:45.000000,DEVELOPMENT,VALIDATION,TRAIN,TRAIN,TRAIN
3431,15598,2026-06-20T07:43:08.000000,PROCEDURAL_HOLDOUT,NOT_USED,NOT_USED,NOT_USED,NOT_USED
3432,15604,2026-07-10T07:39:58.000000,POST_HOLDOUT_AUDIT,NOT_USED,NOT_USED,NOT_USED,NOT_USED
3433,15605,2025-12-17T09:43:38.000000,DEVELOPMENT,NOT_USED,VALIDATION,TRAIN,TRAIN
3434,15612,2025-03-14T17:25:00.000000,DEVELOPMENT,TRAIN,TRAIN,TRAIN,TRAIN
3435,15614,2026-03-29T15:46:53.000000,DEVELOPMENT,NOT_USED,NOT_USED,NOT_USED,VALIDATION
3436,15622,2025-05-06T14:07:00.000000,DEVELOPMENT,TRAIN,TRAIN,TRAIN,TRAIN
3437,15628,2025-02-16T10:31:58.000000,DEVELOPMENT,TRAIN,TRAIN,TRAIN,TRAIN
3438,15629,2025-12-07T11:01:32.000000,DEVELOPMENT,NOT_USED,VALIDATION,TRAIN,TRAIN
3439,15639,2025-11-16T12:01:52.000000,DEVELOPMENT,NOT_USED,VALIDATION,TRAIN,TRAIN
3440,15645,2025-06-01T17:06:39.000000,DEVELOPMENT,TRAIN,TRAIN,TRAIN,TRAIN
3441,15649,2026-05-18T20:21:07.000000,CALIBRATION,NOT_USED,NOT_USED,NOT_USED,NOT_USED
3442,15658,2025-12-11T09:16:11.000000,DEVELOPMENT,NOT_USED,VALIDATION,TRAIN,TRAIN
3443,15660,2025-12-20T08:03:08.000000,DEVELOPMENT,NOT_USED,VALIDATION,TRAIN,TRAIN
3444,15666,2025-03-28T14:42:50.000000,DEVELOPMENT,TRAIN,TRAIN,TRAIN,TRAIN
3445,15670,2025-08-01T10:12:27.000000,DEVELOPMENT,TRAIN,TRAIN,TRAIN,TRAIN
3446,15671,2025-11-09T18:53:05.000000,DEVELOPMENT,NOT_USED,VALIDATION,TRAIN,TRAIN
3447,15675,2025-10-22T09:00:00.000000,DEVELOPMENT,VALIDATION,TRAIN,TRAIN,TRAIN
3448,15681,2025-11-20T09:29:46.000000,DEVELOPMENT,NOT_USED,VALIDATION,TRAIN,TRAIN
3449,15686,2025-02-24T08:47:46.000000,DEVELOPMENT,TRAIN,TRAIN,TRAIN,TRAIN
3450,15696,2026-01-01T17:10:44.000000,DEVELOPMENT,NOT_USED,NOT_USED,VALIDATION,TRAIN
3451,15701,2025-01-09T20:38:59.000000,DEVELOPMENT,TRAIN,TRAIN,TRAIN,TRAIN
3452,15703,2026-03-01T11:18:49.000000,DEVELOPMENT,NOT_USED,NOT_USED,NOT_USED,VALIDATION
3453,15707,2025-07-08T19:28:17.000000,DEVELOPMENT,TRAIN,TRAIN,TRAIN,TRAIN
3454,15708,2026-05-26T11:53:09.000000,CALIBRATION,NOT_USED,NOT_USED,NOT_USED,NOT_USED
3455,15713,2025-11-07T07:00:40.000000,DEVELOPMENT,NOT_USED,VALIDATION,TRAIN,TRAIN
3456,15717,2025-07-18T20:35:15.000000,DEVELOPMENT,TRAIN,TRAIN,TRAIN,TRAIN
3457,15726,2026-05-08T10:29:53.000000,CALIBRATION,NOT_USED,NOT_USED,NOT_USED,NOT_USED
3458,15728,2025-12-18T17:38:33.000000,DEVELOPMENT,NOT_USED,VALIDATION,TRAIN,TRAIN
3459,15731,2026-06-24T15:38:15.000000,PROCEDURAL_HOLDOUT,NOT_USED,NOT_USED,NOT_USED,NOT_USED
3460,15732,2025-03-28T07:58:39.000000,DEVELOPMENT,TRAIN,TRAIN,TRAIN,TRAIN
3461,15736,2025-03-02T11:02:09.000000,DEVELOPMENT,TRAIN,TRAIN,TRAIN,TRAIN
3462,15737,2026-06-11T14:59:28.000000,PROCEDURAL_HOLDOUT,NOT_USED,NOT_USED,NOT_USED,NOT_USED
3463,15741,2025-09-25T08:13:00.000000,DEVELOPMENT,VALIDATION,TRAIN,TRAIN,TRAIN
3464,15746,2026-01-29T07:11:27.000000,DEVELOPMENT,NOT_USED,NOT_USED,VALIDATION,TRAIN
3465,15750,2025-06-05T08:25:00.000000,DEVELOPMENT,TRAIN,TRAIN,TRAIN,TRAIN
3466,15753,2025-03-04T18:21:13.000000,DEVELOPMENT,TRAIN,TRAIN,TRAIN,TRAIN
3467,15758,2025-07-12T09:23:40.000000,DEVELOPMENT,TRAIN,TRAIN,TRAIN,TRAIN
3468,15765,2026-03-31T09:14:05.000000,DEVELOPMENT,NOT_USED,NOT_USED,NOT_USED,VALIDATION
3469,15769,2025-12-25T15:06:30.000000,DEVELOPMENT,NOT_USED,VALIDATION,TRAIN,TRAIN
3470,15771,2025-02-24T14:45:39.000000,DEVELOPMENT,TRAIN,TRAIN,TRAIN,TRAIN
3471,15775,2025-08-15T18:21:47.000000,DEVELOPMENT,TRAIN,TRAIN,TRAIN,TRAIN
3472,15778,2025-07-15T10:27:12.000000,DEVELOPMENT,TRAIN,TRAIN,TRAIN,TRAIN
3473,15783,2026-03-26T10:36:14.000000,DEVELOPMENT,NOT_USED,NOT_USED,NOT_USED,VALIDATION
3474,15785,2025-02-23T16:02:14.000000,DEVELOPMENT,TRAIN,TRAIN,TRAIN,TRAIN
3475,15789,2025-02-08T13:01:47.000000,DEVELOPMENT,TRAIN,TRAIN,TRAIN,TRAIN
3476,15797,2025-07-01T20:11:32.000000,DEVELOPMENT,TRAIN,TRAIN,TRAIN,TRAIN
3477,15798,2025-12-17T09:25:22.000000,DEVELOPMENT,NOT_USED,VALIDATION,TRAIN,TRAIN
3478,15803,2026-03-10T12:56:07.000000,DEVELOPMENT,NOT_USED,NOT_USED,NOT_USED,VALIDATION
3479,15807,2026-07-04T15:16:45.000000,POST_HOLDOUT_AUDIT,NOT_USED,NOT_USED,NOT_USED,NOT_USED
3480,15816,2026-04-05T11:12:51.000000,DEVELOPMENT,NOT_USED,NOT_USED,NOT_USED,VALIDATION
3481,15818,2025-04-18T13:00:19.000000,DEVELOPMENT,TRAIN,TRAIN,TRAIN,TRAIN
3482,15823,2025-07-29T18:44:39.000000,DEVELOPMENT,TRAIN,TRAIN,TRAIN,TRAIN
3483,15828,2026-06-11T13:46:09.000000,PROCEDURAL_HOLDOUT,NOT_USED,NOT_USED,NOT_USED,NOT_USED
3484,15840,2025-11-07T18:48:02.000000,DEVELOPMENT,NOT_USED,VALIDATION,TRAIN,TRAIN
3485,15842,2026-02-27T10:55:29.000000,DEVELOPMENT,NOT_USED,NOT_USED,VALIDATION,TRAIN
3486,15853,2026-02-04T14:01:04.000000,DEVELOPMENT,NOT_USED,NOT_USED,VALIDATION,TRAIN
3487,15855,2025-07-07T16:31:33.000000,DEVELOPMENT,TRAIN,TRAIN,TRAIN,TRAIN
3488,15857,2025-09-07T20:13:30.000000,DEVELOPMENT,VALIDATION,TRAIN,TRAIN,TRAIN
3489,15862,2025-10-16T14:47:00.000000,DEVELOPMENT,VALIDATION,TRAIN,TRAIN,TRAIN
3490,15864,2026-06-06T15:29:38.000000,PROCEDURAL_HOLDOUT,NOT_USED,NOT_USED,NOT_USED,NOT_USED
3491,15868,2025-02-28T16:08:48.000000,DEVELOPMENT,TRAIN,TRAIN,TRAIN,TRAIN
3492,15873,2025-07-26T18:10:00.000000,DEVELOPMENT,TRAIN,TRAIN,TRAIN,TRAIN
3493,15879,2026-02-06T18:13:00.000000,DEVELOPMENT,NOT_USED,NOT_USED,VALIDATION,TRAIN
3494,15881,2025-12-02T09:29:06.000000,DEVELOPMENT,NOT_USED,VALIDATION,TRAIN,TRAIN
3495,15882,2025-11-09T20:11:22.000000,DEVELOPMENT,NOT_USED,VALIDATION,TRAIN,TRAIN
3496,15883,2025-10-14T17:26:07.000000,DEVELOPMENT,VALIDATION,TRAIN,TRAIN,TRAIN
3497,15889,2025-04-11T09:39:00.000000,DEVELOPMENT,TRAIN,TRAIN,TRAIN,TRAIN
3498,15892,2025-05-16T12:52:13.000000,DEVELOPMENT,TRAIN,TRAIN,TRAIN,TRAIN
3499,15894,2025-10-23T13:34:29.000000,DEVELOPMENT,VALIDATION,TRAIN,TRAIN,TRAIN
3500,15901,2025-02-05T10:04:59.000000,DEVELOPMENT,TRAIN,TRAIN,TRAIN,TRAIN
3501,15905,2026-06-10T13:10:33.000000,PROCEDURAL_HOLDOUT,NOT_USED,NOT_USED,NOT_USED,NOT_USED
3502,15910,2026-06-15T07:24:26.000000,PROCEDURAL_HOLDOUT,NOT_USED,NOT_USED,NOT_USED,NOT_USED
3503,15911,2026-06-13T12:01:16.000000,PROCEDURAL_HOLDOUT,NOT_USED,NOT_USED,NOT_USED,NOT_USED
3504,15913,2026-01-20T13:51:40.000000,DEVELOPMENT,NOT_USED,NOT_USED,VALIDATION,TRAIN
3505,15916,2026-03-10T08:18:09.000000,DEVELOPMENT,NOT_USED,NOT_USED,NOT_USED,VALIDATION
3506,15924,2025-05-08T13:46:35.000000,DEVELOPMENT,TRAIN,TRAIN,TRAIN,TRAIN
3507,15928,2025-04-01T16:16:24.000000,DEVELOPMENT,TRAIN,TRAIN,TRAIN,TRAIN
3508,15929,2025-12-31T16:03:32.000000,DEVELOPMENT,NOT_USED,VALIDATION,TRAIN,TRAIN
3509,15936,2025-07-18T09:16:07.000000,DEVELOPMENT,TRAIN,TRAIN,TRAIN,TRAIN
3510,15943,2026-05-16T16:33:19.000000,CALIBRATION,NOT_USED,NOT_USED,NOT_USED,NOT_USED
3511,15947,2025-11-29T10:14:08.000000,DEVELOPMENT,NOT_USED,VALIDATION,TRAIN,TRAIN
3512,15950,2026-02-25T20:03:00.000000,DEVELOPMENT,NOT_USED,NOT_USED,VALIDATION,TRAIN
3513,15955,2025-04-09T17:14:09.000000,DEVELOPMENT,TRAIN,TRAIN,TRAIN,TRAIN
3514,15962,2025-05-05T14:57:28.000000,DEVELOPMENT,TRAIN,TRAIN,TRAIN,TRAIN
3515,15968,2026-04-24T09:29:01.000000,DEVELOPMENT,NOT_USED,NOT_USED,NOT_USED,VALIDATION
3516,15973,2026-04-16T09:12:22.000000,DEVELOPMENT,NOT_USED,NOT_USED,NOT_USED,VALIDATION
3517,15977,2026-01-17T18:34:12.000000,DEVELOPMENT,NOT_USED,NOT_USED,VALIDATION,TRAIN
3518,15979,2025-12-21T11:40:20.000000,DEVELOPMENT,NOT_USED,VALIDATION,TRAIN,TRAIN
3519,15982,2025-06-03T08:09:33.000000,DEVELOPMENT,TRAIN,TRAIN,TRAIN,TRAIN
3520,15988,2025-05-24T10:26:05.000000,DEVELOPMENT,TRAIN,TRAIN,TRAIN,TRAIN
3521,15995,2026-04-24T12:27:09.000000,DEVELOPMENT,NOT_USED,NOT_USED,NOT_USED,VALIDATION
3522,15998,2025-09-27T11:57:56.000000,DEVELOPMENT,VALIDATION,TRAIN,TRAIN,TRAIN
3523,15999,2026-01-13T19:03:22.000000,DEVELOPMENT,NOT_USED,NOT_USED,VALIDATION,TRAIN
3524,16003,2026-06-11T12:32:58.000000,PROCEDURAL_HOLDOUT,NOT_USED,NOT_USED,NOT_USED,NOT_USED
3525,16011,2026-03-27T10:47:54.000000,DEVELOPMENT,NOT_USED,NOT_USED,NOT_USED,VALIDATION
3526,16018,2025-12-29T12:19:42.000000,DEVELOPMENT,NOT_USED,VALIDATION,TRAIN,TRAIN
3527,16021,2025-12-17T16:28:55.000000,DEVELOPMENT,NOT_USED,VALIDATION,TRAIN,TRAIN
3528,16027,2026-02-10T08:27:59.000000,DEVELOPMENT,NOT_USED,NOT_USED,VALIDATION,TRAIN
3529,16034,2026-06-14T14:58:42.000000,PROCEDURAL_HOLDOUT,NOT_USED,NOT_USED,NOT_USED,NOT_USED
3530,16040,2026-01-02T10:15:20.000000,DEVELOPMENT,NOT_USED,NOT_USED,VALIDATION,TRAIN
3531,16044,2026-04-21T16:14:26.000000,DEVELOPMENT,NOT_USED,NOT_USED,NOT_USED,VALIDATION
3532,16045,2026-06-02T18:00:40.000000,PROCEDURAL_HOLDOUT,NOT_USED,NOT_USED,NOT_USED,NOT_USED
3533,16051,2026-06-12T12:26:52.000000,PROCEDURAL_HOLDOUT,NOT_USED,NOT_USED,NOT_USED,NOT_USED
3534,16053,2026-01-16T14:30:55.000000,DEVELOPMENT,NOT_USED,NOT_USED,VALIDATION,TRAIN
3535,16059,2026-05-22T11:49:36.000000,CALIBRATION,NOT_USED,NOT_USED,NOT_USED,NOT_USED
3536,16063,2025-09-26T15:24:47.000000,DEVELOPMENT,VALIDATION,TRAIN,TRAIN,TRAIN
3537,16073,2025-12-07T11:50:36.000000,DEVELOPMENT,NOT_USED,VALIDATION,TRAIN,TRAIN
3538,16076,2026-01-28T08:17:43.000000,DEVELOPMENT,NOT_USED,NOT_USED,VALIDATION,TRAIN
3539,16078,2026-04-12T16:07:28.000000,DEVELOPMENT,NOT_USED,NOT_USED,NOT_USED,VALIDATION
3540,16081,2026-02-26T10:55:00.000000,DEVELOPMENT,NOT_USED,NOT_USED,VALIDATION,TRAIN
3541,16083,2025-07-23T19:40:27.000000,DEVELOPMENT,TRAIN,TRAIN,TRAIN,TRAIN
3542,16088,2026-03-13T07:50:07.000000,DEVELOPMENT,NOT_USED,NOT_USED,NOT_USED,VALIDATION
3543,16094,2025-02-25T19:00:22.000000,DEVELOPMENT,TRAIN,TRAIN,TRAIN,TRAIN
3544,16100,2025-08-26T20:36:08.000000,DEVELOPMENT,TRAIN,TRAIN,TRAIN,TRAIN
3545,16105,2025-09-23T08:52:06.000000,DEVELOPMENT,VALIDATION,TRAIN,TRAIN,TRAIN
3546,16113,2025-08-14T17:04:50.000000,DEVELOPMENT,TRAIN,TRAIN,TRAIN,TRAIN
3547,16118,2025-03-15T10:59:44.000000,DEVELOPMENT,TRAIN,TRAIN,TRAIN,TRAIN
3548,16128,2025-12-12T14:36:19.000000,DEVELOPMENT,NOT_USED,VALIDATION,TRAIN,TRAIN
3549,16129,2025-11-29T18:31:00.000000,DEVELOPMENT,NOT_USED,VALIDATION,TRAIN,TRAIN
3550,16131,2025-11-29T18:00:00.000000,DEVELOPMENT,NOT_USED,VALIDATION,TRAIN,TRAIN
3551,16133,2025-11-20T12:28:24.000000,DEVELOPMENT,NOT_USED,VALIDATION,TRAIN,TRAIN
3552,16134,2025-03-07T12:42:00.000000,DEVELOPMENT,TRAIN,TRAIN,TRAIN,TRAIN
3553,16137,2025-05-27T07:15:18.000000,DEVELOPMENT,TRAIN,TRAIN,TRAIN,TRAIN
3554,16141,2026-04-14T16:20:24.000000,DEVELOPMENT,NOT_USED,NOT_USED,NOT_USED,VALIDATION
3555,16143,2025-01-16T07:14:16.000000,DEVELOPMENT,TRAIN,TRAIN,TRAIN,TRAIN
3556,16150,2025-01-28T09:58:59.000000,DEVELOPMENT,TRAIN,TRAIN,TRAIN,TRAIN
3557,16152,2025-06-18T10:24:44.000000,DEVELOPMENT,TRAIN,TRAIN,TRAIN,TRAIN
3558,16156,2025-05-07T09:01:41.000000,DEVELOPMENT,TRAIN,TRAIN,TRAIN,TRAIN
3559,16158,2025-11-05T14:52:11.000000,DEVELOPMENT,NOT_USED,VALIDATION,TRAIN,TRAIN
3560,16165,2025-05-05T18:59:17.000000,DEVELOPMENT,TRAIN,TRAIN,TRAIN,TRAIN
3561,16168,2025-10-04T16:00:31.000000,DEVELOPMENT,VALIDATION,TRAIN,TRAIN,TRAIN
3562,16169,2025-06-17T07:13:00.000000,DEVELOPMENT,TRAIN,TRAIN,TRAIN,TRAIN
3563,16176,2025-06-25T18:03:43.000000,DEVELOPMENT,TRAIN,TRAIN,TRAIN,TRAIN
3564,16178,2025-06-10T07:18:35.000000,DEVELOPMENT,TRAIN,TRAIN,TRAIN,TRAIN
3565,16182,2026-01-31T20:51:59.000000,DEVELOPMENT,NOT_USED,NOT_USED,VALIDATION,TRAIN
3566,16183,2025-11-07T09:33:00.000000,DEVELOPMENT,NOT_USED,VALIDATION,TRAIN,TRAIN
3567,16184,2025-12-24T07:14:00.000000,DEVELOPMENT,NOT_USED,VALIDATION,TRAIN,TRAIN
3568,16188,2026-02-19T20:39:26.000000,DEVELOPMENT,NOT_USED,NOT_USED,VALIDATION,TRAIN
3569,16195,2026-01-29T08:11:48.000000,DEVELOPMENT,NOT_USED,NOT_USED,VALIDATION,TRAIN
3570,16200,2025-08-03T12:09:00.000000,DEVELOPMENT,TRAIN,TRAIN,TRAIN,TRAIN
3571,16204,2025-06-14T07:17:00.000000,DEVELOPMENT,TRAIN,TRAIN,TRAIN,TRAIN
3572,16206,2026-05-17T08:40:02.000000,CALIBRATION,NOT_USED,NOT_USED,NOT_USED,NOT_USED
3573,16213,2025-06-21T09:46:00.000000,DEVELOPMENT,TRAIN,TRAIN,TRAIN,TRAIN
3574,16214,2026-04-21T19:50:29.000000,DEVELOPMENT,NOT_USED,NOT_USED,NOT_USED,VALIDATION
3575,16215,2026-06-16T15:41:00.000000,PROCEDURAL_HOLDOUT,NOT_USED,NOT_USED,NOT_USED,NOT_USED
3576,16216,2025-06-16T13:42:07.000000,DEVELOPMENT,TRAIN,TRAIN,TRAIN,TRAIN
3577,16222,2026-04-15T10:55:06.000000,DEVELOPMENT,NOT_USED,NOT_USED,NOT_USED,VALIDATION
3578,16228,2026-05-08T15:50:44.000000,CALIBRATION,NOT_USED,NOT_USED,NOT_USED,NOT_USED
3579,16235,2026-02-09T09:00:13.000000,DEVELOPMENT,NOT_USED,NOT_USED,VALIDATION,TRAIN
3580,16243,2025-02-05T16:47:07.000000,DEVELOPMENT,TRAIN,TRAIN,TRAIN,TRAIN
3581,16251,2026-01-23T09:30:50.000000,DEVELOPMENT,NOT_USED,NOT_USED,VALIDATION,TRAIN
3582,16254,2026-04-24T14:39:32.000000,DEVELOPMENT,NOT_USED,NOT_USED,NOT_USED,VALIDATION
3583,16258,2025-02-14T12:26:15.000000,DEVELOPMENT,TRAIN,TRAIN,TRAIN,TRAIN
3584,16259,2026-05-21T16:52:18.000000,CALIBRATION,NOT_USED,NOT_USED,NOT_USED,NOT_USED
3585,16263,2025-04-19T19:34:31.000000,DEVELOPMENT,TRAIN,TRAIN,TRAIN,TRAIN
3586,16265,2026-05-11T08:44:00.000000,CALIBRATION,NOT_USED,NOT_USED,NOT_USED,NOT_USED
3587,16267,2025-12-26T16:57:05.000000,DEVELOPMENT,NOT_USED,VALIDATION,TRAIN,TRAIN
3588,16272,2025-07-03T11:00:34.000000,DEVELOPMENT,TRAIN,TRAIN,TRAIN,TRAIN
3589,16278,2026-01-10T12:59:04.000000,DEVELOPMENT,NOT_USED,NOT_USED,VALIDATION,TRAIN
3590,16283,2025-07-19T07:24:00.000000,DEVELOPMENT,TRAIN,TRAIN,TRAIN,TRAIN
3591,16289,2025-08-19T20:45:33.000000,DEVELOPMENT,TRAIN,TRAIN,TRAIN,TRAIN
3592,16291,2025-02-03T07:57:04.000000,DEVELOPMENT,TRAIN,TRAIN,TRAIN,TRAIN
3593,16295,2026-05-24T20:31:06.000000,CALIBRATION,NOT_USED,NOT_USED,NOT_USED,NOT_USED
3594,16297,2025-05-20T12:50:49.000000,DEVELOPMENT,TRAIN,TRAIN,TRAIN,TRAIN
3595,16301,2026-06-16T10:45:32.000000,PROCEDURAL_HOLDOUT,NOT_USED,NOT_USED,NOT_USED,NOT_USED
3596,16309,2025-06-08T11:18:36.000000,DEVELOPMENT,TRAIN,TRAIN,TRAIN,TRAIN
3597,16312,2025-07-30T17:33:00.000000,DEVELOPMENT,TRAIN,TRAIN,TRAIN,TRAIN
3598,16315,2025-08-05T10:18:37.000000,DEVELOPMENT,TRAIN,TRAIN,TRAIN,TRAIN
3599,16321,2025-05-07T20:02:07.000000,DEVELOPMENT,TRAIN,TRAIN,TRAIN,TRAIN
3600,16322,2026-02-21T15:19:49.000000,DEVELOPMENT,NOT_USED,NOT_USED,VALIDATION,TRAIN
3601,16327,2026-06-18T18:35:23.000000,PROCEDURAL_HOLDOUT,NOT_USED,NOT_USED,NOT_USED,NOT_USED
3602,16330,2025-12-13T07:45:03.000000,DEVELOPMENT,NOT_USED,VALIDATION,TRAIN,TRAIN
3603,16336,2026-03-18T07:23:24.000000,DEVELOPMENT,NOT_USED,NOT_USED,NOT_USED,VALIDATION
3604,16343,2026-04-15T15:24:17.000000,DEVELOPMENT,NOT_USED,NOT_USED,NOT_USED,VALIDATION
3605,16349,2025-05-08T08:03:09.000000,DEVELOPMENT,TRAIN,TRAIN,TRAIN,TRAIN
3606,16350,2026-06-13T08:01:03.000000,PROCEDURAL_HOLDOUT,NOT_USED,NOT_USED,NOT_USED,NOT_USED
3607,16358,2026-05-07T18:07:29.000000,CALIBRATION,NOT_USED,NOT_USED,NOT_USED,NOT_USED
3608,16362,2026-06-02T17:49:50.000000,PROCEDURAL_HOLDOUT,NOT_USED,NOT_USED,NOT_USED,NOT_USED
3609,16366,2025-12-16T10:22:17.000000,DEVELOPMENT,NOT_USED,VALIDATION,TRAIN,TRAIN
3610,16369,2026-05-25T14:34:00.000000,CALIBRATION,NOT_USED,NOT_USED,NOT_USED,NOT_USED
3611,16372,2025-10-29T07:18:56.000000,DEVELOPMENT,VALIDATION,TRAIN,TRAIN,TRAIN
3612,16380,2026-02-08T15:17:02.000000,DEVELOPMENT,NOT_USED,NOT_USED,VALIDATION,TRAIN
3613,16381,2026-02-11T19:26:18.000000,DEVELOPMENT,NOT_USED,NOT_USED,VALIDATION,TRAIN
3614,16385,2026-05-04T07:26:49.000000,CALIBRATION,NOT_USED,NOT_USED,NOT_USED,NOT_USED
3615,16388,2025-05-03T19:20:42.000000,DEVELOPMENT,TRAIN,TRAIN,TRAIN,TRAIN
3616,16394,2025-10-02T16:29:00.000000,DEVELOPMENT,VALIDATION,TRAIN,TRAIN,TRAIN
3617,16397,2025-08-20T08:34:44.000000,DEVELOPMENT,TRAIN,TRAIN,TRAIN,TRAIN
3618,16400,2026-03-23T15:02:06.000000,DEVELOPMENT,NOT_USED,NOT_USED,NOT_USED,VALIDATION
3619,16405,2025-08-26T20:06:13.000000,DEVELOPMENT,TRAIN,TRAIN,TRAIN,TRAIN
3620,16408,2025-07-21T13:35:02.000000,DEVELOPMENT,TRAIN,TRAIN,TRAIN,TRAIN
3621,16415,2025-08-17T20:42:26.000000,DEVELOPMENT,TRAIN,TRAIN,TRAIN,TRAIN
3622,16418,2025-12-21T17:30:19.000000,DEVELOPMENT,NOT_USED,VALIDATION,TRAIN,TRAIN
3623,16420,2025-04-22T20:20:00.000000,DEVELOPMENT,TRAIN,TRAIN,TRAIN,TRAIN
3624,16424,2026-04-12T20:06:27.000000,DEVELOPMENT,NOT_USED,NOT_USED,NOT_USED,VALIDATION
3625,16433,2025-08-16T12:36:50.000000,DEVELOPMENT,TRAIN,TRAIN,TRAIN,TRAIN
3626,16438,2025-12-25T15:28:03.000000,DEVELOPMENT,NOT_USED,VALIDATION,TRAIN,TRAIN
3627,16443,2025-03-29T14:31:34.000000,DEVELOPMENT,TRAIN,TRAIN,TRAIN,TRAIN
3628,16444,2026-05-31T15:31:51.000000,CALIBRATION,NOT_USED,NOT_USED,NOT_USED,NOT_USED
3629,16451,2025-12-08T10:40:19.000000,DEVELOPMENT,NOT_USED,VALIDATION,TRAIN,TRAIN
3630,16452,2025-04-11T20:49:29.000000,DEVELOPMENT,TRAIN,TRAIN,TRAIN,TRAIN
3631,16461,2026-05-10T17:22:20.000000,CALIBRATION,NOT_USED,NOT_USED,NOT_USED,NOT_USED
3632,16468,2025-11-08T09:22:31.000000,DEVELOPMENT,NOT_USED,VALIDATION,TRAIN,TRAIN
3633,16471,2026-02-14T15:34:01.000000,DEVELOPMENT,NOT_USED,NOT_USED,VALIDATION,TRAIN
3634,16472,2026-03-06T15:01:54.000000,DEVELOPMENT,NOT_USED,NOT_USED,NOT_USED,VALIDATION
3635,16481,2025-09-05T16:02:49.000000,DEVELOPMENT,VALIDATION,TRAIN,TRAIN,TRAIN
3636,16483,2025-06-30T19:19:02.000000,DEVELOPMENT,TRAIN,TRAIN,TRAIN,TRAIN
3637,16492,2025-09-26T18:15:44.000000,DEVELOPMENT,VALIDATION,TRAIN,TRAIN,TRAIN
3638,16500,2026-04-11T12:52:05.000000,DEVELOPMENT,NOT_USED,NOT_USED,NOT_USED,VALIDATION
3639,16501,2025-12-09T12:35:23.000000,DEVELOPMENT,NOT_USED,VALIDATION,TRAIN,TRAIN
3640,16508,2025-01-31T20:39:02.000000,DEVELOPMENT,TRAIN,TRAIN,TRAIN,TRAIN
3641,16514,2026-06-02T15:28:24.000000,PROCEDURAL_HOLDOUT,NOT_USED,NOT_USED,NOT_USED,NOT_USED
3642,16515,2025-09-03T17:00:36.000000,DEVELOPMENT,VALIDATION,TRAIN,TRAIN,TRAIN
3643,16519,2026-06-07T07:38:11.000000,PROCEDURAL_HOLDOUT,NOT_USED,NOT_USED,NOT_USED,NOT_USED
3644,16524,2025-02-02T15:13:40.000000,DEVELOPMENT,TRAIN,TRAIN,TRAIN,TRAIN
3645,16529,2026-01-26T07:57:24.000000,DEVELOPMENT,NOT_USED,NOT_USED,VALIDATION,TRAIN
3646,16532,2025-01-18T16:10:04.000000,DEVELOPMENT,TRAIN,TRAIN,TRAIN,TRAIN
3647,16543,2025-08-28T18:28:23.000000,DEVELOPMENT,TRAIN,TRAIN,TRAIN,TRAIN
3648,16550,2026-02-25T07:19:57.000000,DEVELOPMENT,NOT_USED,NOT_USED,VALIDATION,TRAIN
3649,16554,2026-04-12T10:32:00.000000,DEVELOPMENT,NOT_USED,NOT_USED,NOT_USED,VALIDATION
3650,16555,2025-03-08T09:32:00.000000,DEVELOPMENT,TRAIN,TRAIN,TRAIN,TRAIN
3651,16558,2025-05-11T08:57:00.000000,DEVELOPMENT,TRAIN,TRAIN,TRAIN,TRAIN
3652,16562,2025-10-14T19:16:00.000000,DEVELOPMENT,VALIDATION,TRAIN,TRAIN,TRAIN
3653,16563,2025-01-15T11:26:11.000000,DEVELOPMENT,TRAIN,TRAIN,TRAIN,TRAIN
3654,16565,2026-06-12T07:03:47.000000,PROCEDURAL_HOLDOUT,NOT_USED,NOT_USED,NOT_USED,NOT_USED
3655,16573,2025-07-20T10:46:24.000000,DEVELOPMENT,TRAIN,TRAIN,TRAIN,TRAIN
3656,16575,2025-12-04T12:52:17.000000,DEVELOPMENT,NOT_USED,VALIDATION,TRAIN,TRAIN
3657,16577,2025-12-05T16:51:00.000000,DEVELOPMENT,NOT_USED,VALIDATION,TRAIN,TRAIN
3658,16579,2026-04-12T10:31:41.000000,DEVELOPMENT,NOT_USED,NOT_USED,NOT_USED,VALIDATION
3659,16586,2026-01-14T11:18:12.000000,DEVELOPMENT,NOT_USED,NOT_USED,VALIDATION,TRAIN
3660,16589,2025-10-17T20:59:15.000000,DEVELOPMENT,VALIDATION,TRAIN,TRAIN,TRAIN
3661,16596,2026-04-09T15:03:00.000000,DEVELOPMENT,NOT_USED,NOT_USED,NOT_USED,VALIDATION
3662,16599,2025-08-30T14:15:43.000000,DEVELOPMENT,TRAIN,TRAIN,TRAIN,TRAIN
3663,16603,2026-03-23T17:40:22.000000,DEVELOPMENT,NOT_USED,NOT_USED,NOT_USED,VALIDATION
3664,16613,2025-12-20T10:56:41.000000,DEVELOPMENT,NOT_USED,VALIDATION,TRAIN,TRAIN
3665,16618,2025-06-15T17:04:31.000000,DEVELOPMENT,TRAIN,TRAIN,TRAIN,TRAIN
3666,16621,2026-02-12T10:17:00.000000,DEVELOPMENT,NOT_USED,NOT_USED,VALIDATION,TRAIN
3667,16622,2026-04-19T17:26:36.000000,DEVELOPMENT,NOT_USED,NOT_USED,NOT_USED,VALIDATION
3668,16626,2026-05-18T20:27:12.000000,CALIBRATION,NOT_USED,NOT_USED,NOT_USED,NOT_USED
3669,16631,2025-01-15T11:32:42.000000,DEVELOPMENT,TRAIN,TRAIN,TRAIN,TRAIN
3670,16634,2025-04-08T17:08:24.000000,DEVELOPMENT,TRAIN,TRAIN,TRAIN,TRAIN
3671,16638,2025-02-26T16:50:36.000000,DEVELOPMENT,TRAIN,TRAIN,TRAIN,TRAIN
3672,16643,2026-06-02T19:36:39.000000,PROCEDURAL_HOLDOUT,NOT_USED,NOT_USED,NOT_USED,NOT_USED
3673,16648,2026-03-06T13:04:39.000000,DEVELOPMENT,NOT_USED,NOT_USED,NOT_USED,VALIDATION
3674,16652,2025-10-25T16:18:53.000000,DEVELOPMENT,VALIDATION,TRAIN,TRAIN,TRAIN
3675,16655,2025-12-17T11:03:03.000000,DEVELOPMENT,NOT_USED,VALIDATION,TRAIN,TRAIN
3676,16657,2025-08-11T12:55:25.000000,DEVELOPMENT,TRAIN,TRAIN,TRAIN,TRAIN
3677,16661,2025-03-27T08:58:38.000000,DEVELOPMENT,TRAIN,TRAIN,TRAIN,TRAIN
3678,16662,2026-05-13T14:14:10.000000,CALIBRATION,NOT_USED,NOT_USED,NOT_USED,NOT_USED
3679,16665,2026-05-11T09:13:25.000000,CALIBRATION,NOT_USED,NOT_USED,NOT_USED,NOT_USED
3680,16669,2025-05-18T16:39:00.000000,DEVELOPMENT,TRAIN,TRAIN,TRAIN,TRAIN
3681,16672,2026-01-02T10:49:58.000000,DEVELOPMENT,NOT_USED,NOT_USED,VALIDATION,TRAIN
3682,16673,2026-05-22T13:05:42.000000,CALIBRATION,NOT_USED,NOT_USED,NOT_USED,NOT_USED
3683,16680,2025-10-02T14:59:54.000000,DEVELOPMENT,VALIDATION,TRAIN,TRAIN,TRAIN
3684,16682,2025-03-05T13:48:00.000000,DEVELOPMENT,TRAIN,TRAIN,TRAIN,TRAIN
3685,16690,2026-02-03T18:12:07.000000,DEVELOPMENT,NOT_USED,NOT_USED,VALIDATION,TRAIN
3686,16699,2025-08-28T20:50:43.000000,DEVELOPMENT,TRAIN,TRAIN,TRAIN,TRAIN
3687,16702,2026-06-15T07:22:00.000000,PROCEDURAL_HOLDOUT,NOT_USED,NOT_USED,NOT_USED,NOT_USED
3688,16706,2026-01-26T12:28:26.000000,DEVELOPMENT,NOT_USED,NOT_USED,VALIDATION,TRAIN
3689,16709,2025-01-08T12:28:50.000000,DEVELOPMENT,TRAIN,TRAIN,TRAIN,TRAIN
3690,16716,2026-04-16T20:57:00.000000,DEVELOPMENT,NOT_USED,NOT_USED,NOT_USED,VALIDATION
3691,16724,2026-05-05T15:48:29.000000,CALIBRATION,NOT_USED,NOT_USED,NOT_USED,NOT_USED
3692,16728,2025-05-10T08:34:10.000000,DEVELOPMENT,TRAIN,TRAIN,TRAIN,TRAIN
3693,16729,2026-04-03T13:21:55.000000,DEVELOPMENT,NOT_USED,NOT_USED,NOT_USED,VALIDATION
3694,16731,2025-12-02T14:44:30.000000,DEVELOPMENT,NOT_USED,VALIDATION,TRAIN,TRAIN
3695,16738,2025-11-13T15:16:24.000000,DEVELOPMENT,NOT_USED,VALIDATION,TRAIN,TRAIN
3696,16746,2025-12-04T10:09:03.000000,DEVELOPMENT,NOT_USED,VALIDATION,TRAIN,TRAIN
3697,16749,2025-10-16T09:49:35.000000,DEVELOPMENT,VALIDATION,TRAIN,TRAIN,TRAIN
3698,16757,2026-06-14T07:36:06.000000,PROCEDURAL_HOLDOUT,NOT_USED,NOT_USED,NOT_USED,NOT_USED
3699,16763,2026-03-16T16:00:57.000000,DEVELOPMENT,NOT_USED,NOT_USED,NOT_USED,VALIDATION
3700,16768,2025-10-04T20:10:46.000000,DEVELOPMENT,VALIDATION,TRAIN,TRAIN,TRAIN
3701,16774,2025-12-29T07:56:00.000000,DEVELOPMENT,NOT_USED,VALIDATION,TRAIN,TRAIN
3702,16776,2026-04-10T09:49:10.000000,DEVELOPMENT,NOT_USED,NOT_USED,NOT_USED,VALIDATION
3703,16780,2026-06-02T07:48:02.000000,PROCEDURAL_HOLDOUT,NOT_USED,NOT_USED,NOT_USED,NOT_USED
3704,16783,2026-03-02T18:47:52.000000,DEVELOPMENT,NOT_USED,NOT_USED,NOT_USED,VALIDATION
3705,16791,2026-05-26T13:33:19.000000,CALIBRATION,NOT_USED,NOT_USED,NOT_USED,NOT_USED
3706,16794,2025-12-19T08:33:14.000000,DEVELOPMENT,NOT_USED,VALIDATION,TRAIN,TRAIN
3707,16802,2025-09-16T18:58:00.000000,DEVELOPMENT,VALIDATION,TRAIN,TRAIN,TRAIN
3708,16804,2025-09-13T10:51:34.000000,DEVELOPMENT,VALIDATION,TRAIN,TRAIN,TRAIN
3709,16813,2025-11-22T18:00:27.000000,DEVELOPMENT,NOT_USED,VALIDATION,TRAIN,TRAIN
3710,16816,2025-01-08T18:38:34.000000,DEVELOPMENT,TRAIN,TRAIN,TRAIN,TRAIN
3711,16819,2025-12-28T14:54:51.000000,DEVELOPMENT,NOT_USED,VALIDATION,TRAIN,TRAIN
3712,16827,2025-02-08T10:23:46.000000,DEVELOPMENT,TRAIN,TRAIN,TRAIN,TRAIN
3713,16836,2026-03-06T20:26:46.000000,DEVELOPMENT,NOT_USED,NOT_USED,NOT_USED,VALIDATION
3714,16838,2026-03-13T08:30:26.000000,DEVELOPMENT,NOT_USED,NOT_USED,NOT_USED,VALIDATION
3715,16841,2026-04-04T11:37:33.000000,DEVELOPMENT,NOT_USED,NOT_USED,NOT_USED,VALIDATION
3716,16842,2026-01-19T20:59:00.000000,DEVELOPMENT,NOT_USED,NOT_USED,VALIDATION,TRAIN
3717,16845,2026-01-28T09:39:46.000000,DEVELOPMENT,NOT_USED,NOT_USED,VALIDATION,TRAIN
3718,16850,2025-06-06T15:47:54.000000,DEVELOPMENT,TRAIN,TRAIN,TRAIN,TRAIN
3719,16854,2026-03-25T08:05:48.000000,DEVELOPMENT,NOT_USED,NOT_USED,NOT_USED,VALIDATION
3720,16857,2025-07-15T18:49:21.000000,DEVELOPMENT,TRAIN,TRAIN,TRAIN,TRAIN
3721,16863,2025-06-03T10:41:38.000000,DEVELOPMENT,TRAIN,TRAIN,TRAIN,TRAIN
3722,16871,2025-02-12T09:16:28.000000,DEVELOPMENT,TRAIN,TRAIN,TRAIN,TRAIN
3723,16877,2025-09-26T10:50:58.000000,DEVELOPMENT,VALIDATION,TRAIN,TRAIN,TRAIN
3724,16885,2025-03-21T16:50:09.000000,DEVELOPMENT,TRAIN,TRAIN,TRAIN,TRAIN
3725,16888,2026-05-01T10:26:31.000000,CALIBRATION,NOT_USED,NOT_USED,NOT_USED,NOT_USED
3726,16895,2025-12-23T16:47:07.000000,DEVELOPMENT,NOT_USED,VALIDATION,TRAIN,TRAIN
3727,16897,2026-01-16T15:41:06.000000,DEVELOPMENT,NOT_USED,NOT_USED,VALIDATION,TRAIN
3728,16909,2026-06-18T17:14:22.000000,PROCEDURAL_HOLDOUT,NOT_USED,NOT_USED,NOT_USED,NOT_USED
3729,16912,2026-02-24T14:21:07.000000,DEVELOPMENT,NOT_USED,NOT_USED,VALIDATION,TRAIN
3730,16913,2025-05-24T12:27:31.000000,DEVELOPMENT,TRAIN,TRAIN,TRAIN,TRAIN
3731,16928,2025-09-09T13:21:20.000000,DEVELOPMENT,VALIDATION,TRAIN,TRAIN,TRAIN
3732,16929,2026-04-09T09:30:00.000000,DEVELOPMENT,NOT_USED,NOT_USED,NOT_USED,VALIDATION
3733,16934,2025-10-17T11:39:47.000000,DEVELOPMENT,VALIDATION,TRAIN,TRAIN,TRAIN
3734,16937,2025-12-03T20:22:17.000000,DEVELOPMENT,NOT_USED,VALIDATION,TRAIN,TRAIN
3735,16941,2025-03-30T08:17:21.000000,DEVELOPMENT,TRAIN,TRAIN,TRAIN,TRAIN
3736,16950,2026-03-09T16:59:02.000000,DEVELOPMENT,NOT_USED,NOT_USED,NOT_USED,VALIDATION
3737,16952,2025-12-27T19:32:05.000000,DEVELOPMENT,NOT_USED,VALIDATION,TRAIN,TRAIN
3738,16959,2025-08-03T19:32:58.000000,DEVELOPMENT,TRAIN,TRAIN,TRAIN,TRAIN
3739,16962,2025-11-21T07:56:04.000000,DEVELOPMENT,NOT_USED,VALIDATION,TRAIN,TRAIN
3740,16967,2025-05-29T07:18:26.000000,DEVELOPMENT,TRAIN,TRAIN,TRAIN,TRAIN
3741,16975,2026-06-19T12:28:17.000000,PROCEDURAL_HOLDOUT,NOT_USED,NOT_USED,NOT_USED,NOT_USED
3742,16981,2025-11-29T13:46:53.000000,DEVELOPMENT,NOT_USED,VALIDATION,TRAIN,TRAIN
3743,16984,2026-02-17T18:55:00.000000,DEVELOPMENT,NOT_USED,NOT_USED,VALIDATION,TRAIN
3744,16990,2025-08-06T20:03:18.000000,DEVELOPMENT,TRAIN,TRAIN,TRAIN,TRAIN
3745,16995,2025-09-21T09:49:05.000000,DEVELOPMENT,VALIDATION,TRAIN,TRAIN,TRAIN
3746,17003,2025-12-27T15:38:00.000000,DEVELOPMENT,NOT_USED,VALIDATION,TRAIN,TRAIN
3747,17004,2025-10-17T07:44:16.000000,DEVELOPMENT,VALIDATION,TRAIN,TRAIN,TRAIN
3748,17008,2026-01-28T12:48:30.000000,DEVELOPMENT,NOT_USED,NOT_USED,VALIDATION,TRAIN
3749,17010,2026-04-28T10:30:02.000000,DEVELOPMENT,NOT_USED,NOT_USED,NOT_USED,VALIDATION
3750,17014,2025-09-27T20:45:12.000000,DEVELOPMENT,VALIDATION,TRAIN,TRAIN,TRAIN
3751,17019,2025-11-08T14:51:09.000000,DEVELOPMENT,NOT_USED,VALIDATION,TRAIN,TRAIN
3752,17024,2026-06-27T11:26:02.000000,PROCEDURAL_HOLDOUT,NOT_USED,NOT_USED,NOT_USED,NOT_USED
3753,17027,2025-09-20T14:13:45.000000,DEVELOPMENT,VALIDATION,TRAIN,TRAIN,TRAIN
3754,17029,2026-04-02T20:32:00.000000,DEVELOPMENT,NOT_USED,NOT_USED,NOT_USED,VALIDATION
3755,17032,2025-06-07T10:18:35.000000,DEVELOPMENT,TRAIN,TRAIN,TRAIN,TRAIN
3756,17036,2025-12-22T11:59:48.000000,DEVELOPMENT,NOT_USED,VALIDATION,TRAIN,TRAIN
3757,17043,2026-06-30T08:26:31.000000,PROCEDURAL_HOLDOUT,NOT_USED,NOT_USED,NOT_USED,NOT_USED
3758,17046,2026-01-07T19:26:47.000000,DEVELOPMENT,NOT_USED,NOT_USED,VALIDATION,TRAIN
3759,17057,2026-01-14T12:51:42.000000,DEVELOPMENT,NOT_USED,NOT_USED,VALIDATION,TRAIN
3760,17059,2026-07-01T12:30:07.000000,POST_HOLDOUT_AUDIT,NOT_USED,NOT_USED,NOT_USED,NOT_USED
3761,17064,2025-03-13T20:10:58.000000,DEVELOPMENT,TRAIN,TRAIN,TRAIN,TRAIN
3762,17072,2025-06-16T14:26:30.000000,DEVELOPMENT,TRAIN,TRAIN,TRAIN,TRAIN
3763,17077,2025-03-12T12:27:39.000000,DEVELOPMENT,TRAIN,TRAIN,TRAIN,TRAIN
3764,17083,2026-05-25T19:22:51.000000,CALIBRATION,NOT_USED,NOT_USED,NOT_USED,NOT_USED
3765,17090,2025-11-09T14:55:46.000000,DEVELOPMENT,NOT_USED,VALIDATION,TRAIN,TRAIN
3766,17092,2026-01-29T20:22:38.000000,DEVELOPMENT,NOT_USED,NOT_USED,VALIDATION,TRAIN
3767,17098,2025-12-27T20:28:51.000000,DEVELOPMENT,NOT_USED,VALIDATION,TRAIN,TRAIN
3768,17100,2026-04-02T16:28:21.000000,DEVELOPMENT,NOT_USED,NOT_USED,NOT_USED,VALIDATION
3769,17104,2025-07-03T15:03:03.000000,DEVELOPMENT,TRAIN,TRAIN,TRAIN,TRAIN
3770,17107,2025-05-24T18:25:24.000000,DEVELOPMENT,TRAIN,TRAIN,TRAIN,TRAIN
3771,17121,2025-02-24T11:35:00.000000,DEVELOPMENT,TRAIN,TRAIN,TRAIN,TRAIN
3772,17122,2026-06-23T07:10:31.000000,PROCEDURAL_HOLDOUT,NOT_USED,NOT_USED,NOT_USED,NOT_USED
3773,17127,2025-12-20T17:11:40.000000,DEVELOPMENT,NOT_USED,VALIDATION,TRAIN,TRAIN
3774,17130,2025-11-05T10:50:33.000000,DEVELOPMENT,NOT_USED,VALIDATION,TRAIN,TRAIN
3775,17139,2025-07-10T07:10:00.000000,DEVELOPMENT,TRAIN,TRAIN,TRAIN,TRAIN
3776,17142,2026-01-01T16:20:00.000000,DEVELOPMENT,NOT_USED,NOT_USED,VALIDATION,TRAIN
3777,17146,2025-10-23T14:10:24.000000,DEVELOPMENT,VALIDATION,TRAIN,TRAIN,TRAIN
3778,17154,2026-07-01T14:44:39.000000,POST_HOLDOUT_AUDIT,NOT_USED,NOT_USED,NOT_USED,NOT_USED
3779,17162,2026-05-12T11:11:03.000000,CALIBRATION,NOT_USED,NOT_USED,NOT_USED,NOT_USED
3780,17165,2025-01-21T18:36:39.000000,DEVELOPMENT,TRAIN,TRAIN,TRAIN,TRAIN
3781,17174,2025-09-25T17:56:05.000000,DEVELOPMENT,VALIDATION,TRAIN,TRAIN,TRAIN
3782,17177,2026-01-07T17:59:14.000000,DEVELOPMENT,NOT_USED,NOT_USED,VALIDATION,TRAIN
3783,17180,2025-04-03T11:42:33.000000,DEVELOPMENT,TRAIN,TRAIN,TRAIN,TRAIN
3784,17186,2026-04-13T16:05:34.000000,DEVELOPMENT,NOT_USED,NOT_USED,NOT_USED,VALIDATION
3785,17187,2025-10-21T08:35:10.000000,DEVELOPMENT,VALIDATION,TRAIN,TRAIN,TRAIN
3786,17189,2026-06-27T11:28:22.000000,PROCEDURAL_HOLDOUT,NOT_USED,NOT_USED,NOT_USED,NOT_USED
3787,17194,2025-03-05T17:11:47.000000,DEVELOPMENT,TRAIN,TRAIN,TRAIN,TRAIN
3788,17199,2025-07-18T19:13:06.000000,DEVELOPMENT,TRAIN,TRAIN,TRAIN,TRAIN
3789,17207,2026-03-13T09:46:55.000000,DEVELOPMENT,NOT_USED,NOT_USED,NOT_USED,VALIDATION
3790,17213,2025-07-25T13:55:38.000000,DEVELOPMENT,TRAIN,TRAIN,TRAIN,TRAIN
3791,17224,2025-10-16T08:06:55.000000,DEVELOPMENT,VALIDATION,TRAIN,TRAIN,TRAIN
3792,17229,2025-03-17T12:10:16.000000,DEVELOPMENT,TRAIN,TRAIN,TRAIN,TRAIN
3793,17237,2025-07-30T10:13:16.000000,DEVELOPMENT,TRAIN,TRAIN,TRAIN,TRAIN
3794,17243,2025-03-06T17:51:55.000000,DEVELOPMENT,TRAIN,TRAIN,TRAIN,TRAIN
3795,17247,2025-10-30T15:08:43.000000,DEVELOPMENT,VALIDATION,TRAIN,TRAIN,TRAIN
3796,17250,2026-03-28T17:02:00.000000,DEVELOPMENT,NOT_USED,NOT_USED,NOT_USED,VALIDATION
3797,17254,2025-06-21T18:49:00.000000,DEVELOPMENT,TRAIN,TRAIN,TRAIN,TRAIN
3798,17257,2025-01-09T11:05:12.000000,DEVELOPMENT,TRAIN,TRAIN,TRAIN,TRAIN
3799,17263,2025-06-19T20:44:19.000000,DEVELOPMENT,TRAIN,TRAIN,TRAIN,TRAIN
3800,17270,2026-05-09T16:27:08.000000,CALIBRATION,NOT_USED,NOT_USED,NOT_USED,NOT_USED
3801,17275,2025-07-07T07:37:47.000000,DEVELOPMENT,TRAIN,TRAIN,TRAIN,TRAIN
3802,17283,2025-06-21T08:18:48.000000,DEVELOPMENT,TRAIN,TRAIN,TRAIN,TRAIN
3803,17285,2025-12-14T12:32:15.000000,DEVELOPMENT,NOT_USED,VALIDATION,TRAIN,TRAIN
3804,17293,2026-03-27T14:48:10.000000,DEVELOPMENT,NOT_USED,NOT_USED,NOT_USED,VALIDATION
3805,17295,2025-11-23T19:20:53.000000,DEVELOPMENT,NOT_USED,VALIDATION,TRAIN,TRAIN
3806,17307,2025-05-24T15:25:24.000000,DEVELOPMENT,TRAIN,TRAIN,TRAIN,TRAIN
3807,17311,2025-03-09T10:40:38.000000,DEVELOPMENT,TRAIN,TRAIN,TRAIN,TRAIN
3808,17317,2025-11-17T17:29:00.000000,DEVELOPMENT,NOT_USED,VALIDATION,TRAIN,TRAIN
3809,17319,2026-05-02T09:39:50.000000,CALIBRATION,NOT_USED,NOT_USED,NOT_USED,NOT_USED
3810,17326,2026-03-05T07:58:11.000000,DEVELOPMENT,NOT_USED,NOT_USED,NOT_USED,VALIDATION
3811,17329,2025-05-26T19:01:03.000000,DEVELOPMENT,TRAIN,TRAIN,TRAIN,TRAIN
3812,17333,2025-04-07T07:01:10.000000,DEVELOPMENT,TRAIN,TRAIN,TRAIN,TRAIN
3813,17340,2026-05-05T18:01:00.000000,CALIBRATION,NOT_USED,NOT_USED,NOT_USED,NOT_USED
3814,17341,2026-03-30T13:32:05.000000,DEVELOPMENT,NOT_USED,NOT_USED,NOT_USED,VALIDATION
3815,17343,2025-07-15T18:57:13.000000,DEVELOPMENT,TRAIN,TRAIN,TRAIN,TRAIN
3816,17350,2025-12-12T11:48:22.000000,DEVELOPMENT,NOT_USED,VALIDATION,TRAIN,TRAIN
3817,17353,2025-10-18T12:07:13.000000,DEVELOPMENT,VALIDATION,TRAIN,TRAIN,TRAIN
3818,17356,2025-03-25T09:44:53.000000,DEVELOPMENT,TRAIN,TRAIN,TRAIN,TRAIN
3819,17358,2025-09-26T09:45:40.000000,DEVELOPMENT,VALIDATION,TRAIN,TRAIN,TRAIN
3820,17362,2025-08-22T09:09:14.000000,DEVELOPMENT,TRAIN,TRAIN,TRAIN,TRAIN
3821,17365,2026-01-03T11:55:43.000000,DEVELOPMENT,NOT_USED,NOT_USED,VALIDATION,TRAIN
3822,17370,2025-07-20T20:23:51.000000,DEVELOPMENT,TRAIN,TRAIN,TRAIN,TRAIN
3823,17377,2025-05-26T16:20:55.000000,DEVELOPMENT,TRAIN,TRAIN,TRAIN,TRAIN
3824,17384,2025-10-03T18:30:55.000000,DEVELOPMENT,VALIDATION,TRAIN,TRAIN,TRAIN
3825,17387,2025-12-25T08:16:57.000000,DEVELOPMENT,NOT_USED,VALIDATION,TRAIN,TRAIN
3826,17389,2025-05-13T08:15:23.000000,DEVELOPMENT,TRAIN,TRAIN,TRAIN,TRAIN
3827,17395,2025-08-28T10:23:10.000000,DEVELOPMENT,TRAIN,TRAIN,TRAIN,TRAIN
3828,17401,2026-06-19T10:29:38.000000,PROCEDURAL_HOLDOUT,NOT_USED,NOT_USED,NOT_USED,NOT_USED
3829,17407,2026-02-10T13:47:17.000000,DEVELOPMENT,NOT_USED,NOT_USED,VALIDATION,TRAIN
3830,17410,2025-09-05T09:21:31.000000,DEVELOPMENT,VALIDATION,TRAIN,TRAIN,TRAIN
3831,17418,2025-11-01T20:30:13.000000,DEVELOPMENT,NOT_USED,VALIDATION,TRAIN,TRAIN
3832,17420,2026-06-11T20:51:33.000000,PROCEDURAL_HOLDOUT,NOT_USED,NOT_USED,NOT_USED,NOT_USED
3833,17422,2026-03-10T09:41:13.000000,DEVELOPMENT,NOT_USED,NOT_USED,NOT_USED,VALIDATION
3834,17427,2026-02-06T10:25:24.000000,DEVELOPMENT,NOT_USED,NOT_USED,VALIDATION,TRAIN
3835,17429,2026-05-04T20:52:31.000000,CALIBRATION,NOT_USED,NOT_USED,NOT_USED,NOT_USED
3836,17438,2025-03-12T16:45:24.000000,DEVELOPMENT,TRAIN,TRAIN,TRAIN,TRAIN
3837,17440,2025-08-18T13:47:46.000000,DEVELOPMENT,TRAIN,TRAIN,TRAIN,TRAIN
3838,17448,2026-03-24T13:15:46.000000,DEVELOPMENT,NOT_USED,NOT_USED,NOT_USED,VALIDATION
3839,17451,2025-05-09T19:49:00.000000,DEVELOPMENT,TRAIN,TRAIN,TRAIN,TRAIN
3840,17458,2025-05-07T13:51:01.000000,DEVELOPMENT,TRAIN,TRAIN,TRAIN,TRAIN
3841,17461,2025-02-10T15:37:23.000000,DEVELOPMENT,TRAIN,TRAIN,TRAIN,TRAIN
3842,17469,2026-05-29T09:49:11.000000,CALIBRATION,NOT_USED,NOT_USED,NOT_USED,NOT_USED
3843,17470,2025-07-11T19:17:36.000000,DEVELOPMENT,TRAIN,TRAIN,TRAIN,TRAIN
3844,17479,2025-03-18T07:16:42.000000,DEVELOPMENT,TRAIN,TRAIN,TRAIN,TRAIN
3845,17481,2025-11-19T15:35:29.000000,DEVELOPMENT,NOT_USED,VALIDATION,TRAIN,TRAIN
3846,17484,2026-05-01T16:51:29.000000,CALIBRATION,NOT_USED,NOT_USED,NOT_USED,NOT_USED
3847,17485,2026-01-30T13:22:55.000000,DEVELOPMENT,NOT_USED,NOT_USED,VALIDATION,TRAIN
3848,17490,2025-01-17T11:49:32.000000,DEVELOPMENT,TRAIN,TRAIN,TRAIN,TRAIN
3849,17496,2025-12-21T08:07:52.000000,DEVELOPMENT,NOT_USED,VALIDATION,TRAIN,TRAIN
3850,17498,2025-07-23T15:41:40.000000,DEVELOPMENT,TRAIN,TRAIN,TRAIN,TRAIN
3851,17500,2025-04-21T17:50:19.000000,DEVELOPMENT,TRAIN,TRAIN,TRAIN,TRAIN
3852,17506,2026-05-14T18:09:27.000000,CALIBRATION,NOT_USED,NOT_USED,NOT_USED,NOT_USED
3853,17509,2025-09-26T13:01:10.000000,DEVELOPMENT,VALIDATION,TRAIN,TRAIN,TRAIN
3854,17516,2026-04-21T10:12:15.000000,DEVELOPMENT,NOT_USED,NOT_USED,NOT_USED,VALIDATION
3855,17521,2026-02-25T20:43:02.000000,DEVELOPMENT,NOT_USED,NOT_USED,VALIDATION,TRAIN
3856,17531,2025-10-04T15:12:00.000000,DEVELOPMENT,VALIDATION,TRAIN,TRAIN,TRAIN
3857,17536,2026-03-08T19:09:48.000000,DEVELOPMENT,NOT_USED,NOT_USED,NOT_USED,VALIDATION
3858,17540,2025-06-21T17:46:32.000000,DEVELOPMENT,TRAIN,TRAIN,TRAIN,TRAIN
3859,17545,2025-11-24T17:28:52.000000,DEVELOPMENT,NOT_USED,VALIDATION,TRAIN,TRAIN
3860,17551,2026-01-26T12:41:14.000000,DEVELOPMENT,NOT_USED,NOT_USED,VALIDATION,TRAIN
3861,17555,2025-03-19T09:54:43.000000,DEVELOPMENT,TRAIN,TRAIN,TRAIN,TRAIN
3862,17560,2026-04-16T15:15:52.000000,DEVELOPMENT,NOT_USED,NOT_USED,NOT_USED,VALIDATION
3863,17567,2025-09-02T10:02:56.000000,DEVELOPMENT,VALIDATION,TRAIN,TRAIN,TRAIN
3864,17573,2026-05-26T15:36:34.000000,CALIBRATION,NOT_USED,NOT_USED,NOT_USED,NOT_USED
3865,17579,2025-01-09T18:05:27.000000,DEVELOPMENT,TRAIN,TRAIN,TRAIN,TRAIN
3866,17580,2026-04-23T15:00:37.000000,DEVELOPMENT,NOT_USED,NOT_USED,NOT_USED,VALIDATION
3867,17583,2026-01-18T16:11:19.000000,DEVELOPMENT,NOT_USED,NOT_USED,VALIDATION,TRAIN
3868,17586,2026-05-22T09:43:23.000000,CALIBRATION,NOT_USED,NOT_USED,NOT_USED,NOT_USED
3869,17589,2025-07-30T18:02:13.000000,DEVELOPMENT,TRAIN,TRAIN,TRAIN,TRAIN
3870,17596,2025-03-23T17:23:19.000000,DEVELOPMENT,TRAIN,TRAIN,TRAIN,TRAIN
3871,17605,2025-04-26T13:40:31.000000,DEVELOPMENT,TRAIN,TRAIN,TRAIN,TRAIN
3872,17611,2026-03-10T11:44:58.000000,DEVELOPMENT,NOT_USED,NOT_USED,NOT_USED,VALIDATION
3873,17619,2025-05-09T13:25:12.000000,DEVELOPMENT,TRAIN,TRAIN,TRAIN,TRAIN
3874,17622,2025-03-25T15:57:12.000000,DEVELOPMENT,TRAIN,TRAIN,TRAIN,TRAIN
3875,17624,2025-02-04T12:31:00.000000,DEVELOPMENT,TRAIN,TRAIN,TRAIN,TRAIN
3876,17630,2025-01-06T07:55:17.000000,DEVELOPMENT,TRAIN,TRAIN,TRAIN,TRAIN
3877,17631,2026-04-09T16:02:31.000000,DEVELOPMENT,NOT_USED,NOT_USED,NOT_USED,VALIDATION
3878,17636,2025-08-22T15:15:27.000000,DEVELOPMENT,TRAIN,TRAIN,TRAIN,TRAIN
3879,17643,2025-04-07T12:48:00.000000,DEVELOPMENT,TRAIN,TRAIN,TRAIN,TRAIN
3880,17646,2026-06-29T19:40:36.000000,PROCEDURAL_HOLDOUT,NOT_USED,NOT_USED,NOT_USED,NOT_USED
3881,17652,2025-07-17T08:49:40.000000,DEVELOPMENT,TRAIN,TRAIN,TRAIN,TRAIN
3882,17656,2026-04-07T14:54:02.000000,DEVELOPMENT,NOT_USED,NOT_USED,NOT_USED,VALIDATION
3883,17661,2025-12-17T07:41:06.000000,DEVELOPMENT,NOT_USED,VALIDATION,TRAIN,TRAIN
3884,17667,2025-08-09T11:47:17.000000,DEVELOPMENT,TRAIN,TRAIN,TRAIN,TRAIN
3885,17671,2026-03-24T18:20:08.000000,DEVELOPMENT,NOT_USED,NOT_USED,NOT_USED,VALIDATION
3886,17680,2025-06-28T13:39:55.000000,DEVELOPMENT,TRAIN,TRAIN,TRAIN,TRAIN
3887,17682,2026-06-10T16:36:25.000000,PROCEDURAL_HOLDOUT,NOT_USED,NOT_USED,NOT_USED,NOT_USED
3888,17684,2025-02-17T08:15:04.000000,DEVELOPMENT,TRAIN,TRAIN,TRAIN,TRAIN
3889,17694,2025-06-04T08:32:39.000000,DEVELOPMENT,TRAIN,TRAIN,TRAIN,TRAIN
3890,17696,2026-06-04T13:07:30.000000,PROCEDURAL_HOLDOUT,NOT_USED,NOT_USED,NOT_USED,NOT_USED
3891,17700,2025-01-02T20:56:11.000000,DEVELOPMENT,TRAIN,TRAIN,TRAIN,TRAIN
3892,17704,2025-05-03T16:22:00.000000,DEVELOPMENT,TRAIN,TRAIN,TRAIN,TRAIN
3893,17710,2026-02-11T11:37:30.000000,DEVELOPMENT,NOT_USED,NOT_USED,VALIDATION,TRAIN
3894,17714,2025-11-14T19:18:00.000000,DEVELOPMENT,NOT_USED,VALIDATION,TRAIN,TRAIN
3895,17717,2025-10-15T08:20:27.000000,DEVELOPMENT,VALIDATION,TRAIN,TRAIN,TRAIN
3896,17724,2025-08-02T20:45:24.000000,DEVELOPMENT,TRAIN,TRAIN,TRAIN,TRAIN
3897,17728,2025-08-21T19:51:56.000000,DEVELOPMENT,TRAIN,TRAIN,TRAIN,TRAIN
3898,17733,2026-06-01T10:20:33.000000,PROCEDURAL_HOLDOUT,NOT_USED,NOT_USED,NOT_USED,NOT_USED
3899,17737,2026-01-25T10:38:00.000000,DEVELOPMENT,NOT_USED,NOT_USED,VALIDATION,TRAIN
3900,17741,2026-04-06T12:36:00.000000,DEVELOPMENT,NOT_USED,NOT_USED,NOT_USED,VALIDATION
3901,17743,2026-07-01T08:51:17.000000,POST_HOLDOUT_AUDIT,NOT_USED,NOT_USED,NOT_USED,NOT_USED
3902,17750,2025-06-01T10:12:09.000000,DEVELOPMENT,TRAIN,TRAIN,TRAIN,TRAIN
3903,17752,2025-05-12T18:33:10.000000,DEVELOPMENT,TRAIN,TRAIN,TRAIN,TRAIN
3904,17755,2026-01-28T19:39:21.000000,DEVELOPMENT,NOT_USED,NOT_USED,VALIDATION,TRAIN
3905,17758,2025-12-13T15:24:11.000000,DEVELOPMENT,NOT_USED,VALIDATION,TRAIN,TRAIN
3906,17760,2025-02-04T19:09:02.000000,DEVELOPMENT,TRAIN,TRAIN,TRAIN,TRAIN
3907,17768,2025-11-24T16:22:34.000000,DEVELOPMENT,NOT_USED,VALIDATION,TRAIN,TRAIN
3908,17769,2025-11-14T17:10:20.000000,DEVELOPMENT,NOT_USED,VALIDATION,TRAIN,TRAIN
3909,17773,2025-12-04T19:11:29.000000,DEVELOPMENT,NOT_USED,VALIDATION,TRAIN,TRAIN
3910,17777,2025-09-16T19:46:00.000000,DEVELOPMENT,VALIDATION,TRAIN,TRAIN,TRAIN
3911,17780,2025-10-19T15:52:49.000000,DEVELOPMENT,VALIDATION,TRAIN,TRAIN,TRAIN
3912,17783,2026-01-08T10:22:00.000000,DEVELOPMENT,NOT_USED,NOT_USED,VALIDATION,TRAIN
3913,17788,2026-06-16T10:47:31.000000,PROCEDURAL_HOLDOUT,NOT_USED,NOT_USED,NOT_USED,NOT_USED
3914,17792,2026-06-23T09:55:57.000000,PROCEDURAL_HOLDOUT,NOT_USED,NOT_USED,NOT_USED,NOT_USED
3915,17795,2025-05-22T19:23:07.000000,DEVELOPMENT,TRAIN,TRAIN,TRAIN,TRAIN
3916,17798,2025-07-11T09:01:36.000000,DEVELOPMENT,TRAIN,TRAIN,TRAIN,TRAIN
3917,17806,2026-04-27T20:46:33.000000,DEVELOPMENT,NOT_USED,NOT_USED,NOT_USED,VALIDATION
3918,17807,2025-08-01T18:32:54.000000,DEVELOPMENT,TRAIN,TRAIN,TRAIN,TRAIN
3919,17812,2026-01-02T17:27:17.000000,DEVELOPMENT,NOT_USED,NOT_USED,VALIDATION,TRAIN
3920,17813,2026-06-03T07:18:39.000000,PROCEDURAL_HOLDOUT,NOT_USED,NOT_USED,NOT_USED,NOT_USED
3921,17816,2026-05-23T13:46:00.000000,CALIBRATION,NOT_USED,NOT_USED,NOT_USED,NOT_USED
3922,17818,2025-12-16T11:16:48.000000,DEVELOPMENT,NOT_USED,VALIDATION,TRAIN,TRAIN
3923,17826,2026-03-12T20:50:23.000000,DEVELOPMENT,NOT_USED,NOT_USED,NOT_USED,VALIDATION
3924,17829,2026-04-06T07:41:12.000000,DEVELOPMENT,NOT_USED,NOT_USED,NOT_USED,VALIDATION
3925,17835,2025-12-27T12:12:13.000000,DEVELOPMENT,NOT_USED,VALIDATION,TRAIN,TRAIN
3926,17841,2025-07-20T16:58:37.000000,DEVELOPMENT,TRAIN,TRAIN,TRAIN,TRAIN
3927,17842,2025-02-08T15:18:03.000000,DEVELOPMENT,TRAIN,TRAIN,TRAIN,TRAIN
3928,17853,2026-05-13T14:58:17.000000,CALIBRATION,NOT_USED,NOT_USED,NOT_USED,NOT_USED
3929,17856,2026-01-20T09:30:00.000000,DEVELOPMENT,NOT_USED,NOT_USED,VALIDATION,TRAIN
3930,17862,2025-02-22T09:20:28.000000,DEVELOPMENT,TRAIN,TRAIN,TRAIN,TRAIN
3931,17865,2026-02-02T19:07:00.000000,DEVELOPMENT,NOT_USED,NOT_USED,VALIDATION,TRAIN
3932,17866,2025-01-29T18:11:39.000000,DEVELOPMENT,TRAIN,TRAIN,TRAIN,TRAIN
3933,17872,2025-07-09T07:23:10.000000,DEVELOPMENT,TRAIN,TRAIN,TRAIN,TRAIN
3934,17879,2025-05-05T10:09:14.000000,DEVELOPMENT,TRAIN,TRAIN,TRAIN,TRAIN
3935,17885,2025-08-11T08:25:31.000000,DEVELOPMENT,TRAIN,TRAIN,TRAIN,TRAIN
3936,17888,2026-06-05T10:49:35.000000,PROCEDURAL_HOLDOUT,NOT_USED,NOT_USED,NOT_USED,NOT_USED
3937,17889,2026-04-25T08:48:29.000000,DEVELOPMENT,NOT_USED,NOT_USED,NOT_USED,VALIDATION
3938,17893,2026-04-14T16:55:22.000000,DEVELOPMENT,NOT_USED,NOT_USED,NOT_USED,VALIDATION
3939,17903,2026-05-29T14:13:15.000000,CALIBRATION,NOT_USED,NOT_USED,NOT_USED,NOT_USED
3940,17910,2025-02-24T10:24:04.000000,DEVELOPMENT,TRAIN,TRAIN,TRAIN,TRAIN
3941,17911,2026-03-02T20:06:06.000000,DEVELOPMENT,NOT_USED,NOT_USED,NOT_USED,VALIDATION
3942,17915,2026-03-27T13:00:44.000000,DEVELOPMENT,NOT_USED,NOT_USED,NOT_USED,VALIDATION
3943,17924,2025-03-26T11:30:40.000000,DEVELOPMENT,TRAIN,TRAIN,TRAIN,TRAIN
3944,17925,2025-09-14T11:55:00.000000,DEVELOPMENT,VALIDATION,TRAIN,TRAIN,TRAIN
3945,17927,2025-08-05T09:40:28.000000,DEVELOPMENT,TRAIN,TRAIN,TRAIN,TRAIN
3946,17931,2025-11-17T11:17:13.000000,DEVELOPMENT,NOT_USED,VALIDATION,TRAIN,TRAIN
3947,17935,2025-12-02T16:30:00.000000,DEVELOPMENT,NOT_USED,VALIDATION,TRAIN,TRAIN
3948,17940,2025-02-10T10:05:36.000000,DEVELOPMENT,TRAIN,TRAIN,TRAIN,TRAIN
3949,17942,2026-04-26T15:19:26.000000,DEVELOPMENT,NOT_USED,NOT_USED,NOT_USED,VALIDATION
3950,17951,2025-08-23T12:49:27.000000,DEVELOPMENT,TRAIN,TRAIN,TRAIN,TRAIN
3951,17952,2025-03-19T12:51:19.000000,DEVELOPMENT,TRAIN,TRAIN,TRAIN,TRAIN
3952,17955,2025-06-14T17:30:06.000000,DEVELOPMENT,TRAIN,TRAIN,TRAIN,TRAIN
3953,17960,2025-12-26T18:51:13.000000,DEVELOPMENT,NOT_USED,VALIDATION,TRAIN,TRAIN
3954,17962,2025-03-03T14:27:00.000000,DEVELOPMENT,TRAIN,TRAIN,TRAIN,TRAIN
3955,17967,2025-10-19T08:40:32.000000,DEVELOPMENT,VALIDATION,TRAIN,TRAIN,TRAIN
3956,17970,2026-02-27T12:59:43.000000,DEVELOPMENT,NOT_USED,NOT_USED,VALIDATION,TRAIN
3957,17971,2026-02-03T13:30:00.000000,DEVELOPMENT,NOT_USED,NOT_USED,VALIDATION,TRAIN
3958,17975,2025-06-18T13:25:41.000000,DEVELOPMENT,TRAIN,TRAIN,TRAIN,TRAIN
3959,17980,2025-11-17T09:37:00.000000,DEVELOPMENT,NOT_USED,VALIDATION,TRAIN,TRAIN
3960,17983,2026-02-03T16:36:26.000000,DEVELOPMENT,NOT_USED,NOT_USED,VALIDATION,TRAIN
3961,17984,2025-06-15T20:33:00.000000,DEVELOPMENT,TRAIN,TRAIN,TRAIN,TRAIN
3962,17995,2026-05-30T09:25:40.000000,CALIBRATION,NOT_USED,NOT_USED,NOT_USED,NOT_USED
3963,17998,2025-06-20T09:35:03.000000,DEVELOPMENT,TRAIN,TRAIN,TRAIN,TRAIN
3964,18002,2025-10-21T13:01:42.000000,DEVELOPMENT,VALIDATION,TRAIN,TRAIN,TRAIN
3965,18007,2025-03-17T08:31:29.000000,DEVELOPMENT,TRAIN,TRAIN,TRAIN,TRAIN
3966,18014,2026-02-21T09:19:12.000000,DEVELOPMENT,NOT_USED,NOT_USED,VALIDATION,TRAIN
3967,18022,2025-10-30T19:06:30.000000,DEVELOPMENT,VALIDATION,TRAIN,TRAIN,TRAIN
3968,18026,2025-12-23T07:53:13.000000,DEVELOPMENT,NOT_USED,VALIDATION,TRAIN,TRAIN
3969,18028,2026-05-08T20:49:09.000000,CALIBRATION,NOT_USED,NOT_USED,NOT_USED,NOT_USED
3970,18031,2025-10-09T11:48:00.000000,DEVELOPMENT,VALIDATION,TRAIN,TRAIN,TRAIN
3971,18035,2025-07-09T11:12:50.000000,DEVELOPMENT,TRAIN,TRAIN,TRAIN,TRAIN
3972,18042,2025-06-22T17:13:40.000000,DEVELOPMENT,TRAIN,TRAIN,TRAIN,TRAIN
3973,18047,2025-11-13T09:48:22.000000,DEVELOPMENT,NOT_USED,VALIDATION,TRAIN,TRAIN
3974,18049,2025-06-17T14:30:48.000000,DEVELOPMENT,TRAIN,TRAIN,TRAIN,TRAIN
3975,18051,2025-07-27T17:59:23.000000,DEVELOPMENT,TRAIN,TRAIN,TRAIN,TRAIN
3976,18055,2026-02-17T09:29:00.000000,DEVELOPMENT,NOT_USED,NOT_USED,VALIDATION,TRAIN
3977,18056,2025-08-11T12:02:00.000000,DEVELOPMENT,TRAIN,TRAIN,TRAIN,TRAIN
3978,18061,2025-02-28T20:51:16.000000,DEVELOPMENT,TRAIN,TRAIN,TRAIN,TRAIN
3979,18062,2026-03-29T11:10:00.000000,DEVELOPMENT,NOT_USED,NOT_USED,NOT_USED,VALIDATION
3980,18063,2026-02-26T11:13:15.000000,DEVELOPMENT,NOT_USED,NOT_USED,VALIDATION,TRAIN
3981,18066,2025-05-25T12:27:00.000000,DEVELOPMENT,TRAIN,TRAIN,TRAIN,TRAIN
3982,18069,2026-02-27T18:52:10.000000,DEVELOPMENT,NOT_USED,NOT_USED,VALIDATION,TRAIN
3983,18072,2026-01-14T13:36:52.000000,DEVELOPMENT,NOT_USED,NOT_USED,VALIDATION,TRAIN
3984,18077,2025-02-13T14:25:03.000000,DEVELOPMENT,TRAIN,TRAIN,TRAIN,TRAIN
3985,18080,2026-05-14T10:42:56.000000,CALIBRATION,NOT_USED,NOT_USED,NOT_USED,NOT_USED
3986,18088,2025-05-03T19:37:13.000000,DEVELOPMENT,TRAIN,TRAIN,TRAIN,TRAIN
3987,18095,2025-08-26T20:04:19.000000,DEVELOPMENT,TRAIN,TRAIN,TRAIN,TRAIN
3988,18101,2025-04-02T10:03:51.000000,DEVELOPMENT,TRAIN,TRAIN,TRAIN,TRAIN
3989,18103,2026-01-20T11:15:00.000000,DEVELOPMENT,NOT_USED,NOT_USED,VALIDATION,TRAIN
3990,18105,2025-08-13T17:02:23.000000,DEVELOPMENT,TRAIN,TRAIN,TRAIN,TRAIN
3991,18111,2025-05-25T11:11:11.000000,DEVELOPMENT,TRAIN,TRAIN,TRAIN,TRAIN
3992,18116,2026-02-03T12:52:00.000000,DEVELOPMENT,NOT_USED,NOT_USED,VALIDATION,TRAIN
3993,18119,2025-10-16T11:37:51.000000,DEVELOPMENT,VALIDATION,TRAIN,TRAIN,TRAIN
3994,18122,2025-06-06T19:48:09.000000,DEVELOPMENT,TRAIN,TRAIN,TRAIN,TRAIN
3995,18126,2025-11-25T16:01:45.000000,DEVELOPMENT,NOT_USED,VALIDATION,TRAIN,TRAIN
3996,18131,2026-01-11T10:08:03.000000,DEVELOPMENT,NOT_USED,NOT_USED,VALIDATION,TRAIN
3997,18139,2026-04-03T14:50:01.000000,DEVELOPMENT,NOT_USED,NOT_USED,NOT_USED,VALIDATION
3998,18143,2026-05-06T14:46:31.000000,CALIBRATION,NOT_USED,NOT_USED,NOT_USED,NOT_USED
3999,18147,2026-01-13T07:43:38.000000,DEVELOPMENT,NOT_USED,NOT_USED,VALIDATION,TRAIN
4000,18152,2026-03-28T16:07:33.000000,DEVELOPMENT,NOT_USED,NOT_USED,NOT_USED,VALIDATION
4001,18154,2025-06-15T20:01:36.000000,DEVELOPMENT,TRAIN,TRAIN,TRAIN,TRAIN
4002,18165,2026-03-01T14:11:04.000000,DEVELOPMENT,NOT_USED,NOT_USED,NOT_USED,VALIDATION
4003,18166,2026-03-07T19:08:34.000000,DEVELOPMENT,NOT_USED,NOT_USED,NOT_USED,VALIDATION
4004,18173,2025-12-25T09:16:22.000000,DEVELOPMENT,NOT_USED,VALIDATION,TRAIN,TRAIN
4005,18175,2026-04-09T07:31:57.000000,DEVELOPMENT,NOT_USED,NOT_USED,NOT_USED,VALIDATION
4006,18178,2026-02-15T16:01:20.000000,DEVELOPMENT,NOT_USED,NOT_USED,VALIDATION,TRAIN
4007,18188,2025-10-27T07:50:46.000000,DEVELOPMENT,VALIDATION,TRAIN,TRAIN,TRAIN
4008,18190,2025-11-10T13:59:23.000000,DEVELOPMENT,NOT_USED,VALIDATION,TRAIN,TRAIN
4009,18192,2025-11-19T13:23:30.000000,DEVELOPMENT,NOT_USED,VALIDATION,TRAIN,TRAIN
4010,18198,2025-07-21T16:41:38.000000,DEVELOPMENT,TRAIN,TRAIN,TRAIN,TRAIN
4011,18204,2026-01-08T15:50:46.000000,DEVELOPMENT,NOT_USED,NOT_USED,VALIDATION,TRAIN
4012,18205,2026-03-22T12:31:28.000000,DEVELOPMENT,NOT_USED,NOT_USED,NOT_USED,VALIDATION
4013,18211,2025-09-13T19:47:12.000000,DEVELOPMENT,VALIDATION,TRAIN,TRAIN,TRAIN
4014,18213,2026-02-24T14:47:34.000000,DEVELOPMENT,NOT_USED,NOT_USED,VALIDATION,TRAIN
4015,18225,2025-11-11T08:07:27.000000,DEVELOPMENT,NOT_USED,VALIDATION,TRAIN,TRAIN
4016,18226,2026-02-05T09:17:00.000000,DEVELOPMENT,NOT_USED,NOT_USED,VALIDATION,TRAIN
4017,18227,2026-01-19T13:17:43.000000,DEVELOPMENT,NOT_USED,NOT_USED,VALIDATION,TRAIN
4018,18230,2025-04-29T15:15:00.000000,DEVELOPMENT,TRAIN,TRAIN,TRAIN,TRAIN
4019,18231,2025-06-05T18:57:09.000000,DEVELOPMENT,TRAIN,TRAIN,TRAIN,TRAIN
4020,18233,2026-01-21T07:15:10.000000,DEVELOPMENT,NOT_USED,NOT_USED,VALIDATION,TRAIN
4021,18239,2025-02-20T07:23:19.000000,DEVELOPMENT,TRAIN,TRAIN,TRAIN,TRAIN
4022,18248,2025-05-30T12:01:00.000000,DEVELOPMENT,TRAIN,TRAIN,TRAIN,TRAIN
4023,18252,2025-06-23T17:54:17.000000,DEVELOPMENT,TRAIN,TRAIN,TRAIN,TRAIN
4024,18259,2026-03-21T08:44:18.000000,DEVELOPMENT,NOT_USED,NOT_USED,NOT_USED,VALIDATION
4025,18263,2025-08-08T14:08:55.000000,DEVELOPMENT,TRAIN,TRAIN,TRAIN,TRAIN
4026,18266,2026-04-28T18:51:38.000000,DEVELOPMENT,NOT_USED,NOT_USED,NOT_USED,VALIDATION
4027,18271,2026-05-04T11:05:07.000000,CALIBRATION,NOT_USED,NOT_USED,NOT_USED,NOT_USED
4028,18275,2025-12-30T14:40:03.000000,DEVELOPMENT,NOT_USED,VALIDATION,TRAIN,TRAIN
4029,18278,2026-05-12T16:52:29.000000,CALIBRATION,NOT_USED,NOT_USED,NOT_USED,NOT_USED
4030,18284,2025-05-11T07:17:00.000000,DEVELOPMENT,TRAIN,TRAIN,TRAIN,TRAIN
4031,18292,2025-12-07T19:10:35.000000,DEVELOPMENT,NOT_USED,VALIDATION,TRAIN,TRAIN
4032,18296,2025-12-30T09:47:33.000000,DEVELOPMENT,NOT_USED,VALIDATION,TRAIN,TRAIN
4033,18302,2025-02-25T08:42:07.000000,DEVELOPMENT,TRAIN,TRAIN,TRAIN,TRAIN
4034,18308,2026-01-02T08:51:50.000000,DEVELOPMENT,NOT_USED,NOT_USED,VALIDATION,TRAIN
4035,18315,2025-03-26T12:00:29.000000,DEVELOPMENT,TRAIN,TRAIN,TRAIN,TRAIN
4036,18323,2025-02-14T09:46:09.000000,DEVELOPMENT,TRAIN,TRAIN,TRAIN,TRAIN
4037,18325,2025-02-12T11:26:00.000000,DEVELOPMENT,TRAIN,TRAIN,TRAIN,TRAIN
4038,18333,2026-02-16T15:46:52.000000,DEVELOPMENT,NOT_USED,NOT_USED,VALIDATION,TRAIN
4039,18336,2025-09-04T14:54:59.000000,DEVELOPMENT,VALIDATION,TRAIN,TRAIN,TRAIN
4040,18338,2025-07-14T16:22:20.000000,DEVELOPMENT,TRAIN,TRAIN,TRAIN,TRAIN
4041,18344,2026-01-04T13:25:47.000000,DEVELOPMENT,NOT_USED,NOT_USED,VALIDATION,TRAIN
4042,18347,2025-04-13T15:19:00.000000,DEVELOPMENT,TRAIN,TRAIN,TRAIN,TRAIN
4043,18352,2026-06-01T11:09:26.000000,PROCEDURAL_HOLDOUT,NOT_USED,NOT_USED,NOT_USED,NOT_USED
4044,18360,2025-01-18T18:41:29.000000,DEVELOPMENT,TRAIN,TRAIN,TRAIN,TRAIN
4045,18363,2025-05-14T14:41:01.000000,DEVELOPMENT,TRAIN,TRAIN,TRAIN,TRAIN
4046,18367,2026-02-03T07:56:41.000000,DEVELOPMENT,NOT_USED,NOT_USED,VALIDATION,TRAIN
4047,18372,2025-03-22T19:28:19.000000,DEVELOPMENT,TRAIN,TRAIN,TRAIN,TRAIN
4048,18379,2025-06-04T14:34:44.000000,DEVELOPMENT,TRAIN,TRAIN,TRAIN,TRAIN
4049,18380,2025-08-02T16:40:00.000000,DEVELOPMENT,TRAIN,TRAIN,TRAIN,TRAIN
4050,18389,2025-02-02T19:45:21.000000,DEVELOPMENT,TRAIN,TRAIN,TRAIN,TRAIN
4051,18391,2025-11-01T16:31:21.000000,DEVELOPMENT,NOT_USED,VALIDATION,TRAIN,TRAIN
4052,18398,2026-02-21T12:52:34.000000,DEVELOPMENT,NOT_USED,NOT_USED,VALIDATION,TRAIN
4053,18400,2025-01-26T19:48:29.000000,DEVELOPMENT,TRAIN,TRAIN,TRAIN,TRAIN
4054,18401,2025-06-29T13:58:49.000000,DEVELOPMENT,TRAIN,TRAIN,TRAIN,TRAIN
4055,18405,2026-03-31T17:10:29.000000,DEVELOPMENT,NOT_USED,NOT_USED,NOT_USED,VALIDATION
4056,18410,2026-01-15T14:04:05.000000,DEVELOPMENT,NOT_USED,NOT_USED,VALIDATION,TRAIN
4057,18415,2025-12-10T14:39:28.000000,DEVELOPMENT,NOT_USED,VALIDATION,TRAIN,TRAIN
4058,18417,2025-01-30T10:31:37.000000,DEVELOPMENT,TRAIN,TRAIN,TRAIN,TRAIN
4059,18421,2026-02-23T19:17:41.000000,DEVELOPMENT,NOT_USED,NOT_USED,VALIDATION,TRAIN
4060,18427,2025-12-03T16:20:54.000000,DEVELOPMENT,NOT_USED,VALIDATION,TRAIN,TRAIN
4061,18437,2026-06-05T09:55:13.000000,PROCEDURAL_HOLDOUT,NOT_USED,NOT_USED,NOT_USED,NOT_USED
4062,18438,2025-09-28T17:31:03.000000,DEVELOPMENT,VALIDATION,TRAIN,TRAIN,TRAIN
4063,18444,2026-02-03T18:14:27.000000,DEVELOPMENT,NOT_USED,NOT_USED,VALIDATION,TRAIN
4064,18453,2025-10-14T16:29:04.000000,DEVELOPMENT,VALIDATION,TRAIN,TRAIN,TRAIN
4065,18455,2026-03-20T14:14:08.000000,DEVELOPMENT,NOT_USED,NOT_USED,NOT_USED,VALIDATION
4066,18460,2025-10-13T09:18:03.000000,DEVELOPMENT,VALIDATION,TRAIN,TRAIN,TRAIN
4067,18464,2025-12-25T19:05:15.000000,DEVELOPMENT,NOT_USED,VALIDATION,TRAIN,TRAIN
4068,18466,2025-09-04T07:00:04.000000,DEVELOPMENT,VALIDATION,TRAIN,TRAIN,TRAIN
4069,18467,2025-06-01T18:29:30.000000,DEVELOPMENT,TRAIN,TRAIN,TRAIN,TRAIN
4070,18475,2025-04-08T20:13:55.000000,DEVELOPMENT,TRAIN,TRAIN,TRAIN,TRAIN
4071,18480,2025-05-07T16:00:46.000000,DEVELOPMENT,TRAIN,TRAIN,TRAIN,TRAIN
4072,18488,2025-11-19T11:04:03.000000,DEVELOPMENT,NOT_USED,VALIDATION,TRAIN,TRAIN
4073,18489,2026-06-26T17:56:36.000000,PROCEDURAL_HOLDOUT,NOT_USED,NOT_USED,NOT_USED,NOT_USED
4074,18495,2025-05-28T17:12:30.000000,DEVELOPMENT,TRAIN,TRAIN,TRAIN,TRAIN
4075,18502,2025-08-15T13:05:02.000000,DEVELOPMENT,TRAIN,TRAIN,TRAIN,TRAIN
4076,18506,2026-03-07T17:58:00.000000,DEVELOPMENT,NOT_USED,NOT_USED,NOT_USED,VALIDATION
4077,18507,2025-10-09T13:01:18.000000,DEVELOPMENT,VALIDATION,TRAIN,TRAIN,TRAIN
4078,18508,2026-03-27T16:49:33.000000,DEVELOPMENT,NOT_USED,NOT_USED,NOT_USED,VALIDATION
4079,18513,2025-04-26T11:47:48.000000,DEVELOPMENT,TRAIN,TRAIN,TRAIN,TRAIN
4080,18515,2025-05-08T15:12:24.000000,DEVELOPMENT,TRAIN,TRAIN,TRAIN,TRAIN
4081,18519,2025-03-07T13:46:45.000000,DEVELOPMENT,TRAIN,TRAIN,TRAIN,TRAIN
4082,18526,2025-02-10T13:58:16.000000,DEVELOPMENT,TRAIN,TRAIN,TRAIN,TRAIN
4083,18529,2025-09-05T17:27:22.000000,DEVELOPMENT,VALIDATION,TRAIN,TRAIN,TRAIN
4084,18541,2025-03-27T11:45:29.000000,DEVELOPMENT,TRAIN,TRAIN,TRAIN,TRAIN
4085,18543,2025-12-12T13:44:17.000000,DEVELOPMENT,NOT_USED,VALIDATION,TRAIN,TRAIN
4086,18552,2025-04-05T16:14:52.000000,DEVELOPMENT,TRAIN,TRAIN,TRAIN,TRAIN
4087,18554,2026-04-29T13:41:15.000000,DEVELOPMENT,NOT_USED,NOT_USED,NOT_USED,VALIDATION
4088,18558,2025-05-13T15:03:06.000000,DEVELOPMENT,TRAIN,TRAIN,TRAIN,TRAIN
4089,18562,2025-11-01T18:12:00.000000,DEVELOPMENT,NOT_USED,VALIDATION,TRAIN,TRAIN
4090,18564,2026-06-06T13:16:41.000000,PROCEDURAL_HOLDOUT,NOT_USED,NOT_USED,NOT_USED,NOT_USED
4091,18571,2025-08-20T10:46:01.000000,DEVELOPMENT,TRAIN,TRAIN,TRAIN,TRAIN
4092,18577,2026-02-17T11:30:37.000000,DEVELOPMENT,NOT_USED,NOT_USED,VALIDATION,TRAIN
4093,18580,2026-04-22T16:15:10.000000,DEVELOPMENT,NOT_USED,NOT_USED,NOT_USED,VALIDATION
4094,18588,2025-10-29T08:45:20.000000,DEVELOPMENT,VALIDATION,TRAIN,TRAIN,TRAIN
4095,18592,2026-01-23T17:37:25.000000,DEVELOPMENT,NOT_USED,NOT_USED,VALIDATION,TRAIN
4096,18598,2025-02-26T08:29:19.000000,DEVELOPMENT,TRAIN,TRAIN,TRAIN,TRAIN
4097,18599,2025-06-15T07:41:35.000000,DEVELOPMENT,TRAIN,TRAIN,TRAIN,TRAIN
4098,18606,2025-03-03T07:30:34.000000,DEVELOPMENT,TRAIN,TRAIN,TRAIN,TRAIN
4099,18609,2026-05-22T16:14:00.000000,CALIBRATION,NOT_USED,NOT_USED,NOT_USED,NOT_USED
4100,18612,2026-04-29T20:20:56.000000,DEVELOPMENT,NOT_USED,NOT_USED,NOT_USED,VALIDATION
4101,18613,2025-08-07T14:53:00.000000,DEVELOPMENT,TRAIN,TRAIN,TRAIN,TRAIN
4102,18614,2026-02-06T17:49:00.000000,DEVELOPMENT,NOT_USED,NOT_USED,VALIDATION,TRAIN
4103,18616,2025-12-29T15:08:48.000000,DEVELOPMENT,NOT_USED,VALIDATION,TRAIN,TRAIN
4104,18617,2025-10-14T07:22:52.000000,DEVELOPMENT,VALIDATION,TRAIN,TRAIN,TRAIN
4105,18618,2026-06-17T08:33:06.000000,PROCEDURAL_HOLDOUT,NOT_USED,NOT_USED,NOT_USED,NOT_USED
4106,18621,2025-01-14T14:48:48.000000,DEVELOPMENT,TRAIN,TRAIN,TRAIN,TRAIN
4107,18631,2025-02-05T12:04:32.000000,DEVELOPMENT,TRAIN,TRAIN,TRAIN,TRAIN
4108,18634,2026-07-05T14:02:59.000000,POST_HOLDOUT_AUDIT,NOT_USED,NOT_USED,NOT_USED,NOT_USED
4109,18639,2025-11-02T09:28:34.000000,DEVELOPMENT,NOT_USED,VALIDATION,TRAIN,TRAIN
4110,18645,2025-11-18T19:51:47.000000,DEVELOPMENT,NOT_USED,VALIDATION,TRAIN,TRAIN
4111,18649,2025-08-01T15:56:40.000000,DEVELOPMENT,TRAIN,TRAIN,TRAIN,TRAIN
4112,18654,2025-04-26T09:31:17.000000,DEVELOPMENT,TRAIN,TRAIN,TRAIN,TRAIN
4113,18658,2025-08-23T07:21:17.000000,DEVELOPMENT,TRAIN,TRAIN,TRAIN,TRAIN
4114,18666,2025-12-10T07:10:48.000000,DEVELOPMENT,NOT_USED,VALIDATION,TRAIN,TRAIN
4115,18673,2025-05-19T10:17:30.000000,DEVELOPMENT,TRAIN,TRAIN,TRAIN,TRAIN
4116,18679,2025-03-07T12:53:58.000000,DEVELOPMENT,TRAIN,TRAIN,TRAIN,TRAIN
4117,18686,2026-05-17T08:56:34.000000,CALIBRATION,NOT_USED,NOT_USED,NOT_USED,NOT_USED
4118,18691,2026-02-01T11:06:54.000000,DEVELOPMENT,NOT_USED,NOT_USED,VALIDATION,TRAIN
4119,18700,2025-04-10T08:35:22.000000,DEVELOPMENT,TRAIN,TRAIN,TRAIN,TRAIN
4120,18707,2025-03-04T15:52:09.000000,DEVELOPMENT,TRAIN,TRAIN,TRAIN,TRAIN
4121,18708,2025-04-12T20:07:00.000000,DEVELOPMENT,TRAIN,TRAIN,TRAIN,TRAIN
4122,18714,2026-05-08T07:29:03.000000,CALIBRATION,NOT_USED,NOT_USED,NOT_USED,NOT_USED
4123,18716,2025-03-06T11:25:27.000000,DEVELOPMENT,TRAIN,TRAIN,TRAIN,TRAIN
4124,18719,2025-04-06T19:32:00.000000,DEVELOPMENT,TRAIN,TRAIN,TRAIN,TRAIN
4125,18722,2025-04-06T11:10:00.000000,DEVELOPMENT,TRAIN,TRAIN,TRAIN,TRAIN
4126,18724,2025-09-20T09:54:49.000000,DEVELOPMENT,VALIDATION,TRAIN,TRAIN,TRAIN
4127,18734,2025-11-07T10:27:01.000000,DEVELOPMENT,NOT_USED,VALIDATION,TRAIN,TRAIN
4128,18738,2025-06-16T19:27:29.000000,DEVELOPMENT,TRAIN,TRAIN,TRAIN,TRAIN
4129,18743,2025-05-27T08:17:20.000000,DEVELOPMENT,TRAIN,TRAIN,TRAIN,TRAIN
4130,18744,2026-05-23T09:36:50.000000,CALIBRATION,NOT_USED,NOT_USED,NOT_USED,NOT_USED
4131,18745,2026-05-07T19:49:35.000000,CALIBRATION,NOT_USED,NOT_USED,NOT_USED,NOT_USED
4132,18755,2025-05-01T16:02:11.000000,DEVELOPMENT,TRAIN,TRAIN,TRAIN,TRAIN
4133,18762,2026-03-06T18:01:32.000000,DEVELOPMENT,NOT_USED,NOT_USED,NOT_USED,VALIDATION
4134,18765,2025-11-29T18:38:00.000000,DEVELOPMENT,NOT_USED,VALIDATION,TRAIN,TRAIN
4135,18768,2025-12-10T15:03:22.000000,DEVELOPMENT,NOT_USED,VALIDATION,TRAIN,TRAIN
4136,18770,2026-03-30T13:25:29.000000,DEVELOPMENT,NOT_USED,NOT_USED,NOT_USED,VALIDATION
4137,18775,2025-05-31T13:46:57.000000,DEVELOPMENT,TRAIN,TRAIN,TRAIN,TRAIN
4138,18779,2026-05-16T19:45:34.000000,CALIBRATION,NOT_USED,NOT_USED,NOT_USED,NOT_USED
4139,18782,2026-06-14T14:33:22.000000,PROCEDURAL_HOLDOUT,NOT_USED,NOT_USED,NOT_USED,NOT_USED
4140,18790,2025-12-30T16:58:00.000000,DEVELOPMENT,NOT_USED,VALIDATION,TRAIN,TRAIN
4141,18793,2025-04-02T19:06:32.000000,DEVELOPMENT,TRAIN,TRAIN,TRAIN,TRAIN
4142,18805,2025-08-24T17:34:37.000000,DEVELOPMENT,TRAIN,TRAIN,TRAIN,TRAIN
4143,18807,2026-05-26T18:39:10.000000,CALIBRATION,NOT_USED,NOT_USED,NOT_USED,NOT_USED
4144,18812,2026-03-04T08:15:18.000000,DEVELOPMENT,NOT_USED,NOT_USED,NOT_USED,VALIDATION
4145,18816,2025-06-29T19:31:29.000000,DEVELOPMENT,TRAIN,TRAIN,TRAIN,TRAIN
4146,18821,2026-05-13T19:46:45.000000,CALIBRATION,NOT_USED,NOT_USED,NOT_USED,NOT_USED
4147,18823,2026-01-20T15:35:41.000000,DEVELOPMENT,NOT_USED,NOT_USED,VALIDATION,TRAIN
4148,18829,2026-03-23T17:52:34.000000,DEVELOPMENT,NOT_USED,NOT_USED,NOT_USED,VALIDATION
4149,18832,2026-01-27T16:01:42.000000,DEVELOPMENT,NOT_USED,NOT_USED,VALIDATION,TRAIN
4150,18835,2026-06-14T07:09:55.000000,PROCEDURAL_HOLDOUT,NOT_USED,NOT_USED,NOT_USED,NOT_USED
4151,18838,2026-05-07T11:16:00.000000,CALIBRATION,NOT_USED,NOT_USED,NOT_USED,NOT_USED
4152,18841,2025-01-23T17:10:35.000000,DEVELOPMENT,TRAIN,TRAIN,TRAIN,TRAIN
4153,18843,2025-07-04T17:59:11.000000,DEVELOPMENT,TRAIN,TRAIN,TRAIN,TRAIN
4154,18845,2025-10-29T17:51:08.000000,DEVELOPMENT,VALIDATION,TRAIN,TRAIN,TRAIN
4155,18853,2025-06-01T08:11:36.000000,DEVELOPMENT,TRAIN,TRAIN,TRAIN,TRAIN
4156,18857,2025-10-17T15:12:31.000000,DEVELOPMENT,VALIDATION,TRAIN,TRAIN,TRAIN
4157,18860,2025-08-31T13:17:24.000000,DEVELOPMENT,TRAIN,TRAIN,TRAIN,TRAIN
4158,18861,2026-05-23T07:07:00.000000,CALIBRATION,NOT_USED,NOT_USED,NOT_USED,NOT_USED
4159,18863,2026-05-12T09:49:48.000000,CALIBRATION,NOT_USED,NOT_USED,NOT_USED,NOT_USED
4160,18870,2025-09-18T13:47:55.000000,DEVELOPMENT,VALIDATION,TRAIN,TRAIN,TRAIN
4161,18873,2025-06-26T10:32:56.000000,DEVELOPMENT,TRAIN,TRAIN,TRAIN,TRAIN
4162,18880,2025-08-08T20:05:20.000000,DEVELOPMENT,TRAIN,TRAIN,TRAIN,TRAIN
4163,18890,2025-12-03T12:02:10.000000,DEVELOPMENT,NOT_USED,VALIDATION,TRAIN,TRAIN
4164,18891,2025-12-19T08:31:00.000000,DEVELOPMENT,NOT_USED,VALIDATION,TRAIN,TRAIN
4165,18892,2025-06-06T20:12:00.000000,DEVELOPMENT,TRAIN,TRAIN,TRAIN,TRAIN
4166,18896,2025-11-14T11:31:12.000000,DEVELOPMENT,NOT_USED,VALIDATION,TRAIN,TRAIN
4167,18902,2025-04-06T15:01:05.000000,DEVELOPMENT,TRAIN,TRAIN,TRAIN,TRAIN
4168,18905,2026-06-30T12:45:28.000000,PROCEDURAL_HOLDOUT,NOT_USED,NOT_USED,NOT_USED,NOT_USED
4169,18907,2025-02-17T15:28:00.000000,DEVELOPMENT,TRAIN,TRAIN,TRAIN,TRAIN
4170,18917,2026-04-03T20:10:05.000000,DEVELOPMENT,NOT_USED,NOT_USED,NOT_USED,VALIDATION
4171,18923,2026-05-15T18:20:01.000000,CALIBRATION,NOT_USED,NOT_USED,NOT_USED,NOT_USED
4172,18924,2025-12-20T10:08:32.000000,DEVELOPMENT,NOT_USED,VALIDATION,TRAIN,TRAIN
4173,18931,2025-12-05T07:35:58.000000,DEVELOPMENT,NOT_USED,VALIDATION,TRAIN,TRAIN
4174,18935,2026-05-17T07:21:44.000000,CALIBRATION,NOT_USED,NOT_USED,NOT_USED,NOT_USED
4175,18939,2026-02-12T19:46:41.000000,DEVELOPMENT,NOT_USED,NOT_USED,VALIDATION,TRAIN
4176,18946,2025-02-28T18:57:00.000000,DEVELOPMENT,TRAIN,TRAIN,TRAIN,TRAIN
4177,18949,2026-01-31T16:47:55.000000,DEVELOPMENT,NOT_USED,NOT_USED,VALIDATION,TRAIN
4178,18955,2025-09-10T17:18:43.000000,DEVELOPMENT,VALIDATION,TRAIN,TRAIN,TRAIN
4179,18956,2025-01-16T16:53:07.000000,DEVELOPMENT,TRAIN,TRAIN,TRAIN,TRAIN
4180,18959,2025-05-15T17:55:02.000000,DEVELOPMENT,TRAIN,TRAIN,TRAIN,TRAIN
4181,18961,2025-09-15T09:52:46.000000,DEVELOPMENT,VALIDATION,TRAIN,TRAIN,TRAIN
4182,18963,2025-03-02T10:28:30.000000,DEVELOPMENT,TRAIN,TRAIN,TRAIN,TRAIN
4183,18966,2026-05-08T18:40:38.000000,CALIBRATION,NOT_USED,NOT_USED,NOT_USED,NOT_USED
4184,18970,2026-04-20T20:41:00.000000,DEVELOPMENT,NOT_USED,NOT_USED,NOT_USED,VALIDATION
4185,18977,2026-02-06T07:19:18.000000,DEVELOPMENT,NOT_USED,NOT_USED,VALIDATION,TRAIN
4186,18980,2025-05-17T10:25:53.000000,DEVELOPMENT,TRAIN,TRAIN,TRAIN,TRAIN
4187,18983,2026-01-21T18:17:07.000000,DEVELOPMENT,NOT_USED,NOT_USED,VALIDATION,TRAIN
4188,18984,2026-05-12T13:23:26.000000,CALIBRATION,NOT_USED,NOT_USED,NOT_USED,NOT_USED
4189,18990,2025-12-07T13:53:04.000000,DEVELOPMENT,NOT_USED,VALIDATION,TRAIN,TRAIN
4190,18992,2026-05-31T16:24:06.000000,CALIBRATION,NOT_USED,NOT_USED,NOT_USED,NOT_USED
4191,18998,2025-06-10T13:05:23.000000,DEVELOPMENT,TRAIN,TRAIN,TRAIN,TRAIN
4192,19001,2025-04-09T16:09:50.000000,DEVELOPMENT,TRAIN,TRAIN,TRAIN,TRAIN
4193,19011,2025-07-17T17:25:36.000000,DEVELOPMENT,TRAIN,TRAIN,TRAIN,TRAIN
4194,19017,2026-01-21T08:00:19.000000,DEVELOPMENT,NOT_USED,NOT_USED,VALIDATION,TRAIN
4195,19019,2025-01-03T09:59:19.000000,DEVELOPMENT,TRAIN,TRAIN,TRAIN,TRAIN
4196,19024,2026-01-28T16:26:00.000000,DEVELOPMENT,NOT_USED,NOT_USED,VALIDATION,TRAIN
4197,19030,2026-01-08T15:43:20.000000,DEVELOPMENT,NOT_USED,NOT_USED,VALIDATION,TRAIN
4198,19035,2026-01-03T15:09:58.000000,DEVELOPMENT,NOT_USED,NOT_USED,VALIDATION,TRAIN
4199,19043,2025-05-25T19:10:28.000000,DEVELOPMENT,TRAIN,TRAIN,TRAIN,TRAIN
4200,19044,2025-05-16T08:54:18.000000,DEVELOPMENT,TRAIN,TRAIN,TRAIN,TRAIN
4201,19050,2025-07-21T16:06:03.000000,DEVELOPMENT,TRAIN,TRAIN,TRAIN,TRAIN
4202,19051,2025-07-09T07:22:29.000000,DEVELOPMENT,TRAIN,TRAIN,TRAIN,TRAIN
4203,19056,2025-02-27T14:06:41.000000,DEVELOPMENT,TRAIN,TRAIN,TRAIN,TRAIN
4204,19061,2025-06-30T14:50:06.000000,DEVELOPMENT,TRAIN,TRAIN,TRAIN,TRAIN
4205,19068,2026-05-05T09:15:57.000000,CALIBRATION,NOT_USED,NOT_USED,NOT_USED,NOT_USED
4206,19069,2025-12-21T11:30:55.000000,DEVELOPMENT,NOT_USED,VALIDATION,TRAIN,TRAIN
4207,19075,2025-04-10T15:37:11.000000,DEVELOPMENT,TRAIN,TRAIN,TRAIN,TRAIN
4208,19083,2026-05-30T16:27:21.000000,CALIBRATION,NOT_USED,NOT_USED,NOT_USED,NOT_USED
4209,19088,2025-09-03T16:18:57.000000,DEVELOPMENT,VALIDATION,TRAIN,TRAIN,TRAIN
4210,19091,2025-06-19T16:43:42.000000,DEVELOPMENT,TRAIN,TRAIN,TRAIN,TRAIN
4211,19093,2025-07-25T14:04:08.000000,DEVELOPMENT,TRAIN,TRAIN,TRAIN,TRAIN
4212,19100,2026-04-05T07:26:17.000000,DEVELOPMENT,NOT_USED,NOT_USED,NOT_USED,VALIDATION
4213,19105,2025-04-24T11:51:52.000000,DEVELOPMENT,TRAIN,TRAIN,TRAIN,TRAIN
4214,19110,2026-06-09T14:57:07.000000,PROCEDURAL_HOLDOUT,NOT_USED,NOT_USED,NOT_USED,NOT_USED
4215,19112,2026-04-12T14:28:44.000000,DEVELOPMENT,NOT_USED,NOT_USED,NOT_USED,VALIDATION
4216,19122,2025-03-29T20:41:00.000000,DEVELOPMENT,TRAIN,TRAIN,TRAIN,TRAIN
4217,19129,2025-05-22T15:40:26.000000,DEVELOPMENT,TRAIN,TRAIN,TRAIN,TRAIN
4218,19130,2025-10-18T08:11:14.000000,DEVELOPMENT,VALIDATION,TRAIN,TRAIN,TRAIN
4219,19135,2025-06-23T12:12:40.000000,DEVELOPMENT,TRAIN,TRAIN,TRAIN,TRAIN
4220,19142,2026-04-02T09:41:04.000000,DEVELOPMENT,NOT_USED,NOT_USED,NOT_USED,VALIDATION
4221,19147,2026-03-29T08:45:08.000000,DEVELOPMENT,NOT_USED,NOT_USED,NOT_USED,VALIDATION
4222,19148,2026-05-03T11:52:45.000000,CALIBRATION,NOT_USED,NOT_USED,NOT_USED,NOT_USED
4223,19153,2025-08-16T08:40:34.000000,DEVELOPMENT,TRAIN,TRAIN,TRAIN,TRAIN
4224,19155,2025-03-18T08:58:33.000000,DEVELOPMENT,TRAIN,TRAIN,TRAIN,TRAIN
4225,19160,2025-11-15T19:09:47.000000,DEVELOPMENT,NOT_USED,VALIDATION,TRAIN,TRAIN
4226,19165,2026-05-06T08:01:43.000000,CALIBRATION,NOT_USED,NOT_USED,NOT_USED,NOT_USED
4227,19166,2026-02-26T15:58:17.000000,DEVELOPMENT,NOT_USED,NOT_USED,VALIDATION,TRAIN
4228,19172,2025-06-08T18:33:07.000000,DEVELOPMENT,TRAIN,TRAIN,TRAIN,TRAIN
4229,19175,2025-07-12T11:06:12.000000,DEVELOPMENT,TRAIN,TRAIN,TRAIN,TRAIN
4230,19179,2025-12-02T14:28:33.000000,DEVELOPMENT,NOT_USED,VALIDATION,TRAIN,TRAIN
4231,19183,2025-09-12T14:00:45.000000,DEVELOPMENT,VALIDATION,TRAIN,TRAIN,TRAIN
4232,19189,2026-01-09T15:22:06.000000,DEVELOPMENT,NOT_USED,NOT_USED,VALIDATION,TRAIN
4233,19196,2025-07-01T19:50:06.000000,DEVELOPMENT,TRAIN,TRAIN,TRAIN,TRAIN
4234,19200,2025-06-10T09:17:28.000000,DEVELOPMENT,TRAIN,TRAIN,TRAIN,TRAIN
4235,19207,2025-02-24T17:42:39.000000,DEVELOPMENT,TRAIN,TRAIN,TRAIN,TRAIN
4236,19210,2026-02-16T07:42:42.000000,DEVELOPMENT,NOT_USED,NOT_USED,VALIDATION,TRAIN
4237,19215,2026-01-09T15:48:54.000000,DEVELOPMENT,NOT_USED,NOT_USED,VALIDATION,TRAIN
4238,19217,2026-05-25T08:01:12.000000,CALIBRATION,NOT_USED,NOT_USED,NOT_USED,NOT_USED
4239,19219,2025-07-27T20:21:40.000000,DEVELOPMENT,TRAIN,TRAIN,TRAIN,TRAIN
4240,19233,2026-01-13T18:35:26.000000,DEVELOPMENT,NOT_USED,NOT_USED,VALIDATION,TRAIN
4241,19239,2025-02-03T12:10:12.000000,DEVELOPMENT,TRAIN,TRAIN,TRAIN,TRAIN
4242,19243,2026-05-22T08:22:59.000000,CALIBRATION,NOT_USED,NOT_USED,NOT_USED,NOT_USED
4243,19250,2026-06-07T13:36:45.000000,PROCEDURAL_HOLDOUT,NOT_USED,NOT_USED,NOT_USED,NOT_USED
4244,19260,2025-08-17T12:02:57.000000,DEVELOPMENT,TRAIN,TRAIN,TRAIN,TRAIN
4245,19262,2025-09-02T17:20:06.000000,DEVELOPMENT,VALIDATION,TRAIN,TRAIN,TRAIN
4246,19265,2025-04-18T07:05:59.000000,DEVELOPMENT,TRAIN,TRAIN,TRAIN,TRAIN
4247,19271,2025-01-15T09:40:56.000000,DEVELOPMENT,TRAIN,TRAIN,TRAIN,TRAIN
4248,19275,2025-04-09T09:42:33.000000,DEVELOPMENT,TRAIN,TRAIN,TRAIN,TRAIN
4249,19277,2025-07-29T20:50:21.000000,DEVELOPMENT,TRAIN,TRAIN,TRAIN,TRAIN
4250,19281,2025-08-02T17:33:17.000000,DEVELOPMENT,TRAIN,TRAIN,TRAIN,TRAIN
4251,19282,2026-02-08T18:24:09.000000,DEVELOPMENT,NOT_USED,NOT_USED,VALIDATION,TRAIN
4252,19288,2025-04-23T15:03:32.000000,DEVELOPMENT,TRAIN,TRAIN,TRAIN,TRAIN
4253,19290,2025-06-05T08:35:40.000000,DEVELOPMENT,TRAIN,TRAIN,TRAIN,TRAIN
4254,19295,2026-06-15T08:47:56.000000,PROCEDURAL_HOLDOUT,NOT_USED,NOT_USED,NOT_USED,NOT_USED
4255,19297,2025-01-21T20:19:35.000000,DEVELOPMENT,TRAIN,TRAIN,TRAIN,TRAIN
4256,19303,2026-04-19T13:59:49.000000,DEVELOPMENT,NOT_USED,NOT_USED,NOT_USED,VALIDATION
4257,19309,2026-06-26T17:53:42.000000,PROCEDURAL_HOLDOUT,NOT_USED,NOT_USED,NOT_USED,NOT_USED
4258,19312,2025-06-18T20:12:29.000000,DEVELOPMENT,TRAIN,TRAIN,TRAIN,TRAIN
4259,19316,2025-12-07T18:05:11.000000,DEVELOPMENT,NOT_USED,VALIDATION,TRAIN,TRAIN
4260,19323,2025-03-17T12:00:22.000000,DEVELOPMENT,TRAIN,TRAIN,TRAIN,TRAIN
4261,19325,2025-10-12T15:59:32.000000,DEVELOPMENT,VALIDATION,TRAIN,TRAIN,TRAIN
4262,19329,2025-01-31T07:56:20.000000,DEVELOPMENT,TRAIN,TRAIN,TRAIN,TRAIN
4263,19334,2026-03-12T14:55:18.000000,DEVELOPMENT,NOT_USED,NOT_USED,NOT_USED,VALIDATION
4264,19340,2026-02-12T10:39:09.000000,DEVELOPMENT,NOT_USED,NOT_USED,VALIDATION,TRAIN
4265,19343,2025-06-18T12:28:02.000000,DEVELOPMENT,TRAIN,TRAIN,TRAIN,TRAIN
4266,19352,2025-07-27T14:59:10.000000,DEVELOPMENT,TRAIN,TRAIN,TRAIN,TRAIN
4267,19363,2025-12-16T07:06:20.000000,DEVELOPMENT,NOT_USED,VALIDATION,TRAIN,TRAIN
4268,19372,2026-05-10T19:27:03.000000,CALIBRATION,NOT_USED,NOT_USED,NOT_USED,NOT_USED
4269,19373,2025-06-21T19:49:00.000000,DEVELOPMENT,TRAIN,TRAIN,TRAIN,TRAIN
4270,19378,2025-03-12T16:28:21.000000,DEVELOPMENT,TRAIN,TRAIN,TRAIN,TRAIN
4271,19386,2025-06-09T17:02:23.000000,DEVELOPMENT,TRAIN,TRAIN,TRAIN,TRAIN
4272,19389,2025-09-28T17:35:02.000000,DEVELOPMENT,VALIDATION,TRAIN,TRAIN,TRAIN
4273,19392,2025-02-05T15:59:09.000000,DEVELOPMENT,TRAIN,TRAIN,TRAIN,TRAIN
4274,19393,2026-04-21T08:15:09.000000,DEVELOPMENT,NOT_USED,NOT_USED,NOT_USED,VALIDATION
4275,19394,2025-05-09T20:30:29.000000,DEVELOPMENT,TRAIN,TRAIN,TRAIN,TRAIN
4276,19395,2025-10-02T13:46:12.000000,DEVELOPMENT,VALIDATION,TRAIN,TRAIN,TRAIN
4277,19399,2026-04-04T08:32:30.000000,DEVELOPMENT,NOT_USED,NOT_USED,NOT_USED,VALIDATION
4278,19406,2025-10-31T10:57:57.000000,DEVELOPMENT,VALIDATION,TRAIN,TRAIN,TRAIN
4279,19409,2025-07-31T17:35:30.000000,DEVELOPMENT,TRAIN,TRAIN,TRAIN,TRAIN
4280,19417,2025-12-12T16:22:34.000000,DEVELOPMENT,NOT_USED,VALIDATION,TRAIN,TRAIN
4281,19419,2025-02-23T13:59:23.000000,DEVELOPMENT,TRAIN,TRAIN,TRAIN,TRAIN
4282,19429,2025-07-09T09:30:23.000000,DEVELOPMENT,TRAIN,TRAIN,TRAIN,TRAIN
4283,19437,2026-06-19T07:17:49.000000,PROCEDURAL_HOLDOUT,NOT_USED,NOT_USED,NOT_USED,NOT_USED
4284,19444,2026-06-22T15:42:37.000000,PROCEDURAL_HOLDOUT,NOT_USED,NOT_USED,NOT_USED,NOT_USED
4285,19453,2025-08-29T12:09:23.000000,DEVELOPMENT,TRAIN,TRAIN,TRAIN,TRAIN
4286,19454,2026-02-16T13:09:24.000000,DEVELOPMENT,NOT_USED,NOT_USED,VALIDATION,TRAIN
4287,19458,2025-04-20T09:49:17.000000,DEVELOPMENT,TRAIN,TRAIN,TRAIN,TRAIN
4288,19459,2026-06-30T16:38:40.000000,PROCEDURAL_HOLDOUT,NOT_USED,NOT_USED,NOT_USED,NOT_USED
4289,19466,2025-07-18T15:38:25.000000,DEVELOPMENT,TRAIN,TRAIN,TRAIN,TRAIN
4290,19468,2025-08-01T13:44:00.000000,DEVELOPMENT,TRAIN,TRAIN,TRAIN,TRAIN
4291,19469,2025-02-02T11:37:38.000000,DEVELOPMENT,TRAIN,TRAIN,TRAIN,TRAIN
4292,19478,2025-07-28T19:44:41.000000,DEVELOPMENT,TRAIN,TRAIN,TRAIN,TRAIN
4293,19485,2025-08-16T18:51:47.000000,DEVELOPMENT,TRAIN,TRAIN,TRAIN,TRAIN
4294,19491,2026-06-17T15:16:36.000000,PROCEDURAL_HOLDOUT,NOT_USED,NOT_USED,NOT_USED,NOT_USED
4295,19498,2025-07-18T20:22:31.000000,DEVELOPMENT,TRAIN,TRAIN,TRAIN,TRAIN
4296,19501,2026-05-04T09:41:02.000000,CALIBRATION,NOT_USED,NOT_USED,NOT_USED,NOT_USED
4297,19506,2026-05-22T16:06:54.000000,CALIBRATION,NOT_USED,NOT_USED,NOT_USED,NOT_USED
4298,19507,2026-04-20T14:46:42.000000,DEVELOPMENT,NOT_USED,NOT_USED,NOT_USED,VALIDATION
4299,19515,2025-12-20T09:18:46.000000,DEVELOPMENT,NOT_USED,VALIDATION,TRAIN,TRAIN
4300,19523,2025-10-27T18:11:21.000000,DEVELOPMENT,VALIDATION,TRAIN,TRAIN,TRAIN
4301,19528,2025-12-10T09:18:32.000000,DEVELOPMENT,NOT_USED,VALIDATION,TRAIN,TRAIN
4302,19533,2026-06-12T13:04:10.000000,PROCEDURAL_HOLDOUT,NOT_USED,NOT_USED,NOT_USED,NOT_USED
4303,19541,2026-06-03T17:08:30.000000,PROCEDURAL_HOLDOUT,NOT_USED,NOT_USED,NOT_USED,NOT_USED
4304,19543,2025-02-15T12:07:02.000000,DEVELOPMENT,TRAIN,TRAIN,TRAIN,TRAIN
4305,19551,2025-08-22T12:32:00.000000,DEVELOPMENT,TRAIN,TRAIN,TRAIN,TRAIN
4306,19552,2025-11-22T12:09:00.000000,DEVELOPMENT,NOT_USED,VALIDATION,TRAIN,TRAIN
4307,19558,2025-10-20T10:21:46.000000,DEVELOPMENT,VALIDATION,TRAIN,TRAIN,TRAIN
4308,19566,2026-01-06T07:14:17.000000,DEVELOPMENT,NOT_USED,NOT_USED,VALIDATION,TRAIN
4309,19568,2025-12-24T11:15:46.000000,DEVELOPMENT,NOT_USED,VALIDATION,TRAIN,TRAIN
4310,19570,2025-08-14T17:38:59.000000,DEVELOPMENT,TRAIN,TRAIN,TRAIN,TRAIN
4311,19576,2025-09-17T08:58:54.000000,DEVELOPMENT,VALIDATION,TRAIN,TRAIN,TRAIN
4312,19581,2026-03-28T18:30:25.000000,DEVELOPMENT,NOT_USED,NOT_USED,NOT_USED,VALIDATION
4313,19585,2025-04-18T15:11:22.000000,DEVELOPMENT,TRAIN,TRAIN,TRAIN,TRAIN
4314,19589,2025-06-07T17:38:29.000000,DEVELOPMENT,TRAIN,TRAIN,TRAIN,TRAIN
4315,19594,2025-05-28T14:41:32.000000,DEVELOPMENT,TRAIN,TRAIN,TRAIN,TRAIN
4316,19596,2026-03-19T17:06:00.000000,DEVELOPMENT,NOT_USED,NOT_USED,NOT_USED,VALIDATION
4317,19598,2025-01-21T12:35:58.000000,DEVELOPMENT,TRAIN,TRAIN,TRAIN,TRAIN
4318,19602,2025-01-12T13:50:24.000000,DEVELOPMENT,TRAIN,TRAIN,TRAIN,TRAIN
4319,19605,2025-05-24T18:40:41.000000,DEVELOPMENT,TRAIN,TRAIN,TRAIN,TRAIN
4320,19612,2026-06-28T18:59:10.000000,PROCEDURAL_HOLDOUT,NOT_USED,NOT_USED,NOT_USED,NOT_USED
4321,19620,2025-11-07T07:47:27.000000,DEVELOPMENT,NOT_USED,VALIDATION,TRAIN,TRAIN
4322,19625,2026-03-26T15:59:02.000000,DEVELOPMENT,NOT_USED,NOT_USED,NOT_USED,VALIDATION
4323,19631,2026-04-04T09:46:59.000000,DEVELOPMENT,NOT_USED,NOT_USED,NOT_USED,VALIDATION
4324,19632,2026-04-30T07:45:00.000000,DEVELOPMENT,NOT_USED,NOT_USED,NOT_USED,VALIDATION
4325,19637,2026-01-17T13:56:43.000000,DEVELOPMENT,NOT_USED,NOT_USED,VALIDATION,TRAIN
4326,19638,2025-12-09T10:52:44.000000,DEVELOPMENT,NOT_USED,VALIDATION,TRAIN,TRAIN
4327,19639,2026-06-03T12:13:38.000000,PROCEDURAL_HOLDOUT,NOT_USED,NOT_USED,NOT_USED,NOT_USED
4328,19646,2025-01-11T17:26:51.000000,DEVELOPMENT,TRAIN,TRAIN,TRAIN,TRAIN
4329,19651,2026-07-03T18:41:04.000000,POST_HOLDOUT_AUDIT,NOT_USED,NOT_USED,NOT_USED,NOT_USED
4330,19660,2025-07-27T17:57:00.000000,DEVELOPMENT,TRAIN,TRAIN,TRAIN,TRAIN
4331,19665,2025-05-31T17:34:42.000000,DEVELOPMENT,TRAIN,TRAIN,TRAIN,TRAIN
4332,19668,2025-10-25T18:10:00.000000,DEVELOPMENT,VALIDATION,TRAIN,TRAIN,TRAIN
4333,19680,2025-12-22T17:35:22.000000,DEVELOPMENT,NOT_USED,VALIDATION,TRAIN,TRAIN
4334,19683,2025-09-26T10:47:16.000000,DEVELOPMENT,VALIDATION,TRAIN,TRAIN,TRAIN
4335,19685,2026-02-09T10:49:55.000000,DEVELOPMENT,NOT_USED,NOT_USED,VALIDATION,TRAIN
4336,19694,2025-07-05T20:47:46.000000,DEVELOPMENT,TRAIN,TRAIN,TRAIN,TRAIN
4337,19700,2025-12-13T19:43:00.000000,DEVELOPMENT,NOT_USED,VALIDATION,TRAIN,TRAIN
4338,19701,2025-10-31T09:52:26.000000,DEVELOPMENT,VALIDATION,TRAIN,TRAIN,TRAIN
4339,19710,2025-10-11T12:28:25.000000,DEVELOPMENT,VALIDATION,TRAIN,TRAIN,TRAIN
4340,19714,2025-08-14T18:03:29.000000,DEVELOPMENT,TRAIN,TRAIN,TRAIN,TRAIN
4341,19724,2026-03-06T14:56:10.000000,DEVELOPMENT,NOT_USED,NOT_USED,NOT_USED,VALIDATION
4342,19725,2026-04-12T10:21:30.000000,DEVELOPMENT,NOT_USED,NOT_USED,NOT_USED,VALIDATION
4343,19732,2025-09-16T07:53:09.000000,DEVELOPMENT,VALIDATION,TRAIN,TRAIN,TRAIN
4344,19734,2025-05-15T13:47:19.000000,DEVELOPMENT,TRAIN,TRAIN,TRAIN,TRAIN
4345,19738,2025-08-16T08:34:57.000000,DEVELOPMENT,TRAIN,TRAIN,TRAIN,TRAIN
4346,19742,2026-02-10T16:13:00.000000,DEVELOPMENT,NOT_USED,NOT_USED,VALIDATION,TRAIN
4347,19748,2025-10-27T08:17:04.000000,DEVELOPMENT,VALIDATION,TRAIN,TRAIN,TRAIN
4348,19751,2026-03-17T07:06:04.000000,DEVELOPMENT,NOT_USED,NOT_USED,NOT_USED,VALIDATION
4349,19754,2025-04-30T19:59:00.000000,DEVELOPMENT,TRAIN,TRAIN,TRAIN,TRAIN
4350,19757,2026-06-03T20:27:51.000000,PROCEDURAL_HOLDOUT,NOT_USED,NOT_USED,NOT_USED,NOT_USED
4351,19758,2026-01-09T12:49:00.000000,DEVELOPMENT,NOT_USED,NOT_USED,VALIDATION,TRAIN
4352,19759,2026-06-10T18:41:00.000000,PROCEDURAL_HOLDOUT,NOT_USED,NOT_USED,NOT_USED,NOT_USED
4353,19761,2025-01-17T07:08:33.000000,DEVELOPMENT,TRAIN,TRAIN,TRAIN,TRAIN
4354,19771,2025-08-16T10:55:25.000000,DEVELOPMENT,TRAIN,TRAIN,TRAIN,TRAIN
4355,19773,2025-08-16T12:38:50.000000,DEVELOPMENT,TRAIN,TRAIN,TRAIN,TRAIN
4356,19778,2025-12-11T12:02:00.000000,DEVELOPMENT,NOT_USED,VALIDATION,TRAIN,TRAIN
4357,19782,2025-09-14T15:32:30.000000,DEVELOPMENT,VALIDATION,TRAIN,TRAIN,TRAIN
4358,19783,2025-08-30T17:56:00.000000,DEVELOPMENT,TRAIN,TRAIN,TRAIN,TRAIN
4359,19785,2026-06-05T08:23:33.000000,PROCEDURAL_HOLDOUT,NOT_USED,NOT_USED,NOT_USED,NOT_USED
4360,19791,2025-11-11T10:34:26.000000,DEVELOPMENT,NOT_USED,VALIDATION,TRAIN,TRAIN
4361,19798,2026-05-17T17:21:03.000000,CALIBRATION,NOT_USED,NOT_USED,NOT_USED,NOT_USED
4362,19799,2025-03-29T09:52:33.000000,DEVELOPMENT,TRAIN,TRAIN,TRAIN,TRAIN
4363,19810,2025-07-29T09:05:30.000000,DEVELOPMENT,TRAIN,TRAIN,TRAIN,TRAIN
4364,19815,2025-05-28T09:41:59.000000,DEVELOPMENT,TRAIN,TRAIN,TRAIN,TRAIN
4365,19823,2026-06-15T18:43:12.000000,PROCEDURAL_HOLDOUT,NOT_USED,NOT_USED,NOT_USED,NOT_USED
4366,19825,2025-09-20T09:12:24.000000,DEVELOPMENT,VALIDATION,TRAIN,TRAIN,TRAIN
4367,19827,2025-07-17T12:00:00.000000,DEVELOPMENT,TRAIN,TRAIN,TRAIN,TRAIN
4368,19832,2025-09-19T17:04:29.000000,DEVELOPMENT,VALIDATION,TRAIN,TRAIN,TRAIN
4369,19833,2025-05-11T11:20:08.000000,DEVELOPMENT,TRAIN,TRAIN,TRAIN,TRAIN
4370,19836,2025-11-19T10:05:20.000000,DEVELOPMENT,NOT_USED,VALIDATION,TRAIN,TRAIN
4371,19837,2026-02-05T08:14:00.000000,DEVELOPMENT,NOT_USED,NOT_USED,VALIDATION,TRAIN
4372,19840,2026-03-04T07:39:14.000000,DEVELOPMENT,NOT_USED,NOT_USED,NOT_USED,VALIDATION
4373,19842,2025-07-26T19:04:56.000000,DEVELOPMENT,TRAIN,TRAIN,TRAIN,TRAIN
4374,19849,2025-08-04T16:37:00.000000,DEVELOPMENT,TRAIN,TRAIN,TRAIN,TRAIN
4375,19854,2025-10-17T08:38:04.000000,DEVELOPMENT,VALIDATION,TRAIN,TRAIN,TRAIN
4376,19861,2025-07-28T13:10:10.000000,DEVELOPMENT,TRAIN,TRAIN,TRAIN,TRAIN
4377,19866,2026-05-06T13:35:00.000000,CALIBRATION,NOT_USED,NOT_USED,NOT_USED,NOT_USED
4378,19873,2025-07-17T10:43:23.000000,DEVELOPMENT,TRAIN,TRAIN,TRAIN,TRAIN
4379,19875,2026-01-10T10:06:37.000000,DEVELOPMENT,NOT_USED,NOT_USED,VALIDATION,TRAIN
4380,19876,2026-01-22T09:47:02.000000,DEVELOPMENT,NOT_USED,NOT_USED,VALIDATION,TRAIN
4381,19880,2025-06-04T16:52:19.000000,DEVELOPMENT,TRAIN,TRAIN,TRAIN,TRAIN
4382,19882,2026-01-23T07:16:06.000000,DEVELOPMENT,NOT_USED,NOT_USED,VALIDATION,TRAIN
4383,19886,2025-06-20T07:32:13.000000,DEVELOPMENT,TRAIN,TRAIN,TRAIN,TRAIN
4384,19888,2025-01-05T19:05:40.000000,DEVELOPMENT,TRAIN,TRAIN,TRAIN,TRAIN
4385,19891,2026-05-27T12:40:01.000000,CALIBRATION,NOT_USED,NOT_USED,NOT_USED,NOT_USED
4386,19893,2025-01-12T07:44:45.000000,DEVELOPMENT,TRAIN,TRAIN,TRAIN,TRAIN
4387,19894,2026-04-30T09:18:24.000000,DEVELOPMENT,NOT_USED,NOT_USED,NOT_USED,VALIDATION
4388,19899,2025-03-13T20:30:26.000000,DEVELOPMENT,TRAIN,TRAIN,TRAIN,TRAIN
4389,19903,2025-08-11T07:57:21.000000,DEVELOPMENT,TRAIN,TRAIN,TRAIN,TRAIN
4390,19908,2025-11-16T13:22:54.000000,DEVELOPMENT,NOT_USED,VALIDATION,TRAIN,TRAIN
4391,19913,2025-07-30T09:01:09.000000,DEVELOPMENT,TRAIN,TRAIN,TRAIN,TRAIN
4392,19916,2025-05-16T19:23:49.000000,DEVELOPMENT,TRAIN,TRAIN,TRAIN,TRAIN
4393,19919,2026-03-09T20:50:59.000000,DEVELOPMENT,NOT_USED,NOT_USED,NOT_USED,VALIDATION
4394,19922,2025-08-28T17:11:31.000000,DEVELOPMENT,TRAIN,TRAIN,TRAIN,TRAIN
4395,19924,2026-02-14T12:58:53.000000,DEVELOPMENT,NOT_USED,NOT_USED,VALIDATION,TRAIN
4396,19925,2025-01-01T16:12:26.000000,DEVELOPMENT,TRAIN,TRAIN,TRAIN,TRAIN
4397,19929,2025-03-31T07:41:00.000000,DEVELOPMENT,TRAIN,TRAIN,TRAIN,TRAIN
4398,19935,2025-10-05T07:56:19.000000,DEVELOPMENT,VALIDATION,TRAIN,TRAIN,TRAIN
4399,19939,2025-08-10T08:59:01.000000,DEVELOPMENT,TRAIN,TRAIN,TRAIN,TRAIN
4400,19943,2026-04-23T18:12:33.000000,DEVELOPMENT,NOT_USED,NOT_USED,NOT_USED,VALIDATION
4401,19945,2025-10-07T08:28:23.000000,DEVELOPMENT,VALIDATION,TRAIN,TRAIN,TRAIN
4402,19946,2026-04-17T13:31:29.000000,DEVELOPMENT,NOT_USED,NOT_USED,NOT_USED,VALIDATION
4403,19948,2025-09-21T15:20:38.000000,DEVELOPMENT,VALIDATION,TRAIN,TRAIN,TRAIN
4404,19954,2025-12-11T07:50:06.000000,DEVELOPMENT,NOT_USED,VALIDATION,TRAIN,TRAIN
4405,19956,2025-03-03T10:43:51.000000,DEVELOPMENT,TRAIN,TRAIN,TRAIN,TRAIN
4406,19965,2025-07-19T14:39:15.000000,DEVELOPMENT,TRAIN,TRAIN,TRAIN,TRAIN
4407,19969,2025-12-11T20:27:05.000000,DEVELOPMENT,NOT_USED,VALIDATION,TRAIN,TRAIN
4408,19970,2025-06-18T20:19:37.000000,DEVELOPMENT,TRAIN,TRAIN,TRAIN,TRAIN
4409,19973,2025-12-18T17:22:10.000000,DEVELOPMENT,NOT_USED,VALIDATION,TRAIN,TRAIN
4410,19979,2025-11-09T17:54:21.000000,DEVELOPMENT,NOT_USED,VALIDATION,TRAIN,TRAIN
4411,19982,2026-03-09T15:36:42.000000,DEVELOPMENT,NOT_USED,NOT_USED,NOT_USED,VALIDATION
4412,19990,2026-01-11T10:02:36.000000,DEVELOPMENT,NOT_USED,NOT_USED,VALIDATION,TRAIN
4413,19995,2025-11-28T07:49:08.000000,DEVELOPMENT,NOT_USED,VALIDATION,TRAIN,TRAIN
4414,20002,2025-03-02T07:00:39.000000,DEVELOPMENT,TRAIN,TRAIN,TRAIN,TRAIN
4415,20007,2025-02-03T15:45:50.000000,DEVELOPMENT,TRAIN,TRAIN,TRAIN,TRAIN
4416,20009,2025-12-13T19:07:43.000000,DEVELOPMENT,NOT_USED,VALIDATION,TRAIN,TRAIN
4417,20017,2025-05-23T13:45:17.000000,DEVELOPMENT,TRAIN,TRAIN,TRAIN,TRAIN
4418,20021,2025-12-28T16:19:43.000000,DEVELOPMENT,NOT_USED,VALIDATION,TRAIN,TRAIN
4419,20024,2025-10-23T19:13:34.000000,DEVELOPMENT,VALIDATION,TRAIN,TRAIN,TRAIN
4420,20029,2025-07-25T19:56:00.000000,DEVELOPMENT,TRAIN,TRAIN,TRAIN,TRAIN
4421,20031,2025-08-28T13:13:31.000000,DEVELOPMENT,TRAIN,TRAIN,TRAIN,TRAIN
4422,20032,2025-08-08T13:15:45.000000,DEVELOPMENT,TRAIN,TRAIN,TRAIN,TRAIN
4423,20039,2025-11-30T14:42:56.000000,DEVELOPMENT,NOT_USED,VALIDATION,TRAIN,TRAIN
4424,20044,2025-07-07T10:55:00.000000,DEVELOPMENT,TRAIN,TRAIN,TRAIN,TRAIN
4425,20046,2025-06-20T09:36:00.000000,DEVELOPMENT,TRAIN,TRAIN,TRAIN,TRAIN
4426,20055,2025-07-08T20:43:00.000000,DEVELOPMENT,TRAIN,TRAIN,TRAIN,TRAIN
4427,20059,2025-06-19T19:54:09.000000,DEVELOPMENT,TRAIN,TRAIN,TRAIN,TRAIN
4428,20063,2025-10-06T20:13:45.000000,DEVELOPMENT,VALIDATION,TRAIN,TRAIN,TRAIN
4429,20067,2025-05-08T15:41:02.000000,DEVELOPMENT,TRAIN,TRAIN,TRAIN,TRAIN
4430,20070,2026-03-17T11:17:00.000000,DEVELOPMENT,NOT_USED,NOT_USED,NOT_USED,VALIDATION
4431,20072,2025-11-24T10:06:46.000000,DEVELOPMENT,NOT_USED,VALIDATION,TRAIN,TRAIN
4432,20076,2025-04-21T20:59:30.000000,DEVELOPMENT,TRAIN,TRAIN,TRAIN,TRAIN
4433,20083,2025-03-13T11:21:56.000000,DEVELOPMENT,TRAIN,TRAIN,TRAIN,TRAIN
4434,20084,2026-06-25T19:17:04.000000,PROCEDURAL_HOLDOUT,NOT_USED,NOT_USED,NOT_USED,NOT_USED
4435,20088,2025-07-07T09:28:43.000000,DEVELOPMENT,TRAIN,TRAIN,TRAIN,TRAIN
4436,20097,2025-09-22T07:06:53.000000,DEVELOPMENT,VALIDATION,TRAIN,TRAIN,TRAIN
4437,20098,2026-04-18T08:13:48.000000,DEVELOPMENT,NOT_USED,NOT_USED,NOT_USED,VALIDATION
4438,20105,2025-11-08T15:11:31.000000,DEVELOPMENT,NOT_USED,VALIDATION,TRAIN,TRAIN
4439,20111,2026-01-21T12:25:31.000000,DEVELOPMENT,NOT_USED,NOT_USED,VALIDATION,TRAIN
4440,20114,2025-09-10T15:50:10.000000,DEVELOPMENT,VALIDATION,TRAIN,TRAIN,TRAIN
4441,20125,2025-09-04T12:06:26.000000,DEVELOPMENT,VALIDATION,TRAIN,TRAIN,TRAIN
4442,20127,2025-11-09T18:23:24.000000,DEVELOPMENT,NOT_USED,VALIDATION,TRAIN,TRAIN
4443,20133,2025-10-03T16:17:06.000000,DEVELOPMENT,VALIDATION,TRAIN,TRAIN,TRAIN
4444,20142,2025-01-30T09:08:03.000000,DEVELOPMENT,TRAIN,TRAIN,TRAIN,TRAIN
4445,20145,2025-01-22T20:01:13.000000,DEVELOPMENT,TRAIN,TRAIN,TRAIN,TRAIN
4446,20151,2025-01-19T08:11:46.000000,DEVELOPMENT,TRAIN,TRAIN,TRAIN,TRAIN
4447,20156,2026-03-27T07:03:11.000000,DEVELOPMENT,NOT_USED,NOT_USED,NOT_USED,VALIDATION
4448,20157,2026-02-01T13:18:25.000000,DEVELOPMENT,NOT_USED,NOT_USED,VALIDATION,TRAIN
4449,20166,2025-06-27T20:21:37.000000,DEVELOPMENT,TRAIN,TRAIN,TRAIN,TRAIN
4450,20168,2026-04-29T17:09:10.000000,DEVELOPMENT,NOT_USED,NOT_USED,NOT_USED,VALIDATION
4451,20170,2025-05-19T16:02:00.000000,DEVELOPMENT,TRAIN,TRAIN,TRAIN,TRAIN
4452,20179,2025-10-19T11:05:11.000000,DEVELOPMENT,VALIDATION,TRAIN,TRAIN,TRAIN
4453,20182,2025-06-27T07:06:34.000000,DEVELOPMENT,TRAIN,TRAIN,TRAIN,TRAIN
4454,20188,2026-01-19T16:05:17.000000,DEVELOPMENT,NOT_USED,NOT_USED,VALIDATION,TRAIN
4455,20193,2025-04-23T19:37:46.000000,DEVELOPMENT,TRAIN,TRAIN,TRAIN,TRAIN
4456,20197,2025-05-30T19:27:44.000000,DEVELOPMENT,TRAIN,TRAIN,TRAIN,TRAIN
4457,20206,2026-03-27T12:37:51.000000,DEVELOPMENT,NOT_USED,NOT_USED,NOT_USED,VALIDATION
4458,20208,2026-05-16T14:38:00.000000,CALIBRATION,NOT_USED,NOT_USED,NOT_USED,NOT_USED
4459,20211,2025-02-04T20:10:42.000000,DEVELOPMENT,TRAIN,TRAIN,TRAIN,TRAIN
4460,20214,2025-06-06T10:03:00.000000,DEVELOPMENT,TRAIN,TRAIN,TRAIN,TRAIN
4461,20217,2025-09-17T14:31:51.000000,DEVELOPMENT,VALIDATION,TRAIN,TRAIN,TRAIN
4462,20222,2025-10-29T15:38:30.000000,DEVELOPMENT,VALIDATION,TRAIN,TRAIN,TRAIN
4463,20226,2025-12-25T11:08:52.000000,DEVELOPMENT,NOT_USED,VALIDATION,TRAIN,TRAIN
4464,20232,2026-01-15T13:32:14.000000,DEVELOPMENT,NOT_USED,NOT_USED,VALIDATION,TRAIN
4465,20235,2025-02-03T10:48:11.000000,DEVELOPMENT,TRAIN,TRAIN,TRAIN,TRAIN
4466,20242,2025-09-20T14:33:50.000000,DEVELOPMENT,VALIDATION,TRAIN,TRAIN,TRAIN
4467,20246,2025-10-19T08:12:00.000000,DEVELOPMENT,VALIDATION,TRAIN,TRAIN,TRAIN
4468,20253,2026-04-15T19:47:17.000000,DEVELOPMENT,NOT_USED,NOT_USED,NOT_USED,VALIDATION
4469,20257,2025-08-17T18:41:22.000000,DEVELOPMENT,TRAIN,TRAIN,TRAIN,TRAIN
4470,20259,2026-03-16T13:20:07.000000,DEVELOPMENT,NOT_USED,NOT_USED,NOT_USED,VALIDATION
4471,20265,2026-02-01T15:48:56.000000,DEVELOPMENT,NOT_USED,NOT_USED,VALIDATION,TRAIN
4472,20269,2025-08-26T07:15:02.000000,DEVELOPMENT,TRAIN,TRAIN,TRAIN,TRAIN
4473,20274,2026-05-01T11:47:30.000000,CALIBRATION,NOT_USED,NOT_USED,NOT_USED,NOT_USED
4474,20280,2025-03-06T10:08:04.000000,DEVELOPMENT,TRAIN,TRAIN,TRAIN,TRAIN
4475,20286,2025-01-24T09:17:55.000000,DEVELOPMENT,TRAIN,TRAIN,TRAIN,TRAIN
4476,20288,2025-12-28T10:41:44.000000,DEVELOPMENT,NOT_USED,VALIDATION,TRAIN,TRAIN
4477,20296,2025-05-30T13:05:18.000000,DEVELOPMENT,TRAIN,TRAIN,TRAIN,TRAIN
4478,20297,2025-05-31T15:56:07.000000,DEVELOPMENT,TRAIN,TRAIN,TRAIN,TRAIN
4479,20303,2025-12-23T13:02:06.000000,DEVELOPMENT,NOT_USED,VALIDATION,TRAIN,TRAIN
4480,20306,2025-10-23T19:14:54.000000,DEVELOPMENT,VALIDATION,TRAIN,TRAIN,TRAIN
4481,20314,2026-06-09T18:04:19.000000,PROCEDURAL_HOLDOUT,NOT_USED,NOT_USED,NOT_USED,NOT_USED
4482,20320,2025-08-07T10:18:06.000000,DEVELOPMENT,TRAIN,TRAIN,TRAIN,TRAIN
4483,20324,2026-06-05T17:45:51.000000,PROCEDURAL_HOLDOUT,NOT_USED,NOT_USED,NOT_USED,NOT_USED
4484,20332,2026-06-01T08:56:47.000000,PROCEDURAL_HOLDOUT,NOT_USED,NOT_USED,NOT_USED,NOT_USED
4485,20340,2026-06-30T15:53:18.000000,PROCEDURAL_HOLDOUT,NOT_USED,NOT_USED,NOT_USED,NOT_USED
4486,20348,2025-12-03T17:56:41.000000,DEVELOPMENT,NOT_USED,VALIDATION,TRAIN,TRAIN
4487,20351,2026-04-17T12:49:05.000000,DEVELOPMENT,NOT_USED,NOT_USED,NOT_USED,VALIDATION
4488,20356,2025-02-02T11:06:19.000000,DEVELOPMENT,TRAIN,TRAIN,TRAIN,TRAIN
4489,20363,2025-03-16T20:04:58.000000,DEVELOPMENT,TRAIN,TRAIN,TRAIN,TRAIN
4490,20367,2026-01-29T15:49:00.000000,DEVELOPMENT,NOT_USED,NOT_USED,VALIDATION,TRAIN
4491,20369,2026-03-20T13:34:02.000000,DEVELOPMENT,NOT_USED,NOT_USED,NOT_USED,VALIDATION
4492,20375,2026-06-21T18:03:00.000000,PROCEDURAL_HOLDOUT,NOT_USED,NOT_USED,NOT_USED,NOT_USED
4493,20379,2025-04-05T16:51:00.000000,DEVELOPMENT,TRAIN,TRAIN,TRAIN,TRAIN
4494,20381,2025-04-25T08:52:55.000000,DEVELOPMENT,TRAIN,TRAIN,TRAIN,TRAIN
4495,20384,2025-10-06T17:16:55.000000,DEVELOPMENT,VALIDATION,TRAIN,TRAIN,TRAIN
4496,20385,2025-08-20T18:17:00.000000,DEVELOPMENT,TRAIN,TRAIN,TRAIN,TRAIN
4497,20387,2025-11-11T17:46:27.000000,DEVELOPMENT,NOT_USED,VALIDATION,TRAIN,TRAIN
4498,20389,2026-06-15T14:51:39.000000,PROCEDURAL_HOLDOUT,NOT_USED,NOT_USED,NOT_USED,NOT_USED
4499,20394,2025-12-09T11:28:00.000000,DEVELOPMENT,NOT_USED,VALIDATION,TRAIN,TRAIN
4500,20400,2026-04-25T09:44:57.000000,DEVELOPMENT,NOT_USED,NOT_USED,NOT_USED,VALIDATION
4501,20409,2025-03-10T13:15:25.000000,DEVELOPMENT,TRAIN,TRAIN,TRAIN,TRAIN
4502,20410,2025-06-20T16:01:00.000000,DEVELOPMENT,TRAIN,TRAIN,TRAIN,TRAIN
4503,20413,2026-02-20T19:18:20.000000,DEVELOPMENT,NOT_USED,NOT_USED,VALIDATION,TRAIN
4504,20424,2025-05-03T19:12:43.000000,DEVELOPMENT,TRAIN,TRAIN,TRAIN,TRAIN
4505,20425,2025-08-12T18:47:00.000000,DEVELOPMENT,TRAIN,TRAIN,TRAIN,TRAIN
4506,20427,2025-11-24T10:18:59.000000,DEVELOPMENT,NOT_USED,VALIDATION,TRAIN,TRAIN
4507,20433,2026-06-12T14:08:56.000000,PROCEDURAL_HOLDOUT,NOT_USED,NOT_USED,NOT_USED,NOT_USED
4508,20437,2026-03-10T20:21:48.000000,DEVELOPMENT,NOT_USED,NOT_USED,NOT_USED,VALIDATION
4509,20438,2025-10-18T13:10:51.000000,DEVELOPMENT,VALIDATION,TRAIN,TRAIN,TRAIN
4510,20443,2026-01-07T13:45:00.000000,DEVELOPMENT,NOT_USED,NOT_USED,VALIDATION,TRAIN
4511,20445,2025-06-29T11:50:15.000000,DEVELOPMENT,TRAIN,TRAIN,TRAIN,TRAIN
4512,20452,2026-06-11T17:55:00.000000,PROCEDURAL_HOLDOUT,NOT_USED,NOT_USED,NOT_USED,NOT_USED
4513,20453,2025-04-30T18:49:10.000000,DEVELOPMENT,TRAIN,TRAIN,TRAIN,TRAIN
4514,20458,2025-11-28T20:45:37.000000,DEVELOPMENT,NOT_USED,VALIDATION,TRAIN,TRAIN
4515,20464,2026-05-20T08:08:47.000000,CALIBRATION,NOT_USED,NOT_USED,NOT_USED,NOT_USED
4516,20467,2025-08-20T20:08:00.000000,DEVELOPMENT,TRAIN,TRAIN,TRAIN,TRAIN
4517,20468,2026-01-30T10:11:53.000000,DEVELOPMENT,NOT_USED,NOT_USED,VALIDATION,TRAIN
4518,20473,2025-07-04T10:55:03.000000,DEVELOPMENT,TRAIN,TRAIN,TRAIN,TRAIN
4519,20477,2025-10-31T20:25:02.000000,DEVELOPMENT,VALIDATION,TRAIN,TRAIN,TRAIN
4520,20482,2025-09-11T11:21:40.000000,DEVELOPMENT,VALIDATION,TRAIN,TRAIN,TRAIN
4521,20486,2026-02-03T12:39:50.000000,DEVELOPMENT,NOT_USED,NOT_USED,VALIDATION,TRAIN
4522,20489,2025-02-17T13:16:02.000000,DEVELOPMENT,TRAIN,TRAIN,TRAIN,TRAIN
4523,20498,2026-04-17T16:14:15.000000,DEVELOPMENT,NOT_USED,NOT_USED,NOT_USED,VALIDATION
4524,20501,2025-04-24T18:49:07.000000,DEVELOPMENT,TRAIN,TRAIN,TRAIN,TRAIN
4525,20511,2025-09-16T09:39:13.000000,DEVELOPMENT,VALIDATION,TRAIN,TRAIN,TRAIN
4526,20513,2026-03-06T14:42:00.000000,DEVELOPMENT,NOT_USED,NOT_USED,NOT_USED,VALIDATION
4527,20517,2026-06-13T14:28:21.000000,PROCEDURAL_HOLDOUT,NOT_USED,NOT_USED,NOT_USED,NOT_USED
4528,20520,2025-10-03T11:06:37.000000,DEVELOPMENT,VALIDATION,TRAIN,TRAIN,TRAIN
4529,20523,2025-05-13T17:53:10.000000,DEVELOPMENT,TRAIN,TRAIN,TRAIN,TRAIN
4530,20530,2026-04-10T19:02:21.000000,DEVELOPMENT,NOT_USED,NOT_USED,NOT_USED,VALIDATION
4531,20531,2026-03-04T09:36:38.000000,DEVELOPMENT,NOT_USED,NOT_USED,NOT_USED,VALIDATION
4532,20535,2026-04-20T09:42:03.000000,DEVELOPMENT,NOT_USED,NOT_USED,NOT_USED,VALIDATION
4533,20540,2025-12-21T17:46:29.000000,DEVELOPMENT,NOT_USED,VALIDATION,TRAIN,TRAIN
4534,20548,2025-09-16T09:10:59.000000,DEVELOPMENT,VALIDATION,TRAIN,TRAIN,TRAIN
4535,20552,2026-07-04T14:22:07.000000,POST_HOLDOUT_AUDIT,NOT_USED,NOT_USED,NOT_USED,NOT_USED
4536,20555,2026-02-19T20:15:09.000000,DEVELOPMENT,NOT_USED,NOT_USED,VALIDATION,TRAIN
4537,20557,2026-04-10T20:39:20.000000,DEVELOPMENT,NOT_USED,NOT_USED,NOT_USED,VALIDATION
4538,20564,2026-06-14T10:01:14.000000,PROCEDURAL_HOLDOUT,NOT_USED,NOT_USED,NOT_USED,NOT_USED
4539,20568,2026-06-24T09:07:28.000000,PROCEDURAL_HOLDOUT,NOT_USED,NOT_USED,NOT_USED,NOT_USED
4540,20575,2025-12-09T15:36:00.000000,DEVELOPMENT,NOT_USED,VALIDATION,TRAIN,TRAIN
4541,20577,2026-01-25T17:38:06.000000,DEVELOPMENT,NOT_USED,NOT_USED,VALIDATION,TRAIN
4542,20579,2026-04-11T09:54:13.000000,DEVELOPMENT,NOT_USED,NOT_USED,NOT_USED,VALIDATION
4543,20584,2025-11-10T13:14:34.000000,DEVELOPMENT,NOT_USED,VALIDATION,TRAIN,TRAIN
4544,20590,2026-06-16T14:41:15.000000,PROCEDURAL_HOLDOUT,NOT_USED,NOT_USED,NOT_USED,NOT_USED
4545,20593,2025-09-05T16:03:55.000000,DEVELOPMENT,VALIDATION,TRAIN,TRAIN,TRAIN
4546,20595,2026-05-08T15:29:12.000000,CALIBRATION,NOT_USED,NOT_USED,NOT_USED,NOT_USED
4547,20597,2025-08-29T17:37:15.000000,DEVELOPMENT,TRAIN,TRAIN,TRAIN,TRAIN
4548,20600,2025-12-05T13:09:59.000000,DEVELOPMENT,NOT_USED,VALIDATION,TRAIN,TRAIN
4549,20607,2026-01-30T10:10:45.000000,DEVELOPMENT,NOT_USED,NOT_USED,VALIDATION,TRAIN
4550,20609,2026-06-16T10:14:03.000000,PROCEDURAL_HOLDOUT,NOT_USED,NOT_USED,NOT_USED,NOT_USED
4551,20613,2026-03-27T10:51:00.000000,DEVELOPMENT,NOT_USED,NOT_USED,NOT_USED,VALIDATION
4552,20615,2026-06-29T08:34:55.000000,PROCEDURAL_HOLDOUT,NOT_USED,NOT_USED,NOT_USED,NOT_USED
4553,20622,2025-05-28T17:37:51.000000,DEVELOPMENT,TRAIN,TRAIN,TRAIN,TRAIN
4554,20626,2025-11-14T15:16:09.000000,DEVELOPMENT,NOT_USED,VALIDATION,TRAIN,TRAIN
4555,20628,2025-12-06T18:29:00.000000,DEVELOPMENT,NOT_USED,VALIDATION,TRAIN,TRAIN
4556,20630,2025-02-23T10:37:00.000000,DEVELOPMENT,TRAIN,TRAIN,TRAIN,TRAIN
4557,20634,2026-04-08T17:40:51.000000,DEVELOPMENT,NOT_USED,NOT_USED,NOT_USED,VALIDATION
4558,20646,2025-04-25T10:18:22.000000,DEVELOPMENT,TRAIN,TRAIN,TRAIN,TRAIN
4559,20649,2025-01-17T10:46:21.000000,DEVELOPMENT,TRAIN,TRAIN,TRAIN,TRAIN
4560,20655,2025-05-22T15:44:21.000000,DEVELOPMENT,TRAIN,TRAIN,TRAIN,TRAIN
4561,20657,2025-05-18T16:00:00.000000,DEVELOPMENT,TRAIN,TRAIN,TRAIN,TRAIN
4562,20658,2025-10-28T16:26:53.000000,DEVELOPMENT,VALIDATION,TRAIN,TRAIN,TRAIN
4563,20662,2026-04-21T15:00:18.000000,DEVELOPMENT,NOT_USED,NOT_USED,NOT_USED,VALIDATION
4564,20665,2025-06-08T15:19:35.000000,DEVELOPMENT,TRAIN,TRAIN,TRAIN,TRAIN
4565,20673,2025-10-07T13:31:26.000000,DEVELOPMENT,VALIDATION,TRAIN,TRAIN,TRAIN
4566,20674,2025-07-05T18:23:15.000000,DEVELOPMENT,TRAIN,TRAIN,TRAIN,TRAIN
4567,20681,2025-08-09T19:52:15.000000,DEVELOPMENT,TRAIN,TRAIN,TRAIN,TRAIN
4568,20685,2025-04-26T20:49:49.000000,DEVELOPMENT,TRAIN,TRAIN,TRAIN,TRAIN
4569,20692,2025-01-30T13:45:30.000000,DEVELOPMENT,TRAIN,TRAIN,TRAIN,TRAIN
4570,20697,2025-04-11T14:55:10.000000,DEVELOPMENT,TRAIN,TRAIN,TRAIN,TRAIN
4571,20701,2025-11-24T18:57:04.000000,DEVELOPMENT,NOT_USED,VALIDATION,TRAIN,TRAIN
4572,20705,2025-07-21T07:58:44.000000,DEVELOPMENT,TRAIN,TRAIN,TRAIN,TRAIN
4573,20707,2026-01-01T20:14:40.000000,DEVELOPMENT,NOT_USED,NOT_USED,VALIDATION,TRAIN
4574,20710,2025-07-07T15:21:34.000000,DEVELOPMENT,TRAIN,TRAIN,TRAIN,TRAIN
4575,20714,2025-03-23T18:11:28.000000,DEVELOPMENT,TRAIN,TRAIN,TRAIN,TRAIN
4576,20716,2025-08-08T10:58:33.000000,DEVELOPMENT,TRAIN,TRAIN,TRAIN,TRAIN
4577,20720,2025-12-30T17:16:51.000000,DEVELOPMENT,NOT_USED,VALIDATION,TRAIN,TRAIN
4578,20723,2025-05-03T11:36:51.000000,DEVELOPMENT,TRAIN,TRAIN,TRAIN,TRAIN
4579,20724,2026-06-08T19:05:24.000000,PROCEDURAL_HOLDOUT,NOT_USED,NOT_USED,NOT_USED,NOT_USED
4580,20730,2026-03-23T08:03:24.000000,DEVELOPMENT,NOT_USED,NOT_USED,NOT_USED,VALIDATION
4581,20732,2025-11-02T16:07:12.000000,DEVELOPMENT,NOT_USED,VALIDATION,TRAIN,TRAIN
4582,20740,2026-05-13T12:43:55.000000,CALIBRATION,NOT_USED,NOT_USED,NOT_USED,NOT_USED
4583,20744,2025-05-07T15:10:39.000000,DEVELOPMENT,TRAIN,TRAIN,TRAIN,TRAIN
4584,20748,2026-04-22T13:45:15.000000,DEVELOPMENT,NOT_USED,NOT_USED,NOT_USED,VALIDATION
4585,20749,2026-02-28T13:07:05.000000,DEVELOPMENT,NOT_USED,NOT_USED,VALIDATION,TRAIN
4586,20751,2026-02-19T08:53:34.000000,DEVELOPMENT,NOT_USED,NOT_USED,VALIDATION,TRAIN
4587,20759,2025-03-29T20:04:35.000000,DEVELOPMENT,TRAIN,TRAIN,TRAIN,TRAIN
4588,20765,2026-02-05T17:55:53.000000,DEVELOPMENT,NOT_USED,NOT_USED,VALIDATION,TRAIN
4589,20766,2025-04-30T12:14:07.000000,DEVELOPMENT,TRAIN,TRAIN,TRAIN,TRAIN
4590,20772,2026-01-28T13:11:16.000000,DEVELOPMENT,NOT_USED,NOT_USED,VALIDATION,TRAIN
4591,20775,2026-02-10T18:43:53.000000,DEVELOPMENT,NOT_USED,NOT_USED,VALIDATION,TRAIN
4592,20777,2025-07-10T09:53:00.000000,DEVELOPMENT,TRAIN,TRAIN,TRAIN,TRAIN
4593,20781,2026-04-21T08:38:16.000000,DEVELOPMENT,NOT_USED,NOT_USED,NOT_USED,VALIDATION
4594,20786,2025-02-18T08:37:06.000000,DEVELOPMENT,TRAIN,TRAIN,TRAIN,TRAIN
4595,20788,2025-06-23T15:27:58.000000,DEVELOPMENT,TRAIN,TRAIN,TRAIN,TRAIN
4596,20797,2026-01-27T12:37:33.000000,DEVELOPMENT,NOT_USED,NOT_USED,VALIDATION,TRAIN
4597,20802,2025-10-31T07:33:53.000000,DEVELOPMENT,VALIDATION,TRAIN,TRAIN,TRAIN
4598,20811,2026-03-26T09:54:44.000000,DEVELOPMENT,NOT_USED,NOT_USED,NOT_USED,VALIDATION
4599,20815,2025-11-06T08:13:01.000000,DEVELOPMENT,NOT_USED,VALIDATION,TRAIN,TRAIN
4600,20825,2025-12-20T10:06:24.000000,DEVELOPMENT,NOT_USED,VALIDATION,TRAIN,TRAIN
4601,20826,2026-02-13T18:48:12.000000,DEVELOPMENT,NOT_USED,NOT_USED,VALIDATION,TRAIN
4602,20830,2026-05-31T08:16:42.000000,CALIBRATION,NOT_USED,NOT_USED,NOT_USED,NOT_USED
4603,20832,2025-04-05T13:48:23.000000,DEVELOPMENT,TRAIN,TRAIN,TRAIN,TRAIN
4604,20841,2026-01-22T16:27:31.000000,DEVELOPMENT,NOT_USED,NOT_USED,VALIDATION,TRAIN
4605,20842,2025-02-23T17:18:34.000000,DEVELOPMENT,TRAIN,TRAIN,TRAIN,TRAIN
4606,20848,2025-08-18T19:17:39.000000,DEVELOPMENT,TRAIN,TRAIN,TRAIN,TRAIN
4607,20855,2026-02-06T13:45:04.000000,DEVELOPMENT,NOT_USED,NOT_USED,VALIDATION,TRAIN
4608,20856,2025-12-25T07:22:01.000000,DEVELOPMENT,NOT_USED,VALIDATION,TRAIN,TRAIN
4609,20859,2026-06-04T12:55:44.000000,PROCEDURAL_HOLDOUT,NOT_USED,NOT_USED,NOT_USED,NOT_USED
4610,20866,2026-01-21T12:23:20.000000,DEVELOPMENT,NOT_USED,NOT_USED,VALIDATION,TRAIN
4611,20873,2026-06-06T19:00:20.000000,PROCEDURAL_HOLDOUT,NOT_USED,NOT_USED,NOT_USED,NOT_USED
4612,20880,2026-03-01T12:26:19.000000,DEVELOPMENT,NOT_USED,NOT_USED,NOT_USED,VALIDATION
4613,20883,2026-03-31T08:35:28.000000,DEVELOPMENT,NOT_USED,NOT_USED,NOT_USED,VALIDATION
4614,20884,2026-05-15T10:56:11.000000,CALIBRATION,NOT_USED,NOT_USED,NOT_USED,NOT_USED
4615,20890,2026-05-20T20:03:52.000000,CALIBRATION,NOT_USED,NOT_USED,NOT_USED,NOT_USED
4616,20892,2025-02-05T17:22:45.000000,DEVELOPMENT,TRAIN,TRAIN,TRAIN,TRAIN
4617,20895,2025-05-14T10:23:32.000000,DEVELOPMENT,TRAIN,TRAIN,TRAIN,TRAIN
4618,20897,2025-08-22T15:22:13.000000,DEVELOPMENT,TRAIN,TRAIN,TRAIN,TRAIN
4619,20899,2025-01-21T14:13:27.000000,DEVELOPMENT,TRAIN,TRAIN,TRAIN,TRAIN
4620,20901,2026-04-25T11:05:38.000000,DEVELOPMENT,NOT_USED,NOT_USED,NOT_USED,VALIDATION
4621,20907,2025-04-14T10:05:19.000000,DEVELOPMENT,TRAIN,TRAIN,TRAIN,TRAIN
4622,20908,2025-02-28T07:57:25.000000,DEVELOPMENT,TRAIN,TRAIN,TRAIN,TRAIN
4623,20916,2025-12-01T20:05:17.000000,DEVELOPMENT,NOT_USED,VALIDATION,TRAIN,TRAIN
4624,20922,2026-04-12T19:35:00.000000,DEVELOPMENT,NOT_USED,NOT_USED,NOT_USED,VALIDATION
4625,20923,2025-10-15T20:14:17.000000,DEVELOPMENT,VALIDATION,TRAIN,TRAIN,TRAIN
4626,20926,2025-02-14T19:42:07.000000,DEVELOPMENT,TRAIN,TRAIN,TRAIN,TRAIN
4627,20931,2026-06-18T18:05:20.000000,PROCEDURAL_HOLDOUT,NOT_USED,NOT_USED,NOT_USED,NOT_USED
4628,20934,2025-12-17T11:43:26.000000,DEVELOPMENT,NOT_USED,VALIDATION,TRAIN,TRAIN
4629,20939,2025-03-09T20:22:42.000000,DEVELOPMENT,TRAIN,TRAIN,TRAIN,TRAIN
4630,20943,2026-03-27T20:23:16.000000,DEVELOPMENT,NOT_USED,NOT_USED,NOT_USED,VALIDATION
4631,20947,2025-05-01T16:18:57.000000,DEVELOPMENT,TRAIN,TRAIN,TRAIN,TRAIN
4632,20954,2025-01-21T14:38:58.000000,DEVELOPMENT,TRAIN,TRAIN,TRAIN,TRAIN
4633,20955,2025-01-19T13:52:22.000000,DEVELOPMENT,TRAIN,TRAIN,TRAIN,TRAIN
4634,20963,2025-02-13T13:59:00.000000,DEVELOPMENT,TRAIN,TRAIN,TRAIN,TRAIN
4635,20968,2025-08-31T09:10:00.000000,DEVELOPMENT,TRAIN,TRAIN,TRAIN,TRAIN
4636,20972,2025-06-03T19:12:26.000000,DEVELOPMENT,TRAIN,TRAIN,TRAIN,TRAIN
4637,20979,2025-08-09T18:01:42.000000,DEVELOPMENT,TRAIN,TRAIN,TRAIN,TRAIN
4638,20983,2026-04-02T20:33:56.000000,DEVELOPMENT,NOT_USED,NOT_USED,NOT_USED,VALIDATION
4639,20987,2025-07-29T14:32:09.000000,DEVELOPMENT,TRAIN,TRAIN,TRAIN,TRAIN
4640,20994,2026-04-15T09:31:26.000000,DEVELOPMENT,NOT_USED,NOT_USED,NOT_USED,VALIDATION
4641,20998,2025-01-28T15:50:54.000000,DEVELOPMENT,TRAIN,TRAIN,TRAIN,TRAIN
4642,21002,2026-07-07T08:04:47.000000,POST_HOLDOUT_AUDIT,NOT_USED,NOT_USED,NOT_USED,NOT_USED
4643,21007,2025-11-14T18:04:22.000000,DEVELOPMENT,NOT_USED,VALIDATION,TRAIN,TRAIN
4644,21010,2025-11-08T10:06:03.000000,DEVELOPMENT,NOT_USED,VALIDATION,TRAIN,TRAIN
4645,21011,2025-06-14T09:55:52.000000,DEVELOPMENT,TRAIN,TRAIN,TRAIN,TRAIN
4646,21012,2026-03-22T10:19:58.000000,DEVELOPMENT,NOT_USED,NOT_USED,NOT_USED,VALIDATION
4647,21020,2025-02-13T07:58:17.000000,DEVELOPMENT,TRAIN,TRAIN,TRAIN,TRAIN
4648,21022,2026-03-10T12:45:00.000000,DEVELOPMENT,NOT_USED,NOT_USED,NOT_USED,VALIDATION
4649,21026,2025-08-13T14:09:33.000000,DEVELOPMENT,TRAIN,TRAIN,TRAIN,TRAIN
4650,21028,2025-10-07T18:44:18.000000,DEVELOPMENT,VALIDATION,TRAIN,TRAIN,TRAIN
4651,21031,2026-05-22T07:54:40.000000,CALIBRATION,NOT_USED,NOT_USED,NOT_USED,NOT_USED
4652,21039,2026-01-06T14:41:25.000000,DEVELOPMENT,NOT_USED,NOT_USED,VALIDATION,TRAIN
4653,21041,2026-05-18T10:10:02.000000,CALIBRATION,NOT_USED,NOT_USED,NOT_USED,NOT_USED
4654,21045,2025-03-12T12:27:24.000000,DEVELOPMENT,TRAIN,TRAIN,TRAIN,TRAIN
4655,21050,2025-04-29T14:58:54.000000,DEVELOPMENT,TRAIN,TRAIN,TRAIN,TRAIN
4656,21059,2026-04-19T11:26:00.000000,DEVELOPMENT,NOT_USED,NOT_USED,NOT_USED,VALIDATION
4657,21062,2025-04-15T16:51:11.000000,DEVELOPMENT,TRAIN,TRAIN,TRAIN,TRAIN
4658,21065,2026-05-14T09:34:35.000000,CALIBRATION,NOT_USED,NOT_USED,NOT_USED,NOT_USED
4659,21066,2025-12-27T07:59:17.000000,DEVELOPMENT,NOT_USED,VALIDATION,TRAIN,TRAIN
4660,21075,2025-11-18T07:24:22.000000,DEVELOPMENT,NOT_USED,VALIDATION,TRAIN,TRAIN
4661,21079,2026-05-06T16:03:29.000000,CALIBRATION,NOT_USED,NOT_USED,NOT_USED,NOT_USED
4662,21085,2025-06-29T18:17:56.000000,DEVELOPMENT,TRAIN,TRAIN,TRAIN,TRAIN
4663,21093,2025-10-22T12:41:25.000000,DEVELOPMENT,VALIDATION,TRAIN,TRAIN,TRAIN
4664,21095,2025-11-23T09:05:48.000000,DEVELOPMENT,NOT_USED,VALIDATION,TRAIN,TRAIN
4665,21103,2025-11-23T10:09:48.000000,DEVELOPMENT,NOT_USED,VALIDATION,TRAIN,TRAIN
4666,21106,2025-10-03T17:00:55.000000,DEVELOPMENT,VALIDATION,TRAIN,TRAIN,TRAIN
4667,21111,2025-11-26T14:09:23.000000,DEVELOPMENT,NOT_USED,VALIDATION,TRAIN,TRAIN
4668,21120,2026-04-28T07:04:11.000000,DEVELOPMENT,NOT_USED,NOT_USED,NOT_USED,VALIDATION
4669,21124,2025-12-24T11:53:41.000000,DEVELOPMENT,NOT_USED,VALIDATION,TRAIN,TRAIN
4670,21129,2026-05-17T19:26:35.000000,CALIBRATION,NOT_USED,NOT_USED,NOT_USED,NOT_USED
4671,21131,2026-05-19T11:45:47.000000,CALIBRATION,NOT_USED,NOT_USED,NOT_USED,NOT_USED
4672,21136,2025-12-24T09:25:39.000000,DEVELOPMENT,NOT_USED,VALIDATION,TRAIN,TRAIN
4673,21140,2025-12-21T07:06:00.000000,DEVELOPMENT,NOT_USED,VALIDATION,TRAIN,TRAIN
4674,21147,2025-12-09T16:08:32.000000,DEVELOPMENT,NOT_USED,VALIDATION,TRAIN,TRAIN
4675,21149,2026-02-03T18:06:00.000000,DEVELOPMENT,NOT_USED,NOT_USED,VALIDATION,TRAIN
4676,21151,2025-11-28T20:49:05.000000,DEVELOPMENT,NOT_USED,VALIDATION,TRAIN,TRAIN
4677,21155,2026-05-18T09:45:14.000000,CALIBRATION,NOT_USED,NOT_USED,NOT_USED,NOT_USED
4678,21164,2026-01-26T10:49:52.000000,DEVELOPMENT,NOT_USED,NOT_USED,VALIDATION,TRAIN
4679,21171,2025-08-16T07:53:20.000000,DEVELOPMENT,TRAIN,TRAIN,TRAIN,TRAIN
4680,21177,2025-07-12T07:08:32.000000,DEVELOPMENT,TRAIN,TRAIN,TRAIN,TRAIN
4681,21183,2025-01-12T07:03:01.000000,DEVELOPMENT,TRAIN,TRAIN,TRAIN,TRAIN
4682,21187,2025-11-24T11:48:11.000000,DEVELOPMENT,NOT_USED,VALIDATION,TRAIN,TRAIN
4683,21190,2025-11-26T12:05:31.000000,DEVELOPMENT,NOT_USED,VALIDATION,TRAIN,TRAIN
4684,21198,2025-11-29T16:27:44.000000,DEVELOPMENT,NOT_USED,VALIDATION,TRAIN,TRAIN
4685,21199,2026-04-24T16:45:54.000000,DEVELOPMENT,NOT_USED,NOT_USED,NOT_USED,VALIDATION
4686,21202,2025-10-09T20:38:58.000000,DEVELOPMENT,VALIDATION,TRAIN,TRAIN,TRAIN
4687,21208,2025-12-25T10:20:46.000000,DEVELOPMENT,NOT_USED,VALIDATION,TRAIN,TRAIN
4688,21209,2025-10-23T12:37:21.000000,DEVELOPMENT,VALIDATION,TRAIN,TRAIN,TRAIN
4689,21213,2025-01-21T15:25:40.000000,DEVELOPMENT,TRAIN,TRAIN,TRAIN,TRAIN
4690,21218,2026-03-07T09:07:00.000000,DEVELOPMENT,NOT_USED,NOT_USED,NOT_USED,VALIDATION
4691,21219,2025-10-20T09:56:17.000000,DEVELOPMENT,VALIDATION,TRAIN,TRAIN,TRAIN
4692,21223,2025-12-26T17:04:19.000000,DEVELOPMENT,NOT_USED,VALIDATION,TRAIN,TRAIN
4693,21231,2026-05-31T13:17:00.000000,CALIBRATION,NOT_USED,NOT_USED,NOT_USED,NOT_USED
4694,21233,2025-03-08T10:01:18.000000,DEVELOPMENT,TRAIN,TRAIN,TRAIN,TRAIN
4695,21237,2025-08-26T12:49:17.000000,DEVELOPMENT,TRAIN,TRAIN,TRAIN,TRAIN
4696,21244,2025-09-24T17:28:35.000000,DEVELOPMENT,VALIDATION,TRAIN,TRAIN,TRAIN
4697,21250,2025-05-05T20:00:06.000000,DEVELOPMENT,TRAIN,TRAIN,TRAIN,TRAIN
4698,21255,2025-05-27T09:57:41.000000,DEVELOPMENT,TRAIN,TRAIN,TRAIN,TRAIN
4699,21257,2026-06-04T17:38:25.000000,PROCEDURAL_HOLDOUT,NOT_USED,NOT_USED,NOT_USED,NOT_USED
4700,21264,2025-07-16T13:18:37.000000,DEVELOPMENT,TRAIN,TRAIN,TRAIN,TRAIN
4701,21268,2025-02-02T15:53:55.000000,DEVELOPMENT,TRAIN,TRAIN,TRAIN,TRAIN
4702,21273,2026-02-02T11:47:50.000000,DEVELOPMENT,NOT_USED,NOT_USED,VALIDATION,TRAIN
4703,21277,2026-03-18T13:01:00.000000,DEVELOPMENT,NOT_USED,NOT_USED,NOT_USED,VALIDATION
4704,21278,2025-09-20T17:38:23.000000,DEVELOPMENT,VALIDATION,TRAIN,TRAIN,TRAIN
4705,21285,2025-12-17T14:27:30.000000,DEVELOPMENT,NOT_USED,VALIDATION,TRAIN,TRAIN
4706,21288,2025-08-29T19:31:25.000000,DEVELOPMENT,TRAIN,TRAIN,TRAIN,TRAIN
4707,21291,2025-06-26T20:02:13.000000,DEVELOPMENT,TRAIN,TRAIN,TRAIN,TRAIN
4708,21295,2026-05-24T18:50:22.000000,CALIBRATION,NOT_USED,NOT_USED,NOT_USED,NOT_USED
4709,21300,2026-05-17T10:42:08.000000,CALIBRATION,NOT_USED,NOT_USED,NOT_USED,NOT_USED
4710,21303,2025-10-19T09:02:00.000000,DEVELOPMENT,VALIDATION,TRAIN,TRAIN,TRAIN
4711,21309,2026-03-19T17:38:07.000000,DEVELOPMENT,NOT_USED,NOT_USED,NOT_USED,VALIDATION
4712,21312,2026-01-07T13:12:35.000000,DEVELOPMENT,NOT_USED,NOT_USED,VALIDATION,TRAIN
4713,21314,2025-09-27T10:13:44.000000,DEVELOPMENT,VALIDATION,TRAIN,TRAIN,TRAIN
4714,21315,2025-05-26T16:25:52.000000,DEVELOPMENT,TRAIN,TRAIN,TRAIN,TRAIN
4715,21323,2025-09-18T19:33:56.000000,DEVELOPMENT,VALIDATION,TRAIN,TRAIN,TRAIN
4716,21329,2025-06-08T10:09:38.000000,DEVELOPMENT,TRAIN,TRAIN,TRAIN,TRAIN
4717,21336,2026-03-22T17:56:09.000000,DEVELOPMENT,NOT_USED,NOT_USED,NOT_USED,VALIDATION
4718,21345,2026-03-26T13:01:18.000000,DEVELOPMENT,NOT_USED,NOT_USED,NOT_USED,VALIDATION
4719,21347,2026-02-20T14:39:26.000000,DEVELOPMENT,NOT_USED,NOT_USED,VALIDATION,TRAIN
4720,21356,2026-01-08T16:45:17.000000,DEVELOPMENT,NOT_USED,NOT_USED,VALIDATION,TRAIN
4721,21366,2025-12-12T11:28:38.000000,DEVELOPMENT,NOT_USED,VALIDATION,TRAIN,TRAIN
4722,21369,2025-04-30T15:44:17.000000,DEVELOPMENT,TRAIN,TRAIN,TRAIN,TRAIN
4723,21381,2026-01-08T09:05:56.000000,DEVELOPMENT,NOT_USED,NOT_USED,VALIDATION,TRAIN
4724,21385,2025-09-06T18:14:00.000000,DEVELOPMENT,VALIDATION,TRAIN,TRAIN,TRAIN
4725,21389,2026-05-17T16:23:11.000000,CALIBRATION,NOT_USED,NOT_USED,NOT_USED,NOT_USED
4726,21391,2025-03-28T14:02:11.000000,DEVELOPMENT,TRAIN,TRAIN,TRAIN,TRAIN
4727,21392,2026-04-07T07:27:00.000000,DEVELOPMENT,NOT_USED,NOT_USED,NOT_USED,VALIDATION
4728,21393,2025-10-02T14:58:00.000000,DEVELOPMENT,VALIDATION,TRAIN,TRAIN,TRAIN
4729,21397,2025-04-26T19:30:00.000000,DEVELOPMENT,TRAIN,TRAIN,TRAIN,TRAIN
4730,21402,2026-04-13T10:58:23.000000,DEVELOPMENT,NOT_USED,NOT_USED,NOT_USED,VALIDATION
4731,21410,2025-06-23T14:56:41.000000,DEVELOPMENT,TRAIN,TRAIN,TRAIN,TRAIN
4732,21413,2025-11-12T20:51:58.000000,DEVELOPMENT,NOT_USED,VALIDATION,TRAIN,TRAIN
4733,21418,2025-07-23T07:16:37.000000,DEVELOPMENT,TRAIN,TRAIN,TRAIN,TRAIN
4734,21420,2025-10-17T17:34:00.000000,DEVELOPMENT,VALIDATION,TRAIN,TRAIN,TRAIN
4735,21422,2025-03-16T16:46:00.000000,DEVELOPMENT,TRAIN,TRAIN,TRAIN,TRAIN
4736,21428,2025-12-07T07:39:41.000000,DEVELOPMENT,NOT_USED,VALIDATION,TRAIN,TRAIN
4737,21429,2026-06-09T08:47:00.000000,PROCEDURAL_HOLDOUT,NOT_USED,NOT_USED,NOT_USED,NOT_USED
4738,21431,2025-08-14T11:32:29.000000,DEVELOPMENT,TRAIN,TRAIN,TRAIN,TRAIN
4739,21435,2025-08-18T10:32:48.000000,DEVELOPMENT,TRAIN,TRAIN,TRAIN,TRAIN
4740,21437,2025-11-03T10:54:43.000000,DEVELOPMENT,NOT_USED,VALIDATION,TRAIN,TRAIN
4741,21439,2025-05-23T11:09:34.000000,DEVELOPMENT,TRAIN,TRAIN,TRAIN,TRAIN
4742,21441,2025-02-02T14:30:33.000000,DEVELOPMENT,TRAIN,TRAIN,TRAIN,TRAIN
4743,21444,2026-04-16T12:08:48.000000,DEVELOPMENT,NOT_USED,NOT_USED,NOT_USED,VALIDATION
4744,21447,2025-04-24T11:43:00.000000,DEVELOPMENT,TRAIN,TRAIN,TRAIN,TRAIN
4745,21454,2025-10-21T18:43:35.000000,DEVELOPMENT,VALIDATION,TRAIN,TRAIN,TRAIN
4746,21460,2025-08-02T14:13:16.000000,DEVELOPMENT,TRAIN,TRAIN,TRAIN,TRAIN
4747,21469,2025-06-26T14:15:44.000000,DEVELOPMENT,TRAIN,TRAIN,TRAIN,TRAIN
4748,21472,2025-01-29T12:42:58.000000,DEVELOPMENT,TRAIN,TRAIN,TRAIN,TRAIN
4749,21473,2026-04-03T20:11:48.000000,DEVELOPMENT,NOT_USED,NOT_USED,NOT_USED,VALIDATION
4750,21475,2026-05-27T09:04:26.000000,CALIBRATION,NOT_USED,NOT_USED,NOT_USED,NOT_USED
4751,21481,2025-09-19T15:49:06.000000,DEVELOPMENT,VALIDATION,TRAIN,TRAIN,TRAIN
4752,21485,2026-04-22T12:41:21.000000,DEVELOPMENT,NOT_USED,NOT_USED,NOT_USED,VALIDATION
4753,21487,2026-05-01T20:09:00.000000,CALIBRATION,NOT_USED,NOT_USED,NOT_USED,NOT_USED
4754,21489,2026-03-07T18:44:02.000000,DEVELOPMENT,NOT_USED,NOT_USED,NOT_USED,VALIDATION
4755,21491,2026-06-23T16:24:00.000000,PROCEDURAL_HOLDOUT,NOT_USED,NOT_USED,NOT_USED,NOT_USED
4756,21493,2025-10-02T10:52:00.000000,DEVELOPMENT,VALIDATION,TRAIN,TRAIN,TRAIN
4757,21496,2026-06-02T19:52:09.000000,PROCEDURAL_HOLDOUT,NOT_USED,NOT_USED,NOT_USED,NOT_USED
4758,21500,2025-11-13T14:42:38.000000,DEVELOPMENT,NOT_USED,VALIDATION,TRAIN,TRAIN
4759,21506,2026-01-27T13:24:02.000000,DEVELOPMENT,NOT_USED,NOT_USED,VALIDATION,TRAIN
4760,21508,2025-04-28T11:17:20.000000,DEVELOPMENT,TRAIN,TRAIN,TRAIN,TRAIN
4761,21512,2026-05-24T13:23:07.000000,CALIBRATION,NOT_USED,NOT_USED,NOT_USED,NOT_USED
4762,21517,2025-10-20T08:39:32.000000,DEVELOPMENT,VALIDATION,TRAIN,TRAIN,TRAIN
4763,21526,2026-06-29T09:02:49.000000,PROCEDURAL_HOLDOUT,NOT_USED,NOT_USED,NOT_USED,NOT_USED
4764,21532,2026-04-08T07:35:18.000000,DEVELOPMENT,NOT_USED,NOT_USED,NOT_USED,VALIDATION
4765,21537,2026-04-06T09:12:49.000000,DEVELOPMENT,NOT_USED,NOT_USED,NOT_USED,VALIDATION
4766,21539,2026-05-16T10:43:14.000000,CALIBRATION,NOT_USED,NOT_USED,NOT_USED,NOT_USED
4767,21542,2026-01-26T19:58:09.000000,DEVELOPMENT,NOT_USED,NOT_USED,VALIDATION,TRAIN
4768,21547,2026-06-09T10:23:10.000000,PROCEDURAL_HOLDOUT,NOT_USED,NOT_USED,NOT_USED,NOT_USED
4769,21553,2025-09-25T17:56:50.000000,DEVELOPMENT,VALIDATION,TRAIN,TRAIN,TRAIN
4770,21558,2025-05-03T17:24:24.000000,DEVELOPMENT,TRAIN,TRAIN,TRAIN,TRAIN
4771,21563,2025-07-30T20:43:09.000000,DEVELOPMENT,TRAIN,TRAIN,TRAIN,TRAIN
4772,21565,2026-01-20T13:31:17.000000,DEVELOPMENT,NOT_USED,NOT_USED,VALIDATION,TRAIN
4773,21573,2026-01-15T09:32:41.000000,DEVELOPMENT,NOT_USED,NOT_USED,VALIDATION,TRAIN
4774,21580,2026-02-17T14:02:52.000000,DEVELOPMENT,NOT_USED,NOT_USED,VALIDATION,TRAIN
4775,21582,2025-09-14T11:31:17.000000,DEVELOPMENT,VALIDATION,TRAIN,TRAIN,TRAIN
4776,21587,2026-01-06T19:29:00.000000,DEVELOPMENT,NOT_USED,NOT_USED,VALIDATION,TRAIN
4777,21588,2025-10-17T08:09:28.000000,DEVELOPMENT,VALIDATION,TRAIN,TRAIN,TRAIN
4778,21599,2026-05-06T07:09:35.000000,CALIBRATION,NOT_USED,NOT_USED,NOT_USED,NOT_USED
4779,21603,2026-03-12T18:12:06.000000,DEVELOPMENT,NOT_USED,NOT_USED,NOT_USED,VALIDATION
4780,21608,2025-12-07T11:44:48.000000,DEVELOPMENT,NOT_USED,VALIDATION,TRAIN,TRAIN
4781,21612,2026-03-19T16:06:27.000000,DEVELOPMENT,NOT_USED,NOT_USED,NOT_USED,VALIDATION
4782,21615,2026-05-09T08:54:53.000000,CALIBRATION,NOT_USED,NOT_USED,NOT_USED,NOT_USED
4783,21626,2025-05-02T14:22:34.000000,DEVELOPMENT,TRAIN,TRAIN,TRAIN,TRAIN
4784,21628,2026-03-18T20:05:09.000000,DEVELOPMENT,NOT_USED,NOT_USED,NOT_USED,VALIDATION
4785,21638,2025-12-01T17:58:38.000000,DEVELOPMENT,NOT_USED,VALIDATION,TRAIN,TRAIN
4786,21640,2026-01-29T13:39:00.000000,DEVELOPMENT,NOT_USED,NOT_USED,VALIDATION,TRAIN
4787,21642,2026-06-15T12:05:42.000000,PROCEDURAL_HOLDOUT,NOT_USED,NOT_USED,NOT_USED,NOT_USED
4788,21648,2025-07-05T11:04:18.000000,DEVELOPMENT,TRAIN,TRAIN,TRAIN,TRAIN
4789,21652,2026-05-13T15:22:35.000000,CALIBRATION,NOT_USED,NOT_USED,NOT_USED,NOT_USED
4790,21653,2026-07-11T11:26:34.000000,POST_HOLDOUT_AUDIT,NOT_USED,NOT_USED,NOT_USED,NOT_USED
4791,21657,2025-01-21T17:51:57.000000,DEVELOPMENT,TRAIN,TRAIN,TRAIN,TRAIN
4792,21662,2025-12-27T16:56:14.000000,DEVELOPMENT,NOT_USED,VALIDATION,TRAIN,TRAIN
4793,21673,2026-04-12T14:56:57.000000,DEVELOPMENT,NOT_USED,NOT_USED,NOT_USED,VALIDATION
4794,21677,2025-04-07T18:27:19.000000,DEVELOPMENT,TRAIN,TRAIN,TRAIN,TRAIN
4795,21680,2026-04-26T13:09:58.000000,DEVELOPMENT,NOT_USED,NOT_USED,NOT_USED,VALIDATION
4796,21684,2025-08-27T18:19:37.000000,DEVELOPMENT,TRAIN,TRAIN,TRAIN,TRAIN
4797,21691,2025-06-11T07:25:45.000000,DEVELOPMENT,TRAIN,TRAIN,TRAIN,TRAIN
4798,21694,2025-12-28T10:12:19.000000,DEVELOPMENT,NOT_USED,VALIDATION,TRAIN,TRAIN
4799,21697,2026-06-16T09:56:25.000000,PROCEDURAL_HOLDOUT,NOT_USED,NOT_USED,NOT_USED,NOT_USED
4800,21705,2026-06-26T10:25:18.000000,PROCEDURAL_HOLDOUT,NOT_USED,NOT_USED,NOT_USED,NOT_USED
4801,21710,2025-08-22T10:52:34.000000,DEVELOPMENT,TRAIN,TRAIN,TRAIN,TRAIN
4802,21711,2025-06-28T16:22:01.000000,DEVELOPMENT,TRAIN,TRAIN,TRAIN,TRAIN
4803,21717,2026-02-16T08:44:05.000000,DEVELOPMENT,NOT_USED,NOT_USED,VALIDATION,TRAIN
4804,21723,2026-06-23T16:34:03.000000,PROCEDURAL_HOLDOUT,NOT_USED,NOT_USED,NOT_USED,NOT_USED
4805,21727,2025-01-30T07:47:45.000000,DEVELOPMENT,TRAIN,TRAIN,TRAIN,TRAIN
4806,21732,2025-04-10T13:42:29.000000,DEVELOPMENT,TRAIN,TRAIN,TRAIN,TRAIN
4807,21736,2025-04-01T18:26:01.000000,DEVELOPMENT,TRAIN,TRAIN,TRAIN,TRAIN
4808,21737,2025-10-08T19:40:00.000000,DEVELOPMENT,VALIDATION,TRAIN,TRAIN,TRAIN
4809,21740,2025-09-23T09:27:00.000000,DEVELOPMENT,VALIDATION,TRAIN,TRAIN,TRAIN
4810,21741,2026-01-08T20:55:18.000000,DEVELOPMENT,NOT_USED,NOT_USED,VALIDATION,TRAIN
4811,21744,2025-03-05T17:08:58.000000,DEVELOPMENT,TRAIN,TRAIN,TRAIN,TRAIN
4812,21747,2026-05-27T15:33:35.000000,CALIBRATION,NOT_USED,NOT_USED,NOT_USED,NOT_USED
4813,21754,2025-11-20T15:53:50.000000,DEVELOPMENT,NOT_USED,VALIDATION,TRAIN,TRAIN
4814,21756,2026-01-01T16:58:04.000000,DEVELOPMENT,NOT_USED,NOT_USED,VALIDATION,TRAIN
4815,21757,2026-03-17T15:52:00.000000,DEVELOPMENT,NOT_USED,NOT_USED,NOT_USED,VALIDATION
4816,21760,2025-04-14T07:40:31.000000,DEVELOPMENT,TRAIN,TRAIN,TRAIN,TRAIN
4817,21765,2025-06-10T13:14:31.000000,DEVELOPMENT,TRAIN,TRAIN,TRAIN,TRAIN
4818,21772,2026-02-27T12:39:00.000000,DEVELOPMENT,NOT_USED,NOT_USED,VALIDATION,TRAIN
4819,21773,2026-01-05T09:09:58.000000,DEVELOPMENT,NOT_USED,NOT_USED,VALIDATION,TRAIN
4820,21780,2025-10-19T18:20:00.000000,DEVELOPMENT,VALIDATION,TRAIN,TRAIN,TRAIN
4821,21781,2025-10-02T07:20:23.000000,DEVELOPMENT,VALIDATION,TRAIN,TRAIN,TRAIN
4822,21783,2025-04-04T17:47:16.000000,DEVELOPMENT,TRAIN,TRAIN,TRAIN,TRAIN
4823,21785,2025-05-09T18:09:05.000000,DEVELOPMENT,TRAIN,TRAIN,TRAIN,TRAIN
4824,21789,2025-12-12T13:12:09.000000,DEVELOPMENT,NOT_USED,VALIDATION,TRAIN,TRAIN
4825,21793,2025-04-28T12:37:45.000000,DEVELOPMENT,TRAIN,TRAIN,TRAIN,TRAIN
4826,21795,2025-10-05T09:00:03.000000,DEVELOPMENT,VALIDATION,TRAIN,TRAIN,TRAIN
4827,21801,2025-07-10T12:24:00.000000,DEVELOPMENT,TRAIN,TRAIN,TRAIN,TRAIN
4828,21806,2026-03-18T07:56:59.000000,DEVELOPMENT,NOT_USED,NOT_USED,NOT_USED,VALIDATION
4829,21808,2025-06-30T09:57:55.000000,DEVELOPMENT,TRAIN,TRAIN,TRAIN,TRAIN
4830,21813,2025-05-12T20:21:00.000000,DEVELOPMENT,TRAIN,TRAIN,TRAIN,TRAIN
4831,21817,2026-05-25T09:09:15.000000,CALIBRATION,NOT_USED,NOT_USED,NOT_USED,NOT_USED
4832,21820,2025-04-22T10:15:32.000000,DEVELOPMENT,TRAIN,TRAIN,TRAIN,TRAIN
4833,21822,2026-02-16T14:55:51.000000,DEVELOPMENT,NOT_USED,NOT_USED,VALIDATION,TRAIN
4834,21825,2025-12-05T09:32:57.000000,DEVELOPMENT,NOT_USED,VALIDATION,TRAIN,TRAIN
4835,21826,2025-06-03T07:02:17.000000,DEVELOPMENT,TRAIN,TRAIN,TRAIN,TRAIN
4836,21830,2026-03-01T20:01:00.000000,DEVELOPMENT,NOT_USED,NOT_USED,NOT_USED,VALIDATION
4837,21836,2026-06-03T18:14:28.000000,PROCEDURAL_HOLDOUT,NOT_USED,NOT_USED,NOT_USED,NOT_USED
4838,21838,2025-06-20T10:46:59.000000,DEVELOPMENT,TRAIN,TRAIN,TRAIN,TRAIN
4839,21842,2026-05-17T13:00:23.000000,CALIBRATION,NOT_USED,NOT_USED,NOT_USED,NOT_USED
4840,21848,2025-04-06T14:49:13.000000,DEVELOPMENT,TRAIN,TRAIN,TRAIN,TRAIN
4841,21852,2026-04-13T07:28:13.000000,DEVELOPMENT,NOT_USED,NOT_USED,NOT_USED,VALIDATION
4842,21857,2025-08-28T16:06:34.000000,DEVELOPMENT,TRAIN,TRAIN,TRAIN,TRAIN
4843,21863,2026-02-12T11:46:46.000000,DEVELOPMENT,NOT_USED,NOT_USED,VALIDATION,TRAIN
4844,21865,2025-06-29T11:29:40.000000,DEVELOPMENT,TRAIN,TRAIN,TRAIN,TRAIN
4845,21872,2026-02-28T08:53:38.000000,DEVELOPMENT,NOT_USED,NOT_USED,VALIDATION,TRAIN
4846,21878,2025-06-29T20:56:29.000000,DEVELOPMENT,TRAIN,TRAIN,TRAIN,TRAIN
4847,21881,2025-09-17T12:30:03.000000,DEVELOPMENT,VALIDATION,TRAIN,TRAIN,TRAIN
4848,21885,2025-01-18T19:22:55.000000,DEVELOPMENT,TRAIN,TRAIN,TRAIN,TRAIN
4849,21886,2025-06-13T08:42:49.000000,DEVELOPMENT,TRAIN,TRAIN,TRAIN,TRAIN
4850,21890,2025-07-14T08:16:17.000000,DEVELOPMENT,TRAIN,TRAIN,TRAIN,TRAIN
4851,21896,2025-10-14T20:47:10.000000,DEVELOPMENT,VALIDATION,TRAIN,TRAIN,TRAIN
4852,21899,2025-08-01T16:58:44.000000,DEVELOPMENT,TRAIN,TRAIN,TRAIN,TRAIN
4853,21900,2026-03-04T16:08:04.000000,DEVELOPMENT,NOT_USED,NOT_USED,NOT_USED,VALIDATION
4854,21902,2026-01-24T20:45:42.000000,DEVELOPMENT,NOT_USED,NOT_USED,VALIDATION,TRAIN
4855,21908,2025-08-09T17:45:34.000000,DEVELOPMENT,TRAIN,TRAIN,TRAIN,TRAIN
4856,21912,2025-03-05T18:22:28.000000,DEVELOPMENT,TRAIN,TRAIN,TRAIN,TRAIN
4857,21916,2025-07-07T09:37:52.000000,DEVELOPMENT,TRAIN,TRAIN,TRAIN,TRAIN
4858,21917,2025-05-26T14:17:00.000000,DEVELOPMENT,TRAIN,TRAIN,TRAIN,TRAIN
4859,21921,2025-03-23T10:04:11.000000,DEVELOPMENT,TRAIN,TRAIN,TRAIN,TRAIN
4860,21925,2026-04-28T20:47:36.000000,DEVELOPMENT,NOT_USED,NOT_USED,NOT_USED,VALIDATION
4861,21930,2026-02-23T20:31:39.000000,DEVELOPMENT,NOT_USED,NOT_USED,VALIDATION,TRAIN
4862,21937,2025-02-26T17:39:00.000000,DEVELOPMENT,TRAIN,TRAIN,TRAIN,TRAIN
4863,21945,2025-12-30T07:47:00.000000,DEVELOPMENT,NOT_USED,VALIDATION,TRAIN,TRAIN
4864,21946,2025-10-15T09:40:12.000000,DEVELOPMENT,VALIDATION,TRAIN,TRAIN,TRAIN
4865,21950,2025-10-24T20:47:09.000000,DEVELOPMENT,VALIDATION,TRAIN,TRAIN,TRAIN
4866,21955,2026-05-05T13:04:08.000000,CALIBRATION,NOT_USED,NOT_USED,NOT_USED,NOT_USED
4867,21962,2025-06-18T19:07:30.000000,DEVELOPMENT,TRAIN,TRAIN,TRAIN,TRAIN
4868,21964,2025-09-06T12:23:10.000000,DEVELOPMENT,VALIDATION,TRAIN,TRAIN,TRAIN
4869,21976,2025-10-30T08:06:01.000000,DEVELOPMENT,VALIDATION,TRAIN,TRAIN,TRAIN
4870,21980,2026-06-30T09:01:56.000000,PROCEDURAL_HOLDOUT,NOT_USED,NOT_USED,NOT_USED,NOT_USED
4871,21984,2025-02-03T07:02:36.000000,DEVELOPMENT,TRAIN,TRAIN,TRAIN,TRAIN
4872,21992,2025-04-11T20:26:54.000000,DEVELOPMENT,TRAIN,TRAIN,TRAIN,TRAIN
4873,21999,2025-06-26T17:40:00.000000,DEVELOPMENT,TRAIN,TRAIN,TRAIN,TRAIN
4874,22000,2025-12-08T19:03:17.000000,DEVELOPMENT,NOT_USED,VALIDATION,TRAIN,TRAIN
4875,22004,2025-06-17T11:31:42.000000,DEVELOPMENT,TRAIN,TRAIN,TRAIN,TRAIN
4876,22007,2026-06-20T15:26:17.000000,PROCEDURAL_HOLDOUT,NOT_USED,NOT_USED,NOT_USED,NOT_USED
4877,22011,2025-03-08T17:57:43.000000,DEVELOPMENT,TRAIN,TRAIN,TRAIN,TRAIN
4878,22014,2026-02-10T07:11:30.000000,DEVELOPMENT,NOT_USED,NOT_USED,VALIDATION,TRAIN
4879,22019,2025-01-24T16:19:00.000000,DEVELOPMENT,TRAIN,TRAIN,TRAIN,TRAIN
4880,22027,2026-03-16T10:03:05.000000,DEVELOPMENT,NOT_USED,NOT_USED,NOT_USED,VALIDATION
4881,22035,2025-05-06T09:42:34.000000,DEVELOPMENT,TRAIN,TRAIN,TRAIN,TRAIN
4882,22040,2026-06-27T14:07:44.000000,PROCEDURAL_HOLDOUT,NOT_USED,NOT_USED,NOT_USED,NOT_USED
4883,22041,2026-04-27T18:09:56.000000,DEVELOPMENT,NOT_USED,NOT_USED,NOT_USED,VALIDATION
4884,22047,2025-02-05T08:41:29.000000,DEVELOPMENT,TRAIN,TRAIN,TRAIN,TRAIN
4885,22055,2025-01-07T15:53:09.000000,DEVELOPMENT,TRAIN,TRAIN,TRAIN,TRAIN
4886,22056,2025-07-28T13:55:59.000000,DEVELOPMENT,TRAIN,TRAIN,TRAIN,TRAIN
4887,22059,2026-03-27T08:34:30.000000,DEVELOPMENT,NOT_USED,NOT_USED,NOT_USED,VALIDATION
4888,22063,2026-06-30T15:37:55.000000,PROCEDURAL_HOLDOUT,NOT_USED,NOT_USED,NOT_USED,NOT_USED
4889,22067,2026-03-24T18:18:00.000000,DEVELOPMENT,NOT_USED,NOT_USED,NOT_USED,VALIDATION
4890,22069,2026-06-22T14:41:10.000000,PROCEDURAL_HOLDOUT,NOT_USED,NOT_USED,NOT_USED,NOT_USED
4891,22076,2025-02-01T16:10:23.000000,DEVELOPMENT,TRAIN,TRAIN,TRAIN,TRAIN
4892,22078,2025-10-03T19:16:03.000000,DEVELOPMENT,VALIDATION,TRAIN,TRAIN,TRAIN
4893,22087,2025-08-17T07:19:50.000000,DEVELOPMENT,TRAIN,TRAIN,TRAIN,TRAIN
4894,22092,2026-03-02T19:46:01.000000,DEVELOPMENT,NOT_USED,NOT_USED,NOT_USED,VALIDATION
4895,22095,2025-12-13T19:48:18.000000,DEVELOPMENT,NOT_USED,VALIDATION,TRAIN,TRAIN
4896,22098,2025-09-10T10:28:15.000000,DEVELOPMENT,VALIDATION,TRAIN,TRAIN,TRAIN
4897,22102,2025-02-16T18:01:44.000000,DEVELOPMENT,TRAIN,TRAIN,TRAIN,TRAIN
4898,22106,2026-02-04T15:05:16.000000,DEVELOPMENT,NOT_USED,NOT_USED,VALIDATION,TRAIN
4899,22114,2025-03-05T18:26:05.000000,DEVELOPMENT,TRAIN,TRAIN,TRAIN,TRAIN
4900,22122,2026-06-12T15:43:21.000000,PROCEDURAL_HOLDOUT,NOT_USED,NOT_USED,NOT_USED,NOT_USED
4901,22126,2025-03-11T16:13:37.000000,DEVELOPMENT,TRAIN,TRAIN,TRAIN,TRAIN
4902,22130,2025-05-04T13:06:00.000000,DEVELOPMENT,TRAIN,TRAIN,TRAIN,TRAIN
4903,22133,2026-02-28T14:07:18.000000,DEVELOPMENT,NOT_USED,NOT_USED,VALIDATION,TRAIN
4904,22134,2025-06-06T19:58:00.000000,DEVELOPMENT,TRAIN,TRAIN,TRAIN,TRAIN
4905,22136,2025-02-27T11:24:12.000000,DEVELOPMENT,TRAIN,TRAIN,TRAIN,TRAIN
4906,22141,2025-11-23T17:04:03.000000,DEVELOPMENT,NOT_USED,VALIDATION,TRAIN,TRAIN
4907,22152,2025-12-13T19:59:16.000000,DEVELOPMENT,NOT_USED,VALIDATION,TRAIN,TRAIN
4908,22154,2025-10-27T17:19:10.000000,DEVELOPMENT,VALIDATION,TRAIN,TRAIN,TRAIN
4909,22160,2025-06-15T15:55:07.000000,DEVELOPMENT,TRAIN,TRAIN,TRAIN,TRAIN
4910,22162,2025-02-07T12:57:51.000000,DEVELOPMENT,TRAIN,TRAIN,TRAIN,TRAIN
4911,22167,2025-11-25T10:49:50.000000,DEVELOPMENT,NOT_USED,VALIDATION,TRAIN,TRAIN
4912,22169,2025-04-09T19:25:16.000000,DEVELOPMENT,TRAIN,TRAIN,TRAIN,TRAIN
4913,22171,2025-01-16T15:03:31.000000,DEVELOPMENT,TRAIN,TRAIN,TRAIN,TRAIN
4914,22176,2026-05-29T11:16:44.000000,CALIBRATION,NOT_USED,NOT_USED,NOT_USED,NOT_USED
4915,22183,2025-10-15T11:27:50.000000,DEVELOPMENT,VALIDATION,TRAIN,TRAIN,TRAIN
4916,22192,2026-04-10T16:48:05.000000,DEVELOPMENT,NOT_USED,NOT_USED,NOT_USED,VALIDATION
4917,22201,2026-03-31T18:30:58.000000,DEVELOPMENT,NOT_USED,NOT_USED,NOT_USED,VALIDATION
4918,22204,2025-02-28T19:42:58.000000,DEVELOPMENT,TRAIN,TRAIN,TRAIN,TRAIN
4919,22205,2026-03-06T07:10:46.000000,DEVELOPMENT,NOT_USED,NOT_USED,NOT_USED,VALIDATION
4920,22208,2025-03-08T07:45:46.000000,DEVELOPMENT,TRAIN,TRAIN,TRAIN,TRAIN
4921,22219,2025-10-19T16:37:01.000000,DEVELOPMENT,VALIDATION,TRAIN,TRAIN,TRAIN
4922,22222,2026-04-23T13:42:00.000000,DEVELOPMENT,NOT_USED,NOT_USED,NOT_USED,VALIDATION
4923,22225,2025-05-03T17:54:05.000000,DEVELOPMENT,TRAIN,TRAIN,TRAIN,TRAIN
4924,22231,2025-08-31T12:44:57.000000,DEVELOPMENT,TRAIN,TRAIN,TRAIN,TRAIN
4925,22236,2026-03-01T14:31:30.000000,DEVELOPMENT,NOT_USED,NOT_USED,NOT_USED,VALIDATION
4926,22238,2026-01-16T08:01:39.000000,DEVELOPMENT,NOT_USED,NOT_USED,VALIDATION,TRAIN
4927,22246,2025-10-25T17:15:28.000000,DEVELOPMENT,VALIDATION,TRAIN,TRAIN,TRAIN
4928,22250,2025-05-31T16:27:00.000000,DEVELOPMENT,TRAIN,TRAIN,TRAIN,TRAIN
4929,22251,2025-06-12T17:18:15.000000,DEVELOPMENT,TRAIN,TRAIN,TRAIN,TRAIN
4930,22257,2025-03-12T13:39:20.000000,DEVELOPMENT,TRAIN,TRAIN,TRAIN,TRAIN
4931,22264,2026-05-29T18:04:04.000000,CALIBRATION,NOT_USED,NOT_USED,NOT_USED,NOT_USED
4932,22265,2025-05-17T18:24:13.000000,DEVELOPMENT,TRAIN,TRAIN,TRAIN,TRAIN
4933,22269,2025-10-19T19:28:58.000000,DEVELOPMENT,VALIDATION,TRAIN,TRAIN,TRAIN
4934,22276,2025-05-07T16:25:20.000000,DEVELOPMENT,TRAIN,TRAIN,TRAIN,TRAIN
4935,22282,2026-05-10T17:04:20.000000,CALIBRATION,NOT_USED,NOT_USED,NOT_USED,NOT_USED
4936,22284,2025-08-18T15:58:09.000000,DEVELOPMENT,TRAIN,TRAIN,TRAIN,TRAIN
4937,22286,2025-08-23T13:53:16.000000,DEVELOPMENT,TRAIN,TRAIN,TRAIN,TRAIN
4938,22296,2026-06-27T09:17:22.000000,PROCEDURAL_HOLDOUT,NOT_USED,NOT_USED,NOT_USED,NOT_USED
4939,22302,2025-09-18T15:48:12.000000,DEVELOPMENT,VALIDATION,TRAIN,TRAIN,TRAIN
4940,22308,2025-11-08T08:00:55.000000,DEVELOPMENT,NOT_USED,VALIDATION,TRAIN,TRAIN
4941,22310,2025-07-27T20:45:35.000000,DEVELOPMENT,TRAIN,TRAIN,TRAIN,TRAIN
4942,22316,2026-01-15T20:31:25.000000,DEVELOPMENT,NOT_USED,NOT_USED,VALIDATION,TRAIN
4943,22319,2025-07-30T14:42:34.000000,DEVELOPMENT,TRAIN,TRAIN,TRAIN,TRAIN
4944,22326,2025-08-31T12:58:38.000000,DEVELOPMENT,TRAIN,TRAIN,TRAIN,TRAIN
4945,22328,2025-07-06T20:41:53.000000,DEVELOPMENT,TRAIN,TRAIN,TRAIN,TRAIN
4946,22333,2026-01-04T09:51:46.000000,DEVELOPMENT,NOT_USED,NOT_USED,VALIDATION,TRAIN
4947,22346,2026-02-23T09:08:29.000000,DEVELOPMENT,NOT_USED,NOT_USED,VALIDATION,TRAIN
4948,22349,2026-02-24T12:07:34.000000,DEVELOPMENT,NOT_USED,NOT_USED,VALIDATION,TRAIN
4949,22357,2025-06-13T08:38:41.000000,DEVELOPMENT,TRAIN,TRAIN,TRAIN,TRAIN
4950,22358,2025-01-28T10:13:00.000000,DEVELOPMENT,TRAIN,TRAIN,TRAIN,TRAIN
4951,22367,2025-05-06T12:03:30.000000,DEVELOPMENT,TRAIN,TRAIN,TRAIN,TRAIN
4952,22371,2025-10-19T10:54:27.000000,DEVELOPMENT,VALIDATION,TRAIN,TRAIN,TRAIN
4953,22372,2026-04-30T07:18:32.000000,DEVELOPMENT,NOT_USED,NOT_USED,NOT_USED,VALIDATION
4954,22374,2026-02-12T20:24:34.000000,DEVELOPMENT,NOT_USED,NOT_USED,VALIDATION,TRAIN
4955,22375,2026-07-01T11:47:08.000000,POST_HOLDOUT_AUDIT,NOT_USED,NOT_USED,NOT_USED,NOT_USED
4956,22379,2025-10-07T16:17:16.000000,DEVELOPMENT,VALIDATION,TRAIN,TRAIN,TRAIN
4957,22380,2026-01-10T15:41:00.000000,DEVELOPMENT,NOT_USED,NOT_USED,VALIDATION,TRAIN
4958,22381,2026-03-19T18:35:00.000000,DEVELOPMENT,NOT_USED,NOT_USED,NOT_USED,VALIDATION
4959,22384,2025-04-11T15:19:41.000000,DEVELOPMENT,TRAIN,TRAIN,TRAIN,TRAIN
4960,22389,2025-10-09T14:01:02.000000,DEVELOPMENT,VALIDATION,TRAIN,TRAIN,TRAIN
4961,22390,2026-01-06T10:53:00.000000,DEVELOPMENT,NOT_USED,NOT_USED,VALIDATION,TRAIN
4962,22393,2025-06-05T07:32:57.000000,DEVELOPMENT,TRAIN,TRAIN,TRAIN,TRAIN
4963,22397,2025-12-11T13:31:21.000000,DEVELOPMENT,NOT_USED,VALIDATION,TRAIN,TRAIN
4964,22398,2025-09-24T17:27:52.000000,DEVELOPMENT,VALIDATION,TRAIN,TRAIN,TRAIN
4965,22409,2026-03-07T15:51:05.000000,DEVELOPMENT,NOT_USED,NOT_USED,NOT_USED,VALIDATION
4966,22414,2025-12-19T17:19:42.000000,DEVELOPMENT,NOT_USED,VALIDATION,TRAIN,TRAIN
4967,22418,2026-01-26T08:55:38.000000,DEVELOPMENT,NOT_USED,NOT_USED,VALIDATION,TRAIN
4968,22422,2025-09-06T07:46:59.000000,DEVELOPMENT,VALIDATION,TRAIN,TRAIN,TRAIN
4969,22430,2026-05-08T11:43:45.000000,CALIBRATION,NOT_USED,NOT_USED,NOT_USED,NOT_USED
4970,22431,2025-05-11T13:51:10.000000,DEVELOPMENT,TRAIN,TRAIN,TRAIN,TRAIN
4971,22435,2025-08-18T12:36:00.000000,DEVELOPMENT,TRAIN,TRAIN,TRAIN,TRAIN
4972,22439,2025-10-07T10:09:17.000000,DEVELOPMENT,VALIDATION,TRAIN,TRAIN,TRAIN
4973,22441,2026-06-05T15:02:21.000000,PROCEDURAL_HOLDOUT,NOT_USED,NOT_USED,NOT_USED,NOT_USED
4974,22442,2025-08-25T15:07:36.000000,DEVELOPMENT,TRAIN,TRAIN,TRAIN,TRAIN
4975,22447,2026-01-08T09:09:19.000000,DEVELOPMENT,NOT_USED,NOT_USED,VALIDATION,TRAIN
4976,22452,2025-07-10T08:02:49.000000,DEVELOPMENT,TRAIN,TRAIN,TRAIN,TRAIN
4977,22455,2026-02-19T15:58:20.000000,DEVELOPMENT,NOT_USED,NOT_USED,VALIDATION,TRAIN
4978,22463,2025-12-24T16:15:45.000000,DEVELOPMENT,NOT_USED,VALIDATION,TRAIN,TRAIN
4979,22471,2025-12-16T15:56:46.000000,DEVELOPMENT,NOT_USED,VALIDATION,TRAIN,TRAIN
4980,22473,2025-06-26T18:29:57.000000,DEVELOPMENT,TRAIN,TRAIN,TRAIN,TRAIN
4981,22478,2025-02-20T10:33:07.000000,DEVELOPMENT,TRAIN,TRAIN,TRAIN,TRAIN
4982,22483,2025-10-30T14:40:34.000000,DEVELOPMENT,VALIDATION,TRAIN,TRAIN,TRAIN
4983,22492,2026-04-24T07:59:03.000000,DEVELOPMENT,NOT_USED,NOT_USED,NOT_USED,VALIDATION
4984,22496,2026-01-15T17:46:13.000000,DEVELOPMENT,NOT_USED,NOT_USED,VALIDATION,TRAIN
4985,22504,2025-05-31T12:08:16.000000,DEVELOPMENT,TRAIN,TRAIN,TRAIN,TRAIN
4986,22505,2025-08-15T11:11:03.000000,DEVELOPMENT,TRAIN,TRAIN,TRAIN,TRAIN
4987,22511,2025-05-09T17:08:00.000000,DEVELOPMENT,TRAIN,TRAIN,TRAIN,TRAIN
4988,22516,2025-05-19T11:39:27.000000,DEVELOPMENT,TRAIN,TRAIN,TRAIN,TRAIN
4989,22521,2026-05-11T17:09:23.000000,CALIBRATION,NOT_USED,NOT_USED,NOT_USED,NOT_USED
4990,22531,2026-01-06T13:14:46.000000,DEVELOPMENT,NOT_USED,NOT_USED,VALIDATION,TRAIN
4991,22533,2025-06-09T09:07:48.000000,DEVELOPMENT,TRAIN,TRAIN,TRAIN,TRAIN
4992,22535,2025-08-16T18:53:56.000000,DEVELOPMENT,TRAIN,TRAIN,TRAIN,TRAIN
4993,22544,2026-06-24T19:37:51.000000,PROCEDURAL_HOLDOUT,NOT_USED,NOT_USED,NOT_USED,NOT_USED
4994,22545,2026-06-16T20:58:00.000000,PROCEDURAL_HOLDOUT,NOT_USED,NOT_USED,NOT_USED,NOT_USED
4995,22549,2026-04-19T09:56:33.000000,DEVELOPMENT,NOT_USED,NOT_USED,NOT_USED,VALIDATION
4996,22550,2026-06-01T12:58:00.000000,PROCEDURAL_HOLDOUT,NOT_USED,NOT_USED,NOT_USED,NOT_USED
4997,22557,2025-12-29T15:13:46.000000,DEVELOPMENT,NOT_USED,VALIDATION,TRAIN,TRAIN
4998,22564,2025-08-15T15:05:13.000000,DEVELOPMENT,TRAIN,TRAIN,TRAIN,TRAIN
4999,22566,2026-05-01T13:29:09.000000,CALIBRATION,NOT_USED,NOT_USED,NOT_USED,NOT_USED
5000,22570,2026-04-07T17:29:06.000000,DEVELOPMENT,NOT_USED,NOT_USED,NOT_USED,VALIDATION
