lead_id,lead_created_at,score_inquiry_id,score_time,first_broker_response,first_broker_response_hours,inquiry_count,last_inquiry_at,a_eventual_first_scheduled_visit,a_mature_7,a_mature_14,a_mature_30,primary_t1_eligible,primary_t1_label,b30_status,b30_label,b30_positive_inquiry_id,b30_positive_response_event_at,b30_ambiguous_untimed_scheduled_count,b30_timed_scheduled_count,c30_status_maturity14,c30_label_maturity14,c30_positive_inquiry_id,c30_positive_inquiry_at,c30_mature_7,c30_mature_14,c30_mature_30
1,2025-05-09T00:00:00.000000,3,2025-05-12T16:10:27.000000,accepted,50.5,4,2025-05-22T12:04:52.000000,0,true,true,true,true,0,LABELED,1,2,2025-05-22T13:46:55.000Z,0,1,LABELED,1,2,2025-05-21T18:34:55.000000,true,true,true
2,2026-02-25T00:00:00.000000,5,2026-03-04T09:00:43.000000,accepted,3.1,1,2026-03-04T09:00:43.000000,0,true,true,true,true,0,LABELED,0,,,0,0,LABELED,0,,,true,true,true
3,2026-02-18T00:00:00.000000,6,2026-02-18T14:30:33.000000,accepted,53.8,3,2026-03-01T12:02:08.000000,0,true,true,true,true,0,LABELED,1,8,2026-03-01T20:26:08.000Z,0,1,LABELED,1,8,2026-03-01T12:02:08.000000,true,true,true
4,2025-10-29T00:00:00.000000,10,2025-10-29T12:13:42.000000,accepted,,5,2026-06-24T08:15:00.000000,0,true,true,true,true,0,LABELED,0,,,0,1,LABELED,0,,,true,true,true
5,2025-10-21T00:00:00.000000,14,2025-10-21T15:45:00.000000,accepted,2,1,2025-10-21T15:45:00.000000,0,true,true,true,true,0,LABELED,0,,,0,0,LABELED,0,,,true,true,true
6,2025-04-21T00:00:00.000000,15,2025-10-06T18:45:00.000000,accepted,27.3,1,2025-10-06T18:45:00.000000,0,true,true,true,true,0,LABELED,0,,,0,0,LABELED,0,,,true,true,true
7,2025-05-24T00:00:00.000000,17,2025-06-21T07:49:00.000000,rejected,1.7,6,2026-05-14T11:06:00.000000,0,true,true,true,true,0,LABELED,0,,,0,2,LABELED,0,,,true,true,true
8,2025-05-05T00:00:00.000000,27,2025-05-07T07:10:37.000000,scheduled_visit,11.4,8,2026-02-04T11:22:00.000000,1,true,true,true,true,1,LABELED,1,27,2025-05-07T18:34:37.000Z,0,3,LABELED,1,27,2025-05-07T07:10:37.000000,true,true,true
9,2026-02-03T00:00:00.000000,30,2026-02-03T07:57:46.000000,accepted,12.1,4,2026-02-09T14:23:54.000000,0,true,true,true,true,0,LABELED,1,32,2026-02-08T09:57:57.000Z,0,1,LABELED,1,32,2026-02-06T10:21:57.000000,true,true,true
10,2026-03-20T00:00:00.000000,35,2026-03-22T08:24:43.000000,rejected,1.1,2,2026-04-28T13:24:00.000000,0,true,true,true,true,0,LABELED,0,,,0,1,LABELED,0,,,true,true,true
11,2026-06-28T00:00:00.000000,39,2026-06-28T16:19:29.000000,accepted,22.3,8,2026-07-08T15:37:25.000000,0,true,true,false,true,0,CENSORED,,,,0,0,CENSORED,,,,false,false,false
12,2025-08-17T00:00:00.000000,46,2025-08-19T20:35:53.000000,accepted,,4,2025-08-29T07:08:33.000000,0,true,true,true,true,0,LABELED,0,,,0,0,LABELED,0,,,true,true,true
13,2025-07-17T00:00:00.000000,48,2025-07-19T13:48:56.000000,scheduled_visit,2,4,2025-10-26T20:08:00.000000,1,true,true,true,true,1,LABELED,1,48,2025-07-19T15:48:56.000Z,0,1,LABELED,1,48,2025-07-19T13:48:56.000000,true,true,true
14,2025-02-18T00:00:00.000000,57,2025-03-02T19:56:40.000000,accepted,13.1,6,2026-04-25T18:01:00.000000,0,true,true,true,true,0,LABELED,0,,,0,1,LABELED,0,,,true,true,true
15,2025-07-28T00:00:00.000000,59,2025-07-29T11:12:20.000000,rejected,0.7,8,2025-08-09T12:41:32.000000,0,true,true,true,true,0,LABELED,1,58,2025-08-04T14:48:18.000Z,1,1,LABELED,1,61,2025-07-31T11:18:07.000000,true,true,true
16,2025-10-15T00:00:00.000000,69,2025-10-17T09:37:11.000000,accepted,0.9,8,2026-06-29T15:01:00.000000,0,true,true,true,true,0,AMBIGUOUS,,,,1,0,LABELED,1,72,2025-10-28T12:43:22.000000,true,true,true
17,2026-04-10T00:00:00.000000,74,2026-04-14T15:06:47.000000,no_response,7.7,1,2026-04-14T15:06:47.000000,0,true,true,true,true,0,LABELED,0,,,0,0,LABELED,0,,,true,true,true
18,2025-02-11T00:00:00.000000,79,2025-02-12T08:44:20.000000,no_response,1.7,6,2025-05-10T10:25:00.000000,0,true,true,true,true,0,LABELED,0,,,0,0,LABELED,0,,,true,true,true
19,2025-07-30T00:00:00.000000,83,2025-08-29T10:18:00.000000,scheduled_visit,4.9,3,2026-02-25T11:34:00.000000,1,true,true,true,true,1,LABELED,1,83,2025-08-29T15:12:00.000Z,0,1,LABELED,1,83,2025-08-29T10:18:00.000000,true,true,true
20,2026-02-25T00:00:00.000000,89,2026-02-27T13:22:53.000000,accepted,29.4,8,2026-06-07T15:06:00.000000,0,true,true,true,true,0,LABELED,1,90,2026-03-07T09:04:29.000Z,0,3,LABELED,1,90,2026-03-07T07:22:29.000000,true,true,true
21,2026-04-27T00:00:00.000000,94,2026-04-29T19:08:22.000000,no_response,9.6,3,2026-05-08T17:02:00.000000,0,true,true,true,true,0,LABELED,1,92,2026-05-05T15:54:48.000Z,0,2,LABELED,1,92,2026-05-05T15:06:48.000000,true,true,true
22,2025-12-30T00:00:00.000000,96,2026-01-01T19:33:17.000000,no_response,6.2,3,2026-01-29T13:01:00.000000,0,true,true,true,true,0,LABELED,0,,,0,0,LABELED,0,,,true,true,true
23,2025-04-03T00:00:00.000000,104,2025-04-04T07:42:07.000000,accepted,21.9,7,2026-01-29T08:21:00.000000,0,true,true,true,true,0,LABELED,0,,,0,0,LABELED,0,,,true,true,true
24,2025-11-04T00:00:00.000000,106,2025-11-05T13:18:06.000000,accepted,3.3,3,2025-11-12T09:25:25.000000,0,true,true,true,true,0,LABELED,0,,,0,0,LABELED,0,,,true,true,true
25,2026-05-14T00:00:00.000000,108,2026-05-14T20:48:46.000000,accepted,7,5,2026-05-26T12:25:47.000000,0,true,true,true,true,0,LABELED,1,109,2026-05-25T08:02:24.000Z,1,2,LABELED,1,110,2026-05-18T09:32:24.000000,true,true,false
26,2026-02-12T00:00:00.000000,114,2026-02-13T17:17:05.000000,scheduled_visit,5.8,3,2026-02-19T16:01:43.000000,1,true,true,true,true,1,LABELED,1,114,2026-02-13T23:05:05.000Z,0,1,LABELED,1,114,2026-02-13T17:17:05.000000,true,true,true
27,2025-03-16T00:00:00.000000,117,2025-08-21T14:05:00.000000,rejected,14.7,2,2026-06-16T10:21:00.000000,0,true,true,true,true,0,LABELED,0,,,0,0,LABELED,0,,,true,true,true
28,2025-06-27T00:00:00.000000,123,2025-07-02T14:16:48.000000,accepted,0.5,6,2025-11-22T18:16:00.000000,0,true,true,true,true,0,LABELED,0,,,0,0,LABELED,0,,,true,true,true
29,2026-02-06T00:00:00.000000,124,2026-02-06T08:59:16.000000,rejected,3.2,1,2026-02-06T08:59:16.000000,0,true,true,true,true,0,LABELED,0,,,0,0,LABELED,0,,,true,true,true
30,2026-01-29T00:00:00.000000,125,2026-01-30T18:11:33.000000,scheduled_visit,5.3,8,2026-02-11T15:31:34.000000,1,true,true,true,true,1,LABELED,1,125,2026-01-30T23:29:33.000Z,0,4,LABELED,1,125,2026-01-30T18:11:33.000000,true,true,true
31,2025-06-23T00:00:00.000000,134,2025-06-28T09:54:26.000000,no_response,8,6,2025-08-04T07:14:00.000000,0,true,true,true,true,0,LABELED,1,133,2025-07-05T23:04:34.000Z,0,2,LABELED,1,133,2025-07-05T20:10:34.000000,true,true,true
32,2026-05-19T00:00:00.000000,144,2026-05-19T18:39:43.000000,accepted,22.3,7,2026-06-01T19:12:23.000000,0,true,true,true,true,0,LABELED,0,,,0,0,LABELED,0,,,true,true,false
33,2026-03-19T00:00:00.000000,146,2026-03-20T14:22:36.000000,accepted,,8,2026-03-31T20:15:47.000000,0,true,true,true,true,0,LABELED,1,151,2026-03-24T05:57:23.000Z,0,1,LABELED,1,151,2026-03-23T12:15:23.000000,true,true,true
34,2025-07-28T00:00:00.000000,154,2026-02-27T07:43:00.000000,no_response,30.1,1,2026-02-27T07:43:00.000000,0,true,true,true,true,0,LABELED,0,,,0,0,LABELED,0,,,true,true,true
35,2025-04-03T00:00:00.000000,155,2025-04-04T10:30:43.000000,accepted,3.7,8,2026-01-24T19:18:00.000000,0,true,true,true,true,0,LABELED,1,158,2025-04-05T10:26:48.000Z,0,1,LABELED,1,158,2025-04-05T08:44:48.000000,true,true,true
36,2025-11-13T00:00:00.000000,165,2025-11-15T17:40:22.000000,accepted,,5,2026-06-04T15:06:00.000000,0,true,true,true,true,0,LABELED,0,,,0,1,LABELED,0,,,true,true,true
37,2025-12-12T00:00:00.000000,168,2025-12-24T17:40:04.000000,accepted,,1,2025-12-24T17:40:04.000000,0,true,true,true,true,0,LABELED,0,,,0,0,LABELED,0,,,true,true,true
38,2025-01-12T00:00:00.000000,171,2025-01-15T16:44:54.000000,accepted,2,7,2026-01-20T18:32:00.000000,0,true,true,true,true,0,LABELED,0,,,0,1,LABELED,0,,,true,true,true
39,2025-10-04T00:00:00.000000,176,2025-10-09T12:46:34.000000,scheduled_visit,24.6,1,2025-10-09T12:46:34.000000,1,true,true,true,true,1,LABELED,1,176,2025-10-10T13:22:34.000Z,0,1,LABELED,1,176,2025-10-09T12:46:34.000000,true,true,true
40,2026-06-10T00:00:00.000000,178,2026-06-10T07:12:49.000000,accepted,32.6,2,2026-06-21T14:51:59.000000,0,true,true,true,true,0,LABELED,0,,,0,0,CENSORED,,,,false,false,false
41,2025-06-06T00:00:00.000000,183,2025-06-09T07:42:23.000000,accepted,6,7,2026-03-20T12:26:00.000000,0,true,true,true,true,0,LABELED,0,,,0,1,LABELED,0,,,true,true,true
42,2026-06-01T00:00:00.000000,186,2026-06-02T07:32:32.000000,scheduled_visit,23.1,4,2026-06-06T15:52:28.000000,1,true,true,true,true,1,LABELED,1,186,2026-06-03T06:38:32.000Z,0,2,CENSORED,,,,true,false,false
43,2025-09-23T00:00:00.000000,191,2025-10-01T07:13:54.000000,accepted,30.6,5,2026-04-05T14:13:00.000000,0,true,true,true,true,0,LABELED,0,,,0,0,LABELED,0,,,true,true,true
44,2026-03-25T00:00:00.000000,195,2026-03-30T09:04:12.000000,no_response,43.7,3,2026-05-06T15:58:00.000000,0,true,true,true,true,0,LABELED,0,,,0,0,LABELED,0,,,true,true,true
45,2026-06-09T00:00:00.000000,198,2026-06-13T08:44:32.000000,rejected,4.4,2,2026-06-14T12:21:57.000000,0,true,true,true,true,0,LABELED,0,,,0,0,CENSORED,,,,false,false,false
46,2026-04-06T00:00:00.000000,202,2026-04-10T18:16:10.000000,accepted,10.1,4,2026-06-12T13:36:00.000000,0,true,true,true,true,0,LABELED,1,200,2026-04-20T02:02:59.000Z,0,1,LABELED,1,200,2026-04-19T10:26:59.000000,true,true,true
47,2026-02-18T00:00:00.000000,207,2026-02-21T14:54:51.000000,scheduled_visit,0.6,5,2026-03-03T10:24:11.000000,1,true,true,true,true,1,LABELED,1,207,2026-02-21T15:30:51.000Z,0,1,LABELED,1,207,2026-02-21T14:54:51.000000,true,true,true
48,2026-05-16T00:00:00.000000,214,2026-05-16T17:07:23.000000,no_response,0.5,6,2026-05-28T08:57:44.000000,0,true,true,true,true,0,LABELED,1,209,2026-05-19T17:20:47.000Z,0,2,LABELED,1,209,2026-05-19T15:56:47.000000,true,true,false
49,2025-02-01T00:00:00.000000,218,2025-02-11T19:47:46.000000,accepted,0.7,8,2026-05-11T07:52:00.000000,0,true,true,true,true,0,LABELED,0,,,0,0,LABELED,0,,,true,true,true
50,2025-06-06T00:00:00.000000,226,2025-06-11T17:31:37.000000,scheduled_visit,23,4,2026-01-28T07:57:00.000000,1,true,true,true,true,1,LABELED,1,226,2025-06-12T16:31:37.000Z,0,1,LABELED,1,226,2025-06-11T17:31:37.000000,true,true,true
51,2026-06-18T00:00:00.000000,231,2026-06-18T17:31:26.000000,scheduled_visit,2.9,5,2026-06-30T18:10:34.000000,1,true,true,false,true,1,CENSORED,,,,0,0,CENSORED,,,,false,false,false
52,2025-07-25T00:00:00.000000,234,2025-08-05T08:27:08.000000,no_response,12.9,3,2026-03-02T20:39:00.000000,0,true,true,true,true,0,LABELED,0,,,0,0,LABELED,0,,,true,true,true
53,2026-01-29T00:00:00.000000,235,2026-02-11T18:45:21.000000,accepted,29.7,1,2026-02-11T18:45:21.000000,0,true,true,true,true,0,LABELED,0,,,0,0,LABELED,0,,,true,true,true
54,2025-06-26T00:00:00.000000,238,2025-06-27T20:02:49.000000,rejected,6.9,3,2025-07-08T13:51:12.000000,0,true,true,true,true,0,LABELED,0,,,0,0,LABELED,0,,,true,true,true
55,2025-05-18T00:00:00.000000,239,2025-05-22T07:32:53.000000,no_response,2.2,1,2025-05-22T07:32:53.000000,0,true,true,true,true,0,LABELED,0,,,0,0,LABELED,0,,,true,true,true
56,2025-02-13T00:00:00.000000,240,2025-02-17T13:28:29.000000,accepted,6.5,4,2026-06-06T20:34:00.000000,0,true,true,true,true,0,LABELED,0,,,0,2,LABELED,0,,,true,true,true
57,2026-06-09T00:00:00.000000,245,2026-06-09T13:50:31.000000,accepted,,6,2026-06-17T13:27:39.000000,0,true,true,true,true,0,LABELED,0,,,0,0,CENSORED,,,,false,false,false
58,2025-02-07T00:00:00.000000,251,2025-05-19T13:07:00.000000,scheduled_visit,2.6,2,2026-02-27T15:43:00.000000,1,true,true,true,true,1,LABELED,1,251,2025-05-19T15:43:00.000Z,0,1,LABELED,1,251,2025-05-19T13:07:00.000000,true,true,true
59,2025-09-29T00:00:00.000000,252,2025-10-09T07:48:30.000000,accepted,4.4,1,2025-10-09T07:48:30.000000,0,true,true,true,true,0,LABELED,0,,,0,0,LABELED,0,,,true,true,true
60,2025-05-02T00:00:00.000000,254,2025-05-04T17:05:46.000000,scheduled_visit,22.1,4,2025-06-12T10:16:00.000000,1,true,true,true,true,1,LABELED,1,254,2025-05-05T15:11:46.000Z,0,1,LABELED,1,254,2025-05-04T17:05:46.000000,true,true,true
61,2025-10-24T00:00:00.000000,257,2025-10-25T15:06:53.000000,accepted,6.6,4,2026-05-22T19:31:00.000000,0,true,true,true,true,0,LABELED,1,258,2025-10-28T17:22:43.000Z,0,2,LABELED,1,258,2025-10-28T09:58:43.000000,true,true,true
62,2025-12-01T00:00:00.000000,261,2025-12-02T11:31:56.000000,accepted,14.4,1,2025-12-02T11:31:56.000000,0,true,true,true,true,0,LABELED,0,,,0,0,LABELED,0,,,true,true,true
63,2025-05-16T00:00:00.000000,263,2025-05-18T14:46:07.000000,rejected,9.8,3,2026-03-02T10:27:00.000000,0,true,true,true,true,0,LABELED,0,,,0,1,LABELED,0,,,true,true,true
64,2025-05-22T00:00:00.000000,266,2025-08-12T11:15:00.000000,scheduled_visit,9.8,2,2026-06-18T16:32:00.000000,1,true,true,true,true,1,LABELED,1,266,2025-08-12T21:03:00.000Z,0,1,LABELED,1,266,2025-08-12T11:15:00.000000,true,true,true
65,2026-06-28T00:00:00.000000,267,2026-06-29T11:04:39.000000,scheduled_visit,6.2,2,2026-07-10T13:36:46.000000,1,true,true,false,true,1,CENSORED,,,,0,0,CENSORED,,,,false,false,false
66,2025-09-25T00:00:00.000000,273,2025-09-25T09:02:04.000000,scheduled_visit,26.5,5,2026-06-11T16:05:00.000000,1,true,true,true,true,1,LABELED,1,273,2025-09-26T11:32:04.000Z,0,2,LABELED,1,273,2025-09-25T09:02:04.000000,true,true,true
67,2025-06-16T00:00:00.000000,274,2025-12-26T15:05:00.000000,scheduled_visit,1.8,3,2026-04-09T13:45:00.000000,1,true,true,true,true,1,LABELED,1,274,2025-12-26T16:53:00.000Z,0,1,LABELED,1,274,2025-12-26T15:05:00.000000,true,true,true
68,2025-10-04T00:00:00.000000,281,2025-10-04T18:55:09.000000,no_response,36.7,5,2025-10-16T07:54:30.000000,0,true,true,true,true,0,LABELED,1,280,2025-10-09T16:24:33.000Z,0,1,LABELED,1,280,2025-10-09T13:36:33.000000,true,true,true
69,2025-12-17T00:00:00.000000,284,2025-12-20T13:49:59.000000,scheduled_visit,5.8,4,2025-12-23T14:24:35.000000,1,true,true,true,true,1,LABELED,1,284,2025-12-20T19:37:59.000Z,0,2,LABELED,1,284,2025-12-20T13:49:59.000000,true,true,true
70,2025-02-13T00:00:00.000000,286,2026-05-18T15:35:00.000000,rejected,20.8,2,2026-05-22T07:27:00.000000,0,true,true,true,true,0,AMBIGUOUS,,,,1,0,LABELED,1,287,2026-05-22T07:27:00.000000,true,true,false
71,2025-11-14T00:00:00.000000,289,2025-11-17T17:28:07.000000,no_response,3.9,4,2026-04-17T07:58:00.000000,0,true,true,true,true,0,LABELED,1,288,2025-11-22T18:27:56.000Z,0,1,LABELED,1,288,2025-11-22T10:33:56.000000,true,true,true
72,2025-10-04T00:00:00.000000,294,2025-10-06T17:53:13.000000,rejected,3.6,6,2026-05-25T17:52:00.000000,0,true,true,true,true,0,AMBIGUOUS,,,,1,0,LABELED,1,295,2025-10-10T12:38:38.000000,true,true,true
73,2026-01-25T00:00:00.000000,299,2026-01-27T14:42:52.000000,scheduled_visit,2.9,5,2026-03-18T11:21:00.000000,1,true,true,true,true,1,LABELED,1,299,2026-01-27T17:36:52.000Z,0,3,LABELED,1,299,2026-01-27T14:42:52.000000,true,true,true
74,2026-03-31T00:00:00.000000,303,2026-04-10T17:15:37.000000,accepted,3,1,2026-04-10T17:15:37.000000,0,true,true,true,true,0,LABELED,0,,,0,0,LABELED,0,,,true,true,true
75,2025-02-10T00:00:00.000000,308,2025-02-13T11:32:07.000000,no_response,,8,2026-06-10T16:23:00.000000,0,true,true,true,true,0,LABELED,1,304,2025-02-20T11:54:22.000Z,0,4,LABELED,1,304,2025-02-19T20:18:22.000000,true,true,true
76,2025-01-19T00:00:00.000000,317,2025-01-21T09:57:15.000000,accepted,2,6,2026-06-01T16:50:00.000000,0,true,true,true,true,0,LABELED,0,,,0,0,LABELED,0,,,true,true,true
77,2025-09-29T00:00:00.000000,318,2025-09-30T17:05:05.000000,accepted,3.3,3,2026-06-02T13:22:00.000000,0,true,true,true,true,0,LABELED,1,320,2025-10-09T22:03:55.000Z,0,1,LABELED,1,320,2025-10-09T13:57:55.000000,true,true,true
78,2025-11-05T00:00:00.000000,323,2025-11-16T13:09:27.000000,scheduled_visit,22.4,7,2026-05-29T13:23:00.000000,1,true,true,true,true,1,LABELED,1,322,2025-11-17T02:09:35.000Z,0,4,LABELED,1,323,2025-11-16T13:09:27.000000,true,true,true
79,2025-05-06T00:00:00.000000,333,2025-05-18T08:22:05.000000,accepted,6.5,6,2026-01-21T20:16:00.000000,0,true,true,true,true,0,LABELED,1,331,2025-05-20T05:01:14.000Z,0,2,LABELED,1,331,2025-05-19T12:37:14.000000,true,true,true
80,2025-05-24T00:00:00.000000,335,2025-06-05T19:33:42.000000,accepted,3.3,3,2026-03-15T07:30:00.000000,0,true,true,true,true,0,LABELED,0,,,0,1,LABELED,0,,,true,true,true
81,2025-03-08T00:00:00.000000,338,2025-03-20T15:32:54.000000,no_response,0.5,2,2026-02-21T14:17:00.000000,0,true,true,true,true,0,LABELED,0,,,0,0,LABELED,0,,,true,true,true
82,2026-03-19T00:00:00.000000,344,2026-03-25T14:51:18.000000,scheduled_visit,2.9,6,2026-04-21T16:49:00.000000,1,true,true,true,true,1,LABELED,1,344,2026-03-25T17:45:18.000Z,0,1,LABELED,1,344,2026-03-25T14:51:18.000000,true,true,true
83,2025-10-14T00:00:00.000000,345,2025-10-21T18:58:41.000000,accepted,,2,2026-03-19T09:02:00.000000,0,true,true,true,true,0,LABELED,0,,,0,0,LABELED,0,,,true,true,true
84,2026-02-23T00:00:00.000000,347,2026-02-24T17:41:43.000000,scheduled_visit,32,3,2026-03-05T15:27:10.000000,1,true,true,true,true,1,LABELED,1,347,2026-02-26T01:41:43.000Z,0,1,LABELED,1,347,2026-02-24T17:41:43.000000,true,true,true
85,2025-09-05T00:00:00.000000,352,2025-09-06T20:45:39.000000,scheduled_visit,8.8,6,2026-06-07T14:00:00.000000,1,true,true,true,true,1,LABELED,1,352,2025-09-07T05:33:39.000Z,1,1,LABELED,1,352,2025-09-06T20:45:39.000000,true,true,true
86,2025-04-25T00:00:00.000000,356,2025-05-04T16:22:15.000000,rejected,46.4,1,2025-05-04T16:22:15.000000,0,true,true,true,true,0,LABELED,0,,,0,0,LABELED,0,,,true,true,true
87,2025-09-06T00:00:00.000000,360,2025-09-06T14:17:38.000000,accepted,32.7,5,2026-04-29T14:20:00.000000,0,true,true,true,true,0,LABELED,0,,,0,0,LABELED,0,,,true,true,true
88,2025-01-16T00:00:00.000000,362,2025-01-24T16:25:40.000000,no_response,,6,2026-05-10T08:13:00.000000,0,true,true,true,true,0,LABELED,0,,,0,0,LABELED,0,,,true,true,true
89,2025-07-27T00:00:00.000000,368,2025-07-28T11:24:27.000000,no_response,5.3,5,2026-04-29T09:48:00.000000,0,true,true,true,true,0,LABELED,0,,,0,1,LABELED,0,,,true,true,true
90,2026-02-24T00:00:00.000000,373,2026-03-12T13:30:00.000000,scheduled_visit,,1,2026-03-12T13:30:00.000000,1,true,true,true,true,1,AMBIGUOUS,,,,1,0,LABELED,1,373,2026-03-12T13:30:00.000000,true,true,true
91,2025-06-20T00:00:00.000000,375,2025-06-23T07:53:29.000000,accepted,1.3,3,2025-11-17T13:20:00.000000,0,true,true,true,true,0,LABELED,0,,,0,0,LABELED,0,,,true,true,true
92,2026-06-14T00:00:00.000000,381,2026-06-15T16:24:28.000000,accepted,26.4,6,2026-06-24T07:48:49.000000,0,true,true,false,true,0,CENSORED,,,,0,0,CENSORED,,,,false,false,false
93,2025-01-16T00:00:00.000000,383,2026-01-23T09:48:00.000000,scheduled_visit,1.8,1,2026-01-23T09:48:00.000000,1,true,true,true,true,1,LABELED,1,383,2026-01-23T11:36:00.000Z,0,1,LABELED,1,383,2026-01-23T09:48:00.000000,true,true,true
94,2025-05-25T00:00:00.000000,386,2025-05-27T10:39:14.000000,accepted,6.8,5,2026-02-16T17:32:00.000000,0,true,true,true,true,0,LABELED,0,,,0,0,LABELED,0,,,true,true,true
95,2025-11-20T00:00:00.000000,391,2025-11-20T07:58:24.000000,accepted,,8,2026-06-15T19:41:00.000000,0,true,true,true,true,0,LABELED,0,,,0,0,LABELED,0,,,true,true,true
96,2025-06-10T00:00:00.000000,399,2025-06-16T15:20:45.000000,scheduled_visit,,7,2026-04-06T15:44:00.000000,1,true,true,true,true,1,AMBIGUOUS,,,,1,1,LABELED,1,399,2025-06-16T15:20:45.000000,true,true,true
97,2026-05-13T00:00:00.000000,404,2026-05-15T13:17:04.000000,rejected,3.9,2,2026-05-24T11:53:28.000000,0,true,true,true,true,0,LABELED,0,,,0,0,LABELED,0,,,true,true,false
98,2025-02-12T00:00:00.000000,412,2025-02-23T08:54:21.000000,rejected,0.6,7,2025-09-02T09:52:00.000000,0,true,true,true,true,0,LABELED,1,410,2025-02-25T13:31:34.000Z,0,4,LABELED,1,410,2025-02-24T10:01:34.000000,true,true,true
99,2025-09-25T00:00:00.000000,413,2025-09-30T12:13:00.000000,accepted,,1,2025-09-30T12:13:00.000000,0,true,true,true,true,0,LABELED,0,,,0,0,LABELED,0,,,true,true,true
100,2025-06-27T00:00:00.000000,418,2025-06-30T18:16:36.000000,rejected,5.3,7,2026-03-23T18:52:00.000000,0,true,true,true,true,0,LABELED,0,,,0,0,LABELED,0,,,true,true,true
101,2025-06-10T00:00:00.000000,421,2025-10-26T12:39:00.000000,no_response,,1,2025-10-26T12:39:00.000000,0,true,true,true,true,0,LABELED,0,,,0,0,LABELED,0,,,true,true,true
102,2025-02-01T00:00:00.000000,422,2025-02-04T09:10:57.000000,rejected,,4,2026-01-08T18:19:00.000000,0,true,true,true,true,0,LABELED,0,,,0,1,LABELED,0,,,true,true,true
103,2025-06-18T00:00:00.000000,427,2025-07-26T18:18:00.000000,accepted,,2,2026-02-15T11:23:00.000000,0,true,true,true,true,0,LABELED,0,,,0,0,LABELED,0,,,true,true,true
104,2025-01-24T00:00:00.000000,430,2025-02-01T15:08:16.000000,accepted,1.3,7,2026-05-12T11:04:00.000000,0,true,true,true,true,0,LABELED,0,,,0,0,LABELED,0,,,true,true,true
105,2025-05-23T00:00:00.000000,437,2025-05-25T14:22:58.000000,no_response,4.3,4,2026-06-08T08:41:00.000000,0,true,true,true,true,0,LABELED,0,,,0,0,LABELED,0,,,true,true,true
106,2026-04-02T00:00:00.000000,442,2026-04-06T18:18:30.000000,accepted,,4,2026-04-13T19:14:44.000000,0,true,true,true,true,0,LABELED,1,439,2026-04-12T09:34:14.000Z,0,1,LABELED,1,439,2026-04-12T07:52:14.000000,true,true,true
107,2025-08-28T00:00:00.000000,445,2025-08-29T08:17:25.000000,accepted,,4,2025-10-21T14:03:00.000000,0,true,true,true,true,0,LABELED,0,,,0,0,LABELED,0,,,true,true,true
108,2025-05-25T00:00:00.000000,450,2025-05-28T18:31:41.000000,no_response,17.5,7,2026-04-30T17:07:00.000000,0,true,true,true,true,0,LABELED,1,453,2025-05-28T22:49:40.000Z,0,2,LABELED,1,453,2025-05-28T18:55:40.000000,true,true,true
109,2025-01-30T00:00:00.000000,455,2025-02-03T12:14:05.000000,accepted,18,2,2025-04-23T09:48:00.000000,0,true,true,true,true,0,LABELED,0,,,0,0,LABELED,0,,,true,true,true
110,2025-06-12T00:00:00.000000,456,2025-06-18T13:11:50.000000,accepted,20.2,4,2026-06-30T15:19:00.000000,0,true,true,true,true,0,LABELED,1,457,2025-06-24T22:33:55.000Z,0,1,LABELED,1,457,2025-06-24T18:09:55.000000,true,true,true
111,2025-05-09T00:00:00.000000,460,2025-05-10T13:33:05.000000,accepted,6.3,8,2026-05-05T14:07:00.000000,0,true,true,true,true,0,LABELED,0,,,0,0,LABELED,0,,,true,true,true
112,2025-09-08T00:00:00.000000,468,2026-06-24T12:36:00.000000,accepted,4.3,1,2026-06-24T12:36:00.000000,0,true,true,false,true,0,CENSORED,,,,0,0,CENSORED,,,,false,false,false
113,2026-05-30T00:00:00.000000,469,2026-05-30T08:33:43.000000,rejected,,1,2026-05-30T08:33:43.000000,0,true,true,true,true,0,LABELED,0,,,0,0,LABELED,0,,,true,true,false
114,2025-01-26T00:00:00.000000,471,2025-01-28T17:19:09.000000,accepted,0.5,2,2026-05-08T10:02:00.000000,0,true,true,true,true,0,LABELED,0,,,0,0,LABELED,0,,,true,true,true
115,2025-09-06T00:00:00.000000,472,2025-09-07T20:20:43.000000,rejected,5.6,5,2025-09-19T11:55:00.000000,0,true,true,true,true,0,LABELED,1,476,2025-09-11T04:14:47.000Z,0,1,LABELED,1,476,2025-09-10T14:44:47.000000,true,true,true
116,2025-09-12T00:00:00.000000,481,2025-09-12T14:00:10.000000,rejected,8.4,5,2026-06-26T20:46:00.000000,0,true,true,true,true,0,LABELED,1,479,2025-09-23T15:50:40.000Z,0,2,LABELED,1,479,2025-09-23T11:32:40.000000,true,true,true
117,2025-01-26T00:00:00.000000,483,2025-01-31T09:06:29.000000,no_response,36,5,2025-10-30T20:20:00.000000,0,true,true,true,true,0,LABELED,0,,,0,0,LABELED,0,,,true,true,true
118,2025-05-22T00:00:00.000000,487,2025-05-30T18:21:01.000000,no_response,31.9,2,2026-02-22T09:55:00.000000,0,true,true,true,true,0,LABELED,0,,,0,0,LABELED,0,,,true,true,true
119,2025-01-07T00:00:00.000000,492,2025-01-28T12:49:00.000000,accepted,10.6,5,2026-04-28T14:03:00.000000,0,true,true,true,true,0,LABELED,0,,,0,1,LABELED,0,,,true,true,true
120,2026-01-23T00:00:00.000000,497,2026-01-28T18:57:16.000000,accepted,,5,2026-02-05T17:13:27.000000,0,true,true,true,true,0,AMBIGUOUS,,,,1,0,LABELED,1,496,2026-01-28T19:44:27.000000,true,true,true
121,2026-06-19T00:00:00.000000,500,2026-06-19T16:46:29.000000,rejected,14.1,4,2026-06-28T19:08:38.000000,0,true,true,false,true,0,CENSORED,,,,0,0,CENSORED,,,,false,false,false
122,2025-01-29T00:00:00.000000,504,2025-01-29T19:27:45.000000,scheduled_visit,0.5,7,2026-05-06T11:35:00.000000,1,true,true,true,true,1,LABELED,1,504,2025-01-29T19:57:45.000Z,0,2,LABELED,1,504,2025-01-29T19:27:45.000000,true,true,true
123,2026-03-03T00:00:00.000000,515,2026-03-05T08:01:41.000000,scheduled_visit,5.6,6,2026-05-23T08:32:00.000000,1,true,true,true,true,1,LABELED,1,515,2026-03-05T13:37:41.000Z,0,2,LABELED,1,515,2026-03-05T08:01:41.000000,true,true,true
124,2025-10-17T00:00:00.000000,516,2026-03-10T09:04:00.000000,no_response,2.7,1,2026-03-10T09:04:00.000000,0,true,true,true,true,0,LABELED,0,,,0,0,LABELED,0,,,true,true,true
125,2025-05-25T00:00:00.000000,518,2025-06-04T16:09:33.000000,accepted,16.8,2,2026-06-07T18:36:00.000000,0,true,true,true,true,0,LABELED,0,,,0,0,LABELED,0,,,true,true,true
126,2025-12-13T00:00:00.000000,520,2025-12-19T08:21:49.000000,no_response,10.1,4,2026-03-02T10:06:00.000000,0,true,true,true,true,0,LABELED,0,,,0,0,LABELED,0,,,true,true,true
127,2025-06-30T00:00:00.000000,523,2025-07-08T11:55:16.000000,accepted,2.3,4,2026-05-05T13:50:00.000000,0,true,true,true,true,0,LABELED,0,,,0,0,LABELED,0,,,true,true,true
128,2026-06-29T00:00:00.000000,533,2026-07-02T08:15:19.000000,rejected,21.8,7,2026-07-09T10:57:01.000000,0,true,false,false,false,,CENSORED,,,,0,0,CENSORED,,,,false,false,false
129,2026-02-17T00:00:00.000000,536,2026-02-21T15:06:35.000000,scheduled_visit,1.7,4,2026-04-14T20:11:00.000000,1,true,true,true,true,1,LABELED,1,536,2026-02-21T16:48:35.000Z,0,1,LABELED,1,536,2026-02-21T15:06:35.000000,true,true,true
130,2025-05-21T00:00:00.000000,538,2025-05-24T18:23:44.000000,accepted,0.7,2,2026-03-04T18:52:00.000000,0,true,true,true,true,0,LABELED,0,,,0,0,LABELED,0,,,true,true,true
131,2025-12-17T00:00:00.000000,544,2025-12-19T09:54:38.000000,accepted,14.3,6,2026-04-30T07:41:00.000000,0,true,true,true,true,0,LABELED,0,,,0,1,LABELED,0,,,true,true,true
132,2026-05-18T00:00:00.000000,549,2026-05-19T17:52:00.000000,no_response,3.7,6,2026-06-14T20:22:00.000000,0,true,true,true,true,0,LABELED,1,546,2026-06-14T22:34:00.000Z,0,1,LABELED,1,546,2026-06-14T20:22:00.000000,true,true,false
133,2025-12-26T00:00:00.000000,555,2026-01-01T14:19:08.000000,accepted,11.9,5,2026-06-04T09:52:00.000000,0,true,true,true,true,0,LABELED,1,554,2026-01-03T23:06:16.000Z,0,1,LABELED,1,554,2026-01-03T08:30:16.000000,true,true,true
134,2025-12-27T00:00:00.000000,558,2025-12-29T13:31:14.000000,accepted,1.5,4,2026-04-13T17:06:00.000000,0,true,true,true,true,0,LABELED,0,,,0,0,LABELED,0,,,true,true,true
135,2025-07-23T00:00:00.000000,567,2025-07-26T18:25:42.000000,accepted,14.6,8,2026-02-10T10:15:00.000000,0,true,true,true,true,0,LABELED,1,561,2025-08-03T08:02:12.000Z,0,2,LABELED,1,561,2025-08-02T09:20:12.000000,true,true,true
136,2025-12-08T00:00:00.000000,572,2025-12-10T19:39:51.000000,accepted,,7,2026-05-29T15:56:00.000000,0,true,true,true,true,0,LABELED,0,,,0,1,LABELED,0,,,true,true,true
137,2026-04-03T00:00:00.000000,577,2026-04-08T09:07:58.000000,no_response,39.5,7,2026-06-11T15:09:00.000000,0,true,true,true,true,0,LABELED,1,576,2026-04-15T22:13:15.000Z,0,3,LABELED,1,576,2026-04-15T16:19:15.000000,true,true,true
138,2025-02-10T00:00:00.000000,584,2025-02-17T16:28:15.000000,scheduled_visit,19.3,2,2025-09-24T16:29:00.000000,1,true,true,true,true,1,LABELED,1,584,2025-02-18T11:46:15.000Z,0,1,LABELED,1,584,2025-02-17T16:28:15.000000,true,true,true
139,2026-01-22T00:00:00.000000,586,2026-02-04T20:17:40.000000,accepted,,2,2026-04-12T17:39:00.000000,0,true,true,true,true,0,LABELED,0,,,0,0,LABELED,0,,,true,true,true
140,2025-04-29T00:00:00.000000,588,2025-05-02T09:44:07.000000,scheduled_visit,,5,2026-06-17T07:50:00.000000,1,true,true,true,true,1,AMBIGUOUS,,,,1,1,LABELED,1,588,2025-05-02T09:44:07.000000,true,true,true
141,2026-02-01T00:00:00.000000,592,2026-02-01T12:34:07.000000,no_response,3.1,5,2026-02-13T15:08:17.000000,0,true,true,true,true,0,LABELED,0,,,0,0,LABELED,0,,,true,true,true
142,2025-10-08T00:00:00.000000,601,2025-10-10T15:47:41.000000,accepted,,8,2026-03-08T12:23:00.000000,0,true,true,true,true,0,LABELED,1,603,2025-10-18T02:04:05.000Z,0,2,LABELED,1,603,2025-10-17T17:10:05.000000,true,true,true
143,2025-04-18T00:00:00.000000,606,2025-04-23T15:50:54.000000,scheduled_visit,,7,2026-06-16T15:10:00.000000,1,true,true,true,true,1,LABELED,1,610,2025-04-25T22:44:29.000Z,1,2,LABELED,1,606,2025-04-23T15:50:54.000000,true,true,true
144,2026-06-30T00:00:00.000000,614,2026-07-01T15:22:29.000000,rejected,0.5,3,2026-07-06T17:26:40.000000,0,true,false,false,false,,CENSORED,,,,0,0,CENSORED,,,,false,false,false
145,2025-06-16T00:00:00.000000,616,2025-06-23T20:41:01.000000,accepted,,4,2025-11-29T13:57:00.000000,0,true,true,true,true,0,LABELED,0,,,0,0,LABELED,0,,,true,true,true
146,2026-03-26T00:00:00.000000,624,2026-03-28T14:12:36.000000,no_response,5.7,7,2026-04-08T14:10:25.000000,0,true,true,true,true,0,LABELED,1,625,2026-03-30T12:52:05.000Z,0,2,LABELED,1,625,2026-03-30T09:34:05.000000,true,true,true
147,2025-07-17T00:00:00.000000,626,2025-07-19T10:37:05.000000,no_response,1.2,1,2025-07-19T10:37:05.000000,0,true,true,true,true,0,LABELED,0,,,0,0,LABELED,0,,,true,true,true
148,2025-03-18T00:00:00.000000,630,2025-03-19T12:27:03.000000,accepted,18.5,7,2026-03-14T12:51:00.000000,0,true,true,true,true,0,AMBIGUOUS,,,,1,0,LABELED,1,632,2025-03-21T19:22:42.000000,true,true,true
149,2025-06-16T00:00:00.000000,636,2025-06-20T11:47:24.000000,accepted,4.3,7,2026-04-07T16:46:00.000000,0,true,true,true,true,0,LABELED,0,,,0,0,LABELED,0,,,true,true,true
150,2026-06-13T00:00:00.000000,644,2026-06-13T17:24:37.000000,no_response,19.3,6,2026-06-23T20:20:13.000000,0,true,true,true,true,0,LABELED,0,,,0,0,CENSORED,,,,false,false,false
151,2025-04-21T00:00:00.000000,650,2025-06-12T18:11:00.000000,no_response,,6,2026-06-17T15:18:00.000000,0,true,true,true,true,0,LABELED,0,,,0,1,LABELED,0,,,true,true,true
152,2026-03-29T00:00:00.000000,653,2026-03-31T11:50:39.000000,scheduled_visit,14.5,8,2026-05-03T15:20:00.000000,1,true,true,true,true,1,LABELED,1,653,2026-04-01T02:20:39.000Z,0,1,LABELED,1,653,2026-03-31T11:50:39.000000,true,true,true
153,2026-01-02T00:00:00.000000,667,2026-01-04T14:08:15.000000,scheduled_visit,0.5,8,2026-05-18T18:57:00.000000,1,true,true,true,true,1,LABELED,1,667,2026-01-04T14:38:15.000Z,0,3,LABELED,1,667,2026-01-04T14:08:15.000000,true,true,true
154,2025-08-25T00:00:00.000000,672,2025-08-30T11:54:07.000000,no_response,21.6,6,2025-12-16T09:45:00.000000,0,true,true,true,true,0,LABELED,0,,,0,1,LABELED,0,,,true,true,true
155,2025-12-22T00:00:00.000000,675,2026-06-02T13:39:00.000000,no_response,14.4,1,2026-06-02T13:39:00.000000,0,true,true,true,true,0,LABELED,0,,,0,0,CENSORED,,,,true,false,false
156,2025-11-14T00:00:00.000000,676,2025-11-26T09:02:28.000000,no_response,12,2,2026-03-07T12:28:00.000000,0,true,true,true,true,0,LABELED,0,,,0,0,LABELED,0,,,true,true,true
157,2025-10-28T00:00:00.000000,682,2025-10-31T08:22:53.000000,accepted,6.1,8,2025-12-30T08:27:00.000000,0,true,true,true,true,0,LABELED,1,681,2025-11-02T17:51:27.000Z,0,1,LABELED,1,681,2025-11-02T16:15:27.000000,true,true,true
158,2026-01-23T00:00:00.000000,693,2026-01-25T20:39:35.000000,no_response,26.4,8,2026-02-05T18:20:39.000000,0,true,true,true,true,0,LABELED,1,687,2026-01-29T12:30:44.000Z,0,2,LABELED,1,687,2026-01-29T09:30:44.000000,true,true,true
159,2025-12-01T00:00:00.000000,696,2025-12-05T13:33:57.000000,no_response,0.5,3,2026-06-30T14:00:00.000000,0,true,true,true,true,0,LABELED,1,695,2025-12-13T11:43:58.000Z,0,1,LABELED,1,695,2025-12-13T09:37:58.000000,true,true,true
160,2025-01-31T00:00:00.000000,697,2025-10-16T15:58:00.000000,accepted,,2,2026-05-07T10:17:00.000000,0,true,true,true,true,0,LABELED,0,,,0,0,LABELED,0,,,true,true,true
161,2026-06-16T00:00:00.000000,700,2026-06-20T08:07:50.000000,scheduled_visit,2.4,2,2026-06-25T14:08:16.000000,1,true,true,false,true,1,CENSORED,,,,0,0,CENSORED,,,,false,false,false
162,2026-06-28T00:00:00.000000,704,2026-06-29T15:03:40.000000,accepted,0.5,5,2026-07-05T11:06:18.000000,0,true,true,false,true,0,CENSORED,,,,0,0,CENSORED,,,,false,false,false
163,2025-02-07T00:00:00.000000,707,2025-09-06T12:47:00.000000,accepted,64.5,3,2026-02-04T09:34:00.000000,0,true,true,true,true,0,LABELED,0,,,0,0,LABELED,0,,,true,true,true
164,2025-01-03T00:00:00.000000,711,2025-01-05T17:49:32.000000,accepted,5.9,8,2026-02-15T10:49:00.000000,0,true,true,true,true,0,LABELED,0,,,0,2,LABELED,0,,,true,true,true
165,2026-01-03T00:00:00.000000,720,2026-01-07T14:53:48.000000,no_response,7.5,6,2026-04-25T20:16:00.000000,0,true,true,true,true,0,LABELED,1,719,2026-01-12T05:48:20.000Z,0,3,LABELED,1,719,2026-01-11T12:00:20.000000,true,true,true
166,2026-04-14T00:00:00.000000,724,2026-04-17T16:13:47.000000,accepted,0.5,6,2026-05-12T08:14:00.000000,0,true,true,true,true,0,LABELED,0,,,0,0,LABELED,0,,,true,true,true
167,2026-03-19T00:00:00.000000,729,2026-03-31T15:50:10.000000,scheduled_visit,0.5,1,2026-03-31T15:50:10.000000,1,true,true,true,true,1,LABELED,1,729,2026-03-31T16:20:10.000Z,0,1,LABELED,1,729,2026-03-31T15:50:10.000000,true,true,true
168,2025-11-21T00:00:00.000000,730,2025-11-23T09:23:14.000000,accepted,4.2,6,2026-01-24T14:51:00.000000,0,true,true,true,true,0,LABELED,1,732,2025-11-26T15:34:07.000Z,0,2,LABELED,1,732,2025-11-25T20:10:07.000000,true,true,true
169,2025-08-27T00:00:00.000000,737,2025-09-05T18:27:31.000000,scheduled_visit,1.2,4,2026-04-21T16:16:00.000000,1,true,true,true,true,1,LABELED,1,737,2025-09-05T19:39:31.000Z,0,1,LABELED,1,737,2025-09-05T18:27:31.000000,true,true,true
170,2026-05-15T00:00:00.000000,740,2026-05-15T10:38:34.000000,no_response,13.9,3,2026-05-19T08:08:56.000000,0,true,true,true,true,0,LABELED,0,,,0,0,LABELED,0,,,true,true,false
171,2025-06-19T00:00:00.000000,745,2025-06-19T09:10:26.000000,scheduled_visit,53.8,4,2026-04-21T10:18:00.000000,1,true,true,true,true,1,LABELED,1,745,2025-06-21T14:58:26.000Z,0,3,LABELED,1,745,2025-06-19T09:10:26.000000,true,true,true
172,2026-04-30T00:00:00.000000,747,2026-05-01T12:54:17.000000,accepted,5.4,7,2026-05-09T16:57:32.000000,0,true,true,true,true,0,LABELED,1,751,2026-05-02T18:53:11.000Z,0,3,LABELED,1,751,2026-05-02T09:17:11.000000,true,true,true
173,2025-10-27T00:00:00.000000,754,2025-11-01T10:38:53.000000,no_response,31.5,1,2025-11-01T10:38:53.000000,0,true,true,true,true,0,LABELED,0,,,0,0,LABELED,0,,,true,true,true
174,2025-10-23T00:00:00.000000,755,2025-10-25T18:08:18.000000,no_response,0.5,5,2026-06-04T07:44:00.000000,0,true,true,true,true,0,LABELED,0,,,0,0,LABELED,0,,,true,true,true
175,2026-02-20T00:00:00.000000,761,2026-02-21T08:18:55.000000,no_response,2.1,4,2026-03-11T08:45:00.000000,0,true,true,true,true,0,LABELED,0,,,0,0,LABELED,0,,,true,true,true
176,2025-11-12T00:00:00.000000,764,2025-11-19T11:15:02.000000,accepted,2.3,1,2025-11-19T11:15:02.000000,0,true,true,true,true,0,LABELED,0,,,0,0,LABELED,0,,,true,true,true
177,2026-04-18T00:00:00.000000,766,2026-04-23T11:11:46.000000,no_response,,5,2026-04-29T08:56:28.000000,0,true,true,true,true,0,LABELED,1,769,2026-04-26T17:48:52.000Z,0,1,LABELED,1,769,2026-04-26T10:42:52.000000,true,true,true
178,2026-04-22T00:00:00.000000,770,2026-04-22T19:02:16.000000,scheduled_visit,3.1,2,2026-04-26T11:20:08.000000,1,true,true,true,true,1,LABELED,1,770,2026-04-22T22:08:16.000Z,0,1,LABELED,1,770,2026-04-22T19:02:16.000000,true,true,true
179,2025-12-28T00:00:00.000000,774,2025-12-31T17:16:12.000000,accepted,13.7,3,2026-02-26T14:41:00.000000,0,true,true,true,true,0,LABELED,0,,,0,0,LABELED,0,,,true,true,true
180,2025-07-15T00:00:00.000000,778,2025-07-18T19:13:32.000000,scheduled_visit,8.3,7,2026-02-16T18:30:00.000000,1,true,true,true,true,1,LABELED,1,778,2025-07-19T03:31:32.000Z,0,1,LABELED,1,778,2025-07-18T19:13:32.000000,true,true,true
181,2025-12-18T00:00:00.000000,782,2025-12-19T08:24:30.000000,accepted,,1,2025-12-19T08:24:30.000000,0,true,true,true,true,0,LABELED,0,,,0,0,LABELED,0,,,true,true,true
182,2026-06-22T00:00:00.000000,787,2026-06-22T16:15:07.000000,no_response,4.1,6,2026-07-01T13:55:54.000000,0,true,true,false,true,0,CENSORED,,,,0,0,CENSORED,,,,false,false,false
183,2026-05-04T00:00:00.000000,790,2026-05-13T18:11:41.000000,accepted,0.5,3,2026-05-15T19:54:06.000000,0,true,true,true,true,0,LABELED,0,,,0,0,LABELED,0,,,true,true,true
184,2026-04-22T00:00:00.000000,792,2026-05-01T10:38:01.000000,accepted,5.9,2,2026-05-04T17:28:29.000000,0,true,true,true,true,0,AMBIGUOUS,,,,1,0,LABELED,1,793,2026-05-04T17:28:29.000000,true,true,true
185,2025-10-18T00:00:00.000000,797,2025-10-18T08:57:47.000000,scheduled_visit,,5,2026-04-18T14:55:00.000000,1,true,true,true,true,1,LABELED,1,796,2025-10-25T05:51:43.000Z,1,1,LABELED,1,797,2025-10-18T08:57:47.000000,true,true,true
186,2026-06-09T00:00:00.000000,804,2026-06-09T11:45:01.000000,accepted,,8,2026-06-22T08:19:00.000000,0,true,true,true,true,0,LABELED,0,,,0,0,CENSORED,,,,false,false,false
187,2025-07-17T00:00:00.000000,809,2025-09-16T18:15:00.000000,rejected,4.9,4,2026-04-18T13:16:00.000000,0,true,true,true,true,0,LABELED,0,,,0,1,LABELED,0,,,true,true,true
188,2026-02-08T00:00:00.000000,816,2026-02-11T19:47:17.000000,no_response,1.9,7,2026-06-11T07:23:00.000000,0,true,true,true,true,0,LABELED,0,,,0,1,LABELED,0,,,true,true,true
189,2025-04-14T00:00:00.000000,818,2025-04-24T16:09:11.000000,scheduled_visit,,2,2026-01-25T17:18:00.000000,1,true,true,true,true,1,AMBIGUOUS,,,,1,0,LABELED,1,818,2025-04-24T16:09:11.000000,true,true,true
190,2025-06-10T00:00:00.000000,824,2025-06-12T13:15:00.000000,scheduled_visit,41.1,6,2026-05-09T20:26:00.000000,1,true,true,true,true,1,LABELED,1,824,2025-06-14T06:21:00.000Z,0,1,LABELED,1,824,2025-06-12T13:15:00.000000,true,true,true
191,2025-03-15T00:00:00.000000,829,2025-04-20T20:49:00.000000,no_response,7.1,7,2026-06-04T13:24:00.000000,0,true,true,true,true,0,LABELED,0,,,0,0,LABELED,0,,,true,true,true
192,2025-07-22T00:00:00.000000,834,2025-07-27T11:07:28.000000,rejected,,3,2025-08-30T12:26:00.000000,0,true,true,true,true,0,LABELED,0,,,0,0,LABELED,0,,,true,true,true
193,2025-07-23T00:00:00.000000,837,2025-07-31T16:56:11.000000,accepted,2.2,3,2026-05-03T10:01:00.000000,0,true,true,true,true,0,LABELED,0,,,0,0,LABELED,0,,,true,true,true
194,2025-05-17T00:00:00.000000,841,2025-05-20T12:19:15.000000,no_response,0.7,4,2025-07-05T15:48:00.000000,0,true,true,true,true,0,LABELED,1,842,2025-05-28T04:45:40.000Z,0,2,LABELED,1,842,2025-05-27T18:51:40.000000,true,true,true
195,2025-01-16T00:00:00.000000,847,2025-01-17T18:22:38.000000,scheduled_visit,22.2,7,2026-06-09T20:45:00.000000,1,true,true,true,true,1,LABELED,1,847,2025-01-18T16:34:38.000Z,0,2,LABELED,1,847,2025-01-17T18:22:38.000000,true,true,true
196,2025-07-15T00:00:00.000000,850,2025-07-19T15:00:29.000000,accepted,,3,2026-06-04T11:51:00.000000,0,true,true,true,true,0,LABELED,0,,,0,0,LABELED,0,,,true,true,true
197,2025-12-15T00:00:00.000000,853,2025-12-18T19:55:06.000000,no_response,13.3,5,2025-12-27T16:58:36.000000,0,true,true,true,true,0,LABELED,0,,,0,0,LABELED,0,,,true,true,true
198,2026-04-12T00:00:00.000000,859,2026-04-12T20:21:35.000000,accepted,3.1,6,2026-06-29T10:07:00.000000,0,true,true,true,true,0,LABELED,1,858,2026-04-21T03:46:17.000Z,0,2,LABELED,1,858,2026-04-20T13:10:17.000000,true,true,true
199,2026-04-23T00:00:00.000000,864,2026-04-27T13:45:24.000000,accepted,9.3,1,2026-04-27T13:45:24.000000,0,true,true,true,true,0,LABELED,0,,,0,0,LABELED,0,,,true,true,true
200,2025-07-24T00:00:00.000000,866,2025-07-31T18:29:14.000000,accepted,6,3,2025-10-14T10:38:00.000000,0,true,true,true,true,0,LABELED,0,,,0,0,LABELED,0,,,true,true,true
201,2025-12-17T00:00:00.000000,868,2025-12-25T16:36:34.000000,accepted,26.1,4,2026-04-26T11:52:00.000000,0,true,true,true,true,0,LABELED,0,,,0,0,LABELED,0,,,true,true,true
202,2025-02-14T00:00:00.000000,877,2025-02-19T12:42:27.000000,accepted,41.7,7,2026-04-21T20:31:00.000000,0,true,true,true,true,0,LABELED,0,,,0,0,LABELED,0,,,true,true,true
203,2026-06-19T00:00:00.000000,879,2026-06-22T07:13:28.000000,rejected,17.8,4,2026-07-02T09:36:29.000000,0,true,true,false,true,0,CENSORED,,,,0,0,CENSORED,,,,false,false,false
204,2025-06-13T00:00:00.000000,883,2025-10-04T13:22:00.000000,accepted,5.6,1,2025-10-04T13:22:00.000000,0,true,true,true,true,0,LABELED,0,,,0,0,LABELED,0,,,true,true,true
205,2026-05-20T00:00:00.000000,884,2026-05-21T11:29:41.000000,no_response,,1,2026-05-21T11:29:41.000000,0,true,true,true,true,0,LABELED,0,,,0,0,LABELED,0,,,true,true,false
206,2025-09-03T00:00:00.000000,891,2025-09-04T15:52:59.000000,accepted,4.6,8,2026-02-10T12:24:00.000000,0,true,true,true,true,0,LABELED,1,889,2025-09-06T08:45:12.000Z,0,2,LABELED,1,889,2025-09-05T18:51:12.000000,true,true,true
207,2025-11-21T00:00:00.000000,893,2025-12-03T09:16:31.000000,scheduled_visit,38.3,1,2025-12-03T09:16:31.000000,1,true,true,true,true,1,LABELED,1,893,2025-12-04T23:34:31.000Z,0,1,LABELED,1,893,2025-12-03T09:16:31.000000,true,true,true
208,2025-10-10T00:00:00.000000,894,2025-10-14T18:07:12.000000,rejected,24,7,2026-05-25T17:08:00.000000,0,true,true,true,true,0,LABELED,0,,,0,1,LABELED,0,,,true,true,true
209,2025-03-13T00:00:00.000000,903,2025-03-13T15:33:01.000000,rejected,17.5,5,2026-01-02T08:02:00.000000,0,true,true,true,true,0,LABELED,0,,,0,0,LABELED,0,,,true,true,true
210,2025-06-14T00:00:00.000000,907,2025-06-16T09:05:56.000000,no_response,1.5,5,2025-08-06T15:06:00.000000,0,true,true,true,true,0,LABELED,0,,,0,0,LABELED,0,,,true,true,true
211,2025-04-18T00:00:00.000000,911,2025-04-28T08:18:32.000000,accepted,,1,2025-04-28T08:18:32.000000,0,true,true,true,true,0,LABELED,0,,,0,0,LABELED,0,,,true,true,true
212,2026-01-16T00:00:00.000000,914,2026-01-17T19:14:01.000000,scheduled_visit,0.5,5,2026-03-03T10:24:00.000000,1,true,true,true,true,1,LABELED,1,914,2026-01-17T19:44:01.000Z,0,2,LABELED,1,914,2026-01-17T19:14:01.000000,true,true,true
213,2025-07-14T00:00:00.000000,920,2025-07-16T20:06:44.000000,scheduled_visit,17.3,6,2026-06-14T14:05:00.000000,1,true,true,true,true,1,LABELED,1,920,2025-07-17T13:24:44.000Z,0,2,LABELED,1,920,2025-07-16T20:06:44.000000,true,true,true
214,2026-04-08T00:00:00.000000,924,2026-04-20T14:11:40.000000,rejected,9.1,2,2026-04-21T11:04:27.000000,0,true,true,true,true,0,LABELED,0,,,0,0,LABELED,0,,,true,true,true
215,2025-04-04T00:00:00.000000,925,2026-04-15T18:12:00.000000,accepted,8.4,1,2026-04-15T18:12:00.000000,0,true,true,true,true,0,LABELED,0,,,0,0,LABELED,0,,,true,true,true
216,2025-10-10T00:00:00.000000,933,2025-10-14T17:23:19.000000,scheduled_visit,47.2,8,2025-10-22T19:40:43.000000,1,true,true,true,true,1,LABELED,1,933,2025-10-16T16:35:19.000Z,0,2,LABELED,1,933,2025-10-14T17:23:19.000000,true,true,true
217,2025-08-15T00:00:00.000000,934,2025-08-17T09:12:36.000000,rejected,17.7,6,2026-01-24T18:08:00.000000,0,true,true,true,true,0,LABELED,1,937,2025-08-25T17:01:04.000Z,0,2,LABELED,1,937,2025-08-25T15:37:04.000000,true,true,true
218,2025-01-29T00:00:00.000000,940,2025-08-14T10:36:00.000000,accepted,,5,2026-06-25T11:14:00.000000,0,true,true,true,true,0,LABELED,0,,,0,1,LABELED,0,,,true,true,true
219,2026-06-28T00:00:00.000000,946,2026-07-01T09:57:06.000000,accepted,23.6,5,2026-07-06T13:09:14.000000,0,true,false,false,false,,CENSORED,,,,0,0,CENSORED,,,,false,false,false
220,2025-12-07T00:00:00.000000,950,2025-12-15T18:08:18.000000,accepted,,1,2025-12-15T18:08:18.000000,0,true,true,true,true,0,LABELED,0,,,0,0,LABELED,0,,,true,true,true
221,2026-06-29T00:00:00.000000,951,2026-07-04T13:17:56.000000,accepted,12.4,2,2026-07-09T08:19:36.000000,0,true,false,false,false,,CENSORED,,,,0,0,CENSORED,,,,false,false,false
222,2025-02-10T00:00:00.000000,960,2025-02-11T12:23:26.000000,rejected,2.2,8,2026-05-26T18:27:00.000000,0,true,true,true,true,0,LABELED,0,,,0,0,LABELED,0,,,true,true,true
223,2026-02-15T00:00:00.000000,961,2026-04-13T20:24:00.000000,accepted,1.2,1,2026-04-13T20:24:00.000000,0,true,true,true,true,0,LABELED,0,,,0,0,LABELED,0,,,true,true,true
224,2026-02-28T00:00:00.000000,963,2026-03-08T20:00:22.000000,accepted,3.8,3,2026-03-11T15:10:50.000000,0,true,true,true,true,0,LABELED,0,,,0,0,LABELED,0,,,true,true,true
225,2025-12-01T00:00:00.000000,967,2025-12-07T11:53:52.000000,rejected,3.9,4,2026-05-06T11:37:00.000000,0,true,true,true,true,0,LABELED,0,,,0,0,LABELED,0,,,true,true,true
226,2025-03-14T00:00:00.000000,969,2025-03-14T16:11:44.000000,accepted,2,1,2025-03-14T16:11:44.000000,0,true,true,true,true,0,LABELED,0,,,0,0,LABELED,0,,,true,true,true
227,2026-04-11T00:00:00.000000,971,2026-04-12T09:11:19.000000,accepted,,2,2026-04-20T12:42:03.000000,0,true,true,true,true,0,LABELED,0,,,0,0,LABELED,0,,,true,true,true
228,2025-10-10T00:00:00.000000,973,2025-10-14T17:18:16.000000,rejected,14.4,5,2026-03-11T20:53:00.000000,0,true,true,true,true,0,LABELED,0,,,0,1,LABELED,0,,,true,true,true
229,2026-06-10T00:00:00.000000,978,2026-06-10T10:06:12.000000,scheduled_visit,1.7,5,2026-06-21T18:45:47.000000,1,true,true,true,true,1,LABELED,1,978,2026-06-10T11:48:12.000Z,0,2,CENSORED,,,,false,false,false
230,2025-01-28T00:00:00.000000,987,2025-02-06T08:36:47.000000,rejected,8.8,6,2026-04-20T20:21:00.000000,0,true,true,true,true,0,LABELED,0,,,0,2,LABELED,0,,,true,true,true
231,2026-04-09T00:00:00.000000,995,2026-04-11T16:02:04.000000,scheduled_visit,19.6,8,2026-04-21T08:17:46.000000,1,true,true,true,true,1,LABELED,1,995,2026-04-12T11:38:04.000Z,0,1,LABELED,1,995,2026-04-11T16:02:04.000000,true,true,true
232,2025-06-26T00:00:00.000000,997,2025-06-27T08:51:03.000000,scheduled_visit,14.5,2,2025-08-20T13:40:00.000000,1,true,true,true,true,1,LABELED,1,997,2025-06-27T23:21:03.000Z,0,1,LABELED,1,997,2025-06-27T08:51:03.000000,true,true,true
233,2025-12-22T00:00:00.000000,999,2025-12-22T16:09:13.000000,no_response,1.8,2,2026-05-14T19:04:00.000000,0,true,true,true,true,0,LABELED,0,,,0,1,LABELED,0,,,true,true,true
234,2025-09-11T00:00:00.000000,1002,2025-09-12T16:45:15.000000,rejected,20.7,8,2026-06-24T17:04:00.000000,0,true,true,true,true,0,LABELED,1,1001,2025-09-19T14:34:25.000Z,0,1,LABELED,1,1001,2025-09-19T08:40:25.000000,true,true,true
235,2025-09-23T00:00:00.000000,1009,2025-09-23T12:35:33.000000,scheduled_visit,7.1,4,2025-09-30T17:33:00.000000,1,true,true,true,true,1,LABELED,1,1009,2025-09-23T19:41:33.000Z,0,2,LABELED,1,1009,2025-09-23T12:35:33.000000,true,true,true
236,2025-02-05T00:00:00.000000,1016,2025-02-10T17:30:30.000000,accepted,8.6,6,2026-06-11T09:49:00.000000,0,true,true,true,true,0,LABELED,1,1012,2025-02-16T15:42:45.000Z,0,1,LABELED,1,1012,2025-02-16T12:18:45.000000,true,true,true
237,2025-07-24T00:00:00.000000,1019,2025-07-25T10:42:13.000000,scheduled_visit,12.5,8,2026-02-21T08:14:00.000000,1,true,true,true,true,1,LABELED,1,1019,2025-07-25T23:12:13.000Z,1,1,LABELED,1,1019,2025-07-25T10:42:13.000000,true,true,true
238,2025-01-23T00:00:00.000000,1031,2025-01-27T09:30:23.000000,accepted,34.3,8,2025-12-13T14:45:00.000000,0,true,true,true,true,0,LABELED,0,,,0,0,LABELED,0,,,true,true,true
239,2025-08-28T00:00:00.000000,1035,2025-09-02T12:00:09.000000,accepted,6.5,7,2026-05-19T07:30:00.000000,0,true,true,true,true,0,LABELED,0,,,0,1,LABELED,0,,,true,true,true
240,2026-05-04T00:00:00.000000,1048,2026-05-04T07:31:18.000000,scheduled_visit,14.1,8,2026-05-16T19:23:03.000000,1,true,true,true,true,1,LABELED,1,1048,2026-05-04T21:37:18.000Z,0,4,LABELED,1,1048,2026-05-04T07:31:18.000000,true,true,true
241,2025-03-29T00:00:00.000000,1049,2025-04-07T14:07:02.000000,accepted,22.6,5,2026-05-18T11:06:00.000000,0,true,true,true,true,0,LABELED,0,,,0,0,LABELED,0,,,true,true,true
242,2025-01-31T00:00:00.000000,1054,2025-02-07T19:38:32.000000,accepted,,3,2025-12-02T11:12:00.000000,0,true,true,true,true,0,LABELED,0,,,0,0,LABELED,0,,,true,true,true
243,2025-05-23T00:00:00.000000,1058,2025-05-27T16:33:51.000000,scheduled_visit,0.5,3,2026-01-29T15:12:00.000000,1,true,true,true,true,1,LABELED,1,1058,2025-05-27T17:03:51.000Z,0,2,LABELED,1,1058,2025-05-27T16:33:51.000000,true,true,true
244,2025-07-10T00:00:00.000000,1063,2025-07-10T19:31:50.000000,rejected,59.7,4,2025-07-23T18:37:31.000000,0,true,true,true,true,0,LABELED,1,1061,2025-07-12T06:04:38.000Z,0,1,LABELED,1,1061,2025-07-11T16:28:38.000000,true,true,true
245,2026-02-22T00:00:00.000000,1064,2026-03-02T07:50:33.000000,accepted,1.3,1,2026-03-02T07:50:33.000000,0,true,true,true,true,0,LABELED,0,,,0,0,LABELED,0,,,true,true,true
246,2025-03-13T00:00:00.000000,1070,2025-03-14T16:38:04.000000,rejected,7.8,8,2026-06-13T09:58:00.000000,0,true,true,true,true,0,LABELED,1,1072,2025-03-15T23:12:08.000Z,0,1,LABELED,1,1072,2025-03-15T17:12:08.000000,true,true,true
247,2025-12-16T00:00:00.000000,1076,2025-12-16T15:29:53.000000,scheduled_visit,1.6,5,2026-06-18T15:56:00.000000,1,true,true,true,true,1,LABELED,1,1076,2025-12-16T17:05:53.000Z,0,1,LABELED,1,1076,2025-12-16T15:29:53.000000,true,true,true
248,2025-03-21T00:00:00.000000,1078,2025-03-27T20:10:20.000000,accepted,0.5,1,2025-03-27T20:10:20.000000,0,true,true,true,true,0,LABELED,0,,,0,0,LABELED,0,,,true,true,true
249,2025-06-22T00:00:00.000000,1081,2025-06-22T13:21:13.000000,no_response,,3,2025-06-29T07:25:19.000000,0,true,true,true,true,0,LABELED,1,1079,2025-06-30T00:37:19.000Z,0,1,LABELED,1,1079,2025-06-29T07:25:19.000000,true,true,true
250,2025-07-24T00:00:00.000000,1082,2025-09-23T14:28:00.000000,scheduled_visit,1.1,1,2025-09-23T14:28:00.000000,1,true,true,true,true,1,LABELED,1,1082,2025-09-23T15:34:00.000Z,0,1,LABELED,1,1082,2025-09-23T14:28:00.000000,true,true,true
251,2025-10-08T00:00:00.000000,1085,2025-10-09T17:37:40.000000,scheduled_visit,5.7,4,2026-06-16T07:47:00.000000,1,true,true,true,true,1,LABELED,1,1085,2025-10-09T23:19:40.000Z,0,1,LABELED,1,1085,2025-10-09T17:37:40.000000,true,true,true
252,2025-04-01T00:00:00.000000,1089,2025-04-01T15:25:22.000000,accepted,,4,2026-04-09T12:41:00.000000,0,true,true,true,true,0,LABELED,1,1090,2025-04-03T22:03:32.000Z,0,1,LABELED,1,1090,2025-04-03T13:57:32.000000,true,true,true
253,2025-07-23T00:00:00.000000,1091,2025-07-27T07:45:22.000000,rejected,23.5,2,2025-08-01T20:11:34.000000,0,true,true,true,true,0,LABELED,0,,,0,0,LABELED,0,,,true,true,true
254,2025-06-21T00:00:00.000000,1094,2025-06-24T10:08:01.000000,scheduled_visit,11.2,2,2026-01-17T11:38:00.000000,1,true,true,true,true,1,LABELED,1,1094,2025-06-24T21:20:01.000Z,0,1,LABELED,1,1094,2025-06-24T10:08:01.000000,true,true,true
255,2025-05-11T00:00:00.000000,1098,2025-05-21T17:05:22.000000,accepted,3.8,5,2026-04-03T11:13:00.000000,0,true,true,true,true,0,LABELED,0,,,0,1,LABELED,0,,,true,true,true
256,2025-11-05T00:00:00.000000,1101,2025-11-11T20:36:14.000000,rejected,3.2,3,2026-02-27T17:40:00.000000,0,true,true,true,true,0,LABELED,0,,,0,0,LABELED,0,,,true,true,true
257,2025-02-28T00:00:00.000000,1104,2025-03-03T11:24:31.000000,no_response,47.5,6,2026-04-04T14:21:00.000000,0,true,true,true,true,0,LABELED,0,,,0,0,LABELED,0,,,true,true,true
258,2026-06-23T00:00:00.000000,1109,2026-06-26T18:49:58.000000,accepted,38.7,1,2026-06-26T18:49:58.000000,0,true,true,false,true,0,CENSORED,,,,0,0,CENSORED,,,,false,false,false
259,2025-10-17T00:00:00.000000,1110,2025-10-17T17:32:58.000000,scheduled_visit,,6,2026-04-13T11:39:00.000000,1,true,true,true,true,1,LABELED,1,1112,2025-10-18T18:59:12.000Z,1,3,LABELED,1,1110,2025-10-17T17:32:58.000000,true,true,true
260,2026-04-29T00:00:00.000000,1119,2026-04-29T13:23:42.000000,rejected,44.6,4,2026-05-18T10:40:00.000000,0,true,true,true,true,0,LABELED,1,1117,2026-05-13T18:45:00.000Z,0,1,LABELED,1,1117,2026-05-12T20:33:00.000000,true,true,true
261,2025-12-10T00:00:00.000000,1122,2025-12-12T10:05:53.000000,accepted,3.7,4,2026-06-09T08:11:00.000000,0,true,true,true,true,0,LABELED,0,,,0,1,LABELED,0,,,true,true,true
262,2026-01-20T00:00:00.000000,1124,2026-01-21T08:48:38.000000,accepted,0.5,2,2026-02-02T20:46:39.000000,0,true,true,true,true,0,LABELED,0,,,0,0,LABELED,0,,,true,true,true
263,2025-01-01T00:00:00.000000,1126,2025-09-25T08:53:00.000000,rejected,11.7,2,2026-01-16T19:42:00.000000,0,true,true,true,true,0,LABELED,0,,,0,0,LABELED,0,,,true,true,true
264,2026-04-22T00:00:00.000000,1130,2026-04-22T15:12:11.000000,scheduled_visit,5.2,6,2026-05-04T18:01:30.000000,1,true,true,true,true,1,LABELED,1,1130,2026-04-22T20:24:11.000Z,0,3,LABELED,1,1130,2026-04-22T15:12:11.000000,true,true,true
265,2025-01-21T00:00:00.000000,1137,2025-01-29T12:36:49.000000,no_response,9.3,5,2026-06-07T17:55:00.000000,0,true,true,true,true,0,LABELED,0,,,0,1,LABELED,0,,,true,true,true
266,2025-04-30T00:00:00.000000,1144,2025-05-12T08:37:38.000000,scheduled_visit,,8,2026-06-20T19:43:00.000000,1,true,true,true,true,1,AMBIGUOUS,,,,1,2,LABELED,1,1144,2025-05-12T08:37:38.000000,true,true,true
267,2025-04-11T00:00:00.000000,1149,2025-04-17T16:09:14.000000,no_response,23.2,7,2026-06-24T10:35:00.000000,0,true,true,true,true,0,LABELED,0,,,0,0,LABELED,0,,,true,true,true
268,2026-04-20T00:00:00.000000,1155,2026-04-20T09:02:10.000000,no_response,14.1,3,2026-04-29T15:28:56.000000,0,true,true,true,true,0,LABELED,0,,,0,0,LABELED,0,,,true,true,true
269,2026-02-13T00:00:00.000000,1157,2026-02-13T18:58:32.000000,no_response,3.8,3,2026-02-25T09:06:45.000000,0,true,true,true,true,0,LABELED,0,,,0,0,LABELED,0,,,true,true,true
270,2025-06-18T00:00:00.000000,1161,2025-06-21T08:20:16.000000,accepted,,2,2025-10-09T20:41:00.000000,0,true,true,true,true,0,LABELED,0,,,0,0,LABELED,0,,,true,true,true
271,2026-02-05T00:00:00.000000,1164,2026-02-09T07:10:05.000000,no_response,,4,2026-02-16T12:16:48.000000,0,true,true,true,true,0,LABELED,1,1165,2026-02-16T02:31:44.000Z,0,1,LABELED,1,1165,2026-02-15T10:55:44.000000,true,true,true
272,2025-05-15T00:00:00.000000,1171,2025-05-15T14:06:59.000000,accepted,3.5,6,2026-05-01T15:04:00.000000,0,true,true,true,true,0,LABELED,1,1170,2025-05-27T11:42:21.000Z,0,1,LABELED,1,1170,2025-05-27T09:24:21.000000,true,true,true
273,2025-08-15T00:00:00.000000,1177,2025-08-16T14:36:54.000000,accepted,0.5,8,2026-03-19T16:47:00.000000,0,true,true,true,true,0,LABELED,1,1173,2025-08-24T16:56:19.000Z,1,1,LABELED,1,1172,2025-08-20T07:33:59.000000,true,true,true
274,2025-09-27T00:00:00.000000,1181,2025-09-27T11:26:24.000000,accepted,16.5,4,2026-01-17T19:17:00.000000,0,true,true,true,true,0,LABELED,1,1180,2025-09-29T11:53:39.000Z,0,1,LABELED,1,1180,2025-09-28T19:29:39.000000,true,true,true
275,2026-06-30T00:00:00.000000,1186,2026-07-02T15:13:47.000000,accepted,21,8,2026-07-12T16:30:24.000000,0,true,false,false,false,,CENSORED,,,,0,0,CENSORED,,,,false,false,false
276,2025-01-30T00:00:00.000000,1192,2026-05-08T20:58:00.000000,accepted,1.8,1,2026-05-08T20:58:00.000000,0,true,true,true,true,0,LABELED,0,,,0,0,LABELED,0,,,true,true,true
277,2025-10-04T00:00:00.000000,1199,2025-10-07T09:05:05.000000,scheduled_visit,3.2,8,2026-06-09T08:39:00.000000,1,true,true,true,true,1,LABELED,1,1199,2025-10-07T12:17:05.000Z,0,1,LABELED,1,1199,2025-10-07T09:05:05.000000,true,true,true
278,2025-10-03T00:00:00.000000,1201,2025-11-06T08:25:00.000000,scheduled_visit,18.6,3,2026-05-30T19:41:00.000000,1,true,true,true,true,1,LABELED,1,1201,2025-11-07T03:01:00.000Z,0,2,LABELED,1,1201,2025-11-06T08:25:00.000000,true,true,true
279,2025-12-25T00:00:00.000000,1208,2025-12-30T10:40:37.000000,scheduled_visit,5.1,5,2026-02-04T17:26:00.000000,1,true,true,true,true,1,LABELED,1,1208,2025-12-30T15:46:37.000Z,0,2,LABELED,1,1208,2025-12-30T10:40:37.000000,true,true,true
280,2025-07-30T00:00:00.000000,1213,2025-07-31T19:45:53.000000,accepted,2.6,8,2026-02-14T09:05:00.000000,0,true,true,true,true,0,AMBIGUOUS,,,,1,0,LABELED,1,1215,2025-08-07T12:31:49.000000,true,true,true
281,2025-10-20T00:00:00.000000,1218,2025-11-01T07:20:27.000000,scheduled_visit,10.3,3,2026-06-30T18:10:00.000000,1,true,true,true,true,1,LABELED,1,1218,2025-11-01T17:38:27.000Z,0,1,LABELED,1,1218,2025-11-01T07:20:27.000000,true,true,true
282,2025-02-03T00:00:00.000000,1220,2025-07-03T10:25:00.000000,rejected,16.9,2,2025-10-06T08:40:00.000000,0,true,true,true,true,0,LABELED,0,,,0,0,LABELED,0,,,true,true,true
283,2026-05-25T00:00:00.000000,1222,2026-05-27T11:12:23.000000,accepted,,3,2026-06-01T19:45:29.000000,0,true,true,true,true,0,LABELED,0,,,0,0,LABELED,0,,,true,true,false
284,2026-05-06T00:00:00.000000,1225,2026-05-11T10:58:03.000000,no_response,4,2,2026-05-16T13:13:00.000000,0,true,true,true,true,0,LABELED,1,1226,2026-05-16T14:49:00.000Z,0,1,LABELED,1,1226,2026-05-16T13:13:00.000000,true,true,true
285,2025-03-12T00:00:00.000000,1230,2025-03-24T19:33:22.000000,no_response,14.8,6,2026-02-09T07:56:00.000000,0,true,true,true,true,0,LABELED,1,1227,2025-04-19T02:45:00.000Z,0,1,LABELED,1,1227,2025-04-17T12:03:00.000000,true,true,true
286,2025-04-11T00:00:00.000000,1234,2025-04-20T18:14:13.000000,scheduled_visit,11.8,4,2026-01-03T11:16:00.000000,1,true,true,true,true,1,LABELED,1,1234,2025-04-21T06:02:13.000Z,0,1,LABELED,1,1234,2025-04-20T18:14:13.000000,true,true,true
287,2025-01-31T00:00:00.000000,1243,2025-02-03T11:25:11.000000,no_response,0.5,8,2026-05-06T19:30:00.000000,0,true,true,true,true,0,LABELED,0,,,0,3,LABELED,0,,,true,true,true
288,2025-12-16T00:00:00.000000,1246,2025-12-22T15:32:54.000000,scheduled_visit,,4,2026-04-27T08:23:00.000000,1,true,true,true,true,1,AMBIGUOUS,,,,1,0,LABELED,1,1246,2025-12-22T15:32:54.000000,true,true,true
289,2025-10-28T00:00:00.000000,1251,2026-01-07T19:47:00.000000,accepted,,3,2026-04-23T07:56:00.000000,0,true,true,true,true,0,LABELED,0,,,0,1,LABELED,0,,,true,true,true
290,2025-11-28T00:00:00.000000,1253,2025-12-07T20:37:21.000000,accepted,5.6,3,2025-12-10T12:42:36.000000,0,true,true,true,true,0,LABELED,0,,,0,0,LABELED,0,,,true,true,true
291,2025-12-24T00:00:00.000000,1257,2025-12-24T08:14:44.000000,accepted,4.6,6,2026-04-20T16:44:00.000000,0,true,true,true,true,0,LABELED,0,,,0,0,LABELED,0,,,true,true,true
292,2025-09-09T00:00:00.000000,1261,2025-09-10T19:55:48.000000,scheduled_visit,5.5,5,2025-10-17T19:54:00.000000,1,true,true,true,true,1,LABELED,1,1261,2025-09-11T01:25:48.000Z,0,4,LABELED,1,1261,2025-09-10T19:55:48.000000,true,true,true
293,2026-04-03T00:00:00.000000,1271,2026-04-03T07:27:04.000000,scheduled_visit,2.3,7,2026-04-14T16:48:33.000000,1,true,true,true,true,1,LABELED,1,1271,2026-04-03T09:45:04.000Z,0,4,LABELED,1,1271,2026-04-03T07:27:04.000000,true,true,true
294,2025-04-29T00:00:00.000000,1275,2025-05-02T19:29:39.000000,accepted,23.9,4,2025-09-29T12:16:00.000000,0,true,true,true,true,0,AMBIGUOUS,,,,1,0,LABELED,1,1276,2025-05-05T19:30:49.000000,true,true,true
295,2025-09-25T00:00:00.000000,1277,2025-09-27T15:47:04.000000,no_response,23,1,2025-09-27T15:47:04.000000,0,true,true,true,true,0,LABELED,0,,,0,0,LABELED,0,,,true,true,true
296,2025-05-18T00:00:00.000000,1279,2025-05-24T11:21:42.000000,accepted,14.9,4,2025-05-31T14:03:31.000000,0,true,true,true,true,0,LABELED,0,,,0,0,LABELED,0,,,true,true,true
297,2025-04-02T00:00:00.000000,1286,2025-07-30T14:30:00.000000,scheduled_visit,8.3,6,2026-06-08T17:53:00.000000,1,true,true,true,true,1,LABELED,1,1286,2025-07-30T22:48:00.000Z,0,1,LABELED,1,1286,2025-07-30T14:30:00.000000,true,true,true
298,2025-06-17T00:00:00.000000,1288,2025-06-20T09:24:27.000000,scheduled_visit,12.6,6,2026-01-29T17:41:00.000000,1,true,true,true,true,1,LABELED,1,1288,2025-06-20T22:00:27.000Z,1,1,LABELED,1,1288,2025-06-20T09:24:27.000000,true,true,true
299,2025-07-17T00:00:00.000000,1295,2025-07-26T08:02:53.000000,no_response,,8,2026-05-31T07:38:00.000000,0,true,true,true,true,0,AMBIGUOUS,,,,1,0,LABELED,1,1296,2025-07-30T07:50:12.000000,true,true,true
300,2025-01-20T00:00:00.000000,1302,2025-09-20T14:45:00.000000,rejected,1.7,2,2025-12-27T09:57:00.000000,0,true,true,true,true,0,LABELED,0,,,0,0,LABELED,0,,,true,true,true
301,2026-03-03T00:00:00.000000,1307,2026-03-04T10:35:08.000000,scheduled_visit,3.9,8,2026-06-21T15:29:00.000000,1,true,true,true,true,1,LABELED,1,1307,2026-03-04T14:29:08.000Z,1,2,LABELED,1,1307,2026-03-04T10:35:08.000000,true,true,true
302,2025-02-06T00:00:00.000000,1312,2025-02-16T16:05:19.000000,accepted,10.5,1,2025-02-16T16:05:19.000000,0,true,true,true,true,0,LABELED,0,,,0,0,LABELED,0,,,true,true,true
303,2025-06-06T00:00:00.000000,1315,2025-06-11T07:28:47.000000,accepted,6.3,8,2025-11-27T07:19:00.000000,0,true,true,true,true,0,LABELED,1,1316,2025-06-16T05:02:20.000Z,0,1,LABELED,1,1316,2025-06-15T18:38:20.000000,true,true,true
304,2025-07-19T00:00:00.000000,1322,2025-07-27T15:37:12.000000,scheduled_visit,52.6,7,2026-06-11T12:00:00.000000,1,true,true,true,true,1,LABELED,1,1322,2025-07-29T20:13:12.000Z,0,2,LABELED,1,1322,2025-07-27T15:37:12.000000,true,true,true
305,2026-04-14T00:00:00.000000,1333,2026-04-20T14:58:43.000000,rejected,1.7,7,2026-06-27T07:51:00.000000,0,true,true,true,true,0,LABELED,0,,,0,1,LABELED,0,,,true,true,true
306,2025-12-01T00:00:00.000000,1335,2025-12-09T15:30:48.000000,accepted,2.2,2,2026-02-07T13:07:00.000000,0,true,true,true,true,0,LABELED,0,,,0,0,LABELED,0,,,true,true,true
307,2025-03-07T00:00:00.000000,1343,2025-03-09T20:50:46.000000,accepted,15.4,8,2025-10-07T19:34:00.000000,0,true,true,true,true,0,LABELED,1,1344,2025-03-12T19:42:19.000Z,0,2,LABELED,1,1344,2025-03-12T10:18:19.000000,true,true,true
308,2025-10-24T00:00:00.000000,1347,2025-10-24T19:44:34.000000,rejected,24.4,6,2026-01-06T09:27:00.000000,0,true,true,true,true,0,LABELED,0,,,0,0,LABELED,0,,,true,true,true
309,2025-08-20T00:00:00.000000,1353,2025-08-25T10:41:20.000000,accepted,26.2,5,2025-11-21T19:09:00.000000,0,true,true,true,true,0,LABELED,1,1355,2025-08-27T14:09:51.000Z,0,2,LABELED,1,1355,2025-08-26T13:51:51.000000,true,true,true
310,2025-05-23T00:00:00.000000,1356,2025-05-25T15:24:54.000000,accepted,7.5,3,2026-02-02T20:59:00.000000,0,true,true,true,true,0,LABELED,0,,,0,0,LABELED,0,,,true,true,true
311,2026-01-23T00:00:00.000000,1361,2026-01-23T15:05:11.000000,accepted,9,3,2026-01-30T15:02:40.000000,0,true,true,true,true,0,LABELED,0,,,0,0,LABELED,0,,,true,true,true
312,2025-02-03T00:00:00.000000,1362,2025-02-04T13:01:02.000000,accepted,11.7,4,2026-06-16T15:52:00.000000,0,true,true,true,true,0,LABELED,0,,,0,1,LABELED,0,,,true,true,true
313,2025-07-14T00:00:00.000000,1367,2025-09-27T07:26:00.000000,no_response,8.4,3,2026-03-15T11:50:00.000000,0,true,true,true,true,0,LABELED,0,,,0,0,LABELED,0,,,true,true,true
314,2026-03-30T00:00:00.000000,1373,2026-03-30T08:40:10.000000,scheduled_visit,19.6,8,2026-06-16T08:08:00.000000,1,true,true,true,true,1,LABELED,1,1373,2026-03-31T04:16:10.000Z,1,2,LABELED,1,1373,2026-03-30T08:40:10.000000,true,true,true
315,2025-12-29T00:00:00.000000,1380,2025-12-30T13:37:07.000000,accepted,,8,2026-03-28T14:53:00.000000,0,true,true,true,true,0,LABELED,1,1379,2026-01-08T04:27:12.000Z,0,3,LABELED,1,1379,2026-01-07T19:21:12.000000,true,true,true
316,2025-03-25T00:00:00.000000,1387,2025-07-03T20:58:00.000000,no_response,7.1,4,2025-10-25T10:55:00.000000,0,true,true,true,true,0,LABELED,0,,,0,0,LABELED,0,,,true,true,true
317,2026-06-22T00:00:00.000000,1389,2026-06-30T17:38:15.000000,accepted,13.2,1,2026-06-30T17:38:15.000000,0,true,false,false,false,,CENSORED,,,,0,0,CENSORED,,,,false,false,false
318,2026-02-22T00:00:00.000000,1391,2026-03-03T15:40:05.000000,rejected,2.3,4,2026-03-07T13:45:59.000000,0,true,true,true,true,0,LABELED,1,1390,2026-03-06T09:15:17.000Z,1,1,LABELED,1,1390,2026-03-06T07:21:17.000000,true,true,true
319,2025-01-24T00:00:00.000000,1394,2025-01-25T18:50:45.000000,accepted,22.5,7,2025-07-19T11:40:00.000000,0,true,true,true,true,0,LABELED,0,,,0,0,LABELED,0,,,true,true,true
320,2026-04-24T00:00:00.000000,1403,2026-05-02T16:31:39.000000,accepted,0.6,3,2026-05-07T09:48:38.000000,0,true,true,true,true,0,LABELED,0,,,0,0,LABELED,0,,,true,true,true
321,2025-01-18T00:00:00.000000,1407,2025-01-24T20:53:59.000000,accepted,10.7,7,2026-03-15T09:22:00.000000,0,true,true,true,true,0,LABELED,0,,,0,1,LABELED,0,,,true,true,true
322,2025-09-29T00:00:00.000000,1414,2025-10-02T10:42:00.000000,no_response,8.8,4,2025-10-07T14:57:32.000000,0,true,true,true,true,0,LABELED,0,,,0,0,LABELED,0,,,true,true,true
323,2025-11-25T00:00:00.000000,1416,2025-11-28T19:00:36.000000,no_response,4.5,2,2025-12-06T09:05:03.000000,0,true,true,true,true,0,LABELED,1,1415,2025-12-07T01:29:03.000Z,0,1,LABELED,1,1415,2025-12-06T09:05:03.000000,true,true,true
324,2025-06-02T00:00:00.000000,1424,2025-06-02T19:43:18.000000,accepted,19.2,8,2026-04-30T16:30:00.000000,0,true,true,true,true,0,LABELED,0,,,0,0,LABELED,0,,,true,true,true
325,2026-06-04T00:00:00.000000,1425,2026-06-05T16:17:33.000000,accepted,1.6,3,2026-06-16T20:14:34.000000,0,true,true,true,true,0,LABELED,0,,,0,0,CENSORED,,,,true,false,false
326,2026-03-07T00:00:00.000000,1431,2026-03-07T14:13:39.000000,accepted,1.7,8,2026-04-13T14:45:00.000000,0,true,true,true,true,0,LABELED,1,1434,2026-03-12T22:19:32.000Z,0,3,LABELED,1,1434,2026-03-12T19:55:32.000000,true,true,true
327,2025-09-25T00:00:00.000000,1438,2025-09-29T07:11:06.000000,scheduled_visit,8.6,7,2026-05-29T16:46:00.000000,1,true,true,true,true,1,LABELED,1,1438,2025-09-29T15:47:06.000Z,0,2,LABELED,1,1438,2025-09-29T07:11:06.000000,true,true,true
328,2025-09-09T00:00:00.000000,1443,2025-09-10T14:30:25.000000,accepted,2.9,1,2025-09-10T14:30:25.000000,0,true,true,true,true,0,LABELED,0,,,0,0,LABELED,0,,,true,true,true
329,2025-09-12T00:00:00.000000,1446,2025-09-17T11:00:00.000000,no_response,4.7,8,2026-05-04T07:45:00.000000,0,true,true,true,true,0,LABELED,1,1451,2025-09-23T05:51:26.000Z,0,1,LABELED,1,1451,2025-09-22T16:45:26.000000,true,true,true
330,2025-09-02T00:00:00.000000,1454,2025-09-08T17:01:54.000000,accepted,0.5,3,2026-04-23T11:42:00.000000,0,true,true,true,true,0,LABELED,0,,,0,0,LABELED,0,,,true,true,true
331,2025-05-05T00:00:00.000000,1458,2025-05-06T16:24:16.000000,scheduled_visit,9.7,6,2026-04-05T13:38:00.000000,1,true,true,true,true,1,LABELED,1,1458,2025-05-07T02:06:16.000Z,0,3,LABELED,1,1458,2025-05-06T16:24:16.000000,true,true,true
332,2025-12-22T00:00:00.000000,1463,2025-12-23T15:38:49.000000,accepted,0.5,3,2026-05-22T07:55:00.000000,0,true,true,true,true,0,LABELED,0,,,0,0,LABELED,0,,,true,true,true
333,2025-07-18T00:00:00.000000,1469,2025-07-18T18:27:20.000000,accepted,6.4,7,2026-05-14T12:33:00.000000,0,true,true,true,true,0,LABELED,0,,,0,0,LABELED,0,,,true,true,true
334,2026-02-20T00:00:00.000000,1473,2026-02-24T09:45:37.000000,scheduled_visit,4.8,6,2026-03-04T19:33:54.000000,1,true,true,true,true,1,LABELED,1,1473,2026-02-24T14:33:37.000Z,0,1,LABELED,1,1473,2026-02-24T09:45:37.000000,true,true,true
335,2025-01-03T00:00:00.000000,1484,2025-01-08T14:34:20.000000,rejected,9.2,8,2026-03-14T08:29:00.000000,0,true,true,true,true,0,LABELED,0,,,0,1,LABELED,0,,,true,true,true
336,2025-04-07T00:00:00.000000,1485,2025-04-18T12:07:52.000000,no_response,,3,2026-06-12T19:12:00.000000,0,true,true,true,true,0,LABELED,1,1487,2025-04-27T14:36:00.000Z,0,1,LABELED,1,1487,2025-04-25T20:54:00.000000,true,true,true
337,2025-10-14T00:00:00.000000,1488,2025-10-25T15:01:54.000000,no_response,0.7,1,2025-10-25T15:01:54.000000,0,true,true,true,true,0,LABELED,0,,,0,0,LABELED,0,,,true,true,true
338,2025-06-08T00:00:00.000000,1495,2025-06-08T09:44:51.000000,no_response,4.9,8,2025-10-12T20:56:00.000000,0,true,true,true,true,0,LABELED,0,,,0,0,LABELED,0,,,true,true,true
339,2026-03-22T00:00:00.000000,1498,2026-03-22T11:48:23.000000,rejected,,3,2026-06-08T19:35:00.000000,0,true,true,true,true,0,LABELED,1,1499,2026-04-01T18:08:44.000Z,0,2,LABELED,1,1499,2026-03-31T08:14:44.000000,true,true,true
340,2025-12-19T00:00:00.000000,1500,2025-12-26T16:22:00.000000,scheduled_visit,,3,2026-02-23T14:15:00.000000,1,true,true,true,true,1,AMBIGUOUS,,,,1,1,LABELED,1,1500,2025-12-26T16:22:00.000000,true,true,true
341,2026-03-03T00:00:00.000000,1504,2026-03-12T18:34:06.000000,no_response,1.6,2,2026-03-14T11:44:04.000000,0,true,true,true,true,0,LABELED,0,,,0,0,LABELED,0,,,true,true,true
342,2026-02-15T00:00:00.000000,1505,2026-02-20T11:32:58.000000,accepted,3.3,2,2026-02-27T12:52:34.000000,0,true,true,true,true,0,LABELED,0,,,0,0,LABELED,0,,,true,true,true
343,2025-08-29T00:00:00.000000,1507,2025-09-11T14:20:33.000000,accepted,0.7,1,2025-09-11T14:20:33.000000,0,true,true,true,true,0,LABELED,0,,,0,0,LABELED,0,,,true,true,true
344,2025-02-18T00:00:00.000000,1511,2025-02-25T08:34:38.000000,scheduled_visit,3.8,4,2025-06-26T15:52:00.000000,1,true,true,true,true,1,LABELED,1,1511,2025-02-25T12:22:38.000Z,0,1,LABELED,1,1511,2025-02-25T08:34:38.000000,true,true,true
345,2025-08-27T00:00:00.000000,1516,2025-08-27T19:44:55.000000,scheduled_visit,1.5,5,2025-09-08T10:45:24.000000,1,true,true,true,true,1,LABELED,1,1516,2025-08-27T21:14:55.000Z,0,3,LABELED,1,1516,2025-08-27T19:44:55.000000,true,true,true
346,2025-05-13T00:00:00.000000,1517,2025-07-26T11:52:00.000000,scheduled_visit,0.5,1,2025-07-26T11:52:00.000000,1,true,true,true,true,1,LABELED,1,1517,2025-07-26T12:22:00.000Z,0,1,LABELED,1,1517,2025-07-26T11:52:00.000000,true,true,true
347,2026-01-05T00:00:00.000000,1518,2026-01-07T11:38:39.000000,rejected,27.4,4,2026-02-17T18:24:00.000000,0,true,true,true,true,0,LABELED,0,,,0,0,LABELED,0,,,true,true,true
348,2026-06-08T00:00:00.000000,1522,2026-06-08T10:06:56.000000,accepted,7.6,4,2026-06-20T13:14:54.000000,0,true,true,true,true,0,AMBIGUOUS,,,,2,0,CENSORED,,,,false,false,false
349,2026-05-26T00:00:00.000000,1526,2026-06-01T20:05:29.000000,accepted,16.3,1,2026-06-01T20:05:29.000000,0,true,true,true,true,0,LABELED,0,,,0,0,CENSORED,,,,true,false,false
350,2026-02-13T00:00:00.000000,1532,2026-02-15T18:26:46.000000,accepted,7.8,7,2026-03-08T11:09:00.000000,0,true,true,true,true,0,LABELED,1,1530,2026-02-20T01:11:34.000Z,1,1,LABELED,1,1527,2026-02-19T09:01:06.000000,true,true,true
351,2026-02-10T00:00:00.000000,1535,2026-02-12T08:04:46.000000,accepted,8.3,6,2026-04-21T16:23:00.000000,0,true,true,true,true,0,LABELED,0,,,0,0,LABELED,0,,,true,true,true
352,2026-06-11T00:00:00.000000,1540,2026-06-24T18:16:50.000000,rejected,16.4,1,2026-06-24T18:16:50.000000,0,true,true,false,true,0,CENSORED,,,,0,0,CENSORED,,,,false,false,false
353,2025-09-30T00:00:00.000000,1547,2025-10-01T07:07:23.000000,accepted,0.8,8,2026-03-14T07:36:00.000000,0,true,true,true,true,0,LABELED,1,1543,2025-10-03T22:40:19.000Z,0,1,LABELED,1,1543,2025-10-03T18:10:19.000000,true,true,true
354,2025-01-07T00:00:00.000000,1549,2025-01-07T18:53:15.000000,scheduled_visit,1.5,3,2026-03-18T15:01:00.000000,1,true,true,true,true,1,LABELED,1,1549,2025-01-07T20:23:15.000Z,0,1,LABELED,1,1549,2025-01-07T18:53:15.000000,true,true,true
355,2026-05-13T00:00:00.000000,1553,2026-05-15T10:50:10.000000,accepted,7.8,7,2026-06-16T19:11:00.000000,0,true,true,true,true,0,LABELED,1,1557,2026-05-21T07:25:54.000Z,0,3,LABELED,1,1557,2026-05-20T16:49:54.000000,true,true,false
356,2025-11-03T00:00:00.000000,1559,2025-11-12T08:41:25.000000,accepted,15.3,2,2026-02-13T09:00:00.000000,0,true,true,true,true,0,LABELED,0,,,0,0,LABELED,0,,,true,true,true
357,2026-06-24T00:00:00.000000,1562,2026-06-28T07:47:47.000000,no_response,1.6,5,2026-07-06T18:37:41.000000,0,true,true,false,true,0,CENSORED,,,,0,0,CENSORED,,,,false,false,false
358,2026-03-20T00:00:00.000000,1566,2026-03-27T07:23:16.000000,rejected,0.6,2,2026-03-27T08:20:37.000000,0,true,true,true,true,0,LABELED,0,,,0,0,LABELED,0,,,true,true,true
359,2026-01-27T00:00:00.000000,1569,2026-01-29T16:50:06.000000,scheduled_visit,1.3,7,2026-04-01T17:31:00.000000,1,true,true,true,true,1,LABELED,1,1569,2026-01-29T18:08:06.000Z,0,3,LABELED,1,1569,2026-01-29T16:50:06.000000,true,true,true
360,2025-08-08T00:00:00.000000,1575,2025-09-29T16:03:00.000000,rejected,4.3,1,2025-09-29T16:03:00.000000,0,true,true,true,true,0,LABELED,0,,,0,0,LABELED,0,,,true,true,true
361,2026-05-08T00:00:00.000000,1576,2026-05-17T09:45:00.000000,no_response,8.8,4,2026-06-08T18:08:00.000000,0,true,true,true,true,0,LABELED,1,1577,2026-06-09T03:50:00.000Z,0,1,LABELED,1,1577,2026-06-08T18:08:00.000000,true,true,false
362,2026-05-15T00:00:00.000000,1580,2026-05-15T20:21:01.000000,rejected,0.5,4,2026-06-06T16:21:00.000000,0,true,true,true,true,0,LABELED,1,1582,2026-06-06T18:27:00.000Z,0,1,LABELED,1,1582,2026-06-06T16:21:00.000000,true,true,false
363,2026-05-29T00:00:00.000000,1586,2026-05-29T17:08:57.000000,accepted,6.9,8,2026-06-11T14:22:22.000000,0,true,true,true,true,0,LABELED,0,,,0,0,LABELED,0,,,true,true,false
364,2025-10-22T00:00:00.000000,1594,2025-10-22T15:51:32.000000,accepted,0.8,7,2026-03-18T13:58:00.000000,0,true,true,true,true,0,LABELED,1,1598,2025-10-31T18:50:19.000Z,0,1,LABELED,1,1598,2025-10-31T17:38:19.000000,true,true,true
365,2025-11-07T00:00:00.000000,1603,2025-11-07T17:37:45.000000,no_response,3.7,5,2026-05-06T11:37:00.000000,0,true,true,true,true,0,LABELED,0,,,0,0,LABELED,0,,,true,true,true
366,2026-01-13T00:00:00.000000,1610,2026-01-13T09:15:11.000000,accepted,,7,2026-05-11T12:25:00.000000,0,true,true,true,true,0,LABELED,0,,,0,0,LABELED,0,,,true,true,true
367,2025-06-10T00:00:00.000000,1611,2025-06-21T11:18:39.000000,scheduled_visit,,6,2026-06-26T17:16:00.000000,1,true,true,true,true,1,AMBIGUOUS,,,,1,1,LABELED,1,1611,2025-06-21T11:18:39.000000,true,true,true
368,2025-03-19T00:00:00.000000,1618,2025-03-29T13:16:30.000000,accepted,0.6,2,2025-03-30T08:36:02.000000,0,true,true,true,true,0,LABELED,0,,,0,0,LABELED,0,,,true,true,true
369,2026-02-05T00:00:00.000000,1620,2026-02-05T14:45:22.000000,accepted,10.7,3,2026-02-14T09:57:20.000000,0,true,true,true,true,0,LABELED,1,1619,2026-02-09T21:42:53.000Z,0,2,LABELED,1,1619,2026-02-09T19:12:53.000000,true,true,true
370,2025-08-23T00:00:00.000000,1622,2025-08-24T16:41:42.000000,no_response,1.3,1,2025-08-24T16:41:42.000000,0,true,true,true,true,0,LABELED,0,,,0,0,LABELED,0,,,true,true,true
371,2025-04-01T00:00:00.000000,1625,2025-04-08T11:33:40.000000,rejected,32.6,8,2026-06-02T12:01:00.000000,0,true,true,true,true,0,LABELED,1,1626,2025-04-26T15:09:00.000Z,0,2,LABELED,1,1626,2025-04-26T13:57:00.000000,true,true,true
372,2026-05-30T00:00:00.000000,1634,2026-06-04T13:16:09.000000,accepted,,6,2026-06-19T20:20:00.000000,0,true,true,true,true,0,LABELED,1,1636,2026-06-07T18:50:53.000Z,0,1,CENSORED,,,,true,false,false
373,2025-07-02T00:00:00.000000,1637,2025-07-06T11:25:37.000000,scheduled_visit,5.8,3,2025-09-13T09:08:00.000000,1,true,true,true,true,1,LABELED,1,1639,2025-07-06T15:24:33.000Z,0,2,LABELED,1,1637,2025-07-06T11:25:37.000000,true,true,true
374,2025-12-03T00:00:00.000000,1641,2025-12-13T11:16:57.000000,accepted,23,2,2026-01-01T18:28:00.000000,0,true,true,true,true,0,LABELED,0,,,0,0,LABELED,0,,,true,true,true
375,2025-08-06T00:00:00.000000,1645,2025-08-06T10:00:37.000000,rejected,1.3,8,2025-09-28T09:57:00.000000,0,true,true,true,true,0,LABELED,1,1646,2025-08-09T21:03:33.000Z,0,1,LABELED,1,1646,2025-08-09T16:45:33.000000,true,true,true
376,2025-08-01T00:00:00.000000,1650,2025-08-02T19:12:04.000000,no_response,5.8,2,2026-01-29T15:30:00.000000,0,true,true,true,true,0,LABELED,0,,,0,0,LABELED,0,,,true,true,true
377,2026-04-08T00:00:00.000000,1655,2026-04-08T12:28:01.000000,rejected,22.2,7,2026-05-23T10:31:00.000000,0,true,true,true,true,0,AMBIGUOUS,,,,1,0,LABELED,1,1657,2026-04-13T18:24:43.000000,true,true,true
378,2026-03-27T00:00:00.000000,1662,2026-03-30T10:27:39.000000,accepted,2.6,6,2026-06-04T19:17:00.000000,0,true,true,true,true,0,LABELED,1,1660,2026-04-04T21:44:24.000Z,0,1,LABELED,1,1660,2026-04-04T20:02:24.000000,true,true,true
379,2025-08-25T00:00:00.000000,1666,2025-12-24T12:49:00.000000,no_response,7,2,2026-05-10T10:57:00.000000,0,true,true,true,true,0,LABELED,0,,,0,0,LABELED,0,,,true,true,true
380,2025-10-03T00:00:00.000000,1668,2025-10-08T16:58:13.000000,accepted,,2,2026-01-19T12:26:00.000000,0,true,true,true,true,0,LABELED,0,,,0,0,LABELED,0,,,true,true,true
381,2025-12-06T00:00:00.000000,1670,2025-12-08T19:15:36.000000,rejected,3.1,3,2026-06-16T08:49:00.000000,0,true,true,true,true,0,LABELED,0,,,0,0,LABELED,0,,,true,true,true
382,2025-03-02T00:00:00.000000,1672,2025-03-07T11:16:41.000000,accepted,2.4,3,2025-03-10T09:57:08.000000,0,true,true,true,true,0,LABELED,1,1674,2025-03-10T10:33:08.000Z,0,1,LABELED,1,1674,2025-03-10T09:57:08.000000,true,true,true
383,2026-04-17T00:00:00.000000,1675,2026-04-17T16:43:32.000000,no_response,4,5,2026-04-26T18:27:11.000000,0,true,true,true,true,0,LABELED,0,,,0,0,LABELED,0,,,true,true,true
384,2025-10-31T00:00:00.000000,1684,2025-11-02T12:24:21.000000,accepted,8.8,5,2026-04-09T07:57:00.000000,0,true,true,true,true,0,LABELED,0,,,0,0,LABELED,0,,,true,true,true
385,2025-03-17T00:00:00.000000,1686,2025-03-23T08:51:06.000000,accepted,0.8,7,2025-10-17T16:32:00.000000,0,true,true,true,true,0,LABELED,1,1685,2025-03-30T03:46:56.000Z,0,1,LABELED,1,1685,2025-03-29T11:40:56.000000,true,true,true
386,2026-01-05T00:00:00.000000,1692,2026-01-12T10:33:25.000000,rejected,1.7,1,2026-01-12T10:33:25.000000,0,true,true,true,true,0,LABELED,0,,,0,0,LABELED,0,,,true,true,true
387,2026-01-05T00:00:00.000000,1693,2026-01-09T12:36:30.000000,accepted,,3,2026-05-31T18:58:00.000000,0,true,true,true,true,0,LABELED,1,1695,2026-01-12T15:55:29.000Z,0,1,LABELED,1,1695,2026-01-12T09:43:29.000000,true,true,true
388,2025-12-03T00:00:00.000000,1698,2025-12-10T17:13:09.000000,rejected,13.3,4,2026-01-29T09:58:00.000000,0,true,true,true,true,0,LABELED,1,1697,2025-12-15T19:42:18.000Z,0,1,LABELED,1,1697,2025-12-14T12:54:18.000000,true,true,true
389,2026-01-04T00:00:00.000000,1700,2026-01-05T09:30:34.000000,accepted,40,5,2026-04-01T14:47:00.000000,0,true,true,true,true,0,LABELED,1,1703,2026-01-09T19:51:59.000Z,0,2,LABELED,1,1703,2026-01-08T13:15:59.000000,true,true,true
390,2026-04-06T00:00:00.000000,1709,2026-04-08T12:11:18.000000,accepted,5,7,2026-06-14T07:34:00.000000,0,true,true,true,true,0,LABELED,1,1710,2026-04-14T17:17:49.000Z,0,2,LABELED,1,1710,2026-04-14T15:59:49.000000,true,true,true
391,2025-10-28T00:00:00.000000,1713,2025-10-30T14:28:54.000000,no_response,18.5,3,2025-11-10T14:36:37.000000,0,true,true,true,true,0,LABELED,0,,,0,0,LABELED,0,,,true,true,true
392,2025-02-28T00:00:00.000000,1716,2025-03-03T11:58:54.000000,no_response,,4,2026-01-08T08:34:00.000000,0,true,true,true,true,0,LABELED,0,,,0,0,LABELED,0,,,true,true,true
393,2026-05-11T00:00:00.000000,1719,2026-05-13T09:49:16.000000,scheduled_visit,,3,2026-05-24T12:33:20.000000,1,true,true,true,true,1,LABELED,1,1720,2026-05-24T15:21:20.000Z,1,1,LABELED,1,1719,2026-05-13T09:49:16.000000,true,true,true
394,2025-09-01T00:00:00.000000,1724,2025-09-10T09:10:46.000000,rejected,34.3,3,2026-04-13T17:44:00.000000,0,true,true,true,true,0,LABELED,0,,,0,0,LABELED,0,,,true,true,true
395,2025-10-17T00:00:00.000000,1727,2025-10-19T17:12:43.000000,accepted,16,6,2026-06-13T19:38:00.000000,0,true,true,true,true,0,LABELED,0,,,0,1,LABELED,0,,,true,true,true
396,2025-06-06T00:00:00.000000,1731,2025-06-06T17:01:23.000000,accepted,26.5,6,2026-01-19T08:49:00.000000,0,true,true,true,true,0,LABELED,0,,,0,0,LABELED,0,,,true,true,true
397,2025-03-28T00:00:00.000000,1740,2025-03-31T09:41:11.000000,scheduled_visit,18,8,2026-06-08T18:03:00.000000,1,true,true,true,true,1,LABELED,1,1740,2025-04-01T03:41:11.000Z,0,2,LABELED,1,1740,2025-03-31T09:41:11.000000,true,true,true
398,2026-05-19T00:00:00.000000,1746,2026-05-21T07:11:05.000000,scheduled_visit,11.7,7,2026-06-29T14:29:00.000000,1,true,true,true,true,1,LABELED,1,1746,2026-05-21T18:53:05.000Z,0,2,LABELED,1,1746,2026-05-21T07:11:05.000000,true,true,false
399,2026-01-02T00:00:00.000000,1758,2026-01-05T16:32:04.000000,accepted,,7,2026-01-15T07:17:22.000000,0,true,true,true,true,0,LABELED,0,,,0,0,LABELED,0,,,true,true,true
400,2025-08-25T00:00:00.000000,1762,2025-08-25T09:02:47.000000,accepted,9.6,8,2026-05-24T12:37:00.000000,0,true,true,true,true,0,LABELED,0,,,0,2,LABELED,0,,,true,true,true
401,2025-08-16T00:00:00.000000,1767,2025-08-28T18:36:39.000000,rejected,3.9,2,2026-04-01T13:06:00.000000,0,true,true,true,true,0,LABELED,0,,,0,0,LABELED,0,,,true,true,true
402,2025-07-10T00:00:00.000000,1769,2025-12-03T12:05:00.000000,accepted,27.7,1,2025-12-03T12:05:00.000000,0,true,true,true,true,0,LABELED,0,,,0,0,LABELED,0,,,true,true,true
403,2026-06-26T00:00:00.000000,1770,2026-07-06T08:15:06.000000,accepted,12.2,2,2026-07-06T09:49:25.000000,0,true,false,false,false,,CENSORED,,,,0,0,CENSORED,,,,false,false,false
404,2025-06-04T00:00:00.000000,1774,2025-08-12T16:20:00.000000,scheduled_visit,7.1,3,2026-03-10T16:30:00.000000,1,true,true,true,true,1,LABELED,1,1774,2025-08-12T23:26:00.000Z,0,2,LABELED,1,1774,2025-08-12T16:20:00.000000,true,true,true
405,2026-03-20T00:00:00.000000,1777,2026-03-23T12:56:29.000000,scheduled_visit,,3,2026-03-25T13:10:38.000000,1,true,true,true,true,1,AMBIGUOUS,,,,1,0,LABELED,1,1777,2026-03-23T12:56:29.000000,true,true,true
406,2025-01-04T00:00:00.000000,1779,2025-01-12T10:13:17.000000,scheduled_visit,16,2,2025-06-21T20:04:00.000000,1,true,true,true,true,1,LABELED,1,1779,2025-01-13T02:13:17.000Z,0,1,LABELED,1,1779,2025-01-12T10:13:17.000000,true,true,true
407,2025-03-16T00:00:00.000000,1781,2025-03-19T15:07:12.000000,accepted,34.6,2,2025-03-23T17:12:33.000000,0,true,true,true,true,0,LABELED,0,,,0,0,LABELED,0,,,true,true,true
408,2025-05-07T00:00:00.000000,1783,2025-05-08T17:25:24.000000,accepted,3.3,8,2026-04-29T18:14:00.000000,0,true,true,true,true,0,LABELED,0,,,0,2,LABELED,0,,,true,true,true
409,2025-07-23T00:00:00.000000,1792,2025-07-24T16:34:35.000000,rejected,24.6,6,2026-02-17T16:07:00.000000,0,true,true,true,true,0,LABELED,0,,,0,0,LABELED,0,,,true,true,true
410,2025-09-19T00:00:00.000000,1802,2025-09-20T16:54:29.000000,no_response,6.4,8,2026-04-25T12:26:00.000000,0,true,true,true,true,0,LABELED,1,1803,2025-10-06T22:34:00.000Z,0,1,LABELED,1,1803,2025-10-06T15:28:00.000000,true,true,true
411,2025-03-27T00:00:00.000000,1807,2025-03-27T07:06:16.000000,accepted,0.5,5,2025-04-12T13:43:00.000000,0,true,true,true,true,0,LABELED,1,1804,2025-04-06T19:07:35.000Z,0,2,LABELED,1,1804,2025-04-06T15:55:35.000000,true,true,true
412,2025-07-04T00:00:00.000000,1811,2025-07-07T11:18:04.000000,accepted,3.3,5,2026-04-04T11:25:00.000000,0,true,true,true,true,0,LABELED,1,1810,2025-07-14T10:10:40.000Z,0,1,LABELED,1,1810,2025-07-14T07:16:40.000000,true,true,true
413,2026-05-09T00:00:00.000000,1814,2026-05-09T13:08:36.000000,no_response,1,2,2026-05-11T07:19:36.000000,0,true,true,true,true,0,LABELED,0,,,0,0,LABELED,0,,,true,true,true
414,2025-05-16T00:00:00.000000,1816,2025-05-22T13:25:43.000000,rejected,4,7,2026-06-26T14:01:00.000000,0,true,true,true,true,0,LABELED,0,,,0,0,LABELED,0,,,true,true,true
415,2025-01-17T00:00:00.000000,1826,2025-01-25T09:43:13.000000,accepted,,7,2026-04-23T11:00:00.000000,0,true,true,true,true,0,LABELED,0,,,0,0,LABELED,0,,,true,true,true
416,2025-03-16T00:00:00.000000,1833,2025-03-17T15:33:22.000000,scheduled_visit,15,5,2026-06-04T10:59:00.000000,1,true,true,true,true,1,LABELED,1,1833,2025-03-18T06:33:22.000Z,0,1,LABELED,1,1833,2025-03-17T15:33:22.000000,true,true,true
417,2025-08-09T00:00:00.000000,1836,2025-08-14T08:08:12.000000,no_response,10.3,5,2026-03-05T14:07:00.000000,0,true,true,true,true,0,LABELED,0,,,0,2,LABELED,0,,,true,true,true
418,2026-05-15T00:00:00.000000,1840,2026-05-18T09:01:44.000000,rejected,3.8,4,2026-05-27T09:13:01.000000,0,true,true,true,true,0,LABELED,0,,,0,0,LABELED,0,,,true,true,false
419,2025-04-23T00:00:00.000000,1847,2025-04-23T17:02:36.000000,accepted,,5,2026-04-13T14:08:00.000000,0,true,true,true,true,0,LABELED,0,,,0,0,LABELED,0,,,true,true,true
420,2025-11-17T00:00:00.000000,1850,2025-11-21T13:36:05.000000,accepted,20.1,4,2026-03-07T11:46:00.000000,0,true,true,true,true,0,LABELED,0,,,0,0,LABELED,0,,,true,true,true
421,2025-09-05T00:00:00.000000,1853,2025-09-08T12:31:37.000000,scheduled_visit,1.2,1,2025-09-08T12:31:37.000000,1,true,true,true,true,1,LABELED,1,1853,2025-09-08T13:43:37.000Z,0,1,LABELED,1,1853,2025-09-08T12:31:37.000000,true,true,true
422,2025-12-22T00:00:00.000000,1856,2025-12-22T15:29:04.000000,accepted,58.5,3,2026-05-28T09:19:00.000000,0,true,true,true,true,0,LABELED,1,1854,2026-01-01T12:38:00.000Z,0,2,LABELED,1,1854,2026-01-01T07:44:00.000000,true,true,true
423,2026-03-09T00:00:00.000000,1857,2026-03-09T15:44:42.000000,scheduled_visit,,3,2026-03-18T13:20:00.000000,1,true,true,true,true,1,AMBIGUOUS,,,,1,0,LABELED,1,1857,2026-03-09T15:44:42.000000,true,true,true
424,2025-02-03T00:00:00.000000,1864,2025-02-10T07:18:15.000000,accepted,39.3,8,2026-06-13T09:53:00.000000,0,true,true,true,true,0,LABELED,0,,,0,2,LABELED,0,,,true,true,true
425,2025-01-13T00:00:00.000000,1871,2025-03-25T07:23:00.000000,accepted,5.6,8,2026-04-20T17:17:00.000000,0,true,true,true,true,0,LABELED,0,,,0,1,LABELED,0,,,true,true,true
426,2026-04-21T00:00:00.000000,1878,2026-04-23T15:42:11.000000,no_response,,3,2026-05-03T15:41:39.000000,0,true,true,true,true,0,LABELED,0,,,0,0,LABELED,0,,,true,true,true
427,2025-05-24T00:00:00.000000,1883,2025-05-24T16:52:15.000000,rejected,14.1,8,2026-05-25T15:27:00.000000,0,true,true,true,true,0,LABELED,0,,,0,2,LABELED,0,,,true,true,true
428,2025-09-05T00:00:00.000000,1887,2025-11-23T18:04:00.000000,accepted,13.4,3,2026-04-19T13:54:00.000000,0,true,true,true,true,0,LABELED,0,,,0,0,LABELED,0,,,true,true,true
429,2026-04-02T00:00:00.000000,1890,2026-04-04T11:53:48.000000,accepted,4,2,2026-04-10T17:33:22.000000,0,true,true,true,true,0,LABELED,0,,,0,0,LABELED,0,,,true,true,true
430,2026-05-08T00:00:00.000000,1893,2026-05-14T19:24:17.000000,scheduled_visit,16.6,2,2026-05-16T10:38:45.000000,1,true,true,true,true,1,LABELED,1,1893,2026-05-15T12:00:17.000Z,0,1,LABELED,1,1893,2026-05-14T19:24:17.000000,true,true,false
431,2025-06-09T00:00:00.000000,1895,2025-06-09T12:54:29.000000,scheduled_visit,15.5,3,2025-07-25T13:27:00.000000,1,true,true,true,true,1,LABELED,1,1895,2025-06-10T04:24:29.000Z,0,1,LABELED,1,1895,2025-06-09T12:54:29.000000,true,true,true
432,2026-06-03T00:00:00.000000,1901,2026-06-03T13:33:05.000000,rejected,54.9,8,2026-06-10T20:48:49.000000,0,true,true,true,true,0,LABELED,1,1900,2026-06-06T10:01:10.000Z,0,2,CENSORED,,,,true,false,false
433,2025-06-19T00:00:00.000000,1905,2025-06-22T14:03:43.000000,accepted,50,8,2026-06-29T16:22:00.000000,0,true,true,true,true,0,LABELED,0,,,0,1,LABELED,0,,,true,true,true
434,2025-11-27T00:00:00.000000,1913,2025-11-28T20:48:52.000000,rejected,1,1,2025-11-28T20:48:52.000000,0,true,true,true,true,0,LABELED,0,,,0,0,LABELED,0,,,true,true,true
435,2025-06-04T00:00:00.000000,1916,2025-06-17T17:03:24.000000,accepted,0.5,5,2026-04-01T20:26:00.000000,0,true,true,true,true,0,LABELED,0,,,0,0,LABELED,0,,,true,true,true
436,2025-06-27T00:00:00.000000,1921,2025-07-03T09:14:38.000000,scheduled_visit,6.2,6,2026-05-11T07:52:00.000000,1,true,true,true,true,1,LABELED,1,1921,2025-07-03T15:26:38.000Z,0,2,LABELED,1,1921,2025-07-03T09:14:38.000000,true,true,true
437,2026-01-08T00:00:00.000000,1926,2026-01-15T07:45:06.000000,accepted,26,4,2026-03-03T18:48:00.000000,0,true,true,true,true,0,LABELED,1,1927,2026-01-15T10:11:25.000Z,0,1,LABELED,1,1927,2026-01-15T09:29:25.000000,true,true,true
438,2026-04-15T00:00:00.000000,1929,2026-04-22T12:07:23.000000,no_response,7.5,4,2026-04-23T07:53:00.000000,0,true,true,true,true,0,LABELED,0,,,0,0,LABELED,0,,,true,true,true
439,2026-04-29T00:00:00.000000,1934,2026-04-29T15:52:05.000000,accepted,,3,2026-05-07T14:50:01.000000,0,true,true,true,true,0,LABELED,0,,,0,0,LABELED,0,,,true,true,true
440,2025-11-20T00:00:00.000000,1937,2025-11-23T18:57:00.000000,accepted,5.1,5,2026-04-28T10:13:00.000000,0,true,true,true,true,0,LABELED,0,,,0,1,LABELED,0,,,true,true,true
441,2025-07-25T00:00:00.000000,1944,2025-07-27T07:57:37.000000,no_response,47,5,2025-09-03T12:20:00.000000,0,true,true,true,true,0,LABELED,1,1942,2025-07-29T15:04:16.000Z,0,2,LABELED,1,1942,2025-07-28T16:22:16.000000,true,true,true
442,2025-09-14T00:00:00.000000,1949,2025-09-14T09:55:40.000000,rejected,,8,2026-06-19T14:35:00.000000,0,true,true,true,true,0,LABELED,0,,,0,1,LABELED,0,,,true,true,true
443,2026-06-15T00:00:00.000000,1955,2026-06-15T20:35:24.000000,accepted,4,2,2026-06-22T08:13:48.000000,0,true,true,false,true,0,CENSORED,,,,0,0,CENSORED,,,,false,false,false
444,2025-02-21T00:00:00.000000,1958,2025-02-22T19:19:20.000000,no_response,2.5,5,2026-01-29T08:20:00.000000,0,true,true,true,true,0,LABELED,0,,,0,0,LABELED,0,,,true,true,true
445,2025-03-25T00:00:00.000000,1963,2025-03-26T14:36:55.000000,accepted,8.9,3,2026-04-11T20:42:00.000000,0,true,true,true,true,0,LABELED,0,,,0,1,LABELED,0,,,true,true,true
446,2026-02-04T00:00:00.000000,1964,2026-02-05T08:46:48.000000,accepted,16.8,3,2026-02-15T17:57:46.000000,0,true,true,true,true,0,LABELED,1,1965,2026-02-15T18:51:46.000Z,0,1,LABELED,1,1965,2026-02-15T17:57:46.000000,true,true,true
447,2026-04-21T00:00:00.000000,1974,2026-04-21T19:06:12.000000,scheduled_visit,0.8,8,2026-06-12T13:12:00.000000,1,true,true,true,true,1,LABELED,1,1974,2026-04-21T19:54:12.000Z,0,3,LABELED,1,1974,2026-04-21T19:06:12.000000,true,true,true
448,2025-06-11T00:00:00.000000,1977,2025-06-21T20:57:00.000000,accepted,2.1,3,2026-03-27T09:32:00.000000,0,true,true,true,true,0,LABELED,0,,,0,0,LABELED,0,,,true,true,true
449,2025-07-14T00:00:00.000000,1979,2025-07-19T13:59:37.000000,accepted,4.3,5,2025-09-10T08:22:00.000000,0,true,true,true,true,0,LABELED,1,1978,2025-07-26T14:41:02.000Z,0,1,LABELED,1,1978,2025-07-26T13:23:02.000000,true,true,true
450,2025-06-06T00:00:00.000000,1983,2025-06-17T19:19:50.000000,accepted,7.7,2,2026-03-02T09:30:00.000000,0,true,true,true,true,0,LABELED,0,,,0,0,LABELED,0,,,true,true,true
451,2025-04-03T00:00:00.000000,1988,2025-07-10T07:46:00.000000,accepted,,4,2026-04-16T12:12:00.000000,0,true,true,true,true,0,LABELED,1,1987,2025-08-02T13:26:00.000Z,0,1,LABELED,1,1987,2025-08-01T20:08:00.000000,true,true,true
452,2025-09-28T00:00:00.000000,1992,2025-10-05T14:07:01.000000,scheduled_visit,15.7,8,2026-06-13T16:18:00.000000,1,true,true,true,true,1,LABELED,1,1992,2025-10-06T05:49:01.000Z,0,3,LABELED,1,1992,2025-10-05T14:07:01.000000,true,true,true
453,2026-01-06T00:00:00.000000,1998,2026-01-09T14:56:20.000000,accepted,,3,2026-01-19T12:01:51.000000,0,true,true,true,true,0,LABELED,1,1999,2026-01-19T02:15:02.000Z,0,1,LABELED,1,1999,2026-01-18T10:45:02.000000,true,true,true
454,2025-09-16T00:00:00.000000,2006,2025-09-16T09:03:39.000000,no_response,7.7,8,2026-04-20T20:31:00.000000,0,true,true,true,true,0,LABELED,0,,,0,0,LABELED,0,,,true,true,true
455,2025-05-18T00:00:00.000000,2009,2025-05-23T08:46:30.000000,accepted,,7,2026-06-28T07:34:00.000000,0,true,true,true,true,0,LABELED,0,,,0,2,LABELED,0,,,true,true,true
456,2025-09-23T00:00:00.000000,2015,2025-09-24T20:04:51.000000,no_response,9.7,8,2026-04-23T12:29:00.000000,0,true,true,true,true,0,LABELED,1,2019,2025-10-03T20:37:42.000Z,0,1,LABELED,1,2019,2025-10-03T15:25:42.000000,true,true,true
457,2025-03-18T00:00:00.000000,2023,2025-07-12T16:54:00.000000,accepted,,1,2025-07-12T16:54:00.000000,0,true,true,true,true,0,LABELED,0,,,0,0,LABELED,0,,,true,true,true
458,2025-08-27T00:00:00.000000,2024,2025-08-27T11:04:45.000000,rejected,8,5,2026-03-18T20:02:00.000000,0,true,true,true,true,0,LABELED,0,,,0,0,LABELED,0,,,true,true,true
459,2025-09-25T00:00:00.000000,2035,2025-09-26T07:15:56.000000,no_response,9.1,7,2025-10-08T16:55:18.000000,0,true,true,true,true,0,LABELED,0,,,0,0,LABELED,0,,,true,true,true
460,2025-09-13T00:00:00.000000,2039,2025-09-14T11:33:27.000000,no_response,2,5,2025-09-25T19:39:33.000000,0,true,true,true,true,0,LABELED,0,,,0,0,LABELED,0,,,true,true,true
461,2025-04-07T00:00:00.000000,2047,2025-04-09T14:05:29.000000,accepted,,7,2026-05-02T20:46:00.000000,0,true,true,true,true,0,LABELED,0,,,0,1,LABELED,0,,,true,true,true
462,2025-05-21T00:00:00.000000,2049,2025-05-30T16:12:14.000000,scheduled_visit,10.4,2,2026-01-19T09:08:00.000000,1,true,true,true,true,1,LABELED,1,2049,2025-05-31T02:36:14.000Z,0,1,LABELED,1,2049,2025-05-30T16:12:14.000000,true,true,true
463,2025-10-13T00:00:00.000000,2050,2025-10-17T14:33:46.000000,accepted,0.5,4,2025-10-26T09:37:19.000000,0,true,true,true,true,0,LABELED,0,,,0,0,LABELED,0,,,true,true,true
464,2026-04-07T00:00:00.000000,2054,2026-04-15T14:20:07.000000,accepted,,1,2026-04-15T14:20:07.000000,0,true,true,true,true,0,LABELED,0,,,0,0,LABELED,0,,,true,true,true
465,2026-05-26T00:00:00.000000,2061,2026-05-26T15:01:04.000000,scheduled_visit,,7,2026-06-07T11:57:56.000000,1,true,true,true,true,1,LABELED,1,2056,2026-06-07T13:39:56.000Z,1,1,LABELED,1,2061,2026-05-26T15:01:04.000000,true,true,false
466,2025-05-05T00:00:00.000000,2062,2025-06-30T12:27:00.000000,accepted,,6,2026-05-14T14:57:00.000000,0,true,true,true,true,0,LABELED,0,,,0,2,LABELED,0,,,true,true,true
467,2025-01-03T00:00:00.000000,2070,2025-01-03T10:56:26.000000,accepted,34.3,3,2025-05-29T20:45:00.000000,0,true,true,true,true,0,LABELED,0,,,0,0,LABELED,0,,,true,true,true
468,2025-07-04T00:00:00.000000,2072,2025-10-08T19:55:00.000000,scheduled_visit,8.9,2,2025-10-25T17:57:00.000000,1,true,true,true,true,1,LABELED,1,2072,2025-10-09T04:49:00.000Z,0,1,LABELED,1,2072,2025-10-08T19:55:00.000000,true,true,true
469,2025-07-20T00:00:00.000000,2073,2025-07-27T09:45:02.000000,no_response,2.5,6,2026-02-01T16:50:00.000000,0,true,true,true,true,0,LABELED,0,,,0,0,LABELED,0,,,true,true,true
470,2025-08-26T00:00:00.000000,2079,2025-08-29T17:36:05.000000,accepted,1.1,2,2025-08-31T15:41:33.000000,0,true,true,true,true,0,LABELED,0,,,0,0,LABELED,0,,,true,true,true
471,2025-12-03T00:00:00.000000,2081,2026-03-09T12:18:00.000000,no_response,28.6,1,2026-03-09T12:18:00.000000,0,true,true,true,true,0,LABELED,0,,,0,0,LABELED,0,,,true,true,true
472,2025-05-18T00:00:00.000000,2085,2025-05-25T16:40:23.000000,accepted,,6,2026-02-16T08:54:00.000000,0,true,true,true,true,0,LABELED,1,2083,2025-05-28T13:03:49.000Z,0,2,LABELED,1,2083,2025-05-27T15:51:49.000000,true,true,true
473,2025-09-24T00:00:00.000000,2088,2025-09-28T18:28:59.000000,accepted,,2,2026-01-08T08:01:00.000000,0,true,true,true,true,0,LABELED,0,,,0,0,LABELED,0,,,true,true,true
474,2025-01-25T00:00:00.000000,2094,2025-01-26T14:30:09.000000,accepted,,7,2026-04-06T10:47:00.000000,0,true,true,true,true,0,LABELED,0,,,0,1,LABELED,0,,,true,true,true
475,2025-11-19T00:00:00.000000,2100,2025-11-21T13:17:04.000000,accepted,10.8,4,2026-04-23T13:48:00.000000,0,true,true,true,true,0,LABELED,0,,,0,0,LABELED,0,,,true,true,true
476,2025-08-17T00:00:00.000000,2106,2025-08-17T18:40:34.000000,accepted,,6,2026-06-24T07:39:00.000000,0,true,true,true,true,0,LABELED,0,,,0,0,LABELED,0,,,true,true,true
477,2025-01-13T00:00:00.000000,2107,2025-01-19T07:16:16.000000,accepted,1.7,1,2025-01-19T07:16:16.000000,0,true,true,true,true,0,LABELED,0,,,0,0,LABELED,0,,,true,true,true
478,2026-05-09T00:00:00.000000,2110,2026-05-09T10:15:36.000000,no_response,4.9,4,2026-05-22T16:39:30.000000,0,true,true,true,true,0,LABELED,0,,,0,0,LABELED,0,,,true,true,true
479,2025-10-19T00:00:00.000000,2112,2025-10-26T20:59:44.000000,rejected,,8,2026-06-29T20:08:00.000000,0,true,true,true,true,0,LABELED,0,,,0,2,LABELED,0,,,true,true,true
480,2025-04-09T00:00:00.000000,2123,2025-04-13T07:03:54.000000,accepted,16.4,8,2026-03-12T17:22:00.000000,0,true,true,true,true,0,LABELED,0,,,0,0,LABELED,0,,,true,true,true
481,2025-12-27T00:00:00.000000,2129,2025-12-28T13:57:15.000000,accepted,43.1,6,2026-06-22T12:12:00.000000,0,true,true,true,true,0,LABELED,0,,,0,0,LABELED,0,,,true,true,true
482,2026-03-28T00:00:00.000000,2135,2026-03-29T20:42:38.000000,accepted,,4,2026-04-07T11:48:02.000000,0,true,true,true,true,0,LABELED,0,,,0,0,LABELED,0,,,true,true,true
483,2025-11-24T00:00:00.000000,2142,2025-11-24T07:08:05.000000,scheduled_visit,,6,2026-03-29T14:53:00.000000,1,true,true,true,true,1,LABELED,1,2139,2025-12-04T17:52:46.000Z,1,1,LABELED,1,2142,2025-11-24T07:08:05.000000,true,true,true
484,2025-08-06T00:00:00.000000,2148,2025-08-06T16:34:47.000000,rejected,,6,2025-10-20T11:12:00.000000,0,true,true,true,true,0,LABELED,1,2149,2025-08-10T20:03:00.000Z,0,2,LABELED,1,2149,2025-08-09T07:57:00.000000,true,true,true
485,2025-01-24T00:00:00.000000,2152,2025-01-24T12:47:54.000000,scheduled_visit,,6,2025-09-12T08:23:00.000000,1,true,true,true,true,1,AMBIGUOUS,,,,1,0,LABELED,1,2152,2025-01-24T12:47:54.000000,true,true,true
486,2026-02-23T00:00:00.000000,2158,2026-02-26T11:20:35.000000,rejected,8,5,2026-03-06T09:42:47.000000,0,true,true,true,true,0,LABELED,1,2160,2026-03-03T16:18:13.000Z,0,1,LABELED,1,2160,2026-03-03T12:42:13.000000,true,true,true
487,2025-02-27T00:00:00.000000,2167,2025-03-01T14:40:43.000000,scheduled_visit,15.6,7,2026-02-21T12:01:00.000000,1,true,true,true,true,1,LABELED,1,2167,2025-03-02T06:16:43.000Z,0,2,LABELED,1,2167,2025-03-01T14:40:43.000000,true,true,true
488,2025-09-23T00:00:00.000000,2169,2025-09-26T09:10:23.000000,no_response,2.5,6,2026-01-07T12:32:00.000000,0,true,true,true,true,0,LABELED,0,,,0,0,LABELED,0,,,true,true,true
489,2026-01-11T00:00:00.000000,2174,2026-01-23T10:46:51.000000,scheduled_visit,9.1,1,2026-01-23T10:46:51.000000,1,true,true,true,true,1,LABELED,1,2174,2026-01-23T19:52:51.000Z,0,1,LABELED,1,2174,2026-01-23T10:46:51.000000,true,true,true
490,2025-04-07T00:00:00.000000,2175,2025-04-14T14:38:14.000000,no_response,12.2,1,2025-04-14T14:38:14.000000,0,true,true,true,true,0,LABELED,0,,,0,0,LABELED,0,,,true,true,true
491,2025-03-21T00:00:00.000000,2183,2025-03-22T18:19:26.000000,accepted,6.9,8,2025-08-15T18:45:00.000000,0,true,true,true,true,0,LABELED,1,2179,2025-03-25T03:24:04.000Z,0,2,LABELED,1,2179,2025-03-24T13:42:04.000000,true,true,true
492,2026-01-02T00:00:00.000000,2187,2026-01-08T10:20:17.000000,scheduled_visit,2.8,7,2026-06-04T18:53:00.000000,1,true,true,true,true,1,LABELED,1,2187,2026-01-08T13:08:17.000Z,0,2,LABELED,1,2187,2026-01-08T10:20:17.000000,true,true,true
493,2025-06-19T00:00:00.000000,2192,2025-06-22T08:57:36.000000,accepted,,8,2026-06-11T07:37:00.000000,0,true,true,true,true,0,LABELED,0,,,0,0,LABELED,0,,,true,true,true
494,2025-04-29T00:00:00.000000,2202,2025-05-01T07:52:47.000000,accepted,1.6,6,2026-03-02T09:39:00.000000,0,true,true,true,true,0,LABELED,1,2201,2025-05-16T17:34:00.000Z,0,1,LABELED,1,2201,2025-05-15T14:10:00.000000,true,true,true
495,2025-09-01T00:00:00.000000,2207,2025-09-05T20:09:39.000000,accepted,2.5,7,2026-02-05T16:15:00.000000,0,true,true,true,true,0,LABELED,1,2210,2025-09-07T20:56:17.000Z,0,1,LABELED,1,2210,2025-09-07T14:08:17.000000,true,true,true
496,2026-05-01T00:00:00.000000,2214,2026-05-04T12:15:39.000000,rejected,7.7,8,2026-06-14T09:30:00.000000,0,true,true,true,true,0,AMBIGUOUS,,,,1,0,LABELED,1,2219,2026-05-13T08:13:14.000000,true,true,true
497,2025-08-29T00:00:00.000000,2221,2025-09-03T13:35:18.000000,accepted,15.5,2,2026-01-18T10:27:00.000000,0,true,true,true,true,0,LABELED,0,,,0,0,LABELED,0,,,true,true,true
498,2025-03-21T00:00:00.000000,2222,2026-05-29T18:47:00.000000,accepted,3.9,1,2026-05-29T18:47:00.000000,0,true,true,true,true,0,LABELED,0,,,0,0,LABELED,0,,,true,true,false
499,2025-01-31T00:00:00.000000,2226,2025-01-31T12:55:32.000000,accepted,8.9,8,2026-05-22T10:40:00.000000,0,true,true,true,true,0,LABELED,0,,,0,1,LABELED,0,,,true,true,true
500,2025-10-25T00:00:00.000000,2231,2025-10-25T13:55:34.000000,no_response,0.5,1,2025-10-25T13:55:34.000000,0,true,true,true,true,0,LABELED,0,,,0,0,LABELED,0,,,true,true,true
501,2025-09-04T00:00:00.000000,2233,2025-09-08T07:01:48.000000,rejected,8.8,8,2026-06-28T17:30:00.000000,0,true,true,true,true,0,LABELED,0,,,0,1,LABELED,0,,,true,true,true
502,2025-05-01T00:00:00.000000,2240,2025-05-01T16:29:07.000000,accepted,3.9,3,2025-05-13T16:08:29.000000,0,true,true,true,true,0,LABELED,1,2241,2025-05-10T23:33:11.000Z,0,2,LABELED,1,2241,2025-05-10T08:03:11.000000,true,true,true
503,2025-08-19T00:00:00.000000,2243,2025-08-22T17:13:45.000000,accepted,,2,2025-08-27T08:42:27.000000,0,true,true,true,true,0,LABELED,0,,,0,0,LABELED,0,,,true,true,true
504,2025-12-24T00:00:00.000000,2251,2025-12-25T18:21:49.000000,accepted,4.3,8,2026-03-16T11:31:00.000000,0,true,true,true,true,0,AMBIGUOUS,,,,1,0,LABELED,1,2247,2026-01-03T11:21:42.000000,true,true,true
505,2025-06-03T00:00:00.000000,2255,2025-06-05T13:53:28.000000,no_response,3.6,3,2025-07-14T08:03:00.000000,0,true,true,true,true,0,LABELED,0,,,0,0,LABELED,0,,,true,true,true
506,2025-02-09T00:00:00.000000,2256,2025-03-28T07:16:00.000000,accepted,31.8,1,2025-03-28T07:16:00.000000,0,true,true,true,true,0,LABELED,0,,,0,0,LABELED,0,,,true,true,true
507,2025-10-10T00:00:00.000000,2257,2025-10-18T09:09:17.000000,accepted,1.7,1,2025-10-18T09:09:17.000000,0,true,true,true,true,0,LABELED,0,,,0,0,LABELED,0,,,true,true,true
508,2025-07-04T00:00:00.000000,2262,2025-07-04T08:30:22.000000,accepted,1,5,2026-02-19T20:12:00.000000,0,true,true,true,true,0,LABELED,1,2260,2025-07-08T20:23:48.000Z,0,1,LABELED,1,2260,2025-07-08T09:29:48.000000,true,true,true
509,2026-02-03T00:00:00.000000,2263,2026-02-06T17:33:25.000000,accepted,,5,2026-02-16T08:41:26.000000,0,true,true,true,true,0,LABELED,0,,,0,0,LABELED,0,,,true,true,true
510,2026-06-02T00:00:00.000000,2269,2026-06-07T07:10:54.000000,accepted,5.2,3,2026-06-11T08:14:05.000000,0,true,true,true,true,0,LABELED,1,2270,2026-06-11T14:20:05.000Z,0,1,CENSORED,,,,false,false,false
511,2026-06-26T00:00:00.000000,2271,2026-06-27T15:30:50.000000,scheduled_visit,24.7,5,2026-07-09T16:51:48.000000,1,true,true,false,true,1,CENSORED,,,,0,0,CENSORED,,,,false,false,false
512,2026-06-22T00:00:00.000000,2279,2026-06-22T10:21:36.000000,accepted,2.5,8,2026-07-05T14:51:38.000000,0,true,true,false,true,0,CENSORED,,,,0,0,CENSORED,,,,false,false,false
513,2026-06-15T00:00:00.000000,2286,2026-06-15T18:55:53.000000,accepted,,6,2026-06-26T14:48:39.000000,0,true,true,false,true,0,CENSORED,,,,0,0,CENSORED,,,,false,false,false
514,2025-01-19T00:00:00.000000,2291,2025-04-08T11:47:00.000000,accepted,8.5,4,2026-06-29T07:55:00.000000,0,true,true,true,true,0,LABELED,0,,,0,0,LABELED,0,,,true,true,true
515,2026-01-11T00:00:00.000000,2294,2026-04-06T14:40:00.000000,scheduled_visit,64.6,1,2026-04-06T14:40:00.000000,1,true,true,true,true,1,LABELED,1,2294,2026-04-09T07:16:00.000Z,0,1,LABELED,1,2294,2026-04-06T14:40:00.000000,true,true,true
516,2025-07-25T00:00:00.000000,2297,2025-08-01T08:43:01.000000,accepted,1.4,7,2026-04-23T19:57:00.000000,0,true,true,true,true,0,LABELED,0,,,0,1,LABELED,0,,,true,true,true
517,2025-05-09T00:00:00.000000,2305,2025-05-10T08:12:38.000000,accepted,30,8,2026-05-25T08:22:00.000000,0,true,true,true,true,0,LABELED,1,2304,2025-05-18T18:36:26.000Z,0,1,LABELED,1,2304,2025-05-18T16:18:26.000000,true,true,true
518,2026-06-17T00:00:00.000000,2311,2026-06-19T10:28:17.000000,rejected,5.1,8,2026-06-30T17:28:05.000000,0,true,true,false,true,0,CENSORED,,,,0,0,CENSORED,,,,false,false,false
519,2026-03-30T00:00:00.000000,2318,2026-04-09T13:57:23.000000,accepted,,2,2026-04-11T16:05:24.000000,0,true,true,true,true,0,AMBIGUOUS,,,,1,0,LABELED,1,2319,2026-04-11T16:05:24.000000,true,true,true
520,2026-06-20T00:00:00.000000,2326,2026-06-21T11:41:06.000000,accepted,6.2,8,2026-06-30T20:20:17.000000,0,true,true,false,true,0,CENSORED,,,,0,0,CENSORED,,,,false,false,false
521,2025-07-02T00:00:00.000000,2333,2025-07-04T16:41:36.000000,accepted,7.1,8,2026-02-02T09:01:00.000000,0,true,true,true,true,0,LABELED,0,,,0,0,LABELED,0,,,true,true,true
522,2025-01-03T00:00:00.000000,2341,2025-02-01T12:44:00.000000,rejected,8.8,7,2026-03-05T09:32:00.000000,0,true,true,true,true,0,LABELED,0,,,0,2,LABELED,0,,,true,true,true
523,2025-04-15T00:00:00.000000,2346,2025-04-24T11:33:55.000000,no_response,6,7,2025-11-18T11:03:00.000000,0,true,true,true,true,0,LABELED,1,2345,2025-04-26T10:10:06.000Z,0,2,LABELED,1,2345,2025-04-25T18:28:06.000000,true,true,true
524,2025-05-15T00:00:00.000000,2350,2025-05-15T13:44:12.000000,accepted,3.6,8,2026-06-29T07:23:00.000000,0,true,true,true,true,0,LABELED,0,,,0,1,LABELED,0,,,true,true,true
525,2025-06-27T00:00:00.000000,2358,2025-11-07T17:01:00.000000,scheduled_visit,6.3,1,2025-11-07T17:01:00.000000,1,true,true,true,true,1,LABELED,1,2358,2025-11-07T23:19:00.000Z,0,1,LABELED,1,2358,2025-11-07T17:01:00.000000,true,true,true
526,2026-04-02T00:00:00.000000,2359,2026-04-04T18:24:25.000000,scheduled_visit,,1,2026-04-04T18:24:25.000000,1,true,true,true,true,1,AMBIGUOUS,,,,1,0,LABELED,1,2359,2026-04-04T18:24:25.000000,true,true,true
527,2025-01-31T00:00:00.000000,2361,2025-03-21T09:44:00.000000,no_response,0.9,2,2026-02-26T11:56:00.000000,0,true,true,true,true,0,LABELED,0,,,0,1,LABELED,0,,,true,true,true
528,2025-06-09T00:00:00.000000,2365,2025-06-12T15:39:23.000000,accepted,0.5,5,2026-06-05T19:54:00.000000,0,true,true,true,true,0,LABELED,0,,,0,1,LABELED,0,,,true,true,true
529,2025-08-04T00:00:00.000000,2368,2025-08-09T10:09:30.000000,accepted,2.8,2,2026-04-05T07:46:00.000000,0,true,true,true,true,0,LABELED,0,,,0,0,LABELED,0,,,true,true,true
530,2025-02-28T00:00:00.000000,2369,2025-03-07T10:16:12.000000,rejected,3.8,2,2025-03-12T08:54:12.000000,0,true,true,true,true,0,LABELED,0,,,0,0,LABELED,0,,,true,true,true
531,2026-03-13T00:00:00.000000,2372,2026-03-15T08:04:30.000000,rejected,7.1,5,2026-04-02T09:52:00.000000,0,true,true,true,true,0,LABELED,0,,,0,0,LABELED,0,,,true,true,true
532,2025-06-05T00:00:00.000000,2376,2025-06-11T16:58:16.000000,accepted,9.5,3,2025-10-17T09:16:00.000000,0,true,true,true,true,0,LABELED,0,,,0,0,LABELED,0,,,true,true,true
533,2025-01-06T00:00:00.000000,2380,2025-02-17T07:00:00.000000,accepted,8.9,2,2025-03-16T10:05:00.000000,0,true,true,true,true,0,LABELED,1,2379,2025-03-16T11:47:00.000Z,0,1,LABELED,1,2379,2025-03-16T10:05:00.000000,true,true,true
534,2025-05-12T00:00:00.000000,2384,2025-05-16T15:25:17.000000,accepted,5.3,4,2026-04-18T15:58:00.000000,0,true,true,true,true,0,LABELED,1,2381,2025-05-25T21:37:36.000Z,0,1,LABELED,1,2381,2025-05-25T16:01:36.000000,true,true,true
535,2025-01-01T00:00:00.000000,2386,2025-01-01T10:21:59.000000,accepted,9,8,2026-03-16T12:36:00.000000,0,true,true,true,true,0,LABELED,0,,,0,0,LABELED,0,,,true,true,true
536,2025-02-09T00:00:00.000000,2398,2025-02-09T19:43:17.000000,accepted,1.4,7,2026-04-04T12:30:00.000000,0,true,true,true,true,0,LABELED,0,,,0,1,LABELED,0,,,true,true,true
537,2025-04-07T00:00:00.000000,2400,2025-06-19T10:43:00.000000,no_response,,1,2025-06-19T10:43:00.000000,0,true,true,true,true,0,LABELED,0,,,0,0,LABELED,0,,,true,true,true
538,2025-10-31T00:00:00.000000,2403,2025-11-01T20:51:21.000000,scheduled_visit,6.5,3,2026-06-23T14:31:00.000000,1,true,true,true,true,1,LABELED,1,2403,2025-11-02T03:21:21.000Z,0,1,LABELED,1,2403,2025-11-01T20:51:21.000000,true,true,true
539,2025-04-18T00:00:00.000000,2404,2025-04-20T07:21:52.000000,accepted,5.2,2,2025-08-12T11:26:00.000000,0,true,true,true,true,0,LABELED,0,,,0,1,LABELED,0,,,true,true,true
540,2025-04-28T00:00:00.000000,2406,2025-05-05T10:47:36.000000,accepted,0.5,2,2026-03-15T18:04:00.000000,0,true,true,true,true,0,LABELED,0,,,0,0,LABELED,0,,,true,true,true
541,2025-12-18T00:00:00.000000,2408,2025-12-18T09:00:31.000000,accepted,3.5,3,2025-12-30T14:45:38.000000,0,true,true,true,true,0,LABELED,0,,,0,0,LABELED,0,,,true,true,true
542,2025-07-19T00:00:00.000000,2411,2025-07-19T08:39:18.000000,accepted,3.1,8,2026-06-07T15:18:00.000000,0,true,true,true,true,0,LABELED,0,,,0,1,LABELED,0,,,true,true,true
543,2025-03-28T00:00:00.000000,2420,2025-04-05T17:17:16.000000,accepted,1.5,8,2026-06-19T07:56:00.000000,0,true,true,true,true,0,LABELED,0,,,0,1,LABELED,0,,,true,true,true
544,2026-06-12T00:00:00.000000,2428,2026-06-15T12:08:49.000000,scheduled_visit,15.1,5,2026-06-25T10:36:48.000000,1,true,true,false,true,1,CENSORED,,,,0,0,CENSORED,,,,false,false,false
545,2025-08-06T00:00:00.000000,2436,2025-08-09T10:35:52.000000,scheduled_visit,2,7,2026-06-18T07:44:00.000000,1,true,true,true,true,1,LABELED,1,2436,2025-08-09T12:35:52.000Z,0,2,LABELED,1,2436,2025-08-09T10:35:52.000000,true,true,true
546,2025-10-17T00:00:00.000000,2444,2025-10-24T09:42:06.000000,no_response,8.2,8,2026-06-04T20:59:00.000000,0,true,true,true,true,0,LABELED,1,2443,2025-10-29T23:23:31.000Z,0,1,LABELED,1,2443,2025-10-28T14:41:31.000000,true,true,true
547,2025-12-15T00:00:00.000000,2447,2025-12-17T11:03:12.000000,rejected,12,5,2026-02-17T20:54:00.000000,0,true,true,true,true,0,LABELED,0,,,0,1,LABELED,0,,,true,true,true
548,2025-02-03T00:00:00.000000,2453,2025-02-08T10:03:01.000000,accepted,16.4,7,2026-05-28T13:28:00.000000,0,true,true,true,true,0,LABELED,1,2456,2025-02-11T09:39:47.000Z,0,2,LABELED,1,2456,2025-02-11T09:09:47.000000,true,true,true
549,2025-05-13T00:00:00.000000,2462,2025-05-23T14:05:27.000000,accepted,2.4,4,2026-04-27T19:25:00.000000,0,true,true,true,true,0,LABELED,0,,,0,0,LABELED,0,,,true,true,true
550,2026-03-20T00:00:00.000000,2470,2026-03-23T14:41:45.000000,accepted,1.9,8,2026-06-09T11:23:00.000000,0,true,true,true,true,0,LABELED,1,2468,2026-03-27T17:07:33.000Z,0,1,LABELED,1,2468,2026-03-27T10:07:33.000000,true,true,true
551,2025-04-03T00:00:00.000000,2475,2025-04-06T11:06:17.000000,accepted,10.9,8,2026-06-05T16:19:00.000000,0,true,true,true,true,0,LABELED,1,2471,2025-04-16T23:56:19.000Z,0,1,LABELED,1,2471,2025-04-16T18:26:19.000000,true,true,true
552,2025-05-01T00:00:00.000000,2484,2025-05-05T11:15:46.000000,rejected,14.7,7,2025-10-21T17:12:00.000000,0,true,true,true,true,0,LABELED,1,2481,2025-05-10T02:37:56.000Z,1,2,LABELED,1,2481,2025-05-09T11:19:56.000000,true,true,true
553,2026-04-30T00:00:00.000000,2488,2026-05-02T09:42:37.000000,accepted,,5,2026-05-10T13:45:39.000000,0,true,true,true,true,0,LABELED,1,2490,2026-05-06T09:44:49.000Z,0,1,LABELED,1,2490,2026-05-02T19:44:49.000000,true,true,true
554,2025-04-23T00:00:00.000000,2494,2025-04-24T10:11:13.000000,scheduled_visit,0.5,8,2026-06-04T12:05:00.000000,1,true,true,true,true,1,LABELED,1,2494,2025-04-24T10:41:13.000Z,0,1,LABELED,1,2494,2025-04-24T10:11:13.000000,true,true,true
555,2025-04-30T00:00:00.000000,2501,2025-04-30T13:50:31.000000,scheduled_visit,,6,2026-01-22T12:21:00.000000,1,true,true,true,true,1,AMBIGUOUS,,,,1,0,LABELED,1,2501,2025-04-30T13:50:31.000000,true,true,true
556,2026-06-24T00:00:00.000000,2507,2026-06-24T16:07:01.000000,no_response,2.5,6,2026-07-07T11:36:15.000000,0,true,true,false,true,0,CENSORED,,,,0,0,CENSORED,,,,false,false,false
557,2026-05-03T00:00:00.000000,2515,2026-05-08T19:11:29.000000,scheduled_visit,54.3,7,2026-05-16T20:08:40.000000,1,true,true,true,true,1,LABELED,1,2515,2026-05-11T01:29:29.000Z,0,2,LABELED,1,2515,2026-05-08T19:11:29.000000,true,true,true
558,2025-07-07T00:00:00.000000,2520,2025-07-12T12:51:33.000000,accepted,11.3,7,2026-01-20T14:46:00.000000,0,true,true,true,true,0,LABELED,1,2522,2025-07-15T12:04:28.000Z,0,2,LABELED,1,2522,2025-07-15T09:46:28.000000,true,true,true
559,2026-06-02T00:00:00.000000,2528,2026-06-06T08:34:25.000000,scheduled_visit,3,7,2026-06-15T15:32:40.000000,1,true,true,true,true,1,LABELED,1,2528,2026-06-06T11:34:25.000Z,0,3,CENSORED,,,,true,false,false
560,2025-12-28T00:00:00.000000,2534,2026-01-01T13:24:20.000000,scheduled_visit,11.5,6,2026-04-29T19:23:00.000000,1,true,true,true,true,1,LABELED,1,2534,2026-01-02T00:54:20.000Z,0,2,LABELED,1,2534,2026-01-01T13:24:20.000000,true,true,true
561,2026-05-22T00:00:00.000000,2540,2026-05-23T19:39:28.000000,accepted,9.8,7,2026-06-04T14:50:15.000000,0,true,true,true,true,0,LABELED,1,2541,2026-05-28T21:39:28.000Z,0,1,LABELED,1,2541,2026-05-27T15:51:28.000000,true,true,false
562,2025-05-13T00:00:00.000000,2547,2025-05-24T12:29:27.000000,accepted,,3,2026-04-12T09:21:00.000000,0,true,true,true,true,0,LABELED,0,,,0,0,LABELED,0,,,true,true,true
563,2025-09-21T00:00:00.000000,2552,2025-09-21T18:46:05.000000,rejected,3.8,5,2025-12-13T11:45:00.000000,0,true,true,true,true,0,LABELED,1,2548,2025-09-29T08:43:16.000Z,0,1,LABELED,1,2548,2025-09-28T15:19:16.000000,true,true,true
564,2025-05-28T00:00:00.000000,2554,2025-05-29T20:58:39.000000,scheduled_visit,6.4,6,2026-04-11T16:21:00.000000,1,true,true,true,true,1,LABELED,1,2554,2025-05-30T03:22:39.000Z,0,2,LABELED,1,2554,2025-05-29T20:58:39.000000,true,true,true
565,2026-01-29T00:00:00.000000,2561,2026-01-29T18:12:50.000000,rejected,17.2,5,2026-06-07T17:31:00.000000,0,true,true,true,true,0,LABELED,0,,,0,0,LABELED,0,,,true,true,true
566,2026-02-04T00:00:00.000000,2566,2026-02-08T18:54:20.000000,rejected,9.4,5,2026-06-08T15:16:00.000000,0,true,true,true,true,0,LABELED,0,,,0,0,LABELED,0,,,true,true,true
567,2025-05-15T00:00:00.000000,2569,2025-05-22T18:43:43.000000,accepted,5.1,1,2025-05-22T18:43:43.000000,0,true,true,true,true,0,LABELED,0,,,0,0,LABELED,0,,,true,true,true
568,2026-03-18T00:00:00.000000,2573,2026-03-19T11:00:21.000000,scheduled_visit,9,8,2026-03-28T16:16:59.000000,1,true,true,true,true,1,LABELED,1,2573,2026-03-19T20:00:21.000Z,0,1,LABELED,1,2573,2026-03-19T11:00:21.000000,true,true,true
569,2025-02-05T00:00:00.000000,2583,2025-05-18T07:01:00.000000,no_response,0.7,6,2026-04-21T11:28:00.000000,0,true,true,true,true,0,LABELED,0,,,0,2,LABELED,0,,,true,true,true
570,2025-04-30T00:00:00.000000,2587,2025-05-03T18:46:59.000000,no_response,19.6,5,2026-05-18T14:15:00.000000,0,true,true,true,true,0,LABELED,0,,,0,0,LABELED,0,,,true,true,true
571,2025-10-10T00:00:00.000000,2590,2025-10-17T18:57:51.000000,accepted,3.5,3,2025-11-06T13:01:00.000000,0,true,true,true,true,0,LABELED,0,,,0,0,LABELED,0,,,true,true,true
572,2025-06-13T00:00:00.000000,2593,2025-06-15T13:43:29.000000,accepted,24.8,3,2025-06-24T09:22:21.000000,0,true,true,true,true,0,LABELED,1,2592,2025-06-17T18:23:17.000Z,0,1,LABELED,1,2592,2025-06-17T10:05:17.000000,true,true,true
573,2025-02-25T00:00:00.000000,2595,2025-09-04T13:30:00.000000,accepted,13.2,1,2025-09-04T13:30:00.000000,0,true,true,true,true,0,LABELED,0,,,0,0,LABELED,0,,,true,true,true
574,2025-11-27T00:00:00.000000,2596,2025-12-07T11:47:54.000000,no_response,5.1,1,2025-12-07T11:47:54.000000,0,true,true,true,true,0,LABELED,0,,,0,0,LABELED,0,,,true,true,true
575,2026-03-02T00:00:00.000000,2597,2026-03-03T15:56:36.000000,scheduled_visit,11,2,2026-03-06T20:29:12.000000,1,true,true,true,true,1,LABELED,1,2597,2026-03-04T02:56:36.000Z,0,1,LABELED,1,2597,2026-03-03T15:56:36.000000,true,true,true
576,2026-02-24T00:00:00.000000,2599,2026-02-24T19:31:55.000000,accepted,5.7,2,2026-03-08T15:26:43.000000,0,true,true,true,true,0,AMBIGUOUS,,,,1,0,LABELED,1,2600,2026-03-08T15:26:43.000000,true,true,true
577,2025-10-04T00:00:00.000000,2601,2025-10-08T11:51:27.000000,accepted,,4,2025-10-17T08:03:41.000000,0,true,true,true,true,0,LABELED,0,,,0,0,LABELED,0,,,true,true,true
578,2025-09-20T00:00:00.000000,2605,2025-09-21T16:12:53.000000,scheduled_visit,25,2,2025-10-03T20:22:00.000000,1,true,true,true,true,1,LABELED,1,2605,2025-09-22T17:12:53.000Z,0,2,LABELED,1,2605,2025-09-21T16:12:53.000000,true,true,true
579,2025-02-04T00:00:00.000000,2608,2026-03-05T13:35:00.000000,accepted,42,2,2026-04-09T07:32:00.000000,0,true,true,true,true,0,LABELED,0,,,0,0,LABELED,0,,,true,true,true
580,2026-04-24T00:00:00.000000,2609,2026-04-26T13:20:09.000000,rejected,8,8,2026-05-07T14:25:51.000000,0,true,true,true,true,0,LABELED,0,,,0,0,LABELED,0,,,true,true,true
581,2026-01-28T00:00:00.000000,2621,2026-01-28T07:59:20.000000,no_response,4.1,7,2026-05-12T16:24:00.000000,0,true,true,true,true,0,LABELED,1,2617,2026-02-01T20:11:16.000Z,0,2,LABELED,1,2617,2026-02-01T12:41:16.000000,true,true,true
582,2025-07-11T00:00:00.000000,2627,2025-07-13T13:06:50.000000,accepted,6.4,6,2026-04-01T09:52:00.000000,0,true,true,true,true,0,LABELED,0,,,0,0,LABELED,0,,,true,true,true
583,2025-09-23T00:00:00.000000,2633,2025-09-26T13:54:03.000000,rejected,1.6,5,2026-03-16T07:09:00.000000,0,true,true,true,true,0,LABELED,1,2634,2025-09-28T15:02:15.000Z,0,1,LABELED,1,2634,2025-09-28T11:20:15.000000,true,true,true
584,2025-10-21T00:00:00.000000,2635,2025-10-25T08:24:00.000000,no_response,,1,2025-10-25T08:24:00.000000,0,true,true,true,true,0,LABELED,0,,,0,0,LABELED,0,,,true,true,true
585,2025-09-10T00:00:00.000000,2638,2025-09-13T11:19:10.000000,no_response,4.6,7,2026-06-30T19:15:00.000000,0,true,true,true,true,0,LABELED,0,,,0,0,LABELED,0,,,true,true,true
586,2025-05-29T00:00:00.000000,2643,2025-06-06T13:43:50.000000,accepted,0.6,2,2025-12-05T17:10:00.000000,0,true,true,true,true,0,LABELED,0,,,0,0,LABELED,0,,,true,true,true
587,2025-11-04T00:00:00.000000,2648,2025-11-06T09:22:13.000000,no_response,1.3,8,2026-02-21T19:27:00.000000,0,true,true,true,true,0,AMBIGUOUS,,,,1,0,LABELED,1,2650,2025-11-16T18:41:38.000000,true,true,true
588,2025-05-04T00:00:00.000000,2654,2025-05-08T17:04:40.000000,accepted,9.4,6,2026-03-09T10:05:00.000000,0,true,true,true,true,0,LABELED,0,,,0,1,LABELED,0,,,true,true,true
589,2026-03-06T00:00:00.000000,2661,2026-03-11T12:59:28.000000,rejected,2.7,3,2026-04-03T13:14:00.000000,0,true,true,true,true,0,LABELED,1,2659,2026-04-03T19:56:00.000Z,0,1,LABELED,1,2659,2026-04-03T13:14:00.000000,true,true,true
590,2026-05-25T00:00:00.000000,2662,2026-05-26T13:55:57.000000,accepted,26.4,1,2026-05-26T13:55:57.000000,0,true,true,true,true,0,LABELED,0,,,0,0,LABELED,0,,,true,true,false
591,2025-03-18T00:00:00.000000,2667,2025-03-20T14:37:29.000000,accepted,3.1,7,2026-03-13T09:27:00.000000,0,true,true,true,true,0,LABELED,0,,,0,0,LABELED,0,,,true,true,true
592,2025-01-20T00:00:00.000000,2672,2025-02-02T19:31:54.000000,rejected,12.6,4,2026-05-08T15:01:00.000000,0,true,true,true,true,0,LABELED,0,,,0,2,LABELED,0,,,true,true,true
593,2025-03-03T00:00:00.000000,2676,2025-03-06T09:06:32.000000,accepted,,8,2026-02-15T16:33:00.000000,0,true,true,true,true,0,LABELED,0,,,0,2,LABELED,0,,,true,true,true
594,2025-08-08T00:00:00.000000,2684,2025-08-08T15:28:24.000000,rejected,0.6,7,2026-04-25T19:11:00.000000,0,true,true,true,true,0,LABELED,0,,,0,2,LABELED,0,,,true,true,true
595,2025-04-04T00:00:00.000000,2691,2025-04-05T10:40:26.000000,no_response,3.5,7,2026-04-05T16:56:00.000000,0,true,true,true,true,0,LABELED,0,,,0,1,LABELED,0,,,true,true,true
596,2025-12-05T00:00:00.000000,2699,2025-12-09T08:45:25.000000,rejected,5,5,2026-05-23T14:58:00.000000,0,true,true,true,true,0,LABELED,0,,,0,1,LABELED,0,,,true,true,true
597,2025-06-16T00:00:00.000000,2703,2025-06-24T18:29:35.000000,rejected,7.8,7,2026-04-13T11:08:00.000000,0,true,true,true,true,0,LABELED,0,,,0,2,LABELED,0,,,true,true,true
598,2026-06-22T00:00:00.000000,2708,2026-06-24T14:51:22.000000,scheduled_visit,,3,2026-07-01T19:00:01.000000,1,true,true,false,true,1,CENSORED,,,,0,0,CENSORED,,,,false,false,false
599,2026-02-14T00:00:00.000000,2711,2026-02-15T09:45:48.000000,accepted,4.5,4,2026-05-29T13:30:00.000000,0,true,true,true,true,0,LABELED,0,,,0,0,LABELED,0,,,true,true,true
600,2025-08-08T00:00:00.000000,2718,2025-08-15T12:13:48.000000,accepted,14,6,2026-02-15T16:43:00.000000,0,true,true,true,true,0,LABELED,0,,,0,1,LABELED,0,,,true,true,true
601,2025-11-21T00:00:00.000000,2723,2025-11-27T08:21:28.000000,scheduled_visit,14.7,4,2026-03-17T17:04:00.000000,1,true,true,true,true,1,LABELED,1,2723,2025-11-27T23:03:28.000Z,0,1,LABELED,1,2723,2025-11-27T08:21:28.000000,true,true,true
602,2025-11-19T00:00:00.000000,2727,2026-02-27T14:36:00.000000,accepted,12.6,3,2026-04-21T16:36:00.000000,0,true,true,true,true,0,LABELED,0,,,0,0,LABELED,0,,,true,true,true
603,2025-02-04T00:00:00.000000,2730,2025-02-10T14:39:58.000000,accepted,21.8,4,2026-03-10T14:13:00.000000,0,true,true,true,true,0,LABELED,1,2728,2025-02-14T23:32:19.000Z,0,1,LABELED,1,2728,2025-02-14T17:08:19.000000,true,true,true
604,2025-10-02T00:00:00.000000,2733,2025-10-07T19:44:39.000000,rejected,10.3,2,2025-10-14T17:29:39.000000,0,true,true,true,true,0,LABELED,0,,,0,0,LABELED,0,,,true,true,true
605,2026-03-25T00:00:00.000000,2734,2026-03-31T11:48:58.000000,accepted,41.9,2,2026-06-01T19:56:00.000000,0,true,true,true,true,0,LABELED,0,,,0,0,LABELED,0,,,true,true,true
606,2025-03-05T00:00:00.000000,2736,2025-03-10T11:05:23.000000,no_response,13.4,3,2025-03-17T12:28:28.000000,0,true,true,true,true,0,LABELED,1,2737,2025-03-15T01:42:02.000Z,0,2,LABELED,1,2737,2025-03-14T17:06:02.000000,true,true,true
607,2025-01-25T00:00:00.000000,2740,2025-05-31T16:49:00.000000,scheduled_visit,8.6,3,2026-05-23T08:06:00.000000,1,true,true,true,true,1,LABELED,1,2740,2025-06-01T01:25:00.000Z,0,3,LABELED,1,2740,2025-05-31T16:49:00.000000,true,true,true
608,2025-05-15T00:00:00.000000,2742,2025-05-16T18:22:14.000000,accepted,15.4,4,2026-01-02T10:09:00.000000,0,true,true,true,true,0,AMBIGUOUS,,,,1,0,LABELED,1,2744,2025-05-23T16:20:02.000000,true,true,true
609,2025-04-23T00:00:00.000000,2746,2025-09-30T08:00:00.000000,no_response,49.9,1,2025-09-30T08:00:00.000000,0,true,true,true,true,0,LABELED,0,,,0,0,LABELED,0,,,true,true,true
610,2025-08-12T00:00:00.000000,2747,2025-08-12T08:03:27.000000,no_response,7.3,4,2026-06-18T10:57:00.000000,0,true,true,true,true,0,LABELED,1,2750,2025-08-26T20:43:35.000Z,0,1,LABELED,1,2750,2025-08-25T12:19:35.000000,true,true,true
611,2026-04-30T00:00:00.000000,2751,2026-05-02T12:21:48.000000,scheduled_visit,10.5,1,2026-05-02T12:21:48.000000,1,true,true,true,true,1,LABELED,1,2751,2026-05-02T22:51:48.000Z,0,1,LABELED,1,2751,2026-05-02T12:21:48.000000,true,true,true
612,2025-11-02T00:00:00.000000,2754,2025-11-02T08:02:25.000000,scheduled_visit,4,4,2026-04-03T13:12:00.000000,1,true,true,true,true,1,LABELED,1,2754,2025-11-02T12:02:25.000Z,0,1,LABELED,1,2754,2025-11-02T08:02:25.000000,true,true,true
613,2025-07-10T00:00:00.000000,2756,2025-07-17T14:55:14.000000,accepted,21.3,4,2026-04-25T17:45:00.000000,0,true,true,true,true,0,LABELED,0,,,0,1,LABELED,0,,,true,true,true
614,2025-12-09T00:00:00.000000,2761,2025-12-14T18:43:57.000000,accepted,,5,2026-05-07T09:44:00.000000,0,true,true,true,true,0,LABELED,1,2763,2025-12-16T01:15:26.000Z,0,1,LABELED,1,2763,2025-12-15T11:39:26.000000,true,true,true
615,2025-07-05T00:00:00.000000,2769,2025-07-08T18:37:21.000000,rejected,36.6,8,2025-12-21T08:47:00.000000,0,true,true,true,true,0,AMBIGUOUS,,,,1,1,LABELED,1,2772,2025-07-08T19:33:14.000000,true,true,true
616,2026-02-25T00:00:00.000000,2773,2026-03-01T14:59:40.000000,accepted,19.1,1,2026-03-01T14:59:40.000000,0,true,true,true,true,0,LABELED,0,,,0,0,LABELED,0,,,true,true,true
617,2025-04-14T00:00:00.000000,2774,2025-10-10T19:55:00.000000,accepted,16.6,1,2025-10-10T19:55:00.000000,0,true,true,true,true,0,LABELED,0,,,0,0,LABELED,0,,,true,true,true
618,2025-09-08T00:00:00.000000,2776,2025-09-11T11:53:52.000000,scheduled_visit,43.9,7,2026-01-21T17:03:00.000000,1,true,true,true,true,1,LABELED,1,2776,2025-09-13T07:47:52.000Z,0,4,LABELED,1,2776,2025-09-11T11:53:52.000000,true,true,true
619,2025-04-08T00:00:00.000000,2783,2025-04-08T17:20:59.000000,no_response,1.2,8,2026-05-27T08:07:00.000000,0,true,true,true,true,0,LABELED,0,,,0,1,LABELED,0,,,true,true,true
620,2026-06-13T00:00:00.000000,2791,2026-06-15T13:16:19.000000,no_response,6.6,4,2026-06-24T17:25:44.000000,0,true,true,false,true,0,CENSORED,,,,0,0,CENSORED,,,,false,false,false
621,2025-01-17T00:00:00.000000,2795,2025-01-18T07:37:20.000000,accepted,39.8,8,2025-12-16T13:20:00.000000,0,true,true,true,true,0,LABELED,1,2796,2025-01-19T01:55:52.000Z,0,2,LABELED,1,2796,2025-01-18T08:49:52.000000,true,true,true
622,2025-05-05T00:00:00.000000,2805,2025-05-06T17:44:52.000000,accepted,2.7,5,2026-06-17T19:42:00.000000,0,true,true,true,true,0,LABELED,0,,,0,0,LABELED,0,,,true,true,true
623,2026-04-09T00:00:00.000000,2808,2026-04-10T10:09:23.000000,accepted,8,2,2026-04-21T18:21:51.000000,0,true,true,true,true,0,LABELED,0,,,0,0,LABELED,0,,,true,true,true
624,2025-04-21T00:00:00.000000,2809,2025-05-01T19:23:42.000000,scheduled_visit,,1,2025-05-01T19:23:42.000000,1,true,true,true,true,1,AMBIGUOUS,,,,1,0,LABELED,1,2809,2025-05-01T19:23:42.000000,true,true,true
625,2026-02-03T00:00:00.000000,2813,2026-02-07T12:38:41.000000,scheduled_visit,5,8,2026-06-08T13:26:00.000000,1,true,true,true,true,1,LABELED,1,2813,2026-02-07T17:38:41.000Z,0,2,LABELED,1,2813,2026-02-07T12:38:41.000000,true,true,true
626,2025-08-19T00:00:00.000000,2821,2025-08-19T14:25:21.000000,accepted,21.2,8,2026-06-08T12:52:00.000000,0,true,true,true,true,0,LABELED,1,2823,2025-08-28T04:47:07.000Z,0,1,LABELED,1,2823,2025-08-27T13:35:07.000000,true,true,true
627,2025-07-25T00:00:00.000000,2831,2025-07-25T10:15:31.000000,accepted,10.9,7,2025-10-04T16:37:00.000000,0,true,true,true,true,0,LABELED,1,2827,2025-07-30T00:09:06.000Z,0,2,LABELED,1,2827,2025-07-29T18:21:06.000000,true,true,true
628,2025-02-11T00:00:00.000000,2836,2025-02-22T09:58:48.000000,no_response,30,5,2025-07-30T10:54:00.000000,0,true,true,true,true,0,LABELED,0,,,0,1,LABELED,0,,,true,true,true
629,2026-02-17T00:00:00.000000,2838,2026-02-22T07:46:33.000000,accepted,,7,2026-06-05T11:18:00.000000,0,true,true,true,true,0,LABELED,1,2841,2026-02-23T12:45:11.000Z,0,2,LABELED,1,2841,2026-02-23T10:51:11.000000,true,true,true
630,2025-12-08T00:00:00.000000,2849,2025-12-10T20:59:35.000000,accepted,11.2,6,2026-05-11T12:49:00.000000,0,true,true,true,true,0,LABELED,0,,,0,0,LABELED,0,,,true,true,true
631,2025-06-04T00:00:00.000000,2851,2025-06-09T13:58:12.000000,rejected,,7,2026-05-22T08:08:00.000000,0,true,true,true,true,0,LABELED,1,2854,2025-06-14T16:21:43.000Z,0,1,LABELED,1,2854,2025-06-14T15:03:43.000000,true,true,true
632,2025-08-29T00:00:00.000000,2858,2025-08-30T15:56:59.000000,no_response,1.7,5,2026-03-24T19:02:00.000000,0,true,true,true,true,0,LABELED,0,,,0,1,LABELED,0,,,true,true,true
633,2025-07-07T00:00:00.000000,2865,2025-07-07T18:00:10.000000,accepted,0.7,8,2026-03-04T14:54:00.000000,0,true,true,true,true,0,LABELED,0,,,0,0,LABELED,0,,,true,true,true
634,2025-07-07T00:00:00.000000,2871,2025-07-10T07:11:34.000000,accepted,9.8,5,2026-05-08T19:17:00.000000,0,true,true,true,true,0,LABELED,0,,,0,1,LABELED,0,,,true,true,true
635,2026-04-28T00:00:00.000000,2881,2026-04-28T07:41:29.000000,rejected,5.1,7,2026-05-08T13:36:03.000000,0,true,true,true,true,0,LABELED,1,2880,2026-05-02T02:51:16.000Z,0,1,LABELED,1,2880,2026-05-01T09:15:16.000000,true,true,true
636,2026-02-03T00:00:00.000000,2887,2026-02-05T08:31:19.000000,accepted,,8,2026-06-08T18:40:00.000000,0,true,true,true,true,0,AMBIGUOUS,,,,2,0,LABELED,1,2883,2026-02-07T17:24:40.000000,true,true,true
637,2025-05-02T00:00:00.000000,2893,2025-05-04T13:32:36.000000,accepted,5.5,5,2025-08-16T12:10:00.000000,0,true,true,true,true,0,LABELED,1,2892,2025-05-09T17:11:24.000Z,0,1,LABELED,1,2892,2025-05-09T14:11:24.000000,true,true,true
638,2026-03-26T00:00:00.000000,2896,2026-04-02T18:03:12.000000,accepted,5.4,2,2026-04-03T12:48:38.000000,0,true,true,true,true,0,LABELED,0,,,0,0,LABELED,0,,,true,true,true
639,2026-04-12T00:00:00.000000,2900,2026-04-15T10:29:36.000000,scheduled_visit,6.3,7,2026-04-24T08:05:21.000000,1,true,true,true,true,1,LABELED,1,2900,2026-04-15T16:47:36.000Z,0,3,LABELED,1,2900,2026-04-15T10:29:36.000000,true,true,true
640,2025-03-12T00:00:00.000000,2906,2025-03-15T08:33:58.000000,scheduled_visit,1.2,7,2025-10-11T08:08:00.000000,1,true,true,true,true,1,LABELED,1,2906,2025-03-15T09:45:58.000Z,0,1,LABELED,1,2906,2025-03-15T08:33:58.000000,true,true,true
641,2025-05-15T00:00:00.000000,2918,2025-05-23T17:41:15.000000,accepted,3.7,7,2026-05-31T07:01:00.000000,0,true,true,true,true,0,AMBIGUOUS,,,,1,0,LABELED,1,2912,2025-05-24T20:01:49.000000,true,true,true
642,2026-05-15T00:00:00.000000,2919,2026-05-15T18:25:44.000000,no_response,21.6,1,2026-05-15T18:25:44.000000,0,true,true,true,true,0,LABELED,0,,,0,0,LABELED,0,,,true,true,false
643,2026-05-13T00:00:00.000000,2924,2026-05-14T07:57:52.000000,no_response,,5,2026-05-25T18:46:03.000000,0,true,true,true,true,0,LABELED,1,2921,2026-05-20T18:59:02.000Z,1,1,LABELED,1,2921,2026-05-20T11:11:02.000000,true,true,true
644,2025-02-25T00:00:00.000000,2925,2025-08-18T09:36:00.000000,accepted,10.5,1,2025-08-18T09:36:00.000000,0,true,true,true,true,0,LABELED,0,,,0,0,LABELED,0,,,true,true,true
645,2025-05-05T00:00:00.000000,2928,2025-05-06T10:37:04.000000,accepted,,3,2025-07-07T18:23:00.000000,0,true,true,true,true,0,LABELED,0,,,0,0,LABELED,0,,,true,true,true
646,2025-11-05T00:00:00.000000,2931,2025-11-05T09:00:54.000000,rejected,11.3,5,2026-05-23T12:32:00.000000,0,true,true,true,true,0,LABELED,0,,,0,0,LABELED,0,,,true,true,true
647,2025-06-09T00:00:00.000000,2935,2025-06-21T16:51:04.000000,accepted,14.3,2,2026-06-08T14:32:00.000000,0,true,true,true,true,0,LABELED,0,,,0,0,LABELED,0,,,true,true,true
648,2025-03-10T00:00:00.000000,2937,2025-07-05T15:59:00.000000,accepted,27.5,3,2025-12-05T09:58:00.000000,0,true,true,true,true,0,LABELED,0,,,0,0,LABELED,0,,,true,true,true
649,2025-10-29T00:00:00.000000,2940,2025-11-03T11:53:18.000000,scheduled_visit,1.7,2,2025-11-10T11:44:41.000000,1,true,true,true,true,1,LABELED,1,2940,2025-11-03T13:35:18.000Z,0,1,LABELED,1,2940,2025-11-03T11:53:18.000000,true,true,true
650,2025-08-11T00:00:00.000000,2945,2025-08-21T16:14:02.000000,accepted,,5,2026-02-14T14:25:00.000000,0,true,true,true,true,0,LABELED,1,2941,2025-08-23T12:44:36.000Z,0,1,LABELED,1,2941,2025-08-22T13:32:36.000000,true,true,true
651,2025-04-20T00:00:00.000000,2946,2025-07-22T16:49:00.000000,accepted,5.9,1,2025-07-22T16:49:00.000000,0,true,true,true,true,0,LABELED,0,,,0,0,LABELED,0,,,true,true,true
652,2025-05-30T00:00:00.000000,2947,2025-06-10T19:47:09.000000,accepted,1.9,2,2026-02-01T09:41:00.000000,0,true,true,true,true,0,LABELED,0,,,0,0,LABELED,0,,,true,true,true
653,2025-01-14T00:00:00.000000,2953,2025-01-17T13:38:23.000000,accepted,4.3,8,2026-04-05T15:34:00.000000,0,true,true,true,true,0,LABELED,0,,,0,2,LABELED,0,,,true,true,true
654,2026-05-19T00:00:00.000000,2959,2026-05-20T18:57:45.000000,rejected,38.3,5,2026-05-28T17:36:49.000000,0,true,true,true,true,0,LABELED,1,2961,2026-05-25T11:51:32.000Z,0,2,LABELED,1,2961,2026-05-25T10:33:32.000000,true,true,false
655,2025-06-13T00:00:00.000000,2969,2025-06-13T08:06:02.000000,accepted,2.8,8,2026-04-17T19:16:00.000000,0,true,true,true,true,0,LABELED,0,,,0,1,LABELED,0,,,true,true,true
656,2026-02-11T00:00:00.000000,2974,2026-02-13T08:06:33.000000,no_response,25.8,6,2026-06-26T07:25:00.000000,0,true,true,true,true,0,LABELED,0,,,0,0,LABELED,0,,,true,true,true
657,2025-08-25T00:00:00.000000,2977,2025-09-04T13:22:53.000000,scheduled_visit,,2,2025-11-12T10:59:00.000000,1,true,true,true,true,1,AMBIGUOUS,,,,1,0,LABELED,1,2977,2025-09-04T13:22:53.000000,true,true,true
658,2026-05-25T00:00:00.000000,2978,2026-05-25T14:09:06.000000,no_response,2.1,4,2026-06-05T20:53:35.000000,0,true,true,true,true,0,LABELED,0,,,0,0,LABELED,0,,,true,true,false
659,2025-01-07T00:00:00.000000,2983,2025-01-10T16:47:08.000000,scheduled_visit,14.2,7,2026-03-29T20:52:00.000000,1,true,true,true,true,1,LABELED,1,2983,2025-01-11T06:59:08.000Z,0,2,LABELED,1,2983,2025-01-10T16:47:08.000000,true,true,true
660,2025-02-28T00:00:00.000000,2989,2025-08-26T19:22:00.000000,no_response,15.8,1,2025-08-26T19:22:00.000000,0,true,true,true,true,0,LABELED,0,,,0,0,LABELED,0,,,true,true,true
661,2026-03-05T00:00:00.000000,2993,2026-03-07T09:12:35.000000,no_response,0.5,4,2026-03-18T17:01:47.000000,0,true,true,true,true,0,LABELED,1,2991,2026-03-17T08:09:27.000Z,0,2,LABELED,1,2991,2026-03-15T14:51:27.000000,true,true,true
662,2025-09-29T00:00:00.000000,2995,2025-09-29T10:42:05.000000,scheduled_visit,0.8,2,2026-01-29T10:51:00.000000,1,true,true,true,true,1,LABELED,1,2995,2025-09-29T11:30:05.000Z,0,1,LABELED,1,2995,2025-09-29T10:42:05.000000,true,true,true
663,2025-06-02T00:00:00.000000,2997,2025-06-14T18:31:35.000000,no_response,0.9,3,2026-01-18T09:44:00.000000,0,true,true,true,true,0,LABELED,0,,,0,0,LABELED,0,,,true,true,true
664,2025-06-06T00:00:00.000000,3001,2025-06-17T16:44:09.000000,scheduled_visit,13.4,3,2026-04-28T13:02:00.000000,1,true,true,true,true,1,LABELED,1,3001,2025-06-18T06:08:09.000Z,0,1,LABELED,1,3001,2025-06-17T16:44:09.000000,true,true,true
665,2025-04-06T00:00:00.000000,3008,2025-04-09T12:40:53.000000,scheduled_visit,0.5,8,2026-02-09T17:53:00.000000,1,true,true,true,true,1,LABELED,1,3008,2025-04-09T13:10:53.000Z,0,2,LABELED,1,3008,2025-04-09T12:40:53.000000,true,true,true
666,2026-04-13T00:00:00.000000,3016,2026-04-14T11:42:03.000000,accepted,0.5,7,2026-04-22T11:57:07.000000,0,true,true,true,true,0,LABELED,0,,,0,0,LABELED,0,,,true,true,true
667,2025-12-09T00:00:00.000000,3018,2025-12-12T17:14:15.000000,no_response,16.8,2,2025-12-18T19:46:39.000000,0,true,true,true,true,0,LABELED,0,,,0,0,LABELED,0,,,true,true,true
668,2026-01-08T00:00:00.000000,3023,2026-01-10T17:39:53.000000,accepted,11.6,6,2026-04-28T19:47:00.000000,0,true,true,true,true,0,LABELED,1,3021,2026-01-16T13:08:22.000Z,0,2,LABELED,1,3021,2026-01-16T12:38:22.000000,true,true,true
669,2026-04-24T00:00:00.000000,3025,2026-04-24T09:14:22.000000,no_response,0.5,4,2026-05-07T09:06:07.000000,0,true,true,true,true,0,LABELED,1,3028,2026-05-07T14:24:07.000Z,1,1,LABELED,1,3026,2026-05-01T17:38:02.000000,true,true,true
670,2025-04-08T00:00:00.000000,3029,2025-04-15T10:47:44.000000,accepted,3,2,2025-09-28T20:02:00.000000,0,true,true,true,true,0,LABELED,0,,,0,0,LABELED,0,,,true,true,true
671,2025-09-04T00:00:00.000000,3031,2025-09-09T19:29:00.000000,accepted,7.2,1,2025-09-09T19:29:00.000000,0,true,true,true,true,0,LABELED,0,,,0,0,LABELED,0,,,true,true,true
672,2025-10-13T00:00:00.000000,3033,2025-10-19T12:34:41.000000,rejected,9.7,3,2025-12-27T16:56:00.000000,0,true,true,true,true,0,LABELED,0,,,0,0,LABELED,0,,,true,true,true
673,2025-08-21T00:00:00.000000,3035,2025-08-26T17:59:52.000000,scheduled_visit,1.8,8,2026-05-11T13:16:00.000000,1,true,true,true,true,1,LABELED,1,3035,2025-08-26T19:47:52.000Z,0,3,LABELED,1,3035,2025-08-26T17:59:52.000000,true,true,true
674,2025-06-26T00:00:00.000000,3043,2025-06-26T07:21:53.000000,no_response,,1,2025-06-26T07:21:53.000000,0,true,true,true,true,0,LABELED,0,,,0,0,LABELED,0,,,true,true,true
675,2025-09-29T00:00:00.000000,3044,2025-09-29T13:44:09.000000,accepted,,1,2025-09-29T13:44:09.000000,0,true,true,true,true,0,LABELED,0,,,0,0,LABELED,0,,,true,true,true
676,2026-03-22T00:00:00.000000,3047,2026-03-24T11:04:34.000000,accepted,9.5,4,2026-06-16T14:25:00.000000,0,true,true,true,true,0,LABELED,0,,,0,1,LABELED,0,,,true,true,true
677,2025-03-28T00:00:00.000000,3051,2025-04-04T13:26:51.000000,accepted,1.3,4,2026-06-21T08:12:00.000000,0,true,true,true,true,0,LABELED,0,,,0,0,LABELED,0,,,true,true,true
678,2026-04-23T00:00:00.000000,3054,2026-04-25T13:10:36.000000,accepted,16.3,3,2026-06-08T11:04:00.000000,0,true,true,true,true,0,LABELED,0,,,0,0,LABELED,0,,,true,true,true
679,2025-06-19T00:00:00.000000,3058,2025-06-20T16:16:29.000000,rejected,0.5,3,2026-03-18T14:37:00.000000,0,true,true,true,true,0,LABELED,1,3056,2025-07-01T13:17:01.000Z,0,2,LABELED,1,3056,2025-07-01T12:11:01.000000,true,true,true
680,2025-02-17T00:00:00.000000,3061,2025-02-25T15:38:45.000000,scheduled_visit,,7,2025-12-05T07:35:00.000000,1,true,true,true,true,1,AMBIGUOUS,,,,1,0,LABELED,1,3061,2025-02-25T15:38:45.000000,true,true,true
681,2025-09-05T00:00:00.000000,3068,2025-09-09T07:12:10.000000,accepted,10.4,3,2026-02-12T11:34:00.000000,0,true,true,true,true,0,LABELED,0,,,0,0,LABELED,0,,,true,true,true
682,2025-11-27T00:00:00.000000,3069,2025-12-05T10:48:32.000000,rejected,,1,2025-12-05T10:48:32.000000,0,true,true,true,true,0,LABELED,0,,,0,0,LABELED,0,,,true,true,true
683,2026-06-28T00:00:00.000000,3072,2026-06-28T18:46:04.000000,no_response,,3,2026-07-02T15:06:22.000000,0,true,true,false,true,0,CENSORED,,,,0,0,CENSORED,,,,false,false,false
684,2026-02-26T00:00:00.000000,3075,2026-02-27T11:48:19.000000,no_response,5.3,3,2026-04-12T16:49:00.000000,0,true,true,true,true,0,LABELED,0,,,0,1,LABELED,0,,,true,true,true
685,2025-08-01T00:00:00.000000,3077,2025-08-10T13:04:48.000000,accepted,3.7,8,2026-05-22T07:50:00.000000,0,true,true,true,true,0,LABELED,0,,,0,2,LABELED,0,,,true,true,true
686,2025-01-20T00:00:00.000000,3085,2025-01-27T19:50:02.000000,accepted,6,7,2026-06-23T18:20:00.000000,0,true,true,true,true,0,LABELED,0,,,0,1,LABELED,0,,,true,true,true
687,2025-01-28T00:00:00.000000,3093,2025-01-29T16:19:12.000000,no_response,35.4,8,2026-06-12T12:10:00.000000,0,true,true,true,true,0,LABELED,1,3098,2025-02-02T03:51:46.000Z,0,1,LABELED,1,3098,2025-02-01T20:39:46.000000,true,true,true
688,2026-02-20T00:00:00.000000,3100,2026-02-22T18:32:11.000000,scheduled_visit,,6,2026-04-15T12:11:00.000000,1,true,true,true,true,1,AMBIGUOUS,,,,1,0,LABELED,1,3100,2026-02-22T18:32:11.000000,true,true,true
689,2025-05-20T00:00:00.000000,3110,2025-05-20T13:44:17.000000,scheduled_visit,16.4,7,2026-01-06T12:45:00.000000,1,true,true,true,true,1,LABELED,1,3110,2025-05-21T06:08:17.000Z,1,2,LABELED,1,3110,2025-05-20T13:44:17.000000,true,true,true
690,2025-11-05T00:00:00.000000,3113,2025-11-11T15:12:41.000000,no_response,9.6,5,2026-06-19T12:15:00.000000,0,true,true,true,true,0,LABELED,1,3114,2025-11-16T08:45:48.000Z,0,1,LABELED,1,3114,2025-11-15T14:15:48.000000,true,true,true
691,2026-05-23T00:00:00.000000,3123,2026-05-23T20:28:01.000000,scheduled_visit,18.1,7,2026-06-26T11:56:00.000000,1,true,true,true,true,1,LABELED,1,3123,2026-05-24T14:34:01.000Z,0,1,LABELED,1,3123,2026-05-23T20:28:01.000000,true,true,false
692,2025-06-12T00:00:00.000000,3127,2025-06-20T09:15:16.000000,no_response,1.4,7,2026-02-15T14:13:00.000000,0,true,true,true,true,0,LABELED,1,3129,2025-06-25T23:12:08.000Z,0,2,LABELED,1,3129,2025-06-25T18:48:08.000000,true,true,true
693,2026-04-04T00:00:00.000000,3135,2026-04-04T19:10:47.000000,rejected,,5,2026-04-13T17:33:18.000000,0,true,true,true,true,0,LABELED,1,3131,2026-04-14T06:21:18.000Z,0,1,LABELED,1,3131,2026-04-13T17:33:18.000000,true,true,true
694,2025-06-25T00:00:00.000000,3137,2025-07-07T13:49:37.000000,accepted,8.4,5,2026-05-27T10:02:00.000000,0,true,true,true,true,0,LABELED,0,,,0,0,LABELED,0,,,true,true,true
695,2025-12-05T00:00:00.000000,3141,2025-12-05T07:51:43.000000,accepted,1.9,8,2026-04-23T12:35:00.000000,0,true,true,true,true,0,LABELED,0,,,0,2,LABELED,0,,,true,true,true
696,2025-01-31T00:00:00.000000,3153,2025-02-03T12:13:44.000000,accepted,5,7,2026-04-26T16:33:00.000000,0,true,true,true,true,0,LABELED,0,,,0,1,LABELED,0,,,true,true,true
697,2025-10-19T00:00:00.000000,3157,2025-10-19T20:51:52.000000,accepted,5.9,3,2025-11-28T08:03:00.000000,0,true,true,true,true,0,LABELED,0,,,0,1,LABELED,0,,,true,true,true
698,2026-01-23T00:00:00.000000,3163,2026-01-23T09:06:37.000000,no_response,18.3,7,2026-02-04T20:17:00.000000,0,true,true,true,true,0,LABELED,0,,,0,0,LABELED,0,,,true,true,true
699,2025-12-16T00:00:00.000000,3166,2025-12-21T14:52:10.000000,no_response,9.6,1,2025-12-21T14:52:10.000000,0,true,true,true,true,0,LABELED,0,,,0,0,LABELED,0,,,true,true,true
700,2026-05-15T00:00:00.000000,3169,2026-05-15T10:55:51.000000,no_response,10.8,8,2026-05-27T12:04:52.000000,0,true,true,true,true,0,LABELED,1,3173,2026-05-17T01:33:08.000Z,0,2,LABELED,1,3173,2026-05-16T14:03:08.000000,true,true,false
701,2026-06-10T00:00:00.000000,3177,2026-06-11T17:32:08.000000,no_response,4.7,6,2026-06-23T17:53:51.000000,0,true,true,true,true,0,LABELED,1,3175,2026-06-13T00:32:18.000Z,0,1,CENSORED,,,,false,false,false
702,2025-11-03T00:00:00.000000,3184,2025-11-03T20:54:17.000000,accepted,0.5,7,2026-06-29T13:48:00.000000,0,true,true,true,true,0,LABELED,1,3183,2025-11-13T22:43:29.000Z,0,2,LABELED,1,3183,2025-11-13T08:25:29.000000,true,true,true
703,2025-08-29T00:00:00.000000,3192,2025-08-31T08:45:20.000000,no_response,16.6,8,2026-06-10T18:55:00.000000,0,true,true,true,true,0,LABELED,1,3190,2025-09-04T00:15:47.000Z,0,1,LABELED,1,3190,2025-09-03T07:33:47.000000,true,true,true
704,2025-01-21T00:00:00.000000,3196,2025-02-01T12:57:46.000000,no_response,5.7,2,2025-07-09T12:35:00.000000,0,true,true,true,true,0,LABELED,0,,,0,0,LABELED,0,,,true,true,true
705,2026-03-13T00:00:00.000000,3199,2026-03-14T16:50:36.000000,scheduled_visit,4.1,4,2026-03-20T16:32:54.000000,1,true,true,true,true,1,LABELED,1,3199,2026-03-14T20:56:36.000Z,0,1,LABELED,1,3199,2026-03-14T16:50:36.000000,true,true,true
706,2025-04-12T00:00:00.000000,3204,2025-07-30T10:56:00.000000,accepted,5.9,3,2026-02-09T08:46:00.000000,0,true,true,true,true,0,LABELED,0,,,0,1,LABELED,0,,,true,true,true
707,2026-04-24T00:00:00.000000,3210,2026-04-25T19:07:27.000000,accepted,10.7,7,2026-06-01T12:02:00.000000,0,true,true,true,true,0,LABELED,0,,,0,0,LABELED,0,,,true,true,true
708,2026-01-20T00:00:00.000000,3213,2026-01-31T08:56:08.000000,rejected,4.7,2,2026-05-16T12:56:00.000000,0,true,true,true,true,0,LABELED,0,,,0,0,LABELED,0,,,true,true,true
709,2025-04-25T00:00:00.000000,3217,2025-05-05T10:41:38.000000,scheduled_visit,4.7,4,2025-10-22T20:57:00.000000,1,true,true,true,true,1,LABELED,1,3217,2025-05-05T15:23:38.000Z,0,2,LABELED,1,3217,2025-05-05T10:41:38.000000,true,true,true
710,2025-06-13T00:00:00.000000,3221,2025-06-16T08:42:10.000000,no_response,34.3,5,2026-03-03T17:16:00.000000,0,true,true,true,true,0,LABELED,1,3222,2025-06-18T18:20:27.000Z,0,1,LABELED,1,3222,2025-06-18T09:08:27.000000,true,true,true
711,2025-07-30T00:00:00.000000,3230,2025-08-02T11:23:35.000000,accepted,23.3,8,2026-01-30T12:27:00.000000,0,true,true,true,true,0,LABELED,0,,,0,0,LABELED,0,,,true,true,true
712,2025-09-12T00:00:00.000000,3231,2025-09-13T20:57:12.000000,rejected,25.4,7,2026-03-06T11:38:00.000000,0,true,true,true,true,0,LABELED,0,,,0,0,LABELED,0,,,true,true,true
713,2026-01-29T00:00:00.000000,3241,2026-01-30T13:48:31.000000,accepted,6.1,5,2026-04-11T07:27:00.000000,0,true,true,true,true,0,LABELED,1,3242,2026-01-30T16:59:53.000Z,0,1,LABELED,1,3242,2026-01-30T13:53:53.000000,true,true,true
714,2025-05-28T00:00:00.000000,3246,2025-06-02T11:18:50.000000,accepted,10,8,2026-06-04T10:24:00.000000,0,true,true,true,true,0,LABELED,1,3250,2025-06-20T20:07:00.000Z,0,1,LABELED,1,3250,2025-06-19T10:37:00.000000,true,true,true
715,2025-05-09T00:00:00.000000,3252,2025-05-12T17:21:28.000000,scheduled_visit,24.6,4,2025-07-08T10:34:00.000000,1,true,true,true,true,1,LABELED,1,3252,2025-05-13T17:57:28.000Z,0,2,LABELED,1,3252,2025-05-12T17:21:28.000000,true,true,true
716,2025-08-11T00:00:00.000000,3257,2025-08-13T16:17:46.000000,accepted,9.6,7,2026-02-15T13:06:00.000000,0,true,true,true,true,0,LABELED,1,3255,2025-08-18T13:19:23.000Z,1,1,LABELED,1,3260,2025-08-14T19:48:48.000000,true,true,true
717,2025-06-24T00:00:00.000000,3264,2025-06-25T20:24:09.000000,accepted,4.9,4,2025-10-12T16:23:00.000000,0,true,true,true,true,0,LABELED,0,,,0,1,LABELED,0,,,true,true,true
718,2025-06-16T00:00:00.000000,3266,2025-06-23T11:35:01.000000,scheduled_visit,20,2,2025-10-02T13:35:00.000000,1,true,true,true,true,1,LABELED,1,3266,2025-06-24T07:35:01.000Z,0,2,LABELED,1,3266,2025-06-23T11:35:01.000000,true,true,true
719,2025-07-12T00:00:00.000000,3270,2025-07-12T09:50:31.000000,accepted,5.7,7,2026-02-16T18:00:00.000000,0,true,true,true,true,0,LABELED,1,3271,2025-07-26T05:16:09.000Z,0,1,LABELED,1,3271,2025-07-25T13:40:09.000000,true,true,true
720,2026-03-13T00:00:00.000000,3280,2026-03-16T14:17:47.000000,no_response,2.1,7,2026-05-30T14:37:00.000000,0,true,true,true,true,0,AMBIGUOUS,,,,2,0,LABELED,1,3281,2026-03-18T18:35:38.000000,true,true,true
721,2026-06-16T00:00:00.000000,3282,2026-06-21T09:46:45.000000,no_response,12.7,2,2026-06-26T08:10:40.000000,0,true,true,false,true,0,CENSORED,,,,0,0,CENSORED,,,,false,false,false
722,2025-02-24T00:00:00.000000,3284,2025-08-20T10:37:00.000000,no_response,15.5,7,2026-06-11T19:51:00.000000,0,true,true,true,true,0,LABELED,0,,,0,0,LABELED,0,,,true,true,true
723,2026-01-15T00:00:00.000000,3291,2026-01-17T09:54:31.000000,accepted,7.5,5,2026-01-27T10:15:24.000000,0,true,true,true,true,0,AMBIGUOUS,,,,1,0,LABELED,1,3293,2026-01-27T10:15:24.000000,true,true,true
724,2025-07-24T00:00:00.000000,3297,2025-07-25T16:10:26.000000,scheduled_visit,1.5,8,2026-06-08T12:37:00.000000,1,true,true,true,true,1,LABELED,1,3297,2025-07-25T17:40:26.000Z,0,2,LABELED,1,3297,2025-07-25T16:10:26.000000,true,true,true
725,2025-10-12T00:00:00.000000,3309,2025-10-13T07:32:44.000000,rejected,4.7,6,2026-02-02T14:56:00.000000,0,true,true,true,true,0,LABELED,0,,,0,1,LABELED,0,,,true,true,true
726,2025-08-12T00:00:00.000000,3310,2025-08-13T07:27:16.000000,accepted,0.9,4,2025-09-21T11:32:00.000000,0,true,true,true,true,0,LABELED,0,,,0,0,LABELED,0,,,true,true,true
727,2025-09-01T00:00:00.000000,3315,2025-09-03T08:37:38.000000,accepted,76.8,4,2026-06-11T19:34:00.000000,0,true,true,true,true,0,LABELED,0,,,0,0,LABELED,0,,,true,true,true
728,2025-09-05T00:00:00.000000,3318,2025-09-08T16:44:57.000000,accepted,29,2,2026-01-21T09:22:00.000000,0,true,true,true,true,0,LABELED,0,,,0,0,LABELED,0,,,true,true,true
729,2026-01-09T00:00:00.000000,3320,2026-01-19T11:00:40.000000,rejected,4.2,3,2026-05-16T09:18:00.000000,0,true,true,true,true,0,LABELED,0,,,0,0,LABELED,0,,,true,true,true
730,2026-03-02T00:00:00.000000,3323,2026-03-08T20:14:30.000000,scheduled_visit,27.1,1,2026-03-08T20:14:30.000000,1,true,true,true,true,1,LABELED,1,3323,2026-03-09T23:20:30.000Z,0,1,LABELED,1,3323,2026-03-08T20:14:30.000000,true,true,true
731,2026-05-04T00:00:00.000000,3325,2026-05-05T14:37:39.000000,scheduled_visit,20.4,3,2026-05-16T16:22:30.000000,1,true,true,true,true,1,LABELED,1,3325,2026-05-06T11:01:39.000Z,0,2,LABELED,1,3325,2026-05-05T14:37:39.000000,true,true,true
732,2026-04-10T00:00:00.000000,3331,2026-04-11T09:34:44.000000,accepted,17.5,7,2026-04-20T19:54:28.000000,0,true,true,true,true,0,AMBIGUOUS,,,,1,0,LABELED,1,3327,2026-04-16T19:39:13.000000,true,true,true
733,2025-05-06T00:00:00.000000,3339,2025-05-09T13:33:15.000000,accepted,6.3,6,2026-05-20T14:29:00.000000,0,true,true,true,true,0,LABELED,1,3334,2025-05-17T16:01:40.000Z,0,2,LABELED,1,3334,2025-05-17T15:31:40.000000,true,true,true
734,2026-05-07T00:00:00.000000,3343,2026-05-13T08:35:00.000000,accepted,,4,2026-05-20T19:03:38.000000,0,true,true,true,true,0,LABELED,1,3340,2026-05-21T13:43:01.000Z,1,1,LABELED,1,3340,2026-05-19T18:31:01.000000,true,true,true
735,2026-02-09T00:00:00.000000,3349,2026-02-09T09:22:14.000000,rejected,1.1,6,2026-06-25T20:26:00.000000,0,true,true,true,true,0,LABELED,0,,,0,0,LABELED,0,,,true,true,true
736,2025-07-28T00:00:00.000000,3353,2025-09-02T15:36:00.000000,accepted,11.3,5,2026-05-16T18:37:00.000000,0,true,true,true,true,0,LABELED,0,,,0,0,LABELED,0,,,true,true,true
737,2025-05-14T00:00:00.000000,3357,2025-07-19T10:36:00.000000,accepted,1.8,5,2026-03-27T13:21:00.000000,0,true,true,true,true,0,LABELED,0,,,0,0,LABELED,0,,,true,true,true
738,2025-12-22T00:00:00.000000,3360,2025-12-22T13:51:20.000000,accepted,20.2,2,2025-12-27T19:17:06.000000,0,true,true,true,true,0,LABELED,0,,,0,0,LABELED,0,,,true,true,true
739,2026-03-02T00:00:00.000000,3366,2026-03-02T17:22:24.000000,no_response,,7,2026-03-15T09:40:02.000000,0,true,true,true,true,0,LABELED,1,3362,2026-03-09T00:19:21.000Z,0,2,LABELED,1,3362,2026-03-07T20:31:21.000000,true,true,true
740,2025-09-26T00:00:00.000000,3369,2025-10-08T07:50:58.000000,no_response,7.1,2,2025-10-08T14:13:23.000000,0,true,true,true,true,0,LABELED,0,,,0,0,LABELED,0,,,true,true,true
741,2026-02-08T00:00:00.000000,3377,2026-02-08T16:25:29.000000,scheduled_visit,12.2,8,2026-02-27T14:45:00.000000,1,true,true,true,true,1,LABELED,1,3377,2026-02-09T04:37:29.000Z,0,2,LABELED,1,3377,2026-02-08T16:25:29.000000,true,true,true
742,2026-02-04T00:00:00.000000,3379,2026-02-04T17:54:29.000000,no_response,1.2,8,2026-04-06T17:50:00.000000,0,true,true,true,true,0,LABELED,1,3386,2026-02-09T03:22:02.000Z,0,3,LABELED,1,3386,2026-02-08T19:52:02.000000,true,true,true
743,2026-01-13T00:00:00.000000,3387,2026-01-19T13:20:00.000000,scheduled_visit,34.7,1,2026-01-19T13:20:00.000000,1,true,true,true,true,1,LABELED,1,3387,2026-01-21T00:02:00.000Z,0,1,LABELED,1,3387,2026-01-19T13:20:00.000000,true,true,true
744,2025-06-26T00:00:00.000000,3389,2025-07-08T13:38:02.000000,accepted,0.7,2,2026-02-15T08:36:00.000000,0,true,true,true,true,0,LABELED,0,,,0,0,LABELED,0,,,true,true,true
745,2025-05-26T00:00:00.000000,3390,2025-06-06T07:08:02.000000,rejected,2.7,3,2026-01-16T19:20:00.000000,0,true,true,true,true,0,LABELED,0,,,0,0,LABELED,0,,,true,true,true
746,2025-08-14T00:00:00.000000,3394,2025-08-23T13:23:38.000000,scheduled_visit,9.8,5,2025-12-31T19:29:00.000000,1,true,true,true,true,1,LABELED,1,3394,2025-08-23T23:11:38.000Z,0,2,LABELED,1,3394,2025-08-23T13:23:38.000000,true,true,true
747,2026-06-26T00:00:00.000000,3398,2026-06-28T12:37:03.000000,rejected,21.1,2,2026-06-29T14:32:59.000000,0,true,true,false,true,0,CENSORED,,,,0,0,CENSORED,,,,false,false,false
748,2025-01-29T00:00:00.000000,3401,2025-01-30T12:45:02.000000,accepted,2,3,2026-04-22T14:09:00.000000,0,true,true,true,true,0,LABELED,0,,,0,0,LABELED,0,,,true,true,true
749,2025-07-02T00:00:00.000000,3404,2025-07-12T18:11:48.000000,scheduled_visit,,2,2025-07-15T18:16:08.000000,1,true,true,true,true,1,AMBIGUOUS,,,,1,0,LABELED,1,3404,2025-07-12T18:11:48.000000,true,true,true
750,2026-05-05T00:00:00.000000,3406,2026-05-07T15:07:00.000000,accepted,7.6,8,2026-06-16T19:57:00.000000,0,true,true,true,true,0,LABELED,1,3412,2026-05-25T20:54:00.000Z,0,1,LABELED,1,3412,2026-05-24T19:54:00.000000,true,true,true
751,2026-04-26T00:00:00.000000,3413,2026-04-26T19:48:16.000000,scheduled_visit,,5,2026-05-14T17:01:00.000000,1,true,true,true,true,1,LABELED,1,3414,2026-05-03T06:25:55.000Z,1,1,LABELED,1,3413,2026-04-26T19:48:16.000000,true,true,true
752,2025-04-17T00:00:00.000000,3422,2025-04-17T09:35:42.000000,scheduled_visit,33.4,5,2026-02-10T15:23:00.000000,1,true,true,true,true,1,LABELED,1,3422,2025-04-18T18:59:42.000Z,0,3,LABELED,1,3422,2025-04-17T09:35:42.000000,true,true,true
753,2025-04-09T00:00:00.000000,3426,2025-04-14T10:01:13.000000,accepted,1.7,4,2025-07-24T10:39:00.000000,0,true,true,true,true,0,LABELED,1,3425,2025-04-19T13:54:54.000Z,0,1,LABELED,1,3425,2025-04-17T09:12:54.000000,true,true,true
754,2025-03-17T00:00:00.000000,3430,2025-03-23T17:30:33.000000,accepted,,4,2026-05-22T17:10:00.000000,0,true,true,true,true,0,LABELED,0,,,0,0,LABELED,0,,,true,true,true
755,2025-07-25T00:00:00.000000,3432,2025-07-25T10:40:09.000000,no_response,,2,2025-10-03T13:18:00.000000,0,true,true,true,true,0,LABELED,0,,,0,1,LABELED,0,,,true,true,true
756,2025-02-16T00:00:00.000000,3436,2025-11-11T20:51:00.000000,accepted,8.8,4,2026-06-25T19:46:00.000000,0,true,true,true,true,0,LABELED,0,,,0,0,LABELED,0,,,true,true,true
757,2025-01-13T00:00:00.000000,3442,2025-01-17T12:53:29.000000,no_response,0.5,8,2026-03-20T19:24:00.000000,0,true,true,true,true,0,LABELED,0,,,0,0,LABELED,0,,,true,true,true
758,2025-12-04T00:00:00.000000,3445,2025-12-05T09:35:22.000000,scheduled_visit,14.1,1,2025-12-05T09:35:22.000000,1,true,true,true,true,1,LABELED,1,3445,2025-12-05T23:41:22.000Z,0,1,LABELED,1,3445,2025-12-05T09:35:22.000000,true,true,true
759,2025-02-24T00:00:00.000000,3447,2025-02-27T17:44:36.000000,scheduled_visit,16.7,8,2025-08-14T16:10:00.000000,1,true,true,true,true,1,LABELED,1,3447,2025-02-28T10:26:36.000Z,0,3,LABELED,1,3447,2025-02-27T17:44:36.000000,true,true,true
760,2025-09-26T00:00:00.000000,3454,2025-09-27T12:43:03.000000,rejected,1.3,6,2026-04-23T18:54:00.000000,0,true,true,true,true,0,LABELED,0,,,0,1,LABELED,0,,,true,true,true
761,2025-09-01T00:00:00.000000,3463,2025-09-01T08:32:31.000000,rejected,4.8,8,2025-12-12T11:09:00.000000,0,true,true,true,true,0,LABELED,0,,,0,1,LABELED,0,,,true,true,true
762,2025-11-13T00:00:00.000000,3468,2025-11-13T14:25:44.000000,scheduled_visit,27.2,3,2026-02-01T10:19:00.000000,1,true,true,true,true,1,LABELED,1,3468,2025-11-14T17:37:44.000Z,0,1,LABELED,1,3468,2025-11-13T14:25:44.000000,true,true,true
763,2026-03-26T00:00:00.000000,3471,2026-04-03T11:07:19.000000,accepted,0.5,2,2026-04-04T15:19:50.000000,0,true,true,true,true,0,AMBIGUOUS,,,,1,0,LABELED,1,3472,2026-04-04T15:19:50.000000,true,true,true
764,2025-06-29T00:00:00.000000,3474,2025-06-30T11:53:51.000000,accepted,8.9,6,2025-07-18T10:59:00.000000,0,true,true,true,true,0,LABELED,1,3475,2025-07-11T18:09:00.000Z,1,1,LABELED,1,3478,2025-07-01T08:37:25.000000,true,true,true
765,2026-01-01T00:00:00.000000,3484,2026-01-01T07:12:40.000000,accepted,3,8,2026-03-11T17:28:00.000000,0,true,true,true,true,0,LABELED,1,3481,2026-01-02T14:54:24.000Z,0,1,LABELED,1,3481,2026-01-02T08:30:24.000000,true,true,true
766,2026-02-12T00:00:00.000000,3488,2026-02-14T12:05:32.000000,accepted,7.5,7,2026-04-28T18:15:00.000000,0,true,true,true,true,0,LABELED,1,3489,2026-02-24T08:46:08.000Z,1,2,LABELED,1,3492,2026-02-14T15:38:57.000000,true,true,true
767,2025-11-10T00:00:00.000000,3496,2025-11-12T15:48:35.000000,no_response,4.6,5,2026-02-01T19:49:00.000000,0,true,true,true,true,0,LABELED,0,,,0,0,LABELED,0,,,true,true,true
768,2025-08-12T00:00:00.000000,3499,2025-08-13T18:41:41.000000,accepted,5.4,6,2025-10-16T09:52:00.000000,0,true,true,true,true,0,LABELED,1,3501,2025-08-22T09:08:57.000Z,1,1,LABELED,1,3501,2025-08-21T08:32:57.000000,true,true,true
769,2025-01-08T00:00:00.000000,3506,2025-01-08T07:01:17.000000,rejected,11.2,3,2026-05-01T13:19:00.000000,0,true,true,true,true,0,LABELED,0,,,0,0,LABELED,0,,,true,true,true
770,2025-05-13T00:00:00.000000,3515,2025-05-13T15:43:34.000000,accepted,7.3,8,2026-04-20T13:00:00.000000,0,true,true,true,true,0,LABELED,1,3514,2025-05-14T22:13:58.000Z,0,2,LABELED,1,3514,2025-05-14T14:49:58.000000,true,true,true
771,2026-03-31T00:00:00.000000,3516,2026-04-07T14:28:06.000000,accepted,3.6,2,2026-04-07T15:14:10.000000,0,true,true,true,true,0,LABELED,0,,,0,0,LABELED,0,,,true,true,true
772,2025-08-25T00:00:00.000000,3518,2025-08-27T18:31:28.000000,accepted,21.8,1,2025-08-27T18:31:28.000000,0,true,true,true,true,0,LABELED,0,,,0,0,LABELED,0,,,true,true,true
773,2025-06-27T00:00:00.000000,3520,2025-06-29T10:52:21.000000,accepted,,7,2026-06-17T11:59:00.000000,0,true,true,true,true,0,LABELED,0,,,0,2,LABELED,0,,,true,true,true
774,2026-05-15T00:00:00.000000,3526,2026-05-18T09:34:06.000000,no_response,7.3,4,2026-05-28T20:18:54.000000,0,true,true,true,true,0,LABELED,1,3528,2026-05-23T21:30:51.000Z,0,2,LABELED,1,3528,2026-05-23T12:06:51.000000,true,true,false
775,2025-10-28T00:00:00.000000,3531,2025-11-04T16:37:44.000000,rejected,,2,2025-11-05T16:24:58.000000,0,true,true,true,true,0,LABELED,1,3530,2025-11-05T21:42:58.000Z,0,1,LABELED,1,3530,2025-11-05T16:24:58.000000,true,true,true
776,2026-06-11T00:00:00.000000,3538,2026-06-13T14:39:10.000000,accepted,11.6,7,2026-06-30T12:23:00.000000,0,true,true,true,true,0,LABELED,1,3536,2026-07-01T14:05:00.000Z,0,1,CENSORED,,,,false,false,false
777,2026-03-25T00:00:00.000000,3545,2026-03-30T12:46:36.000000,no_response,2,7,2026-06-24T10:08:00.000000,0,true,true,true,true,0,LABELED,0,,,0,0,LABELED,0,,,true,true,true
778,2025-04-18T00:00:00.000000,3547,2025-06-10T09:14:00.000000,no_response,1.1,3,2026-04-04T12:35:00.000000,0,true,true,true,true,0,LABELED,0,,,0,1,LABELED,0,,,true,true,true
779,2025-01-29T00:00:00.000000,3554,2025-06-02T15:03:00.000000,accepted,14.6,6,2026-06-21T17:33:00.000000,0,true,true,true,true,0,LABELED,0,,,0,1,LABELED,0,,,true,true,true
780,2025-01-11T00:00:00.000000,3555,2025-01-13T18:10:48.000000,accepted,5,6,2026-06-20T14:44:00.000000,0,true,true,true,true,0,LABELED,0,,,0,1,LABELED,0,,,true,true,true
781,2025-06-22T00:00:00.000000,3561,2025-06-22T17:30:00.000000,scheduled_visit,14.3,8,2026-02-02T16:41:00.000000,1,true,true,true,true,1,LABELED,1,3561,2025-06-23T07:48:00.000Z,0,4,LABELED,1,3561,2025-06-22T17:30:00.000000,true,true,true
782,2026-04-13T00:00:00.000000,3571,2026-04-16T18:19:35.000000,accepted,,4,2026-04-25T15:16:19.000000,0,true,true,true,true,0,LABELED,1,3569,2026-04-23T01:28:47.000Z,0,1,LABELED,1,3569,2026-04-22T16:52:47.000000,true,true,true
783,2026-06-05T00:00:00.000000,3573,2026-06-07T14:53:26.000000,accepted,0.5,7,2026-06-13T20:15:45.000000,0,true,true,true,true,0,LABELED,1,3577,2026-06-10T02:24:50.000Z,0,1,CENSORED,,,,false,false,false
784,2026-06-05T00:00:00.000000,3585,2026-06-05T19:51:41.000000,no_response,15.6,6,2026-06-28T07:17:00.000000,0,true,true,true,true,0,LABELED,1,3583,2026-06-17T22:12:31.000Z,0,1,CENSORED,,,,true,false,false
785,2025-02-22T00:00:00.000000,3586,2026-03-27T11:43:00.000000,accepted,3.3,1,2026-03-27T11:43:00.000000,0,true,true,true,true,0,LABELED,0,,,0,0,LABELED,0,,,true,true,true
786,2026-01-06T00:00:00.000000,3588,2026-01-14T15:31:01.000000,accepted,76.8,3,2026-06-02T19:52:00.000000,0,true,true,true,true,0,LABELED,0,,,0,0,LABELED,0,,,true,true,true
787,2025-07-19T00:00:00.000000,3591,2025-07-22T15:22:01.000000,accepted,1.9,2,2025-09-24T13:18:00.000000,0,true,true,true,true,0,LABELED,0,,,0,0,LABELED,0,,,true,true,true
788,2025-02-15T00:00:00.000000,3592,2025-04-26T15:42:00.000000,accepted,9.5,2,2026-02-13T09:00:00.000000,0,true,true,true,true,0,LABELED,0,,,0,1,LABELED,0,,,true,true,true
789,2026-05-06T00:00:00.000000,3594,2026-05-19T07:48:33.000000,no_response,,1,2026-05-19T07:48:33.000000,0,true,true,true,true,0,LABELED,0,,,0,0,LABELED,0,,,true,true,false
790,2025-09-03T00:00:00.000000,3595,2026-05-04T15:57:00.000000,accepted,4,1,2026-05-04T15:57:00.000000,0,true,true,true,true,0,LABELED,0,,,0,0,LABELED,0,,,true,true,true
791,2025-03-07T00:00:00.000000,3596,2025-05-12T08:08:00.000000,accepted,27.6,2,2025-11-10T20:59:00.000000,0,true,true,true,true,0,LABELED,0,,,0,0,LABELED,0,,,true,true,true
792,2025-08-31T00:00:00.000000,3598,2025-09-15T15:33:00.000000,no_response,11.9,1,2025-09-15T15:33:00.000000,0,true,true,true,true,0,LABELED,0,,,0,0,LABELED,0,,,true,true,true
793,2026-01-09T00:00:00.000000,3605,2026-01-09T18:02:18.000000,accepted,11.3,8,2026-06-13T16:43:00.000000,0,true,true,true,true,0,LABELED,0,,,0,0,LABELED,0,,,true,true,true
794,2025-10-07T00:00:00.000000,3608,2025-12-16T09:02:00.000000,rejected,,2,2026-05-04T13:00:00.000000,0,true,true,true,true,0,LABELED,0,,,0,0,LABELED,0,,,true,true,true
795,2026-01-12T00:00:00.000000,3609,2026-01-13T07:55:18.000000,accepted,20,4,2026-01-22T17:11:57.000000,0,true,true,true,true,0,LABELED,1,3610,2026-01-15T08:30:05.000Z,0,1,LABELED,1,3610,2026-01-15T08:00:05.000000,true,true,true
796,2025-08-11T00:00:00.000000,3616,2025-08-13T19:22:56.000000,scheduled_visit,1.4,5,2025-10-27T16:07:00.000000,1,true,true,true,true,1,LABELED,1,3616,2025-08-13T20:46:56.000Z,0,1,LABELED,1,3616,2025-08-13T19:22:56.000000,true,true,true
797,2025-05-13T00:00:00.000000,3625,2025-05-13T11:19:08.000000,scheduled_visit,27.2,8,2026-02-10T18:48:00.000000,1,true,true,true,true,1,LABELED,1,3625,2025-05-14T14:31:08.000Z,0,3,LABELED,1,3625,2025-05-13T11:19:08.000000,true,true,true
798,2025-12-08T00:00:00.000000,3628,2025-12-10T13:49:00.000000,no_response,22.2,4,2026-06-24T12:42:00.000000,0,true,true,true,true,0,LABELED,0,,,0,0,LABELED,0,,,true,true,true
799,2025-03-21T00:00:00.000000,3630,2025-12-22T14:37:00.000000,rejected,,1,2025-12-22T14:37:00.000000,0,true,true,true,true,0,LABELED,0,,,0,0,LABELED,0,,,true,true,true
800,2025-08-25T00:00:00.000000,3631,2025-08-30T20:24:55.000000,scheduled_visit,3.3,4,2026-01-19T08:17:00.000000,1,true,true,true,true,1,LABELED,1,3631,2025-08-30T23:42:55.000Z,0,1,LABELED,1,3631,2025-08-30T20:24:55.000000,true,true,true
801,2026-02-19T00:00:00.000000,3637,2026-02-19T11:13:39.000000,scheduled_visit,5.2,7,2026-03-04T17:48:45.000000,1,true,true,true,true,1,LABELED,1,3637,2026-02-19T16:25:39.000Z,0,2,LABELED,1,3637,2026-02-19T11:13:39.000000,true,true,true
802,2025-03-14T00:00:00.000000,3643,2025-03-27T11:43:58.000000,no_response,7.5,7,2026-05-08T13:16:00.000000,0,true,true,true,true,0,LABELED,1,3647,2025-04-04T07:23:00.000Z,0,2,LABELED,1,3647,2025-04-02T15:11:00.000000,true,true,true
803,2025-05-05T00:00:00.000000,3651,2025-05-06T09:10:25.000000,accepted,2.6,4,2025-08-05T14:55:00.000000,0,true,true,true,true,0,LABELED,1,3649,2025-05-20T09:44:33.000Z,0,1,LABELED,1,3649,2025-05-18T16:44:33.000000,true,true,true
804,2025-06-01T00:00:00.000000,3655,2025-06-03T16:46:25.000000,no_response,4,3,2026-06-20T11:40:00.000000,0,true,true,true,true,0,LABELED,0,,,0,0,LABELED,0,,,true,true,true
805,2026-03-02T00:00:00.000000,3657,2026-03-04T07:18:46.000000,accepted,5.2,4,2026-03-23T17:25:00.000000,0,true,true,true,true,0,LABELED,0,,,0,0,LABELED,0,,,true,true,true
806,2025-01-21T00:00:00.000000,3663,2025-01-27T12:53:37.000000,scheduled_visit,12,5,2026-06-09T09:49:00.000000,1,true,true,true,true,1,LABELED,1,3663,2025-01-28T00:53:37.000Z,0,1,LABELED,1,3663,2025-01-27T12:53:37.000000,true,true,true
807,2026-05-11T00:00:00.000000,3669,2026-05-12T11:20:45.000000,accepted,,6,2026-05-23T15:42:36.000000,0,true,true,true,true,0,LABELED,1,3666,2026-05-24T00:12:36.000Z,0,1,LABELED,1,3666,2026-05-23T15:42:36.000000,true,true,true
808,2025-10-16T00:00:00.000000,3673,2025-10-19T15:51:26.000000,accepted,4.5,7,2026-06-16T18:10:00.000000,0,true,true,true,true,0,LABELED,1,3674,2025-10-24T05:03:28.000Z,0,4,LABELED,1,3674,2025-10-23T17:57:28.000000,true,true,true
809,2025-01-27T00:00:00.000000,3678,2025-01-28T08:16:41.000000,no_response,2.4,4,2025-12-30T12:29:00.000000,0,true,true,true,true,0,LABELED,0,,,0,1,LABELED,0,,,true,true,true
810,2026-05-29T00:00:00.000000,3684,2026-06-05T18:34:36.000000,no_response,7.6,3,2026-06-11T14:44:12.000000,0,true,true,true,true,0,LABELED,0,,,0,0,CENSORED,,,,true,false,false
811,2025-06-02T00:00:00.000000,3687,2025-06-04T09:55:20.000000,accepted,6.6,4,2025-06-11T18:56:09.000000,0,true,true,true,true,0,LABELED,1,3688,2025-06-04T21:27:56.000Z,0,2,LABELED,1,3688,2025-06-04T12:21:56.000000,true,true,true
812,2025-01-01T00:00:00.000000,3691,2025-04-13T12:20:00.000000,accepted,1.2,3,2026-03-06T20:33:00.000000,0,true,true,true,true,0,LABELED,0,,,0,1,LABELED,0,,,true,true,true
813,2026-02-02T00:00:00.000000,3694,2026-02-06T11:27:03.000000,accepted,,6,2026-05-07T07:47:00.000000,0,true,true,true,true,0,LABELED,0,,,0,0,LABELED,0,,,true,true,true
814,2025-11-14T00:00:00.000000,3698,2025-11-15T13:09:25.000000,no_response,6.8,7,2026-06-20T14:14:00.000000,0,true,true,true,true,0,LABELED,0,,,0,0,LABELED,0,,,true,true,true
815,2025-11-05T00:00:00.000000,3705,2025-11-06T20:37:39.000000,no_response,5.9,4,2026-03-23T10:02:00.000000,0,true,true,true,true,0,LABELED,0,,,0,0,LABELED,0,,,true,true,true
816,2025-06-13T00:00:00.000000,3713,2025-06-13T14:18:06.000000,accepted,20.3,5,2026-05-27T10:15:00.000000,0,true,true,true,true,0,LABELED,1,3709,2025-06-16T15:45:51.000Z,0,1,LABELED,1,3709,2025-06-15T09:03:51.000000,true,true,true
817,2025-10-09T00:00:00.000000,3714,2025-10-13T18:00:42.000000,accepted,7.7,3,2026-04-04T14:54:00.000000,0,true,true,true,true,0,LABELED,0,,,0,0,LABELED,0,,,true,true,true
818,2025-11-25T00:00:00.000000,3718,2025-11-27T10:19:55.000000,accepted,10.4,4,2026-05-07T08:28:00.000000,0,true,true,true,true,0,LABELED,1,3720,2025-12-06T17:31:31.000Z,0,1,LABELED,1,3720,2025-12-06T10:49:31.000000,true,true,true
819,2025-09-12T00:00:00.000000,3726,2025-09-15T12:51:13.000000,no_response,37.2,8,2025-10-30T07:51:00.000000,0,true,true,true,true,0,LABELED,1,3721,2025-09-18T00:44:22.000Z,0,1,LABELED,1,3721,2025-09-17T07:56:22.000000,true,true,true
820,2025-06-25T00:00:00.000000,3732,2025-07-06T20:53:04.000000,rejected,2.4,4,2026-05-13T10:08:00.000000,0,true,true,true,true,0,LABELED,0,,,0,0,LABELED,0,,,true,true,true
821,2026-06-08T00:00:00.000000,3735,2026-06-08T14:51:00.000000,accepted,6.5,3,2026-06-17T11:14:35.000000,0,true,true,true,true,0,LABELED,1,3734,2026-06-12T00:37:07.000Z,0,1,CENSORED,,,,false,false,false
822,2025-09-16T00:00:00.000000,3737,2025-09-21T11:47:00.000000,accepted,11.2,2,2025-09-21T12:58:08.000000,0,true,true,true,true,0,LABELED,1,3736,2025-09-21T17:16:08.000Z,0,1,LABELED,1,3736,2025-09-21T12:58:08.000000,true,true,true
823,2026-03-02T00:00:00.000000,3742,2026-03-04T13:09:46.000000,accepted,3.2,5,2026-04-28T08:07:00.000000,0,true,true,true,true,0,LABELED,0,,,0,0,LABELED,0,,,true,true,true
824,2025-07-08T00:00:00.000000,3743,2026-06-03T12:22:00.000000,no_response,,1,2026-06-03T12:22:00.000000,0,true,true,true,true,0,LABELED,0,,,0,0,CENSORED,,,,true,false,false
825,2025-10-29T00:00:00.000000,3744,2025-10-31T19:53:39.000000,no_response,6.3,4,2026-02-14T07:49:00.000000,0,true,true,true,true,0,LABELED,0,,,0,0,LABELED,0,,,true,true,true
826,2025-09-24T00:00:00.000000,3748,2025-10-03T14:20:17.000000,rejected,15.9,1,2025-10-03T14:20:17.000000,0,true,true,true,true,0,LABELED,0,,,0,0,LABELED,0,,,true,true,true
827,2025-06-28T00:00:00.000000,3750,2025-06-28T09:09:09.000000,rejected,21.9,4,2026-01-20T17:13:00.000000,0,true,true,true,true,0,LABELED,0,,,0,1,LABELED,0,,,true,true,true
828,2026-06-07T00:00:00.000000,3754,2026-06-07T16:00:21.000000,scheduled_visit,5.4,2,2026-06-16T10:31:13.000000,1,true,true,true,true,1,LABELED,1,3754,2026-06-07T21:24:21.000Z,0,1,CENSORED,,,,false,false,false
829,2025-01-13T00:00:00.000000,3757,2025-01-18T10:04:50.000000,no_response,12.2,3,2026-04-26T13:23:00.000000,0,true,true,true,true,0,AMBIGUOUS,,,,1,0,LABELED,1,3756,2025-01-26T14:21:04.000000,true,true,true
830,2025-08-31T00:00:00.000000,3762,2025-09-11T10:21:41.000000,scheduled_visit,25.2,6,2026-06-11T07:25:00.000000,1,true,true,true,true,1,LABELED,1,3762,2025-09-12T11:33:41.000Z,0,2,LABELED,1,3762,2025-09-11T10:21:41.000000,true,true,true
831,2026-01-06T00:00:00.000000,3764,2026-01-08T17:18:03.000000,no_response,23.2,2,2026-01-17T18:45:51.000000,0,true,true,true,true,0,LABELED,0,,,0,0,LABELED,0,,,true,true,true
832,2025-04-19T00:00:00.000000,3767,2025-06-02T17:20:00.000000,accepted,15.3,3,2026-05-01T08:34:00.000000,0,true,true,true,true,0,LABELED,0,,,0,0,LABELED,0,,,true,true,true
833,2025-03-26T00:00:00.000000,3774,2025-03-26T10:37:32.000000,no_response,2,6,2026-02-06T14:22:00.000000,0,true,true,true,true,0,LABELED,0,,,0,1,LABELED,0,,,true,true,true
834,2025-08-06T00:00:00.000000,3779,2025-08-11T09:43:10.000000,scheduled_visit,4.6,8,2025-08-19T13:37:26.000000,1,true,true,true,true,1,LABELED,1,3779,2025-08-11T14:19:10.000Z,1,1,LABELED,1,3779,2025-08-11T09:43:10.000000,true,true,true
835,2025-03-27T00:00:00.000000,3786,2025-04-04T10:20:22.000000,scheduled_visit,31.2,6,2026-06-04T14:07:00.000000,1,true,true,true,true,1,LABELED,1,3786,2025-04-05T17:32:22.000Z,0,1,LABELED,1,3786,2025-04-04T10:20:22.000000,true,true,true
836,2025-04-08T00:00:00.000000,3790,2025-04-08T10:03:30.000000,accepted,0.5,5,2026-05-10T18:53:00.000000,0,true,true,true,true,0,LABELED,1,3792,2025-04-25T04:13:00.000Z,0,1,LABELED,1,3792,2025-04-23T13:19:00.000000,true,true,true
837,2025-02-27T00:00:00.000000,3794,2025-03-01T10:58:36.000000,scheduled_visit,25.3,8,2026-03-07T08:49:00.000000,1,true,true,true,true,1,LABELED,1,3794,2025-03-02T12:16:36.000Z,0,5,LABELED,1,3794,2025-03-01T10:58:36.000000,true,true,true
838,2026-06-18T00:00:00.000000,3805,2026-06-19T17:50:33.000000,no_response,3.3,5,2026-07-01T19:30:01.000000,0,true,true,false,true,0,CENSORED,,,,0,0,CENSORED,,,,false,false,false
839,2026-04-27T00:00:00.000000,3810,2026-04-27T20:29:42.000000,scheduled_visit,1.5,5,2026-05-08T20:43:05.000000,1,true,true,true,true,1,LABELED,1,3810,2026-04-27T21:59:42.000Z,0,2,LABELED,1,3810,2026-04-27T20:29:42.000000,true,true,true
840,2025-12-06T00:00:00.000000,3812,2025-12-07T16:29:01.000000,accepted,1.9,3,2026-05-02T17:31:00.000000,0,true,true,true,true,0,LABELED,0,,,0,1,LABELED,0,,,true,true,true
841,2025-11-12T00:00:00.000000,3815,2025-11-18T14:05:05.000000,accepted,,5,2026-06-20T09:26:00.000000,0,true,true,true,true,0,LABELED,0,,,0,0,LABELED,0,,,true,true,true
842,2025-07-17T00:00:00.000000,3821,2025-07-26T08:21:19.000000,accepted,1.1,2,2025-12-05T13:43:00.000000,0,true,true,true,true,0,LABELED,0,,,0,0,LABELED,0,,,true,true,true
843,2026-03-16T00:00:00.000000,3823,2026-03-21T09:33:36.000000,scheduled_visit,0.5,4,2026-03-28T11:34:36.000000,1,true,true,true,true,1,LABELED,1,3823,2026-03-21T10:03:36.000Z,0,3,LABELED,1,3823,2026-03-21T09:33:36.000000,true,true,true
844,2025-06-24T00:00:00.000000,3827,2025-06-28T13:10:01.000000,accepted,,6,2026-05-24T18:10:00.000000,0,true,true,true,true,0,LABELED,0,,,0,1,LABELED,0,,,true,true,true
845,2025-01-09T00:00:00.000000,3832,2025-01-18T18:04:51.000000,accepted,3.3,1,2025-01-18T18:04:51.000000,0,true,true,true,true,0,LABELED,0,,,0,0,LABELED,0,,,true,true,true
846,2025-04-18T00:00:00.000000,3837,2025-04-18T10:29:01.000000,no_response,76.8,5,2026-05-07T09:55:00.000000,0,true,true,true,true,0,LABELED,1,3833,2025-04-27T02:34:02.000Z,0,1,LABELED,1,3833,2025-04-26T20:46:02.000000,true,true,true
847,2025-09-17T00:00:00.000000,3839,2025-09-20T15:28:46.000000,no_response,8.1,2,2025-09-29T12:11:21.000000,0,true,true,true,true,0,LABELED,0,,,0,0,LABELED,0,,,true,true,true
848,2025-12-19T00:00:00.000000,3841,2025-12-19T08:53:43.000000,accepted,0.5,5,2026-06-20T17:05:00.000000,0,true,true,true,true,0,LABELED,1,3842,2026-01-01T04:31:22.000Z,0,2,LABELED,1,3842,2025-12-28T19:25:22.000000,true,true,true
849,2025-12-07T00:00:00.000000,3845,2025-12-16T20:32:54.000000,no_response,3.4,2,2025-12-20T14:09:51.000000,0,true,true,true,true,0,LABELED,0,,,0,0,LABELED,0,,,true,true,true
850,2025-08-03T00:00:00.000000,3847,2025-08-09T09:15:36.000000,no_response,20.9,1,2025-08-09T09:15:36.000000,0,true,true,true,true,0,LABELED,0,,,0,0,LABELED,0,,,true,true,true
851,2026-05-15T00:00:00.000000,3848,2026-05-22T09:58:03.000000,scheduled_visit,,1,2026-05-22T09:58:03.000000,1,true,true,true,true,1,AMBIGUOUS,,,,1,0,LABELED,1,3848,2026-05-22T09:58:03.000000,true,true,false
852,2025-06-14T00:00:00.000000,3855,2025-06-15T15:42:55.000000,accepted,14.7,7,2026-06-25T08:48:00.000000,0,true,true,true,true,0,LABELED,0,,,0,0,LABELED,0,,,true,true,true
853,2025-11-24T00:00:00.000000,3860,2025-11-28T18:33:37.000000,accepted,23.1,6,2026-03-15T08:12:00.000000,0,true,true,true,true,0,LABELED,0,,,0,2,LABELED,0,,,true,true,true
854,2025-03-07T00:00:00.000000,3862,2025-03-12T07:41:50.000000,no_response,2.6,2,2025-03-19T08:44:32.000000,0,true,true,true,true,0,LABELED,1,3863,2025-03-21T01:32:32.000Z,0,1,LABELED,1,3863,2025-03-19T08:44:32.000000,true,true,true
855,2025-03-13T00:00:00.000000,3864,2025-07-12T14:05:00.000000,scheduled_visit,11.2,1,2025-07-12T14:05:00.000000,1,true,true,true,true,1,LABELED,1,3864,2025-07-13T01:17:00.000Z,0,1,LABELED,1,3864,2025-07-12T14:05:00.000000,true,true,true
856,2026-05-12T00:00:00.000000,3866,2026-05-14T13:20:57.000000,scheduled_visit,36.3,5,2026-06-05T08:18:00.000000,1,true,true,true,true,1,LABELED,1,3866,2026-05-16T01:38:57.000Z,0,2,LABELED,1,3866,2026-05-14T13:20:57.000000,true,true,true
857,2026-01-23T00:00:00.000000,3870,2026-01-31T12:26:53.000000,no_response,,1,2026-01-31T12:26:53.000000,0,true,true,true,true,0,LABELED,0,,,0,0,LABELED,0,,,true,true,true
858,2025-12-31T00:00:00.000000,3871,2026-01-08T17:52:17.000000,rejected,6.8,2,2026-04-17T16:55:00.000000,0,true,true,true,true,0,LABELED,0,,,0,0,LABELED,0,,,true,true,true
859,2025-07-14T00:00:00.000000,3875,2025-07-16T19:01:56.000000,accepted,4,3,2025-07-26T11:26:17.000000,0,true,true,true,true,0,LABELED,0,,,0,0,LABELED,0,,,true,true,true
860,2026-02-12T00:00:00.000000,3876,2026-02-13T16:02:31.000000,no_response,44.6,6,2026-05-11T18:29:00.000000,0,true,true,true,true,0,LABELED,0,,,0,0,LABELED,0,,,true,true,true
861,2025-05-13T00:00:00.000000,3885,2025-05-17T14:11:47.000000,no_response,22.4,5,2026-01-14T15:44:00.000000,0,true,true,true,true,0,LABELED,0,,,0,0,LABELED,0,,,true,true,true
862,2025-12-10T00:00:00.000000,3889,2025-12-11T11:50:24.000000,accepted,,5,2026-04-11T15:38:00.000000,0,true,true,true,true,0,LABELED,0,,,0,0,LABELED,0,,,true,true,true
863,2026-04-09T00:00:00.000000,3893,2026-04-18T19:21:47.000000,no_response,2.1,3,2026-06-01T11:52:00.000000,0,true,true,true,true,0,LABELED,0,,,0,0,LABELED,0,,,true,true,true
864,2026-03-16T00:00:00.000000,3901,2026-03-16T10:57:55.000000,accepted,26.7,8,2026-06-04T18:18:00.000000,0,true,true,true,true,0,LABELED,1,3900,2026-03-29T04:12:59.000Z,0,1,LABELED,1,3900,2026-03-28T19:48:59.000000,true,true,true
865,2025-11-02T00:00:00.000000,3903,2025-11-02T16:22:05.000000,accepted,0.9,3,2025-11-10T18:45:49.000000,0,true,true,true,true,0,LABELED,0,,,0,0,LABELED,0,,,true,true,true
866,2025-07-01T00:00:00.000000,3907,2025-07-05T10:54:02.000000,rejected,0.8,7,2026-06-09T12:40:00.000000,0,true,true,true,true,0,LABELED,1,3911,2025-07-06T00:32:04.000Z,0,2,LABELED,1,3911,2025-07-05T17:50:04.000000,true,true,true
867,2025-09-26T00:00:00.000000,3913,2025-10-05T20:19:58.000000,no_response,0.5,4,2026-06-14T10:49:00.000000,0,true,true,true,true,0,LABELED,0,,,0,0,LABELED,0,,,true,true,true
868,2026-06-26T00:00:00.000000,3917,2026-07-07T09:21:21.000000,rejected,,1,2026-07-07T09:21:21.000000,0,false,false,false,false,,CENSORED,,,,0,0,CENSORED,,,,false,false,false
869,2026-04-05T00:00:00.000000,3919,2026-04-06T09:24:57.000000,accepted,37.2,2,2026-04-12T19:54:39.000000,0,true,true,true,true,0,LABELED,0,,,0,0,LABELED,0,,,true,true,true
870,2025-01-31T00:00:00.000000,3923,2025-02-06T20:15:28.000000,rejected,6.1,6,2026-04-12T07:14:00.000000,0,true,true,true,true,0,LABELED,0,,,0,0,LABELED,0,,,true,true,true
871,2026-05-29T00:00:00.000000,3930,2026-05-30T12:07:52.000000,accepted,14.7,5,2026-06-09T08:32:09.000000,0,true,true,true,true,0,LABELED,0,,,0,0,LABELED,0,,,true,true,false
872,2026-05-31T00:00:00.000000,3931,2026-06-04T10:05:49.000000,accepted,3.5,3,2026-06-11T19:45:51.000000,0,true,true,true,true,0,LABELED,0,,,0,0,CENSORED,,,,true,false,false
873,2025-12-15T00:00:00.000000,3934,2025-12-15T08:42:15.000000,scheduled_visit,11.1,2,2026-05-12T11:29:00.000000,1,true,true,true,true,1,LABELED,1,3934,2025-12-15T19:48:15.000Z,0,1,LABELED,1,3934,2025-12-15T08:42:15.000000,true,true,true
874,2025-10-24T00:00:00.000000,3936,2025-10-28T11:33:54.000000,accepted,12.2,3,2026-05-08T20:54:00.000000,0,true,true,true,true,0,LABELED,0,,,0,0,LABELED,0,,,true,true,true
875,2026-04-07T00:00:00.000000,3941,2026-04-08T14:19:21.000000,rejected,47.8,3,2026-06-29T14:35:00.000000,0,true,true,true,true,0,LABELED,0,,,0,0,LABELED,0,,,true,true,true
876,2025-06-30T00:00:00.000000,3943,2025-06-30T10:07:47.000000,rejected,11.7,6,2026-05-28T19:53:00.000000,0,true,true,true,true,0,LABELED,1,3944,2025-07-08T09:17:39.000Z,0,3,LABELED,1,3944,2025-07-08T08:47:39.000000,true,true,true
877,2025-08-19T00:00:00.000000,3948,2025-08-20T08:02:55.000000,rejected,15.7,6,2025-09-01T08:07:20.000000,0,true,true,true,true,0,LABELED,0,,,0,0,LABELED,0,,,true,true,true
878,2025-06-15T00:00:00.000000,3957,2025-06-20T11:01:24.000000,accepted,,8,2025-09-11T16:10:00.000000,0,true,true,true,true,0,LABELED,0,,,0,0,LABELED,0,,,true,true,true
879,2026-05-09T00:00:00.000000,3963,2026-05-11T11:02:07.000000,no_response,,3,2026-05-14T20:03:49.000000,0,true,true,true,true,0,LABELED,1,3964,2026-05-14T23:51:49.000Z,0,2,LABELED,1,3962,2026-05-14T08:27:42.000000,true,true,true
880,2025-11-18T00:00:00.000000,3965,2025-11-25T07:41:36.000000,no_response,18.9,3,2025-11-30T07:19:40.000000,0,true,true,true,true,0,LABELED,0,,,0,0,LABELED,0,,,true,true,true
881,2026-01-28T00:00:00.000000,3974,2026-01-28T16:14:24.000000,accepted,,8,2026-05-12T16:49:00.000000,0,true,true,true,true,0,LABELED,1,3975,2026-02-06T06:44:37.000Z,0,2,LABELED,1,3975,2026-02-05T14:44:37.000000,true,true,true
882,2025-01-29T00:00:00.000000,3978,2025-08-16T13:11:00.000000,accepted,19,3,2026-04-17T13:29:00.000000,0,true,true,true,true,0,LABELED,0,,,0,1,LABELED,0,,,true,true,true
883,2026-05-13T00:00:00.000000,3980,2026-05-15T17:54:48.000000,accepted,10.9,2,2026-05-23T12:43:37.000000,0,true,true,true,true,0,LABELED,0,,,0,0,LABELED,0,,,true,true,false
884,2025-12-01T00:00:00.000000,3982,2025-12-10T15:57:02.000000,accepted,0.5,2,2025-12-11T17:07:44.000000,0,true,true,true,true,0,LABELED,0,,,0,0,LABELED,0,,,true,true,true
885,2026-04-17T00:00:00.000000,3985,2026-04-18T07:11:52.000000,accepted,11.5,3,2026-04-28T09:06:54.000000,0,true,true,true,true,0,LABELED,0,,,0,0,LABELED,0,,,true,true,true
886,2025-02-12T00:00:00.000000,3989,2025-02-12T10:20:00.000000,accepted,,6,2025-07-14T16:52:00.000000,0,true,true,true,true,0,LABELED,0,,,0,1,LABELED,0,,,true,true,true
887,2025-07-14T00:00:00.000000,3992,2025-07-18T15:24:03.000000,accepted,,2,2025-07-20T19:12:57.000000,0,true,true,true,true,0,LABELED,0,,,0,0,LABELED,0,,,true,true,true
888,2025-11-21T00:00:00.000000,3996,2025-11-21T17:09:02.000000,scheduled_visit,32.4,7,2026-03-09T12:17:00.000000,1,true,true,true,true,1,LABELED,1,3996,2025-11-23T01:33:02.000Z,1,1,LABELED,1,3996,2025-11-21T17:09:02.000000,true,true,true
889,2026-04-28T00:00:00.000000,4003,2026-04-29T11:31:30.000000,no_response,9.3,4,2026-06-29T17:40:00.000000,0,true,true,true,true,0,LABELED,1,4001,2026-05-10T08:19:50.000Z,0,1,LABELED,1,4001,2026-05-08T16:43:50.000000,true,true,true
890,2026-05-16T00:00:00.000000,4005,2026-05-19T15:09:00.000000,no_response,4.9,1,2026-05-19T15:09:00.000000,0,true,true,true,true,0,LABELED,0,,,0,0,LABELED,0,,,true,true,false
891,2025-10-24T00:00:00.000000,4010,2025-10-28T07:15:42.000000,no_response,3.6,6,2026-06-05T10:11:00.000000,0,true,true,true,true,0,LABELED,0,,,0,0,LABELED,0,,,true,true,true
892,2025-09-16T00:00:00.000000,4014,2025-09-24T08:35:37.000000,accepted,,3,2026-05-08T09:41:00.000000,0,true,true,true,true,0,LABELED,0,,,0,0,LABELED,0,,,true,true,true
893,2026-03-11T00:00:00.000000,4019,2026-03-11T19:46:04.000000,accepted,17.1,8,2026-06-28T13:42:00.000000,0,true,true,true,true,0,AMBIGUOUS,,,,1,1,LABELED,1,4022,2026-03-12T18:05:17.000000,true,true,true
894,2026-02-02T00:00:00.000000,4028,2026-02-02T17:50:58.000000,accepted,15.5,8,2026-02-14T11:29:49.000000,0,true,true,true,true,0,LABELED,1,4024,2026-02-11T09:17:17.000Z,0,2,LABELED,1,4024,2026-02-10T20:29:17.000000,true,true,true
895,2026-01-23T00:00:00.000000,4031,2026-03-23T11:45:00.000000,no_response,18.8,1,2026-03-23T11:45:00.000000,0,true,true,true,true,0,LABELED,0,,,0,0,LABELED,0,,,true,true,true
896,2025-01-08T00:00:00.000000,4034,2025-01-18T14:39:17.000000,scheduled_visit,3.9,6,2026-03-10T17:01:00.000000,1,true,true,true,true,1,LABELED,1,4034,2025-01-18T18:33:17.000Z,0,3,LABELED,1,4034,2025-01-18T14:39:17.000000,true,true,true
897,2026-05-20T00:00:00.000000,4038,2026-05-20T15:07:24.000000,accepted,0.5,1,2026-05-20T15:07:24.000000,0,true,true,true,true,0,LABELED,0,,,0,0,LABELED,0,,,true,true,false
898,2025-01-20T00:00:00.000000,4045,2025-01-21T10:56:10.000000,scheduled_visit,17.3,8,2025-10-04T08:10:00.000000,1,true,true,true,true,1,LABELED,1,4045,2025-01-22T04:14:10.000Z,0,1,LABELED,1,4045,2025-01-21T10:56:10.000000,true,true,true
899,2026-01-20T00:00:00.000000,4049,2026-01-21T08:58:26.000000,accepted,0.5,3,2026-01-30T13:54:09.000000,0,true,true,true,true,0,LABELED,1,4048,2026-01-31T14:12:09.000Z,0,1,LABELED,1,4048,2026-01-30T13:54:09.000000,true,true,true
900,2025-12-28T00:00:00.000000,4050,2026-01-02T19:12:20.000000,accepted,1.7,1,2026-01-02T19:12:20.000000,0,true,true,true,true,0,LABELED,0,,,0,0,LABELED,0,,,true,true,true
901,2026-01-29T00:00:00.000000,4052,2026-02-05T09:43:55.000000,no_response,10.2,5,2026-04-29T08:21:00.000000,0,true,true,true,true,0,LABELED,1,4053,2026-02-10T16:30:59.000Z,0,3,LABELED,1,4053,2026-02-09T16:12:59.000000,true,true,true
902,2026-05-22T00:00:00.000000,4058,2026-05-25T12:40:05.000000,scheduled_visit,16.2,5,2026-06-04T08:40:50.000000,1,true,true,true,true,1,LABELED,1,4058,2026-05-26T04:52:05.000Z,0,3,LABELED,1,4058,2026-05-25T12:40:05.000000,true,true,false
903,2026-06-29T00:00:00.000000,4061,2026-07-04T14:47:33.000000,scheduled_visit,0.7,1,2026-07-04T14:47:33.000000,1,true,false,false,false,,CENSORED,,,,0,0,CENSORED,,,,false,false,false
904,2025-03-12T00:00:00.000000,4063,2025-03-12T15:21:21.000000,rejected,32.4,6,2026-04-02T15:59:00.000000,0,true,true,true,true,0,LABELED,0,,,0,1,LABELED,0,,,true,true,true
905,2026-04-20T00:00:00.000000,4070,2026-04-22T14:25:58.000000,scheduled_visit,,4,2026-05-01T14:56:47.000000,1,true,true,true,true,1,AMBIGUOUS,,,,1,0,LABELED,1,4070,2026-04-22T14:25:58.000000,true,true,true
906,2025-11-07T00:00:00.000000,4073,2025-11-14T20:31:00.000000,rejected,1.1,3,2026-02-15T19:34:00.000000,0,true,true,true,true,0,LABELED,0,,,0,1,LABELED,0,,,true,true,true
907,2025-12-01T00:00:00.000000,4077,2025-12-02T17:30:04.000000,scheduled_visit,13,4,2026-05-07T17:59:00.000000,1,true,true,true,true,1,LABELED,1,4077,2025-12-03T06:30:04.000Z,0,2,LABELED,1,4077,2025-12-02T17:30:04.000000,true,true,true
908,2026-06-24T00:00:00.000000,4081,2026-06-27T16:01:13.000000,accepted,11.3,4,2026-07-06T18:00:27.000000,0,true,true,false,true,0,CENSORED,,,,0,0,CENSORED,,,,false,false,false
909,2026-02-13T00:00:00.000000,4085,2026-02-15T19:38:35.000000,scheduled_visit,0.5,5,2026-06-09T12:22:00.000000,1,true,true,true,true,1,LABELED,1,4085,2026-02-15T20:08:35.000Z,0,3,LABELED,1,4085,2026-02-15T19:38:35.000000,true,true,true
910,2026-05-22T00:00:00.000000,4088,2026-05-25T20:46:19.000000,rejected,4.6,4,2026-06-08T13:00:00.000000,0,true,true,true,true,0,LABELED,0,,,0,0,LABELED,0,,,true,true,false
911,2025-05-20T00:00:00.000000,4098,2025-05-21T15:07:46.000000,scheduled_visit,5.5,7,2026-06-02T07:23:00.000000,1,true,true,true,true,1,LABELED,1,4098,2025-05-21T20:37:46.000Z,0,3,LABELED,1,4098,2025-05-21T15:07:46.000000,true,true,true
912,2026-04-04T00:00:00.000000,4100,2026-04-05T11:28:44.000000,accepted,0.5,5,2026-04-17T17:13:16.000000,0,true,true,true,true,0,LABELED,1,4101,2026-04-17T22:19:16.000Z,1,1,LABELED,1,4102,2026-04-16T14:26:29.000000,true,true,true
913,2025-10-27T00:00:00.000000,4104,2025-11-10T14:58:00.000000,no_response,,1,2025-11-10T14:58:00.000000,0,true,true,true,true,0,LABELED,0,,,0,0,LABELED,0,,,true,true,true
914,2025-04-23T00:00:00.000000,4107,2025-05-06T19:40:45.000000,accepted,,3,2026-04-21T12:42:00.000000,0,true,true,true,true,0,LABELED,0,,,0,0,LABELED,0,,,true,true,true
915,2026-06-20T00:00:00.000000,4111,2026-06-21T16:08:39.000000,rejected,0.5,7,2026-07-03T10:52:21.000000,0,true,true,false,true,0,CENSORED,,,,0,0,CENSORED,,,,false,false,false
916,2025-06-24T00:00:00.000000,4116,2025-06-27T11:29:20.000000,rejected,,2,2025-07-05T10:26:35.000000,0,true,true,true,true,0,LABELED,0,,,0,0,LABELED,0,,,true,true,true
917,2025-04-04T00:00:00.000000,4118,2025-04-05T07:55:28.000000,accepted,31.2,2,2025-04-12T16:10:18.000000,0,true,true,true,true,0,LABELED,0,,,0,0,LABELED,0,,,true,true,true
918,2025-11-19T00:00:00.000000,4119,2025-11-19T10:01:37.000000,rejected,53.8,7,2026-05-18T12:21:00.000000,0,true,true,true,true,0,LABELED,0,,,0,1,LABELED,0,,,true,true,true
919,2026-05-05T00:00:00.000000,4133,2026-05-05T14:00:03.000000,no_response,0.5,8,2026-06-12T14:12:00.000000,0,true,true,true,true,0,AMBIGUOUS,,,,1,0,LABELED,1,4127,2026-05-18T10:28:17.000000,true,true,true
920,2025-09-22T00:00:00.000000,4135,2025-09-25T20:15:51.000000,accepted,4.8,6,2026-06-07T09:25:00.000000,0,true,true,true,true,0,LABELED,0,,,0,0,LABELED,0,,,true,true,true
921,2026-02-10T00:00:00.000000,4143,2026-02-12T20:08:45.000000,accepted,1.7,5,2026-05-04T16:37:00.000000,0,true,true,true,true,0,LABELED,1,4142,2026-02-24T13:43:56.000Z,0,1,LABELED,1,4142,2026-02-23T16:13:56.000000,true,true,true
922,2026-06-06T00:00:00.000000,4147,2026-06-08T07:26:47.000000,accepted,,6,2026-06-16T08:07:24.000000,0,true,true,true,true,0,LABELED,1,4149,2026-06-15T22:38:13.000Z,0,2,CENSORED,,,,false,false,false
923,2025-06-07T00:00:00.000000,4151,2025-07-03T14:19:00.000000,accepted,1,1,2025-07-03T14:19:00.000000,0,true,true,true,true,0,LABELED,0,,,0,0,LABELED,0,,,true,true,true
924,2025-01-20T00:00:00.000000,4152,2025-02-01T20:07:52.000000,accepted,6.7,7,2026-01-18T09:22:00.000000,0,true,true,true,true,0,LABELED,0,,,0,1,LABELED,0,,,true,true,true
925,2026-06-01T00:00:00.000000,4160,2026-06-05T08:36:45.000000,accepted,16,2,2026-06-10T17:10:52.000000,0,true,true,true,true,0,LABELED,1,4159,2026-06-11T04:40:52.000Z,0,1,CENSORED,,,,true,false,false
926,2026-01-08T00:00:00.000000,4166,2026-01-13T13:16:34.000000,rejected,14.8,8,2026-05-08T11:42:00.000000,0,true,true,true,true,0,LABELED,1,4162,2026-01-14T18:08:28.000Z,1,2,LABELED,1,4162,2026-01-14T17:38:28.000000,true,true,true
927,2025-08-21T00:00:00.000000,4169,2025-08-21T11:22:12.000000,accepted,28.2,7,2026-06-07T17:33:00.000000,0,true,true,true,true,0,LABELED,0,,,0,0,LABELED,0,,,true,true,true
928,2026-03-31T00:00:00.000000,4181,2026-04-05T13:37:46.000000,no_response,,7,2026-04-20T09:39:00.000000,0,true,true,true,true,0,LABELED,1,4182,2026-04-06T23:37:18.000Z,0,2,LABELED,1,4182,2026-04-06T17:13:18.000000,true,true,true
929,2025-09-15T00:00:00.000000,4183,2025-09-22T20:46:45.000000,accepted,56.7,1,2025-09-22T20:46:45.000000,0,true,true,true,true,0,LABELED,0,,,0,0,LABELED,0,,,true,true,true
930,2026-05-13T00:00:00.000000,4185,2026-05-14T16:11:12.000000,scheduled_visit,,5,2026-06-22T18:22:00.000000,1,true,true,true,true,1,LABELED,1,4188,2026-05-25T17:16:27.000Z,1,1,LABELED,1,4185,2026-05-14T16:11:12.000000,true,true,true
931,2025-09-21T00:00:00.000000,4190,2025-09-21T12:13:24.000000,scheduled_visit,,4,2025-10-21T16:08:00.000000,1,true,true,true,true,1,AMBIGUOUS,,,,2,0,LABELED,1,4190,2025-09-21T12:13:24.000000,true,true,true
932,2025-06-01T00:00:00.000000,4199,2025-06-02T14:47:02.000000,no_response,0.9,7,2026-06-07T14:16:00.000000,0,true,true,true,true,0,LABELED,1,4195,2025-06-21T07:18:00.000Z,0,2,LABELED,1,4195,2025-06-19T17:30:00.000000,true,true,true
933,2025-04-17T00:00:00.000000,4204,2025-04-20T20:41:55.000000,accepted,1.7,5,2026-01-02T19:36:00.000000,0,true,true,true,true,0,LABELED,0,,,0,0,LABELED,0,,,true,true,true
934,2025-05-16T00:00:00.000000,4207,2025-05-22T07:45:35.000000,no_response,27.5,8,2026-06-27T19:13:00.000000,0,true,true,true,true,0,LABELED,0,,,0,1,LABELED,0,,,true,true,true
935,2025-12-15T00:00:00.000000,4217,2025-12-21T10:19:07.000000,scheduled_visit,29.2,5,2025-12-28T12:03:57.000000,1,true,true,true,true,1,LABELED,1,4217,2025-12-22T15:31:07.000Z,0,1,LABELED,1,4217,2025-12-21T10:19:07.000000,true,true,true
936,2025-03-24T00:00:00.000000,4218,2026-01-18T12:18:00.000000,no_response,0.5,1,2026-01-18T12:18:00.000000,0,true,true,true,true,0,LABELED,0,,,0,0,LABELED,0,,,true,true,true
937,2025-10-13T00:00:00.000000,4223,2025-10-20T07:18:13.000000,rejected,17.3,8,2026-03-10T15:19:00.000000,0,true,true,true,true,0,LABELED,1,4222,2025-10-26T19:18:53.000Z,0,2,LABELED,1,4225,2025-10-25T10:08:10.000000,true,true,true
938,2025-02-27T00:00:00.000000,4231,2025-02-28T09:42:12.000000,no_response,8.4,5,2026-03-28T15:37:00.000000,0,true,true,true,true,0,LABELED,0,,,0,1,LABELED,0,,,true,true,true
939,2026-06-22T00:00:00.000000,4232,2026-06-24T07:22:19.000000,scheduled_visit,,3,2026-07-03T07:51:15.000000,1,true,true,false,true,1,CENSORED,,,,0,0,CENSORED,,,,false,false,false
940,2025-03-07T00:00:00.000000,4235,2026-05-26T13:04:00.000000,accepted,0.6,1,2026-05-26T13:04:00.000000,0,true,true,true,true,0,LABELED,0,,,0,0,LABELED,0,,,true,true,false
941,2026-02-27T00:00:00.000000,4237,2026-03-03T08:24:27.000000,accepted,,2,2026-03-04T20:17:40.000000,0,true,true,true,true,0,LABELED,0,,,0,0,LABELED,0,,,true,true,true
942,2025-08-02T00:00:00.000000,4238,2025-08-02T17:07:43.000000,accepted,19.7,6,2026-03-18T16:33:00.000000,0,true,true,true,true,0,LABELED,0,,,0,0,LABELED,0,,,true,true,true
943,2025-08-28T00:00:00.000000,4245,2025-09-05T16:17:07.000000,scheduled_visit,8.1,3,2026-01-17T08:09:00.000000,1,true,true,true,true,1,LABELED,1,4245,2025-09-06T00:23:07.000Z,0,3,LABELED,1,4245,2025-09-05T16:17:07.000000,true,true,true
944,2025-02-19T00:00:00.000000,4252,2025-02-19T08:59:12.000000,accepted,11.2,8,2026-06-18T16:35:00.000000,0,true,true,true,true,0,LABELED,0,,,0,0,LABELED,0,,,true,true,true
945,2026-05-01T00:00:00.000000,4257,2026-05-03T11:46:32.000000,accepted,24.5,6,2026-05-12T07:10:00.000000,0,true,true,true,true,0,LABELED,0,,,0,0,LABELED,0,,,true,true,true
946,2026-06-12T00:00:00.000000,4265,2026-06-13T16:15:19.000000,accepted,0.5,7,2026-06-24T15:37:51.000000,0,true,true,true,true,0,LABELED,0,,,0,0,CENSORED,,,,false,false,false
947,2026-05-20T00:00:00.000000,4268,2026-05-25T16:22:58.000000,scheduled_visit,8.3,1,2026-05-25T16:22:58.000000,1,true,true,true,true,1,LABELED,1,4268,2026-05-26T00:40:58.000Z,0,1,LABELED,1,4268,2026-05-25T16:22:58.000000,true,true,false
948,2026-05-26T00:00:00.000000,4270,2026-05-30T20:35:36.000000,rejected,0.7,4,2026-06-03T16:52:36.000000,0,true,true,true,true,0,LABELED,1,4272,2026-06-02T01:36:38.000Z,0,1,CENSORED,,,,true,false,false
949,2025-11-09T00:00:00.000000,4276,2025-11-10T11:11:57.000000,no_response,6.3,5,2026-06-05T15:01:00.000000,0,true,true,true,true,0,LABELED,0,,,0,0,LABELED,0,,,true,true,true
950,2026-06-22T00:00:00.000000,4282,2026-06-23T07:08:10.000000,accepted,25.6,5,2026-07-01T13:39:30.000000,0,true,true,false,true,0,CENSORED,,,,0,0,CENSORED,,,,false,false,false
951,2026-06-09T00:00:00.000000,4284,2026-06-14T08:15:34.000000,no_response,28.8,2,2026-06-22T20:17:35.000000,0,true,true,false,true,0,CENSORED,,,,0,0,CENSORED,,,,false,false,false
952,2026-02-13T00:00:00.000000,4285,2026-02-20T16:34:36.000000,no_response,30.9,1,2026-02-20T16:34:36.000000,0,true,true,true,true,0,LABELED,0,,,0,0,LABELED,0,,,true,true,true
953,2025-10-11T00:00:00.000000,4286,2025-10-13T13:32:56.000000,no_response,15.2,6,2026-05-08T10:57:00.000000,0,true,true,true,true,0,LABELED,0,,,0,1,LABELED,0,,,true,true,true
954,2025-04-22T00:00:00.000000,4293,2025-05-01T09:45:55.000000,scheduled_visit,,2,2025-05-07T07:11:00.000000,1,true,true,true,true,1,AMBIGUOUS,,,,1,0,LABELED,1,4293,2025-05-01T09:45:55.000000,true,true,true
955,2025-04-30T00:00:00.000000,4296,2025-05-03T15:51:21.000000,accepted,18.2,6,2026-06-06T10:47:00.000000,0,true,true,true,true,0,LABELED,1,4295,2025-05-07T23:34:45.000Z,0,3,LABELED,1,4295,2025-05-07T19:28:45.000000,true,true,true
956,2025-09-13T00:00:00.000000,4301,2025-09-18T10:11:48.000000,accepted,2.8,3,2025-10-20T16:57:00.000000,0,true,true,true,true,0,LABELED,0,,,0,0,LABELED,0,,,true,true,true
957,2025-10-14T00:00:00.000000,4305,2025-10-20T08:53:07.000000,accepted,,3,2025-10-22T15:28:44.000000,0,true,true,true,true,0,LABELED,0,,,0,0,LABELED,0,,,true,true,true
958,2025-12-06T00:00:00.000000,4306,2025-12-11T07:56:51.000000,scheduled_visit,11.1,4,2026-05-28T17:18:00.000000,1,true,true,true,true,1,LABELED,1,4306,2025-12-11T19:02:51.000Z,0,1,LABELED,1,4306,2025-12-11T07:56:51.000000,true,true,true
959,2025-09-24T00:00:00.000000,4311,2025-10-13T07:01:00.000000,no_response,4.1,4,2026-06-11T07:08:00.000000,0,true,true,true,true,0,LABELED,0,,,0,1,LABELED,0,,,true,true,true
960,2026-02-25T00:00:00.000000,4315,2026-02-27T15:12:11.000000,rejected,5.3,2,2026-03-10T18:47:42.000000,0,true,true,true,true,0,LABELED,0,,,0,0,LABELED,0,,,true,true,true
961,2025-10-07T00:00:00.000000,4318,2025-10-09T18:35:31.000000,rejected,2.6,8,2026-04-23T07:56:00.000000,0,true,true,true,true,0,LABELED,0,,,0,2,LABELED,0,,,true,true,true
962,2026-02-01T00:00:00.000000,4326,2026-02-01T11:52:17.000000,accepted,3.1,6,2026-06-05T12:59:00.000000,0,true,true,true,true,0,LABELED,1,4328,2026-02-03T12:41:19.000Z,0,3,LABELED,1,4328,2026-02-03T10:05:19.000000,true,true,true
963,2025-04-06T00:00:00.000000,4332,2025-04-10T09:05:36.000000,scheduled_visit,,6,2026-03-10T09:12:00.000000,1,true,true,true,true,1,AMBIGUOUS,,,,1,2,LABELED,1,4332,2025-04-10T09:05:36.000000,true,true,true
964,2026-01-14T00:00:00.000000,4337,2026-01-15T07:50:52.000000,accepted,,5,2026-04-25T20:28:00.000000,0,true,true,true,true,0,LABELED,0,,,0,0,LABELED,0,,,true,true,true
965,2025-04-22T00:00:00.000000,4343,2025-04-30T16:09:53.000000,scheduled_visit,1.6,6,2026-03-12T18:19:00.000000,1,true,true,true,true,1,LABELED,1,4343,2025-04-30T17:45:53.000Z,0,5,LABELED,1,4343,2025-04-30T16:09:53.000000,true,true,true
966,2025-10-10T00:00:00.000000,4348,2025-10-11T11:35:57.000000,no_response,16.6,3,2025-10-17T08:55:39.000000,0,true,true,true,true,0,LABELED,1,4349,2025-10-17T19:25:39.000Z,0,1,LABELED,1,4349,2025-10-17T08:55:39.000000,true,true,true
967,2025-08-04T00:00:00.000000,4351,2025-11-05T13:31:00.000000,accepted,32.5,2,2026-03-05T17:36:00.000000,0,true,true,true,true,0,LABELED,0,,,0,0,LABELED,0,,,true,true,true
968,2025-04-25T00:00:00.000000,4355,2025-10-30T18:07:00.000000,scheduled_visit,11.3,4,2026-05-31T17:04:00.000000,1,true,true,true,true,1,LABELED,1,4355,2025-10-31T05:25:00.000Z,0,1,LABELED,1,4355,2025-10-30T18:07:00.000000,true,true,true
969,2026-02-17T00:00:00.000000,4359,2026-02-17T08:03:20.000000,accepted,23.2,7,2026-06-27T09:01:00.000000,0,true,true,true,true,0,LABELED,0,,,0,1,LABELED,0,,,true,true,true
970,2026-04-08T00:00:00.000000,4364,2026-04-13T15:34:03.000000,scheduled_visit,,6,2026-04-28T09:52:00.000000,1,true,true,true,true,1,AMBIGUOUS,,,,1,0,LABELED,1,4364,2026-04-13T15:34:03.000000,true,true,true
971,2025-05-07T00:00:00.000000,4370,2025-05-13T19:49:24.000000,no_response,5.7,3,2026-05-02T08:36:00.000000,0,true,true,true,true,0,LABELED,0,,,0,0,LABELED,0,,,true,true,true
972,2026-01-16T00:00:00.000000,4373,2026-01-25T18:21:41.000000,scheduled_visit,4.2,3,2026-02-27T13:13:00.000000,1,true,true,true,true,1,LABELED,1,4373,2026-01-25T22:33:41.000Z,0,1,LABELED,1,4373,2026-01-25T18:21:41.000000,true,true,true
973,2025-02-14T00:00:00.000000,4376,2025-03-13T11:18:00.000000,no_response,26.4,4,2026-06-03T19:43:00.000000,0,true,true,true,true,0,LABELED,0,,,0,1,LABELED,0,,,true,true,true
974,2025-09-03T00:00:00.000000,4382,2025-09-08T07:07:53.000000,accepted,3.7,4,2026-06-05T15:15:00.000000,0,true,true,true,true,0,LABELED,1,4380,2025-09-15T12:34:00.000Z,0,1,LABELED,1,4380,2025-09-15T10:46:00.000000,true,true,true
975,2025-05-26T00:00:00.000000,4385,2025-05-30T20:18:39.000000,accepted,7.5,3,2026-05-20T10:36:00.000000,0,true,true,true,true,0,LABELED,0,,,0,0,LABELED,0,,,true,true,true
976,2025-02-14T00:00:00.000000,4386,2026-06-24T18:57:00.000000,accepted,,1,2026-06-24T18:57:00.000000,0,true,true,false,true,0,CENSORED,,,,0,0,CENSORED,,,,false,false,false
977,2025-08-05T00:00:00.000000,4394,2025-08-05T08:04:03.000000,accepted,12.3,8,2026-04-28T13:05:00.000000,0,true,true,true,true,0,LABELED,1,4390,2025-08-08T05:09:43.000Z,0,2,LABELED,1,4390,2025-08-07T10:45:43.000000,true,true,true
978,2026-02-17T00:00:00.000000,4397,2026-02-18T20:35:26.000000,accepted,35,8,2026-03-02T10:52:40.000000,0,true,true,true,true,0,LABELED,0,,,0,0,LABELED,0,,,true,true,true
979,2025-01-31T00:00:00.000000,4406,2025-02-01T11:40:09.000000,accepted,1.8,8,2025-12-27T12:48:00.000000,0,true,true,true,true,0,LABELED,0,,,0,2,LABELED,0,,,true,true,true
980,2025-11-05T00:00:00.000000,4411,2025-11-15T10:54:28.000000,no_response,1.7,2,2025-11-16T12:15:16.000000,0,true,true,true,true,0,LABELED,1,4412,2025-11-17T18:51:16.000Z,0,1,LABELED,1,4412,2025-11-16T12:15:16.000000,true,true,true
981,2025-08-12T00:00:00.000000,4414,2025-08-17T12:13:28.000000,rejected,4.9,3,2026-01-22T16:44:00.000000,0,true,true,true,true,0,LABELED,0,,,0,1,LABELED,0,,,true,true,true
982,2025-05-07T00:00:00.000000,4420,2025-05-11T09:42:02.000000,no_response,8.5,7,2026-02-27T07:55:00.000000,0,true,true,true,true,0,LABELED,0,,,0,0,LABELED,0,,,true,true,true
983,2025-11-17T00:00:00.000000,4425,2025-11-19T08:47:31.000000,rejected,15.4,4,2026-06-08T14:45:00.000000,0,true,true,true,true,0,LABELED,0,,,0,0,LABELED,0,,,true,true,true
984,2025-12-20T00:00:00.000000,4430,2025-12-24T13:47:12.000000,accepted,1.8,5,2026-06-11T07:39:00.000000,0,true,true,true,true,0,LABELED,0,,,0,2,LABELED,0,,,true,true,true
985,2026-03-27T00:00:00.000000,4435,2026-03-29T15:29:36.000000,accepted,15.2,5,2026-04-09T12:44:55.000000,0,true,true,true,true,0,AMBIGUOUS,,,,1,0,LABELED,1,4434,2026-04-07T14:32:51.000000,true,true,true
986,2025-08-18T00:00:00.000000,4439,2025-08-19T18:59:27.000000,no_response,14.1,8,2026-06-16T14:02:00.000000,0,true,true,true,true,0,LABELED,1,4444,2025-09-15T19:01:00.000Z,0,2,LABELED,1,4444,2025-09-15T12:13:00.000000,true,true,true
987,2025-09-22T00:00:00.000000,4446,2025-09-23T09:42:47.000000,accepted,4.4,6,2026-05-28T15:33:00.000000,0,true,true,true,true,0,LABELED,0,,,0,1,LABELED,0,,,true,true,true
988,2025-08-05T00:00:00.000000,4454,2025-08-05T07:57:43.000000,rejected,,7,2026-05-29T16:03:00.000000,0,true,true,true,true,0,LABELED,0,,,0,0,LABELED,0,,,true,true,true
989,2026-02-04T00:00:00.000000,4458,2026-05-04T13:02:00.000000,accepted,2.3,1,2026-05-04T13:02:00.000000,0,true,true,true,true,0,LABELED,0,,,0,0,LABELED,0,,,true,true,true
990,2025-05-18T00:00:00.000000,4463,2025-05-18T17:15:36.000000,rejected,,6,2026-02-18T13:53:00.000000,0,true,true,true,true,0,LABELED,0,,,0,0,LABELED,0,,,true,true,true
991,2026-01-06T00:00:00.000000,4471,2026-01-12T07:07:08.000000,accepted,,7,2026-01-17T08:45:18.000000,0,true,true,true,true,0,LABELED,0,,,0,0,LABELED,0,,,true,true,true
992,2026-04-13T00:00:00.000000,4472,2026-04-13T12:45:23.000000,accepted,8.4,1,2026-04-13T12:45:23.000000,0,true,true,true,true,0,LABELED,0,,,0,0,LABELED,0,,,true,true,true
993,2025-10-23T00:00:00.000000,4476,2025-10-25T17:25:27.000000,rejected,4.5,4,2025-11-05T10:30:12.000000,0,true,true,true,true,0,LABELED,1,4473,2025-11-01T19:23:25.000Z,0,1,LABELED,1,4473,2025-11-01T11:23:25.000000,true,true,true
994,2025-05-30T00:00:00.000000,4481,2025-06-07T07:47:27.000000,scheduled_visit,14.2,7,2026-04-07T16:35:00.000000,1,true,true,true,true,1,LABELED,1,4481,2025-06-07T21:59:27.000Z,0,2,LABELED,1,4481,2025-06-07T07:47:27.000000,true,true,true
995,2025-11-02T00:00:00.000000,4486,2025-11-08T19:44:24.000000,accepted,65.9,6,2026-03-20T10:21:00.000000,0,true,true,true,true,0,LABELED,0,,,0,1,LABELED,0,,,true,true,true
996,2025-08-22T00:00:00.000000,4490,2025-09-02T18:32:08.000000,accepted,,7,2026-06-14T11:55:00.000000,0,true,true,true,true,0,LABELED,0,,,0,0,LABELED,0,,,true,true,true
997,2025-06-09T00:00:00.000000,4498,2026-01-12T10:04:00.000000,accepted,,3,2026-05-13T15:39:00.000000,0,true,true,true,true,0,LABELED,0,,,0,0,LABELED,0,,,true,true,true
998,2026-05-11T00:00:00.000000,4503,2026-05-14T16:00:51.000000,rejected,9,4,2026-05-20T16:57:03.000000,0,true,true,true,true,0,AMBIGUOUS,,,,1,0,LABELED,1,4502,2026-05-20T16:57:03.000000,true,true,true
999,2025-03-21T00:00:00.000000,4508,2025-03-21T09:13:28.000000,accepted,30.3,7,2026-06-13T10:35:00.000000,0,true,true,true,true,0,LABELED,0,,,0,0,LABELED,0,,,true,true,true
1000,2025-07-25T00:00:00.000000,4517,2025-08-04T12:27:02.000000,scheduled_visit,,7,2026-04-13T18:46:00.000000,1,true,true,true,true,1,LABELED,1,4512,2025-08-08T12:24:48.000Z,1,1,LABELED,1,4517,2025-08-04T12:27:02.000000,true,true,true
1001,2025-10-17T00:00:00.000000,4519,2025-10-17T12:54:21.000000,scheduled_visit,2.2,7,2026-01-29T15:27:00.000000,1,true,true,true,true,1,LABELED,1,4519,2025-10-17T15:06:21.000Z,0,1,LABELED,1,4519,2025-10-17T12:54:21.000000,true,true,true
1002,2026-01-16T00:00:00.000000,4526,2026-01-19T07:15:32.000000,rejected,0.5,7,2026-04-10T16:12:00.000000,0,true,true,true,true,0,LABELED,0,,,0,0,LABELED,0,,,true,true,true
1003,2025-05-28T00:00:00.000000,4535,2025-05-29T14:27:21.000000,scheduled_visit,5.7,6,2026-03-02T13:00:00.000000,1,true,true,true,true,1,LABELED,1,4535,2025-05-29T20:09:21.000Z,0,2,LABELED,1,4535,2025-05-29T14:27:21.000000,true,true,true
1004,2026-03-25T00:00:00.000000,4540,2026-03-29T07:14:08.000000,accepted,20,4,2026-06-08T13:33:00.000000,0,true,true,true,true,0,LABELED,0,,,0,0,LABELED,0,,,true,true,true
1005,2025-07-22T00:00:00.000000,4548,2025-07-23T20:18:22.000000,scheduled_visit,,7,2025-10-02T14:14:00.000000,1,true,true,true,true,1,LABELED,1,4547,2025-07-25T11:34:31.000Z,2,1,LABELED,1,4548,2025-07-23T20:18:22.000000,true,true,true
1006,2026-06-23T00:00:00.000000,4549,2026-06-30T15:22:52.000000,accepted,,3,2026-07-03T07:08:19.000000,0,true,false,false,false,,CENSORED,,,,0,0,CENSORED,,,,false,false,false
1007,2026-02-13T00:00:00.000000,4552,2026-02-13T14:23:45.000000,no_response,3.8,6,2026-02-23T14:26:08.000000,0,true,true,true,true,0,LABELED,1,4555,2026-02-15T18:50:54.000Z,0,1,LABELED,1,4555,2026-02-15T14:02:54.000000,true,true,true
1008,2025-05-18T00:00:00.000000,4559,2025-05-20T19:18:55.000000,no_response,12.9,7,2025-06-09T08:55:00.000000,0,true,true,true,true,0,LABELED,1,4558,2025-05-24T15:19:06.000Z,0,2,LABELED,1,4558,2025-05-24T10:13:06.000000,true,true,true
1009,2026-01-01T00:00:00.000000,4566,2026-01-09T12:12:45.000000,rejected,4.7,4,2026-01-26T07:17:00.000000,0,true,true,true,true,0,LABELED,1,4565,2026-01-12T09:27:20.000Z,1,1,LABELED,1,4567,2026-01-10T09:14:28.000000,true,true,true
1010,2025-01-24T00:00:00.000000,4572,2025-04-07T20:00:00.000000,scheduled_visit,11.4,7,2026-01-09T18:42:00.000000,1,true,true,true,true,1,LABELED,1,4572,2025-04-08T07:24:00.000Z,0,2,LABELED,1,4572,2025-04-07T20:00:00.000000,true,true,true
1011,2025-03-22T00:00:00.000000,4576,2025-03-26T12:28:15.000000,no_response,5.9,1,2025-03-26T12:28:15.000000,0,true,true,true,true,0,LABELED,0,,,0,0,LABELED,0,,,true,true,true
1012,2025-01-08T00:00:00.000000,4579,2025-03-05T17:36:00.000000,scheduled_visit,13.2,3,2025-08-28T14:36:00.000000,1,true,true,true,true,1,LABELED,1,4579,2025-03-06T06:48:00.000Z,0,1,LABELED,1,4579,2025-03-05T17:36:00.000000,true,true,true
1013,2025-03-12T00:00:00.000000,4582,2025-03-20T20:15:00.000000,scheduled_visit,5.1,3,2026-06-21T18:41:00.000000,1,true,true,true,true,1,LABELED,1,4582,2025-03-21T01:21:00.000Z,0,2,LABELED,1,4582,2025-03-20T20:15:00.000000,true,true,true
1014,2026-03-06T00:00:00.000000,4583,2026-06-18T15:19:00.000000,accepted,10.4,1,2026-06-18T15:19:00.000000,0,true,true,false,true,0,CENSORED,,,,0,0,CENSORED,,,,false,false,false
1015,2026-04-13T00:00:00.000000,4584,2026-04-16T14:36:44.000000,no_response,8.3,1,2026-04-16T14:36:44.000000,0,true,true,true,true,0,LABELED,0,,,0,0,LABELED,0,,,true,true,true
1016,2026-01-02T00:00:00.000000,4585,2026-01-04T11:00:53.000000,rejected,8,6,2026-06-24T17:39:00.000000,0,true,true,true,true,0,LABELED,0,,,0,0,LABELED,0,,,true,true,true
1017,2025-08-01T00:00:00.000000,4591,2025-08-05T13:47:59.000000,no_response,,2,2025-08-14T20:47:34.000000,0,true,true,true,true,0,LABELED,0,,,0,0,LABELED,0,,,true,true,true
1018,2025-09-22T00:00:00.000000,4595,2025-09-30T16:04:40.000000,rejected,4.9,6,2026-05-06T19:17:00.000000,0,true,true,true,true,0,LABELED,1,4598,2025-10-28T10:52:00.000Z,0,3,LABELED,1,4598,2025-10-27T15:52:00.000000,true,true,true
1019,2025-04-10T00:00:00.000000,4600,2025-04-20T19:09:45.000000,no_response,10.2,3,2025-09-09T15:10:00.000000,0,true,true,true,true,0,LABELED,0,,,0,0,LABELED,0,,,true,true,true
1020,2025-08-25T00:00:00.000000,4602,2025-08-31T08:28:24.000000,scheduled_visit,18.8,6,2026-06-27T18:39:00.000000,1,true,true,true,true,1,LABELED,1,4602,2025-09-01T03:16:24.000Z,0,4,LABELED,1,4602,2025-08-31T08:28:24.000000,true,true,true
1021,2025-12-01T00:00:00.000000,4613,2025-12-01T09:49:23.000000,accepted,33.1,6,2026-05-18T15:06:00.000000,0,true,true,true,true,0,LABELED,0,,,0,0,LABELED,0,,,true,true,true
1022,2026-03-05T00:00:00.000000,4615,2026-03-05T19:26:18.000000,scheduled_visit,15.5,4,2026-03-17T20:52:19.000000,1,true,true,true,true,1,LABELED,1,4615,2026-03-06T10:56:18.000Z,0,1,LABELED,1,4615,2026-03-05T19:26:18.000000,true,true,true
1023,2026-06-13T00:00:00.000000,4621,2026-06-16T07:00:38.000000,rejected,11.5,5,2026-06-24T20:11:27.000000,0,true,true,false,true,0,CENSORED,,,,0,0,CENSORED,,,,false,false,false
1024,2025-08-16T00:00:00.000000,4623,2025-08-16T11:22:27.000000,rejected,16.2,7,2026-04-13T18:28:00.000000,0,true,true,true,true,0,LABELED,0,,,0,0,LABELED,0,,,true,true,true
1025,2025-11-26T00:00:00.000000,4635,2025-11-28T12:26:54.000000,accepted,70.7,6,2026-04-11T19:07:00.000000,0,true,true,true,true,0,LABELED,0,,,0,0,LABELED,0,,,true,true,true
1026,2025-02-26T00:00:00.000000,4638,2025-02-26T10:34:33.000000,accepted,12.8,5,2026-05-25T11:45:00.000000,0,true,true,true,true,0,LABELED,0,,,0,0,LABELED,0,,,true,true,true
1027,2025-11-25T00:00:00.000000,4641,2025-12-01T12:01:07.000000,no_response,26.9,1,2025-12-01T12:01:07.000000,0,true,true,true,true,0,LABELED,0,,,0,0,LABELED,0,,,true,true,true
1028,2025-03-06T00:00:00.000000,4642,2025-03-08T16:41:30.000000,accepted,10,1,2025-03-08T16:41:30.000000,0,true,true,true,true,0,LABELED,0,,,0,0,LABELED,0,,,true,true,true
1029,2026-05-01T00:00:00.000000,4643,2026-05-03T14:18:06.000000,accepted,,5,2026-05-12T16:01:58.000000,0,true,true,true,true,0,LABELED,0,,,0,0,LABELED,0,,,true,true,true
1030,2025-03-17T00:00:00.000000,4650,2025-03-19T18:58:00.000000,scheduled_visit,6.4,5,2026-03-20T17:00:00.000000,1,true,true,true,true,1,LABELED,1,4650,2025-03-20T01:22:00.000Z,0,3,LABELED,1,4650,2025-03-19T18:58:00.000000,true,true,true
1031,2025-04-18T00:00:00.000000,4654,2025-04-20T11:16:36.000000,accepted,2.9,6,2026-06-16T17:55:00.000000,0,true,true,true,true,0,LABELED,0,,,0,0,LABELED,0,,,true,true,true
1032,2025-05-14T00:00:00.000000,4660,2025-05-16T15:35:07.000000,accepted,14.6,3,2025-12-19T09:51:00.000000,0,true,true,true,true,0,LABELED,0,,,0,0,LABELED,0,,,true,true,true
1033,2025-11-03T00:00:00.000000,4663,2025-11-06T19:32:08.000000,scheduled_visit,16.2,3,2026-06-09T15:30:00.000000,1,true,true,true,true,1,LABELED,1,4663,2025-11-07T11:44:08.000Z,0,1,LABELED,1,4663,2025-11-06T19:32:08.000000,true,true,true
1034,2026-01-19T00:00:00.000000,4669,2026-01-20T19:53:18.000000,accepted,,5,2026-02-01T07:05:35.000000,0,true,true,true,true,0,LABELED,0,,,0,0,LABELED,0,,,true,true,true
1035,2025-05-12T00:00:00.000000,4670,2025-05-15T15:04:31.000000,accepted,0.5,1,2025-05-15T15:04:31.000000,0,true,true,true,true,0,LABELED,0,,,0,0,LABELED,0,,,true,true,true
1036,2026-03-04T00:00:00.000000,4675,2026-03-04T16:31:42.000000,accepted,3.8,7,2026-06-10T11:52:00.000000,0,true,true,true,true,0,LABELED,1,4674,2026-03-11T09:18:29.000Z,0,1,LABELED,1,4674,2026-03-10T09:12:29.000000,true,true,true
1037,2026-01-09T00:00:00.000000,4681,2026-01-12T19:41:08.000000,accepted,3.8,5,2026-01-22T08:26:00.000000,0,true,true,true,true,0,AMBIGUOUS,,,,1,0,LABELED,1,4680,2026-01-22T08:05:40.000000,true,true,true
1038,2025-12-19T00:00:00.000000,4683,2025-12-20T09:50:29.000000,accepted,18.1,6,2026-05-18T14:09:00.000000,0,true,true,true,true,0,LABELED,0,,,0,0,LABELED,0,,,true,true,true
1039,2025-11-06T00:00:00.000000,4689,2025-11-19T14:56:32.000000,accepted,31.9,1,2025-11-19T14:56:32.000000,0,true,true,true,true,0,LABELED,0,,,0,0,LABELED,0,,,true,true,true
1040,2026-05-24T00:00:00.000000,4691,2026-05-26T13:38:35.000000,no_response,1.5,4,2026-06-06T12:04:51.000000,0,true,true,true,true,0,LABELED,1,4690,2026-06-06T23:40:51.000Z,0,1,LABELED,1,4690,2026-06-06T12:04:51.000000,true,true,false
1041,2026-04-13T00:00:00.000000,4698,2026-04-13T15:08:42.000000,scheduled_visit,9.5,5,2026-04-21T14:47:35.000000,1,true,true,true,true,1,LABELED,1,4698,2026-04-14T00:38:42.000Z,0,1,LABELED,1,4698,2026-04-13T15:08:42.000000,true,true,true
1042,2026-03-06T00:00:00.000000,4700,2026-03-06T19:44:47.000000,accepted,9.3,5,2026-03-18T15:37:59.000000,0,true,true,true,true,0,LABELED,0,,,0,0,LABELED,0,,,true,true,true
1043,2025-11-14T00:00:00.000000,4708,2025-11-14T07:37:51.000000,rejected,3.2,7,2026-06-28T08:22:00.000000,0,true,true,true,true,0,LABELED,1,4707,2025-11-21T22:05:20.000Z,0,1,LABELED,1,4707,2025-11-20T20:23:20.000000,true,true,true
1044,2025-11-03T00:00:00.000000,4715,2025-11-03T07:17:45.000000,scheduled_visit,3.2,5,2025-11-15T13:29:09.000000,1,true,true,true,true,1,LABELED,1,4715,2025-11-03T10:29:45.000Z,0,1,LABELED,1,4715,2025-11-03T07:17:45.000000,true,true,true
1045,2025-11-24T00:00:00.000000,4719,2025-11-29T08:22:19.000000,accepted,3.3,4,2026-03-05T12:28:00.000000,0,true,true,true,true,0,LABELED,0,,,0,1,LABELED,0,,,true,true,true
1046,2026-06-29T00:00:00.000000,4722,2026-06-30T19:04:20.000000,accepted,7.3,4,2026-07-08T15:57:29.000000,0,true,false,false,false,,CENSORED,,,,0,0,CENSORED,,,,false,false,false
1047,2025-09-23T00:00:00.000000,4726,2025-09-26T09:47:14.000000,accepted,18.6,4,2025-09-29T09:57:10.000000,0,true,true,true,true,0,LABELED,0,,,0,0,LABELED,0,,,true,true,true
1048,2026-01-05T00:00:00.000000,4730,2026-01-06T18:44:39.000000,accepted,1.3,5,2026-01-14T07:44:24.000000,0,true,true,true,true,0,LABELED,0,,,0,0,LABELED,0,,,true,true,true
1049,2025-01-31T00:00:00.000000,4734,2025-03-29T17:32:00.000000,accepted,1.2,7,2026-06-15T07:05:00.000000,0,true,true,true,true,0,LABELED,0,,,0,0,LABELED,0,,,true,true,true
1050,2026-02-23T00:00:00.000000,4743,2026-02-23T14:53:47.000000,no_response,1.9,6,2026-03-07T16:45:44.000000,0,true,true,true,true,0,LABELED,1,4741,2026-03-01T21:32:18.000Z,0,2,LABELED,1,4741,2026-03-01T18:14:18.000000,true,true,true
1051,2025-09-15T00:00:00.000000,4746,2025-09-27T08:13:53.000000,accepted,,4,2026-03-07T16:25:00.000000,0,true,true,true,true,0,LABELED,0,,,0,0,LABELED,0,,,true,true,true
1052,2026-06-26T00:00:00.000000,4752,2026-07-02T19:29:58.000000,accepted,7.8,3,2026-07-09T20:42:39.000000,0,true,false,false,false,,CENSORED,,,,0,0,CENSORED,,,,false,false,false
1053,2025-01-24T00:00:00.000000,4755,2025-02-01T15:08:05.000000,scheduled_visit,25,6,2026-01-06T17:13:00.000000,1,true,true,true,true,1,LABELED,1,4755,2025-02-02T16:08:05.000Z,0,2,LABELED,1,4755,2025-02-01T15:08:05.000000,true,true,true
1054,2026-06-23T00:00:00.000000,4763,2026-06-26T14:26:43.000000,no_response,8.9,5,2026-07-03T09:43:17.000000,0,true,true,false,true,0,CENSORED,,,,0,0,CENSORED,,,,false,false,false
1055,2025-12-02T00:00:00.000000,4764,2025-12-04T17:47:11.000000,accepted,1.2,7,2026-02-24T07:52:00.000000,0,true,true,true,true,0,LABELED,0,,,0,0,LABELED,0,,,true,true,true
1056,2025-04-23T00:00:00.000000,4771,2025-05-01T10:02:02.000000,scheduled_visit,12.1,6,2025-11-09T09:17:00.000000,1,true,true,true,true,1,LABELED,1,4771,2025-05-01T22:08:02.000Z,0,2,LABELED,1,4771,2025-05-01T10:02:02.000000,true,true,true
1057,2025-05-09T00:00:00.000000,4779,2025-05-13T10:13:29.000000,scheduled_visit,19.1,3,2026-03-23T09:22:00.000000,1,true,true,true,true,1,LABELED,1,4779,2025-05-14T05:19:29.000Z,0,2,LABELED,1,4779,2025-05-13T10:13:29.000000,true,true,true
1058,2025-04-10T00:00:00.000000,4782,2025-04-11T20:31:38.000000,accepted,4.9,8,2026-01-17T09:36:00.000000,0,true,true,true,true,0,LABELED,0,,,0,3,LABELED,0,,,true,true,true
1059,2025-01-08T00:00:00.000000,4788,2025-05-10T12:11:00.000000,scheduled_visit,,2,2026-01-21T12:05:00.000000,1,true,true,true,true,1,AMBIGUOUS,,,,1,0,LABELED,1,4788,2025-05-10T12:11:00.000000,true,true,true
1060,2025-01-28T00:00:00.000000,4794,2025-01-28T17:52:15.000000,accepted,9.9,5,2025-09-18T11:04:00.000000,0,true,true,true,true,0,LABELED,0,,,0,0,LABELED,0,,,true,true,true
1061,2026-02-20T00:00:00.000000,4795,2026-03-02T13:31:39.000000,accepted,50.6,1,2026-03-02T13:31:39.000000,0,true,true,true,true,0,LABELED,0,,,0,0,LABELED,0,,,true,true,true
1062,2025-04-22T00:00:00.000000,4798,2025-04-28T08:10:00.000000,scheduled_visit,1.2,7,2026-01-06T17:25:00.000000,1,true,true,true,true,1,LABELED,1,4798,2025-04-28T09:22:00.000Z,0,2,LABELED,1,4798,2025-04-28T08:10:00.000000,true,true,true
1063,2025-06-29T00:00:00.000000,4807,2025-07-04T17:05:52.000000,accepted,24.9,8,2026-05-02T07:41:00.000000,0,true,true,true,true,0,LABELED,0,,,0,3,LABELED,0,,,true,true,true
1064,2025-08-20T00:00:00.000000,4815,2025-08-26T09:54:01.000000,accepted,6.5,6,2026-04-16T13:08:00.000000,0,true,true,true,true,0,LABELED,0,,,0,1,LABELED,0,,,true,true,true
1065,2025-12-22T00:00:00.000000,4820,2025-12-22T10:51:32.000000,rejected,11.8,6,2026-04-13T12:48:00.000000,0,true,true,true,true,0,LABELED,0,,,0,0,LABELED,0,,,true,true,true
1066,2026-03-12T00:00:00.000000,4824,2026-03-23T08:37:35.000000,scheduled_visit,,3,2026-06-08T20:39:00.000000,1,true,true,true,true,1,AMBIGUOUS,,,,1,0,LABELED,1,4824,2026-03-23T08:37:35.000000,true,true,true
1067,2026-01-11T00:00:00.000000,4829,2026-01-12T17:34:39.000000,scheduled_visit,6.6,6,2026-05-04T09:04:00.000000,1,true,true,true,true,1,LABELED,1,4829,2026-01-13T00:10:39.000Z,0,2,LABELED,1,4829,2026-01-12T17:34:39.000000,true,true,true
1068,2026-04-08T00:00:00.000000,4836,2026-04-09T08:50:26.000000,no_response,58.9,7,2026-04-20T12:48:56.000000,0,true,true,true,true,0,LABELED,1,4833,2026-04-20T22:54:56.000Z,0,1,LABELED,1,4833,2026-04-20T12:48:56.000000,true,true,true
1069,2025-09-30T00:00:00.000000,4840,2025-09-30T19:08:14.000000,accepted,,5,2026-04-29T16:28:00.000000,0,true,true,true,true,0,LABELED,0,,,0,0,LABELED,0,,,true,true,true
1070,2025-09-20T00:00:00.000000,4844,2025-09-22T08:45:16.000000,accepted,11.3,8,2026-06-16T17:59:00.000000,0,true,true,true,true,0,LABELED,0,,,0,0,LABELED,0,,,true,true,true
1071,2025-01-01T00:00:00.000000,4856,2025-01-01T16:13:52.000000,accepted,21.5,8,2026-05-20T09:27:00.000000,0,true,true,true,true,0,LABELED,1,4852,2025-01-09T11:51:50.000Z,0,2,LABELED,1,4852,2025-01-08T19:51:50.000000,true,true,true
1072,2025-12-03T00:00:00.000000,4864,2025-12-09T18:34:48.000000,rejected,,7,2026-06-30T12:31:00.000000,0,true,true,true,true,0,LABELED,0,,,0,3,LABELED,0,,,true,true,true
1073,2026-03-13T00:00:00.000000,4870,2026-03-15T10:41:56.000000,scheduled_visit,13.6,5,2026-03-26T18:20:31.000000,1,true,true,true,true,1,LABELED,1,4870,2026-03-16T00:17:56.000Z,1,1,LABELED,1,4870,2026-03-15T10:41:56.000000,true,true,true
1074,2025-12-18T00:00:00.000000,4874,2025-12-21T16:06:45.000000,accepted,5.6,3,2026-01-28T07:37:00.000000,0,true,true,true,true,0,LABELED,0,,,0,0,LABELED,0,,,true,true,true
1075,2025-07-23T00:00:00.000000,4876,2025-08-03T11:15:24.000000,accepted,12.6,2,2025-10-08T09:40:00.000000,0,true,true,true,true,0,LABELED,0,,,0,0,LABELED,0,,,true,true,true
1076,2025-12-26T00:00:00.000000,4883,2025-12-26T14:02:37.000000,rejected,11.6,8,2026-03-20T10:26:00.000000,0,true,true,true,true,0,LABELED,0,,,0,1,LABELED,0,,,true,true,true
1077,2025-05-19T00:00:00.000000,4886,2025-05-19T07:58:06.000000,rejected,24.1,7,2026-03-03T17:35:00.000000,0,true,true,true,true,0,AMBIGUOUS,,,,1,1,LABELED,1,4889,2025-05-19T16:31:50.000000,true,true,true
1078,2025-01-29T00:00:00.000000,4892,2025-01-29T16:03:30.000000,scheduled_visit,1.2,8,2026-06-04T09:24:00.000000,1,true,true,true,true,1,LABELED,1,4892,2025-01-29T17:15:30.000Z,0,3,LABELED,1,4892,2025-01-29T16:03:30.000000,true,true,true
1079,2026-02-10T00:00:00.000000,4902,2026-02-17T08:11:48.000000,rejected,2.7,8,2026-02-23T15:33:46.000000,0,true,true,true,true,0,AMBIGUOUS,,,,1,0,LABELED,1,4906,2026-02-18T17:39:12.000000,true,true,true
1080,2025-10-07T00:00:00.000000,4911,2025-10-07T10:52:57.000000,accepted,,4,2026-02-27T09:47:00.000000,0,true,true,true,true,0,LABELED,1,4910,2025-10-07T17:25:30.000Z,0,1,LABELED,1,4910,2025-10-07T15:13:30.000000,true,true,true
1081,2026-03-06T00:00:00.000000,4918,2026-03-07T20:41:52.000000,scheduled_visit,1.5,8,2026-06-19T19:41:00.000000,1,true,true,true,true,1,LABELED,1,4918,2026-03-07T22:11:52.000Z,0,1,LABELED,1,4918,2026-03-07T20:41:52.000000,true,true,true
1082,2025-12-15T00:00:00.000000,4921,2025-12-17T08:36:05.000000,scheduled_visit,7.6,6,2026-04-02T09:49:00.000000,1,true,true,true,true,1,LABELED,1,4921,2025-12-17T16:12:05.000Z,0,1,LABELED,1,4921,2025-12-17T08:36:05.000000,true,true,true
1083,2026-03-20T00:00:00.000000,4930,2026-03-22T16:59:52.000000,scheduled_visit,43,8,2026-04-25T14:59:00.000000,1,true,true,true,true,1,LABELED,1,4930,2026-03-24T11:59:52.000Z,0,3,LABELED,1,4930,2026-03-22T16:59:52.000000,true,true,true
1084,2026-02-16T00:00:00.000000,4935,2026-02-16T20:59:27.000000,rejected,1,7,2026-02-28T07:47:33.000000,0,true,true,true,true,0,LABELED,0,,,0,0,LABELED,0,,,true,true,true
1085,2026-02-24T00:00:00.000000,4943,2026-02-25T18:18:35.000000,no_response,8.5,6,2026-03-16T15:26:00.000000,0,true,true,true,true,0,LABELED,1,4946,2026-03-02T14:40:10.000Z,0,2,LABELED,1,4946,2026-03-02T07:22:10.000000,true,true,true
1086,2026-04-24T00:00:00.000000,4954,2026-04-24T18:46:13.000000,scheduled_visit,,8,2026-05-07T13:11:22.000000,1,true,true,true,true,1,LABELED,1,4951,2026-05-02T00:06:03.000Z,1,2,LABELED,1,4954,2026-04-24T18:46:13.000000,true,true,true
1087,2025-04-11T00:00:00.000000,4958,2025-04-11T14:49:54.000000,scheduled_visit,17.3,6,2026-04-04T09:59:00.000000,1,true,true,true,true,1,LABELED,1,4958,2025-04-12T08:07:54.000Z,0,2,LABELED,1,4958,2025-04-11T14:49:54.000000,true,true,true
1088,2025-10-05T00:00:00.000000,4961,2025-10-15T17:25:19.000000,no_response,7.8,3,2026-03-16T16:15:00.000000,0,true,true,true,true,0,LABELED,0,,,0,1,LABELED,0,,,true,true,true
1089,2026-03-01T00:00:00.000000,4964,2026-03-01T20:29:26.000000,rejected,4.5,7,2026-06-24T15:32:00.000000,0,true,true,true,true,0,LABELED,1,4965,2026-03-13T18:52:38.000Z,1,1,LABELED,1,4967,2026-03-02T18:11:17.000000,true,true,true
1090,2025-09-10T00:00:00.000000,4972,2025-09-13T20:51:00.000000,accepted,14.8,3,2026-01-06T19:09:00.000000,0,true,true,true,true,0,LABELED,0,,,0,0,LABELED,0,,,true,true,true
1091,2025-05-14T00:00:00.000000,4976,2025-05-17T08:38:19.000000,accepted,2.3,4,2026-01-20T15:44:00.000000,0,true,true,true,true,0,LABELED,0,,,0,0,LABELED,0,,,true,true,true
1092,2026-06-21T00:00:00.000000,4982,2026-06-23T11:57:18.000000,no_response,,5,2026-07-04T15:40:50.000000,0,true,true,false,true,0,CENSORED,,,,0,0,CENSORED,,,,false,false,false
1093,2025-06-17T00:00:00.000000,4985,2025-06-21T16:35:15.000000,accepted,12.2,4,2025-11-05T15:41:00.000000,0,true,true,true,true,0,LABELED,0,,,0,1,LABELED,0,,,true,true,true
1094,2025-09-26T00:00:00.000000,4987,2025-09-29T11:01:42.000000,accepted,20.9,1,2025-09-29T11:01:42.000000,0,true,true,true,true,0,LABELED,0,,,0,0,LABELED,0,,,true,true,true
1095,2025-05-22T00:00:00.000000,4988,2025-06-21T19:54:00.000000,rejected,4.9,1,2025-06-21T19:54:00.000000,0,true,true,true,true,0,LABELED,0,,,0,0,LABELED,0,,,true,true,true
1096,2025-02-20T00:00:00.000000,4989,2025-05-26T13:37:00.000000,accepted,8,1,2025-05-26T13:37:00.000000,0,true,true,true,true,0,LABELED,0,,,0,0,LABELED,0,,,true,true,true
1097,2025-04-30T00:00:00.000000,4990,2025-04-30T12:55:06.000000,accepted,16.4,5,2025-09-11T09:24:00.000000,0,true,true,true,true,0,LABELED,1,4992,2025-05-01T18:15:39.000Z,0,3,LABELED,1,4992,2025-05-01T11:51:39.000000,true,true,true
1098,2025-08-11T00:00:00.000000,4995,2025-08-20T17:57:31.000000,rejected,23.9,1,2025-08-20T17:57:31.000000,0,true,true,true,true,0,LABELED,0,,,0,0,LABELED,0,,,true,true,true
1099,2025-11-12T00:00:00.000000,4997,2025-11-17T20:01:48.000000,rejected,4.1,3,2026-03-24T07:17:00.000000,0,true,true,true,true,0,LABELED,0,,,0,0,LABELED,0,,,true,true,true
1100,2026-05-27T00:00:00.000000,4999,2026-05-30T07:00:37.000000,accepted,13,1,2026-05-30T07:00:37.000000,0,true,true,true,true,0,LABELED,0,,,0,0,LABELED,0,,,true,true,false
1101,2025-12-04T00:00:00.000000,5001,2025-12-09T14:19:39.000000,no_response,,7,2026-06-25T11:25:00.000000,0,true,true,true,true,0,LABELED,1,5002,2025-12-26T20:46:00.000Z,0,2,LABELED,1,5002,2025-12-26T17:58:00.000000,true,true,true
1102,2025-07-22T00:00:00.000000,5010,2025-07-24T14:39:39.000000,accepted,,5,2025-09-23T15:18:00.000000,0,true,true,true,true,0,LABELED,0,,,0,0,LABELED,0,,,true,true,true
1103,2026-02-13T00:00:00.000000,5013,2026-02-20T16:16:34.000000,scheduled_visit,3.5,7,2026-03-24T15:53:00.000000,1,true,true,true,true,1,LABELED,1,5013,2026-02-20T19:46:34.000Z,0,2,LABELED,1,5013,2026-02-20T16:16:34.000000,true,true,true
1104,2026-02-17T00:00:00.000000,5021,2026-02-19T08:28:42.000000,accepted,,5,2026-03-02T17:45:48.000000,0,true,true,true,true,0,LABELED,1,5022,2026-02-28T14:59:14.000Z,0,2,LABELED,1,5022,2026-02-26T15:47:14.000000,true,true,true
1105,2025-04-19T00:00:00.000000,5024,2026-01-21T13:47:00.000000,accepted,2.4,1,2026-01-21T13:47:00.000000,0,true,true,true,true,0,LABELED,0,,,0,0,LABELED,0,,,true,true,true
1106,2026-03-15T00:00:00.000000,5027,2026-03-16T16:43:22.000000,scheduled_visit,9.4,5,2026-04-20T20:59:00.000000,1,true,true,true,true,1,LABELED,1,5027,2026-03-17T02:07:22.000Z,0,2,LABELED,1,5027,2026-03-16T16:43:22.000000,true,true,true
1107,2025-09-16T00:00:00.000000,5032,2025-09-17T10:22:33.000000,accepted,8,7,2026-06-04T11:41:00.000000,0,true,true,true,true,0,LABELED,0,,,0,0,LABELED,0,,,true,true,true
1108,2026-03-23T00:00:00.000000,5037,2026-03-25T19:03:54.000000,scheduled_visit,17.2,7,2026-06-21T15:10:00.000000,1,true,true,true,true,1,LABELED,1,5037,2026-03-26T12:15:54.000Z,0,2,LABELED,1,5037,2026-03-25T19:03:54.000000,true,true,true
1109,2025-11-22T00:00:00.000000,5044,2025-11-23T07:14:37.000000,accepted,11,7,2025-12-04T08:19:12.000000,0,true,true,true,true,0,LABELED,1,5045,2025-12-02T15:39:20.000Z,0,2,LABELED,1,5047,2025-12-01T15:17:58.000000,true,true,true
1110,2025-01-30T00:00:00.000000,5051,2026-03-30T12:06:00.000000,rejected,5.3,1,2026-03-30T12:06:00.000000,0,true,true,true,true,0,LABELED,0,,,0,0,LABELED,0,,,true,true,true
1111,2025-07-20T00:00:00.000000,5054,2025-07-22T14:51:48.000000,accepted,3.8,5,2025-11-21T16:52:00.000000,0,true,true,true,true,0,LABELED,1,5056,2025-07-24T21:20:01.000Z,0,1,LABELED,1,5056,2025-07-24T11:20:01.000000,true,true,true
1112,2025-02-07T00:00:00.000000,5057,2025-02-09T20:35:33.000000,accepted,,4,2026-06-08T10:14:00.000000,0,true,true,true,true,0,LABELED,0,,,0,1,LABELED,0,,,true,true,true
1113,2025-05-02T00:00:00.000000,5061,2025-05-03T12:57:02.000000,accepted,0.6,5,2025-11-15T10:34:00.000000,0,true,true,true,true,0,LABELED,1,5064,2025-06-01T19:23:00.000Z,0,1,LABELED,1,5064,2025-06-01T17:35:00.000000,true,true,true
1114,2025-02-13T00:00:00.000000,5067,2025-03-16T17:46:00.000000,rejected,4.5,4,2025-09-30T20:40:00.000000,0,true,true,true,true,0,LABELED,0,,,0,0,LABELED,0,,,true,true,true
1115,2025-02-12T00:00:00.000000,5070,2025-02-13T10:29:47.000000,accepted,0.6,1,2025-02-13T10:29:47.000000,0,true,true,true,true,0,LABELED,0,,,0,0,LABELED,0,,,true,true,true
1116,2025-08-03T00:00:00.000000,5075,2025-08-08T10:40:38.000000,no_response,7.7,5,2026-06-09T16:04:00.000000,0,true,true,true,true,0,LABELED,0,,,0,1,LABELED,0,,,true,true,true
1117,2025-06-02T00:00:00.000000,5080,2025-06-02T11:18:35.000000,rejected,26.2,5,2025-06-13T17:53:24.000000,0,true,true,true,true,0,LABELED,1,5079,2025-06-09T03:21:12.000Z,0,1,LABELED,1,5079,2025-06-08T09:09:12.000000,true,true,true
1118,2025-12-14T00:00:00.000000,5085,2025-12-20T15:37:55.000000,no_response,,7,2026-04-29T17:12:00.000000,0,true,true,true,true,0,AMBIGUOUS,,,,1,0,LABELED,1,5082,2025-12-27T10:43:00.000000,true,true,true
1119,2025-10-12T00:00:00.000000,5091,2025-10-13T07:09:34.000000,accepted,,5,2026-02-27T16:32:00.000000,0,true,true,true,true,0,LABELED,0,,,0,0,LABELED,0,,,true,true,true
1120,2026-05-06T00:00:00.000000,5096,2026-05-09T09:28:47.000000,no_response,1.1,4,2026-05-17T08:35:17.000000,0,true,true,true,true,0,LABELED,0,,,0,0,LABELED,0,,,true,true,true
1121,2025-04-02T00:00:00.000000,5100,2025-04-07T13:01:00.000000,accepted,11.7,4,2026-05-27T20:30:00.000000,0,true,true,true,true,0,LABELED,0,,,0,0,LABELED,0,,,true,true,true
1122,2025-05-26T00:00:00.000000,5103,2025-05-29T15:01:39.000000,scheduled_visit,22.9,6,2026-06-20T12:24:00.000000,1,true,true,true,true,1,LABELED,1,5103,2025-05-30T13:55:39.000Z,0,2,LABELED,1,5103,2025-05-29T15:01:39.000000,true,true,true
1123,2026-04-24T00:00:00.000000,5107,2026-05-07T15:41:32.000000,accepted,0.5,1,2026-05-07T15:41:32.000000,0,true,true,true,true,0,LABELED,0,,,0,0,LABELED,0,,,true,true,true
1124,2026-05-22T00:00:00.000000,5111,2026-05-22T12:22:29.000000,rejected,3.6,5,2026-06-03T12:19:45.000000,0,true,true,true,true,0,LABELED,1,5110,2026-05-28T00:10:25.000Z,0,1,LABELED,1,5110,2026-05-26T15:04:25.000000,true,true,false
1125,2026-01-22T00:00:00.000000,5114,2026-01-26T20:52:18.000000,no_response,2.6,2,2026-01-29T09:02:40.000000,0,true,true,true,true,0,LABELED,0,,,0,0,LABELED,0,,,true,true,true
1126,2026-06-21T00:00:00.000000,5117,2026-06-22T09:46:11.000000,scheduled_visit,6.1,3,2026-07-01T13:37:43.000000,1,true,true,false,true,1,CENSORED,,,,0,0,CENSORED,,,,false,false,false
1127,2025-02-25T00:00:00.000000,5119,2025-02-27T12:41:13.000000,scheduled_visit,,2,2025-03-02T10:05:12.000000,1,true,true,true,true,1,AMBIGUOUS,,,,1,0,LABELED,1,5119,2025-02-27T12:41:13.000000,true,true,true
1128,2026-06-12T00:00:00.000000,5120,2026-06-17T09:31:32.000000,scheduled_visit,,1,2026-06-17T09:31:32.000000,1,true,true,false,true,1,CENSORED,,,,0,0,CENSORED,,,,false,false,false
1129,2025-04-21T00:00:00.000000,5122,2025-05-03T15:31:17.000000,accepted,15.4,4,2025-12-18T09:24:00.000000,0,true,true,true,true,0,LABELED,0,,,0,1,LABELED,0,,,true,true,true
1130,2026-05-19T00:00:00.000000,5127,2026-05-23T14:21:29.000000,accepted,10.3,3,2026-05-29T10:26:35.000000,0,true,true,true,true,0,LABELED,1,5125,2026-05-29T12:56:35.000Z,0,1,LABELED,1,5125,2026-05-29T10:26:35.000000,true,true,false
1131,2025-01-29T00:00:00.000000,5128,2025-11-04T15:36:00.000000,accepted,17.7,1,2025-11-04T15:36:00.000000,0,true,true,true,true,0,LABELED,0,,,0,0,LABELED,0,,,true,true,true
1132,2026-05-14T00:00:00.000000,5132,2026-05-17T16:20:27.000000,accepted,6.3,7,2026-06-05T18:32:00.000000,0,true,true,true,true,0,LABELED,1,5135,2026-05-18T20:21:42.000Z,1,3,LABELED,1,5135,2026-05-18T14:51:42.000000,true,true,false
1133,2026-04-13T00:00:00.000000,5136,2026-04-25T19:47:41.000000,accepted,11.3,1,2026-04-25T19:47:41.000000,0,true,true,true,true,0,LABELED,0,,,0,0,LABELED,0,,,true,true,true
1134,2025-08-14T00:00:00.000000,5143,2025-08-15T15:07:41.000000,accepted,18.5,8,2026-04-20T17:50:00.000000,0,true,true,true,true,0,LABELED,0,,,0,1,LABELED,0,,,true,true,true
1135,2025-05-07T00:00:00.000000,5145,2025-05-08T08:53:06.000000,scheduled_visit,12.2,8,2026-05-25T13:56:00.000000,1,true,true,true,true,1,LABELED,1,5145,2025-05-08T21:05:06.000Z,0,3,LABELED,1,5145,2025-05-08T08:53:06.000000,true,true,true
1136,2025-02-20T00:00:00.000000,5153,2025-02-28T19:42:54.000000,accepted,15.1,4,2025-11-18T17:24:00.000000,0,true,true,true,true,0,LABELED,0,,,0,0,LABELED,0,,,true,true,true
1137,2026-06-13T00:00:00.000000,5158,2026-06-21T10:55:13.000000,rejected,8.2,2,2026-06-21T18:50:42.000000,0,true,true,false,true,0,CENSORED,,,,0,0,CENSORED,,,,false,false,false
1138,2026-05-22T00:00:00.000000,5159,2026-05-22T18:55:16.000000,scheduled_visit,9,6,2026-06-04T13:26:17.000000,1,true,true,true,true,1,LABELED,1,5159,2026-05-23T03:55:16.000Z,0,2,LABELED,1,5159,2026-05-22T18:55:16.000000,true,true,false
1139,2026-06-18T00:00:00.000000,5171,2026-06-18T10:19:35.000000,scheduled_visit,37.3,7,2026-06-27T19:52:57.000000,1,true,true,false,true,1,CENSORED,,,,0,0,CENSORED,,,,false,false,false
1140,2026-03-25T00:00:00.000000,5173,2026-03-26T15:55:04.000000,rejected,15.4,2,2026-03-27T11:53:43.000000,0,true,true,true,true,0,LABELED,0,,,0,0,LABELED,0,,,true,true,true
1141,2025-05-14T00:00:00.000000,5174,2025-10-01T18:41:00.000000,scheduled_visit,8.8,1,2025-10-01T18:41:00.000000,1,true,true,true,true,1,LABELED,1,5174,2025-10-02T03:29:00.000Z,0,1,LABELED,1,5174,2025-10-01T18:41:00.000000,true,true,true
1142,2026-02-27T00:00:00.000000,5175,2026-04-29T09:20:00.000000,no_response,,1,2026-04-29T09:20:00.000000,0,true,true,true,true,0,LABELED,0,,,0,0,LABELED,0,,,true,true,true
1143,2026-05-21T00:00:00.000000,5178,2026-05-21T15:00:32.000000,scheduled_visit,2.2,6,2026-06-02T19:53:00.000000,1,true,true,true,true,1,LABELED,1,5178,2026-05-21T17:12:32.000Z,0,3,LABELED,1,5178,2026-05-21T15:00:32.000000,true,true,false
1144,2026-03-01T00:00:00.000000,5182,2026-03-05T08:08:18.000000,accepted,49.5,2,2026-03-10T20:05:38.000000,0,true,true,true,true,0,LABELED,0,,,0,0,LABELED,0,,,true,true,true
1145,2025-07-12T00:00:00.000000,5186,2025-07-13T16:03:07.000000,accepted,0.5,3,2026-01-17T18:13:00.000000,0,true,true,true,true,0,LABELED,0,,,0,0,LABELED,0,,,true,true,true
1146,2025-11-02T00:00:00.000000,5187,2025-11-04T20:28:15.000000,no_response,4.3,1,2025-11-04T20:28:15.000000,0,true,true,true,true,0,LABELED,0,,,0,0,LABELED,0,,,true,true,true
1147,2025-07-01T00:00:00.000000,5188,2025-07-05T08:21:16.000000,accepted,8.2,4,2026-05-12T20:56:00.000000,0,true,true,true,true,0,LABELED,0,,,0,0,LABELED,0,,,true,true,true
1148,2026-01-01T00:00:00.000000,5193,2026-01-01T11:33:33.000000,accepted,0.5,7,2026-05-28T07:14:00.000000,0,true,true,true,true,0,LABELED,1,5196,2026-01-05T14:22:57.000Z,0,2,LABELED,1,5196,2026-01-04T15:52:57.000000,true,true,true
1149,2026-05-12T00:00:00.000000,5200,2026-05-12T11:58:09.000000,accepted,22.7,2,2026-05-18T10:03:37.000000,0,true,true,true,true,0,AMBIGUOUS,,,,1,0,LABELED,1,5199,2026-05-18T10:03:37.000000,true,true,true
1150,2025-01-28T00:00:00.000000,5205,2025-01-31T17:47:56.000000,accepted,19.2,8,2026-05-23T20:08:00.000000,0,true,true,true,true,0,LABELED,0,,,0,1,LABELED,0,,,true,true,true
1151,2025-11-21T00:00:00.000000,5212,2025-12-02T07:08:31.000000,scheduled_visit,2.8,4,2026-06-11T12:56:00.000000,1,true,true,true,true,1,LABELED,1,5212,2025-12-02T09:56:31.000Z,1,1,LABELED,1,5212,2025-12-02T07:08:31.000000,true,true,true
1152,2025-06-24T00:00:00.000000,5214,2025-11-21T13:44:00.000000,accepted,16.1,2,2025-12-16T08:03:00.000000,0,true,true,true,true,0,LABELED,0,,,0,0,LABELED,0,,,true,true,true
1153,2026-01-09T00:00:00.000000,5217,2026-01-19T11:02:48.000000,accepted,5.6,3,2026-01-19T19:54:38.000000,0,true,true,true,true,0,LABELED,0,,,0,0,LABELED,0,,,true,true,true
1154,2025-09-02T00:00:00.000000,5221,2025-09-10T16:30:10.000000,accepted,13.4,6,2026-04-20T11:25:00.000000,0,true,true,true,true,0,LABELED,0,,,0,0,LABELED,0,,,true,true,true
1155,2025-08-15T00:00:00.000000,5224,2025-08-22T13:45:56.000000,scheduled_visit,17.8,1,2025-08-22T13:45:56.000000,1,true,true,true,true,1,LABELED,1,5224,2025-08-23T07:33:56.000Z,0,1,LABELED,1,5224,2025-08-22T13:45:56.000000,true,true,true
1156,2025-05-15T00:00:00.000000,5227,2025-05-17T10:12:18.000000,accepted,3.9,4,2026-05-31T19:44:00.000000,0,true,true,true,true,0,LABELED,0,,,0,1,LABELED,0,,,true,true,true
1157,2025-10-13T00:00:00.000000,5229,2025-10-13T11:52:17.000000,accepted,12.6,2,2025-10-16T18:02:37.000000,0,true,true,true,true,0,LABELED,1,5230,2025-10-16T18:32:37.000Z,0,1,LABELED,1,5230,2025-10-16T18:02:37.000000,true,true,true
1158,2025-10-03T00:00:00.000000,5234,2025-10-14T13:07:24.000000,accepted,23.5,5,2026-04-26T13:29:00.000000,0,true,true,true,true,0,LABELED,0,,,0,1,LABELED,0,,,true,true,true
1159,2026-02-27T00:00:00.000000,5236,2026-02-28T09:09:30.000000,rejected,9.3,1,2026-02-28T09:09:30.000000,0,true,true,true,true,0,LABELED,0,,,0,0,LABELED,0,,,true,true,true
1160,2025-06-06T00:00:00.000000,5241,2025-06-09T14:51:33.000000,accepted,9.2,8,2026-05-05T19:54:00.000000,0,true,true,true,true,0,LABELED,0,,,0,1,LABELED,0,,,true,true,true
1161,2025-04-04T00:00:00.000000,5245,2025-04-06T18:34:41.000000,accepted,1.8,6,2026-04-23T07:23:00.000000,0,true,true,true,true,0,LABELED,0,,,0,1,LABELED,0,,,true,true,true
1162,2025-04-18T00:00:00.000000,5255,2025-04-21T09:03:56.000000,scheduled_visit,24.1,5,2025-12-11T19:17:00.000000,1,true,true,true,true,1,LABELED,1,5255,2025-04-22T09:09:56.000Z,0,2,LABELED,1,5255,2025-04-21T09:03:56.000000,true,true,true
1163,2026-06-24T00:00:00.000000,5256,2026-06-24T18:48:34.000000,rejected,20.5,1,2026-06-24T18:48:34.000000,0,true,true,false,true,0,CENSORED,,,,0,0,CENSORED,,,,false,false,false
1164,2025-11-07T00:00:00.000000,5259,2025-11-07T18:55:41.000000,accepted,17.7,8,2026-04-07T19:25:00.000000,0,true,true,true,true,0,LABELED,1,5262,2025-11-19T15:28:07.000Z,0,1,LABELED,1,5262,2025-11-19T09:52:07.000000,true,true,true
1165,2026-03-14T00:00:00.000000,5265,2026-03-26T20:02:32.000000,accepted,,1,2026-03-26T20:02:32.000000,0,true,true,true,true,0,LABELED,0,,,0,0,LABELED,0,,,true,true,true
1166,2025-10-27T00:00:00.000000,5266,2025-10-31T18:01:23.000000,rejected,10.3,6,2026-03-27T10:57:00.000000,0,true,true,true,true,0,LABELED,0,,,0,1,LABELED,0,,,true,true,true
1167,2025-05-27T00:00:00.000000,5272,2025-06-07T09:50:05.000000,scheduled_visit,28.1,4,2026-02-25T20:23:00.000000,1,true,true,true,true,1,LABELED,1,5272,2025-06-08T13:56:05.000Z,0,2,LABELED,1,5272,2025-06-07T09:50:05.000000,true,true,true
1168,2025-09-11T00:00:00.000000,5280,2025-09-13T11:58:23.000000,rejected,14.7,5,2025-09-24T14:26:09.000000,0,true,true,true,true,0,LABELED,0,,,0,0,LABELED,0,,,true,true,true
1169,2026-01-19T00:00:00.000000,5283,2026-01-20T08:14:07.000000,rejected,16.7,4,2026-02-01T17:10:32.000000,0,true,true,true,true,0,LABELED,1,5281,2026-01-22T14:03:32.000Z,0,2,LABELED,1,5281,2026-01-22T13:33:32.000000,true,true,true
1170,2026-03-16T00:00:00.000000,5285,2026-03-23T14:15:09.000000,scheduled_visit,16.2,1,2026-03-23T14:15:09.000000,1,true,true,true,true,1,LABELED,1,5285,2026-03-24T06:27:09.000Z,0,1,LABELED,1,5285,2026-03-23T14:15:09.000000,true,true,true
1171,2025-01-08T00:00:00.000000,5286,2026-05-29T10:48:00.000000,accepted,27.4,1,2026-05-29T10:48:00.000000,0,true,true,true,true,0,LABELED,0,,,0,0,LABELED,0,,,true,true,false
1172,2026-01-30T00:00:00.000000,5288,2026-01-30T17:14:52.000000,accepted,4.2,4,2026-05-31T09:58:00.000000,0,true,true,true,true,0,LABELED,0,,,0,1,LABELED,0,,,true,true,true
1173,2026-02-15T00:00:00.000000,5292,2026-02-20T14:24:53.000000,no_response,13.4,3,2026-05-13T16:17:00.000000,0,true,true,true,true,0,LABELED,1,5291,2026-02-20T22:00:10.000Z,0,1,LABELED,1,5291,2026-02-20T16:54:10.000000,true,true,true
1174,2026-03-01T00:00:00.000000,5294,2026-03-04T07:08:40.000000,scheduled_visit,1.4,7,2026-04-16T13:45:00.000000,1,true,true,true,true,1,LABELED,1,5294,2026-03-04T08:32:40.000Z,0,3,LABELED,1,5294,2026-03-04T07:08:40.000000,true,true,true
1175,2026-03-12T00:00:00.000000,5301,2026-03-13T20:13:15.000000,accepted,5.7,4,2026-03-21T20:50:53.000000,0,true,true,true,true,0,LABELED,1,5303,2026-03-18T22:20:05.000Z,1,1,LABELED,1,5302,2026-03-15T19:46:36.000000,true,true,true
1176,2025-09-17T00:00:00.000000,5309,2025-09-19T07:40:48.000000,accepted,17.6,8,2026-06-13T13:37:00.000000,0,true,true,true,true,0,LABELED,0,,,0,0,LABELED,0,,,true,true,true
1177,2025-03-18T00:00:00.000000,5313,2025-03-18T13:45:11.000000,no_response,16.8,7,2026-03-18T11:17:00.000000,0,true,true,true,true,0,LABELED,1,5317,2025-03-19T17:40:46.000Z,0,1,LABELED,1,5317,2025-03-19T08:28:46.000000,true,true,true
1178,2026-02-09T00:00:00.000000,5327,2026-02-09T15:36:57.000000,rejected,,8,2026-06-14T12:11:00.000000,0,true,true,true,true,0,LABELED,0,,,0,0,LABELED,0,,,true,true,true
1179,2025-06-16T00:00:00.000000,5329,2025-06-17T13:01:20.000000,no_response,,8,2026-03-18T20:26:00.000000,0,true,true,true,true,0,LABELED,0,,,0,1,LABELED,0,,,true,true,true
1180,2025-02-19T00:00:00.000000,5338,2025-02-19T20:52:23.000000,no_response,4.7,4,2026-01-01T15:06:00.000000,0,true,true,true,true,0,LABELED,1,5339,2025-02-25T22:23:37.000Z,0,1,LABELED,1,5339,2025-02-25T20:17:37.000000,true,true,true
1181,2025-12-22T00:00:00.000000,5345,2025-12-28T07:34:11.000000,scheduled_visit,13,7,2026-06-11T13:26:00.000000,1,true,true,true,true,1,LABELED,1,5342,2025-12-28T12:43:29.000Z,0,3,LABELED,1,5345,2025-12-28T07:34:11.000000,true,true,true
1182,2025-01-27T00:00:00.000000,5351,2025-02-01T19:40:19.000000,no_response,6.3,8,2026-06-05T14:41:00.000000,0,true,true,true,true,0,LABELED,0,,,0,2,LABELED,0,,,true,true,true
1183,2026-01-21T00:00:00.000000,5356,2026-01-21T15:28:56.000000,no_response,2.4,5,2026-05-20T11:59:00.000000,0,true,true,true,true,0,LABELED,0,,,0,0,LABELED,0,,,true,true,true
1184,2025-07-10T00:00:00.000000,5360,2025-07-16T19:38:54.000000,scheduled_visit,8.8,2,2026-04-16T14:41:00.000000,1,true,true,true,true,1,LABELED,1,5360,2025-07-17T04:26:54.000Z,0,1,LABELED,1,5360,2025-07-16T19:38:54.000000,true,true,true
1185,2025-02-07T00:00:00.000000,5365,2025-02-14T10:55:49.000000,no_response,7.6,8,2026-03-11T16:53:00.000000,0,true,true,true,true,0,LABELED,0,,,0,0,LABELED,0,,,true,true,true
1186,2026-05-04T00:00:00.000000,5374,2026-05-04T13:17:52.000000,scheduled_visit,,7,2026-05-16T18:59:18.000000,1,true,true,true,true,1,LABELED,1,5373,2026-05-08T22:21:14.000Z,2,1,LABELED,1,5374,2026-05-04T13:17:52.000000,true,true,true
1187,2025-08-21T00:00:00.000000,5384,2025-08-23T17:01:39.000000,scheduled_visit,22.6,8,2026-03-06T19:00:00.000000,1,true,true,true,true,1,LABELED,1,5384,2025-08-24T15:37:39.000Z,0,2,LABELED,1,5384,2025-08-23T17:01:39.000000,true,true,true
1188,2025-02-12T00:00:00.000000,5386,2025-02-25T08:37:02.000000,accepted,0.8,7,2026-06-24T08:15:00.000000,0,true,true,true,true,0,LABELED,0,,,0,0,LABELED,0,,,true,true,true
1189,2025-09-19T00:00:00.000000,5395,2025-09-29T11:59:24.000000,scheduled_visit,0.5,6,2026-05-29T09:04:00.000000,1,true,true,true,true,1,LABELED,1,5395,2025-09-29T12:29:24.000Z,0,2,LABELED,1,5395,2025-09-29T11:59:24.000000,true,true,true
1190,2025-06-10T00:00:00.000000,5398,2025-06-14T09:06:35.000000,rejected,,3,2025-06-21T11:46:58.000000,0,true,true,true,true,0,LABELED,1,5399,2025-06-15T13:23:39.000Z,0,1,LABELED,1,5399,2025-06-15T07:29:39.000000,true,true,true
1191,2026-01-08T00:00:00.000000,5401,2026-01-14T18:28:42.000000,accepted,16.9,2,2026-03-20T08:43:00.000000,0,true,true,true,true,0,LABELED,0,,,0,0,LABELED,0,,,true,true,true
1192,2026-03-03T00:00:00.000000,5404,2026-03-03T13:42:08.000000,scheduled_visit,3.5,4,2026-03-16T13:54:04.000000,1,true,true,true,true,1,LABELED,1,5404,2026-03-03T17:12:08.000Z,0,1,LABELED,1,5404,2026-03-03T13:42:08.000000,true,true,true
1193,2025-07-11T00:00:00.000000,5409,2025-07-17T10:39:12.000000,scheduled_visit,15.3,5,2026-04-02T08:41:00.000000,1,true,true,true,true,1,LABELED,1,5409,2025-07-18T01:57:12.000Z,0,2,LABELED,1,5409,2025-07-17T10:39:12.000000,true,true,true
1194,2025-08-22T00:00:00.000000,5414,2025-08-29T14:43:48.000000,rejected,1.6,7,2025-12-22T16:17:00.000000,0,true,true,true,true,0,LABELED,1,5418,2025-08-30T09:19:02.000Z,0,1,LABELED,1,5418,2025-08-29T16:25:02.000000,true,true,true
1195,2025-07-16T00:00:00.000000,5420,2025-07-16T16:27:03.000000,rejected,1.8,8,2026-06-14T13:33:00.000000,0,true,true,true,true,0,LABELED,0,,,0,1,LABELED,0,,,true,true,true
1196,2025-03-25T00:00:00.000000,5427,2025-04-02T12:53:54.000000,scheduled_visit,1.2,1,2025-04-02T12:53:54.000000,1,true,true,true,true,1,LABELED,1,5427,2025-04-02T14:05:54.000Z,0,1,LABELED,1,5427,2025-04-02T12:53:54.000000,true,true,true
1197,2025-04-29T00:00:00.000000,5430,2025-05-06T17:49:10.000000,accepted,0.8,4,2026-03-23T13:42:00.000000,0,true,true,true,true,0,LABELED,0,,,0,1,LABELED,0,,,true,true,true
1198,2025-11-10T00:00:00.000000,5437,2025-11-13T17:53:58.000000,accepted,,6,2026-01-17T17:18:00.000000,0,true,true,true,true,0,LABELED,0,,,0,0,LABELED,0,,,true,true,true
1199,2026-05-12T00:00:00.000000,5442,2026-05-15T12:22:32.000000,accepted,6.6,5,2026-05-24T14:37:30.000000,0,true,true,true,true,0,LABELED,0,,,0,0,LABELED,0,,,true,true,false
1200,2026-03-11T00:00:00.000000,5443,2026-03-11T13:07:01.000000,scheduled_visit,5.6,7,2026-03-24T15:23:54.000000,1,true,true,true,true,1,LABELED,1,5443,2026-03-11T18:43:01.000Z,1,2,LABELED,1,5443,2026-03-11T13:07:01.000000,true,true,true
1201,2025-02-21T00:00:00.000000,5451,2025-08-28T11:37:00.000000,accepted,40.6,3,2026-04-23T12:24:00.000000,0,true,true,true,true,0,LABELED,0,,,0,0,LABELED,0,,,true,true,true
1202,2026-02-04T00:00:00.000000,5453,2026-02-07T08:44:04.000000,accepted,5.6,1,2026-02-07T08:44:04.000000,0,true,true,true,true,0,LABELED,0,,,0,0,LABELED,0,,,true,true,true
1203,2025-09-25T00:00:00.000000,5456,2025-09-28T18:10:20.000000,accepted,5.3,7,2026-05-17T08:26:00.000000,0,true,true,true,true,0,LABELED,1,5455,2025-10-01T16:36:04.000Z,0,4,LABELED,1,5455,2025-10-01T13:24:04.000000,true,true,true
1204,2025-06-08T00:00:00.000000,5465,2025-06-16T10:15:58.000000,scheduled_visit,8.2,5,2025-10-29T15:10:00.000000,1,true,true,true,true,1,LABELED,1,5465,2025-06-16T18:27:58.000Z,0,2,LABELED,1,5465,2025-06-16T10:15:58.000000,true,true,true
1205,2025-03-20T00:00:00.000000,5470,2025-03-20T16:02:06.000000,accepted,9.4,6,2026-01-16T15:22:00.000000,0,true,true,true,true,0,LABELED,0,,,0,0,LABELED,0,,,true,true,true
1206,2025-06-08T00:00:00.000000,5472,2025-06-12T08:50:03.000000,rejected,3.9,4,2025-07-08T08:32:00.000000,0,true,true,true,true,0,LABELED,0,,,0,0,LABELED,0,,,true,true,true
1207,2025-01-17T00:00:00.000000,5481,2025-01-27T08:43:49.000000,rejected,,6,2026-06-15T20:47:00.000000,0,true,true,true,true,0,LABELED,0,,,0,1,LABELED,0,,,true,true,true
1208,2025-09-06T00:00:00.000000,5484,2025-09-11T19:32:42.000000,scheduled_visit,44.9,3,2026-04-21T13:06:00.000000,1,true,true,true,true,1,LABELED,1,5484,2025-09-13T16:26:42.000Z,0,1,LABELED,1,5484,2025-09-11T19:32:42.000000,true,true,true
1209,2026-01-15T00:00:00.000000,5491,2026-01-17T09:31:26.000000,no_response,11.2,7,2026-01-27T16:57:52.000000,0,true,true,true,true,0,LABELED,0,,,0,0,LABELED,0,,,true,true,true
1210,2025-08-04T00:00:00.000000,5492,2025-08-09T13:20:03.000000,accepted,5,4,2026-03-01T20:24:00.000000,0,true,true,true,true,0,LABELED,0,,,0,0,LABELED,0,,,true,true,true
1211,2025-04-01T00:00:00.000000,5496,2025-04-04T18:20:57.000000,accepted,10.8,6,2026-06-30T11:29:00.000000,0,true,true,true,true,0,LABELED,0,,,0,0,LABELED,0,,,true,true,true
1212,2025-07-29T00:00:00.000000,5507,2025-07-31T15:32:30.000000,accepted,14,7,2026-06-01T14:36:00.000000,0,true,true,true,true,0,LABELED,1,5505,2025-08-12T11:35:34.000Z,0,1,LABELED,1,5505,2025-08-11T17:53:34.000000,true,true,true
1213,2025-11-14T00:00:00.000000,5515,2025-11-16T13:20:49.000000,no_response,10.5,7,2026-03-09T09:37:00.000000,0,true,true,true,true,0,LABELED,0,,,0,0,LABELED,0,,,true,true,true
1214,2025-12-04T00:00:00.000000,5520,2025-12-05T16:17:13.000000,scheduled_visit,6.9,5,2026-02-09T18:13:00.000000,1,true,true,true,true,1,LABELED,1,5520,2025-12-05T23:11:13.000Z,0,1,LABELED,1,5520,2025-12-05T16:17:13.000000,true,true,true
1215,2025-12-08T00:00:00.000000,5523,2025-12-12T13:55:10.000000,scheduled_visit,17.6,3,2026-01-22T18:24:00.000000,1,true,true,true,true,1,LABELED,1,5523,2025-12-13T07:31:10.000Z,0,1,LABELED,1,5523,2025-12-12T13:55:10.000000,true,true,true
1216,2025-04-11T00:00:00.000000,5524,2025-04-24T20:46:00.000000,scheduled_visit,6.6,1,2025-04-24T20:46:00.000000,1,true,true,true,true,1,LABELED,1,5524,2025-04-25T03:22:00.000Z,0,1,LABELED,1,5524,2025-04-24T20:46:00.000000,true,true,true
1217,2026-06-17T00:00:00.000000,5530,2026-06-17T10:35:08.000000,accepted,4.1,8,2026-06-30T12:19:05.000000,0,true,true,false,true,0,CENSORED,,,,0,0,CENSORED,,,,false,false,false
1218,2025-12-21T00:00:00.000000,5537,2025-12-23T11:00:40.000000,scheduled_visit,4.5,5,2026-06-10T13:03:00.000000,1,true,true,true,true,1,LABELED,1,5537,2025-12-23T15:30:40.000Z,0,1,LABELED,1,5537,2025-12-23T11:00:40.000000,true,true,true
1219,2025-08-24T00:00:00.000000,5541,2025-08-30T11:40:20.000000,accepted,10.2,5,2026-06-13T14:37:00.000000,0,true,true,true,true,0,LABELED,1,5542,2025-09-02T11:53:39.000Z,0,1,LABELED,1,5542,2025-09-01T11:11:39.000000,true,true,true
1220,2026-03-27T00:00:00.000000,5543,2026-04-04T08:48:33.000000,scheduled_visit,3.5,5,2026-04-07T15:38:00.000000,1,true,true,true,true,1,LABELED,1,5543,2026-04-04T12:18:33.000Z,0,1,LABELED,1,5543,2026-04-04T08:48:33.000000,true,true,true
1221,2025-02-11T00:00:00.000000,5548,2025-02-20T11:46:27.000000,scheduled_visit,,2,2026-01-06T17:39:00.000000,1,true,true,true,true,1,AMBIGUOUS,,,,1,0,LABELED,1,5548,2025-02-20T11:46:27.000000,true,true,true
1222,2025-06-23T00:00:00.000000,5556,2025-07-04T18:07:08.000000,scheduled_visit,3.9,7,2026-05-18T07:50:00.000000,1,true,true,true,true,1,LABELED,1,5556,2025-07-04T22:01:08.000Z,0,2,LABELED,1,5556,2025-07-04T18:07:08.000000,true,true,true
1223,2025-09-09T00:00:00.000000,5563,2025-09-14T09:08:14.000000,no_response,5.5,8,2026-05-12T19:12:00.000000,0,true,true,true,true,0,LABELED,1,5562,2025-09-18T21:56:27.000Z,0,2,LABELED,1,5562,2025-09-18T12:44:27.000000,true,true,true
1224,2026-06-18T00:00:00.000000,5569,2026-06-19T20:52:03.000000,accepted,6.9,7,2026-06-30T15:45:15.000000,0,true,true,false,true,0,CENSORED,,,,0,0,CENSORED,,,,false,false,false
1225,2025-03-14T00:00:00.000000,5572,2025-03-17T11:56:21.000000,no_response,,8,2026-02-14T14:52:00.000000,0,true,true,true,true,0,LABELED,0,,,0,1,LABELED,0,,,true,true,true
1226,2026-02-05T00:00:00.000000,5581,2026-02-06T12:40:16.000000,accepted,2.9,2,2026-02-18T18:53:02.000000,0,true,true,true,true,0,LABELED,0,,,0,0,LABELED,0,,,true,true,true
1227,2025-10-10T00:00:00.000000,5584,2025-10-17T14:28:10.000000,no_response,35.8,4,2026-04-17T17:00:00.000000,0,true,true,true,true,0,LABELED,0,,,0,0,LABELED,0,,,true,true,true
1228,2025-08-20T00:00:00.000000,5590,2025-08-21T20:52:46.000000,rejected,8.3,6,2026-02-28T13:07:00.000000,0,true,true,true,true,0,LABELED,1,5586,2025-08-31T18:53:36.000Z,0,1,LABELED,1,5586,2025-08-30T18:53:36.000000,true,true,true
1229,2025-09-19T00:00:00.000000,5592,2025-09-22T11:46:02.000000,scheduled_visit,5.5,1,2025-09-22T11:46:02.000000,1,true,true,true,true,1,LABELED,1,5592,2025-09-22T17:16:02.000Z,0,1,LABELED,1,5592,2025-09-22T11:46:02.000000,true,true,true
1230,2025-10-01T00:00:00.000000,5596,2025-10-03T09:30:47.000000,scheduled_visit,7.2,8,2026-02-04T11:45:00.000000,1,true,true,true,true,1,LABELED,1,5596,2025-10-03T16:42:47.000Z,0,3,LABELED,1,5596,2025-10-03T09:30:47.000000,true,true,true
1231,2025-09-06T00:00:00.000000,5601,2025-09-19T07:48:31.000000,scheduled_visit,21.1,3,2026-03-28T12:05:00.000000,1,true,true,true,true,1,LABELED,1,5601,2025-09-20T04:54:31.000Z,0,1,LABELED,1,5601,2025-09-19T07:48:31.000000,true,true,true
1232,2025-11-21T00:00:00.000000,5604,2025-11-22T19:54:43.000000,rejected,1.2,3,2025-12-02T11:06:23.000000,0,true,true,true,true,0,LABELED,0,,,0,0,LABELED,0,,,true,true,true
1233,2026-03-09T00:00:00.000000,5609,2026-03-12T16:23:26.000000,accepted,11.7,3,2026-03-22T07:52:49.000000,0,true,true,true,true,0,LABELED,1,5607,2026-03-18T02:21:09.000Z,0,1,LABELED,1,5607,2026-03-17T19:21:09.000000,true,true,true
1234,2025-10-22T00:00:00.000000,5610,2025-10-27T16:47:45.000000,no_response,45.7,2,2025-12-19T17:04:00.000000,0,true,true,true,true,0,LABELED,0,,,0,0,LABELED,0,,,true,true,true
1235,2025-07-23T00:00:00.000000,5612,2025-07-31T07:30:37.000000,rejected,14.9,3,2026-02-01T10:26:00.000000,0,true,true,true,true,0,LABELED,0,,,0,0,LABELED,0,,,true,true,true
1236,2025-06-17T00:00:00.000000,5615,2025-06-29T12:03:13.000000,accepted,10.4,3,2026-05-24T08:56:00.000000,0,true,true,true,true,0,LABELED,0,,,0,1,LABELED,0,,,true,true,true
1237,2026-02-20T00:00:00.000000,5620,2026-02-25T20:12:06.000000,accepted,7.2,4,2026-03-03T09:42:20.000000,0,true,true,true,true,0,LABELED,1,5618,2026-03-03T15:24:20.000Z,0,1,LABELED,1,5618,2026-03-03T09:42:20.000000,true,true,true
1238,2025-02-11T00:00:00.000000,5624,2025-02-19T10:07:15.000000,accepted,35.9,4,2025-04-04T07:47:00.000000,0,true,true,true,true,0,LABELED,0,,,0,0,LABELED,0,,,true,true,true
1239,2026-03-03T00:00:00.000000,5627,2026-03-08T09:32:40.000000,accepted,17.1,2,2026-03-10T09:04:27.000000,0,true,true,true,true,0,LABELED,0,,,0,0,LABELED,0,,,true,true,true
1240,2025-04-08T00:00:00.000000,5632,2025-04-08T11:17:02.000000,accepted,20.8,6,2025-08-11T07:50:00.000000,0,true,true,true,true,0,LABELED,1,5628,2025-04-10T04:23:03.000Z,0,3,LABELED,1,5628,2025-04-09T10:35:03.000000,true,true,true
1241,2025-07-19T00:00:00.000000,5634,2025-07-23T15:55:35.000000,rejected,,6,2026-05-18T08:10:00.000000,0,true,true,true,true,0,LABELED,0,,,0,1,LABELED,0,,,true,true,true
1242,2026-05-10T00:00:00.000000,5640,2026-05-14T17:56:06.000000,scheduled_visit,1.2,5,2026-05-22T14:41:30.000000,1,true,true,true,true,1,LABELED,1,5640,2026-05-14T19:08:06.000Z,0,2,LABELED,1,5640,2026-05-14T17:56:06.000000,true,true,false
1243,2025-06-22T00:00:00.000000,5647,2025-07-01T16:29:27.000000,accepted,8.4,6,2026-06-06T07:23:00.000000,0,true,true,true,true,0,LABELED,1,5646,2025-07-06T11:09:00.000Z,0,1,LABELED,1,5646,2025-07-06T07:03:00.000000,true,true,true
1244,2025-06-11T00:00:00.000000,5656,2025-06-12T10:52:38.000000,accepted,29.3,7,2026-04-29T08:22:00.000000,0,true,true,true,true,0,LABELED,1,5654,2025-06-20T16:39:45.000Z,0,1,LABELED,1,5654,2025-06-20T11:39:45.000000,true,true,true
1245,2025-01-11T00:00:00.000000,5658,2025-01-17T19:15:02.000000,accepted,9.8,2,2026-05-01T15:05:00.000000,0,true,true,true,true,0,LABELED,0,,,0,0,LABELED,0,,,true,true,true
1246,2026-06-29T00:00:00.000000,5660,2026-06-30T18:52:16.000000,no_response,16.2,2,2026-07-08T09:18:07.000000,0,true,false,false,false,,CENSORED,,,,0,0,CENSORED,,,,false,false,false
1247,2026-03-01T00:00:00.000000,5662,2026-03-07T15:24:31.000000,scheduled_visit,3.9,1,2026-03-07T15:24:31.000000,1,true,true,true,true,1,LABELED,1,5662,2026-03-07T19:18:31.000Z,0,1,LABELED,1,5662,2026-03-07T15:24:31.000000,true,true,true
1248,2025-06-16T00:00:00.000000,5669,2025-06-17T19:57:47.000000,accepted,,7,2025-10-06T13:41:00.000000,0,true,true,true,true,0,LABELED,0,,,0,0,LABELED,0,,,true,true,true
1249,2026-02-06T00:00:00.000000,5670,2026-02-17T18:53:22.000000,accepted,27.1,1,2026-02-17T18:53:22.000000,0,true,true,true,true,0,LABELED,0,,,0,0,LABELED,0,,,true,true,true
1250,2026-04-13T00:00:00.000000,5672,2026-04-23T12:58:02.000000,accepted,,2,2026-04-25T19:38:42.000000,0,true,true,true,true,0,LABELED,0,,,0,0,LABELED,0,,,true,true,true
1251,2025-03-24T00:00:00.000000,5676,2025-03-29T18:22:27.000000,accepted,18.7,6,2026-02-14T11:01:00.000000,0,true,true,true,true,0,LABELED,0,,,0,0,LABELED,0,,,true,true,true
1252,2025-01-22T00:00:00.000000,5679,2025-01-26T19:53:40.000000,rejected,93.9,7,2025-10-05T13:36:00.000000,0,true,true,true,true,0,LABELED,0,,,0,0,LABELED,0,,,true,true,true
1253,2025-03-27T00:00:00.000000,5686,2025-03-27T16:40:41.000000,scheduled_visit,12.4,8,2026-05-18T17:40:00.000000,1,true,true,true,true,1,LABELED,1,5686,2025-03-28T05:04:41.000Z,0,3,LABELED,1,5686,2025-03-27T16:40:41.000000,true,true,true
1254,2025-09-09T00:00:00.000000,5696,2025-09-09T07:45:49.000000,accepted,18.1,5,2026-03-16T15:10:00.000000,0,true,true,true,true,0,LABELED,1,5698,2025-09-19T16:42:57.000Z,0,2,LABELED,1,5698,2025-09-19T15:54:57.000000,true,true,true
1255,2026-02-24T00:00:00.000000,5699,2026-02-26T07:03:29.000000,no_response,6.7,6,2026-03-06T20:57:57.000000,0,true,true,true,true,0,LABELED,1,5703,2026-03-01T04:48:26.000Z,0,1,LABELED,1,5703,2026-02-28T20:06:26.000000,true,true,true
1256,2025-09-15T00:00:00.000000,5706,2025-09-15T20:38:46.000000,scheduled_visit,12.9,5,2025-09-28T18:20:50.000000,1,true,true,true,true,1,LABELED,1,5706,2025-09-16T09:32:46.000Z,0,1,LABELED,1,5706,2025-09-15T20:38:46.000000,true,true,true
1257,2025-03-11T00:00:00.000000,5710,2025-03-21T07:59:13.000000,no_response,3.1,1,2025-03-21T07:59:13.000000,0,true,true,true,true,0,LABELED,0,,,0,0,LABELED,0,,,true,true,true
1258,2025-04-29T00:00:00.000000,5713,2025-04-29T17:08:43.000000,accepted,,5,2026-03-15T16:55:00.000000,0,true,true,true,true,0,LABELED,0,,,0,0,LABELED,0,,,true,true,true
1259,2026-03-11T00:00:00.000000,5719,2026-03-11T11:50:58.000000,accepted,9.8,5,2026-03-24T17:43:25.000000,0,true,true,true,true,0,LABELED,0,,,0,0,LABELED,0,,,true,true,true
1260,2026-03-12T00:00:00.000000,5723,2026-03-12T16:37:56.000000,no_response,24,5,2026-03-22T20:57:35.000000,0,true,true,true,true,0,LABELED,0,,,0,0,LABELED,0,,,true,true,true
1261,2025-05-01T00:00:00.000000,5726,2025-06-06T18:15:00.000000,accepted,12,1,2025-06-06T18:15:00.000000,0,true,true,true,true,0,LABELED,0,,,0,0,LABELED,0,,,true,true,true
1262,2025-04-24T00:00:00.000000,5727,2025-04-30T13:33:31.000000,no_response,6.1,7,2026-03-16T15:29:00.000000,0,true,true,true,true,0,LABELED,1,5729,2025-05-09T13:22:00.000Z,0,2,LABELED,1,5729,2025-05-09T12:28:00.000000,true,true,true
1263,2025-09-21T00:00:00.000000,5739,2025-09-22T13:02:03.000000,accepted,12,6,2026-02-12T11:10:00.000000,0,true,true,true,true,0,LABELED,0,,,0,0,LABELED,0,,,true,true,true
1264,2025-02-07T00:00:00.000000,5745,2025-06-21T10:06:00.000000,no_response,16.1,7,2025-12-30T09:52:00.000000,0,true,true,true,true,0,LABELED,1,5742,2025-07-10T16:00:00.000Z,0,2,LABELED,1,5742,2025-07-10T08:18:00.000000,true,true,true
1265,2025-04-14T00:00:00.000000,5751,2025-04-21T10:57:39.000000,accepted,0.5,6,2026-05-16T12:12:00.000000,0,true,true,true,true,0,AMBIGUOUS,,,,1,0,LABELED,1,5747,2025-04-26T20:36:56.000000,true,true,true
1266,2025-12-18T00:00:00.000000,5758,2025-12-18T10:26:31.000000,accepted,8.8,6,2026-06-17T11:43:00.000000,0,true,true,true,true,0,LABELED,0,,,0,0,LABELED,0,,,true,true,true
1267,2025-05-20T00:00:00.000000,5759,2025-05-21T08:41:28.000000,accepted,7.9,3,2025-07-14T18:46:00.000000,0,true,true,true,true,0,LABELED,0,,,0,0,LABELED,0,,,true,true,true
1268,2026-03-11T00:00:00.000000,5762,2026-03-19T13:26:07.000000,scheduled_visit,24.2,2,2026-03-20T18:27:14.000000,1,true,true,true,true,1,LABELED,1,5762,2026-03-20T13:38:07.000Z,0,1,LABELED,1,5762,2026-03-19T13:26:07.000000,true,true,true
1269,2025-11-12T00:00:00.000000,5766,2025-11-15T18:50:40.000000,accepted,1.7,6,2026-03-08T18:30:00.000000,0,true,true,true,true,0,LABELED,0,,,0,0,LABELED,0,,,true,true,true
1270,2025-07-04T00:00:00.000000,5771,2025-07-04T16:57:03.000000,accepted,30.5,6,2025-12-07T13:57:00.000000,0,true,true,true,true,0,LABELED,0,,,0,1,LABELED,0,,,true,true,true
1271,2026-04-11T00:00:00.000000,5776,2026-04-11T10:35:20.000000,no_response,,7,2026-05-08T12:00:00.000000,0,true,true,true,true,0,LABELED,0,,,0,0,LABELED,0,,,true,true,true
1272,2025-09-09T00:00:00.000000,5783,2025-09-13T11:33:57.000000,no_response,,1,2025-09-13T11:33:57.000000,0,true,true,true,true,0,LABELED,0,,,0,0,LABELED,0,,,true,true,true
1273,2025-11-20T00:00:00.000000,5784,2025-11-20T11:10:47.000000,accepted,4.6,6,2026-03-01T11:39:00.000000,0,true,true,true,true,0,LABELED,0,,,0,0,LABELED,0,,,true,true,true
1274,2025-10-08T00:00:00.000000,5791,2025-10-16T07:49:18.000000,accepted,5.3,3,2026-02-11T10:58:00.000000,0,true,true,true,true,0,LABELED,0,,,0,0,LABELED,0,,,true,true,true
1275,2025-04-26T00:00:00.000000,5793,2025-05-02T10:44:19.000000,accepted,,4,2026-01-07T11:37:00.000000,0,true,true,true,true,0,AMBIGUOUS,,,,1,0,LABELED,1,5796,2025-05-07T08:58:16.000000,true,true,true
1276,2025-06-24T00:00:00.000000,5797,2025-06-27T10:23:06.000000,accepted,,1,2025-06-27T10:23:06.000000,0,true,true,true,true,0,LABELED,0,,,0,0,LABELED,0,,,true,true,true
1277,2025-10-30T00:00:00.000000,5799,2025-11-11T07:35:49.000000,scheduled_visit,20.2,3,2026-01-07T10:19:00.000000,1,true,true,true,true,1,LABELED,1,5799,2025-11-12T03:47:49.000Z,0,2,LABELED,1,5799,2025-11-11T07:35:49.000000,true,true,true
1278,2025-01-07T00:00:00.000000,5801,2025-01-08T15:35:10.000000,no_response,35.6,6,2026-02-04T15:29:00.000000,0,true,true,true,true,0,LABELED,0,,,0,0,LABELED,0,,,true,true,true
1279,2025-04-06T00:00:00.000000,5807,2025-05-25T15:23:00.000000,accepted,20.1,2,2025-10-24T15:50:00.000000,0,true,true,true,true,0,LABELED,0,,,0,0,LABELED,0,,,true,true,true
1280,2025-01-17T00:00:00.000000,5810,2025-01-25T14:41:55.000000,no_response,33.5,7,2026-05-14T13:52:00.000000,0,true,true,true,true,0,LABELED,0,,,0,0,LABELED,0,,,true,true,true
1281,2025-10-09T00:00:00.000000,5819,2025-10-12T18:09:05.000000,scheduled_visit,15.7,5,2026-03-15T12:40:00.000000,1,true,true,true,true,1,LABELED,1,5819,2025-10-13T09:51:05.000Z,0,1,LABELED,1,5819,2025-10-12T18:09:05.000000,true,true,true
1282,2025-07-04T00:00:00.000000,5825,2025-07-05T14:34:18.000000,scheduled_visit,,5,2025-07-09T20:55:55.000000,1,true,true,true,true,1,LABELED,1,5824,2025-07-07T15:50:28.000Z,1,2,LABELED,1,5825,2025-07-05T14:34:18.000000,true,true,true
1283,2025-05-01T00:00:00.000000,5831,2025-05-04T10:59:22.000000,scheduled_visit,4.7,8,2026-02-21T19:50:00.000000,1,true,true,true,true,1,LABELED,1,5831,2025-05-04T15:41:22.000Z,0,2,LABELED,1,5831,2025-05-04T10:59:22.000000,true,true,true
1284,2026-06-15T00:00:00.000000,5834,2026-06-15T15:12:12.000000,accepted,3.1,3,2026-06-28T20:27:31.000000,0,true,true,false,true,0,CENSORED,,,,0,0,CENSORED,,,,false,false,false
1285,2026-03-04T00:00:00.000000,5840,2026-03-05T17:47:29.000000,accepted,8.4,5,2026-06-13T11:08:00.000000,0,true,true,true,true,0,LABELED,0,,,0,0,LABELED,0,,,true,true,true
1286,2025-10-14T00:00:00.000000,5842,2025-10-17T17:08:01.000000,no_response,18.1,7,2026-06-26T10:06:00.000000,0,true,true,true,true,0,LABELED,0,,,0,0,LABELED,0,,,true,true,true
1287,2026-04-10T00:00:00.000000,5854,2026-04-12T18:53:28.000000,no_response,15.5,7,2026-04-24T15:19:00.000000,0,true,true,true,true,0,LABELED,1,5853,2026-04-14T09:32:34.000Z,0,1,LABELED,1,5853,2026-04-13T18:14:34.000000,true,true,true
1288,2025-01-06T00:00:00.000000,5857,2025-05-09T14:53:00.000000,accepted,3.6,2,2026-04-05T07:35:00.000000,0,true,true,true,true,0,LABELED,0,,,0,0,LABELED,0,,,true,true,true
1289,2025-12-07T00:00:00.000000,5859,2025-12-11T13:41:28.000000,no_response,23,5,2025-12-20T19:25:37.000000,0,true,true,true,true,0,LABELED,0,,,0,0,LABELED,0,,,true,true,true
1290,2026-06-22T00:00:00.000000,5866,2026-06-23T17:58:56.000000,accepted,20.6,5,2026-07-03T12:05:15.000000,0,true,true,false,true,0,CENSORED,,,,0,0,CENSORED,,,,false,false,false
1291,2025-08-04T00:00:00.000000,5873,2025-08-08T19:05:49.000000,accepted,10.1,8,2026-06-16T13:32:00.000000,0,true,true,true,true,0,LABELED,0,,,0,1,LABELED,0,,,true,true,true
1292,2026-06-12T00:00:00.000000,5878,2026-06-14T13:43:00.000000,accepted,32.9,3,2026-06-29T17:39:00.000000,0,true,true,false,true,0,CENSORED,,,,0,0,CENSORED,,,,false,false,false
1293,2026-04-03T00:00:00.000000,5880,2026-04-04T16:19:06.000000,accepted,6.4,3,2026-04-09T11:33:09.000000,0,true,true,true,true,0,LABELED,0,,,0,0,LABELED,0,,,true,true,true
1294,2026-02-19T00:00:00.000000,5886,2026-02-19T10:21:46.000000,no_response,14.6,6,2026-04-28T13:02:00.000000,0,true,true,true,true,0,LABELED,0,,,0,0,LABELED,0,,,true,true,true
1295,2025-07-18T00:00:00.000000,5890,2025-07-19T20:51:09.000000,accepted,5.9,7,2026-04-11T17:11:00.000000,0,true,true,true,true,0,LABELED,1,5891,2025-07-27T11:56:37.000Z,0,2,LABELED,1,5891,2025-07-27T11:26:37.000000,true,true,true
1296,2025-09-29T00:00:00.000000,5896,2025-10-01T10:59:30.000000,accepted,20.5,2,2026-02-17T13:15:00.000000,0,true,true,true,true,0,LABELED,0,,,0,0,LABELED,0,,,true,true,true
1297,2025-07-12T00:00:00.000000,5899,2025-07-12T14:14:45.000000,no_response,,5,2026-01-12T20:51:00.000000,0,true,true,true,true,0,LABELED,0,,,0,0,LABELED,0,,,true,true,true
1298,2025-12-29T00:00:00.000000,5903,2026-01-06T13:42:57.000000,scheduled_visit,22.3,2,2026-05-30T20:16:00.000000,1,true,true,true,true,1,LABELED,1,5903,2026-01-07T12:00:57.000Z,0,2,LABELED,1,5903,2026-01-06T13:42:57.000000,true,true,true
1299,2025-03-10T00:00:00.000000,5908,2025-03-11T11:18:27.000000,rejected,11,8,2026-05-14T10:37:00.000000,0,true,true,true,true,0,LABELED,1,5910,2025-03-17T18:05:32.000Z,0,2,LABELED,1,5910,2025-03-17T10:11:32.000000,true,true,true
1300,2026-02-04T00:00:00.000000,5915,2026-02-08T15:06:25.000000,rejected,10.3,4,2026-03-08T07:08:00.000000,0,true,true,true,true,0,LABELED,1,5912,2026-03-09T21:08:00.000Z,0,1,LABELED,1,5912,2026-03-08T07:08:00.000000,true,true,true
1301,2026-04-20T00:00:00.000000,5919,2026-04-24T07:24:12.000000,scheduled_visit,1.9,4,2026-05-08T10:11:00.000000,1,true,true,true,true,1,LABELED,1,5919,2026-04-24T09:18:12.000Z,0,1,LABELED,1,5919,2026-04-24T07:24:12.000000,true,true,true
1302,2025-12-17T00:00:00.000000,5922,2025-12-20T13:37:30.000000,no_response,4.8,5,2026-04-05T10:01:00.000000,0,true,true,true,true,0,LABELED,0,,,0,0,LABELED,0,,,true,true,true
1303,2025-03-17T00:00:00.000000,5925,2025-03-17T20:52:58.000000,scheduled_visit,,6,2026-01-20T20:25:00.000000,1,true,true,true,true,1,AMBIGUOUS,,,,1,1,LABELED,1,5925,2025-03-17T20:52:58.000000,true,true,true
1304,2025-01-12T00:00:00.000000,5934,2025-01-20T18:16:46.000000,scheduled_visit,49.2,8,2026-06-08T08:36:00.000000,1,true,true,true,true,1,LABELED,1,5934,2025-01-22T19:28:46.000Z,0,3,LABELED,1,5934,2025-01-20T18:16:46.000000,true,true,true
1305,2026-06-02T00:00:00.000000,5941,2026-06-02T07:33:12.000000,accepted,3.7,5,2026-06-10T20:07:26.000000,0,true,true,true,true,0,LABELED,1,5943,2026-06-07T22:32:01.000Z,0,2,CENSORED,,,,true,false,false
1306,2025-07-04T00:00:00.000000,5944,2025-07-08T12:27:45.000000,accepted,4.7,3,2025-07-12T11:28:27.000000,0,true,true,true,true,0,LABELED,1,5945,2025-07-13T15:04:27.000Z,0,1,LABELED,1,5945,2025-07-12T11:28:27.000000,true,true,true
1307,2026-02-04T00:00:00.000000,5950,2026-02-05T09:47:19.000000,rejected,20.1,8,2026-06-30T17:39:00.000000,0,true,true,true,true,0,LABELED,1,5952,2026-02-09T21:49:59.000Z,0,2,LABELED,1,5952,2026-02-09T13:25:59.000000,true,true,true
1308,2025-12-12T00:00:00.000000,5956,2025-12-13T17:00:22.000000,accepted,21.7,7,2026-04-06T19:46:00.000000,0,true,true,true,true,0,LABELED,1,5955,2025-12-15T16:42:59.000Z,0,2,LABELED,1,5955,2025-12-15T10:36:59.000000,true,true,true
1309,2026-04-05T00:00:00.000000,5962,2026-04-06T14:26:06.000000,accepted,8.5,2,2026-04-13T16:58:24.000000,0,true,true,true,true,0,LABELED,0,,,0,0,LABELED,0,,,true,true,true
1310,2025-04-13T00:00:00.000000,5967,2025-04-15T09:45:41.000000,accepted,,5,2026-03-30T09:34:00.000000,0,true,true,true,true,0,LABELED,0,,,0,0,LABELED,0,,,true,true,true
1311,2025-09-22T00:00:00.000000,5972,2025-09-24T10:51:29.000000,rejected,,8,2026-03-15T18:30:00.000000,0,true,true,true,true,0,LABELED,0,,,0,1,LABELED,0,,,true,true,true
1312,2025-09-27T00:00:00.000000,5977,2025-09-29T07:33:46.000000,accepted,1,6,2026-02-03T09:09:00.000000,0,true,true,true,true,0,LABELED,0,,,0,0,LABELED,0,,,true,true,true
1313,2025-05-18T00:00:00.000000,5989,2025-05-21T13:15:13.000000,no_response,2.9,8,2025-10-02T16:16:00.000000,0,true,true,true,true,0,LABELED,1,5986,2025-06-11T01:18:00.000Z,0,1,LABELED,1,5986,2025-06-09T18:00:00.000000,true,true,true
1314,2026-05-29T00:00:00.000000,5994,2026-05-30T11:01:20.000000,accepted,,5,2026-06-07T08:04:03.000000,0,true,true,true,true,0,AMBIGUOUS,,,,1,0,LABELED,1,5991,2026-06-03T13:59:41.000000,true,true,false
1315,2025-09-25T00:00:00.000000,5996,2025-09-26T09:15:28.000000,scheduled_visit,1,6,2025-10-06T11:06:17.000000,1,true,true,true,true,1,LABELED,1,5996,2025-09-26T10:15:28.000Z,0,2,LABELED,1,5996,2025-09-26T09:15:28.000000,true,true,true
1316,2026-03-27T00:00:00.000000,6004,2026-03-31T14:58:48.000000,scheduled_visit,1.4,4,2026-04-05T09:44:53.000000,1,true,true,true,true,1,LABELED,1,6004,2026-03-31T16:22:48.000Z,0,1,LABELED,1,6004,2026-03-31T14:58:48.000000,true,true,true
1317,2026-03-14T00:00:00.000000,6006,2026-03-23T07:43:49.000000,no_response,17.6,2,2026-03-24T09:42:50.000000,0,true,true,true,true,0,LABELED,0,,,0,0,LABELED,0,,,true,true,true
1318,2025-07-09T00:00:00.000000,6011,2025-07-11T07:03:01.000000,accepted,10.8,4,2026-05-22T13:37:00.000000,0,true,true,true,true,0,LABELED,0,,,0,1,LABELED,0,,,true,true,true
1319,2025-09-15T00:00:00.000000,6012,2025-09-21T14:41:53.000000,accepted,7.5,2,2026-03-17T16:58:00.000000,0,true,true,true,true,0,LABELED,0,,,0,0,LABELED,0,,,true,true,true
1320,2025-07-25T00:00:00.000000,6020,2025-07-31T15:20:14.000000,no_response,6.4,7,2026-05-20T14:55:00.000000,0,true,true,true,true,0,LABELED,0,,,0,0,LABELED,0,,,true,true,true
1321,2025-05-30T00:00:00.000000,6021,2025-06-05T14:09:32.000000,accepted,16.1,1,2025-06-05T14:09:32.000000,0,true,true,true,true,0,LABELED,0,,,0,0,LABELED,0,,,true,true,true
1322,2025-03-03T00:00:00.000000,6023,2025-03-03T17:11:23.000000,scheduled_visit,13.4,4,2026-02-25T14:57:00.000000,1,true,true,true,true,1,LABELED,1,6023,2025-03-04T06:35:23.000Z,0,1,LABELED,1,6023,2025-03-03T17:11:23.000000,true,true,true
1323,2025-11-02T00:00:00.000000,6027,2025-11-04T11:54:57.000000,accepted,,7,2026-06-02T19:12:00.000000,0,true,true,true,true,0,LABELED,0,,,0,0,LABELED,0,,,true,true,true
1324,2025-04-04T00:00:00.000000,6034,2025-04-08T13:36:51.000000,rejected,0.5,4,2026-03-28T11:09:00.000000,0,true,true,true,true,0,AMBIGUOUS,,,,1,1,LABELED,1,6036,2025-04-16T20:34:40.000000,true,true,true
1325,2025-01-18T00:00:00.000000,6041,2025-01-21T11:14:41.000000,accepted,25.1,8,2026-02-01T18:00:00.000000,0,true,true,true,true,0,LABELED,0,,,0,1,LABELED,0,,,true,true,true
1326,2025-05-29T00:00:00.000000,6045,2025-06-04T14:11:43.000000,scheduled_visit,,4,2026-02-18T16:19:00.000000,1,true,true,true,true,1,AMBIGUOUS,,,,1,1,LABELED,1,6045,2025-06-04T14:11:43.000000,true,true,true
1327,2026-02-10T00:00:00.000000,6053,2026-02-16T20:46:58.000000,no_response,5.5,5,2026-06-25T08:00:00.000000,0,true,true,true,true,0,LABELED,0,,,0,0,LABELED,0,,,true,true,true
1328,2025-06-05T00:00:00.000000,6055,2025-06-07T14:49:44.000000,rejected,3.9,7,2025-10-25T20:00:00.000000,0,true,true,true,true,0,LABELED,0,,,0,0,LABELED,0,,,true,true,true
1329,2025-12-29T00:00:00.000000,6066,2026-01-01T17:59:25.000000,accepted,,6,2026-03-09T20:12:00.000000,0,true,true,true,true,0,LABELED,0,,,0,0,LABELED,0,,,true,true,true
1330,2026-06-08T00:00:00.000000,6067,2026-06-09T10:53:23.000000,scheduled_visit,20.7,8,2026-06-20T11:11:29.000000,1,true,true,true,true,1,LABELED,1,6067,2026-06-10T07:35:23.000Z,0,1,CENSORED,,,,false,false,false
1331,2025-05-03T00:00:00.000000,6076,2025-05-10T14:43:37.000000,rejected,,3,2026-03-12T09:35:00.000000,0,true,true,true,true,0,LABELED,0,,,0,0,LABELED,0,,,true,true,true
1332,2026-06-13T00:00:00.000000,6082,2026-06-19T07:38:51.000000,no_response,7.8,8,2026-06-26T19:37:45.000000,0,true,true,false,true,0,CENSORED,,,,0,0,CENSORED,,,,false,false,false
1333,2025-04-29T00:00:00.000000,6087,2025-05-02T07:32:23.000000,scheduled_visit,0.5,3,2026-04-28T19:47:00.000000,1,true,true,true,true,1,LABELED,1,6087,2025-05-02T08:02:23.000Z,0,1,LABELED,1,6087,2025-05-02T07:32:23.000000,true,true,true
1334,2026-01-14T00:00:00.000000,6094,2026-01-18T10:51:55.000000,scheduled_visit,0.8,6,2026-05-27T13:02:00.000000,1,true,true,true,true,1,LABELED,1,6094,2026-01-18T11:39:55.000Z,0,1,LABELED,1,6094,2026-01-18T10:51:55.000000,true,true,true
1335,2026-02-27T00:00:00.000000,6095,2026-03-11T12:19:45.000000,no_response,9.8,3,2026-04-30T15:38:00.000000,0,true,true,true,true,0,LABELED,0,,,0,0,LABELED,0,,,true,true,true
1336,2025-03-14T00:00:00.000000,6100,2025-03-14T18:44:51.000000,rejected,9.1,3,2026-05-02T14:45:00.000000,0,true,true,true,true,0,LABELED,0,,,0,1,LABELED,0,,,true,true,true
1337,2025-06-10T00:00:00.000000,6102,2025-06-12T20:13:02.000000,scheduled_visit,4.1,3,2026-04-13T07:28:00.000000,1,true,true,true,true,1,LABELED,1,6102,2025-06-13T00:19:02.000Z,0,1,LABELED,1,6102,2025-06-12T20:13:02.000000,true,true,true
1338,2025-09-06T00:00:00.000000,6105,2025-09-10T09:20:46.000000,accepted,29.7,2,2026-02-25T12:04:00.000000,0,true,true,true,true,0,LABELED,0,,,0,1,LABELED,0,,,true,true,true
1339,2025-11-05T00:00:00.000000,6110,2025-11-13T09:14:05.000000,no_response,,5,2026-05-06T11:10:00.000000,0,true,true,true,true,0,LABELED,0,,,0,0,LABELED,0,,,true,true,true
1340,2026-02-01T00:00:00.000000,6113,2026-02-08T15:43:00.000000,accepted,6.3,3,2026-02-27T07:20:00.000000,0,true,true,true,true,0,LABELED,0,,,0,0,LABELED,0,,,true,true,true
1341,2025-11-01T00:00:00.000000,6115,2025-11-04T09:32:04.000000,no_response,31.5,7,2026-03-19T17:13:00.000000,0,true,true,true,true,0,LABELED,1,6114,2025-11-13T09:10:56.000Z,0,1,LABELED,1,6114,2025-11-12T19:46:56.000000,true,true,true
1342,2025-02-13T00:00:00.000000,6122,2025-02-15T14:02:46.000000,scheduled_visit,27.7,4,2026-02-01T15:45:00.000000,1,true,true,true,true,1,LABELED,1,6122,2025-02-16T17:44:46.000Z,0,1,LABELED,1,6122,2025-02-15T14:02:46.000000,true,true,true
1343,2025-11-28T00:00:00.000000,6127,2025-11-29T12:54:51.000000,scheduled_visit,,5,2025-12-09T07:45:33.000000,1,true,true,true,true,1,LABELED,1,6128,2025-12-09T12:15:33.000Z,1,1,LABELED,1,6127,2025-11-29T12:54:51.000000,true,true,true
1344,2025-02-21T00:00:00.000000,6131,2025-02-25T14:36:26.000000,scheduled_visit,32.8,3,2025-10-07T12:55:00.000000,1,true,true,true,true,1,LABELED,1,6131,2025-02-26T23:24:26.000Z,0,2,LABELED,1,6131,2025-02-25T14:36:26.000000,true,true,true
1345,2025-01-21T00:00:00.000000,6140,2025-01-25T18:39:56.000000,rejected,,8,2026-06-08T09:22:00.000000,0,true,true,true,true,0,LABELED,0,,,0,1,LABELED,0,,,true,true,true
1346,2025-12-20T00:00:00.000000,6147,2025-12-26T07:32:29.000000,no_response,0.7,7,2026-03-27T12:14:00.000000,0,true,true,true,true,0,LABELED,1,6142,2025-12-27T10:28:22.000Z,0,1,LABELED,1,6142,2025-12-27T09:58:22.000000,true,true,true
1347,2025-09-09T00:00:00.000000,6149,2025-09-11T12:41:59.000000,no_response,,2,2025-12-27T10:46:00.000000,0,true,true,true,true,0,LABELED,0,,,0,0,LABELED,0,,,true,true,true
1348,2025-07-17T00:00:00.000000,6156,2025-07-19T14:05:53.000000,scheduled_visit,55.6,8,2026-02-25T16:37:00.000000,1,true,true,true,true,1,LABELED,1,6156,2025-07-21T21:41:53.000Z,0,4,LABELED,1,6156,2025-07-19T14:05:53.000000,true,true,true
1349,2026-02-27T00:00:00.000000,6161,2026-02-27T09:32:31.000000,accepted,27.6,5,2026-03-19T09:59:00.000000,0,true,true,true,true,0,AMBIGUOUS,,,,1,0,LABELED,1,6159,2026-03-19T09:59:00.000000,true,true,true
1350,2025-07-15T00:00:00.000000,6166,2025-07-17T09:01:30.000000,scheduled_visit,,4,2026-04-04T11:27:00.000000,1,true,true,true,true,1,LABELED,1,6164,2025-07-21T11:07:50.000Z,1,1,LABELED,1,6166,2025-07-17T09:01:30.000000,true,true,true
1351,2026-02-14T00:00:00.000000,6167,2026-02-15T14:13:34.000000,no_response,,1,2026-02-15T14:13:34.000000,0,true,true,true,true,0,LABELED,0,,,0,0,LABELED,0,,,true,true,true
1352,2025-06-24T00:00:00.000000,6171,2025-06-27T11:11:00.000000,accepted,,8,2026-06-14T07:54:00.000000,0,true,true,true,true,0,LABELED,0,,,0,0,LABELED,0,,,true,true,true
1353,2025-08-25T00:00:00.000000,6179,2025-08-27T14:12:15.000000,accepted,18.1,8,2026-06-02T09:56:00.000000,0,true,true,true,true,0,LABELED,1,6182,2025-09-01T18:42:36.000Z,0,2,LABELED,1,6182,2025-08-31T13:30:36.000000,true,true,true
1354,2025-06-09T00:00:00.000000,6185,2025-06-15T15:53:52.000000,scheduled_visit,13.9,4,2025-09-23T20:45:00.000000,1,true,true,true,true,1,LABELED,1,6185,2025-06-16T05:47:52.000Z,0,1,LABELED,1,6185,2025-06-15T15:53:52.000000,true,true,true
1355,2025-03-04T00:00:00.000000,6188,2025-03-05T12:20:04.000000,accepted,1.8,4,2026-03-04T07:12:00.000000,0,true,true,true,true,0,LABELED,1,6190,2025-03-08T02:35:00.000Z,0,1,LABELED,1,6190,2025-03-07T10:41:00.000000,true,true,true
1356,2025-05-09T00:00:00.000000,6194,2025-05-13T20:27:01.000000,scheduled_visit,2.3,6,2026-02-14T12:26:00.000000,1,true,true,true,true,1,LABELED,1,6194,2025-05-13T22:45:01.000Z,0,2,LABELED,1,6194,2025-05-13T20:27:01.000000,true,true,true
1357,2025-10-17T00:00:00.000000,6203,2025-10-17T09:07:17.000000,accepted,4.5,8,2025-10-29T18:50:58.000000,0,true,true,true,true,0,LABELED,1,6200,2025-10-26T02:28:01.000Z,0,2,LABELED,1,6200,2025-10-25T09:34:01.000000,true,true,true
1358,2025-08-27T00:00:00.000000,6207,2025-08-31T10:18:17.000000,rejected,1.2,4,2026-05-18T10:15:00.000000,0,true,true,true,true,0,LABELED,0,,,0,1,LABELED,0,,,true,true,true
1359,2025-11-29T00:00:00.000000,6212,2025-12-03T18:17:53.000000,accepted,,3,2026-06-06T10:50:00.000000,0,true,true,true,true,0,LABELED,0,,,0,0,LABELED,0,,,true,true,true
1360,2026-06-09T00:00:00.000000,6215,2026-06-10T07:19:44.000000,no_response,4.7,4,2026-06-18T18:51:36.000000,0,true,true,true,true,0,LABELED,0,,,0,0,CENSORED,,,,false,false,false
1361,2026-03-23T00:00:00.000000,6223,2026-03-25T19:29:29.000000,no_response,10.5,8,2026-06-28T09:01:00.000000,0,true,true,true,true,0,LABELED,1,6219,2026-03-26T21:02:25.000Z,0,1,LABELED,1,6219,2026-03-26T15:02:25.000000,true,true,true
1362,2026-06-16T00:00:00.000000,6230,2026-06-16T07:45:12.000000,no_response,41.1,8,2026-06-27T08:37:52.000000,0,true,true,false,true,0,CENSORED,,,,0,0,CENSORED,,,,false,false,false
1363,2026-02-24T00:00:00.000000,6233,2026-02-26T20:43:57.000000,accepted,0.5,2,2026-02-28T08:39:00.000000,0,true,true,true,true,0,LABELED,0,,,0,0,LABELED,0,,,true,true,true
1364,2025-05-16T00:00:00.000000,6237,2025-05-22T17:58:07.000000,rejected,11.5,4,2025-11-01T15:50:00.000000,0,true,true,true,true,0,AMBIGUOUS,,,,1,1,LABELED,1,6235,2025-05-27T18:17:46.000000,true,true,true
1365,2025-07-22T00:00:00.000000,6243,2025-07-23T13:02:02.000000,accepted,,8,2026-02-17T07:06:00.000000,0,true,true,true,true,0,LABELED,1,6240,2025-07-28T15:37:38.000Z,0,2,LABELED,1,6240,2025-07-28T11:43:38.000000,true,true,true
1366,2025-07-30T00:00:00.000000,6247,2025-08-04T16:06:47.000000,scheduled_visit,29,3,2025-08-11T16:36:47.000000,1,true,true,true,true,1,LABELED,1,6247,2025-08-05T21:06:47.000Z,0,2,LABELED,1,6247,2025-08-04T16:06:47.000000,true,true,true
1367,2025-12-08T00:00:00.000000,6253,2025-12-11T15:03:42.000000,accepted,46.9,5,2026-04-21T14:37:00.000000,0,true,true,true,true,0,LABELED,0,,,0,0,LABELED,0,,,true,true,true
1368,2025-02-25T00:00:00.000000,6255,2025-03-05T17:22:27.000000,accepted,1.3,1,2025-03-05T17:22:27.000000,0,true,true,true,true,0,LABELED,0,,,0,0,LABELED,0,,,true,true,true
1369,2025-10-15T00:00:00.000000,6259,2025-10-19T16:54:45.000000,scheduled_visit,20.7,4,2026-01-16T16:31:00.000000,1,true,true,true,true,1,LABELED,1,6259,2025-10-20T13:36:45.000Z,0,1,LABELED,1,6259,2025-10-19T16:54:45.000000,true,true,true
1370,2026-05-11T00:00:00.000000,6262,2026-05-12T19:12:08.000000,scheduled_visit,23.2,3,2026-05-21T18:59:19.000000,1,true,true,true,true,1,LABELED,1,6262,2026-05-13T18:24:08.000Z,0,2,LABELED,1,6262,2026-05-12T19:12:08.000000,true,true,true
1371,2025-05-01T00:00:00.000000,6265,2025-05-12T12:06:47.000000,accepted,,4,2026-04-20T07:38:00.000000,0,true,true,true,true,0,LABELED,0,,,0,1,LABELED,0,,,true,true,true
1372,2025-10-10T00:00:00.000000,6267,2025-10-14T12:08:07.000000,no_response,0.5,1,2025-10-14T12:08:07.000000,0,true,true,true,true,0,LABELED,0,,,0,0,LABELED,0,,,true,true,true
1373,2025-05-25T00:00:00.000000,6270,2025-05-25T15:22:56.000000,accepted,15.2,8,2026-01-02T18:14:00.000000,0,true,true,true,true,0,LABELED,1,6268,2025-05-26T08:42:55.000Z,0,1,LABELED,1,6268,2025-05-25T19:42:55.000000,true,true,true
1374,2025-12-24T00:00:00.000000,6281,2025-12-24T09:53:51.000000,accepted,,7,2026-06-26T14:03:00.000000,0,true,true,true,true,0,AMBIGUOUS,,,,1,1,LABELED,1,6277,2025-12-28T19:59:55.000000,true,true,true
1375,2026-01-23T00:00:00.000000,6283,2026-01-27T15:40:13.000000,accepted,,1,2026-01-27T15:40:13.000000,0,true,true,true,true,0,LABELED,0,,,0,0,LABELED,0,,,true,true,true
1376,2025-11-22T00:00:00.000000,6289,2025-11-22T18:26:26.000000,accepted,8.6,8,2026-04-30T16:46:00.000000,0,true,true,true,true,0,LABELED,0,,,0,1,LABELED,0,,,true,true,true
1377,2026-01-30T00:00:00.000000,6296,2026-01-30T10:23:38.000000,accepted,3.1,7,2026-02-09T16:31:44.000000,0,true,true,true,true,0,LABELED,1,6293,2026-02-01T13:02:34.000Z,0,1,LABELED,1,6293,2026-01-31T19:02:34.000000,true,true,true
1378,2025-05-24T00:00:00.000000,6300,2025-06-01T13:13:08.000000,no_response,2,7,2026-04-26T17:25:00.000000,0,true,true,true,true,0,LABELED,0,,,0,0,LABELED,0,,,true,true,true
1379,2026-01-27T00:00:00.000000,6309,2026-01-29T16:38:55.000000,no_response,,6,2026-05-12T20:13:00.000000,0,true,true,true,true,0,LABELED,0,,,0,0,LABELED,0,,,true,true,true
1380,2025-02-09T00:00:00.000000,6313,2025-02-11T15:35:04.000000,accepted,0.5,7,2026-06-01T08:08:00.000000,0,true,true,true,true,0,LABELED,0,,,0,0,LABELED,0,,,true,true,true
1381,2025-07-04T00:00:00.000000,6319,2025-08-13T11:55:00.000000,accepted,13.4,1,2025-08-13T11:55:00.000000,0,true,true,true,true,0,LABELED,0,,,0,0,LABELED,0,,,true,true,true
1382,2025-08-27T00:00:00.000000,6322,2025-09-07T16:34:56.000000,accepted,24.8,3,2025-12-01T13:42:00.000000,0,true,true,true,true,0,LABELED,0,,,0,1,LABELED,0,,,true,true,true
1383,2025-10-06T00:00:00.000000,6329,2025-10-07T12:39:11.000000,accepted,14,8,2026-04-20T17:21:00.000000,0,true,true,true,true,0,LABELED,1,6328,2025-10-11T04:45:52.000Z,0,2,LABELED,1,6328,2025-10-10T12:57:52.000000,true,true,true
1384,2025-11-07T00:00:00.000000,6331,2025-11-07T08:24:07.000000,scheduled_visit,6.1,4,2026-06-08T07:38:00.000000,1,true,true,true,true,1,LABELED,1,6331,2025-11-07T14:30:07.000Z,0,2,LABELED,1,6331,2025-11-07T08:24:07.000000,true,true,true
1385,2025-04-18T00:00:00.000000,6335,2025-04-20T16:52:02.000000,accepted,7.3,2,2025-05-04T20:31:00.000000,0,true,true,true,true,0,LABELED,1,6336,2025-05-05T05:13:00.000Z,0,1,LABELED,1,6336,2025-05-04T20:31:00.000000,true,true,true
1386,2025-10-22T00:00:00.000000,6338,2025-10-24T19:04:42.000000,accepted,3.8,2,2025-10-30T20:11:26.000000,0,true,true,true,true,0,LABELED,0,,,0,0,LABELED,0,,,true,true,true
1387,2026-01-13T00:00:00.000000,6339,2026-01-15T16:17:23.000000,accepted,18.9,7,2026-01-25T13:15:20.000000,0,true,true,true,true,0,LABELED,1,6345,2026-01-21T19:41:37.000Z,0,1,LABELED,1,6345,2026-01-21T18:59:37.000000,true,true,true
1388,2025-07-20T00:00:00.000000,6348,2025-07-24T18:12:26.000000,accepted,4.5,5,2026-03-16T13:19:00.000000,0,true,true,true,true,0,LABELED,0,,,0,0,LABELED,0,,,true,true,true
1389,2025-07-14T00:00:00.000000,6352,2025-07-18T10:59:03.000000,rejected,,3,2025-07-27T16:21:22.000000,0,true,true,true,true,0,LABELED,0,,,0,0,LABELED,0,,,true,true,true
1390,2025-07-14T00:00:00.000000,6355,2025-07-18T12:46:37.000000,accepted,20.7,4,2025-07-26T12:35:11.000000,0,true,true,true,true,0,AMBIGUOUS,,,,1,0,LABELED,1,6354,2025-07-26T12:35:11.000000,true,true,true
1391,2025-06-27T00:00:00.000000,6359,2025-06-28T10:03:49.000000,rejected,30.6,7,2026-05-04T14:49:00.000000,0,true,true,true,true,0,LABELED,0,,,0,2,LABELED,0,,,true,true,true
1392,2025-12-29T00:00:00.000000,6366,2025-12-29T07:59:29.000000,accepted,1.4,4,2026-01-11T15:03:10.000000,0,true,true,true,true,0,LABELED,1,6367,2026-01-09T16:29:00.000Z,0,1,LABELED,1,6367,2026-01-08T10:59:00.000000,true,true,true
1393,2025-07-10T00:00:00.000000,6375,2025-07-11T20:26:35.000000,scheduled_visit,10.3,7,2026-05-28T15:19:00.000000,1,true,true,true,true,1,LABELED,1,6375,2025-07-12T06:44:35.000Z,0,1,LABELED,1,6375,2025-07-11T20:26:35.000000,true,true,true
1394,2025-04-10T00:00:00.000000,6376,2025-07-21T12:47:00.000000,no_response,2.2,4,2026-06-08T20:53:00.000000,0,true,true,true,true,0,LABELED,0,,,0,1,LABELED,0,,,true,true,true
1395,2025-01-27T00:00:00.000000,6381,2025-01-28T15:46:59.000000,scheduled_visit,,4,2025-05-01T18:24:00.000000,1,true,true,true,true,1,LABELED,1,6380,2025-02-08T00:06:38.000Z,1,1,LABELED,1,6381,2025-01-28T15:46:59.000000,true,true,true
1396,2025-10-03T00:00:00.000000,6385,2025-10-03T11:11:05.000000,accepted,15,5,2026-03-10T09:20:00.000000,0,true,true,true,true,0,LABELED,0,,,0,1,LABELED,0,,,true,true,true
1397,2025-08-29T00:00:00.000000,6391,2025-09-06T10:08:13.000000,scheduled_visit,1.7,6,2026-01-20T15:04:00.000000,1,true,true,true,true,1,LABELED,1,6391,2025-09-06T11:50:13.000Z,0,1,LABELED,1,6391,2025-09-06T10:08:13.000000,true,true,true
1398,2026-05-05T00:00:00.000000,6397,2026-05-12T12:31:01.000000,accepted,8.3,3,2026-06-09T11:34:00.000000,0,true,true,true,true,0,LABELED,1,6395,2026-05-15T18:30:38.000Z,0,1,LABELED,1,6395,2026-05-15T12:42:38.000000,true,true,true
1399,2025-10-18T00:00:00.000000,6398,2025-10-30T16:58:51.000000,rejected,34.5,1,2025-10-30T16:58:51.000000,0,true,true,true,true,0,LABELED,0,,,0,0,LABELED,0,,,true,true,true
1400,2025-09-07T00:00:00.000000,6400,2025-09-07T18:06:18.000000,scheduled_visit,3.9,8,2026-05-08T20:05:00.000000,1,true,true,true,true,1,LABELED,1,6400,2025-09-07T22:00:18.000Z,0,2,LABELED,1,6400,2025-09-07T18:06:18.000000,true,true,true
1401,2025-02-07T00:00:00.000000,6407,2025-11-15T11:25:00.000000,no_response,0.5,1,2025-11-15T11:25:00.000000,0,true,true,true,true,0,LABELED,0,,,0,0,LABELED,0,,,true,true,true
1402,2026-02-23T00:00:00.000000,6409,2026-02-28T09:52:19.000000,scheduled_visit,,5,2026-04-06T12:54:00.000000,1,true,true,true,true,1,LABELED,1,6411,2026-03-05T18:17:58.000Z,1,1,LABELED,1,6409,2026-02-28T09:52:19.000000,true,true,true
1403,2025-07-22T00:00:00.000000,6414,2025-07-28T10:51:36.000000,accepted,2.7,2,2025-11-29T18:35:00.000000,0,true,true,true,true,0,LABELED,0,,,0,0,LABELED,0,,,true,true,true
1404,2025-04-17T00:00:00.000000,6419,2025-08-28T17:38:00.000000,scheduled_visit,1,5,2026-01-24T07:45:00.000000,1,true,true,true,true,1,LABELED,1,6419,2025-08-28T18:38:00.000Z,0,1,LABELED,1,6419,2025-08-28T17:38:00.000000,true,true,true
1405,2026-06-23T00:00:00.000000,6420,2026-06-25T10:23:01.000000,accepted,,2,2026-06-30T19:18:37.000000,0,true,true,false,true,0,CENSORED,,,,0,0,CENSORED,,,,false,false,false
1406,2025-01-18T00:00:00.000000,6423,2025-01-29T11:21:53.000000,accepted,,8,2026-06-29T12:18:00.000000,0,true,true,true,true,0,LABELED,0,,,0,1,LABELED,0,,,true,true,true
1407,2025-09-08T00:00:00.000000,6430,2026-03-07T11:25:00.000000,accepted,,2,2026-05-05T15:53:00.000000,0,true,true,true,true,0,LABELED,0,,,0,0,LABELED,0,,,true,true,true
1408,2025-06-28T00:00:00.000000,6432,2025-07-01T18:46:08.000000,scheduled_visit,,3,2026-02-26T17:04:00.000000,1,true,true,true,true,1,AMBIGUOUS,,,,1,0,LABELED,1,6432,2025-07-01T18:46:08.000000,true,true,true
1409,2025-08-07T00:00:00.000000,6437,2025-08-07T08:04:33.000000,accepted,2.1,7,2026-05-07T15:38:00.000000,0,true,true,true,true,0,LABELED,1,6441,2025-08-11T14:18:00.000Z,0,2,LABELED,1,6441,2025-08-11T07:18:00.000000,true,true,true
1410,2025-11-04T00:00:00.000000,6442,2025-11-14T17:19:39.000000,accepted,0.5,1,2025-11-14T17:19:39.000000,0,true,true,true,true,0,LABELED,0,,,0,0,LABELED,0,,,true,true,true
1411,2025-11-17T00:00:00.000000,6443,2025-11-18T19:11:42.000000,no_response,12.7,6,2026-05-07T14:12:00.000000,0,true,true,true,true,0,LABELED,0,,,0,0,LABELED,0,,,true,true,true
1412,2025-12-04T00:00:00.000000,6450,2025-12-10T15:24:57.000000,accepted,13.2,3,2026-04-06T12:30:00.000000,0,true,true,true,true,0,LABELED,1,6449,2025-12-28T06:55:00.000Z,0,1,LABELED,1,6449,2025-12-27T15:37:00.000000,true,true,true
1413,2025-07-18T00:00:00.000000,6455,2025-07-21T16:34:19.000000,accepted,17.1,4,2026-01-29T07:14:00.000000,0,true,true,true,true,0,LABELED,1,6453,2025-07-29T00:31:55.000Z,0,1,LABELED,1,6453,2025-07-28T20:37:55.000000,true,true,true
1414,2025-02-14T00:00:00.000000,6459,2025-02-19T13:26:47.000000,accepted,12,6,2026-04-02T19:24:00.000000,0,true,true,true,true,0,LABELED,0,,,0,0,LABELED,0,,,true,true,true
1415,2025-03-07T00:00:00.000000,6467,2025-03-07T07:33:54.000000,accepted,29.2,7,2026-06-06T20:53:00.000000,0,true,true,true,true,0,LABELED,0,,,0,3,LABELED,0,,,true,true,true
1416,2026-04-11T00:00:00.000000,6469,2026-04-22T16:19:32.000000,accepted,12.4,2,2026-06-11T15:14:00.000000,0,true,true,true,true,0,LABELED,0,,,0,1,LABELED,0,,,true,true,true
1417,2026-03-13T00:00:00.000000,6475,2026-03-14T16:55:42.000000,accepted,9.5,7,2026-03-26T10:15:57.000000,0,true,true,true,true,0,LABELED,0,,,0,0,LABELED,0,,,true,true,true
1418,2026-05-23T00:00:00.000000,6478,2026-05-25T20:04:47.000000,accepted,0.9,1,2026-05-25T20:04:47.000000,0,true,true,true,true,0,LABELED,0,,,0,0,LABELED,0,,,true,true,false
1419,2026-03-11T00:00:00.000000,6482,2026-03-14T15:04:40.000000,accepted,64.3,6,2026-06-29T16:38:00.000000,0,true,true,true,true,0,LABELED,0,,,0,0,LABELED,0,,,true,true,true
1420,2025-07-18T00:00:00.000000,6485,2025-07-27T15:22:15.000000,accepted,33.2,3,2025-09-30T09:18:00.000000,0,true,true,true,true,0,LABELED,0,,,0,0,LABELED,0,,,true,true,true
1421,2026-02-03T00:00:00.000000,6488,2026-02-14T14:29:12.000000,scheduled_visit,,1,2026-02-14T14:29:12.000000,1,true,true,true,true,1,AMBIGUOUS,,,,1,0,LABELED,1,6488,2026-02-14T14:29:12.000000,true,true,true
1422,2025-10-09T00:00:00.000000,6493,2025-10-10T17:05:34.000000,accepted,11.8,6,2026-04-21T07:14:00.000000,0,true,true,true,true,0,LABELED,0,,,0,1,LABELED,0,,,true,true,true
1423,2025-05-29T00:00:00.000000,6496,2025-06-02T14:11:38.000000,scheduled_visit,9.8,3,2026-02-01T13:42:00.000000,1,true,true,true,true,1,LABELED,1,6496,2025-06-02T23:59:38.000Z,0,1,LABELED,1,6496,2025-06-02T14:11:38.000000,true,true,true
1424,2025-08-27T00:00:00.000000,6503,2025-08-30T19:34:12.000000,accepted,2.3,6,2026-06-04T20:08:00.000000,0,true,true,true,true,0,LABELED,1,6498,2025-08-30T20:41:58.000Z,0,2,LABELED,1,6498,2025-08-30T19:41:58.000000,true,true,true
1425,2025-11-04T00:00:00.000000,6505,2025-11-05T17:05:58.000000,accepted,47.8,3,2026-05-26T08:29:00.000000,0,true,true,true,true,0,LABELED,0,,,0,0,LABELED,0,,,true,true,true
1426,2025-10-24T00:00:00.000000,6510,2025-10-26T18:33:03.000000,scheduled_visit,3.9,6,2026-06-14T17:34:00.000000,1,true,true,true,true,1,LABELED,1,6510,2025-10-26T22:27:03.000Z,0,2,LABELED,1,6510,2025-10-26T18:33:03.000000,true,true,true
1427,2025-09-14T00:00:00.000000,6516,2025-09-21T19:24:28.000000,scheduled_visit,1.7,8,2026-02-23T07:27:00.000000,1,true,true,true,true,1,LABELED,1,6516,2025-09-21T21:06:28.000Z,0,2,LABELED,1,6516,2025-09-21T19:24:28.000000,true,true,true
1428,2025-04-16T00:00:00.000000,6522,2025-04-19T16:08:15.000000,accepted,2.3,8,2026-05-20T09:08:00.000000,0,true,true,true,true,0,LABELED,1,6521,2025-04-21T23:10:39.000Z,0,2,LABELED,1,6521,2025-04-20T11:10:39.000000,true,true,true
1429,2026-01-06T00:00:00.000000,6530,2026-01-11T11:59:23.000000,rejected,77.4,2,2026-01-14T17:55:12.000000,0,true,true,true,true,0,LABELED,0,,,0,0,LABELED,0,,,true,true,true
1430,2025-07-31T00:00:00.000000,6533,2025-08-01T19:52:15.000000,rejected,6.4,6,2026-05-18T15:55:00.000000,0,true,true,true,true,0,AMBIGUOUS,,,,1,0,LABELED,1,6536,2025-08-05T07:03:23.000000,true,true,true
1431,2026-01-28T00:00:00.000000,6537,2026-05-27T15:15:00.000000,scheduled_visit,4.9,1,2026-05-27T15:15:00.000000,1,true,true,true,true,1,LABELED,1,6537,2026-05-27T20:09:00.000Z,0,1,LABELED,1,6537,2026-05-27T15:15:00.000000,true,true,false
1432,2025-03-08T00:00:00.000000,6540,2025-03-09T10:42:05.000000,no_response,10.2,4,2025-12-07T10:00:00.000000,0,true,true,true,true,0,LABELED,1,6541,2025-03-11T12:01:59.000Z,0,1,LABELED,1,6541,2025-03-11T08:01:59.000000,true,true,true
1433,2025-08-04T00:00:00.000000,6542,2025-08-14T12:03:49.000000,no_response,,1,2025-08-14T12:03:49.000000,0,true,true,true,true,0,LABELED,0,,,0,0,LABELED,0,,,true,true,true
1434,2026-05-18T00:00:00.000000,6545,2026-05-18T13:10:03.000000,rejected,,3,2026-06-01T08:05:00.000000,0,true,true,true,true,0,LABELED,1,6543,2026-06-01T11:17:00.000Z,0,1,LABELED,1,6543,2026-06-01T08:05:00.000000,true,true,false
1435,2026-03-01T00:00:00.000000,6546,2026-03-08T15:14:12.000000,accepted,4.5,2,2026-06-04T18:27:00.000000,0,true,true,true,true,0,LABELED,0,,,0,0,LABELED,0,,,true,true,true
1436,2025-11-05T00:00:00.000000,6550,2025-11-07T20:02:04.000000,accepted,0.5,6,2025-12-15T07:46:00.000000,0,true,true,true,true,0,LABELED,0,,,0,0,LABELED,0,,,true,true,true
1437,2025-12-07T00:00:00.000000,6555,2025-12-10T17:37:09.000000,no_response,,8,2026-06-14T18:57:00.000000,0,true,true,true,true,0,LABELED,0,,,0,0,LABELED,0,,,true,true,true
1438,2025-02-13T00:00:00.000000,6565,2025-02-24T13:44:47.000000,accepted,2.1,6,2026-05-08T18:31:00.000000,0,true,true,true,true,0,LABELED,0,,,0,1,LABELED,0,,,true,true,true
1439,2026-02-06T00:00:00.000000,6570,2026-02-06T17:23:40.000000,scheduled_visit,,6,2026-04-16T09:06:00.000000,1,true,true,true,true,1,LABELED,1,6572,2026-02-10T12:08:44.000Z,1,1,LABELED,1,6570,2026-02-06T17:23:40.000000,true,true,true
1440,2025-02-22T00:00:00.000000,6574,2025-03-01T12:58:25.000000,no_response,,5,2026-05-30T14:10:00.000000,0,true,true,true,true,0,LABELED,0,,,0,1,LABELED,0,,,true,true,true
1441,2026-01-23T00:00:00.000000,6581,2026-01-25T11:19:20.000000,scheduled_visit,1.4,8,2026-04-25T10:52:00.000000,1,true,true,true,true,1,LABELED,1,6581,2026-01-25T12:43:20.000Z,0,1,LABELED,1,6581,2026-01-25T11:19:20.000000,true,true,true
1442,2025-05-20T00:00:00.000000,6587,2025-05-27T17:51:01.000000,no_response,,1,2025-05-27T17:51:01.000000,0,true,true,true,true,0,LABELED,0,,,0,0,LABELED,0,,,true,true,true
1443,2026-02-26T00:00:00.000000,6588,2026-03-01T10:00:19.000000,accepted,12.1,4,2026-03-08T14:40:26.000000,0,true,true,true,true,0,LABELED,0,,,0,0,LABELED,0,,,true,true,true
1444,2025-12-21T00:00:00.000000,6592,2025-12-27T11:46:17.000000,no_response,0.5,2,2026-06-20T10:52:00.000000,0,true,true,true,true,0,LABELED,0,,,0,0,LABELED,0,,,true,true,true
1445,2025-11-08T00:00:00.000000,6594,2025-11-13T11:13:21.000000,accepted,,5,2026-06-13T09:25:00.000000,0,true,true,true,true,0,LABELED,0,,,0,1,LABELED,0,,,true,true,true
1446,2025-04-12T00:00:00.000000,6603,2025-04-28T13:38:00.000000,no_response,9.2,6,2026-06-07T18:52:00.000000,0,true,true,true,true,0,LABELED,0,,,0,2,LABELED,0,,,true,true,true
1447,2025-12-02T00:00:00.000000,6605,2025-12-05T19:12:22.000000,rejected,4.6,3,2025-12-07T16:06:41.000000,0,true,true,true,true,0,LABELED,0,,,0,0,LABELED,0,,,true,true,true
1448,2025-12-01T00:00:00.000000,6609,2025-12-04T08:49:11.000000,scheduled_visit,2,7,2026-03-20T11:44:00.000000,1,true,true,true,true,1,LABELED,1,6609,2025-12-04T10:49:11.000Z,0,3,LABELED,1,6609,2025-12-04T08:49:11.000000,true,true,true
1449,2025-03-01T00:00:00.000000,6619,2025-03-02T09:01:19.000000,accepted,,5,2025-12-10T10:20:00.000000,0,true,true,true,true,0,LABELED,0,,,0,1,LABELED,0,,,true,true,true
1450,2025-09-23T00:00:00.000000,6621,2025-09-29T11:41:46.000000,accepted,0.5,6,2026-03-10T11:42:00.000000,0,true,true,true,true,0,LABELED,0,,,0,0,LABELED,0,,,true,true,true
1451,2025-10-17T00:00:00.000000,6632,2025-10-17T08:36:04.000000,no_response,23.9,7,2026-06-11T14:20:00.000000,0,true,true,true,true,0,LABELED,1,6629,2025-10-22T11:16:25.000Z,0,3,LABELED,1,6629,2025-10-22T08:16:25.000000,true,true,true
1452,2025-05-14T00:00:00.000000,6636,2025-07-07T20:41:00.000000,accepted,5.2,4,2026-02-01T09:11:00.000000,0,true,true,true,true,0,LABELED,0,,,0,0,LABELED,0,,,true,true,true
1453,2026-05-11T00:00:00.000000,6638,2026-05-12T12:25:47.000000,accepted,1.1,3,2026-05-23T17:00:11.000000,0,true,true,true,true,0,LABELED,0,,,0,0,LABELED,0,,,true,true,true
1454,2025-11-03T00:00:00.000000,6642,2025-11-04T15:34:19.000000,accepted,0.7,7,2026-06-10T12:57:00.000000,0,true,true,true,true,0,LABELED,0,,,0,0,LABELED,0,,,true,true,true
1455,2025-06-05T00:00:00.000000,6648,2025-06-07T10:10:40.000000,accepted,6.1,3,2026-02-05T18:16:00.000000,0,true,true,true,true,0,LABELED,0,,,0,0,LABELED,0,,,true,true,true
1456,2026-03-11T00:00:00.000000,6651,2026-03-12T09:12:32.000000,accepted,9.8,3,2026-03-16T09:17:23.000000,0,true,true,true,true,0,LABELED,0,,,0,0,LABELED,0,,,true,true,true
1457,2025-08-06T00:00:00.000000,6659,2025-08-06T14:36:03.000000,accepted,6.7,8,2026-04-30T18:28:00.000000,0,true,true,true,true,0,LABELED,1,6657,2025-08-08T13:20:52.000Z,0,2,LABELED,1,6657,2025-08-08T11:20:52.000000,true,true,true
1458,2025-02-27T00:00:00.000000,6663,2025-03-05T07:16:59.000000,accepted,6,7,2026-06-14T17:47:00.000000,0,true,true,true,true,0,LABELED,0,,,0,1,LABELED,0,,,true,true,true
1459,2025-11-24T00:00:00.000000,6670,2025-11-26T15:50:23.000000,accepted,10.5,6,2026-01-27T15:58:00.000000,0,true,true,true,true,0,LABELED,0,,,0,0,LABELED,0,,,true,true,true
1460,2025-12-08T00:00:00.000000,6674,2025-12-11T19:24:06.000000,no_response,11.9,4,2026-03-11T16:06:00.000000,0,true,true,true,true,0,LABELED,0,,,0,0,LABELED,0,,,true,true,true
1461,2025-06-12T00:00:00.000000,6682,2025-06-22T11:57:02.000000,no_response,0.8,6,2026-03-18T18:30:00.000000,0,true,true,true,true,0,LABELED,0,,,0,0,LABELED,0,,,true,true,true
1462,2025-02-26T00:00:00.000000,6684,2025-10-25T19:27:00.000000,accepted,,1,2025-10-25T19:27:00.000000,0,true,true,true,true,0,LABELED,0,,,0,0,LABELED,0,,,true,true,true
1463,2025-04-25T00:00:00.000000,6688,2025-04-26T10:22:31.000000,no_response,,4,2026-04-21T11:07:00.000000,0,true,true,true,true,0,LABELED,0,,,0,0,LABELED,0,,,true,true,true
1464,2025-11-12T00:00:00.000000,6690,2025-11-21T09:54:42.000000,scheduled_visit,4.6,3,2026-05-15T10:36:00.000000,1,true,true,true,true,1,LABELED,1,6690,2025-11-21T14:30:42.000Z,0,2,LABELED,1,6690,2025-11-21T09:54:42.000000,true,true,true
1465,2026-05-10T00:00:00.000000,6692,2026-05-19T19:55:13.000000,no_response,7.7,1,2026-05-19T19:55:13.000000,0,true,true,true,true,0,LABELED,0,,,0,0,LABELED,0,,,true,true,false
1466,2025-05-22T00:00:00.000000,6698,2025-05-27T11:53:50.000000,accepted,7.4,6,2026-06-21T13:56:00.000000,0,true,true,true,true,0,LABELED,1,6695,2025-06-02T17:55:28.000Z,0,2,LABELED,1,6695,2025-06-01T12:43:28.000000,true,true,true
1467,2025-02-04T00:00:00.000000,6699,2025-02-06T09:07:10.000000,scheduled_visit,13.2,5,2026-04-04T13:39:00.000000,1,true,true,true,true,1,LABELED,1,6699,2025-02-06T22:19:10.000Z,0,3,LABELED,1,6699,2025-02-06T09:07:10.000000,true,true,true
1468,2025-12-30T00:00:00.000000,6704,2026-01-02T07:18:04.000000,no_response,12.5,6,2026-06-13T11:29:00.000000,0,true,true,true,true,0,LABELED,1,6705,2026-01-03T09:16:54.000Z,0,2,LABELED,1,6705,2026-01-03T07:58:54.000000,true,true,true
1469,2025-05-13T00:00:00.000000,6712,2025-05-13T20:57:21.000000,accepted,3.3,8,2026-03-12T17:55:00.000000,0,true,true,true,true,0,LABELED,0,,,0,1,LABELED,0,,,true,true,true
1470,2025-12-31T00:00:00.000000,6719,2026-01-07T18:04:45.000000,accepted,33.6,4,2026-04-05T13:09:00.000000,0,true,true,true,true,0,LABELED,0,,,0,1,LABELED,0,,,true,true,true
1471,2025-12-12T00:00:00.000000,6723,2025-12-16T08:47:55.000000,no_response,5,8,2026-06-08T12:03:00.000000,0,true,true,true,true,0,LABELED,0,,,0,0,LABELED,0,,,true,true,true
1472,2025-08-25T00:00:00.000000,6733,2025-08-31T19:29:28.000000,accepted,2.5,4,2026-06-30T08:25:00.000000,0,true,true,true,true,0,LABELED,0,,,0,0,LABELED,0,,,true,true,true
1473,2026-04-03T00:00:00.000000,6736,2026-04-10T09:18:35.000000,no_response,1.2,3,2026-04-15T09:37:52.000000,0,true,true,true,true,0,LABELED,0,,,0,0,LABELED,0,,,true,true,true
1474,2025-09-15T00:00:00.000000,6737,2026-03-25T19:29:00.000000,accepted,10,1,2026-03-25T19:29:00.000000,0,true,true,true,true,0,LABELED,0,,,0,0,LABELED,0,,,true,true,true
1475,2025-03-15T00:00:00.000000,6738,2026-03-14T15:20:00.000000,scheduled_visit,1,1,2026-03-14T15:20:00.000000,1,true,true,true,true,1,LABELED,1,6738,2026-03-14T16:20:00.000Z,0,1,LABELED,1,6738,2026-03-14T15:20:00.000000,true,true,true
1476,2025-06-16T00:00:00.000000,6739,2025-06-22T07:13:37.000000,accepted,,1,2025-06-22T07:13:37.000000,0,true,true,true,true,0,LABELED,0,,,0,0,LABELED,0,,,true,true,true
1477,2025-06-20T00:00:00.000000,6741,2025-06-22T15:48:33.000000,accepted,6,4,2025-06-30T10:56:43.000000,0,true,true,true,true,0,LABELED,0,,,0,0,LABELED,0,,,true,true,true
1478,2025-05-22T00:00:00.000000,6748,2025-05-25T15:44:41.000000,accepted,1.5,5,2026-04-10T17:54:00.000000,0,true,true,true,true,0,LABELED,0,,,0,1,LABELED,0,,,true,true,true
1479,2026-03-22T00:00:00.000000,6749,2026-03-27T15:51:03.000000,rejected,8.3,2,2026-04-30T08:06:00.000000,0,true,true,true,true,0,LABELED,0,,,0,0,LABELED,0,,,true,true,true
1480,2025-11-27T00:00:00.000000,6755,2025-11-29T20:15:12.000000,no_response,5.5,7,2026-02-27T12:39:00.000000,0,true,true,true,true,0,LABELED,0,,,0,0,LABELED,0,,,true,true,true
1481,2025-04-01T00:00:00.000000,6759,2025-04-04T10:20:45.000000,accepted,10,7,2026-01-07T20:27:00.000000,0,true,true,true,true,0,LABELED,1,6760,2025-04-06T21:56:37.000Z,0,1,LABELED,1,6760,2025-04-05T18:38:37.000000,true,true,true
1482,2025-07-03T00:00:00.000000,6767,2025-07-03T07:32:55.000000,accepted,9.2,3,2026-04-21T08:22:00.000000,0,true,true,true,true,0,LABELED,0,,,0,0,LABELED,0,,,true,true,true
1483,2025-02-03T00:00:00.000000,6769,2025-05-07T12:57:00.000000,no_response,7.1,3,2026-01-08T14:52:00.000000,0,true,true,true,true,0,LABELED,0,,,0,1,LABELED,0,,,true,true,true
1484,2025-01-28T00:00:00.000000,6774,2025-02-06T16:29:30.000000,accepted,,4,2026-06-11T19:44:00.000000,0,true,true,true,true,0,LABELED,0,,,0,0,LABELED,0,,,true,true,true
1485,2025-01-23T00:00:00.000000,6777,2025-02-21T15:06:00.000000,scheduled_visit,4.3,7,2026-06-20T15:35:00.000000,1,true,true,true,true,1,LABELED,1,6777,2025-02-21T19:24:00.000Z,0,3,LABELED,1,6777,2025-02-21T15:06:00.000000,true,true,true
1486,2025-01-24T00:00:00.000000,6787,2025-01-29T07:11:01.000000,rejected,34.9,8,2026-01-23T15:03:00.000000,0,true,true,true,true,0,LABELED,0,,,0,3,LABELED,0,,,true,true,true
1487,2026-05-05T00:00:00.000000,6790,2026-05-05T15:02:49.000000,no_response,12.2,6,2026-05-15T20:48:27.000000,0,true,true,true,true,0,LABELED,1,6795,2026-05-13T11:27:18.000Z,0,2,LABELED,1,6795,2026-05-13T09:45:18.000000,true,true,true
1488,2025-05-23T00:00:00.000000,6797,2025-05-30T13:58:16.000000,no_response,2.9,2,2025-06-01T17:23:26.000000,0,true,true,true,true,0,LABELED,0,,,0,0,LABELED,0,,,true,true,true
1489,2026-03-23T00:00:00.000000,6798,2026-04-05T12:12:37.000000,rejected,20.8,1,2026-04-05T12:12:37.000000,0,true,true,true,true,0,LABELED,0,,,0,0,LABELED,0,,,true,true,true
1490,2026-01-01T00:00:00.000000,6799,2026-01-09T15:09:52.000000,accepted,0.8,1,2026-01-09T15:09:52.000000,0,true,true,true,true,0,LABELED,0,,,0,0,LABELED,0,,,true,true,true
1491,2025-09-13T00:00:00.000000,6800,2025-11-04T13:17:00.000000,accepted,6.3,3,2026-02-27T07:08:00.000000,0,true,true,true,true,0,LABELED,0,,,0,0,LABELED,0,,,true,true,true
1492,2026-05-14T00:00:00.000000,6803,2026-05-23T13:19:20.000000,accepted,38.4,1,2026-05-23T13:19:20.000000,0,true,true,true,true,0,LABELED,0,,,0,0,LABELED,0,,,true,true,false
1493,2026-05-11T00:00:00.000000,6808,2026-05-12T09:10:19.000000,scheduled_visit,1,5,2026-05-24T07:35:28.000000,1,true,true,true,true,1,LABELED,1,6808,2026-05-12T10:10:19.000Z,0,1,LABELED,1,6808,2026-05-12T09:10:19.000000,true,true,true
1494,2025-12-18T00:00:00.000000,6809,2025-12-21T15:30:01.000000,no_response,13.9,4,2026-06-25T10:51:00.000000,0,true,true,true,true,0,LABELED,1,6811,2025-12-22T13:09:34.000Z,0,2,LABELED,1,6811,2025-12-22T07:21:34.000000,true,true,true
1495,2025-02-21T00:00:00.000000,6813,2025-07-07T17:31:00.000000,accepted,,1,2025-07-07T17:31:00.000000,0,true,true,true,true,0,LABELED,0,,,0,0,LABELED,0,,,true,true,true
1496,2025-03-05T00:00:00.000000,6814,2025-03-05T19:51:19.000000,accepted,2.8,4,2026-06-09T09:11:00.000000,0,true,true,true,true,0,LABELED,0,,,0,1,LABELED,0,,,true,true,true
1497,2025-01-21T00:00:00.000000,6818,2025-01-23T08:34:56.000000,accepted,0.5,3,2026-02-02T14:15:00.000000,0,true,true,true,true,0,LABELED,0,,,0,0,LABELED,0,,,true,true,true
1498,2025-09-12T00:00:00.000000,6821,2025-10-22T20:06:00.000000,scheduled_visit,0.7,1,2025-10-22T20:06:00.000000,1,true,true,true,true,1,LABELED,1,6821,2025-10-22T20:48:00.000Z,0,1,LABELED,1,6821,2025-10-22T20:06:00.000000,true,true,true
1499,2025-09-24T00:00:00.000000,6829,2025-09-25T19:49:15.000000,scheduled_visit,11.3,8,2026-05-16T12:02:00.000000,1,true,true,true,true,1,LABELED,1,6829,2025-09-26T07:07:15.000Z,0,2,LABELED,1,6829,2025-09-25T19:49:15.000000,true,true,true
1500,2025-09-20T00:00:00.000000,6831,2025-09-24T14:02:43.000000,no_response,5.2,2,2025-10-25T19:20:00.000000,0,true,true,true,true,0,LABELED,0,,,0,0,LABELED,0,,,true,true,true
1501,2026-02-28T00:00:00.000000,6834,2026-02-28T09:20:00.000000,scheduled_visit,,3,2026-03-04T18:34:51.000000,1,true,true,true,true,1,LABELED,1,6833,2026-03-06T01:32:17.000Z,1,1,LABELED,1,6834,2026-02-28T09:20:00.000000,true,true,true
1502,2025-02-08T00:00:00.000000,6836,2025-02-14T15:52:07.000000,rejected,,4,2026-03-14T18:10:00.000000,0,true,true,true,true,0,LABELED,0,,,0,1,LABELED,0,,,true,true,true
1503,2025-02-09T00:00:00.000000,6840,2025-08-22T09:02:00.000000,accepted,9.1,2,2025-10-18T14:38:00.000000,0,true,true,true,true,0,LABELED,0,,,0,0,LABELED,0,,,true,true,true
1504,2026-03-04T00:00:00.000000,6843,2026-03-05T14:13:03.000000,rejected,0.9,4,2026-03-17T12:24:37.000000,0,true,true,true,true,0,LABELED,1,6842,2026-03-12T19:19:18.000Z,0,1,LABELED,1,6842,2026-03-12T18:49:18.000000,true,true,true
1505,2025-07-10T00:00:00.000000,6846,2025-07-18T18:29:39.000000,rejected,33.6,3,2026-02-04T17:05:00.000000,0,true,true,true,true,0,LABELED,0,,,0,0,LABELED,0,,,true,true,true
1506,2026-03-10T00:00:00.000000,6850,2026-03-12T19:54:19.000000,scheduled_visit,18.7,4,2026-06-24T15:15:00.000000,1,true,true,true,true,1,LABELED,1,6850,2026-03-13T14:36:19.000Z,0,3,LABELED,1,6850,2026-03-12T19:54:19.000000,true,true,true
1507,2025-03-18T00:00:00.000000,6852,2025-03-19T18:23:31.000000,scheduled_visit,24.7,8,2025-12-08T19:09:00.000000,1,true,true,true,true,1,LABELED,1,6852,2025-03-20T19:05:31.000Z,0,2,LABELED,1,6852,2025-03-19T18:23:31.000000,true,true,true
1508,2026-03-12T00:00:00.000000,6862,2026-03-16T10:22:17.000000,scheduled_visit,22.6,5,2026-05-20T18:54:00.000000,1,true,true,true,true,1,LABELED,1,6862,2026-03-17T08:58:17.000Z,0,1,LABELED,1,6862,2026-03-16T10:22:17.000000,true,true,true
1509,2026-01-28T00:00:00.000000,6865,2026-06-25T16:28:00.000000,accepted,1.1,1,2026-06-25T16:28:00.000000,0,true,true,false,true,0,CENSORED,,,,0,0,CENSORED,,,,false,false,false
1510,2025-02-24T00:00:00.000000,6871,2025-02-28T09:56:14.000000,scheduled_visit,15.4,6,2026-03-02T10:50:00.000000,1,true,true,true,true,1,LABELED,1,6871,2025-03-01T01:20:14.000Z,0,5,LABELED,1,6871,2025-02-28T09:56:14.000000,true,true,true
1511,2025-05-26T00:00:00.000000,6872,2025-05-30T15:54:32.000000,accepted,10.4,1,2025-05-30T15:54:32.000000,0,true,true,true,true,0,LABELED,0,,,0,0,LABELED,0,,,true,true,true
1512,2025-07-30T00:00:00.000000,6874,2025-08-09T11:28:21.000000,no_response,9.1,4,2026-02-10T12:12:00.000000,0,true,true,true,true,0,LABELED,1,6876,2025-08-21T14:28:00.000Z,0,1,LABELED,1,6876,2025-08-21T11:22:00.000000,true,true,true
1513,2025-10-25T00:00:00.000000,6882,2025-10-29T11:56:41.000000,scheduled_visit,5.9,8,2026-03-10T19:45:00.000000,1,true,true,true,true,1,LABELED,1,6882,2025-10-29T17:50:41.000Z,0,1,LABELED,1,6882,2025-10-29T11:56:41.000000,true,true,true
1514,2025-10-16T00:00:00.000000,6887,2025-10-21T19:24:00.000000,rejected,4.9,5,2026-03-07T15:15:00.000000,0,true,true,true,true,0,LABELED,1,6889,2025-10-27T22:16:32.000Z,0,2,LABELED,1,6889,2025-10-27T09:46:32.000000,true,true,true
1515,2025-01-05T00:00:00.000000,6892,2025-01-16T20:59:10.000000,scheduled_visit,1.3,7,2026-04-09T12:53:00.000000,1,true,true,true,true,1,LABELED,1,6892,2025-01-16T22:17:10.000Z,0,1,LABELED,1,6892,2025-01-16T20:59:10.000000,true,true,true
1516,2025-11-17T00:00:00.000000,6900,2025-11-19T12:20:05.000000,rejected,53.1,6,2026-03-30T14:16:00.000000,0,true,true,true,true,0,LABELED,1,6897,2025-11-22T12:42:36.000Z,0,2,LABELED,1,6897,2025-11-22T10:48:36.000000,true,true,true
1517,2025-08-22T00:00:00.000000,6904,2025-09-01T14:38:24.000000,no_response,,3,2026-04-30T17:30:00.000000,0,true,true,true,true,0,LABELED,0,,,0,0,LABELED,0,,,true,true,true
1518,2025-08-25T00:00:00.000000,6906,2025-09-03T14:50:57.000000,scheduled_visit,19,3,2026-03-23T14:37:00.000000,1,true,true,true,true,1,LABELED,1,6906,2025-09-04T09:50:57.000Z,0,2,LABELED,1,6906,2025-09-03T14:50:57.000000,true,true,true
1519,2025-02-14T00:00:00.000000,6909,2025-02-21T13:01:26.000000,accepted,2.2,4,2026-03-09T14:22:00.000000,0,true,true,true,true,0,LABELED,0,,,0,0,LABELED,0,,,true,true,true
1520,2025-02-28T00:00:00.000000,6915,2025-04-13T09:06:00.000000,rejected,17.3,5,2026-02-18T20:16:00.000000,0,true,true,true,true,0,LABELED,0,,,0,2,LABELED,0,,,true,true,true
1521,2026-05-07T00:00:00.000000,6922,2026-05-07T18:13:24.000000,accepted,,5,2026-05-11T11:17:02.000000,0,true,true,true,true,0,LABELED,1,6918,2026-05-10T19:20:33.000Z,0,1,LABELED,1,6918,2026-05-10T10:02:33.000000,true,true,true
1522,2025-03-17T00:00:00.000000,6926,2025-03-19T07:55:47.000000,scheduled_visit,17.8,5,2026-04-12T08:57:00.000000,1,true,true,true,true,1,LABELED,1,6926,2025-03-20T01:43:47.000Z,0,2,LABELED,1,6926,2025-03-19T07:55:47.000000,true,true,true
1523,2025-12-21T00:00:00.000000,6928,2025-12-24T18:30:40.000000,no_response,,1,2025-12-24T18:30:40.000000,0,true,true,true,true,0,LABELED,0,,,0,0,LABELED,0,,,true,true,true
1524,2025-12-31T00:00:00.000000,6931,2026-01-03T08:53:26.000000,accepted,25.5,4,2026-01-11T07:08:14.000000,0,true,true,true,true,0,LABELED,0,,,0,0,LABELED,0,,,true,true,true
1525,2025-10-29T00:00:00.000000,6933,2025-11-18T14:36:00.000000,scheduled_visit,69.9,1,2025-11-18T14:36:00.000000,1,true,true,true,true,1,LABELED,1,6933,2025-11-21T12:30:00.000Z,0,1,LABELED,1,6933,2025-11-18T14:36:00.000000,true,true,true
1526,2025-04-17T00:00:00.000000,6936,2025-04-17T19:45:05.000000,no_response,,3,2026-01-29T18:33:00.000000,0,true,true,true,true,0,LABELED,0,,,0,1,LABELED,0,,,true,true,true
1527,2025-06-29T00:00:00.000000,6941,2025-07-02T18:14:49.000000,no_response,1.7,6,2026-04-25T15:12:00.000000,0,true,true,true,true,0,LABELED,0,,,0,2,LABELED,0,,,true,true,true
1528,2025-11-09T00:00:00.000000,6948,2025-11-09T15:09:56.000000,scheduled_visit,7.8,6,2025-11-15T20:54:04.000000,1,true,true,true,true,1,LABELED,1,6948,2025-11-09T22:57:56.000Z,0,2,LABELED,1,6948,2025-11-09T15:09:56.000000,true,true,true
1529,2025-01-15T00:00:00.000000,6953,2025-02-08T10:09:00.000000,accepted,13,5,2026-01-02T09:11:00.000000,0,true,true,true,true,0,LABELED,0,,,0,0,LABELED,0,,,true,true,true
1530,2026-04-22T00:00:00.000000,6957,2026-04-22T07:05:39.000000,rejected,7.4,8,2026-06-26T14:12:00.000000,0,true,true,true,true,0,LABELED,0,,,0,0,LABELED,0,,,true,true,true
1531,2025-07-30T00:00:00.000000,6965,2025-08-03T16:01:56.000000,accepted,12,8,2026-05-02T15:06:00.000000,0,true,true,true,true,0,LABELED,1,6969,2025-08-09T17:33:10.000Z,0,2,LABELED,1,6969,2025-08-08T14:21:10.000000,true,true,true
1532,2025-06-10T00:00:00.000000,6971,2025-06-13T20:19:00.000000,no_response,3.6,2,2026-05-04T19:36:00.000000,0,true,true,true,true,0,LABELED,0,,,0,0,LABELED,0,,,true,true,true
1533,2025-04-22T00:00:00.000000,6973,2025-06-19T08:22:00.000000,rejected,0.7,2,2025-09-16T10:57:00.000000,0,true,true,true,true,0,LABELED,0,,,0,0,LABELED,0,,,true,true,true
1534,2026-06-10T00:00:00.000000,6981,2026-06-11T16:50:38.000000,accepted,,8,2026-06-23T18:17:23.000000,0,true,true,true,true,0,AMBIGUOUS,,,,1,0,CENSORED,,,,false,false,false
1535,2025-09-30T00:00:00.000000,6983,2025-10-01T09:40:54.000000,accepted,2.2,4,2025-10-07T19:46:18.000000,0,true,true,true,true,0,LABELED,1,6982,2025-10-07T03:57:13.000Z,0,2,LABELED,1,6982,2025-10-06T16:15:13.000000,true,true,true
1536,2025-08-09T00:00:00.000000,6987,2025-08-22T19:07:34.000000,scheduled_visit,44.2,2,2026-02-02T08:46:00.000000,1,true,true,true,true,1,LABELED,1,6987,2025-08-24T15:19:34.000Z,0,1,LABELED,1,6987,2025-08-22T19:07:34.000000,true,true,true
1537,2025-02-26T00:00:00.000000,6988,2025-03-09T07:13:00.000000,accepted,,6,2026-06-07T14:30:00.000000,0,true,true,true,true,0,LABELED,0,,,0,0,LABELED,0,,,true,true,true
1538,2026-06-24T00:00:00.000000,6996,2026-06-25T14:57:18.000000,rejected,35.9,8,2026-07-06T10:24:48.000000,0,true,true,false,true,0,CENSORED,,,,0,0,CENSORED,,,,false,false,false
1539,2025-10-31T00:00:00.000000,7009,2025-11-06T09:34:39.000000,rejected,20,8,2026-06-09T13:39:00.000000,0,true,true,true,true,0,LABELED,1,7004,2025-11-11T16:07:06.000Z,0,1,LABELED,1,7004,2025-11-11T10:37:06.000000,true,true,true
1540,2025-05-07T00:00:00.000000,7014,2025-05-14T20:36:53.000000,rejected,2.5,6,2026-04-02T07:54:00.000000,0,true,true,true,true,0,LABELED,0,,,0,1,LABELED,0,,,true,true,true
1541,2026-03-27T00:00:00.000000,7019,2026-03-30T19:50:14.000000,accepted,,5,2026-04-29T16:47:00.000000,0,true,true,true,true,0,LABELED,0,,,0,0,LABELED,0,,,true,true,true
1542,2025-10-22T00:00:00.000000,7022,2025-10-22T13:29:26.000000,accepted,2.3,8,2026-06-29T12:48:00.000000,0,true,true,true,true,0,LABELED,0,,,0,0,LABELED,0,,,true,true,true
1543,2025-08-15T00:00:00.000000,7029,2025-08-22T14:44:26.000000,accepted,9,1,2025-08-22T14:44:26.000000,0,true,true,true,true,0,LABELED,0,,,0,0,LABELED,0,,,true,true,true
1544,2026-03-09T00:00:00.000000,7032,2026-03-13T13:04:23.000000,no_response,2.4,3,2026-03-20T17:56:25.000000,0,true,true,true,true,0,LABELED,0,,,0,0,LABELED,0,,,true,true,true
1545,2025-01-28T00:00:00.000000,7034,2025-08-14T08:13:00.000000,rejected,14.5,2,2025-08-19T15:11:00.000000,0,true,true,true,true,0,LABELED,0,,,0,0,LABELED,0,,,true,true,true
1546,2025-10-16T00:00:00.000000,7035,2026-01-17T10:46:00.000000,rejected,,1,2026-01-17T10:46:00.000000,0,true,true,true,true,0,LABELED,0,,,0,0,LABELED,0,,,true,true,true
1547,2025-11-14T00:00:00.000000,7037,2025-11-14T07:19:03.000000,accepted,0.5,2,2026-06-16T20:21:00.000000,0,true,true,true,true,0,LABELED,0,,,0,0,LABELED,0,,,true,true,true
1548,2026-04-02T00:00:00.000000,7039,2026-04-08T09:39:57.000000,accepted,12,2,2026-04-09T17:02:57.000000,0,true,true,true,true,0,LABELED,1,7038,2026-04-10T12:26:57.000Z,0,1,LABELED,1,7038,2026-04-09T17:02:57.000000,true,true,true
1549,2026-05-26T00:00:00.000000,7042,2026-05-31T12:26:26.000000,rejected,1.2,3,2026-06-02T11:34:44.000000,0,true,true,true,true,0,LABELED,0,,,0,0,CENSORED,,,,true,false,false
1550,2025-09-12T00:00:00.000000,7048,2025-09-12T13:11:12.000000,accepted,22.5,6,2025-10-24T08:04:00.000000,0,true,true,true,true,0,LABELED,1,7044,2025-09-12T17:00:54.000Z,0,2,LABELED,1,7044,2025-09-12T16:24:54.000000,true,true,true
1551,2026-05-29T00:00:00.000000,7049,2026-05-29T12:47:31.000000,no_response,2.8,6,2026-06-11T20:04:18.000000,0,true,true,true,true,0,LABELED,1,7052,2026-06-11T14:35:57.000Z,0,1,LABELED,1,7052,2026-06-11T11:35:57.000000,true,true,false
1552,2025-09-15T00:00:00.000000,7055,2025-09-19T13:31:19.000000,accepted,0.9,5,2026-04-06T10:47:00.000000,0,true,true,true,true,0,LABELED,0,,,0,1,LABELED,0,,,true,true,true
1553,2025-07-27T00:00:00.000000,7065,2025-08-02T12:29:14.000000,scheduled_visit,16.8,7,2026-03-23T08:19:00.000000,1,true,true,true,true,1,LABELED,1,7065,2025-08-03T05:17:14.000Z,1,1,LABELED,1,7065,2025-08-02T12:29:14.000000,true,true,true
1554,2025-10-20T00:00:00.000000,7068,2025-10-22T19:11:28.000000,accepted,9.3,5,2026-06-15T18:46:00.000000,0,true,true,true,true,0,LABELED,1,7067,2025-10-28T12:45:26.000Z,0,1,LABELED,1,7067,2025-10-27T19:03:26.000000,true,true,true
1555,2025-08-22T00:00:00.000000,7073,2025-08-22T09:13:22.000000,accepted,20.5,3,2026-01-30T16:37:00.000000,0,true,true,true,true,0,LABELED,0,,,0,0,LABELED,0,,,true,true,true
1556,2025-10-09T00:00:00.000000,7079,2025-10-11T11:26:28.000000,scheduled_visit,17.1,7,2026-03-09T17:38:00.000000,1,true,true,true,true,1,LABELED,1,7080,2025-10-11T19:20:14.000Z,0,3,LABELED,1,7079,2025-10-11T11:26:28.000000,true,true,true
1557,2025-06-07T00:00:00.000000,7085,2025-06-13T19:23:36.000000,accepted,,8,2026-05-18T08:27:00.000000,0,true,true,true,true,0,LABELED,0,,,0,0,LABELED,0,,,true,true,true
1558,2026-06-03T00:00:00.000000,7090,2026-06-03T11:27:59.000000,scheduled_visit,9.3,4,2026-06-14T09:55:42.000000,1,true,true,true,true,1,LABELED,1,7090,2026-06-03T20:45:59.000Z,0,1,CENSORED,,,,true,false,false
1559,2026-05-11T00:00:00.000000,7094,2026-05-15T08:45:37.000000,accepted,0.8,1,2026-05-15T08:45:37.000000,0,true,true,true,true,0,LABELED,0,,,0,0,LABELED,0,,,true,true,false
1560,2026-02-13T00:00:00.000000,7095,2026-02-16T15:54:07.000000,scheduled_visit,8.5,1,2026-02-16T15:54:07.000000,1,true,true,true,true,1,LABELED,1,7095,2026-02-17T00:24:07.000Z,0,1,LABELED,1,7095,2026-02-16T15:54:07.000000,true,true,true
1561,2025-04-25T00:00:00.000000,7097,2025-04-25T12:21:27.000000,accepted,2.4,6,2026-01-22T18:17:00.000000,0,true,true,true,true,0,LABELED,1,7101,2025-05-04T20:18:09.000Z,0,1,LABELED,1,7101,2025-05-04T16:54:09.000000,true,true,true
1562,2026-04-10T00:00:00.000000,7103,2026-04-20T19:03:11.000000,no_response,36.7,3,2026-04-22T14:25:58.000000,0,true,true,true,true,0,LABELED,0,,,0,0,LABELED,0,,,true,true,true
1563,2025-10-31T00:00:00.000000,7107,2025-11-08T07:00:54.000000,scheduled_visit,36,3,2025-11-13T17:28:51.000000,1,true,true,true,true,1,LABELED,1,7107,2025-11-09T19:00:54.000Z,0,2,LABELED,1,7107,2025-11-08T07:00:54.000000,true,true,true
1564,2025-12-19T00:00:00.000000,7115,2025-12-19T17:08:14.000000,no_response,11.9,8,2026-03-20T17:08:00.000000,0,true,true,true,true,0,LABELED,0,,,0,0,LABELED,0,,,true,true,true
1565,2025-09-25T00:00:00.000000,7116,2025-10-08T15:55:28.000000,accepted,11,1,2025-10-08T15:55:28.000000,0,true,true,true,true,0,LABELED,0,,,0,0,LABELED,0,,,true,true,true
1566,2026-01-01T00:00:00.000000,7121,2026-01-05T11:38:20.000000,scheduled_visit,,6,2026-02-25T20:53:00.000000,1,true,true,true,true,1,AMBIGUOUS,,,,1,0,LABELED,1,7121,2026-01-05T11:38:20.000000,true,true,true
1567,2025-02-17T00:00:00.000000,7123,2025-09-19T17:27:00.000000,scheduled_visit,2.6,1,2025-09-19T17:27:00.000000,1,true,true,true,true,1,LABELED,1,7123,2025-09-19T20:03:00.000Z,0,1,LABELED,1,7123,2025-09-19T17:27:00.000000,true,true,true
1568,2026-05-05T00:00:00.000000,7126,2026-05-06T19:51:07.000000,accepted,0.5,4,2026-06-01T12:07:00.000000,0,true,true,true,true,0,LABELED,1,7125,2026-05-09T15:17:42.000Z,0,1,LABELED,1,7125,2026-05-09T09:05:42.000000,true,true,true
1569,2025-10-02T00:00:00.000000,7128,2025-10-06T14:30:43.000000,scheduled_visit,1.6,2,2025-11-14T08:54:00.000000,1,true,true,true,true,1,LABELED,1,7128,2025-10-06T16:06:43.000Z,0,1,LABELED,1,7128,2025-10-06T14:30:43.000000,true,true,true
1570,2025-10-20T00:00:00.000000,7132,2025-10-26T09:46:30.000000,rejected,1.8,5,2026-04-06T11:17:00.000000,0,true,true,true,true,0,LABELED,1,7134,2025-11-03T09:10:35.000Z,0,1,LABELED,1,7134,2025-11-02T09:28:35.000000,true,true,true
1571,2025-11-04T00:00:00.000000,7136,2025-12-24T12:00:00.000000,rejected,2.7,2,2026-05-31T20:23:00.000000,0,true,true,true,true,0,LABELED,0,,,0,0,LABELED,0,,,true,true,true
1572,2026-06-06T00:00:00.000000,7138,2026-06-07T15:52:14.000000,scheduled_visit,25.3,4,2026-06-16T20:40:44.000000,1,true,true,true,true,1,LABELED,1,7138,2026-06-08T17:10:14.000Z,0,1,CENSORED,,,,false,false,false
1573,2025-05-30T00:00:00.000000,7143,2025-06-05T19:24:27.000000,no_response,2.8,5,2026-06-05T14:50:00.000000,0,true,true,true,true,0,LABELED,1,7144,2025-06-11T20:47:00.000Z,0,1,LABELED,1,7144,2025-06-10T20:05:00.000000,true,true,true
1574,2025-07-16T00:00:00.000000,7146,2025-09-14T17:31:00.000000,accepted,3.6,1,2025-09-14T17:31:00.000000,0,true,true,true,true,0,LABELED,0,,,0,0,LABELED,0,,,true,true,true
1575,2025-04-04T00:00:00.000000,7148,2025-04-09T09:18:16.000000,rejected,11.3,7,2026-03-30T09:01:00.000000,0,true,true,true,true,0,LABELED,0,,,0,0,LABELED,0,,,true,true,true
1576,2025-11-05T00:00:00.000000,7157,2025-11-05T16:56:59.000000,accepted,4.3,4,2026-06-01T12:02:00.000000,0,true,true,true,true,0,LABELED,0,,,0,0,LABELED,0,,,true,true,true
1577,2025-09-01T00:00:00.000000,7158,2025-09-11T14:35:27.000000,scheduled_visit,0.6,2,2025-12-11T12:59:00.000000,1,true,true,true,true,1,LABELED,1,7158,2025-09-11T15:11:27.000Z,0,2,LABELED,1,7158,2025-09-11T14:35:27.000000,true,true,true
1578,2025-05-28T00:00:00.000000,7160,2025-10-05T17:53:00.000000,scheduled_visit,4.6,2,2025-12-12T10:58:00.000000,1,true,true,true,true,1,LABELED,1,7160,2025-10-05T22:29:00.000Z,0,1,LABELED,1,7160,2025-10-05T17:53:00.000000,true,true,true
1579,2026-06-12T00:00:00.000000,7162,2026-06-21T08:00:42.000000,rejected,,2,2026-06-24T09:45:34.000000,0,true,true,false,true,0,CENSORED,,,,0,0,CENSORED,,,,false,false,false
1580,2025-07-31T00:00:00.000000,7164,2026-02-01T16:38:00.000000,accepted,3.6,1,2026-02-01T16:38:00.000000,0,true,true,true,true,0,LABELED,0,,,0,0,LABELED,0,,,true,true,true
1581,2026-06-08T00:00:00.000000,7170,2026-06-10T13:59:16.000000,accepted,3.3,8,2026-06-21T18:25:16.000000,0,true,true,true,true,0,LABELED,0,,,0,0,CENSORED,,,,false,false,false
1582,2026-03-20T00:00:00.000000,7175,2026-03-28T13:16:55.000000,no_response,9.3,7,2026-04-02T19:47:55.000000,0,true,true,true,true,0,LABELED,1,7179,2026-03-29T17:10:48.000Z,1,1,LABELED,1,7179,2026-03-29T12:34:48.000000,true,true,true
1583,2025-08-01T00:00:00.000000,7180,2025-08-02T09:52:40.000000,accepted,2.4,3,2025-08-04T14:40:15.000000,0,true,true,true,true,0,LABELED,0,,,0,0,LABELED,0,,,true,true,true
1584,2025-10-23T00:00:00.000000,7183,2025-10-24T19:16:58.000000,no_response,10.4,4,2025-11-03T16:35:41.000000,0,true,true,true,true,0,LABELED,0,,,0,0,LABELED,0,,,true,true,true
1585,2026-03-11T00:00:00.000000,7193,2026-03-11T14:21:17.000000,no_response,4,8,2026-06-17T09:11:00.000000,0,true,true,true,true,0,LABELED,1,7190,2026-03-14T17:10:08.000Z,0,2,LABELED,1,7190,2026-03-14T13:58:08.000000,true,true,true
1586,2025-05-02T00:00:00.000000,7195,2025-05-15T10:54:37.000000,accepted,11.6,6,2026-06-01T19:15:00.000000,0,true,true,true,true,0,LABELED,0,,,0,1,LABELED,0,,,true,true,true
1587,2026-02-27T00:00:00.000000,7201,2026-03-03T12:15:14.000000,scheduled_visit,12.3,3,2026-03-12T11:12:56.000000,1,true,true,true,true,1,LABELED,1,7201,2026-03-04T00:33:14.000Z,0,1,LABELED,1,7201,2026-03-03T12:15:14.000000,true,true,true
1588,2026-04-13T00:00:00.000000,7204,2026-04-17T16:19:39.000000,accepted,,1,2026-04-17T16:19:39.000000,0,true,true,true,true,0,LABELED,0,,,0,0,LABELED,0,,,true,true,true
1589,2026-05-29T00:00:00.000000,7211,2026-05-31T20:11:00.000000,accepted,10.7,7,2026-06-10T14:32:11.000000,0,true,true,true,true,0,LABELED,1,7210,2026-06-05T12:35:18.000Z,0,1,CENSORED,,,,true,false,false
1590,2026-01-28T00:00:00.000000,7216,2026-02-01T16:57:32.000000,accepted,47.1,5,2026-02-06T18:37:52.000000,0,true,true,true,true,0,LABELED,1,7213,2026-02-04T04:41:57.000Z,0,2,LABELED,1,7213,2026-02-03T17:35:57.000000,true,true,true
1591,2025-12-27T00:00:00.000000,7223,2025-12-28T14:42:23.000000,rejected,5.2,8,2026-05-22T09:49:00.000000,0,true,true,true,true,0,LABELED,1,7220,2026-01-09T09:52:48.000Z,0,2,LABELED,1,7220,2026-01-07T14:22:48.000000,true,true,true
1592,2026-04-07T00:00:00.000000,7230,2026-04-07T15:06:37.000000,accepted,26.7,7,2026-06-05T11:12:00.000000,0,true,true,true,true,0,LABELED,0,,,0,0,LABELED,0,,,true,true,true
1593,2025-06-11T00:00:00.000000,7236,2025-06-13T19:22:02.000000,accepted,12,8,2026-04-12T20:47:00.000000,0,true,true,true,true,0,LABELED,0,,,0,1,LABELED,0,,,true,true,true
1594,2025-10-19T00:00:00.000000,7246,2025-10-23T20:56:37.000000,accepted,0.5,8,2026-04-27T08:14:00.000000,0,true,true,true,true,0,LABELED,1,7244,2025-10-29T20:15:40.000Z,0,1,LABELED,1,7244,2025-10-29T18:51:40.000000,true,true,true
1595,2026-06-22T00:00:00.000000,7248,2026-06-30T14:44:22.000000,no_response,1,1,2026-06-30T14:44:22.000000,0,true,false,false,false,,CENSORED,,,,0,0,CENSORED,,,,false,false,false
1596,2025-03-08T00:00:00.000000,7250,2025-03-08T14:59:40.000000,accepted,2.9,3,2025-03-14T16:43:33.000000,0,true,true,true,true,0,LABELED,0,,,0,0,LABELED,0,,,true,true,true
1597,2025-07-07T00:00:00.000000,7257,2025-07-09T09:21:42.000000,rejected,29.7,6,2026-02-19T08:46:00.000000,0,true,true,true,true,0,LABELED,0,,,0,0,LABELED,0,,,true,true,true
1598,2026-01-17T00:00:00.000000,7259,2026-01-18T15:31:24.000000,no_response,5.8,6,2026-01-28T20:01:52.000000,0,true,true,true,true,0,LABELED,1,7258,2026-01-23T22:13:28.000Z,0,3,LABELED,1,7258,2026-01-23T16:55:28.000000,true,true,true
1599,2025-03-15T00:00:00.000000,7267,2025-04-18T20:35:00.000000,accepted,3.7,4,2026-02-25T19:20:00.000000,0,true,true,true,true,0,LABELED,0,,,0,0,LABELED,0,,,true,true,true
1600,2026-03-19T00:00:00.000000,7271,2026-03-20T20:20:46.000000,accepted,36.2,7,2026-06-14T17:00:00.000000,0,true,true,true,true,0,LABELED,1,7268,2026-03-22T00:05:01.000Z,0,2,LABELED,1,7268,2026-03-21T14:59:01.000000,true,true,true
1601,2025-09-20T00:00:00.000000,7278,2025-09-21T18:09:38.000000,accepted,6.2,5,2026-05-18T18:34:00.000000,0,true,true,true,true,0,LABELED,0,,,0,1,LABELED,0,,,true,true,true
1602,2026-01-16T00:00:00.000000,7282,2026-01-16T17:39:46.000000,accepted,13,7,2026-03-04T19:25:00.000000,0,true,true,true,true,0,LABELED,0,,,0,0,LABELED,0,,,true,true,true
1603,2026-06-10T00:00:00.000000,7291,2026-06-10T13:10:48.000000,scheduled_visit,,8,2026-06-23T10:01:30.000000,1,true,true,true,true,1,LABELED,1,7289,2026-06-12T17:20:28.000Z,1,2,CENSORED,,,,false,false,false
1604,2026-05-29T00:00:00.000000,7299,2026-05-29T20:04:49.000000,scheduled_visit,18.4,7,2026-06-28T17:46:00.000000,1,true,true,true,true,1,LABELED,1,7299,2026-05-30T14:28:49.000Z,0,2,LABELED,1,7299,2026-05-29T20:04:49.000000,true,true,false
1605,2025-12-19T00:00:00.000000,7306,2025-12-21T10:13:12.000000,no_response,33.8,5,2026-06-15T17:43:00.000000,0,true,true,true,true,0,LABELED,0,,,0,0,LABELED,0,,,true,true,true
1606,2025-06-06T00:00:00.000000,7307,2025-06-19T15:05:09.000000,no_response,2,3,2026-03-05T16:28:00.000000,0,true,true,true,true,0,LABELED,0,,,0,0,LABELED,0,,,true,true,true
1607,2025-12-02T00:00:00.000000,7311,2025-12-06T08:50:27.000000,scheduled_visit,13.4,2,2026-06-20T11:48:00.000000,1,true,true,true,true,1,LABELED,1,7311,2025-12-06T22:14:27.000Z,0,1,LABELED,1,7311,2025-12-06T08:50:27.000000,true,true,true
1608,2026-01-23T00:00:00.000000,7316,2026-01-26T09:19:25.000000,scheduled_visit,,6,2026-02-04T18:00:21.000000,1,true,true,true,true,1,LABELED,1,7314,2026-02-04T21:42:21.000Z,1,1,LABELED,1,7316,2026-01-26T09:19:25.000000,true,true,true
1609,2025-06-30T00:00:00.000000,7320,2025-07-03T15:40:20.000000,scheduled_visit,2,7,2026-04-17T09:46:00.000000,1,true,true,true,true,1,LABELED,1,7320,2025-07-03T17:40:20.000Z,0,1,LABELED,1,7320,2025-07-03T15:40:20.000000,true,true,true
1610,2026-01-26T00:00:00.000000,7331,2026-02-02T09:11:31.000000,scheduled_visit,18.4,8,2026-05-12T19:08:00.000000,1,true,true,true,true,1,LABELED,1,7331,2026-02-03T03:35:31.000Z,0,4,LABELED,1,7331,2026-02-02T09:11:31.000000,true,true,true
1611,2026-02-05T00:00:00.000000,7337,2026-02-05T12:32:50.000000,no_response,,5,2026-03-20T15:35:00.000000,0,true,true,true,true,0,LABELED,0,,,0,0,LABELED,0,,,true,true,true
1612,2025-10-04T00:00:00.000000,7338,2025-10-11T16:53:10.000000,no_response,1,2,2025-10-14T17:51:27.000000,0,true,true,true,true,0,LABELED,1,7339,2025-10-15T03:27:27.000Z,0,1,LABELED,1,7339,2025-10-14T17:51:27.000000,true,true,true
1613,2025-04-09T00:00:00.000000,7344,2025-04-19T11:33:02.000000,accepted,2.3,6,2026-06-16T20:59:00.000000,0,true,true,true,true,0,LABELED,0,,,0,0,LABELED,0,,,true,true,true
1614,2025-12-31T00:00:00.000000,7346,2026-01-09T19:58:53.000000,accepted,,2,2026-01-11T11:33:10.000000,0,true,true,true,true,0,AMBIGUOUS,,,,1,0,LABELED,1,7347,2026-01-11T11:33:10.000000,true,true,true
1615,2025-02-21T00:00:00.000000,7351,2025-03-25T16:27:00.000000,scheduled_visit,40.3,4,2025-10-20T12:40:00.000000,1,true,true,true,true,1,LABELED,1,7351,2025-03-27T08:45:00.000Z,0,1,LABELED,1,7351,2025-03-25T16:27:00.000000,true,true,true
1616,2025-05-23T00:00:00.000000,7354,2025-05-24T10:26:36.000000,accepted,2.8,5,2026-06-14T19:48:00.000000,0,true,true,true,true,0,LABELED,0,,,0,0,LABELED,0,,,true,true,true
1617,2026-04-23T00:00:00.000000,7358,2026-04-26T17:06:23.000000,no_response,5,2,2026-04-30T15:37:49.000000,0,true,true,true,true,0,LABELED,1,7357,2026-04-30T17:25:49.000Z,0,1,LABELED,1,7357,2026-04-30T15:37:49.000000,true,true,true
1618,2025-01-10T00:00:00.000000,7359,2026-01-28T09:01:00.000000,accepted,,1,2026-01-28T09:01:00.000000,0,true,true,true,true,0,LABELED,0,,,0,0,LABELED,0,,,true,true,true
1619,2025-10-10T00:00:00.000000,7361,2025-10-10T17:03:02.000000,accepted,,8,2026-06-04T08:24:00.000000,0,true,true,true,true,0,LABELED,1,7363,2025-10-20T13:59:35.000Z,0,2,LABELED,1,7363,2025-10-19T16:59:35.000000,true,true,true
1620,2025-08-01T00:00:00.000000,7368,2025-09-09T10:04:00.000000,accepted,21.7,2,2026-02-24T07:33:00.000000,0,true,true,true,true,0,LABELED,0,,,0,0,LABELED,0,,,true,true,true
1621,2026-04-29T00:00:00.000000,7370,2026-04-29T15:28:23.000000,no_response,,7,2026-06-05T10:47:00.000000,0,true,true,true,true,0,LABELED,1,7372,2026-05-11T16:53:30.000Z,0,1,LABELED,1,7372,2026-05-11T12:59:30.000000,true,true,true
1622,2025-05-05T00:00:00.000000,7380,2025-05-05T20:58:55.000000,no_response,,8,2026-04-10T18:13:00.000000,0,true,true,true,true,0,AMBIGUOUS,,,,1,0,LABELED,1,7383,2025-05-08T18:16:03.000000,true,true,true
1623,2025-01-20T00:00:00.000000,7386,2025-03-05T19:08:00.000000,no_response,1.8,3,2026-04-22T07:39:00.000000,0,true,true,true,true,0,LABELED,0,,,0,1,LABELED,0,,,true,true,true
1624,2025-09-17T00:00:00.000000,7394,2025-09-21T09:14:04.000000,accepted,10.8,7,2026-04-04T19:12:00.000000,0,true,true,true,true,0,LABELED,0,,,0,0,LABELED,0,,,true,true,true
1625,2026-01-20T00:00:00.000000,7400,2026-01-29T10:51:45.000000,no_response,,6,2026-03-23T19:53:00.000000,0,true,true,true,true,0,AMBIGUOUS,,,,1,1,LABELED,1,7395,2026-02-01T10:00:21.000000,true,true,true
1626,2025-01-12T00:00:00.000000,7403,2025-05-10T19:17:00.000000,rejected,7.3,6,2026-06-30T13:21:00.000000,0,true,true,true,true,0,LABELED,0,,,0,1,LABELED,0,,,true,true,true
1627,2025-03-11T00:00:00.000000,7407,2025-03-11T17:20:02.000000,accepted,21.8,5,2026-04-13T11:41:00.000000,0,true,true,true,true,0,LABELED,0,,,0,0,LABELED,0,,,true,true,true
1628,2025-07-09T00:00:00.000000,7414,2025-07-12T18:47:13.000000,scheduled_visit,,3,2025-10-19T18:39:00.000000,1,true,true,true,true,1,AMBIGUOUS,,,,1,0,LABELED,1,7414,2025-07-12T18:47:13.000000,true,true,true
1629,2025-03-23T00:00:00.000000,7415,2025-03-29T13:09:56.000000,accepted,,2,2025-04-05T16:19:33.000000,0,true,true,true,true,0,LABELED,0,,,0,0,LABELED,0,,,true,true,true
1630,2025-08-26T00:00:00.000000,7418,2025-09-05T20:11:23.000000,accepted,5.4,3,2026-03-29T10:44:00.000000,0,true,true,true,true,0,LABELED,0,,,0,0,LABELED,0,,,true,true,true
1631,2025-04-24T00:00:00.000000,7420,2025-04-24T20:24:06.000000,no_response,5.1,8,2026-06-14T15:46:00.000000,0,true,true,true,true,0,LABELED,1,7421,2025-05-01T18:12:03.000Z,0,1,LABELED,1,7421,2025-04-30T12:00:03.000000,true,true,true
1632,2026-04-13T00:00:00.000000,7428,2026-04-21T08:30:23.000000,no_response,16,2,2026-04-23T07:42:22.000000,0,true,true,true,true,0,LABELED,0,,,0,0,LABELED,0,,,true,true,true
1633,2025-01-22T00:00:00.000000,7433,2025-02-13T17:03:00.000000,accepted,12,6,2026-05-18T18:25:00.000000,0,true,true,true,true,0,LABELED,0,,,0,1,LABELED,0,,,true,true,true
1634,2025-01-15T00:00:00.000000,7436,2025-06-11T12:22:00.000000,accepted,3.8,1,2025-06-11T12:22:00.000000,0,true,true,true,true,0,LABELED,0,,,0,0,LABELED,0,,,true,true,true
1635,2026-06-24T00:00:00.000000,7437,2026-07-07T14:14:32.000000,no_response,1.4,1,2026-07-07T14:14:32.000000,0,false,false,false,false,,CENSORED,,,,0,0,CENSORED,,,,false,false,false
1636,2026-05-20T00:00:00.000000,7444,2026-05-24T13:36:03.000000,accepted,1.9,7,2026-05-31T15:26:39.000000,0,true,true,true,true,0,LABELED,1,7441,2026-05-31T21:45:26.000Z,0,1,LABELED,1,7441,2026-05-30T16:39:26.000000,true,true,false
1637,2025-12-22T00:00:00.000000,7446,2025-12-23T10:17:41.000000,scheduled_visit,0.7,7,2026-06-06T18:13:00.000000,1,true,true,true,true,1,LABELED,1,7446,2025-12-23T10:59:41.000Z,0,2,LABELED,1,7446,2025-12-23T10:17:41.000000,true,true,true
1638,2025-02-09T00:00:00.000000,7454,2025-02-12T14:53:21.000000,rejected,6,3,2025-09-24T20:23:00.000000,0,true,true,true,true,0,LABELED,0,,,0,0,LABELED,0,,,true,true,true
1639,2026-05-08T00:00:00.000000,7456,2026-05-12T18:51:41.000000,rejected,,5,2026-05-18T19:45:47.000000,0,true,true,true,true,0,LABELED,1,7459,2026-05-14T10:34:28.000Z,0,1,LABELED,1,7459,2026-05-13T10:10:28.000000,true,true,true
1640,2025-04-05T00:00:00.000000,7460,2025-04-11T07:30:55.000000,scheduled_visit,2.3,1,2025-04-11T07:30:55.000000,1,true,true,true,true,1,LABELED,1,7460,2025-04-11T09:48:55.000Z,0,1,LABELED,1,7460,2025-04-11T07:30:55.000000,true,true,true
1641,2025-03-21T00:00:00.000000,7461,2025-03-31T18:00:16.000000,no_response,7.9,1,2025-03-31T18:00:16.000000,0,true,true,true,true,0,LABELED,0,,,0,0,LABELED,0,,,true,true,true
1642,2025-01-22T00:00:00.000000,7468,2025-01-28T20:57:43.000000,no_response,,8,2026-05-18T17:25:00.000000,0,true,true,true,true,0,LABELED,0,,,0,1,LABELED,0,,,true,true,true
1643,2026-03-11T00:00:00.000000,7473,2026-03-14T10:41:19.000000,no_response,4.1,5,2026-03-23T12:35:29.000000,0,true,true,true,true,0,LABELED,1,7472,2026-03-17T19:57:36.000Z,1,1,LABELED,1,7470,2026-03-17T12:24:38.000000,true,true,true
1644,2025-10-12T00:00:00.000000,7475,2025-10-14T17:47:23.000000,rejected,30,1,2025-10-14T17:47:23.000000,0,true,true,true,true,0,LABELED,0,,,0,0,LABELED,0,,,true,true,true
1645,2025-02-20T00:00:00.000000,7477,2025-02-24T16:38:17.000000,rejected,4,5,2025-11-22T11:45:00.000000,0,true,true,true,true,0,LABELED,1,7479,2025-03-05T20:52:13.000Z,0,3,LABELED,1,7479,2025-03-05T17:46:13.000000,true,true,true
1646,2025-10-17T00:00:00.000000,7485,2025-10-19T15:54:36.000000,accepted,,6,2026-03-18T13:12:00.000000,0,true,true,true,true,0,LABELED,0,,,0,1,LABELED,0,,,true,true,true
1647,2025-03-15T00:00:00.000000,7488,2025-03-20T11:34:47.000000,scheduled_visit,,8,2026-05-04T18:45:00.000000,1,true,true,true,true,1,AMBIGUOUS,,,,1,1,LABELED,1,7488,2025-03-20T11:34:47.000000,true,true,true
1648,2026-01-29T00:00:00.000000,7496,2026-02-07T17:36:25.000000,accepted,6.4,5,2026-06-09T11:40:00.000000,0,true,true,true,true,0,LABELED,0,,,0,0,LABELED,0,,,true,true,true
1649,2026-04-23T00:00:00.000000,7500,2026-04-24T11:18:28.000000,accepted,,2,2026-05-02T17:34:29.000000,0,true,true,true,true,0,LABELED,0,,,0,0,LABELED,0,,,true,true,true
1650,2026-05-25T00:00:00.000000,7505,2026-05-26T14:07:51.000000,scheduled_visit,11.5,5,2026-06-05T08:52:26.000000,1,true,true,true,true,1,LABELED,1,7505,2026-05-27T01:37:51.000Z,1,2,LABELED,1,7505,2026-05-26T14:07:51.000000,true,true,false
1651,2025-04-08T00:00:00.000000,7507,2025-04-08T12:12:42.000000,accepted,25.4,2,2025-04-21T14:48:41.000000,0,true,true,true,true,0,LABELED,1,7508,2025-04-21T19:48:41.000Z,0,1,LABELED,1,7508,2025-04-21T14:48:41.000000,true,true,true
1652,2025-09-21T00:00:00.000000,7509,2026-01-04T19:28:00.000000,no_response,,1,2026-01-04T19:28:00.000000,0,true,true,true,true,0,LABELED,0,,,0,0,LABELED,0,,,true,true,true
1653,2026-03-16T00:00:00.000000,7512,2026-03-19T15:05:06.000000,accepted,,6,2026-04-13T07:23:00.000000,0,true,true,true,true,0,LABELED,0,,,0,0,LABELED,0,,,true,true,true
1654,2026-05-07T00:00:00.000000,7516,2026-05-11T09:03:55.000000,scheduled_visit,1.4,3,2026-05-16T15:54:58.000000,1,true,true,true,true,1,LABELED,1,7516,2026-05-11T10:27:55.000Z,0,2,LABELED,1,7516,2026-05-11T09:03:55.000000,true,true,true
1655,2026-05-14T00:00:00.000000,7519,2026-05-16T13:26:10.000000,rejected,13.5,7,2026-05-26T14:27:44.000000,0,true,true,true,true,0,LABELED,0,,,0,0,LABELED,0,,,true,true,false
1656,2025-03-14T00:00:00.000000,7526,2025-03-26T13:06:34.000000,rejected,28.5,3,2026-06-23T14:57:00.000000,0,true,true,true,true,0,LABELED,0,,,0,0,LABELED,0,,,true,true,true
1657,2025-01-21T00:00:00.000000,7532,2025-04-07T09:17:00.000000,accepted,0.5,8,2026-06-09T15:01:00.000000,0,true,true,true,true,0,LABELED,0,,,0,1,LABELED,0,,,true,true,true
1658,2025-07-31T00:00:00.000000,7542,2025-08-07T18:32:04.000000,no_response,,6,2026-06-16T16:42:00.000000,0,true,true,true,true,0,LABELED,0,,,0,0,LABELED,0,,,true,true,true
1659,2026-05-27T00:00:00.000000,7543,2026-06-30T18:29:00.000000,rejected,,1,2026-06-30T18:29:00.000000,0,true,false,false,false,,CENSORED,,,,0,0,CENSORED,,,,false,false,false
1660,2025-02-03T00:00:00.000000,7544,2025-03-12T09:01:00.000000,accepted,2.8,1,2025-03-12T09:01:00.000000,0,true,true,true,true,0,LABELED,0,,,0,0,LABELED,0,,,true,true,true
1661,2025-10-28T00:00:00.000000,7547,2025-10-28T14:34:40.000000,accepted,15,4,2026-04-19T16:11:00.000000,0,true,true,true,true,0,LABELED,0,,,0,0,LABELED,0,,,true,true,true
1662,2025-06-13T00:00:00.000000,7550,2025-06-13T07:40:32.000000,scheduled_visit,15.2,6,2026-03-19T09:39:00.000000,1,true,true,true,true,1,LABELED,1,7550,2025-06-13T22:52:32.000Z,0,2,LABELED,1,7550,2025-06-13T07:40:32.000000,true,true,true
1663,2025-12-02T00:00:00.000000,7555,2025-12-02T20:29:47.000000,accepted,5.2,4,2026-05-28T20:09:00.000000,0,true,true,true,true,0,LABELED,0,,,0,0,LABELED,0,,,true,true,true
1664,2026-01-01T00:00:00.000000,7563,2026-01-03T09:24:13.000000,accepted,,7,2026-05-20T14:07:00.000000,0,true,true,true,true,0,AMBIGUOUS,,,,1,0,LABELED,1,7564,2026-01-07T08:53:47.000000,true,true,true
1665,2026-04-03T00:00:00.000000,7569,2026-04-03T07:23:51.000000,no_response,11.7,7,2026-04-15T18:44:14.000000,0,true,true,true,true,0,LABELED,0,,,0,0,LABELED,0,,,true,true,true
1666,2026-03-02T00:00:00.000000,7573,2026-03-06T09:25:27.000000,scheduled_visit,6.2,4,2026-03-11T20:08:33.000000,1,true,true,true,true,1,LABELED,1,7573,2026-03-06T15:37:27.000Z,0,2,LABELED,1,7573,2026-03-06T09:25:27.000000,true,true,true
1667,2026-01-02T00:00:00.000000,7578,2026-01-03T19:37:10.000000,rejected,17.1,3,2026-01-12T18:50:43.000000,0,true,true,true,true,0,LABELED,0,,,0,0,LABELED,0,,,true,true,true
1668,2025-09-01T00:00:00.000000,7582,2025-09-04T08:32:02.000000,no_response,7.4,4,2026-04-06T18:56:00.000000,0,true,true,true,true,0,LABELED,0,,,0,1,LABELED,0,,,true,true,true
1669,2026-06-11T00:00:00.000000,7584,2026-06-29T07:16:00.000000,accepted,46.7,1,2026-06-29T07:16:00.000000,0,true,true,false,true,0,CENSORED,,,,0,0,CENSORED,,,,false,false,false
1670,2025-05-30T00:00:00.000000,7585,2025-05-31T19:18:24.000000,no_response,29.3,5,2026-02-25T17:44:00.000000,0,true,true,true,true,0,LABELED,1,7589,2025-06-10T17:08:11.000Z,0,2,LABELED,1,7589,2025-06-09T10:44:11.000000,true,true,true
1671,2026-05-17T00:00:00.000000,7590,2026-05-18T17:18:36.000000,rejected,1.8,4,2026-05-29T08:30:09.000000,0,true,true,true,true,0,LABELED,0,,,0,0,LABELED,0,,,true,true,false
1672,2025-02-17T00:00:00.000000,7594,2026-06-20T15:25:00.000000,scheduled_visit,4.6,1,2026-06-20T15:25:00.000000,1,true,true,false,true,1,CENSORED,,,,0,0,CENSORED,,,,false,false,false
1673,2025-05-18T00:00:00.000000,7595,2025-05-20T10:43:54.000000,accepted,47,5,2026-06-29T09:58:00.000000,0,true,true,true,true,0,LABELED,0,,,0,0,LABELED,0,,,true,true,true
1674,2025-02-11T00:00:00.000000,7601,2025-02-11T09:51:38.000000,accepted,20.2,7,2026-06-09T18:55:00.000000,0,true,true,true,true,0,LABELED,0,,,0,0,LABELED,0,,,true,true,true
1675,2026-02-09T00:00:00.000000,7608,2026-02-09T18:44:40.000000,rejected,51.8,5,2026-02-20T12:29:03.000000,0,true,true,true,true,0,LABELED,0,,,0,0,LABELED,0,,,true,true,true
1676,2025-12-29T00:00:00.000000,7615,2026-01-07T19:33:47.000000,no_response,35.1,6,2026-06-27T16:47:00.000000,0,true,true,true,true,0,LABELED,0,,,0,0,LABELED,0,,,true,true,true
1677,2025-07-30T00:00:00.000000,7622,2025-08-02T18:05:49.000000,accepted,9.2,7,2026-06-30T11:41:00.000000,0,true,true,true,true,0,LABELED,0,,,0,0,LABELED,0,,,true,true,true
1678,2025-08-10T00:00:00.000000,7626,2025-08-13T18:17:58.000000,accepted,9.4,2,2026-03-17T08:11:00.000000,0,true,true,true,true,0,LABELED,0,,,0,1,LABELED,0,,,true,true,true
1679,2025-03-05T00:00:00.000000,7627,2025-03-13T11:13:41.000000,accepted,1.1,6,2026-06-08T18:50:00.000000,0,true,true,true,true,0,LABELED,0,,,0,0,LABELED,0,,,true,true,true
1680,2025-12-22T00:00:00.000000,7634,2025-12-28T08:53:39.000000,rejected,0.5,3,2026-01-01T11:49:16.000000,0,true,true,true,true,0,LABELED,0,,,0,0,LABELED,0,,,true,true,true
1681,2025-06-15T00:00:00.000000,7636,2025-06-16T12:53:34.000000,scheduled_visit,51.4,6,2026-05-14T13:30:00.000000,1,true,true,true,true,1,LABELED,1,7636,2025-06-18T16:17:34.000Z,0,1,LABELED,1,7636,2025-06-16T12:53:34.000000,true,true,true
1682,2025-12-12T00:00:00.000000,7644,2025-12-15T20:27:58.000000,accepted,16,4,2026-06-10T16:33:00.000000,0,true,true,true,true,0,LABELED,0,,,0,0,LABELED,0,,,true,true,true
1683,2025-01-28T00:00:00.000000,7646,2025-02-02T17:21:46.000000,no_response,22.8,5,2026-06-07T17:15:00.000000,0,true,true,true,true,0,LABELED,0,,,0,0,LABELED,0,,,true,true,true
1684,2025-01-21T00:00:00.000000,7655,2025-01-29T10:20:52.000000,rejected,2.8,7,2026-02-26T08:47:00.000000,0,true,true,true,true,0,LABELED,0,,,0,1,LABELED,0,,,true,true,true
1685,2025-10-14T00:00:00.000000,7658,2025-10-14T17:45:29.000000,scheduled_visit,48.4,5,2025-10-27T10:49:12.000000,1,true,true,true,true,1,LABELED,1,7658,2025-10-16T18:09:29.000Z,0,1,LABELED,1,7658,2025-10-14T17:45:29.000000,true,true,true
1686,2025-06-13T00:00:00.000000,7664,2025-06-18T12:05:19.000000,scheduled_visit,17.8,8,2026-05-29T11:17:00.000000,1,true,true,true,true,1,LABELED,1,7664,2025-06-19T05:53:19.000Z,0,2,LABELED,1,7664,2025-06-18T12:05:19.000000,true,true,true
1687,2025-01-03T00:00:00.000000,7673,2025-01-04T14:43:41.000000,scheduled_visit,9.9,7,2026-04-01T07:59:00.000000,1,true,true,true,true,1,LABELED,1,7673,2025-01-05T00:37:41.000Z,0,4,LABELED,1,7673,2025-01-04T14:43:41.000000,true,true,true
1688,2026-04-01T00:00:00.000000,7683,2026-04-06T15:05:21.000000,accepted,7,8,2026-04-14T17:37:48.000000,0,true,true,true,true,0,LABELED,1,7681,2026-04-12T06:45:59.000Z,0,2,LABELED,1,7681,2026-04-11T12:57:59.000000,true,true,true
1689,2025-04-06T00:00:00.000000,7691,2025-04-07T20:21:36.000000,no_response,4.9,6,2026-06-13T10:13:00.000000,0,true,true,true,true,0,LABELED,0,,,0,1,LABELED,0,,,true,true,true
1690,2026-01-19T00:00:00.000000,7692,2026-05-26T09:20:00.000000,accepted,9.8,1,2026-05-26T09:20:00.000000,0,true,true,true,true,0,LABELED,0,,,0,0,LABELED,0,,,true,true,false
1691,2026-06-29T00:00:00.000000,7698,2026-06-29T19:33:37.000000,no_response,16.8,7,2026-07-11T18:09:28.000000,0,true,false,false,false,,CENSORED,,,,0,0,CENSORED,,,,false,false,false
1692,2025-07-29T00:00:00.000000,7700,2025-09-04T11:27:00.000000,scheduled_visit,0.5,1,2025-09-04T11:27:00.000000,1,true,true,true,true,1,LABELED,1,7700,2025-09-04T11:57:00.000Z,0,1,LABELED,1,7700,2025-09-04T11:27:00.000000,true,true,true
1693,2026-05-29T00:00:00.000000,7701,2026-05-29T12:34:37.000000,accepted,1.6,7,2026-06-05T18:31:10.000000,0,true,true,true,true,0,LABELED,0,,,0,0,LABELED,0,,,true,true,false
1694,2025-03-26T00:00:00.000000,7711,2025-03-31T12:24:21.000000,scheduled_visit,10,4,2026-05-10T19:13:00.000000,1,true,true,true,true,1,LABELED,1,7711,2025-03-31T22:24:21.000Z,0,2,LABELED,1,7711,2025-03-31T12:24:21.000000,true,true,true
1695,2025-11-25T00:00:00.000000,7713,2025-11-25T14:13:12.000000,no_response,23.2,8,2026-01-08T18:30:00.000000,0,true,true,true,true,0,LABELED,1,7716,2025-12-09T01:22:40.000Z,1,2,LABELED,1,7714,2025-11-30T14:15:53.000000,true,true,true
1696,2026-05-06T00:00:00.000000,7720,2026-05-18T14:03:41.000000,accepted,6.2,1,2026-05-18T14:03:41.000000,0,true,true,true,true,0,LABELED,0,,,0,0,LABELED,0,,,true,true,false
1697,2026-06-22T00:00:00.000000,7721,2026-06-24T18:19:34.000000,accepted,29.5,2,2026-07-05T11:16:27.000000,0,true,true,false,true,0,CENSORED,,,,0,0,CENSORED,,,,false,false,false
1698,2025-06-07T00:00:00.000000,7723,2025-06-08T12:58:03.000000,scheduled_visit,33.9,7,2026-01-22T17:08:00.000000,1,true,true,true,true,1,LABELED,1,7723,2025-06-09T22:52:03.000Z,0,2,LABELED,1,7723,2025-06-08T12:58:03.000000,true,true,true
1699,2025-09-11T00:00:00.000000,7733,2025-09-12T19:27:22.000000,accepted,12.1,4,2026-06-30T13:14:00.000000,0,true,true,true,true,0,LABELED,1,7731,2025-09-16T13:14:56.000Z,1,1,LABELED,1,7731,2025-09-16T08:56:56.000000,true,true,true
1700,2025-12-10T00:00:00.000000,7734,2025-12-11T09:38:24.000000,accepted,2.6,3,2025-12-23T16:00:57.000000,0,true,true,true,true,0,LABELED,0,,,0,0,LABELED,0,,,true,true,true
1701,2025-09-21T00:00:00.000000,7739,2025-09-21T20:53:51.000000,accepted,24.4,6,2026-04-30T13:07:00.000000,0,true,true,true,true,0,LABELED,1,7742,2025-09-23T20:11:35.000Z,0,1,LABELED,1,7742,2025-09-22T20:23:35.000000,true,true,true
1702,2025-09-29T00:00:00.000000,7743,2025-09-30T20:49:16.000000,accepted,84.1,5,2026-01-16T13:20:00.000000,0,true,true,true,true,0,LABELED,0,,,0,0,LABELED,0,,,true,true,true
1703,2025-08-31T00:00:00.000000,7749,2025-08-31T10:26:26.000000,scheduled_visit,1.8,2,2026-06-27T10:45:00.000000,1,true,true,true,true,1,LABELED,1,7749,2025-08-31T12:14:26.000Z,0,1,LABELED,1,7749,2025-08-31T10:26:26.000000,true,true,true
1704,2025-03-14T00:00:00.000000,7751,2025-08-17T09:19:00.000000,accepted,6.2,2,2025-08-17T10:06:00.000000,0,true,true,true,true,0,LABELED,0,,,0,0,LABELED,0,,,true,true,true
1705,2025-01-20T00:00:00.000000,7756,2025-01-21T11:55:59.000000,rejected,1.5,8,2025-09-28T11:56:00.000000,0,true,true,true,true,0,LABELED,0,,,0,1,LABELED,0,,,true,true,true
1706,2026-05-15T00:00:00.000000,7761,2026-05-15T15:32:40.000000,no_response,22.6,4,2026-05-27T18:45:43.000000,0,true,true,true,true,0,LABELED,0,,,0,0,LABELED,0,,,true,true,false
1707,2025-07-07T00:00:00.000000,7765,2025-07-17T19:20:47.000000,accepted,5.8,4,2025-12-10T13:30:00.000000,0,true,true,true,true,0,LABELED,0,,,0,0,LABELED,0,,,true,true,true
1708,2025-10-31T00:00:00.000000,7768,2025-11-02T07:45:52.000000,scheduled_visit,6.1,5,2026-05-02T12:41:00.000000,1,true,true,true,true,1,LABELED,1,7768,2025-11-02T13:51:52.000Z,0,2,LABELED,1,7768,2025-11-02T07:45:52.000000,true,true,true
1709,2025-10-15T00:00:00.000000,7777,2025-10-18T15:03:46.000000,scheduled_visit,4.6,8,2026-01-25T10:01:00.000000,1,true,true,true,true,1,LABELED,1,7777,2025-10-18T19:39:46.000Z,0,1,LABELED,1,7777,2025-10-18T15:03:46.000000,true,true,true
1710,2025-02-25T00:00:00.000000,7781,2026-05-17T13:38:00.000000,accepted,4,1,2026-05-17T13:38:00.000000,0,true,true,true,true,0,LABELED,0,,,0,0,LABELED,0,,,true,true,false
1711,2025-10-08T00:00:00.000000,7783,2025-10-10T17:05:13.000000,no_response,57.8,7,2026-05-11T14:11:00.000000,0,true,true,true,true,0,LABELED,0,,,0,0,LABELED,0,,,true,true,true
1712,2026-03-12T00:00:00.000000,7793,2026-03-20T16:17:43.000000,accepted,12.9,7,2026-05-04T18:57:00.000000,0,true,true,true,true,0,LABELED,1,7794,2026-03-21T09:44:35.000Z,0,2,LABELED,1,7794,2026-03-21T09:14:35.000000,true,true,true
1713,2025-10-06T00:00:00.000000,7797,2025-10-12T16:02:28.000000,no_response,,2,2025-10-19T09:50:52.000000,0,true,true,true,true,0,LABELED,0,,,0,0,LABELED,0,,,true,true,true
1714,2026-01-30T00:00:00.000000,7798,2026-02-04T14:14:48.000000,accepted,30.2,2,2026-02-09T10:51:22.000000,0,true,true,true,true,0,LABELED,1,7799,2026-02-09T17:45:22.000Z,0,1,LABELED,1,7799,2026-02-09T10:51:22.000000,true,true,true
1715,2025-07-14T00:00:00.000000,7802,2025-07-21T12:04:23.000000,rejected,3.7,4,2026-06-09T20:39:00.000000,0,true,true,true,true,0,LABELED,0,,,0,0,LABELED,0,,,true,true,true
1716,2026-03-30T00:00:00.000000,7809,2026-03-30T09:42:00.000000,no_response,3.7,8,2026-04-10T15:04:00.000000,0,true,true,true,true,0,LABELED,0,,,0,0,LABELED,0,,,true,true,true
1717,2026-01-26T00:00:00.000000,7814,2026-01-31T09:12:56.000000,accepted,1.3,5,2026-04-22T17:32:00.000000,0,true,true,true,true,0,LABELED,1,7813,2026-02-06T11:19:17.000Z,0,2,LABELED,1,7813,2026-02-06T07:43:17.000000,true,true,true
1718,2025-11-01T00:00:00.000000,7820,2025-11-01T14:03:18.000000,accepted,4,4,2026-06-14T20:48:00.000000,0,true,true,true,true,0,LABELED,0,,,0,0,LABELED,0,,,true,true,true
1719,2026-06-04T00:00:00.000000,7822,2026-06-04T09:04:57.000000,no_response,16,5,2026-06-13T17:30:38.000000,0,true,true,true,true,0,LABELED,1,7824,2026-06-09T02:54:40.000Z,0,1,CENSORED,,,,true,false,false
1720,2025-02-19T00:00:00.000000,7828,2025-04-18T16:40:00.000000,no_response,26.2,3,2025-09-30T18:43:00.000000,0,true,true,true,true,0,LABELED,0,,,0,0,LABELED,0,,,true,true,true
1721,2026-03-13T00:00:00.000000,7830,2026-03-13T15:39:37.000000,no_response,15.4,5,2026-03-26T09:23:55.000000,0,true,true,true,true,0,LABELED,1,7832,2026-03-18T19:31:25.000Z,0,2,LABELED,1,7832,2026-03-18T09:25:25.000000,true,true,true
1722,2025-10-20T00:00:00.000000,7834,2025-10-24T10:55:19.000000,accepted,,3,2025-11-01T10:13:02.000000,0,true,true,true,true,0,AMBIGUOUS,,,,1,0,LABELED,1,7835,2025-10-26T15:25:38.000000,true,true,true
1723,2025-06-26T00:00:00.000000,7837,2025-06-27T14:28:24.000000,rejected,,1,2025-06-27T14:28:24.000000,0,true,true,true,true,0,LABELED,0,,,0,0,LABELED,0,,,true,true,true
1724,2026-03-10T00:00:00.000000,7842,2026-03-14T20:01:35.000000,scheduled_visit,38.2,8,2026-06-24T13:30:00.000000,1,true,true,true,true,1,LABELED,1,7842,2026-03-16T10:13:35.000Z,0,2,LABELED,1,7842,2026-03-14T20:01:35.000000,true,true,true
1725,2025-06-06T00:00:00.000000,7847,2025-10-16T13:42:00.000000,rejected,3.6,2,2025-10-27T11:27:00.000000,0,true,true,true,true,0,LABELED,1,7846,2025-10-27T19:33:00.000Z,0,1,LABELED,1,7846,2025-10-27T11:27:00.000000,true,true,true
1726,2026-01-04T00:00:00.000000,7848,2026-05-23T10:52:00.000000,no_response,4.1,1,2026-05-23T10:52:00.000000,0,true,true,true,true,0,LABELED,0,,,0,0,LABELED,0,,,true,true,false
1727,2026-04-28T00:00:00.000000,7849,2026-04-29T11:18:43.000000,accepted,8.9,3,2026-05-04T09:14:10.000000,0,true,true,true,true,0,LABELED,1,7850,2026-05-04T09:44:10.000Z,0,1,LABELED,1,7850,2026-05-04T09:14:10.000000,true,true,true
1728,2025-11-11T00:00:00.000000,7853,2025-11-13T19:24:05.000000,accepted,8.3,5,2026-04-29T09:27:00.000000,0,true,true,true,true,0,LABELED,0,,,0,0,LABELED,0,,,true,true,true
1729,2025-04-29T00:00:00.000000,7858,2025-05-06T08:42:14.000000,accepted,5.1,2,2025-05-11T07:26:09.000000,0,true,true,true,true,0,LABELED,1,7857,2025-05-11T12:56:09.000Z,0,1,LABELED,1,7857,2025-05-11T07:26:09.000000,true,true,true
1730,2026-01-19T00:00:00.000000,7859,2026-01-30T13:24:54.000000,accepted,,1,2026-01-30T13:24:54.000000,0,true,true,true,true,0,LABELED,0,,,0,0,LABELED,0,,,true,true,true
1731,2025-03-06T00:00:00.000000,7864,2025-03-19T14:02:48.000000,no_response,4.6,5,2026-05-10T12:42:00.000000,0,true,true,true,true,0,LABELED,0,,,0,0,LABELED,0,,,true,true,true
1732,2025-04-12T00:00:00.000000,7865,2025-05-16T13:09:00.000000,accepted,0.6,2,2026-01-28T17:38:00.000000,0,true,true,true,true,0,LABELED,0,,,0,0,LABELED,0,,,true,true,true
1733,2025-05-26T00:00:00.000000,7873,2025-05-27T13:24:51.000000,accepted,8.7,8,2026-06-24T07:14:00.000000,0,true,true,true,true,0,LABELED,0,,,0,0,LABELED,0,,,true,true,true
1734,2025-06-19T00:00:00.000000,7881,2025-06-24T13:04:21.000000,no_response,19,7,2026-03-17T13:20:00.000000,0,true,true,true,true,0,LABELED,1,7880,2025-07-02T23:34:20.000Z,0,2,LABELED,1,7880,2025-07-01T12:34:20.000000,true,true,true
1735,2025-10-21T00:00:00.000000,7883,2025-10-27T17:00:44.000000,accepted,5.9,2,2025-10-28T09:25:11.000000,0,true,true,true,true,0,LABELED,0,,,0,0,LABELED,0,,,true,true,true
1736,2025-12-03T00:00:00.000000,7885,2025-12-06T12:44:15.000000,accepted,11.6,3,2026-04-20T20:42:00.000000,0,true,true,true,true,0,LABELED,0,,,0,0,LABELED,0,,,true,true,true
1737,2025-01-05T00:00:00.000000,7889,2025-01-11T14:21:51.000000,accepted,,8,2026-05-04T14:05:00.000000,0,true,true,true,true,0,LABELED,1,7893,2025-01-12T14:00:22.000Z,0,1,LABELED,1,7893,2025-01-12T09:18:22.000000,true,true,true
1738,2026-04-23T00:00:00.000000,7901,2026-05-03T10:00:15.000000,no_response,7.2,7,2026-06-06T16:23:00.000000,0,true,true,true,true,0,LABELED,1,7900,2026-05-06T18:44:42.000Z,0,2,LABELED,1,7900,2026-05-06T08:02:42.000000,true,true,true
1739,2025-04-18T00:00:00.000000,7904,2025-04-25T14:09:32.000000,rejected,64.1,3,2025-05-20T09:25:00.000000,0,true,true,true,true,0,LABELED,0,,,0,0,LABELED,0,,,true,true,true
1740,2026-05-25T00:00:00.000000,7908,2026-05-26T14:16:11.000000,no_response,8.3,6,2026-06-06T16:48:20.000000,0,true,true,true,true,0,LABELED,1,7909,2026-06-04T01:50:23.000Z,1,2,LABELED,1,7910,2026-06-02T20:35:19.000000,true,true,false
1741,2025-05-20T00:00:00.000000,7911,2025-05-22T11:02:15.000000,scheduled_visit,8.3,1,2025-05-22T11:02:15.000000,1,true,true,true,true,1,LABELED,1,7911,2025-05-22T19:20:15.000Z,0,1,LABELED,1,7911,2025-05-22T11:02:15.000000,true,true,true
1742,2026-06-30T00:00:00.000000,7912,2026-07-12T19:26:26.000000,accepted,12.8,2,2026-07-13T13:13:24.000000,0,false,false,false,false,,CENSORED,,,,0,0,CENSORED,,,,false,false,false
1743,2025-11-01T00:00:00.000000,7916,2025-11-01T18:50:37.000000,accepted,5.4,5,2026-03-30T09:50:00.000000,0,true,true,true,true,0,LABELED,0,,,0,0,LABELED,0,,,true,true,true
1744,2026-04-08T00:00:00.000000,7922,2026-04-10T11:03:24.000000,rejected,23.2,6,2026-04-21T15:00:24.000000,0,true,true,true,true,0,LABELED,0,,,0,0,LABELED,0,,,true,true,true
1745,2026-02-03T00:00:00.000000,7925,2026-02-14T19:24:00.000000,scheduled_visit,8,1,2026-02-14T19:24:00.000000,1,true,true,true,true,1,LABELED,1,7925,2026-02-15T03:24:00.000Z,0,1,LABELED,1,7925,2026-02-14T19:24:00.000000,true,true,true
1746,2025-10-01T00:00:00.000000,7929,2025-10-04T07:28:32.000000,accepted,9.4,6,2026-04-04T15:48:00.000000,0,true,true,true,true,0,LABELED,1,7927,2025-10-06T15:28:05.000Z,0,2,LABELED,1,7927,2025-10-05T15:04:05.000000,true,true,true
1747,2026-06-21T00:00:00.000000,7937,2026-06-24T08:03:18.000000,rejected,0.8,6,2026-07-01T20:48:50.000000,0,true,true,false,true,0,CENSORED,,,,0,0,CENSORED,,,,false,false,false
1748,2025-08-29T00:00:00.000000,7938,2025-09-05T14:00:37.000000,accepted,22.9,1,2025-09-05T14:00:37.000000,0,true,true,true,true,0,LABELED,0,,,0,0,LABELED,0,,,true,true,true
1749,2025-04-19T00:00:00.000000,7939,2025-04-20T17:17:44.000000,accepted,1.8,5,2026-02-15T08:47:00.000000,0,true,true,true,true,0,LABELED,0,,,0,4,LABELED,0,,,true,true,true
1750,2025-10-02T00:00:00.000000,7947,2025-10-04T18:54:43.000000,rejected,12.7,5,2026-06-07T20:04:00.000000,0,true,true,true,true,0,LABELED,0,,,0,0,LABELED,0,,,true,true,true
1751,2026-01-16T00:00:00.000000,7950,2026-01-20T16:51:23.000000,scheduled_visit,8.2,2,2026-01-28T18:09:56.000000,1,true,true,true,true,1,LABELED,1,7950,2026-01-21T01:03:23.000Z,0,2,LABELED,1,7950,2026-01-20T16:51:23.000000,true,true,true
1752,2026-02-04T00:00:00.000000,7953,2026-02-04T10:53:35.000000,rejected,21,7,2026-02-17T11:38:53.000000,0,true,true,true,true,0,LABELED,1,7951,2026-02-10T13:36:41.000Z,0,2,LABELED,1,7951,2026-02-10T12:48:41.000000,true,true,true
1753,2025-05-05T00:00:00.000000,7959,2025-05-05T08:33:39.000000,no_response,16.9,3,2025-07-07T07:38:00.000000,0,true,true,true,true,0,LABELED,0,,,0,1,LABELED,0,,,true,true,true
1754,2026-02-13T00:00:00.000000,7964,2026-02-13T07:14:36.000000,accepted,,5,2026-02-26T07:23:16.000000,0,true,true,true,true,0,LABELED,1,7961,2026-02-18T00:16:30.000Z,0,1,LABELED,1,7961,2026-02-17T13:28:30.000000,true,true,true
1755,2025-11-24T00:00:00.000000,7966,2026-03-13T19:57:00.000000,rejected,2.7,1,2026-03-13T19:57:00.000000,0,true,true,true,true,0,LABELED,0,,,0,0,LABELED,0,,,true,true,true
1756,2025-05-03T00:00:00.000000,7968,2025-06-07T19:39:00.000000,scheduled_visit,11.1,2,2025-10-08T08:57:00.000000,1,true,true,true,true,1,LABELED,1,7968,2025-06-08T06:45:00.000Z,0,1,LABELED,1,7968,2025-06-07T19:39:00.000000,true,true,true
1757,2025-05-20T00:00:00.000000,7969,2025-05-23T17:39:59.000000,accepted,6.3,2,2026-03-12T10:14:00.000000,0,true,true,true,true,0,LABELED,0,,,0,0,LABELED,0,,,true,true,true
1758,2026-03-06T00:00:00.000000,7971,2026-03-11T07:00:45.000000,rejected,,1,2026-03-11T07:00:45.000000,0,true,true,true,true,0,LABELED,0,,,0,0,LABELED,0,,,true,true,true
1759,2025-09-11T00:00:00.000000,7975,2025-09-18T17:00:17.000000,scheduled_visit,5.4,6,2026-05-24T11:15:00.000000,1,true,true,true,true,1,LABELED,1,7975,2025-09-18T22:24:17.000Z,1,2,LABELED,1,7975,2025-09-18T17:00:17.000000,true,true,true
1760,2025-10-14T00:00:00.000000,7978,2025-10-23T20:14:03.000000,accepted,11.5,2,2026-04-01T09:43:00.000000,0,true,true,true,true,0,LABELED,0,,,0,0,LABELED,0,,,true,true,true
1761,2025-09-18T00:00:00.000000,7980,2025-09-21T17:16:06.000000,scheduled_visit,3.2,1,2025-09-21T17:16:06.000000,1,true,true,true,true,1,LABELED,1,7980,2025-09-21T20:28:06.000Z,0,1,LABELED,1,7980,2025-09-21T17:16:06.000000,true,true,true
1762,2025-11-21T00:00:00.000000,7981,2025-11-23T15:03:51.000000,accepted,20.4,8,2026-04-12T08:19:00.000000,0,true,true,true,true,0,LABELED,0,,,0,0,LABELED,0,,,true,true,true
1763,2026-06-07T00:00:00.000000,7990,2026-06-07T12:47:54.000000,accepted,33.6,2,2026-06-13T07:49:57.000000,0,true,true,true,true,0,LABELED,0,,,0,0,CENSORED,,,,false,false,false
1764,2025-12-28T00:00:00.000000,7995,2025-12-28T08:53:09.000000,scheduled_visit,,5,2026-05-01T14:11:00.000000,1,true,true,true,true,1,LABELED,1,7994,2026-01-02T20:14:25.000Z,1,2,LABELED,1,7995,2025-12-28T08:53:09.000000,true,true,true
1765,2025-05-22T00:00:00.000000,7997,2025-07-28T20:12:00.000000,no_response,57.4,2,2026-06-02T19:12:00.000000,0,true,true,true,true,0,LABELED,0,,,0,1,LABELED,0,,,true,true,true
1766,2025-10-07T00:00:00.000000,8000,2025-10-09T09:00:40.000000,accepted,14.5,8,2026-06-05T16:28:00.000000,0,true,true,true,true,0,LABELED,1,7998,2025-10-11T23:23:31.000Z,0,2,LABELED,1,7998,2025-10-11T18:05:31.000000,true,true,true
1767,2026-03-27T00:00:00.000000,8009,2026-03-28T12:20:28.000000,no_response,32.4,6,2026-04-09T10:39:00.000000,0,true,true,true,true,0,LABELED,1,8008,2026-03-28T21:46:12.000Z,0,1,LABELED,1,8008,2026-03-28T20:04:12.000000,true,true,true
1768,2026-05-26T00:00:00.000000,8013,2026-05-30T15:11:36.000000,accepted,10.6,2,2026-06-07T08:41:45.000000,0,true,true,true,true,0,LABELED,1,8012,2026-06-07T09:53:45.000Z,0,1,LABELED,1,8012,2026-06-07T08:41:45.000000,true,true,false
1769,2026-02-03T00:00:00.000000,8016,2026-02-03T13:14:15.000000,no_response,11.9,4,2026-02-14T20:51:26.000000,0,true,true,true,true,0,LABELED,1,8017,2026-02-06T13:45:38.000Z,0,1,LABELED,1,8017,2026-02-06T08:39:38.000000,true,true,true
1770,2025-09-14T00:00:00.000000,8021,2025-09-21T17:01:39.000000,accepted,5.2,6,2026-06-24T12:49:00.000000,0,true,true,true,true,0,LABELED,0,,,0,2,LABELED,0,,,true,true,true
1771,2025-10-26T00:00:00.000000,8025,2025-11-04T19:49:44.000000,no_response,3.3,2,2025-12-23T13:07:00.000000,0,true,true,true,true,0,LABELED,0,,,0,0,LABELED,0,,,true,true,true
1772,2026-02-24T00:00:00.000000,8029,2026-02-27T20:59:44.000000,no_response,,7,2026-05-14T14:58:00.000000,0,true,true,true,true,0,LABELED,0,,,0,1,LABELED,0,,,true,true,true
1773,2026-01-23T00:00:00.000000,8036,2026-01-23T17:35:16.000000,rejected,23.5,4,2026-02-02T18:00:51.000000,0,true,true,true,true,0,LABELED,1,8034,2026-02-02T18:36:51.000Z,0,1,LABELED,1,8034,2026-02-02T18:00:51.000000,true,true,true
1774,2025-10-25T00:00:00.000000,8038,2025-10-29T15:52:21.000000,rejected,,3,2025-11-04T17:30:42.000000,0,true,true,true,true,0,LABELED,1,8037,2025-11-02T13:54:06.000Z,0,1,LABELED,1,8037,2025-11-01T11:30:06.000000,true,true,true
1775,2025-07-15T00:00:00.000000,8041,2025-07-15T08:13:05.000000,accepted,20.7,3,2026-05-11T15:53:00.000000,0,true,true,true,true,0,LABELED,0,,,0,0,LABELED,0,,,true,true,true
1776,2026-01-07T00:00:00.000000,8043,2026-01-12T08:17:13.000000,scheduled_visit,0.8,2,2026-01-14T17:33:06.000000,1,true,true,true,true,1,LABELED,1,8043,2026-01-12T09:05:13.000Z,0,1,LABELED,1,8043,2026-01-12T08:17:13.000000,true,true,true
1777,2025-12-10T00:00:00.000000,8046,2025-12-13T07:34:03.000000,accepted,4.8,3,2026-01-17T19:21:00.000000,0,true,true,true,true,0,LABELED,0,,,0,0,LABELED,0,,,true,true,true
1778,2025-12-27T00:00:00.000000,8048,2025-12-29T18:10:42.000000,accepted,7.6,3,2026-05-22T19:15:00.000000,0,true,true,true,true,0,LABELED,0,,,0,1,LABELED,0,,,true,true,true
1779,2025-03-21T00:00:00.000000,8052,2025-05-20T18:07:00.000000,scheduled_visit,15.9,3,2026-05-13T18:34:00.000000,1,true,true,true,true,1,LABELED,1,8052,2025-05-21T10:01:00.000Z,0,1,LABELED,1,8052,2025-05-20T18:07:00.000000,true,true,true
1780,2026-06-18T00:00:00.000000,8057,2026-06-29T10:40:48.000000,scheduled_visit,,4,2026-07-01T08:43:00.000000,1,true,true,false,true,1,CENSORED,,,,0,0,CENSORED,,,,false,false,false
1781,2026-03-07T00:00:00.000000,8058,2026-03-13T09:36:08.000000,accepted,10.9,2,2026-03-17T12:08:24.000000,0,true,true,true,true,0,LABELED,1,8059,2026-03-17T15:32:24.000Z,0,1,LABELED,1,8059,2026-03-17T12:08:24.000000,true,true,true
1782,2026-02-28T00:00:00.000000,8060,2026-03-03T20:03:18.000000,scheduled_visit,8.1,5,2026-03-13T17:30:50.000000,1,true,true,true,true,1,LABELED,1,8060,2026-03-04T04:09:18.000Z,0,2,LABELED,1,8060,2026-03-03T20:03:18.000000,true,true,true
1783,2025-07-03T00:00:00.000000,8067,2025-07-09T19:16:06.000000,accepted,4.4,4,2026-03-02T14:55:00.000000,0,true,true,true,true,0,LABELED,0,,,0,0,LABELED,0,,,true,true,true
1784,2025-01-14T00:00:00.000000,8070,2025-01-24T13:38:32.000000,no_response,19.3,3,2025-08-15T10:28:00.000000,0,true,true,true,true,0,LABELED,0,,,0,0,LABELED,0,,,true,true,true
1785,2026-06-23T00:00:00.000000,8073,2026-06-27T18:05:01.000000,accepted,26.9,2,2026-07-03T09:36:43.000000,0,true,true,false,true,0,CENSORED,,,,0,0,CENSORED,,,,false,false,false
1786,2025-10-10T00:00:00.000000,8074,2025-10-12T12:43:24.000000,rejected,54.4,7,2026-06-24T19:54:00.000000,0,true,true,true,true,0,LABELED,1,8075,2025-10-13T18:12:21.000Z,0,2,LABELED,1,8075,2025-10-12T19:42:21.000000,true,true,true
1787,2025-08-26T00:00:00.000000,8085,2025-09-01T13:05:51.000000,accepted,9.2,5,2026-06-09T19:48:00.000000,0,true,true,true,true,0,LABELED,0,,,0,1,LABELED,0,,,true,true,true
1788,2025-04-04T00:00:00.000000,8088,2025-04-05T07:04:12.000000,accepted,9.2,6,2026-04-12T11:58:00.000000,0,true,true,true,true,0,LABELED,0,,,0,1,LABELED,0,,,true,true,true
1789,2026-05-23T00:00:00.000000,8092,2026-05-24T11:31:17.000000,rejected,3,1,2026-05-24T11:31:17.000000,0,true,true,true,true,0,LABELED,0,,,0,0,LABELED,0,,,true,true,false
1790,2025-10-10T00:00:00.000000,8099,2025-10-15T20:16:37.000000,accepted,15.5,8,2026-03-19T16:29:00.000000,0,true,true,true,true,0,LABELED,1,8097,2025-10-19T18:25:57.000Z,0,2,LABELED,1,8097,2025-10-19T14:49:57.000000,true,true,true
1791,2025-05-22T00:00:00.000000,8104,2025-05-23T09:04:31.000000,accepted,,8,2025-12-08T11:44:00.000000,0,true,true,true,true,0,LABELED,0,,,0,1,LABELED,0,,,true,true,true
1792,2025-06-12T00:00:00.000000,8109,2026-03-08T07:38:00.000000,accepted,6.9,1,2026-03-08T07:38:00.000000,0,true,true,true,true,0,LABELED,0,,,0,0,LABELED,0,,,true,true,true
1793,2025-06-09T00:00:00.000000,8112,2025-06-09T09:52:25.000000,accepted,1.1,4,2025-10-09T11:19:00.000000,0,true,true,true,true,0,LABELED,0,,,0,0,LABELED,0,,,true,true,true
1794,2025-11-23T00:00:00.000000,8116,2025-11-27T08:56:44.000000,rejected,0.5,5,2026-06-13T11:40:00.000000,0,true,true,true,true,0,LABELED,1,8114,2025-12-01T17:36:41.000Z,0,1,LABELED,1,8114,2025-12-01T12:24:41.000000,true,true,true
1795,2026-03-15T00:00:00.000000,8119,2026-03-21T09:20:45.000000,no_response,2.6,1,2026-03-21T09:20:45.000000,0,true,true,true,true,0,LABELED,0,,,0,0,LABELED,0,,,true,true,true
1796,2025-09-17T00:00:00.000000,8120,2025-09-18T11:58:13.000000,scheduled_visit,23.7,3,2025-12-05T13:12:00.000000,1,true,true,true,true,1,LABELED,1,8120,2025-09-19T11:40:13.000Z,0,1,LABELED,1,8120,2025-09-18T11:58:13.000000,true,true,true
1797,2026-04-27T00:00:00.000000,8123,2026-05-04T12:22:23.000000,accepted,33.8,3,2026-05-05T18:38:33.000000,0,true,true,true,true,0,LABELED,0,,,0,0,LABELED,0,,,true,true,true
1798,2026-01-16T00:00:00.000000,8128,2026-01-18T18:01:46.000000,accepted,12,5,2026-05-13T07:41:00.000000,0,true,true,true,true,0,AMBIGUOUS,,,,1,0,LABELED,1,8129,2026-01-19T16:56:19.000000,true,true,true
1799,2025-09-24T00:00:00.000000,8134,2025-09-27T17:49:11.000000,scheduled_visit,,7,2026-05-13T17:22:00.000000,1,true,true,true,true,1,AMBIGUOUS,,,,1,0,LABELED,1,8134,2025-09-27T17:49:11.000000,true,true,true
1800,2026-04-29T00:00:00.000000,8138,2026-04-29T16:02:35.000000,accepted,3.2,1,2026-04-29T16:02:35.000000,0,true,true,true,true,0,LABELED,0,,,0,0,LABELED,0,,,true,true,true
1801,2025-02-04T00:00:00.000000,8144,2025-02-17T13:01:02.000000,scheduled_visit,6.7,6,2026-06-23T13:49:00.000000,1,true,true,true,true,1,LABELED,1,8144,2025-02-17T19:43:02.000Z,0,1,LABELED,1,8144,2025-02-17T13:01:02.000000,true,true,true
1802,2025-04-07T00:00:00.000000,8145,2026-04-10T16:01:00.000000,accepted,34.8,1,2026-04-10T16:01:00.000000,0,true,true,true,true,0,LABELED,0,,,0,0,LABELED,0,,,true,true,true
1803,2025-07-10T00:00:00.000000,8146,2025-07-10T12:04:08.000000,scheduled_visit,17.5,1,2025-07-10T12:04:08.000000,1,true,true,true,true,1,LABELED,1,8146,2025-07-11T05:34:08.000Z,0,1,LABELED,1,8146,2025-07-10T12:04:08.000000,true,true,true
1804,2025-02-17T00:00:00.000000,8147,2026-04-29T19:58:00.000000,scheduled_visit,,1,2026-04-29T19:58:00.000000,1,true,true,true,true,1,AMBIGUOUS,,,,1,0,LABELED,1,8147,2026-04-29T19:58:00.000000,true,true,true
1805,2026-03-16T00:00:00.000000,8148,2026-03-21T10:52:51.000000,rejected,11.7,2,2026-03-21T14:47:01.000000,0,true,true,true,true,0,LABELED,0,,,0,0,LABELED,0,,,true,true,true
1806,2025-11-19T00:00:00.000000,8150,2025-11-20T11:34:11.000000,accepted,7.1,2,2025-11-23T10:48:35.000000,0,true,true,true,true,0,LABELED,0,,,0,0,LABELED,0,,,true,true,true
1807,2025-09-19T00:00:00.000000,8157,2025-09-20T12:34:44.000000,accepted,12.8,6,2026-04-20T15:11:00.000000,0,true,true,true,true,0,LABELED,1,8156,2025-09-30T15:24:28.000Z,0,1,LABELED,1,8156,2025-09-30T14:54:28.000000,true,true,true
1808,2025-08-23T00:00:00.000000,8159,2025-08-27T14:23:13.000000,no_response,11.9,2,2026-03-12T18:53:00.000000,0,true,true,true,true,0,LABELED,0,,,0,1,LABELED,0,,,true,true,true
1809,2026-01-28T00:00:00.000000,8162,2026-01-28T19:23:33.000000,no_response,8.8,8,2026-06-11T15:13:00.000000,0,true,true,true,true,0,LABELED,0,,,0,2,LABELED,0,,,true,true,true
1810,2026-02-03T00:00:00.000000,8168,2026-02-03T13:40:12.000000,accepted,19.3,2,2026-02-04T19:12:51.000000,0,true,true,true,true,0,LABELED,0,,,0,0,LABELED,0,,,true,true,true
1811,2025-07-25T00:00:00.000000,8172,2025-07-25T18:11:28.000000,rejected,,4,2026-03-24T12:47:00.000000,0,true,true,true,true,0,LABELED,0,,,0,0,LABELED,0,,,true,true,true
1812,2025-10-28T00:00:00.000000,8174,2025-11-04T11:12:19.000000,accepted,3.1,1,2025-11-04T11:12:19.000000,0,true,true,true,true,0,LABELED,0,,,0,0,LABELED,0,,,true,true,true
1813,2025-01-20T00:00:00.000000,8178,2025-07-17T11:16:00.000000,accepted,,6,2026-05-26T12:45:00.000000,0,true,true,true,true,0,LABELED,0,,,0,1,LABELED,0,,,true,true,true
1814,2026-03-02T00:00:00.000000,8184,2026-03-04T16:52:30.000000,accepted,84.5,6,2026-04-06T10:30:00.000000,0,true,true,true,true,0,LABELED,0,,,0,0,LABELED,0,,,true,true,true
1815,2026-01-05T00:00:00.000000,8187,2026-01-17T13:08:57.000000,accepted,6.8,1,2026-01-17T13:08:57.000000,0,true,true,true,true,0,LABELED,0,,,0,0,LABELED,0,,,true,true,true
1816,2025-05-31T00:00:00.000000,8192,2025-06-24T13:08:00.000000,accepted,0.7,8,2025-12-07T10:48:00.000000,0,true,true,true,true,0,LABELED,1,8188,2025-07-22T22:52:00.000Z,0,2,LABELED,1,8188,2025-07-21T15:34:00.000000,true,true,true
1817,2025-06-12T00:00:00.000000,8198,2025-06-14T16:02:29.000000,accepted,,8,2026-06-11T10:14:00.000000,0,true,true,true,true,0,LABELED,1,8197,2025-07-08T06:40:00.000Z,0,3,LABELED,1,8197,2025-07-07T18:40:00.000000,true,true,true
1818,2025-02-07T00:00:00.000000,8211,2025-02-14T08:16:31.000000,scheduled_visit,5.3,8,2026-06-07T19:27:00.000000,1,true,true,true,true,1,LABELED,1,8211,2025-02-14T13:34:31.000Z,0,2,LABELED,1,8211,2025-02-14T08:16:31.000000,true,true,true
1819,2025-09-24T00:00:00.000000,8213,2025-10-05T19:40:31.000000,accepted,5.9,4,2026-06-06T09:55:00.000000,0,true,true,true,true,0,LABELED,0,,,0,1,LABELED,0,,,true,true,true
1820,2026-04-16T00:00:00.000000,8216,2026-04-27T08:40:12.000000,accepted,3.1,2,2026-04-27T16:30:02.000000,0,true,true,true,true,0,LABELED,0,,,0,0,LABELED,0,,,true,true,true
1821,2026-05-14T00:00:00.000000,8223,2026-05-14T19:35:28.000000,rejected,0.6,7,2026-05-27T14:46:03.000000,0,true,true,true,true,0,LABELED,1,8224,2026-05-26T18:27:11.000Z,0,1,LABELED,1,8224,2026-05-26T17:51:11.000000,true,true,false
1822,2025-12-16T00:00:00.000000,8225,2025-12-20T14:18:15.000000,scheduled_visit,3.4,1,2025-12-20T14:18:15.000000,1,true,true,true,true,1,LABELED,1,8225,2025-12-20T17:42:15.000Z,0,1,LABELED,1,8225,2025-12-20T14:18:15.000000,true,true,true
1823,2025-05-02T00:00:00.000000,8227,2025-05-12T12:27:58.000000,accepted,9.3,3,2025-12-30T11:15:00.000000,0,true,true,true,true,0,LABELED,0,,,0,1,LABELED,0,,,true,true,true
1824,2025-04-02T00:00:00.000000,8231,2025-04-04T13:21:16.000000,rejected,3.8,4,2026-05-12T11:51:00.000000,0,true,true,true,true,0,LABELED,0,,,0,1,LABELED,0,,,true,true,true
1825,2025-07-11T00:00:00.000000,8237,2025-07-16T08:19:39.000000,accepted,8.8,5,2026-03-06T11:45:00.000000,0,true,true,true,true,0,LABELED,0,,,0,0,LABELED,0,,,true,true,true
1826,2025-04-15T00:00:00.000000,8241,2025-04-23T14:44:22.000000,accepted,5.8,7,2026-03-23T10:33:00.000000,0,true,true,true,true,0,LABELED,0,,,0,0,LABELED,0,,,true,true,true
1827,2025-03-27T00:00:00.000000,8252,2025-03-30T12:29:44.000000,no_response,8.5,8,2026-05-19T20:41:00.000000,0,true,true,true,true,0,LABELED,0,,,0,1,LABELED,0,,,true,true,true
1828,2025-03-28T00:00:00.000000,8255,2025-06-24T18:58:00.000000,scheduled_visit,,7,2026-06-16T18:47:00.000000,1,true,true,true,true,1,AMBIGUOUS,,,,1,2,LABELED,1,8255,2025-06-24T18:58:00.000000,true,true,true
1829,2025-01-21T00:00:00.000000,8261,2025-01-21T11:25:25.000000,accepted,8.7,3,2026-04-29T08:36:00.000000,0,true,true,true,true,0,LABELED,0,,,0,1,LABELED,0,,,true,true,true
1830,2025-01-03T00:00:00.000000,8264,2025-01-08T09:40:36.000000,no_response,0.5,6,2025-12-09T13:13:00.000000,0,true,true,true,true,0,LABELED,0,,,0,0,LABELED,0,,,true,true,true
1831,2025-08-14T00:00:00.000000,8272,2025-08-14T09:03:57.000000,accepted,3.9,8,2026-06-24T14:07:00.000000,0,true,true,true,true,0,LABELED,0,,,0,0,LABELED,0,,,true,true,true
1832,2026-05-06T00:00:00.000000,8281,2026-05-11T15:06:44.000000,no_response,26.8,8,2026-06-07T19:56:00.000000,0,true,true,true,true,0,AMBIGUOUS,,,,1,0,LABELED,1,8282,2026-05-12T14:00:22.000000,true,true,true
1833,2025-02-23T00:00:00.000000,8285,2026-05-12T19:47:00.000000,rejected,1.1,1,2026-05-12T19:47:00.000000,0,true,true,true,true,0,LABELED,0,,,0,0,LABELED,0,,,true,true,true
1834,2026-03-20T00:00:00.000000,8287,2026-03-25T19:43:14.000000,accepted,62,6,2026-03-31T18:56:25.000000,0,true,true,true,true,0,LABELED,0,,,0,0,LABELED,0,,,true,true,true
1835,2025-06-13T00:00:00.000000,8294,2025-06-16T17:43:44.000000,accepted,7.6,3,2026-03-15T11:59:00.000000,0,true,true,true,true,0,LABELED,1,8293,2025-06-19T15:57:54.000Z,0,1,LABELED,1,8293,2025-06-19T13:39:54.000000,true,true,true
1836,2026-01-24T00:00:00.000000,8297,2026-01-27T08:29:00.000000,rejected,8.2,5,2026-04-21T10:28:00.000000,0,true,true,true,true,0,AMBIGUOUS,,,,1,0,LABELED,1,8298,2026-01-29T18:37:07.000000,true,true,true
1837,2026-04-09T00:00:00.000000,8300,2026-04-17T09:30:39.000000,accepted,5.6,4,2026-04-21T09:52:55.000000,0,true,true,true,true,0,LABELED,1,8301,2026-04-17T20:50:13.000Z,0,1,LABELED,1,8301,2026-04-17T10:44:13.000000,true,true,true
1838,2025-11-19T00:00:00.000000,8305,2025-11-22T11:16:45.000000,no_response,14.7,6,2026-04-19T15:34:00.000000,0,true,true,true,true,0,LABELED,0,,,0,0,LABELED,0,,,true,true,true
1839,2025-01-24T00:00:00.000000,8313,2025-01-31T12:37:22.000000,rejected,10.4,6,2026-05-10T12:57:00.000000,0,true,true,true,true,0,LABELED,0,,,0,0,LABELED,0,,,true,true,true
1840,2025-02-25T00:00:00.000000,8319,2025-03-03T16:27:49.000000,scheduled_visit,22.4,4,2026-06-17T08:10:00.000000,1,true,true,true,true,1,LABELED,1,8319,2025-03-04T14:51:49.000Z,0,1,LABELED,1,8319,2025-03-03T16:27:49.000000,true,true,true
1841,2025-12-12T00:00:00.000000,8320,2025-12-24T11:53:18.000000,accepted,28.6,2,2026-01-14T14:23:00.000000,0,true,true,true,true,0,LABELED,0,,,0,0,LABELED,0,,,true,true,true
1842,2025-11-03T00:00:00.000000,8322,2025-11-03T07:10:52.000000,accepted,46.1,4,2026-04-21T09:03:00.000000,0,true,true,true,true,0,LABELED,0,,,0,0,LABELED,0,,,true,true,true
1843,2025-08-01T00:00:00.000000,8329,2025-08-03T18:55:09.000000,accepted,7.1,8,2026-06-14T16:30:00.000000,0,true,true,true,true,0,LABELED,0,,,0,1,LABELED,0,,,true,true,true
1844,2025-11-14T00:00:00.000000,8334,2025-11-29T15:17:00.000000,no_response,46,3,2026-01-21T10:08:00.000000,0,true,true,true,true,0,LABELED,0,,,0,1,LABELED,0,,,true,true,true
1845,2025-08-02T00:00:00.000000,8338,2025-08-03T11:37:15.000000,accepted,14.3,3,2026-03-06T18:45:00.000000,0,true,true,true,true,0,LABELED,0,,,0,0,LABELED,0,,,true,true,true
1846,2025-02-13T00:00:00.000000,8340,2025-02-17T16:09:59.000000,no_response,,1,2025-02-17T16:09:59.000000,0,true,true,true,true,0,LABELED,0,,,0,0,LABELED,0,,,true,true,true
1847,2025-10-01T00:00:00.000000,8342,2025-10-11T07:04:00.000000,no_response,5,3,2026-02-25T10:37:00.000000,0,true,true,true,true,0,LABELED,0,,,0,0,LABELED,0,,,true,true,true
1848,2025-03-12T00:00:00.000000,8344,2025-08-15T14:57:00.000000,scheduled_visit,45.6,1,2025-08-15T14:57:00.000000,1,true,true,true,true,1,LABELED,1,8344,2025-08-17T12:33:00.000Z,0,1,LABELED,1,8344,2025-08-15T14:57:00.000000,true,true,true
1849,2025-07-08T00:00:00.000000,8345,2025-07-20T08:51:54.000000,accepted,0.7,2,2025-09-15T10:56:00.000000,0,true,true,true,true,0,LABELED,0,,,0,0,LABELED,0,,,true,true,true
1850,2025-09-29T00:00:00.000000,8351,2025-10-03T12:44:36.000000,accepted,5.9,6,2026-05-24T13:07:00.000000,0,true,true,true,true,0,LABELED,0,,,0,1,LABELED,0,,,true,true,true
1851,2025-02-14T00:00:00.000000,8355,2025-02-20T07:51:00.000000,scheduled_visit,2.7,7,2026-01-08T12:03:00.000000,1,true,true,true,true,1,LABELED,1,8355,2025-02-20T10:33:00.000Z,0,1,LABELED,1,8355,2025-02-20T07:51:00.000000,true,true,true
1852,2026-04-16T00:00:00.000000,8360,2026-04-18T12:12:33.000000,accepted,0.7,4,2026-04-27T11:59:35.000000,0,true,true,true,true,0,LABELED,0,,,0,0,LABELED,0,,,true,true,true
1853,2026-04-29T00:00:00.000000,8365,2026-04-30T20:23:09.000000,accepted,,8,2026-06-13T12:49:00.000000,0,true,true,true,true,0,LABELED,1,8369,2026-05-08T19:59:00.000Z,0,2,LABELED,1,8369,2026-05-08T19:29:00.000000,true,true,true
1854,2025-02-14T00:00:00.000000,8372,2025-06-20T10:48:00.000000,accepted,3.6,2,2025-08-15T17:45:00.000000,0,true,true,true,true,0,LABELED,0,,,0,0,LABELED,0,,,true,true,true
1855,2025-04-16T00:00:00.000000,8377,2025-04-19T18:07:14.000000,rejected,25.4,7,2026-05-02T16:15:00.000000,0,true,true,true,true,0,LABELED,1,8378,2025-04-24T02:33:26.000Z,0,3,LABELED,1,8378,2025-04-23T14:03:26.000000,true,true,true
1856,2025-06-16T00:00:00.000000,8386,2025-06-17T19:08:37.000000,no_response,7.3,6,2026-04-05T16:25:00.000000,0,true,true,true,true,0,LABELED,0,,,0,0,LABELED,0,,,true,true,true
1857,2026-01-09T00:00:00.000000,8389,2026-01-11T11:39:51.000000,scheduled_visit,,4,2026-01-18T19:44:05.000000,1,true,true,true,true,1,LABELED,1,8387,2026-01-18T18:41:38.000Z,1,1,LABELED,1,8389,2026-01-11T11:39:51.000000,true,true,true
1858,2025-01-20T00:00:00.000000,8392,2025-01-23T18:23:30.000000,rejected,38.4,2,2026-06-08T18:40:00.000000,0,true,true,true,true,0,LABELED,0,,,0,0,LABELED,0,,,true,true,true
1859,2026-02-16T00:00:00.000000,8393,2026-02-20T17:52:02.000000,accepted,,1,2026-02-20T17:52:02.000000,0,true,true,true,true,0,LABELED,0,,,0,0,LABELED,0,,,true,true,true
1860,2025-11-26T00:00:00.000000,8396,2025-11-27T16:10:29.000000,scheduled_visit,13.9,3,2025-12-09T18:33:40.000000,1,true,true,true,true,1,LABELED,1,8396,2025-11-28T06:04:29.000Z,0,1,LABELED,1,8396,2025-11-27T16:10:29.000000,true,true,true
1861,2025-04-23T00:00:00.000000,8397,2025-10-26T16:01:00.000000,accepted,11.7,2,2026-06-23T12:31:00.000000,0,true,true,true,true,0,LABELED,0,,,0,0,LABELED,0,,,true,true,true
1862,2025-09-19T00:00:00.000000,8399,2025-10-01T10:02:51.000000,rejected,6.2,2,2026-04-10T10:34:00.000000,0,true,true,true,true,0,LABELED,0,,,0,0,LABELED,0,,,true,true,true
1863,2025-03-28T00:00:00.000000,8403,2025-04-04T18:45:57.000000,no_response,8.3,5,2026-04-09T18:23:00.000000,0,true,true,true,true,0,LABELED,0,,,0,1,LABELED,0,,,true,true,true
1864,2025-06-01T00:00:00.000000,8410,2025-06-06T15:53:45.000000,no_response,,8,2026-06-28T20:04:00.000000,0,true,true,true,true,0,LABELED,0,,,0,1,LABELED,0,,,true,true,true
1865,2026-05-14T00:00:00.000000,8415,2026-05-23T08:00:37.000000,accepted,,2,2026-05-26T14:04:32.000000,0,true,true,true,true,0,LABELED,0,,,0,0,LABELED,0,,,true,true,false
1866,2025-01-10T00:00:00.000000,8416,2025-08-15T09:52:00.000000,rejected,21.2,1,2025-08-15T09:52:00.000000,0,true,true,true,true,0,LABELED,0,,,0,0,LABELED,0,,,true,true,true
1867,2025-01-15T00:00:00.000000,8422,2025-01-18T15:45:28.000000,rejected,,8,2026-03-12T15:57:00.000000,0,true,true,true,true,0,LABELED,0,,,0,0,LABELED,0,,,true,true,true
1868,2025-09-23T00:00:00.000000,8427,2025-09-24T09:44:30.000000,rejected,6.1,4,2026-04-12T16:12:00.000000,0,true,true,true,true,0,LABELED,0,,,0,0,LABELED,0,,,true,true,true
1869,2025-08-27T00:00:00.000000,8429,2025-08-31T16:30:03.000000,rejected,0.6,5,2026-05-31T16:09:00.000000,0,true,true,true,true,0,LABELED,0,,,0,1,LABELED,0,,,true,true,true
1870,2026-03-13T00:00:00.000000,8434,2026-03-19T10:07:44.000000,accepted,13.2,1,2026-03-19T10:07:44.000000,0,true,true,true,true,0,LABELED,0,,,0,0,LABELED,0,,,true,true,true
1871,2025-02-07T00:00:00.000000,8437,2025-02-07T14:07:41.000000,accepted,31.8,5,2026-01-01T16:06:00.000000,0,true,true,true,true,0,LABELED,0,,,0,1,LABELED,0,,,true,true,true
1872,2025-10-26T00:00:00.000000,8441,2025-10-31T08:31:55.000000,accepted,,3,2025-11-07T14:22:54.000000,0,true,true,true,true,0,LABELED,0,,,0,0,LABELED,0,,,true,true,true
1873,2025-08-21T00:00:00.000000,8443,2025-08-21T20:26:41.000000,no_response,4.8,7,2026-02-23T08:28:00.000000,0,true,true,true,true,0,LABELED,0,,,0,0,LABELED,0,,,true,true,true
1874,2025-10-21T00:00:00.000000,8450,2025-11-01T20:49:00.000000,no_response,18.7,1,2025-11-01T20:49:00.000000,0,true,true,true,true,0,LABELED,0,,,0,0,LABELED,0,,,true,true,true
1875,2025-04-15T00:00:00.000000,8453,2025-04-20T10:37:21.000000,accepted,,3,2026-04-26T20:04:00.000000,0,true,true,true,true,0,LABELED,0,,,0,0,LABELED,0,,,true,true,true
1876,2026-05-22T00:00:00.000000,8455,2026-05-23T09:08:46.000000,accepted,,6,2026-05-31T11:42:25.000000,0,true,true,true,true,0,LABELED,1,8459,2026-05-24T00:06:28.000Z,0,3,LABELED,1,8454,2026-05-23T11:45:26.000000,true,true,false
1877,2026-05-17T00:00:00.000000,8460,2026-05-19T18:05:53.000000,rejected,,3,2026-05-30T14:01:28.000000,0,true,true,true,true,0,LABELED,0,,,0,0,LABELED,0,,,true,true,false
1878,2025-11-09T00:00:00.000000,8464,2025-11-11T10:07:27.000000,accepted,1.7,5,2026-04-30T08:52:00.000000,0,true,true,true,true,0,AMBIGUOUS,,,,1,0,LABELED,1,8466,2025-11-19T07:10:46.000000,true,true,true
1879,2025-06-20T00:00:00.000000,8471,2025-06-20T17:51:06.000000,no_response,1.1,4,2025-12-26T18:44:00.000000,0,true,true,true,true,0,LABELED,0,,,0,1,LABELED,0,,,true,true,true
1880,2025-06-06T00:00:00.000000,8473,2025-06-06T19:52:09.000000,scheduled_visit,37.5,5,2026-03-07T10:31:00.000000,1,true,true,true,true,1,LABELED,1,8473,2025-06-08T09:22:09.000Z,0,2,LABELED,1,8473,2025-06-06T19:52:09.000000,true,true,true
1881,2026-03-12T00:00:00.000000,8477,2026-03-13T15:25:03.000000,scheduled_visit,5.1,1,2026-03-13T15:25:03.000000,1,true,true,true,true,1,LABELED,1,8477,2026-03-13T20:31:03.000Z,0,1,LABELED,1,8477,2026-03-13T15:25:03.000000,true,true,true
1882,2025-04-08T00:00:00.000000,8478,2026-04-19T13:30:00.000000,scheduled_visit,6.7,2,2026-06-28T07:19:00.000000,1,true,true,true,true,1,LABELED,1,8478,2026-04-19T20:12:00.000Z,0,1,LABELED,1,8478,2026-04-19T13:30:00.000000,true,true,true
1883,2025-07-24T00:00:00.000000,8480,2025-07-29T08:32:17.000000,no_response,6.6,3,2026-06-25T13:10:00.000000,0,true,true,true,true,0,LABELED,0,,,0,0,LABELED,0,,,true,true,true
1884,2025-03-04T00:00:00.000000,8485,2025-03-06T11:46:16.000000,no_response,8.8,5,2026-06-08T15:56:00.000000,0,true,true,true,true,0,LABELED,0,,,0,1,LABELED,0,,,true,true,true
1885,2025-10-17T00:00:00.000000,8488,2025-10-25T15:23:00.000000,accepted,7.7,3,2025-11-03T09:15:00.000000,0,true,true,true,true,0,LABELED,0,,,0,0,LABELED,0,,,true,true,true
1886,2025-09-05T00:00:00.000000,8491,2025-09-17T11:33:28.000000,accepted,3.3,4,2026-03-18T18:06:00.000000,0,true,true,true,true,0,LABELED,0,,,0,2,LABELED,0,,,true,true,true
1887,2026-01-05T00:00:00.000000,8497,2026-01-10T15:16:17.000000,no_response,30.7,3,2026-05-28T17:07:00.000000,0,true,true,true,true,0,LABELED,1,8496,2026-01-18T19:19:31.000Z,0,1,LABELED,1,8496,2026-01-18T09:13:31.000000,true,true,true
1888,2026-04-07T00:00:00.000000,8499,2026-04-10T17:04:27.000000,accepted,16.8,2,2026-04-19T18:42:43.000000,0,true,true,true,true,0,LABELED,0,,,0,0,LABELED,0,,,true,true,true
1889,2026-01-02T00:00:00.000000,8500,2026-01-27T14:57:00.000000,no_response,31.7,1,2026-01-27T14:57:00.000000,0,true,true,true,true,0,LABELED,0,,,0,0,LABELED,0,,,true,true,true
1890,2025-01-22T00:00:00.000000,8505,2025-01-31T13:42:33.000000,accepted,4.5,8,2025-11-22T20:47:00.000000,0,true,true,true,true,0,LABELED,1,8506,2025-02-01T12:23:03.000Z,0,1,LABELED,1,8506,2025-02-01T09:59:03.000000,true,true,true
1891,2026-04-10T00:00:00.000000,8509,2026-04-17T15:42:07.000000,accepted,4.2,2,2026-04-19T15:32:24.000000,0,true,true,true,true,0,LABELED,0,,,0,0,LABELED,0,,,true,true,true
1892,2025-05-09T00:00:00.000000,8515,2025-05-10T15:33:42.000000,accepted,12.2,5,2026-01-18T14:46:00.000000,0,true,true,true,true,0,LABELED,0,,,0,0,LABELED,0,,,true,true,true
1893,2025-06-23T00:00:00.000000,8516,2025-07-04T17:11:26.000000,accepted,,2,2026-05-18T13:25:00.000000,0,true,true,true,true,0,LABELED,0,,,0,0,LABELED,0,,,true,true,true
1894,2025-09-11T00:00:00.000000,8518,2025-09-17T07:26:15.000000,rejected,5.9,6,2026-05-07T08:32:00.000000,0,true,true,true,true,0,LABELED,0,,,0,0,LABELED,0,,,true,true,true
1895,2025-09-24T00:00:00.000000,8525,2025-09-26T14:22:38.000000,accepted,20.7,8,2026-06-07T12:13:00.000000,0,true,true,true,true,0,LABELED,1,8526,2025-09-28T20:52:35.000Z,0,1,LABELED,1,8526,2025-09-28T15:34:35.000000,true,true,true
1896,2026-04-16T00:00:00.000000,8535,2026-04-20T16:56:07.000000,scheduled_visit,21.3,5,2026-04-29T11:00:35.000000,1,true,true,true,true,1,LABELED,1,8535,2026-04-21T14:14:07.000Z,0,3,LABELED,1,8535,2026-04-20T16:56:07.000000,true,true,true
1897,2026-04-01T00:00:00.000000,8537,2026-04-01T14:03:28.000000,no_response,,8,2026-04-19T15:53:00.000000,0,true,true,true,true,0,LABELED,1,8540,2026-04-03T18:26:46.000Z,0,1,LABELED,1,8540,2026-04-03T11:20:46.000000,true,true,true
1898,2025-03-25T00:00:00.000000,8549,2025-03-26T20:51:03.000000,no_response,25.2,8,2025-11-15T10:34:00.000000,0,true,true,true,true,0,LABELED,1,8552,2025-04-05T10:04:51.000Z,0,1,LABELED,1,8552,2025-04-04T16:16:51.000000,true,true,true
1899,2025-06-25T00:00:00.000000,8555,2025-07-02T09:45:18.000000,accepted,11.3,3,2026-04-16T18:05:00.000000,0,true,true,true,true,0,LABELED,0,,,0,0,LABELED,0,,,true,true,true
1900,2025-10-06T00:00:00.000000,8561,2025-10-12T16:06:39.000000,scheduled_visit,12.6,6,2026-02-02T20:36:00.000000,1,true,true,true,true,1,LABELED,1,8561,2025-10-13T04:42:39.000Z,0,1,LABELED,1,8561,2025-10-12T16:06:39.000000,true,true,true
1901,2025-04-25T00:00:00.000000,8566,2025-04-27T08:08:21.000000,rejected,3,6,2026-02-25T15:31:00.000000,0,true,true,true,true,0,LABELED,1,8564,2025-05-22T10:13:00.000Z,0,1,LABELED,1,8564,2025-05-21T13:55:00.000000,true,true,true
1902,2025-07-01T00:00:00.000000,8574,2025-07-08T17:52:26.000000,rejected,1.2,7,2026-06-17T08:45:00.000000,0,true,true,true,true,0,LABELED,0,,,0,0,LABELED,0,,,true,true,true
1903,2025-06-01T00:00:00.000000,8575,2025-06-10T14:45:40.000000,accepted,13.5,1,2025-06-10T14:45:40.000000,0,true,true,true,true,0,LABELED,0,,,0,0,LABELED,0,,,true,true,true
1904,2025-06-23T00:00:00.000000,8577,2025-06-24T20:16:01.000000,scheduled_visit,20.2,5,2026-05-08T13:38:00.000000,1,true,true,true,true,1,LABELED,1,8577,2025-06-25T16:28:01.000Z,0,2,LABELED,1,8577,2025-06-24T20:16:01.000000,true,true,true
1905,2025-06-30T00:00:00.000000,8582,2025-07-03T15:29:00.000000,no_response,20.1,6,2026-03-05T11:32:00.000000,0,true,true,true,true,0,LABELED,1,8584,2025-07-07T17:11:43.000Z,0,4,LABELED,1,8584,2025-07-07T07:05:43.000000,true,true,true
1906,2026-01-31T00:00:00.000000,8587,2026-02-09T10:15:28.000000,no_response,22.8,1,2026-02-09T10:15:28.000000,0,true,true,true,true,0,LABELED,0,,,0,0,LABELED,0,,,true,true,true
1907,2025-03-28T00:00:00.000000,8589,2025-04-25T17:09:00.000000,accepted,22.7,2,2026-06-20T10:30:00.000000,0,true,true,true,true,0,LABELED,0,,,0,0,LABELED,0,,,true,true,true
1908,2026-04-10T00:00:00.000000,8591,2026-04-13T08:53:43.000000,accepted,25,6,2026-06-10T17:47:00.000000,0,true,true,true,true,0,LABELED,1,8593,2026-04-15T21:21:30.000Z,0,2,LABELED,1,8593,2026-04-15T12:15:30.000000,true,true,true
1909,2025-04-10T00:00:00.000000,8596,2025-04-20T20:08:13.000000,accepted,3,3,2025-04-23T13:20:00.000000,0,true,true,true,true,0,LABELED,1,8597,2025-04-21T15:07:30.000Z,0,2,LABELED,1,8597,2025-04-21T10:13:30.000000,true,true,true
1910,2026-04-20T00:00:00.000000,8599,2026-05-02T20:11:38.000000,no_response,5.7,1,2026-05-02T20:11:38.000000,0,true,true,true,true,0,LABELED,0,,,0,0,LABELED,0,,,true,true,true
1911,2025-01-29T00:00:00.000000,8600,2025-02-07T08:56:00.000000,scheduled_visit,0.8,8,2026-05-22T14:35:00.000000,1,true,true,true,true,1,LABELED,1,8600,2025-02-07T09:44:00.000Z,0,1,LABELED,1,8600,2025-02-07T08:56:00.000000,true,true,true
1912,2026-05-28T00:00:00.000000,8610,2026-05-31T11:42:00.000000,no_response,7,4,2026-06-07T15:47:28.000000,0,true,true,true,true,0,LABELED,1,8609,2026-06-08T20:29:28.000Z,0,1,CENSORED,,,,true,false,false
1913,2025-05-02T00:00:00.000000,8616,2025-05-10T09:42:21.000000,rejected,7.4,6,2026-04-04T18:58:00.000000,0,true,true,true,true,0,LABELED,1,8617,2025-05-15T23:10:06.000Z,0,1,LABELED,1,8617,2025-05-15T12:10:06.000000,true,true,true
1914,2025-01-06T00:00:00.000000,8619,2025-01-16T20:38:57.000000,accepted,45.4,3,2025-06-23T17:38:00.000000,0,true,true,true,true,0,LABELED,0,,,0,0,LABELED,0,,,true,true,true
1915,2026-05-11T00:00:00.000000,8621,2026-05-12T20:37:40.000000,rejected,2.9,7,2026-05-22T16:25:51.000000,0,true,true,true,true,0,LABELED,1,8625,2026-05-18T03:52:22.000Z,0,2,LABELED,1,8625,2026-05-17T16:46:22.000000,true,true,true
1916,2025-03-05T00:00:00.000000,8630,2025-03-08T10:40:16.000000,accepted,25.9,4,2025-10-27T09:11:00.000000,0,true,true,true,true,0,LABELED,0,,,0,1,LABELED,0,,,true,true,true
1917,2025-11-30T00:00:00.000000,8635,2025-12-05T13:54:30.000000,rejected,3.9,6,2026-01-08T18:07:00.000000,0,true,true,true,true,0,LABELED,0,,,0,0,LABELED,0,,,true,true,true
1918,2026-02-09T00:00:00.000000,8640,2026-02-17T07:43:14.000000,no_response,1.8,3,2026-02-21T09:13:03.000000,0,true,true,true,true,0,LABELED,0,,,0,0,LABELED,0,,,true,true,true
1919,2025-06-30T00:00:00.000000,8642,2025-07-07T13:44:25.000000,accepted,4.5,7,2026-01-01T08:27:00.000000,0,true,true,true,true,0,LABELED,0,,,0,1,LABELED,0,,,true,true,true
1920,2026-04-30T00:00:00.000000,8650,2026-05-04T10:01:49.000000,scheduled_visit,2.2,5,2026-05-13T19:14:21.000000,1,true,true,true,true,1,LABELED,1,8650,2026-05-04T12:13:49.000Z,0,1,LABELED,1,8650,2026-05-04T10:01:49.000000,true,true,true
1921,2026-03-13T00:00:00.000000,8656,2026-03-13T11:03:38.000000,accepted,,8,2026-05-31T12:25:00.000000,0,true,true,true,true,0,LABELED,0,,,0,1,LABELED,0,,,true,true,true
1922,2025-01-18T00:00:00.000000,8661,2025-01-21T17:25:36.000000,accepted,4.7,3,2026-05-30T12:47:00.000000,0,true,true,true,true,0,LABELED,1,8662,2025-01-30T00:20:36.000Z,0,1,LABELED,1,8662,2025-01-29T18:38:36.000000,true,true,true
1923,2025-11-24T00:00:00.000000,8667,2025-11-24T19:56:12.000000,no_response,6.4,6,2026-02-21T14:06:00.000000,0,true,true,true,true,0,LABELED,1,8665,2025-11-27T13:30:55.000Z,0,1,LABELED,1,8665,2025-11-26T16:42:55.000000,true,true,true
1924,2025-12-23T00:00:00.000000,8671,2025-12-23T16:32:30.000000,rejected,4.6,3,2026-03-14T10:17:00.000000,0,true,true,true,true,0,LABELED,0,,,0,0,LABELED,0,,,true,true,true
1925,2025-04-12T00:00:00.000000,8673,2025-04-23T08:26:05.000000,scheduled_visit,,1,2025-04-23T08:26:05.000000,1,true,true,true,true,1,AMBIGUOUS,,,,1,0,LABELED,1,8673,2025-04-23T08:26:05.000000,true,true,true
1926,2026-03-29T00:00:00.000000,8675,2026-04-02T20:56:17.000000,accepted,0.5,3,2026-04-10T16:22:38.000000,0,true,true,true,true,0,LABELED,0,,,0,0,LABELED,0,,,true,true,true
1927,2025-12-06T00:00:00.000000,8681,2025-12-16T16:36:09.000000,accepted,3.7,6,2026-02-28T08:19:00.000000,0,true,true,true,true,0,LABELED,0,,,0,1,LABELED,0,,,true,true,true
1928,2025-11-09T00:00:00.000000,8683,2025-11-10T08:36:57.000000,accepted,,6,2025-11-19T20:35:06.000000,0,true,true,true,true,0,LABELED,0,,,0,0,LABELED,0,,,true,true,true
1929,2026-05-26T00:00:00.000000,8695,2026-05-28T20:41:12.000000,accepted,16.4,7,2026-06-08T20:05:58.000000,0,true,true,true,true,0,LABELED,1,8694,2026-05-30T21:28:52.000Z,0,1,LABELED,1,8694,2026-05-30T11:10:52.000000,true,true,false
1930,2026-01-10T00:00:00.000000,8696,2026-01-12T11:52:43.000000,rejected,,2,2026-01-22T10:09:46.000000,0,true,true,true,true,0,LABELED,0,,,0,0,LABELED,0,,,true,true,true
1931,2025-02-11T00:00:00.000000,8698,2025-02-15T09:51:51.000000,rejected,2.4,3,2026-03-24T20:31:00.000000,0,true,true,true,true,0,LABELED,0,,,0,0,LABELED,0,,,true,true,true
1932,2026-03-01T00:00:00.000000,8701,2026-03-07T20:58:35.000000,scheduled_visit,1.3,1,2026-03-07T20:58:35.000000,1,true,true,true,true,1,LABELED,1,8701,2026-03-07T22:16:35.000Z,0,1,LABELED,1,8701,2026-03-07T20:58:35.000000,true,true,true
1933,2026-06-25T00:00:00.000000,8703,2026-06-27T15:37:45.000000,accepted,2.2,2,2026-07-03T12:27:43.000000,0,true,true,false,true,0,CENSORED,,,,0,0,CENSORED,,,,false,false,false
1934,2025-10-23T00:00:00.000000,8710,2025-10-24T14:20:08.000000,rejected,0.5,7,2025-11-05T14:09:31.000000,0,true,true,true,true,0,LABELED,1,8706,2025-10-31T13:55:56.000Z,1,1,LABELED,1,8707,2025-10-27T10:13:43.000000,true,true,true
1935,2025-08-20T00:00:00.000000,8712,2025-08-31T17:57:08.000000,no_response,4.9,2,2026-05-21T19:13:00.000000,0,true,true,true,true,0,LABELED,0,,,0,0,LABELED,0,,,true,true,true
1936,2025-03-10T00:00:00.000000,8714,2025-03-20T10:30:26.000000,accepted,5.7,2,2025-03-20T18:18:20.000000,0,true,true,true,true,0,LABELED,0,,,0,0,LABELED,0,,,true,true,true
1937,2025-09-24T00:00:00.000000,8717,2025-09-25T18:12:24.000000,accepted,1.4,3,2025-09-30T15:40:49.000000,0,true,true,true,true,0,LABELED,1,8716,2025-09-30T19:28:49.000Z,0,1,LABELED,1,8716,2025-09-30T15:40:49.000000,true,true,true
1938,2025-01-17T00:00:00.000000,8720,2025-02-09T08:56:00.000000,accepted,5.9,4,2025-12-15T09:09:00.000000,0,true,true,true,true,0,LABELED,0,,,0,0,LABELED,0,,,true,true,true
1939,2025-01-13T00:00:00.000000,8723,2025-01-26T09:16:50.000000,scheduled_visit,10.3,5,2026-04-01T12:40:00.000000,1,true,true,true,true,1,LABELED,1,8723,2025-01-26T19:34:50.000Z,0,2,LABELED,1,8723,2025-01-26T09:16:50.000000,true,true,true
1940,2025-03-21T00:00:00.000000,8727,2025-03-22T10:15:03.000000,accepted,32.5,6,2026-06-20T11:18:00.000000,0,true,true,true,true,0,LABELED,0,,,0,0,LABELED,0,,,true,true,true
1941,2025-05-25T00:00:00.000000,8733,2025-08-21T10:26:00.000000,accepted,3,2,2025-10-25T11:16:00.000000,0,true,true,true,true,0,LABELED,0,,,0,0,LABELED,0,,,true,true,true
1942,2025-12-07T00:00:00.000000,8736,2025-12-10T11:49:05.000000,rejected,3.5,8,2026-05-09T13:57:00.000000,0,true,true,true,true,0,LABELED,1,8739,2025-12-19T03:14:14.000Z,0,2,LABELED,1,8739,2025-12-18T07:20:14.000000,true,true,true
1943,2025-07-25T00:00:00.000000,8747,2025-07-31T12:36:32.000000,rejected,33.5,7,2026-06-16T19:54:00.000000,0,true,true,true,true,0,LABELED,0,,,0,0,LABELED,0,,,true,true,true
1944,2026-02-18T00:00:00.000000,8753,2026-02-18T13:22:40.000000,scheduled_visit,27.8,7,2026-03-02T15:03:57.000000,1,true,true,true,true,1,LABELED,1,8753,2026-02-19T17:10:40.000Z,0,2,LABELED,1,8753,2026-02-18T13:22:40.000000,true,true,true
1945,2026-06-13T00:00:00.000000,8758,2026-06-18T19:53:08.000000,scheduled_visit,52.4,6,2026-06-25T15:41:36.000000,1,true,true,false,true,1,CENSORED,,,,0,0,CENSORED,,,,false,false,false
1946,2026-03-18T00:00:00.000000,8763,2026-03-23T20:18:04.000000,accepted,11.7,1,2026-03-23T20:18:04.000000,0,true,true,true,true,0,LABELED,0,,,0,0,LABELED,0,,,true,true,true
1947,2026-02-08T00:00:00.000000,8767,2026-02-10T12:01:41.000000,no_response,8.7,7,2026-06-08T16:10:00.000000,0,true,true,true,true,0,LABELED,1,8764,2026-02-19T05:28:57.000Z,0,1,LABELED,1,8764,2026-02-18T18:10:57.000000,true,true,true
1948,2025-11-10T00:00:00.000000,8772,2025-11-13T16:35:04.000000,no_response,4.2,2,2025-11-21T17:33:31.000000,0,true,true,true,true,0,LABELED,1,8771,2025-11-22T01:15:31.000Z,0,1,LABELED,1,8771,2025-11-21T17:33:31.000000,true,true,true
1949,2026-05-28T00:00:00.000000,8776,2026-05-28T19:37:59.000000,no_response,16.4,8,2026-06-08T19:55:46.000000,0,true,true,true,true,0,LABELED,1,8773,2026-06-01T18:28:31.000Z,0,2,LABELED,1,8773,2026-06-01T11:40:31.000000,true,true,false
1950,2025-04-29T00:00:00.000000,8782,2025-05-06T10:52:05.000000,no_response,,4,2026-05-10T12:24:00.000000,0,true,true,true,true,0,LABELED,1,8781,2025-05-13T05:07:43.000Z,0,1,LABELED,1,8781,2025-05-12T11:43:43.000000,true,true,true
1951,2026-02-04T00:00:00.000000,8785,2026-02-10T13:12:42.000000,rejected,3,3,2026-02-17T16:18:44.000000,0,true,true,true,true,0,LABELED,0,,,0,0,LABELED,0,,,true,true,true
1952,2026-05-01T00:00:00.000000,8792,2026-05-01T08:41:58.000000,scheduled_visit,8.9,6,2026-06-17T19:43:00.000000,1,true,true,true,true,1,LABELED,1,8792,2026-05-01T17:35:58.000Z,0,2,LABELED,1,8792,2026-05-01T08:41:58.000000,true,true,true
1953,2026-04-08T00:00:00.000000,8801,2026-04-08T08:44:10.000000,rejected,7.8,8,2026-04-21T14:37:41.000000,0,true,true,true,true,0,LABELED,1,8795,2026-04-14T06:49:08.000Z,0,3,LABELED,1,8795,2026-04-12T16:37:08.000000,true,true,true
1954,2025-06-10T00:00:00.000000,8802,2026-03-16T10:09:00.000000,scheduled_visit,0.7,1,2026-03-16T10:09:00.000000,1,true,true,true,true,1,LABELED,1,8802,2026-03-16T10:51:00.000Z,0,1,LABELED,1,8802,2026-03-16T10:09:00.000000,true,true,true
1955,2025-01-17T00:00:00.000000,8803,2025-01-18T07:26:48.000000,accepted,4.5,8,2026-04-04T15:37:00.000000,0,true,true,true,true,0,LABELED,0,,,0,1,LABELED,0,,,true,true,true
1956,2026-04-24T00:00:00.000000,8813,2026-04-28T08:10:01.000000,accepted,3.9,5,2026-05-04T18:02:00.000000,0,true,true,true,true,0,LABELED,1,8815,2026-05-04T18:16:13.000Z,0,1,LABELED,1,8815,2026-05-04T09:22:13.000000,true,true,true
1957,2026-04-17T00:00:00.000000,8817,2026-04-19T20:33:43.000000,no_response,14.3,3,2026-04-25T17:53:20.000000,0,true,true,true,true,0,LABELED,1,8816,2026-04-23T18:17:13.000Z,0,1,LABELED,1,8816,2026-04-22T11:41:13.000000,true,true,true
1958,2025-12-12T00:00:00.000000,8823,2025-12-12T07:39:34.000000,rejected,51.1,7,2026-06-24T08:21:00.000000,0,true,true,true,true,0,LABELED,1,8822,2025-12-20T00:42:03.000Z,0,2,LABELED,1,8822,2025-12-19T11:06:03.000000,true,true,true
1959,2026-03-20T00:00:00.000000,8826,2026-03-24T18:12:04.000000,rejected,10.1,4,2026-04-02T20:20:17.000000,0,true,true,true,true,0,LABELED,1,8828,2026-04-01T00:00:26.000Z,0,1,LABELED,1,8828,2026-03-30T08:18:26.000000,true,true,true
1960,2025-10-21T00:00:00.000000,8832,2025-10-22T15:10:50.000000,rejected,38.8,6,2026-01-12T12:05:00.000000,0,true,true,true,true,0,LABELED,0,,,0,0,LABELED,0,,,true,true,true
1961,2025-11-21T00:00:00.000000,8838,2025-11-23T15:11:41.000000,accepted,32.7,6,2026-03-24T18:34:00.000000,0,true,true,true,true,0,LABELED,0,,,0,0,LABELED,0,,,true,true,true
1962,2025-05-17T00:00:00.000000,8842,2025-06-19T12:07:00.000000,scheduled_visit,2.2,5,2026-03-10T08:54:00.000000,1,true,true,true,true,1,LABELED,1,8842,2025-06-19T14:19:00.000Z,0,1,LABELED,1,8842,2025-06-19T12:07:00.000000,true,true,true
1963,2026-01-19T00:00:00.000000,8847,2026-01-23T19:35:31.000000,no_response,4.3,4,2026-01-31T09:54:28.000000,0,true,true,true,true,0,LABELED,0,,,0,0,LABELED,0,,,true,true,true
1964,2026-03-17T00:00:00.000000,8851,2026-04-03T10:58:00.000000,rejected,7.8,1,2026-04-03T10:58:00.000000,0,true,true,true,true,0,LABELED,0,,,0,0,LABELED,0,,,true,true,true
1965,2026-02-26T00:00:00.000000,8855,2026-02-26T07:47:23.000000,accepted,25.7,4,2026-03-07T07:17:43.000000,0,true,true,true,true,0,LABELED,0,,,0,0,LABELED,0,,,true,true,true
1966,2025-01-14T00:00:00.000000,8856,2025-01-20T13:56:14.000000,accepted,11.6,5,2026-01-07T12:36:00.000000,0,true,true,true,true,0,LABELED,0,,,0,3,LABELED,0,,,true,true,true
1967,2025-01-28T00:00:00.000000,8861,2025-01-31T18:13:49.000000,no_response,,5,2026-06-02T12:22:00.000000,0,true,true,true,true,0,LABELED,0,,,0,1,LABELED,0,,,true,true,true
1968,2026-04-06T00:00:00.000000,8866,2026-04-06T15:13:17.000000,scheduled_visit,7,3,2026-04-17T19:05:09.000000,1,true,true,true,true,1,LABELED,1,8866,2026-04-06T22:13:17.000Z,0,1,LABELED,1,8866,2026-04-06T15:13:17.000000,true,true,true
1969,2025-05-16T00:00:00.000000,8869,2025-06-09T15:34:00.000000,no_response,3.2,4,2025-11-05T16:42:00.000000,0,true,true,true,true,0,LABELED,0,,,0,1,LABELED,0,,,true,true,true
1970,2025-12-14T00:00:00.000000,8873,2025-12-14T17:10:23.000000,rejected,25.6,1,2025-12-14T17:10:23.000000,0,true,true,true,true,0,LABELED,0,,,0,0,LABELED,0,,,true,true,true
1971,2026-05-28T00:00:00.000000,8879,2026-05-28T13:10:35.000000,no_response,,6,2026-06-10T20:15:52.000000,0,true,true,true,true,0,LABELED,1,8876,2026-05-30T00:48:03.000Z,0,1,LABELED,1,8876,2026-05-28T16:48:03.000000,true,true,false
1972,2025-10-10T00:00:00.000000,8884,2025-10-15T13:29:41.000000,accepted,19,5,2026-05-17T19:24:00.000000,0,true,true,true,true,0,LABELED,0,,,0,1,LABELED,0,,,true,true,true
1973,2025-06-13T00:00:00.000000,8885,2025-07-17T13:28:00.000000,accepted,9.6,1,2025-07-17T13:28:00.000000,0,true,true,true,true,0,LABELED,0,,,0,0,LABELED,0,,,true,true,true
1974,2026-06-09T00:00:00.000000,8886,2026-06-14T09:52:02.000000,no_response,13.6,5,2026-06-22T09:33:37.000000,0,true,true,false,true,0,CENSORED,,,,0,0,CENSORED,,,,false,false,false
1975,2025-02-26T00:00:00.000000,8891,2026-04-09T09:10:00.000000,accepted,22.1,1,2026-04-09T09:10:00.000000,0,true,true,true,true,0,LABELED,0,,,0,0,LABELED,0,,,true,true,true
1976,2025-09-21T00:00:00.000000,8892,2025-09-21T14:56:52.000000,rejected,0.5,4,2025-10-02T17:23:33.000000,0,true,true,true,true,0,LABELED,0,,,0,0,LABELED,0,,,true,true,true
1977,2026-01-08T00:00:00.000000,8896,2026-01-11T08:05:49.000000,accepted,13.9,8,2026-04-17T11:27:00.000000,0,true,true,true,true,0,LABELED,0,,,0,1,LABELED,0,,,true,true,true
1978,2025-01-14T00:00:00.000000,8906,2025-01-17T10:35:26.000000,rejected,6,6,2026-03-06T11:00:00.000000,0,true,true,true,true,0,LABELED,0,,,0,0,LABELED,0,,,true,true,true
1979,2025-07-28T00:00:00.000000,8910,2025-07-31T10:26:25.000000,accepted,27.3,8,2026-05-28T10:17:00.000000,0,true,true,true,true,0,LABELED,0,,,0,1,LABELED,0,,,true,true,true
1980,2025-02-19T00:00:00.000000,8918,2026-04-12T20:33:00.000000,accepted,8,1,2026-04-12T20:33:00.000000,0,true,true,true,true,0,LABELED,0,,,0,0,LABELED,0,,,true,true,true
1981,2026-03-27T00:00:00.000000,8921,2026-03-30T15:37:22.000000,scheduled_visit,4.7,5,2026-04-08T19:05:10.000000,1,true,true,true,true,1,LABELED,1,8921,2026-03-30T20:19:22.000Z,0,2,LABELED,1,8921,2026-03-30T15:37:22.000000,true,true,true
1982,2025-08-25T00:00:00.000000,8927,2025-08-25T09:15:54.000000,accepted,6,7,2025-10-12T11:08:00.000000,0,true,true,true,true,0,LABELED,1,8925,2025-09-03T11:26:43.000Z,0,2,LABELED,1,8925,2025-09-02T09:02:43.000000,true,true,true
1983,2025-11-12T00:00:00.000000,8933,2025-12-10T15:01:00.000000,accepted,9.7,3,2026-05-31T19:50:00.000000,0,true,true,true,true,0,LABELED,0,,,0,0,LABELED,0,,,true,true,true
1984,2026-06-01T00:00:00.000000,8934,2026-06-08T08:34:08.000000,accepted,14.8,5,2026-06-14T19:36:48.000000,0,true,true,true,true,0,LABELED,0,,,0,0,CENSORED,,,,false,false,false
1985,2026-06-26T00:00:00.000000,8940,2026-06-27T15:16:25.000000,accepted,4.7,6,2026-07-09T07:04:33.000000,0,true,true,false,true,0,CENSORED,,,,0,0,CENSORED,,,,false,false,false
1986,2025-01-23T00:00:00.000000,8947,2025-01-26T12:11:01.000000,accepted,,8,2026-06-14T15:27:00.000000,0,true,true,true,true,0,LABELED,1,8951,2025-02-05T04:05:29.000Z,0,2,LABELED,1,8951,2025-02-04T13:53:29.000000,true,true,true
1987,2026-01-26T00:00:00.000000,8953,2026-02-02T12:04:47.000000,rejected,,2,2026-02-03T15:59:12.000000,0,true,true,true,true,0,LABELED,0,,,0,0,LABELED,0,,,true,true,true
1988,2025-01-15T00:00:00.000000,8955,2025-01-25T11:58:23.000000,accepted,9.8,3,2025-10-13T08:02:00.000000,0,true,true,true,true,0,LABELED,0,,,0,1,LABELED,0,,,true,true,true
1989,2025-12-21T00:00:00.000000,8962,2025-12-22T13:22:51.000000,accepted,,7,2026-06-08T07:16:00.000000,0,true,true,true,true,0,LABELED,0,,,0,0,LABELED,0,,,true,true,true
1990,2026-06-22T00:00:00.000000,8972,2026-06-22T10:29:04.000000,scheduled_visit,6.9,8,2026-07-02T09:45:53.000000,1,true,true,false,true,1,CENSORED,,,,0,0,CENSORED,,,,false,false,false
1991,2025-09-27T00:00:00.000000,8976,2025-10-01T15:01:10.000000,scheduled_visit,,8,2026-04-11T16:37:00.000000,1,true,true,true,true,1,AMBIGUOUS,,,,1,0,LABELED,1,8976,2025-10-01T15:01:10.000000,true,true,true
1992,2025-12-25T00:00:00.000000,8982,2025-12-28T17:25:33.000000,accepted,8.6,3,2026-01-03T18:51:28.000000,0,true,true,true,true,0,LABELED,1,8983,2026-01-05T03:00:41.000Z,0,1,LABELED,1,8983,2026-01-03T12:00:41.000000,true,true,true
1993,2025-02-05T00:00:00.000000,8985,2025-03-19T20:29:00.000000,accepted,16.7,2,2025-10-26T07:15:00.000000,0,true,true,true,true,0,LABELED,0,,,0,0,LABELED,0,,,true,true,true
1994,2025-01-13T00:00:00.000000,8987,2025-09-27T20:11:00.000000,no_response,12.7,2,2026-02-03T07:28:00.000000,0,true,true,true,true,0,LABELED,0,,,0,0,LABELED,0,,,true,true,true
1995,2025-01-17T00:00:00.000000,8991,2025-01-18T15:42:32.000000,rejected,21,4,2026-03-03T14:04:00.000000,0,true,true,true,true,0,LABELED,0,,,0,0,LABELED,0,,,true,true,true
1996,2025-12-07T00:00:00.000000,8996,2025-12-11T09:12:52.000000,accepted,12.2,5,2026-02-01T16:17:00.000000,0,true,true,true,true,0,LABELED,1,8995,2025-12-20T18:56:10.000Z,0,1,LABELED,1,8995,2025-12-20T16:26:10.000000,true,true,true
1997,2026-02-13T00:00:00.000000,8997,2026-02-25T18:16:11.000000,no_response,13,1,2026-02-25T18:16:11.000000,0,true,true,true,true,0,LABELED,0,,,0,0,LABELED,0,,,true,true,true
1998,2025-10-21T00:00:00.000000,9002,2025-10-30T19:18:18.000000,no_response,1.6,6,2026-06-03T18:48:00.000000,0,true,true,true,true,0,LABELED,0,,,0,0,LABELED,0,,,true,true,true
1999,2026-02-20T00:00:00.000000,9009,2026-02-20T09:58:15.000000,scheduled_visit,7.2,8,2026-04-27T11:49:00.000000,1,true,true,true,true,1,LABELED,1,9009,2026-02-20T17:10:15.000Z,0,3,LABELED,1,9009,2026-02-20T09:58:15.000000,true,true,true
2000,2025-04-05T00:00:00.000000,9013,2025-04-08T15:10:08.000000,no_response,3,2,2026-06-16T07:59:00.000000,0,true,true,true,true,0,LABELED,0,,,0,0,LABELED,0,,,true,true,true
2001,2025-04-25T00:00:00.000000,9017,2025-05-02T12:25:51.000000,rejected,7.1,4,2026-06-04T13:40:00.000000,0,true,true,true,true,0,LABELED,0,,,0,0,LABELED,0,,,true,true,true
2002,2025-03-14T00:00:00.000000,9020,2025-03-17T17:12:16.000000,accepted,9.8,3,2025-03-25T11:21:59.000000,0,true,true,true,true,0,LABELED,0,,,0,0,LABELED,0,,,true,true,true
2003,2025-10-29T00:00:00.000000,9024,2025-11-01T20:20:36.000000,accepted,3.9,4,2025-11-09T19:07:34.000000,0,true,true,true,true,0,LABELED,1,9021,2025-11-06T12:02:15.000Z,0,2,LABELED,1,9021,2025-11-06T08:38:15.000000,true,true,true
2004,2025-07-21T00:00:00.000000,9025,2025-07-28T15:45:42.000000,no_response,1,2,2025-07-30T17:45:15.000000,0,true,true,true,true,0,AMBIGUOUS,,,,1,0,LABELED,1,9026,2025-07-30T17:45:15.000000,true,true,true
2005,2025-06-27T00:00:00.000000,9029,2025-06-27T10:37:50.000000,accepted,1,8,2026-06-08T14:52:00.000000,0,true,true,true,true,0,LABELED,0,,,0,1,LABELED,0,,,true,true,true
2006,2025-12-09T00:00:00.000000,9038,2025-12-13T20:46:59.000000,accepted,4.8,4,2026-03-01T20:38:00.000000,0,true,true,true,true,0,LABELED,0,,,0,0,LABELED,0,,,true,true,true
2007,2026-02-06T00:00:00.000000,9046,2026-02-07T17:14:53.000000,no_response,23.7,8,2026-03-03T16:22:00.000000,0,true,true,true,true,0,LABELED,0,,,0,0,LABELED,0,,,true,true,true
2008,2025-10-08T00:00:00.000000,9048,2025-10-15T07:22:24.000000,no_response,42.6,3,2025-10-20T08:56:00.000000,0,true,true,true,true,0,LABELED,0,,,0,0,LABELED,0,,,true,true,true
2009,2026-03-24T00:00:00.000000,9050,2026-03-25T08:30:01.000000,no_response,1.7,7,2026-04-06T19:06:07.000000,0,true,true,true,true,0,LABELED,0,,,0,0,LABELED,0,,,true,true,true
2010,2026-03-18T00:00:00.000000,9057,2026-03-27T18:19:39.000000,no_response,14.4,2,2026-03-28T10:57:45.000000,0,true,true,true,true,0,LABELED,0,,,0,0,LABELED,0,,,true,true,true
2011,2025-08-30T00:00:00.000000,9059,2026-06-27T07:25:00.000000,rejected,2.7,1,2026-06-27T07:25:00.000000,0,true,true,false,true,0,CENSORED,,,,0,0,CENSORED,,,,false,false,false
2012,2025-05-02T00:00:00.000000,9064,2025-05-03T15:56:57.000000,no_response,2,7,2026-05-31T16:54:00.000000,0,true,true,true,true,0,LABELED,0,,,0,0,LABELED,0,,,true,true,true
2013,2026-01-12T00:00:00.000000,9067,2026-01-13T19:00:02.000000,rejected,0.5,8,2026-04-12T12:49:00.000000,0,true,true,true,true,0,LABELED,1,9073,2026-01-24T01:01:41.000Z,0,1,LABELED,1,9073,2026-01-23T20:13:41.000000,true,true,true
2014,2025-11-17T00:00:00.000000,9078,2025-11-24T10:49:49.000000,accepted,7.1,5,2026-06-17T09:03:00.000000,0,true,true,true,true,0,LABELED,0,,,0,0,LABELED,0,,,true,true,true
2015,2025-07-17T00:00:00.000000,9081,2025-07-18T15:01:00.000000,scheduled_visit,10.5,2,2025-10-27T16:27:00.000000,1,true,true,true,true,1,LABELED,1,9081,2025-07-19T01:31:00.000Z,0,1,LABELED,1,9081,2025-07-18T15:01:00.000000,true,true,true
2016,2026-05-16T00:00:00.000000,9083,2026-05-20T09:02:13.000000,no_response,2.4,3,2026-05-22T10:02:52.000000,0,true,true,true,true,0,LABELED,0,,,0,0,LABELED,0,,,true,true,false
2017,2025-10-13T00:00:00.000000,9086,2025-10-19T15:14:03.000000,rejected,8.2,5,2025-12-11T14:03:00.000000,0,true,true,true,true,0,LABELED,1,9085,2025-10-23T22:53:48.000Z,0,1,LABELED,1,9085,2025-10-23T18:29:48.000000,true,true,true
2018,2025-04-18T00:00:00.000000,9093,2025-04-18T10:47:40.000000,rejected,,7,2026-06-14T20:19:00.000000,0,true,true,true,true,0,LABELED,0,,,0,0,LABELED,0,,,true,true,true
2019,2026-02-09T00:00:00.000000,9097,2026-02-13T17:06:45.000000,rejected,5.3,1,2026-02-13T17:06:45.000000,0,true,true,true,true,0,LABELED,0,,,0,0,LABELED,0,,,true,true,true
2020,2025-09-11T00:00:00.000000,9102,2025-09-13T18:04:48.000000,no_response,3,5,2026-04-05T08:40:00.000000,0,true,true,true,true,0,LABELED,0,,,0,0,LABELED,0,,,true,true,true
2021,2025-03-08T00:00:00.000000,9104,2025-03-20T09:08:34.000000,accepted,28.5,8,2026-05-31T20:00:00.000000,0,true,true,true,true,0,LABELED,0,,,0,0,LABELED,0,,,true,true,true
2022,2025-12-25T00:00:00.000000,9112,2025-12-28T07:52:03.000000,accepted,22.1,4,2026-01-07T19:38:39.000000,0,true,true,true,true,0,LABELED,1,9114,2025-12-31T11:20:05.000Z,0,2,LABELED,1,9114,2025-12-30T14:14:05.000000,true,true,true
2023,2025-01-10T00:00:00.000000,9115,2026-04-13T17:09:00.000000,accepted,17.5,1,2026-04-13T17:09:00.000000,0,true,true,true,true,0,LABELED,0,,,0,0,LABELED,0,,,true,true,true
2024,2026-01-02T00:00:00.000000,9116,2026-01-11T10:24:19.000000,rejected,25.9,2,2026-01-15T08:30:03.000000,0,true,true,true,true,0,LABELED,0,,,0,0,LABELED,0,,,true,true,true
2025,2025-12-19T00:00:00.000000,9122,2025-12-22T09:51:00.000000,no_response,58.3,5,2025-12-29T18:03:47.000000,0,true,true,true,true,0,LABELED,1,9118,2025-12-24T08:44:32.000Z,0,1,LABELED,1,9118,2025-12-23T13:20:32.000000,true,true,true
2026,2026-01-05T00:00:00.000000,9125,2026-01-07T07:57:27.000000,no_response,12.5,7,2026-01-23T13:17:00.000000,0,true,true,true,true,0,LABELED,0,,,0,0,LABELED,0,,,true,true,true
2027,2026-03-07T00:00:00.000000,9130,2026-03-12T16:22:12.000000,no_response,14.9,2,2026-03-25T15:05:00.000000,0,true,true,true,true,0,LABELED,0,,,0,0,LABELED,0,,,true,true,true
2028,2025-01-19T00:00:00.000000,9132,2025-09-10T12:15:00.000000,accepted,4.2,1,2025-09-10T12:15:00.000000,0,true,true,true,true,0,LABELED,0,,,0,0,LABELED,0,,,true,true,true
2029,2025-12-09T00:00:00.000000,9136,2025-12-10T14:22:47.000000,accepted,12.2,8,2026-03-23T16:41:00.000000,0,true,true,true,true,0,LABELED,1,9135,2025-12-15T06:56:13.000Z,0,1,LABELED,1,9135,2025-12-14T08:38:13.000000,true,true,true
2030,2025-12-21T00:00:00.000000,9141,2025-12-28T15:16:04.000000,accepted,0.5,5,2026-01-03T13:34:41.000000,0,true,true,true,true,0,LABELED,1,9143,2025-12-30T22:14:03.000Z,1,1,LABELED,1,9143,2025-12-29T16:32:03.000000,true,true,true
2031,2025-04-10T00:00:00.000000,9146,2025-07-19T07:06:00.000000,accepted,14.6,1,2025-07-19T07:06:00.000000,0,true,true,true,true,0,LABELED,0,,,0,0,LABELED,0,,,true,true,true
2032,2026-06-08T00:00:00.000000,9149,2026-06-14T07:09:46.000000,accepted,37.5,4,2026-06-19T12:54:46.000000,0,true,true,false,true,0,CENSORED,,,,0,0,CENSORED,,,,false,false,false
2033,2025-10-03T00:00:00.000000,9157,2025-10-07T18:34:50.000000,accepted,13.4,8,2026-06-23T09:56:00.000000,0,true,true,true,true,0,LABELED,1,9153,2025-10-17T10:34:48.000Z,1,2,LABELED,1,9156,2025-10-08T09:35:06.000000,true,true,true
2034,2026-01-28T00:00:00.000000,9159,2026-02-03T13:07:29.000000,scheduled_visit,2,7,2026-05-13T15:07:00.000000,1,true,true,true,true,1,LABELED,1,9159,2026-02-03T15:07:29.000Z,0,2,LABELED,1,9159,2026-02-03T13:07:29.000000,true,true,true
2035,2025-08-11T00:00:00.000000,9167,2025-08-16T15:35:21.000000,accepted,10.2,2,2025-10-18T12:40:00.000000,0,true,true,true,true,0,LABELED,0,,,0,0,LABELED,0,,,true,true,true
2036,2025-12-01T00:00:00.000000,9170,2025-12-03T15:40:29.000000,accepted,12.7,4,2026-06-24T13:19:00.000000,0,true,true,true,true,0,LABELED,0,,,0,0,LABELED,0,,,true,true,true
2037,2026-06-01T00:00:00.000000,9175,2026-06-03T19:32:03.000000,scheduled_visit,6.5,6,2026-06-12T15:07:42.000000,1,true,true,true,true,1,LABELED,1,9175,2026-06-04T02:02:03.000Z,0,3,CENSORED,,,,true,false,false
2038,2025-01-05T00:00:00.000000,9183,2025-01-13T20:26:51.000000,accepted,1.6,7,2026-02-16T09:06:00.000000,0,true,true,true,true,0,LABELED,0,,,0,0,LABELED,0,,,true,true,true
2039,2026-01-13T00:00:00.000000,9191,2026-01-14T08:29:40.000000,no_response,,7,2026-05-23T11:40:00.000000,0,true,true,true,true,0,LABELED,1,9185,2026-01-20T01:19:00.000Z,0,2,LABELED,1,9185,2026-01-19T15:31:00.000000,true,true,true
2040,2026-03-02T00:00:00.000000,9192,2026-03-02T07:32:07.000000,accepted,2.7,3,2026-03-12T10:01:14.000000,0,true,true,true,true,0,LABELED,0,,,0,0,LABELED,0,,,true,true,true
2041,2025-10-11T00:00:00.000000,9200,2025-10-11T10:58:32.000000,accepted,,6,2026-06-14T19:34:00.000000,0,true,true,true,true,0,LABELED,0,,,0,0,LABELED,0,,,true,true,true
2042,2026-04-02T00:00:00.000000,9203,2026-04-03T12:23:55.000000,scheduled_visit,9,7,2026-04-13T19:13:26.000000,1,true,true,true,true,1,LABELED,1,9203,2026-04-03T21:23:55.000Z,0,3,LABELED,1,9203,2026-04-03T12:23:55.000000,true,true,true
2043,2025-08-06T00:00:00.000000,9208,2025-08-06T18:47:44.000000,scheduled_visit,20.3,6,2025-10-25T17:17:00.000000,1,true,true,true,true,1,LABELED,1,9208,2025-08-07T15:05:44.000Z,0,2,LABELED,1,9208,2025-08-06T18:47:44.000000,true,true,true
2044,2026-04-13T00:00:00.000000,9215,2026-04-16T08:28:02.000000,accepted,11,3,2026-06-11T10:16:00.000000,0,true,true,true,true,0,LABELED,0,,,0,0,LABELED,0,,,true,true,true
2045,2025-07-04T00:00:00.000000,9217,2025-07-14T15:49:50.000000,accepted,26,5,2025-09-12T17:27:00.000000,0,true,true,true,true,0,LABELED,0,,,0,1,LABELED,0,,,true,true,true
2046,2025-10-24T00:00:00.000000,9223,2025-10-26T20:03:38.000000,no_response,44.8,2,2025-11-06T10:26:03.000000,0,true,true,true,true,0,LABELED,0,,,0,0,LABELED,0,,,true,true,true
2047,2025-03-15T00:00:00.000000,9224,2025-03-24T07:29:50.000000,scheduled_visit,0.5,2,2025-03-28T15:05:44.000000,1,true,true,true,true,1,LABELED,1,9224,2025-03-24T07:59:50.000Z,0,2,LABELED,1,9224,2025-03-24T07:29:50.000000,true,true,true
2048,2025-02-14T00:00:00.000000,9230,2025-02-26T09:51:38.000000,accepted,5.3,5,2026-06-16T13:22:00.000000,0,true,true,true,true,0,LABELED,0,,,0,2,LABELED,0,,,true,true,true
2049,2026-01-19T00:00:00.000000,9234,2026-01-20T20:58:33.000000,accepted,0.5,5,2026-02-03T14:06:00.000000,0,true,true,true,true,0,LABELED,0,,,0,0,LABELED,0,,,true,true,true
2050,2025-06-30T00:00:00.000000,9239,2025-06-30T18:08:21.000000,scheduled_visit,20.1,4,2026-01-11T20:19:00.000000,1,true,true,true,true,1,LABELED,1,9239,2025-07-01T14:14:21.000Z,0,2,LABELED,1,9239,2025-06-30T18:08:21.000000,true,true,true
2051,2025-10-22T00:00:00.000000,9240,2025-10-28T10:35:20.000000,scheduled_visit,,2,2026-03-26T13:09:00.000000,1,true,true,true,true,1,AMBIGUOUS,,,,1,0,LABELED,1,9240,2025-10-28T10:35:20.000000,true,true,true
2052,2025-06-29T00:00:00.000000,9242,2025-07-01T14:50:09.000000,rejected,5.2,6,2026-02-02T13:01:00.000000,0,true,true,true,true,0,LABELED,0,,,0,1,LABELED,0,,,true,true,true
2053,2025-02-12T00:00:00.000000,9248,2025-02-17T18:16:41.000000,accepted,25.2,5,2026-06-25T16:49:00.000000,0,true,true,true,true,0,LABELED,0,,,0,1,LABELED,0,,,true,true,true
2054,2026-01-01T00:00:00.000000,9254,2026-01-10T20:02:17.000000,scheduled_visit,4.3,3,2026-01-27T13:58:00.000000,1,true,true,true,true,1,LABELED,1,9254,2026-01-11T00:20:17.000Z,0,1,LABELED,1,9254,2026-01-10T20:02:17.000000,true,true,true
2055,2025-08-12T00:00:00.000000,9257,2025-08-15T08:09:11.000000,accepted,0.5,6,2026-03-24T16:13:00.000000,0,true,true,true,true,0,LABELED,0,,,0,2,LABELED,0,,,true,true,true
2056,2026-04-21T00:00:00.000000,9265,2026-04-28T09:49:46.000000,accepted,20.8,4,2026-05-02T09:08:58.000000,0,true,true,true,true,0,LABELED,0,,,0,0,LABELED,0,,,true,true,true
2057,2026-02-23T00:00:00.000000,9268,2026-02-25T09:55:35.000000,rejected,1.3,5,2026-03-23T20:05:00.000000,0,true,true,true,true,0,LABELED,1,9266,2026-03-03T09:53:36.000Z,0,2,LABELED,1,9266,2026-03-03T07:17:36.000000,true,true,true
2058,2026-05-27T00:00:00.000000,9272,2026-05-28T16:16:28.000000,scheduled_visit,15.7,8,2026-06-09T15:26:08.000000,1,true,true,true,true,1,LABELED,1,9272,2026-05-29T07:58:28.000Z,1,2,LABELED,1,9272,2026-05-28T16:16:28.000000,true,true,false
2059,2025-03-21T00:00:00.000000,9279,2025-03-24T11:21:17.000000,rejected,1.8,3,2025-12-26T16:34:00.000000,0,true,true,true,true,0,LABELED,1,9281,2025-04-21T22:52:00.000Z,0,1,LABELED,1,9281,2025-04-21T18:40:00.000000,true,true,true
2060,2025-08-01T00:00:00.000000,9284,2025-08-02T07:47:33.000000,rejected,6,7,2025-12-26T20:13:00.000000,0,true,true,true,true,0,LABELED,0,,,0,2,LABELED,0,,,true,true,true
2061,2026-03-02T00:00:00.000000,9290,2026-03-06T14:33:50.000000,accepted,31.1,5,2026-04-01T14:03:00.000000,0,true,true,true,true,0,LABELED,0,,,0,0,LABELED,0,,,true,true,true
2062,2025-05-11T00:00:00.000000,9298,2025-05-16T13:44:26.000000,accepted,2.4,8,2026-05-18T07:53:00.000000,0,true,true,true,true,0,LABELED,0,,,0,1,LABELED,0,,,true,true,true
2063,2025-09-08T00:00:00.000000,9303,2025-09-09T12:04:43.000000,accepted,1.6,5,2025-12-05T17:41:00.000000,0,true,true,true,true,0,LABELED,0,,,0,1,LABELED,0,,,true,true,true
2064,2025-02-06T00:00:00.000000,9311,2025-03-05T20:31:00.000000,no_response,2.2,5,2026-06-05T07:22:00.000000,0,true,true,true,true,0,LABELED,0,,,0,2,LABELED,0,,,true,true,true
2065,2025-02-07T00:00:00.000000,9312,2025-02-09T16:16:41.000000,rejected,22.9,5,2025-04-11T07:55:00.000000,0,true,true,true,true,0,LABELED,0,,,0,0,LABELED,0,,,true,true,true
2066,2025-05-19T00:00:00.000000,9318,2025-05-23T07:01:25.000000,accepted,6.1,7,2026-02-28T19:36:00.000000,0,true,true,true,true,0,LABELED,1,9321,2025-06-03T14:59:00.000Z,0,1,LABELED,1,9321,2025-06-03T09:29:00.000000,true,true,true
2067,2026-05-29T00:00:00.000000,9327,2026-06-06T18:34:49.000000,scheduled_visit,3.5,5,2026-06-11T10:42:37.000000,1,true,true,true,true,1,LABELED,1,9327,2026-06-06T22:04:49.000Z,0,1,CENSORED,,,,false,false,false
2068,2025-01-30T00:00:00.000000,9331,2025-02-09T19:56:22.000000,accepted,32.3,8,2026-06-09T18:59:00.000000,0,true,true,true,true,0,LABELED,1,9330,2025-03-04T14:28:00.000Z,0,2,LABELED,1,9330,2025-03-04T10:28:00.000000,true,true,true
2069,2025-04-12T00:00:00.000000,9337,2026-01-30T15:21:00.000000,no_response,3.7,2,2026-02-17T09:51:00.000000,0,true,true,true,true,0,LABELED,0,,,0,0,LABELED,0,,,true,true,true
2070,2025-09-01T00:00:00.000000,9341,2025-09-01T13:05:29.000000,accepted,0.5,8,2026-05-11T12:45:00.000000,0,true,true,true,true,0,LABELED,1,9340,2025-09-04T13:55:51.000Z,0,2,LABELED,1,9340,2025-09-04T13:01:51.000000,true,true,true
2071,2025-01-23T00:00:00.000000,9351,2025-01-23T08:33:42.000000,scheduled_visit,5.7,7,2025-11-08T17:50:00.000000,1,true,true,true,true,1,LABELED,1,9351,2025-01-23T14:15:42.000Z,0,3,LABELED,1,9351,2025-01-23T08:33:42.000000,true,true,true
2072,2025-03-15T00:00:00.000000,9358,2025-03-16T09:07:25.000000,accepted,28.7,6,2026-04-18T10:34:00.000000,0,true,true,true,true,0,LABELED,0,,,0,1,LABELED,0,,,true,true,true
2073,2025-10-17T00:00:00.000000,9367,2025-10-20T13:14:48.000000,accepted,19,8,2026-06-13T20:16:00.000000,0,true,true,true,true,0,LABELED,0,,,0,0,LABELED,0,,,true,true,true
2074,2026-04-24T00:00:00.000000,9368,2026-04-30T20:17:29.000000,rejected,6.1,2,2026-05-04T10:33:28.000000,0,true,true,true,true,0,LABELED,0,,,0,0,LABELED,0,,,true,true,true
2075,2025-03-24T00:00:00.000000,9373,2025-03-29T09:25:50.000000,accepted,8.5,5,2026-01-24T07:35:00.000000,0,true,true,true,true,0,LABELED,0,,,0,0,LABELED,0,,,true,true,true
2076,2025-05-21T00:00:00.000000,9378,2025-05-24T07:10:08.000000,accepted,16.4,6,2026-04-13T12:51:00.000000,0,true,true,true,true,0,LABELED,0,,,0,0,LABELED,0,,,true,true,true
2077,2025-01-27T00:00:00.000000,9384,2025-02-02T11:10:02.000000,accepted,4.1,5,2026-06-26T12:26:00.000000,0,true,true,true,true,0,LABELED,0,,,0,0,LABELED,0,,,true,true,true
2078,2025-03-24T00:00:00.000000,9386,2025-03-24T12:35:56.000000,rejected,43.5,4,2025-04-06T10:26:03.000000,0,true,true,true,true,0,AMBIGUOUS,,,,1,0,LABELED,1,9388,2025-03-30T12:11:29.000000,true,true,true
2079,2026-01-03T00:00:00.000000,9391,2026-01-04T15:49:34.000000,accepted,25.4,5,2026-01-23T17:54:00.000000,0,true,true,true,true,0,LABELED,0,,,0,0,LABELED,0,,,true,true,true
2080,2025-02-17T00:00:00.000000,9400,2025-02-22T07:20:43.000000,rejected,43.6,7,2026-05-22T14:44:00.000000,0,true,true,true,true,0,LABELED,0,,,0,0,LABELED,0,,,true,true,true
2081,2025-02-28T00:00:00.000000,9404,2025-03-03T20:20:43.000000,scheduled_visit,,5,2026-06-03T20:31:00.000000,1,true,true,true,true,1,AMBIGUOUS,,,,1,0,LABELED,1,9404,2025-03-03T20:20:43.000000,true,true,true
2082,2025-03-19T00:00:00.000000,9407,2025-03-28T16:26:28.000000,accepted,,7,2026-06-16T20:47:00.000000,0,true,true,true,true,0,LABELED,1,9409,2025-04-01T00:13:26.000Z,0,2,LABELED,1,9409,2025-03-31T10:37:26.000000,true,true,true
2083,2026-06-12T00:00:00.000000,9416,2026-06-14T09:11:54.000000,accepted,0.5,3,2026-06-18T17:49:11.000000,0,true,true,false,true,0,CENSORED,,,,0,0,CENSORED,,,,false,false,false
2084,2026-06-09T00:00:00.000000,9417,2026-06-09T16:37:35.000000,no_response,7.1,1,2026-06-09T16:37:35.000000,0,true,true,true,true,0,LABELED,0,,,0,0,CENSORED,,,,false,false,false
2085,2026-03-20T00:00:00.000000,9422,2026-03-22T07:11:31.000000,rejected,1.5,6,2026-04-12T20:32:00.000000,0,true,true,true,true,0,LABELED,1,9420,2026-03-25T16:57:42.000Z,0,1,LABELED,1,9420,2026-03-24T15:21:42.000000,true,true,true
2086,2025-03-28T00:00:00.000000,9426,2025-03-29T17:40:23.000000,accepted,45.4,8,2026-03-15T17:03:00.000000,0,true,true,true,true,0,LABELED,0,,,0,0,LABELED,0,,,true,true,true
2087,2026-04-21T00:00:00.000000,9436,2026-04-21T18:38:34.000000,accepted,,5,2026-05-04T11:15:35.000000,0,true,true,true,true,0,LABELED,1,9432,2026-04-27T12:53:47.000Z,0,1,LABELED,1,9432,2026-04-27T11:47:47.000000,true,true,true
2088,2026-04-13T00:00:00.000000,9439,2026-04-13T20:47:33.000000,rejected,4.6,3,2026-04-21T11:36:04.000000,0,true,true,true,true,0,LABELED,1,9437,2026-04-19T21:37:42.000Z,1,1,LABELED,1,9437,2026-04-19T15:25:42.000000,true,true,true
2089,2026-01-01T00:00:00.000000,9440,2026-01-03T19:01:14.000000,scheduled_visit,10,3,2026-05-17T17:42:00.000000,1,true,true,true,true,1,LABELED,1,9440,2026-01-04T05:01:14.000Z,0,1,LABELED,1,9440,2026-01-03T19:01:14.000000,true,true,true
2090,2026-01-14T00:00:00.000000,9448,2026-01-14T20:11:54.000000,accepted,5.2,6,2026-03-19T10:49:00.000000,0,true,true,true,true,0,AMBIGUOUS,,,,1,0,LABELED,1,9445,2026-01-21T07:46:08.000000,true,true,true
2091,2025-10-25T00:00:00.000000,9452,2025-10-26T13:57:00.000000,accepted,5.3,4,2026-03-16T07:30:00.000000,0,true,true,true,true,0,LABELED,1,9449,2025-11-01T13:26:16.000Z,0,1,LABELED,1,9449,2025-11-01T07:08:16.000000,true,true,true
2092,2025-06-13T00:00:00.000000,9456,2025-06-15T14:03:50.000000,accepted,3.6,5,2025-07-17T13:56:00.000000,0,true,true,true,true,0,LABELED,0,,,0,0,LABELED,0,,,true,true,true
2093,2026-01-09T00:00:00.000000,9458,2026-01-10T09:53:58.000000,scheduled_visit,8.8,8,2026-06-25T18:33:00.000000,1,true,true,true,true,1,LABELED,1,9458,2026-01-10T18:41:58.000Z,0,2,LABELED,1,9458,2026-01-10T09:53:58.000000,true,true,true
2094,2025-06-10T00:00:00.000000,9466,2025-06-13T15:19:28.000000,rejected,6.3,8,2026-06-14T10:25:00.000000,0,true,true,true,true,0,LABELED,0,,,0,0,LABELED,0,,,true,true,true
2095,2025-11-17T00:00:00.000000,9475,2025-11-20T15:42:10.000000,scheduled_visit,8.5,4,2026-05-03T08:53:00.000000,1,true,true,true,true,1,LABELED,1,9475,2025-11-21T00:12:10.000Z,0,1,LABELED,1,9475,2025-11-20T15:42:10.000000,true,true,true
2096,2026-01-17T00:00:00.000000,9478,2026-01-22T10:02:01.000000,rejected,,1,2026-01-22T10:02:01.000000,0,true,true,true,true,0,LABELED,0,,,0,0,LABELED,0,,,true,true,true
2097,2026-03-18T00:00:00.000000,9484,2026-03-20T13:53:34.000000,scheduled_visit,5.6,8,2026-05-01T15:54:00.000000,1,true,true,true,true,1,LABELED,1,9484,2026-03-20T19:29:34.000Z,2,4,LABELED,1,9484,2026-03-20T13:53:34.000000,true,true,true
2098,2026-06-08T00:00:00.000000,9491,2026-06-09T08:23:02.000000,accepted,,7,2026-06-21T10:30:26.000000,0,true,true,true,true,0,LABELED,1,9489,2026-06-15T21:09:22.000Z,0,2,CENSORED,,,,false,false,false
2099,2025-04-11T00:00:00.000000,9498,2025-04-16T16:59:23.000000,accepted,1.1,6,2026-02-14T17:10:00.000000,0,true,true,true,true,0,AMBIGUOUS,,,,1,1,LABELED,1,9494,2025-04-17T09:48:03.000000,true,true,true
2100,2025-02-02T00:00:00.000000,9502,2025-02-03T18:10:26.000000,no_response,5.4,4,2026-01-12T13:38:00.000000,0,true,true,true,true,0,LABELED,0,,,0,0,LABELED,0,,,true,true,true
2101,2025-03-14T00:00:00.000000,9505,2025-03-21T08:36:53.000000,accepted,28,4,2026-05-13T12:38:00.000000,0,true,true,true,true,0,LABELED,1,9507,2025-03-21T13:39:55.000Z,0,2,LABELED,1,9507,2025-03-21T09:39:55.000000,true,true,true
2102,2025-06-16T00:00:00.000000,9508,2025-06-26T19:23:43.000000,scheduled_visit,,1,2025-06-26T19:23:43.000000,1,true,true,true,true,1,AMBIGUOUS,,,,1,0,LABELED,1,9508,2025-06-26T19:23:43.000000,true,true,true
2103,2026-01-06T00:00:00.000000,9509,2026-01-10T18:13:32.000000,accepted,7.8,2,2026-06-09T17:40:00.000000,0,true,true,true,true,0,LABELED,0,,,0,0,LABELED,0,,,true,true,true
2104,2026-03-10T00:00:00.000000,9511,2026-03-10T11:34:07.000000,accepted,16.9,3,2026-03-22T17:24:51.000000,0,true,true,true,true,0,LABELED,1,9513,2026-03-22T22:42:51.000Z,0,1,LABELED,1,9513,2026-03-22T17:24:51.000000,true,true,true
2105,2025-04-21T00:00:00.000000,9518,2025-04-28T07:34:53.000000,accepted,2.6,5,2026-04-23T11:45:00.000000,0,true,true,true,true,0,LABELED,0,,,0,0,LABELED,0,,,true,true,true
2106,2026-06-05T00:00:00.000000,9521,2026-06-07T11:42:11.000000,accepted,11.2,3,2026-06-14T20:52:33.000000,0,true,true,true,true,0,LABELED,0,,,0,0,CENSORED,,,,false,false,false
2107,2026-06-19T00:00:00.000000,9522,2026-06-19T14:19:41.000000,rejected,1.6,1,2026-06-19T14:19:41.000000,0,true,true,false,true,0,CENSORED,,,,0,0,CENSORED,,,,false,false,false
2108,2026-01-01T00:00:00.000000,9523,2026-01-04T16:32:50.000000,scheduled_visit,9.8,3,2026-02-27T15:35:00.000000,1,true,true,true,true,1,LABELED,1,9523,2026-01-05T02:20:50.000Z,0,1,LABELED,1,9523,2026-01-04T16:32:50.000000,true,true,true
2109,2025-03-23T00:00:00.000000,9526,2026-04-13T12:11:00.000000,accepted,0.9,1,2026-04-13T12:11:00.000000,0,true,true,true,true,0,LABELED,0,,,0,0,LABELED,0,,,true,true,true
2110,2026-02-08T00:00:00.000000,9527,2026-02-10T10:07:28.000000,no_response,42.6,6,2026-03-10T12:23:00.000000,0,true,true,true,true,0,LABELED,0,,,0,0,LABELED,0,,,true,true,true
2111,2025-12-28T00:00:00.000000,9535,2025-12-28T15:05:38.000000,no_response,,5,2026-01-07T15:10:37.000000,0,true,true,true,true,0,LABELED,1,9536,2025-12-30T15:34:51.000Z,0,1,LABELED,1,9536,2025-12-30T11:22:51.000000,true,true,true
2112,2025-06-25T00:00:00.000000,9539,2025-07-14T14:28:00.000000,accepted,,2,2025-12-06T13:29:00.000000,0,true,true,true,true,0,LABELED,0,,,0,0,LABELED,0,,,true,true,true
2113,2026-03-12T00:00:00.000000,9540,2026-03-15T15:14:27.000000,no_response,11.9,6,2026-03-27T13:33:00.000000,0,true,true,true,true,0,LABELED,0,,,0,0,LABELED,0,,,true,true,true
2114,2025-01-08T00:00:00.000000,9546,2025-03-01T09:09:00.000000,rejected,13.6,1,2025-03-01T09:09:00.000000,0,true,true,true,true,0,LABELED,0,,,0,0,LABELED,0,,,true,true,true
2115,2025-06-05T00:00:00.000000,9551,2025-06-06T19:39:20.000000,accepted,1.3,7,2026-02-28T15:11:00.000000,0,true,true,true,true,0,LABELED,1,9553,2025-06-15T22:19:22.000Z,0,2,LABELED,1,9553,2025-06-15T20:19:22.000000,true,true,true
2116,2025-02-15T00:00:00.000000,9556,2025-02-21T09:53:59.000000,accepted,5,6,2026-05-29T17:43:00.000000,0,true,true,true,true,0,LABELED,0,,,0,0,LABELED,0,,,true,true,true
2117,2026-01-02T00:00:00.000000,9563,2026-01-04T19:39:21.000000,rejected,61.2,6,2026-04-16T15:57:00.000000,0,true,true,true,true,0,LABELED,0,,,0,1,LABELED,0,,,true,true,true
2118,2026-02-03T00:00:00.000000,9567,2026-02-09T13:33:52.000000,scheduled_visit,0.5,2,2026-02-14T09:14:17.000000,1,true,true,true,true,1,LABELED,1,9567,2026-02-09T14:03:52.000Z,0,1,LABELED,1,9567,2026-02-09T13:33:52.000000,true,true,true
2119,2026-06-08T00:00:00.000000,9569,2026-06-10T16:18:05.000000,no_response,,2,2026-06-17T19:03:44.000000,0,true,true,true,true,0,AMBIGUOUS,,,,1,0,CENSORED,,,,false,false,false
2120,2025-09-28T00:00:00.000000,9575,2025-09-28T16:15:02.000000,scheduled_visit,9.7,8,2026-06-04T12:35:00.000000,1,true,true,true,true,1,LABELED,1,9575,2025-09-29T01:57:02.000Z,0,1,LABELED,1,9575,2025-09-28T16:15:02.000000,true,true,true
2121,2026-06-05T00:00:00.000000,9582,2026-06-05T09:19:59.000000,scheduled_visit,18.7,5,2026-06-18T19:38:07.000000,1,true,true,true,true,1,LABELED,1,9582,2026-06-06T04:01:59.000Z,0,2,CENSORED,,,,true,false,false
2122,2025-06-09T00:00:00.000000,9584,2025-06-17T17:13:23.000000,no_response,,2,2026-02-04T15:28:00.000000,0,true,true,true,true,0,LABELED,0,,,0,0,LABELED,0,,,true,true,true
2123,2025-03-22T00:00:00.000000,9585,2025-03-23T10:23:05.000000,accepted,3.6,7,2026-04-04T10:51:00.000000,0,true,true,true,true,0,LABELED,0,,,0,1,LABELED,0,,,true,true,true
2124,2026-06-26T00:00:00.000000,9597,2026-06-26T13:36:24.000000,rejected,13,7,2026-07-09T18:38:04.000000,0,true,true,false,true,0,CENSORED,,,,0,0,CENSORED,,,,false,false,false
2125,2025-03-04T00:00:00.000000,9603,2025-03-15T18:25:35.000000,accepted,0.5,8,2026-04-10T15:38:00.000000,0,true,true,true,true,0,LABELED,0,,,0,0,LABELED,0,,,true,true,true
2126,2026-03-31T00:00:00.000000,9611,2026-03-31T08:04:54.000000,rejected,11.1,5,2026-04-13T16:03:00.000000,0,true,true,true,true,0,LABELED,1,9610,2026-04-10T08:47:04.000Z,0,2,LABELED,1,9610,2026-04-10T07:53:04.000000,true,true,true
2127,2025-06-16T00:00:00.000000,9613,2025-06-23T20:46:16.000000,accepted,,6,2026-04-13T14:48:00.000000,0,true,true,true,true,0,LABELED,0,,,0,1,LABELED,0,,,true,true,true
2128,2025-06-11T00:00:00.000000,9622,2025-06-14T12:15:37.000000,accepted,47.5,5,2026-05-06T09:44:00.000000,0,true,true,true,true,0,LABELED,0,,,0,1,LABELED,0,,,true,true,true
2129,2025-02-03T00:00:00.000000,9627,2025-02-12T19:49:15.000000,accepted,5.8,6,2026-05-02T16:26:00.000000,0,true,true,true,true,0,LABELED,1,9626,2025-02-27T05:33:00.000Z,0,2,LABELED,1,9626,2025-02-26T19:51:00.000000,true,true,true
2130,2025-05-25T00:00:00.000000,9630,2025-05-30T20:58:47.000000,accepted,6.3,8,2026-04-12T07:36:00.000000,0,true,true,true,true,0,LABELED,0,,,0,0,LABELED,0,,,true,true,true
2131,2025-03-18T00:00:00.000000,9638,2025-03-18T19:00:02.000000,scheduled_visit,0.5,3,2025-03-25T10:35:54.000000,1,true,true,true,true,1,LABELED,1,9638,2025-03-18T19:30:02.000Z,0,1,LABELED,1,9638,2025-03-18T19:00:02.000000,true,true,true
2132,2025-10-10T00:00:00.000000,9644,2025-10-16T13:39:06.000000,accepted,1.4,5,2026-05-08T09:48:00.000000,0,true,true,true,true,0,LABELED,0,,,0,0,LABELED,0,,,true,true,true
2133,2025-07-29T00:00:00.000000,9647,2025-07-30T10:24:12.000000,scheduled_visit,2.4,8,2026-05-18T12:36:00.000000,1,true,true,true,true,1,LABELED,1,9647,2025-07-30T12:48:12.000Z,1,2,LABELED,1,9647,2025-07-30T10:24:12.000000,true,true,true
2134,2025-06-12T00:00:00.000000,9657,2025-06-17T14:31:23.000000,no_response,0.6,6,2025-12-12T14:06:00.000000,0,true,true,true,true,0,LABELED,0,,,0,0,LABELED,0,,,true,true,true
2135,2025-01-07T00:00:00.000000,9659,2025-01-16T15:29:05.000000,no_response,3.3,6,2026-04-15T20:05:00.000000,0,true,true,true,true,0,LABELED,0,,,0,0,LABELED,0,,,true,true,true
2136,2026-03-20T00:00:00.000000,9666,2026-03-22T17:29:49.000000,no_response,,3,2026-03-26T09:21:06.000000,0,true,true,true,true,0,LABELED,1,9667,2026-03-25T17:34:40.000Z,0,1,LABELED,1,9667,2026-03-24T14:58:40.000000,true,true,true
2137,2025-02-08T00:00:00.000000,9673,2025-02-13T07:54:16.000000,accepted,9.7,7,2026-06-09T07:26:00.000000,0,true,true,true,true,0,LABELED,0,,,0,0,LABELED,0,,,true,true,true
2138,2025-03-28T00:00:00.000000,9679,2025-04-02T12:32:31.000000,accepted,3.1,6,2026-06-08T17:31:00.000000,0,true,true,true,true,0,LABELED,0,,,0,0,LABELED,0,,,true,true,true
2139,2026-06-11T00:00:00.000000,9683,2026-06-12T13:39:55.000000,rejected,6.1,4,2026-06-23T19:51:17.000000,0,true,true,true,true,0,LABELED,1,9682,2026-06-16T10:53:31.000Z,0,2,CENSORED,,,,false,false,false
2140,2026-03-15T00:00:00.000000,9687,2026-03-22T15:00:14.000000,accepted,56.9,3,2026-03-27T20:48:31.000000,0,true,true,true,true,0,LABELED,1,9685,2026-03-23T22:31:22.000Z,0,2,LABELED,1,9685,2026-03-23T13:07:22.000000,true,true,true
2141,2026-01-28T00:00:00.000000,9688,2026-02-08T12:08:11.000000,accepted,4.6,1,2026-02-08T12:08:11.000000,0,true,true,true,true,0,LABELED,0,,,0,0,LABELED,0,,,true,true,true
2142,2025-02-27T00:00:00.000000,9689,2025-03-07T16:55:17.000000,accepted,,3,2025-08-11T09:17:00.000000,0,true,true,true,true,0,LABELED,0,,,0,1,LABELED,0,,,true,true,true
2143,2025-06-20T00:00:00.000000,9695,2025-06-21T12:42:41.000000,no_response,2.3,8,2025-12-16T09:37:00.000000,0,true,true,true,true,0,LABELED,1,9693,2025-06-27T01:08:45.000Z,0,1,LABELED,1,9693,2025-06-26T19:14:45.000000,true,true,true
2144,2025-05-27T00:00:00.000000,9707,2025-05-30T17:36:35.000000,rejected,17.1,8,2026-05-26T13:39:00.000000,0,true,true,true,true,0,LABELED,1,9706,2025-06-03T23:28:26.000Z,0,2,LABELED,1,9706,2025-06-03T20:10:26.000000,true,true,true
2145,2025-03-07T00:00:00.000000,9710,2025-03-08T12:57:38.000000,rejected,,6,2026-04-04T16:00:00.000000,0,true,true,true,true,0,LABELED,0,,,0,1,LABELED,0,,,true,true,true
2146,2025-06-11T00:00:00.000000,9715,2025-06-13T07:12:35.000000,scheduled_visit,5.7,4,2026-02-12T16:19:00.000000,1,true,true,true,true,1,LABELED,1,9715,2025-06-13T12:54:35.000Z,0,1,LABELED,1,9715,2025-06-13T07:12:35.000000,true,true,true
2147,2025-09-19T00:00:00.000000,9718,2025-09-20T17:05:53.000000,accepted,26.7,4,2026-04-22T19:02:00.000000,0,true,true,true,true,0,LABELED,0,,,0,0,LABELED,0,,,true,true,true
2148,2025-05-21T00:00:00.000000,9726,2025-05-25T20:59:56.000000,accepted,1.4,6,2026-02-02T17:58:00.000000,0,true,true,true,true,0,LABELED,0,,,0,0,LABELED,0,,,true,true,true
2149,2025-11-24T00:00:00.000000,9729,2026-03-07T09:10:00.000000,no_response,,2,2026-04-12T07:13:00.000000,0,true,true,true,true,0,LABELED,0,,,0,0,LABELED,0,,,true,true,true
2150,2025-10-20T00:00:00.000000,9731,2025-10-23T08:13:28.000000,no_response,20.6,6,2026-04-29T18:51:00.000000,0,true,true,true,true,0,LABELED,0,,,0,1,LABELED,0,,,true,true,true
2151,2025-05-30T00:00:00.000000,9738,2025-06-03T19:21:31.000000,accepted,13.4,8,2026-06-08T07:08:00.000000,0,true,true,true,true,0,LABELED,1,9739,2025-06-04T13:43:18.000Z,0,2,LABELED,1,9739,2025-06-04T12:19:18.000000,true,true,true
2152,2026-03-12T00:00:00.000000,9744,2026-03-19T19:19:23.000000,accepted,1.8,1,2026-03-19T19:19:23.000000,0,true,true,true,true,0,LABELED,0,,,0,0,LABELED,0,,,true,true,true
2153,2025-11-06T00:00:00.000000,9745,2025-11-09T17:15:55.000000,no_response,7,2,2025-11-10T08:28:16.000000,0,true,true,true,true,0,LABELED,0,,,0,0,LABELED,0,,,true,true,true
2154,2026-06-26T00:00:00.000000,9748,2026-06-30T10:59:41.000000,no_response,12,3,2026-07-07T17:25:26.000000,0,true,false,false,false,,CENSORED,,,,0,0,CENSORED,,,,false,false,false
2155,2025-09-05T00:00:00.000000,9751,2025-09-07T13:17:10.000000,rejected,4.7,5,2026-06-15T16:44:00.000000,0,true,true,true,true,0,LABELED,0,,,0,0,LABELED,0,,,true,true,true
2156,2026-01-28T00:00:00.000000,9758,2026-01-30T07:09:39.000000,accepted,,4,2026-06-09T19:36:00.000000,0,true,true,true,true,0,LABELED,0,,,0,2,LABELED,0,,,true,true,true
2157,2025-12-15T00:00:00.000000,9759,2026-04-05T12:12:00.000000,no_response,5.6,2,2026-06-09T13:59:00.000000,0,true,true,true,true,0,LABELED,0,,,0,0,LABELED,0,,,true,true,true
2158,2025-02-04T00:00:00.000000,9765,2025-02-04T07:39:37.000000,scheduled_visit,5.9,8,2026-06-10T07:14:00.000000,1,true,true,true,true,1,LABELED,1,9765,2025-02-04T13:33:37.000Z,0,2,LABELED,1,9765,2025-02-04T07:39:37.000000,true,true,true
2159,2025-08-17T00:00:00.000000,9775,2025-08-20T13:05:28.000000,no_response,33.8,8,2025-09-17T12:50:00.000000,0,true,true,true,true,0,LABELED,0,,,0,0,LABELED,0,,,true,true,true
2160,2025-08-15T00:00:00.000000,9780,2025-08-15T10:30:21.000000,accepted,2.6,5,2026-01-23T09:56:00.000000,0,true,true,true,true,0,LABELED,0,,,0,1,LABELED,0,,,true,true,true
2161,2025-10-02T00:00:00.000000,9784,2025-10-04T13:07:26.000000,rejected,4.8,5,2026-05-01T08:10:00.000000,0,true,true,true,true,0,LABELED,0,,,0,1,LABELED,0,,,true,true,true
2162,2026-03-14T00:00:00.000000,9787,2026-03-17T15:56:27.000000,no_response,6.2,2,2026-03-27T09:59:02.000000,0,true,true,true,true,0,AMBIGUOUS,,,,1,0,LABELED,1,9788,2026-03-27T09:59:02.000000,true,true,true
2163,2025-03-08T00:00:00.000000,9789,2025-03-08T19:48:09.000000,scheduled_visit,11.4,5,2026-04-13T09:26:00.000000,1,true,true,true,true,1,LABELED,1,9789,2025-03-09T07:12:09.000Z,0,2,LABELED,1,9789,2025-03-08T19:48:09.000000,true,true,true
2164,2026-01-30T00:00:00.000000,9794,2026-02-04T11:47:57.000000,accepted,11.1,4,2026-04-06T10:09:00.000000,0,true,true,true,true,0,LABELED,0,,,0,0,LABELED,0,,,true,true,true
2165,2025-04-28T00:00:00.000000,9799,2025-05-05T07:28:39.000000,accepted,,7,2026-05-27T19:45:00.000000,0,true,true,true,true,0,LABELED,1,9800,2025-05-07T08:57:41.000Z,0,2,LABELED,1,9800,2025-05-06T20:21:41.000000,true,true,true
2166,2025-09-16T00:00:00.000000,9808,2025-09-17T14:49:49.000000,accepted,13.1,5,2026-06-30T11:55:00.000000,0,true,true,true,true,0,LABELED,0,,,0,0,LABELED,0,,,true,true,true
2167,2025-09-13T00:00:00.000000,9810,2025-09-16T19:21:53.000000,accepted,4.1,5,2026-06-11T20:33:00.000000,0,true,true,true,true,0,LABELED,1,9811,2025-09-19T19:28:00.000Z,1,1,LABELED,1,9811,2025-09-19T09:28:00.000000,true,true,true
2168,2026-05-06T00:00:00.000000,9815,2026-05-08T20:02:08.000000,accepted,6.5,2,2026-05-12T20:38:33.000000,0,true,true,true,true,0,LABELED,0,,,0,0,LABELED,0,,,true,true,true
2169,2025-10-17T00:00:00.000000,9819,2025-10-20T12:19:36.000000,accepted,16.6,5,2026-03-29T09:29:00.000000,0,true,true,true,true,0,LABELED,0,,,0,1,LABELED,0,,,true,true,true
2170,2025-10-28T00:00:00.000000,9826,2025-11-02T14:05:44.000000,accepted,55.1,5,2026-05-05T14:26:00.000000,0,true,true,true,true,0,LABELED,1,9823,2025-11-03T21:36:16.000Z,0,1,LABELED,1,9823,2025-11-03T08:36:16.000000,true,true,true
2171,2026-02-27T00:00:00.000000,9830,2026-03-03T13:22:01.000000,scheduled_visit,,4,2026-03-10T14:35:18.000000,1,true,true,true,true,1,LABELED,1,9827,2026-03-06T23:33:26.000Z,1,2,LABELED,1,9830,2026-03-03T13:22:01.000000,true,true,true
2172,2025-06-10T00:00:00.000000,9835,2025-06-17T16:10:51.000000,accepted,9.5,6,2026-01-17T08:52:00.000000,0,true,true,true,true,0,LABELED,0,,,0,0,LABELED,0,,,true,true,true
2173,2025-04-10T00:00:00.000000,9841,2025-04-13T20:15:28.000000,scheduled_visit,,7,2026-01-21T12:54:00.000000,1,true,true,true,true,1,AMBIGUOUS,,,,2,0,LABELED,1,9841,2025-04-13T20:15:28.000000,true,true,true
2174,2025-05-25T00:00:00.000000,9844,2025-05-26T15:55:46.000000,accepted,14.9,5,2025-12-04T10:31:00.000000,0,true,true,true,true,0,LABELED,0,,,0,0,LABELED,0,,,true,true,true
2175,2026-01-16T00:00:00.000000,9850,2026-01-19T08:57:15.000000,accepted,1,2,2026-05-18T10:38:00.000000,0,true,true,true,true,0,LABELED,0,,,0,0,LABELED,0,,,true,true,true
2176,2025-10-31T00:00:00.000000,9853,2025-11-01T19:00:12.000000,no_response,1.6,6,2026-06-17T10:09:00.000000,0,true,true,true,true,0,LABELED,0,,,0,1,LABELED,0,,,true,true,true
2177,2025-09-07T00:00:00.000000,9857,2025-09-20T07:13:30.000000,rejected,2.9,1,2025-09-20T07:13:30.000000,0,true,true,true,true,0,LABELED,0,,,0,0,LABELED,0,,,true,true,true
2178,2025-08-15T00:00:00.000000,9859,2025-08-18T16:35:38.000000,accepted,4.3,7,2026-05-08T11:30:00.000000,0,true,true,true,true,0,AMBIGUOUS,,,,1,2,LABELED,1,9863,2025-08-23T12:56:17.000000,true,true,true
2179,2025-01-17T00:00:00.000000,9867,2025-01-19T13:39:34.000000,accepted,44.6,7,2026-04-28T17:26:00.000000,0,true,true,true,true,0,LABELED,0,,,0,1,LABELED,0,,,true,true,true
2180,2025-04-10T00:00:00.000000,9873,2025-04-16T13:41:03.000000,no_response,26.2,5,2026-04-21T10:37:00.000000,0,true,true,true,true,0,LABELED,0,,,0,3,LABELED,0,,,true,true,true
2181,2025-01-29T00:00:00.000000,9880,2025-02-02T14:45:08.000000,no_response,,8,2026-06-08T19:42:00.000000,0,true,true,true,true,0,LABELED,0,,,0,2,LABELED,0,,,true,true,true
2182,2025-05-24T00:00:00.000000,9887,2025-05-26T16:28:28.000000,rejected,0.5,3,2025-06-02T12:27:33.000000,0,true,true,true,true,0,AMBIGUOUS,,,,1,0,LABELED,1,9886,2025-05-30T16:42:32.000000,true,true,true
2183,2025-10-12T00:00:00.000000,9889,2025-10-22T15:48:50.000000,scheduled_visit,21,2,2026-04-20T15:57:00.000000,1,true,true,true,true,1,LABELED,1,9889,2025-10-23T12:48:50.000Z,0,1,LABELED,1,9889,2025-10-22T15:48:50.000000,true,true,true
2184,2026-05-22T00:00:00.000000,9890,2026-05-27T14:16:49.000000,no_response,3.5,4,2026-05-30T12:59:40.000000,0,true,true,true,true,0,LABELED,1,9891,2026-05-31T00:15:41.000Z,0,1,LABELED,1,9891,2026-05-30T10:15:41.000000,true,true,false
2185,2026-01-04T00:00:00.000000,9894,2026-01-09T17:54:43.000000,no_response,4.5,1,2026-01-09T17:54:43.000000,0,true,true,true,true,0,LABELED,0,,,0,0,LABELED,0,,,true,true,true
2186,2025-12-03T00:00:00.000000,9901,2025-12-06T08:17:10.000000,accepted,4.6,8,2026-04-17T07:47:00.000000,0,true,true,true,true,0,LABELED,1,9899,2025-12-09T21:21:48.000Z,0,1,LABELED,1,9899,2025-12-09T19:03:48.000000,true,true,true
2187,2026-04-16T00:00:00.000000,9909,2026-04-18T16:05:17.000000,rejected,9.8,7,2026-04-28T11:06:32.000000,0,true,true,true,true,0,LABELED,0,,,0,0,LABELED,0,,,true,true,true
2188,2025-12-10T00:00:00.000000,9911,2025-12-10T20:08:00.000000,accepted,27,4,2025-12-18T18:39:47.000000,0,true,true,true,true,0,LABELED,1,9912,2025-12-15T22:30:15.000Z,0,2,LABELED,1,9912,2025-12-15T20:18:15.000000,true,true,true
2189,2025-05-08T00:00:00.000000,9914,2025-05-13T12:35:15.000000,rejected,4.8,6,2026-06-02T07:15:00.000000,0,true,true,true,true,0,LABELED,0,,,0,0,LABELED,0,,,true,true,true
2190,2026-01-26T00:00:00.000000,9922,2026-01-30T17:43:25.000000,scheduled_visit,4.9,5,2026-02-07T19:41:00.000000,1,true,true,true,true,1,LABELED,1,9922,2026-01-30T22:37:25.000Z,1,1,LABELED,1,9922,2026-01-30T17:43:25.000000,true,true,true
2191,2026-03-23T00:00:00.000000,9925,2026-03-23T10:07:56.000000,accepted,1.4,8,2026-06-08T12:49:00.000000,0,true,true,true,true,0,LABELED,1,9930,2026-03-28T11:43:18.000Z,0,2,LABELED,1,9930,2026-03-27T13:43:18.000000,true,true,true
2192,2025-06-11T00:00:00.000000,9934,2025-06-13T13:14:11.000000,accepted,21.7,2,2025-06-16T07:31:27.000000,0,true,true,true,true,0,LABELED,0,,,0,0,LABELED,0,,,true,true,true
2193,2025-04-07T00:00:00.000000,9939,2025-04-08T19:36:05.000000,scheduled_visit,26.8,8,2026-04-15T07:49:00.000000,1,true,true,true,true,1,LABELED,1,9939,2025-04-09T22:24:05.000Z,0,2,LABELED,1,9939,2025-04-08T19:36:05.000000,true,true,true
2194,2025-11-08T00:00:00.000000,9946,2025-11-12T14:12:10.000000,accepted,9.8,4,2026-02-11T20:17:00.000000,0,true,true,true,true,0,LABELED,0,,,0,0,LABELED,0,,,true,true,true
2195,2025-12-22T00:00:00.000000,9951,2025-12-23T08:06:56.000000,no_response,10.9,7,2026-03-09T18:07:00.000000,0,true,true,true,true,0,AMBIGUOUS,,,,1,0,LABELED,1,9953,2025-12-29T08:02:27.000000,true,true,true
2196,2026-01-29T00:00:00.000000,9954,2026-02-03T16:04:23.000000,accepted,4.1,8,2026-06-27T13:20:00.000000,0,true,true,true,true,0,LABELED,1,9957,2026-02-10T19:43:58.000Z,0,1,LABELED,1,9957,2026-02-10T09:43:58.000000,true,true,true
2197,2025-04-03T00:00:00.000000,9962,2025-04-10T20:48:50.000000,rejected,9.2,4,2026-04-20T16:05:00.000000,0,true,true,true,true,0,LABELED,0,,,0,0,LABELED,0,,,true,true,true
2198,2025-05-28T00:00:00.000000,9968,2025-06-07T14:54:38.000000,rejected,31.7,4,2026-06-16T15:57:00.000000,0,true,true,true,true,0,LABELED,0,,,0,0,LABELED,0,,,true,true,true
2199,2025-12-08T00:00:00.000000,9972,2025-12-09T15:16:13.000000,rejected,50.9,5,2025-12-19T20:25:31.000000,0,true,true,true,true,0,LABELED,1,9973,2025-12-12T11:18:48.000Z,1,2,LABELED,1,9970,2025-12-10T18:16:05.000000,true,true,true
2200,2025-09-29T00:00:00.000000,9975,2025-10-10T08:21:54.000000,accepted,0.5,2,2025-10-10T11:35:38.000000,0,true,true,true,true,0,LABELED,0,,,0,0,LABELED,0,,,true,true,true
2201,2025-05-29T00:00:00.000000,9984,2025-05-31T17:35:49.000000,scheduled_visit,1.1,8,2026-06-06T07:14:00.000000,1,true,true,true,true,1,LABELED,1,9984,2025-05-31T18:41:49.000Z,0,2,LABELED,1,9984,2025-05-31T17:35:49.000000,true,true,true
2202,2025-10-24T00:00:00.000000,9985,2025-10-27T07:40:47.000000,accepted,8.6,2,2025-11-06T08:33:27.000000,0,true,true,true,true,0,LABELED,0,,,0,0,LABELED,0,,,true,true,true
2203,2025-07-26T00:00:00.000000,9987,2025-07-28T07:32:15.000000,no_response,0.5,7,2025-11-22T07:04:00.000000,0,true,true,true,true,0,LABELED,1,9992,2025-08-06T19:26:56.000Z,0,3,LABELED,1,9992,2025-08-06T17:26:56.000000,true,true,true
2204,2025-08-05T00:00:00.000000,9994,2025-08-11T07:52:27.000000,accepted,11.9,2,2026-03-05T09:29:00.000000,0,true,true,true,true,0,LABELED,0,,,0,0,LABELED,0,,,true,true,true
2205,2025-12-20T00:00:00.000000,9999,2025-12-21T18:14:02.000000,scheduled_visit,,7,2026-01-01T08:58:29.000000,1,true,true,true,true,1,LABELED,1,10000,2025-12-24T04:53:53.000Z,1,1,LABELED,1,9999,2025-12-21T18:14:02.000000,true,true,true
2206,2025-06-10T00:00:00.000000,10004,2025-06-14T14:02:36.000000,accepted,,2,2025-11-09T12:40:00.000000,0,true,true,true,true,0,LABELED,0,,,0,1,LABELED,0,,,true,true,true
2207,2025-10-17T00:00:00.000000,10005,2025-10-17T16:57:59.000000,accepted,10.1,5,2025-10-30T16:42:28.000000,0,true,true,true,true,0,LABELED,0,,,0,0,LABELED,0,,,true,true,true
2208,2025-05-03T00:00:00.000000,10011,2025-05-08T15:57:08.000000,rejected,33.5,2,2025-06-06T12:37:00.000000,0,true,true,true,true,0,LABELED,0,,,0,0,LABELED,0,,,true,true,true
2209,2025-02-18T00:00:00.000000,10014,2025-02-20T09:43:10.000000,accepted,,4,2026-05-28T08:14:00.000000,0,true,true,true,true,0,LABELED,0,,,0,0,LABELED,0,,,true,true,true
2210,2026-01-23T00:00:00.000000,10016,2026-01-30T18:24:38.000000,rejected,0.9,1,2026-01-30T18:24:38.000000,0,true,true,true,true,0,LABELED,0,,,0,0,LABELED,0,,,true,true,true
2211,2025-12-04T00:00:00.000000,10017,2025-12-04T18:23:00.000000,accepted,,8,2026-04-22T10:57:00.000000,0,true,true,true,true,0,LABELED,0,,,0,0,LABELED,0,,,true,true,true
2212,2025-08-07T00:00:00.000000,10028,2025-08-07T12:54:06.000000,accepted,,8,2026-03-29T17:26:00.000000,0,true,true,true,true,0,LABELED,1,10025,2025-08-23T15:12:00.000Z,0,2,LABELED,1,10025,2025-08-23T14:06:00.000000,true,true,true
2213,2025-11-04T00:00:00.000000,10036,2025-11-05T08:26:23.000000,rejected,1.1,8,2026-03-27T20:41:00.000000,0,true,true,true,true,0,LABELED,1,10033,2025-11-13T00:08:34.000Z,0,1,LABELED,1,10033,2025-11-12T20:02:34.000000,true,true,true
2214,2026-02-23T00:00:00.000000,10041,2026-02-24T14:48:01.000000,accepted,12.7,1,2026-02-24T14:48:01.000000,0,true,true,true,true,0,LABELED,0,,,0,0,LABELED,0,,,true,true,true
2215,2026-02-09T00:00:00.000000,10042,2026-02-10T17:28:06.000000,no_response,,8,2026-06-29T18:53:00.000000,0,true,true,true,true,0,LABELED,1,10047,2026-02-17T09:39:53.000Z,0,1,LABELED,1,10047,2026-02-16T16:21:53.000000,true,true,true
2216,2026-02-25T00:00:00.000000,10052,2026-03-01T18:01:37.000000,accepted,,5,2026-03-10T08:59:07.000000,0,true,true,true,true,0,LABELED,0,,,0,0,LABELED,0,,,true,true,true
2217,2026-04-11T00:00:00.000000,10057,2026-04-11T19:30:45.000000,accepted,11.9,8,2026-06-26T18:23:00.000000,0,true,true,true,true,0,AMBIGUOUS,,,,1,1,LABELED,1,10056,2026-04-18T07:57:15.000000,true,true,true
2218,2026-01-09T00:00:00.000000,10064,2026-01-10T07:45:58.000000,accepted,6.8,2,2026-04-02T12:55:00.000000,0,true,true,true,true,0,LABELED,0,,,0,1,LABELED,0,,,true,true,true
2219,2025-04-18T00:00:00.000000,10066,2025-04-21T07:37:57.000000,accepted,12.8,4,2025-06-09T11:23:00.000000,0,true,true,true,true,0,LABELED,0,,,0,0,LABELED,0,,,true,true,true
2220,2025-09-03T00:00:00.000000,10069,2025-09-03T15:13:30.000000,accepted,23.7,1,2025-09-03T15:13:30.000000,0,true,true,true,true,0,LABELED,0,,,0,0,LABELED,0,,,true,true,true
2221,2026-01-03T00:00:00.000000,10070,2026-01-04T09:47:19.000000,rejected,48,7,2026-05-12T15:05:00.000000,0,true,true,true,true,0,LABELED,0,,,0,1,LABELED,0,,,true,true,true
2222,2025-09-18T00:00:00.000000,10078,2025-12-04T12:07:00.000000,accepted,2.1,4,2026-03-11T12:08:00.000000,0,true,true,true,true,0,LABELED,0,,,0,0,LABELED,0,,,true,true,true
2223,2025-07-11T00:00:00.000000,10084,2025-07-13T16:58:55.000000,accepted,4.5,5,2025-11-10T08:56:00.000000,0,true,true,true,true,0,LABELED,0,,,0,0,LABELED,0,,,true,true,true
2224,2025-09-24T00:00:00.000000,10091,2025-09-24T20:43:02.000000,no_response,2,6,2026-06-24T08:09:00.000000,0,true,true,true,true,0,LABELED,0,,,0,1,LABELED,0,,,true,true,true
2225,2025-05-09T00:00:00.000000,10094,2025-12-05T09:52:00.000000,accepted,1.9,4,2026-03-02T11:39:00.000000,0,true,true,true,true,0,LABELED,0,,,0,0,LABELED,0,,,true,true,true
2226,2025-01-24T00:00:00.000000,10097,2026-03-14T17:10:00.000000,accepted,20.7,2,2026-03-20T13:11:00.000000,0,true,true,true,true,0,LABELED,0,,,0,0,LABELED,0,,,true,true,true
2227,2026-01-25T00:00:00.000000,10100,2026-01-27T13:10:01.000000,accepted,,4,2026-06-27T20:53:00.000000,0,true,true,true,true,0,LABELED,0,,,0,0,LABELED,0,,,true,true,true
2228,2026-05-06T00:00:00.000000,10103,2026-05-11T10:57:23.000000,rejected,,3,2026-05-16T13:13:18.000000,0,true,true,true,true,0,LABELED,0,,,0,0,LABELED,0,,,true,true,true
2229,2025-10-08T00:00:00.000000,10108,2025-10-11T09:02:32.000000,accepted,30.1,5,2026-06-15T08:58:00.000000,0,true,true,true,true,0,LABELED,0,,,0,0,LABELED,0,,,true,true,true
2230,2025-11-02T00:00:00.000000,10110,2025-11-11T14:05:13.000000,scheduled_visit,9.9,1,2025-11-11T14:05:13.000000,1,true,true,true,true,1,LABELED,1,10110,2025-11-11T23:59:13.000Z,0,1,LABELED,1,10110,2025-11-11T14:05:13.000000,true,true,true
2231,2026-05-04T00:00:00.000000,10112,2026-05-04T08:02:32.000000,no_response,30,2,2026-05-05T13:43:54.000000,0,true,true,true,true,0,LABELED,0,,,0,0,LABELED,0,,,true,true,true
2232,2025-12-03T00:00:00.000000,10114,2025-12-04T13:11:39.000000,no_response,0.5,8,2025-12-27T10:28:00.000000,0,true,true,true,true,0,LABELED,1,10120,2025-12-14T08:17:40.000Z,1,1,LABELED,1,10120,2025-12-13T17:23:40.000000,true,true,true
2233,2025-05-12T00:00:00.000000,10121,2025-09-15T11:50:00.000000,accepted,1.1,1,2025-09-15T11:50:00.000000,0,true,true,true,true,0,LABELED,0,,,0,0,LABELED,0,,,true,true,true
2234,2025-08-10T00:00:00.000000,10126,2025-08-12T12:02:13.000000,no_response,4.6,5,2026-02-21T19:27:00.000000,0,true,true,true,true,0,LABELED,0,,,0,0,LABELED,0,,,true,true,true
2235,2025-04-04T00:00:00.000000,10133,2025-04-04T08:50:19.000000,scheduled_visit,20.7,7,2026-06-29T10:39:00.000000,1,true,true,true,true,1,LABELED,1,10133,2025-04-05T05:32:19.000Z,0,2,LABELED,1,10133,2025-04-04T08:50:19.000000,true,true,true
2236,2025-09-08T00:00:00.000000,10137,2025-09-08T12:19:33.000000,scheduled_visit,2,8,2026-03-01T12:00:00.000000,1,true,true,true,true,1,LABELED,1,10137,2025-09-08T14:19:33.000Z,0,2,LABELED,1,10137,2025-09-08T12:19:33.000000,true,true,true
2237,2025-10-02T00:00:00.000000,10147,2025-10-02T14:48:35.000000,no_response,,8,2025-10-11T18:51:17.000000,0,true,true,true,true,0,LABELED,0,,,0,0,LABELED,0,,,true,true,true
2238,2025-06-20T00:00:00.000000,10150,2026-04-11T20:27:00.000000,accepted,1.6,1,2026-04-11T20:27:00.000000,0,true,true,true,true,0,LABELED,0,,,0,0,LABELED,0,,,true,true,true
2239,2026-03-06T00:00:00.000000,10155,2026-03-06T12:46:37.000000,no_response,15.8,8,2026-04-06T15:44:00.000000,0,true,true,true,true,0,LABELED,0,,,0,0,LABELED,0,,,true,true,true
2240,2026-06-19T00:00:00.000000,10159,2026-06-26T18:08:10.000000,accepted,1,1,2026-06-26T18:08:10.000000,0,true,true,false,true,0,CENSORED,,,,0,0,CENSORED,,,,false,false,false
2241,2025-10-10T00:00:00.000000,10160,2025-10-20T17:38:00.000000,no_response,0.5,3,2026-05-04T19:15:00.000000,0,true,true,true,true,0,LABELED,0,,,0,0,LABELED,0,,,true,true,true
2242,2025-07-16T00:00:00.000000,10167,2025-07-16T10:25:21.000000,scheduled_visit,10.5,5,2026-03-07T20:38:00.000000,1,true,true,true,true,1,LABELED,1,10167,2025-07-16T20:55:21.000Z,0,3,LABELED,1,10167,2025-07-16T10:25:21.000000,true,true,true
2243,2025-08-22T00:00:00.000000,10168,2025-08-23T16:12:11.000000,accepted,,1,2025-08-23T16:12:11.000000,0,true,true,true,true,0,LABELED,0,,,0,0,LABELED,0,,,true,true,true
2244,2025-01-30T00:00:00.000000,10172,2025-02-04T14:25:24.000000,rejected,39.5,5,2025-11-01T07:47:00.000000,0,true,true,true,true,0,LABELED,0,,,0,1,LABELED,0,,,true,true,true
2245,2025-12-19T00:00:00.000000,10180,2025-12-23T14:03:16.000000,accepted,2.1,7,2026-06-29T14:55:00.000000,0,true,true,true,true,0,AMBIGUOUS,,,,1,0,LABELED,1,10174,2025-12-26T07:20:39.000000,true,true,true
2246,2025-05-26T00:00:00.000000,10183,2025-05-28T11:47:28.000000,accepted,27.9,7,2026-06-16T17:32:00.000000,0,true,true,true,true,0,LABELED,0,,,0,0,LABELED,0,,,true,true,true
2247,2025-10-17T00:00:00.000000,10194,2025-10-19T12:56:39.000000,accepted,10.9,7,2026-06-22T08:33:00.000000,0,true,true,true,true,0,LABELED,0,,,0,0,LABELED,0,,,true,true,true
2248,2026-01-31T00:00:00.000000,10197,2026-02-07T19:55:23.000000,scheduled_visit,1.6,3,2026-02-12T18:08:10.000000,1,true,true,true,true,1,LABELED,1,10197,2026-02-07T21:31:23.000Z,0,1,LABELED,1,10197,2026-02-07T19:55:23.000000,true,true,true
2249,2025-12-15T00:00:00.000000,10204,2025-12-16T11:26:16.000000,accepted,9.1,8,2026-03-04T20:12:00.000000,0,true,true,true,true,0,LABELED,1,10199,2025-12-18T03:45:03.000Z,0,1,LABELED,1,10199,2025-12-17T16:33:03.000000,true,true,true
2250,2025-10-31T00:00:00.000000,10208,2025-11-03T16:42:10.000000,accepted,29,3,2026-05-01T19:53:00.000000,0,true,true,true,true,0,LABELED,0,,,0,0,LABELED,0,,,true,true,true
2251,2026-02-18T00:00:00.000000,10210,2026-02-22T18:34:54.000000,no_response,10.5,3,2026-02-28T16:52:17.000000,0,true,true,true,true,0,LABELED,1,10211,2026-02-26T18:37:18.000Z,0,1,LABELED,1,10211,2026-02-26T07:13:18.000000,true,true,true
2252,2025-03-03T00:00:00.000000,10213,2025-03-09T19:20:23.000000,accepted,,4,2025-07-10T09:51:00.000000,0,true,true,true,true,0,LABELED,0,,,0,1,LABELED,0,,,true,true,true
2253,2026-06-22T00:00:00.000000,10218,2026-06-23T13:13:55.000000,accepted,6.1,7,2026-07-02T20:51:26.000000,0,true,true,false,true,0,CENSORED,,,,0,0,CENSORED,,,,false,false,false
2254,2025-10-22T00:00:00.000000,10223,2025-10-22T10:42:45.000000,accepted,15.1,2,2025-11-03T12:08:32.000000,0,true,true,true,true,0,LABELED,1,10224,2025-11-03T13:44:32.000Z,0,1,LABELED,1,10224,2025-11-03T12:08:32.000000,true,true,true
2255,2025-05-14T00:00:00.000000,10227,2025-05-23T09:12:19.000000,accepted,3.1,3,2026-01-28T20:09:00.000000,0,true,true,true,true,0,LABELED,0,,,0,0,LABELED,0,,,true,true,true
2256,2025-01-21T00:00:00.000000,10228,2025-01-27T16:38:48.000000,no_response,,2,2025-05-15T19:26:00.000000,0,true,true,true,true,0,LABELED,0,,,0,1,LABELED,0,,,true,true,true
2257,2025-11-25T00:00:00.000000,10234,2025-11-27T08:11:17.000000,rejected,,5,2026-06-01T10:49:00.000000,0,true,true,true,true,0,LABELED,0,,,0,1,LABELED,0,,,true,true,true
2258,2025-10-20T00:00:00.000000,10240,2025-10-20T13:30:17.000000,accepted,3,6,2026-05-02T12:09:00.000000,0,true,true,true,true,0,LABELED,0,,,0,1,LABELED,0,,,true,true,true
2259,2025-11-25T00:00:00.000000,10241,2025-12-04T14:53:57.000000,accepted,9.1,1,2025-12-04T14:53:57.000000,0,true,true,true,true,0,LABELED,0,,,0,0,LABELED,0,,,true,true,true
2260,2025-01-13T00:00:00.000000,10245,2025-01-16T13:34:50.000000,accepted,7.3,8,2026-05-18T14:24:00.000000,0,true,true,true,true,0,LABELED,0,,,0,0,LABELED,0,,,true,true,true
2261,2025-05-06T00:00:00.000000,10253,2025-05-15T18:44:46.000000,accepted,4.3,4,2026-03-11T10:25:00.000000,0,true,true,true,true,0,LABELED,0,,,0,0,LABELED,0,,,true,true,true
2262,2025-12-31T00:00:00.000000,10255,2026-01-09T16:56:14.000000,scheduled_visit,17.8,3,2026-04-05T20:15:00.000000,1,true,true,true,true,1,LABELED,1,10255,2026-01-10T10:44:14.000Z,0,1,LABELED,1,10255,2026-01-09T16:56:14.000000,true,true,true
2263,2026-06-10T00:00:00.000000,10257,2026-06-11T19:29:42.000000,accepted,1.5,3,2026-06-21T18:01:10.000000,0,true,true,true,true,0,LABELED,0,,,0,0,CENSORED,,,,false,false,false
2264,2025-11-21T00:00:00.000000,10266,2025-11-21T12:03:32.000000,accepted,8.2,8,2026-06-03T15:52:00.000000,0,true,true,true,true,0,LABELED,1,10263,2025-11-28T08:30:55.000Z,1,3,LABELED,1,10261,2025-11-23T10:21:07.000000,true,true,true
2265,2026-03-07T00:00:00.000000,10268,2026-03-20T12:12:11.000000,accepted,0.8,1,2026-03-20T12:12:11.000000,0,true,true,true,true,0,LABELED,0,,,0,0,LABELED,0,,,true,true,true
2266,2026-05-20T00:00:00.000000,10271,2026-05-20T12:45:13.000000,no_response,,3,2026-05-31T10:00:02.000000,0,true,true,true,true,0,LABELED,1,10269,2026-05-21T22:17:30.000Z,0,1,LABELED,1,10269,2026-05-21T15:59:30.000000,true,true,false
2267,2025-05-03T00:00:00.000000,10277,2025-05-07T12:27:34.000000,scheduled_visit,4.9,7,2026-02-21T10:48:00.000000,1,true,true,true,true,1,LABELED,1,10277,2025-05-07T17:21:34.000Z,0,2,LABELED,1,10277,2025-05-07T12:27:34.000000,true,true,true
2268,2025-08-08T00:00:00.000000,10279,2025-08-10T19:48:29.000000,scheduled_visit,1.6,7,2026-05-02T20:36:00.000000,1,true,true,true,true,1,LABELED,1,10279,2025-08-10T21:24:29.000Z,0,2,LABELED,1,10279,2025-08-10T19:48:29.000000,true,true,true
2269,2026-06-20T00:00:00.000000,10286,2026-06-23T16:31:07.000000,accepted,4.3,1,2026-06-23T16:31:07.000000,0,true,true,false,true,0,CENSORED,,,,0,0,CENSORED,,,,false,false,false
2270,2026-01-28T00:00:00.000000,10289,2026-01-28T19:04:27.000000,no_response,1.7,4,2026-02-05T07:31:59.000000,0,true,true,true,true,0,LABELED,1,10290,2026-02-03T17:22:09.000Z,0,1,LABELED,1,10290,2026-02-03T15:04:09.000000,true,true,true
2271,2025-05-04T00:00:00.000000,10291,2026-01-12T11:10:00.000000,no_response,5.1,2,2026-03-19T13:12:00.000000,0,true,true,true,true,0,LABELED,0,,,0,0,LABELED,0,,,true,true,true
2272,2025-04-21T00:00:00.000000,10297,2025-04-23T13:21:05.000000,scheduled_visit,4.1,5,2026-05-22T12:22:00.000000,1,true,true,true,true,1,LABELED,1,10297,2025-04-23T17:27:05.000Z,0,2,LABELED,1,10297,2025-04-23T13:21:05.000000,true,true,true
2273,2025-05-19T00:00:00.000000,10298,2025-05-31T16:03:22.000000,scheduled_visit,,1,2025-05-31T16:03:22.000000,1,true,true,true,true,1,AMBIGUOUS,,,,1,0,LABELED,1,10298,2025-05-31T16:03:22.000000,true,true,true
2274,2025-07-28T00:00:00.000000,10299,2025-08-05T16:38:50.000000,accepted,2,2,2025-10-16T11:35:00.000000,0,true,true,true,true,0,LABELED,0,,,0,0,LABELED,0,,,true,true,true
2275,2025-01-08T00:00:00.000000,10303,2025-01-21T20:47:13.000000,no_response,2.2,5,2026-06-16T11:07:00.000000,0,true,true,true,true,0,LABELED,0,,,0,1,LABELED,0,,,true,true,true
2276,2025-02-17T00:00:00.000000,10309,2025-02-20T13:36:31.000000,accepted,4.1,4,2026-04-06T20:24:00.000000,0,true,true,true,true,0,LABELED,0,,,0,0,LABELED,0,,,true,true,true
2277,2025-03-03T00:00:00.000000,10314,2025-03-15T11:54:17.000000,rejected,20.8,6,2025-11-19T19:28:00.000000,0,true,true,true,true,0,LABELED,0,,,0,2,LABELED,0,,,true,true,true
2278,2026-06-11T00:00:00.000000,10316,2026-06-13T12:35:34.000000,scheduled_visit,25.9,5,2026-06-20T13:43:50.000000,1,true,true,true,true,1,LABELED,1,10316,2026-06-14T14:29:34.000Z,0,2,CENSORED,,,,false,false,false
2279,2025-02-13T00:00:00.000000,10321,2025-05-09T09:39:00.000000,scheduled_visit,14.5,4,2025-11-13T15:28:00.000000,1,true,true,true,true,1,LABELED,1,10321,2025-05-10T00:09:00.000Z,0,2,LABELED,1,10321,2025-05-09T09:39:00.000000,true,true,true
2280,2026-04-03T00:00:00.000000,10325,2026-04-06T13:08:11.000000,scheduled_visit,4.4,2,2026-04-10T09:53:54.000000,1,true,true,true,true,1,LABELED,1,10325,2026-04-06T17:32:11.000Z,0,2,LABELED,1,10325,2026-04-06T13:08:11.000000,true,true,true
2281,2026-05-25T00:00:00.000000,10327,2026-05-30T16:34:08.000000,accepted,,2,2026-06-02T19:28:06.000000,0,true,true,true,true,0,LABELED,0,,,0,0,LABELED,0,,,true,true,false
2282,2025-06-26T00:00:00.000000,10332,2025-07-03T09:05:17.000000,scheduled_visit,10,4,2025-07-09T17:12:48.000000,1,true,true,true,true,1,LABELED,1,10332,2025-07-03T19:05:17.000Z,0,1,LABELED,1,10332,2025-07-03T09:05:17.000000,true,true,true
2283,2026-04-13T00:00:00.000000,10333,2026-04-19T16:59:37.000000,accepted,0.5,1,2026-04-19T16:59:37.000000,0,true,true,true,true,0,LABELED,0,,,0,0,LABELED,0,,,true,true,true
2284,2026-01-01T00:00:00.000000,10335,2026-01-01T13:56:49.000000,scheduled_visit,7.1,5,2026-05-14T14:39:00.000000,1,true,true,true,true,1,LABELED,1,10335,2026-01-01T21:02:49.000Z,0,2,LABELED,1,10335,2026-01-01T13:56:49.000000,true,true,true
2285,2026-01-07T00:00:00.000000,10339,2026-01-12T10:05:43.000000,accepted,15.8,1,2026-01-12T10:05:43.000000,0,true,true,true,true,0,LABELED,0,,,0,0,LABELED,0,,,true,true,true
2286,2026-05-23T00:00:00.000000,10341,2026-05-25T14:53:08.000000,accepted,7.6,4,2026-06-05T12:37:02.000000,0,true,true,true,true,0,LABELED,1,10343,2026-06-03T14:44:26.000Z,0,2,LABELED,1,10343,2026-06-03T10:44:26.000000,true,true,false
2287,2025-07-31T00:00:00.000000,10349,2025-08-01T09:52:45.000000,accepted,2.5,8,2026-02-28T17:13:00.000000,0,true,true,true,true,0,LABELED,1,10347,2025-08-13T23:01:13.000Z,0,2,LABELED,1,10347,2025-08-13T08:19:13.000000,true,true,true
2288,2025-06-24T00:00:00.000000,10354,2026-02-27T08:08:00.000000,scheduled_visit,6.9,3,2026-06-24T17:52:00.000000,1,true,true,true,true,1,LABELED,1,10354,2026-02-27T15:02:00.000Z,0,1,LABELED,1,10354,2026-02-27T08:08:00.000000,true,true,true
2289,2026-02-15T00:00:00.000000,10356,2026-02-15T08:48:54.000000,accepted,,4,2026-02-28T10:11:00.000000,0,true,true,true,true,0,LABELED,0,,,0,0,LABELED,0,,,true,true,true
2290,2025-10-26T00:00:00.000000,10360,2025-11-02T20:57:18.000000,rejected,40.9,4,2026-05-04T14:51:00.000000,0,true,true,true,true,0,LABELED,0,,,0,2,LABELED,0,,,true,true,true
2291,2025-09-21T00:00:00.000000,10364,2025-10-04T20:37:49.000000,rejected,1.3,2,2026-06-11T13:17:00.000000,0,true,true,true,true,0,LABELED,0,,,0,0,LABELED,0,,,true,true,true
2292,2026-04-02T00:00:00.000000,10368,2026-04-04T20:52:45.000000,no_response,1,6,2026-04-15T17:21:37.000000,0,true,true,true,true,0,LABELED,0,,,0,0,LABELED,0,,,true,true,true
2293,2026-06-09T00:00:00.000000,10372,2026-06-10T18:42:46.000000,no_response,22.4,5,2026-06-17T14:07:10.000000,0,true,true,true,true,0,LABELED,0,,,0,0,CENSORED,,,,false,false,false
2294,2025-04-14T00:00:00.000000,10377,2025-04-22T09:59:50.000000,rejected,3.9,4,2026-04-07T20:04:00.000000,0,true,true,true,true,0,LABELED,0,,,0,0,LABELED,0,,,true,true,true
2295,2025-01-17T00:00:00.000000,10382,2025-01-21T17:32:54.000000,scheduled_visit,6.3,4,2025-07-24T15:09:00.000000,1,true,true,true,true,1,LABELED,1,10382,2025-01-21T23:50:54.000Z,0,1,LABELED,1,10382,2025-01-21T17:32:54.000000,true,true,true
2296,2026-02-14T00:00:00.000000,10385,2026-02-19T12:12:41.000000,accepted,2.4,5,2026-06-04T09:49:00.000000,0,true,true,true,true,0,LABELED,0,,,0,0,LABELED,0,,,true,true,true
2297,2025-01-06T00:00:00.000000,10392,2025-01-09T14:01:27.000000,accepted,25.4,5,2026-05-22T19:32:00.000000,0,true,true,true,true,0,LABELED,0,,,0,1,LABELED,0,,,true,true,true
2298,2026-02-02T00:00:00.000000,10397,2026-02-04T17:25:31.000000,accepted,8.4,4,2026-04-28T16:43:00.000000,0,true,true,true,true,0,LABELED,0,,,0,0,LABELED,0,,,true,true,true
2299,2025-07-27T00:00:00.000000,10398,2025-08-01T12:17:17.000000,no_response,3.4,2,2025-08-02T18:09:52.000000,0,true,true,true,true,0,LABELED,0,,,0,0,LABELED,0,,,true,true,true
2300,2025-02-03T00:00:00.000000,10405,2025-02-03T11:28:30.000000,accepted,27.1,8,2026-03-27T07:04:00.000000,0,true,true,true,true,0,LABELED,0,,,0,1,LABELED,0,,,true,true,true
2301,2026-04-05T00:00:00.000000,10414,2026-04-06T12:07:31.000000,accepted,10.9,7,2026-04-16T07:32:03.000000,0,true,true,true,true,0,LABELED,0,,,0,0,LABELED,0,,,true,true,true
2302,2026-05-11T00:00:00.000000,10415,2026-05-17T14:52:48.000000,rejected,1.4,1,2026-05-17T14:52:48.000000,0,true,true,true,true,0,LABELED,0,,,0,0,LABELED,0,,,true,true,false
2303,2026-01-08T00:00:00.000000,10419,2026-01-09T18:48:14.000000,scheduled_visit,9,6,2026-04-08T16:31:00.000000,1,true,true,true,true,1,LABELED,1,10419,2026-01-10T03:48:14.000Z,0,1,LABELED,1,10419,2026-01-09T18:48:14.000000,true,true,true
2304,2026-01-18T00:00:00.000000,10423,2026-01-18T12:03:24.000000,no_response,7.7,5,2026-04-12T10:24:00.000000,0,true,true,true,true,0,AMBIGUOUS,,,,1,0,LABELED,1,10422,2026-01-23T07:58:00.000000,true,true,true
2305,2025-06-26T00:00:00.000000,10431,2025-06-28T15:12:22.000000,rejected,1.1,7,2026-05-20T20:23:00.000000,0,true,true,true,true,0,LABELED,0,,,0,1,LABELED,0,,,true,true,true
2306,2025-09-18T00:00:00.000000,10434,2025-09-22T13:59:30.000000,scheduled_visit,1,4,2026-03-18T14:53:00.000000,1,true,true,true,true,1,LABELED,1,10434,2025-09-22T14:59:30.000Z,0,1,LABELED,1,10434,2025-09-22T13:59:30.000000,true,true,true
2307,2025-02-24T00:00:00.000000,10440,2025-02-27T17:24:57.000000,accepted,3.8,7,2026-05-29T17:15:00.000000,0,true,true,true,true,0,LABELED,0,,,0,0,LABELED,0,,,true,true,true
2308,2025-01-05T00:00:00.000000,10448,2025-01-06T11:40:00.000000,accepted,18.5,4,2025-12-06T18:53:00.000000,0,true,true,true,true,0,LABELED,0,,,0,0,LABELED,0,,,true,true,true
2309,2025-11-04T00:00:00.000000,10450,2025-11-05T10:41:18.000000,accepted,4.1,4,2026-01-01T11:09:00.000000,0,true,true,true,true,0,LABELED,1,10452,2025-11-07T02:14:08.000Z,0,2,LABELED,1,10452,2025-11-06T20:32:08.000000,true,true,true
2310,2025-06-24T00:00:00.000000,10453,2025-06-27T15:56:54.000000,accepted,27.3,1,2025-06-27T15:56:54.000000,0,true,true,true,true,0,LABELED,0,,,0,0,LABELED,0,,,true,true,true
2311,2025-11-03T00:00:00.000000,10455,2025-11-04T14:54:13.000000,rejected,0.7,6,2025-12-29T17:36:00.000000,0,true,true,true,true,0,LABELED,1,10458,2025-11-08T10:06:40.000Z,0,2,LABELED,1,10458,2025-11-07T19:54:40.000000,true,true,true
2312,2025-11-06T00:00:00.000000,10463,2025-11-11T09:12:34.000000,no_response,,5,2026-03-10T16:03:00.000000,0,true,true,true,true,0,LABELED,0,,,0,0,LABELED,0,,,true,true,true
2313,2025-01-18T00:00:00.000000,10466,2025-01-23T08:22:14.000000,accepted,13.8,4,2026-01-22T09:35:00.000000,0,true,true,true,true,0,LABELED,0,,,0,1,LABELED,0,,,true,true,true
2314,2026-06-16T00:00:00.000000,10469,2026-06-16T18:50:29.000000,scheduled_visit,37.4,6,2026-06-29T17:52:22.000000,1,true,true,false,true,1,CENSORED,,,,0,0,CENSORED,,,,false,false,false
2315,2026-03-29T00:00:00.000000,10475,2026-03-31T11:14:54.000000,accepted,29.3,2,2026-04-04T10:00:59.000000,0,true,true,true,true,0,LABELED,0,,,0,0,LABELED,0,,,true,true,true
2316,2025-02-01T00:00:00.000000,10482,2025-02-04T09:57:38.000000,accepted,4,8,2026-03-01T17:10:00.000000,0,true,true,true,true,0,LABELED,1,10484,2025-02-06T12:42:02.000Z,0,2,LABELED,1,10484,2025-02-05T13:54:02.000000,true,true,true
2317,2026-02-18T00:00:00.000000,10486,2026-02-19T19:38:29.000000,scheduled_visit,5.5,4,2026-05-15T17:12:00.000000,1,true,true,true,true,1,LABELED,1,10486,2026-02-20T01:08:29.000Z,0,1,LABELED,1,10486,2026-02-19T19:38:29.000000,true,true,true
2318,2025-03-31T00:00:00.000000,10492,2025-06-18T07:58:00.000000,rejected,,7,2026-02-25T16:30:00.000000,0,true,true,true,true,0,LABELED,1,10490,2025-07-09T06:19:00.000Z,0,1,LABELED,1,10490,2025-07-07T19:31:00.000000,true,true,true
2319,2025-09-28T00:00:00.000000,10496,2025-10-11T08:51:26.000000,scheduled_visit,4.2,2,2026-04-20T08:40:00.000000,1,true,true,true,true,1,LABELED,1,10496,2025-10-11T13:03:26.000Z,0,2,LABELED,1,10496,2025-10-11T08:51:26.000000,true,true,true
2320,2025-09-15T00:00:00.000000,10498,2025-09-17T14:09:27.000000,rejected,8,6,2026-03-15T09:58:00.000000,0,true,true,true,true,0,LABELED,0,,,0,1,LABELED,0,,,true,true,true
2321,2025-04-04T00:00:00.000000,10508,2025-04-06T14:15:33.000000,no_response,11.7,8,2025-08-31T09:32:00.000000,0,true,true,true,true,0,LABELED,0,,,0,2,LABELED,0,,,true,true,true
2322,2025-09-26T00:00:00.000000,10515,2025-09-28T13:30:12.000000,accepted,14.9,6,2026-03-23T09:05:00.000000,0,true,true,true,true,0,LABELED,1,10516,2025-10-05T00:20:02.000Z,1,2,LABELED,1,10516,2025-10-04T18:26:02.000000,true,true,true
2323,2025-10-17T00:00:00.000000,10518,2025-10-20T13:01:33.000000,accepted,,1,2025-10-20T13:01:33.000000,0,true,true,true,true,0,LABELED,0,,,0,0,LABELED,0,,,true,true,true
2324,2025-07-01T00:00:00.000000,10519,2026-04-25T10:38:00.000000,accepted,7,2,2026-06-30T09:02:00.000000,0,true,true,true,true,0,LABELED,0,,,0,1,LABELED,0,,,true,true,true
2325,2025-12-10T00:00:00.000000,10522,2025-12-12T20:14:50.000000,accepted,3.6,2,2026-04-30T14:37:00.000000,0,true,true,true,true,0,LABELED,0,,,0,0,LABELED,0,,,true,true,true
2326,2025-04-21T00:00:00.000000,10524,2025-04-21T11:47:11.000000,scheduled_visit,2.2,8,2026-06-28T19:06:00.000000,1,true,true,true,true,1,LABELED,1,10524,2025-04-21T13:59:11.000Z,0,4,LABELED,1,10524,2025-04-21T11:47:11.000000,true,true,true
2327,2026-05-13T00:00:00.000000,10532,2026-05-17T15:59:50.000000,accepted,1.7,3,2026-05-22T11:37:00.000000,0,true,true,true,true,0,LABELED,1,10531,2026-05-20T05:59:03.000Z,0,1,LABELED,1,10531,2026-05-19T19:11:03.000000,true,true,false
2328,2026-04-15T00:00:00.000000,10538,2026-04-16T08:06:01.000000,accepted,11.8,7,2026-04-28T11:47:48.000000,0,true,true,true,true,0,LABELED,0,,,0,0,LABELED,0,,,true,true,true
2329,2025-05-09T00:00:00.000000,10543,2025-05-15T12:31:43.000000,accepted,7.9,4,2025-09-06T18:32:00.000000,0,true,true,true,true,0,LABELED,0,,,0,1,LABELED,0,,,true,true,true
2330,2025-08-28T00:00:00.000000,10547,2025-08-28T19:42:46.000000,rejected,20.5,4,2025-10-18T12:45:00.000000,0,true,true,true,true,0,LABELED,0,,,0,0,LABELED,0,,,true,true,true
2331,2026-03-04T00:00:00.000000,10550,2026-03-04T08:59:10.000000,accepted,4.3,4,2026-03-14T15:16:31.000000,0,true,true,true,true,0,LABELED,0,,,0,0,LABELED,0,,,true,true,true
2332,2025-09-07T00:00:00.000000,10558,2025-09-10T19:11:20.000000,accepted,15.8,7,2026-05-02T07:01:00.000000,0,true,true,true,true,0,LABELED,1,10553,2025-09-14T07:21:17.000Z,0,1,LABELED,1,10553,2025-09-13T18:03:17.000000,true,true,true
2333,2025-10-02T00:00:00.000000,10561,2025-10-08T09:24:58.000000,accepted,3.6,3,2025-10-08T13:09:16.000000,0,true,true,true,true,0,LABELED,0,,,0,0,LABELED,0,,,true,true,true
2334,2026-02-28T00:00:00.000000,10563,2026-02-28T20:08:07.000000,no_response,4.9,5,2026-03-10T20:00:12.000000,0,true,true,true,true,0,LABELED,0,,,0,0,LABELED,0,,,true,true,true
2335,2025-01-30T00:00:00.000000,10568,2025-06-14T07:28:00.000000,accepted,,2,2026-05-27T17:50:00.000000,0,true,true,true,true,0,LABELED,0,,,0,0,LABELED,0,,,true,true,true
2336,2025-10-10T00:00:00.000000,10570,2025-10-18T15:36:53.000000,rejected,12.7,8,2026-06-05T17:43:00.000000,0,true,true,true,true,0,LABELED,0,,,0,0,LABELED,0,,,true,true,true
2337,2026-03-14T00:00:00.000000,10582,2026-03-18T15:34:51.000000,no_response,58,5,2026-06-29T18:19:00.000000,0,true,true,true,true,0,LABELED,1,10580,2026-03-25T22:59:46.000Z,0,1,LABELED,1,10580,2026-03-25T19:41:46.000000,true,true,true
2338,2025-10-24T00:00:00.000000,10583,2025-10-25T19:54:13.000000,accepted,11,1,2025-10-25T19:54:13.000000,0,true,true,true,true,0,LABELED,0,,,0,0,LABELED,0,,,true,true,true
2339,2025-11-12T00:00:00.000000,10586,2025-11-14T08:55:33.000000,scheduled_visit,,5,2025-12-12T11:37:00.000000,1,true,true,true,true,1,AMBIGUOUS,,,,1,0,LABELED,1,10586,2025-11-14T08:55:33.000000,true,true,true
2340,2026-01-23T00:00:00.000000,10592,2026-01-23T10:05:24.000000,no_response,12.4,4,2026-02-02T18:59:48.000000,0,true,true,true,true,0,LABELED,1,10589,2026-01-26T15:38:33.000Z,0,1,LABELED,1,10589,2026-01-25T12:50:33.000000,true,true,true
2341,2025-01-27T00:00:00.000000,10595,2025-11-26T18:00:00.000000,scheduled_visit,0.8,3,2026-06-11T20:26:00.000000,1,true,true,true,true,1,LABELED,1,10595,2025-11-26T18:48:00.000Z,0,1,LABELED,1,10595,2025-11-26T18:00:00.000000,true,true,true
2342,2026-03-23T00:00:00.000000,10602,2026-03-23T11:22:43.000000,scheduled_visit,16.1,7,2026-05-05T08:56:00.000000,1,true,true,true,true,1,LABELED,1,10602,2026-03-24T03:28:43.000Z,0,1,LABELED,1,10602,2026-03-23T11:22:43.000000,true,true,true
2343,2026-01-08T00:00:00.000000,10603,2026-01-12T18:36:45.000000,scheduled_visit,8,1,2026-01-12T18:36:45.000000,1,true,true,true,true,1,LABELED,1,10603,2026-01-13T02:36:45.000Z,0,1,LABELED,1,10603,2026-01-12T18:36:45.000000,true,true,true
2344,2025-10-17T00:00:00.000000,10605,2025-10-28T07:11:58.000000,no_response,4,3,2026-05-01T20:49:00.000000,0,true,true,true,true,0,LABELED,0,,,0,1,LABELED,0,,,true,true,true
2345,2025-10-31T00:00:00.000000,10607,2025-11-01T07:39:15.000000,accepted,1.6,3,2025-12-12T13:28:00.000000,0,true,true,true,true,0,LABELED,0,,,0,0,LABELED,0,,,true,true,true
2346,2026-04-10T00:00:00.000000,10614,2026-04-10T07:36:02.000000,rejected,,5,2026-06-28T17:04:00.000000,0,true,true,true,true,0,LABELED,1,10611,2026-04-13T14:37:40.000Z,1,1,LABELED,1,10611,2026-04-13T12:19:40.000000,true,true,true
2347,2025-08-08T00:00:00.000000,10618,2025-08-08T17:44:07.000000,no_response,1.7,7,2026-04-19T11:06:00.000000,0,true,true,true,true,0,AMBIGUOUS,,,,1,0,LABELED,1,10617,2025-08-11T13:29:46.000000,true,true,true
2348,2026-04-30T00:00:00.000000,10623,2026-04-30T12:46:18.000000,scheduled_visit,10.6,2,2026-05-11T16:12:46.000000,1,true,true,true,true,1,LABELED,1,10623,2026-04-30T23:22:18.000Z,0,1,LABELED,1,10623,2026-04-30T12:46:18.000000,true,true,true
2349,2025-02-19T00:00:00.000000,10628,2025-02-23T13:21:42.000000,accepted,20.8,7,2026-01-26T12:05:00.000000,0,true,true,true,true,0,LABELED,1,10627,2025-02-27T23:24:39.000Z,0,1,LABELED,1,10627,2025-02-27T15:06:39.000000,true,true,true
2350,2025-05-19T00:00:00.000000,10633,2025-05-19T20:23:55.000000,accepted,10.3,7,2026-06-18T09:15:00.000000,0,true,true,true,true,0,LABELED,0,,,0,0,LABELED,0,,,true,true,true
2351,2026-05-01T00:00:00.000000,10638,2026-05-08T17:49:42.000000,scheduled_visit,5.8,1,2026-05-08T17:49:42.000000,1,true,true,true,true,1,LABELED,1,10638,2026-05-08T23:37:42.000Z,0,1,LABELED,1,10638,2026-05-08T17:49:42.000000,true,true,true
2352,2026-02-06T00:00:00.000000,10646,2026-02-06T09:28:28.000000,accepted,0.5,8,2026-02-19T17:29:17.000000,0,true,true,true,true,0,LABELED,0,,,0,0,LABELED,0,,,true,true,true
2353,2026-05-23T00:00:00.000000,10648,2026-05-29T10:49:26.000000,accepted,19.2,5,2026-06-04T11:46:06.000000,0,true,true,true,true,0,LABELED,1,10650,2026-06-02T17:27:10.000Z,0,2,LABELED,1,10650,2026-06-02T14:09:10.000000,true,true,false
2354,2025-04-11T00:00:00.000000,10652,2025-04-15T15:27:58.000000,scheduled_visit,11.4,4,2026-01-10T09:00:00.000000,1,true,true,true,true,1,LABELED,1,10652,2025-04-16T02:51:58.000Z,0,2,LABELED,1,10652,2025-04-15T15:27:58.000000,true,true,true
2355,2026-05-27T00:00:00.000000,10656,2026-05-29T19:04:40.000000,accepted,49.3,2,2026-06-07T09:12:26.000000,0,true,true,true,true,0,LABELED,0,,,0,0,LABELED,0,,,true,true,false
2356,2025-06-09T00:00:00.000000,10658,2025-11-09T09:38:00.000000,accepted,8.2,1,2025-11-09T09:38:00.000000,0,true,true,true,true,0,LABELED,0,,,0,0,LABELED,0,,,true,true,true
2357,2025-12-12T00:00:00.000000,10659,2025-12-16T10:32:34.000000,accepted,0.5,2,2025-12-23T16:19:59.000000,0,true,true,true,true,0,LABELED,0,,,0,0,LABELED,0,,,true,true,true
2358,2025-02-21T00:00:00.000000,10664,2025-02-24T08:22:49.000000,accepted,6,7,2026-06-07T09:15:00.000000,0,true,true,true,true,0,AMBIGUOUS,,,,1,1,LABELED,1,10661,2025-03-02T08:54:15.000000,true,true,true
2359,2025-02-04T00:00:00.000000,10668,2026-05-18T11:52:00.000000,accepted,5.6,1,2026-05-18T11:52:00.000000,0,true,true,true,true,0,LABELED,0,,,0,0,LABELED,0,,,true,true,false
2360,2025-07-21T00:00:00.000000,10674,2025-07-22T07:51:36.000000,rejected,7.6,8,2026-03-20T15:14:00.000000,0,true,true,true,true,0,AMBIGUOUS,,,,1,0,LABELED,1,10675,2025-07-23T17:24:09.000000,true,true,true
2361,2025-12-14T00:00:00.000000,10679,2025-12-18T18:33:34.000000,scheduled_visit,11.5,5,2026-06-14T18:40:00.000000,1,true,true,true,true,1,LABELED,1,10679,2025-12-19T06:03:34.000Z,1,3,LABELED,1,10679,2025-12-18T18:33:34.000000,true,true,true
2362,2025-05-31T00:00:00.000000,10684,2025-05-31T10:38:42.000000,accepted,0.5,7,2026-02-01T09:46:00.000000,0,true,true,true,true,0,LABELED,0,,,0,1,LABELED,0,,,true,true,true
2363,2026-04-01T00:00:00.000000,10690,2026-04-01T11:44:27.000000,scheduled_visit,23.4,8,2026-04-12T18:11:25.000000,1,true,true,true,true,1,LABELED,1,10690,2026-04-02T11:08:27.000Z,0,1,LABELED,1,10690,2026-04-01T11:44:27.000000,true,true,true
2364,2025-04-23T00:00:00.000000,10699,2025-05-05T18:41:02.000000,accepted,7.8,3,2026-06-11T07:47:00.000000,0,true,true,true,true,0,LABELED,1,10698,2025-05-07T08:01:05.000Z,0,1,LABELED,1,10698,2025-05-06T18:49:05.000000,true,true,true
2365,2026-06-26T00:00:00.000000,10703,2026-06-26T16:05:15.000000,scheduled_visit,5.9,7,2026-07-07T09:45:56.000000,1,true,true,false,true,1,CENSORED,,,,0,0,CENSORED,,,,false,false,false
2366,2026-02-18T00:00:00.000000,10708,2026-02-24T08:06:17.000000,no_response,16.9,3,2026-05-05T08:39:00.000000,0,true,true,true,true,0,LABELED,0,,,0,1,LABELED,0,,,true,true,true
2367,2025-11-03T00:00:00.000000,10710,2025-11-11T20:08:38.000000,no_response,6.6,2,2025-11-14T08:25:47.000000,0,true,true,true,true,0,AMBIGUOUS,,,,1,0,LABELED,1,10711,2025-11-14T08:25:47.000000,true,true,true
2368,2025-07-13T00:00:00.000000,10713,2025-07-13T12:24:39.000000,accepted,10.1,3,2025-07-26T15:57:10.000000,0,true,true,true,true,0,LABELED,0,,,0,0,LABELED,0,,,true,true,true
2369,2025-07-14T00:00:00.000000,10716,2025-07-17T12:56:49.000000,accepted,0.5,5,2026-06-02T10:22:00.000000,0,true,true,true,true,0,LABELED,1,10717,2025-07-18T19:29:09.000Z,0,3,LABELED,1,10717,2025-07-18T11:23:09.000000,true,true,true
2370,2025-02-19T00:00:00.000000,10720,2025-08-17T08:23:00.000000,no_response,13.9,2,2025-10-21T13:00:00.000000,0,true,true,true,true,0,LABELED,0,,,0,0,LABELED,0,,,true,true,true
2371,2025-09-04T00:00:00.000000,10722,2025-09-08T17:01:54.000000,accepted,6.5,5,2026-05-08T11:34:00.000000,0,true,true,true,true,0,LABELED,0,,,0,0,LABELED,0,,,true,true,true
2372,2025-04-08T00:00:00.000000,10727,2025-04-11T11:16:42.000000,no_response,,3,2026-05-18T14:17:00.000000,0,true,true,true,true,0,LABELED,0,,,0,0,LABELED,0,,,true,true,true
2373,2025-11-10T00:00:00.000000,10735,2025-11-10T09:36:14.000000,accepted,,6,2026-04-12T19:13:00.000000,0,true,true,true,true,0,LABELED,1,10730,2025-11-23T19:35:38.000Z,0,1,LABELED,1,10730,2025-11-23T10:23:38.000000,true,true,true
2374,2025-03-05T00:00:00.000000,10741,2025-03-09T14:31:54.000000,scheduled_visit,14.2,8,2026-05-01T11:31:00.000000,1,true,true,true,true,1,LABELED,1,10741,2025-03-10T04:43:54.000Z,0,2,LABELED,1,10741,2025-03-09T14:31:54.000000,true,true,true
2375,2026-03-27T00:00:00.000000,10750,2026-03-31T12:46:03.000000,accepted,2.3,7,2026-04-10T07:28:00.000000,0,true,true,true,true,0,LABELED,0,,,0,0,LABELED,0,,,true,true,true
2376,2025-01-21T00:00:00.000000,10752,2025-01-21T11:42:07.000000,no_response,4.8,8,2026-05-02T17:42:00.000000,0,true,true,true,true,0,LABELED,0,,,0,1,LABELED,0,,,true,true,true
2377,2026-05-31T00:00:00.000000,10764,2026-05-31T17:20:56.000000,accepted,9.3,7,2026-06-12T11:43:35.000000,0,true,true,true,true,0,LABELED,1,10760,2026-06-07T22:03:15.000Z,0,1,CENSORED,,,,true,false,false
2378,2026-06-25T00:00:00.000000,10767,2026-07-01T18:35:46.000000,accepted,5.3,3,2026-07-08T13:04:53.000000,0,true,false,false,false,,CENSORED,,,,0,0,CENSORED,,,,false,false,false
2379,2025-05-03T00:00:00.000000,10769,2025-05-11T13:01:00.000000,accepted,1.8,2,2026-04-20T20:36:00.000000,0,true,true,true,true,0,LABELED,0,,,0,0,LABELED,0,,,true,true,true
2380,2026-03-24T00:00:00.000000,10771,2026-03-24T13:43:19.000000,accepted,8,5,2026-04-03T15:12:05.000000,0,true,true,true,true,0,LABELED,1,10774,2026-04-03T16:06:05.000Z,0,1,LABELED,1,10774,2026-04-03T15:12:05.000000,true,true,true
2381,2025-05-16T00:00:00.000000,10779,2025-05-17T14:00:16.000000,scheduled_visit,2.1,6,2026-06-15T17:32:00.000000,1,true,true,true,true,1,LABELED,1,10779,2025-05-17T16:06:16.000Z,0,1,LABELED,1,10779,2025-05-17T14:00:16.000000,true,true,true
2382,2025-09-26T00:00:00.000000,10783,2025-10-06T12:15:57.000000,scheduled_visit,9.6,3,2026-04-11T18:25:00.000000,1,true,true,true,true,1,LABELED,1,10783,2025-10-06T21:51:57.000Z,0,1,LABELED,1,10783,2025-10-06T12:15:57.000000,true,true,true
2383,2026-04-02T00:00:00.000000,10789,2026-04-11T13:35:23.000000,accepted,8.2,6,2026-06-27T16:02:00.000000,0,true,true,true,true,0,LABELED,0,,,0,1,LABELED,0,,,true,true,true
2384,2025-04-27T00:00:00.000000,10796,2025-04-29T12:51:18.000000,no_response,0.6,8,2026-03-02T09:29:00.000000,0,true,true,true,true,0,LABELED,0,,,0,0,LABELED,0,,,true,true,true
2385,2025-09-09T00:00:00.000000,10799,2025-09-12T16:40:46.000000,scheduled_visit,6.6,5,2026-05-12T18:18:00.000000,1,true,true,true,true,1,LABELED,1,10799,2025-09-12T23:16:46.000Z,0,2,LABELED,1,10799,2025-09-12T16:40:46.000000,true,true,true
2386,2025-07-22T00:00:00.000000,10808,2025-07-23T14:57:21.000000,rejected,65.8,8,2026-04-12T09:58:00.000000,0,true,true,true,true,0,LABELED,1,10806,2025-07-29T00:30:03.000Z,0,2,LABELED,1,10806,2025-07-28T11:48:03.000000,true,true,true
2387,2025-05-31T00:00:00.000000,10818,2025-06-03T14:04:19.000000,scheduled_visit,4.9,8,2026-06-01T18:38:00.000000,1,true,true,true,true,1,LABELED,1,10818,2025-06-03T18:58:19.000Z,0,1,LABELED,1,10818,2025-06-03T14:04:19.000000,true,true,true
2388,2025-08-22T00:00:00.000000,10823,2025-08-23T08:19:11.000000,scheduled_visit,,5,2025-09-03T10:32:15.000000,1,true,true,true,true,1,AMBIGUOUS,,,,1,0,LABELED,1,10823,2025-08-23T08:19:11.000000,true,true,true
2389,2025-03-07T00:00:00.000000,10825,2025-03-19T17:04:28.000000,scheduled_visit,8.1,1,2025-03-19T17:04:28.000000,1,true,true,true,true,1,LABELED,1,10825,2025-03-20T01:10:28.000Z,0,1,LABELED,1,10825,2025-03-19T17:04:28.000000,true,true,true
2390,2025-10-13T00:00:00.000000,10826,2025-10-17T12:19:18.000000,accepted,1.3,1,2025-10-17T12:19:18.000000,0,true,true,true,true,0,LABELED,0,,,0,0,LABELED,0,,,true,true,true
2391,2025-04-11T00:00:00.000000,10830,2025-04-11T13:20:11.000000,scheduled_visit,5.1,6,2026-02-28T11:28:00.000000,1,true,true,true,true,1,LABELED,1,10830,2025-04-11T18:26:11.000Z,0,1,LABELED,1,10830,2025-04-11T13:20:11.000000,true,true,true
2392,2025-05-30T00:00:00.000000,10834,2025-05-31T16:04:16.000000,rejected,48.7,7,2026-05-18T15:20:00.000000,0,true,true,true,true,0,LABELED,0,,,0,1,LABELED,0,,,true,true,true
2393,2025-07-01T00:00:00.000000,10840,2025-07-13T18:58:10.000000,scheduled_visit,4.2,1,2025-07-13T18:58:10.000000,1,true,true,true,true,1,LABELED,1,10840,2025-07-13T23:10:10.000Z,0,1,LABELED,1,10840,2025-07-13T18:58:10.000000,true,true,true
2394,2025-09-20T00:00:00.000000,10844,2025-09-20T08:51:22.000000,scheduled_visit,,8,2026-06-09T11:44:00.000000,1,true,true,true,true,1,LABELED,1,10843,2025-10-01T18:41:16.000Z,1,1,LABELED,1,10844,2025-09-20T08:51:22.000000,true,true,true
2395,2025-01-16T00:00:00.000000,10849,2025-08-17T16:06:00.000000,accepted,2.7,3,2026-05-30T13:01:00.000000,0,true,true,true,true,0,LABELED,0,,,0,0,LABELED,0,,,true,true,true
2396,2025-01-19T00:00:00.000000,10852,2025-01-22T07:54:52.000000,no_response,7.5,3,2025-09-14T09:48:00.000000,0,true,true,true,true,0,LABELED,0,,,0,0,LABELED,0,,,true,true,true
2397,2026-06-15T00:00:00.000000,10860,2026-06-16T15:41:39.000000,rejected,4.4,8,2026-06-27T20:38:21.000000,0,true,true,false,true,0,CENSORED,,,,0,0,CENSORED,,,,false,false,false
2398,2026-06-17T00:00:00.000000,10863,2026-06-19T12:23:02.000000,accepted,10.7,1,2026-06-19T12:23:02.000000,0,true,true,false,true,0,CENSORED,,,,0,0,CENSORED,,,,false,false,false
2399,2025-10-27T00:00:00.000000,10865,2025-10-27T13:01:50.000000,rejected,5.1,4,2025-11-06T11:17:16.000000,0,true,true,true,true,0,LABELED,0,,,0,0,LABELED,0,,,true,true,true
2400,2025-02-19T00:00:00.000000,10871,2025-02-19T11:06:13.000000,no_response,7.2,5,2025-12-18T20:49:00.000000,0,true,true,true,true,0,LABELED,1,10872,2025-02-20T00:04:31.000Z,0,1,LABELED,1,10872,2025-02-19T14:04:31.000000,true,true,true
2401,2026-03-26T00:00:00.000000,10877,2026-03-26T14:48:06.000000,accepted,77,7,2026-05-06T20:30:00.000000,0,true,true,true,true,0,LABELED,0,,,0,0,LABELED,0,,,true,true,true
2402,2026-04-02T00:00:00.000000,10885,2026-04-04T14:39:32.000000,no_response,,6,2026-06-02T16:24:00.000000,0,true,true,true,true,0,LABELED,1,10882,2026-04-10T11:29:03.000Z,0,1,LABELED,1,10882,2026-04-10T10:59:03.000000,true,true,true
2403,2025-08-29T00:00:00.000000,10892,2025-08-29T08:58:46.000000,accepted,7.3,7,2026-05-09T17:41:00.000000,0,true,true,true,true,0,LABELED,1,10890,2025-09-09T07:45:17.000Z,1,1,LABELED,1,10888,2025-09-07T08:51:00.000000,true,true,true
2404,2025-02-28T00:00:00.000000,10895,2025-05-04T13:14:00.000000,scheduled_visit,4.7,5,2026-05-02T08:29:00.000000,1,true,true,true,true,1,LABELED,1,10895,2025-05-04T17:56:00.000Z,0,2,LABELED,1,10895,2025-05-04T13:14:00.000000,true,true,true
2405,2026-06-07T00:00:00.000000,10900,2026-06-11T15:45:41.000000,rejected,22.1,6,2026-06-19T16:24:19.000000,0,true,true,true,true,0,LABELED,1,10898,2026-06-15T03:34:04.000Z,1,1,CENSORED,,,,false,false,false
2406,2026-05-18T00:00:00.000000,10904,2026-05-19T08:12:24.000000,no_response,1.9,8,2026-05-27T13:37:17.000000,0,true,true,true,true,0,LABELED,1,10907,2026-05-27T04:43:22.000Z,0,1,LABELED,1,10907,2026-05-26T17:31:22.000000,true,true,false
2407,2025-08-20T00:00:00.000000,10914,2025-08-20T19:02:47.000000,scheduled_visit,,7,2026-06-26T08:09:00.000000,1,true,true,true,true,1,AMBIGUOUS,,,,1,2,LABELED,1,10914,2025-08-20T19:02:47.000000,true,true,true
2408,2025-08-08T00:00:00.000000,10919,2025-08-13T11:49:45.000000,rejected,5.3,7,2026-05-18T19:45:00.000000,0,true,true,true,true,0,LABELED,1,10925,2025-08-27T12:26:00.000Z,1,2,LABELED,1,10920,2025-08-17T20:35:07.000000,true,true,true
2409,2025-08-06T00:00:00.000000,10926,2025-08-08T14:20:02.000000,scheduled_visit,11.5,1,2025-08-08T14:20:02.000000,1,true,true,true,true,1,LABELED,1,10926,2025-08-09T01:50:02.000Z,0,1,LABELED,1,10926,2025-08-08T14:20:02.000000,true,true,true
2410,2025-10-30T00:00:00.000000,10927,2025-11-03T07:47:15.000000,rejected,10.2,5,2026-02-26T08:42:00.000000,0,true,true,true,true,0,LABELED,0,,,0,0,LABELED,0,,,true,true,true
2411,2026-02-02T00:00:00.000000,10933,2026-02-02T16:24:02.000000,accepted,7.1,7,2026-04-20T16:07:00.000000,0,true,true,true,true,0,LABELED,1,10935,2026-02-10T08:04:03.000Z,0,2,LABELED,1,10935,2026-02-09T14:22:03.000000,true,true,true
2412,2025-10-03T00:00:00.000000,10939,2025-10-03T15:04:17.000000,accepted,,5,2025-10-15T10:33:50.000000,0,true,true,true,true,0,LABELED,0,,,0,0,LABELED,0,,,true,true,true
2413,2025-11-04T00:00:00.000000,10945,2025-11-06T15:30:48.000000,accepted,5.8,5,2026-04-23T18:18:00.000000,0,true,true,true,true,0,AMBIGUOUS,,,,1,0,LABELED,1,10946,2025-11-16T14:05:53.000000,true,true,true
2414,2025-11-10T00:00:00.000000,10951,2025-11-11T14:46:20.000000,accepted,0.5,3,2025-11-23T10:21:15.000000,0,true,true,true,true,0,LABELED,0,,,0,0,LABELED,0,,,true,true,true
2415,2025-06-17T00:00:00.000000,10955,2025-06-18T19:46:20.000000,no_response,2.5,6,2026-02-15T08:28:00.000000,0,true,true,true,true,0,LABELED,0,,,0,0,LABELED,0,,,true,true,true
2416,2025-12-04T00:00:00.000000,10960,2025-12-05T17:27:26.000000,accepted,11.5,6,2025-12-16T16:39:43.000000,0,true,true,true,true,0,LABELED,1,10961,2025-12-09T08:44:14.000Z,1,2,LABELED,1,10961,2025-12-08T16:20:14.000000,true,true,true
2417,2025-01-01T00:00:00.000000,10964,2025-01-25T12:25:00.000000,accepted,,2,2025-09-14T07:47:00.000000,0,true,true,true,true,0,LABELED,0,,,0,0,LABELED,0,,,true,true,true
2418,2025-08-01T00:00:00.000000,10970,2025-08-08T18:18:18.000000,no_response,29.5,6,2026-06-05T15:38:00.000000,0,true,true,true,true,0,LABELED,0,,,0,1,LABELED,0,,,true,true,true
2419,2025-03-09T00:00:00.000000,10974,2025-03-11T11:33:18.000000,no_response,7.3,6,2026-06-29T20:35:00.000000,0,true,true,true,true,0,LABELED,1,10975,2025-03-22T07:24:21.000Z,0,1,LABELED,1,10975,2025-03-21T08:42:21.000000,true,true,true
2420,2025-06-23T00:00:00.000000,10979,2025-06-26T20:48:42.000000,accepted,11.5,4,2026-05-31T12:12:00.000000,0,true,true,true,true,0,LABELED,0,,,0,1,LABELED,0,,,true,true,true
2421,2025-05-23T00:00:00.000000,10985,2025-05-25T16:43:22.000000,accepted,17.1,6,2026-03-20T09:35:00.000000,0,true,true,true,true,0,LABELED,0,,,0,0,LABELED,0,,,true,true,true
2422,2025-01-03T00:00:00.000000,10988,2025-03-05T12:19:00.000000,accepted,2.1,4,2026-02-25T17:25:00.000000,0,true,true,true,true,0,LABELED,0,,,0,1,LABELED,0,,,true,true,true
2423,2025-02-28T00:00:00.000000,10993,2025-06-14T11:13:00.000000,scheduled_visit,14.9,3,2026-06-01T12:02:00.000000,1,true,true,true,true,1,LABELED,1,10993,2025-06-15T02:07:00.000Z,0,1,LABELED,1,10993,2025-06-14T11:13:00.000000,true,true,true
2424,2026-04-15T00:00:00.000000,11000,2026-04-16T19:17:16.000000,no_response,1.5,8,2026-05-24T18:02:00.000000,0,true,true,true,true,0,LABELED,1,11001,2026-04-20T11:11:24.000Z,0,1,LABELED,1,11001,2026-04-20T09:23:24.000000,true,true,true
2425,2025-10-10T00:00:00.000000,11005,2025-10-13T19:14:08.000000,accepted,19.8,6,2026-04-07T10:20:00.000000,0,true,true,true,true,0,LABELED,0,,,0,1,LABELED,0,,,true,true,true
2426,2026-01-23T00:00:00.000000,11010,2026-01-23T14:31:40.000000,rejected,11.1,8,2026-02-05T11:04:10.000000,0,true,true,true,true,0,LABELED,1,11012,2026-02-06T03:22:10.000Z,0,1,LABELED,1,11012,2026-02-05T11:04:10.000000,true,true,true
2427,2025-07-04T00:00:00.000000,11017,2025-07-06T17:08:14.000000,accepted,11.6,6,2026-02-10T08:31:00.000000,0,true,true,true,true,0,LABELED,0,,,0,1,LABELED,0,,,true,true,true
2428,2025-02-06T00:00:00.000000,11023,2025-12-06T11:15:00.000000,scheduled_visit,18.1,1,2025-12-06T11:15:00.000000,1,true,true,true,true,1,LABELED,1,11023,2025-12-07T05:21:00.000Z,0,1,LABELED,1,11023,2025-12-06T11:15:00.000000,true,true,true
2429,2026-01-16T00:00:00.000000,11026,2026-01-17T14:24:47.000000,accepted,2.5,5,2026-01-27T07:24:48.000000,0,true,true,true,true,0,LABELED,1,11027,2026-01-27T11:06:48.000Z,0,1,LABELED,1,11027,2026-01-27T07:24:48.000000,true,true,true
2430,2025-08-22T00:00:00.000000,11029,2025-08-28T11:19:57.000000,no_response,2.9,3,2026-04-05T09:18:00.000000,0,true,true,true,true,0,LABELED,0,,,0,0,LABELED,0,,,true,true,true
2431,2025-09-17T00:00:00.000000,11032,2025-09-30T18:06:01.000000,no_response,,2,2026-02-19T10:11:00.000000,0,true,true,true,true,0,LABELED,0,,,0,0,LABELED,0,,,true,true,true
2432,2025-02-27T00:00:00.000000,11037,2025-06-01T15:18:00.000000,accepted,18.6,5,2026-05-21T17:52:00.000000,0,true,true,true,true,0,LABELED,0,,,0,0,LABELED,0,,,true,true,true
2433,2025-04-26T00:00:00.000000,11042,2025-05-07T18:44:00.000000,accepted,0.5,7,2026-03-21T15:32:00.000000,0,true,true,true,true,0,LABELED,1,11043,2025-05-10T04:30:00.000Z,0,3,LABELED,1,11043,2025-05-09T15:36:00.000000,true,true,true
2434,2025-11-14T00:00:00.000000,11046,2025-11-24T10:47:12.000000,no_response,1.7,1,2025-11-24T10:47:12.000000,0,true,true,true,true,0,LABELED,0,,,0,0,LABELED,0,,,true,true,true
2435,2025-08-28T00:00:00.000000,11050,2025-09-03T13:05:54.000000,scheduled_visit,27,5,2026-02-14T10:50:00.000000,1,true,true,true,true,1,LABELED,1,11050,2025-09-04T16:05:54.000Z,0,1,LABELED,1,11050,2025-09-03T13:05:54.000000,true,true,true
2436,2025-11-28T00:00:00.000000,11052,2025-11-28T13:21:07.000000,accepted,6.2,7,2026-03-28T10:15:00.000000,0,true,true,true,true,0,LABELED,0,,,0,0,LABELED,0,,,true,true,true
2437,2026-02-02T00:00:00.000000,11061,2026-02-03T11:41:20.000000,accepted,9,8,2026-02-15T10:27:11.000000,0,true,true,true,true,0,LABELED,1,11059,2026-02-15T21:39:11.000Z,0,1,LABELED,1,11059,2026-02-15T10:27:11.000000,true,true,true
2438,2025-10-01T00:00:00.000000,11067,2025-10-13T14:26:24.000000,no_response,0.6,1,2025-10-13T14:26:24.000000,0,true,true,true,true,0,LABELED,0,,,0,0,LABELED,0,,,true,true,true
2439,2025-10-12T00:00:00.000000,11069,2025-10-14T20:37:56.000000,rejected,,7,2026-02-06T14:29:00.000000,0,true,true,true,true,0,LABELED,0,,,0,1,LABELED,0,,,true,true,true
2440,2025-09-19T00:00:00.000000,11076,2025-09-27T14:31:06.000000,accepted,28.1,3,2025-12-26T17:07:00.000000,0,true,true,true,true,0,LABELED,0,,,0,0,LABELED,0,,,true,true,true
2441,2025-08-21T00:00:00.000000,11079,2025-08-28T19:39:13.000000,scheduled_visit,,4,2025-09-02T16:09:59.000000,1,true,true,true,true,1,AMBIGUOUS,,,,1,0,LABELED,1,11079,2025-08-28T19:39:13.000000,true,true,true
2442,2025-12-23T00:00:00.000000,11083,2025-12-23T15:24:54.000000,no_response,6.4,2,2025-12-26T13:03:40.000000,0,true,true,true,true,0,LABELED,0,,,0,0,LABELED,0,,,true,true,true
2443,2025-07-16T00:00:00.000000,11088,2025-07-16T17:54:00.000000,rejected,5.3,8,2026-06-08T16:17:00.000000,0,true,true,true,true,0,LABELED,1,11084,2025-07-23T23:36:54.000Z,0,3,LABELED,1,11084,2025-07-23T10:30:54.000000,true,true,true
2444,2025-08-18T00:00:00.000000,11092,2025-12-24T13:20:00.000000,scheduled_visit,2.8,2,2026-06-02T10:53:00.000000,1,true,true,true,true,1,LABELED,1,11092,2025-12-24T16:08:00.000Z,0,1,LABELED,1,11092,2025-12-24T13:20:00.000000,true,true,true
2445,2026-01-14T00:00:00.000000,11098,2026-01-15T13:28:37.000000,scheduled_visit,0.5,7,2026-03-07T13:59:00.000000,1,true,true,true,true,1,LABELED,1,11098,2026-01-15T13:58:37.000Z,1,1,LABELED,1,11098,2026-01-15T13:28:37.000000,true,true,true
2446,2026-05-07T00:00:00.000000,11104,2026-05-09T15:24:38.000000,accepted,9.7,5,2026-05-19T15:22:28.000000,0,true,true,true,true,0,LABELED,0,,,0,0,LABELED,0,,,true,true,true
2447,2026-01-26T00:00:00.000000,11107,2026-01-31T10:11:23.000000,scheduled_visit,,6,2026-05-11T17:20:00.000000,1,true,true,true,true,1,AMBIGUOUS,,,,1,0,LABELED,1,11107,2026-01-31T10:11:23.000000,true,true,true
2448,2025-11-20T00:00:00.000000,11113,2025-11-21T14:59:46.000000,scheduled_visit,5.9,6,2026-03-04T20:49:00.000000,1,true,true,true,true,1,LABELED,1,11113,2025-11-21T20:53:46.000Z,0,1,LABELED,1,11113,2025-11-21T14:59:46.000000,true,true,true
2449,2025-12-10T00:00:00.000000,11120,2025-12-13T10:42:55.000000,rejected,19.4,3,2026-05-04T12:39:00.000000,0,true,true,true,true,0,LABELED,0,,,0,0,LABELED,0,,,true,true,true
2450,2025-03-06T00:00:00.000000,11123,2025-03-06T18:36:47.000000,scheduled_visit,,5,2026-04-11T14:51:00.000000,1,true,true,true,true,1,AMBIGUOUS,,,,1,0,LABELED,1,11123,2025-03-06T18:36:47.000000,true,true,true
2451,2025-11-08T00:00:00.000000,11126,2025-12-24T12:35:00.000000,accepted,12.3,1,2025-12-24T12:35:00.000000,0,true,true,true,true,0,LABELED,0,,,0,0,LABELED,0,,,true,true,true
2452,2025-11-28T00:00:00.000000,11134,2025-11-30T11:41:27.000000,accepted,17.9,8,2026-06-28T16:41:00.000000,0,true,true,true,true,0,LABELED,1,11131,2025-12-09T05:44:47.000Z,0,1,LABELED,1,11131,2025-12-08T17:20:47.000000,true,true,true
2453,2025-07-15T00:00:00.000000,11139,2025-07-21T14:43:10.000000,no_response,1.7,7,2026-06-20T15:15:00.000000,0,true,true,true,true,0,LABELED,0,,,0,1,LABELED,0,,,true,true,true
2454,2026-01-27T00:00:00.000000,11143,2026-01-27T11:27:13.000000,scheduled_visit,,7,2026-03-05T08:59:00.000000,1,true,true,true,true,1,LABELED,1,11147,2026-02-01T20:42:47.000Z,1,1,LABELED,1,11143,2026-01-27T11:27:13.000000,true,true,true
2455,2026-02-12T00:00:00.000000,11150,2026-02-12T07:22:06.000000,scheduled_visit,,5,2026-04-22T18:20:00.000000,1,true,true,true,true,1,LABELED,1,11153,2026-02-26T06:56:00.000Z,1,1,LABELED,1,11150,2026-02-12T07:22:06.000000,true,true,true
2456,2026-05-29T00:00:00.000000,11161,2026-05-29T18:38:09.000000,accepted,,8,2026-06-09T11:29:20.000000,0,true,true,true,true,0,LABELED,0,,,0,0,LABELED,0,,,true,true,false
2457,2026-04-24T00:00:00.000000,11162,2026-04-24T14:27:26.000000,scheduled_visit,3.5,4,2026-05-03T18:39:22.000000,1,true,true,true,true,1,LABELED,1,11162,2026-04-24T17:57:26.000Z,1,1,LABELED,1,11162,2026-04-24T14:27:26.000000,true,true,true
2458,2025-09-08T00:00:00.000000,11167,2025-09-12T10:23:43.000000,scheduled_visit,10.3,3,2025-12-25T07:52:00.000000,1,true,true,true,true,1,LABELED,1,11167,2025-09-12T20:41:43.000Z,0,1,LABELED,1,11167,2025-09-12T10:23:43.000000,true,true,true
2459,2025-03-10T00:00:00.000000,11169,2025-03-21T15:06:03.000000,accepted,23.3,4,2025-12-05T14:00:00.000000,0,true,true,true,true,0,LABELED,0,,,0,1,LABELED,0,,,true,true,true
2460,2025-04-04T00:00:00.000000,11175,2025-04-11T09:52:05.000000,accepted,,7,2026-03-13T17:09:00.000000,0,true,true,true,true,0,LABELED,0,,,0,2,LABELED,0,,,true,true,true
2461,2026-05-18T00:00:00.000000,11180,2026-05-29T10:48:30.000000,rejected,5.9,1,2026-05-29T10:48:30.000000,0,true,true,true,true,0,LABELED,0,,,0,0,LABELED,0,,,true,true,false
2462,2025-06-05T00:00:00.000000,11185,2025-06-17T07:25:54.000000,scheduled_visit,3.6,5,2026-06-08T11:20:00.000000,1,true,true,true,true,1,LABELED,1,11185,2025-06-17T11:01:54.000Z,0,1,LABELED,1,11185,2025-06-17T07:25:54.000000,true,true,true
2463,2025-05-07T00:00:00.000000,11189,2025-05-10T14:18:00.000000,accepted,3.4,8,2026-01-11T19:52:00.000000,0,true,true,true,true,0,LABELED,0,,,0,1,LABELED,0,,,true,true,true
2464,2025-11-18T00:00:00.000000,11195,2025-11-20T18:39:36.000000,no_response,,3,2025-11-27T10:55:31.000000,0,true,true,true,true,0,LABELED,1,11196,2025-11-28T01:55:31.000Z,0,1,LABELED,1,11196,2025-11-27T10:55:31.000000,true,true,true
2465,2025-03-15T00:00:00.000000,11201,2025-03-15T09:27:38.000000,scheduled_visit,6.3,8,2026-02-28T14:55:00.000000,1,true,true,true,true,1,LABELED,1,11201,2025-03-15T15:45:38.000Z,0,2,LABELED,1,11201,2025-03-15T09:27:38.000000,true,true,true
2466,2025-02-14T00:00:00.000000,11206,2025-02-15T20:30:17.000000,accepted,37.6,3,2026-02-18T08:16:00.000000,0,true,true,true,true,0,LABELED,0,,,0,1,LABELED,0,,,true,true,true
2467,2025-12-31T00:00:00.000000,11211,2026-01-06T16:57:30.000000,scheduled_visit,22.6,4,2026-05-20T12:39:00.000000,1,true,true,true,true,1,LABELED,1,11211,2026-01-07T15:33:30.000Z,0,1,LABELED,1,11211,2026-01-06T16:57:30.000000,true,true,true
2468,2025-03-03T00:00:00.000000,11212,2025-03-11T10:32:55.000000,rejected,,7,2026-05-06T08:04:00.000000,0,true,true,true,true,0,LABELED,0,,,0,0,LABELED,0,,,true,true,true
2469,2025-08-28T00:00:00.000000,11220,2025-09-03T08:15:57.000000,no_response,23.7,3,2025-09-10T07:09:06.000000,0,true,true,true,true,0,LABELED,1,11221,2025-09-10T11:03:06.000Z,0,1,LABELED,1,11221,2025-09-10T07:09:06.000000,true,true,true
2470,2025-12-07T00:00:00.000000,11225,2025-12-13T17:15:55.000000,scheduled_visit,2.3,7,2026-06-14T13:01:00.000000,1,true,true,true,true,1,LABELED,1,11225,2025-12-13T19:33:55.000Z,0,1,LABELED,1,11225,2025-12-13T17:15:55.000000,true,true,true
2471,2026-06-20T00:00:00.000000,11230,2026-06-21T12:01:59.000000,accepted,12.9,6,2026-06-27T07:43:49.000000,0,true,true,false,true,0,CENSORED,,,,0,0,CENSORED,,,,false,false,false
2472,2025-06-27T00:00:00.000000,11235,2025-07-09T11:31:49.000000,scheduled_visit,1.6,2,2025-07-10T10:05:21.000000,1,true,true,true,true,1,LABELED,1,11235,2025-07-09T13:07:49.000Z,1,1,LABELED,1,11235,2025-07-09T11:31:49.000000,true,true,true
2473,2025-08-15T00:00:00.000000,11242,2025-08-15T10:49:28.000000,rejected,0.9,7,2026-02-28T14:13:00.000000,0,true,true,true,true,0,LABELED,1,11237,2025-08-20T15:18:07.000Z,0,1,LABELED,1,11237,2025-08-20T14:24:07.000000,true,true,true
2474,2025-10-01T00:00:00.000000,11246,2025-10-03T09:22:55.000000,accepted,13.6,6,2026-06-09T11:03:00.000000,0,true,true,true,true,0,LABELED,0,,,0,0,LABELED,0,,,true,true,true
2475,2025-12-24T00:00:00.000000,11251,2026-01-01T20:22:41.000000,no_response,16.8,6,2026-02-23T10:09:00.000000,0,true,true,true,true,0,LABELED,0,,,0,0,LABELED,0,,,true,true,true
2476,2025-04-23T00:00:00.000000,11263,2025-04-25T12:54:12.000000,accepted,9.2,8,2026-02-14T10:42:00.000000,0,true,true,true,true,0,LABELED,0,,,0,0,LABELED,0,,,true,true,true
2477,2025-03-23T00:00:00.000000,11265,2025-03-27T15:11:19.000000,accepted,,6,2025-12-09T18:42:00.000000,0,true,true,true,true,0,LABELED,0,,,0,0,LABELED,0,,,true,true,true
2478,2026-01-26T00:00:00.000000,11270,2026-02-01T10:15:17.000000,accepted,8.4,3,2026-02-06T19:34:03.000000,0,true,true,true,true,0,LABELED,1,11271,2026-02-06T00:14:18.000Z,0,1,LABELED,1,11271,2026-02-05T12:38:18.000000,true,true,true
2479,2025-08-18T00:00:00.000000,11279,2025-08-24T17:23:25.000000,accepted,11,7,2026-04-20T07:16:00.000000,0,true,true,true,true,0,LABELED,0,,,0,0,LABELED,0,,,true,true,true
2480,2025-09-30T00:00:00.000000,11280,2025-10-05T17:27:28.000000,accepted,0.5,5,2025-11-13T15:36:00.000000,0,true,true,true,true,0,LABELED,1,11282,2025-10-06T04:53:21.000Z,0,1,LABELED,1,11282,2025-10-05T19:11:21.000000,true,true,true
2481,2026-01-08T00:00:00.000000,11285,2026-01-14T19:37:25.000000,accepted,4.3,1,2026-01-14T19:37:25.000000,0,true,true,true,true,0,LABELED,0,,,0,0,LABELED,0,,,true,true,true
2482,2025-09-08T00:00:00.000000,11286,2025-09-16T10:40:09.000000,no_response,,7,2026-05-26T14:37:00.000000,0,true,true,true,true,0,LABELED,1,11290,2025-10-02T00:24:00.000Z,0,2,LABELED,1,11290,2025-10-01T15:24:00.000000,true,true,true
2483,2025-03-08T00:00:00.000000,11293,2025-03-15T11:17:00.000000,rejected,,4,2025-10-11T15:17:00.000000,0,true,true,true,true,0,LABELED,0,,,0,1,LABELED,0,,,true,true,true
2484,2025-07-29T00:00:00.000000,11299,2025-08-05T08:59:36.000000,accepted,,3,2025-08-18T15:14:00.000000,0,true,true,true,true,0,AMBIGUOUS,,,,1,0,LABELED,1,11297,2025-08-07T14:05:31.000000,true,true,true
2485,2025-11-10T00:00:00.000000,11300,2025-11-23T10:58:39.000000,scheduled_visit,2.6,1,2025-11-23T10:58:39.000000,1,true,true,true,true,1,LABELED,1,11300,2025-11-23T13:34:39.000Z,0,1,LABELED,1,11300,2025-11-23T10:58:39.000000,true,true,true
2486,2025-11-25T00:00:00.000000,11301,2025-12-05T19:34:51.000000,accepted,19.9,1,2025-12-05T19:34:51.000000,0,true,true,true,true,0,LABELED,0,,,0,0,LABELED,0,,,true,true,true
2487,2026-06-06T00:00:00.000000,11305,2026-06-06T09:35:24.000000,accepted,11.8,6,2026-06-18T16:28:28.000000,0,true,true,true,true,0,LABELED,1,11307,2026-06-10T19:35:02.000Z,0,1,CENSORED,,,,true,false,false
2488,2025-06-02T00:00:00.000000,11310,2025-06-03T12:16:45.000000,no_response,9.3,6,2026-01-08T16:35:00.000000,0,true,true,true,true,0,LABELED,1,11308,2025-06-07T05:23:22.000Z,0,2,LABELED,1,11308,2025-06-06T19:17:22.000000,true,true,true
2489,2025-06-12T00:00:00.000000,11314,2025-06-15T11:38:19.000000,accepted,14.3,2,2025-06-17T16:10:12.000000,0,true,true,true,true,0,LABELED,0,,,0,0,LABELED,0,,,true,true,true
2490,2026-03-10T00:00:00.000000,11318,2026-03-10T09:52:59.000000,accepted,3.2,6,2026-03-22T12:06:11.000000,0,true,true,true,true,0,LABELED,0,,,0,0,LABELED,0,,,true,true,true
2491,2025-11-25T00:00:00.000000,11326,2025-11-25T14:25:45.000000,accepted,28.7,8,2026-03-10T16:46:00.000000,0,true,true,true,true,0,LABELED,1,11325,2025-11-28T09:14:17.000Z,1,1,LABELED,1,11325,2025-11-28T07:50:17.000000,true,true,true
2492,2025-04-14T00:00:00.000000,11330,2026-02-28T20:11:00.000000,scheduled_visit,21.8,1,2026-02-28T20:11:00.000000,1,true,true,true,true,1,LABELED,1,11330,2026-03-01T17:59:00.000Z,0,1,LABELED,1,11330,2026-02-28T20:11:00.000000,true,true,true
2493,2025-12-10T00:00:00.000000,11332,2025-12-10T17:11:30.000000,accepted,0.5,8,2026-06-13T18:50:00.000000,0,true,true,true,true,0,LABELED,1,11334,2025-12-18T19:30:49.000Z,0,1,LABELED,1,11334,2025-12-17T14:54:49.000000,true,true,true
2494,2026-04-13T00:00:00.000000,11341,2026-04-13T14:51:23.000000,scheduled_visit,16,5,2026-04-26T16:47:35.000000,1,true,true,true,true,1,LABELED,1,11341,2026-04-14T06:51:23.000Z,0,2,LABELED,1,11341,2026-04-13T14:51:23.000000,true,true,true
2495,2026-04-02T00:00:00.000000,11344,2026-04-02T11:17:15.000000,accepted,4.4,8,2026-04-15T18:19:27.000000,0,true,true,true,true,0,LABELED,1,11350,2026-04-16T03:19:27.000Z,0,1,LABELED,1,11350,2026-04-15T18:19:27.000000,true,true,true
2496,2025-10-27T00:00:00.000000,11354,2025-10-30T11:30:09.000000,rejected,1.9,3,2026-02-10T14:31:00.000000,0,true,true,true,true,0,LABELED,0,,,0,0,LABELED,0,,,true,true,true
2497,2025-03-25T00:00:00.000000,11358,2025-03-26T16:51:29.000000,rejected,13.9,5,2025-11-22T17:51:00.000000,0,true,true,true,true,0,LABELED,0,,,0,2,LABELED,0,,,true,true,true
2498,2025-09-23T00:00:00.000000,11361,2025-09-23T16:35:41.000000,accepted,17.2,3,2025-10-11T07:14:00.000000,0,true,true,true,true,0,LABELED,0,,,0,0,LABELED,0,,,true,true,true
2499,2026-01-26T00:00:00.000000,11365,2026-01-29T14:32:12.000000,accepted,6.1,4,2026-06-16T20:14:00.000000,0,true,true,true,true,0,LABELED,0,,,0,0,LABELED,0,,,true,true,true
2500,2026-03-13T00:00:00.000000,11367,2026-03-17T15:40:36.000000,accepted,13.6,1,2026-03-17T15:40:36.000000,0,true,true,true,true,0,LABELED,0,,,0,0,LABELED,0,,,true,true,true
2501,2025-10-30T00:00:00.000000,11368,2025-11-01T10:13:23.000000,no_response,13.1,7,2026-01-29T11:34:00.000000,0,true,true,true,true,0,LABELED,1,11372,2025-11-03T16:10:53.000Z,0,2,LABELED,1,11372,2025-11-02T15:22:53.000000,true,true,true
2502,2025-04-13T00:00:00.000000,11377,2025-04-13T07:25:51.000000,scheduled_visit,,3,2025-05-15T12:45:00.000000,1,true,true,true,true,1,AMBIGUOUS,,,,1,0,LABELED,1,11377,2025-04-13T07:25:51.000000,true,true,true
2503,2025-10-24T00:00:00.000000,11384,2025-10-24T18:34:02.000000,scheduled_visit,4.4,8,2026-04-25T16:08:00.000000,1,true,true,true,true,1,LABELED,1,11384,2025-10-24T22:58:02.000Z,0,3,LABELED,1,11384,2025-10-24T18:34:02.000000,true,true,true
2504,2025-03-13T00:00:00.000000,11386,2025-03-18T15:39:43.000000,accepted,8.7,4,2026-06-20T07:35:00.000000,0,true,true,true,true,0,LABELED,0,,,0,2,LABELED,0,,,true,true,true
2505,2025-12-14T00:00:00.000000,11393,2025-12-15T10:22:40.000000,accepted,29,5,2026-04-23T17:19:00.000000,0,true,true,true,true,0,LABELED,0,,,0,1,LABELED,0,,,true,true,true
2506,2026-03-02T00:00:00.000000,11398,2026-03-04T16:26:28.000000,rejected,2.6,4,2026-03-12T07:31:30.000000,0,true,true,true,true,0,LABELED,1,11397,2026-03-08T05:32:42.000Z,0,1,LABELED,1,11397,2026-03-07T15:56:42.000000,true,true,true
2507,2026-03-09T00:00:00.000000,11401,2026-03-09T17:50:32.000000,accepted,21.6,4,2026-05-29T15:51:00.000000,0,true,true,true,true,0,LABELED,1,11400,2026-03-12T12:07:26.000Z,0,1,LABELED,1,11400,2026-03-11T20:13:26.000000,true,true,true
2508,2025-10-05T00:00:00.000000,11403,2026-02-01T11:02:00.000000,accepted,2.6,1,2026-02-01T11:02:00.000000,0,true,true,true,true,0,LABELED,0,,,0,0,LABELED,0,,,true,true,true
2509,2026-01-28T00:00:00.000000,11408,2026-02-01T09:44:31.000000,accepted,3.9,5,2026-05-17T10:09:00.000000,0,true,true,true,true,0,AMBIGUOUS,,,,1,1,LABELED,1,11405,2026-02-05T07:57:39.000000,true,true,true
2510,2025-02-24T00:00:00.000000,11409,2025-08-10T18:50:00.000000,rejected,4.1,1,2025-08-10T18:50:00.000000,0,true,true,true,true,0,LABELED,0,,,0,0,LABELED,0,,,true,true,true
2511,2025-01-30T00:00:00.000000,11410,2025-02-05T15:31:00.000000,no_response,20.9,1,2025-02-05T15:31:00.000000,0,true,true,true,true,0,LABELED,0,,,0,0,LABELED,0,,,true,true,true
2512,2025-03-16T00:00:00.000000,11412,2025-03-18T09:53:54.000000,scheduled_visit,30.7,7,2026-05-27T10:07:00.000000,1,true,true,true,true,1,LABELED,1,11412,2025-03-19T16:35:54.000Z,0,3,LABELED,1,11412,2025-03-18T09:53:54.000000,true,true,true
2513,2025-09-19T00:00:00.000000,11419,2025-09-19T18:32:12.000000,accepted,6,2,2026-02-03T15:51:00.000000,0,true,true,true,true,0,LABELED,0,,,0,0,LABELED,0,,,true,true,true
2514,2026-05-16T00:00:00.000000,11423,2026-05-16T07:27:41.000000,accepted,3.9,8,2026-05-27T18:19:22.000000,0,true,true,true,true,0,LABELED,1,11420,2026-05-24T15:02:29.000Z,0,1,LABELED,1,11420,2026-05-23T13:50:29.000000,true,true,false
2515,2026-01-02T00:00:00.000000,11429,2026-01-02T19:13:43.000000,accepted,,8,2026-06-16T12:07:00.000000,0,true,true,true,true,0,LABELED,1,11435,2026-01-10T05:14:31.000Z,0,1,LABELED,1,11435,2026-01-09T09:08:31.000000,true,true,true
2516,2025-10-06T00:00:00.000000,11439,2025-10-06T18:01:59.000000,accepted,12.7,5,2026-04-07T08:08:00.000000,0,true,true,true,true,0,LABELED,1,11438,2025-10-13T11:28:12.000Z,0,1,LABELED,1,11438,2025-10-13T09:40:12.000000,true,true,true
2517,2025-01-06T00:00:00.000000,11441,2025-10-26T09:07:00.000000,no_response,3.7,1,2025-10-26T09:07:00.000000,0,true,true,true,true,0,LABELED,0,,,0,0,LABELED,0,,,true,true,true
2518,2025-05-05T00:00:00.000000,11445,2025-05-06T09:31:36.000000,accepted,3.2,7,2026-06-16T16:32:00.000000,0,true,true,true,true,0,LABELED,0,,,0,3,LABELED,0,,,true,true,true
2519,2025-06-13T00:00:00.000000,11450,2025-06-16T17:19:54.000000,no_response,12.3,7,2026-04-29T09:32:00.000000,0,true,true,true,true,0,LABELED,0,,,0,1,LABELED,0,,,true,true,true
2520,2025-02-13T00:00:00.000000,11456,2026-01-28T10:33:00.000000,scheduled_visit,13.8,1,2026-01-28T10:33:00.000000,1,true,true,true,true,1,LABELED,1,11456,2026-01-29T00:21:00.000Z,0,1,LABELED,1,11456,2026-01-28T10:33:00.000000,true,true,true
2521,2025-03-04T00:00:00.000000,11460,2025-03-04T14:12:10.000000,accepted,1.8,7,2026-03-12T14:01:00.000000,0,true,true,true,true,0,LABELED,0,,,0,0,LABELED,0,,,true,true,true
2522,2025-09-22T00:00:00.000000,11464,2025-09-22T15:13:40.000000,no_response,6.6,5,2026-04-15T14:14:00.000000,0,true,true,true,true,0,LABELED,0,,,0,1,LABELED,0,,,true,true,true
2523,2025-06-22T00:00:00.000000,11470,2025-06-29T14:45:59.000000,accepted,16.1,4,2025-11-13T19:34:00.000000,0,true,true,true,true,0,LABELED,0,,,0,0,LABELED,0,,,true,true,true
2524,2025-07-31T00:00:00.000000,11474,2025-08-13T07:06:15.000000,accepted,1.6,2,2026-04-28T18:05:00.000000,0,true,true,true,true,0,LABELED,0,,,0,0,LABELED,0,,,true,true,true
2525,2026-02-19T00:00:00.000000,11476,2026-03-03T08:45:08.000000,accepted,,2,2026-03-03T18:59:51.000000,0,true,true,true,true,0,LABELED,1,11475,2026-03-03T19:53:51.000Z,0,1,LABELED,1,11475,2026-03-03T18:59:51.000000,true,true,true
2526,2025-06-23T00:00:00.000000,11482,2025-07-01T16:21:54.000000,scheduled_visit,6,7,2026-02-16T14:03:00.000000,1,true,true,true,true,1,LABELED,1,11482,2025-07-01T22:21:54.000Z,0,3,LABELED,1,11482,2025-07-01T16:21:54.000000,true,true,true
2527,2026-03-05T00:00:00.000000,11486,2026-03-07T18:12:13.000000,accepted,,3,2026-04-28T09:39:00.000000,0,true,true,true,true,0,LABELED,0,,,0,0,LABELED,0,,,true,true,true
2528,2026-04-30T00:00:00.000000,11494,2026-04-30T11:42:07.000000,scheduled_visit,7.5,8,2026-05-18T15:04:00.000000,1,true,true,true,true,1,LABELED,1,11494,2026-04-30T19:12:07.000Z,0,2,LABELED,1,11494,2026-04-30T11:42:07.000000,true,true,true
2529,2026-01-01T00:00:00.000000,11498,2026-01-06T20:59:00.000000,rejected,,4,2026-02-17T16:49:00.000000,0,true,true,true,true,0,LABELED,0,,,0,0,LABELED,0,,,true,true,true
2530,2026-01-02T00:00:00.000000,11503,2026-01-03T12:46:54.000000,accepted,5.4,7,2026-06-16T17:34:00.000000,0,true,true,true,true,0,LABELED,1,11502,2026-01-11T19:49:07.000Z,0,3,LABELED,1,11502,2026-01-11T18:25:07.000000,true,true,true
2531,2025-03-15T00:00:00.000000,11508,2025-03-20T17:09:05.000000,no_response,1.3,3,2026-04-08T11:44:00.000000,0,true,true,true,true,0,LABELED,0,,,0,1,LABELED,0,,,true,true,true
2532,2025-01-28T00:00:00.000000,11510,2025-04-12T20:30:00.000000,accepted,,3,2025-08-01T10:13:00.000000,0,true,true,true,true,0,LABELED,0,,,0,0,LABELED,0,,,true,true,true
2533,2026-01-31T00:00:00.000000,11512,2026-02-02T09:27:07.000000,scheduled_visit,1.3,6,2026-05-10T11:32:00.000000,1,true,true,true,true,1,LABELED,1,11512,2026-02-02T10:45:07.000Z,0,1,LABELED,1,11512,2026-02-02T09:27:07.000000,true,true,true
2534,2025-11-14T00:00:00.000000,11519,2025-11-17T18:13:01.000000,scheduled_visit,5.5,5,2025-11-24T18:39:54.000000,1,true,true,true,true,1,LABELED,1,11519,2025-11-17T23:43:01.000Z,0,2,LABELED,1,11519,2025-11-17T18:13:01.000000,true,true,true
2535,2026-02-02T00:00:00.000000,11526,2026-02-03T09:52:06.000000,accepted,21.5,6,2026-02-14T13:39:20.000000,0,true,true,true,true,0,LABELED,1,11525,2026-02-08T21:56:34.000Z,0,2,LABELED,1,11525,2026-02-08T18:20:34.000000,true,true,true
2536,2025-12-14T00:00:00.000000,11533,2025-12-15T16:09:32.000000,accepted,1.4,6,2026-05-29T10:56:00.000000,0,true,true,true,true,0,LABELED,1,11529,2025-12-17T11:58:48.000Z,0,2,LABELED,1,11529,2025-12-16T08:28:48.000000,true,true,true
2537,2025-01-24T00:00:00.000000,11538,2025-02-06T18:24:28.000000,accepted,16.7,5,2026-04-06T13:43:00.000000,0,true,true,true,true,0,LABELED,0,,,0,1,LABELED,0,,,true,true,true
2538,2025-10-27T00:00:00.000000,11541,2025-11-03T19:11:19.000000,scheduled_visit,10.2,2,2025-11-07T08:35:00.000000,1,true,true,true,true,1,LABELED,1,11541,2025-11-04T05:23:19.000Z,0,2,LABELED,1,11541,2025-11-03T19:11:19.000000,true,true,true
2539,2025-10-29T00:00:00.000000,11542,2025-11-11T18:04:16.000000,accepted,16.1,3,2026-06-17T17:13:00.000000,0,true,true,true,true,0,LABELED,0,,,0,0,LABELED,0,,,true,true,true
2540,2025-12-28T00:00:00.000000,11546,2025-12-30T08:21:49.000000,no_response,4.4,4,2026-06-08T19:42:00.000000,0,true,true,true,true,0,LABELED,0,,,0,0,LABELED,0,,,true,true,true
2541,2025-10-02T00:00:00.000000,11554,2025-10-02T13:15:55.000000,accepted,17.9,8,2026-06-04T08:17:00.000000,0,true,true,true,true,0,LABELED,0,,,0,0,LABELED,0,,,true,true,true
2542,2025-09-16T00:00:00.000000,11557,2025-09-23T14:48:39.000000,accepted,1.2,1,2025-09-23T14:48:39.000000,0,true,true,true,true,0,LABELED,0,,,0,0,LABELED,0,,,true,true,true
2543,2025-12-19T00:00:00.000000,11558,2025-12-24T14:34:51.000000,no_response,35.8,2,2025-12-26T17:07:04.000000,0,true,true,true,true,0,LABELED,0,,,0,0,LABELED,0,,,true,true,true
2544,2025-12-01T00:00:00.000000,11566,2025-12-05T11:10:37.000000,no_response,6.4,8,2026-06-10T18:45:00.000000,0,true,true,true,true,0,LABELED,1,11567,2025-12-15T00:29:24.000Z,0,1,LABELED,1,11567,2025-12-14T19:11:24.000000,true,true,true
2545,2026-01-12T00:00:00.000000,11574,2026-01-14T07:16:26.000000,accepted,9.7,7,2026-06-11T09:27:00.000000,0,true,true,true,true,0,LABELED,0,,,0,0,LABELED,0,,,true,true,true
2546,2025-06-06T00:00:00.000000,11576,2025-06-14T07:21:12.000000,accepted,6.9,8,2026-06-07T09:20:00.000000,0,true,true,true,true,0,LABELED,0,,,0,0,LABELED,0,,,true,true,true
2547,2025-02-06T00:00:00.000000,11583,2026-05-31T19:43:00.000000,no_response,1.6,1,2026-05-31T19:43:00.000000,0,true,true,true,true,0,LABELED,0,,,0,0,CENSORED,,,,true,false,false
2548,2025-09-17T00:00:00.000000,11585,2025-09-18T20:37:32.000000,rejected,4.3,2,2025-09-19T12:45:33.000000,0,true,true,true,true,0,LABELED,0,,,0,0,LABELED,0,,,true,true,true
2549,2025-05-16T00:00:00.000000,11591,2025-05-21T16:54:52.000000,scheduled_visit,,7,2026-05-28T16:22:00.000000,1,true,true,true,true,1,LABELED,1,11592,2025-05-22T08:13:44.000Z,1,1,LABELED,1,11591,2025-05-21T16:54:52.000000,true,true,true
2550,2025-04-15T00:00:00.000000,11594,2025-04-24T13:27:45.000000,no_response,6.2,8,2026-04-06T16:29:00.000000,0,true,true,true,true,0,LABELED,0,,,0,1,LABELED,0,,,true,true,true
2551,2026-03-27T00:00:00.000000,11601,2026-03-29T15:34:35.000000,no_response,57.4,8,2026-06-25T11:42:00.000000,0,true,true,true,true,0,LABELED,1,11602,2026-04-08T00:29:24.000Z,0,1,LABELED,1,11602,2026-04-07T20:11:24.000000,true,true,true
2552,2025-11-03T00:00:00.000000,11609,2025-11-06T11:59:24.000000,accepted,4.8,5,2026-04-12T11:42:00.000000,0,true,true,true,true,0,LABELED,1,11611,2025-11-08T17:57:16.000Z,0,2,LABELED,1,11611,2025-11-07T15:33:16.000000,true,true,true
2553,2025-10-10T00:00:00.000000,11617,2025-10-16T15:38:58.000000,accepted,0.5,5,2026-05-11T12:01:00.000000,0,true,true,true,true,0,LABELED,0,,,0,0,LABELED,0,,,true,true,true
2554,2025-06-17T00:00:00.000000,11619,2025-06-30T07:55:34.000000,accepted,10.9,1,2025-06-30T07:55:34.000000,0,true,true,true,true,0,LABELED,0,,,0,0,LABELED,0,,,true,true,true
2555,2026-03-20T00:00:00.000000,11620,2026-03-22T16:40:09.000000,accepted,0.5,6,2026-04-14T08:20:00.000000,0,true,true,true,true,0,LABELED,0,,,0,0,LABELED,0,,,true,true,true
2556,2026-04-13T00:00:00.000000,11626,2026-04-13T07:51:35.000000,accepted,21,1,2026-04-13T07:51:35.000000,0,true,true,true,true,0,LABELED,0,,,0,0,LABELED,0,,,true,true,true
2557,2025-05-20T00:00:00.000000,11629,2025-05-27T19:29:32.000000,scheduled_visit,0.6,6,2026-06-12T12:19:00.000000,1,true,true,true,true,1,LABELED,1,11629,2025-05-27T20:05:32.000Z,0,2,LABELED,1,11629,2025-05-27T19:29:32.000000,true,true,true
2558,2025-09-22T00:00:00.000000,11636,2025-09-27T20:40:38.000000,scheduled_visit,1.7,4,2025-10-04T13:49:00.000000,1,true,true,true,true,1,LABELED,1,11636,2025-09-27T22:22:38.000Z,0,1,LABELED,1,11636,2025-09-27T20:40:38.000000,true,true,true
2559,2026-05-28T00:00:00.000000,11637,2026-06-02T20:23:47.000000,rejected,28.4,2,2026-06-03T09:35:58.000000,0,true,true,true,true,0,LABELED,0,,,0,0,CENSORED,,,,true,false,false
2560,2025-11-17T00:00:00.000000,11639,2025-11-21T20:37:32.000000,scheduled_visit,7.2,1,2025-11-21T20:37:32.000000,1,true,true,true,true,1,LABELED,1,11639,2025-11-22T03:49:32.000Z,0,1,LABELED,1,11639,2025-11-21T20:37:32.000000,true,true,true
2561,2025-09-10T00:00:00.000000,11641,2025-09-11T17:34:52.000000,accepted,18.2,5,2026-03-11T20:04:00.000000,0,true,true,true,true,0,LABELED,0,,,0,0,LABELED,0,,,true,true,true
2562,2026-02-12T00:00:00.000000,11645,2026-02-12T13:11:28.000000,scheduled_visit,22.4,3,2026-02-24T18:09:58.000000,1,true,true,true,true,1,LABELED,1,11645,2026-02-13T11:35:28.000Z,0,1,LABELED,1,11645,2026-02-12T13:11:28.000000,true,true,true
2563,2025-09-23T00:00:00.000000,11648,2025-09-25T12:58:09.000000,scheduled_visit,10,7,2026-06-29T17:01:00.000000,1,true,true,true,true,1,LABELED,1,11648,2025-09-25T22:58:09.000Z,0,2,LABELED,1,11648,2025-09-25T12:58:09.000000,true,true,true
2564,2025-02-03T00:00:00.000000,11657,2025-02-04T15:39:13.000000,scheduled_visit,7.5,5,2025-11-14T07:38:00.000000,1,true,true,true,true,1,LABELED,1,11657,2025-02-04T23:09:13.000Z,0,1,LABELED,1,11657,2025-02-04T15:39:13.000000,true,true,true
2565,2025-06-10T00:00:00.000000,11660,2025-06-20T15:57:24.000000,no_response,50,1,2025-06-20T15:57:24.000000,0,true,true,true,true,0,LABELED,0,,,0,0,LABELED,0,,,true,true,true
2566,2026-04-10T00:00:00.000000,11664,2026-04-11T11:18:28.000000,accepted,,8,2026-05-12T17:50:00.000000,0,true,true,true,true,0,LABELED,1,11665,2026-05-05T04:57:00.000Z,1,1,LABELED,1,11663,2026-04-13T19:04:46.000000,true,true,true
2567,2026-03-10T00:00:00.000000,11669,2026-03-14T07:33:17.000000,scheduled_visit,10.5,7,2026-03-23T12:52:54.000000,1,true,true,true,true,1,LABELED,1,11669,2026-03-14T18:03:17.000Z,0,3,LABELED,1,11669,2026-03-14T07:33:17.000000,true,true,true
2568,2026-04-13T00:00:00.000000,11676,2026-04-21T11:10:18.000000,accepted,13.6,2,2026-04-25T17:14:03.000000,0,true,true,true,true,0,LABELED,0,,,0,0,LABELED,0,,,true,true,true
2569,2026-01-16T00:00:00.000000,11679,2026-01-20T13:54:17.000000,scheduled_visit,16,6,2026-01-29T18:57:03.000000,1,true,true,true,true,1,LABELED,1,11679,2026-01-21T05:54:17.000Z,0,4,LABELED,1,11679,2026-01-20T13:54:17.000000,true,true,true
2570,2025-07-08T00:00:00.000000,11685,2025-07-14T20:43:27.000000,no_response,4.2,6,2025-12-27T10:32:00.000000,0,true,true,true,true,0,LABELED,0,,,0,0,LABELED,0,,,true,true,true
2571,2026-04-17T00:00:00.000000,11691,2026-04-17T14:10:42.000000,no_response,0.8,4,2026-04-25T09:49:57.000000,0,true,true,true,true,0,LABELED,0,,,0,0,LABELED,0,,,true,true,true
2572,2025-09-02T00:00:00.000000,11697,2025-09-02T15:17:17.000000,no_response,,6,2025-09-13T13:30:00.000000,0,true,true,true,true,0,LABELED,1,11694,2025-09-11T04:37:34.000Z,0,1,LABELED,1,11694,2025-09-10T18:07:34.000000,true,true,true
2573,2025-08-20T00:00:00.000000,11703,2025-08-31T13:47:20.000000,no_response,,4,2026-04-28T11:44:00.000000,0,true,true,true,true,0,LABELED,0,,,0,1,LABELED,0,,,true,true,true
2574,2026-03-09T00:00:00.000000,11706,2026-03-09T07:14:08.000000,no_response,30.9,6,2026-05-28T10:52:00.000000,0,true,true,true,true,0,LABELED,0,,,0,0,LABELED,0,,,true,true,true
2575,2026-03-22T00:00:00.000000,11711,2026-03-31T19:30:10.000000,scheduled_visit,3.8,2,2026-04-03T20:12:19.000000,1,true,true,true,true,1,LABELED,1,11711,2026-03-31T23:18:10.000Z,0,1,LABELED,1,11711,2026-03-31T19:30:10.000000,true,true,true
2576,2026-02-28T00:00:00.000000,11716,2026-03-02T20:12:05.000000,scheduled_visit,5.5,8,2026-04-11T17:33:00.000000,1,true,true,true,true,1,LABELED,1,11716,2026-03-03T01:42:05.000Z,0,2,LABELED,1,11716,2026-03-02T20:12:05.000000,true,true,true
2577,2025-08-29T00:00:00.000000,11721,2025-09-04T13:42:54.000000,no_response,,5,2025-11-22T09:45:00.000000,0,true,true,true,true,0,LABELED,0,,,0,0,LABELED,0,,,true,true,true
2578,2026-02-02T00:00:00.000000,11727,2026-02-02T09:39:50.000000,rejected,10.4,3,2026-05-01T19:05:00.000000,0,true,true,true,true,0,LABELED,0,,,0,0,LABELED,0,,,true,true,true
2579,2025-06-16T00:00:00.000000,11729,2025-06-20T12:39:06.000000,rejected,7.7,4,2026-04-07T10:25:00.000000,0,true,true,true,true,0,AMBIGUOUS,,,,1,0,LABELED,1,11730,2025-06-20T20:22:41.000000,true,true,true
2580,2025-07-25T00:00:00.000000,11732,2025-08-07T17:43:00.000000,scheduled_visit,,1,2025-08-07T17:43:00.000000,1,true,true,true,true,1,AMBIGUOUS,,,,1,0,LABELED,1,11732,2025-08-07T17:43:00.000000,true,true,true
2581,2026-06-23T00:00:00.000000,11736,2026-06-23T11:27:36.000000,accepted,,4,2026-07-05T17:42:19.000000,0,true,true,false,true,0,CENSORED,,,,0,0,CENSORED,,,,false,false,false
2582,2026-06-12T00:00:00.000000,11738,2026-06-13T13:28:40.000000,no_response,12.4,7,2026-06-25T15:17:43.000000,0,true,true,true,true,0,LABELED,1,11743,2026-06-14T13:44:11.000Z,1,2,CENSORED,,,,false,false,false
2583,2025-05-29T00:00:00.000000,11744,2025-06-06T09:11:57.000000,rejected,1.2,2,2025-06-08T17:29:25.000000,0,true,true,true,true,0,LABELED,0,,,0,0,LABELED,0,,,true,true,true
2584,2025-06-08T00:00:00.000000,11747,2025-06-14T17:53:27.000000,rejected,6.7,3,2025-12-20T10:04:00.000000,0,true,true,true,true,0,LABELED,1,11748,2025-06-18T09:03:13.000Z,0,1,LABELED,1,11748,2025-06-17T15:03:13.000000,true,true,true
2585,2025-04-19T00:00:00.000000,11753,2025-04-19T07:38:00.000000,scheduled_visit,1.6,6,2026-06-13T08:59:00.000000,1,true,true,true,true,1,LABELED,1,11753,2025-04-19T09:14:00.000Z,0,1,LABELED,1,11753,2025-04-19T07:38:00.000000,true,true,true
2586,2025-07-30T00:00:00.000000,11757,2025-09-24T15:05:00.000000,accepted,28.8,4,2026-04-12T17:11:00.000000,0,true,true,true,true,0,LABELED,0,,,0,1,LABELED,0,,,true,true,true
2587,2025-11-17T00:00:00.000000,11764,2025-11-17T17:03:12.000000,no_response,7.6,6,2025-11-28T11:08:48.000000,0,true,true,true,true,0,LABELED,1,11763,2025-11-23T11:34:33.000Z,0,2,LABELED,1,11763,2025-11-23T08:40:33.000000,true,true,true
2588,2026-04-14T00:00:00.000000,11765,2026-04-17T09:14:09.000000,accepted,9.4,5,2026-04-25T13:54:57.000000,0,true,true,true,true,0,LABELED,1,11767,2026-04-18T22:59:44.000Z,0,1,LABELED,1,11767,2026-04-18T07:11:44.000000,true,true,true
2589,2026-02-23T00:00:00.000000,11777,2026-02-24T07:05:29.000000,scheduled_visit,8,8,2026-04-09T18:21:00.000000,1,true,true,true,true,1,LABELED,1,11777,2026-02-24T15:05:29.000Z,0,3,LABELED,1,11777,2026-02-24T07:05:29.000000,true,true,true
2590,2025-12-16T00:00:00.000000,11779,2025-12-20T10:39:36.000000,accepted,36.5,2,2025-12-20T11:08:31.000000,0,true,true,true,true,0,LABELED,0,,,0,0,LABELED,0,,,true,true,true
2591,2025-03-17T00:00:00.000000,11780,2025-05-28T07:15:00.000000,no_response,1.9,1,2025-05-28T07:15:00.000000,0,true,true,true,true,0,LABELED,0,,,0,0,LABELED,0,,,true,true,true
2592,2025-04-01T00:00:00.000000,11781,2025-04-01T09:57:31.000000,accepted,12.6,7,2026-06-01T18:00:00.000000,0,true,true,true,true,0,LABELED,0,,,0,0,LABELED,0,,,true,true,true
2593,2026-03-13T00:00:00.000000,11788,2026-04-12T20:57:00.000000,scheduled_visit,10.1,1,2026-04-12T20:57:00.000000,1,true,true,true,true,1,LABELED,1,11788,2026-04-13T07:03:00.000Z,0,1,LABELED,1,11788,2026-04-12T20:57:00.000000,true,true,true
2594,2026-02-27T00:00:00.000000,11789,2026-02-27T18:14:17.000000,accepted,3.1,4,2026-03-11T18:30:02.000000,0,true,true,true,true,0,LABELED,0,,,0,0,LABELED,0,,,true,true,true
2595,2026-06-15T00:00:00.000000,11793,2026-06-25T08:14:42.000000,no_response,8.4,1,2026-06-25T08:14:42.000000,0,true,true,false,true,0,CENSORED,,,,0,0,CENSORED,,,,false,false,false
2596,2025-05-30T00:00:00.000000,11797,2025-05-30T19:04:04.000000,rejected,4.1,8,2025-10-20T12:22:00.000000,0,true,true,true,true,0,LABELED,0,,,0,0,LABELED,0,,,true,true,true
2597,2025-10-08T00:00:00.000000,11805,2025-10-13T11:14:48.000000,no_response,33.7,5,2026-05-01T07:01:00.000000,0,true,true,true,true,0,LABELED,0,,,0,0,LABELED,0,,,true,true,true
2598,2026-01-16T00:00:00.000000,11807,2026-01-17T09:19:01.000000,accepted,2.5,3,2026-06-09T18:59:00.000000,0,true,true,true,true,0,LABELED,0,,,0,0,LABELED,0,,,true,true,true
2599,2026-06-12T00:00:00.000000,11815,2026-06-17T07:31:41.000000,no_response,6,7,2026-06-25T13:17:05.000000,0,true,true,false,true,0,CENSORED,,,,0,0,CENSORED,,,,false,false,false
2600,2025-01-17T00:00:00.000000,11823,2025-01-18T20:18:53.000000,accepted,9.7,8,2026-06-20T15:22:00.000000,0,true,true,true,true,0,LABELED,0,,,0,0,LABELED,0,,,true,true,true
2601,2025-03-17T00:00:00.000000,11825,2026-06-16T20:30:00.000000,accepted,7.8,1,2026-06-16T20:30:00.000000,0,true,true,false,true,0,CENSORED,,,,0,0,CENSORED,,,,false,false,false
2602,2026-05-22T00:00:00.000000,11828,2026-05-23T12:41:22.000000,accepted,18.3,4,2026-05-31T11:20:38.000000,0,true,true,true,true,0,LABELED,0,,,0,0,LABELED,0,,,true,true,false
2603,2025-11-08T00:00:00.000000,11830,2025-11-12T15:28:52.000000,rejected,27.6,1,2025-11-12T15:28:52.000000,0,true,true,true,true,0,LABELED,0,,,0,0,LABELED,0,,,true,true,true
2604,2025-06-18T00:00:00.000000,11833,2025-06-28T18:36:33.000000,rejected,17.8,6,2026-05-14T18:23:00.000000,0,true,true,true,true,0,LABELED,0,,,0,0,LABELED,0,,,true,true,true
2605,2026-04-28T00:00:00.000000,11838,2026-04-28T11:26:51.000000,accepted,2.8,2,2026-04-28T14:59:14.000000,0,true,true,true,true,0,LABELED,1,11837,2026-04-30T13:41:14.000Z,0,1,LABELED,1,11837,2026-04-28T14:59:14.000000,true,true,true
2606,2025-06-06T00:00:00.000000,11840,2025-06-16T17:29:11.000000,scheduled_visit,15.7,8,2026-04-13T19:28:00.000000,1,true,true,true,true,1,LABELED,1,11840,2025-06-17T09:11:11.000Z,0,1,LABELED,1,11840,2025-06-16T17:29:11.000000,true,true,true
2607,2025-09-08T00:00:00.000000,11847,2025-09-20T11:57:11.000000,no_response,14,1,2025-09-20T11:57:11.000000,0,true,true,true,true,0,LABELED,0,,,0,0,LABELED,0,,,true,true,true
2608,2026-05-04T00:00:00.000000,11850,2026-05-09T20:36:11.000000,rejected,0.9,3,2026-05-14T14:15:04.000000,0,true,true,true,true,0,LABELED,0,,,0,0,LABELED,0,,,true,true,true
2609,2026-03-28T00:00:00.000000,11851,2026-04-03T19:19:29.000000,accepted,11.2,3,2026-04-10T14:50:37.000000,0,true,true,true,true,0,LABELED,0,,,0,0,LABELED,0,,,true,true,true
2610,2026-03-24T00:00:00.000000,11854,2026-04-03T13:44:59.000000,accepted,8.9,1,2026-04-03T13:44:59.000000,0,true,true,true,true,0,LABELED,0,,,0,0,LABELED,0,,,true,true,true
2611,2025-12-24T00:00:00.000000,11860,2025-12-24T14:59:39.000000,no_response,,6,2026-05-29T11:18:00.000000,0,true,true,true,true,0,LABELED,1,11857,2025-12-27T14:27:54.000Z,0,2,LABELED,1,11857,2025-12-27T08:09:54.000000,true,true,true
2612,2026-03-05T00:00:00.000000,11861,2026-03-05T12:51:42.000000,accepted,,1,2026-03-05T12:51:42.000000,0,true,true,true,true,0,LABELED,0,,,0,0,LABELED,0,,,true,true,true
2613,2025-05-23T00:00:00.000000,11867,2025-05-24T07:53:14.000000,accepted,24.2,6,2025-11-22T20:51:00.000000,0,true,true,true,true,0,LABELED,1,11862,2025-05-29T20:50:16.000Z,0,2,LABELED,1,11862,2025-05-29T08:56:16.000000,true,true,true
2614,2025-04-29T00:00:00.000000,11873,2025-04-29T12:58:01.000000,accepted,26,6,2025-09-02T07:51:00.000000,0,true,true,true,true,0,LABELED,0,,,0,1,LABELED,0,,,true,true,true
2615,2026-05-07T00:00:00.000000,11874,2026-05-11T12:01:48.000000,scheduled_visit,18.8,7,2026-05-20T18:59:51.000000,1,true,true,true,true,1,LABELED,1,11874,2026-05-12T06:49:48.000Z,0,1,LABELED,1,11874,2026-05-11T12:01:48.000000,true,true,true
2616,2026-02-27T00:00:00.000000,11881,2026-02-27T07:45:58.000000,no_response,16,3,2026-05-01T20:01:00.000000,0,true,true,true,true,0,LABELED,0,,,0,1,LABELED,0,,,true,true,true
2617,2025-07-22T00:00:00.000000,11885,2025-08-02T12:08:38.000000,accepted,9,2,2026-01-11T08:56:00.000000,0,true,true,true,true,0,LABELED,0,,,0,0,LABELED,0,,,true,true,true
2618,2025-04-01T00:00:00.000000,11886,2025-04-02T19:05:47.000000,no_response,5.2,1,2025-04-02T19:05:47.000000,0,true,true,true,true,0,LABELED,0,,,0,0,LABELED,0,,,true,true,true
2619,2025-01-25T00:00:00.000000,11888,2025-01-31T15:54:13.000000,no_response,3.5,2,2026-03-25T17:12:00.000000,0,true,true,true,true,0,LABELED,0,,,0,0,LABELED,0,,,true,true,true
2620,2025-10-19T00:00:00.000000,11891,2025-10-26T15:23:47.000000,accepted,,4,2026-05-12T16:30:00.000000,0,true,true,true,true,0,LABELED,0,,,0,0,LABELED,0,,,true,true,true
2621,2025-05-07T00:00:00.000000,11893,2025-05-13T19:06:27.000000,accepted,7.2,4,2026-01-01T19:19:00.000000,0,true,true,true,true,0,LABELED,0,,,0,0,LABELED,0,,,true,true,true
2622,2025-10-19T00:00:00.000000,11897,2025-10-24T12:04:56.000000,accepted,,2,2025-11-02T20:15:00.000000,0,true,true,true,true,0,LABELED,0,,,0,0,LABELED,0,,,true,true,true
2623,2026-03-13T00:00:00.000000,11901,2026-03-22T15:05:26.000000,scheduled_visit,16.6,6,2026-05-12T16:35:00.000000,1,true,true,true,true,1,LABELED,1,11901,2026-03-23T07:41:26.000Z,0,2,LABELED,1,11901,2026-03-22T15:05:26.000000,true,true,true
2624,2025-08-09T00:00:00.000000,11907,2025-08-14T17:05:54.000000,accepted,5.2,6,2026-04-29T09:31:00.000000,0,true,true,true,true,0,LABELED,0,,,0,0,LABELED,0,,,true,true,true
2625,2026-01-28T00:00:00.000000,11913,2026-01-29T13:04:05.000000,accepted,,4,2026-02-10T13:19:28.000000,0,true,true,true,true,0,LABELED,1,11911,2026-02-11T17:31:28.000Z,0,1,LABELED,1,11911,2026-02-10T13:19:28.000000,true,true,true
2626,2026-04-25T00:00:00.000000,11917,2026-04-26T19:57:18.000000,no_response,0.5,3,2026-04-30T08:35:10.000000,0,true,true,true,true,0,LABELED,0,,,0,0,LABELED,0,,,true,true,true
2627,2025-12-31T00:00:00.000000,11921,2026-01-04T14:41:36.000000,no_response,,6,2026-01-13T12:38:51.000000,0,true,true,true,true,0,LABELED,1,11923,2026-01-08T05:50:01.000Z,0,2,LABELED,1,11923,2026-01-07T16:08:01.000000,true,true,true
2628,2026-04-21T00:00:00.000000,11927,2026-04-28T10:17:40.000000,accepted,,4,2026-05-17T11:38:00.000000,0,true,true,true,true,0,LABELED,0,,,0,0,LABELED,0,,,true,true,true
2629,2025-02-18T00:00:00.000000,11935,2025-02-23T08:33:40.000000,accepted,0.5,8,2026-02-22T10:57:00.000000,0,true,true,true,true,0,LABELED,1,11932,2025-02-27T19:53:47.000Z,0,3,LABELED,1,11932,2025-02-27T16:11:47.000000,true,true,true
2630,2026-01-16T00:00:00.000000,11937,2026-01-18T11:00:45.000000,rejected,6.1,3,2026-06-16T17:21:00.000000,0,true,true,true,true,0,LABELED,1,11938,2026-01-20T13:29:13.000Z,0,1,LABELED,1,11938,2026-01-20T10:11:13.000000,true,true,true
2631,2026-02-24T00:00:00.000000,11939,2026-02-27T16:13:40.000000,accepted,2.1,7,2026-03-13T11:52:00.000000,0,true,true,true,true,0,LABELED,1,11942,2026-03-04T02:03:32.000Z,0,2,LABELED,1,11942,2026-03-03T17:15:32.000000,true,true,true
2632,2026-01-16T00:00:00.000000,11946,2026-01-17T11:52:17.000000,scheduled_visit,0.5,3,2026-01-27T18:35:30.000000,1,true,true,true,true,1,LABELED,1,11946,2026-01-17T12:22:17.000Z,0,1,LABELED,1,11946,2026-01-17T11:52:17.000000,true,true,true
2633,2025-12-01T00:00:00.000000,11955,2025-12-02T14:32:10.000000,accepted,,7,2026-05-18T10:53:00.000000,0,true,true,true,true,0,LABELED,0,,,0,0,LABELED,0,,,true,true,true
2634,2025-12-04T00:00:00.000000,11959,2025-12-08T09:47:23.000000,scheduled_visit,0.5,5,2026-06-13T16:16:00.000000,1,true,true,true,true,1,LABELED,1,11959,2025-12-08T10:17:23.000Z,0,1,LABELED,1,11959,2025-12-08T09:47:23.000000,true,true,true
2635,2025-03-13T00:00:00.000000,11961,2025-11-29T08:50:00.000000,scheduled_visit,10.2,1,2025-11-29T08:50:00.000000,1,true,true,true,true,1,LABELED,1,11961,2025-11-29T19:02:00.000Z,0,1,LABELED,1,11961,2025-11-29T08:50:00.000000,true,true,true
2636,2025-10-10T00:00:00.000000,11964,2025-10-11T20:50:03.000000,no_response,8.2,3,2026-04-19T18:15:00.000000,0,true,true,true,true,0,LABELED,0,,,0,0,LABELED,0,,,true,true,true
2637,2025-08-30T00:00:00.000000,11965,2025-09-03T11:47:59.000000,no_response,0.7,4,2026-06-14T20:54:00.000000,0,true,true,true,true,0,LABELED,0,,,0,1,LABELED,0,,,true,true,true
2638,2026-04-14T00:00:00.000000,11969,2026-04-20T10:10:55.000000,accepted,27.3,3,2026-04-27T20:25:07.000000,0,true,true,true,true,0,LABELED,1,11971,2026-04-28T14:01:07.000Z,0,1,LABELED,1,11971,2026-04-27T20:25:07.000000,true,true,true
2639,2025-06-23T00:00:00.000000,11975,2025-06-26T14:43:32.000000,no_response,,4,2025-07-06T08:49:32.000000,0,true,true,true,true,0,LABELED,0,,,0,0,LABELED,0,,,true,true,true
2640,2025-08-12T00:00:00.000000,11976,2025-08-18T17:25:29.000000,rejected,13.7,1,2025-08-18T17:25:29.000000,0,true,true,true,true,0,LABELED,0,,,0,0,LABELED,0,,,true,true,true
2641,2026-01-25T00:00:00.000000,11980,2026-02-01T13:55:12.000000,accepted,3.8,4,2026-06-20T12:34:00.000000,0,true,true,true,true,0,LABELED,0,,,0,0,LABELED,0,,,true,true,true
2642,2025-03-23T00:00:00.000000,11982,2025-05-16T19:38:00.000000,no_response,1.8,3,2026-01-07T18:02:00.000000,0,true,true,true,true,0,LABELED,0,,,0,1,LABELED,0,,,true,true,true
2643,2025-08-17T00:00:00.000000,11987,2025-08-17T13:19:11.000000,rejected,0.7,8,2026-05-06T07:23:00.000000,0,true,true,true,true,0,LABELED,1,11990,2025-08-27T17:38:52.000Z,0,2,LABELED,1,11990,2025-08-27T16:14:52.000000,true,true,true
2644,2025-11-12T00:00:00.000000,11992,2025-11-20T09:33:29.000000,no_response,71.3,2,2026-05-14T16:20:00.000000,0,true,true,true,true,0,LABELED,0,,,0,0,LABELED,0,,,true,true,true
2645,2026-01-08T00:00:00.000000,11994,2026-01-10T17:20:23.000000,accepted,41.1,8,2026-05-11T18:01:00.000000,0,true,true,true,true,0,LABELED,0,,,0,0,LABELED,0,,,true,true,true
2646,2026-05-03T00:00:00.000000,12002,2026-05-03T12:44:45.000000,accepted,17.5,8,2026-05-14T14:22:47.000000,0,true,true,true,true,0,LABELED,1,12004,2026-05-14T02:24:31.000Z,0,1,LABELED,1,12004,2026-05-11T08:06:31.000000,true,true,true
2647,2026-05-16T00:00:00.000000,12010,2026-05-16T18:57:06.000000,scheduled_visit,35.6,6,2026-06-02T07:14:00.000000,1,true,true,true,true,1,LABELED,1,12010,2026-05-18T06:33:06.000Z,0,2,LABELED,1,12010,2026-05-16T18:57:06.000000,true,true,false
2648,2025-01-21T00:00:00.000000,12016,2025-01-27T20:01:36.000000,scheduled_visit,1.1,5,2026-04-21T18:27:00.000000,1,true,true,true,true,1,LABELED,1,12016,2025-01-27T21:07:36.000Z,0,1,LABELED,1,12016,2025-01-27T20:01:36.000000,true,true,true
2649,2025-08-22T00:00:00.000000,12025,2025-08-24T14:57:16.000000,rejected,,8,2026-05-29T16:35:00.000000,0,true,true,true,true,0,LABELED,1,12027,2025-08-28T19:54:53.000Z,0,2,LABELED,1,12027,2025-08-27T09:42:53.000000,true,true,true
2650,2026-05-27T00:00:00.000000,12034,2026-05-27T10:03:56.000000,scheduled_visit,10.8,6,2026-06-08T20:29:25.000000,1,true,true,true,true,1,LABELED,1,12034,2026-05-27T20:51:56.000Z,1,3,LABELED,1,12034,2026-05-27T10:03:56.000000,true,true,false
2651,2026-04-24T00:00:00.000000,12035,2026-04-25T11:05:27.000000,accepted,7.7,3,2026-05-02T19:37:08.000000,0,true,true,true,true,0,LABELED,1,12036,2026-04-25T16:31:32.000Z,0,2,LABELED,1,12036,2026-04-25T15:43:32.000000,true,true,true
2652,2025-12-12T00:00:00.000000,12038,2025-12-19T07:18:00.000000,accepted,2.2,1,2025-12-19T07:18:00.000000,0,true,true,true,true,0,LABELED,0,,,0,0,LABELED,0,,,true,true,true
2653,2025-07-11T00:00:00.000000,12043,2025-07-15T20:19:25.000000,no_response,51.8,5,2026-06-18T13:39:00.000000,0,true,true,true,true,0,LABELED,1,12040,2025-07-17T02:20:19.000Z,0,1,LABELED,1,12040,2025-07-16T19:20:19.000000,true,true,true
2654,2026-01-12T00:00:00.000000,12045,2026-01-17T19:39:57.000000,accepted,0.9,5,2026-01-24T10:45:20.000000,0,true,true,true,true,0,LABELED,1,12048,2026-01-20T05:26:28.000Z,0,1,LABELED,1,12048,2026-01-19T13:20:28.000000,true,true,true
2655,2025-06-23T00:00:00.000000,12050,2025-07-07T18:36:00.000000,scheduled_visit,,3,2026-02-27T08:36:00.000000,1,true,true,true,true,1,AMBIGUOUS,,,,1,1,LABELED,1,12050,2025-07-07T18:36:00.000000,true,true,true
2656,2025-12-20T00:00:00.000000,12055,2025-12-20T20:04:43.000000,accepted,20.1,7,2026-03-10T10:28:00.000000,0,true,true,true,true,0,LABELED,1,12052,2026-01-03T05:01:01.000Z,0,2,LABELED,1,12052,2026-01-02T20:13:01.000000,true,true,true
2657,2025-03-27T00:00:00.000000,12060,2025-04-03T12:27:39.000000,accepted,1.2,3,2025-11-13T07:49:00.000000,0,true,true,true,true,0,LABELED,1,12061,2025-04-05T23:44:00.000Z,0,1,LABELED,1,12061,2025-04-05T18:50:00.000000,true,true,true
2658,2025-04-15T00:00:00.000000,12062,2025-04-24T11:39:39.000000,rejected,7.5,2,2025-05-14T07:37:00.000000,0,true,true,true,true,0,LABELED,0,,,0,0,LABELED,0,,,true,true,true
2659,2026-02-02T00:00:00.000000,12066,2026-02-04T08:23:57.000000,no_response,19.7,4,2026-02-15T10:28:12.000000,0,true,true,true,true,0,LABELED,1,12064,2026-02-06T01:22:56.000Z,0,1,LABELED,1,12064,2026-02-05T16:40:56.000000,true,true,true
2660,2025-11-21T00:00:00.000000,12073,2025-11-25T14:53:10.000000,no_response,8.8,8,2026-02-03T13:34:00.000000,0,true,true,true,true,0,LABELED,0,,,0,0,LABELED,0,,,true,true,true
2661,2026-02-11T00:00:00.000000,12077,2026-02-15T12:50:57.000000,accepted,,2,2026-02-17T16:44:13.000000,0,true,true,true,true,0,LABELED,0,,,0,0,LABELED,0,,,true,true,true
2662,2025-03-10T00:00:00.000000,12085,2025-03-13T14:14:11.000000,scheduled_visit,0.8,8,2026-05-12T15:39:00.000000,1,true,true,true,true,1,LABELED,1,12085,2025-03-13T15:02:11.000Z,0,3,LABELED,1,12085,2025-03-13T14:14:11.000000,true,true,true
2663,2025-03-13T00:00:00.000000,12087,2025-03-15T15:33:10.000000,accepted,15.5,7,2025-12-19T10:49:00.000000,0,true,true,true,true,0,LABELED,1,12092,2025-03-24T14:00:01.000Z,0,1,LABELED,1,12092,2025-03-24T07:48:01.000000,true,true,true
2664,2025-07-28T00:00:00.000000,12094,2025-07-28T12:46:11.000000,accepted,5.8,7,2026-03-02T13:18:00.000000,0,true,true,true,true,0,LABELED,0,,,0,2,LABELED,0,,,true,true,true
2665,2026-05-22T00:00:00.000000,12105,2026-05-22T07:19:12.000000,accepted,8.4,7,2026-06-01T14:41:32.000000,0,true,true,true,true,0,LABELED,0,,,0,0,LABELED,0,,,true,true,false
2666,2025-03-15T00:00:00.000000,12108,2025-12-28T14:38:00.000000,accepted,,2,2026-03-12T18:22:00.000000,0,true,true,true,true,0,LABELED,0,,,0,0,LABELED,0,,,true,true,true
2667,2025-07-25T00:00:00.000000,12113,2025-07-25T07:56:25.000000,no_response,,5,2026-05-17T14:26:00.000000,0,true,true,true,true,0,LABELED,0,,,0,0,LABELED,0,,,true,true,true
2668,2026-01-20T00:00:00.000000,12116,2026-01-20T11:27:09.000000,no_response,1.4,8,2026-05-02T16:01:00.000000,0,true,true,true,true,0,LABELED,0,,,0,0,LABELED,0,,,true,true,true
2669,2025-12-22T00:00:00.000000,12126,2025-12-23T13:48:33.000000,rejected,1,6,2026-05-18T11:10:00.000000,0,true,true,true,true,0,LABELED,1,12127,2026-01-04T14:27:34.000Z,0,2,LABELED,1,12127,2026-01-04T13:27:34.000000,true,true,true
2670,2025-10-04T00:00:00.000000,12130,2025-10-05T13:45:47.000000,accepted,0.9,8,2026-05-03T16:31:00.000000,0,true,true,true,true,0,LABELED,0,,,0,0,LABELED,0,,,true,true,true
2671,2026-04-16T00:00:00.000000,12137,2026-04-19T07:40:30.000000,accepted,,3,2026-04-26T13:01:13.000000,0,true,true,true,true,0,LABELED,1,12138,2026-04-21T13:40:07.000Z,0,1,LABELED,1,12138,2026-04-21T12:58:07.000000,true,true,true
2672,2026-04-03T00:00:00.000000,12140,2026-04-05T17:13:22.000000,no_response,5.3,3,2026-04-16T18:13:53.000000,0,true,true,true,true,0,LABELED,0,,,0,0,LABELED,0,,,true,true,true
2673,2025-10-03T00:00:00.000000,12142,2026-03-26T20:24:00.000000,rejected,12.1,2,2026-06-11T10:17:00.000000,0,true,true,true,true,0,LABELED,0,,,0,0,LABELED,0,,,true,true,true
2674,2025-09-09T00:00:00.000000,12149,2025-09-09T10:21:48.000000,rejected,7.9,8,2026-05-11T12:44:00.000000,0,true,true,true,true,0,LABELED,1,12146,2025-09-15T13:37:49.000Z,0,2,LABELED,1,12146,2025-09-15T13:07:49.000000,true,true,true
2675,2026-04-26T00:00:00.000000,12152,2026-04-27T17:30:28.000000,no_response,0.5,4,2026-05-11T11:25:00.000000,0,true,true,true,true,0,LABELED,0,,,0,0,LABELED,0,,,true,true,true
2676,2025-12-04T00:00:00.000000,12160,2025-12-05T20:42:51.000000,scheduled_visit,5.2,8,2026-03-21T11:56:00.000000,1,true,true,true,true,1,LABELED,1,12160,2025-12-06T01:54:51.000Z,1,2,LABELED,1,12160,2025-12-05T20:42:51.000000,true,true,true
2677,2026-02-19T00:00:00.000000,12170,2026-02-19T10:09:12.000000,accepted,0.8,8,2026-04-05T10:01:00.000000,0,true,true,true,true,0,LABELED,1,12165,2026-02-22T02:45:00.000Z,0,1,LABELED,1,12165,2026-02-20T20:57:00.000000,true,true,true
2678,2026-03-13T00:00:00.000000,12172,2026-03-14T13:53:23.000000,accepted,18.1,2,2026-03-24T14:33:58.000000,0,true,true,true,true,0,LABELED,0,,,0,0,LABELED,0,,,true,true,true
2679,2025-07-24T00:00:00.000000,12177,2025-07-26T11:46:47.000000,no_response,2.5,8,2026-04-06T20:35:00.000000,0,true,true,true,true,0,LABELED,0,,,0,1,LABELED,0,,,true,true,true
2680,2025-10-26T00:00:00.000000,12183,2025-10-27T16:49:07.000000,accepted,,6,2026-03-11T18:50:00.000000,0,true,true,true,true,0,LABELED,0,,,0,1,LABELED,0,,,true,true,true
2681,2025-09-02T00:00:00.000000,12188,2025-09-04T07:27:57.000000,accepted,,8,2026-04-01T11:46:00.000000,0,true,true,true,true,0,AMBIGUOUS,,,,1,0,LABELED,1,12189,2025-09-08T13:54:03.000000,true,true,true
2682,2025-12-10T00:00:00.000000,12196,2025-12-11T09:03:12.000000,no_response,6.5,3,2025-12-13T08:18:33.000000,0,true,true,true,true,0,LABELED,0,,,0,0,LABELED,0,,,true,true,true
2683,2025-12-17T00:00:00.000000,12200,2025-12-28T07:51:42.000000,accepted,5.5,3,2026-01-20T11:04:00.000000,0,true,true,true,true,0,LABELED,0,,,0,0,LABELED,0,,,true,true,true
2684,2025-11-06T00:00:00.000000,12203,2025-11-06T07:03:19.000000,accepted,1.8,6,2026-03-24T09:51:00.000000,0,true,true,true,true,0,LABELED,0,,,0,0,LABELED,0,,,true,true,true
2685,2026-04-25T00:00:00.000000,12211,2026-04-27T15:37:23.000000,rejected,10,4,2026-05-06T19:35:57.000000,0,true,true,true,true,0,AMBIGUOUS,,,,1,0,LABELED,1,12210,2026-05-01T09:47:01.000000,true,true,true
2686,2026-02-22T00:00:00.000000,12212,2026-02-25T09:38:08.000000,scheduled_visit,10,6,2026-03-04T09:05:45.000000,1,true,true,true,true,1,LABELED,1,12212,2026-02-25T19:38:08.000Z,0,2,LABELED,1,12212,2026-02-25T09:38:08.000000,true,true,true
2687,2026-06-24T00:00:00.000000,12223,2026-06-24T07:38:40.000000,accepted,0.6,8,2026-07-07T18:23:54.000000,0,true,true,false,true,0,CENSORED,,,,0,0,CENSORED,,,,false,false,false
2688,2025-06-20T00:00:00.000000,12226,2025-06-22T13:59:51.000000,accepted,12.7,7,2026-03-08T20:15:00.000000,0,true,true,true,true,0,LABELED,0,,,0,0,LABELED,0,,,true,true,true
2689,2025-03-28T00:00:00.000000,12235,2025-04-03T13:04:04.000000,no_response,,8,2026-06-14T13:32:00.000000,0,true,true,true,true,0,LABELED,0,,,0,0,LABELED,0,,,true,true,true
2690,2026-02-24T00:00:00.000000,12241,2026-02-26T15:23:55.000000,no_response,21.2,1,2026-02-26T15:23:55.000000,0,true,true,true,true,0,LABELED,0,,,0,0,LABELED,0,,,true,true,true
2691,2025-12-06T00:00:00.000000,12243,2025-12-09T18:24:10.000000,rejected,10.9,2,2025-12-18T10:07:41.000000,0,true,true,true,true,0,LABELED,0,,,0,0,LABELED,0,,,true,true,true
2692,2025-08-05T00:00:00.000000,12245,2025-08-31T11:19:00.000000,accepted,,2,2025-09-30T08:37:00.000000,0,true,true,true,true,0,LABELED,0,,,0,1,LABELED,1,12244,2025-09-30T08:37:00.000000,true,true,true
2693,2026-05-11T00:00:00.000000,12246,2026-05-13T07:45:37.000000,accepted,,5,2026-05-24T19:14:49.000000,0,true,true,true,true,0,LABELED,0,,,0,0,LABELED,0,,,true,true,true
2694,2026-04-28T00:00:00.000000,12256,2026-04-29T11:14:57.000000,accepted,9.2,6,2026-05-11T15:59:58.000000,0,true,true,true,true,0,LABELED,1,12254,2026-05-10T09:22:46.000Z,0,2,LABELED,1,12254,2026-05-10T08:28:46.000000,true,true,true
2695,2025-05-30T00:00:00.000000,12257,2025-05-31T10:11:24.000000,no_response,6.4,1,2025-05-31T10:11:24.000000,0,true,true,true,true,0,LABELED,0,,,0,0,LABELED,0,,,true,true,true
2696,2026-05-01T00:00:00.000000,12264,2026-05-02T10:54:22.000000,accepted,,7,2026-06-15T15:33:00.000000,0,true,true,true,true,0,LABELED,0,,,0,0,LABELED,0,,,true,true,true
2697,2025-10-01T00:00:00.000000,12265,2025-10-01T20:51:51.000000,no_response,16.7,7,2026-06-01T20:45:00.000000,0,true,true,true,true,0,LABELED,0,,,0,0,LABELED,0,,,true,true,true
2698,2025-02-16T00:00:00.000000,12272,2025-02-20T12:50:07.000000,no_response,5.4,5,2025-08-19T15:02:00.000000,0,true,true,true,true,0,LABELED,1,12275,2025-02-27T14:30:13.000Z,0,1,LABELED,1,12275,2025-02-26T18:48:13.000000,true,true,true
2699,2026-01-19T00:00:00.000000,12278,2026-01-20T08:17:24.000000,accepted,14.9,5,2026-01-30T18:25:13.000000,0,true,true,true,true,0,LABELED,1,12279,2026-01-28T16:01:34.000Z,0,1,LABELED,1,12279,2026-01-28T13:43:34.000000,true,true,true
2700,2026-01-23T00:00:00.000000,12282,2026-02-01T16:56:15.000000,accepted,6,3,2026-02-04T15:46:30.000000,0,true,true,true,true,0,LABELED,0,,,0,0,LABELED,0,,,true,true,true
2701,2025-09-15T00:00:00.000000,12288,2025-09-15T15:22:47.000000,no_response,4.3,6,2025-09-27T08:40:56.000000,0,true,true,true,true,0,LABELED,1,12290,2025-09-24T16:22:03.000Z,0,1,LABELED,1,12290,2025-09-24T09:46:03.000000,true,true,true
2702,2025-10-01T00:00:00.000000,12293,2025-10-02T08:07:14.000000,accepted,1.2,8,2026-01-05T19:18:00.000000,0,true,true,true,true,0,LABELED,1,12291,2025-10-11T13:25:11.000Z,0,1,LABELED,1,12291,2025-10-09T17:43:11.000000,true,true,true
2703,2025-04-04T00:00:00.000000,12300,2025-04-07T07:14:49.000000,rejected,1.5,6,2026-04-05T07:10:00.000000,0,true,true,true,true,0,LABELED,0,,,0,0,LABELED,0,,,true,true,true
2704,2025-07-30T00:00:00.000000,12305,2025-10-22T09:01:00.000000,no_response,0.5,1,2025-10-22T09:01:00.000000,0,true,true,true,true,0,LABELED,0,,,0,0,LABELED,0,,,true,true,true
2705,2025-04-14T00:00:00.000000,12306,2025-04-27T19:52:52.000000,accepted,10.3,1,2025-04-27T19:52:52.000000,0,true,true,true,true,0,LABELED,0,,,0,0,LABELED,0,,,true,true,true
2706,2025-02-19T00:00:00.000000,12309,2025-02-25T10:01:21.000000,accepted,32.2,5,2026-05-18T18:54:00.000000,0,true,true,true,true,0,LABELED,0,,,0,0,LABELED,0,,,true,true,true
2707,2025-11-21T00:00:00.000000,12315,2025-11-22T10:45:25.000000,no_response,,4,2026-06-24T17:54:00.000000,0,true,true,true,true,0,LABELED,0,,,0,0,LABELED,0,,,true,true,true
2708,2025-02-06T00:00:00.000000,12317,2025-02-18T09:50:14.000000,accepted,8.6,3,2026-06-28T19:09:00.000000,0,true,true,true,true,0,LABELED,0,,,0,0,LABELED,0,,,true,true,true
2709,2026-06-24T00:00:00.000000,12321,2026-06-24T07:17:40.000000,accepted,17.3,8,2026-07-07T13:10:12.000000,0,true,true,false,true,0,CENSORED,,,,0,0,CENSORED,,,,false,false,false
2710,2025-04-01T00:00:00.000000,12330,2025-04-03T19:48:01.000000,accepted,3.4,5,2026-06-26T19:18:00.000000,0,true,true,true,true,0,LABELED,0,,,0,0,LABELED,0,,,true,true,true
2711,2025-03-03T00:00:00.000000,12334,2025-03-03T11:40:20.000000,accepted,4.2,6,2026-01-24T17:03:00.000000,0,true,true,true,true,0,LABELED,0,,,0,2,LABELED,0,,,true,true,true
2712,2026-02-09T00:00:00.000000,12339,2026-02-14T20:16:21.000000,accepted,0.7,2,2026-02-17T15:50:23.000000,0,true,true,true,true,0,LABELED,0,,,0,0,LABELED,0,,,true,true,true
2713,2025-09-26T00:00:00.000000,12340,2025-09-27T09:28:14.000000,no_response,13.1,2,2025-10-13T15:55:00.000000,0,true,true,true,true,0,LABELED,0,,,0,0,LABELED,0,,,true,true,true
2714,2026-05-20T00:00:00.000000,12346,2026-05-23T08:11:09.000000,accepted,22.9,8,2026-05-31T15:12:10.000000,0,true,true,true,true,0,LABELED,1,12345,2026-05-24T04:06:41.000Z,1,2,LABELED,1,12345,2026-05-23T20:18:41.000000,true,true,false
2715,2025-02-17T00:00:00.000000,12350,2025-06-19T16:11:00.000000,no_response,0.5,1,2025-06-19T16:11:00.000000,0,true,true,true,true,0,LABELED,0,,,0,0,LABELED,0,,,true,true,true
2716,2025-01-09T00:00:00.000000,12351,2026-05-07T13:42:00.000000,accepted,21.5,1,2026-05-07T13:42:00.000000,0,true,true,true,true,0,LABELED,0,,,0,0,LABELED,0,,,true,true,true
2717,2026-02-18T00:00:00.000000,12355,2026-02-18T14:22:12.000000,scheduled_visit,7,6,2026-06-01T13:13:00.000000,1,true,true,true,true,1,LABELED,1,12355,2026-02-18T21:22:12.000Z,1,1,LABELED,1,12355,2026-02-18T14:22:12.000000,true,true,true
2718,2025-09-12T00:00:00.000000,12360,2025-09-15T16:37:59.000000,scheduled_visit,21.5,5,2026-05-18T18:55:00.000000,1,true,true,true,true,1,LABELED,1,12360,2025-09-16T14:07:59.000Z,0,2,LABELED,1,12360,2025-09-15T16:37:59.000000,true,true,true
2719,2026-03-19T00:00:00.000000,12363,2026-03-24T14:50:21.000000,rejected,12.8,1,2026-03-24T14:50:21.000000,0,true,true,true,true,0,LABELED,0,,,0,0,LABELED,0,,,true,true,true
2720,2025-10-23T00:00:00.000000,12367,2025-10-24T19:45:29.000000,scheduled_visit,15.9,7,2026-04-21T13:27:00.000000,1,true,true,true,true,1,LABELED,1,12367,2025-10-25T11:39:29.000Z,0,2,LABELED,1,12367,2025-10-24T19:45:29.000000,true,true,true
2721,2026-01-19T00:00:00.000000,12377,2026-01-21T07:57:20.000000,scheduled_visit,14.1,7,2026-04-20T20:01:00.000000,1,true,true,true,true,1,LABELED,1,12377,2026-01-21T22:03:20.000Z,0,1,LABELED,1,12377,2026-01-21T07:57:20.000000,true,true,true
2722,2025-09-27T00:00:00.000000,12378,2025-10-07T18:42:58.000000,no_response,17.3,1,2025-10-07T18:42:58.000000,0,true,true,true,true,0,LABELED,0,,,0,0,LABELED,0,,,true,true,true
2723,2025-12-28T00:00:00.000000,12383,2025-12-28T12:02:41.000000,accepted,,5,2026-03-08T14:40:00.000000,0,true,true,true,true,0,LABELED,1,12381,2026-01-11T02:05:08.000Z,0,1,LABELED,1,12381,2026-01-10T20:53:08.000000,true,true,true
2724,2026-03-02T00:00:00.000000,12384,2026-03-02T19:19:00.000000,accepted,2.2,7,2026-05-11T17:52:00.000000,0,true,true,true,true,0,LABELED,0,,,0,1,LABELED,0,,,true,true,true
2725,2026-03-26T00:00:00.000000,12391,2026-03-28T11:34:16.000000,rejected,,1,2026-03-28T11:34:16.000000,0,true,true,true,true,0,LABELED,0,,,0,0,LABELED,0,,,true,true,true
2726,2025-01-14T00:00:00.000000,12392,2026-03-15T17:19:00.000000,accepted,0.5,1,2026-03-15T17:19:00.000000,0,true,true,true,true,0,LABELED,0,,,0,0,LABELED,0,,,true,true,true
2727,2026-01-28T00:00:00.000000,12397,2026-02-01T12:21:37.000000,rejected,5.2,5,2026-06-19T10:11:00.000000,0,true,true,true,true,0,LABELED,1,12393,2026-02-05T10:31:50.000Z,0,2,LABELED,1,12393,2026-02-05T09:43:50.000000,true,true,true
2728,2025-12-25T00:00:00.000000,12400,2025-12-25T19:51:31.000000,accepted,30.8,5,2026-01-05T15:35:34.000000,0,true,true,true,true,0,LABELED,0,,,0,0,LABELED,0,,,true,true,true
2729,2025-11-30T00:00:00.000000,12409,2025-11-30T08:31:14.000000,scheduled_visit,9,7,2026-06-14T20:48:00.000000,1,true,true,true,true,1,LABELED,1,12409,2025-11-30T17:31:14.000Z,0,1,LABELED,1,12409,2025-11-30T08:31:14.000000,true,true,true
2730,2025-12-08T00:00:00.000000,12411,2025-12-14T11:08:41.000000,rejected,0.8,6,2025-12-26T08:25:00.000000,0,true,true,true,true,0,LABELED,0,,,0,0,LABELED,0,,,true,true,true
2731,2026-01-27T00:00:00.000000,12416,2026-02-05T16:16:51.000000,scheduled_visit,,6,2026-04-22T17:11:00.000000,1,true,true,true,true,1,LABELED,1,12421,2026-02-08T17:45:07.000Z,2,1,LABELED,1,12416,2026-02-05T16:16:51.000000,true,true,true
2732,2026-06-24T00:00:00.000000,12422,2026-07-03T20:39:42.000000,no_response,7.7,1,2026-07-03T20:39:42.000000,0,true,false,false,false,,CENSORED,,,,0,0,CENSORED,,,,false,false,false
2733,2025-03-01T00:00:00.000000,12429,2025-03-07T11:25:46.000000,accepted,27.2,7,2026-01-01T07:35:00.000000,0,true,true,true,true,0,LABELED,1,12423,2025-03-08T10:27:25.000Z,0,1,LABELED,1,12423,2025-03-08T09:57:25.000000,true,true,true
2734,2025-11-08T00:00:00.000000,12431,2025-11-16T19:06:53.000000,no_response,0.5,2,2025-11-18T16:17:13.000000,0,true,true,true,true,0,LABELED,0,,,0,0,LABELED,0,,,true,true,true
2735,2025-07-09T00:00:00.000000,12433,2025-07-17T07:11:43.000000,accepted,,3,2025-10-12T15:32:00.000000,0,true,true,true,true,0,LABELED,0,,,0,0,LABELED,0,,,true,true,true
2736,2026-03-09T00:00:00.000000,12436,2026-03-11T07:16:42.000000,scheduled_visit,26.3,8,2026-05-10T19:12:00.000000,1,true,true,true,true,1,LABELED,1,12436,2026-03-12T09:34:42.000Z,0,3,LABELED,1,12436,2026-03-11T07:16:42.000000,true,true,true
2737,2025-12-26T00:00:00.000000,12444,2025-12-27T15:41:03.000000,accepted,3.7,2,2026-05-28T08:48:00.000000,0,true,true,true,true,0,LABELED,0,,,0,0,LABELED,0,,,true,true,true
2738,2025-10-27T00:00:00.000000,12448,2025-10-28T10:14:57.000000,rejected,83.2,5,2026-01-04T12:45:00.000000,0,true,true,true,true,0,LABELED,0,,,0,0,LABELED,0,,,true,true,true
2739,2026-03-12T00:00:00.000000,12451,2026-03-15T07:56:35.000000,rejected,35.2,3,2026-04-23T14:09:00.000000,0,true,true,true,true,0,LABELED,0,,,0,1,LABELED,0,,,true,true,true
2740,2025-07-25T00:00:00.000000,12453,2025-07-26T14:11:54.000000,accepted,4.7,8,2026-06-28T19:50:00.000000,0,true,true,true,true,0,LABELED,0,,,0,0,LABELED,0,,,true,true,true
2741,2025-04-25T00:00:00.000000,12466,2025-05-01T15:30:14.000000,rejected,14.9,7,2026-02-05T20:58:00.000000,0,true,true,true,true,0,LABELED,0,,,0,0,LABELED,0,,,true,true,true
2742,2025-08-27T00:00:00.000000,12472,2025-08-30T16:28:28.000000,accepted,0.7,7,2026-04-13T10:46:00.000000,0,true,true,true,true,0,LABELED,0,,,0,2,LABELED,0,,,true,true,true
2743,2025-06-30T00:00:00.000000,12476,2025-06-30T10:19:54.000000,accepted,,7,2026-06-16T09:01:00.000000,0,true,true,true,true,0,LABELED,0,,,0,1,LABELED,0,,,true,true,true
2744,2026-02-19T00:00:00.000000,12489,2026-02-20T10:48:59.000000,scheduled_visit,10.8,8,2026-04-12T13:54:00.000000,1,true,true,true,true,1,LABELED,1,12489,2026-02-20T21:36:59.000Z,0,2,LABELED,1,12489,2026-02-20T10:48:59.000000,true,true,true
2745,2025-09-01T00:00:00.000000,12493,2025-09-13T18:25:32.000000,accepted,15.7,8,2026-06-15T07:46:00.000000,0,true,true,true,true,0,LABELED,1,12497,2025-09-25T22:26:00.000Z,0,1,LABELED,1,12497,2025-09-25T13:26:00.000000,true,true,true
2746,2026-01-29T00:00:00.000000,12498,2026-02-01T11:55:09.000000,accepted,35.2,5,2026-03-10T19:09:00.000000,0,true,true,true,true,0,LABELED,0,,,0,0,LABELED,0,,,true,true,true
2747,2026-05-14T00:00:00.000000,12503,2026-05-17T08:38:07.000000,accepted,,1,2026-05-17T08:38:07.000000,0,true,true,true,true,0,LABELED,0,,,0,0,LABELED,0,,,true,true,false
2748,2025-01-25T00:00:00.000000,12504,2025-05-23T14:01:00.000000,scheduled_visit,2.6,7,2026-04-01T14:08:00.000000,1,true,true,true,true,1,LABELED,1,12504,2025-05-23T16:37:00.000Z,0,3,LABELED,1,12504,2025-05-23T14:01:00.000000,true,true,true
2749,2025-07-21T00:00:00.000000,12511,2025-07-24T16:38:38.000000,no_response,7,8,2026-03-18T17:40:00.000000,0,true,true,true,true,0,LABELED,0,,,0,0,LABELED,0,,,true,true,true
2750,2025-03-14T00:00:00.000000,12519,2025-05-01T18:44:00.000000,scheduled_visit,40.3,2,2026-06-16T11:24:00.000000,1,true,true,true,true,1,LABELED,1,12519,2025-05-03T11:02:00.000Z,0,1,LABELED,1,12519,2025-05-01T18:44:00.000000,true,true,true
2751,2025-03-18T00:00:00.000000,12522,2025-06-29T15:54:00.000000,scheduled_visit,5.3,2,2026-03-27T11:36:00.000000,1,true,true,true,true,1,LABELED,1,12522,2025-06-29T21:12:00.000Z,0,2,LABELED,1,12522,2025-06-29T15:54:00.000000,true,true,true
2752,2026-02-11T00:00:00.000000,12523,2026-02-14T11:29:30.000000,scheduled_visit,11.3,1,2026-02-14T11:29:30.000000,1,true,true,true,true,1,LABELED,1,12523,2026-02-14T22:47:30.000Z,0,1,LABELED,1,12523,2026-02-14T11:29:30.000000,true,true,true
2753,2026-04-21T00:00:00.000000,12526,2026-04-23T12:01:41.000000,scheduled_visit,3.5,7,2026-06-15T16:29:00.000000,1,true,true,true,true,1,LABELED,1,12526,2026-04-23T15:31:41.000Z,0,1,LABELED,1,12526,2026-04-23T12:01:41.000000,true,true,true
2754,2026-03-13T00:00:00.000000,12534,2026-03-17T18:44:55.000000,no_response,0.5,4,2026-05-04T14:50:00.000000,0,true,true,true,true,0,LABELED,0,,,0,0,LABELED,0,,,true,true,true
2755,2025-08-05T00:00:00.000000,12535,2025-08-07T10:35:10.000000,accepted,1,4,2026-02-02T20:15:00.000000,0,true,true,true,true,0,LABELED,0,,,0,0,LABELED,0,,,true,true,true
2756,2025-07-12T00:00:00.000000,12544,2025-07-25T08:24:54.000000,accepted,48.7,6,2026-04-04T10:42:00.000000,0,true,true,true,true,0,LABELED,0,,,0,1,LABELED,0,,,true,true,true
2757,2026-04-17T00:00:00.000000,12545,2026-04-27T10:51:49.000000,no_response,14.6,1,2026-04-27T10:51:49.000000,0,true,true,true,true,0,LABELED,0,,,0,0,LABELED,0,,,true,true,true
2758,2026-02-26T00:00:00.000000,12546,2026-02-26T18:59:31.000000,rejected,1.3,3,2026-03-04T10:27:38.000000,0,true,true,true,true,0,LABELED,1,12548,2026-03-05T17:45:38.000Z,0,1,LABELED,1,12548,2026-03-04T10:27:38.000000,true,true,true
2759,2025-02-14T00:00:00.000000,12552,2025-03-06T17:01:00.000000,no_response,2.6,7,2026-06-08T20:34:00.000000,0,true,true,true,true,0,LABELED,0,,,0,0,LABELED,0,,,true,true,true
2760,2025-03-12T00:00:00.000000,12558,2025-03-17T11:27:25.000000,rejected,21.3,4,2026-06-19T19:59:00.000000,0,true,true,true,true,0,LABELED,0,,,0,1,LABELED,0,,,true,true,true
2761,2026-06-01T00:00:00.000000,12561,2026-06-03T19:55:17.000000,no_response,0.5,7,2026-06-16T19:32:00.000000,0,true,true,true,true,0,LABELED,1,12560,2026-06-04T20:37:04.000Z,0,1,CENSORED,,,,true,false,false
2762,2026-01-28T00:00:00.000000,12568,2026-01-28T10:41:03.000000,accepted,0.5,6,2026-06-12T07:22:00.000000,0,true,true,true,true,0,AMBIGUOUS,,,,1,0,LABELED,1,12567,2026-02-09T17:19:06.000000,true,true,true
2763,2026-06-05T00:00:00.000000,12579,2026-06-08T10:21:24.000000,accepted,3.5,8,2026-06-16T18:50:35.000000,0,true,true,true,true,0,AMBIGUOUS,,,,1,0,CENSORED,,,,false,false,false
2764,2026-04-06T00:00:00.000000,12585,2026-04-06T10:11:29.000000,accepted,4.4,8,2026-06-23T20:47:00.000000,0,true,true,true,true,0,LABELED,0,,,0,1,LABELED,0,,,true,true,true
2765,2025-06-06T00:00:00.000000,12589,2025-06-19T15:07:22.000000,scheduled_visit,10.1,2,2025-09-12T14:28:00.000000,1,true,true,true,true,1,LABELED,1,12589,2025-06-20T01:13:22.000Z,0,1,LABELED,1,12589,2025-06-19T15:07:22.000000,true,true,true
2766,2026-01-07T00:00:00.000000,12594,2026-01-10T09:32:23.000000,rejected,,7,2026-02-27T10:04:00.000000,0,true,true,true,true,0,LABELED,0,,,0,0,LABELED,0,,,true,true,true
2767,2025-01-20T00:00:00.000000,12598,2025-01-26T08:15:35.000000,accepted,14.5,1,2025-01-26T08:15:35.000000,0,true,true,true,true,0,LABELED,0,,,0,0,LABELED,0,,,true,true,true
2768,2025-09-02T00:00:00.000000,12600,2025-09-03T13:22:15.000000,accepted,9.2,3,2026-05-25T19:42:00.000000,0,true,true,true,true,0,LABELED,0,,,0,0,LABELED,0,,,true,true,true
2769,2025-08-08T00:00:00.000000,12606,2025-08-10T15:42:43.000000,accepted,19.3,5,2026-02-26T15:57:00.000000,0,true,true,true,true,0,LABELED,0,,,0,0,LABELED,0,,,true,true,true
2770,2025-01-25T00:00:00.000000,12609,2025-07-03T12:48:00.000000,accepted,16.9,3,2026-01-18T11:04:00.000000,0,true,true,true,true,0,LABELED,0,,,0,1,LABELED,0,,,true,true,true
2771,2025-05-07T00:00:00.000000,12615,2025-05-08T15:51:16.000000,accepted,3.3,6,2026-06-11T07:54:00.000000,0,true,true,true,true,0,LABELED,0,,,0,0,LABELED,0,,,true,true,true
2772,2025-08-22T00:00:00.000000,12622,2025-08-28T17:20:55.000000,no_response,29.4,7,2026-04-13T11:55:00.000000,0,true,true,true,true,0,LABELED,1,12620,2025-09-01T08:47:02.000Z,0,2,LABELED,1,12620,2025-08-31T18:53:02.000000,true,true,true
2773,2026-02-27T00:00:00.000000,12623,2026-03-08T11:16:32.000000,no_response,,1,2026-03-08T11:16:32.000000,0,true,true,true,true,0,LABELED,0,,,0,0,LABELED,0,,,true,true,true
2774,2026-01-22T00:00:00.000000,12624,2026-01-28T15:53:15.000000,rejected,,2,2026-03-23T09:09:00.000000,0,true,true,true,true,0,LABELED,0,,,0,0,LABELED,0,,,true,true,true
2775,2025-01-24T00:00:00.000000,12631,2025-02-02T14:40:39.000000,accepted,,7,2026-01-06T16:07:00.000000,0,true,true,true,true,0,LABELED,1,12626,2025-02-05T22:37:00.000Z,0,2,LABELED,1,12626,2025-02-05T19:01:00.000000,true,true,true
2776,2025-01-07T00:00:00.000000,12633,2025-01-16T15:23:20.000000,rejected,13.9,6,2026-06-10T17:45:00.000000,0,true,true,true,true,0,LABELED,0,,,0,0,LABELED,0,,,true,true,true
2777,2025-03-05T00:00:00.000000,12640,2025-03-05T15:07:19.000000,scheduled_visit,1.3,6,2025-12-26T13:34:00.000000,1,true,true,true,true,1,LABELED,1,12640,2025-03-05T16:25:19.000Z,0,2,LABELED,1,12640,2025-03-05T15:07:19.000000,true,true,true
2778,2025-07-30T00:00:00.000000,12650,2025-08-03T11:06:56.000000,accepted,2.1,6,2026-02-23T16:29:00.000000,0,true,true,true,true,0,LABELED,0,,,0,0,LABELED,0,,,true,true,true
2779,2025-12-27T00:00:00.000000,12651,2026-02-25T08:53:00.000000,accepted,8.9,1,2026-02-25T08:53:00.000000,0,true,true,true,true,0,LABELED,0,,,0,0,LABELED,0,,,true,true,true
2780,2025-07-17T00:00:00.000000,12652,2025-11-25T07:47:00.000000,no_response,3.4,1,2025-11-25T07:47:00.000000,0,true,true,true,true,0,LABELED,0,,,0,0,LABELED,0,,,true,true,true
2781,2026-03-22T00:00:00.000000,12654,2026-03-26T12:04:58.000000,accepted,1.5,4,2026-06-08T18:48:00.000000,0,true,true,true,true,0,LABELED,0,,,0,1,LABELED,0,,,true,true,true
2782,2026-01-30T00:00:00.000000,12660,2026-02-05T13:04:34.000000,accepted,6.3,5,2026-06-05T11:10:00.000000,0,true,true,true,true,0,LABELED,0,,,0,0,LABELED,0,,,true,true,true
2783,2025-01-20T00:00:00.000000,12666,2025-01-25T11:47:43.000000,rejected,0.9,5,2026-05-26T09:27:00.000000,0,true,true,true,true,0,LABELED,0,,,0,1,LABELED,0,,,true,true,true
2784,2025-04-16T00:00:00.000000,12667,2025-06-28T10:50:00.000000,accepted,21.4,1,2025-06-28T10:50:00.000000,0,true,true,true,true,0,LABELED,0,,,0,0,LABELED,0,,,true,true,true
2785,2025-05-19T00:00:00.000000,12672,2025-05-19T16:54:05.000000,no_response,5.8,5,2026-06-10T11:15:00.000000,0,true,true,true,true,0,LABELED,1,12669,2025-05-25T16:01:58.000Z,0,1,LABELED,1,12669,2025-05-25T09:13:58.000000,true,true,true
2786,2026-04-02T00:00:00.000000,12673,2026-04-15T19:46:38.000000,accepted,9.7,1,2026-04-15T19:46:38.000000,0,true,true,true,true,0,LABELED,0,,,0,0,LABELED,0,,,true,true,true
2787,2025-11-29T00:00:00.000000,12674,2025-11-30T07:16:33.000000,no_response,,2,2025-12-01T07:43:10.000000,0,true,true,true,true,0,LABELED,1,12675,2025-12-02T13:43:10.000Z,0,1,LABELED,1,12675,2025-12-01T07:43:10.000000,true,true,true
2788,2026-01-14T00:00:00.000000,12676,2026-01-21T11:48:24.000000,accepted,10.3,3,2026-01-24T11:50:27.000000,0,true,true,true,true,0,LABELED,0,,,0,0,LABELED,0,,,true,true,true
2789,2025-06-03T00:00:00.000000,12683,2025-06-09T20:15:51.000000,accepted,18.8,7,2026-05-31T14:06:00.000000,0,true,true,true,true,0,LABELED,0,,,0,0,LABELED,0,,,true,true,true
2790,2025-05-03T00:00:00.000000,12689,2025-05-08T09:14:46.000000,scheduled_visit,31.8,6,2026-01-14T20:20:00.000000,1,true,true,true,true,1,LABELED,1,12689,2025-05-09T17:02:46.000Z,0,1,LABELED,1,12689,2025-05-08T09:14:46.000000,true,true,true
2791,2025-12-22T00:00:00.000000,12693,2025-12-23T09:08:05.000000,no_response,40.5,5,2026-01-04T19:18:19.000000,0,true,true,true,true,0,LABELED,1,12695,2026-01-04T20:06:19.000Z,1,1,LABELED,1,12692,2025-12-30T10:59:16.000000,true,true,true
2792,2025-01-27T00:00:00.000000,12699,2025-05-04T08:55:00.000000,scheduled_visit,9.2,3,2026-01-24T15:13:00.000000,1,true,true,true,true,1,LABELED,1,12699,2025-05-04T18:07:00.000Z,0,1,LABELED,1,12699,2025-05-04T08:55:00.000000,true,true,true
2793,2025-12-05T00:00:00.000000,12701,2025-12-10T07:36:34.000000,scheduled_visit,0.7,2,2026-03-15T17:39:00.000000,1,true,true,true,true,1,LABELED,1,12701,2025-12-10T08:18:34.000Z,0,1,LABELED,1,12701,2025-12-10T07:36:34.000000,true,true,true
2794,2026-03-20T00:00:00.000000,12706,2026-03-22T15:59:13.000000,scheduled_visit,11.7,7,2026-04-19T08:29:00.000000,1,true,true,true,true,1,LABELED,1,12706,2026-03-23T03:41:13.000Z,1,1,LABELED,1,12706,2026-03-22T15:59:13.000000,true,true,true
2795,2025-10-03T00:00:00.000000,12716,2025-10-07T20:20:51.000000,no_response,7,8,2026-06-15T11:35:00.000000,0,true,true,true,true,0,LABELED,0,,,0,0,LABELED,0,,,true,true,true
2796,2025-09-26T00:00:00.000000,12720,2025-09-28T08:53:09.000000,accepted,,7,2026-06-20T19:04:00.000000,0,true,true,true,true,0,LABELED,1,12721,2025-10-04T13:16:54.000Z,0,1,LABELED,1,12721,2025-10-03T13:58:54.000000,true,true,true
2797,2026-03-04T00:00:00.000000,12730,2026-03-05T15:36:31.000000,no_response,4.3,8,2026-03-17T10:25:21.000000,0,true,true,true,true,0,LABELED,1,12731,2026-03-06T16:25:13.000Z,0,2,LABELED,1,12731,2026-03-06T08:07:13.000000,true,true,true
2798,2025-11-03T00:00:00.000000,12734,2025-11-05T07:58:29.000000,accepted,3.4,3,2026-06-24T12:26:00.000000,0,true,true,true,true,0,LABELED,0,,,0,0,LABELED,0,,,true,true,true
2799,2025-02-08T00:00:00.000000,12739,2025-02-08T13:59:01.000000,no_response,12.8,8,2026-05-17T19:46:00.000000,0,true,true,true,true,0,LABELED,1,12738,2025-02-14T18:59:46.000Z,0,1,LABELED,1,12738,2025-02-14T08:35:46.000000,true,true,true
2800,2026-02-07T00:00:00.000000,12743,2026-02-09T08:03:26.000000,accepted,10.9,4,2026-06-14T19:23:00.000000,0,true,true,true,true,0,LABELED,0,,,0,0,LABELED,0,,,true,true,true
2801,2025-02-28T00:00:00.000000,12751,2025-03-19T15:58:00.000000,accepted,11.3,5,2026-03-29T07:58:00.000000,0,true,true,true,true,0,LABELED,0,,,0,0,LABELED,0,,,true,true,true
2802,2026-05-16T00:00:00.000000,12752,2026-05-16T13:51:57.000000,accepted,,7,2026-05-31T15:27:00.000000,0,true,true,true,true,0,AMBIGUOUS,,,,1,0,LABELED,1,12758,2026-05-19T10:09:07.000000,true,true,false
2803,2025-03-12T00:00:00.000000,12761,2025-03-25T10:46:44.000000,accepted,13.9,7,2026-06-16T11:26:00.000000,0,true,true,true,true,0,LABELED,0,,,0,2,LABELED,0,,,true,true,true
2804,2026-01-13T00:00:00.000000,12771,2026-01-15T11:42:56.000000,accepted,22.4,7,2026-02-28T20:30:00.000000,0,true,true,true,true,0,LABELED,1,12768,2026-01-25T17:03:55.000Z,0,1,LABELED,1,12768,2026-01-25T12:33:55.000000,true,true,true
2805,2026-06-18T00:00:00.000000,12774,2026-06-18T13:57:40.000000,no_response,,4,2026-06-30T17:16:02.000000,0,true,true,false,true,0,CENSORED,,,,0,0,CENSORED,,,,false,false,false
2806,2026-04-22T00:00:00.000000,12784,2026-04-25T16:10:06.000000,accepted,3.2,8,2026-06-17T14:06:00.000000,0,true,true,true,true,0,LABELED,1,12777,2026-04-30T00:03:52.000Z,0,1,LABELED,1,12777,2026-04-29T20:51:52.000000,true,true,true
2807,2025-05-30T00:00:00.000000,12786,2025-07-25T16:09:00.000000,scheduled_visit,9.6,2,2026-01-02T15:48:00.000000,1,true,true,true,true,1,LABELED,1,12786,2025-07-26T01:45:00.000Z,0,2,LABELED,1,12786,2025-07-25T16:09:00.000000,true,true,true
2808,2025-03-15T00:00:00.000000,12787,2025-03-18T09:07:00.000000,scheduled_visit,21.7,6,2026-02-15T12:49:00.000000,1,true,true,true,true,1,LABELED,1,12787,2025-03-19T06:49:00.000Z,0,2,LABELED,1,12787,2025-03-18T09:07:00.000000,true,true,true
2809,2025-08-03T00:00:00.000000,12799,2025-08-03T09:18:21.000000,accepted,16.3,8,2026-04-13T17:48:00.000000,0,true,true,true,true,0,LABELED,1,12798,2025-08-10T02:58:28.000Z,1,1,LABELED,1,12797,2025-08-09T09:56:38.000000,true,true,true
2810,2025-11-20T00:00:00.000000,12802,2025-11-21T20:55:37.000000,accepted,25,7,2026-05-06T16:51:00.000000,0,true,true,true,true,0,LABELED,1,12805,2025-12-03T10:45:37.000Z,0,2,LABELED,1,12805,2025-12-02T07:21:37.000000,true,true,true
2811,2025-05-28T00:00:00.000000,12810,2025-06-09T16:40:32.000000,scheduled_visit,25.6,4,2026-06-09T19:50:00.000000,1,true,true,true,true,1,LABELED,1,12810,2025-06-10T18:16:32.000Z,0,1,LABELED,1,12810,2025-06-09T16:40:32.000000,true,true,true
2812,2026-02-27T00:00:00.000000,12812,2026-02-27T11:42:59.000000,accepted,4.2,3,2026-03-06T17:25:02.000000,0,true,true,true,true,0,LABELED,1,12814,2026-03-06T20:01:02.000Z,0,1,LABELED,1,12814,2026-03-06T17:25:02.000000,true,true,true
2813,2026-02-07T00:00:00.000000,12817,2026-02-10T08:55:31.000000,no_response,7.5,5,2026-04-23T15:25:00.000000,0,true,true,true,true,0,LABELED,0,,,0,0,LABELED,0,,,true,true,true
2814,2025-01-31T00:00:00.000000,12820,2025-02-06T17:33:26.000000,rejected,17.5,6,2026-05-22T16:55:00.000000,0,true,true,true,true,0,LABELED,0,,,0,0,LABELED,0,,,true,true,true
2815,2025-05-25T00:00:00.000000,12833,2025-05-27T12:11:20.000000,no_response,,8,2025-12-11T18:58:00.000000,0,true,true,true,true,0,LABELED,0,,,0,1,LABELED,0,,,true,true,true
2816,2025-06-21T00:00:00.000000,12837,2025-06-22T10:09:04.000000,scheduled_visit,0.6,6,2025-11-22T15:29:00.000000,1,true,true,true,true,1,LABELED,1,12837,2025-06-22T10:45:04.000Z,0,2,LABELED,1,12837,2025-06-22T10:09:04.000000,true,true,true
2817,2025-11-06T00:00:00.000000,12843,2025-11-16T11:37:35.000000,rejected,2.2,4,2026-03-06T11:24:00.000000,0,true,true,true,true,0,LABELED,0,,,0,0,LABELED,0,,,true,true,true
2818,2026-06-15T00:00:00.000000,12844,2026-06-17T08:49:31.000000,no_response,18.4,1,2026-06-17T08:49:31.000000,0,true,true,false,true,0,CENSORED,,,,0,0,CENSORED,,,,false,false,false
2819,2025-03-03T00:00:00.000000,12847,2025-03-08T11:04:29.000000,rejected,0.5,5,2026-06-05T09:52:00.000000,0,true,true,true,true,0,LABELED,0,,,0,1,LABELED,0,,,true,true,true
2820,2025-02-21T00:00:00.000000,12850,2025-02-21T10:58:30.000000,accepted,3.6,3,2026-03-18T12:47:00.000000,0,true,true,true,true,0,LABELED,0,,,0,0,LABELED,0,,,true,true,true
2821,2026-03-21T00:00:00.000000,12853,2026-03-22T15:20:12.000000,accepted,10.9,1,2026-03-22T15:20:12.000000,0,true,true,true,true,0,LABELED,0,,,0,0,LABELED,0,,,true,true,true
2822,2025-11-14T00:00:00.000000,12856,2025-11-16T15:37:46.000000,rejected,11.9,3,2026-01-12T19:19:00.000000,0,true,true,true,true,0,LABELED,0,,,0,1,LABELED,0,,,true,true,true
2823,2026-06-06T00:00:00.000000,12859,2026-06-07T10:18:28.000000,scheduled_visit,29.7,4,2026-06-18T18:33:01.000000,1,true,true,true,true,1,LABELED,1,12859,2026-06-08T16:00:28.000Z,0,1,CENSORED,,,,false,false,false
2824,2026-02-16T00:00:00.000000,12861,2026-02-18T13:17:37.000000,no_response,2.2,5,2026-02-23T16:02:44.000000,0,true,true,true,true,0,LABELED,1,12865,2026-02-23T05:58:22.000Z,0,1,LABELED,1,12865,2026-02-21T15:40:22.000000,true,true,true
2825,2025-07-13T00:00:00.000000,12867,2025-07-16T12:20:25.000000,scheduled_visit,15,8,2026-02-17T08:07:00.000000,1,true,true,true,true,1,LABELED,1,12867,2025-07-17T03:20:25.000Z,0,2,LABELED,1,12867,2025-07-16T12:20:25.000000,true,true,true
2826,2025-05-18T00:00:00.000000,12875,2025-05-24T18:52:09.000000,accepted,40.4,7,2026-03-24T11:03:00.000000,0,true,true,true,true,0,LABELED,0,,,0,2,LABELED,0,,,true,true,true
2827,2025-02-23T00:00:00.000000,12883,2025-02-23T16:49:16.000000,scheduled_visit,,3,2026-06-12T13:11:00.000000,1,true,true,true,true,1,AMBIGUOUS,,,,1,0,LABELED,1,12883,2025-02-23T16:49:16.000000,true,true,true
2828,2026-02-12T00:00:00.000000,12886,2026-02-16T15:06:51.000000,accepted,30.5,8,2026-06-17T08:12:00.000000,0,true,true,true,true,0,LABELED,1,12889,2026-02-17T17:27:25.000Z,0,1,LABELED,1,12889,2026-02-17T10:57:25.000000,true,true,true
2829,2025-07-10T00:00:00.000000,12892,2025-07-11T10:15:13.000000,no_response,12.6,2,2025-07-22T20:03:03.000000,0,true,true,true,true,0,LABELED,1,12893,2025-07-22T23:27:03.000Z,0,1,LABELED,1,12893,2025-07-22T20:03:03.000000,true,true,true
2830,2025-01-05T00:00:00.000000,12897,2025-01-10T20:53:24.000000,accepted,9.8,6,2025-11-22T17:57:00.000000,0,true,true,true,true,0,LABELED,0,,,0,2,LABELED,0,,,true,true,true
2831,2025-03-31T00:00:00.000000,12900,2025-04-03T20:29:24.000000,scheduled_visit,7.2,4,2026-06-20T10:26:00.000000,1,true,true,true,true,1,LABELED,1,12900,2025-04-04T03:41:24.000Z,0,1,LABELED,1,12900,2025-04-03T20:29:24.000000,true,true,true
2832,2026-06-10T00:00:00.000000,12905,2026-06-14T20:13:42.000000,accepted,19.7,2,2026-06-15T20:24:56.000000,0,true,true,false,true,0,CENSORED,,,,0,0,CENSORED,,,,false,false,false
2833,2026-05-01T00:00:00.000000,12907,2026-05-06T10:47:54.000000,accepted,6.6,2,2026-05-07T12:42:56.000000,0,true,true,true,true,0,LABELED,0,,,0,0,LABELED,0,,,true,true,true
2834,2026-03-09T00:00:00.000000,12908,2026-03-19T17:42:42.000000,scheduled_visit,7,3,2026-04-30T07:51:00.000000,1,true,true,true,true,1,LABELED,1,12908,2026-03-20T00:42:42.000Z,0,2,LABELED,1,12908,2026-03-19T17:42:42.000000,true,true,true
2835,2026-06-11T00:00:00.000000,12912,2026-06-16T20:38:44.000000,no_response,13,2,2026-06-17T07:31:37.000000,0,true,true,false,true,0,CENSORED,,,,0,0,CENSORED,,,,false,false,false
2836,2025-10-31T00:00:00.000000,12913,2026-03-06T12:25:00.000000,accepted,1.7,1,2026-03-06T12:25:00.000000,0,true,true,true,true,0,LABELED,0,,,0,0,LABELED,0,,,true,true,true
2837,2025-06-11T00:00:00.000000,12914,2025-06-14T14:52:23.000000,no_response,8.6,2,2025-07-07T18:46:00.000000,0,true,true,true,true,0,LABELED,0,,,0,0,LABELED,0,,,true,true,true
2838,2026-01-01T00:00:00.000000,12918,2026-01-01T18:03:35.000000,accepted,52.4,4,2026-01-10T14:35:39.000000,0,true,true,true,true,0,LABELED,1,12919,2026-01-02T03:08:09.000Z,0,2,LABELED,1,12919,2026-01-01T20:50:09.000000,true,true,true
2839,2026-02-19T00:00:00.000000,12921,2026-02-22T13:33:41.000000,accepted,21.9,7,2026-05-17T18:27:00.000000,0,true,true,true,true,0,LABELED,0,,,0,2,LABELED,0,,,true,true,true
2840,2025-04-17T00:00:00.000000,12927,2025-10-29T14:23:00.000000,scheduled_visit,7.7,1,2025-10-29T14:23:00.000000,1,true,true,true,true,1,LABELED,1,12927,2025-10-29T22:05:00.000Z,0,1,LABELED,1,12927,2025-10-29T14:23:00.000000,true,true,true
2841,2026-02-21T00:00:00.000000,12930,2026-02-22T20:07:46.000000,scheduled_visit,,7,2026-03-03T07:33:07.000000,1,true,true,true,true,1,AMBIGUOUS,,,,1,0,LABELED,1,12930,2026-02-22T20:07:46.000000,true,true,true
2842,2025-12-15T00:00:00.000000,12936,2025-12-15T14:40:50.000000,accepted,8.3,6,2025-12-27T20:40:04.000000,0,true,true,true,true,0,LABELED,1,12939,2025-12-26T15:58:31.000Z,0,1,LABELED,1,12939,2025-12-26T13:16:31.000000,true,true,true
2843,2026-03-02T00:00:00.000000,12944,2026-03-08T20:38:57.000000,no_response,3.9,4,2026-03-15T15:41:02.000000,0,true,true,true,true,0,AMBIGUOUS,,,,1,0,LABELED,1,12941,2026-03-10T18:00:21.000000,true,true,true
2844,2026-02-07T00:00:00.000000,12950,2026-02-07T16:33:44.000000,rejected,18.1,6,2026-04-11T10:52:00.000000,0,true,true,true,true,0,LABELED,0,,,0,0,LABELED,0,,,true,true,true
2845,2025-02-20T00:00:00.000000,12951,2025-06-01T12:52:00.000000,no_response,2.5,1,2025-06-01T12:52:00.000000,0,true,true,true,true,0,LABELED,0,,,0,0,LABELED,0,,,true,true,true
2846,2026-04-28T00:00:00.000000,12954,2026-04-29T09:56:47.000000,accepted,6.8,3,2026-05-01T12:05:22.000000,0,true,true,true,true,0,AMBIGUOUS,,,,1,0,LABELED,1,12952,2026-04-30T07:59:45.000000,true,true,true
2847,2026-04-09T00:00:00.000000,12955,2026-04-10T14:58:27.000000,scheduled_visit,10.4,1,2026-04-10T14:58:27.000000,1,true,true,true,true,1,LABELED,1,12955,2026-04-11T01:22:27.000Z,0,1,LABELED,1,12955,2026-04-10T14:58:27.000000,true,true,true
2848,2025-02-26T00:00:00.000000,12962,2025-03-04T18:53:34.000000,rejected,17.1,8,2026-01-17T08:47:00.000000,0,true,true,true,true,0,LABELED,0,,,0,1,LABELED,0,,,true,true,true
2849,2025-08-29T00:00:00.000000,12968,2025-09-03T17:01:15.000000,accepted,11.2,6,2026-06-26T13:44:00.000000,0,true,true,true,true,0,LABELED,0,,,0,0,LABELED,0,,,true,true,true
2850,2025-11-28T00:00:00.000000,12970,2025-11-29T18:03:28.000000,accepted,9.1,3,2026-02-10T17:16:00.000000,0,true,true,true,true,0,LABELED,0,,,0,1,LABELED,0,,,true,true,true
2851,2026-03-25T00:00:00.000000,12978,2026-03-25T07:37:18.000000,accepted,1.5,6,2026-04-06T11:12:57.000000,0,true,true,true,true,0,LABELED,0,,,0,0,LABELED,0,,,true,true,true
2852,2026-01-11T00:00:00.000000,12981,2026-01-11T15:40:25.000000,rejected,,8,2026-01-24T14:06:57.000000,0,true,true,true,true,0,LABELED,1,12983,2026-01-11T23:22:04.000Z,0,1,LABELED,1,12983,2026-01-11T20:40:04.000000,true,true,true
2853,2025-07-02T00:00:00.000000,12989,2025-07-10T12:29:16.000000,scheduled_visit,,3,2025-10-03T20:14:00.000000,1,true,true,true,true,1,AMBIGUOUS,,,,1,0,LABELED,1,12989,2025-07-10T12:29:16.000000,true,true,true
2854,2026-02-04T00:00:00.000000,12991,2026-02-09T11:07:34.000000,no_response,9.8,2,2026-05-31T18:37:00.000000,0,true,true,true,true,0,LABELED,0,,,0,0,LABELED,0,,,true,true,true
2855,2026-05-15T00:00:00.000000,12993,2026-05-17T07:09:13.000000,accepted,10.2,2,2026-05-19T11:06:51.000000,0,true,true,true,true,0,LABELED,0,,,0,0,LABELED,0,,,true,true,false
2856,2025-08-25T00:00:00.000000,12996,2025-08-26T14:59:32.000000,no_response,3,3,2026-05-06T19:26:00.000000,0,true,true,true,true,0,LABELED,0,,,0,0,LABELED,0,,,true,true,true
2857,2025-05-02T00:00:00.000000,12997,2025-05-10T10:31:25.000000,rejected,13.9,2,2026-01-07T17:32:00.000000,0,true,true,true,true,0,LABELED,0,,,0,0,LABELED,0,,,true,true,true
2858,2025-09-08T00:00:00.000000,12999,2025-09-08T19:06:15.000000,no_response,15.8,4,2025-12-19T11:08:00.000000,0,true,true,true,true,0,LABELED,0,,,0,1,LABELED,0,,,true,true,true
2859,2025-04-10T00:00:00.000000,13004,2025-04-16T14:05:00.000000,accepted,18.9,3,2025-11-04T16:42:00.000000,0,true,true,true,true,0,LABELED,0,,,0,0,LABELED,0,,,true,true,true
2860,2025-10-08T00:00:00.000000,13007,2025-10-14T11:47:19.000000,accepted,4,2,2025-10-21T15:17:16.000000,0,true,true,true,true,0,LABELED,0,,,0,0,LABELED,0,,,true,true,true
2861,2025-01-07T00:00:00.000000,13008,2025-09-22T08:29:00.000000,scheduled_visit,0.6,1,2025-09-22T08:29:00.000000,1,true,true,true,true,1,LABELED,1,13008,2025-09-22T09:05:00.000Z,0,1,LABELED,1,13008,2025-09-22T08:29:00.000000,true,true,true
2862,2025-02-03T00:00:00.000000,13009,2026-06-30T09:50:00.000000,no_response,13.9,1,2026-06-30T09:50:00.000000,0,true,false,false,false,,CENSORED,,,,0,0,CENSORED,,,,false,false,false
2863,2025-06-06T00:00:00.000000,13012,2025-06-11T13:32:42.000000,accepted,5.7,5,2026-01-20T07:44:00.000000,0,true,true,true,true,0,LABELED,0,,,0,0,LABELED,0,,,true,true,true
2864,2025-05-06T00:00:00.000000,13019,2025-05-07T09:02:38.000000,accepted,1.2,7,2026-05-18T14:52:00.000000,0,true,true,true,true,0,LABELED,0,,,0,1,LABELED,0,,,true,true,true
2865,2025-08-20T00:00:00.000000,13026,2025-08-26T17:50:00.000000,accepted,7.9,5,2026-05-08T12:04:00.000000,0,true,true,true,true,0,LABELED,0,,,0,0,LABELED,0,,,true,true,true
2866,2026-03-04T00:00:00.000000,13028,2026-03-04T17:10:46.000000,scheduled_visit,17.4,7,2026-06-13T10:27:00.000000,1,true,true,true,true,1,LABELED,1,13028,2026-03-05T10:34:46.000Z,0,1,LABELED,1,13028,2026-03-04T17:10:46.000000,true,true,true
2867,2026-02-23T00:00:00.000000,13034,2026-03-05T16:37:47.000000,accepted,4.1,1,2026-03-05T16:37:47.000000,0,true,true,true,true,0,LABELED,0,,,0,0,LABELED,0,,,true,true,true
2868,2025-05-22T00:00:00.000000,13035,2025-08-15T08:20:00.000000,no_response,36.4,3,2026-06-08T20:06:00.000000,0,true,true,true,true,0,LABELED,0,,,0,1,LABELED,0,,,true,true,true
2869,2025-02-04T00:00:00.000000,13039,2025-02-07T14:35:09.000000,accepted,4.6,4,2026-04-22T17:45:00.000000,0,true,true,true,true,0,LABELED,0,,,0,0,LABELED,0,,,true,true,true
2870,2025-01-17T00:00:00.000000,13042,2025-07-19T09:33:00.000000,scheduled_visit,12.6,3,2026-04-28T14:10:00.000000,1,true,true,true,true,1,LABELED,1,13042,2025-07-19T22:09:00.000Z,0,2,LABELED,1,13042,2025-07-19T09:33:00.000000,true,true,true
2871,2025-05-05T00:00:00.000000,13047,2025-05-16T14:10:33.000000,rejected,5.4,6,2025-10-16T20:07:00.000000,0,true,true,true,true,0,LABELED,0,,,0,1,LABELED,0,,,true,true,true
2872,2026-03-23T00:00:00.000000,13054,2026-03-24T10:44:15.000000,accepted,1.4,6,2026-06-08T11:30:00.000000,0,true,true,true,true,0,LABELED,0,,,0,1,LABELED,0,,,true,true,true
2873,2025-11-24T00:00:00.000000,13057,2025-11-26T13:21:00.000000,rejected,,5,2026-05-11T08:42:00.000000,0,true,true,true,true,0,LABELED,1,13058,2025-12-02T23:59:13.000Z,0,1,LABELED,1,13058,2025-12-02T07:29:13.000000,true,true,true
2874,2025-01-29T00:00:00.000000,13062,2025-02-14T14:31:00.000000,scheduled_visit,,5,2026-02-21T20:18:00.000000,1,true,true,true,true,1,AMBIGUOUS,,,,1,0,LABELED,1,13062,2025-02-14T14:31:00.000000,true,true,true
2875,2026-02-23T00:00:00.000000,13067,2026-02-23T18:36:27.000000,scheduled_visit,16.3,8,2026-06-28T17:50:00.000000,1,true,true,true,true,1,LABELED,1,13067,2026-02-24T10:54:27.000Z,0,1,LABELED,1,13067,2026-02-23T18:36:27.000000,true,true,true
2876,2025-07-28T00:00:00.000000,13075,2025-07-29T18:20:04.000000,no_response,13.1,3,2025-08-10T13:54:27.000000,0,true,true,true,true,0,LABELED,0,,,0,0,LABELED,0,,,true,true,true
2877,2026-01-12T00:00:00.000000,13078,2026-01-16T15:36:52.000000,no_response,14.8,1,2026-01-16T15:36:52.000000,0,true,true,true,true,0,LABELED,0,,,0,0,LABELED,0,,,true,true,true
2878,2026-01-07T00:00:00.000000,13080,2026-01-15T12:17:09.000000,scheduled_visit,14.9,6,2026-02-22T15:11:00.000000,1,true,true,true,true,1,LABELED,1,13080,2026-01-16T03:11:09.000Z,0,2,LABELED,1,13080,2026-01-15T12:17:09.000000,true,true,true
2879,2026-02-24T00:00:00.000000,13086,2026-02-24T09:25:39.000000,no_response,1.1,6,2026-03-24T11:24:00.000000,0,true,true,true,true,0,LABELED,0,,,0,0,LABELED,0,,,true,true,true
2880,2026-06-16T00:00:00.000000,13091,2026-06-22T16:29:50.000000,accepted,2.6,1,2026-06-22T16:29:50.000000,0,true,true,false,true,0,CENSORED,,,,0,0,CENSORED,,,,false,false,false
2881,2026-03-01T00:00:00.000000,13092,2026-03-02T10:12:41.000000,rejected,,5,2026-05-25T07:50:00.000000,0,true,true,true,true,0,LABELED,0,,,0,0,LABELED,0,,,true,true,true
2882,2025-08-01T00:00:00.000000,13100,2025-08-13T09:16:56.000000,accepted,,4,2026-06-04T17:14:00.000000,0,true,true,true,true,0,LABELED,0,,,0,0,LABELED,0,,,true,true,true
2883,2025-04-01T00:00:00.000000,13102,2025-04-04T08:04:14.000000,rejected,8.9,5,2026-04-23T11:31:00.000000,0,true,true,true,true,0,LABELED,1,13103,2025-04-05T15:22:44.000Z,0,2,LABELED,1,13103,2025-04-05T09:46:44.000000,true,true,true
2884,2025-12-23T00:00:00.000000,13107,2026-02-02T12:14:00.000000,rejected,17.5,2,2026-02-02T18:37:00.000000,0,true,true,true,true,0,LABELED,0,,,0,0,LABELED,0,,,true,true,true
2885,2025-06-05T00:00:00.000000,13108,2025-06-10T12:26:34.000000,rejected,0.8,8,2026-06-07T17:13:00.000000,0,true,true,true,true,0,LABELED,0,,,0,2,LABELED,0,,,true,true,true
2886,2025-01-28T00:00:00.000000,13119,2025-02-03T08:07:59.000000,scheduled_visit,5.3,5,2025-12-20T07:31:00.000000,1,true,true,true,true,1,LABELED,1,13119,2025-02-03T13:25:59.000Z,0,2,LABELED,1,13119,2025-02-03T08:07:59.000000,true,true,true
2887,2026-05-06T00:00:00.000000,13122,2026-05-10T13:15:41.000000,accepted,14.8,4,2026-05-16T14:13:23.000000,0,true,true,true,true,0,LABELED,0,,,0,0,LABELED,0,,,true,true,true
2888,2025-09-23T00:00:00.000000,13127,2025-10-01T09:32:06.000000,rejected,2,6,2026-02-25T11:58:00.000000,0,true,true,true,true,0,LABELED,0,,,0,0,LABELED,0,,,true,true,true
2889,2026-02-02T00:00:00.000000,13135,2026-02-08T19:49:18.000000,rejected,,5,2026-06-04T12:19:00.000000,0,true,true,true,true,0,LABELED,0,,,0,0,LABELED,0,,,true,true,true
2890,2025-01-25T00:00:00.000000,13137,2025-09-01T15:46:00.000000,accepted,9.5,2,2026-03-22T16:26:00.000000,0,true,true,true,true,0,LABELED,0,,,0,1,LABELED,0,,,true,true,true
2891,2026-06-09T00:00:00.000000,13139,2026-06-18T13:06:33.000000,rejected,2.6,3,2026-06-24T18:45:00.000000,0,true,true,false,true,0,CENSORED,,,,0,0,CENSORED,,,,false,false,false
2892,2026-01-21T00:00:00.000000,13141,2026-01-26T15:32:42.000000,accepted,8,1,2026-01-26T15:32:42.000000,0,true,true,true,true,0,LABELED,0,,,0,0,LABELED,0,,,true,true,true
2893,2026-06-13T00:00:00.000000,13147,2026-06-13T09:57:25.000000,accepted,21.7,6,2026-06-24T18:49:14.000000,0,true,true,true,true,0,LABELED,1,13145,2026-06-18T23:46:27.000Z,1,1,CENSORED,,,,false,false,false
2894,2025-11-14T00:00:00.000000,13152,2025-11-14T20:31:55.000000,rejected,5.6,5,2026-02-07T08:50:00.000000,0,true,true,true,true,0,LABELED,0,,,0,0,LABELED,0,,,true,true,true
2895,2025-01-02T00:00:00.000000,13153,2025-01-02T15:02:11.000000,no_response,2.9,3,2025-07-01T15:23:00.000000,0,true,true,true,true,0,LABELED,0,,,0,1,LABELED,0,,,true,true,true
2896,2025-07-25T00:00:00.000000,13157,2025-07-25T19:35:22.000000,accepted,49.1,7,2026-03-14T14:20:00.000000,0,true,true,true,true,0,LABELED,1,13159,2025-08-23T01:28:00.000Z,0,2,LABELED,1,13159,2025-08-21T15:22:00.000000,true,true,true
2897,2025-11-20T00:00:00.000000,13168,2025-11-21T07:50:19.000000,rejected,6.9,8,2026-05-11T16:14:00.000000,0,true,true,true,true,0,LABELED,0,,,0,2,LABELED,0,,,true,true,true
2898,2026-02-19T00:00:00.000000,13171,2026-02-26T09:01:01.000000,accepted,0.9,1,2026-02-26T09:01:01.000000,0,true,true,true,true,0,LABELED,0,,,0,0,LABELED,0,,,true,true,true
2899,2026-03-12T00:00:00.000000,13172,2026-04-15T08:13:00.000000,rejected,12.3,2,2026-04-17T07:40:00.000000,0,true,true,true,true,0,LABELED,1,13173,2026-04-17T08:34:00.000Z,0,1,LABELED,1,13173,2026-04-17T07:40:00.000000,true,true,true
2900,2025-04-20T00:00:00.000000,13175,2025-05-03T14:04:26.000000,accepted,13.4,2,2025-06-21T19:50:00.000000,0,true,true,true,true,0,LABELED,0,,,0,0,LABELED,0,,,true,true,true
2901,2025-12-21T00:00:00.000000,13176,2025-12-29T15:40:25.000000,accepted,1,2,2026-03-05T15:12:00.000000,0,true,true,true,true,0,LABELED,0,,,0,0,LABELED,0,,,true,true,true
2902,2026-05-09T00:00:00.000000,13180,2026-05-13T13:20:08.000000,no_response,15.1,8,2026-05-19T15:07:24.000000,0,true,true,true,true,0,LABELED,1,13182,2026-05-18T00:03:22.000Z,0,1,LABELED,1,13182,2026-05-17T19:51:22.000000,true,true,true
2903,2025-02-07T00:00:00.000000,13186,2025-02-11T17:20:29.000000,accepted,8.3,4,2026-06-08T17:55:00.000000,0,true,true,true,true,0,AMBIGUOUS,,,,1,0,LABELED,1,13188,2025-02-18T07:06:09.000000,true,true,true
2904,2025-05-16T00:00:00.000000,13190,2025-05-26T13:03:25.000000,accepted,2.7,2,2025-09-15T09:43:00.000000,0,true,true,true,true,0,LABELED,0,,,0,0,LABELED,0,,,true,true,true
2905,2026-01-08T00:00:00.000000,13194,2026-01-08T13:31:22.000000,rejected,9.9,7,2026-01-17T16:58:21.000000,0,true,true,true,true,0,LABELED,1,13198,2026-01-16T04:28:17.000Z,0,1,LABELED,1,13198,2026-01-14T17:40:17.000000,true,true,true
2906,2025-11-24T00:00:00.000000,13199,2025-11-30T14:40:13.000000,accepted,2.1,5,2026-05-27T15:16:00.000000,0,true,true,true,true,0,LABELED,0,,,0,0,LABELED,0,,,true,true,true
2907,2025-09-15T00:00:00.000000,13204,2025-09-18T10:06:50.000000,scheduled_visit,1.3,7,2026-03-02T14:00:00.000000,1,true,true,true,true,1,LABELED,1,13204,2025-09-18T11:24:50.000Z,0,1,LABELED,1,13204,2025-09-18T10:06:50.000000,true,true,true
2908,2026-02-16T00:00:00.000000,13212,2026-02-19T17:00:33.000000,scheduled_visit,27.7,4,2026-03-15T10:59:00.000000,1,true,true,true,true,1,LABELED,1,13212,2026-02-20T20:42:33.000Z,1,1,LABELED,1,13212,2026-02-19T17:00:33.000000,true,true,true
2909,2025-11-10T00:00:00.000000,13220,2025-11-11T15:08:38.000000,rejected,8.8,7,2026-03-23T08:39:00.000000,0,true,true,true,true,0,LABELED,1,13216,2025-11-13T16:26:17.000Z,0,4,LABELED,1,13216,2025-11-13T14:32:17.000000,true,true,true
2910,2025-01-21T00:00:00.000000,13227,2025-02-01T14:47:31.000000,no_response,,7,2026-06-24T15:34:00.000000,0,true,true,true,true,0,LABELED,0,,,0,0,LABELED,0,,,true,true,true
2911,2026-03-10T00:00:00.000000,13229,2026-03-10T17:21:57.000000,accepted,5.8,7,2026-03-22T16:21:09.000000,0,true,true,true,true,0,LABELED,1,13232,2026-03-22T20:51:09.000Z,0,1,LABELED,1,13232,2026-03-22T16:21:09.000000,true,true,true
2912,2025-08-21T00:00:00.000000,13237,2025-08-24T10:34:56.000000,no_response,2.2,3,2026-05-30T14:06:00.000000,0,true,true,true,true,0,LABELED,0,,,0,0,LABELED,0,,,true,true,true
2913,2025-04-03T00:00:00.000000,13239,2025-04-04T14:24:49.000000,accepted,10.9,8,2026-01-16T20:44:00.000000,0,true,true,true,true,0,LABELED,0,,,0,0,LABELED,0,,,true,true,true
2914,2025-08-20T00:00:00.000000,13247,2025-08-24T09:16:21.000000,accepted,37.4,8,2026-06-08T19:41:00.000000,0,true,true,true,true,0,LABELED,0,,,0,0,LABELED,0,,,true,true,true
2915,2025-07-15T00:00:00.000000,13256,2025-07-20T11:14:01.000000,no_response,12.7,4,2025-07-26T10:24:30.000000,0,true,true,true,true,0,LABELED,1,13255,2025-07-26T23:30:30.000Z,0,1,LABELED,1,13255,2025-07-26T10:24:30.000000,true,true,true
2916,2025-09-24T00:00:00.000000,13259,2025-09-25T18:13:03.000000,no_response,3.1,5,2026-03-29T11:59:00.000000,0,true,true,true,true,0,LABELED,0,,,0,0,LABELED,0,,,true,true,true
2917,2025-01-28T00:00:00.000000,13265,2025-02-03T13:14:40.000000,accepted,,5,2026-04-23T13:16:00.000000,0,true,true,true,true,0,LABELED,0,,,0,1,LABELED,0,,,true,true,true
2918,2025-04-21T00:00:00.000000,13276,2025-05-03T10:05:00.000000,no_response,31.7,8,2026-06-23T18:46:00.000000,0,true,true,true,true,0,LABELED,0,,,0,2,LABELED,0,,,true,true,true
2919,2025-11-10T00:00:00.000000,13279,2025-11-17T12:11:55.000000,rejected,5.5,4,2026-02-25T13:03:00.000000,0,true,true,true,true,0,LABELED,1,13278,2025-11-21T16:24:54.000Z,0,1,LABELED,1,13278,2025-11-21T15:48:54.000000,true,true,true
2920,2025-07-04T00:00:00.000000,13283,2025-07-05T14:45:27.000000,accepted,7.9,5,2026-05-16T17:27:00.000000,0,true,true,true,true,0,LABELED,0,,,0,1,LABELED,0,,,true,true,true
2921,2025-02-18T00:00:00.000000,13288,2025-02-21T13:42:38.000000,no_response,3.2,7,2026-05-20T07:54:00.000000,0,true,true,true,true,0,LABELED,0,,,0,0,LABELED,0,,,true,true,true
2922,2025-05-26T00:00:00.000000,13293,2025-09-14T15:14:00.000000,no_response,17,3,2026-01-27T17:06:00.000000,0,true,true,true,true,0,LABELED,0,,,0,0,LABELED,0,,,true,true,true
2923,2025-05-19T00:00:00.000000,13296,2025-05-21T11:59:12.000000,scheduled_visit,6.9,1,2025-05-21T11:59:12.000000,1,true,true,true,true,1,LABELED,1,13296,2025-05-21T18:53:12.000Z,0,1,LABELED,1,13296,2025-05-21T11:59:12.000000,true,true,true
2924,2026-04-15T00:00:00.000000,13301,2026-04-15T11:50:42.000000,no_response,,6,2026-04-28T08:23:19.000000,0,true,true,true,true,0,AMBIGUOUS,,,,1,0,LABELED,1,13300,2026-04-27T09:16:55.000000,true,true,true
2925,2026-02-15T00:00:00.000000,13307,2026-02-18T09:15:45.000000,rejected,4.3,5,2026-02-25T19:26:57.000000,0,true,true,true,true,0,AMBIGUOUS,,,,1,0,LABELED,1,13305,2026-02-25T19:05:27.000000,true,true,true
2926,2026-01-19T00:00:00.000000,13308,2026-01-19T16:19:39.000000,scheduled_visit,3.9,6,2026-06-01T07:56:00.000000,1,true,true,true,true,1,LABELED,1,13308,2026-01-19T20:13:39.000Z,0,1,LABELED,1,13308,2026-01-19T16:19:39.000000,true,true,true
2927,2025-03-03T00:00:00.000000,13314,2025-04-22T07:40:00.000000,no_response,5.1,4,2026-04-11T11:28:00.000000,0,true,true,true,true,0,LABELED,0,,,0,0,LABELED,0,,,true,true,true
2928,2025-05-21T00:00:00.000000,13320,2025-05-22T10:00:04.000000,scheduled_visit,,5,2026-06-20T09:58:00.000000,1,true,true,true,true,1,AMBIGUOUS,,,,1,0,LABELED,1,13320,2025-05-22T10:00:04.000000,true,true,true
2929,2025-07-09T00:00:00.000000,13323,2025-07-11T16:49:59.000000,accepted,14.2,6,2026-06-06T14:02:00.000000,0,true,true,true,true,0,LABELED,0,,,0,0,LABELED,0,,,true,true,true
2930,2025-10-05T00:00:00.000000,13329,2025-10-11T19:54:34.000000,rejected,9.5,4,2026-01-01T09:36:00.000000,0,true,true,true,true,0,LABELED,0,,,0,1,LABELED,0,,,true,true,true
2931,2026-02-16T00:00:00.000000,13334,2026-02-17T20:01:49.000000,no_response,7.7,4,2026-02-27T12:25:53.000000,0,true,true,true,true,0,LABELED,1,13336,2026-02-22T12:40:44.000Z,0,1,LABELED,1,13336,2026-02-22T08:22:44.000000,true,true,true
2932,2025-12-08T00:00:00.000000,13339,2025-12-09T07:28:20.000000,accepted,0.6,7,2026-03-05T07:07:00.000000,0,true,true,true,true,0,AMBIGUOUS,,,,1,0,LABELED,1,13338,2025-12-16T17:26:57.000000,true,true,true
2933,2026-02-25T00:00:00.000000,13344,2026-02-28T13:24:43.000000,rejected,20.7,1,2026-02-28T13:24:43.000000,0,true,true,true,true,0,LABELED,0,,,0,0,LABELED,0,,,true,true,true
2934,2026-05-05T00:00:00.000000,13349,2026-05-05T09:38:38.000000,accepted,,8,2026-05-18T09:38:36.000000,0,true,true,true,true,0,LABELED,1,13345,2026-05-18T13:56:36.000Z,0,1,LABELED,1,13345,2026-05-18T09:38:36.000000,true,true,true
2935,2026-02-13T00:00:00.000000,13353,2026-02-19T15:36:00.000000,accepted,0.9,5,2026-05-07T09:02:00.000000,0,true,true,true,true,0,LABELED,1,13357,2026-02-22T01:00:01.000Z,0,1,LABELED,1,13357,2026-02-21T19:42:01.000000,true,true,true
2936,2025-06-05T00:00:00.000000,13358,2025-06-16T20:05:34.000000,accepted,41.3,4,2026-06-16T07:52:00.000000,0,true,true,true,true,0,LABELED,0,,,0,0,LABELED,0,,,true,true,true
2937,2025-11-24T00:00:00.000000,13363,2025-11-25T08:05:29.000000,accepted,21.3,2,2025-11-25T14:26:50.000000,0,true,true,true,true,0,LABELED,1,13362,2025-11-25T19:26:50.000Z,0,1,LABELED,1,13362,2025-11-25T14:26:50.000000,true,true,true
2938,2025-09-01T00:00:00.000000,13364,2025-09-07T17:55:43.000000,accepted,7.1,5,2026-02-22T07:49:00.000000,0,true,true,true,true,0,LABELED,1,13368,2025-09-11T21:51:01.000Z,0,1,LABELED,1,13368,2025-09-11T14:51:01.000000,true,true,true
2939,2026-01-16T00:00:00.000000,13372,2026-01-21T17:49:33.000000,scheduled_visit,8.9,4,2026-06-01T18:51:00.000000,1,true,true,true,true,1,LABELED,1,13372,2026-01-22T02:43:33.000Z,0,1,LABELED,1,13372,2026-01-21T17:49:33.000000,true,true,true
2940,2025-12-14T00:00:00.000000,13375,2025-12-20T09:07:37.000000,accepted,2,6,2026-06-08T19:47:00.000000,0,true,true,true,true,0,LABELED,0,,,0,0,LABELED,0,,,true,true,true
2941,2025-12-30T00:00:00.000000,13379,2026-01-06T10:24:25.000000,accepted,5.3,1,2026-01-06T10:24:25.000000,0,true,true,true,true,0,LABELED,0,,,0,0,LABELED,0,,,true,true,true
2942,2025-06-27T00:00:00.000000,13382,2025-06-27T17:00:45.000000,accepted,8.8,5,2026-06-16T12:58:00.000000,0,true,true,true,true,0,LABELED,0,,,0,1,LABELED,0,,,true,true,true
2943,2025-10-26T00:00:00.000000,13387,2025-10-26T20:39:19.000000,accepted,7,4,2026-03-15T08:47:00.000000,0,true,true,true,true,0,LABELED,0,,,0,0,LABELED,0,,,true,true,true
2944,2025-04-22T00:00:00.000000,13390,2025-04-23T17:03:39.000000,accepted,5.1,4,2026-05-14T10:28:00.000000,0,true,true,true,true,0,LABELED,0,,,0,1,LABELED,0,,,true,true,true
2945,2025-07-31T00:00:00.000000,13393,2025-08-08T14:01:31.000000,scheduled_visit,7.2,3,2026-06-08T19:36:00.000000,1,true,true,true,true,1,LABELED,1,13393,2025-08-08T21:13:31.000Z,0,1,LABELED,1,13393,2025-08-08T14:01:31.000000,true,true,true
2946,2026-06-14T00:00:00.000000,13397,2026-06-20T07:56:33.000000,rejected,48.3,3,2026-06-25T18:35:24.000000,0,true,true,false,true,0,CENSORED,,,,0,0,CENSORED,,,,false,false,false
2947,2025-03-02T00:00:00.000000,13399,2025-03-12T16:32:00.000000,no_response,16.3,2,2025-12-21T11:39:00.000000,0,true,true,true,true,0,LABELED,0,,,0,0,LABELED,0,,,true,true,true
2948,2026-02-18T00:00:00.000000,13402,2026-02-19T15:54:40.000000,rejected,1.8,4,2026-03-01T19:29:42.000000,0,true,true,true,true,0,LABELED,0,,,0,0,LABELED,0,,,true,true,true
2949,2026-03-31T00:00:00.000000,13405,2026-04-02T09:33:34.000000,scheduled_visit,18,6,2026-04-07T13:22:13.000000,1,true,true,true,true,1,LABELED,1,13405,2026-04-03T03:33:34.000Z,0,2,LABELED,1,13405,2026-04-02T09:33:34.000000,true,true,true
2950,2025-11-10T00:00:00.000000,13413,2025-11-14T07:42:01.000000,accepted,9.2,7,2026-02-03T13:12:00.000000,0,true,true,true,true,0,LABELED,0,,,0,0,LABELED,0,,,true,true,true
2951,2025-09-30T00:00:00.000000,13419,2025-10-13T11:49:08.000000,accepted,16.2,2,2026-01-11T10:05:00.000000,0,true,true,true,true,0,LABELED,0,,,0,0,LABELED,0,,,true,true,true
2952,2026-05-08T00:00:00.000000,13424,2026-05-09T10:13:15.000000,scheduled_visit,2.6,6,2026-05-21T07:30:38.000000,1,true,true,true,true,1,LABELED,1,13424,2026-05-09T12:49:15.000Z,0,1,LABELED,1,13424,2026-05-09T10:13:15.000000,true,true,true
2953,2026-03-04T00:00:00.000000,13429,2026-03-08T13:09:04.000000,accepted,1,8,2026-03-16T17:16:47.000000,0,true,true,true,true,0,LABELED,1,13427,2026-03-12T22:01:31.000Z,0,2,LABELED,1,13427,2026-03-12T08:55:31.000000,true,true,true
2954,2026-05-22T00:00:00.000000,13434,2026-05-24T20:51:03.000000,scheduled_visit,12.8,6,2026-06-04T10:00:53.000000,1,true,true,true,true,1,LABELED,1,13434,2026-05-25T09:39:03.000Z,0,3,LABELED,1,13434,2026-05-24T20:51:03.000000,true,true,false
2955,2025-09-14T00:00:00.000000,13444,2025-09-16T20:46:00.000000,rejected,20.6,6,2026-02-27T10:46:00.000000,0,true,true,true,true,0,LABELED,0,,,0,0,LABELED,0,,,true,true,true
2956,2026-01-23T00:00:00.000000,13447,2026-01-27T19:13:28.000000,accepted,2.3,5,2026-02-02T11:24:34.000000,0,true,true,true,true,0,LABELED,0,,,0,0,LABELED,0,,,true,true,true
2957,2025-12-16T00:00:00.000000,13451,2025-12-16T17:55:48.000000,accepted,6.9,7,2025-12-29T16:29:25.000000,0,true,true,true,true,0,LABELED,1,13455,2025-12-29T20:37:09.000Z,0,1,LABELED,1,13455,2025-12-29T11:01:09.000000,true,true,true
2958,2026-02-18T00:00:00.000000,13463,2026-02-20T15:15:26.000000,scheduled_visit,10.5,7,2026-05-05T13:48:00.000000,1,true,true,true,true,1,LABELED,1,13463,2026-02-21T01:45:26.000Z,0,5,LABELED,1,13463,2026-02-20T15:15:26.000000,true,true,true
2959,2026-06-19T00:00:00.000000,13468,2026-06-21T09:44:41.000000,accepted,5.9,4,2026-06-27T17:18:16.000000,0,true,true,false,true,0,CENSORED,,,,0,0,CENSORED,,,,false,false,false
2960,2025-10-16T00:00:00.000000,13472,2025-10-16T12:44:02.000000,accepted,6.2,4,2026-03-10T09:51:00.000000,0,true,true,true,true,0,LABELED,0,,,0,1,LABELED,0,,,true,true,true
2961,2025-02-21T00:00:00.000000,13474,2025-02-24T08:46:26.000000,no_response,38.2,5,2025-12-21T17:00:00.000000,0,true,true,true,true,0,LABELED,0,,,0,0,LABELED,0,,,true,true,true
2962,2025-10-16T00:00:00.000000,13478,2025-10-22T12:35:01.000000,no_response,17.3,2,2026-03-14T16:49:00.000000,0,true,true,true,true,0,LABELED,0,,,0,1,LABELED,0,,,true,true,true
2963,2025-06-08T00:00:00.000000,13480,2025-06-21T13:08:39.000000,scheduled_visit,24.5,3,2026-01-07T12:41:00.000000,1,true,true,true,true,1,LABELED,1,13480,2025-06-22T13:38:39.000Z,0,2,LABELED,1,13480,2025-06-21T13:08:39.000000,true,true,true
2964,2025-04-23T00:00:00.000000,13484,2025-04-25T18:59:52.000000,rejected,6.8,4,2026-04-13T19:12:00.000000,0,true,true,true,true,0,LABELED,1,13485,2025-05-03T16:20:15.000Z,0,2,LABELED,1,13485,2025-05-03T07:08:15.000000,true,true,true
2965,2025-05-21T00:00:00.000000,13491,2025-05-22T10:17:15.000000,accepted,21.6,6,2025-11-10T18:58:00.000000,0,true,true,true,true,0,LABELED,0,,,0,2,LABELED,0,,,true,true,true
2966,2026-03-18T00:00:00.000000,13495,2026-03-21T08:27:19.000000,no_response,2.1,5,2026-03-30T19:19:13.000000,0,true,true,true,true,0,AMBIGUOUS,,,,1,0,LABELED,1,13496,2026-03-30T19:19:13.000000,true,true,true
2967,2026-05-04T00:00:00.000000,13501,2026-05-06T17:00:07.000000,accepted,29.1,4,2026-05-12T19:14:08.000000,0,true,true,true,true,0,LABELED,1,13500,2026-05-10T15:05:48.000Z,0,1,LABELED,1,13500,2026-05-10T08:35:48.000000,true,true,true
2968,2025-06-18T00:00:00.000000,13504,2025-06-20T13:17:07.000000,no_response,13,5,2026-05-20T20:19:00.000000,0,true,true,true,true,0,LABELED,1,13505,2025-06-24T20:06:56.000Z,0,1,LABELED,1,13505,2025-06-24T11:06:56.000000,true,true,true
2969,2025-03-09T00:00:00.000000,13508,2025-04-26T19:37:00.000000,accepted,,2,2026-03-04T14:36:00.000000,0,true,true,true,true,0,LABELED,0,,,0,0,LABELED,0,,,true,true,true
2970,2026-01-11T00:00:00.000000,13514,2026-01-15T11:23:28.000000,scheduled_visit,2.5,7,2026-06-29T11:20:00.000000,1,true,true,true,true,1,LABELED,1,13514,2026-01-15T13:53:28.000Z,0,1,LABELED,1,13514,2026-01-15T11:23:28.000000,true,true,true
2971,2026-04-04T00:00:00.000000,13516,2026-04-10T11:06:02.000000,accepted,,3,2026-04-14T19:02:15.000000,0,true,true,true,true,0,LABELED,0,,,0,0,LABELED,0,,,true,true,true
2972,2026-06-18T00:00:00.000000,13522,2026-06-18T16:25:51.000000,no_response,22,5,2026-06-25T16:10:34.000000,0,true,true,false,true,0,CENSORED,,,,0,0,CENSORED,,,,false,false,false
2973,2025-02-27T00:00:00.000000,13524,2026-05-29T09:24:00.000000,accepted,11,1,2026-05-29T09:24:00.000000,0,true,true,true,true,0,LABELED,0,,,0,0,LABELED,0,,,true,true,false
2974,2026-01-07T00:00:00.000000,13529,2026-01-12T09:54:55.000000,accepted,10.5,6,2026-05-05T07:43:00.000000,0,true,true,true,true,0,LABELED,0,,,0,0,LABELED,0,,,true,true,true
2975,2026-06-22T00:00:00.000000,13536,2026-06-25T09:36:32.000000,accepted,10.3,8,2026-07-05T13:26:18.000000,0,true,true,false,true,0,CENSORED,,,,0,0,CENSORED,,,,false,false,false
2976,2026-03-16T00:00:00.000000,13543,2026-03-18T19:55:02.000000,accepted,33.9,7,2026-04-21T16:29:00.000000,0,true,true,true,true,0,LABELED,0,,,0,0,LABELED,0,,,true,true,true
2977,2025-03-20T00:00:00.000000,13546,2025-03-23T08:28:13.000000,accepted,,5,2025-12-05T12:12:00.000000,0,true,true,true,true,0,LABELED,1,13548,2025-04-15T20:06:00.000Z,0,1,LABELED,1,13548,2025-04-15T13:30:00.000000,true,true,true
2978,2025-02-07T00:00:00.000000,13555,2025-02-08T15:28:10.000000,accepted,4.5,7,2026-06-08T14:21:00.000000,0,true,true,true,true,0,LABELED,0,,,0,0,LABELED,0,,,true,true,true
2979,2025-01-21T00:00:00.000000,13558,2025-01-26T14:10:35.000000,accepted,4.1,4,2026-03-08T17:44:00.000000,0,true,true,true,true,0,LABELED,0,,,0,0,LABELED,0,,,true,true,true
2980,2025-12-28T00:00:00.000000,13565,2025-12-31T12:04:05.000000,no_response,2.1,4,2026-03-11T19:24:00.000000,0,true,true,true,true,0,LABELED,1,13564,2026-01-06T12:42:46.000Z,0,1,LABELED,1,13564,2026-01-06T11:30:46.000000,true,true,true
2981,2026-05-15T00:00:00.000000,13566,2026-05-18T07:10:23.000000,accepted,6.3,4,2026-05-28T16:42:26.000000,0,true,true,true,true,0,LABELED,0,,,0,0,LABELED,0,,,true,true,false
2982,2025-12-29T00:00:00.000000,13570,2026-01-01T18:12:23.000000,rejected,1.7,1,2026-01-01T18:12:23.000000,0,true,true,true,true,0,LABELED,0,,,0,0,LABELED,0,,,true,true,true
2983,2026-05-22T00:00:00.000000,13571,2026-05-22T12:13:40.000000,scheduled_visit,3.6,4,2026-06-03T12:36:17.000000,1,true,true,true,true,1,LABELED,1,13571,2026-05-22T15:49:40.000Z,0,1,LABELED,1,13571,2026-05-22T12:13:40.000000,true,true,false
2984,2025-04-19T00:00:00.000000,13577,2025-04-21T14:06:09.000000,rejected,14.2,8,2026-05-04T07:09:00.000000,0,true,true,true,true,0,LABELED,1,13580,2025-04-23T04:28:03.000Z,0,3,LABELED,1,13580,2025-04-22T18:04:03.000000,true,true,true
2985,2025-09-08T00:00:00.000000,13583,2025-09-19T20:04:40.000000,rejected,10.8,3,2026-04-30T10:13:00.000000,0,true,true,true,true,0,LABELED,1,13584,2025-09-29T17:06:00.000Z,0,2,LABELED,1,13584,2025-09-28T17:48:00.000000,true,true,true
2986,2025-01-24T00:00:00.000000,13587,2025-03-13T17:18:00.000000,scheduled_visit,7.1,3,2025-10-02T11:27:00.000000,1,true,true,true,true,1,LABELED,1,13587,2025-03-14T00:24:00.000Z,0,3,LABELED,1,13587,2025-03-13T17:18:00.000000,true,true,true
2987,2025-12-04T00:00:00.000000,13591,2025-12-04T15:57:10.000000,accepted,12.6,3,2026-03-27T10:31:00.000000,0,true,true,true,true,0,LABELED,0,,,0,0,LABELED,0,,,true,true,true
2988,2026-05-23T00:00:00.000000,13592,2026-05-24T16:11:02.000000,accepted,17.2,5,2026-06-04T20:44:25.000000,0,true,true,true,true,0,LABELED,1,13594,2026-06-03T00:57:15.000Z,0,1,LABELED,1,13594,2026-06-02T18:03:15.000000,true,true,false
2989,2025-04-17T00:00:00.000000,13597,2025-04-27T09:43:19.000000,rejected,13.8,2,2025-09-14T16:48:00.000000,0,true,true,true,true,0,LABELED,0,,,0,0,LABELED,0,,,true,true,true
2990,2026-06-16T00:00:00.000000,13599,2026-06-16T09:50:13.000000,accepted,,3,2026-06-25T17:15:46.000000,0,true,true,false,true,0,CENSORED,,,,0,0,CENSORED,,,,false,false,false
2991,2026-06-05T00:00:00.000000,13603,2026-06-10T08:11:47.000000,accepted,,2,2026-06-12T09:27:34.000000,0,true,true,true,true,0,LABELED,0,,,0,0,CENSORED,,,,false,false,false
2992,2026-02-20T00:00:00.000000,13606,2026-02-21T10:18:15.000000,accepted,15.1,6,2026-03-03T16:51:35.000000,0,true,true,true,true,0,LABELED,1,13608,2026-03-03T22:51:35.000Z,0,1,LABELED,1,13608,2026-03-03T16:51:35.000000,true,true,true
2993,2026-04-04T00:00:00.000000,13610,2026-04-05T18:10:20.000000,accepted,23.2,2,2026-06-02T10:36:00.000000,0,true,true,true,true,0,LABELED,0,,,0,0,LABELED,0,,,true,true,true
2994,2025-02-18T00:00:00.000000,13613,2025-03-02T17:38:29.000000,accepted,11.8,2,2026-01-11T08:26:00.000000,0,true,true,true,true,0,LABELED,0,,,0,0,LABELED,0,,,true,true,true
2995,2026-04-30T00:00:00.000000,13620,2026-04-30T14:58:01.000000,scheduled_visit,33,8,2026-05-12T08:24:34.000000,1,true,true,true,true,1,LABELED,1,13620,2026-05-01T23:58:01.000Z,0,1,LABELED,1,13620,2026-04-30T14:58:01.000000,true,true,true
2996,2025-06-26T00:00:00.000000,13622,2025-06-29T09:09:17.000000,accepted,25.5,8,2026-06-16T10:45:00.000000,0,true,true,true,true,0,LABELED,1,13628,2025-06-29T14:42:14.000Z,0,1,LABELED,1,13628,2025-06-29T10:36:14.000000,true,true,true
2997,2026-04-07T00:00:00.000000,13631,2026-04-15T08:48:12.000000,no_response,7,3,2026-06-09T13:50:00.000000,0,true,true,true,true,0,LABELED,1,13630,2026-04-19T18:59:35.000Z,0,1,LABELED,1,13630,2026-04-19T17:35:35.000000,true,true,true
2998,2026-01-25T00:00:00.000000,13633,2026-01-31T17:06:07.000000,accepted,1,1,2026-01-31T17:06:07.000000,0,true,true,true,true,0,LABELED,0,,,0,0,LABELED,0,,,true,true,true
2999,2025-10-30T00:00:00.000000,13637,2025-10-30T13:47:01.000000,rejected,50,8,2026-03-30T09:23:00.000000,0,true,true,true,true,0,LABELED,1,13640,2025-11-02T13:42:36.000Z,0,1,LABELED,1,13640,2025-11-02T07:30:36.000000,true,true,true
3000,2026-05-04T00:00:00.000000,13642,2026-05-07T14:53:31.000000,accepted,17.7,2,2026-05-11T11:37:24.000000,0,true,true,true,true,0,LABELED,0,,,0,0,LABELED,0,,,true,true,true
3001,2025-07-01T00:00:00.000000,13648,2025-07-10T09:25:25.000000,accepted,1.7,6,2026-04-29T07:28:00.000000,0,true,true,true,true,0,LABELED,0,,,0,0,LABELED,0,,,true,true,true
3002,2025-03-17T00:00:00.000000,13650,2025-03-19T14:40:53.000000,accepted,9.2,7,2026-06-03T12:29:00.000000,0,true,true,true,true,0,LABELED,1,13654,2025-03-29T15:56:02.000Z,0,1,LABELED,1,13654,2025-03-28T20:38:02.000000,true,true,true
3003,2026-06-26T00:00:00.000000,13660,2026-07-01T11:20:17.000000,accepted,7.1,6,2026-07-09T10:28:11.000000,0,true,false,false,false,,CENSORED,,,,0,0,CENSORED,,,,false,false,false
3004,2026-05-22T00:00:00.000000,13666,2026-05-25T15:53:30.000000,accepted,,6,2026-05-28T16:25:38.000000,0,true,true,true,true,0,LABELED,1,13667,2026-05-26T20:06:09.000Z,0,2,LABELED,1,13664,2026-05-26T15:45:09.000000,true,true,false
3005,2025-08-06T00:00:00.000000,13672,2025-08-07T15:27:02.000000,accepted,43.6,5,2025-09-14T10:38:00.000000,0,true,true,true,true,0,LABELED,0,,,0,0,LABELED,0,,,true,true,true
3006,2026-03-05T00:00:00.000000,13676,2026-03-05T11:46:00.000000,scheduled_visit,16.3,8,2026-04-30T15:21:00.000000,1,true,true,true,true,1,LABELED,1,13676,2026-03-06T04:04:00.000Z,0,4,LABELED,1,13676,2026-03-05T11:46:00.000000,true,true,true
3007,2026-06-15T00:00:00.000000,13682,2026-06-15T13:10:36.000000,no_response,14.4,7,2026-06-25T19:41:45.000000,0,true,true,false,true,0,CENSORED,,,,0,0,CENSORED,,,,false,false,false
3008,2025-05-08T00:00:00.000000,13692,2025-05-09T15:48:05.000000,accepted,39.1,4,2026-02-03T16:55:00.000000,0,true,true,true,true,0,LABELED,0,,,0,0,LABELED,0,,,true,true,true
3009,2025-05-08T00:00:00.000000,13693,2025-07-26T08:47:00.000000,accepted,,3,2026-06-11T07:25:00.000000,0,true,true,true,true,0,LABELED,0,,,0,1,LABELED,0,,,true,true,true
3010,2026-04-10T00:00:00.000000,13700,2026-04-15T08:36:59.000000,accepted,29,8,2026-04-23T15:27:21.000000,0,true,true,true,true,0,LABELED,1,13699,2026-04-24T16:32:03.000Z,1,1,LABELED,1,13703,2026-04-19T15:58:05.000000,true,true,true
3011,2025-11-24T00:00:00.000000,13710,2025-11-26T17:21:36.000000,no_response,0.5,7,2026-05-11T13:20:00.000000,0,true,true,true,true,0,LABELED,1,13705,2025-12-07T02:01:36.000Z,0,1,LABELED,1,13705,2025-12-06T15:55:36.000000,true,true,true
3012,2025-01-10T00:00:00.000000,13712,2025-01-21T07:30:38.000000,accepted,15,3,2025-01-21T19:57:03.000000,0,true,true,true,true,0,LABELED,1,13711,2025-01-22T11:49:14.000Z,0,1,LABELED,1,13711,2025-01-21T15:19:14.000000,true,true,true
3013,2025-10-28T00:00:00.000000,13715,2025-10-28T07:21:10.000000,no_response,14.8,6,2026-06-17T17:34:00.000000,0,true,true,true,true,0,LABELED,1,13719,2025-10-29T14:24:33.000Z,0,1,LABELED,1,13719,2025-10-28T16:30:33.000000,true,true,true
3014,2025-03-07T00:00:00.000000,13721,2025-03-15T12:44:19.000000,accepted,1.2,5,2026-06-28T12:08:00.000000,0,true,true,true,true,0,LABELED,0,,,0,1,LABELED,0,,,true,true,true
3015,2025-05-26T00:00:00.000000,13728,2025-09-13T07:13:00.000000,no_response,0.9,4,2026-06-17T17:10:00.000000,0,true,true,true,true,0,LABELED,0,,,0,0,LABELED,0,,,true,true,true
3016,2026-06-24T00:00:00.000000,13731,2026-06-29T08:40:01.000000,no_response,14.5,3,2026-07-05T13:52:48.000000,0,true,true,false,true,0,CENSORED,,,,0,0,CENSORED,,,,false,false,false
3017,2025-05-22T00:00:00.000000,13732,2025-06-21T12:46:00.000000,no_response,2,1,2025-06-21T12:46:00.000000,0,true,true,true,true,0,LABELED,0,,,0,0,LABELED,0,,,true,true,true
3018,2025-06-24T00:00:00.000000,13733,2025-06-25T19:19:57.000000,accepted,,7,2026-01-29T09:47:00.000000,0,true,true,true,true,0,LABELED,1,13739,2025-06-29T06:08:40.000Z,2,3,LABELED,1,13736,2025-06-27T09:20:27.000000,true,true,true
3019,2026-03-03T00:00:00.000000,13743,2026-03-07T08:22:22.000000,accepted,6.3,4,2026-03-15T16:19:54.000000,0,true,true,true,true,0,LABELED,1,13740,2026-03-11T21:26:05.000Z,0,1,LABELED,1,13740,2026-03-11T20:56:05.000000,true,true,true
3020,2025-09-22T00:00:00.000000,13746,2025-09-24T10:18:58.000000,rejected,2.9,7,2026-05-29T13:47:00.000000,0,true,true,true,true,0,AMBIGUOUS,,,,1,0,LABELED,1,13744,2025-10-02T14:26:44.000000,true,true,true
3021,2025-07-01T00:00:00.000000,13753,2025-07-01T07:15:14.000000,accepted,29.9,5,2026-04-12T11:34:00.000000,0,true,true,true,true,0,LABELED,0,,,0,1,LABELED,0,,,true,true,true
3022,2026-05-13T00:00:00.000000,13759,2026-05-15T12:06:06.000000,rejected,3.3,4,2026-05-21T15:30:22.000000,0,true,true,true,true,0,LABELED,1,13758,2026-05-21T13:33:07.000Z,0,1,LABELED,1,13758,2026-05-20T18:21:07.000000,true,true,false
3023,2025-12-31T00:00:00.000000,13762,2026-01-01T16:40:19.000000,accepted,5,3,2026-01-11T17:54:29.000000,0,true,true,true,true,0,LABELED,0,,,0,0,LABELED,0,,,true,true,true
3024,2025-08-29T00:00:00.000000,13763,2025-09-01T17:14:38.000000,no_response,5.4,7,2026-06-14T19:09:00.000000,0,true,true,true,true,0,LABELED,1,13767,2025-09-11T20:25:48.000Z,0,1,LABELED,1,13767,2025-09-11T12:19:48.000000,true,true,true
3025,2025-10-15T00:00:00.000000,13770,2025-10-15T12:44:12.000000,accepted,1.3,5,2026-05-12T17:29:00.000000,0,true,true,true,true,0,LABELED,0,,,0,0,LABELED,0,,,true,true,true
3026,2025-02-05T00:00:00.000000,13775,2025-02-05T11:11:17.000000,accepted,2.7,1,2025-02-05T11:11:17.000000,0,true,true,true,true,0,LABELED,0,,,0,0,LABELED,0,,,true,true,true
3027,2025-04-13T00:00:00.000000,13777,2025-04-14T11:42:17.000000,scheduled_visit,3.5,4,2025-09-14T13:55:00.000000,1,true,true,true,true,1,LABELED,1,13777,2025-04-14T15:12:17.000Z,0,2,LABELED,1,13777,2025-04-14T11:42:17.000000,true,true,true
3028,2026-06-01T00:00:00.000000,13780,2026-06-01T08:06:36.000000,accepted,11.2,2,2026-06-08T20:29:42.000000,0,true,true,true,true,0,LABELED,0,,,0,0,CENSORED,,,,true,false,false
3029,2025-06-03T00:00:00.000000,13787,2025-06-03T08:10:55.000000,no_response,4.6,7,2026-04-01T07:19:00.000000,0,true,true,true,true,0,LABELED,0,,,0,0,LABELED,0,,,true,true,true
3030,2026-03-12T00:00:00.000000,13791,2026-03-17T20:56:29.000000,accepted,13.5,3,2026-03-24T07:08:20.000000,0,true,true,true,true,0,LABELED,0,,,0,0,LABELED,0,,,true,true,true
3031,2025-06-25T00:00:00.000000,13792,2025-06-25T09:35:34.000000,no_response,17.3,2,2025-07-04T13:47:01.000000,0,true,true,true,true,0,LABELED,0,,,0,0,LABELED,0,,,true,true,true
3032,2025-07-06T00:00:00.000000,13794,2025-07-15T10:25:11.000000,no_response,28.2,4,2025-10-09T13:05:00.000000,0,true,true,true,true,0,LABELED,0,,,0,0,LABELED,0,,,true,true,true
3033,2025-05-28T00:00:00.000000,13798,2025-06-07T19:26:22.000000,rejected,7.9,2,2026-01-08T11:53:00.000000,0,true,true,true,true,0,LABELED,0,,,0,0,LABELED,0,,,true,true,true
3034,2025-02-19T00:00:00.000000,13802,2025-02-28T12:29:27.000000,accepted,22.9,5,2026-06-07T10:06:00.000000,0,true,true,true,true,0,LABELED,0,,,0,0,LABELED,0,,,true,true,true
3035,2025-02-25T00:00:00.000000,13805,2025-03-08T10:02:57.000000,accepted,0.8,2,2026-03-09T14:20:00.000000,0,true,true,true,true,0,LABELED,0,,,0,0,LABELED,0,,,true,true,true
3036,2025-01-19T00:00:00.000000,13808,2025-01-23T14:24:13.000000,scheduled_visit,10.8,5,2026-06-22T12:54:00.000000,1,true,true,true,true,1,LABELED,1,13808,2025-01-24T01:12:13.000Z,0,3,LABELED,1,13808,2025-01-23T14:24:13.000000,true,true,true
3037,2025-01-05T00:00:00.000000,13814,2025-04-08T15:46:00.000000,accepted,4.7,4,2026-06-17T07:10:00.000000,0,true,true,true,true,0,LABELED,1,13813,2025-05-07T02:54:00.000Z,0,2,LABELED,1,13813,2025-05-06T19:24:00.000000,true,true,true
3038,2026-02-26T00:00:00.000000,13818,2026-03-04T12:44:51.000000,no_response,0.9,6,2026-04-20T12:03:00.000000,0,true,true,true,true,0,LABELED,0,,,0,1,LABELED,0,,,true,true,true
3039,2026-03-13T00:00:00.000000,13824,2026-03-18T19:55:40.000000,rejected,21,7,2026-05-25T10:14:00.000000,0,true,true,true,true,0,LABELED,1,13823,2026-03-22T09:22:04.000Z,0,1,LABELED,1,13823,2026-03-21T09:10:04.000000,true,true,true
3040,2025-06-27T00:00:00.000000,13832,2025-06-28T11:50:51.000000,accepted,10.5,8,2026-05-31T17:02:00.000000,0,true,true,true,true,0,LABELED,1,13831,2025-07-05T03:49:45.000Z,0,1,LABELED,1,13831,2025-07-04T20:25:45.000000,true,true,true
3041,2025-05-26T00:00:00.000000,13837,2025-05-26T14:17:23.000000,no_response,50.7,7,2026-06-12T08:15:00.000000,0,true,true,true,true,0,LABELED,1,13840,2025-06-07T21:16:58.000Z,0,2,LABELED,1,13840,2025-06-07T17:22:58.000000,true,true,true
3042,2025-07-11T00:00:00.000000,13846,2025-07-19T17:23:42.000000,scheduled_visit,2.5,4,2025-07-24T14:06:28.000000,1,true,true,true,true,1,LABELED,1,13846,2025-07-19T19:53:42.000Z,0,1,LABELED,1,13846,2025-07-19T17:23:42.000000,true,true,true
3043,2026-05-06T00:00:00.000000,13851,2026-05-08T17:09:12.000000,rejected,16.9,5,2026-05-14T20:42:59.000000,0,true,true,true,true,0,LABELED,0,,,0,0,LABELED,0,,,true,true,true
3044,2026-02-20T00:00:00.000000,13855,2026-02-20T13:22:46.000000,accepted,3.1,4,2026-02-27T16:32:43.000000,0,true,true,true,true,0,LABELED,1,13853,2026-02-28T15:20:43.000Z,0,1,LABELED,1,13853,2026-02-27T16:32:43.000000,true,true,true
3045,2025-01-15T00:00:00.000000,13858,2025-07-05T07:27:00.000000,scheduled_visit,,3,2026-04-12T18:46:00.000000,1,true,true,true,true,1,AMBIGUOUS,,,,1,0,LABELED,1,13858,2025-07-05T07:27:00.000000,true,true,true
3046,2026-03-08T00:00:00.000000,13865,2026-03-09T08:16:04.000000,scheduled_visit,2.9,7,2026-04-21T14:21:00.000000,1,true,true,true,true,1,LABELED,1,13865,2026-03-09T11:10:04.000Z,0,2,LABELED,1,13865,2026-03-09T08:16:04.000000,true,true,true
3047,2026-03-05T00:00:00.000000,13869,2026-03-12T07:19:57.000000,rejected,11.7,4,2026-04-11T20:24:00.000000,0,true,true,true,true,0,LABELED,0,,,0,0,LABELED,0,,,true,true,true
3048,2025-08-18T00:00:00.000000,13873,2025-08-30T07:43:46.000000,accepted,,4,2026-05-13T07:16:00.000000,0,true,true,true,true,0,LABELED,0,,,0,0,LABELED,0,,,true,true,true
3049,2025-06-13T00:00:00.000000,13877,2025-06-14T07:23:16.000000,accepted,33,3,2026-04-30T20:35:00.000000,0,true,true,true,true,0,LABELED,0,,,0,1,LABELED,0,,,true,true,true
3050,2026-02-04T00:00:00.000000,13883,2026-02-08T17:17:09.000000,rejected,3.2,6,2026-06-23T14:59:00.000000,0,true,true,true,true,0,LABELED,0,,,0,1,LABELED,0,,,true,true,true
3051,2026-01-02T00:00:00.000000,13886,2026-01-07T12:09:56.000000,accepted,0.5,3,2026-03-10T09:16:00.000000,0,true,true,true,true,0,LABELED,0,,,0,0,LABELED,0,,,true,true,true
3052,2025-11-25T00:00:00.000000,13887,2025-11-27T12:50:27.000000,accepted,0.5,3,2026-06-11T11:31:00.000000,0,true,true,true,true,0,LABELED,0,,,0,0,LABELED,0,,,true,true,true
3053,2026-01-14T00:00:00.000000,13890,2026-01-14T16:45:07.000000,no_response,10.6,7,2026-04-01T13:59:00.000000,0,true,true,true,true,0,LABELED,0,,,0,0,LABELED,0,,,true,true,true
3054,2025-02-22T00:00:00.000000,13900,2025-02-22T14:18:57.000000,rejected,,6,2026-04-21T20:05:00.000000,0,true,true,true,true,0,LABELED,0,,,0,0,LABELED,0,,,true,true,true
3055,2025-04-29T00:00:00.000000,13909,2025-05-08T10:45:04.000000,scheduled_visit,21.5,7,2026-06-14T13:44:00.000000,1,true,true,true,true,1,LABELED,1,13909,2025-05-09T08:15:04.000Z,0,3,LABELED,1,13909,2025-05-08T10:45:04.000000,true,true,true
3056,2026-01-30T00:00:00.000000,13910,2026-01-31T11:11:10.000000,scheduled_visit,6.6,6,2026-02-07T10:17:00.000000,1,true,true,true,true,1,LABELED,1,13910,2026-01-31T17:47:10.000Z,0,1,LABELED,1,13910,2026-01-31T11:11:10.000000,true,true,true
3057,2025-04-21T00:00:00.000000,13916,2025-04-23T09:57:45.000000,rejected,,2,2025-04-30T11:44:08.000000,0,true,true,true,true,0,LABELED,0,,,0,0,LABELED,0,,,true,true,true
3058,2025-02-01T00:00:00.000000,13923,2025-02-02T12:13:58.000000,no_response,,7,2026-03-27T08:17:00.000000,0,true,true,true,true,0,LABELED,0,,,0,0,LABELED,0,,,true,true,true
3059,2026-04-10T00:00:00.000000,13927,2026-04-12T15:50:45.000000,accepted,,3,2026-04-13T10:04:39.000000,0,true,true,true,true,0,LABELED,0,,,0,0,LABELED,0,,,true,true,true
3060,2026-01-30T00:00:00.000000,13928,2026-02-08T12:13:25.000000,accepted,,2,2026-05-10T19:47:00.000000,0,true,true,true,true,0,LABELED,0,,,0,0,LABELED,0,,,true,true,true
3061,2025-05-05T00:00:00.000000,13931,2025-05-13T16:26:36.000000,rejected,7.5,2,2025-10-31T14:17:00.000000,0,true,true,true,true,0,LABELED,0,,,0,0,LABELED,0,,,true,true,true
3062,2026-05-26T00:00:00.000000,13934,2026-05-30T11:07:00.000000,scheduled_visit,,3,2026-06-05T08:24:52.000000,1,true,true,true,true,1,AMBIGUOUS,,,,1,0,LABELED,1,13934,2026-05-30T11:07:00.000000,true,true,false
3063,2025-03-07T00:00:00.000000,13936,2025-03-17T19:35:22.000000,accepted,12,2,2025-07-10T17:52:00.000000,0,true,true,true,true,0,LABELED,0,,,0,0,LABELED,0,,,true,true,true
3064,2025-12-03T00:00:00.000000,13937,2025-12-03T09:43:35.000000,accepted,5.6,7,2026-05-11T09:23:00.000000,0,true,true,true,true,0,LABELED,1,13938,2025-12-18T00:52:14.000Z,1,1,LABELED,1,13940,2025-12-04T18:25:24.000000,true,true,true
3065,2026-01-12T00:00:00.000000,13946,2026-01-18T15:05:02.000000,accepted,41.5,4,2026-01-29T10:41:00.000000,0,true,true,true,true,0,AMBIGUOUS,,,,1,0,LABELED,1,13947,2026-01-25T08:51:17.000000,true,true,true
3066,2025-08-18T00:00:00.000000,13948,2025-08-23T10:34:30.000000,accepted,4.7,3,2025-08-25T18:48:44.000000,0,true,true,true,true,0,LABELED,0,,,0,0,LABELED,0,,,true,true,true
3067,2025-04-29T00:00:00.000000,13951,2025-04-29T08:11:57.000000,rejected,3.2,3,2025-10-19T12:41:00.000000,0,true,true,true,true,0,LABELED,1,13952,2025-05-03T09:31:00.000Z,0,1,LABELED,1,13952,2025-05-03T09:01:00.000000,true,true,true
3068,2025-01-02T00:00:00.000000,13954,2025-10-20T15:57:00.000000,no_response,,2,2026-02-23T20:01:00.000000,0,true,true,true,true,0,LABELED,0,,,0,0,LABELED,0,,,true,true,true
3069,2026-01-30T00:00:00.000000,13959,2026-01-31T10:10:41.000000,accepted,21.9,5,2026-02-11T20:24:54.000000,0,true,true,true,true,0,AMBIGUOUS,,,,1,0,LABELED,1,13960,2026-02-08T16:01:43.000000,true,true,true
3070,2026-04-14T00:00:00.000000,13964,2026-04-18T17:18:46.000000,accepted,1.9,5,2026-04-23T15:22:04.000000,0,true,true,true,true,0,LABELED,1,13962,2026-04-19T17:59:47.000Z,0,1,LABELED,1,13962,2026-04-19T14:11:47.000000,true,true,true
3071,2025-09-08T00:00:00.000000,13966,2025-09-17T13:11:11.000000,no_response,0.6,2,2026-02-28T09:58:00.000000,0,true,true,true,true,0,LABELED,0,,,0,1,LABELED,0,,,true,true,true
3072,2025-06-27T00:00:00.000000,13968,2025-07-04T15:25:14.000000,scheduled_visit,0.7,3,2025-07-07T11:36:10.000000,1,true,true,true,true,1,LABELED,1,13968,2025-07-04T16:07:14.000Z,0,1,LABELED,1,13968,2025-07-04T15:25:14.000000,true,true,true
3073,2025-07-17T00:00:00.000000,13973,2025-07-22T14:21:00.000000,accepted,,6,2025-07-29T19:20:54.000000,0,true,true,true,true,0,LABELED,1,13976,2025-07-28T14:07:40.000Z,0,2,LABELED,1,13976,2025-07-28T10:01:40.000000,true,true,true
3074,2026-02-26T00:00:00.000000,13978,2026-03-01T18:06:07.000000,scheduled_visit,,2,2026-03-01T19:15:26.000000,1,true,true,true,true,1,AMBIGUOUS,,,,1,0,LABELED,1,13978,2026-03-01T18:06:07.000000,true,true,true
3075,2025-02-03T00:00:00.000000,13979,2025-02-12T18:32:52.000000,accepted,,4,2026-04-05T16:00:00.000000,0,true,true,true,true,0,LABELED,0,,,0,0,LABELED,0,,,true,true,true
3076,2026-06-20T00:00:00.000000,13987,2026-06-20T12:05:23.000000,accepted,22.9,6,2026-07-03T19:50:03.000000,0,true,true,false,true,0,CENSORED,,,,0,0,CENSORED,,,,false,false,false
3077,2025-06-10T00:00:00.000000,13989,2026-03-12T11:41:00.000000,no_response,3.1,1,2026-03-12T11:41:00.000000,0,true,true,true,true,0,LABELED,0,,,0,0,LABELED,0,,,true,true,true
3078,2026-06-22T00:00:00.000000,13995,2026-06-22T16:49:51.000000,scheduled_visit,1.5,8,2026-07-03T13:53:29.000000,1,true,true,false,true,1,CENSORED,,,,0,0,CENSORED,,,,false,false,false
3079,2025-05-23T00:00:00.000000,14001,2025-05-30T15:32:14.000000,rejected,0.5,6,2026-04-01T14:29:00.000000,0,true,true,true,true,0,LABELED,1,14003,2025-05-31T10:52:05.000Z,0,1,LABELED,1,14003,2025-05-31T08:46:05.000000,true,true,true
3080,2025-08-11T00:00:00.000000,14004,2025-08-23T20:53:02.000000,scheduled_visit,3.6,1,2025-08-23T20:53:02.000000,1,true,true,true,true,1,LABELED,1,14004,2025-08-24T00:29:02.000Z,0,1,LABELED,1,14004,2025-08-23T20:53:02.000000,true,true,true
3081,2026-02-12T00:00:00.000000,14007,2026-02-15T17:10:36.000000,scheduled_visit,4.7,5,2026-06-08T16:32:00.000000,1,true,true,true,true,1,LABELED,1,14007,2026-02-15T21:52:36.000Z,0,1,LABELED,1,14007,2026-02-15T17:10:36.000000,true,true,true
3082,2025-05-07T00:00:00.000000,14013,2025-05-12T19:49:40.000000,accepted,14.2,6,2026-05-30T16:04:00.000000,0,true,true,true,true,0,LABELED,1,14011,2025-05-16T06:23:05.000Z,0,1,LABELED,1,14011,2025-05-14T17:11:05.000000,true,true,true
3083,2025-10-01T00:00:00.000000,14017,2025-10-10T11:01:33.000000,scheduled_visit,,3,2025-10-20T17:06:00.000000,1,true,true,true,true,1,AMBIGUOUS,,,,1,0,LABELED,1,14017,2025-10-10T11:01:33.000000,true,true,true
3084,2025-07-16T00:00:00.000000,14022,2025-07-17T13:57:08.000000,no_response,10.1,6,2026-05-04T08:15:00.000000,0,true,true,true,true,0,AMBIGUOUS,,,,1,1,LABELED,1,14019,2025-07-28T14:02:04.000000,true,true,true
3085,2026-05-14T00:00:00.000000,14026,2026-05-24T19:39:44.000000,accepted,,2,2026-05-25T07:33:54.000000,0,true,true,true,true,0,LABELED,1,14025,2026-05-25T10:21:54.000Z,0,1,LABELED,1,14025,2026-05-25T07:33:54.000000,true,true,false
3086,2025-06-11T00:00:00.000000,14028,2025-06-11T11:10:03.000000,accepted,,3,2026-04-19T13:30:00.000000,0,true,true,true,true,0,LABELED,0,,,0,0,LABELED,0,,,true,true,true
3087,2025-02-14T00:00:00.000000,14032,2025-02-14T14:39:23.000000,scheduled_visit,1.4,4,2025-02-24T11:25:00.000000,1,true,true,true,true,1,LABELED,1,14032,2025-02-14T16:03:23.000Z,0,1,LABELED,1,14032,2025-02-14T14:39:23.000000,true,true,true
3088,2026-03-14T00:00:00.000000,14036,2026-03-17T17:01:52.000000,no_response,13.6,4,2026-03-26T11:43:00.000000,0,true,true,true,true,0,AMBIGUOUS,,,,1,0,LABELED,1,14034,2026-03-20T16:36:09.000000,true,true,true
3089,2025-10-06T00:00:00.000000,14041,2025-10-12T08:39:19.000000,accepted,4.9,5,2026-06-24T20:43:00.000000,0,true,true,true,true,0,LABELED,0,,,0,0,LABELED,0,,,true,true,true
3090,2025-04-12T00:00:00.000000,14044,2025-04-12T09:46:12.000000,scheduled_visit,17.9,3,2026-04-25T20:12:00.000000,1,true,true,true,true,1,LABELED,1,14044,2025-04-13T03:40:12.000Z,0,1,LABELED,1,14044,2025-04-12T09:46:12.000000,true,true,true
3091,2025-05-12T00:00:00.000000,14048,2025-05-24T08:56:14.000000,scheduled_visit,30.7,5,2025-11-22T14:26:00.000000,1,true,true,true,true,1,LABELED,1,14048,2025-05-25T15:38:14.000Z,0,1,LABELED,1,14048,2025-05-24T08:56:14.000000,true,true,true
3092,2025-03-17T00:00:00.000000,14055,2025-03-24T16:48:21.000000,accepted,10.9,6,2026-06-15T13:11:00.000000,0,true,true,true,true,0,LABELED,0,,,0,0,LABELED,0,,,true,true,true
3093,2025-09-10T00:00:00.000000,14060,2025-09-11T12:38:29.000000,accepted,0.5,4,2025-12-06T09:58:00.000000,0,true,true,true,true,0,LABELED,0,,,0,0,LABELED,0,,,true,true,true
3094,2025-04-03T00:00:00.000000,14062,2025-04-09T17:02:50.000000,rejected,3.2,4,2026-03-08T12:51:00.000000,0,true,true,true,true,0,LABELED,0,,,0,0,LABELED,0,,,true,true,true
3095,2025-04-19T00:00:00.000000,14066,2025-04-23T16:40:42.000000,no_response,16,2,2026-01-23T12:51:00.000000,0,true,true,true,true,0,LABELED,0,,,0,0,LABELED,0,,,true,true,true
3096,2025-04-10T00:00:00.000000,14067,2025-04-16T13:57:12.000000,accepted,11.3,3,2026-05-23T13:24:00.000000,0,true,true,true,true,0,LABELED,0,,,0,0,LABELED,0,,,true,true,true
3097,2025-06-18T00:00:00.000000,14073,2025-06-25T08:13:59.000000,no_response,6.7,4,2025-11-04T17:43:00.000000,0,true,true,true,true,0,LABELED,0,,,0,0,LABELED,0,,,true,true,true
3098,2025-09-20T00:00:00.000000,14078,2025-09-24T19:30:31.000000,no_response,7.7,6,2025-12-30T20:40:00.000000,0,true,true,true,true,0,LABELED,0,,,0,0,LABELED,0,,,true,true,true
3099,2026-01-08T00:00:00.000000,14083,2026-01-08T11:28:18.000000,scheduled_visit,4.1,5,2026-05-01T14:13:00.000000,1,true,true,true,true,1,LABELED,1,14083,2026-01-08T15:34:18.000Z,0,2,LABELED,1,14083,2026-01-08T11:28:18.000000,true,true,true
3100,2026-03-12T00:00:00.000000,14088,2026-03-12T18:11:05.000000,no_response,6.7,7,2026-05-14T10:25:00.000000,0,true,true,true,true,0,LABELED,0,,,0,0,LABELED,0,,,true,true,true
3101,2026-03-24T00:00:00.000000,14093,2026-03-24T16:28:21.000000,no_response,9.3,4,2026-04-06T16:20:00.000000,0,true,true,true,true,0,LABELED,0,,,0,0,LABELED,0,,,true,true,true
3102,2026-03-09T00:00:00.000000,14100,2026-03-12T12:32:28.000000,no_response,7.1,5,2026-06-25T16:17:00.000000,0,true,true,true,true,0,LABELED,0,,,0,2,LABELED,0,,,true,true,true
3103,2025-10-31T00:00:00.000000,14103,2025-11-06T17:39:47.000000,scheduled_visit,4.5,6,2026-03-03T11:31:00.000000,1,true,true,true,true,1,LABELED,1,14103,2025-11-06T22:09:47.000Z,1,3,LABELED,1,14103,2025-11-06T17:39:47.000000,true,true,true
3104,2026-03-03T00:00:00.000000,14112,2026-03-07T16:38:22.000000,accepted,,6,2026-04-21T12:54:00.000000,0,true,true,true,true,0,LABELED,1,14111,2026-03-13T04:15:47.000Z,0,1,LABELED,1,14111,2026-03-12T20:09:47.000000,true,true,true
3105,2025-06-24T00:00:00.000000,14119,2025-06-24T08:58:25.000000,no_response,16.4,8,2026-02-06T20:41:00.000000,0,true,true,true,true,0,LABELED,0,,,0,0,LABELED,0,,,true,true,true
3106,2025-04-28T00:00:00.000000,14123,2025-05-04T19:56:50.000000,accepted,15.3,6,2026-06-26T12:35:00.000000,0,true,true,true,true,0,LABELED,0,,,0,0,LABELED,0,,,true,true,true
3107,2025-07-18T00:00:00.000000,14132,2025-07-20T07:26:06.000000,accepted,0.5,6,2025-12-19T20:56:00.000000,0,true,true,true,true,0,LABELED,1,14128,2025-07-25T23:23:00.000Z,0,1,LABELED,1,14128,2025-07-25T18:23:00.000000,true,true,true
3108,2025-08-06T00:00:00.000000,14136,2025-08-07T14:37:49.000000,accepted,7.4,8,2026-04-29T15:19:00.000000,0,true,true,true,true,0,LABELED,1,14135,2025-08-10T21:05:03.000Z,0,2,LABELED,1,14135,2025-08-10T08:35:03.000000,true,true,true
3109,2025-10-09T00:00:00.000000,14142,2025-10-09T12:28:39.000000,accepted,17.4,2,2025-10-15T09:37:11.000000,0,true,true,true,true,0,LABELED,0,,,0,0,LABELED,0,,,true,true,true
3110,2026-05-12T00:00:00.000000,14144,2026-05-21T07:00:57.000000,rejected,9.7,2,2026-05-22T19:02:31.000000,0,true,true,true,true,0,LABELED,0,,,0,0,LABELED,0,,,true,true,false
3111,2025-10-28T00:00:00.000000,14148,2025-11-02T20:46:45.000000,scheduled_visit,50.3,4,2026-05-11T15:13:00.000000,1,true,true,true,true,1,LABELED,1,14148,2025-11-04T23:04:45.000Z,0,1,LABELED,1,14148,2025-11-02T20:46:45.000000,true,true,true
3112,2026-04-27T00:00:00.000000,14149,2026-05-04T16:03:27.000000,no_response,16.4,2,2026-05-06T17:56:41.000000,0,true,true,true,true,0,LABELED,1,14150,2026-05-09T02:50:41.000Z,0,1,LABELED,1,14150,2026-05-06T17:56:41.000000,true,true,true
3113,2026-03-24T00:00:00.000000,14151,2026-03-26T10:42:06.000000,no_response,1.6,4,2026-04-06T12:21:56.000000,0,true,true,true,true,0,LABELED,0,,,0,0,LABELED,0,,,true,true,true
3114,2025-03-20T00:00:00.000000,14157,2025-06-15T19:43:00.000000,rejected,33.2,3,2026-03-20T07:01:00.000000,0,true,true,true,true,0,LABELED,0,,,0,0,LABELED,0,,,true,true,true
3115,2026-06-08T00:00:00.000000,14159,2026-06-08T08:28:23.000000,no_response,24.8,3,2026-06-17T14:20:30.000000,0,true,true,true,true,0,LABELED,1,14160,2026-06-15T09:01:39.000Z,0,1,CENSORED,,,,false,false,false
3116,2025-06-05T00:00:00.000000,14162,2025-06-12T16:54:12.000000,rejected,3.4,3,2026-03-16T19:02:00.000000,0,true,true,true,true,0,LABELED,0,,,0,1,LABELED,0,,,true,true,true
3117,2025-04-21T00:00:00.000000,14165,2025-04-26T10:00:32.000000,accepted,10.8,2,2025-04-26T16:42:15.000000,0,true,true,true,true,0,LABELED,0,,,0,0,LABELED,0,,,true,true,true
3118,2025-02-06T00:00:00.000000,14168,2025-02-07T09:15:06.000000,accepted,18.3,7,2026-06-27T09:02:00.000000,0,true,true,true,true,0,LABELED,0,,,0,1,LABELED,0,,,true,true,true
3119,2026-05-20T00:00:00.000000,14173,2026-06-29T17:21:00.000000,accepted,,1,2026-06-29T17:21:00.000000,0,true,true,false,true,0,CENSORED,,,,0,0,CENSORED,,,,false,false,false
3120,2025-04-14T00:00:00.000000,14174,2025-04-22T15:39:55.000000,no_response,11.9,2,2026-04-23T09:58:00.000000,0,true,true,true,true,0,LABELED,0,,,0,0,LABELED,0,,,true,true,true
3121,2025-11-13T00:00:00.000000,14179,2025-11-14T11:36:53.000000,accepted,24.7,6,2026-06-20T16:27:00.000000,0,true,true,true,true,0,LABELED,0,,,0,2,LABELED,0,,,true,true,true
3122,2025-06-15T00:00:00.000000,14186,2025-06-19T17:28:48.000000,scheduled_visit,13.6,6,2026-01-20T14:31:00.000000,1,true,true,true,true,1,LABELED,1,14186,2025-06-20T07:04:48.000Z,0,2,LABELED,1,14186,2025-06-19T17:28:48.000000,true,true,true
3123,2025-07-14T00:00:00.000000,14191,2025-07-20T18:52:11.000000,accepted,0.7,4,2026-03-12T15:23:00.000000,0,true,true,true,true,0,LABELED,0,,,0,0,LABELED,0,,,true,true,true
3124,2025-11-06T00:00:00.000000,14194,2025-11-07T07:14:04.000000,accepted,,4,2025-11-17T08:44:49.000000,0,true,true,true,true,0,LABELED,1,14193,2025-11-17T10:56:49.000Z,0,1,LABELED,1,14193,2025-11-17T08:44:49.000000,true,true,true
3125,2025-04-14T00:00:00.000000,14201,2025-04-17T20:52:38.000000,scheduled_visit,,6,2025-12-19T07:26:00.000000,1,true,true,true,true,1,LABELED,1,14199,2025-05-03T11:17:00.000Z,2,1,LABELED,1,14201,2025-04-17T20:52:38.000000,true,true,true
3126,2025-08-19T00:00:00.000000,14202,2025-08-21T09:59:51.000000,scheduled_visit,1.2,3,2026-05-17T14:50:00.000000,1,true,true,true,true,1,LABELED,1,14202,2025-08-21T11:11:51.000Z,0,1,LABELED,1,14202,2025-08-21T09:59:51.000000,true,true,true
3127,2025-12-24T00:00:00.000000,14206,2025-12-24T08:37:59.000000,accepted,35.9,2,2025-12-25T19:59:50.000000,0,true,true,true,true,0,LABELED,0,,,0,0,LABELED,0,,,true,true,true
3128,2025-10-09T00:00:00.000000,14208,2025-10-11T09:10:12.000000,accepted,2.6,2,2026-03-01T07:50:00.000000,0,true,true,true,true,0,LABELED,0,,,0,0,LABELED,0,,,true,true,true
3129,2026-01-06T00:00:00.000000,14210,2026-01-07T12:40:42.000000,scheduled_visit,23.2,3,2026-01-11T13:35:13.000000,1,true,true,true,true,1,LABELED,1,14210,2026-01-08T11:52:42.000Z,0,2,LABELED,1,14210,2026-01-07T12:40:42.000000,true,true,true
3130,2026-06-06T00:00:00.000000,14212,2026-06-19T19:10:19.000000,no_response,5.9,1,2026-06-19T19:10:19.000000,0,true,true,false,true,0,CENSORED,,,,0,0,CENSORED,,,,false,false,false
3131,2026-05-07T00:00:00.000000,14213,2026-05-07T18:08:09.000000,scheduled_visit,1.5,1,2026-05-07T18:08:09.000000,1,true,true,true,true,1,LABELED,1,14213,2026-05-07T19:38:09.000Z,0,1,LABELED,1,14213,2026-05-07T18:08:09.000000,true,true,true
3132,2025-04-30T00:00:00.000000,14214,2025-08-23T07:14:00.000000,accepted,8.2,1,2025-08-23T07:14:00.000000,0,true,true,true,true,0,LABELED,0,,,0,0,LABELED,0,,,true,true,true
3133,2025-06-28T00:00:00.000000,14218,2025-06-30T09:13:46.000000,no_response,16.2,7,2026-05-28T19:13:00.000000,0,true,true,true,true,0,LABELED,1,14221,2025-07-14T00:37:36.000Z,0,2,LABELED,1,14221,2025-07-11T16:31:36.000000,true,true,true
3134,2025-02-07T00:00:00.000000,14224,2025-02-08T10:23:44.000000,accepted,8,3,2026-03-24T13:25:00.000000,0,true,true,true,true,0,LABELED,0,,,0,0,LABELED,0,,,true,true,true
3135,2025-10-21T00:00:00.000000,14231,2025-10-21T15:38:38.000000,accepted,9.8,8,2026-01-21T08:59:00.000000,0,true,true,true,true,0,LABELED,1,14225,2025-10-26T07:11:20.000Z,0,1,LABELED,1,14225,2025-10-25T08:47:20.000000,true,true,true
3136,2025-12-05T00:00:00.000000,14237,2025-12-08T19:19:29.000000,accepted,2.8,6,2025-12-16T17:58:15.000000,0,true,true,true,true,0,LABELED,1,14238,2025-12-16T18:28:15.000Z,0,1,LABELED,1,14238,2025-12-16T17:58:15.000000,true,true,true
3137,2025-12-16T00:00:00.000000,14240,2025-12-21T13:00:18.000000,scheduled_visit,7.7,6,2025-12-29T11:45:14.000000,1,true,true,true,true,1,LABELED,1,14240,2025-12-21T20:42:18.000Z,0,3,LABELED,1,14240,2025-12-21T13:00:18.000000,true,true,true
3138,2025-02-08T00:00:00.000000,14248,2025-02-08T11:56:44.000000,accepted,3.7,6,2025-10-30T14:43:00.000000,0,true,true,true,true,0,LABELED,0,,,0,0,LABELED,0,,,true,true,true
3139,2026-03-01T00:00:00.000000,14254,2026-03-01T20:45:05.000000,accepted,4.4,7,2026-06-27T09:35:00.000000,0,true,true,true,true,0,LABELED,1,14252,2026-03-14T10:57:13.000Z,0,1,LABELED,1,14252,2026-03-14T10:27:13.000000,true,true,true
3140,2025-05-10T00:00:00.000000,14258,2025-06-30T16:33:00.000000,accepted,5.9,1,2025-06-30T16:33:00.000000,0,true,true,true,true,0,LABELED,0,,,0,0,LABELED,0,,,true,true,true
3141,2026-04-11T00:00:00.000000,14260,2026-04-11T13:49:21.000000,no_response,1,5,2026-04-23T18:03:18.000000,0,true,true,true,true,0,LABELED,0,,,0,0,LABELED,0,,,true,true,true
3142,2025-06-09T00:00:00.000000,14267,2025-06-10T16:51:59.000000,rejected,0.5,5,2026-06-29T16:33:00.000000,0,true,true,true,true,0,LABELED,0,,,0,1,LABELED,0,,,true,true,true
3143,2026-02-07T00:00:00.000000,14269,2026-02-10T08:53:55.000000,accepted,0.5,1,2026-02-10T08:53:55.000000,0,true,true,true,true,0,LABELED,0,,,0,0,LABELED,0,,,true,true,true
3144,2025-03-24T00:00:00.000000,14270,2025-03-25T20:10:46.000000,rejected,4.5,4,2025-11-24T17:18:00.000000,0,true,true,true,true,0,LABELED,0,,,0,0,LABELED,0,,,true,true,true
3145,2025-06-13T00:00:00.000000,14279,2025-06-17T12:30:57.000000,accepted,19.7,7,2026-05-22T20:28:00.000000,0,true,true,true,true,0,LABELED,0,,,0,1,LABELED,0,,,true,true,true
3146,2025-07-03T00:00:00.000000,14281,2025-07-15T09:37:16.000000,accepted,0.9,1,2025-07-15T09:37:16.000000,0,true,true,true,true,0,LABELED,0,,,0,0,LABELED,0,,,true,true,true
3147,2025-10-02T00:00:00.000000,14284,2025-10-04T11:31:13.000000,no_response,,4,2026-04-05T19:44:00.000000,0,true,true,true,true,0,LABELED,0,,,0,0,LABELED,0,,,true,true,true
3148,2025-10-13T00:00:00.000000,14290,2025-10-18T15:56:13.000000,scheduled_visit,5.4,7,2026-03-13T12:33:00.000000,1,true,true,true,true,1,LABELED,1,14290,2025-10-18T21:20:13.000Z,1,1,LABELED,1,14290,2025-10-18T15:56:13.000000,true,true,true
3149,2025-10-17T00:00:00.000000,14293,2025-10-18T09:00:28.000000,accepted,8,4,2025-10-27T17:48:02.000000,0,true,true,true,true,0,LABELED,0,,,0,0,LABELED,0,,,true,true,true
3150,2026-01-26T00:00:00.000000,14298,2026-01-27T08:29:49.000000,accepted,12.6,2,2026-01-28T13:29:35.000000,0,true,true,true,true,0,LABELED,1,14297,2026-01-29T01:59:35.000Z,0,1,LABELED,1,14297,2026-01-28T13:29:35.000000,true,true,true
3151,2026-06-19T00:00:00.000000,14299,2026-07-01T10:52:08.000000,rejected,,1,2026-07-01T10:52:08.000000,0,true,false,false,false,,CENSORED,,,,0,0,CENSORED,,,,false,false,false
3152,2025-01-11T00:00:00.000000,14300,2025-01-16T12:19:55.000000,accepted,,1,2025-01-16T12:19:55.000000,0,true,true,true,true,0,LABELED,0,,,0,0,LABELED,0,,,true,true,true
3153,2025-10-21T00:00:00.000000,14308,2025-10-24T10:24:06.000000,accepted,0.5,8,2026-05-18T12:53:00.000000,0,true,true,true,true,0,LABELED,1,14303,2025-11-02T20:30:00.000Z,0,2,LABELED,1,14303,2025-11-02T08:30:00.000000,true,true,true
3154,2026-06-18T00:00:00.000000,14311,2026-06-24T10:47:05.000000,accepted,15.4,3,2026-06-27T18:25:04.000000,0,true,true,false,true,0,CENSORED,,,,0,0,CENSORED,,,,false,false,false
3155,2025-01-23T00:00:00.000000,14318,2025-01-26T17:38:05.000000,scheduled_visit,21.2,8,2026-04-05T11:17:00.000000,1,true,true,true,true,1,LABELED,1,14318,2025-01-27T14:50:05.000Z,0,3,LABELED,1,14318,2025-01-26T17:38:05.000000,true,true,true
3156,2026-03-30T00:00:00.000000,14325,2026-03-31T12:12:13.000000,accepted,59.4,7,2026-06-17T18:52:00.000000,0,true,true,true,true,0,LABELED,1,14326,2026-04-06T21:24:48.000Z,0,2,LABELED,1,14326,2026-04-06T12:00:48.000000,true,true,true
3157,2026-02-13T00:00:00.000000,14329,2026-02-13T17:31:19.000000,scheduled_visit,45,6,2026-05-19T19:36:00.000000,1,true,true,true,true,1,LABELED,1,14329,2026-02-15T14:31:19.000Z,1,2,LABELED,1,14329,2026-02-13T17:31:19.000000,true,true,true
3158,2026-04-03T00:00:00.000000,14334,2026-04-06T13:57:51.000000,scheduled_visit,2,3,2026-04-19T17:56:00.000000,1,true,true,true,true,1,LABELED,1,14334,2026-04-06T15:57:51.000Z,0,1,LABELED,1,14334,2026-04-06T13:57:51.000000,true,true,true
3159,2025-08-04T00:00:00.000000,14337,2025-08-08T20:20:49.000000,rejected,2.1,4,2026-05-08T15:08:00.000000,0,true,true,true,true,0,LABELED,1,14336,2025-08-14T19:08:13.000Z,0,2,LABELED,1,14336,2025-08-14T16:08:13.000000,true,true,true
3160,2025-11-28T00:00:00.000000,14340,2025-11-28T18:31:31.000000,scheduled_visit,8.7,7,2026-03-16T16:56:00.000000,1,true,true,true,true,1,LABELED,1,14340,2025-11-29T03:13:31.000Z,0,2,LABELED,1,14340,2025-11-28T18:31:31.000000,true,true,true
3161,2025-10-10T00:00:00.000000,14351,2025-10-13T15:47:39.000000,scheduled_visit,9.7,5,2026-04-05T12:40:00.000000,1,true,true,true,true,1,LABELED,1,14351,2025-10-14T01:29:39.000Z,0,2,LABELED,1,14351,2025-10-13T15:47:39.000000,true,true,true
3162,2025-08-11T00:00:00.000000,14355,2025-08-12T14:51:08.000000,no_response,9.7,7,2025-08-24T12:38:43.000000,0,true,true,true,true,0,LABELED,1,14357,2025-08-14T06:39:22.000Z,0,1,LABELED,1,14357,2025-08-13T17:33:22.000000,true,true,true
3163,2026-02-09T00:00:00.000000,14360,2026-02-10T12:15:34.000000,scheduled_visit,27.9,3,2026-02-15T10:50:25.000000,1,true,true,true,true,1,LABELED,1,14360,2026-02-11T16:09:34.000Z,0,1,LABELED,1,14360,2026-02-10T12:15:34.000000,true,true,true
3164,2025-11-07T00:00:00.000000,14364,2025-11-07T17:35:06.000000,accepted,13.6,6,2026-06-10T15:53:00.000000,0,true,true,true,true,0,LABELED,0,,,0,1,LABELED,0,,,true,true,true
3165,2026-06-11T00:00:00.000000,14372,2026-06-11T18:22:43.000000,accepted,25.3,5,2026-06-24T07:29:53.000000,0,true,true,true,true,0,LABELED,0,,,0,0,CENSORED,,,,false,false,false
3166,2026-03-16T00:00:00.000000,14373,2026-03-26T18:39:50.000000,no_response,16,1,2026-03-26T18:39:50.000000,0,true,true,true,true,0,LABELED,0,,,0,0,LABELED,0,,,true,true,true
3167,2026-03-16T00:00:00.000000,14374,2026-03-17T15:50:40.000000,accepted,4.9,4,2026-04-28T18:25:00.000000,0,true,true,true,true,0,LABELED,0,,,0,0,LABELED,0,,,true,true,true
3168,2025-11-23T00:00:00.000000,14383,2025-11-24T18:28:35.000000,accepted,0.8,6,2025-12-04T10:19:23.000000,0,true,true,true,true,0,LABELED,1,14380,2025-12-01T23:38:18.000Z,0,2,LABELED,1,14380,2025-12-01T14:26:18.000000,true,true,true
3169,2025-05-20T00:00:00.000000,14389,2025-05-20T09:17:31.000000,accepted,1.4,6,2026-06-26T07:05:00.000000,0,true,true,true,true,0,LABELED,1,14387,2025-05-21T07:03:42.000Z,0,3,LABELED,1,14387,2025-05-20T16:03:42.000000,true,true,true
3170,2025-12-17T00:00:00.000000,14390,2025-12-17T15:45:46.000000,scheduled_visit,,6,2026-01-25T18:35:00.000000,1,true,true,true,true,1,AMBIGUOUS,,,,1,0,LABELED,1,14390,2025-12-17T15:45:46.000000,true,true,true
3171,2025-04-29T00:00:00.000000,14399,2025-06-20T09:50:00.000000,scheduled_visit,5.5,6,2026-02-11T10:02:00.000000,1,true,true,true,true,1,LABELED,1,14399,2025-06-20T15:20:00.000Z,0,2,LABELED,1,14399,2025-06-20T09:50:00.000000,true,true,true
3172,2025-04-14T00:00:00.000000,14406,2025-04-14T18:28:41.000000,rejected,9.4,6,2026-02-05T15:36:00.000000,0,true,true,true,true,0,LABELED,0,,,0,0,LABELED,0,,,true,true,true
3173,2026-06-18T00:00:00.000000,14413,2026-06-20T08:21:35.000000,accepted,11.1,7,2026-06-26T15:01:36.000000,0,true,true,false,true,0,CENSORED,,,,0,0,CENSORED,,,,false,false,false
3174,2025-06-04T00:00:00.000000,14415,2025-06-06T13:13:34.000000,no_response,0.5,1,2025-06-06T13:13:34.000000,0,true,true,true,true,0,LABELED,0,,,0,0,LABELED,0,,,true,true,true
3175,2025-04-27T00:00:00.000000,14423,2025-04-27T20:18:05.000000,accepted,,8,2026-06-24T19:16:00.000000,0,true,true,true,true,0,LABELED,1,14416,2025-05-03T10:51:25.000Z,0,3,LABELED,1,14416,2025-05-02T09:09:25.000000,true,true,true
3176,2025-10-18T00:00:00.000000,14427,2025-10-19T11:21:54.000000,scheduled_visit,7.6,7,2026-05-22T19:36:00.000000,1,true,true,true,true,1,LABELED,1,14427,2025-10-19T18:57:54.000Z,0,2,LABELED,1,14427,2025-10-19T11:21:54.000000,true,true,true
3177,2025-03-17T00:00:00.000000,14431,2025-09-14T12:57:00.000000,accepted,38.5,3,2026-06-30T18:17:00.000000,0,true,true,true,true,0,LABELED,0,,,0,0,LABELED,0,,,true,true,true
3178,2026-04-23T00:00:00.000000,14440,2026-04-25T16:38:04.000000,scheduled_visit,0.5,8,2026-06-06T09:34:00.000000,1,true,true,true,true,1,LABELED,1,14440,2026-04-25T17:08:04.000Z,0,4,LABELED,1,14440,2026-04-25T16:38:04.000000,true,true,true
3179,2026-05-04T00:00:00.000000,14445,2026-05-06T15:01:41.000000,accepted,22.7,4,2026-05-09T10:45:27.000000,0,true,true,true,true,0,LABELED,0,,,0,0,LABELED,0,,,true,true,true
3180,2025-11-19T00:00:00.000000,14448,2025-11-22T14:39:59.000000,no_response,12.3,5,2025-11-30T10:57:57.000000,0,true,true,true,true,0,LABELED,0,,,0,0,LABELED,0,,,true,true,true
3181,2025-09-01T00:00:00.000000,14456,2025-09-01T15:34:28.000000,accepted,1.6,7,2025-12-25T14:24:00.000000,0,true,true,true,true,0,LABELED,1,14454,2025-09-04T14:07:05.000Z,0,2,LABELED,1,14454,2025-09-04T13:07:05.000000,true,true,true
3182,2025-09-07T00:00:00.000000,14460,2025-09-11T13:23:55.000000,accepted,0.5,3,2026-05-01T16:01:00.000000,0,true,true,true,true,0,LABELED,0,,,0,0,LABELED,0,,,true,true,true
3183,2025-01-27T00:00:00.000000,14461,2025-01-28T12:20:50.000000,accepted,0.7,1,2025-01-28T12:20:50.000000,0,true,true,true,true,0,LABELED,0,,,0,0,LABELED,0,,,true,true,true
3184,2025-08-04T00:00:00.000000,14467,2025-08-06T18:12:30.000000,rejected,,6,2026-06-05T15:13:00.000000,0,true,true,true,true,0,LABELED,0,,,0,2,LABELED,0,,,true,true,true
3185,2025-11-20T00:00:00.000000,14470,2025-11-26T09:14:11.000000,scheduled_visit,7,7,2026-05-22T12:33:00.000000,1,true,true,true,true,1,LABELED,1,14470,2025-11-26T16:14:11.000Z,0,2,LABELED,1,14470,2025-11-26T09:14:11.000000,true,true,true
3186,2025-12-08T00:00:00.000000,14476,2025-12-08T20:54:09.000000,rejected,2.2,4,2026-04-03T19:13:00.000000,0,true,true,true,true,0,AMBIGUOUS,,,,1,0,LABELED,1,14475,2025-12-16T09:17:47.000000,true,true,true
3187,2025-07-21T00:00:00.000000,14482,2025-07-29T13:53:49.000000,accepted,14.1,4,2025-11-30T09:57:00.000000,0,true,true,true,true,0,LABELED,0,,,0,1,LABELED,0,,,true,true,true
3188,2026-01-23T00:00:00.000000,14489,2026-01-23T10:54:26.000000,rejected,15.7,8,2026-02-23T12:49:00.000000,0,true,true,true,true,0,LABELED,1,14488,2026-01-31T00:01:16.000Z,0,1,LABELED,1,14488,2026-01-30T13:01:16.000000,true,true,true
3189,2025-08-28T00:00:00.000000,14491,2025-09-04T08:06:24.000000,scheduled_visit,11.7,3,2026-02-26T15:14:00.000000,1,true,true,true,true,1,LABELED,1,14491,2025-09-04T19:48:24.000Z,0,1,LABELED,1,14491,2025-09-04T08:06:24.000000,true,true,true
3190,2025-09-29T00:00:00.000000,14495,2025-10-03T17:44:29.000000,accepted,11.8,2,2025-10-05T08:20:32.000000,0,true,true,true,true,0,LABELED,0,,,0,0,LABELED,0,,,true,true,true
3191,2025-11-24T00:00:00.000000,14502,2025-11-24T10:23:15.000000,accepted,1,7,2026-03-14T14:28:00.000000,0,true,true,true,true,0,LABELED,0,,,0,1,LABELED,0,,,true,true,true
3192,2026-06-04T00:00:00.000000,14504,2026-06-05T19:00:03.000000,scheduled_visit,0.6,2,2026-06-14T13:13:45.000000,1,true,true,true,true,1,LABELED,1,14504,2026-06-05T19:36:03.000Z,0,1,CENSORED,,,,true,false,false
3193,2026-06-26T00:00:00.000000,14506,2026-06-29T10:23:33.000000,accepted,,4,2026-07-01T14:06:06.000000,0,true,true,false,true,0,CENSORED,,,,0,0,CENSORED,,,,false,false,false
3194,2025-11-20T00:00:00.000000,14511,2025-11-21T13:56:51.000000,rejected,15.4,4,2025-12-01T17:04:00.000000,0,true,true,true,true,0,AMBIGUOUS,,,,1,0,LABELED,1,14512,2025-12-01T17:04:00.000000,true,true,true
3195,2025-03-02T00:00:00.000000,14516,2025-03-03T18:43:57.000000,rejected,9.6,6,2026-01-08T11:57:00.000000,0,true,true,true,true,0,LABELED,0,,,0,0,LABELED,0,,,true,true,true
3196,2025-06-04T00:00:00.000000,14519,2025-10-03T19:34:00.000000,rejected,6.3,3,2026-03-20T12:25:00.000000,0,true,true,true,true,0,LABELED,0,,,0,0,LABELED,0,,,true,true,true
3197,2025-05-09T00:00:00.000000,14524,2025-05-10T17:53:22.000000,scheduled_visit,1.3,5,2026-06-07T19:30:00.000000,1,true,true,true,true,1,LABELED,1,14524,2025-05-10T19:11:22.000Z,0,1,LABELED,1,14524,2025-05-10T17:53:22.000000,true,true,true
3198,2026-05-01T00:00:00.000000,14527,2026-05-06T19:20:47.000000,rejected,10.8,4,2026-06-18T14:42:00.000000,0,true,true,true,true,0,LABELED,0,,,0,0,LABELED,0,,,true,true,true
3199,2026-04-02T00:00:00.000000,14531,2026-04-05T20:26:29.000000,accepted,1.3,3,2026-05-15T12:15:00.000000,0,true,true,true,true,0,LABELED,0,,,0,0,LABELED,0,,,true,true,true
3200,2025-06-09T00:00:00.000000,14539,2025-06-14T13:33:31.000000,accepted,,7,2026-04-05T16:27:00.000000,0,true,true,true,true,0,LABELED,1,14540,2025-06-20T14:38:42.000Z,0,2,LABELED,1,14540,2025-06-19T09:44:42.000000,true,true,true
3201,2025-03-16T00:00:00.000000,14541,2025-03-19T19:11:50.000000,rejected,,4,2026-02-01T13:19:00.000000,0,true,true,true,true,0,LABELED,0,,,0,0,LABELED,0,,,true,true,true
3202,2025-08-10T00:00:00.000000,14549,2025-08-11T08:00:06.000000,no_response,1.1,7,2026-05-05T16:14:00.000000,0,true,true,true,true,0,LABELED,1,14551,2025-08-17T09:03:01.000Z,0,1,LABELED,1,14551,2025-08-17T07:33:01.000000,true,true,true
3203,2026-06-16T00:00:00.000000,14554,2026-06-16T15:25:06.000000,accepted,,6,2026-06-26T14:21:37.000000,0,true,true,false,true,0,CENSORED,,,,0,0,CENSORED,,,,false,false,false
3204,2025-01-11T00:00:00.000000,14558,2026-05-01T11:31:00.000000,scheduled_visit,1.9,1,2026-05-01T11:31:00.000000,1,true,true,true,true,1,LABELED,1,14558,2026-05-01T13:25:00.000Z,0,1,LABELED,1,14558,2026-05-01T11:31:00.000000,true,true,true
3205,2025-06-30T00:00:00.000000,14562,2025-07-02T18:03:23.000000,accepted,3.5,4,2025-12-27T08:11:00.000000,0,true,true,true,true,0,LABELED,0,,,0,0,LABELED,0,,,true,true,true
3206,2025-03-17T00:00:00.000000,14565,2025-03-26T18:40:48.000000,no_response,13.9,4,2026-06-20T09:36:00.000000,0,true,true,true,true,0,LABELED,0,,,0,0,LABELED,0,,,true,true,true
3207,2025-12-11T00:00:00.000000,14570,2025-12-19T13:31:42.000000,rejected,9.1,5,2026-06-15T19:09:00.000000,0,true,true,true,true,0,LABELED,1,14567,2025-12-22T13:20:08.000Z,0,1,LABELED,1,14567,2025-12-21T17:50:08.000000,true,true,true
3208,2026-04-17T00:00:00.000000,14572,2026-04-19T13:37:49.000000,rejected,16.8,3,2026-04-26T20:45:27.000000,0,true,true,true,true,0,LABELED,1,14574,2026-04-22T16:59:12.000Z,0,2,LABELED,1,14574,2026-04-21T17:47:12.000000,true,true,true
3209,2025-04-18T00:00:00.000000,14580,2025-04-28T11:10:53.000000,scheduled_visit,12.3,6,2026-06-09T18:01:00.000000,1,true,true,true,true,1,LABELED,1,14580,2025-04-28T23:28:53.000Z,0,3,LABELED,1,14580,2025-04-28T11:10:53.000000,true,true,true
3210,2025-07-30T00:00:00.000000,14581,2025-07-30T19:40:45.000000,accepted,2.4,4,2026-03-13T16:44:00.000000,0,true,true,true,true,0,LABELED,0,,,0,0,LABELED,0,,,true,true,true
3211,2025-06-22T00:00:00.000000,14587,2025-06-30T19:56:14.000000,scheduled_visit,,8,2026-06-29T18:30:00.000000,1,true,true,true,true,1,LABELED,1,14585,2025-07-03T03:58:07.000Z,1,2,LABELED,1,14587,2025-06-30T19:56:14.000000,true,true,true
3212,2025-03-14T00:00:00.000000,14595,2025-03-25T16:55:15.000000,accepted,7.4,5,2026-05-10T08:02:00.000000,0,true,true,true,true,0,LABELED,0,,,0,2,LABELED,0,,,true,true,true
3213,2025-10-30T00:00:00.000000,14603,2025-11-04T16:16:20.000000,no_response,1.4,8,2025-12-26T12:24:00.000000,0,true,true,true,true,0,LABELED,1,14601,2025-11-09T01:26:28.000Z,0,2,LABELED,1,14601,2025-11-08T14:38:28.000000,true,true,true
3214,2025-04-01T00:00:00.000000,14611,2025-04-01T18:24:51.000000,rejected,6.9,7,2025-12-15T09:23:00.000000,0,true,true,true,true,0,LABELED,0,,,0,1,LABELED,0,,,true,true,true
3215,2026-06-11T00:00:00.000000,14616,2026-06-12T15:19:03.000000,no_response,10.3,4,2026-06-24T11:59:33.000000,0,true,true,true,true,0,LABELED,0,,,0,0,CENSORED,,,,false,false,false
3216,2025-06-20T00:00:00.000000,14622,2025-06-23T10:46:38.000000,no_response,2.8,7,2026-06-08T16:51:00.000000,0,true,true,true,true,0,LABELED,0,,,0,1,LABELED,0,,,true,true,true
3217,2025-07-25T00:00:00.000000,14624,2025-07-30T15:59:07.000000,rejected,11.9,4,2026-05-28T14:06:00.000000,0,true,true,true,true,0,LABELED,0,,,0,0,LABELED,0,,,true,true,true
3218,2025-12-26T00:00:00.000000,14632,2026-01-01T11:09:30.000000,accepted,3.7,5,2026-01-03T16:54:32.000000,0,true,true,true,true,0,LABELED,1,14630,2026-01-02T22:50:20.000Z,0,1,LABELED,1,14630,2026-01-02T19:02:20.000000,true,true,true
3219,2026-05-09T00:00:00.000000,14633,2026-05-18T09:28:10.000000,rejected,8.3,1,2026-05-18T09:28:10.000000,0,true,true,true,true,0,LABELED,0,,,0,0,LABELED,0,,,true,true,false
3220,2025-02-27T00:00:00.000000,14634,2025-03-01T07:21:42.000000,rejected,6.3,5,2026-05-18T16:57:00.000000,0,true,true,true,true,0,LABELED,0,,,0,1,LABELED,0,,,true,true,true
3221,2025-04-24T00:00:00.000000,14639,2025-07-25T09:11:00.000000,accepted,58.8,1,2025-07-25T09:11:00.000000,0,true,true,true,true,0,LABELED,0,,,0,0,LABELED,0,,,true,true,true
3222,2026-06-19T00:00:00.000000,14640,2026-07-01T15:55:01.000000,accepted,15,2,2026-07-02T11:26:08.000000,0,true,false,false,false,,CENSORED,,,,0,0,CENSORED,,,,false,false,false
3223,2025-01-20T00:00:00.000000,14644,2025-01-24T14:58:07.000000,no_response,22.8,6,2026-04-29T11:22:00.000000,0,true,true,true,true,0,LABELED,0,,,0,0,LABELED,0,,,true,true,true
3224,2025-04-30T00:00:00.000000,14651,2025-05-01T16:35:28.000000,scheduled_visit,13.4,7,2026-05-08T20:10:00.000000,1,true,true,true,true,1,LABELED,1,14651,2025-05-02T05:59:28.000Z,0,1,LABELED,1,14651,2025-05-01T16:35:28.000000,true,true,true
3225,2026-04-04T00:00:00.000000,14658,2026-04-05T08:14:25.000000,no_response,11.9,4,2026-04-17T15:27:38.000000,0,true,true,true,true,0,LABELED,1,14657,2026-04-08T21:18:36.000Z,0,2,LABELED,1,14657,2026-04-08T14:00:36.000000,true,true,true
3226,2026-05-14T00:00:00.000000,14660,2026-05-15T10:37:13.000000,scheduled_visit,,2,2026-05-16T14:44:47.000000,1,true,true,true,true,1,AMBIGUOUS,,,,2,0,LABELED,1,14660,2026-05-15T10:37:13.000000,true,true,false
3227,2026-01-20T00:00:00.000000,14662,2026-01-26T14:51:45.000000,scheduled_visit,42.2,2,2026-01-31T10:04:06.000000,1,true,true,true,true,1,LABELED,1,14662,2026-01-28T09:03:45.000Z,0,1,LABELED,1,14662,2026-01-26T14:51:45.000000,true,true,true
3228,2025-11-18T00:00:00.000000,14667,2025-11-23T18:40:52.000000,no_response,8.9,8,2026-06-16T11:30:00.000000,0,true,true,true,true,0,LABELED,1,14670,2025-11-29T18:06:46.000Z,0,1,LABELED,1,14670,2025-11-29T11:24:46.000000,true,true,true
3229,2025-03-05T00:00:00.000000,14674,2025-03-06T12:28:11.000000,rejected,6.2,4,2025-06-14T18:17:00.000000,0,true,true,true,true,0,LABELED,0,,,0,0,LABELED,0,,,true,true,true
3230,2025-03-07T00:00:00.000000,14679,2025-03-19T12:41:29.000000,scheduled_visit,0.5,6,2026-06-14T08:15:00.000000,1,true,true,true,true,1,LABELED,1,14679,2025-03-19T13:11:29.000Z,0,2,LABELED,1,14679,2025-03-19T12:41:29.000000,true,true,true
3231,2025-01-12T00:00:00.000000,14687,2025-01-12T17:57:08.000000,scheduled_visit,3.1,8,2026-06-14T07:51:00.000000,1,true,true,true,true,1,LABELED,1,14687,2025-01-12T21:03:08.000Z,0,3,LABELED,1,14687,2025-01-12T17:57:08.000000,true,true,true
3232,2025-05-14T00:00:00.000000,14693,2025-05-17T13:05:31.000000,scheduled_visit,30.2,7,2026-06-23T11:33:00.000000,1,true,true,true,true,1,LABELED,1,14693,2025-05-18T19:17:31.000Z,2,2,LABELED,1,14693,2025-05-17T13:05:31.000000,true,true,true
3233,2026-03-25T00:00:00.000000,14697,2026-03-30T18:12:40.000000,accepted,20.1,2,2026-04-20T15:33:00.000000,0,true,true,true,true,0,LABELED,0,,,0,0,LABELED,0,,,true,true,true
3234,2025-07-05T00:00:00.000000,14699,2025-07-16T11:39:54.000000,accepted,6.3,2,2025-07-17T13:45:25.000000,0,true,true,true,true,0,LABELED,0,,,0,0,LABELED,0,,,true,true,true
3235,2025-04-04T00:00:00.000000,14704,2025-04-13T07:08:59.000000,scheduled_visit,9.4,7,2026-03-11T14:20:00.000000,1,true,true,true,true,1,LABELED,1,14704,2025-04-13T16:32:59.000Z,1,2,LABELED,1,14704,2025-04-13T07:08:59.000000,true,true,true
3236,2025-04-25T00:00:00.000000,14707,2025-07-10T13:43:00.000000,no_response,12.1,1,2025-07-10T13:43:00.000000,0,true,true,true,true,0,LABELED,0,,,0,0,LABELED,0,,,true,true,true
3237,2025-09-19T00:00:00.000000,14708,2025-10-01T08:21:51.000000,accepted,2.1,2,2026-05-30T09:59:00.000000,0,true,true,true,true,0,LABELED,0,,,0,0,LABELED,0,,,true,true,true
3238,2025-08-18T00:00:00.000000,14711,2025-08-23T16:17:00.000000,scheduled_visit,25.5,5,2026-05-22T19:47:00.000000,1,true,true,true,true,1,LABELED,1,14711,2025-08-24T17:47:00.000Z,0,1,LABELED,1,14711,2025-08-23T16:17:00.000000,true,true,true
3239,2026-04-11T00:00:00.000000,14716,2026-04-21T07:22:32.000000,no_response,1.9,2,2026-04-22T11:30:00.000000,0,true,true,true,true,0,LABELED,0,,,0,0,LABELED,0,,,true,true,true
3240,2026-04-02T00:00:00.000000,14717,2026-04-04T15:40:59.000000,accepted,16,6,2026-04-13T10:53:42.000000,0,true,true,true,true,0,LABELED,0,,,0,0,LABELED,0,,,true,true,true
3241,2025-11-07T00:00:00.000000,14728,2025-11-07T19:23:50.000000,rejected,1.4,8,2025-11-20T19:28:17.000000,0,true,true,true,true,0,LABELED,1,14729,2025-11-18T16:39:23.000Z,0,1,LABELED,1,14729,2025-11-18T12:51:23.000000,true,true,true
3242,2026-06-14T00:00:00.000000,14733,2026-06-15T16:35:00.000000,scheduled_visit,0.5,4,2026-06-22T09:36:22.000000,1,true,true,false,true,1,CENSORED,,,,0,0,CENSORED,,,,false,false,false
3243,2026-05-07T00:00:00.000000,14736,2026-05-07T19:29:48.000000,accepted,,2,2026-05-13T15:27:18.000000,0,true,true,true,true,0,LABELED,0,,,0,0,LABELED,0,,,true,true,true
3244,2025-02-19T00:00:00.000000,14739,2025-02-28T13:42:02.000000,accepted,5.2,3,2025-07-26T11:21:00.000000,0,true,true,true,true,0,LABELED,0,,,0,0,LABELED,0,,,true,true,true
3245,2025-01-21T00:00:00.000000,14740,2025-01-31T09:37:02.000000,no_response,1.1,2,2025-02-03T15:39:58.000000,0,true,true,true,true,0,LABELED,1,14741,2025-02-04T00:27:58.000Z,0,1,LABELED,1,14741,2025-02-03T15:39:58.000000,true,true,true
3246,2025-03-20T00:00:00.000000,14745,2025-03-29T12:26:13.000000,scheduled_visit,18.1,7,2026-04-29T12:59:00.000000,1,true,true,true,true,1,LABELED,1,14745,2025-03-30T06:32:13.000Z,0,2,LABELED,1,14745,2025-03-29T12:26:13.000000,true,true,true
3247,2025-08-20T00:00:00.000000,14751,2025-08-20T12:47:38.000000,accepted,1.5,5,2026-06-08T14:28:00.000000,0,true,true,true,true,0,LABELED,0,,,0,1,LABELED,0,,,true,true,true
3248,2025-09-08T00:00:00.000000,14755,2025-09-10T09:38:50.000000,rejected,30.7,3,2025-11-01T08:09:00.000000,0,true,true,true,true,0,LABELED,0,,,0,0,LABELED,0,,,true,true,true
3249,2025-04-18T00:00:00.000000,14758,2025-04-27T15:46:30.000000,accepted,13,6,2026-03-25T20:19:00.000000,0,true,true,true,true,0,LABELED,0,,,0,2,LABELED,0,,,true,true,true
3250,2026-01-15T00:00:00.000000,14763,2026-01-27T13:47:47.000000,scheduled_visit,,1,2026-01-27T13:47:47.000000,1,true,true,true,true,1,AMBIGUOUS,,,,1,0,LABELED,1,14763,2026-01-27T13:47:47.000000,true,true,true
3251,2025-08-08T00:00:00.000000,14764,2025-08-14T20:40:41.000000,accepted,8.8,2,2025-08-20T20:41:20.000000,0,true,true,true,true,0,LABELED,0,,,0,0,LABELED,0,,,true,true,true
3252,2025-03-15T00:00:00.000000,14766,2025-12-17T16:27:00.000000,accepted,6.7,1,2025-12-17T16:27:00.000000,0,true,true,true,true,0,LABELED,0,,,0,0,LABELED,0,,,true,true,true
3253,2026-02-20T00:00:00.000000,14767,2026-02-21T09:31:18.000000,accepted,,5,2026-03-05T13:27:37.000000,0,true,true,true,true,0,LABELED,1,14769,2026-03-02T15:21:42.000Z,0,2,LABELED,1,14769,2026-03-02T13:51:42.000000,true,true,true
3254,2026-02-08T00:00:00.000000,14775,2026-02-10T18:53:54.000000,no_response,9.4,4,2026-02-21T12:56:41.000000,0,true,true,true,true,0,LABELED,0,,,0,0,LABELED,0,,,true,true,true
3255,2026-05-04T00:00:00.000000,14778,2026-05-04T10:17:57.000000,no_response,10.3,4,2026-05-12T18:51:22.000000,0,true,true,true,true,0,LABELED,1,14777,2026-05-06T19:23:16.000Z,0,1,LABELED,1,14777,2026-05-06T12:11:16.000000,true,true,true
3256,2026-06-30T00:00:00.000000,14783,2026-06-30T16:26:53.000000,scheduled_visit,20.5,4,2026-07-08T11:58:45.000000,1,true,false,false,false,,CENSORED,,,,0,0,CENSORED,,,,false,false,false
3257,2025-03-22T00:00:00.000000,14786,2025-03-30T12:58:45.000000,no_response,20.5,5,2026-03-16T08:51:00.000000,0,true,true,true,true,0,LABELED,0,,,0,0,LABELED,0,,,true,true,true
3258,2025-05-16T00:00:00.000000,14789,2025-05-23T12:46:07.000000,accepted,1.9,4,2026-01-24T12:13:00.000000,0,true,true,true,true,0,LABELED,0,,,0,0,LABELED,0,,,true,true,true
3259,2025-07-09T00:00:00.000000,14793,2025-07-20T10:12:02.000000,accepted,1.2,4,2025-11-14T08:49:00.000000,0,true,true,true,true,0,LABELED,0,,,0,0,LABELED,0,,,true,true,true
3260,2026-05-12T00:00:00.000000,14798,2026-05-13T18:32:34.000000,rejected,,4,2026-05-25T08:48:28.000000,0,true,true,true,true,0,LABELED,0,,,0,0,LABELED,0,,,true,true,true
3261,2025-08-31T00:00:00.000000,14805,2025-09-01T10:58:46.000000,scheduled_visit,8.7,5,2026-04-04T15:14:00.000000,1,true,true,true,true,1,LABELED,1,14805,2025-09-01T19:40:46.000Z,0,1,LABELED,1,14805,2025-09-01T10:58:46.000000,true,true,true
3262,2026-05-07T00:00:00.000000,14809,2026-05-07T08:09:53.000000,scheduled_visit,62.7,7,2026-06-26T18:11:00.000000,1,true,true,true,true,1,LABELED,1,14809,2026-05-09T22:51:53.000Z,0,1,LABELED,1,14809,2026-05-07T08:09:53.000000,true,true,true
3263,2025-05-16T00:00:00.000000,14815,2025-05-23T15:57:00.000000,accepted,20.4,3,2026-01-29T14:53:00.000000,0,true,true,true,true,0,LABELED,0,,,0,0,LABELED,0,,,true,true,true
3264,2025-06-19T00:00:00.000000,14817,2025-08-09T09:35:00.000000,rejected,54.8,4,2026-04-28T11:54:00.000000,0,true,true,true,true,0,LABELED,0,,,0,1,LABELED,0,,,true,true,true
3265,2025-04-19T00:00:00.000000,14823,2025-04-22T11:31:27.000000,rejected,6.8,4,2025-04-29T11:55:32.000000,0,true,true,true,true,0,LABELED,1,14821,2025-04-23T19:58:30.000Z,0,1,LABELED,1,14821,2025-04-23T17:52:30.000000,true,true,true
3266,2025-07-17T00:00:00.000000,14825,2025-07-27T16:28:39.000000,accepted,0.5,2,2026-01-28T19:34:00.000000,0,true,true,true,true,0,LABELED,0,,,0,1,LABELED,0,,,true,true,true
3267,2026-03-25T00:00:00.000000,14832,2026-03-26T17:32:42.000000,rejected,0.5,8,2026-05-02T10:54:00.000000,0,true,true,true,true,0,LABELED,1,14826,2026-04-01T16:27:12.000Z,0,1,LABELED,1,14826,2026-03-31T18:45:12.000000,true,true,true
3268,2025-06-25T00:00:00.000000,14834,2025-07-03T07:27:50.000000,no_response,,3,2026-05-14T16:45:00.000000,0,true,true,true,true,0,LABELED,0,,,0,0,LABELED,0,,,true,true,true
3269,2026-04-20T00:00:00.000000,14841,2026-04-20T12:10:30.000000,accepted,8.9,8,2026-05-02T18:45:14.000000,0,true,true,true,true,0,LABELED,1,14838,2026-05-02T20:03:14.000Z,1,1,LABELED,1,14839,2026-04-27T08:33:16.000000,true,true,true
3270,2025-05-03T00:00:00.000000,14852,2025-05-09T09:58:05.000000,no_response,,8,2026-04-01T13:23:00.000000,0,true,true,true,true,0,LABELED,1,14850,2025-05-16T18:50:37.000Z,1,2,LABELED,1,14848,2025-05-12T14:44:45.000000,true,true,true
3271,2025-01-17T00:00:00.000000,14857,2025-01-20T09:23:24.000000,accepted,,6,2026-01-16T12:19:00.000000,0,true,true,true,true,0,LABELED,0,,,0,2,LABELED,0,,,true,true,true
3272,2025-11-04T00:00:00.000000,14859,2025-11-04T20:05:03.000000,scheduled_visit,12.9,1,2025-11-04T20:05:03.000000,1,true,true,true,true,1,LABELED,1,14859,2025-11-05T08:59:03.000Z,0,1,LABELED,1,14859,2025-11-04T20:05:03.000000,true,true,true
3273,2026-05-18T00:00:00.000000,14860,2026-05-20T07:15:58.000000,accepted,3.5,3,2026-05-27T15:04:59.000000,0,true,true,true,true,0,LABELED,1,14862,2026-05-28T16:36:02.000Z,1,1,LABELED,1,14862,2026-05-27T10:30:02.000000,true,true,false
3274,2025-05-21T00:00:00.000000,14863,2025-05-29T18:55:29.000000,no_response,19.4,1,2025-05-29T18:55:29.000000,0,true,true,true,true,0,LABELED,0,,,0,0,LABELED,0,,,true,true,true
3275,2026-03-09T00:00:00.000000,14866,2026-03-10T13:31:38.000000,scheduled_visit,36.8,3,2026-03-17T20:22:56.000000,1,true,true,true,true,1,LABELED,1,14866,2026-03-12T02:19:38.000Z,0,1,LABELED,1,14866,2026-03-10T13:31:38.000000,true,true,true
3276,2026-05-28T00:00:00.000000,14868,2026-06-03T10:58:00.000000,no_response,4.5,2,2026-06-10T08:06:31.000000,0,true,true,true,true,0,LABELED,1,14867,2026-06-10T23:48:31.000Z,0,1,CENSORED,,,,true,false,false
3277,2025-06-07T00:00:00.000000,14870,2025-06-10T12:03:48.000000,accepted,10,3,2026-04-13T18:01:00.000000,0,true,true,true,true,0,LABELED,0,,,0,0,LABELED,0,,,true,true,true
3278,2025-03-05T00:00:00.000000,14874,2025-09-23T11:05:00.000000,accepted,21.7,5,2025-11-16T07:28:00.000000,0,true,true,true,true,0,LABELED,0,,,0,0,LABELED,0,,,true,true,true
3279,2025-12-15T00:00:00.000000,14881,2025-12-17T10:58:27.000000,no_response,1.8,5,2025-12-28T16:52:47.000000,0,true,true,true,true,0,LABELED,0,,,0,0,LABELED,0,,,true,true,true
3280,2026-01-30T00:00:00.000000,14885,2026-02-01T12:15:20.000000,accepted,19.9,7,2026-02-12T17:17:42.000000,0,true,true,true,true,0,LABELED,1,14884,2026-02-03T18:47:13.000Z,0,3,LABELED,1,14884,2026-02-01T20:53:13.000000,true,true,true
3281,2025-09-10T00:00:00.000000,14889,2025-09-16T08:59:27.000000,rejected,26.1,7,2026-03-06T13:46:00.000000,0,true,true,true,true,0,LABELED,0,,,0,1,LABELED,0,,,true,true,true
3282,2025-12-12T00:00:00.000000,14896,2025-12-19T14:08:07.000000,rejected,7.3,3,2026-03-21T08:20:00.000000,0,true,true,true,true,0,LABELED,0,,,0,0,LABELED,0,,,true,true,true
3283,2025-04-23T00:00:00.000000,14900,2025-04-23T13:23:00.000000,no_response,38.7,6,2025-12-10T11:23:00.000000,0,true,true,true,true,0,LABELED,0,,,0,0,LABELED,0,,,true,true,true
3284,2025-06-13T00:00:00.000000,14908,2025-06-14T17:43:56.000000,accepted,2.3,6,2026-06-16T09:55:00.000000,0,true,true,true,true,0,LABELED,0,,,0,0,LABELED,0,,,true,true,true
3285,2025-03-03T00:00:00.000000,14911,2025-03-10T19:43:25.000000,no_response,7.1,1,2025-03-10T19:43:25.000000,0,true,true,true,true,0,LABELED,0,,,0,0,LABELED,0,,,true,true,true
3286,2025-10-07T00:00:00.000000,14917,2025-10-11T08:41:26.000000,scheduled_visit,,6,2026-03-17T08:24:00.000000,1,true,true,true,true,1,LABELED,1,14916,2025-10-17T20:30:08.000Z,1,2,LABELED,1,14917,2025-10-11T08:41:26.000000,true,true,true
3287,2025-11-19T00:00:00.000000,14918,2025-11-19T15:55:37.000000,accepted,1.7,8,2026-04-29T18:39:00.000000,0,true,true,true,true,0,LABELED,1,14921,2025-11-30T13:14:39.000Z,1,3,LABELED,1,14921,2025-11-29T13:32:39.000000,true,true,true
3288,2026-04-07T00:00:00.000000,14928,2026-04-10T20:30:47.000000,no_response,6.3,5,2026-04-20T20:28:52.000000,0,true,true,true,true,0,LABELED,0,,,0,0,LABELED,0,,,true,true,true
3289,2025-01-19T00:00:00.000000,14931,2025-01-20T11:43:15.000000,scheduled_visit,1,7,2026-05-31T07:48:00.000000,1,true,true,true,true,1,LABELED,1,14931,2025-01-20T12:43:15.000Z,0,1,LABELED,1,14931,2025-01-20T11:43:15.000000,true,true,true
3290,2026-03-06T00:00:00.000000,14943,2026-03-07T20:36:17.000000,accepted,4.4,7,2026-04-07T12:09:00.000000,0,true,true,true,true,0,LABELED,1,14938,2026-03-09T07:47:55.000Z,0,1,LABELED,1,14938,2026-03-08T17:53:55.000000,true,true,true
3291,2026-03-15T00:00:00.000000,14948,2026-03-15T20:13:02.000000,scheduled_visit,,6,2026-03-28T11:37:52.000000,1,true,true,true,true,1,LABELED,1,14945,2026-03-28T13:25:52.000Z,1,1,LABELED,1,14948,2026-03-15T20:13:02.000000,true,true,true
3292,2026-03-08T00:00:00.000000,14954,2026-03-12T16:35:45.000000,rejected,5.1,4,2026-03-21T07:50:19.000000,0,true,true,true,true,0,LABELED,1,14953,2026-03-15T18:33:47.000Z,0,1,LABELED,1,14953,2026-03-15T07:15:47.000000,true,true,true
3293,2025-12-26T00:00:00.000000,14957,2025-12-29T14:13:08.000000,rejected,4.6,4,2026-06-05T12:09:00.000000,0,true,true,true,true,0,LABELED,0,,,0,0,LABELED,0,,,true,true,true
3294,2026-02-02T00:00:00.000000,14964,2026-02-03T08:57:03.000000,scheduled_visit,1.8,8,2026-04-21T10:40:00.000000,1,true,true,true,true,1,LABELED,1,14964,2026-02-03T10:45:03.000Z,0,2,LABELED,1,14964,2026-02-03T08:57:03.000000,true,true,true
3295,2025-12-21T00:00:00.000000,14971,2025-12-21T11:32:05.000000,accepted,4.8,5,2026-01-02T13:46:00.000000,0,true,true,true,true,0,LABELED,0,,,0,0,LABELED,0,,,true,true,true
3296,2025-04-23T00:00:00.000000,14972,2025-04-26T18:56:56.000000,accepted,3.7,8,2026-05-11T07:00:00.000000,0,true,true,true,true,0,LABELED,0,,,0,3,LABELED,0,,,true,true,true
3297,2025-10-24T00:00:00.000000,14981,2025-10-24T07:51:01.000000,accepted,19.2,7,2026-06-10T18:39:00.000000,0,true,true,true,true,0,LABELED,0,,,0,0,LABELED,0,,,true,true,true
3298,2025-05-28T00:00:00.000000,14990,2025-06-01T15:43:45.000000,no_response,12,4,2025-11-09T10:01:00.000000,0,true,true,true,true,0,LABELED,0,,,0,0,LABELED,0,,,true,true,true
3299,2025-12-03T00:00:00.000000,14995,2025-12-05T14:44:20.000000,no_response,24.9,6,2026-04-13T19:50:00.000000,0,true,true,true,true,0,LABELED,0,,,0,0,LABELED,0,,,true,true,true
3300,2026-03-23T00:00:00.000000,14998,2026-03-27T18:41:00.000000,scheduled_visit,19.7,2,2026-04-01T17:32:40.000000,1,true,true,true,true,1,LABELED,1,14998,2026-03-28T14:23:00.000Z,0,1,LABELED,1,14998,2026-03-27T18:41:00.000000,true,true,true
3301,2026-05-16T00:00:00.000000,15000,2026-05-17T12:09:04.000000,accepted,7.6,5,2026-05-28T07:44:35.000000,0,true,true,true,true,0,LABELED,1,15003,2026-05-19T12:19:51.000Z,0,1,LABELED,1,15003,2026-05-18T07:49:51.000000,true,true,false
3302,2026-01-06T00:00:00.000000,15007,2026-01-16T11:27:00.000000,rejected,10.8,6,2026-05-05T08:14:00.000000,0,true,true,true,true,0,LABELED,0,,,0,1,LABELED,0,,,true,true,true
3303,2025-11-01T00:00:00.000000,15011,2025-11-04T15:34:17.000000,accepted,21.2,8,2026-06-24T18:37:00.000000,0,true,true,true,true,0,LABELED,0,,,0,0,LABELED,0,,,true,true,true
3304,2025-04-20T00:00:00.000000,15018,2025-08-11T09:15:00.000000,rejected,1.5,2,2026-05-06T14:34:00.000000,0,true,true,true,true,0,LABELED,0,,,0,0,LABELED,0,,,true,true,true
3305,2025-06-02T00:00:00.000000,15024,2025-06-07T20:05:06.000000,accepted,17.4,6,2026-06-30T11:25:00.000000,0,true,true,true,true,0,LABELED,1,15022,2025-06-10T23:03:37.000Z,0,1,LABELED,1,15022,2025-06-10T15:57:37.000000,true,true,true
3306,2025-03-31T00:00:00.000000,15026,2025-04-09T13:31:13.000000,accepted,12,1,2025-04-09T13:31:13.000000,0,true,true,true,true,0,LABELED,0,,,0,0,LABELED,0,,,true,true,true
3307,2026-01-30T00:00:00.000000,15030,2026-02-01T10:12:37.000000,accepted,,7,2026-05-30T15:15:00.000000,0,true,true,true,true,0,LABELED,0,,,0,1,LABELED,0,,,true,true,true
3308,2025-09-24T00:00:00.000000,15038,2025-09-29T18:45:40.000000,accepted,0.5,6,2026-02-03T09:48:00.000000,0,true,true,true,true,0,LABELED,0,,,0,0,LABELED,0,,,true,true,true
3309,2025-07-03T00:00:00.000000,15040,2025-07-11T11:34:17.000000,accepted,27.7,3,2025-07-15T17:21:00.000000,0,true,true,true,true,0,LABELED,0,,,0,0,LABELED,0,,,true,true,true
3310,2025-11-02T00:00:00.000000,15043,2025-11-03T08:23:54.000000,scheduled_visit,7.2,5,2026-04-06T09:36:00.000000,1,true,true,true,true,1,LABELED,1,15043,2025-11-03T15:35:54.000Z,0,2,LABELED,1,15043,2025-11-03T08:23:54.000000,true,true,true
3311,2026-04-18T00:00:00.000000,15049,2026-04-21T13:08:29.000000,no_response,,6,2026-05-21T12:57:00.000000,0,true,true,true,true,0,LABELED,1,15050,2026-05-03T07:18:03.000Z,0,1,LABELED,1,15050,2026-05-01T20:30:03.000000,true,true,true
3312,2025-07-23T00:00:00.000000,15055,2025-07-31T20:18:00.000000,scheduled_visit,,7,2026-06-07T16:41:00.000000,1,true,true,true,true,1,AMBIGUOUS,,,,1,3,LABELED,1,15055,2025-07-31T20:18:00.000000,true,true,true
3313,2025-08-29T00:00:00.000000,15067,2025-08-30T12:19:58.000000,accepted,18.3,7,2025-12-15T18:28:00.000000,0,true,true,true,true,0,LABELED,1,15065,2025-09-08T10:37:38.000Z,0,1,LABELED,1,15065,2025-09-08T07:13:38.000000,true,true,true
3314,2025-07-17T00:00:00.000000,15070,2025-07-21T15:04:10.000000,accepted,5.9,5,2026-06-13T16:20:00.000000,0,true,true,true,true,0,LABELED,0,,,0,1,LABELED,0,,,true,true,true
3315,2025-05-26T00:00:00.000000,15073,2025-05-26T17:31:15.000000,rejected,8.3,5,2026-04-23T20:44:00.000000,0,true,true,true,true,0,LABELED,0,,,0,1,LABELED,0,,,true,true,true
3316,2025-09-12T00:00:00.000000,15078,2025-09-22T14:13:28.000000,scheduled_visit,3.8,2,2025-09-25T12:54:48.000000,1,true,true,true,true,1,LABELED,1,15078,2025-09-22T18:01:28.000Z,0,1,LABELED,1,15078,2025-09-22T14:13:28.000000,true,true,true
3317,2025-02-12T00:00:00.000000,15086,2025-02-14T15:39:26.000000,no_response,,7,2026-04-30T15:43:00.000000,0,true,true,true,true,0,LABELED,0,,,0,0,LABELED,0,,,true,true,true
3318,2025-02-17T00:00:00.000000,15088,2025-02-17T12:02:40.000000,rejected,5.3,6,2026-01-27T17:04:00.000000,0,true,true,true,true,0,LABELED,0,,,0,1,LABELED,0,,,true,true,true
3319,2025-07-02T00:00:00.000000,15093,2025-11-01T14:36:00.000000,accepted,1.5,2,2026-03-04T12:36:00.000000,0,true,true,true,true,0,LABELED,0,,,0,0,LABELED,0,,,true,true,true
3320,2026-03-08T00:00:00.000000,15095,2026-03-21T11:34:55.000000,no_response,0.5,1,2026-03-21T11:34:55.000000,0,true,true,true,true,0,LABELED,0,,,0,0,LABELED,0,,,true,true,true
3321,2025-10-10T00:00:00.000000,15100,2025-10-10T12:55:04.000000,accepted,18.8,8,2026-05-16T08:05:00.000000,0,true,true,true,true,0,LABELED,0,,,0,0,LABELED,0,,,true,true,true
3322,2025-09-08T00:00:00.000000,15105,2025-09-11T15:23:29.000000,accepted,10.7,4,2026-03-04T13:57:00.000000,0,true,true,true,true,0,LABELED,1,15107,2025-09-13T00:53:51.000Z,0,2,LABELED,1,15107,2025-09-12T13:53:51.000000,true,true,true
3323,2025-02-13T00:00:00.000000,15110,2025-02-26T09:22:22.000000,accepted,51.1,7,2026-06-30T17:10:00.000000,0,true,true,true,true,0,LABELED,0,,,0,1,LABELED,0,,,true,true,true
3324,2025-02-07T00:00:00.000000,15115,2025-02-12T07:50:23.000000,no_response,10.1,7,2025-11-23T15:05:00.000000,0,true,true,true,true,0,LABELED,1,15116,2025-02-17T15:39:31.000Z,0,1,LABELED,1,15116,2025-02-17T12:03:31.000000,true,true,true
3325,2026-06-18T00:00:00.000000,15122,2026-06-22T11:09:46.000000,accepted,21.2,1,2026-06-22T11:09:46.000000,0,true,true,false,true,0,CENSORED,,,,0,0,CENSORED,,,,false,false,false
3326,2025-10-07T00:00:00.000000,15128,2025-10-09T10:19:18.000000,rejected,3.6,6,2026-06-25T10:26:00.000000,0,true,true,true,true,0,LABELED,0,,,0,0,LABELED,0,,,true,true,true
3327,2025-11-27T00:00:00.000000,15132,2025-12-05T10:02:57.000000,accepted,5.3,4,2026-03-17T07:45:00.000000,0,true,true,true,true,0,LABELED,0,,,0,0,LABELED,0,,,true,true,true
3328,2025-07-08T00:00:00.000000,15135,2025-07-18T10:40:39.000000,accepted,4.1,3,2026-06-09T15:05:00.000000,0,true,true,true,true,0,LABELED,0,,,0,0,LABELED,0,,,true,true,true
3329,2026-02-23T00:00:00.000000,15136,2026-02-26T17:10:21.000000,accepted,25,4,2026-05-09T07:34:00.000000,0,true,true,true,true,0,LABELED,1,15138,2026-03-02T03:31:21.000Z,0,1,LABELED,1,15138,2026-03-01T07:13:21.000000,true,true,true
3330,2026-03-09T00:00:00.000000,15146,2026-03-11T19:23:58.000000,no_response,,7,2026-03-20T13:45:04.000000,0,true,true,true,true,0,LABELED,1,15144,2026-03-15T22:37:32.000Z,0,2,LABELED,1,15141,2026-03-15T11:52:58.000000,true,true,true
3331,2025-02-13T00:00:00.000000,15147,2025-02-21T10:45:46.000000,rejected,25.8,2,2025-12-09T19:45:00.000000,0,true,true,true,true,0,LABELED,0,,,0,0,LABELED,0,,,true,true,true
3332,2025-10-17T00:00:00.000000,15151,2025-10-17T13:32:57.000000,no_response,7,6,2026-01-19T16:02:00.000000,0,true,true,true,true,0,LABELED,0,,,0,0,LABELED,0,,,true,true,true
3333,2025-08-11T00:00:00.000000,15157,2025-08-14T20:10:32.000000,rejected,1.2,4,2026-05-09T15:46:00.000000,0,true,true,true,true,0,LABELED,0,,,0,0,LABELED,0,,,true,true,true
3334,2026-04-07T00:00:00.000000,15160,2026-04-08T20:36:18.000000,accepted,33,3,2026-04-20T13:40:09.000000,0,true,true,true,true,0,LABELED,0,,,0,0,LABELED,0,,,true,true,true
3335,2025-07-31T00:00:00.000000,15163,2025-08-02T17:13:56.000000,accepted,1.1,3,2026-06-05T20:07:00.000000,0,true,true,true,true,0,LABELED,0,,,0,0,LABELED,0,,,true,true,true
3336,2025-04-23T00:00:00.000000,15167,2025-05-02T18:41:32.000000,accepted,1.8,5,2025-10-22T16:43:00.000000,0,true,true,true,true,0,LABELED,1,15169,2025-05-21T18:26:00.000Z,0,1,LABELED,1,15169,2025-05-21T13:02:00.000000,true,true,true
3337,2026-01-02T00:00:00.000000,15170,2026-01-14T07:43:05.000000,scheduled_visit,53.7,2,2026-04-05T08:33:00.000000,1,true,true,true,true,1,LABELED,1,15170,2026-01-16T13:25:05.000Z,0,1,LABELED,1,15170,2026-01-14T07:43:05.000000,true,true,true
3338,2025-06-17T00:00:00.000000,15174,2025-06-18T19:45:41.000000,accepted,,8,2026-06-29T08:10:00.000000,0,true,true,true,true,0,LABELED,1,15172,2025-06-21T10:50:13.000Z,0,3,LABELED,1,15172,2025-06-21T09:02:13.000000,true,true,true
3339,2025-09-15T00:00:00.000000,15180,2025-09-16T13:27:05.000000,scheduled_visit,4.3,8,2026-05-30T18:33:00.000000,1,true,true,true,true,1,LABELED,1,15180,2025-09-16T17:45:05.000Z,0,2,LABELED,1,15180,2025-09-16T13:27:05.000000,true,true,true
3340,2025-05-12T00:00:00.000000,15189,2025-05-20T15:42:17.000000,scheduled_visit,,3,2025-10-07T09:55:00.000000,1,true,true,true,true,1,AMBIGUOUS,,,,1,0,LABELED,1,15189,2025-05-20T15:42:17.000000,true,true,true
3341,2025-05-17T00:00:00.000000,15191,2025-05-23T18:42:34.000000,scheduled_visit,4.4,3,2026-03-20T20:52:00.000000,1,true,true,true,true,1,LABELED,1,15191,2025-05-23T23:06:34.000Z,0,2,LABELED,1,15191,2025-05-23T18:42:34.000000,true,true,true
3342,2026-05-25T00:00:00.000000,15197,2026-05-27T08:07:25.000000,accepted,,6,2026-06-07T18:38:01.000000,0,true,true,true,true,0,LABELED,1,15198,2026-06-03T05:04:42.000Z,0,2,LABELED,1,15198,2026-06-01T11:58:42.000000,true,true,false
3343,2026-02-13T00:00:00.000000,15201,2026-02-20T20:53:09.000000,no_response,5.4,2,2026-02-23T10:28:14.000000,0,true,true,true,true,0,AMBIGUOUS,,,,1,0,LABELED,1,15200,2026-02-23T10:28:14.000000,true,true,true
3344,2025-06-18T00:00:00.000000,15204,2025-06-19T10:10:17.000000,accepted,1.9,6,2026-04-20T16:17:00.000000,0,true,true,true,true,0,LABELED,1,15202,2025-06-27T08:07:51.000Z,0,3,LABELED,1,15202,2025-06-26T14:25:51.000000,true,true,true
3345,2026-01-15T00:00:00.000000,15210,2026-01-21T18:00:52.000000,accepted,4.2,4,2026-01-22T20:35:45.000000,0,true,true,true,true,0,LABELED,1,15208,2026-01-22T01:13:33.000Z,0,1,LABELED,1,15208,2026-01-21T19:49:33.000000,true,true,true
3346,2025-10-18T00:00:00.000000,15215,2025-10-19T07:42:49.000000,accepted,24.5,8,2026-05-20T12:51:00.000000,0,true,true,true,true,0,LABELED,1,15219,2025-10-31T05:10:46.000Z,0,1,LABELED,1,15219,2025-10-30T19:40:46.000000,true,true,true
3347,2025-08-12T00:00:00.000000,15224,2025-08-21T08:58:47.000000,accepted,5.5,5,2026-02-21T13:04:00.000000,0,true,true,true,true,0,LABELED,1,15220,2025-08-24T21:07:33.000Z,0,2,LABELED,1,15220,2025-08-23T20:37:33.000000,true,true,true
3348,2025-03-31T00:00:00.000000,15226,2025-04-04T20:18:44.000000,no_response,,2,2026-05-07T07:05:00.000000,0,true,true,true,true,0,LABELED,0,,,0,0,LABELED,0,,,true,true,true
3349,2026-04-24T00:00:00.000000,15227,2026-04-24T10:01:06.000000,accepted,1.5,2,2026-04-27T07:47:45.000000,0,true,true,true,true,0,LABELED,0,,,0,0,LABELED,0,,,true,true,true
3350,2025-01-06T00:00:00.000000,15232,2025-05-10T18:29:00.000000,scheduled_visit,0.5,7,2025-11-03T14:47:00.000000,1,true,true,true,true,1,LABELED,1,15232,2025-05-10T18:59:00.000Z,0,2,LABELED,1,15232,2025-05-10T18:29:00.000000,true,true,true
3351,2025-03-18T00:00:00.000000,15236,2025-03-19T17:03:30.000000,rejected,,5,2026-06-08T09:39:00.000000,0,true,true,true,true,0,LABELED,1,15240,2025-03-22T15:25:31.000Z,0,3,LABELED,1,15240,2025-03-22T10:49:31.000000,true,true,true
3352,2025-09-17T00:00:00.000000,15242,2025-09-19T08:06:32.000000,accepted,12.3,4,2025-10-26T20:45:00.000000,0,true,true,true,true,0,LABELED,1,15241,2025-09-25T05:48:24.000Z,0,2,LABELED,1,15243,2025-09-24T13:08:24.000000,true,true,true
3353,2025-10-08T00:00:00.000000,15245,2025-10-12T15:24:27.000000,accepted,21.6,2,2025-10-16T14:13:02.000000,0,true,true,true,true,0,LABELED,0,,,0,0,LABELED,0,,,true,true,true
3354,2025-11-19T00:00:00.000000,15248,2025-11-22T15:21:47.000000,no_response,1.4,6,2026-05-03T10:06:00.000000,0,true,true,true,true,0,LABELED,1,15251,2025-11-24T15:22:58.000Z,0,2,LABELED,1,15251,2025-11-23T16:52:58.000000,true,true,true
3355,2026-04-09T00:00:00.000000,15256,2026-04-10T13:38:40.000000,accepted,32.8,8,2026-05-10T15:24:00.000000,0,true,true,true,true,0,LABELED,1,15257,2026-04-16T09:02:47.000Z,0,1,LABELED,1,15257,2026-04-14T11:08:47.000000,true,true,true
3356,2026-06-23T00:00:00.000000,15261,2026-06-29T11:04:38.000000,accepted,,1,2026-06-29T11:04:38.000000,0,true,true,false,true,0,CENSORED,,,,0,0,CENSORED,,,,false,false,false
3357,2026-01-21T00:00:00.000000,15263,2026-01-25T12:07:17.000000,accepted,,5,2026-03-05T17:01:00.000000,0,true,true,true,true,0,LABELED,1,15262,2026-02-02T15:04:20.000Z,0,1,LABELED,1,15262,2026-02-02T08:28:20.000000,true,true,true
3358,2026-06-15T00:00:00.000000,15268,2026-06-15T17:43:50.000000,no_response,3.8,4,2026-06-27T13:31:19.000000,0,true,true,false,true,0,CENSORED,,,,0,0,CENSORED,,,,false,false,false
3359,2025-10-15T00:00:00.000000,15271,2026-05-18T18:53:00.000000,scheduled_visit,3.1,1,2026-05-18T18:53:00.000000,1,true,true,true,true,1,LABELED,1,15271,2026-05-18T21:59:00.000Z,0,1,LABELED,1,15271,2026-05-18T18:53:00.000000,true,true,false
3360,2026-04-24T00:00:00.000000,15274,2026-04-24T19:47:17.000000,accepted,13.3,3,2026-05-06T16:22:25.000000,0,true,true,true,true,0,LABELED,0,,,0,0,LABELED,0,,,true,true,true
3361,2025-02-21T00:00:00.000000,15279,2025-02-21T14:00:21.000000,no_response,0.7,7,2026-06-30T14:50:00.000000,0,true,true,true,true,0,LABELED,0,,,0,2,LABELED,0,,,true,true,true
3362,2025-11-20T00:00:00.000000,15284,2025-11-27T15:50:48.000000,rejected,4.6,3,2026-05-06T20:35:00.000000,0,true,true,true,true,0,LABELED,0,,,0,1,LABELED,0,,,true,true,true
3363,2025-01-19T00:00:00.000000,15285,2025-10-06T11:50:00.000000,accepted,14.1,1,2025-10-06T11:50:00.000000,0,true,true,true,true,0,LABELED,0,,,0,0,LABELED,0,,,true,true,true
3364,2026-03-09T00:00:00.000000,15286,2026-03-10T09:47:32.000000,no_response,1.6,7,2026-05-12T14:18:00.000000,0,true,true,true,true,0,LABELED,1,15288,2026-03-21T21:09:55.000Z,1,1,LABELED,1,15288,2026-03-21T11:33:55.000000,true,true,true
3365,2026-01-01T00:00:00.000000,15293,2026-01-02T16:09:05.000000,accepted,4.5,7,2026-05-23T12:09:00.000000,0,true,true,true,true,0,LABELED,1,15294,2026-01-07T01:50:55.000Z,0,1,LABELED,1,15294,2026-01-05T12:14:55.000000,true,true,true
3366,2025-08-15T00:00:00.000000,15305,2025-08-19T08:48:23.000000,accepted,6.6,6,2026-05-18T07:14:00.000000,0,true,true,true,true,0,LABELED,0,,,0,0,LABELED,0,,,true,true,true
3367,2025-08-28T00:00:00.000000,15307,2026-02-22T16:02:00.000000,accepted,1,2,2026-06-13T18:29:00.000000,0,true,true,true,true,0,LABELED,0,,,0,0,LABELED,0,,,true,true,true
3368,2026-06-21T00:00:00.000000,15310,2026-06-24T12:23:15.000000,rejected,9.9,7,2026-07-03T15:20:16.000000,0,true,true,false,true,0,CENSORED,,,,0,0,CENSORED,,,,false,false,false
3369,2025-08-17T00:00:00.000000,15318,2025-08-22T11:45:56.000000,scheduled_visit,3.1,4,2026-03-05T10:58:00.000000,1,true,true,true,true,1,LABELED,1,15318,2025-08-22T14:51:56.000Z,0,2,LABELED,1,15318,2025-08-22T11:45:56.000000,true,true,true
3370,2026-06-30T00:00:00.000000,15320,2026-07-06T14:24:35.000000,scheduled_visit,37.4,2,2026-07-06T16:40:55.000000,1,true,false,false,false,,CENSORED,,,,0,0,CENSORED,,,,false,false,false
3371,2025-08-01T00:00:00.000000,15324,2025-08-03T12:24:23.000000,scheduled_visit,11,5,2026-05-06T11:38:00.000000,1,true,true,true,true,1,LABELED,1,15324,2025-08-03T23:24:23.000Z,0,2,LABELED,1,15324,2025-08-03T12:24:23.000000,true,true,true
3372,2026-05-19T00:00:00.000000,15328,2026-05-27T14:58:48.000000,scheduled_visit,9.6,4,2026-05-31T17:22:19.000000,1,true,true,true,true,1,LABELED,1,15328,2026-05-28T00:34:48.000Z,0,2,LABELED,1,15328,2026-05-27T14:58:48.000000,true,true,false
3373,2025-04-05T00:00:00.000000,15330,2025-04-11T12:29:05.000000,accepted,10.6,1,2025-04-11T12:29:05.000000,0,true,true,true,true,0,LABELED,0,,,0,0,LABELED,0,,,true,true,true
3374,2025-03-09T00:00:00.000000,15333,2025-03-11T10:18:00.000000,accepted,4.6,4,2025-05-01T09:12:00.000000,0,true,true,true,true,0,LABELED,0,,,0,0,LABELED,0,,,true,true,true
3375,2025-11-03T00:00:00.000000,15341,2025-11-06T16:37:08.000000,no_response,0.5,8,2026-06-28T09:09:00.000000,0,true,true,true,true,0,LABELED,0,,,0,0,LABELED,0,,,true,true,true
3376,2026-05-23T00:00:00.000000,15349,2026-05-24T07:00:19.000000,scheduled_visit,8.4,7,2026-05-29T12:12:32.000000,1,true,true,true,true,1,LABELED,1,15349,2026-05-24T15:24:19.000Z,1,3,LABELED,1,15349,2026-05-24T07:00:19.000000,true,true,false
3377,2025-07-28T00:00:00.000000,15350,2025-07-28T16:04:33.000000,accepted,3.2,6,2026-05-20T19:09:00.000000,0,true,true,true,true,0,LABELED,0,,,0,0,LABELED,0,,,true,true,true
3378,2025-07-28T00:00:00.000000,15361,2025-07-31T07:54:56.000000,accepted,21.9,7,2026-06-17T13:11:00.000000,0,true,true,true,true,0,LABELED,1,15359,2025-08-05T00:27:15.000Z,0,2,LABELED,1,15359,2025-08-04T15:33:15.000000,true,true,true
3379,2025-02-10T00:00:00.000000,15365,2025-02-14T07:19:02.000000,no_response,12.3,3,2026-01-28T13:54:00.000000,0,true,true,true,true,0,LABELED,0,,,0,0,LABELED,0,,,true,true,true
3380,2025-10-30T00:00:00.000000,15366,2026-04-07T10:20:00.000000,accepted,3.9,1,2026-04-07T10:20:00.000000,0,true,true,true,true,0,LABELED,0,,,0,0,LABELED,0,,,true,true,true
3381,2026-05-22T00:00:00.000000,15373,2026-05-25T11:21:47.000000,no_response,9.1,7,2026-06-04T09:40:19.000000,0,true,true,true,true,0,LABELED,1,15371,2026-05-25T17:43:35.000Z,0,2,LABELED,1,15371,2026-05-25T15:31:35.000000,true,true,false
3382,2025-06-30T00:00:00.000000,15374,2025-07-02T15:58:20.000000,scheduled_visit,29.5,7,2026-04-26T20:42:00.000000,1,true,true,true,true,1,LABELED,1,15374,2025-07-03T21:28:20.000Z,0,1,LABELED,1,15374,2025-07-02T15:58:20.000000,true,true,true
3383,2025-09-30T00:00:00.000000,15382,2025-10-01T09:16:32.000000,accepted,9.6,4,2026-02-17T18:36:00.000000,0,true,true,true,true,0,LABELED,0,,,0,1,LABELED,0,,,true,true,true
3384,2025-07-09T00:00:00.000000,15386,2025-07-13T19:17:17.000000,scheduled_visit,2.3,3,2025-07-20T09:56:08.000000,1,true,true,true,true,1,LABELED,1,15386,2025-07-13T21:35:17.000Z,0,1,LABELED,1,15386,2025-07-13T19:17:17.000000,true,true,true
3385,2025-05-16T00:00:00.000000,15390,2025-05-24T07:49:05.000000,accepted,32.4,4,2026-01-21T13:29:00.000000,0,true,true,true,true,0,LABELED,0,,,0,0,LABELED,0,,,true,true,true
3386,2025-04-12T00:00:00.000000,15396,2025-04-18T20:00:00.000000,accepted,,7,2026-04-12T10:47:00.000000,0,true,true,true,true,0,LABELED,1,15394,2025-05-05T23:26:00.000Z,0,1,LABELED,1,15394,2025-05-05T07:38:00.000000,true,true,true
3387,2026-01-20T00:00:00.000000,15403,2026-01-24T19:50:05.000000,scheduled_visit,,8,2026-06-08T11:43:00.000000,1,true,true,true,true,1,LABELED,1,15399,2026-02-01T20:40:26.000Z,1,3,LABELED,1,15403,2026-01-24T19:50:05.000000,true,true,true
3388,2025-10-24T00:00:00.000000,15408,2025-10-24T10:20:54.000000,accepted,18.7,6,2026-03-02T19:12:00.000000,0,true,true,true,true,0,LABELED,0,,,0,0,LABELED,0,,,true,true,true
3389,2026-04-09T00:00:00.000000,15417,2026-04-09T08:05:16.000000,accepted,,5,2026-04-17T14:16:40.000000,0,true,true,true,true,0,LABELED,1,15413,2026-04-10T13:00:50.000Z,0,2,LABELED,1,15413,2026-04-10T08:00:50.000000,true,true,true
3390,2025-05-13T00:00:00.000000,15419,2025-05-16T11:30:40.000000,accepted,4.2,7,2026-04-25T15:48:00.000000,0,true,true,true,true,0,LABELED,1,15418,2025-05-24T14:46:36.000Z,0,1,LABELED,1,15418,2025-05-24T14:16:36.000000,true,true,true
3391,2025-06-13T00:00:00.000000,15432,2025-06-13T16:12:22.000000,accepted,8.3,8,2026-06-13T13:37:00.000000,0,true,true,true,true,0,LABELED,0,,,0,0,LABELED,0,,,true,true,true
3392,2026-01-13T00:00:00.000000,15436,2026-01-16T10:06:26.000000,no_response,5.1,7,2026-05-20T09:32:00.000000,0,true,true,true,true,0,LABELED,1,15439,2026-01-18T10:45:41.000Z,0,1,LABELED,1,15439,2026-01-18T07:45:41.000000,true,true,true
3393,2026-05-23T00:00:00.000000,15444,2026-05-25T16:26:15.000000,no_response,13.2,8,2026-06-11T11:58:00.000000,0,true,true,true,true,0,LABELED,1,15447,2026-06-01T07:52:15.000Z,1,1,LABELED,1,15447,2026-05-31T16:16:15.000000,true,true,false
3394,2025-03-10T00:00:00.000000,15448,2026-05-25T16:45:00.000000,rejected,19.2,1,2026-05-25T16:45:00.000000,0,true,true,true,true,0,LABELED,0,,,0,0,LABELED,0,,,true,true,false
3395,2025-11-19T00:00:00.000000,15451,2025-11-22T14:27:54.000000,scheduled_visit,54.8,3,2026-04-20T16:11:00.000000,1,true,true,true,true,1,LABELED,1,15451,2025-11-24T21:15:54.000Z,0,1,LABELED,1,15451,2025-11-22T14:27:54.000000,true,true,true
3396,2025-02-28T00:00:00.000000,15455,2025-03-02T17:53:55.000000,no_response,13.4,6,2025-12-08T17:43:00.000000,0,true,true,true,true,0,LABELED,1,15454,2025-03-08T23:59:59.000Z,0,2,LABELED,1,15454,2025-03-07T14:05:59.000000,true,true,true
3397,2025-05-23T00:00:00.000000,15459,2025-05-29T20:01:10.000000,accepted,2.4,5,2026-06-23T15:24:00.000000,0,true,true,true,true,0,LABELED,0,,,0,0,LABELED,0,,,true,true,true
3398,2025-01-11T00:00:00.000000,15464,2025-03-21T10:59:00.000000,accepted,21.9,2,2025-10-22T17:40:00.000000,0,true,true,true,true,0,LABELED,0,,,0,0,LABELED,0,,,true,true,true
3399,2026-01-19T00:00:00.000000,15466,2026-01-27T17:07:46.000000,accepted,2.4,2,2026-01-30T18:12:08.000000,0,true,true,true,true,0,LABELED,0,,,0,0,LABELED,0,,,true,true,true
3400,2026-01-01T00:00:00.000000,15471,2026-01-01T07:41:28.000000,accepted,5.9,8,2026-04-12T19:53:00.000000,0,true,true,true,true,0,LABELED,1,15468,2026-01-14T11:49:21.000Z,0,1,LABELED,1,15468,2026-01-14T09:31:21.000000,true,true,true
3401,2025-12-05T00:00:00.000000,15478,2025-12-05T15:11:44.000000,no_response,,8,2026-06-24T19:05:00.000000,0,true,true,true,true,0,LABELED,0,,,0,3,LABELED,0,,,true,true,true
3402,2026-05-20T00:00:00.000000,15483,2026-05-28T14:01:46.000000,accepted,11.4,1,2026-05-28T14:01:46.000000,0,true,true,true,true,0,LABELED,0,,,0,0,LABELED,0,,,true,true,false
3403,2026-05-20T00:00:00.000000,15485,2026-05-22T11:41:16.000000,rejected,23.7,2,2026-05-31T09:07:05.000000,0,true,true,true,true,0,LABELED,0,,,0,0,LABELED,0,,,true,true,false
3404,2025-10-20T00:00:00.000000,15486,2025-10-21T09:06:09.000000,scheduled_visit,8,5,2026-02-17T19:03:00.000000,1,true,true,true,true,1,LABELED,1,15486,2025-10-21T17:06:09.000Z,0,1,LABELED,1,15486,2025-10-21T09:06:09.000000,true,true,true
3405,2026-04-29T00:00:00.000000,15491,2026-05-06T20:40:37.000000,accepted,24.3,1,2026-05-06T20:40:37.000000,0,true,true,true,true,0,LABELED,0,,,0,0,LABELED,0,,,true,true,true
3406,2025-02-06T00:00:00.000000,15495,2025-02-07T17:51:27.000000,accepted,6.3,8,2026-05-05T13:21:00.000000,0,true,true,true,true,0,LABELED,0,,,0,1,LABELED,0,,,true,true,true
3407,2025-11-26T00:00:00.000000,15503,2025-11-28T14:29:30.000000,no_response,10.6,6,2026-02-28T11:11:00.000000,0,true,true,true,true,0,LABELED,0,,,0,1,LABELED,0,,,true,true,true
3408,2026-02-18T00:00:00.000000,15509,2026-02-22T19:06:05.000000,scheduled_visit,28.7,5,2026-04-22T07:06:00.000000,1,true,true,true,true,1,LABELED,1,15509,2026-02-23T23:48:05.000Z,0,2,LABELED,1,15509,2026-02-22T19:06:05.000000,true,true,true
3409,2025-12-12T00:00:00.000000,15511,2025-12-17T11:54:07.000000,rejected,7,2,2025-12-21T14:13:46.000000,0,true,true,true,true,0,LABELED,0,,,0,0,LABELED,0,,,true,true,true
3410,2025-07-19T00:00:00.000000,15514,2025-07-20T14:15:59.000000,scheduled_visit,3.7,2,2025-08-20T15:59:00.000000,1,true,true,true,true,1,LABELED,1,15514,2025-07-20T17:57:59.000Z,0,1,LABELED,1,15514,2025-07-20T14:15:59.000000,true,true,true
3411,2025-04-28T00:00:00.000000,15515,2025-05-07T17:26:12.000000,accepted,11.2,2,2026-05-20T07:34:00.000000,0,true,true,true,true,0,LABELED,0,,,0,0,LABELED,0,,,true,true,true
3412,2025-01-10T00:00:00.000000,15517,2025-01-17T09:37:37.000000,no_response,5.1,3,2025-12-05T07:17:00.000000,0,true,true,true,true,0,LABELED,0,,,0,0,LABELED,0,,,true,true,true
3413,2026-02-12T00:00:00.000000,15520,2026-04-02T19:05:00.000000,accepted,9.8,1,2026-04-02T19:05:00.000000,0,true,true,true,true,0,LABELED,0,,,0,0,LABELED,0,,,true,true,true
3414,2025-01-03T00:00:00.000000,15521,2025-01-14T16:44:47.000000,no_response,4.4,2,2025-02-26T11:19:00.000000,0,true,true,true,true,0,LABELED,0,,,0,0,LABELED,0,,,true,true,true
3415,2026-03-24T00:00:00.000000,15526,2026-03-26T15:00:30.000000,accepted,23.4,7,2026-04-06T20:10:47.000000,0,true,true,true,true,0,LABELED,0,,,0,0,LABELED,0,,,true,true,true
3416,2026-05-20T00:00:00.000000,15530,2026-06-01T16:31:41.000000,rejected,3.8,1,2026-06-01T16:31:41.000000,0,true,true,true,true,0,LABELED,0,,,0,0,CENSORED,,,,true,false,false
3417,2026-06-26T00:00:00.000000,15533,2026-07-01T08:20:17.000000,accepted,18.9,4,2026-07-06T18:15:25.000000,0,true,false,false,false,,CENSORED,,,,0,0,CENSORED,,,,false,false,false
3418,2025-05-27T00:00:00.000000,15538,2025-05-30T10:47:48.000000,no_response,5.1,7,2026-05-31T12:51:00.000000,0,true,true,true,true,0,LABELED,0,,,0,0,LABELED,0,,,true,true,true
3419,2025-05-01T00:00:00.000000,15543,2025-05-10T14:39:28.000000,accepted,7.3,4,2026-06-28T20:58:00.000000,0,true,true,true,true,0,LABELED,0,,,0,1,LABELED,0,,,true,true,true
3420,2026-02-13T00:00:00.000000,15553,2026-02-14T12:33:44.000000,no_response,20.5,8,2026-03-08T18:18:00.000000,0,true,true,true,true,0,LABELED,1,15552,2026-02-17T13:44:26.000Z,0,1,LABELED,1,15552,2026-02-16T11:38:26.000000,true,true,true
3421,2025-10-31T00:00:00.000000,15554,2025-11-02T12:46:17.000000,scheduled_visit,,6,2026-06-15T18:08:00.000000,1,true,true,true,true,1,AMBIGUOUS,,,,1,2,LABELED,1,15554,2025-11-02T12:46:17.000000,true,true,true
3422,2025-04-25T00:00:00.000000,15565,2025-04-25T20:00:32.000000,no_response,4,6,2026-03-09T12:31:00.000000,0,true,true,true,true,0,LABELED,1,15564,2025-04-30T12:05:18.000Z,0,1,LABELED,1,15564,2025-04-29T18:35:18.000000,true,true,true
3423,2026-06-15T00:00:00.000000,15571,2026-06-15T17:56:06.000000,scheduled_visit,29.3,6,2026-06-26T13:54:29.000000,1,true,true,false,true,1,CENSORED,,,,0,0,CENSORED,,,,false,false,false
3424,2025-09-12T00:00:00.000000,15572,2025-09-20T15:06:21.000000,accepted,,1,2025-09-20T15:06:21.000000,0,true,true,true,true,0,LABELED,0,,,0,0,LABELED,0,,,true,true,true
3425,2026-01-28T00:00:00.000000,15573,2026-02-02T20:29:06.000000,accepted,,1,2026-02-02T20:29:06.000000,0,true,true,true,true,0,LABELED,0,,,0,0,LABELED,0,,,true,true,true
3426,2025-06-12T00:00:00.000000,15576,2025-06-13T14:03:14.000000,accepted,3.4,3,2026-05-18T08:57:00.000000,0,true,true,true,true,0,LABELED,0,,,0,0,LABELED,0,,,true,true,true
3427,2025-07-01T00:00:00.000000,15584,2025-07-08T09:22:15.000000,accepted,5.3,8,2026-03-25T20:44:00.000000,0,true,true,true,true,0,LABELED,1,15580,2025-07-14T04:44:43.000Z,0,2,LABELED,1,15580,2025-07-13T15:20:43.000000,true,true,true
3428,2026-06-27T00:00:00.000000,15585,2026-07-02T11:55:09.000000,scheduled_visit,2.3,1,2026-07-02T11:55:09.000000,1,true,false,false,false,,CENSORED,,,,0,0,CENSORED,,,,false,false,false
3429,2025-01-25T00:00:00.000000,15590,2025-01-25T19:26:15.000000,accepted,17.4,8,2026-06-16T20:57:00.000000,0,true,true,true,true,0,LABELED,0,,,0,1,LABELED,0,,,true,true,true
3430,2025-09-01T00:00:00.000000,15594,2025-09-02T10:58:45.000000,accepted,23.3,3,2026-06-27T08:08:00.000000,0,true,true,true,true,0,LABELED,0,,,0,1,LABELED,0,,,true,true,true
3431,2026-06-19T00:00:00.000000,15598,2026-06-20T07:43:08.000000,accepted,2.6,7,2026-06-28T11:07:35.000000,0,true,true,false,true,0,CENSORED,,,,0,0,CENSORED,,,,false,false,false
3432,2026-06-30T00:00:00.000000,15604,2026-07-10T07:39:58.000000,scheduled_visit,2.5,1,2026-07-10T07:39:58.000000,1,false,false,false,false,,CENSORED,,,,0,0,CENSORED,,,,false,false,false
3433,2025-12-17T00:00:00.000000,15605,2025-12-17T09:43:38.000000,no_response,,1,2025-12-17T09:43:38.000000,0,true,true,true,true,0,LABELED,0,,,0,0,LABELED,0,,,true,true,true
3434,2025-02-14T00:00:00.000000,15612,2025-03-14T17:25:00.000000,rejected,,8,2026-04-07T13:58:00.000000,0,true,true,true,true,0,LABELED,0,,,0,0,LABELED,0,,,true,true,true
3435,2026-03-25T00:00:00.000000,15614,2026-03-29T15:46:53.000000,no_response,9,5,2026-06-13T12:50:00.000000,0,true,true,true,true,0,LABELED,0,,,0,0,LABELED,0,,,true,true,true
3436,2025-05-06T00:00:00.000000,15622,2025-05-06T14:07:00.000000,scheduled_visit,,8,2026-02-16T12:45:00.000000,1,true,true,true,true,1,AMBIGUOUS,,,,1,3,LABELED,1,15622,2025-05-06T14:07:00.000000,true,true,true
3437,2025-02-13T00:00:00.000000,15628,2025-02-16T10:31:58.000000,rejected,8.6,2,2025-07-15T11:59:00.000000,0,true,true,true,true,0,LABELED,0,,,0,0,LABELED,0,,,true,true,true
3438,2025-12-07T00:00:00.000000,15629,2025-12-07T11:01:32.000000,rejected,,8,2026-06-24T15:18:00.000000,0,true,true,true,true,0,LABELED,1,15631,2025-12-08T15:03:23.000Z,0,1,LABELED,1,15631,2025-12-08T14:33:23.000000,true,true,true
3439,2025-11-12T00:00:00.000000,15639,2025-11-16T12:01:52.000000,accepted,0.5,4,2026-02-01T07:43:00.000000,0,true,true,true,true,0,LABELED,0,,,0,0,LABELED,0,,,true,true,true
3440,2025-05-22T00:00:00.000000,15645,2025-06-01T17:06:39.000000,rejected,,7,2026-06-09T11:45:00.000000,0,true,true,true,true,0,LABELED,0,,,0,0,LABELED,0,,,true,true,true
3441,2026-05-18T00:00:00.000000,15649,2026-05-18T20:21:07.000000,no_response,3,6,2026-05-30T07:23:33.000000,0,true,true,true,true,0,LABELED,1,15652,2026-05-28T21:01:00.000Z,1,1,LABELED,1,15652,2026-05-28T19:49:00.000000,true,true,false
3442,2025-12-03T00:00:00.000000,15658,2025-12-11T09:16:11.000000,accepted,22.7,5,2026-06-24T07:59:00.000000,0,true,true,true,true,0,LABELED,0,,,0,1,LABELED,0,,,true,true,true
3443,2025-12-11T00:00:00.000000,15660,2025-12-20T08:03:08.000000,scheduled_visit,1,3,2026-06-02T12:43:00.000000,1,true,true,true,true,1,LABELED,1,15660,2025-12-20T09:03:08.000Z,0,1,LABELED,1,15660,2025-12-20T08:03:08.000000,true,true,true
3444,2025-03-28T00:00:00.000000,15666,2025-03-28T14:42:50.000000,no_response,0.5,7,2026-06-14T07:20:00.000000,0,true,true,true,true,0,LABELED,0,,,0,1,LABELED,0,,,true,true,true
3445,2025-07-28T00:00:00.000000,15670,2025-08-01T10:12:27.000000,no_response,,2,2025-10-27T07:32:00.000000,0,true,true,true,true,0,LABELED,0,,,0,0,LABELED,0,,,true,true,true
3446,2025-11-07T00:00:00.000000,15671,2025-11-09T18:53:05.000000,accepted,20.2,4,2025-11-20T17:14:06.000000,0,true,true,true,true,0,LABELED,0,,,0,0,LABELED,0,,,true,true,true
3447,2025-06-13T00:00:00.000000,15675,2025-10-22T09:00:00.000000,rejected,,4,2026-06-23T16:23:00.000000,0,true,true,true,true,0,LABELED,0,,,0,0,LABELED,0,,,true,true,true
3448,2025-11-17T00:00:00.000000,15681,2025-11-20T09:29:46.000000,no_response,11.8,7,2026-05-31T16:31:00.000000,0,true,true,true,true,0,LABELED,1,15680,2025-11-23T10:42:53.000Z,0,1,LABELED,1,15680,2025-11-22T20:42:53.000000,true,true,true
3449,2025-02-24T00:00:00.000000,15686,2025-02-24T08:47:46.000000,accepted,,7,2026-02-18T14:33:00.000000,0,true,true,true,true,0,LABELED,0,,,0,0,LABELED,0,,,true,true,true
3450,2026-01-01T00:00:00.000000,15696,2026-01-01T17:10:44.000000,no_response,27.4,4,2026-05-28T18:47:00.000000,0,true,true,true,true,0,LABELED,0,,,0,1,LABELED,0,,,true,true,true
3451,2025-01-02T00:00:00.000000,15701,2025-01-09T20:38:59.000000,accepted,1.3,5,2026-06-26T17:02:00.000000,0,true,true,true,true,0,LABELED,0,,,0,1,LABELED,0,,,true,true,true
3452,2026-03-01T00:00:00.000000,15703,2026-03-01T11:18:49.000000,no_response,4.6,2,2026-03-02T20:58:14.000000,0,true,true,true,true,0,LABELED,1,15702,2026-03-03T01:22:14.000Z,0,1,LABELED,1,15702,2026-03-02T20:58:14.000000,true,true,true
3453,2025-07-07T00:00:00.000000,15707,2025-07-08T19:28:17.000000,accepted,0.5,4,2025-09-30T13:33:00.000000,0,true,true,true,true,0,LABELED,1,15705,2025-07-15T09:36:18.000Z,0,1,LABELED,1,15705,2025-07-13T16:30:18.000000,true,true,true
3454,2026-05-25T00:00:00.000000,15708,2026-05-26T11:53:09.000000,accepted,,4,2026-06-05T16:12:31.000000,0,true,true,true,true,0,LABELED,1,15710,2026-06-01T09:14:27.000Z,0,2,LABELED,1,15710,2026-06-01T08:44:27.000000,true,true,false
3455,2025-11-07T00:00:00.000000,15713,2025-11-07T07:00:40.000000,scheduled_visit,3.7,3,2025-11-18T09:29:32.000000,1,true,true,true,true,1,LABELED,1,15713,2025-11-07T10:42:40.000Z,0,1,LABELED,1,15713,2025-11-07T07:00:40.000000,true,true,true
3456,2025-07-18T00:00:00.000000,15717,2025-07-18T20:35:15.000000,no_response,,5,2026-05-12T12:03:00.000000,0,true,true,true,true,0,LABELED,0,,,0,0,LABELED,0,,,true,true,true
3457,2026-05-07T00:00:00.000000,15726,2026-05-08T10:29:53.000000,scheduled_visit,17.6,8,2026-05-19T16:22:00.000000,1,true,true,true,true,1,LABELED,1,15726,2026-05-09T04:05:53.000Z,0,1,LABELED,1,15726,2026-05-08T10:29:53.000000,true,true,true
3458,2025-12-05T00:00:00.000000,15728,2025-12-18T17:38:33.000000,no_response,,1,2025-12-18T17:38:33.000000,0,true,true,true,true,0,LABELED,0,,,0,0,LABELED,0,,,true,true,true
3459,2026-06-22T00:00:00.000000,15731,2026-06-24T15:38:15.000000,accepted,19.5,3,2026-07-03T20:10:01.000000,0,true,true,false,true,0,CENSORED,,,,0,0,CENSORED,,,,false,false,false
3460,2025-03-21T00:00:00.000000,15732,2025-03-28T07:58:39.000000,scheduled_visit,16.5,4,2026-06-16T12:45:00.000000,1,true,true,true,true,1,LABELED,1,15732,2025-03-29T00:28:39.000Z,0,1,LABELED,1,15732,2025-03-28T07:58:39.000000,true,true,true
3461,2025-02-24T00:00:00.000000,15736,2025-03-02T11:02:09.000000,accepted,2.7,1,2025-03-02T11:02:09.000000,0,true,true,true,true,0,LABELED,0,,,0,0,LABELED,0,,,true,true,true
3462,2026-06-09T00:00:00.000000,15737,2026-06-11T14:59:28.000000,no_response,20.6,4,2026-06-22T11:53:48.000000,0,true,true,true,true,0,LABELED,1,15740,2026-06-22T12:23:48.000Z,0,1,CENSORED,,,,false,false,false
3463,2025-06-06T00:00:00.000000,15741,2025-09-25T08:13:00.000000,accepted,9.8,1,2025-09-25T08:13:00.000000,0,true,true,true,true,0,LABELED,0,,,0,0,LABELED,0,,,true,true,true
3464,2026-01-28T00:00:00.000000,15746,2026-01-29T07:11:27.000000,accepted,2.9,7,2026-02-10T14:37:12.000000,0,true,true,true,true,0,LABELED,1,15743,2026-01-30T21:27:58.000Z,0,2,LABELED,1,15743,2026-01-30T19:09:58.000000,true,true,true
3465,2025-01-18T00:00:00.000000,15750,2025-06-05T08:25:00.000000,accepted,14.2,3,2026-05-28T19:38:00.000000,0,true,true,true,true,0,LABELED,0,,,0,0,LABELED,0,,,true,true,true
3466,2025-02-27T00:00:00.000000,15753,2025-03-04T18:21:13.000000,accepted,64.4,2,2025-03-05T07:50:54.000000,0,true,true,true,true,0,LABELED,0,,,0,0,LABELED,0,,,true,true,true
3467,2025-07-08T00:00:00.000000,15758,2025-07-12T09:23:40.000000,accepted,12.5,5,2025-08-31T12:39:00.000000,0,true,true,true,true,0,LABELED,1,15757,2025-07-17T13:14:49.000Z,0,1,LABELED,1,15757,2025-07-17T07:44:49.000000,true,true,true
3468,2026-03-30T00:00:00.000000,15765,2026-03-31T09:14:05.000000,accepted,0.5,7,2026-04-29T09:58:00.000000,0,true,true,true,true,0,LABELED,1,15760,2026-04-06T15:07:29.000Z,0,1,LABELED,1,15760,2026-04-06T13:31:29.000000,true,true,true
3469,2025-12-23T00:00:00.000000,15769,2025-12-25T15:06:30.000000,accepted,9.9,5,2026-03-19T10:52:00.000000,0,true,true,true,true,0,LABELED,1,15767,2025-12-29T13:33:15.000Z,0,1,LABELED,1,15767,2025-12-29T10:51:15.000000,true,true,true
3470,2025-02-11T00:00:00.000000,15771,2025-02-24T14:45:39.000000,accepted,21.8,1,2025-02-24T14:45:39.000000,0,true,true,true,true,0,LABELED,0,,,0,0,LABELED,0,,,true,true,true
3471,2025-08-15T00:00:00.000000,15775,2025-08-15T18:21:47.000000,rejected,,6,2026-02-23T08:35:00.000000,0,true,true,true,true,0,LABELED,0,,,0,0,LABELED,0,,,true,true,true
3472,2025-07-02T00:00:00.000000,15778,2025-07-15T10:27:12.000000,rejected,6.2,4,2025-09-29T16:07:00.000000,0,true,true,true,true,0,LABELED,0,,,0,1,LABELED,0,,,true,true,true
3473,2026-03-20T00:00:00.000000,15783,2026-03-26T10:36:14.000000,accepted,12.9,2,2026-03-30T18:14:37.000000,0,true,true,true,true,0,LABELED,0,,,0,0,LABELED,0,,,true,true,true
3474,2025-02-19T00:00:00.000000,15785,2025-02-23T16:02:14.000000,accepted,23.8,5,2025-09-24T16:23:00.000000,0,true,true,true,true,0,LABELED,1,15788,2025-03-01T00:40:36.000Z,0,2,LABELED,1,15788,2025-02-28T08:04:36.000000,true,true,true
3475,2025-02-06T00:00:00.000000,15789,2025-02-08T13:01:47.000000,rejected,7.7,8,2026-02-25T15:05:00.000000,0,true,true,true,true,0,LABELED,1,15795,2025-02-12T02:25:55.000Z,0,1,LABELED,1,15795,2025-02-11T11:25:55.000000,true,true,true
3476,2025-06-30T00:00:00.000000,15797,2025-07-01T20:11:32.000000,no_response,20.2,1,2025-07-01T20:11:32.000000,0,true,true,true,true,0,LABELED,0,,,0,0,LABELED,0,,,true,true,true
3477,2025-12-16T00:00:00.000000,15798,2025-12-17T09:25:22.000000,accepted,1.5,5,2026-06-10T07:54:00.000000,0,true,true,true,true,0,LABELED,1,15799,2025-12-23T19:23:52.000Z,0,1,LABELED,1,15799,2025-12-23T07:47:52.000000,true,true,true
3478,2026-03-09T00:00:00.000000,15803,2026-03-10T12:56:07.000000,rejected,0.8,4,2026-03-19T09:21:52.000000,0,true,true,true,true,0,LABELED,0,,,0,0,LABELED,0,,,true,true,true
3479,2026-06-30T00:00:00.000000,15807,2026-07-04T15:16:45.000000,accepted,21.4,6,2026-07-13T09:20:56.000000,0,true,false,false,false,,CENSORED,,,,0,0,CENSORED,,,,false,false,false
3480,2026-04-03T00:00:00.000000,15816,2026-04-05T11:12:51.000000,rejected,6.8,5,2026-06-16T10:10:00.000000,0,true,true,true,true,0,LABELED,1,15817,2026-04-14T19:02:12.000Z,0,1,LABELED,1,15817,2026-04-14T15:32:12.000000,true,true,true
3481,2025-04-13T00:00:00.000000,15818,2025-04-18T13:00:19.000000,accepted,8.2,4,2025-12-19T09:23:00.000000,0,true,true,true,true,0,LABELED,0,,,0,1,LABELED,0,,,true,true,true
3482,2025-07-27T00:00:00.000000,15823,2025-07-29T18:44:39.000000,rejected,21.5,5,2026-06-30T16:08:00.000000,0,true,true,true,true,0,LABELED,0,,,0,0,LABELED,0,,,true,true,true
3483,2026-06-11T00:00:00.000000,15828,2026-06-11T13:46:09.000000,accepted,0.9,7,2026-06-23T14:15:05.000000,0,true,true,true,true,0,LABELED,1,15830,2026-06-18T12:53:23.000Z,0,1,CENSORED,,,,false,false,false
3484,2025-11-05T00:00:00.000000,15840,2025-11-07T18:48:02.000000,accepted,,8,2026-04-30T07:14:00.000000,0,true,true,true,true,0,LABELED,1,15835,2025-11-17T05:25:39.000Z,0,1,LABELED,1,15835,2025-11-16T15:43:39.000000,true,true,true
3485,2026-02-24T00:00:00.000000,15842,2026-02-27T10:55:29.000000,accepted,14.9,4,2026-03-05T19:55:09.000000,0,true,true,true,true,0,LABELED,0,,,0,0,LABELED,0,,,true,true,true
3486,2026-02-02T00:00:00.000000,15853,2026-02-04T14:01:04.000000,accepted,0.5,8,2026-03-26T12:40:00.000000,0,true,true,true,true,0,LABELED,1,15852,2026-03-02T14:46:00.000Z,0,1,LABELED,1,15852,2026-03-02T09:46:00.000000,true,true,true
3487,2025-06-26T00:00:00.000000,15855,2025-07-07T16:31:33.000000,accepted,27.3,2,2026-05-28T14:47:00.000000,0,true,true,true,true,0,LABELED,0,,,0,0,LABELED,0,,,true,true,true
3488,2025-09-05T00:00:00.000000,15857,2025-09-07T20:13:30.000000,no_response,,5,2026-06-08T17:35:00.000000,0,true,true,true,true,0,LABELED,0,,,0,0,LABELED,0,,,true,true,true
3489,2025-08-20T00:00:00.000000,15862,2025-10-16T14:47:00.000000,accepted,18.7,2,2026-03-15T11:29:00.000000,0,true,true,true,true,0,LABELED,0,,,0,0,LABELED,0,,,true,true,true
3490,2026-05-31T00:00:00.000000,15864,2026-06-06T15:29:38.000000,accepted,14.9,2,2026-06-06T17:08:02.000000,0,true,true,true,true,0,LABELED,0,,,0,0,CENSORED,,,,true,false,false
3491,2025-02-28T00:00:00.000000,15868,2025-02-28T16:08:48.000000,no_response,4.2,8,2026-06-17T14:57:00.000000,0,true,true,true,true,0,LABELED,1,15869,2025-03-11T08:34:30.000Z,0,1,LABELED,1,15869,2025-03-10T18:58:30.000000,true,true,true
3492,2025-03-25T00:00:00.000000,15873,2025-07-26T18:10:00.000000,scheduled_visit,18.1,6,2025-12-31T10:06:00.000000,1,true,true,true,true,1,LABELED,1,15873,2025-07-27T12:16:00.000Z,0,2,LABELED,1,15873,2025-07-26T18:10:00.000000,true,true,true
3493,2026-01-08T00:00:00.000000,15879,2026-02-06T18:13:00.000000,no_response,1,1,2026-02-06T18:13:00.000000,0,true,true,true,true,0,LABELED,0,,,0,0,LABELED,0,,,true,true,true
3494,2025-12-01T00:00:00.000000,15881,2025-12-02T09:29:06.000000,scheduled_visit,6.8,2,2025-12-04T13:00:15.000000,1,true,true,true,true,1,LABELED,1,15881,2025-12-02T16:17:06.000Z,0,1,LABELED,1,15881,2025-12-02T09:29:06.000000,true,true,true
3495,2025-11-03T00:00:00.000000,15882,2025-11-09T20:11:22.000000,rejected,58.6,1,2025-11-09T20:11:22.000000,0,true,true,true,true,0,LABELED,0,,,0,0,LABELED,0,,,true,true,true
3496,2025-10-10T00:00:00.000000,15883,2025-10-14T17:26:07.000000,accepted,4.5,5,2026-01-16T13:39:00.000000,0,true,true,true,true,0,AMBIGUOUS,,,,1,1,LABELED,1,15886,2025-10-23T13:58:47.000000,true,true,true
3497,2025-04-09T00:00:00.000000,15889,2025-04-11T09:39:00.000000,scheduled_visit,4.3,3,2026-05-22T12:17:00.000000,1,true,true,true,true,1,LABELED,1,15889,2025-04-11T13:57:00.000Z,0,1,LABELED,1,15889,2025-04-11T09:39:00.000000,true,true,true
3498,2025-05-09T00:00:00.000000,15892,2025-05-16T12:52:13.000000,rejected,4.4,3,2026-02-25T13:55:00.000000,0,true,true,true,true,0,LABELED,0,,,0,0,LABELED,0,,,true,true,true
3499,2025-10-15T00:00:00.000000,15894,2025-10-23T13:34:29.000000,no_response,7.7,1,2025-10-23T13:34:29.000000,0,true,true,true,true,0,LABELED,0,,,0,0,LABELED,0,,,true,true,true
3500,2025-02-04T00:00:00.000000,15901,2025-02-05T10:04:59.000000,accepted,6.1,7,2026-03-05T09:36:00.000000,0,true,true,true,true,0,LABELED,1,15898,2025-02-13T09:24:51.000Z,0,3,LABELED,1,15898,2025-02-13T07:48:51.000000,true,true,true
3501,2026-06-07T00:00:00.000000,15905,2026-06-10T13:10:33.000000,accepted,41.3,8,2026-06-20T19:35:41.000000,0,true,true,true,true,0,LABELED,1,15906,2026-06-18T12:56:58.000Z,4,1,CENSORED,,,,false,false,false
3502,2026-06-15T00:00:00.000000,15910,2026-06-15T07:24:26.000000,accepted,2.2,1,2026-06-15T07:24:26.000000,0,true,true,false,true,0,CENSORED,,,,0,0,CENSORED,,,,false,false,false
3503,2026-06-13T00:00:00.000000,15911,2026-06-13T12:01:16.000000,scheduled_visit,2.7,2,2026-06-25T12:35:58.000000,1,true,true,true,true,1,LABELED,1,15911,2026-06-13T14:43:16.000Z,0,1,CENSORED,,,,false,false,false
3504,2026-01-08T00:00:00.000000,15913,2026-01-20T13:51:40.000000,accepted,34.3,1,2026-01-20T13:51:40.000000,0,true,true,true,true,0,LABELED,0,,,0,0,LABELED,0,,,true,true,true
3505,2026-03-10T00:00:00.000000,15916,2026-03-10T08:18:09.000000,accepted,,8,2026-03-23T19:50:12.000000,0,true,true,true,true,0,LABELED,1,15915,2026-03-11T06:54:32.000Z,0,2,LABELED,1,15915,2026-03-10T20:12:32.000000,true,true,true
3506,2025-05-08T00:00:00.000000,15924,2025-05-08T13:46:35.000000,no_response,8.9,6,2026-05-01T20:15:00.000000,0,true,true,true,true,0,LABELED,0,,,0,0,LABELED,0,,,true,true,true
3507,2025-03-19T00:00:00.000000,15928,2025-04-01T16:16:24.000000,accepted,0.5,1,2025-04-01T16:16:24.000000,0,true,true,true,true,0,LABELED,0,,,0,0,LABELED,0,,,true,true,true
3508,2025-12-30T00:00:00.000000,15929,2025-12-31T16:03:32.000000,no_response,4.1,5,2026-04-22T18:03:00.000000,0,true,true,true,true,0,LABELED,0,,,0,0,LABELED,0,,,true,true,true
3509,2025-07-18T00:00:00.000000,15936,2025-07-18T09:16:07.000000,accepted,3.9,7,2026-03-27T19:19:00.000000,0,true,true,true,true,0,LABELED,0,,,0,1,LABELED,0,,,true,true,true
3510,2026-05-15T00:00:00.000000,15943,2026-05-16T16:33:19.000000,accepted,2,6,2026-05-27T16:41:42.000000,0,true,true,true,true,0,LABELED,0,,,0,0,LABELED,0,,,true,true,false
3511,2025-11-28T00:00:00.000000,15947,2025-11-29T10:14:08.000000,scheduled_visit,29,3,2025-12-07T18:23:43.000000,1,true,true,true,true,1,LABELED,1,15947,2025-11-30T15:14:08.000Z,0,1,LABELED,1,15947,2025-11-29T10:14:08.000000,true,true,true
3512,2025-05-12T00:00:00.000000,15950,2026-02-25T20:03:00.000000,scheduled_visit,13.1,2,2026-05-22T18:03:00.000000,1,true,true,true,true,1,LABELED,1,15950,2026-02-26T09:09:00.000Z,0,1,LABELED,1,15950,2026-02-25T20:03:00.000000,true,true,true
3513,2025-04-07T00:00:00.000000,15955,2025-04-09T17:14:09.000000,no_response,62.7,4,2026-01-23T07:05:00.000000,0,true,true,true,true,0,AMBIGUOUS,,,,1,0,LABELED,1,15953,2025-04-12T08:04:08.000000,true,true,true
3514,2025-05-02T00:00:00.000000,15962,2025-05-05T14:57:28.000000,scheduled_visit,14.8,7,2026-05-01T09:39:00.000000,1,true,true,true,true,1,LABELED,1,15962,2025-05-06T05:45:28.000Z,0,1,LABELED,1,15962,2025-05-05T14:57:28.000000,true,true,true
3515,2026-04-23T00:00:00.000000,15968,2026-04-24T09:29:01.000000,scheduled_visit,2,7,2026-05-06T19:21:45.000000,1,true,true,true,true,1,LABELED,1,15968,2026-04-24T11:29:01.000Z,0,3,LABELED,1,15968,2026-04-24T09:29:01.000000,true,true,true
3516,2026-04-16T00:00:00.000000,15973,2026-04-16T09:12:22.000000,accepted,5.3,4,2026-04-26T20:23:36.000000,0,true,true,true,true,0,LABELED,1,15971,2026-04-26T10:58:40.000Z,0,1,LABELED,1,15971,2026-04-25T19:34:40.000000,true,true,true
3517,2026-01-12T00:00:00.000000,15977,2026-01-17T18:34:12.000000,accepted,10.9,5,2026-03-23T16:41:00.000000,0,true,true,true,true,0,LABELED,0,,,0,0,LABELED,0,,,true,true,true
3518,2025-12-08T00:00:00.000000,15979,2025-12-21T11:40:20.000000,accepted,4.2,1,2025-12-21T11:40:20.000000,0,true,true,true,true,0,LABELED,0,,,0,0,LABELED,0,,,true,true,true
3519,2025-05-30T00:00:00.000000,15982,2025-06-03T08:09:33.000000,accepted,11.6,7,2025-10-17T10:09:00.000000,0,true,true,true,true,0,LABELED,1,15981,2025-06-05T18:07:31.000Z,0,2,LABELED,1,15981,2025-06-05T16:01:31.000000,true,true,true
3520,2025-05-19T00:00:00.000000,15988,2025-05-24T10:26:05.000000,no_response,,3,2025-05-27T07:38:48.000000,0,true,true,true,true,0,LABELED,0,,,0,0,LABELED,0,,,true,true,true
3521,2026-04-24T00:00:00.000000,15995,2026-04-24T12:27:09.000000,scheduled_visit,1.3,7,2026-06-29T15:55:00.000000,1,true,true,true,true,1,LABELED,1,15995,2026-04-24T13:45:09.000Z,1,2,LABELED,1,15995,2026-04-24T12:27:09.000000,true,true,true
3522,2025-09-24T00:00:00.000000,15998,2025-09-27T11:57:56.000000,rejected,3.8,2,2026-02-27T20:34:00.000000,0,true,true,true,true,0,LABELED,0,,,0,0,LABELED,0,,,true,true,true
3523,2026-01-12T00:00:00.000000,15999,2026-01-13T19:03:22.000000,accepted,5,4,2026-01-24T09:20:35.000000,0,true,true,true,true,0,LABELED,1,16000,2026-01-18T17:18:46.000Z,0,1,LABELED,1,16000,2026-01-18T15:24:46.000000,true,true,true
3524,2026-06-11T00:00:00.000000,16003,2026-06-11T12:32:58.000000,no_response,,6,2026-06-21T20:30:04.000000,0,true,true,true,true,0,LABELED,0,,,0,0,CENSORED,,,,false,false,false
3525,2026-03-25T00:00:00.000000,16011,2026-03-27T10:47:54.000000,accepted,36.4,5,2026-04-04T10:56:39.000000,0,true,true,true,true,0,LABELED,1,16010,2026-03-28T15:23:02.000Z,0,2,LABELED,1,16010,2026-03-28T11:17:02.000000,true,true,true
3526,2025-12-29T00:00:00.000000,16018,2025-12-29T12:19:42.000000,scheduled_visit,4.1,6,2026-01-11T16:13:11.000000,1,true,true,true,true,1,LABELED,1,16018,2025-12-29T16:25:42.000Z,0,2,LABELED,1,16018,2025-12-29T12:19:42.000000,true,true,true
3527,2025-12-17T00:00:00.000000,16021,2025-12-17T16:28:55.000000,accepted,20.1,5,2026-04-09T16:09:00.000000,0,true,true,true,true,0,LABELED,0,,,0,0,LABELED,0,,,true,true,true
3528,2026-02-10T00:00:00.000000,16027,2026-02-10T08:27:59.000000,scheduled_visit,10.1,6,2026-02-20T17:17:58.000000,1,true,true,true,true,1,LABELED,1,16027,2026-02-10T18:33:59.000Z,0,2,LABELED,1,16027,2026-02-10T08:27:59.000000,true,true,true
3529,2026-06-09T00:00:00.000000,16034,2026-06-14T14:58:42.000000,accepted,1.3,7,2026-06-22T18:47:28.000000,0,true,true,false,true,0,CENSORED,,,,0,0,CENSORED,,,,false,false,false
3530,2025-12-31T00:00:00.000000,16040,2026-01-02T10:15:20.000000,accepted,24,6,2026-05-11T07:07:00.000000,0,true,true,true,true,0,AMBIGUOUS,,,,1,0,LABELED,1,16041,2026-01-07T07:10:12.000000,true,true,true
3531,2026-04-15T00:00:00.000000,16044,2026-04-21T16:14:26.000000,no_response,8.1,1,2026-04-21T16:14:26.000000,0,true,true,true,true,0,LABELED,0,,,0,0,LABELED,0,,,true,true,true
3532,2026-06-01T00:00:00.000000,16045,2026-06-02T18:00:40.000000,accepted,,6,2026-06-14T12:41:21.000000,0,true,true,true,true,0,LABELED,1,16050,2026-06-03T20:03:58.000Z,0,1,CENSORED,,,,true,false,false
3533,2026-06-01T00:00:00.000000,16051,2026-06-12T12:26:52.000000,no_response,,1,2026-06-12T12:26:52.000000,0,true,true,true,true,0,LABELED,0,,,0,0,CENSORED,,,,false,false,false
3534,2026-01-13T00:00:00.000000,16053,2026-01-16T14:30:55.000000,no_response,,3,2026-01-25T13:18:41.000000,0,true,true,true,true,0,LABELED,0,,,0,0,LABELED,0,,,true,true,true
3535,2026-05-22T00:00:00.000000,16059,2026-05-22T11:49:36.000000,scheduled_visit,47.6,6,2026-06-03T16:02:32.000000,1,true,true,true,true,1,LABELED,1,16059,2026-05-24T11:25:36.000Z,0,2,LABELED,1,16059,2026-05-22T11:49:36.000000,true,true,false
3536,2025-09-26T00:00:00.000000,16063,2025-09-26T15:24:47.000000,scheduled_visit,12.3,6,2026-06-26T16:58:00.000000,1,true,true,true,true,1,LABELED,1,16063,2025-09-27T03:42:47.000Z,0,2,LABELED,1,16063,2025-09-26T15:24:47.000000,true,true,true
3537,2025-12-05T00:00:00.000000,16073,2025-12-07T11:50:36.000000,accepted,1.6,7,2026-06-29T08:40:00.000000,0,true,true,true,true,0,LABELED,0,,,0,1,LABELED,0,,,true,true,true
3538,2026-01-27T00:00:00.000000,16076,2026-01-28T08:17:43.000000,accepted,4.9,4,2026-02-08T20:56:51.000000,0,true,true,true,true,0,LABELED,1,16077,2026-02-02T05:42:43.000Z,0,1,LABELED,1,16077,2026-02-01T10:12:43.000000,true,true,true
3539,2026-04-10T00:00:00.000000,16078,2026-04-12T16:07:28.000000,accepted,0.8,3,2026-04-22T20:07:22.000000,0,true,true,true,true,0,LABELED,1,16079,2026-04-19T01:16:41.000Z,0,1,LABELED,1,16079,2026-04-18T20:28:41.000000,true,true,true
3540,2025-04-04T00:00:00.000000,16081,2026-02-26T10:55:00.000000,accepted,27,2,2026-06-19T14:47:00.000000,0,true,true,true,true,0,LABELED,0,,,0,0,LABELED,0,,,true,true,true
3541,2025-07-21T00:00:00.000000,16083,2025-07-23T19:40:27.000000,accepted,,5,2025-08-03T18:21:08.000000,0,true,true,true,true,0,LABELED,0,,,0,0,LABELED,0,,,true,true,true
3542,2026-03-10T00:00:00.000000,16088,2026-03-13T07:50:07.000000,accepted,53.8,6,2026-06-30T11:15:00.000000,0,true,true,true,true,0,LABELED,1,16091,2026-03-18T08:33:26.000Z,0,1,LABELED,1,16091,2026-03-18T07:39:26.000000,true,true,true
3543,2025-02-24T00:00:00.000000,16094,2025-02-25T19:00:22.000000,accepted,18.8,6,2026-03-10T10:55:00.000000,0,true,true,true,true,0,LABELED,0,,,0,1,LABELED,0,,,true,true,true
3544,2025-08-21T00:00:00.000000,16100,2025-08-26T20:36:08.000000,rejected,1.3,5,2026-06-28T08:32:00.000000,0,true,true,true,true,0,LABELED,0,,,0,0,LABELED,0,,,true,true,true
3545,2025-09-23T00:00:00.000000,16105,2025-09-23T08:52:06.000000,no_response,1.2,6,2025-10-06T14:40:14.000000,0,true,true,true,true,0,LABELED,1,16110,2025-09-26T02:46:30.000Z,0,2,LABELED,1,16110,2025-09-24T08:58:30.000000,true,true,true
3546,2025-08-11T00:00:00.000000,16113,2025-08-14T17:04:50.000000,accepted,1.6,7,2026-06-14T14:36:00.000000,0,true,true,true,true,0,LABELED,0,,,0,0,LABELED,0,,,true,true,true
3547,2025-03-11T00:00:00.000000,16118,2025-03-15T10:59:44.000000,scheduled_visit,12.7,6,2026-03-08T12:44:00.000000,1,true,true,true,true,1,LABELED,1,16118,2025-03-15T23:41:44.000Z,0,2,LABELED,1,16118,2025-03-15T10:59:44.000000,true,true,true
3548,2025-12-08T00:00:00.000000,16128,2025-12-12T14:36:19.000000,accepted,17.9,5,2026-03-08T14:38:00.000000,0,true,true,true,true,0,LABELED,1,16125,2025-12-20T00:42:43.000Z,0,1,LABELED,1,16125,2025-12-19T15:36:43.000000,true,true,true
3549,2025-04-23T00:00:00.000000,16129,2025-11-29T18:31:00.000000,no_response,6,1,2025-11-29T18:31:00.000000,0,true,true,true,true,0,LABELED,0,,,0,0,LABELED,0,,,true,true,true
3550,2025-03-04T00:00:00.000000,16131,2025-11-29T18:00:00.000000,rejected,37.1,2,2026-04-25T08:34:00.000000,0,true,true,true,true,0,LABELED,0,,,0,1,LABELED,0,,,true,true,true
3551,2025-11-17T00:00:00.000000,16133,2025-11-20T12:28:24.000000,scheduled_visit,1.1,2,2025-11-21T14:36:00.000000,1,true,true,true,true,1,LABELED,1,16133,2025-11-20T13:34:24.000Z,0,1,LABELED,1,16133,2025-11-20T12:28:24.000000,true,true,true
3552,2025-02-03T00:00:00.000000,16134,2025-03-07T12:42:00.000000,rejected,15,1,2025-03-07T12:42:00.000000,0,true,true,true,true,0,LABELED,0,,,0,0,LABELED,0,,,true,true,true
3553,2025-05-20T00:00:00.000000,16137,2025-05-27T07:15:18.000000,accepted,1.8,6,2026-04-29T07:32:00.000000,0,true,true,true,true,0,LABELED,0,,,0,2,LABELED,0,,,true,true,true
3554,2026-04-14T00:00:00.000000,16141,2026-04-14T16:20:24.000000,accepted,,1,2026-04-14T16:20:24.000000,0,true,true,true,true,0,LABELED,0,,,0,0,LABELED,0,,,true,true,true
3555,2025-01-09T00:00:00.000000,16143,2025-01-16T07:14:16.000000,accepted,5.3,2,2025-01-21T19:32:21.000000,0,true,true,true,true,0,LABELED,0,,,0,0,LABELED,0,,,true,true,true
3556,2025-01-28T00:00:00.000000,16150,2025-01-28T09:58:59.000000,scheduled_visit,0.9,8,2026-02-24T20:22:00.000000,1,true,true,true,true,1,LABELED,1,16150,2025-01-28T10:52:59.000Z,0,2,LABELED,1,16150,2025-01-28T09:58:59.000000,true,true,true
3557,2025-06-10T00:00:00.000000,16152,2025-06-18T10:24:44.000000,accepted,16.5,1,2025-06-18T10:24:44.000000,0,true,true,true,true,0,LABELED,0,,,0,0,LABELED,0,,,true,true,true
3558,2025-05-05T00:00:00.000000,16156,2025-05-07T09:01:41.000000,no_response,2.4,5,2026-04-03T09:08:00.000000,0,true,true,true,true,0,LABELED,0,,,0,1,LABELED,0,,,true,true,true
3559,2025-11-03T00:00:00.000000,16158,2025-11-05T14:52:11.000000,accepted,6.2,6,2026-06-14T20:09:00.000000,0,true,true,true,true,0,LABELED,0,,,0,0,LABELED,0,,,true,true,true
3560,2025-04-30T00:00:00.000000,16165,2025-05-05T18:59:17.000000,scheduled_visit,17.4,3,2025-07-23T12:47:00.000000,1,true,true,true,true,1,LABELED,1,16165,2025-05-06T12:23:17.000Z,0,3,LABELED,1,16165,2025-05-05T18:59:17.000000,true,true,true
3561,2025-09-25T00:00:00.000000,16168,2025-10-04T16:00:31.000000,no_response,1.3,2,2026-01-18T19:34:00.000000,0,true,true,true,true,0,LABELED,0,,,0,0,LABELED,0,,,true,true,true
3562,2025-02-13T00:00:00.000000,16169,2025-06-17T07:13:00.000000,rejected,21.6,2,2026-04-30T19:43:00.000000,0,true,true,true,true,0,LABELED,0,,,0,0,LABELED,0,,,true,true,true
3563,2025-06-20T00:00:00.000000,16176,2025-06-25T18:03:43.000000,scheduled_visit,,7,2026-04-13T10:00:00.000000,1,true,true,true,true,1,LABELED,1,16174,2025-06-28T14:22:11.000Z,1,2,LABELED,1,16176,2025-06-25T18:03:43.000000,true,true,true
3564,2025-05-28T00:00:00.000000,16178,2025-06-10T07:18:35.000000,scheduled_visit,1.3,4,2025-11-20T07:45:00.000000,1,true,true,true,true,1,LABELED,1,16178,2025-06-10T08:36:35.000Z,0,1,LABELED,1,16178,2025-06-10T07:18:35.000000,true,true,true
3565,2026-01-27T00:00:00.000000,16182,2026-01-31T20:51:59.000000,accepted,10.7,1,2026-01-31T20:51:59.000000,0,true,true,true,true,0,LABELED,0,,,0,0,LABELED,0,,,true,true,true
3566,2025-03-23T00:00:00.000000,16183,2025-11-07T09:33:00.000000,no_response,3.3,1,2025-11-07T09:33:00.000000,0,true,true,true,true,0,LABELED,0,,,0,0,LABELED,0,,,true,true,true
3567,2025-05-21T00:00:00.000000,16184,2025-12-24T07:14:00.000000,accepted,8.6,1,2025-12-24T07:14:00.000000,0,true,true,true,true,0,LABELED,0,,,0,0,LABELED,0,,,true,true,true
3568,2026-02-19T00:00:00.000000,16188,2026-02-19T20:39:26.000000,scheduled_visit,1.6,8,2026-03-02T20:08:47.000000,1,true,true,true,true,1,LABELED,1,16188,2026-02-19T22:15:26.000Z,1,1,LABELED,1,16188,2026-02-19T20:39:26.000000,true,true,true
3569,2026-01-27T00:00:00.000000,16195,2026-01-29T08:11:48.000000,accepted,,4,2026-02-06T17:42:10.000000,0,true,true,true,true,0,LABELED,0,,,0,0,LABELED,0,,,true,true,true
3570,2025-07-07T00:00:00.000000,16200,2025-08-03T12:09:00.000000,rejected,34,6,2026-06-16T11:12:00.000000,0,true,true,true,true,0,LABELED,0,,,0,1,LABELED,0,,,true,true,true
3571,2025-04-22T00:00:00.000000,16204,2025-06-14T07:17:00.000000,no_response,3.3,3,2026-01-19T07:45:00.000000,0,true,true,true,true,0,LABELED,0,,,0,0,LABELED,0,,,true,true,true
3572,2026-05-15T00:00:00.000000,16206,2026-05-17T08:40:02.000000,rejected,,6,2026-05-23T20:13:32.000000,0,true,true,true,true,0,LABELED,1,16211,2026-05-20T06:51:07.000Z,0,2,LABELED,1,16211,2026-05-18T07:39:07.000000,true,true,false
3573,2025-02-10T00:00:00.000000,16213,2025-06-21T09:46:00.000000,accepted,,2,2026-04-04T10:39:00.000000,0,true,true,true,true,0,LABELED,0,,,0,1,LABELED,0,,,true,true,true
3574,2026-04-20T00:00:00.000000,16214,2026-04-21T19:50:29.000000,accepted,44.9,1,2026-04-21T19:50:29.000000,0,true,true,true,true,0,LABELED,0,,,0,0,LABELED,0,,,true,true,true
3575,2025-07-17T00:00:00.000000,16215,2026-06-16T15:41:00.000000,no_response,,1,2026-06-16T15:41:00.000000,0,true,true,false,true,0,CENSORED,,,,0,0,CENSORED,,,,false,false,false
3576,2025-06-11T00:00:00.000000,16216,2025-06-16T13:42:07.000000,accepted,11.8,4,2026-05-14T14:55:00.000000,0,true,true,true,true,0,LABELED,0,,,0,0,LABELED,0,,,true,true,true
3577,2026-04-15T00:00:00.000000,16222,2026-04-15T10:55:06.000000,scheduled_visit,23.6,7,2026-04-28T15:50:30.000000,1,true,true,true,true,1,LABELED,1,16222,2026-04-16T10:31:06.000Z,0,2,LABELED,1,16222,2026-04-15T10:55:06.000000,true,true,true
3578,2026-05-08T00:00:00.000000,16228,2026-05-08T15:50:44.000000,accepted,6.2,8,2026-05-19T18:14:33.000000,0,true,true,true,true,0,LABELED,1,16229,2026-05-19T13:54:17.000Z,2,1,LABELED,1,16227,2026-05-11T09:07:20.000000,true,true,true
3579,2026-02-08T00:00:00.000000,16235,2026-02-09T09:00:13.000000,scheduled_visit,5.2,6,2026-02-18T08:40:30.000000,1,true,true,true,true,1,LABELED,1,16235,2026-02-09T14:12:13.000Z,1,1,LABELED,1,16235,2026-02-09T09:00:13.000000,true,true,true
3580,2025-02-02T00:00:00.000000,16243,2025-02-05T16:47:07.000000,rejected,7.6,7,2026-06-13T18:01:00.000000,0,true,true,true,true,0,LABELED,1,16244,2025-02-09T14:56:49.000Z,0,1,LABELED,1,16244,2025-02-08T12:32:49.000000,true,true,true
3581,2026-01-20T00:00:00.000000,16251,2026-01-23T09:30:50.000000,rejected,5.9,6,2026-04-02T16:31:00.000000,0,true,true,true,true,0,AMBIGUOUS,,,,1,0,LABELED,1,16252,2026-01-25T20:45:18.000000,true,true,true
3582,2026-04-11T00:00:00.000000,16254,2026-04-24T14:39:32.000000,scheduled_visit,10,1,2026-04-24T14:39:32.000000,1,true,true,true,true,1,LABELED,1,16254,2026-04-25T00:39:32.000Z,0,1,LABELED,1,16254,2026-04-24T14:39:32.000000,true,true,true
3583,2025-02-12T00:00:00.000000,16258,2025-02-14T12:26:15.000000,scheduled_visit,11,4,2026-01-17T13:58:00.000000,1,true,true,true,true,1,LABELED,1,16258,2025-02-14T23:26:15.000Z,0,2,LABELED,1,16258,2025-02-14T12:26:15.000000,true,true,true
3584,2026-05-16T00:00:00.000000,16259,2026-05-21T16:52:18.000000,accepted,43,3,2026-05-26T07:43:51.000000,0,true,true,true,true,0,LABELED,0,,,0,0,LABELED,0,,,true,true,false
3585,2025-04-08T00:00:00.000000,16263,2025-04-19T19:34:31.000000,accepted,5.1,3,2025-08-23T07:57:00.000000,0,true,true,true,true,0,LABELED,0,,,0,0,LABELED,0,,,true,true,true
3586,2025-10-16T00:00:00.000000,16265,2026-05-11T08:44:00.000000,rejected,9.8,1,2026-05-11T08:44:00.000000,0,true,true,true,true,0,LABELED,0,,,0,0,LABELED,0,,,true,true,true
3587,2025-12-25T00:00:00.000000,16267,2025-12-26T16:57:05.000000,accepted,7.9,4,2026-05-08T18:30:00.000000,0,true,true,true,true,0,LABELED,0,,,0,0,LABELED,0,,,true,true,true
3588,2025-06-28T00:00:00.000000,16272,2025-07-03T11:00:34.000000,accepted,0.5,7,2026-06-07T11:59:00.000000,0,true,true,true,true,0,LABELED,1,16273,2025-07-06T09:47:35.000Z,0,3,LABELED,1,16273,2025-07-06T08:29:35.000000,true,true,true
3589,2026-01-09T00:00:00.000000,16278,2026-01-10T12:59:04.000000,accepted,17.4,2,2026-01-10T20:59:15.000000,0,true,true,true,true,0,LABELED,0,,,0,0,LABELED,0,,,true,true,true
3590,2025-07-16T00:00:00.000000,16283,2025-07-19T07:24:00.000000,rejected,51.1,7,2026-02-28T17:52:00.000000,0,true,true,true,true,0,AMBIGUOUS,,,,1,0,LABELED,1,16284,2025-07-22T15:14:16.000000,true,true,true
3591,2025-08-13T00:00:00.000000,16289,2025-08-19T20:45:33.000000,accepted,3.9,4,2026-02-23T08:04:00.000000,0,true,true,true,true,0,LABELED,0,,,0,0,LABELED,0,,,true,true,true
3592,2025-02-01T00:00:00.000000,16291,2025-02-03T07:57:04.000000,scheduled_visit,2,5,2026-04-09T12:18:00.000000,1,true,true,true,true,1,LABELED,1,16291,2025-02-03T09:57:04.000Z,0,2,LABELED,1,16291,2025-02-03T07:57:04.000000,true,true,true
3593,2026-05-16T00:00:00.000000,16295,2026-05-24T20:31:06.000000,accepted,0.7,1,2026-05-24T20:31:06.000000,0,true,true,true,true,0,LABELED,0,,,0,0,LABELED,0,,,true,true,false
3594,2025-05-16T00:00:00.000000,16297,2025-05-20T12:50:49.000000,accepted,,2,2026-05-20T09:31:00.000000,0,true,true,true,true,0,LABELED,0,,,0,0,LABELED,0,,,true,true,true
3595,2026-06-15T00:00:00.000000,16301,2026-06-16T10:45:32.000000,accepted,12.6,8,2026-06-28T15:33:12.000000,0,true,true,false,true,0,CENSORED,,,,0,0,CENSORED,,,,false,false,false
3596,2025-06-01T00:00:00.000000,16309,2025-06-08T11:18:36.000000,no_response,1.8,5,2026-03-14T18:18:00.000000,0,true,true,true,true,0,LABELED,1,16307,2025-06-12T21:45:03.000Z,0,3,LABELED,1,16307,2025-06-12T16:15:03.000000,true,true,true
3597,2025-03-25T00:00:00.000000,16312,2025-07-30T17:33:00.000000,rejected,18.5,2,2026-01-17T20:01:00.000000,0,true,true,true,true,0,LABELED,0,,,0,0,LABELED,0,,,true,true,true
3598,2025-08-05T00:00:00.000000,16315,2025-08-05T10:18:37.000000,accepted,6,7,2026-06-09T08:57:00.000000,0,true,true,true,true,0,LABELED,0,,,0,0,LABELED,0,,,true,true,true
3599,2025-05-02T00:00:00.000000,16321,2025-05-07T20:02:07.000000,no_response,10.5,2,2025-10-06T07:28:00.000000,0,true,true,true,true,0,LABELED,0,,,0,1,LABELED,0,,,true,true,true
3600,2026-02-17T00:00:00.000000,16322,2026-02-21T15:19:49.000000,accepted,6.9,3,2026-03-01T07:19:30.000000,0,true,true,true,true,0,LABELED,0,,,0,0,LABELED,0,,,true,true,true
3601,2026-06-17T00:00:00.000000,16327,2026-06-18T18:35:23.000000,no_response,10.2,3,2026-06-25T18:14:20.000000,0,true,true,false,true,0,CENSORED,,,,0,0,CENSORED,,,,false,false,false
3602,2025-12-09T00:00:00.000000,16330,2025-12-13T07:45:03.000000,rejected,10.3,5,2026-05-04T16:35:00.000000,0,true,true,true,true,0,LABELED,0,,,0,1,LABELED,0,,,true,true,true
3603,2026-03-15T00:00:00.000000,16336,2026-03-18T07:23:24.000000,scheduled_visit,4.6,7,2026-05-31T09:41:00.000000,1,true,true,true,true,1,LABELED,1,16336,2026-03-18T11:59:24.000Z,0,2,LABELED,1,16336,2026-03-18T07:23:24.000000,true,true,true
3604,2026-04-15T00:00:00.000000,16343,2026-04-15T15:24:17.000000,scheduled_visit,2.2,5,2026-04-28T20:39:40.000000,1,true,true,true,true,1,LABELED,1,16343,2026-04-15T17:36:17.000Z,1,1,LABELED,1,16343,2026-04-15T15:24:17.000000,true,true,true
3605,2025-05-08T00:00:00.000000,16349,2025-05-08T08:03:09.000000,accepted,1.4,5,2026-02-04T10:39:00.000000,0,true,true,true,true,0,LABELED,0,,,0,0,LABELED,0,,,true,true,true
3606,2026-06-11T00:00:00.000000,16350,2026-06-13T08:01:03.000000,rejected,,2,2026-06-14T19:53:30.000000,0,true,true,true,true,0,LABELED,0,,,0,0,CENSORED,,,,false,false,false
3607,2026-05-06T00:00:00.000000,16358,2026-05-07T18:07:29.000000,scheduled_visit,3.3,8,2026-06-05T13:30:00.000000,1,true,true,true,true,1,LABELED,1,16358,2026-05-07T21:25:29.000Z,0,3,LABELED,1,16358,2026-05-07T18:07:29.000000,true,true,true
3608,2026-05-30T00:00:00.000000,16362,2026-06-02T17:49:50.000000,scheduled_visit,5.3,4,2026-06-12T10:50:16.000000,1,true,true,true,true,1,LABELED,1,16362,2026-06-02T23:07:50.000Z,0,1,CENSORED,,,,true,false,false
3609,2025-12-15T00:00:00.000000,16366,2025-12-16T10:22:17.000000,scheduled_visit,,5,2026-02-28T12:40:00.000000,1,true,true,true,true,1,AMBIGUOUS,,,,1,0,LABELED,1,16366,2025-12-16T10:22:17.000000,true,true,true
3610,2026-05-08T00:00:00.000000,16369,2026-05-25T14:34:00.000000,scheduled_visit,9.5,1,2026-05-25T14:34:00.000000,1,true,true,true,true,1,LABELED,1,16369,2026-05-26T00:04:00.000Z,0,1,LABELED,1,16369,2026-05-25T14:34:00.000000,true,true,false
3611,2025-10-29T00:00:00.000000,16372,2025-10-29T07:18:56.000000,no_response,6.2,6,2026-03-15T17:30:00.000000,0,true,true,true,true,0,LABELED,1,16373,2025-11-12T11:23:33.000Z,0,1,LABELED,1,16373,2025-11-11T19:05:33.000000,true,true,true
3612,2026-02-05T00:00:00.000000,16380,2026-02-08T15:17:02.000000,scheduled_visit,,5,2026-02-17T08:04:28.000000,1,true,true,true,true,1,AMBIGUOUS,,,,1,0,LABELED,1,16380,2026-02-08T15:17:02.000000,true,true,true
3613,2026-02-11T00:00:00.000000,16381,2026-02-11T19:26:18.000000,accepted,1.1,2,2026-02-12T14:10:35.000000,0,true,true,true,true,0,LABELED,0,,,0,0,LABELED,0,,,true,true,true
3614,2026-05-02T00:00:00.000000,16385,2026-05-04T07:26:49.000000,no_response,2.6,3,2026-05-10T07:51:35.000000,0,true,true,true,true,0,LABELED,1,16384,2026-05-09T00:54:06.000Z,0,1,LABELED,1,16384,2026-05-08T18:42:06.000000,true,true,true
3615,2025-05-02T00:00:00.000000,16388,2025-05-03T19:20:42.000000,accepted,,8,2026-06-24T10:38:00.000000,0,true,true,true,true,0,LABELED,0,,,0,1,LABELED,0,,,true,true,true
3616,2025-01-21T00:00:00.000000,16394,2025-10-02T16:29:00.000000,scheduled_visit,14.4,3,2025-12-09T16:10:00.000000,1,true,true,true,true,1,LABELED,1,16394,2025-10-03T06:53:00.000Z,0,2,LABELED,1,16394,2025-10-02T16:29:00.000000,true,true,true
3617,2025-08-11T00:00:00.000000,16397,2025-08-20T08:34:44.000000,scheduled_visit,7,1,2025-08-20T08:34:44.000000,1,true,true,true,true,1,LABELED,1,16397,2025-08-20T15:34:44.000Z,0,1,LABELED,1,16397,2025-08-20T08:34:44.000000,true,true,true
3618,2026-03-23T00:00:00.000000,16400,2026-03-23T15:02:06.000000,scheduled_visit,,4,2026-03-31T15:59:12.000000,1,true,true,true,true,1,AMBIGUOUS,,,,1,0,LABELED,1,16400,2026-03-23T15:02:06.000000,true,true,true
3619,2025-08-21T00:00:00.000000,16405,2025-08-26T20:06:13.000000,accepted,7.3,5,2026-02-02T16:28:00.000000,0,true,true,true,true,0,LABELED,1,16404,2025-08-28T04:53:56.000Z,0,3,LABELED,1,16404,2025-08-27T10:23:56.000000,true,true,true
3620,2025-07-21T00:00:00.000000,16408,2025-07-21T13:35:02.000000,no_response,17.3,8,2026-04-20T14:24:00.000000,0,true,true,true,true,0,LABELED,1,16411,2025-08-01T04:10:36.000Z,0,2,LABELED,1,16411,2025-07-31T11:22:36.000000,true,true,true
3621,2025-08-05T00:00:00.000000,16415,2025-08-17T20:42:26.000000,scheduled_visit,8.1,1,2025-08-17T20:42:26.000000,1,true,true,true,true,1,LABELED,1,16415,2025-08-18T04:48:26.000Z,0,1,LABELED,1,16415,2025-08-17T20:42:26.000000,true,true,true
3622,2025-12-21T00:00:00.000000,16418,2025-12-21T17:30:19.000000,accepted,0.5,4,2026-04-23T19:27:00.000000,0,true,true,true,true,0,LABELED,0,,,0,0,LABELED,0,,,true,true,true
3623,2025-02-21T00:00:00.000000,16420,2025-04-22T20:20:00.000000,accepted,4.2,2,2025-08-21T19:36:00.000000,0,true,true,true,true,0,LABELED,0,,,0,0,LABELED,0,,,true,true,true
3624,2026-04-09T00:00:00.000000,16424,2026-04-12T20:06:27.000000,accepted,1.6,4,2026-04-22T09:17:02.000000,0,true,true,true,true,0,LABELED,0,,,0,0,LABELED,0,,,true,true,true
3625,2025-08-15T00:00:00.000000,16433,2025-08-16T12:36:50.000000,no_response,,8,2026-06-14T16:51:00.000000,0,true,true,true,true,0,LABELED,1,16432,2025-08-19T22:41:59.000Z,0,1,LABELED,1,16432,2025-08-19T15:41:59.000000,true,true,true
3626,2025-12-22T00:00:00.000000,16438,2025-12-25T15:28:03.000000,no_response,6.6,5,2026-01-04T09:31:20.000000,0,true,true,true,true,0,LABELED,1,16435,2025-12-30T16:53:34.000Z,0,1,LABELED,1,16435,2025-12-29T16:47:34.000000,true,true,true
3627,2025-03-24T00:00:00.000000,16443,2025-03-29T14:31:34.000000,rejected,,5,2025-12-08T13:41:00.000000,0,true,true,true,true,0,LABELED,0,,,0,1,LABELED,0,,,true,true,true
3628,2026-05-28T00:00:00.000000,16444,2026-05-31T15:31:51.000000,accepted,,4,2026-06-06T07:24:26.000000,0,true,true,true,true,0,LABELED,0,,,0,0,CENSORED,,,,true,false,false
3629,2025-12-08T00:00:00.000000,16451,2025-12-08T10:40:19.000000,no_response,4.1,4,2026-06-14T18:37:00.000000,0,true,true,true,true,0,LABELED,0,,,0,0,LABELED,0,,,true,true,true
3630,2025-04-11T00:00:00.000000,16452,2025-04-11T20:49:29.000000,accepted,0.6,3,2026-04-09T20:05:00.000000,0,true,true,true,true,0,LABELED,0,,,0,1,LABELED,0,,,true,true,true
3631,2026-05-10T00:00:00.000000,16461,2026-05-10T17:22:20.000000,no_response,12.1,8,2026-05-23T10:34:07.000000,0,true,true,true,true,0,LABELED,0,,,0,0,LABELED,0,,,true,true,true
3632,2025-11-05T00:00:00.000000,16468,2025-11-08T09:22:31.000000,no_response,5.3,8,2026-06-02T18:15:00.000000,0,true,true,true,true,0,LABELED,0,,,0,1,LABELED,0,,,true,true,true
3633,2026-02-10T00:00:00.000000,16471,2026-02-14T15:34:01.000000,accepted,4.4,1,2026-02-14T15:34:01.000000,0,true,true,true,true,0,LABELED,0,,,0,0,LABELED,0,,,true,true,true
3634,2026-03-02T00:00:00.000000,16472,2026-03-06T15:01:54.000000,scheduled_visit,5.8,3,2026-03-11T12:23:00.000000,1,true,true,true,true,1,LABELED,1,16472,2026-03-06T20:49:54.000Z,0,2,LABELED,1,16472,2026-03-06T15:01:54.000000,true,true,true
3635,2025-08-30T00:00:00.000000,16481,2025-09-05T16:02:49.000000,scheduled_visit,,8,2026-06-29T11:32:00.000000,1,true,true,true,true,1,AMBIGUOUS,,,,1,1,LABELED,1,16481,2025-09-05T16:02:49.000000,true,true,true
3636,2025-06-30T00:00:00.000000,16483,2025-06-30T19:19:02.000000,rejected,2.3,7,2026-02-02T17:12:00.000000,0,true,true,true,true,0,LABELED,0,,,0,0,LABELED,0,,,true,true,true
3637,2025-09-16T00:00:00.000000,16492,2025-09-26T18:15:44.000000,accepted,1.1,3,2026-04-11T10:14:00.000000,0,true,true,true,true,0,LABELED,0,,,0,0,LABELED,0,,,true,true,true
3638,2026-04-09T00:00:00.000000,16500,2026-04-11T12:52:05.000000,rejected,5,8,2026-04-22T09:25:51.000000,0,true,true,true,true,0,LABELED,1,16493,2026-04-22T00:25:44.000Z,1,1,LABELED,1,16499,2026-04-20T18:49:46.000000,true,true,true
3639,2025-11-28T00:00:00.000000,16501,2025-12-09T12:35:23.000000,no_response,14,2,2026-06-25T11:51:00.000000,0,true,true,true,true,0,LABELED,0,,,0,0,LABELED,0,,,true,true,true
3640,2025-01-28T00:00:00.000000,16508,2025-01-31T20:39:02.000000,no_response,26.7,8,2026-02-28T17:41:00.000000,0,true,true,true,true,0,AMBIGUOUS,,,,1,1,LABELED,1,16507,2025-02-06T12:55:20.000000,true,true,true
3641,2026-06-02T00:00:00.000000,16514,2026-06-02T15:28:24.000000,scheduled_visit,,4,2026-06-14T08:42:28.000000,1,true,true,true,true,1,LABELED,1,16511,2026-06-11T03:20:11.000Z,1,2,CENSORED,,,,true,false,false
3642,2025-08-26T00:00:00.000000,16515,2025-09-03T17:00:36.000000,accepted,46.6,1,2025-09-03T17:00:36.000000,0,true,true,true,true,0,LABELED,0,,,0,0,LABELED,0,,,true,true,true
3643,2026-06-05T00:00:00.000000,16519,2026-06-07T07:38:11.000000,rejected,19,4,2026-06-15T20:52:15.000000,0,true,true,true,true,0,LABELED,1,16517,2026-06-15T17:45:58.000Z,0,3,CENSORED,,,,false,false,false
3644,2025-01-26T00:00:00.000000,16524,2025-02-02T15:13:40.000000,scheduled_visit,10,5,2026-04-05T19:59:00.000000,1,true,true,true,true,1,LABELED,1,16524,2025-02-03T01:13:40.000Z,0,2,LABELED,1,16524,2025-02-02T15:13:40.000000,true,true,true
3645,2026-01-22T00:00:00.000000,16529,2026-01-26T07:57:24.000000,accepted,1.2,7,2026-02-01T11:42:14.000000,0,true,true,true,true,0,LABELED,1,16530,2026-01-29T20:47:32.000Z,0,1,LABELED,1,16530,2026-01-29T18:29:32.000000,true,true,true
3646,2025-01-16T00:00:00.000000,16532,2025-01-18T16:10:04.000000,accepted,,7,2026-02-09T13:27:00.000000,0,true,true,true,true,0,LABELED,1,16536,2025-01-27T15:49:47.000Z,0,1,LABELED,1,16536,2025-01-27T09:37:47.000000,true,true,true
3647,2025-08-28T00:00:00.000000,16543,2025-08-28T18:28:23.000000,accepted,39.1,7,2026-03-09T10:15:00.000000,0,true,true,true,true,0,LABELED,0,,,0,3,LABELED,0,,,true,true,true
3648,2026-02-25T00:00:00.000000,16550,2026-02-25T07:19:57.000000,rejected,10.3,8,2026-03-05T09:47:35.000000,0,true,true,true,true,0,LABELED,1,16546,2026-02-26T17:39:49.000Z,0,1,LABELED,1,16546,2026-02-26T12:21:49.000000,true,true,true
3649,2025-05-01T00:00:00.000000,16554,2026-04-12T10:32:00.000000,accepted,15.9,1,2026-04-12T10:32:00.000000,0,true,true,true,true,0,LABELED,0,,,0,0,LABELED,0,,,true,true,true
3650,2025-02-08T00:00:00.000000,16555,2025-03-08T09:32:00.000000,accepted,31.1,3,2025-11-14T07:49:00.000000,0,true,true,true,true,0,LABELED,0,,,0,0,LABELED,0,,,true,true,true
3651,2025-04-03T00:00:00.000000,16558,2025-05-11T08:57:00.000000,no_response,5,4,2026-05-12T07:38:00.000000,0,true,true,true,true,0,LABELED,0,,,0,2,LABELED,0,,,true,true,true
3652,2025-04-30T00:00:00.000000,16562,2025-10-14T19:16:00.000000,no_response,6.2,1,2025-10-14T19:16:00.000000,0,true,true,true,true,0,LABELED,0,,,0,0,LABELED,0,,,true,true,true
3653,2025-01-06T00:00:00.000000,16563,2025-01-15T11:26:11.000000,rejected,37.1,2,2026-06-13T11:51:00.000000,0,true,true,true,true,0,LABELED,0,,,0,0,LABELED,0,,,true,true,true
3654,2026-06-07T00:00:00.000000,16565,2026-06-12T07:03:47.000000,scheduled_visit,15.5,1,2026-06-12T07:03:47.000000,1,true,true,true,true,1,LABELED,1,16565,2026-06-12T22:33:47.000Z,0,1,CENSORED,,,,false,false,false
3655,2025-07-18T00:00:00.000000,16573,2025-07-20T10:46:24.000000,accepted,13.9,8,2026-06-12T15:12:00.000000,0,true,true,true,true,0,LABELED,0,,,0,1,LABELED,0,,,true,true,true
3656,2025-11-28T00:00:00.000000,16575,2025-12-04T12:52:17.000000,rejected,1.5,2,2025-12-05T17:08:31.000000,0,true,true,true,true,0,LABELED,0,,,0,0,LABELED,0,,,true,true,true
3657,2025-02-03T00:00:00.000000,16577,2025-12-05T16:51:00.000000,scheduled_visit,,2,2026-02-15T14:34:00.000000,1,true,true,true,true,1,AMBIGUOUS,,,,1,0,LABELED,1,16577,2025-12-05T16:51:00.000000,true,true,true
3658,2026-04-10T00:00:00.000000,16579,2026-04-12T10:31:41.000000,accepted,2.7,2,2026-04-21T08:04:43.000000,0,true,true,true,true,0,LABELED,0,,,0,0,LABELED,0,,,true,true,true
3659,2026-01-14T00:00:00.000000,16586,2026-01-14T11:18:12.000000,scheduled_visit,31.3,8,2026-04-11T10:19:00.000000,1,true,true,true,true,1,LABELED,1,16586,2026-01-15T18:36:12.000Z,0,3,LABELED,1,16586,2026-01-14T11:18:12.000000,true,true,true
3660,2025-10-17T00:00:00.000000,16589,2025-10-17T20:59:15.000000,rejected,0.9,8,2026-05-18T16:20:00.000000,0,true,true,true,true,0,LABELED,1,16594,2025-10-26T18:35:06.000Z,1,2,LABELED,1,16594,2025-10-26T07:59:06.000000,true,true,true
3661,2025-03-21T00:00:00.000000,16596,2026-04-09T15:03:00.000000,accepted,,1,2026-04-09T15:03:00.000000,0,true,true,true,true,0,LABELED,0,,,0,0,LABELED,0,,,true,true,true
3662,2025-08-29T00:00:00.000000,16599,2025-08-30T14:15:43.000000,scheduled_visit,5,5,2025-09-18T14:32:00.000000,1,true,true,true,true,1,LABELED,1,16599,2025-08-30T19:15:43.000Z,0,1,LABELED,1,16599,2025-08-30T14:15:43.000000,true,true,true
3663,2026-03-19T00:00:00.000000,16603,2026-03-23T17:40:22.000000,accepted,3.3,8,2026-05-22T07:05:00.000000,0,true,true,true,true,0,LABELED,1,16605,2026-03-23T18:56:44.000Z,1,1,LABELED,1,16605,2026-03-23T18:26:44.000000,true,true,true
3664,2025-12-15T00:00:00.000000,16613,2025-12-20T10:56:41.000000,scheduled_visit,21.7,7,2025-12-28T14:08:30.000000,1,true,true,true,true,1,LABELED,1,16613,2025-12-21T08:38:41.000Z,0,1,LABELED,1,16613,2025-12-20T10:56:41.000000,true,true,true
3665,2025-06-14T00:00:00.000000,16618,2025-06-15T17:04:31.000000,accepted,,4,2026-01-12T11:47:00.000000,0,true,true,true,true,0,LABELED,0,,,0,0,LABELED,0,,,true,true,true
3666,2025-03-15T00:00:00.000000,16621,2026-02-12T10:17:00.000000,rejected,4.6,1,2026-02-12T10:17:00.000000,0,true,true,true,true,0,LABELED,0,,,0,0,LABELED,0,,,true,true,true
3667,2026-04-14T00:00:00.000000,16622,2026-04-19T17:26:36.000000,accepted,,2,2026-04-19T18:40:50.000000,0,true,true,true,true,0,LABELED,0,,,0,0,LABELED,0,,,true,true,true
3668,2026-05-16T00:00:00.000000,16626,2026-05-18T20:27:12.000000,rejected,,3,2026-05-29T20:33:56.000000,0,true,true,true,true,0,LABELED,0,,,0,0,LABELED,0,,,true,true,false
3669,2025-01-09T00:00:00.000000,16631,2025-01-15T11:32:42.000000,scheduled_visit,37.2,5,2026-04-11T20:13:00.000000,1,true,true,true,true,1,LABELED,1,16631,2025-01-17T00:44:42.000Z,0,1,LABELED,1,16631,2025-01-15T11:32:42.000000,true,true,true
3670,2025-04-05T00:00:00.000000,16634,2025-04-08T17:08:24.000000,rejected,3.3,3,2025-11-23T20:00:00.000000,0,true,true,true,true,0,LABELED,1,16632,2025-04-10T17:39:21.000Z,0,1,LABELED,1,16632,2025-04-09T19:21:21.000000,true,true,true
3671,2025-02-26T00:00:00.000000,16638,2025-02-26T16:50:36.000000,accepted,,5,2025-09-12T14:24:00.000000,0,true,true,true,true,0,LABELED,0,,,0,0,LABELED,0,,,true,true,true
3672,2026-06-01T00:00:00.000000,16643,2026-06-02T19:36:39.000000,accepted,19.8,5,2026-06-11T14:30:00.000000,0,true,true,true,true,0,LABELED,0,,,0,0,CENSORED,,,,true,false,false
3673,2026-03-05T00:00:00.000000,16648,2026-03-06T13:04:39.000000,accepted,15.9,7,2026-03-18T15:14:36.000000,0,true,true,true,true,0,LABELED,1,16649,2026-03-15T19:40:36.000Z,0,1,LABELED,1,16649,2026-03-15T13:46:36.000000,true,true,true
3674,2025-10-23T00:00:00.000000,16652,2025-10-25T16:18:53.000000,no_response,10.1,1,2025-10-25T16:18:53.000000,0,true,true,true,true,0,LABELED,0,,,0,0,LABELED,0,,,true,true,true
3675,2025-12-14T00:00:00.000000,16655,2025-12-17T11:03:03.000000,rejected,11.5,4,2025-12-25T17:30:43.000000,0,true,true,true,true,0,LABELED,1,16656,2025-12-23T02:53:17.000Z,0,1,LABELED,1,16656,2025-12-22T09:53:17.000000,true,true,true
3676,2025-08-01T00:00:00.000000,16657,2025-08-11T12:55:25.000000,scheduled_visit,2.8,1,2025-08-11T12:55:25.000000,1,true,true,true,true,1,LABELED,1,16657,2025-08-11T15:43:25.000Z,0,1,LABELED,1,16657,2025-08-11T12:55:25.000000,true,true,true
3677,2025-03-18T00:00:00.000000,16661,2025-03-27T08:58:38.000000,accepted,16.6,4,2026-05-31T07:19:00.000000,0,true,true,true,true,0,LABELED,0,,,0,1,LABELED,0,,,true,true,true
3678,2026-05-06T00:00:00.000000,16662,2026-05-13T14:14:10.000000,accepted,,1,2026-05-13T14:14:10.000000,0,true,true,true,true,0,LABELED,0,,,0,0,LABELED,0,,,true,true,true
3679,2026-05-07T00:00:00.000000,16665,2026-05-11T09:13:25.000000,scheduled_visit,,3,2026-06-04T08:05:00.000000,1,true,true,true,true,1,AMBIGUOUS,,,,1,0,LABELED,1,16665,2026-05-11T09:13:25.000000,true,true,true
3680,2025-05-13T00:00:00.000000,16669,2025-05-18T16:39:00.000000,accepted,,5,2026-03-23T20:29:00.000000,0,true,true,true,true,0,LABELED,0,,,0,0,LABELED,0,,,true,true,true
3681,2026-01-02T00:00:00.000000,16672,2026-01-02T10:49:58.000000,no_response,9.2,2,2026-03-24T08:57:00.000000,0,true,true,true,true,0,LABELED,0,,,0,1,LABELED,0,,,true,true,true
3682,2026-05-21T00:00:00.000000,16673,2026-05-22T13:05:42.000000,accepted,15,5,2026-06-11T16:49:00.000000,0,true,true,true,true,0,LABELED,0,,,0,0,LABELED,0,,,true,true,false
3683,2025-10-01T00:00:00.000000,16680,2025-10-02T14:59:54.000000,scheduled_visit,12.5,3,2025-12-06T10:09:00.000000,1,true,true,true,true,1,LABELED,1,16680,2025-10-03T03:29:54.000Z,0,1,LABELED,1,16680,2025-10-02T14:59:54.000000,true,true,true
3684,2025-01-09T00:00:00.000000,16682,2025-03-05T13:48:00.000000,no_response,0.5,8,2026-01-22T08:26:00.000000,0,true,true,true,true,0,LABELED,0,,,0,1,LABELED,0,,,true,true,true
3685,2026-02-01T00:00:00.000000,16690,2026-02-03T18:12:07.000000,accepted,67.4,5,2026-02-14T14:50:54.000000,0,true,true,true,true,0,LABELED,1,16689,2026-02-15T00:44:54.000Z,0,1,LABELED,1,16689,2026-02-14T14:50:54.000000,true,true,true
3686,2025-08-26T00:00:00.000000,16699,2025-08-28T20:50:43.000000,no_response,,8,2026-06-05T19:29:00.000000,0,true,true,true,true,0,LABELED,1,16700,2025-08-30T19:51:59.000Z,0,3,LABELED,1,16700,2025-08-30T19:21:59.000000,true,true,true
3687,2025-12-11T00:00:00.000000,16702,2026-06-15T07:22:00.000000,scheduled_visit,5.2,1,2026-06-15T07:22:00.000000,1,true,true,false,true,1,CENSORED,,,,0,0,CENSORED,,,,false,false,false
3688,2026-01-25T00:00:00.000000,16706,2026-01-26T12:28:26.000000,rejected,13.9,5,2026-04-22T15:12:00.000000,0,true,true,true,true,0,LABELED,1,16703,2026-02-02T21:33:09.000Z,0,1,LABELED,1,16703,2026-02-01T10:21:09.000000,true,true,true
3689,2025-01-01T00:00:00.000000,16709,2025-01-08T12:28:50.000000,accepted,4.2,8,2026-04-12T07:32:00.000000,0,true,true,true,true,0,LABELED,0,,,0,1,LABELED,0,,,true,true,true
3690,2026-04-09T00:00:00.000000,16716,2026-04-16T20:57:00.000000,accepted,5.1,3,2026-06-16T18:09:00.000000,0,true,true,true,true,0,LABELED,0,,,0,0,LABELED,0,,,true,true,true
3691,2026-05-05T00:00:00.000000,16724,2026-05-05T15:48:29.000000,rejected,28,7,2026-05-17T14:28:34.000000,0,true,true,true,true,0,LABELED,0,,,0,0,LABELED,0,,,true,true,true
3692,2025-04-30T00:00:00.000000,16728,2025-05-10T08:34:10.000000,rejected,11.9,3,2026-03-05T12:33:00.000000,0,true,true,true,true,0,LABELED,0,,,0,0,LABELED,0,,,true,true,true
3693,2026-04-01T00:00:00.000000,16729,2026-04-03T13:21:55.000000,accepted,18.6,2,2026-06-13T12:11:00.000000,0,true,true,true,true,0,LABELED,0,,,0,0,LABELED,0,,,true,true,true
3694,2025-12-02T00:00:00.000000,16731,2025-12-02T14:44:30.000000,accepted,5.1,5,2026-01-07T14:08:00.000000,0,true,true,true,true,0,LABELED,1,16732,2025-12-12T15:31:35.000Z,0,1,LABELED,1,16732,2025-12-12T13:19:35.000000,true,true,true
3695,2025-11-12T00:00:00.000000,16738,2025-11-13T15:16:24.000000,accepted,46.8,6,2026-04-23T18:26:00.000000,0,true,true,true,true,0,LABELED,0,,,0,0,LABELED,0,,,true,true,true
3696,2025-12-02T00:00:00.000000,16746,2025-12-04T10:09:03.000000,no_response,9.4,7,2026-05-01T18:36:00.000000,0,true,true,true,true,0,LABELED,0,,,0,0,LABELED,0,,,true,true,true
3697,2025-10-15T00:00:00.000000,16749,2025-10-16T09:49:35.000000,accepted,4.6,6,2025-10-27T10:08:05.000000,0,true,true,true,true,0,LABELED,1,16754,2025-10-21T18:56:17.000Z,0,1,LABELED,1,16754,2025-10-21T12:38:17.000000,true,true,true
3698,2026-06-13T00:00:00.000000,16757,2026-06-14T07:36:06.000000,no_response,3.9,5,2026-06-25T18:14:40.000000,0,true,true,false,true,0,CENSORED,,,,0,0,CENSORED,,,,false,false,false
3699,2026-03-16T00:00:00.000000,16763,2026-03-16T16:00:57.000000,scheduled_visit,,6,2026-03-27T07:46:33.000000,1,true,true,true,true,1,AMBIGUOUS,,,,1,0,LABELED,1,16763,2026-03-16T16:00:57.000000,true,true,true
3700,2025-10-03T00:00:00.000000,16768,2025-10-04T20:10:46.000000,no_response,8.4,5,2025-10-30T10:57:00.000000,0,true,true,true,true,0,LABELED,1,16770,2025-10-07T11:09:18.000Z,0,1,LABELED,1,16770,2025-10-07T10:15:18.000000,true,true,true
3701,2025-03-20T00:00:00.000000,16774,2025-12-29T07:56:00.000000,scheduled_visit,9.7,4,2026-05-23T18:14:00.000000,1,true,true,true,true,1,LABELED,1,16774,2025-12-29T17:38:00.000Z,0,1,LABELED,1,16774,2025-12-29T07:56:00.000000,true,true,true
3702,2026-04-06T00:00:00.000000,16776,2026-04-10T09:49:10.000000,no_response,7.7,5,2026-04-18T12:52:40.000000,0,true,true,true,true,0,LABELED,1,16777,2026-04-14T06:17:20.000Z,0,1,LABELED,1,16777,2026-04-13T19:17:20.000000,true,true,true
3703,2026-05-31T00:00:00.000000,16780,2026-06-02T07:48:02.000000,scheduled_visit,6.8,2,2026-06-13T16:46:06.000000,1,true,true,true,true,1,LABELED,1,16780,2026-06-02T14:36:02.000Z,0,1,CENSORED,,,,true,false,false
3704,2026-03-02T00:00:00.000000,16783,2026-03-02T18:47:52.000000,accepted,0.5,3,2026-03-04T15:26:13.000000,0,true,true,true,true,0,LABELED,0,,,0,0,LABELED,0,,,true,true,true
3705,2026-05-26T00:00:00.000000,16791,2026-05-26T13:33:19.000000,accepted,40.4,7,2026-06-08T09:43:01.000000,0,true,true,true,true,0,LABELED,1,16786,2026-06-06T00:24:55.000Z,1,2,LABELED,1,16788,2026-06-04T12:10:13.000000,true,true,false
3706,2025-12-19T00:00:00.000000,16794,2025-12-19T08:33:14.000000,rejected,9.7,8,2026-04-21T07:49:00.000000,0,true,true,true,true,0,LABELED,1,16795,2025-12-23T15:42:55.000Z,0,1,LABELED,1,16795,2025-12-23T12:24:55.000000,true,true,true
3707,2025-08-24T00:00:00.000000,16802,2025-09-16T18:58:00.000000,scheduled_visit,3.4,4,2026-06-24T09:34:00.000000,1,true,true,true,true,1,LABELED,1,16802,2025-09-16T22:22:00.000Z,0,1,LABELED,1,16802,2025-09-16T18:58:00.000000,true,true,true
3708,2025-09-11T00:00:00.000000,16804,2025-09-13T10:51:34.000000,accepted,0.8,4,2026-06-14T17:27:00.000000,0,true,true,true,true,0,LABELED,0,,,0,1,LABELED,0,,,true,true,true
3709,2025-11-22T00:00:00.000000,16813,2025-11-22T18:00:27.000000,accepted,2.2,6,2026-04-29T09:06:00.000000,0,true,true,true,true,0,LABELED,1,16809,2025-12-01T14:07:23.000Z,0,2,LABELED,1,16809,2025-12-01T11:07:23.000000,true,true,true
3710,2025-01-02T00:00:00.000000,16816,2025-01-08T18:38:34.000000,accepted,13.6,5,2025-11-22T09:43:00.000000,0,true,true,true,true,0,LABELED,0,,,0,1,LABELED,0,,,true,true,true
3711,2025-12-28T00:00:00.000000,16819,2025-12-28T14:54:51.000000,accepted,7.1,6,2026-03-07T12:13:00.000000,0,true,true,true,true,0,LABELED,1,16824,2026-01-06T11:59:12.000Z,1,1,LABELED,1,16824,2026-01-05T11:41:12.000000,true,true,true
3712,2025-02-03T00:00:00.000000,16827,2025-02-08T10:23:46.000000,accepted,1.8,5,2026-05-22T12:43:00.000000,0,true,true,true,true,0,LABELED,0,,,0,0,LABELED,0,,,true,true,true
3713,2026-03-06T00:00:00.000000,16836,2026-03-06T20:26:46.000000,scheduled_visit,9.9,8,2026-06-08T15:50:00.000000,1,true,true,true,true,1,LABELED,1,16836,2026-03-07T06:20:46.000Z,0,4,LABELED,1,16836,2026-03-06T20:26:46.000000,true,true,true
3714,2026-03-12T00:00:00.000000,16838,2026-03-13T08:30:26.000000,rejected,,2,2026-03-23T14:12:26.000000,0,true,true,true,true,0,LABELED,0,,,0,0,LABELED,0,,,true,true,true
3715,2026-03-27T00:00:00.000000,16841,2026-04-04T11:37:33.000000,rejected,9.7,2,2026-04-05T19:01:09.000000,0,true,true,true,true,0,LABELED,1,16840,2026-04-07T21:19:09.000Z,0,1,LABELED,1,16840,2026-04-05T19:01:09.000000,true,true,true
3716,2025-06-23T00:00:00.000000,16842,2026-01-19T20:59:00.000000,accepted,1.4,1,2026-01-19T20:59:00.000000,0,true,true,true,true,0,LABELED,0,,,0,0,LABELED,0,,,true,true,true
3717,2026-01-21T00:00:00.000000,16845,2026-01-28T09:39:46.000000,rejected,4.2,4,2026-02-17T08:27:00.000000,0,true,true,true,true,0,LABELED,1,16846,2026-02-18T18:27:00.000Z,0,1,LABELED,1,16846,2026-02-17T08:27:00.000000,true,true,true
3718,2025-06-06T00:00:00.000000,16850,2025-06-06T15:47:54.000000,scheduled_visit,26.9,7,2026-04-11T20:35:00.000000,1,true,true,true,true,1,LABELED,1,16850,2025-06-07T18:41:54.000Z,0,2,LABELED,1,16850,2025-06-06T15:47:54.000000,true,true,true
3719,2026-03-23T00:00:00.000000,16854,2026-03-25T08:05:48.000000,scheduled_visit,3.6,2,2026-04-02T11:48:00.000000,1,true,true,true,true,1,LABELED,1,16854,2026-03-25T11:41:48.000Z,0,1,LABELED,1,16854,2026-03-25T08:05:48.000000,true,true,true
3720,2025-07-12T00:00:00.000000,16857,2025-07-15T18:49:21.000000,no_response,,5,2026-02-27T13:11:00.000000,0,true,true,true,true,0,LABELED,0,,,0,0,LABELED,0,,,true,true,true
3721,2025-06-01T00:00:00.000000,16863,2025-06-03T10:41:38.000000,no_response,,8,2026-05-08T09:17:00.000000,0,true,true,true,true,0,LABELED,0,,,0,0,LABELED,0,,,true,true,true
3722,2025-02-10T00:00:00.000000,16871,2025-02-12T09:16:28.000000,rejected,2.7,5,2026-05-04T20:09:00.000000,0,true,true,true,true,0,LABELED,0,,,0,1,LABELED,0,,,true,true,true
3723,2025-09-26T00:00:00.000000,16877,2025-09-26T10:50:58.000000,scheduled_visit,,6,2026-06-08T17:16:00.000000,1,true,true,true,true,1,AMBIGUOUS,,,,1,1,LABELED,1,16877,2025-09-26T10:50:58.000000,true,true,true
3724,2025-03-14T00:00:00.000000,16885,2025-03-21T16:50:09.000000,accepted,16,7,2025-12-13T13:00:00.000000,0,true,true,true,true,0,LABELED,1,16881,2025-03-29T13:42:00.000Z,0,1,LABELED,1,16881,2025-03-28T20:42:00.000000,true,true,true
3725,2026-04-30T00:00:00.000000,16888,2026-05-01T10:26:31.000000,accepted,6.8,3,2026-05-11T14:34:12.000000,0,true,true,true,true,0,LABELED,0,,,0,0,LABELED,0,,,true,true,true
3726,2025-12-17T00:00:00.000000,16895,2025-12-23T16:47:07.000000,no_response,3.4,6,2026-03-28T16:37:00.000000,0,true,true,true,true,0,LABELED,0,,,0,1,LABELED,0,,,true,true,true
3727,2026-01-13T00:00:00.000000,16897,2026-01-16T15:41:06.000000,accepted,18.1,6,2026-06-05T11:51:00.000000,0,true,true,true,true,0,LABELED,1,16900,2026-01-24T01:32:45.000Z,0,1,LABELED,1,16900,2026-01-23T16:14:45.000000,true,true,true
3728,2026-06-15T00:00:00.000000,16909,2026-06-18T17:14:22.000000,no_response,8.3,8,2026-06-28T10:18:10.000000,0,true,true,false,true,0,CENSORED,,,,0,0,CENSORED,,,,false,false,false
3729,2026-02-21T00:00:00.000000,16912,2026-02-24T14:21:07.000000,no_response,15.1,3,2026-05-06T13:46:00.000000,0,true,true,true,true,0,LABELED,0,,,0,0,LABELED,0,,,true,true,true
3730,2025-05-17T00:00:00.000000,16913,2025-05-24T12:27:31.000000,rejected,6.8,8,2026-06-24T11:54:00.000000,0,true,true,true,true,0,LABELED,1,16919,2025-05-28T17:30:17.000Z,0,2,LABELED,1,16919,2025-05-28T15:24:17.000000,true,true,true
3731,2025-09-05T00:00:00.000000,16928,2025-09-09T13:21:20.000000,no_response,9.5,8,2026-05-03T14:34:00.000000,0,true,true,true,true,0,LABELED,0,,,0,1,LABELED,0,,,true,true,true
3732,2025-02-17T00:00:00.000000,16929,2026-04-09T09:30:00.000000,scheduled_visit,6.1,1,2026-04-09T09:30:00.000000,1,true,true,true,true,1,LABELED,1,16929,2026-04-09T15:36:00.000Z,0,1,LABELED,1,16929,2026-04-09T09:30:00.000000,true,true,true
3733,2025-10-13T00:00:00.000000,16934,2025-10-17T11:39:47.000000,accepted,,5,2026-04-03T15:29:00.000000,0,true,true,true,true,0,LABELED,0,,,0,1,LABELED,0,,,true,true,true
3734,2025-11-28T00:00:00.000000,16937,2025-12-03T20:22:17.000000,scheduled_visit,10.9,6,2026-04-05T19:25:00.000000,1,true,true,true,true,1,LABELED,1,16937,2025-12-04T07:16:17.000Z,0,3,LABELED,1,16937,2025-12-03T20:22:17.000000,true,true,true
3735,2025-03-18T00:00:00.000000,16941,2025-03-30T08:17:21.000000,scheduled_visit,5,8,2026-05-17T20:59:00.000000,1,true,true,true,true,1,LABELED,1,16941,2025-03-30T13:17:21.000Z,0,1,LABELED,1,16941,2025-03-30T08:17:21.000000,true,true,true
3736,2026-03-09T00:00:00.000000,16950,2026-03-09T16:59:02.000000,accepted,25.7,3,2026-03-17T16:33:44.000000,0,true,true,true,true,0,LABELED,0,,,0,0,LABELED,0,,,true,true,true
3737,2025-12-24T00:00:00.000000,16952,2025-12-27T19:32:05.000000,accepted,0.5,7,2026-01-05T14:28:04.000000,0,true,true,true,true,0,LABELED,1,16953,2026-01-03T00:40:08.000Z,0,1,LABELED,1,16953,2026-01-01T19:40:08.000000,true,true,true
3738,2025-07-25T00:00:00.000000,16959,2025-08-03T19:32:58.000000,rejected,1.2,1,2025-08-03T19:32:58.000000,0,true,true,true,true,0,LABELED,0,,,0,0,LABELED,0,,,true,true,true
3739,2025-11-21T00:00:00.000000,16962,2025-11-21T07:56:04.000000,no_response,5.5,6,2025-12-27T19:10:00.000000,0,true,true,true,true,0,LABELED,0,,,0,1,LABELED,0,,,true,true,true
3740,2025-05-26T00:00:00.000000,16967,2025-05-29T07:18:26.000000,scheduled_visit,10.3,5,2026-03-15T15:30:00.000000,1,true,true,true,true,1,LABELED,1,16967,2025-05-29T17:36:26.000Z,0,1,LABELED,1,16967,2025-05-29T07:18:26.000000,true,true,true
3741,2026-06-19T00:00:00.000000,16975,2026-06-19T12:28:17.000000,scheduled_visit,2.4,8,2026-07-02T18:02:57.000000,1,true,true,false,true,1,CENSORED,,,,0,0,CENSORED,,,,false,false,false
3742,2025-11-23T00:00:00.000000,16981,2025-11-29T13:46:53.000000,no_response,2.1,5,2026-06-19T16:13:00.000000,0,true,true,true,true,0,LABELED,1,16983,2025-12-02T20:52:00.000Z,0,2,LABELED,1,16983,2025-12-02T15:46:00.000000,true,true,true
3743,2025-10-01T00:00:00.000000,16984,2026-02-17T18:55:00.000000,accepted,4.5,3,2026-05-05T16:11:00.000000,0,true,true,true,true,0,LABELED,0,,,0,0,LABELED,0,,,true,true,true
3744,2025-08-01T00:00:00.000000,16990,2025-08-06T20:03:18.000000,accepted,,8,2026-06-20T17:57:00.000000,0,true,true,true,true,0,LABELED,0,,,0,0,LABELED,0,,,true,true,true
3745,2025-09-18T00:00:00.000000,16995,2025-09-21T09:49:05.000000,accepted,39.2,8,2026-05-02T18:16:00.000000,0,true,true,true,true,0,LABELED,1,16998,2025-09-25T16:37:53.000Z,0,1,LABELED,1,16998,2025-09-24T13:49:53.000000,true,true,true
3746,2025-11-14T00:00:00.000000,17003,2025-12-27T15:38:00.000000,no_response,4.3,1,2025-12-27T15:38:00.000000,0,true,true,true,true,0,LABELED,0,,,0,0,LABELED,0,,,true,true,true
3747,2025-10-13T00:00:00.000000,17004,2025-10-17T07:44:16.000000,no_response,21.6,4,2025-12-18T16:07:00.000000,0,true,true,true,true,0,LABELED,1,17005,2025-10-27T03:13:54.000Z,0,1,LABELED,1,17005,2025-10-26T15:19:54.000000,true,true,true
3748,2026-01-26T00:00:00.000000,17008,2026-01-28T12:48:30.000000,accepted,6.1,1,2026-01-28T12:48:30.000000,0,true,true,true,true,0,LABELED,0,,,0,0,LABELED,0,,,true,true,true
3749,2026-04-21T00:00:00.000000,17010,2026-04-28T10:30:02.000000,accepted,3.3,2,2026-05-12T14:32:00.000000,0,true,true,true,true,0,LABELED,0,,,0,0,LABELED,0,,,true,true,true
3750,2025-09-17T00:00:00.000000,17014,2025-09-27T20:45:12.000000,rejected,22.4,7,2026-06-16T13:02:00.000000,0,true,true,true,true,0,LABELED,0,,,0,0,LABELED,0,,,true,true,true
3751,2025-11-05T00:00:00.000000,17019,2025-11-08T14:51:09.000000,accepted,1.8,3,2025-11-17T10:41:22.000000,0,true,true,true,true,0,LABELED,0,,,0,0,LABELED,0,,,true,true,true
3752,2026-06-25T00:00:00.000000,17024,2026-06-27T11:26:02.000000,accepted,17.3,4,2026-07-04T19:11:21.000000,0,true,true,false,true,0,CENSORED,,,,0,0,CENSORED,,,,false,false,false
3753,2025-09-14T00:00:00.000000,17027,2025-09-20T14:13:45.000000,accepted,40.1,4,2025-10-18T14:32:00.000000,0,true,true,true,true,0,LABELED,0,,,0,0,LABELED,0,,,true,true,true
3754,2025-09-26T00:00:00.000000,17029,2026-04-02T20:32:00.000000,accepted,1.3,1,2026-04-02T20:32:00.000000,0,true,true,true,true,0,LABELED,0,,,0,0,LABELED,0,,,true,true,true
3755,2025-06-05T00:00:00.000000,17032,2025-06-07T10:18:35.000000,accepted,15.4,5,2025-12-16T20:30:00.000000,0,true,true,true,true,0,LABELED,0,,,0,1,LABELED,0,,,true,true,true
3756,2025-12-20T00:00:00.000000,17036,2025-12-22T11:59:48.000000,accepted,5.6,5,2026-01-02T15:01:21.000000,0,true,true,true,true,0,LABELED,1,17039,2025-12-30T10:36:16.000Z,0,1,LABELED,1,17039,2025-12-30T07:18:16.000000,true,true,true
3757,2026-06-30T00:00:00.000000,17043,2026-06-30T08:26:31.000000,rejected,6.5,5,2026-07-13T17:35:37.000000,0,true,false,false,false,,CENSORED,,,,0,0,CENSORED,,,,false,false,false
3758,2026-01-06T00:00:00.000000,17046,2026-01-07T19:26:47.000000,no_response,0.5,5,2026-03-09T16:09:00.000000,0,true,true,true,true,0,LABELED,1,17049,2026-01-18T17:37:13.000Z,0,1,LABELED,1,17049,2026-01-18T14:25:13.000000,true,true,true
3759,2026-01-13T00:00:00.000000,17057,2026-01-14T12:51:42.000000,no_response,1.6,8,2026-06-24T09:03:00.000000,0,true,true,true,true,0,LABELED,1,17052,2026-01-22T04:06:50.000Z,0,2,LABELED,1,17052,2026-01-21T17:12:50.000000,true,true,true
3760,2026-06-25T00:00:00.000000,17059,2026-07-01T12:30:07.000000,accepted,,2,2026-07-07T20:50:09.000000,0,true,false,false,false,,CENSORED,,,,0,0,CENSORED,,,,false,false,false
3761,2025-03-04T00:00:00.000000,17064,2025-03-13T20:10:58.000000,rejected,0.5,8,2026-06-16T19:15:00.000000,0,true,true,true,true,0,LABELED,0,,,0,1,LABELED,0,,,true,true,true
3762,2025-06-16T00:00:00.000000,17072,2025-06-16T14:26:30.000000,rejected,8.9,8,2026-06-13T08:05:00.000000,0,true,true,true,true,0,LABELED,1,17068,2025-06-29T13:27:23.000Z,0,1,LABELED,1,17068,2025-06-29T07:09:23.000000,true,true,true
3763,2025-03-12T00:00:00.000000,17077,2025-03-12T12:27:39.000000,accepted,,7,2025-10-24T13:38:00.000000,0,true,true,true,true,0,LABELED,1,17076,2025-03-15T00:48:52.000Z,1,1,LABELED,1,17076,2025-03-14T14:12:52.000000,true,true,true
3764,2026-05-22T00:00:00.000000,17083,2026-05-25T19:22:51.000000,accepted,23.1,7,2026-06-02T12:54:49.000000,0,true,true,true,true,0,LABELED,1,17088,2026-05-30T01:51:07.000Z,0,1,LABELED,1,17088,2026-05-28T19:39:07.000000,true,true,false
3765,2025-11-01T00:00:00.000000,17090,2025-11-09T14:55:46.000000,rejected,,1,2025-11-09T14:55:46.000000,0,true,true,true,true,0,LABELED,0,,,0,0,LABELED,0,,,true,true,true
3766,2026-01-28T00:00:00.000000,17092,2026-01-29T20:22:38.000000,accepted,1.7,4,2026-04-05T10:04:00.000000,0,true,true,true,true,0,LABELED,1,17093,2026-02-08T11:20:11.000Z,1,1,LABELED,1,17091,2026-01-31T11:32:44.000000,true,true,true
3767,2025-12-25T00:00:00.000000,17098,2025-12-27T20:28:51.000000,accepted,0.8,4,2026-03-09T15:14:00.000000,0,true,true,true,true,0,LABELED,1,17097,2026-01-04T20:01:58.000Z,0,1,LABELED,1,17097,2026-01-04T18:43:58.000000,true,true,true
3768,2026-03-30T00:00:00.000000,17100,2026-04-02T16:28:21.000000,scheduled_visit,,5,2026-04-11T08:24:51.000000,1,true,true,true,true,1,LABELED,1,17101,2026-04-05T18:55:10.000Z,1,3,LABELED,1,17100,2026-04-02T16:28:21.000000,true,true,true
3769,2025-06-28T00:00:00.000000,17104,2025-07-03T15:03:03.000000,accepted,4.4,3,2025-09-14T14:01:00.000000,0,true,true,true,true,0,LABELED,0,,,0,0,LABELED,0,,,true,true,true
3770,2025-05-24T00:00:00.000000,17107,2025-05-24T18:25:24.000000,rejected,7.1,8,2026-04-06T13:15:00.000000,0,true,true,true,true,0,LABELED,1,17111,2025-06-02T18:13:37.000Z,0,1,LABELED,1,17111,2025-06-02T15:13:37.000000,true,true,true
3771,2025-01-08T00:00:00.000000,17121,2025-02-24T11:35:00.000000,no_response,10,7,2026-02-14T08:18:00.000000,0,true,true,true,true,0,LABELED,0,,,0,2,LABELED,0,,,true,true,true
3772,2026-06-18T00:00:00.000000,17122,2026-06-23T07:10:31.000000,rejected,,5,2026-07-01T10:57:29.000000,0,true,true,false,true,0,CENSORED,,,,0,0,CENSORED,,,,false,false,false
3773,2025-12-10T00:00:00.000000,17127,2025-12-20T17:11:40.000000,no_response,,2,2025-12-23T10:23:06.000000,0,true,true,true,true,0,LABELED,1,17128,2025-12-23T13:11:06.000Z,0,1,LABELED,1,17128,2025-12-23T10:23:06.000000,true,true,true
3774,2025-10-29T00:00:00.000000,17130,2025-11-05T10:50:33.000000,no_response,12.5,8,2025-12-26T20:30:00.000000,0,true,true,true,true,0,LABELED,1,17136,2025-11-08T19:55:08.000Z,1,1,LABELED,1,17136,2025-11-08T07:25:08.000000,true,true,true
3775,2025-03-17T00:00:00.000000,17139,2025-07-10T07:10:00.000000,no_response,10,5,2026-06-28T10:34:00.000000,0,true,true,true,true,0,LABELED,0,,,0,3,LABELED,0,,,true,true,true
3776,2025-12-13T00:00:00.000000,17142,2026-01-01T16:20:00.000000,no_response,2.6,2,2026-05-25T10:42:00.000000,0,true,true,true,true,0,LABELED,0,,,0,1,LABELED,0,,,true,true,true
3777,2025-10-21T00:00:00.000000,17146,2025-10-23T14:10:24.000000,accepted,9.2,8,2026-01-23T15:11:00.000000,0,true,true,true,true,0,LABELED,1,17149,2025-10-23T22:46:44.000Z,0,1,LABELED,1,17149,2025-10-23T17:16:44.000000,true,true,true
3778,2026-06-30T00:00:00.000000,17154,2026-07-01T14:44:39.000000,no_response,7,5,2026-07-09T08:47:33.000000,0,true,false,false,false,,CENSORED,,,,0,0,CENSORED,,,,false,false,false
3779,2026-05-12T00:00:00.000000,17162,2026-05-12T11:11:03.000000,accepted,44.5,6,2026-05-22T20:44:20.000000,0,true,true,true,true,0,LABELED,1,17158,2026-05-15T06:12:09.000Z,0,3,LABELED,1,17158,2026-05-14T20:30:09.000000,true,true,true
3780,2025-01-19T00:00:00.000000,17165,2025-01-21T18:36:39.000000,no_response,4.1,8,2026-04-23T19:41:00.000000,0,true,true,true,true,0,LABELED,0,,,0,0,LABELED,0,,,true,true,true
3781,2025-09-25T00:00:00.000000,17174,2025-09-25T17:56:05.000000,accepted,2.4,4,2026-06-13T17:08:00.000000,0,true,true,true,true,0,LABELED,1,17172,2025-10-02T14:54:06.000Z,0,1,LABELED,1,17172,2025-10-02T08:12:06.000000,true,true,true
3782,2026-01-07T00:00:00.000000,17177,2026-01-07T17:59:14.000000,scheduled_visit,7.4,5,2026-04-09T19:10:00.000000,1,true,true,true,true,1,LABELED,1,17177,2026-01-08T01:23:14.000Z,0,1,LABELED,1,17177,2026-01-07T17:59:14.000000,true,true,true
3783,2025-03-28T00:00:00.000000,17180,2025-04-03T11:42:33.000000,scheduled_visit,17.6,3,2026-03-19T19:02:00.000000,1,true,true,true,true,1,LABELED,1,17180,2025-04-04T05:18:33.000Z,0,1,LABELED,1,17180,2025-04-03T11:42:33.000000,true,true,true
3784,2026-04-10T00:00:00.000000,17186,2026-04-13T16:05:34.000000,rejected,1.2,4,2026-05-31T07:42:00.000000,0,true,true,true,true,0,AMBIGUOUS,,,,1,0,LABELED,1,17183,2026-04-16T11:12:56.000000,true,true,true
3785,2025-10-17T00:00:00.000000,17187,2025-10-21T08:35:10.000000,accepted,19.2,2,2026-06-09T13:45:00.000000,0,true,true,true,true,0,LABELED,0,,,0,0,LABELED,0,,,true,true,true
3786,2026-06-26T00:00:00.000000,17189,2026-06-27T11:28:22.000000,accepted,14.7,4,2026-07-04T17:12:30.000000,0,true,true,false,true,0,CENSORED,,,,0,0,CENSORED,,,,false,false,false
3787,2025-02-24T00:00:00.000000,17194,2025-03-05T17:11:47.000000,scheduled_visit,11.6,4,2026-03-02T09:31:00.000000,1,true,true,true,true,1,LABELED,1,17194,2025-03-06T04:47:47.000Z,0,1,LABELED,1,17194,2025-03-05T17:11:47.000000,true,true,true
3788,2025-07-16T00:00:00.000000,17199,2025-07-18T19:13:06.000000,accepted,12.5,8,2026-06-08T15:42:00.000000,0,true,true,true,true,0,LABELED,1,17198,2025-07-19T05:31:00.000Z,0,2,LABELED,1,17198,2025-07-18T20:43:00.000000,true,true,true
3789,2026-03-13T00:00:00.000000,17207,2026-03-13T09:46:55.000000,no_response,,8,2026-03-25T14:47:15.000000,0,true,true,true,true,0,LABELED,0,,,0,0,LABELED,0,,,true,true,true
3790,2025-07-24T00:00:00.000000,17213,2025-07-25T13:55:38.000000,accepted,5.5,8,2026-06-05T10:43:00.000000,0,true,true,true,true,0,LABELED,1,17217,2025-07-29T02:15:35.000Z,0,3,LABELED,1,17217,2025-07-27T13:15:35.000000,true,true,true
3791,2025-10-15T00:00:00.000000,17224,2025-10-16T08:06:55.000000,accepted,10.2,7,2026-01-17T08:09:00.000000,0,true,true,true,true,0,LABELED,0,,,0,0,LABELED,0,,,true,true,true
3792,2025-03-12T00:00:00.000000,17229,2025-03-17T12:10:16.000000,no_response,5.8,7,2026-05-04T10:39:00.000000,0,true,true,true,true,0,LABELED,1,17234,2025-03-20T10:18:14.000Z,0,4,LABELED,1,17234,2025-03-19T09:12:14.000000,true,true,true
3793,2025-07-30T00:00:00.000000,17237,2025-07-30T10:13:16.000000,no_response,2,8,2026-03-23T10:09:00.000000,0,true,true,true,true,0,LABELED,0,,,0,0,LABELED,0,,,true,true,true
3794,2025-02-24T00:00:00.000000,17243,2025-03-06T17:51:55.000000,accepted,1.5,1,2025-03-06T17:51:55.000000,0,true,true,true,true,0,LABELED,0,,,0,0,LABELED,0,,,true,true,true
3795,2025-10-27T00:00:00.000000,17247,2025-10-30T15:08:43.000000,no_response,3.1,4,2026-05-22T12:26:00.000000,0,true,true,true,true,0,LABELED,0,,,0,1,LABELED,0,,,true,true,true
3796,2026-03-27T00:00:00.000000,17250,2026-03-28T17:02:00.000000,rejected,,5,2026-06-12T16:18:00.000000,0,true,true,true,true,0,LABELED,0,,,0,1,LABELED,0,,,true,true,true
3797,2025-04-18T00:00:00.000000,17254,2025-06-21T18:49:00.000000,accepted,22.9,2,2025-06-27T20:55:00.000000,0,true,true,true,true,0,LABELED,0,,,0,0,LABELED,0,,,true,true,true
3798,2025-01-04T00:00:00.000000,17257,2025-01-09T11:05:12.000000,rejected,9.8,8,2026-05-11T18:36:00.000000,0,true,true,true,true,0,LABELED,0,,,0,1,LABELED,0,,,true,true,true
3799,2025-06-15T00:00:00.000000,17263,2025-06-19T20:44:19.000000,rejected,6.8,5,2026-05-01T13:19:00.000000,0,true,true,true,true,0,LABELED,0,,,0,0,LABELED,0,,,true,true,true
3800,2026-05-02T00:00:00.000000,17270,2026-05-09T16:27:08.000000,accepted,5,3,2026-05-15T13:27:58.000000,0,true,true,true,true,0,LABELED,1,17269,2026-05-17T22:09:58.000Z,0,1,LABELED,1,17269,2026-05-15T13:27:58.000000,true,true,true
3801,2025-07-07T00:00:00.000000,17275,2025-07-07T07:37:47.000000,accepted,36.8,8,2026-06-26T15:54:00.000000,0,true,true,true,true,0,LABELED,1,17278,2025-07-14T08:22:33.000Z,0,2,LABELED,1,17278,2025-07-13T18:22:33.000000,true,true,true
3802,2025-06-16T00:00:00.000000,17283,2025-06-21T08:18:48.000000,accepted,,6,2026-05-12T15:31:00.000000,0,true,true,true,true,0,LABELED,0,,,0,0,LABELED,0,,,true,true,true
3803,2025-12-10T00:00:00.000000,17285,2025-12-14T12:32:15.000000,no_response,2.7,7,2026-01-09T15:29:00.000000,0,true,true,true,true,0,LABELED,1,17288,2025-12-17T01:21:53.000Z,0,1,LABELED,1,17288,2025-12-16T17:03:53.000000,true,true,true
3804,2026-03-24T00:00:00.000000,17293,2026-03-27T14:48:10.000000,scheduled_visit,19.7,3,2026-05-10T14:22:00.000000,1,true,true,true,true,1,LABELED,1,17293,2026-03-28T10:30:10.000Z,0,1,LABELED,1,17293,2026-03-27T14:48:10.000000,true,true,true
3805,2025-11-21T00:00:00.000000,17295,2025-11-23T19:20:53.000000,rejected,5.3,8,2026-04-13T12:28:00.000000,0,true,true,true,true,0,LABELED,1,17300,2025-12-03T19:50:49.000Z,0,2,LABELED,1,17300,2025-12-03T12:44:49.000000,true,true,true
3806,2025-05-19T00:00:00.000000,17307,2025-05-24T15:25:24.000000,scheduled_visit,2,6,2026-05-12T20:40:00.000000,1,true,true,true,true,1,LABELED,1,17307,2025-05-24T17:25:24.000Z,0,1,LABELED,1,17307,2025-05-24T15:25:24.000000,true,true,true
3807,2025-03-07T00:00:00.000000,17311,2025-03-09T10:40:38.000000,accepted,36.6,4,2025-09-23T11:18:00.000000,0,true,true,true,true,0,LABELED,0,,,0,0,LABELED,0,,,true,true,true
3808,2025-11-17T00:00:00.000000,17317,2025-11-17T17:29:00.000000,accepted,2.9,5,2026-02-03T16:26:00.000000,0,true,true,true,true,0,LABELED,1,17314,2025-11-22T09:14:09.000Z,0,1,LABELED,1,17314,2025-11-20T19:56:09.000000,true,true,true
3809,2026-04-30T00:00:00.000000,17319,2026-05-02T09:39:50.000000,accepted,11.7,7,2026-06-04T16:48:00.000000,0,true,true,true,true,0,LABELED,0,,,0,0,LABELED,0,,,true,true,true
3810,2026-02-28T00:00:00.000000,17326,2026-03-05T07:58:11.000000,no_response,34.7,3,2026-03-13T09:11:14.000000,0,true,true,true,true,0,LABELED,0,,,0,0,LABELED,0,,,true,true,true
3811,2025-05-16T00:00:00.000000,17329,2025-05-26T19:01:03.000000,scheduled_visit,10,5,2026-05-30T12:00:00.000000,1,true,true,true,true,1,LABELED,1,17329,2025-05-27T05:01:03.000Z,0,2,LABELED,1,17329,2025-05-26T19:01:03.000000,true,true,true
3812,2025-04-04T00:00:00.000000,17333,2025-04-07T07:01:10.000000,accepted,13.3,7,2026-04-20T09:16:00.000000,0,true,true,true,true,0,LABELED,1,17337,2025-04-17T02:23:21.000Z,0,1,LABELED,1,17337,2025-04-15T12:41:21.000000,true,true,true
3813,2026-04-20T00:00:00.000000,17340,2026-05-05T18:01:00.000000,accepted,10.2,1,2026-05-05T18:01:00.000000,0,true,true,true,true,0,LABELED,0,,,0,0,LABELED,0,,,true,true,true
3814,2026-03-26T00:00:00.000000,17341,2026-03-30T13:32:05.000000,scheduled_visit,4.3,2,2026-04-13T18:33:00.000000,1,true,true,true,true,1,LABELED,1,17341,2026-03-30T17:50:05.000Z,0,1,LABELED,1,17341,2026-03-30T13:32:05.000000,true,true,true
3815,2025-07-07T00:00:00.000000,17343,2025-07-15T18:57:13.000000,no_response,4.5,2,2025-12-13T11:08:00.000000,0,true,true,true,true,0,LABELED,0,,,0,0,LABELED,0,,,true,true,true
3816,2025-12-12T00:00:00.000000,17350,2025-12-12T11:48:22.000000,accepted,7,7,2026-02-02T16:40:00.000000,0,true,true,true,true,0,LABELED,1,17346,2025-12-19T08:29:50.000Z,0,1,LABELED,1,17346,2025-12-18T20:11:50.000000,true,true,true
3817,2025-10-09T00:00:00.000000,17353,2025-10-18T12:07:13.000000,accepted,9.2,2,2025-12-22T10:56:00.000000,0,true,true,true,true,0,LABELED,0,,,0,0,LABELED,0,,,true,true,true
3818,2025-03-13T00:00:00.000000,17356,2025-03-25T09:44:53.000000,accepted,5.4,3,2026-05-12T12:49:00.000000,0,true,true,true,true,0,LABELED,0,,,0,0,LABELED,0,,,true,true,true
3819,2025-09-16T00:00:00.000000,17358,2025-09-26T09:45:40.000000,scheduled_visit,24.3,5,2026-05-14T08:41:00.000000,1,true,true,true,true,1,LABELED,1,17358,2025-09-27T10:03:40.000Z,0,1,LABELED,1,17358,2025-09-26T09:45:40.000000,true,true,true
3820,2025-08-22T00:00:00.000000,17362,2025-08-22T09:09:14.000000,accepted,0.9,3,2025-09-02T18:18:58.000000,0,true,true,true,true,0,LABELED,0,,,0,0,LABELED,0,,,true,true,true
3821,2025-12-29T00:00:00.000000,17365,2026-01-03T11:55:43.000000,accepted,10,2,2026-01-11T14:06:17.000000,0,true,true,true,true,0,LABELED,0,,,0,0,LABELED,0,,,true,true,true
3822,2025-07-19T00:00:00.000000,17370,2025-07-20T20:23:51.000000,scheduled_visit,17.9,8,2026-05-06T07:59:00.000000,1,true,true,true,true,1,LABELED,1,17370,2025-07-21T14:17:51.000Z,0,2,LABELED,1,17370,2025-07-20T20:23:51.000000,true,true,true
3823,2025-05-23T00:00:00.000000,17377,2025-05-26T16:20:55.000000,scheduled_visit,2.6,8,2026-02-06T09:28:00.000000,1,true,true,true,true,1,LABELED,1,17377,2025-05-26T18:56:55.000Z,0,1,LABELED,1,17377,2025-05-26T16:20:55.000000,true,true,true
3824,2025-10-02T00:00:00.000000,17384,2025-10-03T18:30:55.000000,scheduled_visit,4.6,3,2025-10-08T12:20:49.000000,1,true,true,true,true,1,LABELED,1,17384,2025-10-03T23:06:55.000Z,0,1,LABELED,1,17384,2025-10-03T18:30:55.000000,true,true,true
3825,2025-12-24T00:00:00.000000,17387,2025-12-25T08:16:57.000000,no_response,0.7,2,2026-01-06T15:56:34.000000,0,true,true,true,true,0,LABELED,0,,,0,0,LABELED,0,,,true,true,true
3826,2025-05-12T00:00:00.000000,17389,2025-05-13T08:15:23.000000,scheduled_visit,7.2,6,2026-04-08T12:25:00.000000,1,true,true,true,true,1,LABELED,1,17389,2025-05-13T15:27:23.000Z,0,3,LABELED,1,17389,2025-05-13T08:15:23.000000,true,true,true
3827,2025-08-25T00:00:00.000000,17395,2025-08-28T10:23:10.000000,scheduled_visit,,5,2026-05-01T09:41:00.000000,1,true,true,true,true,1,AMBIGUOUS,,,,1,0,LABELED,1,17395,2025-08-28T10:23:10.000000,true,true,true
3828,2026-06-15T00:00:00.000000,17401,2026-06-19T10:29:38.000000,rejected,0.5,7,2026-06-27T14:54:46.000000,0,true,true,false,true,0,CENSORED,,,,0,0,CENSORED,,,,false,false,false
3829,2026-02-06T00:00:00.000000,17407,2026-02-10T13:47:17.000000,rejected,14.5,3,2026-02-16T13:40:43.000000,0,true,true,true,true,0,LABELED,0,,,0,0,LABELED,0,,,true,true,true
3830,2025-09-04T00:00:00.000000,17410,2025-09-05T09:21:31.000000,no_response,,6,2026-05-27T08:27:00.000000,0,true,true,true,true,0,LABELED,1,17413,2025-09-15T01:43:44.000Z,0,2,LABELED,1,17413,2025-09-14T09:43:44.000000,true,true,true
3831,2025-10-31T00:00:00.000000,17418,2025-11-01T20:30:13.000000,scheduled_visit,38.2,4,2026-02-22T16:53:00.000000,1,true,true,true,true,1,LABELED,1,17418,2025-11-03T10:42:13.000Z,0,2,LABELED,1,17418,2025-11-01T20:30:13.000000,true,true,true
3832,2026-06-05T00:00:00.000000,17420,2026-06-11T20:51:33.000000,accepted,14.1,2,2026-06-15T11:53:11.000000,0,true,true,true,true,0,LABELED,0,,,0,0,CENSORED,,,,false,false,false
3833,2026-03-05T00:00:00.000000,17422,2026-03-10T09:41:13.000000,accepted,5.2,3,2026-03-21T10:43:00.000000,0,true,true,true,true,0,LABELED,1,17423,2026-03-15T01:52:38.000Z,0,1,LABELED,1,17423,2026-03-14T19:10:38.000000,true,true,true
3834,2026-02-06T00:00:00.000000,17427,2026-02-06T10:25:24.000000,accepted,7,5,2026-03-29T13:35:00.000000,0,true,true,true,true,0,LABELED,1,17424,2026-02-16T18:18:04.000Z,1,1,LABELED,1,17426,2026-02-08T18:16:28.000000,true,true,true
3835,2026-04-28T00:00:00.000000,17429,2026-05-04T20:52:31.000000,scheduled_visit,15.5,3,2026-06-07T13:38:00.000000,1,true,true,true,true,1,LABELED,1,17429,2026-05-05T12:22:31.000Z,0,1,LABELED,1,17429,2026-05-04T20:52:31.000000,true,true,true
3836,2025-03-10T00:00:00.000000,17438,2025-03-12T16:45:24.000000,scheduled_visit,4.1,8,2026-05-30T12:09:00.000000,1,true,true,true,true,1,LABELED,1,17438,2025-03-12T20:51:24.000Z,0,2,LABELED,1,17438,2025-03-12T16:45:24.000000,true,true,true
3837,2025-08-17T00:00:00.000000,17440,2025-08-18T13:47:46.000000,scheduled_visit,19.7,5,2025-11-14T08:18:00.000000,1,true,true,true,true,1,LABELED,1,17440,2025-08-19T09:29:46.000Z,0,2,LABELED,1,17440,2025-08-18T13:47:46.000000,true,true,true
3838,2026-03-23T00:00:00.000000,17448,2026-03-24T13:15:46.000000,accepted,15.7,6,2026-06-28T13:14:00.000000,0,true,true,true,true,0,LABELED,1,17447,2026-04-03T10:49:25.000Z,0,1,LABELED,1,17447,2026-04-02T19:43:25.000000,true,true,true
3839,2025-04-17T00:00:00.000000,17451,2025-05-09T19:49:00.000000,no_response,,3,2026-04-12T08:00:00.000000,0,true,true,true,true,0,LABELED,0,,,0,0,LABELED,0,,,true,true,true
3840,2025-04-30T00:00:00.000000,17458,2025-05-07T13:51:01.000000,rejected,19.4,7,2026-03-20T08:45:00.000000,0,true,true,true,true,0,LABELED,0,,,0,1,LABELED,0,,,true,true,true
3841,2025-02-10T00:00:00.000000,17461,2025-02-10T15:37:23.000000,accepted,6.4,1,2025-02-10T15:37:23.000000,0,true,true,true,true,0,LABELED,0,,,0,0,LABELED,0,,,true,true,true
3842,2026-05-26T00:00:00.000000,17469,2026-05-29T09:49:11.000000,no_response,2.4,8,2026-06-07T13:26:01.000000,0,true,true,true,true,0,LABELED,0,,,0,0,LABELED,0,,,true,true,false
3843,2025-07-09T00:00:00.000000,17470,2025-07-11T19:17:36.000000,rejected,9,3,2025-07-17T18:43:25.000000,0,true,true,true,true,0,LABELED,1,17471,2025-07-17T23:43:25.000Z,0,1,LABELED,1,17471,2025-07-17T18:43:25.000000,true,true,true
3844,2025-03-14T00:00:00.000000,17479,2025-03-18T07:16:42.000000,rejected,37.2,7,2026-05-11T08:55:00.000000,0,true,true,true,true,0,LABELED,0,,,0,1,LABELED,0,,,true,true,true
3845,2025-11-11T00:00:00.000000,17481,2025-11-19T15:35:29.000000,scheduled_visit,14.9,3,2026-06-08T13:31:00.000000,1,true,true,true,true,1,LABELED,1,17481,2025-11-20T06:29:29.000Z,0,2,LABELED,1,17481,2025-11-19T15:35:29.000000,true,true,true
3846,2026-04-28T00:00:00.000000,17484,2026-05-01T16:51:29.000000,scheduled_visit,2.1,2,2026-05-02T13:09:11.000000,1,true,true,true,true,1,LABELED,1,17484,2026-05-01T18:57:29.000Z,0,1,LABELED,1,17484,2026-05-01T16:51:29.000000,true,true,true
3847,2026-01-20T00:00:00.000000,17485,2026-01-30T13:22:55.000000,accepted,4,3,2026-06-06T11:15:00.000000,0,true,true,true,true,0,LABELED,0,,,0,0,LABELED,0,,,true,true,true
3848,2025-01-06T00:00:00.000000,17490,2025-01-17T11:49:32.000000,accepted,8.4,7,2026-05-17T07:18:00.000000,0,true,true,true,true,0,LABELED,0,,,0,2,LABELED,0,,,true,true,true
3849,2025-12-18T00:00:00.000000,17496,2025-12-21T08:07:52.000000,rejected,2.1,2,2025-12-21T19:53:28.000000,0,true,true,true,true,0,LABELED,0,,,0,0,LABELED,0,,,true,true,true
3850,2025-07-20T00:00:00.000000,17498,2025-07-23T15:41:40.000000,no_response,2.7,3,2026-01-12T17:07:00.000000,0,true,true,true,true,0,LABELED,0,,,0,0,LABELED,0,,,true,true,true
3851,2025-04-10T00:00:00.000000,17500,2025-04-21T17:50:19.000000,accepted,23.7,2,2025-04-22T14:05:13.000000,0,true,true,true,true,0,LABELED,0,,,0,0,LABELED,0,,,true,true,true
3852,2026-05-11T00:00:00.000000,17506,2026-05-14T18:09:27.000000,accepted,24.7,7,2026-05-23T10:27:07.000000,0,true,true,true,true,0,LABELED,1,17505,2026-05-16T09:45:15.000Z,2,2,LABELED,1,17505,2026-05-16T09:15:15.000000,true,true,false
3853,2025-09-24T00:00:00.000000,17509,2025-09-26T13:01:10.000000,no_response,13.7,4,2025-11-29T18:17:00.000000,0,true,true,true,true,0,LABELED,0,,,0,1,LABELED,0,,,true,true,true
3854,2026-04-17T00:00:00.000000,17516,2026-04-21T10:12:15.000000,accepted,8.1,7,2026-06-17T20:36:00.000000,0,true,true,true,true,0,LABELED,0,,,0,0,LABELED,0,,,true,true,true
3855,2026-02-25T00:00:00.000000,17521,2026-02-25T20:43:02.000000,accepted,17.8,7,2026-03-10T11:50:39.000000,0,true,true,true,true,0,LABELED,1,17522,2026-03-05T19:19:14.000Z,0,1,LABELED,1,17522,2026-03-05T11:55:14.000000,true,true,true
3856,2025-07-17T00:00:00.000000,17531,2025-10-04T15:12:00.000000,rejected,43.7,7,2026-06-23T09:06:00.000000,0,true,true,true,true,0,LABELED,1,17533,2025-10-14T16:42:00.000Z,0,1,LABELED,1,17533,2025-10-12T12:42:00.000000,true,true,true
3857,2026-03-06T00:00:00.000000,17536,2026-03-08T19:09:48.000000,no_response,0.6,3,2026-03-17T19:20:09.000000,0,true,true,true,true,0,LABELED,0,,,0,0,LABELED,0,,,true,true,true
3858,2025-06-20T00:00:00.000000,17540,2025-06-21T17:46:32.000000,accepted,0.7,8,2025-08-21T19:08:00.000000,0,true,true,true,true,0,LABELED,1,17539,2025-06-22T19:21:47.000Z,0,2,LABELED,1,17539,2025-06-22T16:33:47.000000,true,true,true
3859,2025-11-23T00:00:00.000000,17545,2025-11-24T17:28:52.000000,scheduled_visit,3.5,5,2026-05-15T17:30:00.000000,1,true,true,true,true,1,LABELED,1,17545,2025-11-24T20:58:52.000Z,0,3,LABELED,1,17545,2025-11-24T17:28:52.000000,true,true,true
3860,2026-01-13T00:00:00.000000,17551,2026-01-26T12:41:14.000000,accepted,25.3,2,2026-02-15T19:36:00.000000,0,true,true,true,true,0,LABELED,0,,,0,0,LABELED,0,,,true,true,true
3861,2025-03-14T00:00:00.000000,17555,2025-03-19T09:54:43.000000,rejected,2.5,7,2026-02-10T12:40:00.000000,0,true,true,true,true,0,LABELED,0,,,0,1,LABELED,0,,,true,true,true
3862,2026-04-15T00:00:00.000000,17560,2026-04-16T15:15:52.000000,accepted,6.2,4,2026-04-24T14:35:45.000000,0,true,true,true,true,0,AMBIGUOUS,,,,1,0,LABELED,1,17562,2026-04-21T13:25:53.000000,true,true,true
3863,2025-08-30T00:00:00.000000,17567,2025-09-02T10:02:56.000000,accepted,19,6,2026-06-17T16:13:00.000000,0,true,true,true,true,0,AMBIGUOUS,,,,1,1,LABELED,1,17564,2025-09-07T19:00:20.000000,true,true,true
3864,2026-05-24T00:00:00.000000,17573,2026-05-26T15:36:34.000000,accepted,13.7,5,2026-06-02T16:28:06.000000,0,true,true,true,true,0,LABELED,0,,,0,0,LABELED,0,,,true,true,false
3865,2025-01-01T00:00:00.000000,17579,2025-01-09T18:05:27.000000,rejected,35.6,6,2026-01-17T14:19:00.000000,0,true,true,true,true,0,LABELED,0,,,0,0,LABELED,0,,,true,true,true
3866,2026-04-11T00:00:00.000000,17580,2026-04-23T15:00:37.000000,no_response,12.5,3,2026-06-11T14:13:00.000000,0,true,true,true,true,0,LABELED,0,,,0,0,LABELED,0,,,true,true,true
3867,2026-01-09T00:00:00.000000,17583,2026-01-18T16:11:19.000000,rejected,3.5,3,2026-02-19T08:02:00.000000,0,true,true,true,true,0,LABELED,1,17584,2026-01-22T01:36:58.000Z,0,1,LABELED,1,17584,2026-01-21T20:18:58.000000,true,true,true
3868,2026-05-22T00:00:00.000000,17586,2026-05-22T09:43:23.000000,no_response,1.8,2,2026-05-27T15:58:49.000000,0,true,true,true,true,0,LABELED,0,,,0,0,LABELED,0,,,true,true,false
3869,2025-07-28T00:00:00.000000,17589,2025-07-30T18:02:13.000000,no_response,22.2,5,2026-04-21T07:38:00.000000,0,true,true,true,true,0,LABELED,0,,,0,0,LABELED,0,,,true,true,true
3870,2025-03-21T00:00:00.000000,17596,2025-03-23T17:23:19.000000,accepted,15.3,8,2026-01-21T07:37:00.000000,0,true,true,true,true,0,LABELED,1,17597,2025-03-28T10:14:07.000Z,0,2,LABELED,1,17597,2025-03-27T15:32:07.000000,true,true,true
3871,2025-04-18T00:00:00.000000,17605,2025-04-26T13:40:31.000000,accepted,40.9,8,2026-04-10T07:42:00.000000,0,true,true,true,true,0,LABELED,0,,,0,0,LABELED,0,,,true,true,true
3872,2026-03-10T00:00:00.000000,17611,2026-03-10T11:44:58.000000,accepted,,8,2026-03-20T18:35:03.000000,0,true,true,true,true,0,LABELED,1,17615,2026-03-18T11:25:33.000Z,0,2,LABELED,1,17615,2026-03-17T15:43:33.000000,true,true,true
3873,2025-05-05T00:00:00.000000,17619,2025-05-09T13:25:12.000000,accepted,2.9,3,2026-01-22T09:09:00.000000,0,true,true,true,true,0,LABELED,0,,,0,0,LABELED,0,,,true,true,true
3874,2025-03-20T00:00:00.000000,17622,2025-03-25T15:57:12.000000,accepted,11.9,3,2026-06-16T14:05:00.000000,0,true,true,true,true,0,LABELED,0,,,0,0,LABELED,0,,,true,true,true
3875,2025-01-04T00:00:00.000000,17624,2025-02-04T12:31:00.000000,scheduled_visit,9.3,2,2025-03-07T12:34:00.000000,1,true,true,true,true,1,LABELED,1,17624,2025-02-04T21:49:00.000Z,0,1,LABELED,1,17624,2025-02-04T12:31:00.000000,true,true,true
3876,2025-01-03T00:00:00.000000,17630,2025-01-06T07:55:17.000000,no_response,5.9,6,2026-05-11T16:43:00.000000,0,true,true,true,true,0,LABELED,0,,,0,1,LABELED,0,,,true,true,true
3877,2026-04-06T00:00:00.000000,17631,2026-04-09T16:02:31.000000,no_response,4.4,1,2026-04-09T16:02:31.000000,0,true,true,true,true,0,LABELED,0,,,0,0,LABELED,0,,,true,true,true
3878,2025-08-22T00:00:00.000000,17636,2025-08-22T15:15:27.000000,accepted,0.9,7,2026-02-12T16:40:00.000000,0,true,true,true,true,0,LABELED,1,17635,2025-08-30T18:58:36.000Z,0,2,LABELED,1,17635,2025-08-30T18:28:36.000000,true,true,true
3879,2025-01-03T00:00:00.000000,17643,2025-04-07T12:48:00.000000,scheduled_visit,17.7,5,2026-01-12T11:18:00.000000,1,true,true,true,true,1,LABELED,1,17643,2025-04-08T06:30:00.000Z,0,1,LABELED,1,17643,2025-04-07T12:48:00.000000,true,true,true
3880,2026-06-25T00:00:00.000000,17646,2026-06-29T19:40:36.000000,accepted,1.9,5,2026-07-04T19:21:35.000000,0,true,false,false,false,,CENSORED,,,,0,0,CENSORED,,,,false,false,false
3881,2025-07-14T00:00:00.000000,17652,2025-07-17T08:49:40.000000,scheduled_visit,5.6,4,2025-12-24T14:51:00.000000,1,true,true,true,true,1,LABELED,1,17652,2025-07-17T14:25:40.000Z,0,2,LABELED,1,17652,2025-07-17T08:49:40.000000,true,true,true
3882,2026-04-02T00:00:00.000000,17656,2026-04-07T14:54:02.000000,accepted,2.5,6,2026-04-23T08:24:00.000000,0,true,true,true,true,0,LABELED,1,17653,2026-04-14T05:22:42.000Z,0,2,LABELED,1,17653,2026-04-13T13:22:42.000000,true,true,true
3883,2025-12-13T00:00:00.000000,17661,2025-12-17T07:41:06.000000,accepted,4.8,6,2026-04-12T20:21:00.000000,0,true,true,true,true,0,LABELED,1,17664,2025-12-23T13:28:01.000Z,1,1,LABELED,1,17664,2025-12-23T12:58:01.000000,true,true,true
3884,2025-07-30T00:00:00.000000,17667,2025-08-09T11:47:17.000000,no_response,82.1,6,2026-06-14T18:39:00.000000,0,true,true,true,true,0,LABELED,0,,,0,2,LABELED,0,,,true,true,true
3885,2026-03-23T00:00:00.000000,17671,2026-03-24T18:20:08.000000,accepted,17.4,5,2026-04-16T16:03:00.000000,0,true,true,true,true,0,LABELED,0,,,0,0,LABELED,0,,,true,true,true
3886,2025-06-18T00:00:00.000000,17680,2025-06-28T13:39:55.000000,accepted,0.5,6,2026-05-27T09:59:00.000000,0,true,true,true,true,0,LABELED,0,,,0,1,LABELED,0,,,true,true,true
3887,2026-06-05T00:00:00.000000,17682,2026-06-10T16:36:25.000000,no_response,15.4,1,2026-06-10T16:36:25.000000,0,true,true,true,true,0,LABELED,0,,,0,0,CENSORED,,,,false,false,false
3888,2025-02-16T00:00:00.000000,17684,2025-02-17T08:15:04.000000,rejected,4.7,6,2026-06-30T17:39:00.000000,0,true,true,true,true,0,LABELED,0,,,0,0,LABELED,0,,,true,true,true
3889,2025-06-03T00:00:00.000000,17694,2025-06-04T08:32:39.000000,scheduled_visit,,7,2026-06-02T18:08:00.000000,1,true,true,true,true,1,AMBIGUOUS,,,,1,0,LABELED,1,17694,2025-06-04T08:32:39.000000,true,true,true
3890,2026-06-02T00:00:00.000000,17696,2026-06-04T13:07:30.000000,rejected,3.5,2,2026-06-05T10:23:37.000000,0,true,true,true,true,0,LABELED,0,,,0,0,CENSORED,,,,true,false,false
3891,2025-01-01T00:00:00.000000,17700,2025-01-02T20:56:11.000000,no_response,3.6,5,2026-05-26T18:59:00.000000,0,true,true,true,true,0,LABELED,0,,,0,1,LABELED,0,,,true,true,true
3892,2025-02-09T00:00:00.000000,17704,2025-05-03T16:22:00.000000,accepted,59.5,4,2025-12-09T07:56:00.000000,0,true,true,true,true,0,LABELED,0,,,0,0,LABELED,0,,,true,true,true
3893,2026-02-09T00:00:00.000000,17710,2026-02-11T11:37:30.000000,rejected,0.5,7,2026-02-28T19:32:00.000000,0,true,true,true,true,0,LABELED,0,,,0,0,LABELED,0,,,true,true,true
3894,2025-06-23T00:00:00.000000,17714,2025-11-14T19:18:00.000000,rejected,6,2,2026-02-11T07:38:00.000000,0,true,true,true,true,0,LABELED,0,,,0,0,LABELED,0,,,true,true,true
3895,2025-10-06T00:00:00.000000,17717,2025-10-15T08:20:27.000000,scheduled_visit,6.1,4,2026-03-11T12:57:00.000000,1,true,true,true,true,1,LABELED,1,17717,2025-10-15T14:26:27.000Z,0,3,LABELED,1,17717,2025-10-15T08:20:27.000000,true,true,true
3896,2025-07-31T00:00:00.000000,17724,2025-08-02T20:45:24.000000,accepted,1.6,8,2026-05-14T12:57:00.000000,0,true,true,true,true,0,LABELED,0,,,0,2,LABELED,0,,,true,true,true
3897,2025-08-15T00:00:00.000000,17728,2025-08-21T19:51:56.000000,scheduled_visit,2.1,4,2026-06-14T09:04:00.000000,1,true,true,true,true,1,LABELED,1,17728,2025-08-21T21:57:56.000Z,0,1,LABELED,1,17728,2025-08-21T19:51:56.000000,true,true,true
3898,2026-06-01T00:00:00.000000,17733,2026-06-01T10:20:33.000000,no_response,,3,2026-06-14T18:39:21.000000,0,true,true,true,true,0,LABELED,0,,,0,0,CENSORED,,,,true,false,false
3899,2026-01-21T00:00:00.000000,17737,2026-01-25T10:38:00.000000,accepted,,6,2026-05-22T12:50:00.000000,0,true,true,true,true,0,LABELED,1,17739,2026-01-25T17:04:49.000Z,0,1,LABELED,1,17739,2026-01-25T16:16:49.000000,true,true,true
3900,2025-06-02T00:00:00.000000,17741,2026-04-06T12:36:00.000000,scheduled_visit,2.2,1,2026-04-06T12:36:00.000000,1,true,true,true,true,1,LABELED,1,17741,2026-04-06T14:48:00.000Z,0,1,LABELED,1,17741,2026-04-06T12:36:00.000000,true,true,true
3901,2026-06-27T00:00:00.000000,17743,2026-07-01T08:51:17.000000,scheduled_visit,12.1,3,2026-07-08T12:12:39.000000,1,true,false,false,false,,CENSORED,,,,0,0,CENSORED,,,,false,false,false
3902,2025-05-23T00:00:00.000000,17750,2025-06-01T10:12:09.000000,accepted,8.6,6,2026-02-28T15:48:00.000000,0,true,true,true,true,0,LABELED,0,,,0,1,LABELED,0,,,true,true,true
3903,2025-05-05T00:00:00.000000,17752,2025-05-12T18:33:10.000000,rejected,,2,2026-02-28T09:41:00.000000,0,true,true,true,true,0,LABELED,0,,,0,1,LABELED,0,,,true,true,true
3904,2026-01-28T00:00:00.000000,17755,2026-01-28T19:39:21.000000,rejected,4.5,5,2026-02-11T07:16:00.000000,0,true,true,true,true,0,LABELED,0,,,0,0,LABELED,0,,,true,true,true
3905,2025-12-09T00:00:00.000000,17758,2025-12-13T15:24:11.000000,scheduled_visit,12.9,2,2025-12-22T12:38:06.000000,1,true,true,true,true,1,LABELED,1,17758,2025-12-14T04:18:11.000Z,0,1,LABELED,1,17758,2025-12-13T15:24:11.000000,true,true,true
3906,2025-02-02T00:00:00.000000,17760,2025-02-04T19:09:02.000000,rejected,,8,2026-06-30T16:04:00.000000,0,true,true,true,true,0,LABELED,1,17765,2025-02-11T22:07:21.000Z,0,2,LABELED,1,17765,2025-02-11T19:19:21.000000,true,true,true
3907,2025-11-21T00:00:00.000000,17768,2025-11-24T16:22:34.000000,scheduled_visit,2.2,1,2025-11-24T16:22:34.000000,1,true,true,true,true,1,LABELED,1,17768,2025-11-24T18:34:34.000Z,0,1,LABELED,1,17768,2025-11-24T16:22:34.000000,true,true,true
3908,2025-11-08T00:00:00.000000,17769,2025-11-14T17:10:20.000000,scheduled_visit,2.2,2,2025-12-17T20:13:00.000000,1,true,true,true,true,1,LABELED,1,17769,2025-11-14T19:22:20.000Z,0,1,LABELED,1,17769,2025-11-14T17:10:20.000000,true,true,true
3909,2025-12-03T00:00:00.000000,17773,2025-12-04T19:11:29.000000,accepted,16.4,6,2026-03-01T20:24:00.000000,0,true,true,true,true,0,LABELED,1,17775,2025-12-06T19:07:24.000Z,0,1,LABELED,1,17775,2025-12-05T14:13:24.000000,true,true,true
3910,2025-04-25T00:00:00.000000,17777,2025-09-16T19:46:00.000000,accepted,29.9,1,2025-09-16T19:46:00.000000,0,true,true,true,true,0,LABELED,0,,,0,0,LABELED,0,,,true,true,true
3911,2025-10-17T00:00:00.000000,17780,2025-10-19T15:52:49.000000,scheduled_visit,6.3,5,2025-12-10T10:52:00.000000,1,true,true,true,true,1,LABELED,1,17780,2025-10-19T22:10:49.000Z,0,1,LABELED,1,17780,2025-10-19T15:52:49.000000,true,true,true
3912,2025-02-19T00:00:00.000000,17783,2026-01-08T10:22:00.000000,accepted,,3,2026-06-11T16:17:00.000000,0,true,true,true,true,0,LABELED,0,,,0,1,LABELED,0,,,true,true,true
3913,2026-06-16T00:00:00.000000,17788,2026-06-16T10:47:31.000000,accepted,14.4,5,2026-06-25T15:58:24.000000,0,true,true,false,true,0,CENSORED,,,,0,0,CENSORED,,,,false,false,false
3914,2026-06-18T00:00:00.000000,17792,2026-06-23T09:55:57.000000,scheduled_visit,45.1,2,2026-06-25T07:46:09.000000,1,true,true,false,true,1,CENSORED,,,,0,0,CENSORED,,,,false,false,false
3915,2025-05-19T00:00:00.000000,17795,2025-05-22T19:23:07.000000,accepted,,5,2026-06-24T12:06:00.000000,0,true,true,true,true,0,AMBIGUOUS,,,,1,1,LABELED,1,17796,2025-06-01T16:12:37.000000,true,true,true
3916,2025-07-09T00:00:00.000000,17798,2025-07-11T09:01:36.000000,accepted,,6,2026-04-12T17:33:00.000000,0,true,true,true,true,0,LABELED,0,,,0,1,LABELED,0,,,true,true,true
3917,2026-04-22T00:00:00.000000,17806,2026-04-27T20:46:33.000000,scheduled_visit,7.3,3,2026-05-02T13:02:32.000000,1,true,true,true,true,1,LABELED,1,17806,2026-04-28T04:04:33.000Z,0,1,LABELED,1,17806,2026-04-27T20:46:33.000000,true,true,true
3918,2025-07-25T00:00:00.000000,17807,2025-08-01T18:32:54.000000,no_response,2.5,4,2026-01-17T18:23:00.000000,0,true,true,true,true,0,LABELED,0,,,0,2,LABELED,0,,,true,true,true
3919,2025-12-27T00:00:00.000000,17812,2026-01-02T17:27:17.000000,accepted,1.8,2,2026-01-06T15:23:00.000000,0,true,true,true,true,0,LABELED,0,,,0,0,LABELED,0,,,true,true,true
3920,2026-06-02T00:00:00.000000,17813,2026-06-03T07:18:39.000000,accepted,22,3,2026-06-09T14:33:54.000000,0,true,true,true,true,0,LABELED,0,,,0,0,CENSORED,,,,true,false,false
3921,2026-05-11T00:00:00.000000,17816,2026-05-23T13:46:00.000000,accepted,,1,2026-05-23T13:46:00.000000,0,true,true,true,true,0,LABELED,0,,,0,0,LABELED,0,,,true,true,false
3922,2025-12-08T00:00:00.000000,17818,2025-12-16T11:16:48.000000,accepted,13.1,2,2025-12-18T15:41:14.000000,0,true,true,true,true,0,LABELED,0,,,0,0,LABELED,0,,,true,true,true
3923,2026-03-11T00:00:00.000000,17826,2026-03-12T20:50:23.000000,accepted,9.9,8,2026-06-29T18:43:00.000000,0,true,true,true,true,0,LABELED,0,,,0,0,LABELED,0,,,true,true,true
3924,2026-04-06T00:00:00.000000,17829,2026-04-06T07:41:12.000000,no_response,17.6,6,2026-05-14T20:25:00.000000,0,true,true,true,true,0,LABELED,1,17830,2026-04-18T18:30:28.000Z,0,2,LABELED,1,17830,2026-04-18T14:36:28.000000,true,true,true
3925,2025-12-27T00:00:00.000000,17835,2025-12-27T12:12:13.000000,scheduled_visit,0.5,5,2026-05-12T09:27:00.000000,1,true,true,true,true,1,LABELED,1,17835,2025-12-27T12:42:13.000Z,0,2,LABELED,1,17835,2025-12-27T12:12:13.000000,true,true,true
3926,2025-07-17T00:00:00.000000,17841,2025-07-20T16:58:37.000000,accepted,12.4,4,2026-02-07T15:33:00.000000,0,true,true,true,true,0,LABELED,1,17839,2025-07-21T00:38:08.000Z,0,1,LABELED,1,17839,2025-07-20T17:32:08.000000,true,true,true
3927,2025-01-26T00:00:00.000000,17842,2025-02-08T15:18:03.000000,rejected,,8,2026-04-20T18:26:00.000000,0,true,true,true,true,0,LABELED,1,17843,2025-02-22T09:43:00.000Z,0,1,LABELED,1,17843,2025-02-21T09:07:00.000000,true,true,true
3928,2026-05-09T00:00:00.000000,17853,2026-05-13T14:58:17.000000,no_response,,6,2026-05-21T18:46:52.000000,0,true,true,true,true,0,LABELED,0,,,0,0,LABELED,0,,,true,true,true
3929,2025-11-27T00:00:00.000000,17856,2026-01-20T09:30:00.000000,accepted,1,2,2026-03-05T09:03:00.000000,0,true,true,true,true,0,LABELED,0,,,0,0,LABELED,0,,,true,true,true
3930,2025-02-17T00:00:00.000000,17862,2025-02-22T09:20:28.000000,no_response,4.7,7,2026-01-23T17:49:00.000000,0,true,true,true,true,0,LABELED,0,,,0,1,LABELED,0,,,true,true,true
3931,2025-05-02T00:00:00.000000,17865,2026-02-02T19:07:00.000000,no_response,,1,2026-02-02T19:07:00.000000,0,true,true,true,true,0,LABELED,0,,,0,0,LABELED,0,,,true,true,true
3932,2025-01-23T00:00:00.000000,17866,2025-01-29T18:11:39.000000,no_response,3.2,2,2025-05-06T18:49:00.000000,0,true,true,true,true,0,LABELED,0,,,0,0,LABELED,0,,,true,true,true
3933,2025-07-05T00:00:00.000000,17872,2025-07-09T07:23:10.000000,accepted,,6,2026-01-07T08:40:00.000000,0,true,true,true,true,0,LABELED,1,17871,2025-07-20T01:32:47.000Z,0,1,LABELED,1,17871,2025-07-18T20:32:47.000000,true,true,true
3934,2025-05-05T00:00:00.000000,17879,2025-05-05T10:09:14.000000,rejected,6.8,6,2025-11-02T07:38:00.000000,0,true,true,true,true,0,LABELED,0,,,0,1,LABELED,0,,,true,true,true
3935,2025-08-06T00:00:00.000000,17885,2025-08-11T08:25:31.000000,rejected,,6,2026-01-25T19:15:00.000000,0,true,true,true,true,0,AMBIGUOUS,,,,1,0,LABELED,1,17884,2025-08-12T20:21:34.000000,true,true,true
3936,2026-06-01T00:00:00.000000,17888,2026-06-05T10:49:35.000000,rejected,11.5,3,2026-06-10T20:44:51.000000,0,true,true,true,true,0,AMBIGUOUS,,,,1,0,CENSORED,,,,true,false,false
3937,2026-04-23T00:00:00.000000,17889,2026-04-25T08:48:29.000000,rejected,14.3,3,2026-05-01T19:05:04.000000,0,true,true,true,true,0,LABELED,0,,,0,0,LABELED,0,,,true,true,true
3938,2026-04-09T00:00:00.000000,17893,2026-04-14T16:55:22.000000,no_response,4.1,4,2026-06-29T18:55:00.000000,0,true,true,true,true,0,LABELED,0,,,0,1,LABELED,0,,,true,true,true
3939,2026-05-27T00:00:00.000000,17903,2026-05-29T14:13:15.000000,accepted,13.2,8,2026-06-08T16:53:42.000000,0,true,true,true,true,0,LABELED,1,17897,2026-06-09T11:53:42.000Z,0,1,LABELED,1,17897,2026-06-08T16:53:42.000000,true,true,false
3940,2025-02-20T00:00:00.000000,17910,2025-02-24T10:24:04.000000,no_response,,7,2026-04-12T17:56:00.000000,0,true,true,true,true,0,LABELED,0,,,0,2,LABELED,0,,,true,true,true
3941,2026-02-26T00:00:00.000000,17911,2026-03-02T20:06:06.000000,accepted,9.1,3,2026-03-07T17:27:27.000000,0,true,true,true,true,0,LABELED,0,,,0,0,LABELED,0,,,true,true,true
3942,2026-03-27T00:00:00.000000,17915,2026-03-27T13:00:44.000000,scheduled_visit,12.8,7,2026-05-18T09:59:00.000000,1,true,true,true,true,1,LABELED,1,17915,2026-03-28T01:48:44.000Z,0,4,LABELED,1,17915,2026-03-27T13:00:44.000000,true,true,true
3943,2025-03-24T00:00:00.000000,17924,2025-03-26T11:30:40.000000,accepted,10.7,4,2025-06-07T20:03:00.000000,0,true,true,true,true,0,LABELED,0,,,0,0,LABELED,0,,,true,true,true
3944,2025-07-18T00:00:00.000000,17925,2025-09-14T11:55:00.000000,scheduled_visit,21.6,1,2025-09-14T11:55:00.000000,1,true,true,true,true,1,LABELED,1,17925,2025-09-15T09:31:00.000Z,0,1,LABELED,1,17925,2025-09-14T11:55:00.000000,true,true,true
3945,2025-08-04T00:00:00.000000,17927,2025-08-05T09:40:28.000000,scheduled_visit,2.1,2,2025-08-06T13:55:44.000000,1,true,true,true,true,1,LABELED,1,17927,2025-08-05T11:46:28.000Z,0,1,LABELED,1,17927,2025-08-05T09:40:28.000000,true,true,true
3946,2025-11-16T00:00:00.000000,17931,2025-11-17T11:17:13.000000,accepted,1.4,7,2026-06-25T13:01:00.000000,0,true,true,true,true,0,AMBIGUOUS,,,,1,0,LABELED,1,17932,2025-11-21T11:28:40.000000,true,true,true
3947,2025-01-03T00:00:00.000000,17935,2025-12-02T16:30:00.000000,accepted,,2,2026-03-16T16:08:00.000000,0,true,true,true,true,0,LABELED,0,,,0,0,LABELED,0,,,true,true,true
3948,2025-02-10T00:00:00.000000,17940,2025-02-10T10:05:36.000000,no_response,15.4,5,2026-05-14T16:57:00.000000,0,true,true,true,true,0,LABELED,0,,,0,1,LABELED,0,,,true,true,true
3949,2026-04-13T00:00:00.000000,17942,2026-04-26T15:19:26.000000,rejected,,2,2026-06-01T12:59:00.000000,0,true,true,true,true,0,LABELED,0,,,0,0,LABELED,0,,,true,true,true
3950,2025-08-23T00:00:00.000000,17951,2025-08-23T12:49:27.000000,accepted,,8,2026-03-18T10:41:00.000000,0,true,true,true,true,0,LABELED,1,17944,2025-08-28T00:41:28.000Z,0,2,LABELED,1,17944,2025-08-27T15:35:28.000000,true,true,true
3951,2025-03-17T00:00:00.000000,17952,2025-03-19T12:51:19.000000,accepted,1.9,1,2025-03-19T12:51:19.000000,0,true,true,true,true,0,LABELED,0,,,0,0,LABELED,0,,,true,true,true
3952,2025-06-07T00:00:00.000000,17955,2025-06-14T17:30:06.000000,scheduled_visit,24,5,2025-10-27T16:20:00.000000,1,true,true,true,true,1,LABELED,1,17955,2025-06-15T17:30:06.000Z,0,1,LABELED,1,17955,2025-06-14T17:30:06.000000,true,true,true
3953,2025-12-20T00:00:00.000000,17960,2025-12-26T18:51:13.000000,scheduled_visit,6,3,2026-05-22T11:08:00.000000,1,true,true,true,true,1,LABELED,1,17960,2025-12-27T00:51:13.000Z,0,2,LABELED,1,17960,2025-12-26T18:51:13.000000,true,true,true
3954,2025-02-28T00:00:00.000000,17962,2025-03-03T14:27:00.000000,no_response,3.9,6,2026-05-05T13:30:00.000000,0,true,true,true,true,0,LABELED,0,,,0,0,LABELED,0,,,true,true,true
3955,2025-10-18T00:00:00.000000,17967,2025-10-19T08:40:32.000000,accepted,10.8,1,2025-10-19T08:40:32.000000,0,true,true,true,true,0,LABELED,0,,,0,0,LABELED,0,,,true,true,true
3956,2026-02-26T00:00:00.000000,17970,2026-02-27T12:59:43.000000,accepted,2.7,3,2026-05-06T11:10:00.000000,0,true,true,true,true,0,LABELED,0,,,0,0,LABELED,0,,,true,true,true
3957,2025-05-19T00:00:00.000000,17971,2026-02-03T13:30:00.000000,no_response,4.5,1,2026-02-03T13:30:00.000000,0,true,true,true,true,0,LABELED,0,,,0,0,LABELED,0,,,true,true,true
3958,2025-06-17T00:00:00.000000,17975,2025-06-18T13:25:41.000000,rejected,1.1,8,2025-10-02T17:34:00.000000,0,true,true,true,true,0,LABELED,1,17976,2025-06-21T23:31:57.000Z,0,1,LABELED,1,17976,2025-06-21T18:31:57.000000,true,true,true
3959,2025-11-13T00:00:00.000000,17980,2025-11-17T09:37:00.000000,rejected,11.1,3,2025-11-24T14:48:38.000000,0,true,true,true,true,0,LABELED,0,,,0,0,LABELED,0,,,true,true,true
3960,2026-01-24T00:00:00.000000,17983,2026-02-03T16:36:26.000000,accepted,2.1,1,2026-02-03T16:36:26.000000,0,true,true,true,true,0,LABELED,0,,,0,0,LABELED,0,,,true,true,true
3961,2025-06-15T00:00:00.000000,17984,2025-06-15T20:33:00.000000,scheduled_visit,57.2,8,2025-11-25T20:08:00.000000,1,true,true,true,true,1,LABELED,1,17984,2025-06-18T05:45:00.000Z,0,2,LABELED,1,17984,2025-06-15T20:33:00.000000,true,true,true
3962,2026-05-29T00:00:00.000000,17995,2026-05-30T09:25:40.000000,rejected,22,5,2026-06-10T15:06:53.000000,0,true,true,true,true,0,LABELED,1,17994,2026-06-05T23:44:40.000Z,0,1,LABELED,1,17994,2026-06-05T10:02:40.000000,true,true,false
3963,2025-06-20T00:00:00.000000,17998,2025-06-20T09:35:03.000000,no_response,1.7,5,2025-11-13T20:44:00.000000,0,true,true,true,true,0,LABELED,1,18000,2025-06-23T23:09:52.000Z,0,1,LABELED,1,18000,2025-06-23T15:45:52.000000,true,true,true
3964,2025-10-17T00:00:00.000000,18002,2025-10-21T13:01:42.000000,no_response,1.3,4,2025-11-29T12:15:00.000000,0,true,true,true,true,0,LABELED,1,18003,2025-10-26T10:56:03.000Z,0,1,LABELED,1,18003,2025-10-25T07:08:03.000000,true,true,true
3965,2025-03-14T00:00:00.000000,18007,2025-03-17T08:31:29.000000,accepted,7.5,7,2026-02-05T13:11:00.000000,0,true,true,true,true,0,LABELED,1,18006,2025-03-27T14:54:55.000Z,0,1,LABELED,1,18006,2025-03-27T07:42:55.000000,true,true,true
3966,2026-02-13T00:00:00.000000,18014,2026-02-21T09:19:12.000000,rejected,8.5,4,2026-06-08T09:24:00.000000,0,true,true,true,true,0,LABELED,1,18016,2026-02-24T10:37:13.000Z,0,1,LABELED,1,18016,2026-02-23T17:49:13.000000,true,true,true
3967,2025-10-27T00:00:00.000000,18022,2025-10-30T19:06:30.000000,no_response,2.6,7,2026-06-24T09:49:00.000000,0,true,true,true,true,0,LABELED,1,18023,2025-11-05T04:28:57.000Z,0,3,LABELED,1,18023,2025-11-04T15:10:57.000000,true,true,true
3968,2025-12-21T00:00:00.000000,18026,2025-12-23T07:53:13.000000,accepted,15.5,3,2025-12-29T19:26:41.000000,0,true,true,true,true,0,LABELED,0,,,0,0,LABELED,0,,,true,true,true
3969,2026-05-05T00:00:00.000000,18028,2026-05-08T20:49:09.000000,accepted,39.7,4,2026-05-15T08:18:31.000000,0,true,true,true,true,0,AMBIGUOUS,,,,1,0,LABELED,1,18030,2026-05-09T10:20:28.000000,true,true,true
3970,2025-06-13T00:00:00.000000,18031,2025-10-09T11:48:00.000000,scheduled_visit,10.9,1,2025-10-09T11:48:00.000000,1,true,true,true,true,1,LABELED,1,18031,2025-10-09T22:42:00.000Z,0,1,LABELED,1,18031,2025-10-09T11:48:00.000000,true,true,true
3971,2025-07-08T00:00:00.000000,18035,2025-07-09T11:12:50.000000,no_response,13.4,7,2026-05-11T18:04:00.000000,0,true,true,true,true,0,LABELED,0,,,0,0,LABELED,0,,,true,true,true
3972,2025-06-18T00:00:00.000000,18042,2025-06-22T17:13:40.000000,accepted,3.3,7,2026-02-26T12:05:00.000000,0,true,true,true,true,0,LABELED,1,18043,2025-06-25T12:03:23.000Z,0,2,LABELED,1,18043,2025-06-23T15:09:23.000000,true,true,true
3973,2025-11-11T00:00:00.000000,18047,2025-11-13T09:48:22.000000,scheduled_visit,7.6,3,2025-11-21T17:58:00.000000,1,true,true,true,true,1,LABELED,1,18047,2025-11-13T17:24:22.000Z,1,1,LABELED,1,18047,2025-11-13T09:48:22.000000,true,true,true
3974,2025-06-05T00:00:00.000000,18049,2025-06-17T14:30:48.000000,no_response,6.9,2,2025-09-21T07:16:00.000000,0,true,true,true,true,0,LABELED,0,,,0,0,LABELED,0,,,true,true,true
3975,2025-07-25T00:00:00.000000,18051,2025-07-27T17:59:23.000000,no_response,1,4,2026-06-09T14:42:00.000000,0,true,true,true,true,0,LABELED,0,,,0,0,LABELED,0,,,true,true,true
3976,2025-06-10T00:00:00.000000,18055,2026-02-17T09:29:00.000000,accepted,16.7,1,2026-02-17T09:29:00.000000,0,true,true,true,true,0,LABELED,0,,,0,0,LABELED,0,,,true,true,true
3977,2025-06-03T00:00:00.000000,18056,2025-08-11T12:02:00.000000,scheduled_visit,37.9,4,2026-05-23T07:15:00.000000,1,true,true,true,true,1,LABELED,1,18056,2025-08-13T01:56:00.000Z,0,1,LABELED,1,18056,2025-08-11T12:02:00.000000,true,true,true
3978,2025-02-21T00:00:00.000000,18061,2025-02-28T20:51:16.000000,rejected,8.1,2,2025-04-07T08:23:00.000000,0,true,true,true,true,0,LABELED,0,,,0,0,LABELED,0,,,true,true,true
3979,2025-09-26T00:00:00.000000,18062,2026-03-29T11:10:00.000000,accepted,,1,2026-03-29T11:10:00.000000,0,true,true,true,true,0,LABELED,0,,,0,0,LABELED,0,,,true,true,true
3980,2026-02-20T00:00:00.000000,18063,2026-02-26T11:13:15.000000,scheduled_visit,19.9,2,2026-03-04T12:07:17.000000,1,true,true,true,true,1,LABELED,1,18063,2026-02-27T07:07:15.000Z,0,2,LABELED,1,18063,2026-02-26T11:13:15.000000,true,true,true
3981,2025-05-19T00:00:00.000000,18066,2025-05-25T12:27:00.000000,accepted,1.5,2,2025-09-06T19:05:00.000000,0,true,true,true,true,0,LABELED,0,,,0,0,LABELED,0,,,true,true,true
3982,2026-02-23T00:00:00.000000,18069,2026-02-27T18:52:10.000000,scheduled_visit,6.6,3,2026-05-01T10:03:00.000000,1,true,true,true,true,1,LABELED,1,18069,2026-02-28T01:28:10.000Z,0,2,LABELED,1,18069,2026-02-27T18:52:10.000000,true,true,true
3983,2026-01-13T00:00:00.000000,18072,2026-01-14T13:36:52.000000,accepted,15,7,2026-04-11T13:12:00.000000,0,true,true,true,true,0,LABELED,0,,,0,0,LABELED,0,,,true,true,true
3984,2025-02-06T00:00:00.000000,18077,2025-02-13T14:25:03.000000,accepted,4.2,1,2025-02-13T14:25:03.000000,0,true,true,true,true,0,LABELED,0,,,0,0,LABELED,0,,,true,true,true
3985,2026-05-14T00:00:00.000000,18080,2026-05-14T10:42:56.000000,no_response,59.5,8,2026-05-24T13:20:12.000000,0,true,true,true,true,0,LABELED,1,18084,2026-05-20T03:49:51.000Z,0,1,LABELED,1,18084,2026-05-19T17:43:51.000000,true,true,true
3986,2025-05-03T00:00:00.000000,18088,2025-05-03T19:37:13.000000,scheduled_visit,6.3,5,2026-06-14T12:55:00.000000,1,true,true,true,true,1,LABELED,1,18088,2025-05-04T01:55:13.000Z,0,2,LABELED,1,18088,2025-05-03T19:37:13.000000,true,true,true
3987,2025-08-17T00:00:00.000000,18095,2025-08-26T20:04:19.000000,no_response,25.2,5,2026-04-25T12:22:00.000000,0,true,true,true,true,0,LABELED,0,,,0,0,LABELED,0,,,true,true,true
3988,2025-04-01T00:00:00.000000,18101,2025-04-02T10:03:51.000000,rejected,18.4,7,2026-06-24T08:23:00.000000,0,true,true,true,true,0,LABELED,0,,,0,1,LABELED,0,,,true,true,true
3989,2026-01-05T00:00:00.000000,18103,2026-01-20T11:15:00.000000,accepted,11.7,1,2026-01-20T11:15:00.000000,0,true,true,true,true,0,LABELED,0,,,0,0,LABELED,0,,,true,true,true
3990,2025-08-12T00:00:00.000000,18105,2025-08-13T17:02:23.000000,no_response,3.8,5,2026-05-12T11:15:00.000000,0,true,true,true,true,0,LABELED,0,,,0,0,LABELED,0,,,true,true,true
3991,2025-05-14T00:00:00.000000,18111,2025-05-25T11:11:11.000000,no_response,7.4,6,2026-04-18T17:20:00.000000,0,true,true,true,true,0,LABELED,0,,,0,0,LABELED,0,,,true,true,true
3992,2025-10-27T00:00:00.000000,18116,2026-02-03T12:52:00.000000,accepted,3.2,2,2026-04-09T18:14:00.000000,0,true,true,true,true,0,LABELED,0,,,0,0,LABELED,0,,,true,true,true
3993,2025-10-10T00:00:00.000000,18119,2025-10-16T11:37:51.000000,scheduled_visit,7.5,3,2026-04-09T18:07:00.000000,1,true,true,true,true,1,LABELED,1,18119,2025-10-16T19:07:51.000Z,0,1,LABELED,1,18119,2025-10-16T11:37:51.000000,true,true,true
3994,2025-05-30T00:00:00.000000,18122,2025-06-06T19:48:09.000000,accepted,4.9,6,2026-04-28T08:33:00.000000,0,true,true,true,true,0,LABELED,0,,,0,0,LABELED,0,,,true,true,true
3995,2025-11-21T00:00:00.000000,18126,2025-11-25T16:01:45.000000,accepted,,1,2025-11-25T16:01:45.000000,0,true,true,true,true,0,LABELED,0,,,0,0,LABELED,0,,,true,true,true
3996,2026-01-06T00:00:00.000000,18131,2026-01-11T10:08:03.000000,rejected,0.8,8,2026-06-20T16:02:00.000000,0,true,true,true,true,0,LABELED,1,18127,2026-01-20T20:57:00.000Z,0,2,LABELED,1,18127,2026-01-20T15:15:00.000000,true,true,true
3997,2026-04-03T00:00:00.000000,18139,2026-04-03T14:50:01.000000,accepted,8.1,7,2026-04-14T20:01:35.000000,0,true,true,true,true,0,LABELED,0,,,0,0,LABELED,0,,,true,true,true
3998,2026-04-24T00:00:00.000000,18143,2026-05-06T14:46:31.000000,accepted,13.8,2,2026-05-06T19:13:19.000000,0,true,true,true,true,0,LABELED,0,,,0,0,LABELED,0,,,true,true,true
3999,2026-01-12T00:00:00.000000,18147,2026-01-13T07:43:38.000000,accepted,,8,2026-05-12T17:32:00.000000,0,true,true,true,true,0,LABELED,0,,,0,0,LABELED,0,,,true,true,true
4000,2026-03-16T00:00:00.000000,18152,2026-03-28T16:07:33.000000,accepted,23.2,2,2026-03-29T09:23:38.000000,0,true,true,true,true,0,LABELED,0,,,0,0,LABELED,0,,,true,true,true
4001,2025-06-09T00:00:00.000000,18154,2025-06-15T20:01:36.000000,accepted,3.1,6,2026-06-02T13:08:00.000000,0,true,true,true,true,0,LABELED,1,18156,2025-06-17T10:32:26.000Z,0,1,LABELED,1,18156,2025-06-17T09:32:26.000000,true,true,true
4002,2026-02-27T00:00:00.000000,18165,2026-03-01T14:11:04.000000,accepted,6,6,2026-03-11T19:36:28.000000,0,true,true,true,true,0,LABELED,1,18162,2026-03-02T22:55:01.000Z,0,2,LABELED,1,18162,2026-03-01T19:55:01.000000,true,true,true
4003,2026-03-02T00:00:00.000000,18166,2026-03-07T19:08:34.000000,accepted,1.7,3,2026-03-08T20:41:05.000000,0,true,true,true,true,0,LABELED,1,18168,2026-03-09T20:58:16.000Z,0,1,LABELED,1,18168,2026-03-08T10:40:16.000000,true,true,true
4004,2025-12-23T00:00:00.000000,18173,2025-12-25T09:16:22.000000,accepted,3.5,5,2026-02-06T17:05:00.000000,0,true,true,true,true,0,LABELED,0,,,0,0,LABELED,0,,,true,true,true
4005,2026-04-09T00:00:00.000000,18175,2026-04-09T07:31:57.000000,rejected,28.2,4,2026-04-19T14:22:16.000000,0,true,true,true,true,0,LABELED,1,18176,2026-04-13T23:05:17.000Z,0,1,LABELED,1,18176,2026-04-13T14:53:17.000000,true,true,true
4006,2026-02-12T00:00:00.000000,18178,2026-02-15T16:01:20.000000,accepted,2.1,4,2026-02-21T08:10:35.000000,0,true,true,true,true,0,LABELED,1,18180,2026-02-21T05:34:04.000Z,0,2,LABELED,1,18180,2026-02-20T13:10:04.000000,true,true,true
4007,2025-10-27T00:00:00.000000,18188,2025-10-27T07:50:46.000000,scheduled_visit,15.9,7,2026-05-02T08:42:00.000000,1,true,true,true,true,1,LABELED,1,18188,2025-10-27T23:44:46.000Z,0,3,LABELED,1,18188,2025-10-27T07:50:46.000000,true,true,true
4008,2025-11-06T00:00:00.000000,18190,2025-11-10T13:59:23.000000,accepted,23.9,3,2026-04-22T14:06:00.000000,0,true,true,true,true,0,LABELED,0,,,0,0,LABELED,0,,,true,true,true
4009,2025-11-07T00:00:00.000000,18192,2025-11-19T13:23:30.000000,accepted,18.2,1,2025-11-19T13:23:30.000000,0,true,true,true,true,0,LABELED,0,,,0,0,LABELED,0,,,true,true,true
4010,2025-07-10T00:00:00.000000,18198,2025-07-21T16:41:38.000000,accepted,8.6,7,2026-06-11T12:42:00.000000,0,true,true,true,true,0,LABELED,0,,,0,2,LABELED,0,,,true,true,true
4011,2026-01-07T00:00:00.000000,18204,2026-01-08T15:50:46.000000,scheduled_visit,10.4,5,2026-02-25T19:53:00.000000,1,true,true,true,true,1,LABELED,1,18204,2026-01-09T02:14:46.000Z,0,2,LABELED,1,18204,2026-01-08T15:50:46.000000,true,true,true
4012,2026-03-16T00:00:00.000000,18205,2026-03-22T12:31:28.000000,accepted,47.7,3,2026-03-29T18:32:47.000000,0,true,true,true,true,0,LABELED,0,,,0,0,LABELED,0,,,true,true,true
4013,2025-09-12T00:00:00.000000,18211,2025-09-13T19:47:12.000000,scheduled_visit,13.8,5,2026-05-06T18:42:00.000000,1,true,true,true,true,1,LABELED,1,18211,2025-09-14T09:35:12.000Z,0,2,LABELED,1,18211,2025-09-13T19:47:12.000000,true,true,true
4014,2026-02-24T00:00:00.000000,18213,2026-02-24T14:47:34.000000,accepted,22.8,8,2026-03-18T12:03:00.000000,0,true,true,true,true,0,LABELED,1,18214,2026-03-05T10:40:27.000Z,3,1,LABELED,1,18214,2026-03-05T09:04:27.000000,true,true,true
4015,2025-11-11T00:00:00.000000,18225,2025-11-11T08:07:27.000000,rejected,1.6,5,2025-12-20T16:20:00.000000,0,true,true,true,true,0,LABELED,1,18221,2025-11-14T17:44:07.000Z,0,3,LABELED,1,18221,2025-11-14T16:44:07.000000,true,true,true
4016,2026-01-14T00:00:00.000000,18226,2026-02-05T09:17:00.000000,accepted,12.4,1,2026-02-05T09:17:00.000000,0,true,true,true,true,0,LABELED,0,,,0,0,LABELED,0,,,true,true,true
4017,2026-01-13T00:00:00.000000,18227,2026-01-19T13:17:43.000000,rejected,3,3,2026-01-23T11:35:21.000000,0,true,true,true,true,0,LABELED,0,,,0,0,LABELED,0,,,true,true,true
4018,2025-01-21T00:00:00.000000,18230,2025-04-29T15:15:00.000000,rejected,4.5,1,2025-04-29T15:15:00.000000,0,true,true,true,true,0,LABELED,0,,,0,0,LABELED,0,,,true,true,true
4019,2025-05-29T00:00:00.000000,18231,2025-06-05T18:57:09.000000,accepted,4.4,1,2025-06-05T18:57:09.000000,0,true,true,true,true,0,LABELED,0,,,0,0,LABELED,0,,,true,true,true
4020,2026-01-20T00:00:00.000000,18233,2026-01-21T07:15:10.000000,accepted,11.7,7,2026-04-12T16:37:00.000000,0,true,true,true,true,0,LABELED,0,,,0,0,LABELED,0,,,true,true,true
4021,2025-02-15T00:00:00.000000,18239,2025-02-20T07:23:19.000000,no_response,11.9,7,2026-04-15T16:15:00.000000,0,true,true,true,true,0,LABELED,0,,,0,1,LABELED,0,,,true,true,true
4022,2025-04-30T00:00:00.000000,18248,2025-05-30T12:01:00.000000,rejected,4.1,6,2026-06-14T18:35:00.000000,0,true,true,true,true,0,LABELED,0,,,0,2,LABELED,0,,,true,true,true
4023,2025-06-20T00:00:00.000000,18252,2025-06-23T17:54:17.000000,no_response,12.2,5,2026-03-13T11:18:00.000000,0,true,true,true,true,0,LABELED,0,,,0,0,LABELED,0,,,true,true,true
4024,2026-03-19T00:00:00.000000,18259,2026-03-21T08:44:18.000000,no_response,19.4,4,2026-04-01T16:33:53.000000,0,true,true,true,true,0,LABELED,0,,,0,0,LABELED,0,,,true,true,true
4025,2025-08-06T00:00:00.000000,18263,2025-08-08T14:08:55.000000,accepted,2.2,4,2026-02-21T08:19:00.000000,0,true,true,true,true,0,LABELED,0,,,0,0,LABELED,0,,,true,true,true
4026,2026-04-25T00:00:00.000000,18266,2026-04-28T18:51:38.000000,accepted,,4,2026-05-06T19:11:20.000000,0,true,true,true,true,0,LABELED,0,,,0,0,LABELED,0,,,true,true,true
4027,2026-05-03T00:00:00.000000,18271,2026-05-04T11:05:07.000000,scheduled_visit,17.8,6,2026-05-16T17:31:14.000000,1,true,true,true,true,1,LABELED,1,18271,2026-05-05T04:53:07.000Z,0,1,LABELED,1,18271,2026-05-04T11:05:07.000000,true,true,true
4028,2025-12-27T00:00:00.000000,18275,2025-12-30T14:40:03.000000,accepted,16,2,2025-12-31T20:01:46.000000,0,true,true,true,true,0,LABELED,0,,,0,0,LABELED,0,,,true,true,true
4029,2026-05-11T00:00:00.000000,18278,2026-05-12T16:52:29.000000,no_response,5.7,5,2026-05-19T10:29:25.000000,0,true,true,true,true,0,LABELED,0,,,0,0,LABELED,0,,,true,true,true
4030,2025-01-03T00:00:00.000000,18284,2025-05-11T07:17:00.000000,accepted,7.6,5,2025-10-18T17:43:00.000000,0,true,true,true,true,0,LABELED,0,,,0,1,LABELED,0,,,true,true,true
4031,2025-12-04T00:00:00.000000,18292,2025-12-07T19:10:35.000000,scheduled_visit,14.5,8,2026-06-26T17:13:00.000000,1,true,true,true,true,1,LABELED,1,18292,2025-12-08T09:40:35.000Z,1,2,LABELED,1,18292,2025-12-07T19:10:35.000000,true,true,true
4032,2025-12-22T00:00:00.000000,18296,2025-12-30T09:47:33.000000,accepted,,5,2026-04-19T14:33:00.000000,0,true,true,true,true,0,LABELED,1,18298,2026-01-03T17:08:19.000Z,0,1,LABELED,1,18298,2026-01-03T07:02:19.000000,true,true,true
4033,2025-02-22T00:00:00.000000,18302,2025-02-25T08:42:07.000000,rejected,14.3,5,2025-06-15T07:06:00.000000,0,true,true,true,true,0,LABELED,0,,,0,0,LABELED,0,,,true,true,true
4034,2025-12-30T00:00:00.000000,18308,2026-01-02T08:51:50.000000,accepted,34.6,6,2026-06-14T07:23:00.000000,0,true,true,true,true,0,LABELED,0,,,0,0,LABELED,0,,,true,true,true
4035,2025-03-17T00:00:00.000000,18315,2025-03-26T12:00:29.000000,accepted,4.5,7,2026-06-29T17:09:00.000000,0,true,true,true,true,0,LABELED,0,,,0,1,LABELED,0,,,true,true,true
4036,2025-02-10T00:00:00.000000,18323,2025-02-14T09:46:09.000000,accepted,12.9,7,2026-05-27T19:19:00.000000,0,true,true,true,true,0,LABELED,0,,,0,0,LABELED,0,,,true,true,true
4037,2025-01-02T00:00:00.000000,18325,2025-02-12T11:26:00.000000,scheduled_visit,6,2,2025-06-04T08:27:00.000000,1,true,true,true,true,1,LABELED,1,18325,2025-02-12T17:26:00.000Z,0,1,LABELED,1,18325,2025-02-12T11:26:00.000000,true,true,true
4038,2026-02-16T00:00:00.000000,18333,2026-02-16T15:46:52.000000,no_response,12.8,8,2026-05-25T17:28:00.000000,0,true,true,true,true,0,LABELED,0,,,0,0,LABELED,0,,,true,true,true
4039,2025-09-01T00:00:00.000000,18336,2025-09-04T14:54:59.000000,accepted,2.6,3,2026-01-25T18:40:00.000000,0,true,true,true,true,0,LABELED,1,18337,2025-09-08T10:48:26.000Z,0,1,LABELED,1,18337,2025-09-08T08:36:26.000000,true,true,true
4040,2025-07-13T00:00:00.000000,18338,2025-07-14T16:22:20.000000,accepted,5.3,5,2025-09-12T13:11:00.000000,0,true,true,true,true,0,AMBIGUOUS,,,,1,0,LABELED,1,18340,2025-07-20T17:31:16.000000,true,true,true
4041,2026-01-03T00:00:00.000000,18344,2026-01-04T13:25:47.000000,no_response,1.2,3,2026-01-10T11:01:59.000000,0,true,true,true,true,0,LABELED,1,18343,2026-01-11T00:25:59.000Z,0,1,LABELED,1,18343,2026-01-10T11:01:59.000000,true,true,true
4042,2025-03-17T00:00:00.000000,18347,2025-04-13T15:19:00.000000,accepted,,6,2026-06-14T14:41:00.000000,0,true,true,true,true,0,LABELED,0,,,0,0,LABELED,0,,,true,true,true
4043,2026-05-28T00:00:00.000000,18352,2026-06-01T11:09:26.000000,scheduled_visit,8.9,8,2026-06-09T07:59:48.000000,1,true,true,true,true,1,LABELED,1,18352,2026-06-01T20:03:26.000Z,0,3,CENSORED,,,,true,false,false
4044,2025-01-12T00:00:00.000000,18360,2025-01-18T18:41:29.000000,no_response,3.9,3,2025-10-22T15:01:00.000000,0,true,true,true,true,0,LABELED,0,,,0,0,LABELED,0,,,true,true,true
4045,2025-05-03T00:00:00.000000,18363,2025-05-14T14:41:01.000000,accepted,8.3,3,2026-02-06T16:52:00.000000,0,true,true,true,true,0,LABELED,0,,,0,1,LABELED,0,,,true,true,true
4046,2026-02-03T00:00:00.000000,18367,2026-02-03T07:56:41.000000,no_response,,5,2026-02-16T15:36:53.000000,0,true,true,true,true,0,LABELED,0,,,0,0,LABELED,0,,,true,true,true
4047,2025-03-16T00:00:00.000000,18372,2025-03-22T19:28:19.000000,scheduled_visit,2.7,3,2025-11-06T15:25:00.000000,1,true,true,true,true,1,LABELED,1,18372,2025-03-22T22:10:19.000Z,0,1,LABELED,1,18372,2025-03-22T19:28:19.000000,true,true,true
4048,2025-06-04T00:00:00.000000,18379,2025-06-04T14:34:44.000000,no_response,16.4,6,2025-06-16T11:56:12.000000,0,true,true,true,true,0,LABELED,0,,,0,0,LABELED,0,,,true,true,true
4049,2025-05-27T00:00:00.000000,18380,2025-08-02T16:40:00.000000,accepted,17.6,6,2026-04-26T13:58:00.000000,0,true,true,true,true,0,LABELED,0,,,0,0,LABELED,0,,,true,true,true
4050,2025-01-24T00:00:00.000000,18389,2025-02-02T19:45:21.000000,accepted,5.5,4,2025-11-15T11:39:00.000000,0,true,true,true,true,0,AMBIGUOUS,,,,1,1,LABELED,1,18388,2025-02-04T20:34:09.000000,true,true,true
4051,2025-10-24T00:00:00.000000,18391,2025-11-01T16:31:21.000000,accepted,16.9,2,2025-11-02T13:40:52.000000,0,true,true,true,true,0,LABELED,0,,,0,0,LABELED,0,,,true,true,true
4052,2026-02-20T00:00:00.000000,18398,2026-02-21T12:52:34.000000,no_response,12,8,2026-04-23T18:01:00.000000,0,true,true,true,true,0,LABELED,1,18394,2026-02-28T13:12:20.000Z,1,1,LABELED,1,18394,2026-02-28T10:12:20.000000,true,true,true
4053,2025-01-21T00:00:00.000000,18400,2025-01-26T19:48:29.000000,rejected,0.5,1,2025-01-26T19:48:29.000000,0,true,true,true,true,0,LABELED,0,,,0,0,LABELED,0,,,true,true,true
4054,2025-06-20T00:00:00.000000,18401,2025-06-29T13:58:49.000000,no_response,0.5,1,2025-06-29T13:58:49.000000,0,true,true,true,true,0,LABELED,0,,,0,0,LABELED,0,,,true,true,true
4055,2026-03-29T00:00:00.000000,18405,2026-03-31T17:10:29.000000,accepted,,4,2026-04-08T20:45:43.000000,0,true,true,true,true,0,LABELED,0,,,0,0,LABELED,0,,,true,true,true
4056,2026-01-10T00:00:00.000000,18410,2026-01-15T14:04:05.000000,rejected,22.4,5,2026-03-20T07:57:00.000000,0,true,true,true,true,0,LABELED,1,18407,2026-01-23T12:28:47.000Z,0,2,LABELED,1,18407,2026-01-23T09:16:47.000000,true,true,true
4057,2025-12-04T00:00:00.000000,18415,2025-12-10T14:39:28.000000,accepted,13.8,5,2026-02-09T11:59:00.000000,0,true,true,true,true,0,LABELED,0,,,0,0,LABELED,0,,,true,true,true
4058,2025-01-17T00:00:00.000000,18417,2025-01-30T10:31:37.000000,no_response,,3,2025-10-22T14:10:00.000000,0,true,true,true,true,0,LABELED,0,,,0,0,LABELED,0,,,true,true,true
4059,2026-02-23T00:00:00.000000,18421,2026-02-23T19:17:41.000000,rejected,,7,2026-06-05T08:38:00.000000,0,true,true,true,true,0,LABELED,1,18419,2026-02-28T15:43:38.000Z,0,3,LABELED,1,18419,2026-02-28T08:55:38.000000,true,true,true
4060,2025-12-02T00:00:00.000000,18427,2025-12-03T16:20:54.000000,scheduled_visit,4.6,8,2025-12-15T18:47:27.000000,1,true,true,true,true,1,LABELED,1,18427,2025-12-03T20:56:54.000Z,0,2,LABELED,1,18427,2025-12-03T16:20:54.000000,true,true,true
4061,2026-06-05T00:00:00.000000,18437,2026-06-05T09:55:13.000000,accepted,,4,2026-06-15T14:54:11.000000,0,true,true,true,true,0,LABELED,0,,,0,0,CENSORED,,,,true,false,false
4062,2025-09-17T00:00:00.000000,18438,2025-09-28T17:31:03.000000,scheduled_visit,,4,2026-04-05T15:19:00.000000,1,true,true,true,true,1,AMBIGUOUS,,,,1,0,LABELED,1,18438,2025-09-28T17:31:03.000000,true,true,true
4063,2026-02-02T00:00:00.000000,18444,2026-02-03T18:14:27.000000,no_response,21.2,7,2026-02-28T11:20:00.000000,0,true,true,true,true,0,LABELED,1,18443,2026-02-05T16:35:53.000Z,0,1,LABELED,1,18443,2026-02-05T14:59:53.000000,true,true,true
4064,2025-10-14T00:00:00.000000,18453,2025-10-14T16:29:04.000000,no_response,0.5,6,2025-12-07T07:09:00.000000,0,true,true,true,true,0,LABELED,0,,,0,0,LABELED,0,,,true,true,true
4065,2026-03-19T00:00:00.000000,18455,2026-03-20T14:14:08.000000,accepted,14.7,3,2026-05-14T14:39:00.000000,0,true,true,true,true,0,LABELED,1,18456,2026-03-31T07:06:55.000Z,0,1,LABELED,1,18456,2026-03-28T15:18:55.000000,true,true,true
4066,2025-10-13T00:00:00.000000,18460,2025-10-13T09:18:03.000000,no_response,16.1,6,2025-12-26T15:53:00.000000,0,true,true,true,true,0,LABELED,1,18458,2025-10-26T03:03:17.000Z,0,1,LABELED,1,18458,2025-10-24T10:03:17.000000,true,true,true
4067,2025-12-24T00:00:00.000000,18464,2025-12-25T19:05:15.000000,no_response,,2,2025-12-29T18:56:05.000000,0,true,true,true,true,0,LABELED,0,,,0,0,LABELED,0,,,true,true,true
4068,2025-08-25T00:00:00.000000,18466,2025-09-04T07:00:04.000000,scheduled_visit,7.8,1,2025-09-04T07:00:04.000000,1,true,true,true,true,1,LABELED,1,18466,2025-09-04T14:48:04.000Z,0,1,LABELED,1,18466,2025-09-04T07:00:04.000000,true,true,true
4069,2025-05-31T00:00:00.000000,18467,2025-06-01T18:29:30.000000,scheduled_visit,1.1,5,2026-06-08T13:30:00.000000,1,true,true,true,true,1,LABELED,1,18467,2025-06-01T19:35:30.000Z,0,2,LABELED,1,18467,2025-06-01T18:29:30.000000,true,true,true
4070,2025-04-05T00:00:00.000000,18475,2025-04-08T20:13:55.000000,no_response,,4,2026-04-20T14:40:00.000000,0,true,true,true,true,0,LABELED,1,18472,2025-05-01T08:34:00.000Z,0,1,LABELED,1,18472,2025-04-30T09:46:00.000000,true,true,true
4071,2025-04-25T00:00:00.000000,18480,2025-05-07T16:00:46.000000,scheduled_visit,31.7,6,2026-05-02T14:10:00.000000,1,true,true,true,true,1,LABELED,1,18480,2025-05-08T23:42:46.000Z,0,2,LABELED,1,18480,2025-05-07T16:00:46.000000,true,true,true
4072,2025-11-18T00:00:00.000000,18488,2025-11-19T11:04:03.000000,scheduled_visit,5.6,7,2026-04-19T16:55:00.000000,1,true,true,true,true,1,LABELED,1,18488,2025-11-19T16:40:03.000Z,0,1,LABELED,1,18488,2025-11-19T11:04:03.000000,true,true,true
4073,2026-06-19T00:00:00.000000,18489,2026-06-26T17:56:36.000000,accepted,8.1,3,2026-07-01T15:55:20.000000,0,true,true,false,true,0,CENSORED,,,,0,0,CENSORED,,,,false,false,false
4074,2025-05-26T00:00:00.000000,18495,2025-05-28T17:12:30.000000,accepted,1.3,8,2026-04-11T17:19:00.000000,0,true,true,true,true,0,LABELED,0,,,0,1,LABELED,0,,,true,true,true
4075,2025-08-14T00:00:00.000000,18502,2025-08-15T13:05:02.000000,accepted,3.8,6,2025-09-22T11:00:00.000000,0,true,true,true,true,0,LABELED,0,,,0,1,LABELED,0,,,true,true,true
4076,2025-08-11T00:00:00.000000,18506,2026-03-07T17:58:00.000000,accepted,,1,2026-03-07T17:58:00.000000,0,true,true,true,true,0,LABELED,0,,,0,0,LABELED,0,,,true,true,true
4077,2025-10-04T00:00:00.000000,18507,2025-10-09T13:01:18.000000,accepted,0.5,1,2025-10-09T13:01:18.000000,0,true,true,true,true,0,LABELED,0,,,0,0,LABELED,0,,,true,true,true
4078,2026-03-24T00:00:00.000000,18508,2026-03-27T16:49:33.000000,scheduled_visit,3.1,2,2026-03-30T18:59:14.000000,1,true,true,true,true,1,LABELED,1,18508,2026-03-27T19:55:33.000Z,0,2,LABELED,1,18508,2026-03-27T16:49:33.000000,true,true,true
4079,2025-04-23T00:00:00.000000,18513,2025-04-26T11:47:48.000000,accepted,12.2,4,2025-06-30T17:05:00.000000,0,true,true,true,true,0,LABELED,0,,,0,1,LABELED,0,,,true,true,true
4080,2025-05-07T00:00:00.000000,18515,2025-05-08T15:12:24.000000,no_response,15.5,5,2026-04-12T14:51:00.000000,0,true,true,true,true,0,AMBIGUOUS,,,,1,0,LABELED,1,18516,2025-05-15T14:46:08.000000,true,true,true
4081,2025-03-05T00:00:00.000000,18519,2025-03-07T13:46:45.000000,accepted,,5,2026-04-21T08:27:00.000000,0,true,true,true,true,0,LABELED,0,,,0,0,LABELED,0,,,true,true,true
4082,2025-02-07T00:00:00.000000,18526,2025-02-10T13:58:16.000000,accepted,11,5,2026-06-10T18:26:00.000000,0,true,true,true,true,0,LABELED,1,18524,2025-02-12T23:31:13.000Z,0,1,LABELED,1,18524,2025-02-12T09:55:13.000000,true,true,true
4083,2025-09-02T00:00:00.000000,18529,2025-09-05T17:27:22.000000,scheduled_visit,13.3,8,2026-04-24T11:59:00.000000,1,true,true,true,true,1,LABELED,1,18529,2025-09-06T06:45:22.000Z,0,2,LABELED,1,18529,2025-09-05T17:27:22.000000,true,true,true
4084,2025-03-24T00:00:00.000000,18541,2025-03-27T11:45:29.000000,accepted,8.2,6,2026-01-17T10:59:00.000000,0,true,true,true,true,0,LABELED,0,,,0,0,LABELED,0,,,true,true,true
4085,2025-12-12T00:00:00.000000,18543,2025-12-12T13:44:17.000000,accepted,15.2,5,2026-05-01T10:18:00.000000,0,true,true,true,true,0,LABELED,1,18546,2025-12-19T22:47:36.000Z,1,1,LABELED,1,18546,2025-12-19T19:23:36.000000,true,true,true
4086,2025-03-28T00:00:00.000000,18552,2025-04-05T16:14:52.000000,no_response,7.9,5,2026-05-18T19:48:00.000000,0,true,true,true,true,0,LABELED,0,,,0,2,LABELED,0,,,true,true,true
4087,2026-04-22T00:00:00.000000,18554,2026-04-29T13:41:15.000000,accepted,,2,2026-04-30T13:35:40.000000,0,true,true,true,true,0,LABELED,0,,,0,0,LABELED,0,,,true,true,true
4088,2025-05-13T00:00:00.000000,18558,2025-05-13T15:03:06.000000,rejected,5.4,6,2025-09-17T17:03:00.000000,0,true,true,true,true,0,LABELED,1,18560,2025-05-19T19:50:00.000Z,0,2,LABELED,1,18560,2025-05-19T11:50:00.000000,true,true,true
4089,2025-06-30T00:00:00.000000,18562,2025-11-01T18:12:00.000000,scheduled_visit,8.1,2,2026-06-14T09:30:00.000000,1,true,true,true,true,1,LABELED,1,18562,2025-11-02T02:18:00.000Z,0,1,LABELED,1,18562,2025-11-01T18:12:00.000000,true,true,true
4090,2026-06-05T00:00:00.000000,18564,2026-06-06T13:16:41.000000,accepted,1.5,8,2026-06-18T16:25:45.000000,0,true,true,true,true,0,LABELED,1,18570,2026-06-09T11:04:17.000Z,0,3,CENSORED,,,,true,false,false
4091,2025-08-08T00:00:00.000000,18571,2025-08-20T10:46:01.000000,accepted,27.6,1,2025-08-20T10:46:01.000000,0,true,true,true,true,0,LABELED,0,,,0,0,LABELED,0,,,true,true,true
4092,2026-02-17T00:00:00.000000,18577,2026-02-17T11:30:37.000000,no_response,3.7,6,2026-03-02T09:50:04.000000,0,true,true,true,true,0,LABELED,1,18572,2026-02-26T04:13:52.000Z,0,1,LABELED,1,18572,2026-02-25T14:13:52.000000,true,true,true
4093,2026-04-21T00:00:00.000000,18580,2026-04-22T16:15:10.000000,accepted,17.9,8,2026-06-14T12:54:00.000000,0,true,true,true,true,0,LABELED,0,,,0,0,LABELED,0,,,true,true,true
4094,2025-10-25T00:00:00.000000,18588,2025-10-29T08:45:20.000000,rejected,5.6,5,2025-11-07T19:37:06.000000,0,true,true,true,true,0,LABELED,1,18590,2025-11-06T09:59:31.000Z,0,1,LABELED,1,18590,2025-11-05T12:47:31.000000,true,true,true
4095,2026-01-22T00:00:00.000000,18592,2026-01-23T17:37:25.000000,no_response,9.8,3,2026-01-30T15:48:20.000000,0,true,true,true,true,0,LABELED,1,18593,2026-02-01T07:18:20.000Z,1,1,LABELED,1,18591,2026-01-23T20:56:41.000000,true,true,true
4096,2025-02-16T00:00:00.000000,18598,2025-02-26T08:29:19.000000,accepted,,5,2026-02-18T14:03:00.000000,0,true,true,true,true,0,LABELED,0,,,0,1,LABELED,0,,,true,true,true
4097,2025-06-04T00:00:00.000000,18599,2025-06-15T07:41:35.000000,accepted,11.9,2,2025-06-17T15:20:12.000000,0,true,true,true,true,0,LABELED,0,,,0,0,LABELED,0,,,true,true,true
4098,2025-03-03T00:00:00.000000,18606,2025-03-03T07:30:34.000000,accepted,2.8,8,2026-03-12T14:51:00.000000,0,true,true,true,true,0,LABELED,1,18608,2025-03-13T10:05:25.000Z,0,3,LABELED,1,18608,2025-03-12T10:17:25.000000,true,true,true
4099,2026-05-15T00:00:00.000000,18609,2026-05-22T16:14:00.000000,rejected,,2,2026-06-09T12:50:00.000000,0,true,true,true,true,0,LABELED,0,,,0,0,LABELED,0,,,true,true,false
4100,2026-04-25T00:00:00.000000,18612,2026-04-29T20:20:56.000000,accepted,,2,2026-05-05T18:16:19.000000,0,true,true,true,true,0,LABELED,0,,,0,0,LABELED,0,,,true,true,true
4101,2025-01-27T00:00:00.000000,18613,2025-08-07T14:53:00.000000,accepted,6.9,1,2025-08-07T14:53:00.000000,0,true,true,true,true,0,LABELED,0,,,0,0,LABELED,0,,,true,true,true
4102,2025-10-16T00:00:00.000000,18614,2026-02-06T17:49:00.000000,no_response,17.1,2,2026-04-18T14:59:00.000000,0,true,true,true,true,0,LABELED,0,,,0,0,LABELED,0,,,true,true,true
4103,2025-12-18T00:00:00.000000,18616,2025-12-29T15:08:48.000000,accepted,16,1,2025-12-29T15:08:48.000000,0,true,true,true,true,0,LABELED,0,,,0,0,LABELED,0,,,true,true,true
4104,2025-10-07T00:00:00.000000,18617,2025-10-14T07:22:52.000000,rejected,1.6,1,2025-10-14T07:22:52.000000,0,true,true,true,true,0,LABELED,0,,,0,0,LABELED,0,,,true,true,true
4105,2026-06-15T00:00:00.000000,18618,2026-06-17T08:33:06.000000,rejected,3.7,2,2026-06-28T20:40:21.000000,0,true,true,false,true,0,CENSORED,,,,0,0,CENSORED,,,,false,false,false
4106,2025-01-13T00:00:00.000000,18621,2025-01-14T14:48:48.000000,rejected,30,8,2026-06-04T13:44:00.000000,0,true,true,true,true,0,LABELED,0,,,0,2,LABELED,0,,,true,true,true
4107,2025-02-03T00:00:00.000000,18631,2025-02-05T12:04:32.000000,accepted,10,5,2026-02-25T19:24:00.000000,0,true,true,true,true,0,LABELED,0,,,0,2,LABELED,0,,,true,true,true
4108,2026-06-28T00:00:00.000000,18634,2026-07-05T14:02:59.000000,accepted,28.3,2,2026-07-07T18:59:51.000000,0,true,false,false,false,,CENSORED,,,,0,0,CENSORED,,,,false,false,false
4109,2025-10-29T00:00:00.000000,18639,2025-11-02T09:28:34.000000,no_response,5.2,6,2025-11-10T17:37:10.000000,0,true,true,true,true,0,LABELED,1,18640,2025-11-08T16:50:48.000Z,0,1,LABELED,1,18640,2025-11-08T12:20:48.000000,true,true,true
4110,2025-11-17T00:00:00.000000,18645,2025-11-18T19:51:47.000000,accepted,,6,2026-03-15T19:46:00.000000,0,true,true,true,true,0,LABELED,0,,,0,0,LABELED,0,,,true,true,true
4111,2025-07-21T00:00:00.000000,18649,2025-08-01T15:56:40.000000,accepted,0.5,3,2025-08-25T19:11:00.000000,0,true,true,true,true,0,LABELED,1,18647,2025-08-02T09:45:39.000Z,0,1,LABELED,1,18647,2025-08-02T08:45:39.000000,true,true,true
4112,2025-04-24T00:00:00.000000,18654,2025-04-26T09:31:17.000000,scheduled_visit,33.9,8,2026-03-01T17:57:00.000000,1,true,true,true,true,1,LABELED,1,18654,2025-04-27T19:25:17.000Z,0,2,LABELED,1,18654,2025-04-26T09:31:17.000000,true,true,true
4113,2025-08-13T00:00:00.000000,18658,2025-08-23T07:21:17.000000,accepted,27.4,1,2025-08-23T07:21:17.000000,0,true,true,true,true,0,LABELED,0,,,0,0,LABELED,0,,,true,true,true
4114,2025-12-10T00:00:00.000000,18666,2025-12-10T07:10:48.000000,accepted,3.4,8,2026-05-04T10:18:00.000000,0,true,true,true,true,0,LABELED,0,,,0,0,LABELED,0,,,true,true,true
4115,2025-05-12T00:00:00.000000,18673,2025-05-19T10:17:30.000000,no_response,6,8,2026-06-16T17:02:00.000000,0,true,true,true,true,0,LABELED,0,,,0,1,LABELED,0,,,true,true,true
4116,2025-03-01T00:00:00.000000,18679,2025-03-07T12:53:58.000000,accepted,,8,2026-03-15T09:02:00.000000,0,true,true,true,true,0,LABELED,0,,,0,3,LABELED,0,,,true,true,true
4117,2026-05-11T00:00:00.000000,18686,2026-05-17T08:56:34.000000,accepted,6.2,8,2026-06-15T18:49:00.000000,0,true,true,true,true,0,LABELED,1,18683,2026-05-19T14:46:34.000Z,0,2,LABELED,1,18683,2026-05-18T10:34:34.000000,true,true,false
4118,2026-01-30T00:00:00.000000,18691,2026-02-01T11:06:54.000000,accepted,,7,2026-06-02T12:35:00.000000,0,true,true,true,true,0,LABELED,0,,,0,0,LABELED,0,,,true,true,true
4119,2025-03-28T00:00:00.000000,18700,2025-04-10T08:35:22.000000,accepted,,3,2025-05-18T17:45:00.000000,0,true,true,true,true,0,LABELED,1,18699,2025-04-12T14:36:00.000Z,0,1,LABELED,1,18699,2025-04-12T07:12:00.000000,true,true,true
4120,2025-02-26T00:00:00.000000,18707,2025-03-04T15:52:09.000000,accepted,14.9,7,2025-12-03T19:31:00.000000,0,true,true,true,true,0,LABELED,0,,,0,2,LABELED,0,,,true,true,true
4121,2025-02-14T00:00:00.000000,18708,2025-04-12T20:07:00.000000,scheduled_visit,28.5,4,2026-06-28T13:37:00.000000,1,true,true,true,true,1,LABELED,1,18708,2025-04-14T00:37:00.000Z,0,1,LABELED,1,18708,2025-04-12T20:07:00.000000,true,true,true
4122,2026-04-29T00:00:00.000000,18714,2026-05-08T07:29:03.000000,no_response,7,3,2026-05-11T16:51:30.000000,0,true,true,true,true,0,LABELED,0,,,0,0,LABELED,0,,,true,true,true
4123,2025-02-24T00:00:00.000000,18716,2025-03-06T11:25:27.000000,rejected,,3,2026-01-28T13:19:00.000000,0,true,true,true,true,0,LABELED,0,,,0,0,LABELED,0,,,true,true,true
4124,2025-01-03T00:00:00.000000,18719,2025-04-06T19:32:00.000000,accepted,2.7,4,2026-06-02T20:36:00.000000,0,true,true,true,true,0,LABELED,0,,,0,0,LABELED,0,,,true,true,true
4125,2025-01-22T00:00:00.000000,18722,2025-04-06T11:10:00.000000,accepted,7,2,2025-12-23T12:42:00.000000,0,true,true,true,true,0,LABELED,0,,,0,0,LABELED,0,,,true,true,true
4126,2025-09-19T00:00:00.000000,18724,2025-09-20T09:54:49.000000,accepted,13.1,4,2026-03-04T09:09:00.000000,0,true,true,true,true,0,LABELED,0,,,0,1,LABELED,0,,,true,true,true
4127,2025-11-07T00:00:00.000000,18734,2025-11-07T10:27:01.000000,rejected,2.5,7,2026-04-02T07:24:00.000000,0,true,true,true,true,0,LABELED,1,18730,2025-11-09T10:27:03.000Z,0,2,LABELED,1,18730,2025-11-09T08:03:03.000000,true,true,true
4128,2025-06-14T00:00:00.000000,18738,2025-06-16T19:27:29.000000,scheduled_visit,11.5,7,2026-04-05T07:25:00.000000,1,true,true,true,true,1,LABELED,1,18738,2025-06-17T06:57:29.000Z,1,2,LABELED,1,18738,2025-06-16T19:27:29.000000,true,true,true
4129,2025-05-19T00:00:00.000000,18743,2025-05-27T08:17:20.000000,rejected,10.6,2,2026-01-27T07:32:00.000000,0,true,true,true,true,0,LABELED,0,,,0,0,LABELED,0,,,true,true,true
4130,2026-05-20T00:00:00.000000,18744,2026-05-23T09:36:50.000000,accepted,18.7,1,2026-05-23T09:36:50.000000,0,true,true,true,true,0,LABELED,0,,,0,0,LABELED,0,,,true,true,false
4131,2026-05-07T00:00:00.000000,18745,2026-05-07T19:49:35.000000,scheduled_visit,,7,2026-05-19T19:08:52.000000,1,true,true,true,true,1,LABELED,1,18747,2026-05-13T09:31:15.000Z,1,3,LABELED,1,18745,2026-05-07T19:49:35.000000,true,true,true
4132,2025-04-27T00:00:00.000000,18755,2025-05-01T16:02:11.000000,scheduled_visit,4.7,7,2026-06-16T12:55:00.000000,1,true,true,true,true,1,LABELED,1,18755,2025-05-01T20:44:11.000Z,0,2,LABELED,1,18755,2025-05-01T16:02:11.000000,true,true,true
4133,2026-03-02T00:00:00.000000,18762,2026-03-06T18:01:32.000000,rejected,8.3,5,2026-06-25T14:40:00.000000,0,true,true,true,true,0,LABELED,0,,,0,0,LABELED,0,,,true,true,true
4134,2025-11-02T00:00:00.000000,18765,2025-11-29T18:38:00.000000,accepted,6.6,4,2026-06-17T18:59:00.000000,0,true,true,true,true,0,LABELED,0,,,0,0,LABELED,0,,,true,true,true
4135,2025-11-30T00:00:00.000000,18768,2025-12-10T15:03:22.000000,no_response,3.3,1,2025-12-10T15:03:22.000000,0,true,true,true,true,0,LABELED,0,,,0,0,LABELED,0,,,true,true,true
4136,2026-03-29T00:00:00.000000,18770,2026-03-30T13:25:29.000000,rejected,3.9,4,2026-04-05T15:45:36.000000,0,true,true,true,true,0,AMBIGUOUS,,,,1,0,LABELED,1,18772,2026-04-05T15:45:36.000000,true,true,true
4137,2025-05-28T00:00:00.000000,18775,2025-05-31T13:46:57.000000,rejected,14.7,4,2026-06-13T20:39:00.000000,0,true,true,true,true,0,LABELED,0,,,0,1,LABELED,0,,,true,true,true
4138,2026-05-15T00:00:00.000000,18779,2026-05-16T19:45:34.000000,rejected,11.8,3,2026-05-27T11:12:39.000000,0,true,true,true,true,0,LABELED,0,,,0,0,LABELED,0,,,true,true,false
4139,2026-06-10T00:00:00.000000,18782,2026-06-14T14:33:22.000000,accepted,10.9,4,2026-06-23T17:22:18.000000,0,true,true,false,true,0,CENSORED,,,,0,0,CENSORED,,,,false,false,false
4140,2025-12-28T00:00:00.000000,18790,2025-12-30T16:58:00.000000,scheduled_visit,3.1,8,2026-06-29T08:52:00.000000,1,true,true,true,true,1,LABELED,1,18790,2025-12-30T20:04:00.000Z,0,1,LABELED,1,18790,2025-12-30T16:58:00.000000,true,true,true
4141,2025-04-02T00:00:00.000000,18793,2025-04-02T19:06:32.000000,accepted,1.5,8,2025-11-06T11:46:00.000000,0,true,true,true,true,0,AMBIGUOUS,,,,1,1,LABELED,1,18799,2025-04-03T08:17:55.000000,true,true,true
4142,2025-08-20T00:00:00.000000,18805,2025-08-24T17:34:37.000000,no_response,14.1,7,2026-04-09T07:43:00.000000,0,true,true,true,true,0,LABELED,0,,,0,0,LABELED,0,,,true,true,true
4143,2026-05-25T00:00:00.000000,18807,2026-05-26T18:39:10.000000,accepted,12.4,4,2026-05-29T09:43:19.000000,0,true,true,true,true,0,LABELED,1,18808,2026-05-28T18:55:06.000Z,0,1,LABELED,1,18808,2026-05-28T11:43:06.000000,true,true,false
4144,2026-03-01T00:00:00.000000,18812,2026-03-04T08:15:18.000000,accepted,4.8,2,2026-03-12T12:02:50.000000,0,true,true,true,true,0,LABELED,0,,,0,0,LABELED,0,,,true,true,true
4145,2025-06-27T00:00:00.000000,18816,2025-06-29T19:31:29.000000,accepted,36,8,2026-06-30T09:55:00.000000,0,true,true,true,true,0,LABELED,1,18815,2025-06-30T12:35:42.000Z,0,3,LABELED,1,18815,2025-06-30T09:35:42.000000,true,true,true
4146,2026-05-04T00:00:00.000000,18821,2026-05-13T19:46:45.000000,scheduled_visit,23.9,1,2026-05-13T19:46:45.000000,1,true,true,true,true,1,LABELED,1,18821,2026-05-14T19:40:45.000Z,0,1,LABELED,1,18821,2026-05-13T19:46:45.000000,true,true,true
4147,2026-01-20T00:00:00.000000,18823,2026-01-20T15:35:41.000000,no_response,1.4,5,2026-06-24T10:54:00.000000,0,true,true,true,true,0,LABELED,0,,,0,0,LABELED,0,,,true,true,true
4148,2026-03-23T00:00:00.000000,18829,2026-03-23T17:52:34.000000,scheduled_visit,8.8,5,2026-04-04T07:11:56.000000,1,true,true,true,true,1,LABELED,1,18829,2026-03-24T02:40:34.000Z,0,1,LABELED,1,18829,2026-03-23T17:52:34.000000,true,true,true
4149,2026-01-20T00:00:00.000000,18832,2026-01-27T16:01:42.000000,no_response,9.9,2,2026-01-27T18:43:32.000000,0,true,true,true,true,0,LABELED,0,,,0,0,LABELED,0,,,true,true,true
4150,2026-06-12T00:00:00.000000,18835,2026-06-14T07:09:55.000000,no_response,1.8,4,2026-06-30T20:11:00.000000,0,true,true,false,true,0,CENSORED,,,,0,0,CENSORED,,,,false,false,false
4151,2025-10-20T00:00:00.000000,18838,2026-05-07T11:16:00.000000,scheduled_visit,10.1,1,2026-05-07T11:16:00.000000,1,true,true,true,true,1,LABELED,1,18838,2026-05-07T21:22:00.000Z,0,1,LABELED,1,18838,2026-05-07T11:16:00.000000,true,true,true
4152,2025-01-11T00:00:00.000000,18841,2025-01-23T17:10:35.000000,accepted,26.8,3,2025-09-12T17:17:00.000000,0,true,true,true,true,0,LABELED,0,,,0,1,LABELED,0,,,true,true,true
4153,2025-07-02T00:00:00.000000,18843,2025-07-04T17:59:11.000000,accepted,10.9,2,2025-12-02T12:22:00.000000,0,true,true,true,true,0,LABELED,0,,,0,0,LABELED,0,,,true,true,true
4154,2025-10-27T00:00:00.000000,18845,2025-10-29T17:51:08.000000,accepted,12,7,2026-06-18T11:04:00.000000,0,true,true,true,true,0,LABELED,1,18849,2025-11-06T10:59:16.000Z,0,1,LABELED,1,18849,2025-11-05T16:17:16.000000,true,true,true
4155,2025-05-21T00:00:00.000000,18853,2025-06-01T08:11:36.000000,accepted,5.9,6,2026-05-02T18:18:00.000000,0,true,true,true,true,0,LABELED,0,,,0,1,LABELED,0,,,true,true,true
4156,2025-10-13T00:00:00.000000,18857,2025-10-17T15:12:31.000000,scheduled_visit,0.8,3,2026-02-27T09:23:00.000000,1,true,true,true,true,1,LABELED,1,18857,2025-10-17T16:00:31.000Z,0,1,LABELED,1,18857,2025-10-17T15:12:31.000000,true,true,true
4157,2025-08-26T00:00:00.000000,18860,2025-08-31T13:17:24.000000,accepted,6.2,1,2025-08-31T13:17:24.000000,0,true,true,true,true,0,LABELED,0,,,0,0,LABELED,0,,,true,true,true
4158,2025-04-04T00:00:00.000000,18861,2026-05-23T07:07:00.000000,accepted,2.8,1,2026-05-23T07:07:00.000000,0,true,true,true,true,0,LABELED,0,,,0,0,LABELED,0,,,true,true,false
4159,2026-05-12T00:00:00.000000,18863,2026-05-12T09:49:48.000000,accepted,16.2,8,2026-05-21T11:36:13.000000,0,true,true,true,true,0,LABELED,1,18865,2026-05-14T17:07:40.000Z,0,4,LABELED,1,18865,2026-05-14T12:07:40.000000,true,true,true
4160,2025-09-16T00:00:00.000000,18870,2025-09-18T13:47:55.000000,rejected,,2,2025-09-23T17:32:07.000000,0,true,true,true,true,0,LABELED,0,,,0,0,LABELED,0,,,true,true,true
4161,2025-06-23T00:00:00.000000,18873,2025-06-26T10:32:56.000000,scheduled_visit,0.6,3,2025-07-02T15:33:44.000000,1,true,true,true,true,1,LABELED,1,18873,2025-06-26T11:08:56.000Z,0,2,LABELED,1,18873,2025-06-26T10:32:56.000000,true,true,true
4162,2025-08-07T00:00:00.000000,18880,2025-08-08T20:05:20.000000,no_response,32.4,8,2025-08-20T11:53:00.000000,0,true,true,true,true,0,LABELED,1,18875,2025-08-09T00:17:52.000Z,0,1,LABELED,1,18875,2025-08-08T20:05:52.000000,true,true,true
4163,2025-12-02T00:00:00.000000,18890,2025-12-03T12:02:10.000000,accepted,3.8,8,2025-12-15T12:48:45.000000,0,true,true,true,true,0,LABELED,0,,,0,0,LABELED,0,,,true,true,true
4164,2025-05-08T00:00:00.000000,18891,2025-12-19T08:31:00.000000,scheduled_visit,14.5,1,2025-12-19T08:31:00.000000,1,true,true,true,true,1,LABELED,1,18891,2025-12-19T23:01:00.000Z,0,1,LABELED,1,18891,2025-12-19T08:31:00.000000,true,true,true
4165,2025-02-14T00:00:00.000000,18892,2025-06-06T20:12:00.000000,rejected,13.1,1,2025-06-06T20:12:00.000000,0,true,true,true,true,0,LABELED,0,,,0,0,LABELED,0,,,true,true,true
4166,2025-11-11T00:00:00.000000,18896,2025-11-14T11:31:12.000000,accepted,,4,2025-11-23T15:59:59.000000,0,true,true,true,true,0,AMBIGUOUS,,,,1,0,LABELED,1,18894,2025-11-15T11:03:48.000000,true,true,true
4167,2025-04-05T00:00:00.000000,18902,2025-04-06T15:01:05.000000,accepted,24.3,6,2025-12-05T12:03:00.000000,0,true,true,true,true,0,LABELED,0,,,0,0,LABELED,0,,,true,true,true
4168,2026-06-29T00:00:00.000000,18905,2026-06-30T12:45:28.000000,accepted,6.3,4,2026-07-11T15:52:06.000000,0,true,false,false,false,,CENSORED,,,,0,0,CENSORED,,,,false,false,false
4169,2025-01-08T00:00:00.000000,18907,2025-02-17T15:28:00.000000,rejected,4.6,6,2026-04-29T16:58:00.000000,0,true,true,true,true,0,LABELED,0,,,0,0,LABELED,0,,,true,true,true
4170,2026-04-02T00:00:00.000000,18917,2026-04-03T20:10:05.000000,scheduled_visit,11.6,5,2026-04-08T15:33:34.000000,1,true,true,true,true,1,LABELED,1,18917,2026-04-04T07:46:05.000Z,0,2,LABELED,1,18917,2026-04-03T20:10:05.000000,true,true,true
4171,2026-05-14T00:00:00.000000,18923,2026-05-15T18:20:01.000000,accepted,10.5,6,2026-05-26T15:31:34.000000,0,true,true,true,true,0,AMBIGUOUS,,,,1,0,LABELED,1,18922,2026-05-17T18:41:10.000000,true,true,false
4172,2025-12-15T00:00:00.000000,18924,2025-12-20T10:08:32.000000,no_response,4.2,6,2025-12-25T12:01:48.000000,0,true,true,true,true,0,LABELED,0,,,0,0,LABELED,0,,,true,true,true
4173,2025-12-04T00:00:00.000000,18931,2025-12-05T07:35:58.000000,no_response,7.7,5,2026-06-26T07:28:00.000000,0,true,true,true,true,0,LABELED,0,,,0,1,LABELED,0,,,true,true,true
4174,2026-05-12T00:00:00.000000,18935,2026-05-17T07:21:44.000000,accepted,7.4,3,2026-05-24T19:24:56.000000,0,true,true,true,true,0,LABELED,0,,,0,0,LABELED,0,,,true,true,false
4175,2026-02-10T00:00:00.000000,18939,2026-02-12T19:46:41.000000,accepted,3.1,5,2026-06-27T10:04:00.000000,0,true,true,true,true,0,LABELED,1,18940,2026-02-13T17:53:34.000Z,0,2,LABELED,1,18940,2026-02-13T12:53:34.000000,true,true,true
4176,2025-01-21T00:00:00.000000,18946,2025-02-28T18:57:00.000000,accepted,18.4,5,2026-05-23T10:14:00.000000,0,true,true,true,true,0,LABELED,0,,,0,1,LABELED,0,,,true,true,true
4177,2026-01-29T00:00:00.000000,18949,2026-01-31T16:47:55.000000,no_response,34.4,4,2026-04-01T18:32:00.000000,0,true,true,true,true,0,LABELED,0,,,0,0,LABELED,0,,,true,true,true
4178,2025-09-04T00:00:00.000000,18955,2025-09-10T17:18:43.000000,accepted,2.5,4,2026-04-07T12:49:00.000000,0,true,true,true,true,0,LABELED,0,,,0,1,LABELED,0,,,true,true,true
4179,2025-01-13T00:00:00.000000,18956,2025-01-16T16:53:07.000000,accepted,1.8,2,2025-09-01T10:44:00.000000,0,true,true,true,true,0,LABELED,0,,,0,0,LABELED,0,,,true,true,true
4180,2025-05-03T00:00:00.000000,18959,2025-05-15T17:55:02.000000,rejected,14.4,2,2025-10-08T10:51:00.000000,0,true,true,true,true,0,LABELED,0,,,0,0,LABELED,0,,,true,true,true
4181,2025-09-15T00:00:00.000000,18961,2025-09-15T09:52:46.000000,accepted,0.5,2,2025-12-21T07:45:00.000000,0,true,true,true,true,0,LABELED,0,,,0,0,LABELED,0,,,true,true,true
4182,2025-02-25T00:00:00.000000,18963,2025-03-02T10:28:30.000000,no_response,25.2,3,2026-04-28T12:42:00.000000,0,true,true,true,true,0,LABELED,0,,,0,1,LABELED,0,,,true,true,true
4183,2026-05-05T00:00:00.000000,18966,2026-05-08T18:40:38.000000,accepted,6.7,5,2026-05-17T10:56:01.000000,0,true,true,true,true,0,LABELED,0,,,0,0,LABELED,0,,,true,true,true
4184,2025-06-02T00:00:00.000000,18970,2026-04-20T20:41:00.000000,accepted,,1,2026-04-20T20:41:00.000000,0,true,true,true,true,0,LABELED,0,,,0,0,LABELED,0,,,true,true,true
4185,2026-02-05T00:00:00.000000,18977,2026-02-06T07:19:18.000000,accepted,16.8,8,2026-05-16T08:16:00.000000,0,true,true,true,true,0,LABELED,0,,,0,0,LABELED,0,,,true,true,true
4186,2025-05-16T00:00:00.000000,18980,2025-05-17T10:25:53.000000,no_response,,4,2026-05-01T13:21:00.000000,0,true,true,true,true,0,LABELED,0,,,0,0,LABELED,0,,,true,true,true
4187,2026-01-21T00:00:00.000000,18983,2026-01-21T18:17:07.000000,accepted,7.8,1,2026-01-21T18:17:07.000000,0,true,true,true,true,0,LABELED,0,,,0,0,LABELED,0,,,true,true,true
4188,2026-05-11T00:00:00.000000,18984,2026-05-12T13:23:26.000000,accepted,20.6,2,2026-05-15T20:27:59.000000,0,true,true,true,true,0,LABELED,1,18985,2026-05-16T07:33:59.000Z,0,1,LABELED,1,18985,2026-05-15T20:27:59.000000,true,true,true
4189,2025-12-05T00:00:00.000000,18990,2025-12-07T13:53:04.000000,rejected,4.5,6,2026-02-11T11:14:00.000000,0,true,true,true,true,0,LABELED,0,,,0,0,LABELED,0,,,true,true,true
4190,2026-05-18T00:00:00.000000,18992,2026-05-31T16:24:06.000000,no_response,12.1,1,2026-05-31T16:24:06.000000,0,true,true,true,true,0,LABELED,0,,,0,0,CENSORED,,,,true,false,false
4191,2025-06-09T00:00:00.000000,18998,2025-06-10T13:05:23.000000,scheduled_visit,,8,2026-06-02T19:10:00.000000,1,true,true,true,true,1,AMBIGUOUS,,,,1,2,LABELED,1,18998,2025-06-10T13:05:23.000000,true,true,true
4192,2025-04-09T00:00:00.000000,19001,2025-04-09T16:09:50.000000,accepted,11,8,2026-01-14T16:12:00.000000,0,true,true,true,true,0,LABELED,1,19007,2025-04-21T15:31:14.000Z,0,1,LABELED,1,19007,2025-04-20T19:55:14.000000,true,true,true
4193,2025-07-17T00:00:00.000000,19011,2025-07-17T17:25:36.000000,no_response,32.5,5,2026-05-18T10:53:00.000000,0,true,true,true,true,0,LABELED,0,,,0,0,LABELED,0,,,true,true,true
4194,2026-01-19T00:00:00.000000,19017,2026-01-21T08:00:19.000000,no_response,28.8,4,2026-04-29T13:33:00.000000,0,true,true,true,true,0,LABELED,1,19014,2026-01-24T11:04:33.000Z,0,1,LABELED,1,19014,2026-01-24T08:10:33.000000,true,true,true
4195,2025-01-01T00:00:00.000000,19019,2025-01-03T09:59:19.000000,no_response,17.1,6,2026-05-25T18:53:00.000000,0,true,true,true,true,0,LABELED,0,,,0,1,LABELED,0,,,true,true,true
4196,2025-08-06T00:00:00.000000,19024,2026-01-28T16:26:00.000000,accepted,,1,2026-01-28T16:26:00.000000,0,true,true,true,true,0,LABELED,0,,,0,0,LABELED,0,,,true,true,true
4197,2026-01-05T00:00:00.000000,19030,2026-01-08T15:43:20.000000,scheduled_visit,3.1,7,2026-02-03T11:19:00.000000,1,true,true,true,true,1,LABELED,1,19030,2026-01-08T18:49:20.000Z,0,1,LABELED,1,19030,2026-01-08T15:43:20.000000,true,true,true
4198,2025-12-30T00:00:00.000000,19035,2026-01-03T15:09:58.000000,no_response,10.1,8,2026-06-11T18:24:00.000000,0,true,true,true,true,0,AMBIGUOUS,,,,1,0,LABELED,1,19039,2026-01-06T15:22:18.000000,true,true,true
4199,2025-05-22T00:00:00.000000,19043,2025-05-25T19:10:28.000000,accepted,12,4,2025-06-04T15:11:45.000000,0,true,true,true,true,0,LABELED,0,,,0,0,LABELED,0,,,true,true,true
4200,2025-05-12T00:00:00.000000,19044,2025-05-16T08:54:18.000000,no_response,5.4,4,2026-01-19T11:40:00.000000,0,true,true,true,true,0,LABELED,1,19045,2025-05-19T22:58:20.000Z,0,1,LABELED,1,19045,2025-05-19T19:04:20.000000,true,true,true
4201,2025-07-17T00:00:00.000000,19050,2025-07-21T16:06:03.000000,rejected,108.9,3,2025-07-30T20:21:31.000000,0,true,true,true,true,0,LABELED,0,,,0,0,LABELED,0,,,true,true,true
4202,2025-06-30T00:00:00.000000,19051,2025-07-09T07:22:29.000000,rejected,22.6,1,2025-07-09T07:22:29.000000,0,true,true,true,true,0,LABELED,0,,,0,0,LABELED,0,,,true,true,true
4203,2025-02-15T00:00:00.000000,19056,2025-02-27T14:06:41.000000,accepted,,7,2026-04-29T20:28:00.000000,0,true,true,true,true,0,LABELED,0,,,0,0,LABELED,0,,,true,true,true
4204,2025-06-26T00:00:00.000000,19061,2025-06-30T14:50:06.000000,no_response,17.1,8,2026-06-24T08:44:00.000000,0,true,true,true,true,0,LABELED,0,,,0,1,LABELED,0,,,true,true,true
4205,2026-04-23T00:00:00.000000,19068,2026-05-05T09:15:57.000000,accepted,25.8,2,2026-05-05T16:00:32.000000,0,true,true,true,true,0,LABELED,0,,,0,0,LABELED,0,,,true,true,true
4206,2025-12-21T00:00:00.000000,19069,2025-12-21T11:30:55.000000,accepted,,6,2026-06-24T15:24:00.000000,0,true,true,true,true,0,LABELED,0,,,0,2,LABELED,0,,,true,true,true
4207,2025-04-05T00:00:00.000000,19075,2025-04-10T15:37:11.000000,accepted,4.1,8,2026-03-13T17:07:00.000000,0,true,true,true,true,0,LABELED,0,,,0,1,LABELED,0,,,true,true,true
4208,2026-05-28T00:00:00.000000,19083,2026-05-30T16:27:21.000000,rejected,15.6,2,2026-06-03T13:26:16.000000,0,true,true,true,true,0,LABELED,0,,,0,0,LABELED,0,,,true,true,false
4209,2025-09-01T00:00:00.000000,19088,2025-09-03T16:18:57.000000,accepted,1.1,6,2026-06-14T19:54:00.000000,0,true,true,true,true,0,LABELED,0,,,0,0,LABELED,0,,,true,true,true
4210,2025-06-18T00:00:00.000000,19091,2025-06-19T16:43:42.000000,no_response,2.7,1,2025-06-19T16:43:42.000000,0,true,true,true,true,0,LABELED,0,,,0,0,LABELED,0,,,true,true,true
4211,2025-07-17T00:00:00.000000,19093,2025-07-25T14:04:08.000000,no_response,0.5,5,2026-04-01T11:43:00.000000,0,true,true,true,true,0,LABELED,0,,,0,0,LABELED,0,,,true,true,true
4212,2026-04-04T00:00:00.000000,19100,2026-04-05T07:26:17.000000,accepted,,7,2026-05-24T07:43:00.000000,0,true,true,true,true,0,LABELED,1,19102,2026-04-21T19:14:00.000Z,1,1,LABELED,1,19097,2026-04-05T16:59:59.000000,true,true,true
4213,2025-04-22T00:00:00.000000,19105,2025-04-24T11:51:52.000000,scheduled_visit,7,6,2026-05-22T08:22:00.000000,1,true,true,true,true,1,LABELED,1,19105,2025-04-24T18:51:52.000Z,0,3,LABELED,1,19105,2025-04-24T11:51:52.000000,true,true,true
4214,2026-06-03T00:00:00.000000,19110,2026-06-09T14:57:07.000000,accepted,4.7,1,2026-06-09T14:57:07.000000,0,true,true,true,true,0,LABELED,0,,,0,0,CENSORED,,,,false,false,false
4215,2026-04-08T00:00:00.000000,19112,2026-04-12T14:28:44.000000,accepted,7,7,2026-05-09T20:09:00.000000,0,true,true,true,true,0,LABELED,1,19117,2026-04-21T12:02:02.000Z,1,1,LABELED,1,19117,2026-04-20T14:56:02.000000,true,true,true
4216,2025-03-15T00:00:00.000000,19122,2025-03-29T20:41:00.000000,no_response,,6,2026-03-18T08:59:00.000000,0,true,true,true,true,0,LABELED,0,,,0,2,LABELED,0,,,true,true,true
4217,2025-05-20T00:00:00.000000,19129,2025-05-22T15:40:26.000000,no_response,4.4,6,2026-06-15T17:08:00.000000,0,true,true,true,true,0,LABELED,0,,,0,2,LABELED,0,,,true,true,true
4218,2025-10-15T00:00:00.000000,19130,2025-10-18T08:11:14.000000,accepted,27.3,5,2026-01-21T11:37:00.000000,0,true,true,true,true,0,LABELED,0,,,0,1,LABELED,0,,,true,true,true
4219,2025-06-23T00:00:00.000000,19135,2025-06-23T12:12:40.000000,accepted,25.8,5,2026-04-25T17:44:00.000000,0,true,true,true,true,0,LABELED,0,,,0,0,LABELED,0,,,true,true,true
4220,2026-04-02T00:00:00.000000,19142,2026-04-02T09:41:04.000000,scheduled_visit,5.1,7,2026-04-15T14:59:19.000000,1,true,true,true,true,1,LABELED,1,19142,2026-04-02T14:47:04.000Z,1,3,LABELED,1,19142,2026-04-02T09:41:04.000000,true,true,true
4221,2026-03-27T00:00:00.000000,19147,2026-03-29T08:45:08.000000,accepted,,1,2026-03-29T08:45:08.000000,0,true,true,true,true,0,LABELED,0,,,0,0,LABELED,0,,,true,true,true
4222,2026-04-27T00:00:00.000000,19148,2026-05-03T11:52:45.000000,accepted,4.4,2,2026-05-06T07:36:44.000000,0,true,true,true,true,0,LABELED,0,,,0,0,LABELED,0,,,true,true,true
4223,2025-08-15T00:00:00.000000,19153,2025-08-16T08:40:34.000000,rejected,6.6,5,2025-11-22T07:48:00.000000,0,true,true,true,true,0,LABELED,1,19154,2025-08-26T12:14:39.000Z,0,1,LABELED,1,19154,2025-08-24T20:14:39.000000,true,true,true
4224,2025-03-09T00:00:00.000000,19155,2025-03-18T08:58:33.000000,no_response,5.9,5,2026-03-23T20:23:00.000000,0,true,true,true,true,0,LABELED,0,,,0,2,LABELED,0,,,true,true,true
4225,2025-11-06T00:00:00.000000,19160,2025-11-15T19:09:47.000000,rejected,11,4,2026-02-05T17:07:00.000000,0,true,true,true,true,0,LABELED,1,19163,2025-11-20T17:38:00.000Z,0,1,LABELED,1,19163,2025-11-20T07:32:00.000000,true,true,true
4226,2026-05-01T00:00:00.000000,19165,2026-05-06T08:01:43.000000,accepted,9.5,2,2026-05-06T15:08:10.000000,0,true,true,true,true,0,LABELED,1,19164,2026-05-06T15:38:10.000Z,0,1,LABELED,1,19164,2026-05-06T15:08:10.000000,true,true,true
4227,2026-02-26T00:00:00.000000,19166,2026-02-26T15:58:17.000000,scheduled_visit,6.8,6,2026-03-09T20:45:46.000000,1,true,true,true,true,1,LABELED,1,19166,2026-02-26T22:46:17.000Z,1,1,LABELED,1,19166,2026-02-26T15:58:17.000000,true,true,true
4228,2025-05-26T00:00:00.000000,19172,2025-06-08T18:33:07.000000,scheduled_visit,13.7,1,2025-06-08T18:33:07.000000,1,true,true,true,true,1,LABELED,1,19172,2025-06-09T08:15:07.000Z,0,1,LABELED,1,19172,2025-06-08T18:33:07.000000,true,true,true
4229,2025-07-12T00:00:00.000000,19175,2025-07-12T11:06:12.000000,rejected,0.5,4,2026-04-13T19:48:00.000000,0,true,true,true,true,0,LABELED,0,,,0,0,LABELED,0,,,true,true,true
4230,2025-11-26T00:00:00.000000,19179,2025-12-02T14:28:33.000000,accepted,21.8,3,2025-12-07T10:08:17.000000,0,true,true,true,true,0,LABELED,0,,,0,0,LABELED,0,,,true,true,true
4231,2025-09-05T00:00:00.000000,19183,2025-09-12T14:00:45.000000,accepted,,4,2026-06-05T08:28:00.000000,0,true,true,true,true,0,LABELED,0,,,0,0,LABELED,0,,,true,true,true
4232,2026-01-09T00:00:00.000000,19189,2026-01-09T15:22:06.000000,accepted,9.6,8,2026-01-22T15:01:58.000000,0,true,true,true,true,0,LABELED,0,,,0,0,LABELED,0,,,true,true,true
4233,2025-06-29T00:00:00.000000,19196,2025-07-01T19:50:06.000000,accepted,,5,2026-06-29T16:45:00.000000,0,true,true,true,true,0,LABELED,0,,,0,1,LABELED,0,,,true,true,true
4234,2025-05-29T00:00:00.000000,19200,2025-06-10T09:17:28.000000,rejected,,7,2026-01-11T19:57:00.000000,0,true,true,true,true,0,LABELED,0,,,0,1,LABELED,0,,,true,true,true
4235,2025-02-18T00:00:00.000000,19207,2025-02-24T17:42:39.000000,rejected,6.2,4,2025-08-19T14:56:00.000000,0,true,true,true,true,0,LABELED,0,,,0,0,LABELED,0,,,true,true,true
4236,2026-02-16T00:00:00.000000,19210,2026-02-16T07:42:42.000000,no_response,,4,2026-03-01T14:03:35.000000,0,true,true,true,true,0,LABELED,1,19211,2026-02-25T14:55:49.000Z,0,2,LABELED,1,19211,2026-02-25T13:19:49.000000,true,true,true
4237,2026-01-08T00:00:00.000000,19215,2026-01-09T15:48:54.000000,scheduled_visit,15.4,5,2026-01-18T20:06:22.000000,1,true,true,true,true,1,LABELED,1,19215,2026-01-10T07:12:54.000Z,0,3,LABELED,1,19215,2026-01-09T15:48:54.000000,true,true,true
4238,2026-05-16T00:00:00.000000,19217,2026-05-25T08:01:12.000000,accepted,29.1,2,2026-05-27T17:43:57.000000,0,true,true,true,true,0,LABELED,0,,,0,0,LABELED,0,,,true,true,false
4239,2025-07-22T00:00:00.000000,19219,2025-07-27T20:21:40.000000,accepted,8,8,2026-06-29T20:54:00.000000,0,true,true,true,true,0,LABELED,1,19225,2025-08-26T19:19:00.000Z,0,1,LABELED,1,19225,2025-08-26T07:07:00.000000,true,true,true
4240,2026-01-11T00:00:00.000000,19233,2026-01-13T18:35:26.000000,no_response,12.3,8,2026-06-07T08:23:00.000000,0,true,true,true,true,0,LABELED,1,19229,2026-01-18T10:05:48.000Z,0,1,LABELED,1,19229,2026-01-18T07:29:48.000000,true,true,true
4241,2025-01-30T00:00:00.000000,19239,2025-02-03T12:10:12.000000,no_response,1.4,7,2026-03-23T18:15:00.000000,0,true,true,true,true,0,AMBIGUOUS,,,,1,0,LABELED,1,19237,2025-02-05T16:43:20.000000,true,true,true
4242,2026-05-21T00:00:00.000000,19243,2026-05-22T08:22:59.000000,no_response,,6,2026-06-02T17:42:14.000000,0,true,true,true,true,0,LABELED,1,19246,2026-06-04T13:18:14.000Z,0,1,LABELED,1,19246,2026-06-02T17:42:14.000000,true,true,false
4243,2026-06-07T00:00:00.000000,19250,2026-06-07T13:36:45.000000,rejected,9.8,5,2026-06-19T15:08:45.000000,0,true,true,true,true,0,LABELED,1,19251,2026-06-12T14:43:01.000Z,0,2,CENSORED,,,,false,false,false
4244,2025-08-17T00:00:00.000000,19260,2025-08-17T12:02:57.000000,accepted,13.4,8,2026-06-30T14:44:00.000000,0,true,true,true,true,0,LABELED,1,19257,2025-08-24T00:06:34.000Z,0,2,LABELED,1,19257,2025-08-23T17:54:34.000000,true,true,true
4245,2025-09-02T00:00:00.000000,19262,2025-09-02T17:20:06.000000,accepted,17.8,4,2025-09-12T16:21:08.000000,0,true,true,true,true,0,LABELED,1,19261,2025-09-13T03:33:08.000Z,0,1,LABELED,1,19261,2025-09-12T16:21:08.000000,true,true,true
4246,2025-04-09T00:00:00.000000,19265,2025-04-18T07:05:59.000000,no_response,28.4,1,2025-04-18T07:05:59.000000,0,true,true,true,true,0,LABELED,0,,,0,0,LABELED,0,,,true,true,true
4247,2025-01-10T00:00:00.000000,19271,2025-01-15T09:40:56.000000,scheduled_visit,,8,2026-04-20T19:29:00.000000,1,true,true,true,true,1,AMBIGUOUS,,,,1,1,LABELED,1,19271,2025-01-15T09:40:56.000000,true,true,true
4248,2025-04-09T00:00:00.000000,19275,2025-04-09T09:42:33.000000,scheduled_visit,,2,2025-12-04T11:16:00.000000,1,true,true,true,true,1,AMBIGUOUS,,,,1,0,LABELED,1,19275,2025-04-09T09:42:33.000000,true,true,true
4249,2025-07-16T00:00:00.000000,19277,2025-07-29T20:50:21.000000,accepted,14.2,2,2026-04-19T18:31:00.000000,0,true,true,true,true,0,LABELED,0,,,0,0,LABELED,0,,,true,true,true
4250,2025-07-30T00:00:00.000000,19281,2025-08-02T17:33:17.000000,no_response,28,4,2025-12-10T10:26:00.000000,0,true,true,true,true,0,LABELED,0,,,0,1,LABELED,0,,,true,true,true
4251,2026-02-07T00:00:00.000000,19282,2026-02-08T18:24:09.000000,accepted,7.7,3,2026-02-20T11:43:40.000000,0,true,true,true,true,0,LABELED,0,,,0,0,LABELED,0,,,true,true,true
4252,2025-04-22T00:00:00.000000,19288,2025-04-23T15:03:32.000000,accepted,19.6,4,2025-05-05T17:28:46.000000,0,true,true,true,true,0,LABELED,1,19285,2025-05-04T11:22:56.000Z,0,1,LABELED,1,19285,2025-05-04T08:34:56.000000,true,true,true
4253,2025-05-26T00:00:00.000000,19290,2025-06-05T08:35:40.000000,accepted,23.5,2,2025-06-09T14:34:00.000000,0,true,true,true,true,0,LABELED,1,19289,2025-06-09T16:58:00.000Z,0,1,LABELED,1,19289,2025-06-09T14:34:00.000000,true,true,true
4254,2026-06-13T00:00:00.000000,19295,2026-06-15T08:47:56.000000,no_response,,5,2026-06-25T10:58:13.000000,0,true,true,false,true,0,CENSORED,,,,0,0,CENSORED,,,,false,false,false
4255,2025-01-17T00:00:00.000000,19297,2025-01-21T20:19:35.000000,accepted,33.9,5,2026-02-10T11:00:00.000000,0,true,true,true,true,0,LABELED,0,,,0,0,LABELED,0,,,true,true,true
4256,2026-04-18T00:00:00.000000,19303,2026-04-19T13:59:49.000000,scheduled_visit,2,4,2026-04-27T13:51:05.000000,1,true,true,true,true,1,LABELED,1,19303,2026-04-19T15:59:49.000Z,0,1,LABELED,1,19303,2026-04-19T13:59:49.000000,true,true,true
4257,2026-06-24T00:00:00.000000,19309,2026-06-26T17:53:42.000000,accepted,15.1,7,2026-07-07T17:09:17.000000,0,true,true,false,true,0,CENSORED,,,,0,0,CENSORED,,,,false,false,false
4258,2025-06-16T00:00:00.000000,19312,2025-06-18T20:12:29.000000,accepted,27.3,4,2025-11-18T14:42:00.000000,0,true,true,true,true,0,LABELED,0,,,0,0,LABELED,0,,,true,true,true
4259,2025-12-05T00:00:00.000000,19316,2025-12-07T18:05:11.000000,no_response,,7,2026-06-07T19:32:00.000000,0,true,true,true,true,0,LABELED,0,,,0,0,LABELED,0,,,true,true,true
4260,2025-03-15T00:00:00.000000,19323,2025-03-17T12:00:22.000000,no_response,1.9,1,2025-03-17T12:00:22.000000,0,true,true,true,true,0,LABELED,0,,,0,0,LABELED,0,,,true,true,true
4261,2025-09-29T00:00:00.000000,19325,2025-10-12T15:59:32.000000,rejected,12.6,3,2026-05-25T16:07:00.000000,0,true,true,true,true,0,LABELED,0,,,0,0,LABELED,0,,,true,true,true
4262,2025-01-30T00:00:00.000000,19329,2025-01-31T07:56:20.000000,accepted,67.5,5,2026-04-19T19:04:00.000000,0,true,true,true,true,0,LABELED,0,,,0,0,LABELED,0,,,true,true,true
4263,2026-03-05T00:00:00.000000,19334,2026-03-12T14:55:18.000000,accepted,26.6,3,2026-03-16T12:24:32.000000,0,true,true,true,true,0,LABELED,1,19332,2026-03-13T16:54:24.000Z,0,1,LABELED,1,19332,2026-03-13T12:42:24.000000,true,true,true
4264,2026-02-12T00:00:00.000000,19340,2026-02-12T10:39:09.000000,accepted,7.5,8,2026-05-04T08:55:00.000000,0,true,true,true,true,0,LABELED,1,19339,2026-02-18T06:30:27.000Z,0,2,LABELED,1,19339,2026-02-17T13:12:27.000000,true,true,true
4265,2025-06-13T00:00:00.000000,19343,2025-06-18T12:28:02.000000,rejected,1.7,7,2026-05-13T15:54:00.000000,0,true,true,true,true,0,LABELED,0,,,0,0,LABELED,0,,,true,true,true
4266,2025-07-26T00:00:00.000000,19352,2025-07-27T14:59:10.000000,no_response,,7,2026-06-10T20:29:00.000000,0,true,true,true,true,0,LABELED,0,,,0,0,LABELED,0,,,true,true,true
4267,2025-12-15T00:00:00.000000,19363,2025-12-16T07:06:20.000000,accepted,49.2,8,2026-03-08T17:51:00.000000,0,true,true,true,true,0,LABELED,0,,,0,0,LABELED,0,,,true,true,true
4268,2026-05-10T00:00:00.000000,19372,2026-05-10T19:27:03.000000,rejected,2.1,8,2026-06-16T16:44:00.000000,0,true,true,true,true,0,LABELED,1,19368,2026-05-20T22:27:41.000Z,0,2,LABELED,1,19368,2026-05-20T18:03:41.000000,true,true,true
4269,2025-01-19T00:00:00.000000,19373,2025-06-21T19:49:00.000000,scheduled_visit,,4,2026-03-05T17:03:00.000000,1,true,true,true,true,1,AMBIGUOUS,,,,1,1,LABELED,1,19373,2025-06-21T19:49:00.000000,true,true,true
4270,2025-02-28T00:00:00.000000,19378,2025-03-12T16:28:21.000000,rejected,7.9,5,2026-01-21T11:43:00.000000,0,true,true,true,true,0,LABELED,0,,,0,0,LABELED,0,,,true,true,true
4271,2025-06-09T00:00:00.000000,19386,2025-06-09T17:02:23.000000,accepted,5.6,6,2026-01-29T11:35:00.000000,0,true,true,true,true,0,LABELED,0,,,0,0,LABELED,0,,,true,true,true
4272,2025-09-23T00:00:00.000000,19389,2025-09-28T17:35:02.000000,scheduled_visit,1.6,4,2025-10-03T18:16:36.000000,1,true,true,true,true,1,LABELED,1,19389,2025-09-28T19:11:02.000Z,0,1,LABELED,1,19389,2025-09-28T17:35:02.000000,true,true,true
4273,2025-01-24T00:00:00.000000,19392,2025-02-05T15:59:09.000000,accepted,14.9,1,2025-02-05T15:59:09.000000,0,true,true,true,true,0,LABELED,0,,,0,0,LABELED,0,,,true,true,true
4274,2026-04-12T00:00:00.000000,19393,2026-04-21T08:15:09.000000,scheduled_visit,53.9,1,2026-04-21T08:15:09.000000,1,true,true,true,true,1,LABELED,1,19393,2026-04-23T14:09:09.000Z,0,1,LABELED,1,19393,2026-04-21T08:15:09.000000,true,true,true
4275,2025-04-28T00:00:00.000000,19394,2025-05-09T20:30:29.000000,accepted,3.1,1,2025-05-09T20:30:29.000000,0,true,true,true,true,0,LABELED,0,,,0,0,LABELED,0,,,true,true,true
4276,2025-09-29T00:00:00.000000,19395,2025-10-02T13:46:12.000000,scheduled_visit,2.7,2,2025-10-04T11:26:07.000000,1,true,true,true,true,1,LABELED,1,19395,2025-10-02T16:28:12.000Z,0,1,LABELED,1,19395,2025-10-02T13:46:12.000000,true,true,true
4277,2026-04-04T00:00:00.000000,19399,2026-04-04T08:32:30.000000,accepted,26.1,5,2026-04-16T17:42:31.000000,0,true,true,true,true,0,LABELED,0,,,0,0,LABELED,0,,,true,true,true
4278,2025-10-31T00:00:00.000000,19406,2025-10-31T10:57:57.000000,accepted,,7,2026-01-14T12:11:00.000000,0,true,true,true,true,0,LABELED,0,,,0,0,LABELED,0,,,true,true,true
4279,2025-07-24T00:00:00.000000,19409,2025-07-31T17:35:30.000000,accepted,24,4,2026-05-26T20:31:00.000000,0,true,true,true,true,0,LABELED,0,,,0,0,LABELED,0,,,true,true,true
4280,2025-12-08T00:00:00.000000,19417,2025-12-12T16:22:34.000000,scheduled_visit,3.8,6,2026-05-02T14:36:00.000000,1,true,true,true,true,1,LABELED,1,19417,2025-12-12T20:10:34.000Z,1,1,LABELED,1,19417,2025-12-12T16:22:34.000000,true,true,true
4281,2025-02-16T00:00:00.000000,19419,2025-02-23T13:59:23.000000,accepted,11.1,8,2026-05-14T13:07:00.000000,0,true,true,true,true,0,LABELED,0,,,0,1,LABELED,0,,,true,true,true
4282,2025-07-08T00:00:00.000000,19429,2025-07-09T09:30:23.000000,accepted,,7,2026-04-08T07:02:00.000000,0,true,true,true,true,0,LABELED,0,,,0,1,LABELED,0,,,true,true,true
4283,2026-06-18T00:00:00.000000,19437,2026-06-19T07:17:49.000000,accepted,0.5,6,2026-07-01T20:40:50.000000,0,true,true,false,true,0,CENSORED,,,,0,0,CENSORED,,,,false,false,false
4284,2026-06-19T00:00:00.000000,19444,2026-06-22T15:42:37.000000,scheduled_visit,4.9,7,2026-07-02T19:18:53.000000,1,true,true,false,true,1,CENSORED,,,,0,0,CENSORED,,,,false,false,false
4285,2025-08-29T00:00:00.000000,19453,2025-08-29T12:09:23.000000,no_response,9.4,7,2026-05-02T09:46:00.000000,0,true,true,true,true,0,LABELED,0,,,0,0,LABELED,0,,,true,true,true
4286,2026-02-15T00:00:00.000000,19454,2026-02-16T13:09:24.000000,accepted,9.2,3,2026-02-25T09:11:59.000000,0,true,true,true,true,0,LABELED,0,,,0,0,LABELED,0,,,true,true,true
4287,2025-04-11T00:00:00.000000,19458,2025-04-20T09:49:17.000000,no_response,20.9,2,2025-08-29T18:07:00.000000,0,true,true,true,true,0,LABELED,0,,,0,0,LABELED,0,,,true,true,true
4288,2026-06-29T00:00:00.000000,19459,2026-06-30T16:38:40.000000,scheduled_visit,14.8,7,2026-07-11T08:48:40.000000,1,true,false,false,false,,CENSORED,,,,0,0,CENSORED,,,,false,false,false
4289,2025-07-15T00:00:00.000000,19466,2025-07-18T15:38:25.000000,accepted,34.1,1,2025-07-18T15:38:25.000000,0,true,true,true,true,0,LABELED,0,,,0,0,LABELED,0,,,true,true,true
4290,2025-07-23T00:00:00.000000,19468,2025-08-01T13:44:00.000000,accepted,21.4,2,2025-08-02T17:05:56.000000,0,true,true,true,true,0,LABELED,0,,,0,0,LABELED,0,,,true,true,true
4291,2025-01-23T00:00:00.000000,19469,2025-02-02T11:37:38.000000,accepted,7.5,7,2026-04-21T17:51:00.000000,0,true,true,true,true,0,LABELED,0,,,0,0,LABELED,0,,,true,true,true
4292,2025-07-28T00:00:00.000000,19478,2025-07-28T19:44:41.000000,rejected,9,5,2025-08-10T11:21:48.000000,0,true,true,true,true,0,LABELED,1,19477,2025-07-29T09:24:07.000Z,0,2,LABELED,1,19477,2025-07-28T19:54:07.000000,true,true,true
4293,2025-08-15T00:00:00.000000,19485,2025-08-16T18:51:47.000000,scheduled_visit,,5,2025-09-11T08:26:00.000000,1,true,true,true,true,1,LABELED,1,19484,2025-08-20T09:45:44.000Z,1,1,LABELED,1,19485,2025-08-16T18:51:47.000000,true,true,true
4294,2026-06-17T00:00:00.000000,19491,2026-06-17T15:16:36.000000,scheduled_visit,15,7,2026-06-26T12:41:09.000000,1,true,true,false,true,1,CENSORED,,,,0,0,CENSORED,,,,false,false,false
4295,2025-07-17T00:00:00.000000,19498,2025-07-18T20:22:31.000000,scheduled_visit,5.3,6,2026-06-04T14:11:00.000000,1,true,true,true,true,1,LABELED,1,19498,2025-07-19T01:40:31.000Z,1,1,LABELED,1,19498,2025-07-18T20:22:31.000000,true,true,true
4296,2026-05-04T00:00:00.000000,19501,2026-05-04T09:41:02.000000,scheduled_visit,18.5,7,2026-06-28T08:00:00.000000,1,true,true,true,true,1,LABELED,1,19501,2026-05-05T04:11:02.000Z,1,1,LABELED,1,19501,2026-05-04T09:41:02.000000,true,true,true
4297,2026-05-15T00:00:00.000000,19506,2026-05-22T16:06:54.000000,accepted,2.5,1,2026-05-22T16:06:54.000000,0,true,true,true,true,0,LABELED,0,,,0,0,LABELED,0,,,true,true,false
4298,2026-04-20T00:00:00.000000,19507,2026-04-20T14:46:42.000000,rejected,10.5,8,2026-05-03T10:49:25.000000,0,true,true,true,true,0,LABELED,1,19512,2026-04-27T14:19:52.000Z,0,4,LABELED,1,19512,2026-04-23T20:43:52.000000,true,true,true
4299,2025-12-18T00:00:00.000000,19515,2025-12-20T09:18:46.000000,accepted,11.4,8,2026-04-23T11:13:00.000000,0,true,true,true,true,0,LABELED,1,19521,2025-12-31T19:20:10.000Z,0,1,LABELED,1,19521,2025-12-31T18:50:10.000000,true,true,true
4300,2025-10-16T00:00:00.000000,19523,2025-10-27T18:11:21.000000,accepted,0.9,3,2026-03-04T11:09:00.000000,0,true,true,true,true,0,LABELED,0,,,0,0,LABELED,0,,,true,true,true
4301,2025-12-10T00:00:00.000000,19528,2025-12-10T09:18:32.000000,accepted,4.1,4,2025-12-18T18:10:56.000000,0,true,true,true,true,0,LABELED,1,19527,2025-12-10T15:03:45.000Z,0,1,LABELED,1,19527,2025-12-10T13:39:45.000000,true,true,true
4302,2026-06-12T00:00:00.000000,19533,2026-06-12T13:04:10.000000,accepted,,8,2026-06-25T12:23:36.000000,0,true,true,true,true,0,LABELED,1,19532,2026-06-18T06:36:49.000Z,0,2,CENSORED,,,,false,false,false
4303,2026-06-02T00:00:00.000000,19541,2026-06-03T17:08:30.000000,scheduled_visit,16.9,4,2026-06-13T18:57:27.000000,1,true,true,true,true,1,LABELED,1,19541,2026-06-04T10:02:30.000Z,0,1,CENSORED,,,,true,false,false
4304,2025-02-12T00:00:00.000000,19543,2025-02-15T12:07:02.000000,no_response,9.2,8,2026-03-19T15:02:00.000000,0,true,true,true,true,0,LABELED,0,,,0,3,LABELED,0,,,true,true,true
4305,2025-03-20T00:00:00.000000,19551,2025-08-22T12:32:00.000000,no_response,18.9,2,2026-06-15T12:51:00.000000,0,true,true,true,true,0,LABELED,0,,,0,1,LABELED,0,,,true,true,true
4306,2025-10-06T00:00:00.000000,19552,2025-11-22T12:09:00.000000,rejected,,1,2025-11-22T12:09:00.000000,0,true,true,true,true,0,LABELED,0,,,0,0,LABELED,0,,,true,true,true
4307,2025-10-16T00:00:00.000000,19558,2025-10-20T10:21:46.000000,scheduled_visit,,6,2026-05-31T12:14:00.000000,1,true,true,true,true,1,LABELED,1,19553,2025-10-29T17:59:59.000Z,1,2,LABELED,1,19558,2025-10-20T10:21:46.000000,true,true,true
4308,2026-01-03T00:00:00.000000,19566,2026-01-06T07:14:17.000000,scheduled_visit,49.1,8,2026-06-08T19:50:00.000000,1,true,true,true,true,1,LABELED,1,19566,2026-01-08T08:20:17.000Z,0,2,LABELED,1,19566,2026-01-06T07:14:17.000000,true,true,true
4309,2025-12-20T00:00:00.000000,19568,2025-12-24T11:15:46.000000,rejected,11.9,2,2025-12-31T18:59:04.000000,0,true,true,true,true,0,LABELED,0,,,0,0,LABELED,0,,,true,true,true
4310,2025-08-08T00:00:00.000000,19570,2025-08-14T17:38:59.000000,accepted,26.7,2,2025-11-06T08:53:00.000000,0,true,true,true,true,0,LABELED,0,,,0,0,LABELED,0,,,true,true,true
4311,2025-09-15T00:00:00.000000,19576,2025-09-17T08:58:54.000000,rejected,0.7,6,2025-10-27T07:38:00.000000,0,true,true,true,true,0,AMBIGUOUS,,,,1,0,LABELED,1,19574,2025-09-22T16:03:00.000000,true,true,true
4312,2026-03-27T00:00:00.000000,19581,2026-03-28T18:30:25.000000,scheduled_visit,11.6,8,2026-05-30T18:10:00.000000,1,true,true,true,true,1,LABELED,1,19581,2026-03-29T06:06:25.000Z,1,1,LABELED,1,19581,2026-03-28T18:30:25.000000,true,true,true
4313,2025-04-16T00:00:00.000000,19585,2025-04-18T15:11:22.000000,accepted,0.9,3,2025-10-26T19:36:00.000000,0,true,true,true,true,0,LABELED,0,,,0,0,LABELED,0,,,true,true,true
4314,2025-05-28T00:00:00.000000,19589,2025-06-07T17:38:29.000000,rejected,1.9,3,2025-06-09T19:01:52.000000,0,true,true,true,true,0,LABELED,0,,,0,0,LABELED,0,,,true,true,true
4315,2025-05-27T00:00:00.000000,19594,2025-05-28T14:41:32.000000,accepted,,5,2025-10-11T09:43:00.000000,0,true,true,true,true,0,LABELED,1,19591,2025-06-08T02:47:00.000Z,0,2,LABELED,1,19591,2025-06-07T08:29:00.000000,true,true,true
4316,2025-06-12T00:00:00.000000,19596,2026-03-19T17:06:00.000000,scheduled_visit,5.6,1,2026-03-19T17:06:00.000000,1,true,true,true,true,1,LABELED,1,19596,2026-03-19T22:42:00.000Z,0,1,LABELED,1,19596,2026-03-19T17:06:00.000000,true,true,true
4317,2025-01-09T00:00:00.000000,19598,2025-01-21T12:35:58.000000,scheduled_visit,,2,2025-02-24T11:20:00.000000,1,true,true,true,true,1,AMBIGUOUS,,,,1,0,LABELED,1,19598,2025-01-21T12:35:58.000000,true,true,true
4318,2025-01-05T00:00:00.000000,19602,2025-01-12T13:50:24.000000,accepted,24.6,5,2025-09-30T13:34:00.000000,0,true,true,true,true,0,LABELED,0,,,0,1,LABELED,0,,,true,true,true
4319,2025-05-20T00:00:00.000000,19605,2025-05-24T18:40:41.000000,accepted,8.1,7,2026-05-17T10:41:00.000000,0,true,true,true,true,0,LABELED,0,,,0,0,LABELED,0,,,true,true,true
4320,2026-06-27T00:00:00.000000,19612,2026-06-28T18:59:10.000000,accepted,,6,2026-07-10T10:02:17.000000,0,true,true,false,true,0,CENSORED,,,,0,0,CENSORED,,,,false,false,false
4321,2025-11-02T00:00:00.000000,19620,2025-11-07T07:47:27.000000,no_response,6.4,4,2026-02-24T08:23:00.000000,0,true,true,true,true,0,LABELED,0,,,0,1,LABELED,0,,,true,true,true
4322,2026-03-24T00:00:00.000000,19625,2026-03-26T15:59:02.000000,no_response,1,6,2026-05-10T12:24:00.000000,0,true,true,true,true,0,LABELED,0,,,0,0,LABELED,0,,,true,true,true
4323,2026-04-04T00:00:00.000000,19631,2026-04-04T09:46:59.000000,rejected,3.5,5,2026-04-16T16:25:22.000000,0,true,true,true,true,0,LABELED,0,,,0,0,LABELED,0,,,true,true,true
4324,2025-05-28T00:00:00.000000,19632,2026-04-30T07:45:00.000000,no_response,9.6,1,2026-04-30T07:45:00.000000,0,true,true,true,true,0,LABELED,0,,,0,0,LABELED,0,,,true,true,true
4325,2026-01-14T00:00:00.000000,19637,2026-01-17T13:56:43.000000,accepted,1.5,5,2026-06-06T09:05:00.000000,0,true,true,true,true,0,LABELED,0,,,0,0,LABELED,0,,,true,true,true
4326,2025-12-02T00:00:00.000000,19638,2025-12-09T10:52:44.000000,no_response,19.9,1,2025-12-09T10:52:44.000000,0,true,true,true,true,0,LABELED,0,,,0,0,LABELED,0,,,true,true,true
4327,2026-05-31T00:00:00.000000,19639,2026-06-03T12:13:38.000000,no_response,17.4,4,2026-06-11T17:55:37.000000,0,true,true,true,true,0,LABELED,0,,,0,0,CENSORED,,,,true,false,false
4328,2025-01-09T00:00:00.000000,19646,2025-01-11T17:26:51.000000,scheduled_visit,4.5,7,2026-05-14T18:57:00.000000,1,true,true,true,true,1,LABELED,1,19646,2025-01-11T21:56:51.000Z,0,2,LABELED,1,19646,2025-01-11T17:26:51.000000,true,true,true
4329,2026-06-27T00:00:00.000000,19651,2026-07-03T18:41:04.000000,scheduled_visit,16.6,6,2026-07-10T18:42:03.000000,1,true,false,false,false,,CENSORED,,,,0,0,CENSORED,,,,false,false,false
4330,2025-07-27T00:00:00.000000,19660,2025-07-27T17:57:00.000000,scheduled_visit,5,5,2026-04-06T12:13:00.000000,1,true,true,true,true,1,LABELED,1,19660,2025-07-27T22:57:00.000Z,0,2,LABELED,1,19660,2025-07-27T17:57:00.000000,true,true,true
4331,2025-05-29T00:00:00.000000,19665,2025-05-31T17:34:42.000000,no_response,10.5,7,2026-02-25T16:16:00.000000,0,true,true,true,true,0,LABELED,1,19664,2025-06-03T19:34:44.000Z,0,1,LABELED,1,19664,2025-06-03T17:10:44.000000,true,true,true
4332,2025-10-17T00:00:00.000000,19668,2025-10-25T18:10:00.000000,accepted,0.5,6,2026-06-26T08:10:00.000000,0,true,true,true,true,0,LABELED,0,,,0,0,LABELED,0,,,true,true,true
4333,2025-12-22T00:00:00.000000,19680,2025-12-22T17:35:22.000000,rejected,5.2,8,2026-05-11T13:09:00.000000,0,true,true,true,true,0,LABELED,1,19677,2025-12-28T13:40:54.000Z,0,1,LABELED,1,19677,2025-12-28T07:34:54.000000,true,true,true
4334,2025-09-18T00:00:00.000000,19683,2025-09-26T10:47:16.000000,no_response,5.9,3,2026-04-22T19:38:00.000000,0,true,true,true,true,0,LABELED,0,,,0,1,LABELED,0,,,true,true,true
4335,2026-02-09T00:00:00.000000,19685,2026-02-09T10:49:55.000000,scheduled_visit,1.1,8,2026-06-01T15:39:00.000000,1,true,true,true,true,1,LABELED,1,19685,2026-02-09T11:55:55.000Z,0,2,LABELED,1,19685,2026-02-09T10:49:55.000000,true,true,true
4336,2025-07-04T00:00:00.000000,19694,2025-07-05T20:47:46.000000,scheduled_visit,2.3,7,2026-06-02T15:40:00.000000,1,true,true,true,true,1,LABELED,1,19694,2025-07-05T23:05:46.000Z,0,3,LABELED,1,19694,2025-07-05T20:47:46.000000,true,true,true
4337,2025-01-29T00:00:00.000000,19700,2025-12-13T19:43:00.000000,accepted,21,1,2025-12-13T19:43:00.000000,0,true,true,true,true,0,LABELED,0,,,0,0,LABELED,0,,,true,true,true
4338,2025-10-27T00:00:00.000000,19701,2025-10-31T09:52:26.000000,scheduled_visit,11.2,6,2026-06-20T13:13:00.000000,1,true,true,true,true,1,LABELED,1,19701,2025-10-31T21:04:26.000Z,0,3,LABELED,1,19701,2025-10-31T09:52:26.000000,true,true,true
4339,2025-10-06T00:00:00.000000,19710,2025-10-11T12:28:25.000000,accepted,1.4,5,2026-03-27T10:21:00.000000,0,true,true,true,true,0,LABELED,0,,,0,0,LABELED,0,,,true,true,true
4340,2025-08-08T00:00:00.000000,19714,2025-08-14T18:03:29.000000,rejected,17.5,5,2026-06-11T16:38:00.000000,0,true,true,true,true,0,LABELED,1,19713,2025-08-21T17:15:02.000Z,0,1,LABELED,1,19713,2025-08-21T13:15:02.000000,true,true,true
4341,2026-02-27T00:00:00.000000,19724,2026-03-06T14:56:10.000000,no_response,8.8,8,2026-05-07T10:31:00.000000,0,true,true,true,true,0,LABELED,0,,,0,0,LABELED,0,,,true,true,true
4342,2026-04-10T00:00:00.000000,19725,2026-04-12T10:21:30.000000,accepted,6.5,4,2026-04-19T14:47:10.000000,0,true,true,true,true,0,LABELED,0,,,0,0,LABELED,0,,,true,true,true
4343,2025-09-13T00:00:00.000000,19732,2025-09-16T07:53:09.000000,accepted,6.5,4,2026-05-06T10:55:00.000000,0,true,true,true,true,0,LABELED,0,,,0,0,LABELED,0,,,true,true,true
4344,2025-05-12T00:00:00.000000,19734,2025-05-15T13:47:19.000000,no_response,8,4,2025-11-18T17:14:00.000000,0,true,true,true,true,0,LABELED,0,,,0,0,LABELED,0,,,true,true,true
4345,2025-08-15T00:00:00.000000,19738,2025-08-16T08:34:57.000000,accepted,1.9,4,2025-10-25T15:58:00.000000,0,true,true,true,true,0,LABELED,0,,,0,0,LABELED,0,,,true,true,true
4346,2026-02-04T00:00:00.000000,19742,2026-02-10T16:13:00.000000,accepted,1,2,2026-05-02T19:09:00.000000,0,true,true,true,true,0,LABELED,0,,,0,0,LABELED,0,,,true,true,true
4347,2025-10-27T00:00:00.000000,19748,2025-10-27T08:17:04.000000,rejected,14,6,2026-06-09T09:58:00.000000,0,true,true,true,true,0,LABELED,1,19744,2025-11-05T18:08:01.000Z,0,2,LABELED,1,19744,2025-11-05T14:32:01.000000,true,true,true
4348,2026-03-11T00:00:00.000000,19751,2026-03-17T07:06:04.000000,rejected,3.5,4,2026-03-24T15:18:20.000000,0,true,true,true,true,0,AMBIGUOUS,,,,1,0,LABELED,1,19752,2026-03-24T15:18:20.000000,true,true,true
4349,2025-02-28T00:00:00.000000,19754,2025-04-30T19:59:00.000000,rejected,1.5,4,2026-01-14T19:43:00.000000,0,true,true,true,true,0,LABELED,0,,,0,0,LABELED,0,,,true,true,true
4350,2026-06-02T00:00:00.000000,19757,2026-06-03T20:27:51.000000,accepted,0.8,1,2026-06-03T20:27:51.000000,0,true,true,true,true,0,LABELED,0,,,0,0,CENSORED,,,,true,false,false
4351,2025-02-10T00:00:00.000000,19758,2026-01-09T12:49:00.000000,accepted,7.2,1,2026-01-09T12:49:00.000000,0,true,true,true,true,0,LABELED,0,,,0,0,LABELED,0,,,true,true,true
4352,2026-01-01T00:00:00.000000,19759,2026-06-10T18:41:00.000000,accepted,21.9,1,2026-06-10T18:41:00.000000,0,true,true,true,true,0,LABELED,0,,,0,0,CENSORED,,,,false,false,false
4353,2025-01-06T00:00:00.000000,19761,2025-01-17T07:08:33.000000,scheduled_visit,29.9,7,2026-05-02T17:00:00.000000,1,true,true,true,true,1,LABELED,1,19761,2025-01-18T13:02:33.000Z,0,2,LABELED,1,19761,2025-01-17T07:08:33.000000,true,true,true
4354,2025-08-15T00:00:00.000000,19771,2025-08-16T10:55:25.000000,rejected,,5,2026-06-27T13:42:00.000000,0,true,true,true,true,0,LABELED,0,,,0,0,LABELED,0,,,true,true,true
4355,2025-08-14T00:00:00.000000,19773,2025-08-16T12:38:50.000000,scheduled_visit,25.6,5,2026-03-30T08:58:00.000000,1,true,true,true,true,1,LABELED,1,19773,2025-08-17T14:14:50.000Z,0,2,LABELED,1,19773,2025-08-16T12:38:50.000000,true,true,true
4356,2025-09-28T00:00:00.000000,19778,2025-12-11T12:02:00.000000,accepted,,3,2026-06-14T18:17:00.000000,0,true,true,true,true,0,LABELED,0,,,0,0,LABELED,0,,,true,true,true
4357,2025-09-09T00:00:00.000000,19782,2025-09-14T15:32:30.000000,accepted,30.1,3,2026-04-09T19:51:00.000000,0,true,true,true,true,0,LABELED,0,,,0,1,LABELED,0,,,true,true,true
4358,2025-02-11T00:00:00.000000,19783,2025-08-30T17:56:00.000000,no_response,15,2,2025-12-19T09:44:00.000000,0,true,true,true,true,0,LABELED,0,,,0,0,LABELED,0,,,true,true,true
4359,2026-06-01T00:00:00.000000,19785,2026-06-05T08:23:33.000000,scheduled_visit,6.4,5,2026-06-18T13:44:00.000000,1,true,true,true,true,1,LABELED,1,19785,2026-06-05T14:47:33.000Z,0,2,CENSORED,,,,true,false,false
4360,2025-11-07T00:00:00.000000,19791,2025-11-11T10:34:26.000000,rejected,2.7,6,2026-02-15T07:50:00.000000,0,true,true,true,true,0,LABELED,1,19793,2025-11-13T18:57:08.000Z,0,1,LABELED,1,19793,2025-11-13T12:51:08.000000,true,true,true
4361,2026-05-13T00:00:00.000000,19798,2026-05-17T17:21:03.000000,no_response,1.8,3,2026-05-21T19:03:03.000000,0,true,true,true,true,0,LABELED,0,,,0,0,LABELED,0,,,true,true,false
4362,2025-03-28T00:00:00.000000,19799,2025-03-29T09:52:33.000000,scheduled_visit,0.5,4,2026-06-10T14:59:00.000000,1,true,true,true,true,1,LABELED,1,19799,2025-03-29T10:22:33.000Z,0,2,LABELED,1,19799,2025-03-29T09:52:33.000000,true,true,true
4363,2025-07-28T00:00:00.000000,19810,2025-07-29T09:05:30.000000,no_response,11.2,8,2026-04-21T19:10:00.000000,0,true,true,true,true,0,LABELED,0,,,0,1,LABELED,0,,,true,true,true
4364,2025-05-22T00:00:00.000000,19815,2025-05-28T09:41:59.000000,no_response,7.3,6,2026-03-27T12:36:00.000000,0,true,true,true,true,0,AMBIGUOUS,,,,1,0,LABELED,1,19814,2025-06-03T09:43:23.000000,true,true,true
4365,2026-06-14T00:00:00.000000,19823,2026-06-15T18:43:12.000000,scheduled_visit,30.4,7,2026-06-23T13:38:04.000000,1,true,true,false,true,1,CENSORED,,,,0,0,CENSORED,,,,false,false,false
4366,2025-09-19T00:00:00.000000,19825,2025-09-20T09:12:24.000000,scheduled_visit,18.9,3,2025-09-29T11:21:16.000000,1,true,true,true,true,1,LABELED,1,19825,2025-09-21T04:06:24.000Z,0,2,LABELED,1,19825,2025-09-20T09:12:24.000000,true,true,true
4367,2025-03-28T00:00:00.000000,19827,2025-07-17T12:00:00.000000,scheduled_visit,2.5,1,2025-07-17T12:00:00.000000,1,true,true,true,true,1,LABELED,1,19827,2025-07-17T14:30:00.000Z,0,1,LABELED,1,19827,2025-07-17T12:00:00.000000,true,true,true
4368,2025-09-19T00:00:00.000000,19832,2025-09-19T17:04:29.000000,accepted,1.6,5,2026-01-11T17:07:00.000000,0,true,true,true,true,0,LABELED,1,19828,2025-09-24T16:50:07.000Z,0,1,LABELED,1,19828,2025-09-24T11:02:07.000000,true,true,true
4369,2025-05-10T00:00:00.000000,19833,2025-05-11T11:20:08.000000,no_response,2.4,3,2026-01-08T14:42:00.000000,0,true,true,true,true,0,LABELED,0,,,0,0,LABELED,0,,,true,true,true
4370,2025-11-14T00:00:00.000000,19836,2025-11-19T10:05:20.000000,no_response,21.1,1,2025-11-19T10:05:20.000000,0,true,true,true,true,0,LABELED,0,,,0,0,LABELED,0,,,true,true,true
4371,2025-10-11T00:00:00.000000,19837,2026-02-05T08:14:00.000000,no_response,4.8,1,2026-02-05T08:14:00.000000,0,true,true,true,true,0,LABELED,0,,,0,0,LABELED,0,,,true,true,true
4372,2026-02-27T00:00:00.000000,19840,2026-03-04T07:39:14.000000,accepted,2.7,4,2026-03-10T14:29:46.000000,0,true,true,true,true,0,AMBIGUOUS,,,,1,0,LABELED,1,19839,2026-03-10T09:33:13.000000,true,true,true
4373,2025-07-23T00:00:00.000000,19842,2025-07-26T19:04:56.000000,accepted,10.7,7,2026-04-25T20:44:00.000000,0,true,true,true,true,0,LABELED,0,,,0,0,LABELED,0,,,true,true,true
4374,2025-04-27T00:00:00.000000,19849,2025-08-04T16:37:00.000000,accepted,,3,2026-05-30T10:28:00.000000,0,true,true,true,true,0,LABELED,0,,,0,0,LABELED,0,,,true,true,true
4375,2025-10-17T00:00:00.000000,19854,2025-10-17T08:38:04.000000,no_response,6.4,6,2025-10-30T09:48:41.000000,0,true,true,true,true,0,LABELED,1,19856,2025-10-26T13:23:07.000Z,0,1,LABELED,1,19856,2025-10-26T09:17:07.000000,true,true,true
4376,2025-07-28T00:00:00.000000,19861,2025-07-28T13:10:10.000000,scheduled_visit,1.4,8,2026-06-14T18:51:00.000000,1,true,true,true,true,1,LABELED,1,19861,2025-07-28T14:34:10.000Z,0,5,LABELED,1,19861,2025-07-28T13:10:10.000000,true,true,true
4377,2025-01-04T00:00:00.000000,19866,2026-05-06T13:35:00.000000,accepted,21.8,1,2026-05-06T13:35:00.000000,0,true,true,true,true,0,LABELED,0,,,0,0,LABELED,0,,,true,true,true
4378,2025-07-17T00:00:00.000000,19873,2025-07-17T10:43:23.000000,rejected,18,8,2026-06-02T20:41:00.000000,0,true,true,true,true,0,LABELED,1,19872,2025-07-21T07:15:03.000Z,0,4,LABELED,1,19872,2025-07-20T17:57:03.000000,true,true,true
4379,2026-01-05T00:00:00.000000,19875,2026-01-10T10:06:37.000000,scheduled_visit,0.6,1,2026-01-10T10:06:37.000000,1,true,true,true,true,1,LABELED,1,19875,2026-01-10T10:42:37.000Z,0,1,LABELED,1,19875,2026-01-10T10:06:37.000000,true,true,true
4380,2026-01-22T00:00:00.000000,19876,2026-01-22T09:47:02.000000,accepted,51.3,2,2026-01-29T17:11:55.000000,0,true,true,true,true,0,LABELED,0,,,0,0,LABELED,0,,,true,true,true
4381,2025-05-31T00:00:00.000000,19880,2025-06-04T16:52:19.000000,accepted,5.1,4,2026-03-07T17:29:00.000000,0,true,true,true,true,0,LABELED,0,,,0,0,LABELED,0,,,true,true,true
4382,2026-01-18T00:00:00.000000,19882,2026-01-23T07:16:06.000000,accepted,2.5,3,2026-01-31T17:35:19.000000,0,true,true,true,true,0,LABELED,0,,,0,0,LABELED,0,,,true,true,true
4383,2025-06-18T00:00:00.000000,19886,2025-06-20T07:32:13.000000,scheduled_visit,1.2,3,2025-06-26T10:29:16.000000,1,true,true,true,true,1,LABELED,1,19886,2025-06-20T08:44:13.000Z,0,1,LABELED,1,19886,2025-06-20T07:32:13.000000,true,true,true
4384,2025-01-02T00:00:00.000000,19888,2025-01-05T19:05:40.000000,rejected,12.5,3,2026-04-13T17:20:00.000000,0,true,true,true,true,0,LABELED,0,,,0,0,LABELED,0,,,true,true,true
4385,2026-05-14T00:00:00.000000,19891,2026-05-27T12:40:01.000000,accepted,12.5,1,2026-05-27T12:40:01.000000,0,true,true,true,true,0,LABELED,0,,,0,0,LABELED,0,,,true,true,false
4386,2025-01-06T00:00:00.000000,19893,2025-01-12T07:44:45.000000,no_response,3.7,2,2026-06-29T19:14:00.000000,0,true,true,true,true,0,LABELED,0,,,0,0,LABELED,0,,,true,true,true
4387,2026-04-30T00:00:00.000000,19894,2026-04-30T09:18:24.000000,accepted,6.1,2,2026-04-30T09:34:47.000000,0,true,true,true,true,0,AMBIGUOUS,,,,1,0,LABELED,1,19895,2026-04-30T09:34:47.000000,true,true,true
4388,2025-03-05T00:00:00.000000,19899,2025-03-13T20:30:26.000000,scheduled_visit,11.2,6,2026-05-22T18:17:00.000000,1,true,true,true,true,1,LABELED,1,19899,2025-03-14T07:42:26.000Z,0,1,LABELED,1,19899,2025-03-13T20:30:26.000000,true,true,true
4389,2025-08-11T00:00:00.000000,19903,2025-08-11T07:57:21.000000,scheduled_visit,4.5,5,2026-02-17T15:09:00.000000,1,true,true,true,true,1,LABELED,1,19903,2025-08-11T12:27:21.000Z,0,1,LABELED,1,19903,2025-08-11T07:57:21.000000,true,true,true
4390,2025-11-16T00:00:00.000000,19908,2025-11-16T13:22:54.000000,no_response,,5,2026-03-26T09:45:00.000000,0,true,true,true,true,0,LABELED,1,19911,2025-11-23T16:56:08.000Z,0,1,LABELED,1,19911,2025-11-23T07:20:08.000000,true,true,true
4391,2025-07-25T00:00:00.000000,19913,2025-07-30T09:01:09.000000,accepted,5,2,2025-08-06T17:14:35.000000,0,true,true,true,true,0,LABELED,1,19912,2025-08-08T10:32:35.000Z,0,1,LABELED,1,19912,2025-08-06T17:14:35.000000,true,true,true
4392,2025-05-13T00:00:00.000000,19916,2025-05-16T19:23:49.000000,no_response,11.6,5,2026-03-19T16:55:00.000000,0,true,true,true,true,0,LABELED,0,,,0,0,LABELED,0,,,true,true,true
4393,2026-03-09T00:00:00.000000,19919,2026-03-09T20:50:59.000000,accepted,28.2,1,2026-03-09T20:50:59.000000,0,true,true,true,true,0,LABELED,0,,,0,0,LABELED,0,,,true,true,true
4394,2025-08-20T00:00:00.000000,19922,2025-08-28T17:11:31.000000,accepted,13.1,4,2025-09-29T12:29:00.000000,0,true,true,true,true,0,LABELED,1,19920,2025-08-29T22:56:31.000Z,0,1,LABELED,1,19920,2025-08-29T17:32:31.000000,true,true,true
4395,2026-02-03T00:00:00.000000,19924,2026-02-14T12:58:53.000000,scheduled_visit,8,1,2026-02-14T12:58:53.000000,1,true,true,true,true,1,LABELED,1,19924,2026-02-14T20:58:53.000Z,0,1,LABELED,1,19924,2026-02-14T12:58:53.000000,true,true,true
4396,2025-01-01T00:00:00.000000,19925,2025-01-01T16:12:26.000000,accepted,11.3,4,2026-06-30T13:12:00.000000,0,true,true,true,true,0,AMBIGUOUS,,,,1,0,LABELED,1,19926,2025-01-11T13:21:27.000000,true,true,true
4397,2025-03-17T00:00:00.000000,19929,2025-03-31T07:41:00.000000,accepted,,3,2026-01-20T20:11:00.000000,0,true,true,true,true,0,LABELED,0,,,0,0,LABELED,0,,,true,true,true
4398,2025-10-01T00:00:00.000000,19935,2025-10-05T07:56:19.000000,accepted,4.8,5,2026-01-16T15:35:00.000000,0,true,true,true,true,0,LABELED,1,19936,2025-10-08T22:45:43.000Z,0,1,LABELED,1,19936,2025-10-08T19:51:43.000000,true,true,true
4399,2025-08-07T00:00:00.000000,19939,2025-08-10T08:59:01.000000,accepted,0.5,3,2026-03-04T11:27:00.000000,0,true,true,true,true,0,LABELED,0,,,0,0,LABELED,0,,,true,true,true
4400,2026-04-23T00:00:00.000000,19943,2026-04-23T18:12:33.000000,accepted,14.3,5,2026-05-02T18:58:00.000000,0,true,true,true,true,0,LABELED,1,19941,2026-04-30T03:01:15.000Z,0,1,LABELED,1,19941,2026-04-29T14:31:15.000000,true,true,true
4401,2025-09-30T00:00:00.000000,19945,2025-10-07T08:28:23.000000,rejected,3.5,1,2025-10-07T08:28:23.000000,0,true,true,true,true,0,LABELED,0,,,0,0,LABELED,0,,,true,true,true
4402,2026-04-15T00:00:00.000000,19946,2026-04-17T13:31:29.000000,scheduled_visit,,2,2026-04-18T18:07:47.000000,1,true,true,true,true,1,AMBIGUOUS,,,,1,0,LABELED,1,19946,2026-04-17T13:31:29.000000,true,true,true
4403,2025-09-16T00:00:00.000000,19948,2025-09-21T15:20:38.000000,no_response,37.7,3,2025-09-26T10:04:00.000000,0,true,true,true,true,0,LABELED,0,,,0,0,LABELED,0,,,true,true,true
4404,2025-12-08T00:00:00.000000,19954,2025-12-11T07:50:06.000000,scheduled_visit,14.8,4,2026-04-06T13:11:00.000000,1,true,true,true,true,1,LABELED,1,19952,2025-12-11T20:56:01.000Z,0,2,LABELED,1,19954,2025-12-11T07:50:06.000000,true,true,true
4405,2025-02-26T00:00:00.000000,19956,2025-03-03T10:43:51.000000,accepted,35.3,4,2026-05-29T18:01:00.000000,0,true,true,true,true,0,LABELED,0,,,0,1,LABELED,0,,,true,true,true
4406,2025-07-18T00:00:00.000000,19965,2025-07-19T14:39:15.000000,accepted,9.8,8,2026-05-28T12:52:00.000000,0,true,true,true,true,0,LABELED,0,,,0,0,LABELED,0,,,true,true,true
4407,2025-12-11T00:00:00.000000,19969,2025-12-11T20:27:05.000000,rejected,38.9,3,2026-03-15T19:46:00.000000,0,true,true,true,true,0,LABELED,0,,,0,0,LABELED,0,,,true,true,true
4408,2025-06-10T00:00:00.000000,19970,2025-06-18T20:19:37.000000,scheduled_visit,47.6,1,2025-06-18T20:19:37.000000,1,true,true,true,true,1,LABELED,1,19970,2025-06-20T19:55:37.000Z,0,1,LABELED,1,19970,2025-06-18T20:19:37.000000,true,true,true
4409,2025-12-15T00:00:00.000000,19973,2025-12-18T17:22:10.000000,accepted,33.2,8,2026-06-03T17:06:00.000000,0,true,true,true,true,0,LABELED,1,19971,2025-12-21T16:26:10.000Z,0,3,LABELED,1,19971,2025-12-21T15:56:10.000000,true,true,true
4410,2025-11-02T00:00:00.000000,19979,2025-11-09T17:54:21.000000,accepted,0.8,2,2025-12-03T09:23:00.000000,0,true,true,true,true,0,LABELED,0,,,0,0,LABELED,0,,,true,true,true
4411,2026-03-05T00:00:00.000000,19982,2026-03-09T15:36:42.000000,accepted,5,6,2026-03-17T16:02:01.000000,0,true,true,true,true,0,AMBIGUOUS,,,,1,0,LABELED,1,19985,2026-03-15T12:02:38.000000,true,true,true
4412,2026-01-09T00:00:00.000000,19990,2026-01-11T10:02:36.000000,rejected,23.1,8,2026-06-17T16:36:00.000000,0,true,true,true,true,0,LABELED,1,19992,2026-01-14T17:01:58.000Z,0,1,LABELED,1,19992,2026-01-13T14:07:58.000000,true,true,true
4413,2025-11-27T00:00:00.000000,19995,2025-11-28T07:49:08.000000,no_response,16.8,5,2026-05-27T08:49:00.000000,0,true,true,true,true,0,LABELED,1,19999,2025-12-02T19:23:12.000Z,0,1,LABELED,1,19999,2025-12-02T18:29:12.000000,true,true,true
4414,2025-02-17T00:00:00.000000,20002,2025-03-02T07:00:39.000000,rejected,,5,2026-02-21T11:38:00.000000,0,true,true,true,true,0,LABELED,1,20001,2025-03-05T15:03:00.000Z,0,1,LABELED,1,20001,2025-03-04T10:45:00.000000,true,true,true
4415,2025-01-24T00:00:00.000000,20007,2025-02-03T15:45:50.000000,rejected,6.1,3,2026-04-20T08:26:00.000000,0,true,true,true,true,0,LABELED,0,,,0,0,LABELED,0,,,true,true,true
4416,2025-12-09T00:00:00.000000,20009,2025-12-13T19:07:43.000000,accepted,20.5,7,2026-02-25T13:04:00.000000,0,true,true,true,true,0,LABELED,0,,,0,0,LABELED,0,,,true,true,true
4417,2025-05-14T00:00:00.000000,20017,2025-05-23T13:45:17.000000,no_response,1.5,3,2026-04-28T18:37:00.000000,0,true,true,true,true,0,AMBIGUOUS,,,,1,0,LABELED,1,20016,2025-05-25T07:30:50.000000,true,true,true
4418,2025-12-28T00:00:00.000000,20021,2025-12-28T16:19:43.000000,accepted,2.3,6,2026-04-13T12:24:00.000000,0,true,true,true,true,0,LABELED,0,,,0,0,LABELED,0,,,true,true,true
4419,2025-10-20T00:00:00.000000,20024,2025-10-23T19:13:34.000000,accepted,,4,2026-02-26T12:07:00.000000,0,true,true,true,true,0,AMBIGUOUS,,,,1,0,LABELED,1,20026,2025-11-01T12:01:39.000000,true,true,true
4420,2025-05-16T00:00:00.000000,20029,2025-07-25T19:56:00.000000,scheduled_visit,5.6,2,2025-10-02T08:03:00.000000,1,true,true,true,true,1,LABELED,1,20029,2025-07-26T01:32:00.000Z,0,2,LABELED,1,20029,2025-07-25T19:56:00.000000,true,true,true
4421,2025-08-15T00:00:00.000000,20031,2025-08-28T13:13:31.000000,accepted,9.2,2,2025-11-24T19:31:00.000000,0,true,true,true,true,0,LABELED,0,,,0,1,LABELED,0,,,true,true,true
4422,2025-08-04T00:00:00.000000,20032,2025-08-08T13:15:45.000000,accepted,36.6,7,2026-03-07T18:09:00.000000,0,true,true,true,true,0,LABELED,0,,,0,1,LABELED,0,,,true,true,true
4423,2025-11-30T00:00:00.000000,20039,2025-11-30T14:42:56.000000,accepted,3,1,2025-11-30T14:42:56.000000,0,true,true,true,true,0,LABELED,0,,,0,0,LABELED,0,,,true,true,true
4424,2025-05-02T00:00:00.000000,20044,2025-07-07T10:55:00.000000,accepted,2.1,6,2026-03-30T15:58:00.000000,0,true,true,true,true,0,LABELED,0,,,0,1,LABELED,0,,,true,true,true
4425,2025-02-08T00:00:00.000000,20046,2025-06-20T09:36:00.000000,accepted,43.9,4,2026-03-19T20:35:00.000000,0,true,true,true,true,0,LABELED,0,,,0,1,LABELED,0,,,true,true,true
4426,2025-07-08T00:00:00.000000,20055,2025-07-08T20:43:00.000000,accepted,4.9,8,2026-03-11T11:04:00.000000,0,true,true,true,true,0,LABELED,0,,,0,0,LABELED,0,,,true,true,true
4427,2025-06-18T00:00:00.000000,20059,2025-06-19T19:54:09.000000,rejected,13.6,5,2026-02-09T07:14:00.000000,0,true,true,true,true,0,LABELED,0,,,0,1,LABELED,0,,,true,true,true
4428,2025-09-27T00:00:00.000000,20063,2025-10-06T20:13:45.000000,accepted,23,2,2025-10-07T17:55:08.000000,0,true,true,true,true,0,AMBIGUOUS,,,,1,0,LABELED,1,20064,2025-10-07T17:55:08.000000,true,true,true
4429,2025-04-29T00:00:00.000000,20067,2025-05-08T15:41:02.000000,rejected,,5,2026-06-24T17:40:00.000000,0,true,true,true,true,0,LABELED,0,,,0,1,LABELED,0,,,true,true,true
4430,2025-07-10T00:00:00.000000,20070,2026-03-17T11:17:00.000000,no_response,2.5,1,2026-03-17T11:17:00.000000,0,true,true,true,true,0,LABELED,0,,,0,0,LABELED,0,,,true,true,true
4431,2025-11-15T00:00:00.000000,20072,2025-11-24T10:06:46.000000,accepted,14.7,2,2026-02-28T13:30:00.000000,0,true,true,true,true,0,LABELED,0,,,0,0,LABELED,0,,,true,true,true
4432,2025-04-16T00:00:00.000000,20076,2025-04-21T20:59:30.000000,accepted,10.3,7,2026-01-02T09:00:00.000000,0,true,true,true,true,0,LABELED,0,,,0,1,LABELED,0,,,true,true,true
4433,2025-03-09T00:00:00.000000,20083,2025-03-13T11:21:56.000000,no_response,2.6,4,2025-05-11T15:27:00.000000,0,true,true,true,true,0,LABELED,0,,,0,0,LABELED,0,,,true,true,true
4434,2026-06-18T00:00:00.000000,20084,2026-06-25T19:17:04.000000,accepted,20.4,3,2026-06-29T20:12:30.000000,0,true,true,false,true,0,CENSORED,,,,0,0,CENSORED,,,,false,false,false
4435,2025-07-04T00:00:00.000000,20088,2025-07-07T09:28:43.000000,accepted,28.4,3,2025-08-16T09:40:00.000000,0,true,true,true,true,0,LABELED,0,,,0,1,LABELED,0,,,true,true,true
4436,2025-09-22T00:00:00.000000,20097,2025-09-22T07:06:53.000000,scheduled_visit,42.6,8,2025-12-09T14:26:00.000000,1,true,true,true,true,1,LABELED,1,20097,2025-09-24T01:42:53.000Z,1,2,LABELED,1,20097,2025-09-22T07:06:53.000000,true,true,true
4437,2026-04-09T00:00:00.000000,20098,2026-04-18T08:13:48.000000,scheduled_visit,7.3,1,2026-04-18T08:13:48.000000,1,true,true,true,true,1,LABELED,1,20098,2026-04-18T15:31:48.000Z,0,1,LABELED,1,20098,2026-04-18T08:13:48.000000,true,true,true
4438,2025-11-01T00:00:00.000000,20105,2025-11-08T15:11:31.000000,no_response,20.9,8,2026-06-05T14:56:00.000000,0,true,true,true,true,0,LABELED,0,,,0,1,LABELED,0,,,true,true,true
4439,2026-01-21T00:00:00.000000,20111,2026-01-21T12:25:31.000000,no_response,3.1,7,2026-06-28T14:34:00.000000,0,true,true,true,true,0,LABELED,0,,,0,1,LABELED,0,,,true,true,true
4440,2025-09-09T00:00:00.000000,20114,2025-09-10T15:50:10.000000,accepted,20.3,5,2025-10-04T12:05:00.000000,0,true,true,true,true,0,LABELED,0,,,0,0,LABELED,0,,,true,true,true
4441,2025-09-01T00:00:00.000000,20125,2025-09-04T12:06:26.000000,rejected,26.2,8,2026-01-16T07:11:00.000000,0,true,true,true,true,0,LABELED,1,20121,2025-09-15T14:54:57.000Z,0,1,LABELED,1,20121,2025-09-14T17:12:57.000000,true,true,true
4442,2025-11-03T00:00:00.000000,20127,2025-11-09T18:23:24.000000,accepted,18.7,3,2026-03-16T07:10:00.000000,0,true,true,true,true,0,LABELED,0,,,0,0,LABELED,0,,,true,true,true
4443,2025-10-02T00:00:00.000000,20133,2025-10-03T16:17:06.000000,accepted,16.6,5,2025-10-13T11:32:53.000000,0,true,true,true,true,0,LABELED,1,20131,2025-10-09T10:19:41.000Z,1,1,LABELED,1,20131,2025-10-09T08:49:41.000000,true,true,true
4444,2025-01-27T00:00:00.000000,20142,2025-01-30T09:08:03.000000,rejected,11.4,8,2025-10-02T20:47:00.000000,0,true,true,true,true,0,LABELED,1,20135,2025-02-05T19:51:40.000Z,0,1,LABELED,1,20135,2025-02-04T13:15:40.000000,true,true,true
4445,2025-01-09T00:00:00.000000,20145,2025-01-22T20:01:13.000000,rejected,0.5,3,2025-10-17T07:44:00.000000,0,true,true,true,true,0,LABELED,1,20144,2025-02-11T05:02:00.000Z,0,1,LABELED,1,20144,2025-02-10T14:08:00.000000,true,true,true
4446,2025-01-06T00:00:00.000000,20151,2025-01-19T08:11:46.000000,accepted,29.1,6,2026-06-13T14:08:00.000000,0,true,true,true,true,0,LABELED,1,20149,2025-02-11T09:09:00.000Z,0,1,LABELED,1,20149,2025-02-11T07:15:00.000000,true,true,true
4447,2026-03-21T00:00:00.000000,20156,2026-03-27T07:03:11.000000,no_response,,5,2026-04-22T15:03:00.000000,0,true,true,true,true,0,LABELED,0,,,0,0,LABELED,0,,,true,true,true
4448,2026-02-01T00:00:00.000000,20157,2026-02-01T13:18:25.000000,accepted,13.2,8,2026-06-20T08:38:00.000000,0,true,true,true,true,0,LABELED,0,,,0,2,LABELED,0,,,true,true,true
4449,2025-06-23T00:00:00.000000,20166,2025-06-27T20:21:37.000000,rejected,23.5,3,2026-01-11T12:57:00.000000,0,true,true,true,true,0,LABELED,0,,,0,0,LABELED,0,,,true,true,true
4450,2026-04-21T00:00:00.000000,20168,2026-04-29T17:09:10.000000,accepted,17,2,2026-05-04T12:58:44.000000,0,true,true,true,true,0,LABELED,0,,,0,0,LABELED,0,,,true,true,true
4451,2025-05-16T00:00:00.000000,20170,2025-05-19T16:02:00.000000,accepted,12.2,6,2025-10-02T14:31:00.000000,0,true,true,true,true,0,LABELED,1,20171,2025-05-21T13:42:11.000Z,0,2,LABELED,1,20171,2025-05-20T10:42:11.000000,true,true,true
4452,2025-10-17T00:00:00.000000,20179,2025-10-19T11:05:11.000000,no_response,11.9,6,2026-04-07T13:20:00.000000,0,true,true,true,true,0,LABELED,0,,,0,0,LABELED,0,,,true,true,true
4453,2025-06-24T00:00:00.000000,20182,2025-06-27T07:06:34.000000,accepted,3.9,6,2026-06-05T11:53:00.000000,0,true,true,true,true,0,LABELED,0,,,0,0,LABELED,0,,,true,true,true
4454,2026-01-17T00:00:00.000000,20188,2026-01-19T16:05:17.000000,scheduled_visit,42.7,3,2026-01-27T10:08:25.000000,1,true,true,true,true,1,LABELED,1,20188,2026-01-21T10:47:17.000Z,0,1,LABELED,1,20188,2026-01-19T16:05:17.000000,true,true,true
4455,2025-04-19T00:00:00.000000,20193,2025-04-23T19:37:46.000000,rejected,11.7,6,2026-03-06T17:04:00.000000,0,true,true,true,true,0,LABELED,0,,,0,2,LABELED,0,,,true,true,true
4456,2025-05-30T00:00:00.000000,20197,2025-05-30T19:27:44.000000,accepted,28.3,6,2026-05-08T09:55:00.000000,0,true,true,true,true,0,LABELED,0,,,0,0,LABELED,0,,,true,true,true
4457,2026-03-23T00:00:00.000000,20206,2026-03-27T12:37:51.000000,accepted,2.7,5,2026-04-03T16:54:01.000000,0,true,true,true,true,0,LABELED,0,,,0,0,LABELED,0,,,true,true,true
4458,2025-01-11T00:00:00.000000,20208,2026-05-16T14:38:00.000000,scheduled_visit,1,1,2026-05-16T14:38:00.000000,1,true,true,true,true,1,LABELED,1,20208,2026-05-16T15:38:00.000Z,0,1,LABELED,1,20208,2026-05-16T14:38:00.000000,true,true,false
4459,2025-02-01T00:00:00.000000,20211,2025-02-04T20:10:42.000000,scheduled_visit,0.6,5,2026-05-23T17:59:00.000000,1,true,true,true,true,1,LABELED,1,20211,2025-02-04T20:46:42.000Z,0,2,LABELED,1,20211,2025-02-04T20:10:42.000000,true,true,true
4460,2025-05-28T00:00:00.000000,20214,2025-06-06T10:03:00.000000,scheduled_visit,7.7,1,2025-06-06T10:03:00.000000,1,true,true,true,true,1,LABELED,1,20214,2025-06-06T17:45:00.000Z,0,1,LABELED,1,20214,2025-06-06T10:03:00.000000,true,true,true
4461,2025-09-17T00:00:00.000000,20217,2025-09-17T14:31:51.000000,accepted,19.9,7,2026-05-23T15:51:00.000000,0,true,true,true,true,0,LABELED,1,20215,2025-09-25T14:12:52.000Z,0,2,LABELED,1,20215,2025-09-24T19:24:52.000000,true,true,true
4462,2025-10-28T00:00:00.000000,20222,2025-10-29T15:38:30.000000,rejected,41.3,1,2025-10-29T15:38:30.000000,0,true,true,true,true,0,LABELED,0,,,0,0,LABELED,0,,,true,true,true
4463,2025-12-25T00:00:00.000000,20226,2025-12-25T11:08:52.000000,no_response,5.3,4,2026-01-03T08:58:09.000000,0,true,true,true,true,0,LABELED,0,,,0,0,LABELED,0,,,true,true,true
4464,2026-01-15T00:00:00.000000,20232,2026-01-15T13:32:14.000000,no_response,10.7,7,2026-06-09T13:04:00.000000,0,true,true,true,true,0,LABELED,0,,,0,0,LABELED,0,,,true,true,true
4465,2025-01-28T00:00:00.000000,20235,2025-02-03T10:48:11.000000,scheduled_visit,10.9,3,2026-05-01T07:12:00.000000,1,true,true,true,true,1,LABELED,1,20235,2025-02-03T21:42:11.000Z,0,1,LABELED,1,20235,2025-02-03T10:48:11.000000,true,true,true
4466,2025-09-17T00:00:00.000000,20242,2025-09-20T14:33:50.000000,accepted,,7,2026-01-31T10:16:00.000000,0,true,true,true,true,0,LABELED,1,20237,2025-09-25T10:01:57.000Z,0,3,LABELED,1,20237,2025-09-24T19:25:57.000000,true,true,true
4467,2025-10-14T00:00:00.000000,20246,2025-10-19T08:12:00.000000,accepted,,6,2026-02-16T15:21:00.000000,0,true,true,true,true,0,LABELED,1,20244,2025-10-21T18:50:43.000Z,0,2,LABELED,1,20244,2025-10-20T19:08:43.000000,true,true,true
4468,2026-04-15T00:00:00.000000,20253,2026-04-15T19:47:17.000000,scheduled_visit,10.4,6,2026-05-25T11:29:00.000000,1,true,true,true,true,1,LABELED,1,20253,2026-04-16T06:11:17.000Z,0,2,LABELED,1,20253,2026-04-15T19:47:17.000000,true,true,true
4469,2025-08-11T00:00:00.000000,20257,2025-08-17T18:41:22.000000,accepted,17.7,3,2025-08-31T16:13:00.000000,0,true,true,true,true,0,AMBIGUOUS,,,,1,0,LABELED,1,20256,2025-08-31T16:13:00.000000,true,true,true
4470,2026-03-09T00:00:00.000000,20259,2026-03-16T13:20:07.000000,no_response,29.9,1,2026-03-16T13:20:07.000000,0,true,true,true,true,0,LABELED,0,,,0,0,LABELED,0,,,true,true,true
4471,2026-02-01T00:00:00.000000,20265,2026-02-01T15:48:56.000000,no_response,7.8,7,2026-06-10T18:52:00.000000,0,true,true,true,true,0,LABELED,0,,,0,0,LABELED,0,,,true,true,true
4472,2025-08-26T00:00:00.000000,20269,2025-08-26T07:15:02.000000,accepted,31.2,7,2026-06-14T19:21:00.000000,0,true,true,true,true,0,AMBIGUOUS,,,,1,0,LABELED,1,20271,2025-09-05T19:58:35.000000,true,true,true
4473,2026-04-29T00:00:00.000000,20274,2026-05-01T11:47:30.000000,accepted,0.8,4,2026-05-12T09:24:07.000000,0,true,true,true,true,0,LABELED,1,20275,2026-05-09T15:10:55.000Z,0,1,LABELED,1,20275,2026-05-09T08:34:55.000000,true,true,true
4474,2025-02-23T00:00:00.000000,20280,2025-03-06T10:08:04.000000,no_response,5.2,5,2026-06-11T07:43:00.000000,0,true,true,true,true,0,LABELED,0,,,0,0,LABELED,0,,,true,true,true
4475,2025-01-19T00:00:00.000000,20286,2025-01-24T09:17:55.000000,rejected,3.1,4,2026-02-01T10:22:00.000000,0,true,true,true,true,0,LABELED,0,,,0,1,LABELED,0,,,true,true,true
4476,2025-12-25T00:00:00.000000,20288,2025-12-28T10:41:44.000000,no_response,14.2,8,2026-04-17T10:29:00.000000,0,true,true,true,true,0,LABELED,1,20289,2026-01-02T00:10:24.000Z,1,2,LABELED,1,20289,2025-12-31T18:04:24.000000,true,true,true
4477,2025-05-27T00:00:00.000000,20296,2025-05-30T13:05:18.000000,accepted,2,2,2025-06-03T08:30:44.000000,0,true,true,true,true,0,LABELED,0,,,0,0,LABELED,0,,,true,true,true
4478,2025-05-30T00:00:00.000000,20297,2025-05-31T15:56:07.000000,scheduled_visit,4.5,6,2026-03-18T14:35:00.000000,1,true,true,true,true,1,LABELED,1,20297,2025-05-31T20:26:07.000Z,0,2,LABELED,1,20297,2025-05-31T15:56:07.000000,true,true,true
4479,2025-12-20T00:00:00.000000,20303,2025-12-23T13:02:06.000000,no_response,0.5,3,2026-01-19T14:06:00.000000,0,true,true,true,true,0,LABELED,1,20304,2025-12-25T05:19:19.000Z,0,2,LABELED,1,20304,2025-12-24T15:55:19.000000,true,true,true
4480,2025-10-21T00:00:00.000000,20306,2025-10-23T19:14:54.000000,scheduled_visit,8.9,7,2026-04-19T10:21:00.000000,1,true,true,true,true,1,LABELED,1,20306,2025-10-24T04:08:54.000Z,0,1,LABELED,1,20306,2025-10-23T19:14:54.000000,true,true,true
4481,2026-06-08T00:00:00.000000,20314,2026-06-09T18:04:19.000000,rejected,4.3,5,2026-06-19T16:27:58.000000,0,true,true,true,true,0,LABELED,1,20313,2026-06-14T10:52:18.000Z,0,2,CENSORED,,,,false,false,false
4482,2025-07-31T00:00:00.000000,20320,2025-08-07T10:18:06.000000,no_response,15.3,4,2025-10-03T11:24:00.000000,0,true,true,true,true,0,LABELED,0,,,0,1,LABELED,0,,,true,true,true
4483,2026-06-04T00:00:00.000000,20324,2026-06-05T17:45:51.000000,scheduled_visit,13.4,8,2026-06-17T17:38:06.000000,1,true,true,true,true,1,LABELED,1,20324,2026-06-06T07:09:51.000Z,0,3,CENSORED,,,,true,false,false
4484,2026-06-01T00:00:00.000000,20332,2026-06-01T08:56:47.000000,rejected,,7,2026-06-14T10:56:31.000000,0,true,true,true,true,0,LABELED,1,20333,2026-06-06T18:45:33.000Z,0,1,CENSORED,,,,true,false,false
4485,2026-06-29T00:00:00.000000,20340,2026-06-30T15:53:18.000000,rejected,31.9,5,2026-07-12T19:51:16.000000,0,true,false,false,false,,CENSORED,,,,0,0,CENSORED,,,,false,false,false
4486,2025-12-02T00:00:00.000000,20348,2025-12-03T17:56:41.000000,no_response,,8,2026-03-29T07:14:00.000000,0,true,true,true,true,0,LABELED,1,20343,2025-12-26T02:14:00.000Z,0,1,LABELED,1,20343,2025-12-22T12:44:00.000000,true,true,true
4487,2026-04-09T00:00:00.000000,20351,2026-04-17T12:49:05.000000,scheduled_visit,15.7,2,2026-05-18T07:00:00.000000,1,true,true,true,true,1,LABELED,1,20351,2026-04-18T04:31:05.000Z,0,1,LABELED,1,20351,2026-04-17T12:49:05.000000,true,true,true
4488,2025-01-24T00:00:00.000000,20356,2025-02-02T11:06:19.000000,accepted,32.6,6,2025-11-22T10:59:00.000000,0,true,true,true,true,0,LABELED,0,,,0,0,LABELED,0,,,true,true,true
4489,2025-03-06T00:00:00.000000,20363,2025-03-16T20:04:58.000000,accepted,19.7,8,2026-05-21T14:24:00.000000,0,true,true,true,true,0,LABELED,0,,,0,2,LABELED,0,,,true,true,true
4490,2025-04-14T00:00:00.000000,20367,2026-01-29T15:49:00.000000,no_response,11.3,3,2026-06-08T18:29:00.000000,0,true,true,true,true,0,LABELED,0,,,0,1,LABELED,0,,,true,true,true
4491,2026-03-19T00:00:00.000000,20369,2026-03-20T13:34:02.000000,no_response,1.1,6,2026-03-31T12:43:01.000000,0,true,true,true,true,0,LABELED,0,,,0,0,LABELED,0,,,true,true,true
4492,2026-06-11T00:00:00.000000,20375,2026-06-21T18:03:00.000000,accepted,10,1,2026-06-21T18:03:00.000000,0,true,true,false,true,0,CENSORED,,,,0,0,CENSORED,,,,false,false,false
4493,2025-04-01T00:00:00.000000,20379,2025-04-05T16:51:00.000000,accepted,1.2,4,2026-05-18T16:35:00.000000,0,true,true,true,true,0,LABELED,0,,,0,1,LABELED,0,,,true,true,true
4494,2025-04-24T00:00:00.000000,20381,2025-04-25T08:52:55.000000,accepted,,4,2026-06-09T20:35:00.000000,0,true,true,true,true,0,LABELED,1,20383,2025-05-06T05:42:08.000Z,0,1,LABELED,1,20383,2025-05-05T18:00:08.000000,true,true,true
4495,2025-10-06T00:00:00.000000,20384,2025-10-06T17:16:55.000000,accepted,4.5,1,2025-10-06T17:16:55.000000,0,true,true,true,true,0,LABELED,0,,,0,0,LABELED,0,,,true,true,true
4496,2025-07-04T00:00:00.000000,20385,2025-08-20T18:17:00.000000,rejected,2.2,2,2026-06-07T12:23:00.000000,0,true,true,true,true,0,LABELED,0,,,0,0,LABELED,0,,,true,true,true
4497,2025-11-10T00:00:00.000000,20387,2025-11-11T17:46:27.000000,accepted,2.5,1,2025-11-11T17:46:27.000000,0,true,true,true,true,0,LABELED,0,,,0,0,LABELED,0,,,true,true,true
4498,2026-06-15T00:00:00.000000,20389,2026-06-15T14:51:39.000000,accepted,21.4,6,2026-06-27T19:51:36.000000,0,true,true,false,true,0,CENSORED,,,,0,0,CENSORED,,,,false,false,false
4499,2025-12-08T00:00:00.000000,20394,2025-12-09T11:28:00.000000,scheduled_visit,5.4,6,2026-04-16T11:51:00.000000,1,true,true,true,true,1,LABELED,1,20394,2025-12-09T16:52:00.000Z,0,2,LABELED,1,20394,2025-12-09T11:28:00.000000,true,true,true
4500,2026-04-24T00:00:00.000000,20400,2026-04-25T09:44:57.000000,accepted,13.5,6,2026-05-16T15:25:00.000000,0,true,true,true,true,0,LABELED,1,20405,2026-04-25T17:33:31.000Z,0,1,LABELED,1,20405,2026-04-25T12:57:31.000000,true,true,true
4501,2025-03-10T00:00:00.000000,20409,2025-03-10T13:15:25.000000,no_response,0.5,4,2026-05-25T08:07:00.000000,0,true,true,true,true,0,LABELED,0,,,0,0,LABELED,0,,,true,true,true
4502,2025-04-29T00:00:00.000000,20410,2025-06-20T16:01:00.000000,scheduled_visit,1.3,2,2026-02-01T13:05:00.000000,1,true,true,true,true,1,LABELED,1,20410,2025-06-20T17:19:00.000Z,0,1,LABELED,1,20410,2025-06-20T16:01:00.000000,true,true,true
4503,2026-02-20T00:00:00.000000,20413,2026-02-20T19:18:20.000000,scheduled_visit,4.3,8,2026-03-15T20:27:00.000000,1,true,true,true,true,1,LABELED,1,20413,2026-02-20T23:36:20.000Z,0,2,LABELED,1,20413,2026-02-20T19:18:20.000000,true,true,true
4504,2025-04-25T00:00:00.000000,20424,2025-05-03T19:12:43.000000,no_response,,5,2026-06-06T19:35:00.000000,0,true,true,true,true,0,LABELED,0,,,0,3,LABELED,0,,,true,true,true
4505,2025-02-07T00:00:00.000000,20425,2025-08-12T18:47:00.000000,no_response,,2,2026-05-08T20:58:00.000000,0,true,true,true,true,0,LABELED,0,,,0,0,LABELED,0,,,true,true,true
4506,2025-11-24T00:00:00.000000,20427,2025-11-24T10:18:59.000000,accepted,2,4,2025-11-30T19:25:55.000000,0,true,true,true,true,0,LABELED,0,,,0,0,LABELED,0,,,true,true,true
4507,2026-06-08T00:00:00.000000,20433,2026-06-12T14:08:56.000000,no_response,9.1,3,2026-06-19T17:00:50.000000,0,true,true,true,true,0,LABELED,0,,,0,0,CENSORED,,,,false,false,false
4508,2026-03-04T00:00:00.000000,20437,2026-03-10T20:21:48.000000,accepted,22.2,4,2026-06-29T18:26:00.000000,0,true,true,true,true,0,LABELED,0,,,0,1,LABELED,0,,,true,true,true
4509,2025-10-09T00:00:00.000000,20438,2025-10-18T13:10:51.000000,accepted,3.5,1,2025-10-18T13:10:51.000000,0,true,true,true,true,0,LABELED,0,,,0,0,LABELED,0,,,true,true,true
4510,2026-01-07T00:00:00.000000,20443,2026-01-07T13:45:00.000000,accepted,30.5,5,2026-06-24T08:42:00.000000,0,true,true,true,true,0,LABELED,0,,,0,1,LABELED,0,,,true,true,true
4511,2025-06-27T00:00:00.000000,20445,2025-06-29T11:50:15.000000,scheduled_visit,3.5,8,2026-03-18T09:04:00.000000,1,true,true,true,true,1,LABELED,1,20445,2025-06-29T15:20:15.000Z,0,1,LABELED,1,20445,2025-06-29T11:50:15.000000,true,true,true
4512,2025-09-24T00:00:00.000000,20452,2026-06-11T17:55:00.000000,scheduled_visit,51.5,1,2026-06-11T17:55:00.000000,1,true,true,true,true,1,LABELED,1,20452,2026-06-13T21:25:00.000Z,0,1,CENSORED,,,,false,false,false
4513,2025-04-18T00:00:00.000000,20453,2025-04-30T18:49:10.000000,accepted,2.7,4,2026-06-12T16:47:00.000000,0,true,true,true,true,0,LABELED,0,,,0,1,LABELED,0,,,true,true,true
4514,2025-11-24T00:00:00.000000,20458,2025-11-28T20:45:37.000000,rejected,18.4,5,2026-05-16T12:05:00.000000,0,true,true,true,true,0,LABELED,0,,,0,1,LABELED,0,,,true,true,true
4515,2026-05-20T00:00:00.000000,20464,2026-05-20T08:08:47.000000,scheduled_visit,9.7,5,2026-06-01T16:08:10.000000,1,true,true,true,true,1,LABELED,1,20464,2026-05-20T17:50:47.000Z,0,2,LABELED,1,20464,2026-05-20T08:08:47.000000,true,true,false
4516,2025-05-26T00:00:00.000000,20467,2025-08-20T20:08:00.000000,scheduled_visit,4.3,1,2025-08-20T20:08:00.000000,1,true,true,true,true,1,LABELED,1,20467,2025-08-21T00:26:00.000Z,0,1,LABELED,1,20467,2025-08-20T20:08:00.000000,true,true,true
4517,2026-01-26T00:00:00.000000,20468,2026-01-30T10:11:53.000000,accepted,2.6,2,2026-02-06T14:45:30.000000,0,true,true,true,true,0,LABELED,0,,,0,0,LABELED,0,,,true,true,true
4518,2025-07-01T00:00:00.000000,20473,2025-07-04T10:55:03.000000,accepted,17.8,7,2026-04-11T19:56:00.000000,0,true,true,true,true,0,LABELED,0,,,0,1,LABELED,0,,,true,true,true
4519,2025-10-31T00:00:00.000000,20477,2025-10-31T20:25:02.000000,scheduled_visit,3,3,2025-11-06T10:54:24.000000,1,true,true,true,true,1,LABELED,1,20477,2025-10-31T23:25:02.000Z,1,1,LABELED,1,20477,2025-10-31T20:25:02.000000,true,true,true
4520,2025-09-11T00:00:00.000000,20482,2025-09-11T11:21:40.000000,scheduled_visit,1,4,2026-05-19T12:50:00.000000,1,true,true,true,true,1,LABELED,1,20482,2025-09-11T12:21:40.000Z,0,1,LABELED,1,20482,2025-09-11T11:21:40.000000,true,true,true
4521,2026-01-30T00:00:00.000000,20486,2026-02-03T12:39:50.000000,accepted,5.4,3,2026-02-09T11:12:15.000000,0,true,true,true,true,0,LABELED,0,,,0,0,LABELED,0,,,true,true,true
4522,2025-02-13T00:00:00.000000,20489,2025-02-17T13:16:02.000000,accepted,,6,2026-01-20T10:35:00.000000,0,true,true,true,true,0,LABELED,0,,,0,2,LABELED,0,,,true,true,true
4523,2026-04-17T00:00:00.000000,20498,2026-04-17T16:14:15.000000,no_response,30.2,7,2026-04-29T10:49:14.000000,0,true,true,true,true,0,LABELED,0,,,0,0,LABELED,0,,,true,true,true
4524,2025-04-15T00:00:00.000000,20501,2025-04-24T18:49:07.000000,accepted,11.7,5,2026-01-02T19:22:00.000000,0,true,true,true,true,0,LABELED,0,,,0,0,LABELED,0,,,true,true,true
4525,2025-09-15T00:00:00.000000,20511,2025-09-16T09:39:13.000000,no_response,14.4,8,2026-02-21T09:30:00.000000,0,true,true,true,true,0,LABELED,1,20509,2025-09-21T00:05:00.000Z,0,3,LABELED,1,20509,2025-09-19T08:23:00.000000,true,true,true
4526,2025-08-02T00:00:00.000000,20513,2026-03-06T14:42:00.000000,accepted,18.9,1,2026-03-06T14:42:00.000000,0,true,true,true,true,0,LABELED,0,,,0,0,LABELED,0,,,true,true,true
4527,2026-06-10T00:00:00.000000,20517,2026-06-13T14:28:21.000000,accepted,4.5,4,2026-06-18T13:33:40.000000,0,true,true,true,true,0,LABELED,0,,,0,0,CENSORED,,,,false,false,false
4528,2025-10-02T00:00:00.000000,20520,2025-10-03T11:06:37.000000,accepted,4.3,4,2025-10-18T18:40:00.000000,0,true,true,true,true,0,LABELED,1,20519,2025-10-09T02:13:29.000Z,1,1,LABELED,1,20519,2025-10-08T14:31:29.000000,true,true,true
4529,2025-05-06T00:00:00.000000,20523,2025-05-13T17:53:10.000000,rejected,8.7,8,2026-06-03T19:47:00.000000,0,true,true,true,true,0,LABELED,1,20528,2025-05-17T00:26:13.000Z,0,2,LABELED,1,20528,2025-05-16T20:32:13.000000,true,true,true
4530,2026-03-31T00:00:00.000000,20530,2026-04-10T19:02:21.000000,accepted,23.7,1,2026-04-10T19:02:21.000000,0,true,true,true,true,0,LABELED,0,,,0,0,LABELED,0,,,true,true,true
4531,2026-03-04T00:00:00.000000,20531,2026-03-04T09:36:38.000000,accepted,8.6,4,2026-03-12T09:26:28.000000,0,true,true,true,true,0,LABELED,0,,,0,0,LABELED,0,,,true,true,true
4532,2026-04-10T00:00:00.000000,20535,2026-04-20T09:42:03.000000,accepted,6.8,1,2026-04-20T09:42:03.000000,0,true,true,true,true,0,LABELED,0,,,0,0,LABELED,0,,,true,true,true
4533,2025-12-13T00:00:00.000000,20540,2025-12-21T17:46:29.000000,rejected,15,7,2026-06-09T20:20:00.000000,0,true,true,true,true,0,LABELED,0,,,0,0,LABELED,0,,,true,true,true
4534,2025-09-15T00:00:00.000000,20548,2025-09-16T09:10:59.000000,accepted,4.2,8,2026-06-24T20:41:00.000000,0,true,true,true,true,0,AMBIGUOUS,,,,1,0,LABELED,1,20546,2025-09-24T14:57:25.000000,true,true,true
4535,2026-06-30T00:00:00.000000,20552,2026-07-04T14:22:07.000000,scheduled_visit,2.5,2,2026-07-09T09:51:18.000000,1,true,false,false,false,,CENSORED,,,,0,0,CENSORED,,,,false,false,false
4536,2026-02-16T00:00:00.000000,20555,2026-02-19T20:15:09.000000,accepted,3.8,3,2026-03-01T18:40:47.000000,0,true,true,true,true,0,LABELED,0,,,0,0,LABELED,0,,,true,true,true
4537,2026-04-10T00:00:00.000000,20557,2026-04-10T20:39:20.000000,scheduled_visit,12.3,6,2026-04-20T09:05:29.000000,1,true,true,true,true,1,LABELED,1,20557,2026-04-11T08:57:20.000Z,0,1,LABELED,1,20557,2026-04-10T20:39:20.000000,true,true,true
4538,2026-06-14T00:00:00.000000,20564,2026-06-14T10:01:14.000000,accepted,7.8,6,2026-06-27T09:30:05.000000,0,true,true,false,true,0,CENSORED,,,,0,0,CENSORED,,,,false,false,false
4539,2026-06-24T00:00:00.000000,20568,2026-06-24T09:07:28.000000,rejected,15.5,7,2026-07-05T16:29:39.000000,0,true,true,false,true,0,CENSORED,,,,0,0,CENSORED,,,,false,false,false
4540,2025-03-26T00:00:00.000000,20575,2025-12-09T15:36:00.000000,rejected,,1,2025-12-09T15:36:00.000000,0,true,true,true,true,0,LABELED,0,,,0,0,LABELED,0,,,true,true,true
4541,2026-01-14T00:00:00.000000,20577,2026-01-25T17:38:06.000000,rejected,9.2,2,2026-01-27T07:24:35.000000,0,true,true,true,true,0,LABELED,0,,,0,0,LABELED,0,,,true,true,true
4542,2026-04-10T00:00:00.000000,20579,2026-04-11T09:54:13.000000,accepted,25,4,2026-04-22T20:11:21.000000,0,true,true,true,true,0,LABELED,1,20578,2026-04-22T21:05:21.000Z,0,1,LABELED,1,20578,2026-04-22T20:11:21.000000,true,true,true
4543,2025-11-10T00:00:00.000000,20584,2025-11-10T13:14:34.000000,accepted,4.9,5,2026-05-22T18:50:00.000000,0,true,true,true,true,0,LABELED,0,,,0,2,LABELED,0,,,true,true,true
4544,2026-06-16T00:00:00.000000,20590,2026-06-16T14:41:15.000000,rejected,,4,2026-06-27T10:48:43.000000,0,true,true,false,true,0,CENSORED,,,,0,0,CENSORED,,,,false,false,false
4545,2025-09-01T00:00:00.000000,20593,2025-09-05T16:03:55.000000,scheduled_visit,1.3,4,2025-10-11T08:39:00.000000,1,true,true,true,true,1,LABELED,1,20593,2025-09-05T17:21:55.000Z,0,1,LABELED,1,20593,2025-09-05T16:03:55.000000,true,true,true
4546,2026-05-08T00:00:00.000000,20595,2026-05-08T15:29:12.000000,accepted,39.5,1,2026-05-08T15:29:12.000000,0,true,true,true,true,0,LABELED,0,,,0,0,LABELED,0,,,true,true,true
4547,2025-08-23T00:00:00.000000,20597,2025-08-29T17:37:15.000000,scheduled_visit,26.1,2,2025-08-30T15:09:43.000000,1,true,true,true,true,1,LABELED,1,20597,2025-08-30T19:43:15.000Z,0,1,LABELED,1,20597,2025-08-29T17:37:15.000000,true,true,true
4548,2025-12-04T00:00:00.000000,20600,2025-12-05T13:09:59.000000,accepted,8.5,5,2025-12-19T18:04:00.000000,0,true,true,true,true,0,LABELED,0,,,0,0,LABELED,0,,,true,true,true
4549,2026-01-27T00:00:00.000000,20607,2026-01-30T10:10:45.000000,accepted,6.1,6,2026-02-13T19:36:00.000000,0,true,true,true,true,0,LABELED,0,,,0,0,LABELED,0,,,true,true,true
4550,2026-06-16T00:00:00.000000,20609,2026-06-16T10:14:03.000000,rejected,4.5,4,2026-06-16T13:11:52.000000,0,true,true,false,true,0,CENSORED,,,,0,0,CENSORED,,,,false,false,false
4551,2025-03-25T00:00:00.000000,20613,2026-03-27T10:51:00.000000,rejected,,1,2026-03-27T10:51:00.000000,0,true,true,true,true,0,LABELED,0,,,0,0,LABELED,0,,,true,true,true
4552,2026-06-27T00:00:00.000000,20615,2026-06-29T08:34:55.000000,scheduled_visit,,2,2026-06-29T17:14:49.000000,1,true,true,false,true,1,CENSORED,,,,0,0,CENSORED,,,,false,false,false
4553,2025-05-28T00:00:00.000000,20622,2025-05-28T17:37:51.000000,no_response,6.4,7,2026-06-18T08:53:00.000000,0,true,true,true,true,0,AMBIGUOUS,,,,1,0,LABELED,1,20620,2025-06-07T12:54:43.000000,true,true,true
4554,2025-11-12T00:00:00.000000,20626,2025-11-14T15:16:09.000000,no_response,,5,2025-11-20T20:35:12.000000,0,true,true,true,true,0,LABELED,0,,,0,0,LABELED,0,,,true,true,true
4555,2025-08-26T00:00:00.000000,20628,2025-12-06T18:29:00.000000,scheduled_visit,16.5,1,2025-12-06T18:29:00.000000,1,true,true,true,true,1,LABELED,1,20628,2025-12-07T10:59:00.000Z,0,1,LABELED,1,20628,2025-12-06T18:29:00.000000,true,true,true
4556,2025-01-08T00:00:00.000000,20630,2025-02-23T10:37:00.000000,accepted,16.2,5,2026-01-16T17:40:00.000000,0,true,true,true,true,0,LABELED,0,,,0,0,LABELED,0,,,true,true,true
4557,2026-04-08T00:00:00.000000,20634,2026-04-08T17:40:51.000000,no_response,9.7,5,2026-04-18T08:49:35.000000,0,true,true,true,true,0,LABELED,0,,,0,0,LABELED,0,,,true,true,true
4558,2025-04-25T00:00:00.000000,20646,2025-04-25T10:18:22.000000,accepted,1.4,8,2026-05-08T10:36:00.000000,0,true,true,true,true,0,AMBIGUOUS,,,,1,3,LABELED,1,20643,2025-05-04T15:53:41.000000,true,true,true
4559,2025-01-11T00:00:00.000000,20649,2025-01-17T10:46:21.000000,scheduled_visit,11.2,7,2025-12-15T17:41:00.000000,1,true,true,true,true,1,LABELED,1,20649,2025-01-17T21:58:21.000Z,0,2,LABELED,1,20649,2025-01-17T10:46:21.000000,true,true,true
4560,2025-05-16T00:00:00.000000,20655,2025-05-22T15:44:21.000000,accepted,31.3,3,2025-10-11T11:05:00.000000,0,true,true,true,true,0,LABELED,0,,,0,0,LABELED,0,,,true,true,true
4561,2025-04-04T00:00:00.000000,20657,2025-05-18T16:00:00.000000,accepted,15.1,1,2025-05-18T16:00:00.000000,0,true,true,true,true,0,LABELED,0,,,0,0,LABELED,0,,,true,true,true
4562,2025-10-22T00:00:00.000000,20658,2025-10-28T16:26:53.000000,accepted,2.8,3,2026-04-15T13:55:00.000000,0,true,true,true,true,0,LABELED,0,,,0,1,LABELED,0,,,true,true,true
4563,2026-04-13T00:00:00.000000,20662,2026-04-21T15:00:18.000000,scheduled_visit,12.9,4,2026-05-02T11:52:00.000000,1,true,true,true,true,1,LABELED,1,20662,2026-04-22T03:54:18.000Z,0,2,LABELED,1,20662,2026-04-21T15:00:18.000000,true,true,true
4564,2025-06-05T00:00:00.000000,20665,2025-06-08T15:19:35.000000,rejected,7.5,8,2026-04-23T08:49:00.000000,0,true,true,true,true,0,LABELED,0,,,0,2,LABELED,0,,,true,true,true
4565,2025-10-06T00:00:00.000000,20673,2025-10-07T13:31:26.000000,accepted,2.6,1,2025-10-07T13:31:26.000000,0,true,true,true,true,0,LABELED,0,,,0,0,LABELED,0,,,true,true,true
4566,2025-06-26T00:00:00.000000,20674,2025-07-05T18:23:15.000000,accepted,42.3,2,2025-08-26T18:42:00.000000,0,true,true,true,true,0,LABELED,0,,,0,0,LABELED,0,,,true,true,true
4567,2025-08-09T00:00:00.000000,20681,2025-08-09T19:52:15.000000,scheduled_visit,22.4,7,2026-06-02T09:54:00.000000,1,true,true,true,true,1,LABELED,1,20681,2025-08-10T18:16:15.000Z,0,2,LABELED,1,20681,2025-08-09T19:52:15.000000,true,true,true
4568,2025-04-25T00:00:00.000000,20685,2025-04-26T20:49:49.000000,accepted,2.1,5,2026-06-11T07:31:00.000000,0,true,true,true,true,0,LABELED,0,,,0,1,LABELED,0,,,true,true,true
4569,2025-01-21T00:00:00.000000,20692,2025-01-30T13:45:30.000000,accepted,12.7,7,2026-01-12T13:43:00.000000,0,true,true,true,true,0,LABELED,0,,,0,1,LABELED,0,,,true,true,true
4570,2025-04-07T00:00:00.000000,20697,2025-04-11T14:55:10.000000,accepted,19.5,6,2026-01-11T13:41:00.000000,0,true,true,true,true,0,LABELED,0,,,0,1,LABELED,0,,,true,true,true
4571,2025-11-15T00:00:00.000000,20701,2025-11-24T18:57:04.000000,scheduled_visit,6.1,2,2025-11-28T19:50:10.000000,1,true,true,true,true,1,LABELED,1,20701,2025-11-25T01:03:04.000Z,0,1,LABELED,1,20701,2025-11-24T18:57:04.000000,true,true,true
4572,2025-07-18T00:00:00.000000,20705,2025-07-21T07:58:44.000000,scheduled_visit,5.7,3,2025-12-23T10:35:00.000000,1,true,true,true,true,1,LABELED,1,20705,2025-07-21T13:40:44.000Z,0,1,LABELED,1,20705,2025-07-21T07:58:44.000000,true,true,true
4573,2026-01-01T00:00:00.000000,20707,2026-01-01T20:14:40.000000,no_response,24.2,4,2026-05-14T09:44:00.000000,0,true,true,true,true,0,LABELED,1,20708,2026-01-13T15:35:18.000Z,0,2,LABELED,1,20708,2026-01-13T12:59:18.000000,true,true,true
4574,2025-06-28T00:00:00.000000,20710,2025-07-07T15:21:34.000000,no_response,23,1,2025-07-07T15:21:34.000000,0,true,true,true,true,0,LABELED,0,,,0,0,LABELED,0,,,true,true,true
4575,2025-03-12T00:00:00.000000,20714,2025-03-23T18:11:28.000000,no_response,17.7,4,2026-02-28T08:42:00.000000,0,true,true,true,true,0,LABELED,0,,,0,0,LABELED,0,,,true,true,true
4576,2025-08-02T00:00:00.000000,20716,2025-08-08T10:58:33.000000,scheduled_visit,,5,2026-05-05T11:17:00.000000,1,true,true,true,true,1,AMBIGUOUS,,,,1,1,LABELED,1,20716,2025-08-08T10:58:33.000000,true,true,true
4577,2025-12-26T00:00:00.000000,20720,2025-12-30T17:16:51.000000,accepted,30.3,1,2025-12-30T17:16:51.000000,0,true,true,true,true,0,LABELED,0,,,0,0,LABELED,0,,,true,true,true
4578,2025-04-30T00:00:00.000000,20723,2025-05-03T11:36:51.000000,accepted,2.2,3,2026-03-21T15:16:00.000000,0,true,true,true,true,0,LABELED,0,,,0,0,LABELED,0,,,true,true,true
4579,2026-06-05T00:00:00.000000,20724,2026-06-08T19:05:24.000000,rejected,4.3,1,2026-06-08T19:05:24.000000,0,true,true,true,true,0,LABELED,0,,,0,0,CENSORED,,,,false,false,false
4580,2026-03-23T00:00:00.000000,20730,2026-03-23T08:03:24.000000,accepted,34,7,2026-04-05T12:51:18.000000,0,true,true,true,true,0,LABELED,0,,,0,0,LABELED,0,,,true,true,true
4581,2025-10-27T00:00:00.000000,20732,2025-11-02T16:07:12.000000,no_response,,7,2026-03-16T08:50:00.000000,0,true,true,true,true,0,LABELED,1,20735,2025-11-03T18:06:00.000Z,0,1,LABELED,1,20735,2025-11-03T12:18:00.000000,true,true,true
4582,2026-05-10T00:00:00.000000,20740,2026-05-13T12:43:55.000000,accepted,15.7,2,2026-05-13T19:14:39.000000,0,true,true,true,true,0,LABELED,0,,,0,0,LABELED,0,,,true,true,true
4583,2025-05-03T00:00:00.000000,20744,2025-05-07T15:10:39.000000,no_response,0.9,6,2026-05-27T07:39:00.000000,0,true,true,true,true,0,LABELED,0,,,0,1,LABELED,0,,,true,true,true
4584,2026-04-11T00:00:00.000000,20748,2026-04-22T13:45:15.000000,no_response,30.4,2,2026-04-22T18:00:55.000000,0,true,true,true,true,0,LABELED,0,,,0,0,LABELED,0,,,true,true,true
4585,2026-02-25T00:00:00.000000,20749,2026-02-28T13:07:05.000000,accepted,0.5,2,2026-03-03T16:00:35.000000,0,true,true,true,true,0,LABELED,0,,,0,0,LABELED,0,,,true,true,true
4586,2026-02-18T00:00:00.000000,20751,2026-02-19T08:53:34.000000,no_response,1.3,7,2026-04-12T11:03:00.000000,0,true,true,true,true,0,LABELED,1,20756,2026-02-28T11:02:00.000Z,0,1,LABELED,1,20756,2026-02-28T09:38:00.000000,true,true,true
4587,2025-03-23T00:00:00.000000,20759,2025-03-29T20:04:35.000000,accepted,2.8,6,2026-05-01T18:22:00.000000,0,true,true,true,true,0,LABELED,0,,,0,0,LABELED,0,,,true,true,true
4588,2026-01-26T00:00:00.000000,20765,2026-02-05T17:55:53.000000,accepted,,2,2026-05-01T15:58:00.000000,0,true,true,true,true,0,LABELED,0,,,0,0,LABELED,0,,,true,true,true
4589,2025-04-18T00:00:00.000000,20766,2025-04-30T12:14:07.000000,rejected,1.7,4,2025-11-18T07:21:00.000000,0,true,true,true,true,0,LABELED,0,,,0,1,LABELED,0,,,true,true,true
4590,2026-01-22T00:00:00.000000,20772,2026-01-28T13:11:16.000000,accepted,0.8,4,2026-03-20T13:14:00.000000,0,true,true,true,true,0,LABELED,0,,,0,0,LABELED,0,,,true,true,true
4591,2026-02-10T00:00:00.000000,20775,2026-02-10T18:43:53.000000,accepted,0.8,3,2026-03-11T17:07:00.000000,0,true,true,true,true,0,LABELED,0,,,0,0,LABELED,0,,,true,true,true
4592,2025-07-05T00:00:00.000000,20777,2025-07-10T09:53:00.000000,rejected,6.4,4,2025-08-01T08:49:00.000000,0,true,true,true,true,0,LABELED,0,,,0,0,LABELED,0,,,true,true,true
4593,2026-04-20T00:00:00.000000,20781,2026-04-21T08:38:16.000000,accepted,3,1,2026-04-21T08:38:16.000000,0,true,true,true,true,0,LABELED,0,,,0,0,LABELED,0,,,true,true,true
4594,2025-02-14T00:00:00.000000,20786,2025-02-18T08:37:06.000000,no_response,2.7,6,2026-04-06T09:30:00.000000,0,true,true,true,true,0,LABELED,0,,,0,1,LABELED,0,,,true,true,true
4595,2025-06-19T00:00:00.000000,20788,2025-06-23T15:27:58.000000,rejected,4.5,6,2026-02-05T14:01:00.000000,0,true,true,true,true,0,LABELED,1,20793,2025-07-01T20:29:39.000Z,0,2,LABELED,1,20793,2025-07-01T15:53:39.000000,true,true,true
4596,2026-01-23T00:00:00.000000,20797,2026-01-27T12:37:33.000000,accepted,0.9,5,2026-02-05T19:58:43.000000,0,true,true,true,true,0,LABELED,1,20794,2026-01-29T17:06:36.000Z,0,1,LABELED,1,20794,2026-01-29T12:18:36.000000,true,true,true
4597,2025-10-29T00:00:00.000000,20802,2025-10-31T07:33:53.000000,scheduled_visit,1.8,6,2026-02-15T18:07:00.000000,1,true,true,true,true,1,LABELED,1,20802,2025-10-31T09:21:53.000Z,0,4,LABELED,1,20802,2025-10-31T07:33:53.000000,true,true,true
4598,2026-03-26T00:00:00.000000,20811,2026-03-26T09:54:44.000000,accepted,,7,2026-04-03T19:17:36.000000,0,true,true,true,true,0,LABELED,0,,,0,0,LABELED,0,,,true,true,true
4599,2025-11-04T00:00:00.000000,20815,2025-11-06T08:13:01.000000,accepted,9.6,6,2026-05-30T08:10:00.000000,0,true,true,true,true,0,LABELED,1,20812,2025-11-09T16:28:59.000Z,0,1,LABELED,1,20812,2025-11-08T18:16:59.000000,true,true,true
4600,2025-12-16T00:00:00.000000,20825,2025-12-20T10:06:24.000000,no_response,6.3,8,2026-06-07T12:14:00.000000,0,true,true,true,true,0,LABELED,0,,,0,1,LABELED,0,,,true,true,true
4601,2026-02-09T00:00:00.000000,20826,2026-02-13T18:48:12.000000,accepted,1.3,1,2026-02-13T18:48:12.000000,0,true,true,true,true,0,LABELED,0,,,0,0,LABELED,0,,,true,true,true
4602,2026-05-25T00:00:00.000000,20830,2026-05-31T08:16:42.000000,accepted,9.2,4,2026-06-07T17:36:19.000000,0,true,true,true,true,0,LABELED,1,20827,2026-06-06T04:02:27.000Z,0,1,CENSORED,,,,true,false,false
4603,2025-04-02T00:00:00.000000,20832,2025-04-05T13:48:23.000000,accepted,,7,2025-10-05T17:04:00.000000,0,true,true,true,true,0,LABELED,1,20834,2025-04-09T12:20:48.000Z,0,1,LABELED,1,20834,2025-04-08T14:38:48.000000,true,true,true
4604,2026-01-20T00:00:00.000000,20841,2026-01-22T16:27:31.000000,accepted,8.4,4,2026-01-31T20:30:24.000000,0,true,true,true,true,0,LABELED,0,,,0,0,LABELED,0,,,true,true,true
4605,2025-02-13T00:00:00.000000,20842,2025-02-23T17:18:34.000000,accepted,0.5,5,2026-05-12T19:44:00.000000,0,true,true,true,true,0,LABELED,0,,,0,0,LABELED,0,,,true,true,true
4606,2025-08-12T00:00:00.000000,20848,2025-08-18T19:17:39.000000,no_response,16.2,2,2025-12-12T12:42:00.000000,0,true,true,true,true,0,LABELED,0,,,0,0,LABELED,0,,,true,true,true
4607,2026-02-04T00:00:00.000000,20855,2026-02-06T13:45:04.000000,accepted,22.9,7,2026-05-17T10:53:00.000000,0,true,true,true,true,0,LABELED,0,,,0,0,LABELED,0,,,true,true,true
4608,2025-12-22T00:00:00.000000,20856,2025-12-25T07:22:01.000000,accepted,18.9,3,2026-06-29T19:31:00.000000,0,true,true,true,true,0,LABELED,1,20857,2025-12-30T22:47:29.000Z,0,1,LABELED,1,20857,2025-12-29T20:23:29.000000,true,true,true
4609,2026-06-03T00:00:00.000000,20859,2026-06-04T12:55:44.000000,accepted,0.8,7,2026-06-16T12:59:11.000000,0,true,true,true,true,0,LABELED,0,,,0,0,CENSORED,,,,true,false,false
4610,2026-01-19T00:00:00.000000,20866,2026-01-21T12:23:20.000000,accepted,30.5,1,2026-01-21T12:23:20.000000,0,true,true,true,true,0,LABELED,0,,,0,0,LABELED,0,,,true,true,true
4611,2026-06-06T00:00:00.000000,20873,2026-06-06T19:00:20.000000,accepted,16.8,8,2026-06-22T12:24:00.000000,0,true,true,true,true,0,LABELED,1,20868,2026-06-07T19:49:24.000Z,0,2,CENSORED,,,,false,false,false
4612,2026-02-27T00:00:00.000000,20880,2026-03-01T12:26:19.000000,accepted,3.4,8,2026-06-24T18:22:00.000000,0,true,true,true,true,0,LABELED,1,20881,2026-03-11T09:16:37.000Z,0,1,LABELED,1,20881,2026-03-08T20:28:37.000000,true,true,true
4613,2026-03-26T00:00:00.000000,20883,2026-03-31T08:35:28.000000,rejected,0.5,1,2026-03-31T08:35:28.000000,0,true,true,true,true,0,LABELED,0,,,0,0,LABELED,0,,,true,true,true
4614,2026-05-15T00:00:00.000000,20884,2026-05-15T10:56:11.000000,no_response,,4,2026-05-27T19:36:30.000000,0,true,true,true,true,0,LABELED,1,20885,2026-05-16T01:48:19.000Z,0,1,LABELED,1,20885,2026-05-15T20:54:19.000000,true,true,false
4615,2026-05-19T00:00:00.000000,20890,2026-05-20T20:03:52.000000,scheduled_visit,,4,2026-06-13T11:49:00.000000,1,true,true,true,true,1,LABELED,1,20891,2026-05-26T21:44:01.000Z,1,1,LABELED,1,20890,2026-05-20T20:03:52.000000,true,true,false
4616,2025-01-31T00:00:00.000000,20892,2025-02-05T17:22:45.000000,no_response,2.2,3,2025-05-30T16:27:00.000000,0,true,true,true,true,0,LABELED,0,,,0,0,LABELED,0,,,true,true,true
4617,2025-05-11T00:00:00.000000,20895,2025-05-14T10:23:32.000000,accepted,,2,2025-05-18T19:16:20.000000,0,true,true,true,true,0,LABELED,0,,,0,0,LABELED,0,,,true,true,true
4618,2025-08-19T00:00:00.000000,20897,2025-08-22T15:22:13.000000,accepted,,2,2025-08-24T12:29:32.000000,0,true,true,true,true,0,LABELED,1,20898,2025-08-24T16:29:32.000Z,0,1,LABELED,1,20898,2025-08-24T12:29:32.000000,true,true,true
4619,2025-01-16T00:00:00.000000,20899,2025-01-21T14:13:27.000000,accepted,,2,2026-04-21T19:55:00.000000,0,true,true,true,true,0,LABELED,0,,,0,0,LABELED,0,,,true,true,true
4620,2026-04-17T00:00:00.000000,20901,2026-04-25T11:05:38.000000,accepted,7.8,2,2026-05-09T15:01:00.000000,0,true,true,true,true,0,LABELED,0,,,0,0,LABELED,0,,,true,true,true
4621,2025-04-09T00:00:00.000000,20907,2025-04-14T10:05:19.000000,scheduled_visit,1.3,5,2026-04-23T14:01:00.000000,1,true,true,true,true,1,LABELED,1,20907,2025-04-14T11:23:19.000Z,1,2,LABELED,1,20907,2025-04-14T10:05:19.000000,true,true,true
4622,2025-02-28T00:00:00.000000,20908,2025-02-28T07:57:25.000000,accepted,,6,2026-03-28T14:24:00.000000,0,true,true,true,true,0,AMBIGUOUS,,,,1,1,LABELED,1,20913,2025-03-06T17:52:05.000000,true,true,true
4623,2025-11-28T00:00:00.000000,20916,2025-12-01T20:05:17.000000,scheduled_visit,26.8,8,2025-12-10T16:24:50.000000,1,true,true,true,true,1,LABELED,1,20916,2025-12-02T22:53:17.000Z,1,2,LABELED,1,20916,2025-12-01T20:05:17.000000,true,true,true
4624,2025-08-23T00:00:00.000000,20922,2026-04-12T19:35:00.000000,scheduled_visit,44,1,2026-04-12T19:35:00.000000,1,true,true,true,true,1,LABELED,1,20922,2026-04-14T15:35:00.000Z,0,1,LABELED,1,20922,2026-04-12T19:35:00.000000,true,true,true
4625,2025-10-15T00:00:00.000000,20923,2025-10-15T20:14:17.000000,scheduled_visit,21.4,2,2026-04-30T14:53:00.000000,1,true,true,true,true,1,LABELED,1,20923,2025-10-16T17:38:17.000Z,0,1,LABELED,1,20923,2025-10-15T20:14:17.000000,true,true,true
4626,2025-02-14T00:00:00.000000,20926,2025-02-14T19:42:07.000000,scheduled_visit,0.5,6,2026-04-05T20:06:00.000000,1,true,true,true,true,1,LABELED,1,20926,2025-02-14T20:12:07.000Z,0,4,LABELED,1,20926,2025-02-14T19:42:07.000000,true,true,true
4627,2026-06-12T00:00:00.000000,20931,2026-06-18T18:05:20.000000,rejected,1.4,2,2026-06-22T14:31:34.000000,0,true,true,false,true,0,CENSORED,,,,0,0,CENSORED,,,,false,false,false
4628,2025-12-15T00:00:00.000000,20934,2025-12-17T11:43:26.000000,scheduled_visit,,6,2026-05-08T19:05:00.000000,1,true,true,true,true,1,AMBIGUOUS,,,,1,0,LABELED,1,20934,2025-12-17T11:43:26.000000,true,true,true
4629,2025-02-26T00:00:00.000000,20939,2025-03-09T20:22:42.000000,no_response,25.2,4,2026-01-26T16:47:00.000000,0,true,true,true,true,0,LABELED,0,,,0,0,LABELED,0,,,true,true,true
4630,2026-03-27T00:00:00.000000,20943,2026-03-27T20:23:16.000000,accepted,25,3,2026-03-31T12:20:04.000000,0,true,true,true,true,0,LABELED,1,20945,2026-03-29T23:58:50.000Z,0,2,LABELED,1,20945,2026-03-29T07:58:50.000000,true,true,true
4631,2025-04-28T00:00:00.000000,20947,2025-05-01T16:18:57.000000,accepted,34.6,6,2025-12-27T20:33:00.000000,0,true,true,true,true,0,LABELED,0,,,0,1,LABELED,0,,,true,true,true
4632,2025-01-21T00:00:00.000000,20954,2025-01-21T14:38:58.000000,rejected,,3,2025-12-05T18:50:00.000000,0,true,true,true,true,0,LABELED,0,,,0,0,LABELED,0,,,true,true,true
4633,2025-01-10T00:00:00.000000,20955,2025-01-19T13:52:22.000000,no_response,,5,2026-06-17T14:11:00.000000,0,true,true,true,true,0,LABELED,0,,,0,0,LABELED,0,,,true,true,true
4634,2025-01-29T00:00:00.000000,20963,2025-02-13T13:59:00.000000,no_response,1.8,8,2026-04-27T07:14:00.000000,0,true,true,true,true,0,LABELED,0,,,0,2,LABELED,0,,,true,true,true
4635,2025-05-15T00:00:00.000000,20968,2025-08-31T09:10:00.000000,no_response,9.3,2,2025-10-29T19:14:00.000000,0,true,true,true,true,0,LABELED,0,,,0,0,LABELED,0,,,true,true,true
4636,2025-06-01T00:00:00.000000,20972,2025-06-03T19:12:26.000000,rejected,8.9,6,2026-05-10T12:49:00.000000,0,true,true,true,true,0,LABELED,0,,,0,1,LABELED,0,,,true,true,true
4637,2025-08-08T00:00:00.000000,20979,2025-08-09T18:01:42.000000,rejected,,4,2026-03-15T17:40:00.000000,0,true,true,true,true,0,LABELED,0,,,0,0,LABELED,0,,,true,true,true
4638,2026-03-29T00:00:00.000000,20983,2026-04-02T20:33:56.000000,scheduled_visit,2.6,4,2026-04-10T18:35:05.000000,1,true,true,true,true,1,LABELED,1,20983,2026-04-02T23:09:56.000Z,0,1,LABELED,1,20983,2026-04-02T20:33:56.000000,true,true,true
4639,2025-07-21T00:00:00.000000,20987,2025-07-29T14:32:09.000000,rejected,8.4,5,2026-05-17T11:43:00.000000,0,true,true,true,true,0,LABELED,0,,,0,1,LABELED,0,,,true,true,true
4640,2026-04-11T00:00:00.000000,20994,2026-04-15T09:31:26.000000,no_response,1.4,7,2026-06-21T17:41:00.000000,0,true,true,true,true,0,LABELED,1,20989,2026-04-29T16:23:00.000Z,0,2,LABELED,1,20989,2026-04-28T17:11:00.000000,true,true,true
4641,2025-01-27T00:00:00.000000,20998,2025-01-28T15:50:54.000000,accepted,1.4,5,2026-01-16T09:43:00.000000,0,true,true,true,true,0,LABELED,0,,,0,0,LABELED,0,,,true,true,true
4642,2026-06-29T00:00:00.000000,21002,2026-07-07T08:04:47.000000,rejected,22.6,4,2026-07-12T15:53:21.000000,0,false,false,false,false,,CENSORED,,,,0,0,CENSORED,,,,false,false,false
4643,2025-11-13T00:00:00.000000,21007,2025-11-14T18:04:22.000000,accepted,1.3,4,2026-02-25T20:58:00.000000,0,true,true,true,true,0,LABELED,0,,,0,0,LABELED,0,,,true,true,true
4644,2025-11-03T00:00:00.000000,21010,2025-11-08T10:06:03.000000,rejected,12.4,2,2025-12-06T19:52:00.000000,0,true,true,true,true,0,LABELED,0,,,0,0,LABELED,0,,,true,true,true
4645,2025-06-02T00:00:00.000000,21011,2025-06-14T09:55:52.000000,scheduled_visit,11.3,1,2025-06-14T09:55:52.000000,1,true,true,true,true,1,LABELED,1,21011,2025-06-14T21:13:52.000Z,0,1,LABELED,1,21011,2025-06-14T09:55:52.000000,true,true,true
4646,2026-03-19T00:00:00.000000,21012,2026-03-22T10:19:58.000000,accepted,30.4,3,2026-03-25T18:57:49.000000,0,true,true,true,true,0,LABELED,0,,,0,0,LABELED,0,,,true,true,true
4647,2025-02-01T00:00:00.000000,21020,2025-02-13T07:58:17.000000,no_response,,7,2026-03-15T08:44:00.000000,0,true,true,true,true,0,LABELED,0,,,0,0,LABELED,0,,,true,true,true
4648,2025-11-18T00:00:00.000000,21022,2026-03-10T12:45:00.000000,rejected,12,1,2026-03-10T12:45:00.000000,0,true,true,true,true,0,LABELED,0,,,0,0,LABELED,0,,,true,true,true
4649,2025-08-07T00:00:00.000000,21026,2025-08-13T14:09:33.000000,rejected,3.5,5,2026-03-21T11:59:00.000000,0,true,true,true,true,0,LABELED,0,,,0,0,LABELED,0,,,true,true,true
4650,2025-10-01T00:00:00.000000,21028,2025-10-07T18:44:18.000000,scheduled_visit,,1,2025-10-07T18:44:18.000000,1,true,true,true,true,1,AMBIGUOUS,,,,1,0,LABELED,1,21028,2025-10-07T18:44:18.000000,true,true,true
4651,2026-05-22T00:00:00.000000,21031,2026-05-22T07:54:40.000000,accepted,2,5,2026-06-04T18:15:04.000000,0,true,true,true,true,0,LABELED,0,,,0,0,LABELED,0,,,true,true,false
4652,2025-12-30T00:00:00.000000,21039,2026-01-06T14:41:25.000000,no_response,28.1,7,2026-05-02T17:08:00.000000,0,true,true,true,true,0,LABELED,0,,,0,0,LABELED,0,,,true,true,true
4653,2026-05-15T00:00:00.000000,21041,2026-05-18T10:10:02.000000,rejected,21,4,2026-05-25T12:08:41.000000,0,true,true,true,true,0,LABELED,1,21042,2026-05-25T17:32:41.000Z,0,2,LABELED,1,21044,2026-05-25T07:42:42.000000,true,true,false
4654,2025-02-28T00:00:00.000000,21045,2025-03-12T12:27:24.000000,accepted,11.4,3,2026-04-02T07:34:00.000000,0,true,true,true,true,0,LABELED,0,,,0,0,LABELED,0,,,true,true,true
4655,2025-04-22T00:00:00.000000,21050,2025-04-29T14:58:54.000000,rejected,4.7,8,2026-06-06T18:01:00.000000,0,true,true,true,true,0,LABELED,0,,,0,2,LABELED,0,,,true,true,true
4656,2025-09-18T00:00:00.000000,21059,2026-04-19T11:26:00.000000,no_response,7.5,4,2026-06-30T15:26:00.000000,0,true,true,true,true,0,LABELED,0,,,0,1,LABELED,0,,,true,true,true
4657,2025-04-11T00:00:00.000000,21062,2025-04-15T16:51:11.000000,rejected,2.1,5,2025-10-05T19:20:00.000000,0,true,true,true,true,0,LABELED,0,,,0,2,LABELED,0,,,true,true,true
4658,2026-05-08T00:00:00.000000,21065,2026-05-14T09:34:35.000000,no_response,,1,2026-05-14T09:34:35.000000,0,true,true,true,true,0,LABELED,0,,,0,0,LABELED,0,,,true,true,true
4659,2025-12-26T00:00:00.000000,21066,2025-12-27T07:59:17.000000,scheduled_visit,,8,2026-02-26T18:02:00.000000,1,true,true,true,true,1,LABELED,1,21069,2025-12-28T20:15:24.000Z,1,2,LABELED,1,21066,2025-12-27T07:59:17.000000,true,true,true
4660,2025-11-14T00:00:00.000000,21075,2025-11-18T07:24:22.000000,scheduled_visit,3.5,5,2026-06-29T08:40:00.000000,1,true,true,true,true,1,LABELED,1,21075,2025-11-18T10:54:22.000Z,0,2,LABELED,1,21075,2025-11-18T07:24:22.000000,true,true,true
4661,2026-05-02T00:00:00.000000,21079,2026-05-06T16:03:29.000000,accepted,,2,2026-05-13T14:42:16.000000,0,true,true,true,true,0,LABELED,0,,,0,0,LABELED,0,,,true,true,true
4662,2025-06-27T00:00:00.000000,21085,2025-06-29T18:17:56.000000,accepted,11.3,8,2026-03-23T07:37:00.000000,0,true,true,true,true,0,LABELED,0,,,0,0,LABELED,0,,,true,true,true
4663,2025-10-21T00:00:00.000000,21093,2025-10-22T12:41:25.000000,rejected,,6,2026-05-13T07:55:00.000000,0,true,true,true,true,0,LABELED,0,,,0,1,LABELED,0,,,true,true,true
4664,2025-11-22T00:00:00.000000,21095,2025-11-23T09:05:48.000000,accepted,3,8,2026-05-03T17:30:00.000000,0,true,true,true,true,0,LABELED,0,,,0,0,LABELED,0,,,true,true,true
4665,2025-11-18T00:00:00.000000,21103,2025-11-23T10:09:48.000000,accepted,26.6,2,2025-12-01T13:18:42.000000,0,true,true,true,true,0,LABELED,0,,,0,0,LABELED,0,,,true,true,true
4666,2025-10-02T00:00:00.000000,21106,2025-10-03T17:00:55.000000,accepted,4.1,4,2026-03-05T09:18:00.000000,0,true,true,true,true,0,LABELED,0,,,0,0,LABELED,0,,,true,true,true
4667,2025-11-26T00:00:00.000000,21111,2025-11-26T14:09:23.000000,accepted,1.7,7,2026-06-08T10:33:00.000000,0,true,true,true,true,0,LABELED,0,,,0,0,LABELED,0,,,true,true,true
4668,2026-04-27T00:00:00.000000,21120,2026-04-28T07:04:11.000000,no_response,33.1,6,2026-05-07T19:43:37.000000,0,true,true,true,true,0,LABELED,1,21116,2026-04-30T01:47:33.000Z,0,3,LABELED,1,21116,2026-04-29T16:17:33.000000,true,true,true
4669,2025-12-24T00:00:00.000000,21124,2025-12-24T11:53:41.000000,accepted,11.3,7,2026-01-05T13:40:27.000000,0,true,true,true,true,0,LABELED,1,21128,2025-12-25T11:39:35.000Z,0,4,LABELED,1,21128,2025-12-25T09:33:35.000000,true,true,true
4670,2026-05-14T00:00:00.000000,21129,2026-05-17T19:26:35.000000,scheduled_visit,8.7,2,2026-06-15T14:41:00.000000,1,true,true,true,true,1,LABELED,1,21129,2026-05-18T04:08:35.000Z,0,1,LABELED,1,21129,2026-05-17T19:26:35.000000,true,true,false
4671,2026-05-11T00:00:00.000000,21131,2026-05-19T11:45:47.000000,accepted,,2,2026-05-24T08:02:03.000000,0,true,true,true,true,0,LABELED,0,,,0,0,LABELED,0,,,true,true,false
4672,2025-12-17T00:00:00.000000,21136,2025-12-24T09:25:39.000000,rejected,,4,2026-04-17T17:01:00.000000,0,true,true,true,true,0,LABELED,1,21133,2025-12-30T03:12:04.000Z,0,1,LABELED,1,21133,2025-12-29T12:00:04.000000,true,true,true
4673,2025-12-20T00:00:00.000000,21140,2025-12-21T07:06:00.000000,scheduled_visit,,8,2026-01-21T07:57:00.000000,1,true,true,true,true,1,AMBIGUOUS,,,,1,1,LABELED,1,21140,2025-12-21T07:06:00.000000,true,true,true
4674,2025-12-07T00:00:00.000000,21147,2025-12-09T16:08:32.000000,accepted,,3,2025-12-13T08:30:56.000000,0,true,true,true,true,0,LABELED,0,,,0,0,LABELED,0,,,true,true,true
4675,2025-03-10T00:00:00.000000,21149,2026-02-03T18:06:00.000000,rejected,6.1,3,2026-03-21T08:21:00.000000,0,true,true,true,true,0,LABELED,0,,,0,1,LABELED,0,,,true,true,true
4676,2025-11-20T00:00:00.000000,21151,2025-11-28T20:49:05.000000,accepted,13.7,1,2025-11-28T20:49:05.000000,0,true,true,true,true,0,LABELED,0,,,0,0,LABELED,0,,,true,true,true
4677,2026-05-18T00:00:00.000000,21155,2026-05-18T09:45:14.000000,rejected,,7,2026-05-30T18:17:40.000000,0,true,true,true,true,0,LABELED,1,21153,2026-05-24T04:17:19.000Z,0,1,LABELED,1,21153,2026-05-23T16:05:19.000000,true,true,false
4678,2026-01-24T00:00:00.000000,21164,2026-01-26T10:49:52.000000,rejected,0.5,8,2026-05-19T09:45:00.000000,0,true,true,true,true,0,AMBIGUOUS,,,,1,2,LABELED,1,21163,2026-01-29T17:21:21.000000,true,true,true
4679,2025-08-12T00:00:00.000000,21171,2025-08-16T07:53:20.000000,no_response,11.9,7,2026-06-03T15:07:00.000000,0,true,true,true,true,0,LABELED,0,,,0,0,LABELED,0,,,true,true,true
4680,2025-07-04T00:00:00.000000,21177,2025-07-12T07:08:32.000000,scheduled_visit,0.5,4,2026-05-18T19:39:00.000000,1,true,true,true,true,1,LABELED,1,21177,2025-07-12T07:38:32.000Z,0,1,LABELED,1,21177,2025-07-12T07:08:32.000000,true,true,true
4681,2025-01-05T00:00:00.000000,21183,2025-01-12T07:03:01.000000,scheduled_visit,10.6,8,2026-05-20T13:51:00.000000,1,true,true,true,true,1,LABELED,1,21183,2025-01-12T17:39:01.000Z,0,3,LABELED,1,21183,2025-01-12T07:03:01.000000,true,true,true
4682,2025-11-22T00:00:00.000000,21187,2025-11-24T11:48:11.000000,rejected,9,3,2026-01-17T14:57:00.000000,0,true,true,true,true,0,LABELED,0,,,0,1,LABELED,0,,,true,true,true
4683,2025-11-25T00:00:00.000000,21190,2025-11-26T12:05:31.000000,rejected,12.7,6,2025-12-11T10:22:00.000000,0,true,true,true,true,0,LABELED,1,21194,2025-12-11T12:22:00.000Z,0,1,LABELED,1,21194,2025-12-11T10:22:00.000000,true,true,true
4684,2025-11-28T00:00:00.000000,21198,2025-11-29T16:27:44.000000,scheduled_visit,27.3,4,2026-02-01T20:36:00.000000,1,true,true,true,true,1,LABELED,1,21198,2025-11-30T19:45:44.000Z,0,1,LABELED,1,21198,2025-11-29T16:27:44.000000,true,true,true
4685,2026-04-24T00:00:00.000000,21199,2026-04-24T16:45:54.000000,rejected,11.4,2,2026-05-04T09:50:51.000000,0,true,true,true,true,0,LABELED,0,,,0,0,LABELED,0,,,true,true,true
4686,2025-10-09T00:00:00.000000,21202,2025-10-09T20:38:58.000000,accepted,11.8,6,2026-04-12T07:39:00.000000,0,true,true,true,true,0,LABELED,0,,,0,0,LABELED,0,,,true,true,true
4687,2025-12-17T00:00:00.000000,21208,2025-12-25T10:20:46.000000,accepted,16.2,2,2025-12-29T12:56:34.000000,0,true,true,true,true,0,LABELED,0,,,0,0,LABELED,0,,,true,true,true
4688,2025-10-16T00:00:00.000000,21209,2025-10-23T12:37:21.000000,accepted,2.1,1,2025-10-23T12:37:21.000000,0,true,true,true,true,0,LABELED,0,,,0,0,LABELED,0,,,true,true,true
4689,2025-01-13T00:00:00.000000,21213,2025-01-21T15:25:40.000000,accepted,49.9,8,2026-06-19T10:37:00.000000,0,true,true,true,true,0,LABELED,0,,,0,0,LABELED,0,,,true,true,true
4690,2026-01-12T00:00:00.000000,21218,2026-03-07T09:07:00.000000,scheduled_visit,10.1,1,2026-03-07T09:07:00.000000,1,true,true,true,true,1,LABELED,1,21218,2026-03-07T19:13:00.000Z,0,1,LABELED,1,21218,2026-03-07T09:07:00.000000,true,true,true
4691,2025-10-15T00:00:00.000000,21219,2025-10-20T09:56:17.000000,scheduled_visit,10.6,4,2026-03-04T09:34:00.000000,1,true,true,true,true,1,LABELED,1,21219,2025-10-20T20:32:17.000Z,0,2,LABELED,1,21219,2025-10-20T09:56:17.000000,true,true,true
4692,2025-12-26T00:00:00.000000,21223,2025-12-26T17:04:19.000000,scheduled_visit,3.4,8,2026-01-29T15:31:00.000000,1,true,true,true,true,1,LABELED,1,21223,2025-12-26T20:28:19.000Z,0,1,LABELED,1,21223,2025-12-26T17:04:19.000000,true,true,true
4693,2026-02-22T00:00:00.000000,21231,2026-05-31T13:17:00.000000,rejected,,1,2026-05-31T13:17:00.000000,0,true,true,true,true,0,LABELED,0,,,0,0,CENSORED,,,,true,false,false
4694,2025-03-03T00:00:00.000000,21233,2025-03-08T10:01:18.000000,no_response,13.4,5,2026-06-06T12:53:00.000000,0,true,true,true,true,0,LABELED,0,,,0,0,LABELED,0,,,true,true,true
4695,2025-08-26T00:00:00.000000,21237,2025-08-26T12:49:17.000000,accepted,10.7,6,2026-05-06T18:10:00.000000,0,true,true,true,true,0,AMBIGUOUS,,,,1,0,LABELED,1,21242,2025-09-01T13:52:39.000000,true,true,true
4696,2025-09-16T00:00:00.000000,21244,2025-09-24T17:28:35.000000,rejected,11.3,5,2026-05-22T09:11:00.000000,0,true,true,true,true,0,LABELED,0,,,0,0,LABELED,0,,,true,true,true
4697,2025-05-05T00:00:00.000000,21250,2025-05-05T20:00:06.000000,rejected,13.7,6,2025-08-15T19:58:00.000000,0,true,true,true,true,0,LABELED,1,21253,2025-05-09T11:38:20.000Z,0,3,LABELED,1,21253,2025-05-09T10:56:20.000000,true,true,true
4698,2025-05-19T00:00:00.000000,21255,2025-05-27T09:57:41.000000,accepted,,2,2025-05-29T15:41:14.000000,0,true,true,true,true,0,LABELED,1,21254,2025-05-29T21:35:14.000Z,0,1,LABELED,1,21254,2025-05-29T15:41:14.000000,true,true,true
4699,2026-06-04T00:00:00.000000,21257,2026-06-04T17:38:25.000000,scheduled_visit,41.9,3,2026-06-11T16:49:15.000000,1,true,true,true,true,1,LABELED,1,21257,2026-06-06T11:32:25.000Z,0,1,CENSORED,,,,true,false,false
4700,2025-07-14T00:00:00.000000,21264,2025-07-16T13:18:37.000000,accepted,5.3,6,2026-03-05T12:31:00.000000,0,true,true,true,true,0,LABELED,1,21259,2025-07-28T06:46:29.000Z,0,3,LABELED,1,21259,2025-07-27T15:22:29.000000,true,true,true
4701,2025-01-31T00:00:00.000000,21268,2025-02-02T15:53:55.000000,no_response,11.4,4,2026-03-05T15:23:00.000000,0,true,true,true,true,0,LABELED,0,,,0,1,LABELED,0,,,true,true,true
4702,2026-01-30T00:00:00.000000,21273,2026-02-02T11:47:50.000000,accepted,6.4,8,2026-02-17T07:26:00.000000,0,true,true,true,true,0,LABELED,0,,,0,0,LABELED,0,,,true,true,true
4703,2025-01-26T00:00:00.000000,21277,2026-03-18T13:01:00.000000,no_response,3.3,1,2026-03-18T13:01:00.000000,0,true,true,true,true,0,LABELED,0,,,0,0,LABELED,0,,,true,true,true
4704,2025-09-18T00:00:00.000000,21278,2025-09-20T17:38:23.000000,accepted,20.3,7,2026-06-18T18:22:00.000000,0,true,true,true,true,0,LABELED,1,21284,2025-09-23T21:54:46.000Z,0,1,LABELED,1,21284,2025-09-22T07:24:46.000000,true,true,true
4705,2025-12-15T00:00:00.000000,21285,2025-12-17T14:27:30.000000,rejected,5.2,2,2025-12-28T12:38:28.000000,0,true,true,true,true,0,LABELED,1,21286,2025-12-28T14:26:28.000Z,0,1,LABELED,1,21286,2025-12-28T12:38:28.000000,true,true,true
4706,2025-08-22T00:00:00.000000,21288,2025-08-29T19:31:25.000000,accepted,14.9,3,2026-03-29T10:07:00.000000,0,true,true,true,true,0,LABELED,0,,,0,0,LABELED,0,,,true,true,true
4707,2025-06-20T00:00:00.000000,21291,2025-06-26T20:02:13.000000,no_response,1.3,4,2026-05-11T10:55:00.000000,0,true,true,true,true,0,LABELED,0,,,0,1,LABELED,0,,,true,true,true
4708,2026-05-23T00:00:00.000000,21295,2026-05-24T18:50:22.000000,accepted,2.5,6,2026-05-30T17:45:18.000000,0,true,true,true,true,0,LABELED,1,21299,2026-05-28T09:00:56.000Z,0,1,LABELED,1,21299,2026-05-27T11:24:56.000000,true,true,false
4709,2026-05-15T00:00:00.000000,21300,2026-05-17T10:42:08.000000,rejected,36.6,3,2026-05-26T16:42:16.000000,0,true,true,true,true,0,LABELED,1,21301,2026-05-21T09:03:26.000Z,0,1,LABELED,1,21301,2026-05-20T20:21:26.000000,true,true,false
4710,2025-03-28T00:00:00.000000,21303,2025-10-19T09:02:00.000000,rejected,5.8,1,2025-10-19T09:02:00.000000,0,true,true,true,true,0,LABELED,0,,,0,0,LABELED,0,,,true,true,true
4711,2026-03-19T00:00:00.000000,21309,2026-03-19T17:38:07.000000,no_response,15.6,6,2026-06-29T13:42:00.000000,0,true,true,true,true,0,LABELED,0,,,0,0,LABELED,0,,,true,true,true
4712,2026-01-03T00:00:00.000000,21312,2026-01-07T13:12:35.000000,rejected,,3,2026-01-16T13:16:42.000000,0,true,true,true,true,0,LABELED,0,,,0,0,LABELED,0,,,true,true,true
4713,2025-09-20T00:00:00.000000,21314,2025-09-27T10:13:44.000000,no_response,0.9,2,2025-10-01T07:44:55.000000,0,true,true,true,true,0,LABELED,0,,,0,0,LABELED,0,,,true,true,true
4714,2025-05-19T00:00:00.000000,21315,2025-05-26T16:25:52.000000,rejected,0.8,8,2026-04-16T09:45:00.000000,0,true,true,true,true,0,LABELED,0,,,0,0,LABELED,0,,,true,true,true
4715,2025-09-16T00:00:00.000000,21323,2025-09-18T19:33:56.000000,no_response,18.8,6,2026-03-15T17:48:00.000000,0,true,true,true,true,0,LABELED,0,,,0,0,LABELED,0,,,true,true,true
4716,2025-06-08T00:00:00.000000,21329,2025-06-08T10:09:38.000000,accepted,,7,2025-11-18T08:49:00.000000,0,true,true,true,true,0,LABELED,1,21332,2025-06-18T13:16:36.000Z,0,2,LABELED,1,21332,2025-06-18T09:16:36.000000,true,true,true
4717,2026-03-21T00:00:00.000000,21336,2026-03-22T17:56:09.000000,rejected,0.6,5,2026-05-12T19:17:00.000000,0,true,true,true,true,0,LABELED,1,21340,2026-03-29T14:16:48.000Z,0,2,LABELED,1,21340,2026-03-29T07:04:48.000000,true,true,true
4718,2026-03-26T00:00:00.000000,21345,2026-03-26T13:01:18.000000,accepted,0.5,5,2026-06-05T16:24:00.000000,0,true,true,true,true,0,LABELED,1,21343,2026-04-08T18:51:00.000Z,0,1,LABELED,1,21343,2026-04-08T17:45:00.000000,true,true,true
4719,2026-02-19T00:00:00.000000,21347,2026-02-20T14:39:26.000000,scheduled_visit,0.5,8,2026-03-30T07:57:00.000000,1,true,true,true,true,1,LABELED,1,21347,2026-02-20T15:09:26.000Z,0,3,LABELED,1,21347,2026-02-20T14:39:26.000000,true,true,true
4720,2026-01-08T00:00:00.000000,21356,2026-01-08T16:45:17.000000,no_response,6.8,8,2026-01-20T13:59:18.000000,0,true,true,true,true,0,LABELED,1,21355,2026-01-13T10:47:54.000Z,0,1,LABELED,1,21355,2026-01-13T08:47:54.000000,true,true,true
4721,2025-12-12T00:00:00.000000,21366,2025-12-12T11:28:38.000000,scheduled_visit,1.9,6,2025-12-25T08:03:02.000000,1,true,true,true,true,1,LABELED,1,21366,2025-12-12T13:22:38.000Z,0,3,LABELED,1,21366,2025-12-12T11:28:38.000000,true,true,true
4722,2025-04-29T00:00:00.000000,21369,2025-04-30T15:44:17.000000,no_response,,8,2026-06-30T10:18:00.000000,0,true,true,true,true,0,LABELED,1,21370,2025-05-12T13:52:15.000Z,0,1,LABELED,1,21370,2025-05-12T08:46:15.000000,true,true,true
4723,2026-01-08T00:00:00.000000,21381,2026-01-08T09:05:56.000000,no_response,19.9,7,2026-06-17T15:40:00.000000,0,true,true,true,true,0,LABELED,1,21379,2026-01-15T20:09:47.000Z,0,1,LABELED,1,21379,2026-01-15T12:21:47.000000,true,true,true
4724,2025-09-05T00:00:00.000000,21385,2025-09-06T18:14:00.000000,accepted,35.5,5,2025-12-21T16:49:00.000000,0,true,true,true,true,0,LABELED,1,21387,2025-09-08T12:21:46.000Z,0,1,LABELED,1,21387,2025-09-08T09:09:46.000000,true,true,true
4725,2026-05-06T00:00:00.000000,21389,2026-05-17T16:23:11.000000,accepted,20,3,2026-06-01T10:23:00.000000,0,true,true,true,true,0,LABELED,0,,,0,0,LABELED,0,,,true,true,false
4726,2025-03-25T00:00:00.000000,21391,2025-03-28T14:02:11.000000,scheduled_visit,15.1,1,2025-03-28T14:02:11.000000,1,true,true,true,true,1,LABELED,1,21391,2025-03-29T05:08:11.000Z,0,1,LABELED,1,21391,2025-03-28T14:02:11.000000,true,true,true
4727,2025-02-18T00:00:00.000000,21392,2026-04-07T07:27:00.000000,accepted,5.4,1,2026-04-07T07:27:00.000000,0,true,true,true,true,0,LABELED,0,,,0,0,LABELED,0,,,true,true,true
4728,2025-02-21T00:00:00.000000,21393,2025-10-02T14:58:00.000000,accepted,4.5,1,2025-10-02T14:58:00.000000,0,true,true,true,true,0,LABELED,0,,,0,0,LABELED,0,,,true,true,true
4729,2025-04-22T00:00:00.000000,21397,2025-04-26T19:30:00.000000,scheduled_visit,5.3,8,2026-06-24T18:28:00.000000,1,true,true,true,true,1,LABELED,1,21397,2025-04-27T00:48:00.000Z,0,2,LABELED,1,21397,2025-04-26T19:30:00.000000,true,true,true
4730,2026-04-12T00:00:00.000000,21402,2026-04-13T10:58:23.000000,no_response,4.6,3,2026-05-07T10:37:00.000000,0,true,true,true,true,0,LABELED,0,,,0,0,LABELED,0,,,true,true,true
4731,2025-06-23T00:00:00.000000,21410,2025-06-23T14:56:41.000000,rejected,15.5,6,2026-02-21T11:10:00.000000,0,true,true,true,true,0,LABELED,1,21405,2025-06-27T04:55:20.000Z,0,1,LABELED,1,21405,2025-06-25T13:13:20.000000,true,true,true
4732,2025-11-05T00:00:00.000000,21413,2025-11-12T20:51:58.000000,no_response,15,4,2026-06-29T13:19:00.000000,0,true,true,true,true,0,AMBIGUOUS,,,,1,0,LABELED,1,21411,2025-11-17T17:19:54.000000,true,true,true
4733,2025-07-21T00:00:00.000000,21418,2025-07-23T07:16:37.000000,rejected,,5,2025-11-17T17:29:00.000000,0,true,true,true,true,0,LABELED,0,,,0,0,LABELED,0,,,true,true,true
4734,2025-03-24T00:00:00.000000,21420,2025-10-17T17:34:00.000000,accepted,2.7,2,2026-03-15T08:59:00.000000,0,true,true,true,true,0,LABELED,0,,,0,0,LABELED,0,,,true,true,true
4735,2025-03-11T00:00:00.000000,21422,2025-03-16T16:46:00.000000,no_response,2.5,4,2026-03-22T11:55:00.000000,0,true,true,true,true,0,LABELED,1,21425,2025-03-24T16:18:53.000Z,0,1,LABELED,1,21425,2025-03-22T16:18:53.000000,true,true,true
4736,2025-11-28T00:00:00.000000,21428,2025-12-07T07:39:41.000000,accepted,6.1,3,2026-03-16T16:46:00.000000,0,true,true,true,true,0,LABELED,0,,,0,1,LABELED,0,,,true,true,true
4737,2025-12-22T00:00:00.000000,21429,2026-06-09T08:47:00.000000,scheduled_visit,14.6,1,2026-06-09T08:47:00.000000,1,true,true,true,true,1,LABELED,1,21429,2026-06-09T23:23:00.000Z,0,1,CENSORED,,,,false,false,false
4738,2025-08-13T00:00:00.000000,21431,2025-08-14T11:32:29.000000,accepted,0.5,4,2026-05-08T16:15:00.000000,0,true,true,true,true,0,LABELED,0,,,0,0,LABELED,0,,,true,true,true
4739,2025-08-14T00:00:00.000000,21435,2025-08-18T10:32:48.000000,rejected,13.4,3,2026-05-12T11:33:00.000000,0,true,true,true,true,0,LABELED,0,,,0,0,LABELED,0,,,true,true,true
4740,2025-10-23T00:00:00.000000,21437,2025-11-03T10:54:43.000000,accepted,12.3,1,2025-11-03T10:54:43.000000,0,true,true,true,true,0,LABELED,0,,,0,0,LABELED,0,,,true,true,true
4741,2025-05-13T00:00:00.000000,21439,2025-05-23T11:09:34.000000,accepted,5.2,3,2026-01-20T11:57:00.000000,0,true,true,true,true,0,LABELED,0,,,0,0,LABELED,0,,,true,true,true
4742,2025-01-24T00:00:00.000000,21441,2025-02-02T14:30:33.000000,accepted,12.4,1,2025-02-02T14:30:33.000000,0,true,true,true,true,0,LABELED,0,,,0,0,LABELED,0,,,true,true,true
4743,2026-04-14T00:00:00.000000,21444,2026-04-16T12:08:48.000000,accepted,6.1,3,2026-04-23T11:18:01.000000,0,true,true,true,true,0,LABELED,0,,,0,0,LABELED,0,,,true,true,true
4744,2025-03-12T00:00:00.000000,21447,2025-04-24T11:43:00.000000,accepted,2.6,8,2026-02-03T07:49:00.000000,0,true,true,true,true,0,LABELED,0,,,0,2,LABELED,0,,,true,true,true
4745,2025-10-20T00:00:00.000000,21454,2025-10-21T18:43:35.000000,rejected,24.4,7,2026-04-30T08:17:00.000000,0,true,true,true,true,0,AMBIGUOUS,,,,1,1,LABELED,1,21458,2025-11-01T09:35:52.000000,true,true,true
4746,2025-08-02T00:00:00.000000,21460,2025-08-02T14:13:16.000000,accepted,4,2,2025-11-22T20:41:00.000000,0,true,true,true,true,0,LABELED,0,,,0,0,LABELED,0,,,true,true,true
4747,2025-06-24T00:00:00.000000,21469,2025-06-26T14:15:44.000000,no_response,6.4,8,2026-06-18T18:50:00.000000,0,true,true,true,true,0,LABELED,1,21464,2025-06-29T00:55:44.000Z,0,3,LABELED,1,21464,2025-06-28T07:07:44.000000,true,true,true
4748,2025-01-20T00:00:00.000000,21472,2025-01-29T12:42:58.000000,scheduled_visit,4.7,3,2026-03-27T18:28:00.000000,1,true,true,true,true,1,LABELED,1,21472,2025-01-29T17:24:58.000Z,0,1,LABELED,1,21472,2025-01-29T12:42:58.000000,true,true,true
4749,2026-03-28T00:00:00.000000,21473,2026-04-03T20:11:48.000000,accepted,14.3,1,2026-04-03T20:11:48.000000,0,true,true,true,true,0,LABELED,0,,,0,0,LABELED,0,,,true,true,true
4750,2026-05-25T00:00:00.000000,21475,2026-05-27T09:04:26.000000,accepted,12.1,5,2026-06-06T16:16:28.000000,0,true,true,true,true,0,LABELED,0,,,0,0,LABELED,0,,,true,true,false
4751,2025-09-16T00:00:00.000000,21481,2025-09-19T15:49:06.000000,accepted,15,4,2026-02-01T20:59:00.000000,0,true,true,true,true,0,LABELED,0,,,0,0,LABELED,0,,,true,true,true
4752,2026-04-21T00:00:00.000000,21485,2026-04-22T12:41:21.000000,accepted,19.1,4,2026-05-04T09:15:25.000000,0,true,true,true,true,0,AMBIGUOUS,,,,1,0,LABELED,1,21484,2026-05-03T20:30:03.000000,true,true,true
4753,2025-08-17T00:00:00.000000,21487,2026-05-01T20:09:00.000000,scheduled_visit,5.2,1,2026-05-01T20:09:00.000000,1,true,true,true,true,1,LABELED,1,21487,2026-05-02T01:21:00.000Z,0,1,LABELED,1,21487,2026-05-01T20:09:00.000000,true,true,true
4754,2026-03-05T00:00:00.000000,21489,2026-03-07T18:44:02.000000,accepted,18,3,2026-03-13T07:03:25.000000,0,true,true,true,true,0,LABELED,1,21490,2026-03-10T11:39:34.000Z,0,2,LABELED,1,21490,2026-03-09T20:27:34.000000,true,true,true
4755,2026-01-29T00:00:00.000000,21491,2026-06-23T16:24:00.000000,accepted,6.9,1,2026-06-23T16:24:00.000000,0,true,true,false,true,0,CENSORED,,,,0,0,CENSORED,,,,false,false,false
4756,2025-08-10T00:00:00.000000,21493,2025-10-02T10:52:00.000000,accepted,15.1,2,2025-10-19T14:45:00.000000,0,true,true,true,true,0,LABELED,0,,,0,0,LABELED,0,,,true,true,true
4757,2026-05-27T00:00:00.000000,21496,2026-06-02T19:52:09.000000,rejected,3.8,3,2026-06-07T11:57:07.000000,0,true,true,true,true,0,LABELED,1,21494,2026-06-05T16:13:09.000Z,0,1,CENSORED,,,,true,false,false
4758,2025-11-12T00:00:00.000000,21500,2025-11-13T14:42:38.000000,accepted,6.5,5,2026-03-23T10:19:00.000000,0,true,true,true,true,0,LABELED,0,,,0,1,LABELED,0,,,true,true,true
4759,2026-01-27T00:00:00.000000,21506,2026-01-27T13:24:02.000000,no_response,,5,2026-04-21T09:21:00.000000,0,true,true,true,true,0,LABELED,0,,,0,1,LABELED,0,,,true,true,true
4760,2025-04-25T00:00:00.000000,21508,2025-04-28T11:17:20.000000,rejected,16.1,5,2025-10-20T07:58:00.000000,0,true,true,true,true,0,LABELED,0,,,0,0,LABELED,0,,,true,true,true
4761,2026-05-15T00:00:00.000000,21512,2026-05-24T13:23:07.000000,accepted,1,1,2026-05-24T13:23:07.000000,0,true,true,true,true,0,LABELED,0,,,0,0,LABELED,0,,,true,true,false
4762,2025-10-17T00:00:00.000000,21517,2025-10-20T08:39:32.000000,no_response,1.6,8,2025-10-30T18:48:45.000000,0,true,true,true,true,0,LABELED,1,21513,2025-10-20T23:52:17.000Z,0,4,LABELED,1,21513,2025-10-20T17:34:17.000000,true,true,true
4763,2026-06-27T00:00:00.000000,21526,2026-06-29T09:02:49.000000,no_response,5.9,8,2026-07-10T10:20:39.000000,0,true,true,false,true,0,CENSORED,,,,0,0,CENSORED,,,,false,false,false
4764,2026-04-07T00:00:00.000000,21532,2026-04-08T07:35:18.000000,accepted,6.8,8,2026-06-11T12:50:00.000000,0,true,true,true,true,0,LABELED,1,21536,2026-04-22T00:10:27.000Z,1,1,LABELED,1,21530,2026-04-19T16:22:50.000000,true,true,true
4765,2026-04-03T00:00:00.000000,21537,2026-04-06T09:12:49.000000,scheduled_visit,19.1,1,2026-04-06T09:12:49.000000,1,true,true,true,true,1,LABELED,1,21537,2026-04-07T04:18:49.000Z,0,1,LABELED,1,21537,2026-04-06T09:12:49.000000,true,true,true
4766,2026-05-14T00:00:00.000000,21539,2026-05-16T10:43:14.000000,accepted,1.8,2,2026-05-20T07:30:51.000000,0,true,true,true,true,0,LABELED,0,,,0,0,LABELED,0,,,true,true,false
4767,2026-01-22T00:00:00.000000,21542,2026-01-26T19:58:09.000000,scheduled_visit,,6,2026-04-05T13:01:00.000000,1,true,true,true,true,1,LABELED,1,21543,2026-01-29T22:13:55.000Z,1,1,LABELED,1,21542,2026-01-26T19:58:09.000000,true,true,true
4768,2026-06-06T00:00:00.000000,21547,2026-06-09T10:23:10.000000,accepted,,5,2026-06-15T19:59:49.000000,0,true,true,true,true,0,LABELED,1,21548,2026-06-17T19:41:49.000Z,1,1,CENSORED,,,,false,false,false
4769,2025-09-24T00:00:00.000000,21553,2025-09-25T17:56:50.000000,accepted,50.8,7,2026-06-05T09:20:00.000000,0,true,true,true,true,0,LABELED,1,21557,2025-09-28T10:23:41.000Z,0,2,LABELED,1,21557,2025-09-27T17:11:41.000000,true,true,true
4770,2025-05-02T00:00:00.000000,21558,2025-05-03T17:24:24.000000,rejected,0.5,4,2026-06-17T12:05:00.000000,0,true,true,true,true,0,LABELED,1,21561,2025-05-08T13:07:14.000Z,0,1,LABELED,1,21561,2025-05-08T08:55:14.000000,true,true,true
4771,2025-07-28T00:00:00.000000,21563,2025-07-30T20:43:09.000000,accepted,3.6,2,2025-10-20T09:16:00.000000,0,true,true,true,true,0,LABELED,0,,,0,1,LABELED,0,,,true,true,true
4772,2026-01-20T00:00:00.000000,21565,2026-01-20T13:31:17.000000,rejected,5.2,8,2026-04-23T18:00:00.000000,0,true,true,true,true,0,LABELED,0,,,0,0,LABELED,0,,,true,true,true
4773,2026-01-12T00:00:00.000000,21573,2026-01-15T09:32:41.000000,accepted,90.7,3,2026-01-20T15:41:04.000000,0,true,true,true,true,0,AMBIGUOUS,,,,1,0,LABELED,1,21574,2026-01-16T20:46:55.000000,true,true,true
4774,2026-02-14T00:00:00.000000,21580,2026-02-17T14:02:52.000000,accepted,14.2,6,2026-06-24T15:57:00.000000,0,true,true,true,true,0,LABELED,0,,,0,0,LABELED,0,,,true,true,true
4775,2025-09-13T00:00:00.000000,21582,2025-09-14T11:31:17.000000,scheduled_visit,22.5,6,2026-05-02T08:47:00.000000,1,true,true,true,true,1,LABELED,1,21582,2025-09-15T10:01:17.000Z,0,1,LABELED,1,21582,2025-09-14T11:31:17.000000,true,true,true
4776,2025-09-30T00:00:00.000000,21587,2026-01-06T19:29:00.000000,no_response,,1,2026-01-06T19:29:00.000000,0,true,true,true,true,0,LABELED,0,,,0,0,LABELED,0,,,true,true,true
4777,2025-10-04T00:00:00.000000,21588,2025-10-17T08:09:28.000000,no_response,8.9,5,2026-05-10T19:47:00.000000,0,true,true,true,true,0,LABELED,0,,,0,0,LABELED,0,,,true,true,true
4778,2026-05-06T00:00:00.000000,21599,2026-05-06T07:09:35.000000,scheduled_visit,,8,2026-05-18T14:10:26.000000,1,true,true,true,true,1,LABELED,1,21593,2026-05-13T05:44:43.000Z,1,2,LABELED,1,21599,2026-05-06T07:09:35.000000,true,true,true
4779,2026-03-10T00:00:00.000000,21603,2026-03-12T18:12:06.000000,accepted,76.9,4,2026-03-23T20:54:19.000000,0,true,true,true,true,0,LABELED,0,,,0,0,LABELED,0,,,true,true,true
4780,2025-11-28T00:00:00.000000,21608,2025-12-07T11:44:48.000000,scheduled_visit,,4,2026-04-25T13:33:00.000000,1,true,true,true,true,1,AMBIGUOUS,,,,1,0,LABELED,1,21608,2025-12-07T11:44:48.000000,true,true,true
4781,2026-03-19T00:00:00.000000,21612,2026-03-19T16:06:27.000000,accepted,0.5,5,2026-06-13T19:39:00.000000,0,true,true,true,true,0,LABELED,0,,,0,0,LABELED,0,,,true,true,true
4782,2026-05-05T00:00:00.000000,21615,2026-05-09T08:54:53.000000,no_response,4,6,2026-05-16T12:57:15.000000,0,true,true,true,true,0,LABELED,1,21614,2026-05-13T15:03:54.000Z,0,2,LABELED,1,21614,2026-05-13T14:09:54.000000,true,true,true
4783,2025-05-02T00:00:00.000000,21626,2025-05-02T14:22:34.000000,accepted,18.6,7,2026-03-05T14:46:00.000000,0,true,true,true,true,0,LABELED,0,,,0,2,LABELED,0,,,true,true,true
4784,2026-03-18T00:00:00.000000,21628,2026-03-18T20:05:09.000000,rejected,,7,2026-03-30T17:55:52.000000,0,true,true,true,true,0,LABELED,1,21631,2026-03-24T22:34:41.000Z,0,1,LABELED,1,21631,2026-03-24T16:22:41.000000,true,true,true
4785,2025-11-29T00:00:00.000000,21638,2025-12-01T17:58:38.000000,no_response,10.2,6,2026-05-14T09:57:00.000000,0,true,true,true,true,0,LABELED,0,,,0,0,LABELED,0,,,true,true,true
4786,2025-08-30T00:00:00.000000,21640,2026-01-29T13:39:00.000000,accepted,12.2,1,2026-01-29T13:39:00.000000,0,true,true,true,true,0,LABELED,0,,,0,0,LABELED,0,,,true,true,true
4787,2026-06-15T00:00:00.000000,21642,2026-06-15T12:05:42.000000,accepted,6.9,7,2026-06-28T14:42:40.000000,0,true,true,false,true,0,CENSORED,,,,0,0,CENSORED,,,,false,false,false
4788,2025-07-04T00:00:00.000000,21648,2025-07-05T11:04:18.000000,accepted,,4,2026-01-28T17:33:00.000000,0,true,true,true,true,0,LABELED,0,,,0,0,LABELED,0,,,true,true,true
4789,2026-05-04T00:00:00.000000,21652,2026-05-13T15:22:35.000000,scheduled_visit,15.3,1,2026-05-13T15:22:35.000000,1,true,true,true,true,1,LABELED,1,21652,2026-05-14T06:40:35.000Z,0,1,LABELED,1,21652,2026-05-13T15:22:35.000000,true,true,true
4790,2026-06-28T00:00:00.000000,21653,2026-07-11T11:26:34.000000,accepted,7,1,2026-07-11T11:26:34.000000,0,false,false,false,false,,CENSORED,,,,0,0,CENSORED,,,,false,false,false
4791,2025-01-20T00:00:00.000000,21657,2025-01-21T17:51:57.000000,accepted,2.9,6,2026-01-17T09:31:00.000000,0,true,true,true,true,0,LABELED,0,,,0,1,LABELED,0,,,true,true,true
4792,2025-12-24T00:00:00.000000,21662,2025-12-27T16:56:14.000000,accepted,10.6,7,2026-06-20T19:24:00.000000,0,true,true,true,true,0,LABELED,0,,,0,0,LABELED,0,,,true,true,true
4793,2026-04-09T00:00:00.000000,21673,2026-04-12T14:56:57.000000,scheduled_visit,0.8,7,2026-06-02T09:25:00.000000,1,true,true,true,true,1,LABELED,1,21673,2026-04-12T15:44:57.000Z,0,2,LABELED,1,21673,2026-04-12T14:56:57.000000,true,true,true
4794,2025-04-06T00:00:00.000000,21677,2025-04-07T18:27:19.000000,no_response,,5,2026-04-03T07:18:00.000000,0,true,true,true,true,0,LABELED,0,,,0,2,LABELED,0,,,true,true,true
4795,2026-04-24T00:00:00.000000,21680,2026-04-26T13:09:58.000000,scheduled_visit,56.8,4,2026-05-02T09:32:12.000000,1,true,true,true,true,1,LABELED,1,21682,2026-04-27T09:41:21.000Z,0,2,LABELED,1,21680,2026-04-26T13:09:58.000000,true,true,true
4796,2025-08-20T00:00:00.000000,21684,2025-08-27T18:19:37.000000,scheduled_visit,31.2,7,2026-05-20T17:00:00.000000,1,true,true,true,true,1,LABELED,1,21684,2025-08-29T01:31:37.000Z,1,3,LABELED,1,21684,2025-08-27T18:19:37.000000,true,true,true
4797,2025-05-29T00:00:00.000000,21691,2025-06-11T07:25:45.000000,accepted,12.2,4,2026-05-16T13:04:00.000000,0,true,true,true,true,0,LABELED,0,,,0,0,LABELED,0,,,true,true,true
4798,2025-12-23T00:00:00.000000,21694,2025-12-28T10:12:19.000000,no_response,12.9,1,2025-12-28T10:12:19.000000,0,true,true,true,true,0,LABELED,0,,,0,0,LABELED,0,,,true,true,true
4799,2026-06-13T00:00:00.000000,21697,2026-06-16T09:56:25.000000,accepted,25.5,3,2026-06-25T19:21:49.000000,0,true,true,false,true,0,CENSORED,,,,0,0,CENSORED,,,,false,false,false
4800,2026-06-25T00:00:00.000000,21705,2026-06-26T10:25:18.000000,no_response,5.5,8,2026-07-08T19:30:08.000000,0,true,true,false,true,0,CENSORED,,,,0,0,CENSORED,,,,false,false,false
4801,2025-08-22T00:00:00.000000,21710,2025-08-22T10:52:34.000000,accepted,3.3,5,2026-02-26T16:37:00.000000,0,true,true,true,true,0,LABELED,0,,,0,0,LABELED,0,,,true,true,true
4802,2025-06-25T00:00:00.000000,21711,2025-06-28T16:22:01.000000,accepted,,3,2026-05-12T19:50:00.000000,0,true,true,true,true,0,AMBIGUOUS,,,,1,0,LABELED,1,21712,2025-07-06T12:34:28.000000,true,true,true
4803,2026-02-14T00:00:00.000000,21717,2026-02-16T08:44:05.000000,accepted,1.3,6,2026-03-24T15:23:00.000000,0,true,true,true,true,0,LABELED,1,21719,2026-02-26T00:34:34.000Z,0,2,LABELED,1,21719,2026-02-25T14:52:34.000000,true,true,true
4804,2026-06-22T00:00:00.000000,21723,2026-06-23T16:34:03.000000,rejected,,7,2026-07-04T17:54:51.000000,0,true,true,false,true,0,CENSORED,,,,0,0,CENSORED,,,,false,false,false
4805,2025-01-23T00:00:00.000000,21727,2025-01-30T07:47:45.000000,accepted,18.6,5,2026-05-17T12:02:00.000000,0,true,true,true,true,0,LABELED,0,,,0,0,LABELED,0,,,true,true,true
4806,2025-04-01T00:00:00.000000,21732,2025-04-10T13:42:29.000000,scheduled_visit,25.4,3,2025-10-25T16:14:00.000000,1,true,true,true,true,1,LABELED,1,21732,2025-04-11T15:06:29.000Z,0,1,LABELED,1,21732,2025-04-10T13:42:29.000000,true,true,true
4807,2025-03-31T00:00:00.000000,21736,2025-04-01T18:26:01.000000,accepted,41.2,2,2026-01-22T11:26:00.000000,0,true,true,true,true,0,LABELED,0,,,0,0,LABELED,0,,,true,true,true
4808,2025-05-14T00:00:00.000000,21737,2025-10-08T19:40:00.000000,accepted,11.8,3,2026-06-07T19:43:00.000000,0,true,true,true,true,0,LABELED,0,,,0,0,LABELED,0,,,true,true,true
4809,2025-08-13T00:00:00.000000,21740,2025-09-23T09:27:00.000000,accepted,3,1,2025-09-23T09:27:00.000000,0,true,true,true,true,0,LABELED,0,,,0,0,LABELED,0,,,true,true,true
4810,2025-12-29T00:00:00.000000,21741,2026-01-08T20:55:18.000000,no_response,2.5,3,2026-02-28T20:52:00.000000,0,true,true,true,true,0,LABELED,0,,,0,0,LABELED,0,,,true,true,true
4811,2025-02-23T00:00:00.000000,21744,2025-03-05T17:08:58.000000,accepted,32.8,2,2026-03-21T18:14:00.000000,0,true,true,true,true,0,LABELED,0,,,0,1,LABELED,0,,,true,true,true
4812,2026-05-18T00:00:00.000000,21747,2026-05-27T15:33:35.000000,rejected,7,2,2026-06-24T20:23:00.000000,0,true,true,true,true,0,LABELED,1,21746,2026-06-26T00:53:00.000Z,0,1,LABELED,1,21746,2026-06-24T20:23:00.000000,true,true,false
4813,2025-11-18T00:00:00.000000,21754,2025-11-20T15:53:50.000000,scheduled_visit,14.8,8,2026-05-30T11:17:00.000000,1,true,true,true,true,1,LABELED,1,21754,2025-11-21T06:41:50.000Z,0,3,LABELED,1,21754,2025-11-20T15:53:50.000000,true,true,true
4814,2025-12-19T00:00:00.000000,21756,2026-01-01T16:58:04.000000,rejected,14.6,1,2026-01-01T16:58:04.000000,0,true,true,true,true,0,LABELED,0,,,0,0,LABELED,0,,,true,true,true
4815,2025-05-22T00:00:00.000000,21757,2026-03-17T15:52:00.000000,no_response,8.9,1,2026-03-17T15:52:00.000000,0,true,true,true,true,0,LABELED,0,,,0,0,LABELED,0,,,true,true,true
4816,2025-04-14T00:00:00.000000,21760,2025-04-14T07:40:31.000000,no_response,3.7,5,2026-01-16T20:28:00.000000,0,true,true,true,true,0,LABELED,0,,,0,0,LABELED,0,,,true,true,true
4817,2025-06-05T00:00:00.000000,21765,2025-06-10T13:14:31.000000,accepted,3,7,2026-06-14T11:22:00.000000,0,true,true,true,true,0,AMBIGUOUS,,,,1,0,LABELED,1,21769,2025-07-07T11:48:00.000000,true,true,true
4818,2025-08-26T00:00:00.000000,21772,2026-02-27T12:39:00.000000,scheduled_visit,7.6,3,2026-04-11T20:38:00.000000,1,true,true,true,true,1,LABELED,1,21772,2026-02-27T20:15:00.000Z,0,1,LABELED,1,21772,2026-02-27T12:39:00.000000,true,true,true
4819,2026-01-01T00:00:00.000000,21773,2026-01-05T09:09:58.000000,scheduled_visit,8.4,7,2026-03-15T19:43:00.000000,1,true,true,true,true,1,LABELED,1,21773,2026-01-05T17:33:58.000Z,0,3,LABELED,1,21773,2026-01-05T09:09:58.000000,true,true,true
4820,2025-08-18T00:00:00.000000,21780,2025-10-19T18:20:00.000000,scheduled_visit,19,1,2025-10-19T18:20:00.000000,1,true,true,true,true,1,LABELED,1,21780,2025-10-20T13:20:00.000Z,0,1,LABELED,1,21780,2025-10-19T18:20:00.000000,true,true,true
4821,2025-10-01T00:00:00.000000,21781,2025-10-02T07:20:23.000000,accepted,5.2,2,2026-05-18T18:29:00.000000,0,true,true,true,true,0,LABELED,0,,,0,0,LABELED,0,,,true,true,true
4822,2025-03-31T00:00:00.000000,21783,2025-04-04T17:47:16.000000,accepted,17.1,2,2026-03-08T14:44:00.000000,0,true,true,true,true,0,LABELED,0,,,0,1,LABELED,0,,,true,true,true
4823,2025-04-29T00:00:00.000000,21785,2025-05-09T18:09:05.000000,no_response,10.8,1,2025-05-09T18:09:05.000000,0,true,true,true,true,0,LABELED,0,,,0,0,LABELED,0,,,true,true,true
4824,2025-12-10T00:00:00.000000,21789,2025-12-12T13:12:09.000000,rejected,13,5,2026-05-04T20:17:00.000000,0,true,true,true,true,0,LABELED,0,,,0,0,LABELED,0,,,true,true,true
4825,2025-04-25T00:00:00.000000,21793,2025-04-28T12:37:45.000000,accepted,37,3,2025-07-07T08:58:00.000000,0,true,true,true,true,0,LABELED,1,21792,2025-05-03T13:31:10.000Z,0,1,LABELED,1,21792,2025-05-03T11:55:10.000000,true,true,true
4826,2025-10-03T00:00:00.000000,21795,2025-10-05T09:00:03.000000,scheduled_visit,9.2,5,2026-06-05T19:20:00.000000,1,true,true,true,true,1,LABELED,1,21795,2025-10-05T18:12:03.000Z,0,1,LABELED,1,21795,2025-10-05T09:00:03.000000,true,true,true
4827,2025-06-30T00:00:00.000000,21801,2025-07-10T12:24:00.000000,accepted,3.8,4,2026-06-29T07:28:00.000000,0,true,true,true,true,0,LABELED,0,,,0,1,LABELED,0,,,true,true,true
4828,2026-03-10T00:00:00.000000,21806,2026-03-18T07:56:59.000000,rejected,8.1,4,2026-04-23T07:16:00.000000,0,true,true,true,true,0,LABELED,1,21803,2026-03-23T06:53:12.000Z,0,1,LABELED,1,21803,2026-03-22T19:41:12.000000,true,true,true
4829,2025-06-23T00:00:00.000000,21808,2025-06-30T09:57:55.000000,scheduled_visit,15,3,2026-01-27T14:10:00.000000,1,true,true,true,true,1,LABELED,1,21808,2025-07-01T00:57:55.000Z,0,3,LABELED,1,21808,2025-06-30T09:57:55.000000,true,true,true
4830,2025-05-11T00:00:00.000000,21813,2025-05-12T20:21:00.000000,accepted,3.1,7,2026-02-28T17:48:00.000000,0,true,true,true,true,0,LABELED,0,,,0,0,LABELED,0,,,true,true,true
4831,2026-05-21T00:00:00.000000,21817,2026-05-25T09:09:15.000000,no_response,4.6,2,2026-06-01T09:07:35.000000,0,true,true,true,true,0,LABELED,0,,,0,0,LABELED,0,,,true,true,false
4832,2025-04-14T00:00:00.000000,21820,2025-04-22T10:15:32.000000,rejected,,2,2026-03-18T11:20:00.000000,0,true,true,true,true,0,LABELED,0,,,0,0,LABELED,0,,,true,true,true
4833,2026-02-12T00:00:00.000000,21822,2026-02-16T14:55:51.000000,rejected,2.4,4,2026-02-24T09:55:22.000000,0,true,true,true,true,0,LABELED,1,21824,2026-02-25T07:54:56.000Z,0,1,LABELED,1,21824,2026-02-23T07:36:56.000000,true,true,true
4834,2025-12-02T00:00:00.000000,21825,2025-12-05T09:32:57.000000,no_response,26.3,1,2025-12-05T09:32:57.000000,0,true,true,true,true,0,LABELED,0,,,0,0,LABELED,0,,,true,true,true
4835,2025-05-27T00:00:00.000000,21826,2025-06-03T07:02:17.000000,no_response,2,2,2025-12-19T07:36:00.000000,0,true,true,true,true,0,LABELED,0,,,0,0,LABELED,0,,,true,true,true
4836,2026-02-22T00:00:00.000000,21830,2026-03-01T20:01:00.000000,no_response,4.9,3,2026-03-06T17:42:35.000000,0,true,true,true,true,0,LABELED,0,,,0,0,LABELED,0,,,true,true,true
4837,2026-06-02T00:00:00.000000,21836,2026-06-03T18:14:28.000000,rejected,4.1,6,2026-06-13T08:02:58.000000,0,true,true,true,true,0,LABELED,0,,,0,0,CENSORED,,,,true,false,false
4838,2025-06-18T00:00:00.000000,21838,2025-06-20T10:46:59.000000,rejected,11.2,5,2026-06-07T15:42:00.000000,0,true,true,true,true,0,AMBIGUOUS,,,,1,0,LABELED,1,21840,2025-06-29T18:59:17.000000,true,true,true
4839,2026-05-15T00:00:00.000000,21842,2026-05-17T13:00:23.000000,scheduled_visit,,2,2026-05-20T09:28:42.000000,1,true,true,true,true,1,AMBIGUOUS,,,,1,0,LABELED,1,21842,2026-05-17T13:00:23.000000,true,true,false
4840,2025-04-04T00:00:00.000000,21848,2025-04-06T14:49:13.000000,scheduled_visit,6.7,6,2026-05-12T13:16:00.000000,1,true,true,true,true,1,LABELED,1,21848,2025-04-06T21:31:13.000Z,0,2,LABELED,1,21848,2025-04-06T14:49:13.000000,true,true,true
4841,2026-04-13T00:00:00.000000,21852,2026-04-13T07:28:13.000000,accepted,59.8,5,2026-04-24T16:37:11.000000,0,true,true,true,true,0,LABELED,0,,,0,0,LABELED,0,,,true,true,true
4842,2025-08-27T00:00:00.000000,21857,2025-08-28T16:06:34.000000,scheduled_visit,6.8,7,2026-04-26T07:45:00.000000,1,true,true,true,true,1,LABELED,1,21857,2025-08-28T22:54:34.000Z,0,2,LABELED,1,21857,2025-08-28T16:06:34.000000,true,true,true
4843,2026-02-04T00:00:00.000000,21863,2026-02-12T11:46:46.000000,no_response,4.6,2,2026-04-11T15:48:00.000000,0,true,true,true,true,0,LABELED,0,,,0,0,LABELED,0,,,true,true,true
4844,2025-06-27T00:00:00.000000,21865,2025-06-29T11:29:40.000000,no_response,2.6,7,2026-04-05T17:58:00.000000,0,true,true,true,true,0,LABELED,0,,,0,1,LABELED,0,,,true,true,true
4845,2026-02-25T00:00:00.000000,21872,2026-02-28T08:53:38.000000,accepted,23.2,5,2026-03-05T19:03:12.000000,0,true,true,true,true,0,LABELED,0,,,0,0,LABELED,0,,,true,true,true
4846,2025-06-20T00:00:00.000000,21878,2025-06-29T20:56:29.000000,no_response,5.1,3,2025-08-08T13:31:00.000000,0,true,true,true,true,0,LABELED,0,,,0,0,LABELED,0,,,true,true,true
4847,2025-09-16T00:00:00.000000,21881,2025-09-17T12:30:03.000000,scheduled_visit,5.5,3,2026-04-02T07:07:00.000000,1,true,true,true,true,1,LABELED,1,21881,2025-09-17T18:00:03.000Z,0,1,LABELED,1,21881,2025-09-17T12:30:03.000000,true,true,true
4848,2025-01-16T00:00:00.000000,21885,2025-01-18T19:22:55.000000,scheduled_visit,1.8,4,2026-05-02T11:38:00.000000,1,true,true,true,true,1,LABELED,1,21885,2025-01-18T21:10:55.000Z,0,1,LABELED,1,21885,2025-01-18T19:22:55.000000,true,true,true
4849,2025-06-10T00:00:00.000000,21886,2025-06-13T08:42:49.000000,no_response,1.7,2,2025-06-14T11:52:36.000000,0,true,true,true,true,0,LABELED,0,,,0,0,LABELED,0,,,true,true,true
4850,2025-07-14T00:00:00.000000,21890,2025-07-14T08:16:17.000000,scheduled_visit,5.1,4,2025-09-14T17:50:00.000000,1,true,true,true,true,1,LABELED,1,21890,2025-07-14T13:22:17.000Z,0,1,LABELED,1,21890,2025-07-14T08:16:17.000000,true,true,true
4851,2025-10-14T00:00:00.000000,21896,2025-10-14T20:47:10.000000,scheduled_visit,10.1,5,2026-06-09T12:21:00.000000,1,true,true,true,true,1,LABELED,1,21896,2025-10-15T06:53:10.000Z,0,1,LABELED,1,21896,2025-10-14T20:47:10.000000,true,true,true
4852,2025-07-28T00:00:00.000000,21899,2025-08-01T16:58:44.000000,rejected,0.7,3,2026-02-25T08:12:00.000000,0,true,true,true,true,0,LABELED,0,,,0,1,LABELED,0,,,true,true,true
4853,2026-02-20T00:00:00.000000,21900,2026-03-04T16:08:04.000000,scheduled_visit,18.2,1,2026-03-04T16:08:04.000000,1,true,true,true,true,1,LABELED,1,21900,2026-03-05T10:20:04.000Z,0,1,LABELED,1,21900,2026-03-04T16:08:04.000000,true,true,true
4854,2026-01-24T00:00:00.000000,21902,2026-01-24T20:45:42.000000,accepted,0.5,6,2026-02-25T12:48:00.000000,0,true,true,true,true,0,LABELED,1,21905,2026-01-25T11:29:07.000Z,0,3,LABELED,1,21905,2026-01-25T10:59:07.000000,true,true,true
4855,2025-07-28T00:00:00.000000,21908,2025-08-09T17:45:34.000000,accepted,14.3,2,2026-02-11T09:36:00.000000,0,true,true,true,true,0,LABELED,0,,,0,0,LABELED,0,,,true,true,true
4856,2025-02-26T00:00:00.000000,21912,2025-03-05T18:22:28.000000,scheduled_visit,,6,2026-03-04T07:59:00.000000,1,true,true,true,true,1,AMBIGUOUS,,,,1,2,LABELED,1,21912,2025-03-05T18:22:28.000000,true,true,true
4857,2025-06-27T00:00:00.000000,21916,2025-07-07T09:37:52.000000,accepted,18.3,2,2026-04-29T12:54:00.000000,0,true,true,true,true,0,LABELED,0,,,0,0,LABELED,0,,,true,true,true
4858,2025-03-24T00:00:00.000000,21917,2025-05-26T14:17:00.000000,rejected,2.4,2,2025-11-02T17:09:00.000000,0,true,true,true,true,0,LABELED,0,,,0,0,LABELED,0,,,true,true,true
4859,2025-03-23T00:00:00.000000,21921,2025-03-23T10:04:11.000000,rejected,2.6,4,2025-04-19T07:02:00.000000,0,true,true,true,true,0,LABELED,1,21919,2025-03-31T22:56:00.000Z,0,3,LABELED,1,21919,2025-03-31T19:08:00.000000,true,true,true
4860,2026-04-16T00:00:00.000000,21925,2026-04-28T20:47:36.000000,rejected,11.2,3,2026-06-06T16:39:00.000000,0,true,true,true,true,0,LABELED,0,,,0,1,LABELED,0,,,true,true,true
4861,2026-02-22T00:00:00.000000,21930,2026-02-23T20:31:39.000000,scheduled_visit,3.9,5,2026-02-28T19:19:39.000000,1,true,true,true,true,1,LABELED,1,21930,2026-02-24T00:25:39.000Z,0,1,LABELED,1,21930,2026-02-23T20:31:39.000000,true,true,true
4862,2025-02-25T00:00:00.000000,21937,2025-02-26T17:39:00.000000,scheduled_visit,6.3,8,2026-05-23T13:31:00.000000,1,true,true,true,true,1,LABELED,1,21937,2025-02-26T23:57:00.000Z,0,1,LABELED,1,21937,2025-02-26T17:39:00.000000,true,true,true
4863,2025-12-29T00:00:00.000000,21945,2025-12-30T07:47:00.000000,scheduled_visit,4.5,7,2026-01-11T09:23:24.000000,1,true,true,true,true,1,LABELED,1,21945,2025-12-30T12:17:00.000Z,0,2,LABELED,1,21945,2025-12-30T07:47:00.000000,true,true,true
4864,2025-10-13T00:00:00.000000,21946,2025-10-15T09:40:12.000000,accepted,,2,2025-10-20T11:44:57.000000,0,true,true,true,true,0,LABELED,0,,,0,0,LABELED,0,,,true,true,true
4865,2025-10-24T00:00:00.000000,21950,2025-10-24T20:47:09.000000,accepted,,6,2026-03-04T15:53:00.000000,0,true,true,true,true,0,LABELED,0,,,0,0,LABELED,0,,,true,true,true
4866,2026-05-05T00:00:00.000000,21955,2026-05-05T13:04:08.000000,accepted,8.1,8,2026-05-18T16:33:57.000000,0,true,true,true,true,0,AMBIGUOUS,,,,1,0,LABELED,1,21960,2026-05-18T09:45:35.000000,true,true,true
4867,2025-06-17T00:00:00.000000,21962,2025-06-18T19:07:30.000000,accepted,,2,2025-06-20T14:58:47.000000,0,true,true,true,true,0,LABELED,0,,,0,0,LABELED,0,,,true,true,true
4868,2025-08-29T00:00:00.000000,21964,2025-09-06T12:23:10.000000,accepted,24.5,6,2026-06-28T18:54:00.000000,0,true,true,true,true,0,LABELED,1,21965,2025-09-10T03:25:04.000Z,0,1,LABELED,1,21965,2025-09-09T13:43:04.000000,true,true,true
4869,2025-10-30T00:00:00.000000,21976,2025-10-30T08:06:01.000000,scheduled_visit,,7,2026-06-10T18:25:00.000000,1,true,true,true,true,1,AMBIGUOUS,,,,1,0,LABELED,1,21976,2025-10-30T08:06:01.000000,true,true,true
4870,2026-06-30T00:00:00.000000,21980,2026-06-30T09:01:56.000000,accepted,2.4,4,2026-07-09T08:34:15.000000,0,true,false,false,false,,CENSORED,,,,0,0,CENSORED,,,,false,false,false
4871,2025-01-30T00:00:00.000000,21984,2025-02-03T07:02:36.000000,no_response,12.7,8,2026-01-28T14:52:00.000000,0,true,true,true,true,0,LABELED,0,,,0,0,LABELED,0,,,true,true,true
4872,2025-04-03T00:00:00.000000,21992,2025-04-11T20:26:54.000000,rejected,0.5,6,2026-06-12T08:03:00.000000,0,true,true,true,true,0,LABELED,0,,,0,0,LABELED,0,,,true,true,true
4873,2025-03-24T00:00:00.000000,21999,2025-06-26T17:40:00.000000,no_response,65,5,2026-06-03T19:48:00.000000,0,true,true,true,true,0,LABELED,0,,,0,0,LABELED,0,,,true,true,true
4874,2025-12-08T00:00:00.000000,22000,2025-12-08T19:03:17.000000,accepted,,4,2026-03-16T12:38:00.000000,0,true,true,true,true,0,LABELED,1,22002,2025-12-28T12:05:00.000Z,0,1,LABELED,1,22002,2025-12-28T10:59:00.000000,true,true,true
4875,2025-06-11T00:00:00.000000,22004,2025-06-17T11:31:42.000000,scheduled_visit,15.3,3,2026-01-02T18:09:00.000000,1,true,true,true,true,1,LABELED,1,22004,2025-06-18T02:49:42.000Z,0,1,LABELED,1,22004,2025-06-17T11:31:42.000000,true,true,true
4876,2026-06-18T00:00:00.000000,22007,2026-06-20T15:26:17.000000,no_response,8.5,1,2026-06-20T15:26:17.000000,0,true,true,false,true,0,CENSORED,,,,0,0,CENSORED,,,,false,false,false
4877,2025-02-23T00:00:00.000000,22011,2025-03-08T17:57:43.000000,no_response,12.2,5,2026-05-14T18:39:00.000000,0,true,true,true,true,0,LABELED,0,,,0,3,LABELED,0,,,true,true,true
4878,2026-02-09T00:00:00.000000,22014,2026-02-10T07:11:30.000000,rejected,,6,2026-02-19T16:53:23.000000,0,true,true,true,true,0,LABELED,0,,,0,0,LABELED,0,,,true,true,true
4879,2025-01-17T00:00:00.000000,22019,2025-01-24T16:19:00.000000,rejected,,4,2026-04-05T07:09:00.000000,0,true,true,true,true,0,LABELED,0,,,0,0,LABELED,0,,,true,true,true
4880,2026-03-16T00:00:00.000000,22027,2026-03-16T10:03:05.000000,accepted,15.9,7,2026-06-08T12:47:00.000000,0,true,true,true,true,0,LABELED,0,,,0,0,LABELED,0,,,true,true,true
4881,2025-05-04T00:00:00.000000,22035,2025-05-06T09:42:34.000000,accepted,9.7,7,2026-05-20T18:27:00.000000,0,true,true,true,true,0,LABELED,1,22036,2025-05-15T22:36:00.000Z,0,1,LABELED,1,22036,2025-05-15T18:42:00.000000,true,true,true
4882,2026-06-23T00:00:00.000000,22040,2026-06-27T14:07:44.000000,accepted,11.3,4,2026-07-05T13:22:33.000000,0,true,true,false,true,0,CENSORED,,,,0,0,CENSORED,,,,false,false,false
4883,2026-04-27T00:00:00.000000,22041,2026-04-27T18:09:56.000000,rejected,12.8,2,2026-05-07T19:14:02.000000,0,true,true,true,true,0,LABELED,1,22042,2026-05-08T04:26:02.000Z,0,1,LABELED,1,22042,2026-05-07T19:14:02.000000,true,true,true
4884,2025-02-03T00:00:00.000000,22047,2025-02-05T08:41:29.000000,scheduled_visit,21.7,6,2025-12-31T16:16:00.000000,1,true,true,true,true,1,LABELED,1,22047,2025-02-06T06:23:29.000Z,1,1,LABELED,1,22047,2025-02-05T08:41:29.000000,true,true,true
4885,2025-01-03T00:00:00.000000,22055,2025-01-07T15:53:09.000000,accepted,22.9,7,2026-05-29T07:04:00.000000,0,true,true,true,true,0,LABELED,1,22052,2025-01-14T23:41:31.000Z,0,2,LABELED,1,22052,2025-01-14T15:29:31.000000,true,true,true
4886,2025-07-24T00:00:00.000000,22056,2025-07-28T13:55:59.000000,accepted,9.5,3,2026-01-01T11:20:00.000000,0,true,true,true,true,0,LABELED,0,,,0,1,LABELED,0,,,true,true,true
4887,2026-03-14T00:00:00.000000,22059,2026-03-27T08:34:30.000000,rejected,10.4,1,2026-03-27T08:34:30.000000,0,true,true,true,true,0,LABELED,0,,,0,0,LABELED,0,,,true,true,true
4888,2026-06-29T00:00:00.000000,22063,2026-06-30T15:37:55.000000,scheduled_visit,10.2,7,2026-07-12T18:14:15.000000,1,true,false,false,false,,CENSORED,,,,0,0,CENSORED,,,,false,false,false
4889,2025-11-07T00:00:00.000000,22067,2026-03-24T18:18:00.000000,scheduled_visit,16.7,1,2026-03-24T18:18:00.000000,1,true,true,true,true,1,LABELED,1,22067,2026-03-25T11:00:00.000Z,0,1,LABELED,1,22067,2026-03-24T18:18:00.000000,true,true,true
4890,2026-06-22T00:00:00.000000,22069,2026-06-22T14:41:10.000000,rejected,,8,2026-07-03T15:11:54.000000,0,true,true,false,true,0,CENSORED,,,,0,0,CENSORED,,,,false,false,false
4891,2025-01-27T00:00:00.000000,22076,2025-02-01T16:10:23.000000,scheduled_visit,,2,2025-11-28T18:37:00.000000,1,true,true,true,true,1,AMBIGUOUS,,,,1,0,LABELED,1,22076,2025-02-01T16:10:23.000000,true,true,true
4892,2025-09-30T00:00:00.000000,22078,2025-10-03T19:16:03.000000,no_response,13.4,7,2026-06-14T07:00:00.000000,0,true,true,true,true,0,LABELED,1,22084,2025-10-13T19:51:59.000Z,0,1,LABELED,1,22084,2025-10-13T18:45:59.000000,true,true,true
4893,2025-08-17T00:00:00.000000,22087,2025-08-17T07:19:50.000000,accepted,9.5,7,2026-04-06T09:35:00.000000,0,true,true,true,true,0,LABELED,0,,,0,0,LABELED,0,,,true,true,true
4894,2026-02-18T00:00:00.000000,22092,2026-03-02T19:46:01.000000,scheduled_visit,24.8,1,2026-03-02T19:46:01.000000,1,true,true,true,true,1,LABELED,1,22092,2026-03-03T20:34:01.000Z,0,1,LABELED,1,22092,2026-03-02T19:46:01.000000,true,true,true
4895,2025-12-12T00:00:00.000000,22095,2025-12-13T19:48:18.000000,rejected,,4,2025-12-24T10:04:20.000000,0,true,true,true,true,0,LABELED,1,22094,2025-12-24T12:34:20.000Z,0,1,LABELED,1,22094,2025-12-24T10:04:20.000000,true,true,true
4896,2025-09-02T00:00:00.000000,22098,2025-09-10T10:28:15.000000,no_response,5.2,2,2025-09-13T19:47:19.000000,0,true,true,true,true,0,LABELED,0,,,0,0,LABELED,0,,,true,true,true
4897,2025-02-14T00:00:00.000000,22102,2025-02-16T18:01:44.000000,rejected,0.8,6,2026-05-06T14:51:00.000000,0,true,true,true,true,0,LABELED,0,,,0,1,LABELED,0,,,true,true,true
4898,2026-01-31T00:00:00.000000,22106,2026-02-04T15:05:16.000000,accepted,1.3,5,2026-02-12T12:58:08.000000,0,true,true,true,true,0,LABELED,1,22105,2026-02-09T13:47:18.000Z,0,1,LABELED,1,22105,2026-02-08T11:35:18.000000,true,true,true
4899,2025-02-28T00:00:00.000000,22114,2025-03-05T18:26:05.000000,accepted,10.4,7,2026-05-24T18:49:00.000000,0,true,true,true,true,0,LABELED,0,,,0,0,LABELED,0,,,true,true,true
4900,2026-06-08T00:00:00.000000,22122,2026-06-12T15:43:21.000000,accepted,5.2,7,2026-06-20T12:30:29.000000,0,true,true,true,true,0,LABELED,1,22118,2026-06-13T16:24:17.000Z,0,1,CENSORED,,,,false,false,false
4901,2025-02-28T00:00:00.000000,22126,2025-03-11T16:13:37.000000,rejected,3.3,6,2026-05-17T16:34:00.000000,0,true,true,true,true,0,LABELED,1,22129,2025-03-12T18:02:54.000Z,0,1,LABELED,1,22129,2025-03-12T17:02:54.000000,true,true,true
4902,2025-02-17T00:00:00.000000,22130,2025-05-04T13:06:00.000000,scheduled_visit,26.6,3,2025-11-15T10:40:00.000000,1,true,true,true,true,1,LABELED,1,22130,2025-05-05T15:42:00.000Z,0,1,LABELED,1,22130,2025-05-04T13:06:00.000000,true,true,true
4903,2026-02-16T00:00:00.000000,22133,2026-02-28T14:07:18.000000,no_response,11.7,1,2026-02-28T14:07:18.000000,0,true,true,true,true,0,LABELED,0,,,0,0,LABELED,0,,,true,true,true
4904,2025-04-25T00:00:00.000000,22134,2025-06-06T19:58:00.000000,no_response,0.5,1,2025-06-06T19:58:00.000000,0,true,true,true,true,0,LABELED,0,,,0,0,LABELED,0,,,true,true,true
4905,2025-02-17T00:00:00.000000,22136,2025-02-27T11:24:12.000000,no_response,29.3,6,2026-03-01T16:05:00.000000,0,true,true,true,true,0,LABELED,0,,,0,0,LABELED,0,,,true,true,true
4906,2025-11-23T00:00:00.000000,22141,2025-11-23T17:04:03.000000,accepted,3.6,6,2026-01-27T18:52:00.000000,0,true,true,true,true,0,LABELED,1,22145,2025-12-05T09:16:07.000Z,0,2,LABELED,1,22145,2025-12-05T08:46:07.000000,true,true,true
4907,2025-12-08T00:00:00.000000,22152,2025-12-13T19:59:16.000000,scheduled_visit,1.8,7,2026-03-05T16:25:00.000000,1,true,true,true,true,1,LABELED,1,22152,2025-12-13T21:47:16.000Z,0,3,LABELED,1,22152,2025-12-13T19:59:16.000000,true,true,true
4908,2025-10-20T00:00:00.000000,22154,2025-10-27T17:19:10.000000,accepted,1.5,1,2025-10-27T17:19:10.000000,0,true,true,true,true,0,LABELED,0,,,0,0,LABELED,0,,,true,true,true
4909,2025-06-13T00:00:00.000000,22160,2025-06-15T15:55:07.000000,no_response,25.5,6,2026-03-30T08:41:00.000000,0,true,true,true,true,0,LABELED,1,22155,2025-06-22T21:51:57.000Z,0,1,LABELED,1,22155,2025-06-22T16:45:57.000000,true,true,true
4910,2025-01-31T00:00:00.000000,22162,2025-02-07T12:57:51.000000,accepted,2.6,6,2026-02-09T12:30:00.000000,0,true,true,true,true,0,LABELED,0,,,0,1,LABELED,0,,,true,true,true
4911,2025-11-24T00:00:00.000000,22167,2025-11-25T10:49:50.000000,no_response,1.9,1,2025-11-25T10:49:50.000000,0,true,true,true,true,0,LABELED,0,,,0,0,LABELED,0,,,true,true,true
4912,2025-04-01T00:00:00.000000,22169,2025-04-09T19:25:16.000000,no_response,4.1,3,2026-06-20T13:03:00.000000,0,true,true,true,true,0,LABELED,0,,,0,1,LABELED,0,,,true,true,true
4913,2025-01-14T00:00:00.000000,22171,2025-01-16T15:03:31.000000,accepted,1.3,5,2026-06-06T07:25:00.000000,0,true,true,true,true,0,LABELED,0,,,0,0,LABELED,0,,,true,true,true
4914,2026-05-27T00:00:00.000000,22176,2026-05-29T11:16:44.000000,scheduled_visit,6.5,6,2026-06-09T18:33:12.000000,1,true,true,true,true,1,LABELED,1,22176,2026-05-29T17:46:44.000Z,0,1,LABELED,1,22176,2026-05-29T11:16:44.000000,true,true,false
4915,2025-10-14T00:00:00.000000,22183,2025-10-15T11:27:50.000000,scheduled_visit,26.7,8,2026-06-16T15:41:00.000000,1,true,true,true,true,1,LABELED,1,22183,2025-10-16T14:09:50.000Z,0,1,LABELED,1,22183,2025-10-15T11:27:50.000000,true,true,true
4916,2026-04-10T00:00:00.000000,22192,2026-04-10T16:48:05.000000,accepted,22.9,6,2026-04-22T08:56:48.000000,0,true,true,true,true,0,LABELED,0,,,0,0,LABELED,0,,,true,true,true
4917,2026-03-25T00:00:00.000000,22201,2026-03-31T18:30:58.000000,scheduled_visit,19.8,8,2026-06-16T07:43:00.000000,1,true,true,true,true,1,LABELED,1,22201,2026-04-01T14:18:58.000Z,0,2,LABELED,1,22201,2026-03-31T18:30:58.000000,true,true,true
4918,2025-02-20T00:00:00.000000,22204,2025-02-28T19:42:58.000000,accepted,,1,2025-02-28T19:42:58.000000,0,true,true,true,true,0,LABELED,0,,,0,0,LABELED,0,,,true,true,true
4919,2026-03-02T00:00:00.000000,22205,2026-03-06T07:10:46.000000,scheduled_visit,59.6,3,2026-03-11T18:01:57.000000,1,true,true,true,true,1,LABELED,1,22205,2026-03-08T18:46:46.000Z,0,1,LABELED,1,22205,2026-03-06T07:10:46.000000,true,true,true
4920,2025-03-07T00:00:00.000000,22208,2025-03-08T07:45:46.000000,accepted,,6,2026-02-28T07:54:00.000000,0,true,true,true,true,0,LABELED,0,,,0,0,LABELED,0,,,true,true,true
4921,2025-10-18T00:00:00.000000,22219,2025-10-19T16:37:01.000000,no_response,10,8,2025-12-14T19:37:00.000000,0,true,true,true,true,0,LABELED,0,,,0,0,LABELED,0,,,true,true,true
4922,2025-10-03T00:00:00.000000,22222,2026-04-23T13:42:00.000000,rejected,15.6,1,2026-04-23T13:42:00.000000,0,true,true,true,true,0,LABELED,0,,,0,0,LABELED,0,,,true,true,true
4923,2025-04-25T00:00:00.000000,22225,2025-05-03T17:54:05.000000,accepted,3.6,6,2026-05-30T16:17:00.000000,0,true,true,true,true,0,LABELED,0,,,0,0,LABELED,0,,,true,true,true
4924,2025-08-31T00:00:00.000000,22231,2025-08-31T12:44:57.000000,no_response,24.6,7,2026-03-05T19:41:00.000000,0,true,true,true,true,0,LABELED,1,22233,2025-09-12T09:43:43.000Z,0,1,LABELED,1,22233,2025-09-12T09:13:43.000000,true,true,true
4925,2026-02-21T00:00:00.000000,22236,2026-03-01T14:31:30.000000,accepted,,1,2026-03-01T14:31:30.000000,0,true,true,true,true,0,LABELED,0,,,0,0,LABELED,0,,,true,true,true
4926,2026-01-14T00:00:00.000000,22238,2026-01-16T08:01:39.000000,accepted,21.1,4,2026-01-25T18:29:25.000000,0,true,true,true,true,0,LABELED,0,,,0,0,LABELED,0,,,true,true,true
4927,2025-10-24T00:00:00.000000,22246,2025-10-25T17:15:28.000000,scheduled_visit,17.3,7,2026-04-09T16:02:00.000000,1,true,true,true,true,1,LABELED,1,22246,2025-10-26T10:33:28.000Z,0,2,LABELED,1,22246,2025-10-25T17:15:28.000000,true,true,true
4928,2025-03-25T00:00:00.000000,22250,2025-05-31T16:27:00.000000,no_response,12.8,3,2026-05-14T08:18:00.000000,0,true,true,true,true,0,LABELED,0,,,0,0,LABELED,0,,,true,true,true
4929,2025-06-09T00:00:00.000000,22251,2025-06-12T17:18:15.000000,scheduled_visit,2.1,5,2026-05-04T19:33:00.000000,1,true,true,true,true,1,LABELED,1,22251,2025-06-12T19:24:15.000Z,0,3,LABELED,1,22251,2025-06-12T17:18:15.000000,true,true,true
4930,2025-03-12T00:00:00.000000,22257,2025-03-12T13:39:20.000000,scheduled_visit,35.4,8,2026-04-09T12:02:00.000000,1,true,true,true,true,1,LABELED,1,22257,2025-03-14T01:03:20.000Z,1,3,LABELED,1,22257,2025-03-12T13:39:20.000000,true,true,true
4931,2026-05-22T00:00:00.000000,22264,2026-05-29T18:04:04.000000,scheduled_visit,19,1,2026-05-29T18:04:04.000000,1,true,true,true,true,1,LABELED,1,22264,2026-05-30T13:04:04.000Z,0,1,LABELED,1,22264,2026-05-29T18:04:04.000000,true,true,false
4932,2025-05-13T00:00:00.000000,22265,2025-05-17T18:24:13.000000,accepted,28.9,2,2025-12-26T13:45:00.000000,0,true,true,true,true,0,LABELED,0,,,0,0,LABELED,0,,,true,true,true
4933,2025-10-18T00:00:00.000000,22269,2025-10-19T19:28:58.000000,no_response,14.8,4,2025-11-29T12:30:00.000000,0,true,true,true,true,0,LABELED,0,,,0,1,LABELED,0,,,true,true,true
4934,2025-04-28T00:00:00.000000,22276,2025-05-07T16:25:20.000000,no_response,4.7,7,2026-05-01T08:25:00.000000,0,true,true,true,true,0,LABELED,0,,,0,2,LABELED,0,,,true,true,true
4935,2026-05-08T00:00:00.000000,22282,2026-05-10T17:04:20.000000,no_response,19,6,2026-05-20T20:09:08.000000,0,true,true,true,true,0,LABELED,1,22278,2026-05-18T11:08:01.000Z,0,1,LABELED,1,22278,2026-05-16T16:44:01.000000,true,true,true
4936,2025-08-13T00:00:00.000000,22284,2025-08-18T15:58:09.000000,scheduled_visit,1.7,2,2025-10-17T09:59:00.000000,1,true,true,true,true,1,LABELED,1,22284,2025-08-18T17:40:09.000Z,0,1,LABELED,1,22284,2025-08-18T15:58:09.000000,true,true,true
4937,2025-08-23T00:00:00.000000,22286,2025-08-23T13:53:16.000000,accepted,12.3,7,2026-06-16T20:45:00.000000,0,true,true,true,true,0,LABELED,0,,,0,0,LABELED,0,,,true,true,true
4938,2026-06-24T00:00:00.000000,22296,2026-06-27T09:17:22.000000,accepted,6.2,8,2026-07-03T16:02:21.000000,0,true,true,false,true,0,CENSORED,,,,0,0,CENSORED,,,,false,false,false
4939,2025-09-05T00:00:00.000000,22302,2025-09-18T15:48:12.000000,rejected,14.6,3,2025-11-25T12:44:00.000000,0,true,true,true,true,0,LABELED,0,,,0,0,LABELED,0,,,true,true,true
4940,2025-11-08T00:00:00.000000,22308,2025-11-08T08:00:55.000000,accepted,3,5,2026-06-06T10:34:00.000000,0,true,true,true,true,0,LABELED,0,,,0,0,LABELED,0,,,true,true,true
4941,2025-07-15T00:00:00.000000,22310,2025-07-27T20:45:35.000000,scheduled_visit,19.2,2,2025-11-29T13:22:00.000000,1,true,true,true,true,1,LABELED,1,22310,2025-07-28T15:57:35.000Z,0,2,LABELED,1,22310,2025-07-27T20:45:35.000000,true,true,true
4942,2026-01-15T00:00:00.000000,22316,2026-01-15T20:31:25.000000,scheduled_visit,19.3,7,2026-01-28T09:03:24.000000,1,true,true,true,true,1,LABELED,1,22316,2026-01-16T15:49:25.000Z,0,2,LABELED,1,22316,2026-01-15T20:31:25.000000,true,true,true
4943,2025-07-27T00:00:00.000000,22319,2025-07-30T14:42:34.000000,accepted,9.5,2,2025-08-09T09:51:50.000000,0,true,true,true,true,0,LABELED,0,,,0,0,LABELED,0,,,true,true,true
4944,2025-08-27T00:00:00.000000,22326,2025-08-31T12:58:38.000000,no_response,2.5,7,2026-03-13T19:10:00.000000,0,true,true,true,true,0,LABELED,1,22323,2025-09-06T00:32:29.000Z,0,4,LABELED,1,22323,2025-09-05T15:14:29.000000,true,true,true
4945,2025-07-06T00:00:00.000000,22328,2025-07-06T20:41:53.000000,no_response,5,5,2026-05-08T13:56:00.000000,0,true,true,true,true,0,LABELED,0,,,0,0,LABELED,0,,,true,true,true
4946,2026-01-03T00:00:00.000000,22333,2026-01-04T09:51:46.000000,rejected,60.8,8,2026-05-02T18:15:00.000000,0,true,true,true,true,0,LABELED,1,22339,2026-01-12T17:58:25.000Z,0,1,LABELED,1,22339,2026-01-11T08:22:25.000000,true,true,true
4947,2026-02-18T00:00:00.000000,22346,2026-02-23T09:08:29.000000,accepted,6.3,8,2026-05-31T10:25:00.000000,0,true,true,true,true,0,LABELED,1,22341,2026-03-01T11:53:02.000Z,0,1,LABELED,1,22341,2026-03-01T07:59:02.000000,true,true,true
4948,2026-02-23T00:00:00.000000,22349,2026-02-24T12:07:34.000000,no_response,18.8,4,2026-03-02T14:02:41.000000,0,true,true,true,true,0,LABELED,0,,,0,0,LABELED,0,,,true,true,true
4949,2025-06-02T00:00:00.000000,22357,2025-06-13T08:38:41.000000,scheduled_visit,22,6,2026-06-20T12:45:00.000000,1,true,true,true,true,1,LABELED,1,22357,2025-06-14T06:38:41.000Z,0,2,LABELED,1,22357,2025-06-13T08:38:41.000000,true,true,true
4950,2025-01-04T00:00:00.000000,22358,2025-01-28T10:13:00.000000,no_response,0.5,6,2026-06-12T16:38:00.000000,0,true,true,true,true,0,LABELED,0,,,0,1,LABELED,0,,,true,true,true
4951,2025-05-02T00:00:00.000000,22367,2025-05-06T12:03:30.000000,scheduled_visit,23.2,4,2026-03-07T14:03:00.000000,1,true,true,true,true,1,LABELED,1,22367,2025-05-07T11:15:30.000Z,0,2,LABELED,1,22367,2025-05-06T12:03:30.000000,true,true,true
4952,2025-10-16T00:00:00.000000,22371,2025-10-19T10:54:27.000000,no_response,1,4,2026-06-05T16:48:00.000000,0,true,true,true,true,0,LABELED,0,,,0,0,LABELED,0,,,true,true,true
4953,2026-04-24T00:00:00.000000,22372,2026-04-30T07:18:32.000000,accepted,6.7,1,2026-04-30T07:18:32.000000,0,true,true,true,true,0,LABELED,0,,,0,0,LABELED,0,,,true,true,true
4954,2026-02-09T00:00:00.000000,22374,2026-02-12T20:24:34.000000,scheduled_visit,11,2,2026-02-18T07:51:32.000000,1,true,true,true,true,1,LABELED,1,22374,2026-02-13T07:24:34.000Z,0,1,LABELED,1,22374,2026-02-12T20:24:34.000000,true,true,true
4955,2026-06-19T00:00:00.000000,22375,2026-07-01T11:47:08.000000,no_response,2.5,1,2026-07-01T11:47:08.000000,0,true,false,false,false,,CENSORED,,,,0,0,CENSORED,,,,false,false,false
4956,2025-10-06T00:00:00.000000,22379,2025-10-07T16:17:16.000000,rejected,4.2,4,2025-11-07T17:03:00.000000,0,true,true,true,true,0,LABELED,1,22376,2025-10-17T08:32:53.000Z,0,1,LABELED,1,22376,2025-10-16T12:02:53.000000,true,true,true
4957,2025-10-09T00:00:00.000000,22380,2026-01-10T15:41:00.000000,scheduled_visit,31.7,1,2026-01-10T15:41:00.000000,1,true,true,true,true,1,LABELED,1,22380,2026-01-11T23:23:00.000Z,0,1,LABELED,1,22380,2026-01-10T15:41:00.000000,true,true,true
4958,2025-02-03T00:00:00.000000,22381,2026-03-19T18:35:00.000000,accepted,3.4,1,2026-03-19T18:35:00.000000,0,true,true,true,true,0,LABELED,0,,,0,0,LABELED,0,,,true,true,true
4959,2025-03-30T00:00:00.000000,22384,2025-04-11T15:19:41.000000,scheduled_visit,0.5,3,2026-01-08T13:31:00.000000,1,true,true,true,true,1,LABELED,1,22384,2025-04-11T15:49:41.000Z,0,1,LABELED,1,22384,2025-04-11T15:19:41.000000,true,true,true
4960,2025-10-08T00:00:00.000000,22389,2025-10-09T14:01:02.000000,scheduled_visit,,5,2026-01-19T09:36:00.000000,1,true,true,true,true,1,AMBIGUOUS,,,,1,0,LABELED,1,22389,2025-10-09T14:01:02.000000,true,true,true
4961,2025-02-24T00:00:00.000000,22390,2026-01-06T10:53:00.000000,accepted,32.8,1,2026-01-06T10:53:00.000000,0,true,true,true,true,0,LABELED,0,,,0,0,LABELED,0,,,true,true,true
4962,2025-06-04T00:00:00.000000,22393,2025-06-05T07:32:57.000000,no_response,5.1,6,2026-05-10T13:29:00.000000,0,true,true,true,true,0,LABELED,0,,,0,0,LABELED,0,,,true,true,true
4963,2025-12-01T00:00:00.000000,22397,2025-12-11T13:31:21.000000,accepted,39.3,1,2025-12-11T13:31:21.000000,0,true,true,true,true,0,LABELED,0,,,0,0,LABELED,0,,,true,true,true
4964,2025-09-19T00:00:00.000000,22398,2025-09-24T17:27:52.000000,rejected,4.7,4,2025-10-01T08:25:15.000000,0,true,true,true,true,0,LABELED,1,22399,2025-10-01T14:31:15.000Z,0,1,LABELED,1,22399,2025-10-01T08:25:15.000000,true,true,true
4965,2026-03-03T00:00:00.000000,22409,2026-03-07T15:51:05.000000,accepted,,8,2026-06-08T07:43:00.000000,0,true,true,true,true,0,LABELED,0,,,0,0,LABELED,0,,,true,true,true
4966,2025-12-18T00:00:00.000000,22414,2025-12-19T17:19:42.000000,accepted,14.5,8,2026-06-05T11:48:00.000000,0,true,true,true,true,0,LABELED,1,22415,2025-12-21T00:27:06.000Z,0,2,LABELED,1,22415,2025-12-20T20:39:06.000000,true,true,true
4967,2026-01-26T00:00:00.000000,22418,2026-01-26T08:55:38.000000,accepted,0.5,4,2026-05-11T07:35:00.000000,0,true,true,true,true,0,LABELED,0,,,0,0,LABELED,0,,,true,true,true
4968,2025-08-27T00:00:00.000000,22422,2025-09-06T07:46:59.000000,accepted,3.8,6,2025-11-22T17:45:00.000000,0,true,true,true,true,0,LABELED,1,22427,2025-09-07T06:05:09.000Z,0,2,LABELED,1,22427,2025-09-06T09:17:09.000000,true,true,true
4969,2026-05-04T00:00:00.000000,22430,2026-05-08T11:43:45.000000,accepted,2.8,3,2026-05-14T14:31:42.000000,0,true,true,true,true,0,LABELED,0,,,0,0,LABELED,0,,,true,true,true
4970,2025-05-02T00:00:00.000000,22431,2025-05-11T13:51:10.000000,accepted,19.8,3,2026-04-21T07:04:00.000000,0,true,true,true,true,0,LABELED,0,,,0,0,LABELED,0,,,true,true,true
4971,2025-08-15T00:00:00.000000,22435,2025-08-18T12:36:00.000000,accepted,13.4,4,2026-05-11T07:36:00.000000,0,true,true,true,true,0,LABELED,0,,,0,0,LABELED,0,,,true,true,true
4972,2025-10-02T00:00:00.000000,22439,2025-10-07T10:09:17.000000,accepted,33.3,3,2025-10-08T07:17:29.000000,0,true,true,true,true,0,LABELED,0,,,0,0,LABELED,0,,,true,true,true
4973,2026-05-28T00:00:00.000000,22441,2026-06-05T15:02:21.000000,accepted,2.6,1,2026-06-05T15:02:21.000000,0,true,true,true,true,0,LABELED,0,,,0,0,CENSORED,,,,true,false,false
4974,2025-08-15T00:00:00.000000,22442,2025-08-25T15:07:36.000000,scheduled_visit,0.5,1,2025-08-25T15:07:36.000000,1,true,true,true,true,1,LABELED,1,22442,2025-08-25T15:37:36.000Z,0,1,LABELED,1,22442,2025-08-25T15:07:36.000000,true,true,true
4975,2026-01-08T00:00:00.000000,22447,2026-01-08T09:09:19.000000,rejected,25.6,8,2026-03-16T07:45:00.000000,0,true,true,true,true,0,LABELED,1,22444,2026-01-09T17:29:06.000Z,0,2,LABELED,1,22444,2026-01-09T09:29:06.000000,true,true,true
4976,2025-07-02T00:00:00.000000,22452,2025-07-10T08:02:49.000000,rejected,4.6,4,2025-10-02T18:40:00.000000,0,true,true,true,true,0,LABELED,0,,,0,1,LABELED,0,,,true,true,true
4977,2026-02-13T00:00:00.000000,22455,2026-02-19T15:58:20.000000,accepted,,6,2026-05-19T08:57:00.000000,0,true,true,true,true,0,LABELED,1,22459,2026-02-20T21:49:00.000Z,0,2,LABELED,1,22459,2026-02-20T17:31:00.000000,true,true,true
4978,2025-12-17T00:00:00.000000,22463,2025-12-24T16:15:45.000000,rejected,35.7,3,2025-12-30T13:05:23.000000,0,true,true,true,true,0,LABELED,1,22462,2025-12-27T07:20:48.000Z,0,1,LABELED,1,22462,2025-12-26T08:38:48.000000,true,true,true
4979,2025-12-15T00:00:00.000000,22471,2025-12-16T15:56:46.000000,rejected,,8,2026-06-14T12:04:00.000000,0,true,true,true,true,0,LABELED,0,,,0,2,LABELED,0,,,true,true,true
4980,2025-06-23T00:00:00.000000,22473,2025-06-26T18:29:57.000000,accepted,,5,2026-05-10T11:59:00.000000,0,true,true,true,true,0,LABELED,0,,,0,2,LABELED,0,,,true,true,true
4981,2025-02-14T00:00:00.000000,22478,2025-02-20T10:33:07.000000,accepted,4.5,6,2026-04-26T18:28:00.000000,0,true,true,true,true,0,LABELED,0,,,0,0,LABELED,0,,,true,true,true
4982,2025-10-27T00:00:00.000000,22483,2025-10-30T14:40:34.000000,no_response,19.3,6,2026-04-23T16:03:00.000000,0,true,true,true,true,0,LABELED,0,,,0,1,LABELED,0,,,true,true,true
4983,2026-04-24T00:00:00.000000,22492,2026-04-24T07:59:03.000000,accepted,2.8,6,2026-05-07T09:04:33.000000,0,true,true,true,true,0,LABELED,0,,,0,0,LABELED,0,,,true,true,true
4984,2026-01-12T00:00:00.000000,22496,2026-01-15T17:46:13.000000,no_response,2.1,4,2026-06-17T19:40:00.000000,0,true,true,true,true,0,LABELED,0,,,0,0,LABELED,0,,,true,true,true
4985,2025-05-26T00:00:00.000000,22504,2025-05-31T12:08:16.000000,accepted,7.6,6,2025-09-12T16:34:00.000000,0,true,true,true,true,0,LABELED,0,,,0,0,LABELED,0,,,true,true,true
4986,2025-08-11T00:00:00.000000,22505,2025-08-15T11:11:03.000000,accepted,5.3,5,2026-06-04T18:29:00.000000,0,true,true,true,true,0,LABELED,0,,,0,0,LABELED,0,,,true,true,true
4987,2025-02-23T00:00:00.000000,22511,2025-05-09T17:08:00.000000,no_response,1,2,2026-01-01T08:07:00.000000,0,true,true,true,true,0,LABELED,0,,,0,0,LABELED,0,,,true,true,true
4988,2025-05-15T00:00:00.000000,22516,2025-05-19T11:39:27.000000,scheduled_visit,,7,2026-05-02T11:11:00.000000,1,true,true,true,true,1,LABELED,1,22518,2025-05-23T09:59:34.000Z,1,2,LABELED,1,22516,2025-05-19T11:39:27.000000,true,true,true
4989,2026-05-11T00:00:00.000000,22521,2026-05-11T17:09:23.000000,accepted,13.4,8,2026-06-05T19:14:00.000000,0,true,true,true,true,0,LABELED,1,22523,2026-05-23T19:15:55.000Z,0,1,LABELED,1,22523,2026-05-21T13:39:55.000000,true,true,true
4990,2026-01-05T00:00:00.000000,22531,2026-01-06T13:14:46.000000,no_response,1,6,2026-01-23T12:36:00.000000,0,true,true,true,true,0,LABELED,1,22529,2026-01-08T21:10:14.000Z,1,1,LABELED,1,22529,2026-01-07T17:04:14.000000,true,true,true
4991,2025-05-31T00:00:00.000000,22533,2025-06-09T09:07:48.000000,accepted,8.4,1,2025-06-09T09:07:48.000000,0,true,true,true,true,0,LABELED,0,,,0,0,LABELED,0,,,true,true,true
4992,2025-08-16T00:00:00.000000,22535,2025-08-16T18:53:56.000000,accepted,9,4,2025-10-05T08:56:00.000000,0,true,true,true,true,0,LABELED,0,,,0,0,LABELED,0,,,true,true,true
4993,2026-06-24T00:00:00.000000,22544,2026-06-24T19:37:51.000000,accepted,,7,2026-07-05T08:11:23.000000,0,true,true,false,true,0,CENSORED,,,,0,0,CENSORED,,,,false,false,false
4994,2025-08-27T00:00:00.000000,22545,2026-06-16T20:58:00.000000,scheduled_visit,,1,2026-06-16T20:58:00.000000,1,true,true,false,true,1,CENSORED,,,,0,0,CENSORED,,,,false,false,false
4995,2026-04-14T00:00:00.000000,22549,2026-04-19T09:56:33.000000,accepted,9.2,4,2026-04-27T17:35:32.000000,0,true,true,true,true,0,LABELED,1,22547,2026-04-25T13:32:39.000Z,0,1,LABELED,1,22547,2026-04-24T14:50:39.000000,true,true,true
4996,2025-04-21T00:00:00.000000,22550,2026-06-01T12:58:00.000000,accepted,,1,2026-06-01T12:58:00.000000,0,true,true,true,true,0,LABELED,0,,,0,0,CENSORED,,,,true,false,false
4997,2025-12-29T00:00:00.000000,22557,2025-12-29T15:13:46.000000,scheduled_visit,2.9,7,2026-06-12T14:53:00.000000,1,true,true,true,true,1,LABELED,1,22557,2025-12-29T18:07:46.000Z,0,2,LABELED,1,22557,2025-12-29T15:13:46.000000,true,true,true
4998,2025-08-15T00:00:00.000000,22564,2025-08-15T15:05:13.000000,accepted,0.9,7,2026-05-25T14:25:00.000000,0,true,true,true,true,0,LABELED,0,,,0,0,LABELED,0,,,true,true,true
4999,2026-05-01T00:00:00.000000,22566,2026-05-01T13:29:09.000000,scheduled_visit,15.7,5,2026-05-11T19:42:15.000000,1,true,true,true,true,1,LABELED,1,22566,2026-05-02T05:11:09.000Z,0,2,LABELED,1,22566,2026-05-01T13:29:09.000000,true,true,true
5000,2026-04-07T00:00:00.000000,22570,2026-04-07T17:29:06.000000,accepted,24.5,7,2026-04-18T07:20:02.000000,0,true,true,true,true,0,LABELED,1,22572,2026-04-09T20:06:59.000Z,0,2,LABELED,1,22572,2026-04-09T15:12:59.000000,true,true,true
