prediction_key,lead_id,stage,score_time,n_candidates,n_corridor,n_municipality,n_state,n_observed_override
L3615:T1:I16388,3615,T1,2025-05-03T19:20:42.000Z,10,9,0,0,1
L3615:T2:I16386,3615,T2,2025-05-09T19:33:04.000Z,11,10,0,0,1
L3615:T2:I16393,3615,T2,2025-05-13T08:20:06.000Z,11,10,0,0,1
L3615:T2:I16392,3615,T2,2025-07-23T07:41:00.000Z,15,14,0,0,1
L3615:T2:I16391,3615,T2,2025-08-31T07:29:00.000Z,16,15,0,0,1
L3615:T2:I16390,3615,T2,2026-05-11T11:17:00.000Z,36,35,0,0,1
L3615:T2:I16389,3615,T2,2026-05-30T09:39:00.000Z,36,35,0,0,1
L3615:T2:I16387,3615,T2,2026-06-24T10:38:00.000Z,38,37,0,0,1
L3616:T0,3616,T0,2025-01-21T00:00:00.000Z,7,7,0,0,0
L3616:T1:I16394,3616,T1,2025-10-02T16:29:00.000Z,17,16,0,0,1
L3616:T2:I16395,3616,T2,2025-10-09T13:52:00.000Z,17,16,0,0,1
L3616:T2:I16396,3616,T2,2025-12-09T16:10:00.000Z,18,17,0,0,1
L3617:T0,3617,T0,2025-08-11T00:00:00.000Z,37,22,0,15,0
L3617:T1:I16397,3617,T1,2025-08-20T08:34:44.000Z,38,23,0,15,0
L3618:T0,3618,T0,2026-03-23T00:00:00.000Z,65,35,0,30,0
L3618:T1:I16400,3618,T1,2026-03-23T15:02:06.000Z,66,35,0,30,1
L3618:T2:I16399,3618,T2,2026-03-23T17:14:44.000Z,66,35,0,30,1
L3618:T2:I16398,3618,T2,2026-03-24T08:35:28.000Z,65,35,0,30,0
L3618:T2:I16401,3618,T2,2026-03-31T15:59:12.000Z,66,35,0,31,0
L3619:T0,3619,T0,2025-08-21T00:00:00.000Z,17,17,0,0,0
L3619:T1:I16405,3619,T1,2025-08-26T20:06:13.000Z,17,17,0,0,0
L3619:T2:I16404,3619,T2,2025-08-27T10:23:56.000Z,18,17,0,0,1
L3619:T2:I16403,3619,T2,2025-09-01T12:38:30.000Z,18,17,0,0,1
L3619:T2:I16406,3619,T2,2025-10-08T18:24:00.000Z,18,17,0,0,1
L3619:T2:I16402,3619,T2,2026-02-02T16:28:00.000Z,22,21,0,0,1
L3620:T0,3620,T0,2025-07-21T00:00:00.000Z,33,20,0,13,0
L3620:T1:I16408,3620,T1,2025-07-21T13:35:02.000Z,34,20,0,13,1
L3620:T2:I16410,3620,T2,2025-07-30T19:03:53.000Z,35,20,0,15,0
L3620:T2:I16411,3620,T2,2025-07-31T11:22:36.000Z,36,20,0,15,1
L3620:T2:I16413,3620,T2,2025-10-30T07:09:00.000Z,42,23,0,18,1
L3620:T2:I16407,3620,T2,2026-01-16T07:50:00.000Z,47,26,0,20,1
L3620:T2:I16412,3620,T2,2026-02-10T17:57:00.000Z,50,28,0,21,1
L3620:T2:I16409,3620,T2,2026-03-27T08:37:00.000Z,54,28,0,25,1
L3620:T2:I16414,3620,T2,2026-04-20T14:24:00.000Z,55,28,0,26,1
L3621:T0,3621,T0,2025-08-05T00:00:00.000Z,66,23,0,43,0
L3621:T1:I16415,3621,T1,2025-08-17T20:42:26.000Z,73,24,0,48,1
L3622:T0,3622,T0,2025-12-21T00:00:00.000Z,20,20,0,0,0
L3622:T1:I16418,3622,T1,2025-12-21T17:30:19.000Z,21,20,0,0,1
L3622:T2:I16417,3622,T2,2025-12-28T16:00:20.000Z,21,20,0,0,1
L3622:T2:I16419,3622,T2,2025-12-28T17:17:29.000Z,21,20,0,0,1
L3622:T2:I16416,3622,T2,2026-04-23T19:27:00.000Z,26,25,0,0,1
L3623:T0,3623,T0,2025-02-21T00:00:00.000Z,7,7,0,0,0
L3623:T1:I16420,3623,T1,2025-04-22T20:20:00.000Z,10,9,0,0,1
L3623:T2:I16421,3623,T2,2025-08-21T19:36:00.000Z,15,14,0,0,1
L3624:T0,3624,T0,2026-04-09T00:00:00.000Z,76,25,0,51,0
L3624:T1:I16424,3624,T1,2026-04-12T20:06:27.000Z,76,25,0,51,0
L3624:T2:I16425,3624,T2,2026-04-15T07:29:13.000Z,77,25,0,51,1
L3624:T2:I16422,3624,T2,2026-04-16T19:24:11.000Z,76,25,0,51,0
L3624:T2:I16423,3624,T2,2026-04-22T09:17:02.000Z,81,25,0,55,1
L3625:T0,3625,T0,2025-08-15T00:00:00.000Z,62,20,0,42,0
L3625:T1:I16433,3625,T1,2025-08-16T12:36:50.000Z,62,20,0,42,0
L3625:T2:I16429,3625,T2,2025-08-17T14:49:00.000Z,63,20,0,42,1
L3625:T2:I16432,3625,T2,2025-08-19T15:41:59.000Z,63,20,0,42,1
L3625:T2:I16431,3625,T2,2025-08-25T08:19:43.000Z,63,20,0,42,1
L3625:T2:I16430,3625,T2,2025-08-25T16:44:00.000Z,63,20,0,42,1
L3625:T2:I16426,3625,T2,2026-03-20T10:00:00.000Z,99,32,0,67,0
L3625:T2:I16428,3625,T2,2026-04-13T19:44:00.000Z,104,34,0,69,1
L3625:T2:I16427,3625,T2,2026-06-14T16:51:00.000Z,108,35,0,72,1
L3626:T0,3626,T0,2025-12-22T00:00:00.000Z,74,35,0,39,0
L3626:T1:I16438,3626,T1,2025-12-25T15:28:03.000Z,75,35,0,39,1
L3626:T2:I16435,3626,T2,2025-12-29T16:47:34.000Z,75,35,0,39,1
L3626:T2:I16437,3626,T2,2025-12-30T16:02:26.000Z,76,36,0,39,1
L3626:T2:I16434,3626,T2,2025-12-31T10:34:06.000Z,76,36,0,39,1
L3626:T2:I16436,3626,T2,2026-01-04T09:31:20.000Z,76,36,0,39,1
L3627:T0,3627,T0,2025-03-24T00:00:00.000Z,15,15,0,0,0
L3627:T1:I16443,3627,T1,2025-03-29T14:31:34.000Z,16,15,0,0,1
L3627:T2:I16440,3627,T2,2025-04-03T17:20:18.000Z,16,15,0,0,1
L3627:T2:I16439,3627,T2,2025-07-18T17:20:00.000Z,19,18,0,0,1
L3627:T2:I16441,3627,T2,2025-11-25T17:33:00.000Z,23,22,0,0,1
L3627:T2:I16442,3627,T2,2025-12-08T13:41:00.000Z,24,23,0,0,1
L3628:T0,3628,T0,2026-05-28T00:00:00.000Z,29,29,0,0,0
L3628:T1:I16444,3628,T1,2026-05-31T15:31:51.000Z,29,29,0,0,0
L3628:T2:I16445,3628,T2,2026-06-03T09:36:09.000Z,30,29,0,0,1
L3628:T2:I16446,3628,T2,2026-06-05T08:22:12.000Z,30,29,0,0,1
L3628:T2:I16447,3628,T2,2026-06-06T07:24:26.000Z,30,29,0,0,1
L3629:T0,3629,T0,2025-12-08T00:00:00.000Z,54,30,0,24,0
L3629:T1:I16451,3629,T1,2025-12-08T10:40:19.000Z,55,30,0,24,1
L3629:T2:I16450,3629,T2,2025-12-10T19:36:59.000Z,54,30,0,24,0
L3629:T2:I16448,3629,T2,2026-02-24T07:04:00.000Z,64,35,0,28,1
L3629:T2:I16449,3629,T2,2026-06-14T18:37:00.000Z,78,43,0,34,1
L3630:T0,3630,T0,2025-04-11T00:00:00.000Z,42,18,0,24,0
L3630:T1:I16452,3630,T1,2025-04-11T20:49:29.000Z,43,18,0,24,1
L3630:T2:I16454,3630,T2,2025-04-16T17:25:47.000Z,43,18,0,24,1
L3630:T2:I16453,3630,T2,2026-04-09T20:05:00.000Z,87,32,0,54,1
L3631:T0,3631,T0,2026-05-10T00:00:00.000Z,30,30,0,0,0
L3631:T1:I16461,3631,T1,2026-05-10T17:22:20.000Z,31,30,0,0,1
L3631:T2:I16456,3631,T2,2026-05-12T18:23:35.000Z,31,30,0,0,1
L3631:T2:I16462,3631,T2,2026-05-14T10:20:58.000Z,31,30,0,0,1
L3631:T2:I16459,3631,T2,2026-05-14T19:44:00.000Z,31,30,0,0,1
L3631:T2:I16457,3631,T2,2026-05-15T11:33:39.000Z,31,30,0,0,1
L3631:T2:I16460,3631,T2,2026-05-16T09:24:12.000Z,31,30,0,0,1
L3631:T2:I16455,3631,T2,2026-05-17T15:52:23.000Z,30,30,0,0,0
L3631:T2:I16458,3631,T2,2026-05-23T10:34:07.000Z,31,30,0,0,1
L3632:T0,3632,T0,2025-11-05T00:00:00.000Z,54,17,0,37,0
L3632:T1:I16468,3632,T1,2025-11-08T09:22:31.000Z,55,17,0,37,1
L3632:T2:I16466,3632,T2,2025-11-08T12:25:17.000Z,55,17,0,37,1
L3632:T2:I16469,3632,T2,2025-11-10T20:36:59.000Z,55,17,0,37,1
L3632:T2:I16463,3632,T2,2025-11-17T14:50:56.000Z,56,17,0,38,1
L3632:T2:I16464,3632,T2,2026-01-19T08:30:00.000Z,67,22,0,44,1
L3632:T2:I16470,3632,T2,2026-02-25T14:24:00.000Z,72,24,0,47,1
L3632:T2:I16465,3632,T2,2026-04-19T15:32:00.000Z,78,25,0,52,1
L3632:T2:I16467,3632,T2,2026-06-02T18:15:00.000Z,85,28,0,56,1
L3633:T0,3633,T0,2026-02-10T00:00:00.000Z,38,38,0,0,0
L3633:T1:I16471,3633,T1,2026-02-14T15:34:01.000Z,39,38,0,0,1
L3634:T0,3634,T0,2026-03-02T00:00:00.000Z,64,29,0,35,0
L3634:T1:I16472,3634,T1,2026-03-06T15:01:54.000Z,65,29,0,36,0
L3634:T2:I16474,3634,T2,2026-03-08T19:29:14.000Z,66,29,0,36,1
L3634:T2:I16473,3634,T2,2026-03-11T12:23:00.000Z,66,29,0,36,1
L3635:T0,3635,T0,2025-08-30T00:00:00.000Z,13,13,0,0,0
L3635:T1:I16481,3635,T1,2025-09-05T16:02:49.000Z,14,13,0,0,1
L3635:T2:I16479,3635,T2,2025-09-06T07:58:44.000Z,14,13,0,0,1
L3635:T2:I16475,3635,T2,2025-09-09T19:04:38.000Z,14,13,0,0,1
L3635:T2:I16480,3635,T2,2025-09-11T18:29:04.000Z,14,13,0,0,1
L3635:T2:I16478,3635,T2,2025-12-26T18:42:00.000Z,17,16,0,0,1
L3635:T2:I16482,3635,T2,2026-04-09T15:44:00.000Z,18,17,0,0,1
L3635:T2:I16477,3635,T2,2026-04-21T09:57:00.000Z,18,17,0,0,1
L3635:T2:I16476,3635,T2,2026-06-29T11:32:00.000Z,20,19,0,0,1
L3636:T0,3636,T0,2025-06-30T00:00:00.000Z,10,10,0,0,0
L3636:T1:I16483,3636,T1,2025-06-30T19:19:02.000Z,11,10,0,0,1
L3636:T2:I16486,3636,T2,2025-07-01T19:26:07.000Z,10,10,0,0,0
L3636:T2:I16487,3636,T2,2025-07-02T15:20:36.000Z,11,10,0,0,1
L3636:T2:I16488,3636,T2,2025-07-10T12:42:02.000Z,10,10,0,0,0
L3636:T2:I16489,3636,T2,2025-08-12T20:55:00.000Z,12,11,0,0,1
L3636:T2:I16485,3636,T2,2026-01-02T17:20:00.000Z,18,17,0,0,1
L3636:T2:I16484,3636,T2,2026-02-02T17:12:00.000Z,19,18,0,0,1
L3637:T0,3637,T0,2025-09-16T00:00:00.000Z,58,24,0,34,0
L3637:T1:I16492,3637,T1,2025-09-26T18:15:44.000Z,59,24,0,34,1
L3637:T2:I16490,3637,T2,2026-03-18T13:56:00.000Z,85,31,0,53,1
L3637:T2:I16491,3637,T2,2026-04-11T10:14:00.000Z,87,32,0,54,1
L3638:T0,3638,T0,2026-04-09T00:00:00.000Z,43,20,0,23,0
L3638:T1:I16500,3638,T1,2026-04-11T12:52:05.000Z,44,20,0,23,1
L3638:T2:I16497,3638,T2,2026-04-11T14:59:50.000Z,44,20,0,23,1
L3638:T2:I16494,3638,T2,2026-04-14T08:46:37.000Z,44,20,0,23,1
L3638:T2:I16498,3638,T2,2026-04-16T19:15:57.000Z,44,20,0,23,1
L3638:T2:I16496,3638,T2,2026-04-17T18:14:09.000Z,43,20,0,23,0
L3638:T2:I16499,3638,T2,2026-04-20T18:49:46.000Z,44,20,0,23,1
L3638:T2:I16493,3638,T2,2026-04-21T20:01:44.000Z,44,20,0,23,1
L3638:T2:I16495,3638,T2,2026-04-22T09:25:51.000Z,44,20,0,23,1
L3639:T0,3639,T0,2025-11-28T00:00:00.000Z,40,23,0,17,0
L3639:T1:I16501,3639,T1,2025-12-09T12:35:23.000Z,40,23,0,17,0
L3639:T2:I16502,3639,T2,2026-06-25T11:51:00.000Z,54,27,0,26,1
L3640:T0,3640,T0,2025-01-28T00:00:00.000Z,20,12,0,8,0
L3640:T1:I16508,3640,T1,2025-01-31T20:39:02.000Z,21,12,0,8,1
L3640:T2:I16506,3640,T2,2025-02-03T11:57:01.000Z,21,12,0,8,1
L3640:T2:I16507,3640,T2,2025-02-06T12:55:20.000Z,21,12,0,8,1
L3640:T2:I16505,3640,T2,2025-03-09T13:04:00.000Z,21,12,0,8,1
L3640:T2:I16503,3640,T2,2025-05-09T08:50:00.000Z,26,16,0,10,0
L3640:T2:I16504,3640,T2,2025-08-19T18:39:00.000Z,33,19,0,13,1
L3640:T2:I16509,3640,T2,2025-12-11T20:27:00.000Z,39,23,0,16,0
L3640:T2:I16510,3640,T2,2026-02-28T17:41:00.000Z,47,26,0,20,1
L3641:T0,3641,T0,2026-06-02T00:00:00.000Z,74,38,0,36,0
L3641:T1:I16514,3641,T1,2026-06-02T15:28:24.000Z,74,38,0,36,0
L3641:T2:I16513,3641,T2,2026-06-10T12:41:29.000Z,77,40,0,36,1
L3641:T2:I16511,3641,T2,2026-06-10T14:32:11.000Z,77,40,0,36,1
L3641:T2:I16512,3641,T2,2026-06-14T08:42:28.000Z,78,41,0,36,1
L3642:T0,3642,T0,2025-08-26T00:00:00.000Z,54,30,24,0,0
L3642:T1:I16515,3642,T1,2025-09-03T17:00:36.000Z,54,30,24,0,0
L3643:T0,3643,T0,2026-06-05T00:00:00.000Z,42,42,0,0,0
L3643:T1:I16519,3643,T1,2026-06-07T07:38:11.000Z,43,42,0,0,1
L3643:T2:I16517,3643,T2,2026-06-15T11:45:58.000Z,43,42,0,0,1
L3643:T2:I16516,3643,T2,2026-06-15T16:34:07.000Z,43,42,0,0,1
L3643:T2:I16518,3643,T2,2026-06-15T20:52:15.000Z,43,42,0,0,1
L3644:T0,3644,T0,2025-01-26T00:00:00.000Z,31,11,0,20,0
L3644:T1:I16524,3644,T1,2025-02-02T15:13:40.000Z,33,11,0,21,1
L3644:T2:I16520,3644,T2,2025-02-05T18:29:27.000Z,33,11,0,21,1
L3644:T2:I16521,3644,T2,2025-05-15T14:19:00.000Z,46,13,0,32,1
L3644:T2:I16523,3644,T2,2025-06-21T08:21:00.000Z,53,15,0,37,1
L3644:T2:I16522,3644,T2,2026-04-05T19:59:00.000Z,101,29,0,71,1
L3645:T0,3645,T0,2026-01-22T00:00:00.000Z,58,26,0,32,0
L3645:T1:I16529,3645,T1,2026-01-26T07:57:24.000Z,59,26,0,32,1
L3645:T2:I16526,3645,T2,2026-01-26T18:09:58.000Z,59,26,0,32,1
L3645:T2:I16527,3645,T2,2026-01-29T17:46:13.000Z,60,27,0,32,1
L3645:T2:I16530,3645,T2,2026-01-29T18:29:32.000Z,60,27,0,32,1
L3645:T2:I16528,3645,T2,2026-01-31T14:38:01.000Z,60,27,0,32,1
L3645:T2:I16531,3645,T2,2026-02-01T10:25:34.000Z,61,27,0,33,1
L3645:T2:I16525,3645,T2,2026-02-01T11:42:14.000Z,61,27,0,33,1
L3646:T0,3646,T0,2025-01-16T00:00:00.000Z,9,9,0,0,0
L3646:T1:I16532,3646,T1,2025-01-18T16:10:04.000Z,10,9,0,0,1
L3646:T2:I16535,3646,T2,2025-01-25T14:35:21.000Z,11,10,0,0,1
L3646:T2:I16536,3646,T2,2025-01-27T09:37:47.000Z,11,10,0,0,1
L3646:T2:I16533,3646,T2,2025-02-11T20:34:00.000Z,12,11,0,0,1
L3646:T2:I16538,3646,T2,2025-06-30T18:08:00.000Z,21,20,0,0,1
L3646:T2:I16537,3646,T2,2025-10-04T14:44:00.000Z,26,25,0,0,1
L3646:T2:I16534,3646,T2,2026-02-09T13:27:00.000Z,29,28,0,0,1
L3647:T0,3647,T0,2025-08-28T00:00:00.000Z,42,20,0,22,0
L3647:T1:I16543,3647,T1,2025-08-28T18:28:23.000Z,43,20,0,22,1
L3647:T2:I16541,3647,T2,2025-08-31T07:17:47.000Z,43,20,0,22,1
L3647:T2:I16542,3647,T2,2025-09-09T12:10:58.000Z,44,20,0,23,1
L3647:T2:I16544,3647,T2,2025-11-01T07:59:00.000Z,51,23,0,27,1
L3647:T2:I16545,3647,T2,2025-12-08T07:52:00.000Z,52,24,0,27,1
L3647:T2:I16539,3647,T2,2025-12-15T19:34:00.000Z,52,24,0,27,1
L3647:T2:I16540,3647,T2,2026-03-09T10:15:00.000Z,58,29,0,29,0
L3648:T0,3648,T0,2026-02-25T00:00:00.000Z,43,20,23,0,0
L3648:T1:I16550,3648,T1,2026-02-25T07:19:57.000Z,44,20,23,0,1
L3648:T2:I16546,3648,T2,2026-02-26T12:21:49.000Z,44,20,23,0,1
L3648:T2:I16551,3648,T2,2026-02-28T07:13:32.000Z,44,20,23,0,1
L3648:T2:I16549,3648,T2,2026-02-28T07:34:29.000Z,44,20,23,0,1
L3648:T2:I16547,3648,T2,2026-02-28T14:58:44.000Z,44,20,23,0,1
L3648:T2:I16553,3648,T2,2026-03-01T18:44:23.000Z,44,20,23,0,1
L3648:T2:I16548,3648,T2,2026-03-02T15:00:07.000Z,44,20,23,0,1
L3648:T2:I16552,3648,T2,2026-03-05T09:47:35.000Z,44,20,23,0,1
L3649:T0,3649,T0,2025-05-01T00:00:00.000Z,18,18,0,0,0
L3649:T1:I16554,3649,T1,2026-04-12T10:32:00.000Z,34,33,0,0,1
L3650:T0,3650,T0,2025-02-08T00:00:00.000Z,6,0,6,0,0
L3650:T1:I16555,3650,T1,2025-03-08T09:32:00.000Z,9,0,8,0,1
L3650:T2:I16556,3650,T2,2025-11-08T09:08:00.000Z,18,0,17,0,1
L3650:T2:I16557,3650,T2,2025-11-14T07:49:00.000Z,18,0,17,0,1
L3651:T0,3651,T0,2025-04-03T00:00:00.000Z,18,6,12,0,0
L3651:T1:I16558,3651,T1,2025-05-11T08:57:00.000Z,21,7,13,0,1
L3651:T2:I16560,3651,T2,2025-07-06T11:41:00.000Z,25,9,15,0,1
L3651:T2:I16559,3651,T2,2026-05-02T15:14:00.000Z,51,23,27,0,1
L3651:T2:I16561,3651,T2,2026-05-12T07:38:00.000Z,51,23,27,0,1
L3652:T0,3652,T0,2025-04-30T00:00:00.000Z,14,14,0,0,0
L3652:T1:I16562,3652,T1,2025-10-14T19:16:00.000Z,17,16,0,0,1
L3653:T0,3653,T0,2025-01-06T00:00:00.000Z,30,8,0,22,0
L3653:T1:I16563,3653,T1,2025-01-15T11:26:11.000Z,33,10,0,22,1
L3653:T2:I16564,3653,T2,2026-06-13T11:51:00.000Z,137,50,0,86,1
L3654:T0,3654,T0,2026-06-07T00:00:00.000Z,82,29,0,53,0
L3654:T1:I16565,3654,T1,2026-06-12T07:03:47.000Z,85,29,0,56,0
L3655:T0,3655,T0,2025-07-18T00:00:00.000Z,14,8,0,6,0
L3655:T1:I16573,3655,T1,2025-07-20T10:46:24.000Z,16,8,0,7,1
L3655:T2:I16571,3655,T2,2025-07-21T17:51:50.000Z,16,8,0,7,1
L3655:T2:I16570,3655,T2,2025-07-25T20:00:31.000Z,16,8,0,7,1
L3655:T2:I16572,3655,T2,2025-07-28T13:41:05.000Z,17,9,0,7,1
L3655:T2:I16568,3655,T2,2025-07-31T12:34:40.000Z,17,9,0,7,1
L3655:T2:I16566,3655,T2,2025-11-28T10:58:00.000Z,26,12,0,13,1
L3655:T2:I16569,3655,T2,2026-05-11T10:49:00.000Z,35,15,0,19,1
L3655:T2:I16567,3655,T2,2026-06-12T15:12:00.000Z,36,15,0,20,1
L3656:T0,3656,T0,2025-11-28T00:00:00.000Z,40,24,0,16,0
L3656:T1:I16575,3656,T1,2025-12-04T12:52:17.000Z,41,24,0,16,1
L3656:T2:I16574,3656,T2,2025-12-05T17:08:31.000Z,41,24,0,16,1
L3657:T0,3657,T0,2025-02-03T00:00:00.000Z,23,8,0,15,0
L3657:T1:I16577,3657,T1,2025-12-05T16:51:00.000Z,41,17,0,23,1
L3657:T2:I16576,3657,T2,2026-02-15T14:34:00.000Z,45,21,0,24,0
L3658:T0,3658,T0,2026-04-10T00:00:00.000Z,57,32,0,25,0
L3658:T1:I16579,3658,T1,2026-04-12T10:31:41.000Z,59,33,0,25,1
L3658:T2:I16578,3658,T2,2026-04-21T08:04:43.000Z,59,33,0,25,1
L3659:T0,3659,T0,2026-01-14T00:00:00.000Z,30,30,0,0,0
L3659:T1:I16586,3659,T1,2026-01-14T11:18:12.000Z,31,30,0,0,1
L3659:T2:I16584,3659,T2,2026-01-17T12:42:43.000Z,31,30,0,0,1
L3659:T2:I16585,3659,T2,2026-01-18T17:39:53.000Z,31,30,0,0,1
L3659:T2:I16580,3659,T2,2026-01-20T20:57:27.000Z,31,30,0,0,1
L3659:T2:I16581,3659,T2,2026-01-22T17:07:29.000Z,31,30,0,0,1
L3659:T2:I16587,3659,T2,2026-01-22T19:20:36.000Z,31,30,0,0,1
L3659:T2:I16583,3659,T2,2026-03-30T16:56:00.000Z,32,31,0,0,1
L3659:T2:I16582,3659,T2,2026-04-11T10:19:00.000Z,35,34,0,0,1
L3660:T0,3660,T0,2025-10-17T00:00:00.000Z,43,20,0,23,0
L3660:T1:I16589,3660,T1,2025-10-17T20:59:15.000Z,44,20,0,23,1
L3660:T2:I16591,3660,T2,2025-10-18T18:21:57.000Z,44,20,0,23,1
L3660:T2:I16590,3660,T2,2025-10-20T09:51:46.000Z,44,20,0,23,1
L3660:T2:I16594,3660,T2,2025-10-26T07:59:06.000Z,44,20,0,23,1
L3660:T2:I16595,3660,T2,2025-10-27T20:07:38.000Z,44,20,0,23,1
L3660:T2:I16588,3660,T2,2025-11-07T19:08:00.000Z,44,20,0,23,1
L3660:T2:I16593,3660,T2,2026-02-15T18:27:00.000Z,54,26,0,27,1
L3660:T2:I16592,3660,T2,2026-05-18T16:20:00.000Z,62,32,0,29,1
L3661:T0,3661,T0,2025-03-21T00:00:00.000Z,15,15,0,0,0
L3661:T1:I16596,3661,T1,2026-04-09T15:03:00.000Z,36,35,0,0,1
L3662:T0,3662,T0,2025-08-29T00:00:00.000Z,37,23,0,14,0
L3662:T1:I16599,3662,T1,2025-08-30T14:15:43.000Z,39,23,0,15,1
L3662:T2:I16598,3662,T2,2025-08-31T18:51:42.000Z,39,23,0,15,1
L3662:T2:I16601,3662,T2,2025-09-06T11:13:41.000Z,39,23,0,15,1
L3662:T2:I16600,3662,T2,2025-09-11T19:37:09.000Z,39,23,0,15,1
L3662:T2:I16597,3662,T2,2025-09-18T14:32:00.000Z,39,23,0,15,1
L3663:T0,3663,T0,2026-03-19T00:00:00.000Z,21,21,0,0,0
L3663:T1:I16603,3663,T1,2026-03-23T17:40:22.000Z,22,21,0,0,1
L3663:T2:I16605,3663,T2,2026-03-23T18:26:44.000Z,22,21,0,0,1
L3663:T2:I16609,3663,T2,2026-03-24T17:25:15.000Z,22,21,0,0,1
L3663:T2:I16608,3663,T2,2026-03-26T20:07:23.000Z,22,21,0,0,1
L3663:T2:I16607,3663,T2,2026-03-28T08:58:18.000Z,23,22,0,0,1
L3663:T2:I16604,3663,T2,2026-03-28T17:49:53.000Z,22,22,0,0,0
L3663:T2:I16602,3663,T2,2026-03-31T08:33:06.000Z,23,22,0,0,1
L3663:T2:I16606,3663,T2,2026-05-22T07:05:00.000Z,27,27,0,0,0
L3664:T0,3664,T0,2025-12-15T00:00:00.000Z,40,16,0,24,0
L3664:T1:I16613,3664,T1,2025-12-20T10:56:41.000Z,40,16,0,24,0
L3664:T2:I16612,3664,T2,2025-12-21T20:56:57.000Z,41,16,0,24,1
L3664:T2:I16615,3664,T2,2025-12-25T15:07:33.000Z,42,17,0,24,1
L3664:T2:I16611,3664,T2,2025-12-26T10:49:54.000Z,42,17,0,24,1
L3664:T2:I16614,3664,T2,2025-12-27T13:38:30.000Z,42,17,0,24,1
L3664:T2:I16610,3664,T2,2025-12-28T07:28:30.000Z,42,17,0,24,1
L3664:T2:I16616,3664,T2,2025-12-28T14:08:30.000Z,41,17,0,24,0
L3665:T0,3665,T0,2025-06-14T00:00:00.000Z,51,21,0,30,0
L3665:T1:I16618,3665,T1,2025-06-15T17:04:31.000Z,52,21,0,30,1
L3665:T2:I16619,3665,T2,2025-06-23T20:48:17.000Z,52,21,0,31,0
L3665:T2:I16620,3665,T2,2026-01-01T16:05:00.000Z,87,36,0,50,1
L3665:T2:I16617,3665,T2,2026-01-12T11:47:00.000Z,87,36,0,50,1
L3666:T0,3666,T0,2025-03-15T00:00:00.000Z,10,10,0,0,0
L3666:T1:I16621,3666,T1,2026-02-12T10:17:00.000Z,18,17,0,0,1
L3667:T0,3667,T0,2026-04-14T00:00:00.000Z,48,21,0,27,0
L3667:T1:I16622,3667,T1,2026-04-19T17:26:36.000Z,49,21,0,27,1
L3667:T2:I16623,3667,T2,2026-04-19T18:40:50.000Z,49,21,0,27,1
L3668:T0,3668,T0,2026-05-16T00:00:00.000Z,10,10,0,0,0
L3668:T1:I16626,3668,T1,2026-05-18T20:27:12.000Z,12,11,0,0,1
L3668:T2:I16625,3668,T2,2026-05-26T09:09:32.000Z,12,11,0,0,1
L3668:T2:I16624,3668,T2,2026-05-29T20:33:56.000Z,12,11,0,0,1
L3669:T0,3669,T0,2025-01-09T00:00:00.000Z,4,4,0,0,0
L3669:T1:I16631,3669,T1,2025-01-15T11:32:42.000Z,5,4,0,0,1
L3669:T2:I16629,3669,T2,2025-07-08T07:10:00.000Z,11,10,0,0,1
L3669:T2:I16630,3669,T2,2025-08-16T12:05:00.000Z,12,11,0,0,1
L3669:T2:I16627,3669,T2,2026-02-14T18:31:00.000Z,20,19,0,0,1
L3669:T2:I16628,3669,T2,2026-04-11T20:13:00.000Z,21,20,0,0,1
L3670:T0,3670,T0,2025-04-05T00:00:00.000Z,7,7,0,0,0
L3670:T1:I16634,3670,T1,2025-04-08T17:08:24.000Z,8,7,0,0,1
L3670:T2:I16632,3670,T2,2025-04-09T19:21:21.000Z,8,7,0,0,1
L3670:T2:I16633,3670,T2,2025-11-23T20:00:00.000Z,20,19,0,0,1
L3671:T0,3671,T0,2025-02-26T00:00:00.000Z,5,5,0,0,0
L3671:T1:I16638,3671,T1,2025-02-26T16:50:36.000Z,6,5,0,0,1
L3671:T2:I16637,3671,T2,2025-03-01T08:41:07.000Z,6,5,0,0,1
L3671:T2:I16636,3671,T2,2025-08-04T20:51:00.000Z,12,11,0,0,1
L3671:T2:I16639,3671,T2,2025-08-17T13:28:00.000Z,12,11,0,0,1
L3671:T2:I16635,3671,T2,2025-09-12T14:24:00.000Z,13,12,0,0,1
L3672:T0,3672,T0,2026-06-01T00:00:00.000Z,27,27,0,0,0
L3672:T1:I16643,3672,T1,2026-06-02T19:36:39.000Z,27,27,0,0,0
L3672:T2:I16640,3672,T2,2026-06-05T09:49:09.000Z,29,28,0,0,1
L3672:T2:I16644,3672,T2,2026-06-08T11:25:19.000Z,30,29,0,0,1
L3672:T2:I16642,3672,T2,2026-06-09T09:38:22.000Z,30,29,0,0,1
L3672:T2:I16641,3672,T2,2026-06-11T14:30:00.000Z,30,29,0,0,1
L3673:T0,3673,T0,2026-03-05T00:00:00.000Z,82,24,0,58,0
L3673:T1:I16648,3673,T1,2026-03-06T13:04:39.000Z,83,24,0,58,1
L3673:T2:I16646,3673,T2,2026-03-11T18:02:43.000Z,84,25,0,58,1
L3673:T2:I16651,3673,T2,2026-03-11T20:26:28.000Z,84,25,0,58,1
L3673:T2:I16647,3673,T2,2026-03-12T18:12:10.000Z,83,25,0,58,0
L3673:T2:I16649,3673,T2,2026-03-15T13:46:36.000Z,84,25,0,58,1
L3673:T2:I16645,3673,T2,2026-03-18T07:28:51.000Z,84,25,0,58,1
L3673:T2:I16650,3673,T2,2026-03-18T15:14:36.000Z,84,25,0,58,1
L3674:T0,3674,T0,2025-10-23T00:00:00.000Z,20,20,0,0,0
L3674:T1:I16652,3674,T1,2025-10-25T16:18:53.000Z,20,20,0,0,0
L3675:T0,3675,T0,2025-12-14T00:00:00.000Z,35,15,0,20,0
L3675:T1:I16655,3675,T1,2025-12-17T11:03:03.000Z,36,15,0,20,1
L3675:T2:I16656,3675,T2,2025-12-22T09:53:17.000Z,37,15,0,21,1
L3675:T2:I16654,3675,T2,2025-12-25T14:29:51.000Z,36,15,0,21,0
L3675:T2:I16653,3675,T2,2025-12-25T17:30:43.000Z,37,15,0,21,1
L3676:T0,3676,T0,2025-08-01T00:00:00.000Z,32,21,11,0,0
L3676:T1:I16657,3676,T1,2025-08-11T12:55:25.000Z,34,22,11,0,1
L3677:T0,3677,T0,2025-03-18T00:00:00.000Z,5,5,0,0,0
L3677:T1:I16661,3677,T1,2025-03-27T08:58:38.000Z,6,5,0,0,1
L3677:T2:I16658,3677,T2,2025-03-27T16:11:16.000Z,6,5,0,0,1
L3677:T2:I16659,3677,T2,2025-12-07T16:12:00.000Z,13,13,0,0,0
L3677:T2:I16660,3677,T2,2026-05-31T07:19:00.000Z,20,19,0,0,1
L3678:T0,3678,T0,2026-05-06T00:00:00.000Z,71,36,0,35,0
L3678:T1:I16662,3678,T1,2026-05-13T14:14:10.000Z,73,37,0,35,1
L3679:T0,3679,T0,2026-05-07T00:00:00.000Z,28,28,0,0,0
L3679:T1:I16665,3679,T1,2026-05-11T09:13:25.000Z,29,28,0,0,1
L3679:T2:I16663,3679,T2,2026-05-13T11:53:00.000Z,29,28,0,0,1
L3679:T2:I16664,3679,T2,2026-06-04T08:05:00.000Z,30,29,0,0,1
L3680:T0,3680,T0,2025-05-13T00:00:00.000Z,16,16,0,0,0
L3680:T1:I16669,3680,T1,2025-05-18T16:39:00.000Z,17,16,0,0,1
L3680:T2:I16670,3680,T2,2025-05-19T10:58:10.000Z,17,16,0,0,1
L3680:T2:I16667,3680,T2,2025-05-19T17:32:24.000Z,17,16,0,0,1
L3680:T2:I16666,3680,T2,2025-06-23T10:04:00.000Z,20,19,0,0,1
L3680:T2:I16668,3680,T2,2026-03-23T20:29:00.000Z,30,29,0,0,1
L3681:T0,3681,T0,2026-01-02T00:00:00.000Z,19,19,0,0,0
L3681:T1:I16672,3681,T1,2026-01-02T10:49:58.000Z,20,19,0,0,1
L3681:T2:I16671,3681,T2,2026-03-24T08:57:00.000Z,24,23,0,0,1
L3682:T0,3682,T0,2026-05-21T00:00:00.000Z,95,34,0,61,0
L3682:T1:I16673,3682,T1,2026-05-22T13:05:42.000Z,96,34,0,61,1
L3682:T2:I16674,3682,T2,2026-05-23T16:34:19.000Z,96,34,0,61,1
L3682:T2:I16675,3682,T2,2026-05-30T13:44:14.000Z,99,36,0,62,1
L3682:T2:I16676,3682,T2,2026-06-03T19:23:32.000Z,99,36,0,62,1
L3682:T2:I16677,3682,T2,2026-06-11T16:49:00.000Z,99,36,0,62,1
L3683:T0,3683,T0,2025-10-01T00:00:00.000Z,35,22,13,0,0
L3683:T1:I16680,3683,T1,2025-10-02T14:59:54.000Z,36,22,13,0,1
L3683:T2:I16679,3683,T2,2025-10-12T19:09:16.000Z,37,22,14,0,1
L3683:T2:I16678,3683,T2,2025-12-06T10:09:00.000Z,41,24,16,0,1
L3684:T0,3684,T0,2025-01-09T00:00:00.000Z,23,0,8,15,0
L3684:T1:I16682,3684,T1,2025-03-05T13:48:00.000Z,29,0,11,17,1
L3684:T2:I16681,3684,T2,2025-05-30T11:47:00.000Z,35,0,15,20,0
L3684:T2:I16683,3684,T2,2025-06-28T07:30:00.000Z,38,0,16,21,1
L3684:T2:I16687,3684,T2,2025-07-09T19:33:00.000Z,41,0,19,21,1
L3684:T2:I16686,3684,T2,2025-07-12T17:09:00.000Z,41,0,19,21,1
L3684:T2:I16684,3684,T2,2025-11-12T18:58:00.000Z,57,0,30,26,1
L3684:T2:I16685,3684,T2,2025-12-26T19:25:00.000Z,60,0,32,27,1
L3684:T2:I16688,3684,T2,2026-01-22T08:26:00.000Z,66,0,36,29,1
L3685:T0,3685,T0,2026-02-01T00:00:00.000Z,41,16,0,25,0
L3685:T1:I16690,3685,T1,2026-02-03T18:12:07.000Z,41,16,0,25,0
L3685:T2:I16692,3685,T2,2026-02-08T08:41:40.000Z,42,16,0,25,1
L3685:T2:I16693,3685,T2,2026-02-11T10:40:31.000Z,42,16,0,25,1
L3685:T2:I16691,3685,T2,2026-02-11T20:15:30.000Z,42,16,0,25,1
L3685:T2:I16689,3685,T2,2026-02-14T14:50:54.000Z,42,16,0,25,1
L3686:T0,3686,T0,2025-08-26T00:00:00.000Z,14,0,14,0,0
L3686:T1:I16699,3686,T1,2025-08-28T20:50:43.000Z,15,0,14,0,1
L3686:T2:I16700,3686,T2,2025-08-30T19:21:59.000Z,15,0,14,0,1
L3686:T2:I16696,3686,T2,2025-09-01T13:37:03.000Z,15,0,14,0,1
L3686:T2:I16695,3686,T2,2025-09-04T08:21:44.000Z,15,0,14,0,1
L3686:T2:I16697,3686,T2,2025-09-05T15:23:49.000Z,15,0,14,0,1
L3686:T2:I16698,3686,T2,2026-02-26T18:03:00.000Z,26,0,25,0,1
L3686:T2:I16694,3686,T2,2026-04-19T20:46:00.000Z,29,0,28,0,1
L3686:T2:I16701,3686,T2,2026-06-05T19:29:00.000Z,31,0,30,0,1
L3687:T0,3687,T0,2025-12-11T00:00:00.000Z,36,36,0,0,0
L3687:T1:I16702,3687,T1,2026-06-15T07:22:00.000Z,56,55,0,0,1
L3688:T0,3688,T0,2026-01-25T00:00:00.000Z,21,21,0,0,0
L3688:T1:I16706,3688,T1,2026-01-26T12:28:26.000Z,22,21,0,0,1
L3688:T2:I16707,3688,T2,2026-01-29T13:17:35.000Z,23,22,0,0,1
L3688:T2:I16703,3688,T2,2026-02-01T10:21:09.000Z,23,22,0,0,1
L3688:T2:I16705,3688,T2,2026-02-03T09:36:33.000Z,24,23,0,0,1
L3688:T2:I16704,3688,T2,2026-04-22T15:12:00.000Z,26,25,0,0,1
L3689:T0,3689,T0,2025-01-01T00:00:00.000Z,14,14,0,0,0
L3689:T1:I16709,3689,T1,2025-01-08T12:28:50.000Z,14,14,0,0,0
L3689:T2:I16711,3689,T2,2025-02-18T15:47:00.000Z,16,15,0,0,1
L3689:T2:I16710,3689,T2,2025-03-07T12:48:00.000Z,17,16,0,0,1
L3689:T2:I16708,3689,T2,2025-05-01T14:54:00.000Z,21,20,0,0,1
L3689:T2:I16714,3689,T2,2026-01-20T15:56:00.000Z,37,36,0,0,1
L3689:T2:I16713,3689,T2,2026-04-01T09:54:00.000Z,41,40,0,0,1
L3689:T2:I16712,3689,T2,2026-04-06T13:34:00.000Z,41,40,0,0,1
L3689:T2:I16715,3689,T2,2026-04-12T07:32:00.000Z,41,40,0,0,1
L3690:T0,3690,T0,2026-04-09T00:00:00.000Z,30,30,0,0,0
L3690:T1:I16716,3690,T1,2026-04-16T20:57:00.000Z,31,31,0,0,0
L3690:T2:I16717,3690,T2,2026-06-04T18:16:00.000Z,35,34,0,0,1
L3690:T2:I16718,3690,T2,2026-06-16T18:09:00.000Z,35,34,0,0,1
L3691:T0,3691,T0,2026-05-05T00:00:00.000Z,67,33,0,34,0
L3691:T1:I16724,3691,T1,2026-05-05T15:48:29.000Z,68,33,0,34,1
L3691:T2:I16723,3691,T2,2026-05-08T14:41:17.000Z,69,33,0,35,1
L3691:T2:I16722,3691,T2,2026-05-11T11:40:42.000Z,69,33,0,35,1
L3691:T2:I16720,3691,T2,2026-05-12T17:40:07.000Z,69,33,0,35,1
L3691:T2:I16721,3691,T2,2026-05-12T20:56:24.000Z,69,33,0,35,1
L3691:T2:I16719,3691,T2,2026-05-16T07:39:29.000Z,68,33,0,35,0
L3691:T2:I16725,3691,T2,2026-05-17T14:28:34.000Z,69,33,0,35,1
L3692:T0,3692,T0,2025-04-30T00:00:00.000Z,24,11,0,13,0
L3692:T1:I16728,3692,T1,2025-05-10T08:34:10.000Z,25,11,0,13,1
L3692:T2:I16726,3692,T2,2025-11-25T09:08:00.000Z,41,20,0,20,1
L3692:T2:I16727,3692,T2,2026-03-05T12:33:00.000Z,47,22,0,24,1
L3693:T0,3693,T0,2026-04-01T00:00:00.000Z,23,23,0,0,0
L3693:T1:I16729,3693,T1,2026-04-03T13:21:55.000Z,24,23,0,0,1
L3693:T2:I16730,3693,T2,2026-06-13T12:11:00.000Z,27,26,0,0,1
L3694:T0,3694,T0,2025-12-02T00:00:00.000Z,28,28,0,0,0
L3694:T1:I16731,3694,T1,2025-12-02T14:44:30.000Z,29,28,0,0,1
L3694:T2:I16735,3694,T2,2025-12-05T12:16:51.000Z,29,28,0,0,1
L3694:T2:I16732,3694,T2,2025-12-12T13:19:35.000Z,28,28,0,0,0
L3694:T2:I16734,3694,T2,2025-12-14T10:11:19.000Z,29,28,0,0,1
L3694:T2:I16733,3694,T2,2026-01-07T14:08:00.000Z,31,30,0,0,1
L3695:T0,3695,T0,2025-11-12T00:00:00.000Z,37,16,0,21,0
L3695:T1:I16738,3695,T1,2025-11-13T15:16:24.000Z,38,16,0,21,1
L3695:T2:I16736,3695,T2,2025-11-22T19:18:40.000Z,39,16,0,22,1
L3695:T2:I16737,3695,T2,2025-11-24T13:13:01.000Z,39,16,0,22,1
L3695:T2:I16739,3695,T2,2026-01-08T07:49:00.000Z,42,18,0,24,0
L3695:T2:I16741,3695,T2,2026-04-22T08:54:00.000Z,49,21,0,27,1
L3695:T2:I16740,3695,T2,2026-04-23T18:26:00.000Z,49,21,0,27,1
L3696:T0,3696,T0,2025-12-02T00:00:00.000Z,43,24,0,19,0
L3696:T1:I16746,3696,T1,2025-12-04T10:09:03.000Z,44,24,0,19,1
L3696:T2:I16742,3696,T2,2025-12-05T08:11:06.000Z,44,24,0,19,1
L3696:T2:I16748,3696,T2,2025-12-07T07:37:34.000Z,44,24,0,19,1
L3696:T2:I16745,3696,T2,2025-12-07T14:38:06.000Z,44,24,0,19,1
L3696:T2:I16743,3696,T2,2025-12-13T17:43:26.000Z,44,24,0,19,1
L3696:T2:I16744,3696,T2,2026-03-05T13:28:00.000Z,52,28,0,23,1
L3696:T2:I16747,3696,T2,2026-05-01T18:36:00.000Z,57,29,0,27,1
L3697:T0,3697,T0,2025-10-15T00:00:00.000Z,36,15,0,21,0
L3697:T1:I16749,3697,T1,2025-10-16T09:49:35.000Z,37,15,0,21,1
L3697:T2:I16753,3697,T2,2025-10-19T19:42:00.000Z,37,15,0,21,1
L3697:T2:I16754,3697,T2,2025-10-21T12:38:17.000Z,37,15,0,21,1
L3697:T2:I16752,3697,T2,2025-10-23T14:10:16.000Z,37,15,0,21,1
L3697:T2:I16751,3697,T2,2025-10-24T12:46:20.000Z,37,15,0,21,1
L3697:T2:I16750,3697,T2,2025-10-27T10:08:05.000Z,38,16,0,21,1
L3698:T0,3698,T0,2026-06-13T00:00:00.000Z,26,26,0,0,0
L3698:T1:I16757,3698,T1,2026-06-14T07:36:06.000Z,27,26,0,0,1
L3698:T2:I16755,3698,T2,2026-06-19T07:14:22.000Z,27,26,0,0,1
L3698:T2:I16759,3698,T2,2026-06-20T18:55:09.000Z,27,26,0,0,1
L3698:T2:I16758,3698,T2,2026-06-21T19:07:36.000Z,27,26,0,0,1
L3698:T2:I16756,3698,T2,2026-06-25T18:14:40.000Z,28,27,0,0,1
L3699:T0,3699,T0,2026-03-16T00:00:00.000Z,46,20,0,26,0
L3699:T1:I16763,3699,T1,2026-03-16T16:00:57.000Z,47,20,0,26,1
L3699:T2:I16764,3699,T2,2026-03-20T14:40:36.000Z,48,21,0,26,1
L3699:T2:I16760,3699,T2,2026-03-21T11:36:31.000Z,48,21,0,26,1
L3699:T2:I16761,3699,T2,2026-03-21T13:17:59.000Z,48,21,0,26,1
L3699:T2:I16765,3699,T2,2026-03-24T14:28:24.000Z,48,21,0,26,1
L3699:T2:I16762,3699,T2,2026-03-27T07:46:33.000Z,48,21,0,26,1
L3700:T0,3700,T0,2025-10-03T00:00:00.000Z,20,20,0,0,0
L3700:T1:I16768,3700,T1,2025-10-04T20:10:46.000Z,21,20,0,0,1
L3700:T2:I16770,3700,T2,2025-10-07T10:15:18.000Z,21,20,0,0,1
L3700:T2:I16769,3700,T2,2025-10-11T16:27:00.000Z,21,20,0,0,1
L3700:T2:I16767,3700,T2,2025-10-13T11:11:04.000Z,21,20,0,0,1
L3700:T2:I16766,3700,T2,2025-10-30T10:57:00.000Z,23,22,0,0,1
L3701:T0,3701,T0,2025-03-20T00:00:00.000Z,5,0,5,0,0
L3701:T1:I16774,3701,T1,2025-12-29T07:56:00.000Z,21,0,20,0,1
L3701:T2:I16773,3701,T2,2026-01-30T18:54:00.000Z,23,0,22,0,1
L3701:T2:I16772,3701,T2,2026-03-23T11:13:00.000Z,25,0,24,0,1
L3701:T2:I16771,3701,T2,2026-05-23T18:14:00.000Z,30,0,29,0,1
L3702:T0,3702,T0,2026-04-06T00:00:00.000Z,33,0,33,0,0
L3702:T1:I16776,3702,T1,2026-04-10T09:49:10.000Z,34,0,33,0,1
L3702:T2:I16775,3702,T2,2026-04-11T12:58:08.000Z,34,0,33,0,1
L3702:T2:I16777,3702,T2,2026-04-13T19:17:20.000Z,33,0,33,0,0
L3702:T2:I16778,3702,T2,2026-04-16T12:00:05.000Z,34,0,33,0,1
L3702:T2:I16779,3702,T2,2026-04-18T12:52:40.000Z,34,0,33,0,1
L3703:T0,3703,T0,2026-05-31T00:00:00.000Z,34,15,0,19,0
L3703:T1:I16780,3703,T1,2026-06-02T07:48:02.000Z,35,15,0,19,1
L3703:T2:I16781,3703,T2,2026-06-13T16:46:06.000Z,36,15,0,20,1
L3704:T0,3704,T0,2026-03-02T00:00:00.000Z,29,0,29,0,0
L3704:T1:I16783,3704,T1,2026-03-02T18:47:52.000Z,29,0,29,0,0
L3704:T2:I16784,3704,T2,2026-03-04T13:12:35.000Z,30,0,29,0,1
L3704:T2:I16782,3704,T2,2026-03-04T15:26:13.000Z,30,0,29,0,1
L3705:T0,3705,T0,2026-05-26T00:00:00.000Z,29,29,0,0,0
L3705:T1:I16791,3705,T1,2026-05-26T13:33:19.000Z,30,29,0,0,1
L3705:T2:I16787,3705,T2,2026-05-27T08:37:56.000Z,30,29,0,0,1
L3705:T2:I16790,3705,T2,2026-05-31T17:31:47.000Z,30,29,0,0,1
L3705:T2:I16788,3705,T2,2026-06-04T12:10:13.000Z,31,30,0,0,1
L3705:T2:I16786,3705,T2,2026-06-05T07:54:55.000Z,31,30,0,0,1
L3705:T2:I16785,3705,T2,2026-06-06T13:24:03.000Z,30,30,0,0,0
L3705:T2:I16789,3705,T2,2026-06-08T09:43:01.000Z,31,30,0,0,1
L3706:T0,3706,T0,2025-12-19T00:00:00.000Z,70,23,0,47,0
L3706:T1:I16794,3706,T1,2025-12-19T08:33:14.000Z,71,23,0,47,1
L3706:T2:I16795,3706,T2,2025-12-23T12:24:55.000Z,71,23,0,47,1
L3706:T2:I16797,3706,T2,2025-12-23T13:49:06.000Z,70,23,0,47,0
L3706:T2:I16796,3706,T2,2025-12-29T08:34:41.000Z,71,23,0,47,1
L3706:T2:I16793,3706,T2,2025-12-30T09:46:00.000Z,71,23,0,47,1
L3706:T2:I16792,3706,T2,2025-12-31T12:25:24.000Z,71,23,0,47,1
L3706:T2:I16799,3706,T2,2026-01-12T17:08:00.000Z,71,23,0,47,1
L3706:T2:I16798,3706,T2,2026-04-21T07:49:00.000Z,87,30,0,56,1
L3707:T0,3707,T0,2025-08-24T00:00:00.000Z,46,23,0,23,0
L3707:T1:I16802,3707,T1,2025-09-16T18:58:00.000Z,48,24,0,23,1
L3707:T2:I16803,3707,T2,2025-10-16T20:39:00.000Z,52,26,0,25,1
L3707:T2:I16801,3707,T2,2026-06-04T10:59:00.000Z,79,44,0,34,1
L3707:T2:I16800,3707,T2,2026-06-24T09:34:00.000Z,83,47,0,35,1
L3708:T0,3708,T0,2025-09-11T00:00:00.000Z,42,0,25,17,0
L3708:T1:I16804,3708,T1,2025-09-13T10:51:34.000Z,43,0,25,17,1
L3708:T2:I16807,3708,T2,2026-04-17T08:37:00.000Z,68,0,34,33,1
L3708:T2:I16805,3708,T2,2026-05-12T09:09:00.000Z,73,0,37,35,1
L3708:T2:I16806,3708,T2,2026-06-14T17:27:00.000Z,77,0,41,36,0
L3709:T0,3709,T0,2025-11-22T00:00:00.000Z,57,26,0,31,0
L3709:T1:I16813,3709,T1,2025-11-22T18:00:27.000Z,58,26,0,31,1
L3709:T2:I16808,3709,T2,2025-11-29T20:35:20.000Z,58,26,0,31,1
L3709:T2:I16809,3709,T2,2025-12-01T11:07:23.000Z,58,26,0,31,1
L3709:T2:I16810,3709,T2,2025-12-04T11:16:32.000Z,59,26,0,32,1
L3709:T2:I16811,3709,T2,2025-12-04T11:42:57.000Z,58,26,0,32,0
L3709:T2:I16812,3709,T2,2026-04-29T09:06:00.000Z,78,31,0,46,1
L3710:T0,3710,T0,2025-01-02T00:00:00.000Z,21,8,0,13,0
L3710:T1:I16816,3710,T1,2025-01-08T18:38:34.000Z,22,8,0,13,1
L3710:T2:I16817,3710,T2,2025-07-14T19:01:00.000Z,33,12,0,20,1
L3710:T2:I16815,3710,T2,2025-09-11T20:23:00.000Z,37,16,0,20,1
L3710:T2:I16814,3710,T2,2025-10-26T16:52:00.000Z,40,17,0,22,1
L3710:T2:I16818,3710,T2,2025-11-22T09:43:00.000Z,44,19,0,24,1
L3711:T0,3711,T0,2025-12-28T00:00:00.000Z,70,24,0,46,0
L3711:T1:I16819,3711,T1,2025-12-28T14:54:51.000Z,71,24,0,46,1
L3711:T2:I16822,3711,T2,2025-12-30T08:54:27.000Z,71,24,0,46,1
L3711:T2:I16820,3711,T2,2026-01-01T10:46:40.000Z,71,24,0,46,1
L3711:T2:I16824,3711,T2,2026-01-05T11:41:12.000Z,70,24,0,46,0
L3711:T2:I16821,3711,T2,2026-01-08T09:41:00.000Z,70,24,0,46,0
L3711:T2:I16823,3711,T2,2026-03-07T12:13:00.000Z,83,28,0,54,1
L3712:T0,3712,T0,2025-02-03T00:00:00.000Z,9,0,9,0,0
L3712:T1:I16827,3712,T1,2025-02-08T10:23:46.000Z,10,0,9,0,1
L3712:T2:I16828,3712,T2,2025-02-15T13:41:16.000Z,10,0,9,0,1
L3712:T2:I16829,3712,T2,2025-08-02T19:59:00.000Z,14,0,13,0,1
L3712:T2:I16825,3712,T2,2026-04-05T20:58:00.000Z,27,0,26,0,1
L3712:T2:I16826,3712,T2,2026-05-22T12:43:00.000Z,29,0,28,0,1
L3713:T0,3713,T0,2026-03-06T00:00:00.000Z,48,24,0,24,0
L3713:T1:I16836,3713,T1,2026-03-06T20:26:46.000Z,49,24,0,24,1
L3713:T2:I16833,3713,T2,2026-03-07T11:52:26.000Z,49,24,0,24,1
L3713:T2:I16831,3713,T2,2026-03-13T11:54:31.000Z,50,24,0,25,1
L3713:T2:I16837,3713,T2,2026-03-14T17:05:48.000Z,49,24,0,25,0
L3713:T2:I16834,3713,T2,2026-03-16T19:23:11.000Z,51,24,0,26,1
L3713:T2:I16832,3713,T2,2026-03-19T09:33:19.000Z,51,24,0,26,1
L3713:T2:I16835,3713,T2,2026-04-13T11:28:00.000Z,54,25,0,28,1
L3713:T2:I16830,3713,T2,2026-06-08T15:50:00.000Z,61,29,0,31,1
L3714:T0,3714,T0,2026-03-12T00:00:00.000Z,89,50,0,39,0
L3714:T1:I16838,3714,T1,2026-03-13T08:30:26.000Z,89,50,0,39,0
L3714:T2:I16839,3714,T2,2026-03-23T14:12:26.000Z,93,51,0,41,1
L3715:T0,3715,T0,2026-03-27T00:00:00.000Z,30,0,30,0,0
L3715:T1:I16841,3715,T1,2026-04-04T11:37:33.000Z,31,0,30,0,1
L3715:T2:I16840,3715,T2,2026-04-05T19:01:09.000Z,31,0,30,0,1
L3716:T0,3716,T0,2025-06-23T00:00:00.000Z,10,10,0,0,0
L3716:T1:I16842,3716,T1,2026-01-19T20:59:00.000Z,14,14,0,0,0
L3717:T0,3717,T0,2026-01-21T00:00:00.000Z,32,32,0,0,0
L3717:T1:I16845,3717,T1,2026-01-28T09:39:46.000Z,33,32,0,0,1
L3717:T2:I16843,3717,T2,2026-01-31T12:33:02.000Z,33,32,0,0,1
L3717:T2:I16844,3717,T2,2026-02-03T14:05:55.000Z,33,32,0,0,1
L3717:T2:I16846,3717,T2,2026-02-17T08:27:00.000Z,34,33,0,0,1
L3718:T0,3718,T0,2025-06-06T00:00:00.000Z,21,21,0,0,0
L3718:T1:I16850,3718,T1,2025-06-06T15:47:54.000Z,22,21,0,0,1
L3718:T2:I16851,3718,T2,2025-06-20T09:37:00.000Z,22,21,0,0,1
L3718:T2:I16849,3718,T2,2025-06-28T20:23:00.000Z,22,21,0,0,1
L3718:T2:I16847,3718,T2,2025-08-31T19:43:00.000Z,24,23,0,0,1
L3718:T2:I16848,3718,T2,2025-12-27T07:43:00.000Z,31,30,0,0,1
L3718:T2:I16853,3718,T2,2026-03-12T10:37:00.000Z,40,39,0,0,1
L3718:T2:I16852,3718,T2,2026-04-11T20:35:00.000Z,41,41,0,0,0
L3719:T0,3719,T0,2026-03-23T00:00:00.000Z,24,24,0,0,0
L3719:T1:I16854,3719,T1,2026-03-25T08:05:48.000Z,25,24,0,0,1
L3719:T2:I16855,3719,T2,2026-04-02T11:48:00.000Z,25,24,0,0,1
L3720:T0,3720,T0,2025-07-12T00:00:00.000Z,38,15,0,23,0
L3720:T1:I16857,3720,T1,2025-07-15T18:49:21.000Z,39,15,0,23,1
L3720:T2:I16860,3720,T2,2025-07-16T18:37:59.000Z,39,15,0,23,1
L3720:T2:I16856,3720,T2,2025-07-22T13:59:40.000Z,39,15,0,23,1
L3720:T2:I16859,3720,T2,2025-07-25T14:05:18.000Z,38,15,0,23,0
L3720:T2:I16858,3720,T2,2026-02-27T13:11:00.000Z,60,27,0,32,1
L3721:T0,3721,T0,2025-06-01T00:00:00.000Z,14,7,7,0,0
L3721:T1:I16863,3721,T1,2025-06-03T10:41:38.000Z,15,7,7,0,1
L3721:T2:I16861,3721,T2,2025-06-04T08:48:23.000Z,14,7,7,0,0
L3721:T2:I16862,3721,T2,2025-06-09T14:58:19.000Z,15,7,7,0,1
L3721:T2:I16865,3721,T2,2025-06-10T09:14:59.000Z,15,7,7,0,1
L3721:T2:I16864,3721,T2,2025-06-12T12:47:21.000Z,15,7,7,0,1
L3721:T2:I16867,3721,T2,2025-10-19T07:48:00.000Z,20,9,10,0,1
L3721:T2:I16866,3721,T2,2025-12-23T15:37:00.000Z,24,10,13,0,1
L3721:T2:I16868,3721,T2,2026-05-08T09:17:00.000Z,29,12,16,0,1
L3722:T0,3722,T0,2025-02-10T00:00:00.000Z,22,6,0,16,0
L3722:T1:I16871,3722,T1,2025-02-12T09:16:28.000Z,24,6,0,17,1
L3722:T2:I16869,3722,T2,2025-05-28T17:09:00.000Z,37,11,0,25,1
L3722:T2:I16873,3722,T2,2025-11-17T20:25:00.000Z,56,24,0,31,1
L3722:T2:I16872,3722,T2,2026-01-18T15:48:00.000Z,68,31,0,36,1
L3722:T2:I16870,3722,T2,2026-05-04T20:09:00.000Z,77,34,0,42,1
L3723:T0,3723,T0,2025-09-26T00:00:00.000Z,15,15,0,0,0
L3723:T1:I16877,3723,T1,2025-09-26T10:50:58.000Z,16,15,0,0,1
L3723:T2:I16875,3723,T2,2025-09-27T14:49:36.000Z,16,15,0,0,1
L3723:T2:I16878,3723,T2,2025-09-28T09:19:05.000Z,16,15,0,0,1
L3723:T2:I16876,3723,T2,2025-09-29T13:26:41.000Z,16,15,0,0,1
L3723:T2:I16879,3723,T2,2025-10-05T08:47:37.000Z,15,15,0,0,0
L3723:T2:I16874,3723,T2,2026-06-08T17:16:00.000Z,24,23,0,0,1
L3724:T0,3724,T0,2025-03-14T00:00:00.000Z,26,9,0,17,0
L3724:T1:I16885,3724,T1,2025-03-21T16:50:09.000Z,27,9,0,17,1
L3724:T2:I16881,3724,T2,2025-03-28T20:42:00.000Z,27,9,0,17,1
L3724:T2:I16882,3724,T2,2025-04-26T12:54:00.000Z,30,12,0,17,1
L3724:T2:I16883,3724,T2,2025-07-24T20:18:00.000Z,41,15,0,25,1
L3724:T2:I16880,3724,T2,2025-10-09T13:57:00.000Z,50,17,0,32,1
L3724:T2:I16884,3724,T2,2025-11-05T13:29:00.000Z,54,17,0,37,0
L3724:T2:I16886,3724,T2,2025-12-13T13:00:00.000Z,60,20,0,40,0
L3725:T0,3725,T0,2026-04-30T00:00:00.000Z,89,0,89,0,0
L3725:T1:I16888,3725,T1,2026-05-01T10:26:31.000Z,90,0,89,0,1
L3725:T2:I16889,3725,T2,2026-05-05T16:10:00.000Z,90,0,89,0,1
L3725:T2:I16887,3725,T2,2026-05-11T14:34:12.000Z,90,0,89,0,1
L3726:T0,3726,T0,2025-12-17T00:00:00.000Z,40,24,0,16,0
L3726:T1:I16895,3726,T1,2025-12-23T16:47:07.000Z,41,24,0,16,1
L3726:T2:I16891,3726,T2,2025-12-25T09:15:24.000Z,42,24,0,17,1
L3726:T2:I16892,3726,T2,2025-12-27T09:52:21.000Z,42,24,0,17,1
L3726:T2:I16893,3726,T2,2026-02-28T19:22:00.000Z,46,26,0,19,1
L3726:T2:I16894,3726,T2,2026-03-23T18:43:00.000Z,49,29,0,20,0
L3726:T2:I16890,3726,T2,2026-03-28T16:37:00.000Z,50,29,0,20,1
L3727:T0,3727,T0,2026-01-13T00:00:00.000Z,16,16,0,0,0
L3727:T1:I16897,3727,T1,2026-01-16T15:41:06.000Z,17,16,0,0,1
L3727:T2:I16898,3727,T2,2026-01-18T12:36:48.000Z,17,16,0,0,1
L3727:T2:I16900,3727,T2,2026-01-23T16:14:45.000Z,18,17,0,0,1
L3727:T2:I16901,3727,T2,2026-02-10T11:18:00.000Z,18,17,0,0,1
L3727:T2:I16899,3727,T2,2026-06-02T15:23:00.000Z,21,20,0,0,1
L3727:T2:I16896,3727,T2,2026-06-05T11:51:00.000Z,21,21,0,0,0
L3728:T0,3728,T0,2026-06-15T00:00:00.000Z,77,0,36,41,0
L3728:T1:I16909,3728,T1,2026-06-18T17:14:22.000Z,79,0,37,41,1
L3728:T2:I16902,3728,T2,2026-06-18T18:00:40.000Z,78,0,37,41,0
L3728:T2:I16905,3728,T2,2026-06-19T20:19:00.000Z,79,0,37,41,1
L3728:T2:I16904,3728,T2,2026-06-20T17:37:32.000Z,79,0,37,41,1
L3728:T2:I16906,3728,T2,2026-06-23T14:48:02.000Z,80,0,38,41,1
L3728:T2:I16908,3728,T2,2026-06-24T10:14:15.000Z,80,0,38,41,1
L3728:T2:I16907,3728,T2,2026-06-24T18:59:00.000Z,80,0,38,41,1
L3728:T2:I16903,3728,T2,2026-06-28T10:18:10.000Z,80,0,38,41,1
L3729:T0,3729,T0,2026-02-21T00:00:00.000Z,28,28,0,0,0
L3729:T1:I16912,3729,T1,2026-02-24T14:21:07.000Z,29,28,0,0,1
L3729:T2:I16911,3729,T2,2026-03-01T11:06:41.000Z,30,29,0,0,1
L3729:T2:I16910,3729,T2,2026-05-06T13:46:00.000Z,33,32,0,0,1
L3730:T0,3730,T0,2025-05-17T00:00:00.000Z,11,11,0,0,0
L3730:T1:I16913,3730,T1,2025-05-24T12:27:31.000Z,13,12,0,0,1
L3730:T2:I16919,3730,T2,2025-05-28T15:24:17.000Z,13,12,0,0,1
L3730:T2:I16916,3730,T2,2025-11-29T15:45:00.000Z,16,15,0,0,1
L3730:T2:I16917,3730,T2,2025-12-13T16:13:00.000Z,17,16,0,0,1
L3730:T2:I16920,3730,T2,2026-03-15T10:55:00.000Z,20,19,0,0,1
L3730:T2:I16915,3730,T2,2026-04-21T17:40:00.000Z,20,19,0,0,1
L3730:T2:I16918,3730,T2,2026-06-09T07:38:00.000Z,24,24,0,0,0
L3730:T2:I16914,3730,T2,2026-06-24T11:54:00.000Z,26,25,0,0,1
L3731:T0,3731,T0,2025-09-05T00:00:00.000Z,32,0,21,11,0
L3731:T1:I16928,3731,T1,2025-09-09T13:21:20.000Z,33,0,21,11,1
L3731:T2:I16924,3731,T2,2025-09-12T13:33:35.000Z,32,0,21,11,0
L3731:T2:I16926,3731,T2,2025-09-13T13:01:09.000Z,33,0,21,11,1
L3731:T2:I16923,3731,T2,2025-09-16T17:33:25.000Z,33,0,21,11,1
L3731:T2:I16921,3731,T2,2025-10-25T19:08:00.000Z,34,0,21,12,1
L3731:T2:I16927,3731,T2,2026-01-04T07:25:00.000Z,35,0,21,13,1
L3731:T2:I16925,3731,T2,2026-04-01T14:47:00.000Z,39,0,24,14,1
L3731:T2:I16922,3731,T2,2026-05-03T14:34:00.000Z,42,0,26,15,1
L3732:T0,3732,T0,2025-02-17T00:00:00.000Z,14,0,14,0,0
L3732:T1:I16929,3732,T1,2026-04-09T09:30:00.000Z,34,0,33,0,1
L3733:T0,3733,T0,2025-10-13T00:00:00.000Z,26,0,12,14,0
L3733:T1:I16934,3733,T1,2025-10-17T11:39:47.000Z,27,0,12,14,1
L3733:T2:I16932,3733,T2,2025-10-24T17:22:15.000Z,28,0,13,14,1
L3733:T2:I16930,3733,T2,2026-01-08T13:18:00.000Z,32,0,15,16,1
L3733:T2:I16931,3733,T2,2026-02-21T19:19:00.000Z,34,0,17,16,1
L3733:T2:I16933,3733,T2,2026-04-03T15:29:00.000Z,37,0,19,17,1
L3734:T0,3734,T0,2025-11-28T00:00:00.000Z,28,14,0,14,0
L3734:T1:I16937,3734,T1,2025-12-03T20:22:17.000Z,29,14,0,14,1
L3734:T2:I16940,3734,T2,2025-12-10T08:22:03.000Z,32,15,0,16,1
L3734:T2:I16936,3734,T2,2025-12-10T11:25:44.000Z,32,15,0,16,1
L3734:T2:I16939,3734,T2,2025-12-10T15:08:36.000Z,32,15,0,16,1
L3734:T2:I16938,3734,T2,2026-04-03T17:06:00.000Z,38,18,0,19,1
L3734:T2:I16935,3734,T2,2026-04-05T19:25:00.000Z,38,18,0,19,1
L3735:T0,3735,T0,2025-03-18T00:00:00.000Z,20,11,0,9,0
L3735:T1:I16941,3735,T1,2025-03-30T08:17:21.000Z,21,11,0,9,1
L3735:T2:I16944,3735,T2,2025-03-31T13:09:00.000Z,21,11,0,9,1
L3735:T2:I16945,3735,T2,2025-03-31T16:10:09.000Z,21,11,0,9,1
L3735:T2:I16946,3735,T2,2025-03-31T20:50:37.000Z,21,11,0,9,1
L3735:T2:I16947,3735,T2,2025-08-25T13:10:00.000Z,29,17,0,11,1
L3735:T2:I16943,3735,T2,2025-09-05T09:44:00.000Z,31,19,0,11,1
L3735:T2:I16942,3735,T2,2026-05-11T11:12:00.000Z,41,24,0,16,1
L3735:T2:I16948,3735,T2,2026-05-17T20:59:00.000Z,41,24,0,16,1
L3736:T0,3736,T0,2026-03-09T00:00:00.000Z,22,22,0,0,0
L3736:T1:I16950,3736,T1,2026-03-09T16:59:02.000Z,23,22,0,0,1
L3736:T2:I16951,3736,T2,2026-03-13T14:38:48.000Z,23,22,0,0,1
L3736:T2:I16949,3736,T2,2026-03-17T16:33:44.000Z,24,24,0,0,0
L3737:T0,3737,T0,2025-12-24T00:00:00.000Z,66,30,0,36,0
L3737:T1:I16952,3737,T1,2025-12-27T19:32:05.000Z,67,30,0,36,1
L3737:T2:I16956,3737,T2,2025-12-29T10:49:38.000Z,67,30,0,36,1
L3737:T2:I16953,3737,T2,2026-01-01T19:40:08.000Z,67,30,0,36,1
L3737:T2:I16957,3737,T2,2026-01-03T20:16:42.000Z,66,30,0,36,0
L3737:T2:I16955,3737,T2,2026-01-04T17:47:11.000Z,66,30,0,36,0
L3737:T2:I16958,3737,T2,2026-01-05T08:46:07.000Z,67,30,0,36,1
L3737:T2:I16954,3737,T2,2026-01-05T14:28:04.000Z,67,30,0,36,1
L3738:T0,3738,T0,2025-07-25T00:00:00.000Z,11,11,0,0,0
L3738:T1:I16959,3738,T1,2025-08-03T19:32:58.000Z,13,12,0,0,1
L3739:T0,3739,T0,2025-11-21T00:00:00.000Z,28,28,0,0,0
L3739:T1:I16962,3739,T1,2025-11-21T07:56:04.000Z,29,28,0,0,1
L3739:T2:I16965,3739,T2,2025-11-23T11:03:34.000Z,28,28,0,0,0
L3739:T2:I16961,3739,T2,2025-11-27T13:54:16.000Z,28,28,0,0,0
L3739:T2:I16964,3739,T2,2025-12-01T17:47:18.000Z,29,28,0,0,1
L3739:T2:I16960,3739,T2,2025-12-02T19:17:19.000Z,29,28,0,0,1
L3739:T2:I16963,3739,T2,2025-12-27T19:10:00.000Z,29,28,0,0,1
L3740:T0,3740,T0,2025-05-26T00:00:00.000Z,35,22,0,13,0
L3740:T1:I16967,3740,T1,2025-05-29T07:18:26.000Z,36,22,0,13,1
L3740:T2:I16966,3740,T2,2025-07-26T17:59:00.000Z,39,23,0,16,0
L3740:T2:I16970,3740,T2,2025-08-09T12:38:00.000Z,41,24,0,16,1
L3740:T2:I16968,3740,T2,2025-11-05T19:56:00.000Z,45,26,0,18,1
L3740:T2:I16969,3740,T2,2026-03-15T15:30:00.000Z,61,32,0,28,1
L3741:T0,3741,T0,2026-06-19T00:00:00.000Z,137,50,0,87,0
L3741:T1:I16975,3741,T1,2026-06-19T12:28:17.000Z,138,50,0,87,1
L3741:T2:I16976,3741,T2,2026-06-20T20:54:20.000Z,138,50,0,87,1
L3741:T2:I16974,3741,T2,2026-06-25T08:14:51.000Z,139,50,0,88,1
L3741:T2:I16973,3741,T2,2026-06-27T10:12:53.000Z,140,50,0,89,1
L3741:T2:I16972,3741,T2,2026-06-28T13:56:34.000Z,140,50,0,89,1
L3741:T2:I16978,3741,T2,2026-06-28T15:28:24.000Z,140,50,0,89,1
L3741:T2:I16977,3741,T2,2026-07-01T08:35:56.000Z,140,50,0,89,1
L3741:T2:I16971,3741,T2,2026-07-02T18:02:57.000Z,140,50,0,89,1
L3742:T0,3742,T0,2025-11-23T00:00:00.000Z,115,35,0,80,0
L3742:T1:I16981,3742,T1,2025-11-29T13:46:53.000Z,116,35,0,81,0
L3742:T2:I16983,3742,T2,2025-12-02T15:46:00.000Z,117,35,0,81,1
L3742:T2:I16982,3742,T2,2025-12-05T14:06:28.000Z,118,35,0,83,0
L3742:T2:I16980,3742,T2,2025-12-06T09:11:50.000Z,119,35,0,83,1
L3742:T2:I16979,3742,T2,2026-06-19T16:13:00.000Z,158,46,0,112,0
L3743:T0,3743,T0,2025-10-01T00:00:00.000Z,48,24,0,24,0
L3743:T1:I16984,3743,T1,2026-02-17T18:55:00.000Z,62,28,0,33,1
L3743:T2:I16986,3743,T2,2026-04-29T20:09:00.000Z,73,30,0,42,1
L3743:T2:I16985,3743,T2,2026-05-05T16:11:00.000Z,74,31,0,42,1
L3744:T0,3744,T0,2025-08-01T00:00:00.000Z,9,9,0,0,0
L3744:T1:I16990,3744,T1,2025-08-06T20:03:18.000Z,10,9,0,0,1
L3744:T2:I16989,3744,T2,2025-08-07T15:35:22.000Z,10,9,0,0,1
L3744:T2:I16988,3744,T2,2025-08-12T13:49:49.000Z,9,9,0,0,0
L3744:T2:I16987,3744,T2,2025-10-19T17:46:00.000Z,12,11,0,0,1
L3744:T2:I16991,3744,T2,2025-11-24T16:22:00.000Z,12,11,0,0,1
L3744:T2:I16992,3744,T2,2025-12-14T12:30:00.000Z,13,12,0,0,1
L3744:T2:I16993,3744,T2,2025-12-26T07:36:00.000Z,13,12,0,0,1
L3744:T2:I16994,3744,T2,2026-06-20T17:57:00.000Z,19,18,0,0,1
L3745:T0,3745,T0,2025-09-18T00:00:00.000Z,32,17,0,15,0
L3745:T1:I16995,3745,T1,2025-09-21T09:49:05.000Z,33,17,0,15,1
L3745:T2:I16998,3745,T2,2025-09-24T13:49:53.000Z,33,17,0,15,1
L3745:T2:I16997,3745,T2,2025-09-27T14:19:54.000Z,33,17,0,15,1
L3745:T2:I16996,3745,T2,2025-09-29T13:18:06.000Z,33,17,0,15,1
L3745:T2:I17000,3745,T2,2025-10-01T18:57:19.000Z,33,17,0,15,1
L3745:T2:I17001,3745,T2,2025-12-09T19:15:00.000Z,41,20,0,20,1
L3745:T2:I17002,3745,T2,2026-03-17T07:50:00.000Z,47,22,0,24,1
L3745:T2:I16999,3745,T2,2026-05-02T18:16:00.000Z,52,23,0,28,1
L3746:T0,3746,T0,2025-11-14T00:00:00.000Z,14,14,0,0,0
L3746:T1:I17003,3746,T1,2025-12-27T15:38:00.000Z,15,14,0,0,1
L3747:T0,3747,T0,2025-10-13T00:00:00.000Z,25,25,0,0,0
L3747:T1:I17004,3747,T1,2025-10-17T07:44:16.000Z,26,25,0,0,1
L3747:T2:I17006,3747,T2,2025-10-24T18:18:48.000Z,26,25,0,0,1
L3747:T2:I17005,3747,T2,2025-10-26T15:19:54.000Z,28,27,0,0,1
L3747:T2:I17007,3747,T2,2025-12-18T16:07:00.000Z,33,32,0,0,1
L3748:T0,3748,T0,2026-01-26T00:00:00.000Z,59,26,0,33,0
L3748:T1:I17008,3748,T1,2026-01-28T12:48:30.000Z,60,26,0,33,1
L3749:T0,3749,T0,2026-04-21T00:00:00.000Z,31,31,0,0,0
L3749:T1:I17010,3749,T1,2026-04-28T10:30:02.000Z,31,31,0,0,0
L3749:T2:I17009,3749,T2,2026-05-12T14:32:00.000Z,33,32,0,0,1
L3750:T0,3750,T0,2025-09-17T00:00:00.000Z,17,17,0,0,0
L3750:T1:I17014,3750,T1,2025-09-27T20:45:12.000Z,18,17,0,0,1
L3750:T2:I17012,3750,T2,2025-09-29T12:24:00.000Z,18,17,0,0,1
L3750:T2:I17015,3750,T2,2025-09-30T11:52:35.000Z,18,17,0,0,1
L3750:T2:I17013,3750,T2,2025-09-30T15:35:16.000Z,18,17,0,0,1
L3750:T2:I17016,3750,T2,2025-12-23T09:45:00.000Z,20,19,0,0,1
L3750:T2:I17017,3750,T2,2026-02-04T10:00:00.000Z,25,24,0,0,1
L3750:T2:I17011,3750,T2,2026-06-16T13:02:00.000Z,28,27,0,0,1
L3751:T0,3751,T0,2025-11-05T00:00:00.000Z,29,29,0,0,0
L3751:T1:I17019,3751,T1,2025-11-08T14:51:09.000Z,30,30,0,0,0
L3751:T2:I17018,3751,T2,2025-11-16T09:35:31.000Z,30,30,0,0,0
L3751:T2:I17020,3751,T2,2025-11-17T10:41:22.000Z,31,30,0,0,1
L3752:T0,3752,T0,2026-06-25T00:00:00.000Z,100,32,0,68,0
L3752:T1:I17024,3752,T1,2026-06-27T11:26:02.000Z,102,32,0,69,1
L3752:T2:I17021,3752,T2,2026-06-27T20:07:20.000Z,102,32,0,69,1
L3752:T2:I17022,3752,T2,2026-06-30T13:37:00.000Z,101,32,0,69,0
L3752:T2:I17023,3752,T2,2026-07-04T19:11:21.000Z,102,32,0,69,1
L3753:T0,3753,T0,2025-09-14T00:00:00.000Z,19,19,0,0,0
L3753:T1:I17027,3753,T1,2025-09-20T14:13:45.000Z,20,19,0,0,1
L3753:T2:I17028,3753,T2,2025-09-20T19:12:29.000Z,20,19,0,0,1
L3753:T2:I17026,3753,T2,2025-09-23T09:28:47.000Z,20,19,0,0,1
L3753:T2:I17025,3753,T2,2025-10-18T14:32:00.000Z,22,21,0,0,1
L3754:T0,3754,T0,2025-09-26T00:00:00.000Z,15,0,15,0,0
L3754:T1:I17029,3754,T1,2026-04-02T20:32:00.000Z,29,0,28,0,1
L3755:T0,3755,T0,2025-06-05T00:00:00.000Z,15,15,0,0,0
L3755:T1:I17032,3755,T1,2025-06-07T10:18:35.000Z,16,15,0,0,1
L3755:T2:I17033,3755,T2,2025-06-07T10:59:51.000Z,16,15,0,0,1
L3755:T2:I17034,3755,T2,2025-06-09T12:58:32.000Z,16,15,0,0,1
L3755:T2:I17031,3755,T2,2025-06-26T07:27:00.000Z,17,16,0,0,1
L3755:T2:I17030,3755,T2,2025-12-16T20:30:00.000Z,21,20,0,0,1
L3756:T0,3756,T0,2025-12-20T00:00:00.000Z,30,30,0,0,0
L3756:T1:I17036,3756,T1,2025-12-22T11:59:48.000Z,31,30,0,0,1
L3756:T2:I17037,3756,T2,2025-12-28T11:42:46.000Z,31,30,0,0,1
L3756:T2:I17039,3756,T2,2025-12-30T07:18:16.000Z,31,30,0,0,1
L3756:T2:I17035,3756,T2,2026-01-01T13:54:27.000Z,32,31,0,0,1
L3756:T2:I17038,3756,T2,2026-01-02T15:01:21.000Z,32,31,0,0,1
L3757:T0,3757,T0,2026-06-30T00:00:00.000Z,24,24,0,0,0
L3757:T1:I17043,3757,T1,2026-06-30T08:26:31.000Z,25,24,0,0,1
L3757:T2:I17044,3757,T2,2026-07-06T17:56:07.000Z,25,24,0,0,1
L3757:T2:I17041,3757,T2,2026-07-08T14:50:14.000Z,25,24,0,0,1
L3757:T2:I17040,3757,T2,2026-07-08T18:54:02.000Z,24,24,0,0,0
L3757:T2:I17042,3757,T2,2026-07-13T17:35:37.000Z,25,24,0,0,1
L3758:T0,3758,T0,2026-01-06T00:00:00.000Z,25,25,0,0,0
L3758:T1:I17046,3758,T1,2026-01-07T19:26:47.000Z,26,25,0,0,1
L3758:T2:I17048,3758,T2,2026-01-10T11:10:55.000Z,26,25,0,0,1
L3758:T2:I17049,3758,T2,2026-01-18T14:25:13.000Z,27,26,0,0,1
L3758:T2:I17047,3758,T2,2026-02-10T07:08:00.000Z,27,26,0,0,1
L3758:T2:I17045,3758,T2,2026-03-09T16:09:00.000Z,28,27,0,0,1
L3759:T0,3759,T0,2026-01-13T00:00:00.000Z,63,28,0,35,0
L3759:T1:I17057,3759,T1,2026-01-14T12:51:42.000Z,65,28,0,36,1
L3759:T2:I17056,3759,T2,2026-01-17T09:52:36.000Z,65,28,0,36,1
L3759:T2:I17052,3759,T2,2026-01-21T17:12:50.000Z,65,29,0,36,0
L3759:T2:I17054,3759,T2,2026-01-23T10:22:33.000Z,66,29,0,36,1
L3759:T2:I17053,3759,T2,2026-01-25T12:54:07.000Z,66,29,0,36,1
L3759:T2:I17055,3759,T2,2026-01-26T11:02:56.000Z,66,29,0,36,1
L3759:T2:I17051,3759,T2,2026-03-04T13:06:00.000Z,69,31,0,37,1
L3759:T2:I17050,3759,T2,2026-06-24T09:03:00.000Z,77,37,0,40,0
L3760:T0,3760,T0,2026-06-25T00:00:00.000Z,43,43,0,0,0
L3760:T1:I17059,3760,T1,2026-07-01T12:30:07.000Z,45,44,0,0,1
L3760:T2:I17058,3760,T2,2026-07-07T20:50:09.000Z,44,44,0,0,0
L3761:T0,3761,T0,2025-03-04T00:00:00.000Z,26,11,0,15,0
L3761:T1:I17064,3761,T1,2025-03-13T20:10:58.000Z,29,12,0,16,1
L3761:T2:I17067,3761,T2,2025-04-13T20:58:00.000Z,35,12,0,22,1
L3761:T2:I17063,3761,T2,2025-05-15T08:56:00.000Z,43,14,0,28,1
L3761:T2:I17061,3761,T2,2025-09-12T20:19:00.000Z,60,20,0,39,1
L3761:T2:I17065,3761,T2,2025-12-24T09:20:00.000Z,71,23,0,47,1
L3761:T2:I17062,3761,T2,2026-02-10T12:57:00.000Z,76,24,0,52,0
L3761:T2:I17060,3761,T2,2026-05-09T19:46:00.000Z,90,28,0,61,1
L3761:T2:I17066,3761,T2,2026-06-16T19:15:00.000Z,91,28,0,63,0
L3762:T0,3762,T0,2025-06-16T00:00:00.000Z,18,18,0,0,0
L3762:T1:I17072,3762,T1,2025-06-16T14:26:30.000Z,19,18,0,0,1
L3762:T2:I17071,3762,T2,2025-06-17T17:02:23.000Z,19,18,0,0,1
L3762:T2:I17070,3762,T2,2025-06-27T16:05:17.000Z,20,19,0,0,1
L3762:T2:I17068,3762,T2,2025-06-29T07:09:23.000Z,20,19,0,0,1
L3762:T2:I17075,3762,T2,2025-09-25T10:49:00.000Z,24,23,0,0,1
L3762:T2:I17073,3762,T2,2025-09-27T13:50:00.000Z,24,23,0,0,1
L3762:T2:I17074,3762,T2,2026-06-02T13:17:00.000Z,31,30,0,0,1
L3762:T2:I17069,3762,T2,2026-06-13T08:05:00.000Z,31,30,0,0,1
L3763:T0,3763,T0,2025-03-12T00:00:00.000Z,17,11,0,6,0
L3763:T1:I17077,3763,T1,2025-03-12T12:27:39.000Z,18,11,0,6,1
L3763:T2:I17076,3763,T2,2025-03-14T14:12:52.000Z,19,11,0,7,1
L3763:T2:I17082,3763,T2,2025-03-18T13:37:19.000Z,19,11,0,7,1
L3763:T2:I17079,3763,T2,2025-03-19T20:19:04.000Z,19,11,0,7,1
L3763:T2:I17080,3763,T2,2025-03-22T10:29:49.000Z,19,11,0,7,1
L3763:T2:I17081,3763,T2,2025-03-25T20:38:03.000Z,19,11,0,7,1
L3763:T2:I17078,3763,T2,2025-10-24T13:38:00.000Z,31,16,0,15,0
L3764:T0,3764,T0,2026-05-22T00:00:00.000Z,34,0,34,0,0
L3764:T1:I17083,3764,T1,2026-05-25T19:22:51.000Z,35,0,34,0,1
L3764:T2:I17085,3764,T2,2026-05-26T09:59:15.000Z,35,0,34,0,1
L3764:T2:I17084,3764,T2,2026-05-26T20:34:03.000Z,35,0,34,0,1
L3764:T2:I17088,3764,T2,2026-05-28T19:39:07.000Z,35,0,34,0,1
L3764:T2:I17086,3764,T2,2026-05-31T07:38:17.000Z,35,0,34,0,1
L3764:T2:I17089,3764,T2,2026-05-31T20:35:08.000Z,35,0,34,0,1
L3764:T2:I17087,3764,T2,2026-06-02T12:54:49.000Z,36,0,35,0,1
L3765:T0,3765,T0,2025-11-01T00:00:00.000Z,17,17,0,0,0
L3765:T1:I17090,3765,T1,2025-11-09T14:55:46.000Z,19,18,0,0,1
L3766:T0,3766,T0,2026-01-28T00:00:00.000Z,36,0,36,0,0
L3766:T1:I17092,3766,T1,2026-01-29T20:22:38.000Z,37,0,36,0,1
L3766:T2:I17091,3766,T2,2026-01-31T11:32:44.000Z,37,0,36,0,1
L3766:T2:I17093,3766,T2,2026-02-08T10:50:11.000Z,39,0,38,0,1
L3766:T2:I17094,3766,T2,2026-04-05T10:04:00.000Z,41,0,40,0,1
L3767:T0,3767,T0,2025-12-25T00:00:00.000Z,48,29,0,19,0
L3767:T1:I17098,3767,T1,2025-12-27T20:28:51.000Z,49,29,0,19,1
L3767:T2:I17096,3767,T2,2025-12-29T18:28:17.000Z,48,29,0,19,0
L3767:T2:I17097,3767,T2,2026-01-04T18:43:58.000Z,49,29,0,19,1
L3767:T2:I17095,3767,T2,2026-03-09T15:14:00.000Z,54,31,0,23,0
L3768:T0,3768,T0,2026-03-30T00:00:00.000Z,18,18,0,0,0
L3768:T1:I17100,3768,T1,2026-04-02T16:28:21.000Z,19,18,0,0,1
L3768:T2:I17099,3768,T2,2026-04-03T13:51:52.000Z,19,18,0,0,1
L3768:T2:I17101,3768,T2,2026-04-05T16:01:10.000Z,19,18,0,0,1
L3768:T2:I17103,3768,T2,2026-04-09T13:08:57.000Z,18,18,0,0,0
L3768:T2:I17102,3768,T2,2026-04-11T08:24:51.000Z,19,18,0,0,1
L3769:T0,3769,T0,2025-06-28T00:00:00.000Z,28,13,0,15,0
L3769:T1:I17104,3769,T1,2025-07-03T15:03:03.000Z,29,13,0,15,1
L3769:T2:I17105,3769,T2,2025-07-08T18:57:18.000Z,29,13,0,15,1
L3769:T2:I17106,3769,T2,2025-09-14T14:01:00.000Z,38,15,0,22,1
L3770:T0,3770,T0,2025-05-24T00:00:00.000Z,33,7,0,26,0
L3770:T1:I17107,3770,T1,2025-05-24T18:25:24.000Z,34,7,0,26,1
L3770:T2:I17108,3770,T2,2025-05-30T16:46:20.000Z,36,8,0,27,1
L3770:T2:I17113,3770,T2,2025-05-31T11:26:51.000Z,35,8,0,27,0
L3770:T2:I17111,3770,T2,2025-06-02T15:13:37.000Z,36,8,0,27,1
L3770:T2:I17112,3770,T2,2025-06-06T09:01:18.000Z,35,8,0,27,0
L3770:T2:I17114,3770,T2,2025-06-06T10:01:43.000Z,36,8,0,27,1
L3770:T2:I17109,3770,T2,2025-10-06T14:21:00.000Z,58,15,0,42,1
L3770:T2:I17110,3770,T2,2026-04-06T13:15:00.000Z,75,22,0,52,1
L3771:T0,3771,T0,2025-01-08T00:00:00.000Z,21,10,11,0,0
L3771:T1:I17121,3771,T1,2025-02-24T11:35:00.000Z,26,10,15,0,1
L3771:T2:I17120,3771,T2,2025-03-27T09:33:00.000Z,33,13,19,0,1
L3771:T2:I17117,3771,T2,2025-06-30T17:50:00.000Z,38,16,21,0,1
L3771:T2:I17115,3771,T2,2025-07-15T11:02:00.000Z,39,16,22,0,1
L3771:T2:I17119,3771,T2,2025-12-26T11:39:00.000Z,51,23,27,0,1
L3771:T2:I17116,3771,T2,2026-02-02T17:08:00.000Z,55,25,29,0,1
L3771:T2:I17118,3771,T2,2026-02-14T08:18:00.000Z,56,26,29,0,1
L3772:T0,3772,T0,2026-06-18T00:00:00.000Z,36,36,0,0,0
L3772:T1:I17122,3772,T1,2026-06-23T07:10:31.000Z,37,36,0,0,1
L3772:T2:I17126,3772,T2,2026-06-24T15:58:34.000Z,37,36,0,0,1
L3772:T2:I17125,3772,T2,2026-06-29T07:37:54.000Z,38,37,0,0,1
L3772:T2:I17124,3772,T2,2026-06-30T17:44:25.000Z,38,37,0,0,1
L3772:T2:I17123,3772,T2,2026-07-01T10:57:29.000Z,38,37,0,0,1
L3773:T0,3773,T0,2025-12-10T00:00:00.000Z,31,31,0,0,0
L3773:T1:I17127,3773,T1,2025-12-20T17:11:40.000Z,33,32,0,0,1
L3773:T2:I17128,3773,T2,2025-12-23T10:23:06.000Z,33,32,0,0,1
L3774:T0,3774,T0,2025-10-29T00:00:00.000Z,22,22,0,0,0
L3774:T1:I17130,3774,T1,2025-11-05T10:50:33.000Z,23,22,0,0,1
L3774:T2:I17136,3774,T2,2025-11-08T07:25:08.000Z,23,22,0,0,1
L3774:T2:I17132,3774,T2,2025-11-09T08:56:41.000Z,23,22,0,0,1
L3774:T2:I17135,3774,T2,2025-11-11T08:48:09.000Z,23,22,0,0,1
L3774:T2:I17133,3774,T2,2025-11-11T13:06:16.000Z,23,22,0,0,1
L3774:T2:I17134,3774,T2,2025-11-29T07:49:00.000Z,24,23,0,0,1
L3774:T2:I17131,3774,T2,2025-12-05T08:02:00.000Z,24,23,0,0,1
L3774:T2:I17129,3774,T2,2025-12-26T20:30:00.000Z,26,25,0,0,1
L3775:T0,3775,T0,2025-03-17T00:00:00.000Z,5,5,0,0,0
L3775:T1:I17139,3775,T1,2025-07-10T07:10:00.000Z,12,11,0,0,1
L3775:T2:I17137,3775,T2,2025-10-02T17:04:00.000Z,18,17,0,0,1
L3775:T2:I17138,3775,T2,2026-03-27T12:31:00.000Z,25,24,0,0,1
L3775:T2:I17141,3775,T2,2026-06-08T10:48:00.000Z,31,30,0,0,1
L3775:T2:I17140,3775,T2,2026-06-28T10:34:00.000Z,32,31,0,0,1
L3776:T0,3776,T0,2025-12-13T00:00:00.000Z,59,32,0,27,0
L3776:T1:I17142,3776,T1,2026-01-01T16:20:00.000Z,60,32,0,27,1
L3776:T2:I17143,3776,T2,2026-05-25T10:42:00.000Z,74,39,0,35,0
L3777:T0,3777,T0,2025-10-21T00:00:00.000Z,43,24,0,19,0
L3777:T1:I17146,3777,T1,2025-10-23T14:10:24.000Z,43,24,0,19,0
L3777:T2:I17149,3777,T2,2025-10-23T17:16:44.000Z,44,24,0,19,1
L3777:T2:I17148,3777,T2,2025-10-26T09:44:23.000Z,44,24,0,19,1
L3777:T2:I17144,3777,T2,2025-10-26T17:07:06.000Z,44,24,0,19,1
L3777:T2:I17150,3777,T2,2025-10-31T18:59:41.000Z,44,24,0,19,1
L3777:T2:I17151,3777,T2,2025-11-01T13:20:55.000Z,44,24,0,19,1
L3777:T2:I17147,3777,T2,2025-11-03T08:31:21.000Z,45,25,0,19,1
L3777:T2:I17145,3777,T2,2026-01-23T15:11:00.000Z,51,30,0,20,1
L3778:T0,3778,T0,2026-06-30T00:00:00.000Z,21,21,0,0,0
L3778:T1:I17154,3778,T1,2026-07-01T14:44:39.000Z,22,21,0,0,1
L3778:T2:I17156,3778,T2,2026-07-05T18:33:56.000Z,22,21,0,0,1
L3778:T2:I17152,3778,T2,2026-07-08T14:39:34.000Z,22,21,0,0,1
L3778:T2:I17155,3778,T2,2026-07-08T14:40:33.000Z,21,21,0,0,0
L3778:T2:I17153,3778,T2,2026-07-09T08:47:33.000Z,22,21,0,0,1
L3779:T0,3779,T0,2026-05-12T00:00:00.000Z,36,0,36,0,0
L3779:T1:I17162,3779,T1,2026-05-12T11:11:03.000Z,37,0,36,0,1
L3779:T2:I17158,3779,T2,2026-05-14T20:30:09.000Z,37,0,36,0,1
L3779:T2:I17157,3779,T2,2026-05-15T10:52:11.000Z,37,0,36,0,1
L3779:T2:I17159,3779,T2,2026-05-17T09:44:16.000Z,37,0,36,0,1
L3779:T2:I17161,3779,T2,2026-05-21T20:02:53.000Z,37,0,36,0,1
L3779:T2:I17160,3779,T2,2026-05-22T20:44:20.000Z,37,0,36,0,1
L3780:T0,3780,T0,2025-01-19T00:00:00.000Z,11,11,0,0,0
L3780:T1:I17165,3780,T1,2025-01-21T18:36:39.000Z,12,11,0,0,1
L3780:T2:I17167,3780,T2,2025-07-08T15:55:00.000Z,21,20,0,0,1
L3780:T2:I17163,3780,T2,2025-08-08T15:48:00.000Z,25,24,0,0,1
L3780:T2:I17168,3780,T2,2025-11-29T09:26:00.000Z,29,28,0,0,1
L3780:T2:I17164,3780,T2,2026-02-17T11:06:00.000Z,33,32,0,0,1
L3780:T2:I17170,3780,T2,2026-03-10T13:09:00.000Z,33,32,0,0,1
L3780:T2:I17169,3780,T2,2026-04-21T13:07:00.000Z,36,35,0,0,1
L3780:T2:I17166,3780,T2,2026-04-23T19:41:00.000Z,37,37,0,0,0
L3781:T0,3781,T0,2025-09-25T00:00:00.000Z,47,14,0,33,0
L3781:T1:I17174,3781,T1,2025-09-25T17:56:05.000Z,48,14,0,33,1
L3781:T2:I17173,3781,T2,2025-10-01T09:44:57.000Z,48,15,0,33,0
L3781:T2:I17172,3781,T2,2025-10-02T08:12:06.000Z,49,15,0,33,1
L3781:T2:I17171,3781,T2,2026-06-13T17:08:00.000Z,87,26,0,60,1
L3782:T0,3782,T0,2026-01-07T00:00:00.000Z,34,21,0,13,0
L3782:T1:I17177,3782,T1,2026-01-07T17:59:14.000Z,35,21,0,13,1
L3782:T2:I17178,3782,T2,2026-01-10T19:26:57.000Z,35,21,0,13,1
L3782:T2:I17175,3782,T2,2026-01-19T15:27:33.000Z,35,21,0,13,1
L3782:T2:I17176,3782,T2,2026-04-03T19:35:00.000Z,40,24,0,15,1
L3782:T2:I17179,3782,T2,2026-04-09T19:10:00.000Z,40,24,0,15,1
L3783:T0,3783,T0,2025-03-28T00:00:00.000Z,42,17,0,25,0
L3783:T1:I17180,3783,T1,2025-04-03T11:42:33.000Z,44,18,0,25,1
L3783:T2:I17182,3783,T2,2025-07-23T11:58:00.000Z,66,24,0,41,1
L3783:T2:I17181,3783,T2,2026-03-19T19:02:00.000Z,107,44,0,62,1
L3784:T0,3784,T0,2026-04-10T00:00:00.000Z,48,48,0,0,0
L3784:T1:I17186,3784,T1,2026-04-13T16:05:34.000Z,49,48,0,0,1
L3784:T2:I17183,3784,T2,2026-04-16T11:12:56.000Z,49,49,0,0,0
L3784:T2:I17184,3784,T2,2026-05-08T17:04:00.000Z,53,52,0,0,1
L3784:T2:I17185,3784,T2,2026-05-31T07:42:00.000Z,56,55,0,0,1
L3785:T0,3785,T0,2025-10-17T00:00:00.000Z,34,17,0,17,0
L3785:T1:I17187,3785,T1,2025-10-21T08:35:10.000Z,36,18,0,17,1
L3785:T2:I17188,3785,T2,2026-06-09T13:45:00.000Z,56,24,0,31,1
L3786:T0,3786,T0,2026-06-26T00:00:00.000Z,63,29,0,34,0
L3786:T1:I17189,3786,T1,2026-06-27T11:28:22.000Z,64,29,0,34,1
L3786:T2:I17192,3786,T2,2026-06-28T17:42:01.000Z,64,29,0,34,1
L3786:T2:I17190,3786,T2,2026-07-02T16:33:51.000Z,64,29,0,34,1
L3786:T2:I17191,3786,T2,2026-07-04T17:12:30.000Z,64,29,0,34,1
L3787:T0,3787,T0,2025-02-24T00:00:00.000Z,6,6,0,0,0
L3787:T1:I17194,3787,T1,2025-03-05T17:11:47.000Z,7,6,0,0,1
L3787:T2:I17196,3787,T2,2025-03-06T15:31:04.000Z,7,6,0,0,1
L3787:T2:I17195,3787,T2,2026-02-21T09:35:00.000Z,26,26,0,0,0
L3787:T2:I17193,3787,T2,2026-03-02T09:31:00.000Z,27,26,0,0,1
L3788:T0,3788,T0,2025-07-16T00:00:00.000Z,79,27,0,52,0
L3788:T1:I17199,3788,T1,2025-07-18T19:13:06.000Z,81,27,0,53,1
L3788:T2:I17198,3788,T2,2025-07-18T20:43:00.000Z,81,27,0,53,1
L3788:T2:I17200,3788,T2,2025-07-24T11:16:11.000Z,81,27,0,53,1
L3788:T2:I17203,3788,T2,2025-07-29T08:34:04.000Z,82,27,0,54,1
L3788:T2:I17204,3788,T2,2025-09-20T10:42:00.000Z,94,29,0,64,1
L3788:T2:I17201,3788,T2,2025-11-13T14:38:00.000Z,115,34,0,80,1
L3788:T2:I17202,3788,T2,2026-01-12T13:43:00.000Z,129,36,0,93,0
L3788:T2:I17197,3788,T2,2026-06-08T15:42:00.000Z,154,44,0,109,1
L3789:T0,3789,T0,2026-03-13T00:00:00.000Z,36,23,0,13,0
L3789:T1:I17207,3789,T1,2026-03-13T09:46:55.000Z,37,23,0,13,1
L3789:T2:I17211,3789,T2,2026-03-14T15:14:57.000Z,37,23,0,13,1
L3789:T2:I17206,3789,T2,2026-03-14T16:30:58.000Z,37,23,0,13,1
L3789:T2:I17205,3789,T2,2026-03-21T17:29:33.000Z,39,24,0,14,1
L3789:T2:I17210,3789,T2,2026-03-22T15:09:41.000Z,39,24,0,14,1
L3789:T2:I17212,3789,T2,2026-03-23T16:44:12.000Z,38,24,0,14,0
L3789:T2:I17209,3789,T2,2026-03-24T08:33:50.000Z,40,24,0,15,1
L3789:T2:I17208,3789,T2,2026-03-25T14:47:15.000Z,40,24,0,15,1
L3790:T0,3790,T0,2025-07-24T00:00:00.000Z,12,12,0,0,0
L3790:T1:I17213,3790,T1,2025-07-25T13:55:38.000Z,13,12,0,0,1
L3790:T2:I17220,3790,T2,2025-07-25T18:31:51.000Z,13,12,0,0,1
L3790:T2:I17217,3790,T2,2025-07-27T13:15:35.000Z,13,12,0,0,1
L3790:T2:I17219,3790,T2,2025-07-27T16:03:30.000Z,13,12,0,0,1
L3790:T2:I17215,3790,T2,2025-07-30T17:40:24.000Z,13,12,0,0,1
L3790:T2:I17214,3790,T2,2025-12-02T10:52:00.000Z,15,14,0,0,1
L3790:T2:I17218,3790,T2,2026-01-29T07:44:00.000Z,16,15,0,0,1
L3790:T2:I17216,3790,T2,2026-06-05T10:43:00.000Z,25,24,0,0,1
L3791:T0,3791,T0,2025-10-15T00:00:00.000Z,65,34,0,31,0
L3791:T1:I17224,3791,T1,2025-10-16T08:06:55.000Z,66,34,0,31,1
L3791:T2:I17226,3791,T2,2025-10-16T09:46:23.000Z,66,34,0,31,1
L3791:T2:I17225,3791,T2,2025-10-19T12:39:02.000Z,67,34,0,32,1
L3791:T2:I17222,3791,T2,2025-10-26T07:31:21.000Z,68,35,0,33,0
L3791:T2:I17227,3791,T2,2025-10-27T08:37:02.000Z,69,35,0,33,1
L3791:T2:I17221,3791,T2,2025-10-27T12:18:15.000Z,69,35,0,33,1
L3791:T2:I17223,3791,T2,2026-01-17T08:09:00.000Z,77,40,0,36,1
L3792:T0,3792,T0,2025-03-12T00:00:00.000Z,5,5,0,0,0
L3792:T1:I17229,3792,T1,2025-03-17T12:10:16.000Z,7,6,0,0,1
L3792:T2:I17234,3792,T2,2025-03-19T09:12:14.000Z,7,6,0,0,1
L3792:T2:I17232,3792,T2,2025-05-10T13:34:00.000Z,8,7,0,0,1
L3792:T2:I17233,3792,T2,2025-05-30T17:11:00.000Z,8,7,0,0,1
L3792:T2:I17230,3792,T2,2025-07-21T19:49:00.000Z,11,10,0,0,1
L3792:T2:I17228,3792,T2,2026-04-23T15:29:00.000Z,20,19,0,0,1
L3792:T2:I17231,3792,T2,2026-05-04T10:39:00.000Z,20,19,0,0,1
L3793:T0,3793,T0,2025-07-30T00:00:00.000Z,15,15,0,0,0
L3793:T1:I17237,3793,T1,2025-07-30T10:13:16.000Z,16,15,0,0,1
L3793:T2:I17240,3793,T2,2025-08-03T15:28:54.000Z,16,15,0,0,1
L3793:T2:I17241,3793,T2,2025-08-05T17:59:23.000Z,16,15,0,0,1
L3793:T2:I17238,3793,T2,2025-08-07T11:51:06.000Z,16,15,0,0,1
L3793:T2:I17242,3793,T2,2025-08-12T08:40:55.000Z,15,15,0,0,0
L3793:T2:I17236,3793,T2,2026-03-06T20:17:00.000Z,20,19,0,0,1
L3793:T2:I17239,3793,T2,2026-03-07T11:48:00.000Z,20,20,0,0,0
L3793:T2:I17235,3793,T2,2026-03-23T10:09:00.000Z,23,22,0,0,1
L3794:T0,3794,T0,2025-02-24T00:00:00.000Z,19,5,0,14,0
L3794:T1:I17243,3794,T1,2025-03-06T17:51:55.000Z,22,5,0,16,1
L3795:T0,3795,T0,2025-10-27T00:00:00.000Z,53,26,0,27,0
L3795:T1:I17247,3795,T1,2025-10-30T15:08:43.000Z,55,26,0,28,1
L3795:T2:I17244,3795,T2,2025-11-01T20:34:39.000Z,55,26,0,28,1
L3795:T2:I17245,3795,T2,2026-03-05T20:47:00.000Z,64,29,0,35,0
L3795:T2:I17246,3795,T2,2026-05-22T12:26:00.000Z,78,33,0,44,1
L3796:T0,3796,T0,2026-03-27T00:00:00.000Z,9,9,0,0,0
L3796:T1:I17250,3796,T1,2026-03-28T17:02:00.000Z,10,9,0,0,1
L3796:T2:I17251,3796,T2,2026-03-29T12:56:54.000Z,10,9,0,0,1
L3796:T2:I17248,3796,T2,2026-04-07T17:15:33.000Z,10,9,0,0,1
L3796:T2:I17249,3796,T2,2026-04-12T20:34:00.000Z,11,10,0,0,1
L3796:T2:I17252,3796,T2,2026-06-12T16:18:00.000Z,12,11,0,0,1
L3797:T0,3797,T0,2025-04-18T00:00:00.000Z,8,8,0,0,0
L3797:T1:I17254,3797,T1,2025-06-21T18:49:00.000Z,11,10,0,0,1
L3797:T2:I17253,3797,T2,2025-06-27T20:55:00.000Z,11,11,0,0,0
L3798:T0,3798,T0,2025-01-04T00:00:00.000Z,10,10,0,0,0
L3798:T1:I17257,3798,T1,2025-01-09T11:05:12.000Z,11,10,0,0,1
L3798:T2:I17260,3798,T2,2025-01-16T18:29:11.000Z,11,10,0,0,1
L3798:T2:I17262,3798,T2,2025-01-25T16:13:00.000Z,12,11,0,0,1
L3798:T2:I17256,3798,T2,2025-04-18T10:59:00.000Z,15,14,0,0,1
L3798:T2:I17261,3798,T2,2025-05-04T20:09:00.000Z,18,17,0,0,1
L3798:T2:I17255,3798,T2,2026-02-18T12:23:00.000Z,24,23,0,0,1
L3798:T2:I17258,3798,T2,2026-04-17T20:36:00.000Z,27,26,0,0,1
L3798:T2:I17259,3798,T2,2026-05-11T18:36:00.000Z,28,28,0,0,0
L3799:T0,3799,T0,2025-06-15T00:00:00.000Z,26,0,6,20,0
L3799:T1:I17263,3799,T1,2025-06-19T20:44:19.000Z,27,0,6,20,1
L3799:T2:I17266,3799,T2,2025-06-21T07:12:44.000Z,27,0,6,20,1
L3799:T2:I17264,3799,T2,2025-06-24T15:07:28.000Z,27,0,6,20,1
L3799:T2:I17267,3799,T2,2025-06-25T11:46:21.000Z,27,0,6,20,1
L3799:T2:I17265,3799,T2,2026-05-01T13:19:00.000Z,58,0,16,41,1
L3800:T0,3800,T0,2026-05-02T00:00:00.000Z,32,32,0,0,0
L3800:T1:I17270,3800,T1,2026-05-09T16:27:08.000Z,33,32,0,0,1
L3800:T2:I17268,3800,T2,2026-05-10T18:00:44.000Z,33,32,0,0,1
L3800:T2:I17269,3800,T2,2026-05-15T13:27:58.000Z,34,33,0,0,1
L3801:T0,3801,T0,2025-07-07T00:00:00.000Z,31,11,20,0,0
L3801:T1:I17275,3801,T1,2025-07-07T07:37:47.000Z,32,11,20,0,1
L3801:T2:I17276,3801,T2,2025-07-08T09:19:48.000Z,32,11,20,0,1
L3801:T2:I17272,3801,T2,2025-07-10T17:42:21.000Z,32,11,20,0,1
L3801:T2:I17278,3801,T2,2025-07-13T18:22:33.000Z,32,11,20,0,1
L3801:T2:I17277,3801,T2,2025-07-15T08:17:04.000Z,32,11,20,0,1
L3801:T2:I17273,3801,T2,2025-07-20T20:15:31.000Z,32,11,20,0,1
L3801:T2:I17274,3801,T2,2025-08-11T11:39:00.000Z,34,11,22,0,1
L3801:T2:I17271,3801,T2,2026-06-26T15:54:00.000Z,58,23,34,0,1
L3802:T0,3802,T0,2025-06-16T00:00:00.000Z,28,13,0,15,0
L3802:T1:I17283,3802,T1,2025-06-21T08:18:48.000Z,30,13,0,16,1
L3802:T2:I17279,3802,T2,2025-06-21T17:35:34.000Z,30,13,0,16,1
L3802:T2:I17281,3802,T2,2025-06-28T16:05:29.000Z,30,13,0,16,1
L3802:T2:I17280,3802,T2,2025-08-18T08:55:00.000Z,38,15,0,22,1
L3802:T2:I17284,3802,T2,2025-09-07T17:16:00.000Z,40,16,0,23,1
L3802:T2:I17282,3802,T2,2026-05-12T15:31:00.000Z,62,25,0,36,1
L3803:T0,3803,T0,2025-12-10T00:00:00.000Z,40,24,16,0,0
L3803:T1:I17285,3803,T1,2025-12-14T12:32:15.000Z,41,24,16,0,1
L3803:T2:I17291,3803,T2,2025-12-14T13:30:06.000Z,41,24,16,0,1
L3803:T2:I17288,3803,T2,2025-12-16T17:03:53.000Z,40,24,16,0,0
L3803:T2:I17290,3803,T2,2025-12-18T09:36:55.000Z,41,24,16,0,1
L3803:T2:I17289,3803,T2,2025-12-19T15:40:48.000Z,41,24,16,0,1
L3803:T2:I17287,3803,T2,2025-12-19T16:15:41.000Z,41,24,16,0,1
L3803:T2:I17286,3803,T2,2026-01-09T15:29:00.000Z,42,24,17,0,1
L3804:T0,3804,T0,2026-03-24T00:00:00.000Z,56,28,0,28,0
L3804:T1:I17293,3804,T1,2026-03-27T14:48:10.000Z,58,28,0,29,1
L3804:T2:I17294,3804,T2,2026-04-05T19:53:18.000Z,60,29,0,30,1
L3804:T2:I17292,3804,T2,2026-05-10T14:22:00.000Z,62,29,0,32,1
L3805:T0,3805,T0,2025-11-21T00:00:00.000Z,56,30,0,26,0
L3805:T1:I17295,3805,T1,2025-11-23T19:20:53.000Z,59,31,0,27,1
L3805:T2:I17301,3805,T2,2025-11-26T16:12:55.000Z,59,31,0,27,1
L3805:T2:I17296,3805,T2,2025-12-01T19:20:13.000Z,59,31,0,27,1
L3805:T2:I17298,3805,T2,2025-12-03T09:50:18.000Z,59,31,0,27,1
L3805:T2:I17300,3805,T2,2025-12-03T12:44:49.000Z,58,31,0,27,0
L3805:T2:I17297,3805,T2,2025-12-04T10:00:12.000Z,60,32,0,27,1
L3805:T2:I17302,3805,T2,2026-04-12T09:38:00.000Z,73,39,0,33,1
L3805:T2:I17299,3805,T2,2026-04-13T12:28:00.000Z,73,39,0,33,1
L3806:T0,3806,T0,2025-05-19T00:00:00.000Z,32,0,19,13,0
L3806:T1:I17307,3806,T1,2025-05-24T15:25:24.000Z,34,0,19,14,1
L3806:T2:I17305,3806,T2,2025-08-26T17:10:00.000Z,47,0,21,25,1
L3806:T2:I17304,3806,T2,2025-09-30T16:51:00.000Z,52,0,23,28,1
L3806:T2:I17303,3806,T2,2026-02-15T14:20:00.000Z,67,0,30,37,0
L3806:T2:I17308,3806,T2,2026-04-04T08:52:00.000Z,72,0,33,38,1
L3806:T2:I17306,3806,T2,2026-05-12T20:40:00.000Z,74,0,34,39,1
L3807:T0,3807,T0,2025-03-07T00:00:00.000Z,17,6,0,11,0
L3807:T1:I17311,3807,T1,2025-03-09T10:40:38.000Z,18,6,0,11,1
L3807:T2:I17309,3807,T2,2025-03-14T15:52:02.000Z,19,7,0,11,1
L3807:T2:I17312,3807,T2,2025-03-26T14:42:00.000Z,19,7,0,11,1
L3807:T2:I17310,3807,T2,2025-09-23T11:18:00.000Z,29,12,0,16,1
L3808:T0,3808,T0,2025-11-17T00:00:00.000Z,48,22,26,0,0
L3808:T1:I17317,3808,T1,2025-11-17T17:29:00.000Z,49,22,26,0,1
L3808:T2:I17316,3808,T2,2025-11-19T09:13:15.000Z,49,22,26,0,1
L3808:T2:I17314,3808,T2,2025-11-20T19:56:09.000Z,49,22,26,0,1
L3808:T2:I17313,3808,T2,2025-11-25T09:02:54.000Z,48,22,26,0,0
L3808:T2:I17315,3808,T2,2026-02-03T16:26:00.000Z,56,23,32,0,1
L3809:T0,3809,T0,2026-04-30T00:00:00.000Z,92,33,0,59,0
L3809:T1:I17319,3809,T1,2026-05-02T09:39:50.000Z,92,33,0,59,0
L3809:T2:I17320,3809,T2,2026-05-02T10:53:29.000Z,93,33,0,59,1
L3809:T2:I17321,3809,T2,2026-05-02T14:36:25.000Z,93,33,0,59,1
L3809:T2:I17322,3809,T2,2026-05-07T07:20:51.000Z,94,34,0,59,1
L3809:T2:I17318,3809,T2,2026-05-10T09:11:29.000Z,94,34,0,59,1
L3809:T2:I17323,3809,T2,2026-05-11T08:01:49.000Z,94,34,0,60,0
L3809:T2:I17324,3809,T2,2026-06-04T16:48:00.000Z,99,36,0,62,1
L3810:T0,3810,T0,2026-02-28T00:00:00.000Z,111,33,0,78,0
L3810:T1:I17326,3810,T1,2026-03-05T07:58:11.000Z,113,34,0,78,1
L3810:T2:I17325,3810,T2,2026-03-07T20:43:55.000Z,114,35,0,78,1
L3810:T2:I17327,3810,T2,2026-03-13T09:11:14.000Z,115,36,0,78,1
L3811:T0,3811,T0,2025-05-16T00:00:00.000Z,26,17,0,9,0
L3811:T1:I17329,3811,T1,2025-05-26T19:01:03.000Z,28,18,0,9,1
L3811:T2:I17331,3811,T2,2025-07-23T08:46:00.000Z,36,20,0,15,1
L3811:T2:I17328,3811,T2,2025-11-21T09:25:00.000Z,46,23,0,22,1
L3811:T2:I17332,3811,T2,2026-04-23T19:15:00.000Z,63,33,0,29,1
L3811:T2:I17330,3811,T2,2026-05-30T12:00:00.000Z,64,33,0,30,1
L3812:T0,3812,T0,2025-04-04T00:00:00.000Z,6,6,0,0,0
L3812:T1:I17333,3812,T1,2025-04-07T07:01:10.000Z,7,6,0,0,1
L3812:T2:I17337,3812,T2,2025-04-15T12:41:21.000Z,7,6,0,0,1
L3812:T2:I17339,3812,T2,2025-04-17T18:12:25.000Z,7,6,0,0,1
L3812:T2:I17334,3812,T2,2025-05-17T09:06:00.000Z,9,8,0,0,1
L3812:T2:I17338,3812,T2,2025-11-01T19:43:00.000Z,14,14,0,0,0
L3812:T2:I17336,3812,T2,2025-12-08T13:56:00.000Z,16,16,0,0,0
L3812:T2:I17335,3812,T2,2026-04-20T09:16:00.000Z,22,21,0,0,1
L3813:T0,3813,T0,2026-04-20T00:00:00.000Z,15,15,0,0,0
L3813:T1:I17340,3813,T1,2026-05-05T18:01:00.000Z,16,15,0,0,1
L3814:T0,3814,T0,2026-03-26T00:00:00.000Z,106,33,0,73,0
L3814:T1:I17341,3814,T1,2026-03-30T13:32:05.000Z,107,33,0,73,1
L3814:T2:I17342,3814,T2,2026-04-13T18:33:00.000Z,109,33,0,75,1
L3815:T0,3815,T0,2025-07-07T00:00:00.000Z,15,15,0,0,0
L3815:T1:I17343,3815,T1,2025-07-15T18:57:13.000Z,16,15,0,0,1
L3815:T2:I17344,3815,T2,2025-12-13T11:08:00.000Z,20,19,0,0,1
L3816:T0,3816,T0,2025-12-12T00:00:00.000Z,10,10,0,0,0
L3816:T1:I17350,3816,T1,2025-12-12T11:48:22.000Z,11,10,0,0,1
L3816:T2:I17348,3816,T2,2025-12-14T14:16:44.000Z,11,10,0,0,1
L3816:T2:I17345,3816,T2,2025-12-14T17:57:06.000Z,11,10,0,0,1
L3816:T2:I17346,3816,T2,2025-12-18T20:11:50.000Z,11,10,0,0,1
L3816:T2:I17347,3816,T2,2025-12-19T11:42:24.000Z,11,10,0,0,1
L3816:T2:I17349,3816,T2,2025-12-19T14:38:29.000Z,11,10,0,0,1
L3816:T2:I17351,3816,T2,2026-02-02T16:40:00.000Z,12,11,0,0,1
L3817:T0,3817,T0,2025-10-09T00:00:00.000Z,11,11,0,0,0
L3817:T1:I17353,3817,T1,2025-10-18T12:07:13.000Z,12,11,0,0,1
L3817:T2:I17352,3817,T2,2025-12-22T10:56:00.000Z,14,13,0,0,1
L3818:T0,3818,T0,2025-03-13T00:00:00.000Z,27,16,11,0,0
L3818:T1:I17356,3818,T1,2025-03-25T09:44:53.000Z,28,16,11,0,1
L3818:T2:I17355,3818,T2,2026-03-25T14:03:00.000Z,64,37,26,0,1
L3818:T2:I17354,3818,T2,2026-05-12T12:49:00.000Z,66,38,28,0,0
L3819:T0,3819,T0,2025-09-16T00:00:00.000Z,37,16,0,21,0
L3819:T1:I17358,3819,T1,2025-09-26T09:45:40.000Z,38,16,0,21,1
L3819:T2:I17357,3819,T2,2025-09-26T15:58:21.000Z,38,16,0,21,1
L3819:T2:I17361,3819,T2,2025-09-27T19:22:31.000Z,37,16,0,21,0
L3819:T2:I17360,3819,T2,2025-12-29T16:16:00.000Z,46,19,0,26,1
L3819:T2:I17359,3819,T2,2026-05-14T08:41:00.000Z,57,27,0,29,1
L3820:T0,3820,T0,2025-08-22T00:00:00.000Z,14,14,0,0,0
L3820:T1:I17362,3820,T1,2025-08-22T09:09:14.000Z,15,14,0,0,1
L3820:T2:I17363,3820,T2,2025-09-01T15:10:57.000Z,16,15,0,0,1
L3820:T2:I17364,3820,T2,2025-09-02T18:18:58.000Z,17,16,0,0,1
L3821:T0,3821,T0,2025-12-29T00:00:00.000Z,48,24,24,0,0
L3821:T1:I17365,3821,T1,2026-01-03T11:55:43.000Z,49,24,25,0,0
L3821:T2:I17366,3821,T2,2026-01-11T14:06:17.000Z,50,24,25,0,1
L3822:T0,3822,T0,2025-07-19T00:00:00.000Z,17,17,0,0,0
L3822:T1:I17370,3822,T1,2025-07-20T20:23:51.000Z,19,18,0,0,1
L3822:T2:I17372,3822,T2,2025-07-24T18:54:22.000Z,19,18,0,0,1
L3822:T2:I17373,3822,T2,2025-07-24T19:00:43.000Z,19,18,0,0,1
L3822:T2:I17368,3822,T2,2025-07-27T14:51:45.000Z,19,18,0,0,1
L3822:T2:I17367,3822,T2,2025-10-09T16:32:00.000Z,25,24,0,0,1
L3822:T2:I17369,3822,T2,2025-12-15T13:27:00.000Z,26,25,0,0,1
L3822:T2:I17374,3822,T2,2026-03-25T09:34:00.000Z,27,26,0,0,1
L3822:T2:I17371,3822,T2,2026-05-06T07:59:00.000Z,28,27,0,0,1
L3823:T0,3823,T0,2025-05-23T00:00:00.000Z,15,15,0,0,0
L3823:T1:I17377,3823,T1,2025-05-26T16:20:55.000Z,17,16,0,0,1
L3823:T2:I17376,3823,T2,2025-05-28T16:12:12.000Z,17,16,0,0,1
L3823:T2:I17378,3823,T2,2025-05-29T11:18:53.000Z,17,16,0,0,1
L3823:T2:I17379,3823,T2,2025-05-31T10:43:28.000Z,17,16,0,0,1
L3823:T2:I17380,3823,T2,2025-06-04T17:16:27.000Z,17,16,0,0,1
L3823:T2:I17375,3823,T2,2025-10-08T08:21:00.000Z,24,24,0,0,0
L3823:T2:I17382,3823,T2,2025-10-18T15:50:00.000Z,26,25,0,0,1
L3823:T2:I17381,3823,T2,2026-02-06T09:28:00.000Z,26,25,0,0,1
L3824:T0,3824,T0,2025-10-02T00:00:00.000Z,45,20,25,0,0
L3824:T1:I17384,3824,T1,2025-10-03T18:30:55.000Z,45,20,25,0,0
L3824:T2:I17385,3824,T2,2025-10-08T10:04:20.000Z,46,20,25,0,1
L3824:T2:I17383,3824,T2,2025-10-08T12:20:49.000Z,46,20,25,0,1
L3825:T0,3825,T0,2025-12-24T00:00:00.000Z,34,34,0,0,0
L3825:T1:I17387,3825,T1,2025-12-25T08:16:57.000Z,35,34,0,0,1
L3825:T2:I17386,3825,T2,2026-01-06T15:56:34.000Z,37,36,0,0,1
L3826:T0,3826,T0,2025-05-12T00:00:00.000Z,32,15,0,17,0
L3826:T1:I17389,3826,T1,2025-05-13T08:15:23.000Z,33,15,0,17,1
L3826:T2:I17391,3826,T2,2025-05-22T13:10:17.000Z,36,16,0,19,1
L3826:T2:I17388,3826,T2,2025-10-19T08:40:00.000Z,44,20,0,23,1
L3826:T2:I17393,3826,T2,2025-12-31T14:35:00.000Z,50,24,0,25,1
L3826:T2:I17392,3826,T2,2026-04-05T13:53:00.000Z,60,30,0,29,1
L3826:T2:I17390,3826,T2,2026-04-08T12:25:00.000Z,60,30,0,29,1
L3827:T0,3827,T0,2025-08-25T00:00:00.000Z,11,11,0,0,0
L3827:T1:I17395,3827,T1,2025-08-28T10:23:10.000Z,12,11,0,0,1
L3827:T2:I17397,3827,T2,2025-09-04T09:06:08.000Z,12,11,0,0,1
L3827:T2:I17398,3827,T2,2025-09-04T17:44:00.000Z,12,11,0,0,1
L3827:T2:I17396,3827,T2,2026-04-09T17:19:00.000Z,21,20,0,0,1
L3827:T2:I17394,3827,T2,2026-05-01T09:41:00.000Z,22,22,0,0,0
L3828:T0,3828,T0,2026-06-15T00:00:00.000Z,35,35,0,0,0
L3828:T1:I17401,3828,T1,2026-06-19T10:29:38.000Z,37,36,0,0,1
L3828:T2:I17403,3828,T2,2026-06-22T18:39:55.000Z,37,36,0,0,1
L3828:T2:I17400,3828,T2,2026-06-23T12:00:11.000Z,36,36,0,0,0
L3828:T2:I17402,3828,T2,2026-06-23T18:50:35.000Z,37,36,0,0,1
L3828:T2:I17399,3828,T2,2026-06-25T19:25:53.000Z,37,36,0,0,1
L3828:T2:I17405,3828,T2,2026-06-26T11:28:58.000Z,37,36,0,0,1
L3828:T2:I17404,3828,T2,2026-06-27T14:54:46.000Z,37,36,0,0,1
L3829:T0,3829,T0,2026-02-06T00:00:00.000Z,23,23,0,0,0
L3829:T1:I17407,3829,T1,2026-02-10T13:47:17.000Z,26,25,0,0,1
L3829:T2:I17406,3829,T2,2026-02-15T12:31:39.000Z,26,25,0,0,1
L3829:T2:I17408,3829,T2,2026-02-16T13:40:43.000Z,26,25,0,0,1
L3830:T0,3830,T0,2025-09-04T00:00:00.000Z,64,20,0,44,0
L3830:T1:I17410,3830,T1,2025-09-05T09:21:31.000Z,65,20,0,44,1
L3830:T2:I17414,3830,T2,2025-09-08T20:17:41.000Z,65,20,0,44,1
L3830:T2:I17413,3830,T2,2025-09-14T09:43:44.000Z,66,21,0,44,1
L3830:T2:I17409,3830,T2,2025-10-11T16:06:00.000Z,70,22,0,47,1
L3830:T2:I17411,3830,T2,2026-02-23T07:09:00.000Z,96,31,0,64,1
L3830:T2:I17412,3830,T2,2026-05-27T08:27:00.000Z,108,35,0,72,1
L3831:T0,3831,T0,2025-10-31T00:00:00.000Z,11,11,0,0,0
L3831:T1:I17418,3831,T1,2025-11-01T20:30:13.000Z,12,11,0,0,1
L3831:T2:I17417,3831,T2,2025-11-02T17:41:21.000Z,12,11,0,0,1
L3831:T2:I17415,3831,T2,2025-11-12T09:43:50.000Z,12,11,0,0,1
L3831:T2:I17416,3831,T2,2026-02-22T16:53:00.000Z,15,14,0,0,1
L3832:T0,3832,T0,2026-06-05T00:00:00.000Z,63,33,0,30,0
L3832:T1:I17420,3832,T1,2026-06-11T20:51:33.000Z,63,33,0,30,0
L3832:T2:I17419,3832,T2,2026-06-15T11:53:11.000Z,65,34,0,30,1
L3833:T0,3833,T0,2026-03-05T00:00:00.000Z,45,19,0,26,0
L3833:T1:I17422,3833,T1,2026-03-10T09:41:13.000Z,46,19,0,26,1
L3833:T2:I17423,3833,T2,2026-03-14T19:10:38.000Z,46,19,0,26,1
L3833:T2:I17421,3833,T2,2026-03-21T10:43:00.000Z,49,19,0,29,1
L3834:T0,3834,T0,2026-02-06T00:00:00.000Z,66,0,29,37,0
L3834:T1:I17427,3834,T1,2026-02-06T10:25:24.000Z,67,0,29,37,1
L3834:T2:I17426,3834,T2,2026-02-08T18:16:28.000Z,67,0,29,37,1
L3834:T2:I17425,3834,T2,2026-02-15T07:53:50.000Z,68,0,30,37,1
L3834:T2:I17424,3834,T2,2026-02-16T14:30:04.000Z,68,0,31,37,0
L3834:T2:I17428,3834,T2,2026-03-29T13:35:00.000Z,72,0,33,38,1
L3835:T0,3835,T0,2026-04-28T00:00:00.000Z,77,21,0,56,0
L3835:T1:I17429,3835,T1,2026-05-04T20:52:31.000Z,79,21,0,57,1
L3835:T2:I17431,3835,T2,2026-05-10T11:43:13.000Z,79,21,0,57,1
L3835:T2:I17430,3835,T2,2026-06-07T13:38:00.000Z,83,23,0,59,1
L3836:T0,3836,T0,2025-03-10T00:00:00.000Z,29,18,0,11,0
L3836:T1:I17438,3836,T1,2025-03-12T16:45:24.000Z,30,18,0,11,1
L3836:T2:I17432,3836,T2,2025-03-16T12:48:43.000Z,30,18,0,11,1
L3836:T2:I17436,3836,T2,2025-03-18T15:54:03.000Z,29,18,0,11,0
L3836:T2:I17434,3836,T2,2025-09-12T19:12:00.000Z,48,24,0,23,1
L3836:T2:I17433,3836,T2,2025-12-08T13:05:00.000Z,55,28,0,26,1
L3836:T2:I17437,3836,T2,2026-02-21T09:22:00.000Z,61,33,0,27,1
L3836:T2:I17439,3836,T2,2026-05-22T18:55:00.000Z,68,35,0,32,1
L3836:T2:I17435,3836,T2,2026-05-30T12:09:00.000Z,68,35,0,32,1
L3837:T0,3837,T0,2025-08-17T00:00:00.000Z,72,26,0,46,0
L3837:T1:I17440,3837,T1,2025-08-18T13:47:46.000Z,73,26,0,46,1
L3837:T2:I17443,3837,T2,2025-08-22T08:34:37.000Z,73,26,0,47,0
L3837:T2:I17444,3837,T2,2025-08-24T18:22:00.000Z,74,26,0,47,1
L3837:T2:I17442,3837,T2,2025-10-18T16:02:00.000Z,84,32,0,52,0
L3837:T2:I17441,3837,T2,2025-11-14T08:18:00.000Z,89,35,0,53,1
L3838:T0,3838,T0,2026-03-23T00:00:00.000Z,47,26,0,21,0
L3838:T1:I17448,3838,T1,2026-03-24T13:15:46.000Z,47,26,0,21,0
L3838:T2:I17449,3838,T2,2026-04-02T18:06:21.000Z,48,26,0,21,1
L3838:T2:I17447,3838,T2,2026-04-02T19:43:25.000Z,48,26,0,21,1
L3838:T2:I17445,3838,T2,2026-05-01T18:03:00.000Z,50,28,0,21,1
L3838:T2:I17446,3838,T2,2026-06-13T18:45:00.000Z,52,28,0,23,1
L3838:T2:I17450,3838,T2,2026-06-28T13:14:00.000Z,53,28,0,24,1
L3839:T0,3839,T0,2025-04-17T00:00:00.000Z,23,7,0,16,0
L3839:T1:I17451,3839,T1,2025-05-09T19:49:00.000Z,28,9,0,18,1
L3839:T2:I17453,3839,T2,2025-08-11T19:10:00.000Z,41,11,0,29,1
L3839:T2:I17452,3839,T2,2026-04-12T08:00:00.000Z,75,26,0,49,0
L3840:T0,3840,T0,2025-04-30T00:00:00.000Z,30,12,0,18,0
L3840:T1:I17458,3840,T1,2025-05-07T13:51:01.000Z,31,13,0,18,0
L3840:T2:I17460,3840,T2,2025-05-11T10:48:46.000Z,32,13,0,18,1
L3840:T2:I17459,3840,T2,2025-07-18T16:12:00.000Z,42,20,0,21,1
L3840:T2:I17455,3840,T2,2025-08-26T08:51:00.000Z,47,25,0,21,1
L3840:T2:I17454,3840,T2,2025-11-15T11:10:00.000Z,57,30,0,26,1
L3840:T2:I17456,3840,T2,2025-12-16T19:05:00.000Z,60,32,0,27,1
L3840:T2:I17457,3840,T2,2026-03-20T08:45:00.000Z,72,38,0,33,1
L3841:T0,3841,T0,2025-02-10T00:00:00.000Z,12,12,0,0,0
L3841:T1:I17461,3841,T1,2025-02-10T15:37:23.000Z,13,12,0,0,1
L3842:T0,3842,T0,2026-05-26T00:00:00.000Z,65,33,32,0,0
L3842:T1:I17469,3842,T1,2026-05-29T09:49:11.000Z,66,33,32,0,1
L3842:T2:I17467,3842,T2,2026-05-29T11:04:35.000Z,66,33,32,0,1
L3842:T2:I17466,3842,T2,2026-05-30T14:31:19.000Z,66,33,32,0,1
L3842:T2:I17468,3842,T2,2026-05-31T11:43:58.000Z,66,33,32,0,1
L3842:T2:I17464,3842,T2,2026-06-04T19:34:02.000Z,66,33,32,0,1
L3842:T2:I17465,3842,T2,2026-06-05T11:24:12.000Z,66,33,32,0,1
L3842:T2:I17463,3842,T2,2026-06-07T08:18:19.000Z,67,33,33,0,1
L3842:T2:I17462,3842,T2,2026-06-07T13:26:01.000Z,67,33,33,0,1
L3843:T0,3843,T0,2025-07-09T00:00:00.000Z,52,18,0,34,0
L3843:T1:I17470,3843,T1,2025-07-11T19:17:36.000Z,52,18,0,34,0
L3843:T2:I17472,3843,T2,2025-07-13T16:42:47.000Z,52,18,0,34,0
L3843:T2:I17471,3843,T2,2025-07-17T18:43:25.000Z,52,18,0,34,0
L3844:T0,3844,T0,2025-03-14T00:00:00.000Z,15,15,0,0,0
L3844:T1:I17479,3844,T1,2025-03-18T07:16:42.000Z,16,15,0,0,1
L3844:T2:I17478,3844,T2,2025-03-20T17:13:02.000Z,16,15,0,0,1
L3844:T2:I17477,3844,T2,2025-03-21T14:23:34.000Z,15,15,0,0,0
L3844:T2:I17476,3844,T2,2025-03-23T13:21:05.000Z,16,15,0,0,1
L3844:T2:I17474,3844,T2,2025-03-24T10:15:32.000Z,16,15,0,0,1
L3844:T2:I17473,3844,T2,2025-03-26T08:44:02.000Z,16,15,0,0,1
L3844:T2:I17475,3844,T2,2026-05-11T08:55:00.000Z,46,45,0,0,1
L3845:T0,3845,T0,2025-11-11T00:00:00.000Z,22,22,0,0,0
L3845:T1:I17481,3845,T1,2025-11-19T15:35:29.000Z,23,22,0,0,1
L3845:T2:I17482,3845,T2,2025-11-20T15:58:05.000Z,22,22,0,0,0
L3845:T2:I17480,3845,T2,2026-06-08T13:31:00.000Z,33,32,0,0,1
L3846:T0,3846,T0,2026-04-28T00:00:00.000Z,55,28,27,0,0
L3846:T1:I17484,3846,T1,2026-05-01T16:51:29.000Z,56,28,27,0,1
L3846:T2:I17483,3846,T2,2026-05-02T13:09:11.000Z,57,29,27,0,1
L3847:T0,3847,T0,2026-01-20T00:00:00.000Z,35,22,0,13,0
L3847:T1:I17485,3847,T1,2026-01-30T13:22:55.000Z,37,23,0,13,1
L3847:T2:I17487,3847,T2,2026-05-17T20:14:00.000Z,41,24,0,16,1
L3847:T2:I17486,3847,T2,2026-06-06T11:15:00.000Z,42,24,0,17,1
L3848:T0,3848,T0,2025-01-06T00:00:00.000Z,6,6,0,0,0
L3848:T1:I17490,3848,T1,2025-01-17T11:49:32.000Z,6,6,0,0,0
L3848:T2:I17494,3848,T2,2025-02-27T15:30:00.000Z,7,6,0,0,1
L3848:T2:I17489,3848,T2,2025-04-18T12:43:00.000Z,7,6,0,0,1
L3848:T2:I17488,3848,T2,2025-06-02T09:12:00.000Z,9,8,0,0,1
L3848:T2:I17491,3848,T2,2025-09-18T20:22:00.000Z,10,9,0,0,1
L3848:T2:I17493,3848,T2,2026-02-10T09:56:00.000Z,12,11,0,0,1
L3848:T2:I17492,3848,T2,2026-05-17T07:18:00.000Z,13,13,0,0,0
L3849:T0,3849,T0,2025-12-18T00:00:00.000Z,34,13,0,21,0
L3849:T1:I17496,3849,T1,2025-12-21T08:07:52.000Z,34,13,0,21,0
L3849:T2:I17495,3849,T2,2025-12-21T19:53:28.000Z,35,13,0,21,1
L3850:T0,3850,T0,2025-07-20T00:00:00.000Z,32,19,0,13,0
L3850:T1:I17498,3850,T1,2025-07-23T15:41:40.000Z,33,19,0,14,0
L3850:T2:I17499,3850,T2,2025-07-26T13:23:26.000Z,35,20,0,14,1
L3850:T2:I17497,3850,T2,2026-01-12T17:07:00.000Z,49,29,0,19,1
L3851:T0,3851,T0,2025-04-10T00:00:00.000Z,17,17,0,0,0
L3851:T1:I17500,3851,T1,2025-04-21T17:50:19.000Z,19,18,0,0,1
L3851:T2:I17501,3851,T2,2025-04-22T14:05:13.000Z,19,18,0,0,1
L3852:T0,3852,T0,2026-05-11T00:00:00.000Z,68,0,35,33,0
L3852:T1:I17506,3852,T1,2026-05-14T18:09:27.000Z,69,0,35,33,1
L3852:T2:I17508,3852,T2,2026-05-16T08:11:16.000Z,69,0,35,33,1
L3852:T2:I17505,3852,T2,2026-05-16T09:15:15.000Z,69,0,35,33,1
L3852:T2:I17507,3852,T2,2026-05-17T18:01:04.000Z,69,0,35,33,1
L3852:T2:I17502,3852,T2,2026-05-21T18:32:46.000Z,68,0,35,33,0
L3852:T2:I17503,3852,T2,2026-05-23T07:48:56.000Z,70,0,36,33,1
L3852:T2:I17504,3852,T2,2026-05-23T10:27:07.000Z,70,0,36,33,1
L3853:T0,3853,T0,2025-09-24T00:00:00.000Z,38,23,0,15,0
L3853:T1:I17509,3853,T1,2025-09-26T13:01:10.000Z,38,23,0,15,0
L3853:T2:I17510,3853,T2,2025-09-26T14:22:30.000Z,39,23,0,15,1
L3853:T2:I17511,3853,T2,2025-10-04T16:53:18.000Z,39,23,0,15,1
L3853:T2:I17512,3853,T2,2025-11-29T18:17:00.000Z,41,24,0,16,1
L3854:T0,3854,T0,2026-04-17T00:00:00.000Z,51,30,0,21,0
L3854:T1:I17516,3854,T1,2026-04-21T10:12:15.000Z,52,30,0,21,1
L3854:T2:I17515,3854,T2,2026-04-21T11:16:14.000Z,52,30,0,21,1
L3854:T2:I17518,3854,T2,2026-04-23T11:11:33.000Z,52,30,0,22,0
L3854:T2:I17514,3854,T2,2026-04-24T20:07:42.000Z,53,30,0,22,1
L3854:T2:I17519,3854,T2,2026-04-25T13:25:58.000Z,53,30,0,22,1
L3854:T2:I17513,3854,T2,2026-05-27T16:54:00.000Z,55,31,0,23,1
L3854:T2:I17517,3854,T2,2026-06-17T20:36:00.000Z,57,31,0,25,1
L3855:T0,3855,T0,2026-02-25T00:00:00.000Z,23,23,0,0,0
L3855:T1:I17521,3855,T1,2026-02-25T20:43:02.000Z,24,23,0,0,1
L3855:T2:I17520,3855,T2,2026-02-26T10:15:00.000Z,24,23,0,0,1
L3855:T2:I17523,3855,T2,2026-03-02T10:46:49.000Z,25,24,0,0,1
L3855:T2:I17522,3855,T2,2026-03-05T11:55:14.000Z,25,24,0,0,1
L3855:T2:I17526,3855,T2,2026-03-05T12:28:45.000Z,25,24,0,0,1
L3855:T2:I17525,3855,T2,2026-03-10T07:01:33.000Z,24,24,0,0,0
L3855:T2:I17524,3855,T2,2026-03-10T11:50:39.000Z,24,24,0,0,0
L3856:T0,3856,T0,2025-07-17T00:00:00.000Z,56,18,0,38,0
L3856:T1:I17531,3856,T1,2025-10-04T15:12:00.000Z,69,21,0,47,1
L3856:T2:I17527,3856,T2,2025-10-12T08:41:00.000Z,70,22,0,47,1
L3856:T2:I17533,3856,T2,2025-10-12T12:42:00.000Z,70,22,0,47,1
L3856:T2:I17530,3856,T2,2025-10-14T11:22:00.000Z,71,22,0,48,1
L3856:T2:I17532,3856,T2,2026-03-23T07:53:00.000Z,100,32,0,67,1
L3856:T2:I17528,3856,T2,2026-06-09T13:23:00.000Z,108,35,0,72,1
L3856:T2:I17529,3856,T2,2026-06-23T09:06:00.000Z,110,37,0,72,1
L3857:T0,3857,T0,2026-03-06T00:00:00.000Z,59,30,0,29,0
L3857:T1:I17536,3857,T1,2026-03-08T19:09:48.000Z,59,30,0,29,0
L3857:T2:I17535,3857,T2,2026-03-15T15:34:02.000Z,61,31,0,29,1
L3857:T2:I17534,3857,T2,2026-03-17T19:20:09.000Z,61,31,0,29,1
L3858:T0,3858,T0,2025-06-20T00:00:00.000Z,24,15,0,9,0
L3858:T1:I17540,3858,T1,2025-06-21T17:46:32.000Z,25,15,0,9,1
L3858:T2:I17538,3858,T2,2025-06-21T18:00:48.000Z,25,15,0,9,1
L3858:T2:I17539,3858,T2,2025-06-22T16:33:47.000Z,25,15,0,9,1
L3858:T2:I17542,3858,T2,2025-06-23T07:16:15.000Z,25,15,0,9,1
L3858:T2:I17544,3858,T2,2025-06-23T08:22:28.000Z,25,15,0,9,1
L3858:T2:I17543,3858,T2,2025-06-25T12:37:06.000Z,25,15,0,9,1
L3858:T2:I17541,3858,T2,2025-06-30T19:21:47.000Z,26,15,0,10,1
L3858:T2:I17537,3858,T2,2025-08-21T19:08:00.000Z,29,17,0,11,1
L3859:T0,3859,T0,2025-11-23T00:00:00.000Z,40,15,0,25,0
L3859:T1:I17545,3859,T1,2025-11-24T17:28:52.000Z,41,15,0,25,1
L3859:T2:I17548,3859,T2,2025-12-01T08:59:23.000Z,42,15,0,26,1
L3859:T2:I17547,3859,T2,2025-12-04T15:11:42.000Z,42,15,0,26,1
L3859:T2:I17549,3859,T2,2026-04-29T16:49:00.000Z,53,22,0,30,1
L3859:T2:I17546,3859,T2,2026-05-15T17:30:00.000Z,54,22,0,31,1
L3860:T0,3860,T0,2026-01-13T00:00:00.000Z,69,30,0,39,0
L3860:T1:I17551,3860,T1,2026-01-26T12:41:14.000Z,71,30,0,40,1
L3860:T2:I17550,3860,T2,2026-02-15T19:36:00.000Z,73,31,0,41,1
L3861:T0,3861,T0,2025-03-14T00:00:00.000Z,38,10,0,28,0
L3861:T1:I17555,3861,T1,2025-03-19T09:54:43.000Z,39,10,0,28,1
L3861:T2:I17552,3861,T2,2025-03-21T13:19:00.000Z,39,10,0,28,1
L3861:T2:I17556,3861,T2,2025-04-05T20:11:00.000Z,41,10,0,30,1
L3861:T2:I17557,3861,T2,2025-05-23T11:43:00.000Z,47,12,0,34,1
L3861:T2:I17554,3861,T2,2025-09-03T07:27:00.000Z,58,17,0,40,1
L3861:T2:I17558,3861,T2,2026-02-04T14:27:00.000Z,78,23,0,54,1
L3861:T2:I17553,3861,T2,2026-02-10T12:40:00.000Z,79,23,0,55,1
L3862:T0,3862,T0,2026-04-15T00:00:00.000Z,68,29,0,39,0
L3862:T1:I17560,3862,T1,2026-04-16T15:15:52.000Z,69,29,0,39,1
L3862:T2:I17561,3862,T2,2026-04-18T13:33:05.000Z,70,30,0,39,1
L3862:T2:I17562,3862,T2,2026-04-21T13:25:53.000Z,72,31,0,41,0
L3862:T2:I17559,3862,T2,2026-04-24T14:35:45.000Z,73,31,0,41,1
L3863:T0,3863,T0,2025-08-30T00:00:00.000Z,52,15,0,37,0
L3863:T1:I17567,3863,T1,2025-09-02T10:02:56.000Z,53,15,0,37,1
L3863:T2:I17564,3863,T2,2025-09-07T19:00:20.000Z,53,15,0,37,1
L3863:T2:I17566,3863,T2,2025-09-10T13:55:33.000Z,53,15,0,37,1
L3863:T2:I17568,3863,T2,2025-09-11T10:37:02.000Z,53,15,0,37,1
L3863:T2:I17565,3863,T2,2026-04-22T11:29:00.000Z,78,23,0,54,1
L3863:T2:I17563,3863,T2,2026-06-17T16:13:00.000Z,82,24,0,57,1
L3864:T0,3864,T0,2026-05-24T00:00:00.000Z,13,13,0,0,0
L3864:T1:I17573,3864,T1,2026-05-26T15:36:34.000Z,14,13,0,0,1
L3864:T2:I17569,3864,T2,2026-05-27T11:37:04.000Z,14,13,0,0,1
L3864:T2:I17572,3864,T2,2026-05-28T11:36:03.000Z,14,13,0,0,1
L3864:T2:I17571,3864,T2,2026-05-31T08:16:49.000Z,14,13,0,0,1
L3864:T2:I17570,3864,T2,2026-06-02T16:28:06.000Z,14,13,0,0,1
L3865:T0,3865,T0,2025-01-01T00:00:00.000Z,8,8,0,0,0
L3865:T1:I17579,3865,T1,2025-01-09T18:05:27.000Z,10,9,0,0,1
L3865:T2:I17574,3865,T2,2025-01-12T19:49:00.000Z,10,9,0,0,1
L3865:T2:I17575,3865,T2,2025-06-30T15:50:00.000Z,25,24,0,0,1
L3865:T2:I17577,3865,T2,2025-08-12T12:50:00.000Z,30,29,0,0,1
L3865:T2:I17576,3865,T2,2025-09-16T20:08:00.000Z,30,29,0,0,1
L3865:T2:I17578,3865,T2,2026-01-17T14:19:00.000Z,36,35,0,0,1
L3866:T0,3866,T0,2026-04-11T00:00:00.000Z,74,26,0,48,0
L3866:T1:I17580,3866,T1,2026-04-23T15:00:37.000Z,75,26,0,49,0
L3866:T2:I17582,3866,T2,2026-05-01T20:48:00.000Z,79,28,0,50,1
L3866:T2:I17581,3866,T2,2026-06-11T14:13:00.000Z,85,32,0,53,0
L3867:T0,3867,T0,2026-01-09T00:00:00.000Z,43,27,0,16,0
L3867:T1:I17583,3867,T1,2026-01-18T16:11:19.000Z,45,27,0,17,1
L3867:T2:I17584,3867,T2,2026-01-21T20:18:58.000Z,45,27,0,17,1
L3867:T2:I17585,3867,T2,2026-02-19T08:02:00.000Z,47,27,0,20,0
L3868:T0,3868,T0,2026-05-22T00:00:00.000Z,29,29,0,0,0
L3868:T1:I17586,3868,T1,2026-05-22T09:43:23.000Z,30,29,0,0,1
L3868:T2:I17587,3868,T2,2026-05-27T15:58:49.000Z,29,29,0,0,0
L3869:T0,3869,T0,2025-07-28T00:00:00.000Z,19,19,0,0,0
L3869:T1:I17589,3869,T1,2025-07-30T18:02:13.000Z,20,19,0,0,1
L3869:T2:I17588,3869,T2,2025-08-07T11:52:44.000Z,20,19,0,0,1
L3869:T2:I17591,3869,T2,2025-12-30T17:32:00.000Z,29,28,0,0,1
L3869:T2:I17592,3869,T2,2026-01-16T07:49:00.000Z,30,29,0,0,1
L3869:T2:I17590,3869,T2,2026-04-21T07:38:00.000Z,35,34,0,0,1
L3870:T0,3870,T0,2025-03-21T00:00:00.000Z,23,11,0,12,0
L3870:T1:I17596,3870,T1,2025-03-23T17:23:19.000Z,23,11,0,12,0
L3870:T2:I17595,3870,T2,2025-03-24T18:27:14.000Z,24,11,0,12,1
L3870:T2:I17597,3870,T2,2025-03-27T15:32:07.000Z,25,11,0,13,1
L3870:T2:I17599,3870,T2,2025-04-02T08:39:29.000Z,25,11,0,13,1
L3870:T2:I17598,3870,T2,2025-04-03T14:58:48.000Z,25,11,0,13,1
L3870:T2:I17600,3870,T2,2025-11-26T07:34:00.000Z,40,20,0,19,1
L3870:T2:I17593,3870,T2,2025-12-23T07:36:00.000Z,42,21,0,20,1
L3870:T2:I17594,3870,T2,2026-01-21T07:37:00.000Z,44,22,0,22,0
L3871:T0,3871,T0,2025-04-18T00:00:00.000Z,23,9,0,14,0
L3871:T1:I17605,3871,T1,2025-04-26T13:40:31.000Z,24,9,0,14,1
L3871:T2:I17602,3871,T2,2025-04-28T08:41:47.000Z,24,9,0,14,1
L3871:T2:I17606,3871,T2,2025-06-30T12:07:00.000Z,29,12,0,16,1
L3871:T2:I17603,3871,T2,2025-07-26T14:22:00.000Z,29,12,0,16,1
L3871:T2:I17604,3871,T2,2025-08-10T20:50:00.000Z,30,12,0,18,0
L3871:T2:I17601,3871,T2,2025-10-07T08:20:00.000Z,36,15,0,20,1
L3871:T2:I17607,3871,T2,2026-01-20T20:49:00.000Z,45,19,0,25,1
L3871:T2:I17608,3871,T2,2026-04-10T07:42:00.000Z,49,21,0,27,1
L3872:T0,3872,T0,2026-03-10T00:00:00.000Z,50,30,20,0,0
L3872:T1:I17611,3872,T1,2026-03-10T11:44:58.000Z,51,30,20,0,1
L3872:T2:I17610,3872,T2,2026-03-10T19:43:44.000Z,51,30,20,0,1
L3872:T2:I17609,3872,T2,2026-03-14T19:11:15.000Z,52,31,20,0,1
L3872:T2:I17612,3872,T2,2026-03-15T13:48:09.000Z,52,31,20,0,1
L3872:T2:I17615,3872,T2,2026-03-17T15:43:33.000Z,52,31,20,0,1
L3872:T2:I17614,3872,T2,2026-03-17T19:47:43.000Z,52,31,20,0,1
L3872:T2:I17616,3872,T2,2026-03-20T10:33:20.000Z,52,31,20,0,1
L3872:T2:I17613,3872,T2,2026-03-20T18:35:03.000Z,52,31,20,0,1
L3873:T0,3873,T0,2025-05-05T00:00:00.000Z,34,11,0,23,0
L3873:T1:I17619,3873,T1,2025-05-09T13:25:12.000Z,35,11,0,23,1
L3873:T2:I17617,3873,T2,2025-07-05T17:35:00.000Z,45,16,0,28,1
L3873:T2:I17618,3873,T2,2026-01-22T09:09:00.000Z,68,31,0,37,0
L3874:T0,3874,T0,2025-03-20T00:00:00.000Z,35,15,0,20,0
L3874:T1:I17622,3874,T1,2025-03-25T15:57:12.000Z,37,16,0,21,0
L3874:T2:I17621,3874,T2,2026-02-14T08:34:00.000Z,93,38,0,54,1
L3874:T2:I17620,3874,T2,2026-06-16T14:05:00.000Z,109,39,0,69,1
L3875:T0,3875,T0,2025-01-04T00:00:00.000Z,23,11,0,12,0
L3875:T1:I17624,3875,T1,2025-02-04T12:31:00.000Z,26,13,0,12,1
L3875:T2:I17623,3875,T2,2025-03-07T12:34:00.000Z,30,17,0,12,1
L3876:T0,3876,T0,2025-01-03T00:00:00.000Z,14,14,0,0,0
L3876:T1:I17630,3876,T1,2025-01-06T07:55:17.000Z,15,14,0,0,1
L3876:T2:I17628,3876,T2,2025-01-08T07:24:41.000Z,15,14,0,0,1
L3876:T2:I17629,3876,T2,2025-01-16T14:55:54.000Z,14,14,0,0,0
L3876:T2:I17625,3876,T2,2025-06-24T20:39:00.000Z,25,24,0,0,1
L3876:T2:I17627,3876,T2,2026-01-02T12:35:00.000Z,35,34,0,0,1
L3876:T2:I17626,3876,T2,2026-05-11T16:43:00.000Z,46,45,0,0,1
L3877:T0,3877,T0,2026-04-06T00:00:00.000Z,83,40,0,43,0
L3877:T1:I17631,3877,T1,2026-04-09T16:02:31.000Z,87,42,0,44,1
L3878:T0,3878,T0,2025-08-22T00:00:00.000Z,89,35,0,54,0
L3878:T1:I17636,3878,T1,2025-08-22T15:15:27.000Z,90,35,0,54,1
L3878:T2:I17633,3878,T2,2025-08-29T12:58:12.000Z,90,35,0,54,1
L3878:T2:I17632,3878,T2,2025-08-29T20:51:10.000Z,90,35,0,54,1
L3878:T2:I17635,3878,T2,2025-08-30T18:28:36.000Z,90,35,0,54,1
L3878:T2:I17634,3878,T2,2025-09-19T19:32:00.000Z,94,37,0,56,1
L3878:T2:I17637,3878,T2,2026-01-01T10:11:00.000Z,127,52,0,74,1
L3878:T2:I17638,3878,T2,2026-02-12T16:40:00.000Z,137,56,0,80,1
L3879:T0,3879,T0,2025-01-03T00:00:00.000Z,22,10,0,12,0
L3879:T1:I17643,3879,T1,2025-04-07T12:48:00.000Z,32,12,0,19,1
L3879:T2:I17642,3879,T2,2025-05-14T11:51:00.000Z,42,14,0,28,0
L3879:T2:I17640,3879,T2,2025-05-26T17:04:00.000Z,43,14,0,29,0
L3879:T2:I17639,3879,T2,2025-08-30T08:08:00.000Z,60,20,0,39,1
L3879:T2:I17641,3879,T2,2026-01-12T11:18:00.000Z,71,23,0,47,1
L3880:T0,3880,T0,2026-06-25T00:00:00.000Z,46,46,0,0,0
L3880:T1:I17646,3880,T1,2026-06-29T19:40:36.000Z,47,46,0,0,1
L3880:T2:I17644,3880,T2,2026-06-30T14:45:18.000Z,47,46,0,0,1
L3880:T2:I17648,3880,T2,2026-07-04T12:28:30.000Z,47,46,0,0,1
L3880:T2:I17645,3880,T2,2026-07-04T15:11:13.000Z,47,46,0,0,1
L3880:T2:I17647,3880,T2,2026-07-04T19:21:35.000Z,47,46,0,0,1
L3881:T0,3881,T0,2025-07-14T00:00:00.000Z,38,22,16,0,0
L3881:T1:I17652,3881,T1,2025-07-17T08:49:40.000Z,40,23,16,0,1
L3881:T2:I17649,3881,T2,2025-07-18T12:01:30.000Z,41,24,16,0,1
L3881:T2:I17651,3881,T2,2025-08-20T08:54:00.000Z,42,24,17,0,1
L3881:T2:I17650,3881,T2,2025-12-24T14:51:00.000Z,51,27,23,0,1
L3882:T0,3882,T0,2026-04-02T00:00:00.000Z,27,0,27,0,0
L3882:T1:I17656,3882,T1,2026-04-07T14:54:02.000Z,28,0,27,0,1
L3882:T2:I17657,3882,T2,2026-04-08T17:15:19.000Z,28,0,27,0,1
L3882:T2:I17658,3882,T2,2026-04-10T15:06:41.000Z,28,0,27,0,1
L3882:T2:I17653,3882,T2,2026-04-13T13:22:42.000Z,29,0,28,0,1
L3882:T2:I17655,3882,T2,2026-04-20T20:37:00.000Z,29,0,28,0,1
L3882:T2:I17654,3882,T2,2026-04-23T08:24:00.000Z,29,0,28,0,1
L3883:T0,3883,T0,2025-12-13T00:00:00.000Z,23,23,0,0,0
L3883:T1:I17661,3883,T1,2025-12-17T07:41:06.000Z,23,23,0,0,0
L3883:T2:I17659,3883,T2,2025-12-22T17:20:27.000Z,24,23,0,0,1
L3883:T2:I17664,3883,T2,2025-12-23T12:58:01.000Z,23,23,0,0,0
L3883:T2:I17660,3883,T2,2025-12-26T16:10:02.000Z,26,25,0,0,1
L3883:T2:I17663,3883,T2,2026-03-24T12:37:00.000Z,28,27,0,0,1
L3883:T2:I17662,3883,T2,2026-04-12T20:21:00.000Z,29,28,0,0,1
L3884:T0,3884,T0,2025-07-30T00:00:00.000Z,31,14,17,0,0
L3884:T1:I17667,3884,T1,2025-08-09T11:47:17.000Z,33,15,17,0,1
L3884:T2:I17670,3884,T2,2025-09-09T17:17:00.000Z,36,15,20,0,1
L3884:T2:I17666,3884,T2,2025-09-18T11:29:00.000Z,36,15,20,0,1
L3884:T2:I17668,3884,T2,2025-11-06T09:48:00.000Z,38,16,21,0,1
L3884:T2:I17665,3884,T2,2026-01-23T16:22:00.000Z,45,20,24,0,1
L3884:T2:I17669,3884,T2,2026-06-14T18:39:00.000Z,55,26,28,0,1
L3885:T0,3885,T0,2026-03-23T00:00:00.000Z,91,46,0,45,0
L3885:T1:I17671,3885,T1,2026-03-24T18:20:08.000Z,93,47,0,45,1
L3885:T2:I17672,3885,T2,2026-03-28T09:18:36.000Z,95,48,0,46,1
L3885:T2:I17674,3885,T2,2026-04-02T18:01:57.000Z,95,48,0,46,1
L3885:T2:I17675,3885,T2,2026-04-04T07:42:00.000Z,95,48,0,47,0
L3885:T2:I17673,3885,T2,2026-04-16T16:03:00.000Z,98,49,0,48,1
L3886:T0,3886,T0,2025-06-18T00:00:00.000Z,21,21,0,0,0
L3886:T1:I17680,3886,T1,2025-06-28T13:39:55.000Z,24,23,0,0,1
L3886:T2:I17681,3886,T2,2025-06-30T20:34:57.000Z,24,23,0,0,1
L3886:T2:I17676,3886,T2,2025-10-01T15:21:00.000Z,25,24,0,0,1
L3886:T2:I17678,3886,T2,2026-04-20T12:35:00.000Z,35,34,0,0,1
L3886:T2:I17679,3886,T2,2026-05-05T16:55:00.000Z,35,34,0,0,1
L3886:T2:I17677,3886,T2,2026-05-27T09:59:00.000Z,35,34,0,0,1
L3887:T0,3887,T0,2026-06-05T00:00:00.000Z,21,21,0,0,0
L3887:T1:I17682,3887,T1,2026-06-10T16:36:25.000Z,21,21,0,0,0
L3888:T0,3888,T0,2025-02-16T00:00:00.000Z,27,12,0,15,0
L3888:T1:I17684,3888,T1,2025-02-17T08:15:04.000Z,28,12,0,15,1
L3888:T2:I17688,3888,T2,2025-02-27T17:22:26.000Z,29,12,0,16,1
L3888:T2:I17687,3888,T2,2025-05-04T17:19:00.000Z,35,13,0,21,1
L3888:T2:I17685,3888,T2,2025-05-15T13:34:00.000Z,36,13,0,22,1
L3888:T2:I17686,3888,T2,2025-11-25T14:09:00.000Z,47,19,0,27,1
L3888:T2:I17683,3888,T2,2026-06-30T17:39:00.000Z,81,39,0,41,1
L3889:T0,3889,T0,2025-06-03T00:00:00.000Z,9,9,0,0,0
L3889:T1:I17694,3889,T1,2025-06-04T08:32:39.000Z,10,9,0,0,1
L3889:T2:I17693,3889,T2,2025-06-07T15:21:25.000Z,10,9,0,0,1
L3889:T2:I17690,3889,T2,2025-06-12T09:08:16.000Z,10,9,0,0,1
L3889:T2:I17692,3889,T2,2025-06-13T20:49:31.000Z,10,9,0,0,1
L3889:T2:I17691,3889,T2,2025-06-15T08:23:23.000Z,11,10,0,0,1
L3889:T2:I17689,3889,T2,2025-06-30T15:50:00.000Z,11,10,0,0,1
L3889:T2:I17695,3889,T2,2026-06-02T18:08:00.000Z,23,23,0,0,0
L3890:T0,3890,T0,2026-06-02T00:00:00.000Z,98,36,0,62,0
L3890:T1:I17696,3890,T1,2026-06-04T13:07:30.000Z,99,36,0,62,1
L3890:T2:I17697,3890,T2,2026-06-05T10:23:37.000Z,98,36,0,62,0
L3891:T0,3891,T0,2025-01-01T00:00:00.000Z,14,5,0,9,0
L3891:T1:I17700,3891,T1,2025-01-02T20:56:11.000Z,15,5,0,9,1
L3891:T2:I17698,3891,T2,2025-01-07T12:15:20.000Z,14,5,0,9,0
L3891:T2:I17702,3891,T2,2025-05-11T09:32:00.000Z,28,10,0,17,1
L3891:T2:I17701,3891,T2,2025-07-21T19:15:00.000Z,39,16,0,22,1
L3891:T2:I17699,3891,T2,2026-05-26T18:59:00.000Z,80,29,0,50,1
L3892:T0,3892,T0,2025-02-09T00:00:00.000Z,16,12,0,4,0
L3892:T1:I17704,3892,T1,2025-05-03T16:22:00.000Z,26,16,0,9,1
L3892:T2:I17703,3892,T2,2025-06-20T10:35:00.000Z,32,19,0,12,1
L3892:T2:I17706,3892,T2,2025-08-19T19:12:00.000Z,37,20,0,16,1
L3892:T2:I17705,3892,T2,2025-12-09T07:56:00.000Z,52,26,0,25,1
L3893:T0,3893,T0,2026-02-09T00:00:00.000Z,23,23,0,0,0
L3893:T1:I17710,3893,T1,2026-02-11T11:37:30.000Z,24,23,0,0,1
L3893:T2:I17708,3893,T2,2026-02-13T15:11:19.000Z,24,23,0,0,1
L3893:T2:I17709,3893,T2,2026-02-13T15:46:20.000Z,24,23,0,0,1
L3893:T2:I17713,3893,T2,2026-02-19T10:56:08.000Z,23,23,0,0,0
L3893:T2:I17711,3893,T2,2026-02-20T15:20:07.000Z,24,23,0,0,1
L3893:T2:I17712,3893,T2,2026-02-21T11:14:08.000Z,24,23,0,0,1
L3893:T2:I17707,3893,T2,2026-02-28T19:32:00.000Z,25,24,0,0,1
L3894:T0,3894,T0,2025-06-23T00:00:00.000Z,11,11,0,0,0
L3894:T1:I17714,3894,T1,2025-11-14T19:18:00.000Z,18,17,0,0,1
L3894:T2:I17715,3894,T2,2026-02-11T07:38:00.000Z,28,27,0,0,1
L3895:T0,3895,T0,2025-10-06T00:00:00.000Z,7,7,0,0,0
L3895:T1:I17717,3895,T1,2025-10-15T08:20:27.000Z,8,7,0,0,1
L3895:T2:I17718,3895,T2,2025-10-17T18:12:05.000Z,8,7,0,0,1
L3895:T2:I17716,3895,T2,2025-12-07T15:46:00.000Z,8,7,0,0,1
L3895:T2:I17719,3895,T2,2026-03-11T12:57:00.000Z,10,9,0,0,1
L3896:T0,3896,T0,2025-07-31T00:00:00.000Z,14,14,0,0,0
L3896:T1:I17724,3896,T1,2025-08-02T20:45:24.000Z,15,14,0,0,1
L3896:T2:I17725,3896,T2,2025-08-07T12:32:06.000Z,15,14,0,0,1
L3896:T2:I17721,3896,T2,2025-08-12T10:45:38.000Z,14,14,0,0,0
L3896:T2:I17720,3896,T2,2025-08-12T10:51:21.000Z,15,14,0,0,1
L3896:T2:I17722,3896,T2,2025-10-09T19:30:00.000Z,16,15,0,0,1
L3896:T2:I17727,3896,T2,2026-02-20T17:00:00.000Z,18,17,0,0,1
L3896:T2:I17723,3896,T2,2026-03-17T08:48:00.000Z,18,17,0,0,1
L3896:T2:I17726,3896,T2,2026-05-14T12:57:00.000Z,20,19,0,0,1
L3897:T0,3897,T0,2025-08-15T00:00:00.000Z,74,29,0,45,0
L3897:T1:I17728,3897,T1,2025-08-21T19:51:56.000Z,76,29,0,46,1
L3897:T2:I17731,3897,T2,2025-08-24T20:09:38.000Z,76,29,0,46,1
L3897:T2:I17730,3897,T2,2025-09-14T08:04:00.000Z,80,31,0,48,1
L3897:T2:I17729,3897,T2,2026-06-14T09:04:00.000Z,137,50,0,86,1
L3898:T0,3898,T0,2026-06-01T00:00:00.000Z,23,23,0,0,0
L3898:T1:I17733,3898,T1,2026-06-01T10:20:33.000Z,24,23,0,0,1
L3898:T2:I17734,3898,T2,2026-06-05T14:14:12.000Z,24,23,0,0,1
L3898:T2:I17732,3898,T2,2026-06-14T18:39:21.000Z,25,24,0,0,1
L3899:T0,3899,T0,2026-01-21T00:00:00.000Z,47,21,0,26,0
L3899:T1:I17737,3899,T1,2026-01-25T10:38:00.000Z,48,21,0,26,1
L3899:T2:I17739,3899,T2,2026-01-25T16:16:49.000Z,47,21,0,26,0
L3899:T2:I17735,3899,T2,2026-01-29T19:42:50.000Z,49,21,0,27,1
L3899:T2:I17740,3899,T2,2026-02-03T11:10:44.000Z,49,21,0,27,1
L3899:T2:I17736,3899,T2,2026-04-06T14:41:00.000Z,56,23,0,32,1
L3899:T2:I17738,3899,T2,2026-05-22T12:50:00.000Z,59,24,0,34,1
L3900:T0,3900,T0,2025-06-02T00:00:00.000Z,12,12,0,0,0
L3900:T1:I17741,3900,T1,2026-04-06T12:36:00.000Z,20,19,0,0,1
L3901:T0,3901,T0,2026-06-27T00:00:00.000Z,56,31,0,25,0
L3901:T1:I17743,3901,T1,2026-07-01T08:51:17.000Z,57,31,0,25,1
L3901:T2:I17742,3901,T2,2026-07-05T14:25:08.000Z,57,31,0,25,1
L3901:T2:I17744,3901,T2,2026-07-08T12:12:39.000Z,57,31,0,25,1
L3902:T0,3902,T0,2025-05-23T00:00:00.000Z,45,13,0,32,0
L3902:T1:I17750,3902,T1,2025-06-01T10:12:09.000Z,47,13,0,33,1
L3902:T2:I17747,3902,T2,2025-09-23T18:47:00.000Z,66,18,0,47,1
L3902:T2:I17746,3902,T2,2025-09-28T19:05:00.000Z,68,18,0,49,1
L3902:T2:I17745,3902,T2,2025-10-31T15:59:00.000Z,72,18,0,54,0
L3902:T2:I17749,3902,T2,2026-01-17T15:05:00.000Z,88,23,0,64,1
L3902:T2:I17748,3902,T2,2026-02-28T15:48:00.000Z,98,27,0,70,1
L3903:T0,3903,T0,2025-05-05T00:00:00.000Z,16,16,0,0,0
L3903:T1:I17752,3903,T1,2025-05-12T18:33:10.000Z,18,17,0,0,1
L3903:T2:I17751,3903,T2,2026-02-28T09:41:00.000Z,28,27,0,0,1
L3904:T0,3904,T0,2026-01-28T00:00:00.000Z,65,27,0,38,0
L3904:T1:I17755,3904,T1,2026-01-28T19:39:21.000Z,65,27,0,38,0
L3904:T2:I17756,3904,T2,2026-01-31T07:06:29.000Z,67,27,0,39,1
L3904:T2:I17753,3904,T2,2026-02-02T20:41:27.000Z,66,27,0,39,0
L3904:T2:I17757,3904,T2,2026-02-08T08:31:56.000Z,67,27,0,39,1
L3904:T2:I17754,3904,T2,2026-02-11T07:16:00.000Z,67,27,0,39,1
L3905:T0,3905,T0,2025-12-09T00:00:00.000Z,108,33,0,75,0
L3905:T1:I17758,3905,T1,2025-12-13T15:24:11.000Z,110,34,0,75,1
L3905:T2:I17759,3905,T2,2025-12-22T12:38:06.000Z,111,34,0,76,1
L3906:T0,3906,T0,2025-02-02T00:00:00.000Z,5,5,0,0,0
L3906:T1:I17760,3906,T1,2025-02-04T19:09:02.000Z,5,5,0,0,0
L3906:T2:I17765,3906,T2,2025-02-11T19:19:21.000Z,6,5,0,0,1
L3906:T2:I17763,3906,T2,2025-04-16T07:13:00.000Z,8,7,0,0,1
L3906:T2:I17764,3906,T2,2025-07-11T20:40:00.000Z,13,12,0,0,1
L3906:T2:I17767,3906,T2,2025-09-03T18:15:00.000Z,15,14,0,0,1
L3906:T2:I17761,3906,T2,2025-10-19T11:08:00.000Z,18,17,0,0,1
L3906:T2:I17766,3906,T2,2026-06-05T11:30:00.000Z,31,30,0,0,1
L3906:T2:I17762,3906,T2,2026-06-30T16:04:00.000Z,32,32,0,0,0
L3907:T0,3907,T0,2025-11-21T00:00:00.000Z,20,20,0,0,0
L3907:T1:I17768,3907,T1,2025-11-24T16:22:34.000Z,21,20,0,0,1
L3908:T0,3908,T0,2025-11-08T00:00:00.000Z,59,33,0,26,0
L3908:T1:I17769,3908,T1,2025-11-14T17:10:20.000Z,60,33,0,26,1
L3908:T2:I17770,3908,T2,2025-12-17T20:13:00.000Z,65,36,0,29,0
L3909:T0,3909,T0,2025-12-03T00:00:00.000Z,49,27,22,0,0
L3909:T1:I17773,3909,T1,2025-12-04T19:11:29.000Z,50,27,22,0,1
L3909:T2:I17775,3909,T2,2025-12-05T14:13:24.000Z,50,27,22,0,1
L3909:T2:I17772,3909,T2,2025-12-12T17:16:19.000Z,50,27,22,0,1
L3909:T2:I17771,3909,T2,2025-12-13T13:25:00.000Z,50,27,22,0,1
L3909:T2:I17776,3909,T2,2026-01-01T17:46:00.000Z,50,27,22,0,1
L3909:T2:I17774,3909,T2,2026-03-01T20:24:00.000Z,58,34,24,0,0
L3910:T0,3910,T0,2025-04-25T00:00:00.000Z,21,21,0,0,0
L3910:T1:I17777,3910,T1,2025-09-16T19:46:00.000Z,28,27,0,0,1
L3911:T0,3911,T0,2025-10-17T00:00:00.000Z,62,0,27,35,0
L3911:T1:I17780,3911,T1,2025-10-19T15:52:49.000Z,63,0,27,35,1
L3911:T2:I17779,3911,T2,2025-10-23T13:44:55.000Z,63,0,27,35,1
L3911:T2:I17781,3911,T2,2025-10-23T19:15:46.000Z,63,0,27,35,1
L3911:T2:I17778,3911,T2,2025-10-27T17:18:02.000Z,63,0,27,35,1
L3911:T2:I17782,3911,T2,2025-12-10T10:52:00.000Z,68,0,27,40,1
L3912:T0,3912,T0,2025-02-19T00:00:00.000Z,39,16,0,23,0
L3912:T1:I17783,3912,T1,2026-01-08T10:22:00.000Z,81,38,0,42,1
L3912:T2:I17784,3912,T2,2026-04-24T09:40:00.000Z,100,50,0,49,1
L3912:T2:I17785,3912,T2,2026-06-11T16:17:00.000Z,106,54,0,51,1
L3913:T0,3913,T0,2026-06-16T00:00:00.000Z,21,21,0,0,0
L3913:T1:I17788,3913,T1,2026-06-16T10:47:31.000Z,22,21,0,0,1
L3913:T2:I17790,3913,T2,2026-06-17T13:06:11.000Z,21,21,0,0,0
L3913:T2:I17789,3913,T2,2026-06-17T19:48:59.000Z,22,21,0,0,1
L3913:T2:I17787,3913,T2,2026-06-20T07:24:12.000Z,22,21,0,0,1
L3913:T2:I17786,3913,T2,2026-06-25T15:58:24.000Z,22,21,0,0,1
L3914:T0,3914,T0,2026-06-18T00:00:00.000Z,30,30,0,0,0
L3914:T1:I17792,3914,T1,2026-06-23T09:55:57.000Z,31,30,0,0,1
L3914:T2:I17791,3914,T2,2026-06-25T07:46:09.000Z,30,30,0,0,0
L3915:T0,3915,T0,2025-05-19T00:00:00.000Z,32,19,0,13,0
L3915:T1:I17795,3915,T1,2025-05-22T19:23:07.000Z,32,19,0,13,0
L3915:T2:I17797,3915,T2,2025-05-23T10:12:15.000Z,33,19,0,13,1
L3915:T2:I17796,3915,T2,2025-06-01T16:12:37.000Z,35,20,0,14,1
L3915:T2:I17794,3915,T2,2025-06-01T18:35:24.000Z,35,20,0,14,1
L3915:T2:I17793,3915,T2,2026-06-24T12:06:00.000Z,70,37,0,32,1
L3916:T0,3916,T0,2025-07-09T00:00:00.000Z,14,14,0,0,0
L3916:T1:I17798,3916,T1,2025-07-11T09:01:36.000Z,15,14,0,0,1
L3916:T2:I17802,3916,T2,2025-07-13T08:46:40.000Z,15,14,0,0,1
L3916:T2:I17801,3916,T2,2025-07-13T10:10:30.000Z,15,14,0,0,1
L3916:T2:I17803,3916,T2,2025-12-19T12:41:00.000Z,22,21,0,0,1
L3916:T2:I17799,3916,T2,2025-12-23T16:12:00.000Z,22,21,0,0,1
L3916:T2:I17800,3916,T2,2026-04-12T17:33:00.000Z,34,33,0,0,1
L3917:T0,3917,T0,2026-04-22T00:00:00.000Z,62,32,30,0,0
L3917:T1:I17806,3917,T1,2026-04-27T20:46:33.000Z,63,32,30,0,1
L3917:T2:I17804,3917,T2,2026-05-02T08:20:23.000Z,63,32,30,0,1
L3917:T2:I17805,3917,T2,2026-05-02T13:02:32.000Z,63,32,30,0,1
L3918:T0,3918,T0,2025-07-25T00:00:00.000Z,12,12,0,0,0
L3918:T1:I17807,3918,T1,2025-08-01T18:32:54.000Z,12,12,0,0,0
L3918:T2:I17808,3918,T2,2025-09-03T07:18:00.000Z,15,14,0,0,1
L3918:T2:I17809,3918,T2,2025-12-31T10:26:00.000Z,22,21,0,0,1
L3918:T2:I17810,3918,T2,2026-01-17T18:23:00.000Z,24,23,0,0,1
L3919:T0,3919,T0,2025-12-27T00:00:00.000Z,28,28,0,0,0
L3919:T1:I17812,3919,T1,2026-01-02T17:27:17.000Z,29,28,0,0,1
L3919:T2:I17811,3919,T2,2026-01-06T15:23:00.000Z,29,28,0,0,1
L3920:T0,3920,T0,2026-06-02T00:00:00.000Z,65,33,32,0,0
L3920:T1:I17813,3920,T1,2026-06-03T07:18:39.000Z,65,33,32,0,0
L3920:T2:I17815,3920,T2,2026-06-05T14:31:10.000Z,66,33,32,0,1
L3920:T2:I17814,3920,T2,2026-06-09T14:33:54.000Z,69,34,34,0,1
L3921:T0,3921,T0,2026-05-11T00:00:00.000Z,58,18,0,40,0
L3921:T1:I17816,3921,T1,2026-05-23T13:46:00.000Z,59,18,0,40,1
L3922:T0,3922,T0,2025-12-08T00:00:00.000Z,28,28,0,0,0
L3922:T1:I17818,3922,T1,2025-12-16T11:16:48.000Z,31,30,0,0,1
L3922:T2:I17817,3922,T2,2025-12-18T15:41:14.000Z,31,30,0,0,1
L3923:T0,3923,T0,2026-03-11T00:00:00.000Z,16,16,0,0,0
L3923:T1:I17826,3923,T1,2026-03-12T20:50:23.000Z,17,16,0,0,1
L3923:T2:I17820,3923,T2,2026-03-15T09:57:39.000Z,17,16,0,0,1
L3923:T2:I17822,3923,T2,2026-03-21T08:18:07.000Z,17,16,0,0,1
L3923:T2:I17824,3923,T2,2026-03-24T07:37:07.000Z,18,17,0,0,1
L3923:T2:I17825,3923,T2,2026-03-24T13:33:15.000Z,18,17,0,0,1
L3923:T2:I17823,3923,T2,2026-03-24T17:47:21.000Z,18,17,0,0,1
L3923:T2:I17819,3923,T2,2026-04-06T13:03:00.000Z,19,18,0,0,1
L3923:T2:I17821,3923,T2,2026-06-29T18:43:00.000Z,22,21,0,0,1
L3924:T0,3924,T0,2026-04-06T00:00:00.000Z,30,30,0,0,0
L3924:T1:I17829,3924,T1,2026-04-06T07:41:12.000Z,31,30,0,0,1
L3924:T2:I17827,3924,T2,2026-04-15T16:11:23.000Z,31,30,0,0,1
L3924:T2:I17832,3924,T2,2026-04-18T07:54:33.000Z,32,31,0,0,1
L3924:T2:I17830,3924,T2,2026-04-18T14:36:28.000Z,32,31,0,0,1
L3924:T2:I17831,3924,T2,2026-04-18T18:24:00.000Z,32,31,0,0,1
L3924:T2:I17828,3924,T2,2026-05-14T20:25:00.000Z,33,32,0,0,1
L3925:T0,3925,T0,2025-12-27T00:00:00.000Z,49,22,27,0,0
L3925:T1:I17835,3925,T1,2025-12-27T12:12:13.000Z,50,22,27,0,1
L3925:T2:I17837,3925,T2,2026-01-01T10:05:46.000Z,49,22,27,0,0
L3925:T2:I17834,3925,T2,2026-01-02T10:17:18.000Z,49,22,27,0,0
L3925:T2:I17836,3925,T2,2026-01-06T18:50:12.000Z,50,22,27,0,1
L3925:T2:I17833,3925,T2,2026-05-12T09:27:00.000Z,67,28,38,0,1
L3926:T0,3926,T0,2025-07-17T00:00:00.000Z,30,17,0,13,0
L3926:T1:I17841,3926,T1,2025-07-20T16:58:37.000Z,31,17,0,13,1
L3926:T2:I17839,3926,T2,2025-07-20T17:32:08.000Z,31,17,0,13,1
L3926:T2:I17840,3926,T2,2025-11-29T19:42:00.000Z,42,26,0,15,1
L3926:T2:I17838,3926,T2,2026-02-07T15:33:00.000Z,46,27,0,18,1
L3927:T0,3927,T0,2025-01-26T00:00:00.000Z,7,2,5,0,0
L3927:T1:I17842,3927,T1,2025-02-08T15:18:03.000Z,8,2,5,0,1
L3927:T2:I17843,3927,T2,2025-02-21T09:07:00.000Z,8,2,5,0,1
L3927:T2:I17845,3927,T2,2025-04-15T11:32:00.000Z,12,5,6,0,1
L3927:T2:I17846,3927,T2,2025-05-27T18:05:00.000Z,15,7,7,0,1
L3927:T2:I17849,3927,T2,2025-10-20T20:09:00.000Z,20,9,10,0,1
L3927:T2:I17847,3927,T2,2025-12-05T15:55:00.000Z,23,10,12,0,1
L3927:T2:I17844,3927,T2,2025-12-06T19:08:00.000Z,23,10,12,0,1
L3927:T2:I17848,3927,T2,2026-04-20T18:26:00.000Z,28,12,15,0,1
L3928:T0,3928,T0,2026-05-09T00:00:00.000Z,72,32,40,0,0
L3928:T1:I17853,3928,T1,2026-05-13T14:58:17.000Z,73,32,40,0,1
L3928:T2:I17852,3928,T2,2026-05-14T18:39:29.000Z,73,32,40,0,1
L3928:T2:I17854,3928,T2,2026-05-15T11:46:17.000Z,73,32,40,0,1
L3928:T2:I17855,3928,T2,2026-05-16T07:22:10.000Z,73,32,40,0,1
L3928:T2:I17851,3928,T2,2026-05-19T11:24:55.000Z,74,33,40,0,1
L3928:T2:I17850,3928,T2,2026-05-21T18:46:52.000Z,74,33,40,0,1
L3929:T0,3929,T0,2025-11-27T00:00:00.000Z,56,24,0,32,0
L3929:T1:I17856,3929,T1,2026-01-20T09:30:00.000Z,68,31,0,36,1
L3929:T2:I17857,3929,T2,2026-03-05T09:03:00.000Z,71,32,0,39,0
L3930:T0,3930,T0,2025-02-17T00:00:00.000Z,25,10,0,15,0
L3930:T1:I17862,3930,T1,2025-02-22T09:20:28.000Z,28,11,0,16,1
L3930:T2:I17859,3930,T2,2025-02-28T11:58:40.000Z,29,11,0,17,1
L3930:T2:I17864,3930,T2,2025-04-12T14:24:00.000Z,31,12,0,18,1
L3930:T2:I17858,3930,T2,2025-12-15T14:22:00.000Z,60,32,0,27,1
L3930:T2:I17863,3930,T2,2026-01-04T08:54:00.000Z,62,34,0,27,1
L3930:T2:I17860,3930,T2,2026-01-17T08:25:00.000Z,65,36,0,28,1
L3930:T2:I17861,3930,T2,2026-01-23T17:49:00.000Z,66,36,0,29,1
L3931:T0,3931,T0,2025-05-02T00:00:00.000Z,11,11,0,0,0
L3931:T1:I17865,3931,T1,2026-02-02T19:07:00.000Z,24,23,0,0,1
L3932:T0,3932,T0,2025-01-23T00:00:00.000Z,21,8,0,13,0
L3932:T1:I17866,3932,T1,2025-01-29T18:11:39.000Z,22,8,0,13,1
L3932:T2:I17867,3932,T2,2025-05-06T18:49:00.000Z,27,9,0,17,1
L3933:T0,3933,T0,2025-07-05T00:00:00.000Z,10,10,0,0,0
L3933:T1:I17872,3933,T1,2025-07-09T07:23:10.000Z,11,10,0,0,1
L3933:T2:I17873,3933,T2,2025-07-11T17:07:32.000Z,11,10,0,0,1
L3933:T2:I17871,3933,T2,2025-07-18T20:32:47.000Z,11,10,0,0,1
L3933:T2:I17869,3933,T2,2025-08-06T20:53:00.000Z,12,11,0,0,1
L3933:T2:I17870,3933,T2,2025-10-02T12:07:00.000Z,13,12,0,0,1
L3933:T2:I17868,3933,T2,2026-01-07T08:40:00.000Z,18,18,0,0,0
L3934:T0,3934,T0,2025-05-05T00:00:00.000Z,30,10,0,20,0
L3934:T1:I17879,3934,T1,2025-05-05T10:09:14.000Z,30,10,0,20,0
L3934:T2:I17878,3934,T2,2025-05-06T20:17:47.000Z,31,10,0,20,1
L3934:T2:I17877,3934,T2,2025-05-08T08:55:47.000Z,31,10,0,20,1
L3934:T2:I17875,3934,T2,2025-05-10T09:35:11.000Z,33,10,0,22,1
L3934:T2:I17874,3934,T2,2025-08-23T17:48:00.000Z,44,13,0,30,1
L3934:T2:I17876,3934,T2,2025-11-02T07:38:00.000Z,53,16,0,36,1
L3935:T0,3935,T0,2025-08-06T00:00:00.000Z,32,17,15,0,0
L3935:T1:I17885,3935,T1,2025-08-11T08:25:31.000Z,33,17,15,0,1
L3935:T2:I17883,3935,T2,2025-08-11T17:50:16.000Z,33,17,15,0,1
L3935:T2:I17884,3935,T2,2025-08-12T20:21:34.000Z,33,17,15,0,1
L3935:T2:I17881,3935,T2,2025-09-03T13:33:00.000Z,35,19,15,0,1
L3935:T2:I17880,3935,T2,2025-10-26T11:08:00.000Z,37,21,15,0,1
L3935:T2:I17882,3935,T2,2026-01-25T19:15:00.000Z,45,24,20,0,1
L3936:T0,3936,T0,2026-06-01T00:00:00.000Z,98,31,0,67,0
L3936:T1:I17888,3936,T1,2026-06-05T10:49:35.000Z,99,31,0,67,1
L3936:T2:I17886,3936,T2,2026-06-07T15:30:15.000Z,99,31,0,67,1
L3936:T2:I17887,3936,T2,2026-06-10T20:44:51.000Z,99,31,0,67,1
L3937:T0,3937,T0,2026-04-23T00:00:00.000Z,31,31,0,0,0
L3937:T1:I17889,3937,T1,2026-04-25T08:48:29.000Z,32,31,0,0,1
L3937:T2:I17891,3937,T2,2026-04-28T10:20:52.000Z,32,31,0,0,1
L3937:T2:I17890,3937,T2,2026-05-01T19:05:04.000Z,32,31,0,0,1
L3938:T0,3938,T0,2026-04-09T00:00:00.000Z,18,18,0,0,0
L3938:T1:I17893,3938,T1,2026-04-14T16:55:22.000Z,20,19,0,0,1
L3938:T2:I17895,3938,T2,2026-04-16T13:12:03.000Z,20,19,0,0,1
L3938:T2:I17894,3938,T2,2026-04-17T08:07:45.000Z,20,19,0,0,1
L3938:T2:I17892,3938,T2,2026-06-29T18:55:00.000Z,22,21,0,0,1
L3939:T0,3939,T0,2026-05-27T00:00:00.000Z,63,33,0,30,0
L3939:T1:I17903,3939,T1,2026-05-29T14:13:15.000Z,64,33,0,30,1
L3939:T2:I17900,3939,T2,2026-05-29T17:16:23.000Z,64,33,0,30,1
L3939:T2:I17899,3939,T2,2026-05-31T07:11:01.000Z,64,33,0,30,1
L3939:T2:I17896,3939,T2,2026-06-02T08:10:21.000Z,66,34,0,31,1
L3939:T2:I17901,3939,T2,2026-06-04T07:11:30.000Z,66,34,0,31,1
L3939:T2:I17898,3939,T2,2026-06-04T16:24:35.000Z,66,34,0,31,1
L3939:T2:I17902,3939,T2,2026-06-07T10:24:22.000Z,65,34,0,31,0
L3939:T2:I17897,3939,T2,2026-06-08T16:53:42.000Z,66,34,0,31,1
L3940:T0,3940,T0,2025-02-20T00:00:00.000Z,8,8,0,0,0
L3940:T1:I17910,3940,T1,2025-02-24T10:24:04.000Z,9,8,0,0,1
L3940:T2:I17907,3940,T2,2025-03-01T14:48:13.000Z,9,8,0,0,1
L3940:T2:I17908,3940,T2,2025-03-05T18:23:26.000Z,9,8,0,0,1
L3940:T2:I17904,3940,T2,2025-04-26T18:02:00.000Z,10,9,0,0,1
L3940:T2:I17909,3940,T2,2025-05-02T11:32:00.000Z,10,9,0,0,1
L3940:T2:I17905,3940,T2,2025-12-02T11:47:00.000Z,12,11,0,0,1
L3940:T2:I17906,3940,T2,2026-04-12T17:56:00.000Z,16,15,0,0,1
L3941:T0,3941,T0,2026-02-26T00:00:00.000Z,46,24,0,22,0
L3941:T1:I17911,3941,T1,2026-03-02T20:06:06.000Z,47,24,0,22,1
L3941:T2:I17913,3941,T2,2026-03-05T20:35:39.000Z,47,24,0,22,1
L3941:T2:I17912,3941,T2,2026-03-07T17:27:27.000Z,47,24,0,22,1
L3942:T0,3942,T0,2026-03-27T00:00:00.000Z,94,0,43,51,0
L3942:T1:I17915,3942,T1,2026-03-27T13:00:44.000Z,95,0,43,51,1
L3942:T2:I17917,3942,T2,2026-03-28T18:36:32.000Z,95,0,43,51,1
L3942:T2:I17920,3942,T2,2026-03-31T13:11:20.000Z,95,0,43,51,1
L3942:T2:I17914,3942,T2,2026-04-01T10:42:55.000Z,96,0,43,52,1
L3942:T2:I17919,3942,T2,2026-04-07T17:20:26.000Z,96,0,43,52,1
L3942:T2:I17916,3942,T2,2026-04-20T18:27:00.000Z,100,0,46,53,1
L3942:T2:I17918,3942,T2,2026-05-18T09:59:00.000Z,105,0,48,56,1
L3943:T0,3943,T0,2025-03-24T00:00:00.000Z,13,13,0,0,0
L3943:T1:I17924,3943,T1,2025-03-26T11:30:40.000Z,14,13,0,0,1
L3943:T2:I17923,3943,T2,2025-04-06T14:38:06.000Z,14,13,0,0,1
L3943:T2:I17921,3943,T2,2025-04-22T13:10:00.000Z,16,16,0,0,0
L3943:T2:I17922,3943,T2,2025-06-07T20:03:00.000Z,20,19,0,0,1
L3944:T0,3944,T0,2025-07-18T00:00:00.000Z,28,13,15,0,0
L3944:T1:I17925,3944,T1,2025-09-14T11:55:00.000Z,36,15,20,0,1
L3945:T0,3945,T0,2025-08-04T00:00:00.000Z,14,0,14,0,0
L3945:T1:I17927,3945,T1,2025-08-05T09:40:28.000Z,15,0,14,0,1
L3945:T2:I17926,3945,T2,2025-08-06T13:55:44.000Z,15,0,14,0,1
L3946:T0,3946,T0,2025-11-16T00:00:00.000Z,26,26,0,0,0
L3946:T1:I17931,3946,T1,2025-11-17T11:17:13.000Z,27,26,0,0,1
L3946:T2:I17934,3946,T2,2025-11-19T17:11:58.000Z,27,26,0,0,1
L3946:T2:I17928,3946,T2,2025-11-20T07:56:31.000Z,27,26,0,0,1
L3946:T2:I17933,3946,T2,2025-11-21T10:45:00.000Z,27,26,0,0,1
L3946:T2:I17932,3946,T2,2025-11-21T11:28:40.000Z,27,26,0,0,1
L3946:T2:I17930,3946,T2,2025-11-24T15:49:17.000Z,28,27,0,0,1
L3946:T2:I17929,3946,T2,2026-06-25T13:01:00.000Z,37,36,0,0,1
L3947:T0,3947,T0,2025-01-03T00:00:00.000Z,5,5,0,0,0
L3947:T1:I17935,3947,T1,2025-12-02T16:30:00.000Z,20,20,0,0,0
L3947:T2:I17936,3947,T2,2026-03-16T16:08:00.000Z,27,26,0,0,1
L3948:T0,3948,T0,2025-02-10T00:00:00.000Z,17,8,0,9,0
L3948:T1:I17940,3948,T1,2025-02-10T10:05:36.000Z,18,8,0,9,1
L3948:T2:I17939,3948,T2,2025-02-18T20:17:09.000Z,18,8,0,9,1
L3948:T2:I17938,3948,T2,2025-06-22T08:09:00.000Z,27,14,0,12,1
L3948:T2:I17941,3948,T2,2026-01-09T16:57:00.000Z,44,27,0,16,1
L3948:T2:I17937,3948,T2,2026-05-14T16:57:00.000Z,54,31,0,22,1
L3949:T0,3949,T0,2026-04-13T00:00:00.000Z,72,39,0,33,0
L3949:T1:I17942,3949,T1,2026-04-26T15:19:26.000Z,74,39,0,34,1
L3949:T2:I17943,3949,T2,2026-06-01T12:59:00.000Z,75,39,0,35,1
L3950:T0,3950,T0,2025-08-23T00:00:00.000Z,10,10,0,0,0
L3950:T1:I17951,3950,T1,2025-08-23T12:49:27.000Z,11,10,0,0,1
L3950:T2:I17950,3950,T2,2025-08-27T07:29:56.000Z,11,10,0,0,1
L3950:T2:I17944,3950,T2,2025-08-27T15:35:28.000Z,11,10,0,0,1
L3950:T2:I17947,3950,T2,2025-08-30T11:59:15.000Z,10,10,0,0,0
L3950:T2:I17948,3950,T2,2025-08-31T19:56:07.000Z,11,10,0,0,1
L3950:T2:I17949,3950,T2,2025-09-01T14:21:36.000Z,10,10,0,0,0
L3950:T2:I17945,3950,T2,2026-02-25T09:34:00.000Z,18,17,0,0,1
L3950:T2:I17946,3950,T2,2026-03-18T10:41:00.000Z,20,19,0,0,1
L3951:T0,3951,T0,2025-03-17T00:00:00.000Z,21,5,0,16,0
L3951:T1:I17952,3951,T1,2025-03-19T12:51:19.000Z,21,5,0,16,0
L3952:T0,3952,T0,2025-06-07T00:00:00.000Z,36,15,21,0,0
L3952:T1:I17955,3952,T1,2025-06-14T17:30:06.000Z,37,15,21,0,1
L3952:T2:I17957,3952,T2,2025-06-15T11:38:10.000Z,37,15,21,0,1
L3952:T2:I17954,3952,T2,2025-06-16T16:45:55.000Z,37,15,21,0,1
L3952:T2:I17956,3952,T2,2025-06-17T17:31:48.000Z,37,15,21,0,1
L3952:T2:I17953,3952,T2,2025-10-27T16:20:00.000Z,49,22,26,0,1
L3953:T0,3953,T0,2025-12-20T00:00:00.000Z,16,16,0,0,0
L3953:T1:I17960,3953,T1,2025-12-26T18:51:13.000Z,17,16,0,0,1
L3953:T2:I17958,3953,T2,2025-12-30T17:15:39.000Z,17,16,0,0,1
L3953:T2:I17959,3953,T2,2026-05-22T11:08:00.000Z,19,18,0,0,1
L3954:T0,3954,T0,2025-02-28T00:00:00.000Z,21,21,0,0,0
L3954:T1:I17962,3954,T1,2025-03-03T14:27:00.000Z,23,22,0,0,1
L3954:T2:I17966,3954,T2,2025-03-03T16:21:39.000Z,23,22,0,0,1
L3954:T2:I17965,3954,T2,2025-06-30T18:16:00.000Z,29,28,0,0,1
L3954:T2:I17961,3954,T2,2025-07-05T16:28:00.000Z,29,28,0,0,1
L3954:T2:I17963,3954,T2,2025-12-15T17:17:00.000Z,37,36,0,0,1
L3954:T2:I17964,3954,T2,2026-05-05T13:30:00.000Z,53,52,0,0,1
L3955:T0,3955,T0,2025-10-18T00:00:00.000Z,49,0,15,34,0
L3955:T1:I17967,3955,T1,2025-10-19T08:40:32.000Z,49,0,15,34,0
L3956:T0,3956,T0,2026-02-26T00:00:00.000Z,23,23,0,0,0
L3956:T1:I17970,3956,T1,2026-02-27T12:59:43.000Z,25,24,0,0,1
L3956:T2:I17969,3956,T2,2026-03-02T09:40:58.000Z,25,24,0,0,1
L3956:T2:I17968,3956,T2,2026-05-06T11:10:00.000Z,28,27,0,0,1
L3957:T0,3957,T0,2025-05-19T00:00:00.000Z,32,17,0,15,0
L3957:T1:I17971,3957,T1,2026-02-03T13:30:00.000Z,60,33,0,26,1
L3958:T0,3958,T0,2025-06-17T00:00:00.000Z,9,9,0,0,0
L3958:T1:I17975,3958,T1,2025-06-18T13:25:41.000Z,10,9,0,0,1
L3958:T2:I17979,3958,T2,2025-06-18T20:28:14.000Z,10,9,0,0,1
L3958:T2:I17977,3958,T2,2025-06-20T13:34:20.000Z,10,9,0,0,1
L3958:T2:I17976,3958,T2,2025-06-21T18:31:57.000Z,10,9,0,0,1
L3958:T2:I17974,3958,T2,2025-06-26T13:13:25.000Z,10,9,0,0,1
L3958:T2:I17978,3958,T2,2025-06-30T11:29:38.000Z,10,9,0,0,1
L3958:T2:I17972,3958,T2,2025-09-23T20:28:00.000Z,12,11,0,0,1
L3958:T2:I17973,3958,T2,2025-10-02T17:34:00.000Z,14,13,0,0,1
L3959:T0,3959,T0,2025-11-13T00:00:00.000Z,18,18,0,0,0
L3959:T1:I17980,3959,T1,2025-11-17T09:37:00.000Z,19,18,0,0,1
L3959:T2:I17982,3959,T2,2025-11-23T14:24:26.000Z,20,19,0,0,1
L3959:T2:I17981,3959,T2,2025-11-24T14:48:38.000Z,20,19,0,0,1
L3960:T0,3960,T0,2026-01-24T00:00:00.000Z,52,28,24,0,0
L3960:T1:I17983,3960,T1,2026-02-03T16:36:26.000Z,55,29,25,0,1
L3961:T0,3961,T0,2025-06-15T00:00:00.000Z,59,20,0,39,0
L3961:T1:I17984,3961,T1,2025-06-15T20:33:00.000Z,60,20,0,39,1
L3961:T2:I17989,3961,T2,2025-06-16T07:04:20.000Z,60,20,0,39,1
L3961:T2:I17987,3961,T2,2025-06-20T15:58:58.000Z,60,20,0,39,1
L3961:T2:I17985,3961,T2,2025-06-25T15:11:32.000Z,60,20,0,40,0
L3961:T2:I17986,3961,T2,2025-06-28T17:02:39.000Z,61,20,0,40,1
L3961:T2:I17991,3961,T2,2025-07-08T09:22:00.000Z,64,23,0,40,1
L3961:T2:I17988,3961,T2,2025-07-17T18:39:00.000Z,66,24,0,41,1
L3961:T2:I17990,3961,T2,2025-11-25T20:08:00.000Z,89,35,0,53,1
L3962:T0,3962,T0,2026-05-29T00:00:00.000Z,63,37,0,26,0
L3962:T1:I17995,3962,T1,2026-05-30T09:25:40.000Z,64,37,0,26,1
L3962:T2:I17996,3962,T2,2026-05-31T07:10:19.000Z,64,37,0,26,1
L3962:T2:I17994,3962,T2,2026-06-05T10:02:40.000Z,64,37,0,26,1
L3962:T2:I17993,3962,T2,2026-06-07T10:07:27.000Z,64,37,0,26,1
L3962:T2:I17992,3962,T2,2026-06-10T15:06:53.000Z,64,37,0,26,1
L3963:T0,3963,T0,2025-06-20T00:00:00.000Z,30,0,12,18,0
L3963:T1:I17998,3963,T1,2025-06-20T09:35:03.000Z,31,0,12,18,1
L3963:T2:I18000,3963,T2,2025-06-23T15:45:52.000Z,31,0,12,19,0
L3963:T2:I17997,3963,T2,2025-06-26T12:44:32.000Z,32,0,12,19,1
L3963:T2:I17999,3963,T2,2025-08-04T14:10:00.000Z,36,0,15,20,1
L3963:T2:I18001,3963,T2,2025-11-13T20:44:00.000Z,44,0,19,24,1
L3964:T0,3964,T0,2025-10-17T00:00:00.000Z,33,33,0,0,0
L3964:T1:I18002,3964,T1,2025-10-21T13:01:42.000Z,36,35,0,0,1
L3964:T2:I18005,3964,T2,2025-10-21T19:52:19.000Z,36,35,0,0,1
L3964:T2:I18003,3964,T2,2025-10-25T07:08:03.000Z,36,35,0,0,1
L3964:T2:I18004,3964,T2,2025-11-29T12:15:00.000Z,37,36,0,0,1
L3965:T0,3965,T0,2025-03-14T00:00:00.000Z,20,9,11,0,0
L3965:T1:I18007,3965,T1,2025-03-17T08:31:29.000Z,20,9,11,0,0
L3965:T2:I18009,3965,T2,2025-03-24T19:27:30.000Z,22,10,11,0,1
L3965:T2:I18006,3965,T2,2025-03-27T07:42:55.000Z,24,12,11,0,1
L3965:T2:I18008,3965,T2,2025-12-04T20:57:00.000Z,47,24,22,0,1
L3965:T2:I18011,3965,T2,2025-12-18T11:57:00.000Z,47,24,22,0,1
L3965:T2:I18012,3965,T2,2025-12-31T19:14:00.000Z,50,25,24,0,1
L3965:T2:I18010,3965,T2,2026-02-05T13:11:00.000Z,50,25,24,0,1
L3966:T0,3966,T0,2026-02-13T00:00:00.000Z,14,14,0,0,0
L3966:T1:I18014,3966,T1,2026-02-21T09:19:12.000Z,15,14,0,0,1
L3966:T2:I18016,3966,T2,2026-02-23T17:49:13.000Z,15,14,0,0,1
L3966:T2:I18013,3966,T2,2026-02-26T18:43:53.000Z,15,14,0,0,1
L3966:T2:I18015,3966,T2,2026-06-08T09:24:00.000Z,18,17,0,0,1
L3967:T0,3967,T0,2025-10-27T00:00:00.000Z,63,25,0,38,0
L3967:T1:I18022,3967,T1,2025-10-30T19:06:30.000Z,63,25,0,38,0
L3967:T2:I18018,3967,T2,2025-11-01T16:42:36.000Z,64,25,0,38,1
L3967:T2:I18023,3967,T2,2025-11-04T15:10:57.000Z,64,25,0,39,0
L3967:T2:I18021,3967,T2,2026-03-03T11:32:00.000Z,83,31,0,51,1
L3967:T2:I18017,3967,T2,2026-05-06T14:46:00.000Z,94,34,0,59,1
L3967:T2:I18020,3967,T2,2026-05-08T10:37:00.000Z,94,34,0,59,1
L3967:T2:I18019,3967,T2,2026-06-24T09:49:00.000Z,100,36,0,63,1
L3968:T0,3968,T0,2025-12-21T00:00:00.000Z,41,20,0,21,0
L3968:T1:I18026,3968,T1,2025-12-23T07:53:13.000Z,42,20,0,21,1
L3968:T2:I18025,3968,T2,2025-12-29T07:33:30.000Z,42,20,0,21,1
L3968:T2:I18024,3968,T2,2025-12-29T19:26:41.000Z,42,20,0,21,1
L3969:T0,3969,T0,2026-05-05T00:00:00.000Z,25,0,25,0,0
L3969:T1:I18028,3969,T1,2026-05-08T20:49:09.000Z,26,0,25,0,1
L3969:T2:I18030,3969,T2,2026-05-09T10:20:28.000Z,26,0,25,0,1
L3969:T2:I18029,3969,T2,2026-05-13T15:35:14.000Z,27,0,26,0,1
L3969:T2:I18027,3969,T2,2026-05-15T08:18:31.000Z,27,0,26,0,1
L3970:T0,3970,T0,2025-06-13T00:00:00.000Z,11,11,0,0,0
L3970:T1:I18031,3970,T1,2025-10-09T11:48:00.000Z,16,15,0,0,1
L3971:T0,3971,T0,2025-07-08T00:00:00.000Z,50,24,26,0,0
L3971:T1:I18035,3971,T1,2025-07-09T11:12:50.000Z,51,24,26,0,1
L3971:T2:I18036,3971,T2,2025-07-13T14:49:46.000Z,51,24,27,0,0
L3971:T2:I18033,3971,T2,2025-11-13T16:32:00.000Z,70,33,36,0,1
L3971:T2:I18038,3971,T2,2026-01-26T11:58:00.000Z,76,35,40,0,1
L3971:T2:I18037,3971,T2,2026-03-10T07:49:00.000Z,84,39,44,0,1
L3971:T2:I18032,3971,T2,2026-03-15T12:38:00.000Z,86,40,45,0,1
L3971:T2:I18034,3971,T2,2026-05-11T18:04:00.000Z,91,43,47,0,1
L3972:T0,3972,T0,2025-06-18T00:00:00.000Z,37,14,0,23,0
L3972:T1:I18042,3972,T1,2025-06-22T17:13:40.000Z,39,15,0,23,1
L3972:T2:I18043,3972,T2,2025-06-23T15:09:23.000Z,39,15,0,23,1
L3972:T2:I18045,3972,T2,2025-06-24T13:06:20.000Z,39,15,0,23,1
L3972:T2:I18041,3972,T2,2025-06-28T11:18:19.000Z,39,15,0,23,1
L3972:T2:I18039,3972,T2,2025-09-04T20:06:00.000Z,42,17,0,24,1
L3972:T2:I18044,3972,T2,2026-01-16T07:31:00.000Z,55,25,0,29,1
L3972:T2:I18040,3972,T2,2026-02-26T12:05:00.000Z,60,27,0,32,1
L3973:T0,3973,T0,2025-11-11T00:00:00.000Z,60,25,0,35,0
L3973:T1:I18047,3973,T1,2025-11-13T09:48:22.000Z,61,25,0,35,1
L3973:T2:I18046,3973,T2,2025-11-21T14:11:03.000Z,62,25,0,36,1
L3973:T2:I18048,3973,T2,2025-11-21T17:58:00.000Z,62,25,0,36,1
L3974:T0,3974,T0,2025-06-05T00:00:00.000Z,6,0,6,0,0
L3974:T1:I18049,3974,T1,2025-06-17T14:30:48.000Z,6,0,6,0,0
L3974:T2:I18050,3974,T2,2025-09-21T07:16:00.000Z,9,0,8,0,1
L3975:T0,3975,T0,2025-07-25T00:00:00.000Z,18,18,0,0,0
L3975:T1:I18051,3975,T1,2025-07-27T17:59:23.000Z,19,18,0,0,1
L3975:T2:I18052,3975,T2,2025-07-28T09:44:32.000Z,19,18,0,0,1
L3975:T2:I18053,3975,T2,2025-07-31T09:41:21.000Z,19,18,0,0,1
L3975:T2:I18054,3975,T2,2026-06-09T14:42:00.000Z,33,33,0,0,0
L3976:T0,3976,T0,2025-06-10T00:00:00.000Z,18,18,0,0,0
L3976:T1:I18055,3976,T1,2026-02-17T09:29:00.000Z,29,29,0,0,0
L3977:T0,3977,T0,2025-06-03T00:00:00.000Z,13,13,0,0,0
L3977:T1:I18056,3977,T1,2025-08-11T12:02:00.000Z,18,17,0,0,1
L3977:T2:I18059,3977,T2,2026-03-09T12:15:00.000Z,33,32,0,0,1
L3977:T2:I18057,3977,T2,2026-04-18T18:34:00.000Z,34,33,0,0,1
L3977:T2:I18058,3977,T2,2026-05-23T07:15:00.000Z,34,34,0,0,0
L3978:T0,3978,T0,2025-02-21T00:00:00.000Z,4,4,0,0,0
L3978:T1:I18061,3978,T1,2025-02-28T20:51:16.000Z,6,5,0,0,1
L3978:T2:I18060,3978,T2,2025-04-07T08:23:00.000Z,7,6,0,0,1
L3979:T0,3979,T0,2025-09-26T00:00:00.000Z,21,0,21,0,0
L3979:T1:I18062,3979,T1,2026-03-29T11:10:00.000Z,34,0,33,0,1
L3980:T0,3980,T0,2026-02-20T00:00:00.000Z,34,34,0,0,0
L3980:T1:I18063,3980,T1,2026-02-26T11:13:15.000Z,35,34,0,0,1
L3980:T2:I18064,3980,T2,2026-03-04T12:07:17.000Z,36,35,0,0,1
L3981:T0,3981,T0,2025-05-19T00:00:00.000Z,45,20,0,25,0
L3981:T1:I18066,3981,T1,2025-05-25T12:27:00.000Z,46,20,0,25,1
L3981:T2:I18065,3981,T2,2025-09-06T19:05:00.000Z,65,26,0,38,1
L3982:T0,3982,T0,2026-02-23T00:00:00.000Z,40,0,22,18,0
L3982:T1:I18069,3982,T1,2026-02-27T18:52:10.000Z,41,0,22,18,1
L3982:T2:I18068,3982,T2,2026-03-02T16:20:03.000Z,41,0,22,18,1
L3982:T2:I18067,3982,T2,2026-05-01T10:03:00.000Z,44,0,23,20,1
L3983:T0,3983,T0,2026-01-13T00:00:00.000Z,20,20,0,0,0
L3983:T1:I18072,3983,T1,2026-01-14T13:36:52.000Z,21,20,0,0,1
L3983:T2:I18073,3983,T2,2026-01-17T09:09:11.000Z,21,20,0,0,1
L3983:T2:I18071,3983,T2,2026-01-19T07:17:45.000Z,21,20,0,0,1
L3983:T2:I18074,3983,T2,2026-01-21T16:52:04.000Z,20,20,0,0,0
L3983:T2:I18076,3983,T2,2026-01-25T15:53:42.000Z,21,20,0,0,1
L3983:T2:I18075,3983,T2,2026-02-01T13:34:00.000Z,21,20,0,0,1
L3983:T2:I18070,3983,T2,2026-04-11T13:12:00.000Z,25,25,0,0,0
L3984:T0,3984,T0,2025-02-06T00:00:00.000Z,12,12,0,0,0
L3984:T1:I18077,3984,T1,2025-02-13T14:25:03.000Z,14,13,0,0,1
L3985:T0,3985,T0,2026-05-14T00:00:00.000Z,22,22,0,0,0
L3985:T1:I18080,3985,T1,2026-05-14T10:42:56.000Z,23,22,0,0,1
L3985:T2:I18082,3985,T2,2026-05-15T09:03:56.000Z,23,22,0,0,1
L3985:T2:I18078,3985,T2,2026-05-16T09:15:53.000Z,23,22,0,0,1
L3985:T2:I18085,3985,T2,2026-05-19T15:59:41.000Z,23,22,0,0,1
L3985:T2:I18084,3985,T2,2026-05-19T17:43:51.000Z,22,22,0,0,0
L3985:T2:I18081,3985,T2,2026-05-20T09:43:12.000Z,23,22,0,0,1
L3985:T2:I18083,3985,T2,2026-05-22T07:28:19.000Z,23,22,0,0,1
L3985:T2:I18079,3985,T2,2026-05-24T13:20:12.000Z,23,22,0,0,1
L3986:T0,3986,T0,2025-05-03T00:00:00.000Z,29,15,0,14,0
L3986:T1:I18088,3986,T1,2025-05-03T19:37:13.000Z,30,15,0,14,1
L3986:T2:I18089,3986,T2,2025-05-03T20:20:54.000Z,30,15,0,14,1
L3986:T2:I18090,3986,T2,2025-05-06T13:32:00.000Z,31,15,0,15,1
L3986:T2:I18087,3986,T2,2025-09-08T18:51:00.000Z,48,24,0,23,1
L3986:T2:I18086,3986,T2,2026-06-14T12:55:00.000Z,80,45,0,34,1
L3987:T0,3987,T0,2025-08-17T00:00:00.000Z,29,29,0,0,0
L3987:T1:I18095,3987,T1,2025-08-26T20:04:19.000Z,30,29,0,0,1
L3987:T2:I18091,3987,T2,2025-08-29T08:50:46.000Z,30,29,0,0,1
L3987:T2:I18093,3987,T2,2025-08-30T16:14:07.000Z,31,30,0,0,1
L3987:T2:I18094,3987,T2,2026-02-22T18:56:00.000Z,47,46,0,0,1
L3987:T2:I18092,3987,T2,2026-04-25T12:22:00.000Z,52,51,0,0,1
L3988:T0,3988,T0,2025-04-01T00:00:00.000Z,29,0,11,18,0
L3988:T1:I18101,3988,T1,2025-04-02T10:03:51.000Z,30,0,11,18,1
L3988:T2:I18099,3988,T2,2025-04-11T10:29:20.000Z,31,0,12,18,1
L3988:T2:I18102,3988,T2,2026-03-23T16:31:00.000Z,72,0,38,33,1
L3988:T2:I18096,3988,T2,2026-04-04T09:25:00.000Z,72,0,38,33,1
L3988:T2:I18097,3988,T2,2026-04-29T16:32:00.000Z,74,0,39,34,1
L3988:T2:I18098,3988,T2,2026-05-25T08:56:00.000Z,74,0,39,35,0
L3988:T2:I18100,3988,T2,2026-06-24T08:23:00.000Z,77,0,40,37,0
L3989:T0,3989,T0,2026-01-05T00:00:00.000Z,41,24,0,17,0
L3989:T1:I18103,3989,T1,2026-01-20T11:15:00.000Z,45,25,0,19,1
L3990:T0,3990,T0,2025-08-12T00:00:00.000Z,33,22,11,0,0
L3990:T1:I18105,3990,T1,2025-08-13T17:02:23.000Z,34,22,11,0,1
L3990:T2:I18104,3990,T2,2025-08-23T16:43:16.000Z,34,22,11,0,1
L3990:T2:I18108,3990,T2,2025-09-22T11:46:00.000Z,34,22,11,0,1
L3990:T2:I18106,3990,T2,2026-01-02T18:25:00.000Z,42,24,17,0,1
L3990:T2:I18107,3990,T2,2026-05-12T11:15:00.000Z,55,32,22,0,1
L3991:T0,3991,T0,2025-05-14T00:00:00.000Z,16,16,0,0,0
L3991:T1:I18111,3991,T1,2025-05-25T11:11:11.000Z,17,16,0,0,1
L3991:T2:I18113,3991,T2,2025-07-05T10:45:00.000Z,18,17,0,0,1
L3991:T2:I18109,3991,T2,2025-10-03T13:49:00.000Z,18,17,0,0,1
L3991:T2:I18112,3991,T2,2025-10-22T14:08:00.000Z,19,18,0,0,1
L3991:T2:I18110,3991,T2,2026-02-16T16:23:00.000Z,22,21,0,0,1
L3991:T2:I18114,3991,T2,2026-04-18T17:20:00.000Z,24,23,0,0,1
L3992:T0,3992,T0,2025-10-27T00:00:00.000Z,36,19,0,17,0
L3992:T1:I18116,3992,T1,2026-02-03T12:52:00.000Z,46,22,0,23,1
L3992:T2:I18115,3992,T2,2026-04-09T18:14:00.000Z,49,22,0,26,1
L3993:T0,3993,T0,2025-10-10T00:00:00.000Z,29,29,0,0,0
L3993:T1:I18119,3993,T1,2025-10-16T11:37:51.000Z,30,29,0,0,1
L3993:T2:I18118,3993,T2,2025-11-29T13:34:00.000Z,33,32,0,0,1
L3993:T2:I18117,3993,T2,2026-04-09T18:07:00.000Z,43,43,0,0,0
L3994:T0,3994,T0,2025-05-30T00:00:00.000Z,9,9,0,0,0
L3994:T1:I18122,3994,T1,2025-06-06T19:48:09.000Z,10,9,0,0,1
L3994:T2:I18123,3994,T2,2025-07-13T19:05:00.000Z,11,10,0,0,1
L3994:T2:I18120,3994,T2,2025-10-08T17:08:00.000Z,13,12,0,0,1
L3994:T2:I18125,3994,T2,2025-10-18T19:16:00.000Z,14,13,0,0,1
L3994:T2:I18124,3994,T2,2025-10-20T08:40:00.000Z,14,13,0,0,1
L3994:T2:I18121,3994,T2,2026-04-28T08:33:00.000Z,22,21,0,0,1
L3995:T0,3995,T0,2025-11-21T00:00:00.000Z,72,39,0,33,0
L3995:T1:I18126,3995,T1,2025-11-25T16:01:45.000Z,75,40,0,34,1
L3996:T0,3996,T0,2026-01-06T00:00:00.000Z,34,21,0,13,0
L3996:T1:I18131,3996,T1,2026-01-11T10:08:03.000Z,35,21,0,13,1
L3996:T2:I18134,3996,T2,2026-01-12T12:45:34.000Z,35,21,0,13,1
L3996:T2:I18130,3996,T2,2026-01-14T15:14:38.000Z,35,21,0,13,1
L3996:T2:I18132,3996,T2,2026-01-16T07:11:48.000Z,35,21,0,13,1
L3996:T2:I18133,3996,T2,2026-01-18T15:24:52.000Z,35,21,0,13,1
L3996:T2:I18127,3996,T2,2026-01-20T15:15:00.000Z,35,22,0,13,0
L3996:T2:I18129,3996,T2,2026-05-08T19:13:00.000Z,41,24,0,16,1
L3996:T2:I18128,3996,T2,2026-06-20T16:02:00.000Z,45,24,0,20,1
L3997:T0,3997,T0,2026-04-03T00:00:00.000Z,32,32,0,0,0
L3997:T1:I18139,3997,T1,2026-04-03T14:50:01.000Z,33,32,0,0,1
L3997:T2:I18138,3997,T2,2026-04-04T13:36:01.000Z,32,32,0,0,0
L3997:T2:I18141,3997,T2,2026-04-04T20:57:00.000Z,33,32,0,0,1
L3997:T2:I18140,3997,T2,2026-04-05T15:18:56.000Z,33,32,0,0,1
L3997:T2:I18137,3997,T2,2026-04-10T09:10:39.000Z,34,33,0,0,1
L3997:T2:I18136,3997,T2,2026-04-11T16:53:43.000Z,34,34,0,0,0
L3997:T2:I18135,3997,T2,2026-04-14T20:01:35.000Z,35,34,0,0,1
L3998:T0,3998,T0,2026-04-24T00:00:00.000Z,28,28,0,0,0
L3998:T1:I18143,3998,T1,2026-05-06T14:46:31.000Z,29,28,0,0,1
L3998:T2:I18142,3998,T2,2026-05-06T19:13:19.000Z,29,28,0,0,1
L3999:T0,3999,T0,2026-01-12T00:00:00.000Z,25,25,0,0,0
L3999:T1:I18147,3999,T1,2026-01-13T07:43:38.000Z,26,25,0,0,1
L3999:T2:I18144,3999,T2,2026-01-14T11:24:56.000Z,25,25,0,0,0
L3999:T2:I18146,3999,T2,2026-01-17T16:20:44.000Z,25,25,0,0,0
L3999:T2:I18149,3999,T2,2026-01-20T10:25:16.000Z,26,25,0,0,1
L3999:T2:I18151,3999,T2,2026-01-24T12:52:06.000Z,26,25,0,0,1
L3999:T2:I18145,3999,T2,2026-04-21T12:13:00.000Z,27,26,0,0,1
L3999:T2:I18150,3999,T2,2026-04-22T15:19:00.000Z,27,26,0,0,1
L3999:T2:I18148,3999,T2,2026-05-12T17:32:00.000Z,28,27,0,0,1
L4000:T0,4000,T0,2026-03-16T00:00:00.000Z,84,31,0,53,0
L4000:T1:I18152,4000,T1,2026-03-28T16:07:33.000Z,86,32,0,54,0
L4000:T2:I18153,4000,T2,2026-03-29T09:23:38.000Z,87,32,0,54,1
L4001:T0,4001,T0,2025-06-09T00:00:00.000Z,10,10,0,0,0
L4001:T1:I18154,4001,T1,2025-06-15T20:01:36.000Z,11,10,0,0,1
L4001:T2:I18156,4001,T2,2025-06-17T09:32:26.000Z,11,10,0,0,1
L4001:T2:I18157,4001,T2,2025-08-25T08:21:00.000Z,15,14,0,0,1
L4001:T2:I18159,4001,T2,2025-12-02T18:39:00.000Z,19,19,0,0,0
L4001:T2:I18155,4001,T2,2026-02-10T20:04:00.000Z,23,22,0,0,1
L4001:T2:I18158,4001,T2,2026-06-02T13:08:00.000Z,27,26,0,0,1
L4002:T0,4002,T0,2026-02-27T00:00:00.000Z,13,0,13,0,0
L4002:T1:I18165,4002,T1,2026-03-01T14:11:04.000Z,15,0,14,0,1
L4002:T2:I18162,4002,T2,2026-03-01T19:55:01.000Z,14,0,14,0,0
L4002:T2:I18161,4002,T2,2026-03-04T07:21:00.000Z,15,0,14,0,1
L4002:T2:I18160,4002,T2,2026-03-05T18:47:22.000Z,15,0,14,0,1
L4002:T2:I18164,4002,T2,2026-03-08T13:28:41.000Z,15,0,14,0,1
L4002:T2:I18163,4002,T2,2026-03-11T19:36:28.000Z,15,0,14,0,1
L4003:T0,4003,T0,2026-03-02T00:00:00.000Z,38,24,0,14,0
L4003:T1:I18166,4003,T1,2026-03-07T19:08:34.000Z,39,24,0,14,1
L4003:T2:I18168,4003,T2,2026-03-08T10:40:16.000Z,39,24,0,14,1
L4003:T2:I18167,4003,T2,2026-03-08T20:41:05.000Z,39,24,0,14,1
L4004:T0,4004,T0,2025-12-23T00:00:00.000Z,28,28,0,0,0
L4004:T1:I18173,4004,T1,2025-12-25T09:16:22.000Z,29,28,0,0,1
L4004:T2:I18170,4004,T2,2026-01-03T10:11:05.000Z,30,29,0,0,1
L4004:T2:I18172,4004,T2,2026-01-04T09:42:04.000Z,30,29,0,0,1
L4004:T2:I18169,4004,T2,2026-01-05T10:03:29.000Z,30,29,0,0,1
L4004:T2:I18171,4004,T2,2026-02-06T17:05:00.000Z,31,30,0,0,1
L4005:T0,4005,T0,2026-04-09T00:00:00.000Z,64,31,0,33,0
L4005:T1:I18175,4005,T1,2026-04-09T07:31:57.000Z,65,31,0,33,1
L4005:T2:I18177,4005,T2,2026-04-09T10:54:53.000Z,65,31,0,33,1
L4005:T2:I18176,4005,T2,2026-04-13T14:53:17.000Z,65,31,0,33,1
L4005:T2:I18174,4005,T2,2026-04-19T14:22:16.000Z,65,31,0,33,1
L4006:T0,4006,T0,2026-02-12T00:00:00.000Z,25,25,0,0,0
L4006:T1:I18178,4006,T1,2026-02-15T16:01:20.000Z,26,25,0,0,1
L4006:T2:I18180,4006,T2,2026-02-20T13:10:04.000Z,26,25,0,0,1
L4006:T2:I18181,4006,T2,2026-02-20T14:56:25.000Z,26,25,0,0,1
L4006:T2:I18179,4006,T2,2026-02-21T08:10:35.000Z,26,25,0,0,1
L4007:T0,4007,T0,2025-10-27T00:00:00.000Z,42,12,0,30,0
L4007:T1:I18188,4007,T1,2025-10-27T07:50:46.000Z,43,12,0,30,1
L4007:T2:I18183,4007,T2,2025-10-27T17:37:49.000Z,42,12,0,30,0
L4007:T2:I18186,4007,T2,2025-11-07T13:20:13.000Z,43,12,0,30,1
L4007:T2:I18185,4007,T2,2025-11-09T09:43:27.000Z,43,12,0,30,1
L4007:T2:I18182,4007,T2,2026-01-12T20:58:00.000Z,48,14,0,33,1
L4007:T2:I18184,4007,T2,2026-03-23T12:30:00.000Z,53,15,0,37,1
L4007:T2:I18187,4007,T2,2026-05-02T08:42:00.000Z,58,16,0,41,1
L4008:T0,4008,T0,2025-11-06T00:00:00.000Z,54,23,0,31,0
L4008:T1:I18190,4008,T1,2025-11-10T13:59:23.000Z,56,24,0,31,1
L4008:T2:I18191,4008,T2,2025-11-13T07:42:47.000Z,56,24,0,31,1
L4008:T2:I18189,4008,T2,2026-04-22T14:06:00.000Z,76,33,0,42,1
L4009:T0,4009,T0,2025-11-07T00:00:00.000Z,44,18,0,26,0
L4009:T1:I18192,4009,T1,2025-11-19T13:23:30.000Z,45,18,0,26,1
L4010:T0,4010,T0,2025-07-10T00:00:00.000Z,49,30,0,19,0
L4010:T1:I18198,4010,T1,2025-07-21T16:41:38.000Z,51,30,0,20,1
L4010:T2:I18197,4010,T2,2025-07-22T11:34:11.000Z,52,30,0,21,1
L4010:T2:I18195,4010,T2,2025-11-07T13:53:00.000Z,64,35,0,29,0
L4010:T2:I18194,4010,T2,2026-01-06T19:22:00.000Z,69,39,0,30,0
L4010:T2:I18199,4010,T2,2026-05-25T17:22:00.000Z,81,43,0,37,1
L4010:T2:I18196,4010,T2,2026-06-11T10:35:00.000Z,82,44,0,37,1
L4010:T2:I18193,4010,T2,2026-06-11T12:42:00.000Z,82,44,0,37,1
L4011:T0,4011,T0,2026-01-07T00:00:00.000Z,127,39,0,88,0
L4011:T1:I18204,4011,T1,2026-01-08T15:50:46.000Z,129,39,0,89,1
L4011:T2:I18202,4011,T2,2026-01-09T14:41:15.000Z,129,39,0,89,1
L4011:T2:I18203,4011,T2,2026-01-17T10:15:26.000Z,131,40,0,90,1
L4011:T2:I18201,4011,T2,2026-01-18T13:21:27.000Z,131,40,0,90,1
L4011:T2:I18200,4011,T2,2026-02-25T19:53:00.000Z,137,43,0,93,1
L4012:T0,4012,T0,2026-03-16T00:00:00.000Z,63,30,0,33,0
L4012:T1:I18205,4012,T1,2026-03-22T12:31:28.000Z,64,30,0,33,1
L4012:T2:I18207,4012,T2,2026-03-29T07:23:09.000Z,65,31,0,33,1
L4012:T2:I18206,4012,T2,2026-03-29T18:32:47.000Z,65,31,0,33,1
L4013:T0,4013,T0,2025-09-12T00:00:00.000Z,48,28,20,0,0
L4013:T1:I18211,4013,T1,2025-09-13T19:47:12.000Z,49,28,20,0,1
L4013:T2:I18210,4013,T2,2025-09-18T11:29:56.000Z,49,28,20,0,1
L4013:T2:I18208,4013,T2,2025-09-18T20:24:01.000Z,49,28,20,0,1
L4013:T2:I18212,4013,T2,2025-10-02T16:40:00.000Z,50,29,20,0,1
L4013:T2:I18209,4013,T2,2026-05-06T18:42:00.000Z,73,40,32,0,1
L4014:T0,4014,T0,2026-02-24T00:00:00.000Z,79,23,0,56,0
L4014:T1:I18213,4014,T1,2026-02-24T14:47:34.000Z,80,23,0,56,1
L4014:T2:I18218,4014,T2,2026-02-27T10:42:26.000Z,82,25,0,56,1
L4014:T2:I18216,4014,T2,2026-03-02T13:46:53.000Z,83,25,0,57,1
L4014:T2:I18217,4014,T2,2026-03-04T20:28:01.000Z,83,25,0,57,1
L4014:T2:I18214,4014,T2,2026-03-05T09:04:27.000Z,83,25,0,57,1
L4014:T2:I18219,4014,T2,2026-03-05T17:33:14.000Z,82,25,0,57,0
L4014:T2:I18215,4014,T2,2026-03-06T12:37:03.000Z,84,25,0,58,1
L4014:T2:I18220,4014,T2,2026-03-18T12:03:00.000Z,85,25,0,59,1
L4015:T0,4015,T0,2025-11-11T00:00:00.000Z,37,19,0,18,0
L4015:T1:I18225,4015,T1,2025-11-11T08:07:27.000Z,38,19,0,18,1
L4015:T2:I18221,4015,T2,2025-11-14T16:44:07.000Z,38,19,0,18,1
L4015:T2:I18223,4015,T2,2025-11-20T09:46:52.000Z,39,19,0,19,1
L4015:T2:I18222,4015,T2,2025-11-22T12:15:17.000Z,39,19,0,19,1
L4015:T2:I18224,4015,T2,2025-12-20T16:20:00.000Z,42,21,0,20,1
L4016:T0,4016,T0,2026-01-14T00:00:00.000Z,83,47,0,36,0
L4016:T1:I18226,4016,T1,2026-02-05T09:17:00.000Z,87,49,0,37,1
L4017:T0,4017,T0,2026-01-13T00:00:00.000Z,38,38,0,0,0
L4017:T1:I18227,4017,T1,2026-01-19T13:17:43.000Z,39,38,0,0,1
L4017:T2:I18228,4017,T2,2026-01-19T13:56:01.000Z,39,38,0,0,1
L4017:T2:I18229,4017,T2,2026-01-23T11:35:21.000Z,39,38,0,0,1
L4018:T0,4018,T0,2025-01-21T00:00:00.000Z,31,9,0,22,0
L4018:T1:I18230,4018,T1,2025-04-29T15:15:00.000Z,44,11,0,32,1
L4019:T0,4019,T0,2025-05-29T00:00:00.000Z,15,15,0,0,0
L4019:T1:I18231,4019,T1,2025-06-05T18:57:09.000Z,17,16,0,0,1
L4020:T0,4020,T0,2026-01-20T00:00:00.000Z,59,34,0,25,0
L4020:T1:I18233,4020,T1,2026-01-21T07:15:10.000Z,60,34,0,25,1
L4020:T2:I18232,4020,T2,2026-01-21T12:16:00.000Z,60,34,0,25,1
L4020:T2:I18236,4020,T2,2026-01-22T12:46:25.000Z,60,34,0,25,1
L4020:T2:I18235,4020,T2,2026-01-23T07:09:07.000Z,60,34,0,25,1
L4020:T2:I18234,4020,T2,2026-01-24T19:14:23.000Z,60,34,0,25,1
L4020:T2:I18237,4020,T2,2026-01-27T10:15:49.000Z,60,34,0,25,1
L4020:T2:I18238,4020,T2,2026-04-12T16:37:00.000Z,69,39,0,29,1
L4021:T0,4021,T0,2025-02-15T00:00:00.000Z,20,12,0,8,0
L4021:T1:I18239,4021,T1,2025-02-20T07:23:19.000Z,21,12,0,8,1
L4021:T2:I18241,4021,T2,2025-07-07T11:14:00.000Z,29,16,0,12,1
L4021:T2:I18245,4021,T2,2025-10-18T11:29:00.000Z,38,22,0,15,1
L4021:T2:I18244,4021,T2,2025-12-13T20:17:00.000Z,40,23,0,16,1
L4021:T2:I18240,4021,T2,2026-02-22T09:11:00.000Z,47,26,0,20,1
L4021:T2:I18242,4021,T2,2026-03-30T07:28:00.000Z,51,27,0,23,1
L4021:T2:I18243,4021,T2,2026-04-15T16:15:00.000Z,52,27,0,24,1
L4022:T0,4022,T0,2025-04-30T00:00:00.000Z,16,16,0,0,0
L4022:T1:I18248,4022,T1,2025-05-30T12:01:00.000Z,20,19,0,0,1
L4022:T2:I18250,4022,T2,2025-10-06T20:17:00.000Z,26,25,0,0,1
L4022:T2:I18249,4022,T2,2025-12-08T14:00:00.000Z,28,27,0,0,1
L4022:T2:I18247,4022,T2,2026-01-27T18:25:00.000Z,28,27,0,0,1
L4022:T2:I18251,4022,T2,2026-03-21T14:59:00.000Z,32,31,0,0,1
L4022:T2:I18246,4022,T2,2026-06-14T18:35:00.000Z,37,36,0,0,1
L4023:T0,4023,T0,2025-06-20T00:00:00.000Z,10,10,0,0,0
L4023:T1:I18252,4023,T1,2025-06-23T17:54:17.000Z,11,10,0,0,1
L4023:T2:I18254,4023,T2,2025-07-02T20:36:06.000Z,11,10,0,0,1
L4023:T2:I18253,4023,T2,2025-07-03T16:26:33.000Z,11,10,0,0,1
L4023:T2:I18255,4023,T2,2025-12-08T11:04:00.000Z,16,16,0,0,0
L4023:T2:I18256,4023,T2,2026-03-13T11:18:00.000Z,21,20,0,0,1
L4024:T0,4024,T0,2026-03-19T00:00:00.000Z,27,27,0,0,0
L4024:T1:I18259,4024,T1,2026-03-21T08:44:18.000Z,28,27,0,0,1
L4024:T2:I18257,4024,T2,2026-03-26T15:22:53.000Z,28,27,0,0,1
L4024:T2:I18258,4024,T2,2026-03-31T07:18:52.000Z,28,27,0,0,1
L4024:T2:I18260,4024,T2,2026-04-01T16:33:53.000Z,28,27,0,0,1
L4025:T0,4025,T0,2025-08-06T00:00:00.000Z,52,21,0,31,0
L4025:T1:I18263,4025,T1,2025-08-08T14:08:55.000Z,52,21,0,31,0
L4025:T2:I18264,4025,T2,2025-08-10T10:37:59.000Z,52,21,0,31,0
L4025:T2:I18262,4025,T2,2025-08-19T08:22:51.000Z,55,22,0,32,1
L4025:T2:I18261,4025,T2,2026-02-21T08:19:00.000Z,80,31,0,48,1
L4026:T0,4026,T0,2026-04-25T00:00:00.000Z,73,39,0,34,0
L4026:T1:I18266,4026,T1,2026-04-28T18:51:38.000Z,73,39,0,34,0
L4026:T2:I18268,4026,T2,2026-05-02T08:41:41.000Z,74,39,0,34,1
L4026:T2:I18265,4026,T2,2026-05-03T12:27:40.000Z,74,39,0,34,1
L4026:T2:I18267,4026,T2,2026-05-06T19:11:20.000Z,74,39,0,34,1
L4027:T0,4027,T0,2026-05-03T00:00:00.000Z,70,0,34,36,0
L4027:T1:I18271,4027,T1,2026-05-04T11:05:07.000Z,70,0,34,36,0
L4027:T2:I18272,4027,T2,2026-05-05T14:09:10.000Z,72,0,35,36,1
L4027:T2:I18269,4027,T2,2026-05-11T20:05:41.000Z,72,0,35,36,1
L4027:T2:I18274,4027,T2,2026-05-12T07:48:32.000Z,73,0,35,37,1
L4027:T2:I18273,4027,T2,2026-05-14T18:56:12.000Z,73,0,35,37,1
L4027:T2:I18270,4027,T2,2026-05-16T17:31:14.000Z,73,0,35,37,1
L4028:T0,4028,T0,2025-12-27T00:00:00.000Z,43,19,0,24,0
L4028:T1:I18275,4028,T1,2025-12-30T14:40:03.000Z,44,19,0,24,1
L4028:T2:I18276,4028,T2,2025-12-31T20:01:46.000Z,45,19,0,25,1
L4029:T0,4029,T0,2026-05-11T00:00:00.000Z,32,32,0,0,0
L4029:T1:I18278,4029,T1,2026-05-12T16:52:29.000Z,33,32,0,0,1
L4029:T2:I18279,4029,T2,2026-05-14T08:35:39.000Z,34,33,0,0,1
L4029:T2:I18281,4029,T2,2026-05-16T20:39:09.000Z,34,33,0,0,1
L4029:T2:I18280,4029,T2,2026-05-18T15:51:55.000Z,34,33,0,0,1
L4029:T2:I18277,4029,T2,2026-05-19T10:29:25.000Z,34,33,0,0,1
L4030:T0,4030,T0,2025-01-03T00:00:00.000Z,26,11,0,15,0
L4030:T1:I18284,4030,T1,2025-05-11T07:17:00.000Z,33,13,0,19,1
L4030:T2:I18286,4030,T2,2025-06-19T13:53:00.000Z,41,17,0,23,1
L4030:T2:I18282,4030,T2,2025-08-02T08:25:00.000Z,46,21,0,24,1
L4030:T2:I18283,4030,T2,2025-09-23T16:30:00.000Z,49,24,0,24,1
L4030:T2:I18285,4030,T2,2025-10-18T17:43:00.000Z,50,24,0,25,1
L4031:T0,4031,T0,2025-12-04T00:00:00.000Z,31,15,0,16,0
L4031:T1:I18292,4031,T1,2025-12-07T19:10:35.000Z,33,16,0,16,1
L4031:T2:I18291,4031,T2,2025-12-08T11:48:22.000Z,34,17,0,16,1
L4031:T2:I18290,4031,T2,2025-12-10T08:33:12.000Z,33,17,0,16,0
L4031:T2:I18288,4031,T2,2025-12-15T10:27:43.000Z,33,17,0,16,0
L4031:T2:I18289,4031,T2,2025-12-17T15:22:50.000Z,34,17,0,16,1
L4031:T2:I18287,4031,T2,2025-12-17T18:28:15.000Z,34,17,0,16,1
L4031:T2:I18294,4031,T2,2026-03-18T13:47:00.000Z,44,23,0,20,1
L4031:T2:I18293,4031,T2,2026-06-26T17:13:00.000Z,46,24,0,21,1
L4032:T0,4032,T0,2025-12-22T00:00:00.000Z,71,0,27,44,0
L4032:T1:I18296,4032,T1,2025-12-30T09:47:33.000Z,72,0,27,44,1
L4032:T2:I18297,4032,T2,2026-01-01T10:51:11.000Z,73,0,28,44,1
L4032:T2:I18299,4032,T2,2026-01-01T19:20:07.000Z,73,0,28,44,1
L4032:T2:I18298,4032,T2,2026-01-03T07:02:19.000Z,72,0,28,44,0
L4032:T2:I18295,4032,T2,2026-04-19T14:33:00.000Z,88,0,32,55,1
L4033:T0,4033,T0,2025-02-22T00:00:00.000Z,14,0,9,5,0
L4033:T1:I18302,4033,T1,2025-02-25T08:42:07.000Z,15,0,9,5,1
L4033:T2:I18301,4033,T2,2025-02-28T11:07:04.000Z,14,0,9,5,0
L4033:T2:I18304,4033,T2,2025-03-02T14:02:04.000Z,18,0,11,6,1
L4033:T2:I18303,4033,T2,2025-06-07T10:18:00.000Z,23,0,14,8,1
L4033:T2:I18300,4033,T2,2025-06-15T07:06:00.000Z,23,0,14,8,1
L4034:T0,4034,T0,2025-12-30T00:00:00.000Z,64,23,0,41,0
L4034:T1:I18308,4034,T1,2026-01-02T08:51:50.000Z,65,23,0,42,0
L4034:T2:I18310,4034,T2,2026-01-11T11:22:24.000Z,66,23,0,42,1
L4034:T2:I18307,4034,T2,2026-01-12T12:51:34.000Z,66,23,0,42,1
L4034:T2:I18305,4034,T2,2026-01-12T15:31:35.000Z,65,23,0,42,0
L4034:T2:I18309,4034,T2,2026-04-19T15:51:00.000Z,78,27,0,50,1
L4034:T2:I18306,4034,T2,2026-06-14T07:23:00.000Z,87,30,0,56,1
L4035:T0,4035,T0,2025-03-17T00:00:00.000Z,14,6,0,8,0
L4035:T1:I18315,4035,T1,2025-03-26T12:00:29.000Z,15,6,0,8,1
L4035:T2:I18313,4035,T2,2025-05-03T13:31:00.000Z,18,7,0,10,1
L4035:T2:I18317,4035,T2,2025-07-06T07:14:00.000Z,21,9,0,11,1
L4035:T2:I18316,4035,T2,2025-11-18T15:34:00.000Z,28,13,0,14,1
L4035:T2:I18314,4035,T2,2025-12-08T10:22:00.000Z,28,13,0,14,1
L4035:T2:I18311,4035,T2,2026-06-08T08:58:00.000Z,39,20,0,18,1
L4035:T2:I18312,4035,T2,2026-06-29T17:09:00.000Z,40,21,0,18,1
L4036:T0,4036,T0,2025-02-10T00:00:00.000Z,16,16,0,0,0
L4036:T1:I18323,4036,T1,2025-02-14T09:46:09.000Z,16,16,0,0,0
L4036:T2:I18318,4036,T2,2025-07-30T15:25:00.000Z,24,23,0,0,1
L4036:T2:I18324,4036,T2,2025-10-26T08:16:00.000Z,25,24,0,0,1
L4036:T2:I18322,4036,T2,2025-12-05T18:37:00.000Z,28,27,0,0,1
L4036:T2:I18321,4036,T2,2026-03-10T11:33:00.000Z,31,30,0,0,1
L4036:T2:I18320,4036,T2,2026-04-04T16:13:00.000Z,34,33,0,0,1
L4036:T2:I18319,4036,T2,2026-05-27T19:19:00.000Z,35,34,0,0,1
L4037:T0,4037,T0,2025-01-02T00:00:00.000Z,21,10,11,0,0
L4037:T1:I18325,4037,T1,2025-02-12T11:26:00.000Z,23,10,12,0,1
L4037:T2:I18326,4037,T2,2025-06-04T08:27:00.000Z,37,15,21,0,1
L4038:T0,4038,T0,2026-02-16T00:00:00.000Z,73,42,0,31,0
L4038:T1:I18333,4038,T1,2026-02-16T15:46:52.000Z,74,42,0,31,1
L4038:T2:I18330,4038,T2,2026-02-22T15:25:00.000Z,75,42,0,32,1
L4038:T2:I18334,4038,T2,2026-02-23T13:58:03.000Z,75,42,0,32,1
L4038:T2:I18327,4038,T2,2026-02-26T10:49:41.000Z,76,42,0,33,1
L4038:T2:I18331,4038,T2,2026-03-01T17:40:04.000Z,77,43,0,33,1
L4038:T2:I18328,4038,T2,2026-04-30T09:24:00.000Z,84,47,0,36,1
L4038:T2:I18332,4038,T2,2026-05-04T09:04:00.000Z,85,48,0,36,1
L4038:T2:I18329,4038,T2,2026-05-25T17:28:00.000Z,89,51,0,37,1
L4039:T0,4039,T0,2025-09-01T00:00:00.000Z,47,28,0,19,0
L4039:T1:I18336,4039,T1,2025-09-04T14:54:59.000Z,48,28,0,19,1
L4039:T2:I18337,4039,T2,2025-09-08T08:36:26.000Z,48,28,0,19,1
L4039:T2:I18335,4039,T2,2026-01-25T18:40:00.000Z,71,38,0,32,1
L4040:T0,4040,T0,2025-07-13T00:00:00.000Z,20,20,0,0,0
L4040:T1:I18338,4040,T1,2025-07-14T16:22:20.000Z,21,20,0,0,1
L4040:T2:I18342,4040,T2,2025-07-18T19:03:16.000Z,21,20,0,0,1
L4040:T2:I18340,4040,T2,2025-07-20T17:31:16.000Z,21,20,0,0,1
L4040:T2:I18341,4040,T2,2025-09-02T10:09:00.000Z,24,23,0,0,1
L4040:T2:I18339,4040,T2,2025-09-12T13:11:00.000Z,24,23,0,0,1
L4041:T0,4041,T0,2026-01-03T00:00:00.000Z,72,21,0,51,0
L4041:T1:I18344,4041,T1,2026-01-04T13:25:47.000Z,73,21,0,51,1
L4041:T2:I18345,4041,T2,2026-01-06T16:51:44.000Z,74,21,0,52,1
L4041:T2:I18343,4041,T2,2026-01-10T11:01:59.000Z,75,21,0,53,1
L4042:T0,4042,T0,2025-03-17T00:00:00.000Z,14,14,0,0,0
L4042:T1:I18347,4042,T1,2025-04-13T15:19:00.000Z,16,15,0,0,1
L4042:T2:I18349,4042,T2,2025-10-11T09:04:00.000Z,26,25,0,0,1
L4042:T2:I18348,4042,T2,2026-01-28T07:16:00.000Z,28,27,0,0,1
L4042:T2:I18351,4042,T2,2026-03-10T14:37:00.000Z,31,30,0,0,1
L4042:T2:I18346,4042,T2,2026-03-26T12:06:00.000Z,32,31,0,0,1
L4042:T2:I18350,4042,T2,2026-06-14T14:41:00.000Z,36,36,0,0,0
L4043:T0,4043,T0,2026-05-28T00:00:00.000Z,31,31,0,0,0
L4043:T1:I18352,4043,T1,2026-06-01T11:09:26.000Z,33,32,0,0,1
L4043:T2:I18356,4043,T2,2026-06-01T16:49:16.000Z,33,32,0,0,1
L4043:T2:I18353,4043,T2,2026-06-04T20:42:11.000Z,32,32,0,0,0
L4043:T2:I18358,4043,T2,2026-06-06T13:53:24.000Z,33,32,0,0,1
L4043:T2:I18357,4043,T2,2026-06-08T14:42:09.000Z,33,32,0,0,1
L4043:T2:I18354,4043,T2,2026-06-08T18:00:35.000Z,33,32,0,0,1
L4043:T2:I18359,4043,T2,2026-06-08T18:31:47.000Z,33,32,0,0,1
L4043:T2:I18355,4043,T2,2026-06-09T07:59:48.000Z,33,32,0,0,1
L4044:T0,4044,T0,2025-01-12T00:00:00.000Z,21,11,10,0,0
L4044:T1:I18360,4044,T1,2025-01-18T18:41:29.000Z,22,11,10,0,1
L4044:T2:I18362,4044,T2,2025-08-01T20:10:00.000Z,42,24,17,0,1
L4044:T2:I18361,4044,T2,2025-10-22T15:01:00.000Z,49,26,22,0,1
L4045:T0,4045,T0,2025-05-03T00:00:00.000Z,21,21,0,0,0
L4045:T1:I18363,4045,T1,2025-05-14T14:41:01.000Z,22,21,0,0,1
L4045:T2:I18365,4045,T2,2025-12-18T07:09:00.000Z,34,33,0,0,1
L4045:T2:I18364,4045,T2,2026-02-06T16:52:00.000Z,36,35,0,0,1
L4046:T0,4046,T0,2026-02-03T00:00:00.000Z,44,18,0,26,0
L4046:T1:I18367,4046,T1,2026-02-03T07:56:41.000Z,45,18,0,26,1
L4046:T2:I18369,4046,T2,2026-02-06T09:29:18.000Z,45,18,0,26,1
L4046:T2:I18368,4046,T2,2026-02-14T09:28:48.000Z,45,18,0,26,1
L4046:T2:I18370,4046,T2,2026-02-15T15:26:44.000Z,46,19,0,26,1
L4046:T2:I18366,4046,T2,2026-02-16T15:36:53.000Z,46,19,0,26,1
L4047:T0,4047,T0,2025-03-16T00:00:00.000Z,47,0,16,31,0
L4047:T1:I18372,4047,T1,2025-03-22T19:28:19.000Z,47,0,16,31,0
L4047:T2:I18373,4047,T2,2025-05-25T09:47:00.000Z,60,0,20,39,1
L4047:T2:I18371,4047,T2,2025-11-06T15:25:00.000Z,90,0,28,61,1
L4048:T0,4048,T0,2025-06-04T00:00:00.000Z,18,18,0,0,0
L4048:T1:I18379,4048,T1,2025-06-04T14:34:44.000Z,19,18,0,0,1
L4048:T2:I18375,4048,T2,2025-06-09T15:48:58.000Z,19,18,0,0,1
L4048:T2:I18377,4048,T2,2025-06-13T09:04:21.000Z,19,18,0,0,1
L4048:T2:I18378,4048,T2,2025-06-15T10:10:57.000Z,19,18,0,0,1
L4048:T2:I18376,4048,T2,2025-06-16T10:37:51.000Z,18,18,0,0,0
L4048:T2:I18374,4048,T2,2025-06-16T11:56:12.000Z,19,18,0,0,1
L4049:T0,4049,T0,2025-05-27T00:00:00.000Z,34,20,0,14,0
L4049:T1:I18380,4049,T1,2025-08-02T16:40:00.000Z,43,21,0,21,1
L4049:T2:I18385,4049,T2,2025-08-24T09:58:00.000Z,46,21,0,25,0
L4049:T2:I18381,4049,T2,2025-09-12T20:54:00.000Z,50,23,0,26,1
L4049:T2:I18383,4049,T2,2026-04-03T08:40:00.000Z,72,33,0,38,1
L4049:T2:I18384,4049,T2,2026-04-04T08:43:00.000Z,72,33,0,38,1
L4049:T2:I18382,4049,T2,2026-04-26T13:58:00.000Z,74,34,0,39,1
L4050:T0,4050,T0,2025-01-24T00:00:00.000Z,31,10,0,21,0
L4050:T1:I18389,4050,T1,2025-02-02T19:45:21.000Z,32,10,0,21,1
L4050:T2:I18388,4050,T2,2025-02-04T20:34:09.000Z,32,10,0,21,1
L4050:T2:I18387,4050,T2,2025-10-01T08:34:00.000Z,60,24,0,35,1
L4050:T2:I18386,4050,T2,2025-11-15T11:39:00.000Z,67,25,0,41,1
L4051:T0,4051,T0,2025-10-24T00:00:00.000Z,25,25,0,0,0
L4051:T1:I18391,4051,T1,2025-11-01T16:31:21.000Z,29,28,0,0,1
L4051:T2:I18390,4051,T2,2025-11-02T13:40:52.000Z,28,28,0,0,0
L4052:T0,4052,T0,2026-02-20T00:00:00.000Z,45,45,0,0,0
L4052:T1:I18398,4052,T1,2026-02-21T12:52:34.000Z,47,46,0,0,1
L4052:T2:I18392,4052,T2,2026-02-25T20:09:00.000Z,47,46,0,0,1
L4052:T2:I18399,4052,T2,2026-02-28T09:17:37.000Z,48,47,0,0,1
L4052:T2:I18394,4052,T2,2026-02-28T10:12:20.000Z,48,47,0,0,1
L4052:T2:I18393,4052,T2,2026-02-28T14:58:45.000Z,48,47,0,0,1
L4052:T2:I18397,4052,T2,2026-03-02T09:17:44.000Z,48,47,0,0,1
L4052:T2:I18396,4052,T2,2026-03-03T07:18:35.000Z,48,47,0,0,1
L4052:T2:I18395,4052,T2,2026-04-23T18:01:00.000Z,52,51,0,0,1
L4053:T0,4053,T0,2025-01-21T00:00:00.000Z,29,11,0,18,0
L4053:T1:I18400,4053,T1,2025-01-26T19:48:29.000Z,31,11,0,20,0
L4054:T0,4054,T0,2025-06-20T00:00:00.000Z,16,16,0,0,0
L4054:T1:I18401,4054,T1,2025-06-29T13:58:49.000Z,18,17,0,0,1
L4055:T0,4055,T0,2026-03-29T00:00:00.000Z,140,44,0,96,0
L4055:T1:I18405,4055,T1,2026-03-31T17:10:29.000Z,141,44,0,96,1
L4055:T2:I18404,4055,T2,2026-04-02T12:36:17.000Z,140,44,0,96,0
L4055:T2:I18403,4055,T2,2026-04-05T12:48:49.000Z,141,44,0,96,1
L4055:T2:I18402,4055,T2,2026-04-08T20:45:43.000Z,141,44,0,97,0
L4056:T0,4056,T0,2026-01-10T00:00:00.000Z,20,20,0,0,0
L4056:T1:I18410,4056,T1,2026-01-15T14:04:05.000Z,21,20,0,0,1
L4056:T2:I18406,4056,T2,2026-01-16T20:50:48.000Z,21,20,0,0,1
L4056:T2:I18407,4056,T2,2026-01-23T09:16:47.000Z,21,20,0,0,1
L4056:T2:I18408,4056,T2,2026-02-17T14:12:00.000Z,21,20,0,0,1
L4056:T2:I18409,4056,T2,2026-03-20T07:57:00.000Z,26,25,0,0,1
L4057:T0,4057,T0,2025-12-04T00:00:00.000Z,53,26,0,27,0
L4057:T1:I18415,4057,T1,2025-12-10T14:39:28.000Z,54,26,0,28,0
L4057:T2:I18414,4057,T2,2025-12-12T17:27:03.000Z,56,26,0,29,1
L4057:T2:I18411,4057,T2,2025-12-15T19:17:56.000Z,58,26,0,31,1
L4057:T2:I18413,4057,T2,2025-12-16T12:44:36.000Z,58,26,0,31,1
L4057:T2:I18412,4057,T2,2026-02-09T11:59:00.000Z,61,27,0,33,1
L4058:T0,4058,T0,2025-01-17T00:00:00.000Z,21,0,21,0,0
L4058:T1:I18417,4058,T1,2025-01-30T10:31:37.000Z,22,0,22,0,0
L4058:T2:I18416,4058,T2,2025-04-25T19:25:00.000Z,33,0,32,0,1
L4058:T2:I18418,4058,T2,2025-10-22T14:10:00.000Z,49,0,48,0,1
L4059:T0,4059,T0,2026-02-23T00:00:00.000Z,30,30,0,0,0
L4059:T1:I18421,4059,T1,2026-02-23T19:17:41.000Z,31,30,0,0,1
L4059:T2:I18420,4059,T2,2026-02-25T16:19:30.000Z,31,30,0,0,1
L4059:T2:I18425,4059,T2,2026-02-26T14:43:29.000Z,31,30,0,0,1
L4059:T2:I18419,4059,T2,2026-02-28T08:55:38.000Z,31,30,0,0,1
L4059:T2:I18423,4059,T2,2026-03-03T13:04:26.000Z,31,30,0,0,1
L4059:T2:I18424,4059,T2,2026-04-12T14:11:00.000Z,35,34,0,0,1
L4059:T2:I18422,4059,T2,2026-06-05T08:38:00.000Z,36,35,0,0,1
L4060:T0,4060,T0,2025-12-02T00:00:00.000Z,107,33,0,74,0
L4060:T1:I18427,4060,T1,2025-12-03T16:20:54.000Z,108,33,0,74,1
L4060:T2:I18429,4060,T2,2025-12-04T08:52:25.000Z,108,33,0,74,1
L4060:T2:I18430,4060,T2,2025-12-04T16:57:18.000Z,108,33,0,74,1
L4060:T2:I18432,4060,T2,2025-12-06T10:29:19.000Z,108,33,0,74,1
L4060:T2:I18426,4060,T2,2025-12-07T15:41:47.000Z,108,33,0,74,1
L4060:T2:I18428,4060,T2,2025-12-13T14:11:30.000Z,109,33,0,76,0
L4060:T2:I18433,4060,T2,2025-12-14T14:34:37.000Z,110,33,0,76,1
L4060:T2:I18431,4060,T2,2025-12-15T18:47:27.000Z,109,33,0,76,0
L4061:T0,4061,T0,2026-06-05T00:00:00.000Z,37,37,0,0,0
L4061:T1:I18437,4061,T1,2026-06-05T09:55:13.000Z,38,37,0,0,1
L4061:T2:I18436,4061,T2,2026-06-05T17:10:57.000Z,38,37,0,0,1
L4061:T2:I18434,4061,T2,2026-06-13T07:42:57.000Z,38,37,0,0,1
L4061:T2:I18435,4061,T2,2026-06-15T14:54:11.000Z,38,37,0,0,1
L4062:T0,4062,T0,2025-09-17T00:00:00.000Z,39,0,23,16,0
L4062:T1:I18438,4062,T1,2025-09-28T17:31:03.000Z,40,0,23,16,1
L4062:T2:I18441,4062,T2,2026-01-02T16:58:00.000Z,43,0,23,19,1
L4062:T2:I18440,4062,T2,2026-03-09T08:00:00.000Z,47,0,24,22,1
L4062:T2:I18439,4062,T2,2026-04-05T15:19:00.000Z,48,0,25,22,1
L4063:T0,4063,T0,2026-02-02T00:00:00.000Z,32,32,0,0,0
L4063:T1:I18444,4063,T1,2026-02-03T18:14:27.000Z,32,32,0,0,0
L4063:T2:I18445,4063,T2,2026-02-03T19:50:02.000Z,33,32,0,0,1
L4063:T2:I18443,4063,T2,2026-02-05T14:59:53.000Z,33,32,0,0,1
L4063:T2:I18448,4063,T2,2026-02-10T09:15:46.000Z,34,33,0,0,1
L4063:T2:I18447,4063,T2,2026-02-13T18:46:52.000Z,34,33,0,0,1
L4063:T2:I18446,4063,T2,2026-02-14T07:01:36.000Z,33,33,0,0,0
L4063:T2:I18442,4063,T2,2026-02-28T11:20:00.000Z,34,33,0,0,1
L4064:T0,4064,T0,2025-10-14T00:00:00.000Z,42,12,0,30,0
L4064:T1:I18453,4064,T1,2025-10-14T16:29:04.000Z,43,12,0,30,1
L4064:T2:I18454,4064,T2,2025-10-23T16:09:32.000Z,43,12,0,30,1
L4064:T2:I18452,4064,T2,2025-10-25T16:39:27.000Z,43,12,0,30,1
L4064:T2:I18449,4064,T2,2025-10-26T14:01:07.000Z,43,12,0,30,1
L4064:T2:I18451,4064,T2,2025-10-27T18:28:11.000Z,43,12,0,30,1
L4064:T2:I18450,4064,T2,2025-12-07T07:09:00.000Z,44,12,0,31,1
L4065:T0,4065,T0,2026-03-19T00:00:00.000Z,46,26,0,20,0
L4065:T1:I18455,4065,T1,2026-03-20T14:14:08.000Z,48,26,0,21,1
L4065:T2:I18456,4065,T2,2026-03-28T15:18:55.000Z,48,26,0,21,1
L4065:T2:I18457,4065,T2,2026-05-14T14:39:00.000Z,50,28,0,22,0
L4066:T0,4066,T0,2025-10-13T00:00:00.000Z,49,15,0,34,0
L4066:T1:I18460,4066,T1,2025-10-13T09:18:03.000Z,50,15,0,34,1
L4066:T2:I18462,4066,T2,2025-10-15T15:49:57.000Z,50,15,0,34,1
L4066:T2:I18463,4066,T2,2025-10-19T07:42:14.000Z,50,15,0,34,1
L4066:T2:I18461,4066,T2,2025-10-20T08:19:11.000Z,50,15,0,34,1
L4066:T2:I18458,4066,T2,2025-10-24T10:03:17.000Z,51,15,0,35,1
L4066:T2:I18459,4066,T2,2025-12-26T15:53:00.000Z,65,20,0,44,1
L4067:T0,4067,T0,2025-12-24T00:00:00.000Z,41,20,0,21,0
L4067:T1:I18464,4067,T1,2025-12-25T19:05:15.000Z,42,20,0,21,1
L4067:T2:I18465,4067,T2,2025-12-29T18:56:05.000Z,42,20,0,21,1
L4068:T0,4068,T0,2025-08-25T00:00:00.000Z,23,23,0,0,0
L4068:T1:I18466,4068,T1,2025-09-04T07:00:04.000Z,24,23,0,0,1
L4069:T0,4069,T0,2025-05-31T00:00:00.000Z,7,7,0,0,0
L4069:T1:I18467,4069,T1,2025-06-01T18:29:30.000Z,9,8,0,0,1
L4069:T2:I18471,4069,T2,2025-06-09T07:49:00.000Z,9,8,0,0,1
L4069:T2:I18470,4069,T2,2025-06-12T10:20:49.000Z,9,8,0,0,1
L4069:T2:I18468,4069,T2,2026-05-31T10:06:00.000Z,22,21,0,0,1
L4069:T2:I18469,4069,T2,2026-06-08T13:30:00.000Z,22,21,0,0,1
L4070:T0,4070,T0,2025-04-05T00:00:00.000Z,11,11,0,0,0
L4070:T1:I18475,4070,T1,2025-04-08T20:13:55.000Z,11,11,0,0,0
L4070:T2:I18472,4070,T2,2025-04-30T09:46:00.000Z,12,11,0,0,1
L4070:T2:I18473,4070,T2,2025-07-12T12:32:00.000Z,12,11,0,0,1
L4070:T2:I18474,4070,T2,2026-04-20T14:40:00.000Z,26,25,0,0,1
L4071:T0,4071,T0,2025-04-25T00:00:00.000Z,24,13,11,0,0
L4071:T1:I18480,4071,T1,2025-05-07T16:00:46.000Z,25,13,11,0,1
L4071:T2:I18477,4071,T2,2025-11-08T12:56:00.000Z,46,24,22,0,0
L4071:T2:I18479,4071,T2,2025-12-10T12:48:00.000Z,47,24,22,0,1
L4071:T2:I18481,4071,T2,2025-12-13T10:52:00.000Z,47,24,22,0,1
L4071:T2:I18476,4071,T2,2026-04-17T12:37:00.000Z,56,28,27,0,1
L4071:T2:I18478,4071,T2,2026-05-02T14:10:00.000Z,56,29,27,0,0
L4072:T0,4072,T0,2025-11-18T00:00:00.000Z,29,16,13,0,0
L4072:T1:I18488,4072,T1,2025-11-19T11:04:03.000Z,29,16,13,0,0
L4072:T2:I18483,4072,T2,2025-11-20T07:45:50.000Z,29,16,13,0,0
L4072:T2:I18485,4072,T2,2025-11-23T11:27:19.000Z,30,16,13,0,1
L4072:T2:I18487,4072,T2,2025-12-01T07:46:38.000Z,30,16,13,0,1
L4072:T2:I18486,4072,T2,2026-04-01T14:20:00.000Z,33,18,14,0,1
L4072:T2:I18484,4072,T2,2026-04-19T07:48:00.000Z,37,21,15,0,1
L4072:T2:I18482,4072,T2,2026-04-19T16:55:00.000Z,37,21,15,0,1
L4073:T0,4073,T0,2026-06-19T00:00:00.000Z,44,24,0,20,0
L4073:T1:I18489,4073,T1,2026-06-26T17:56:36.000Z,45,24,0,20,1
L4073:T2:I18490,4073,T2,2026-06-30T08:09:53.000Z,45,24,0,20,1
L4073:T2:I18491,4073,T2,2026-07-01T15:55:20.000Z,45,24,0,20,1
L4074:T0,4074,T0,2025-05-26T00:00:00.000Z,7,7,0,0,0
L4074:T1:I18495,4074,T1,2025-05-28T17:12:30.000Z,8,7,0,0,1
L4074:T2:I18494,4074,T2,2025-05-30T14:22:33.000Z,8,7,0,0,1
L4074:T2:I18493,4074,T2,2025-05-31T10:33:32.000Z,8,7,0,0,1
L4074:T2:I18498,4074,T2,2025-06-01T08:12:43.000Z,8,7,0,0,1
L4074:T2:I18497,4074,T2,2025-07-17T20:03:00.000Z,8,7,0,0,1
L4074:T2:I18492,4074,T2,2025-08-28T18:18:00.000Z,8,7,0,0,1
L4074:T2:I18496,4074,T2,2025-09-22T07:59:00.000Z,8,7,0,0,1
L4074:T2:I18499,4074,T2,2026-04-11T17:19:00.000Z,11,10,0,0,1
L4075:T0,4075,T0,2025-08-14T00:00:00.000Z,12,12,0,0,0
L4075:T1:I18502,4075,T1,2025-08-15T13:05:02.000Z,13,12,0,0,1
L4075:T2:I18501,4075,T2,2025-08-19T14:41:53.000Z,13,12,0,0,1
L4075:T2:I18505,4075,T2,2025-08-20T12:24:17.000Z,13,12,0,0,1
L4075:T2:I18503,4075,T2,2025-08-26T15:40:29.000Z,14,13,0,0,1
L4075:T2:I18504,4075,T2,2025-09-11T11:11:00.000Z,15,14,0,0,1
L4075:T2:I18500,4075,T2,2025-09-22T11:00:00.000Z,15,14,0,0,1
L4076:T0,4076,T0,2025-08-11T00:00:00.000Z,30,15,0,15,0
L4076:T1:I18506,4076,T1,2026-03-07T17:58:00.000Z,49,24,0,24,1
L4077:T0,4077,T0,2025-10-04T00:00:00.000Z,33,17,0,16,0
L4077:T1:I18507,4077,T1,2025-10-09T13:01:18.000Z,34,17,0,16,1
L4078:T0,4078,T0,2026-03-24T00:00:00.000Z,61,32,0,29,0
L4078:T1:I18508,4078,T1,2026-03-27T16:49:33.000Z,62,32,0,29,1
L4078:T2:I18509,4078,T2,2026-03-30T18:59:14.000Z,62,32,0,29,1
L4079:T0,4079,T0,2025-04-23T00:00:00.000Z,24,13,0,11,0
L4079:T1:I18513,4079,T1,2025-04-26T11:47:48.000Z,25,13,0,11,1
L4079:T2:I18510,4079,T2,2025-04-26T19:34:09.000Z,25,13,0,11,1
L4079:T2:I18511,4079,T2,2025-05-03T14:54:07.000Z,26,14,0,11,1
L4079:T2:I18512,4079,T2,2025-06-30T17:05:00.000Z,30,16,0,13,1
L4080:T0,4080,T0,2025-05-07T00:00:00.000Z,16,16,0,0,0
L4080:T1:I18515,4080,T1,2025-05-08T15:12:24.000Z,17,16,0,0,1
L4080:T2:I18516,4080,T2,2025-05-15T14:46:08.000Z,17,16,0,0,1
L4080:T2:I18518,4080,T2,2025-05-16T13:51:52.000Z,17,16,0,0,1
L4080:T2:I18514,4080,T2,2025-05-18T07:27:33.000Z,17,16,0,0,1
L4080:T2:I18517,4080,T2,2026-04-12T14:51:00.000Z,24,23,0,0,1
L4081:T0,4081,T0,2025-03-05T00:00:00.000Z,25,0,9,16,0
L4081:T1:I18519,4081,T1,2025-03-07T13:46:45.000Z,27,0,9,17,1
L4081:T2:I18521,4081,T2,2025-04-13T20:02:00.000Z,29,0,9,19,1
L4081:T2:I18522,4081,T2,2025-06-19T15:07:00.000Z,36,0,11,24,1
L4081:T2:I18520,4081,T2,2026-04-19T07:21:00.000Z,78,0,25,52,1
L4081:T2:I18523,4081,T2,2026-04-21T08:27:00.000Z,80,0,25,54,1
L4082:T0,4082,T0,2025-02-07T00:00:00.000Z,17,17,0,0,0
L4082:T1:I18526,4082,T1,2025-02-10T13:58:16.000Z,19,18,0,0,1
L4082:T2:I18524,4082,T2,2025-02-12T09:55:13.000Z,19,18,0,0,1
L4082:T2:I18525,4082,T2,2025-04-16T14:52:00.000Z,21,20,0,0,1
L4082:T2:I18528,4082,T2,2026-05-31T07:43:00.000Z,38,37,0,0,1
L4082:T2:I18527,4082,T2,2026-06-10T18:26:00.000Z,38,37,0,0,1
L4083:T0,4083,T0,2025-09-02T00:00:00.000Z,37,0,21,16,0
L4083:T1:I18529,4083,T1,2025-09-05T17:27:22.000Z,38,0,21,16,1
L4083:T2:I18531,4083,T2,2025-09-07T17:50:31.000Z,38,0,21,16,1
L4083:T2:I18534,4083,T2,2025-09-07T19:17:15.000Z,38,0,21,16,1
L4083:T2:I18536,4083,T2,2025-10-03T18:38:00.000Z,40,0,23,16,1
L4083:T2:I18530,4083,T2,2026-01-17T09:40:00.000Z,44,0,24,19,1
L4083:T2:I18533,4083,T2,2026-01-27T09:41:00.000Z,44,0,24,20,0
L4083:T2:I18532,4083,T2,2026-03-09T13:37:00.000Z,47,0,24,22,1
L4083:T2:I18535,4083,T2,2026-04-24T11:59:00.000Z,50,0,25,24,1
L4084:T0,4084,T0,2025-03-24T00:00:00.000Z,20,10,0,10,0
L4084:T1:I18541,4084,T1,2025-03-27T11:45:29.000Z,21,10,0,10,1
L4084:T2:I18538,4084,T2,2025-03-28T16:37:19.000Z,21,10,0,10,1
L4084:T2:I18542,4084,T2,2025-04-06T16:49:22.000Z,24,11,0,12,1
L4084:T2:I18539,4084,T2,2025-06-26T09:35:00.000Z,30,13,0,16,1
L4084:T2:I18537,4084,T2,2025-08-08T15:37:00.000Z,38,15,0,22,1
L4084:T2:I18540,4084,T2,2026-01-17T10:59:00.000Z,50,20,0,29,1
L4085:T0,4085,T0,2025-12-12T00:00:00.000Z,69,20,0,49,0
L4085:T1:I18543,4085,T1,2025-12-12T13:44:17.000Z,70,20,0,49,1
L4085:T2:I18546,4085,T2,2025-12-19T19:23:36.000Z,71,20,0,50,1
L4085:T2:I18544,4085,T2,2025-12-20T14:57:50.000Z,71,20,0,50,1
L4085:T2:I18547,4085,T2,2025-12-25T20:59:38.000Z,72,21,0,50,1
L4085:T2:I18545,4085,T2,2026-05-01T10:18:00.000Z,93,30,0,62,1
L4086:T0,4086,T0,2025-03-28T00:00:00.000Z,21,8,0,13,0
L4086:T1:I18552,4086,T1,2025-04-05T16:14:52.000Z,22,8,0,13,1
L4086:T2:I18550,4086,T2,2025-04-08T13:25:02.000Z,22,8,0,13,1
L4086:T2:I18549,4086,T2,2025-07-21T13:29:00.000Z,30,14,0,15,1
L4086:T2:I18551,4086,T2,2026-05-11T11:55:00.000Z,55,24,0,30,1
L4086:T2:I18548,4086,T2,2026-05-18T19:48:00.000Z,56,24,0,31,1
L4087:T0,4087,T0,2026-04-22T00:00:00.000Z,25,25,0,0,0
L4087:T1:I18554,4087,T1,2026-04-29T13:41:15.000Z,27,26,0,0,1
L4087:T2:I18553,4087,T2,2026-04-30T13:35:40.000Z,27,26,0,0,1
L4088:T0,4088,T0,2025-05-13T00:00:00.000Z,10,10,0,0,0
L4088:T1:I18558,4088,T1,2025-05-13T15:03:06.000Z,11,10,0,0,1
L4088:T2:I18560,4088,T2,2025-05-19T11:50:00.000Z,12,11,0,0,1
L4088:T2:I18556,4088,T2,2025-05-24T14:13:26.000Z,12,11,0,0,1
L4088:T2:I18557,4088,T2,2025-06-13T08:06:00.000Z,14,13,0,0,1
L4088:T2:I18555,4088,T2,2025-07-08T19:10:00.000Z,15,14,0,0,1
L4088:T2:I18559,4088,T2,2025-09-17T17:03:00.000Z,19,18,0,0,1
L4089:T0,4089,T0,2025-06-30T00:00:00.000Z,34,18,0,16,0
L4089:T1:I18562,4089,T1,2025-11-01T18:12:00.000Z,51,27,0,23,1
L4089:T2:I18561,4089,T2,2026-06-14T09:30:00.000Z,71,33,0,37,1
L4090:T0,4090,T0,2026-06-05T00:00:00.000Z,74,35,0,39,0
L4090:T1:I18564,4090,T1,2026-06-06T13:16:41.000Z,75,35,0,39,1
L4090:T2:I18570,4090,T2,2026-06-08T20:04:17.000Z,75,36,0,39,0
L4090:T2:I18568,4090,T2,2026-06-09T07:03:46.000Z,75,36,0,39,0
L4090:T2:I18566,4090,T2,2026-06-09T13:33:56.000Z,76,36,0,39,1
L4090:T2:I18569,4090,T2,2026-06-11T18:07:24.000Z,76,36,0,39,1
L4090:T2:I18567,4090,T2,2026-06-17T13:27:04.000Z,77,36,0,40,1
L4090:T2:I18565,4090,T2,2026-06-17T14:30:59.000Z,77,36,0,40,1
L4090:T2:I18563,4090,T2,2026-06-18T16:25:45.000Z,76,36,0,40,0
L4091:T0,4091,T0,2025-08-08T00:00:00.000Z,13,13,0,0,0
L4091:T1:I18571,4091,T1,2025-08-20T10:46:01.000Z,15,14,0,0,1
L4092:T0,4092,T0,2026-02-17T00:00:00.000Z,35,35,0,0,0
L4092:T1:I18577,4092,T1,2026-02-17T11:30:37.000Z,36,35,0,0,1
L4092:T2:I18574,4092,T2,2026-02-21T16:25:13.000Z,36,35,0,0,1
L4092:T2:I18573,4092,T2,2026-02-22T14:55:26.000Z,36,35,0,0,1
L4092:T2:I18572,4092,T2,2026-02-25T14:13:52.000Z,36,35,0,0,1
L4092:T2:I18576,4092,T2,2026-02-26T11:52:16.000Z,36,35,0,0,1
L4092:T2:I18575,4092,T2,2026-03-02T09:50:04.000Z,36,35,0,0,1
L4093:T0,4093,T0,2026-04-21T00:00:00.000Z,15,15,0,0,0
L4093:T1:I18580,4093,T1,2026-04-22T16:15:10.000Z,16,15,0,0,1
L4093:T2:I18584,4093,T2,2026-04-26T09:36:10.000Z,16,15,0,0,1
L4093:T2:I18582,4093,T2,2026-04-27T13:25:24.000Z,16,15,0,0,1
L4093:T2:I18579,4093,T2,2026-04-28T08:27:41.000Z,16,15,0,0,1
L4093:T2:I18581,4093,T2,2026-04-29T16:50:00.000Z,16,15,0,0,1
L4093:T2:I18585,4093,T2,2026-05-01T09:34:09.000Z,15,15,0,0,0
L4093:T2:I18578,4093,T2,2026-05-03T13:52:54.000Z,16,15,0,0,1
L4093:T2:I18583,4093,T2,2026-06-14T12:54:00.000Z,18,17,0,0,1
L4094:T0,4094,T0,2025-10-25T00:00:00.000Z,38,22,0,16,0
L4094:T1:I18588,4094,T1,2025-10-29T08:45:20.000Z,42,23,0,18,1
L4094:T2:I18590,4094,T2,2025-11-05T12:47:31.000Z,42,23,0,18,1
L4094:T2:I18589,4094,T2,2025-11-05T18:40:00.000Z,42,23,0,18,1
L4094:T2:I18587,4094,T2,2025-11-07T17:44:01.000Z,44,24,0,19,1
L4094:T2:I18586,4094,T2,2025-11-07T19:37:06.000Z,44,24,0,19,1
L4095:T0,4095,T0,2026-01-22T00:00:00.000Z,26,26,0,0,0
L4095:T1:I18592,4095,T1,2026-01-23T17:37:25.000Z,27,26,0,0,1
L4095:T2:I18591,4095,T2,2026-01-23T20:56:41.000Z,27,26,0,0,1
L4095:T2:I18593,4095,T2,2026-01-30T15:48:20.000Z,27,26,0,0,1
L4096:T0,4096,T0,2025-02-16T00:00:00.000Z,43,16,0,27,0
L4096:T1:I18598,4096,T1,2025-02-26T08:29:19.000Z,45,17,0,27,1
L4096:T2:I18597,4096,T2,2025-06-02T15:59:00.000Z,64,27,0,36,1
L4096:T2:I18594,4096,T2,2025-08-18T14:27:00.000Z,82,32,0,49,1
L4096:T2:I18596,4096,T2,2025-12-24T08:47:00.000Z,111,44,0,67,0
L4096:T2:I18595,4096,T2,2026-02-18T14:03:00.000Z,124,49,0,74,1
L4097:T0,4097,T0,2025-06-04T00:00:00.000Z,46,22,0,24,0
L4097:T1:I18599,4097,T1,2025-06-15T07:41:35.000Z,47,22,0,24,1
L4097:T2:I18600,4097,T2,2025-06-17T15:20:12.000Z,48,22,0,25,1
L4098:T0,4098,T0,2025-03-03T00:00:00.000Z,7,7,0,0,0
L4098:T1:I18606,4098,T1,2025-03-03T07:30:34.000Z,8,7,0,0,1
L4098:T2:I18604,4098,T2,2025-03-09T12:21:17.000Z,9,8,0,0,1
L4098:T2:I18605,4098,T2,2025-03-10T10:24:58.000Z,9,8,0,0,1
L4098:T2:I18601,4098,T2,2025-03-11T18:29:20.000Z,9,8,0,0,1
L4098:T2:I18608,4098,T2,2025-03-12T10:17:25.000Z,9,8,0,0,1
L4098:T2:I18607,4098,T2,2025-03-15T08:27:08.000Z,9,8,0,0,1
L4098:T2:I18602,4098,T2,2026-01-06T11:18:00.000Z,33,32,0,0,1
L4098:T2:I18603,4098,T2,2026-03-12T14:51:00.000Z,35,34,0,0,1
L4099:T0,4099,T0,2026-05-15T00:00:00.000Z,79,22,0,57,0
L4099:T1:I18609,4099,T1,2026-05-22T16:14:00.000Z,80,22,0,57,1
L4099:T2:I18610,4099,T2,2026-06-09T12:50:00.000Z,83,24,0,59,0
L4100:T0,4100,T0,2026-04-25T00:00:00.000Z,91,51,0,40,0
L4100:T1:I18612,4100,T1,2026-04-29T20:20:56.000Z,93,52,0,40,1
L4100:T2:I18611,4100,T2,2026-05-05T18:16:19.000Z,94,52,0,41,1
L4101:T0,4101,T0,2025-01-27T00:00:00.000Z,17,8,0,9,0
L4101:T1:I18613,4101,T1,2025-08-07T14:53:00.000Z,38,15,0,22,1
L4102:T0,4102,T0,2025-10-16T00:00:00.000Z,70,18,0,52,0
L4102:T1:I18614,4102,T1,2026-02-06T17:49:00.000Z,90,24,0,66,0
L4102:T2:I18615,4102,T2,2026-04-18T14:59:00.000Z,104,31,0,72,1
L4103:T0,4103,T0,2025-12-18T00:00:00.000Z,13,13,0,0,0
L4103:T1:I18616,4103,T1,2025-12-29T15:08:48.000Z,14,13,0,0,1
L4104:T0,4104,T0,2025-10-07T00:00:00.000Z,59,24,0,35,0
L4104:T1:I18617,4104,T1,2025-10-14T07:22:52.000Z,61,24,0,36,1
L4105:T0,4105,T0,2026-06-15T00:00:00.000Z,56,23,33,0,0
L4105:T1:I18618,4105,T1,2026-06-17T08:33:06.000Z,58,23,34,0,1
L4105:T2:I18619,4105,T2,2026-06-28T20:40:21.000Z,58,23,34,0,1
L4106:T0,4106,T0,2025-01-13T00:00:00.000Z,7,7,0,0,0
L4106:T1:I18621,4106,T1,2025-01-14T14:48:48.000Z,8,7,0,0,1
L4106:T2:I18627,4106,T2,2025-01-18T16:58:27.000Z,8,7,0,0,1
L4106:T2:I18622,4106,T2,2025-02-10T07:25:00.000Z,11,11,0,0,0
L4106:T2:I18620,4106,T2,2025-11-03T17:52:00.000Z,19,18,0,0,1
L4106:T2:I18624,4106,T2,2025-11-04T12:27:00.000Z,19,18,0,0,1
L4106:T2:I18623,4106,T2,2025-11-12T14:53:00.000Z,19,19,0,0,0
L4106:T2:I18626,4106,T2,2025-12-12T20:18:00.000Z,21,20,0,0,1
L4106:T2:I18625,4106,T2,2026-06-04T13:44:00.000Z,25,24,0,0,1
L4107:T0,4107,T0,2025-02-03T00:00:00.000Z,31,10,0,21,0
L4107:T1:I18631,4107,T1,2025-02-05T12:04:32.000Z,31,10,0,21,0
L4107:T2:I18630,4107,T2,2025-02-21T12:10:00.000Z,36,10,0,25,1
L4107:T2:I18628,4107,T2,2025-02-25T18:00:00.000Z,37,10,0,27,0
L4107:T2:I18629,4107,T2,2025-06-14T19:20:00.000Z,49,13,0,35,1
L4107:T2:I18632,4107,T2,2026-02-25T19:24:00.000Z,81,25,0,56,0
L4108:T0,4108,T0,2026-06-28T00:00:00.000Z,109,37,0,72,0
L4108:T1:I18634,4108,T1,2026-07-05T14:02:59.000Z,110,37,0,72,1
L4108:T2:I18633,4108,T2,2026-07-07T18:59:51.000Z,110,37,0,72,1
L4109:T0,4109,T0,2025-10-29T00:00:00.000Z,31,15,0,16,0
L4109:T1:I18639,4109,T1,2025-11-02T09:28:34.000Z,31,15,0,16,0
L4109:T2:I18636,4109,T2,2025-11-04T12:00:29.000Z,32,15,0,16,1
L4109:T2:I18638,4109,T2,2025-11-04T17:16:42.000Z,32,15,0,16,1
L4109:T2:I18640,4109,T2,2025-11-08T12:20:48.000Z,32,15,0,16,1
L4109:T2:I18635,4109,T2,2025-11-09T08:19:13.000Z,32,15,0,16,1
L4109:T2:I18637,4109,T2,2025-11-10T17:37:10.000Z,32,15,0,16,1
L4110:T0,4110,T0,2025-11-17T00:00:00.000Z,45,19,0,26,0
L4110:T1:I18645,4110,T1,2025-11-18T19:51:47.000Z,46,19,0,26,1
L4110:T2:I18641,4110,T2,2025-11-19T08:18:21.000Z,46,19,0,26,1
L4110:T2:I18646,4110,T2,2025-11-24T17:39:52.000Z,46,19,0,26,1
L4110:T2:I18642,4110,T2,2025-11-26T18:12:05.000Z,46,19,0,26,1
L4110:T2:I18643,4110,T2,2026-01-17T13:34:00.000Z,49,20,0,29,0
L4110:T2:I18644,4110,T2,2026-03-15T19:46:00.000Z,56,23,0,32,1
L4111:T0,4111,T0,2025-07-21T00:00:00.000Z,32,13,0,19,0
L4111:T1:I18649,4111,T1,2025-08-01T15:56:40.000Z,36,15,0,20,1
L4111:T2:I18647,4111,T2,2025-08-02T08:45:39.000Z,37,15,0,21,1
L4111:T2:I18648,4111,T2,2025-08-25T19:11:00.000Z,40,16,0,23,1
L4112:T0,4112,T0,2025-04-24T00:00:00.000Z,16,16,0,0,0
L4112:T1:I18654,4112,T1,2025-04-26T09:31:17.000Z,17,16,0,0,1
L4112:T2:I18650,4112,T2,2025-04-28T11:03:04.000Z,17,16,0,0,1
L4112:T2:I18653,4112,T2,2025-04-29T19:38:45.000Z,17,16,0,0,1
L4112:T2:I18655,4112,T2,2025-05-02T19:30:13.000Z,17,16,0,0,1
L4112:T2:I18651,4112,T2,2025-05-07T17:13:56.000Z,18,17,0,0,1
L4112:T2:I18657,4112,T2,2025-07-06T14:23:00.000Z,19,18,0,0,1
L4112:T2:I18656,4112,T2,2026-01-07T07:30:00.000Z,26,25,0,0,1
L4112:T2:I18652,4112,T2,2026-03-01T17:57:00.000Z,28,27,0,0,1
L4113:T0,4113,T0,2025-08-13T00:00:00.000Z,47,26,0,21,0
L4113:T1:I18658,4113,T1,2025-08-23T07:21:17.000Z,48,26,0,21,1
L4114:T0,4114,T0,2025-12-10T00:00:00.000Z,23,23,0,0,0
L4114:T1:I18666,4114,T1,2025-12-10T07:10:48.000Z,24,23,0,0,1
L4114:T2:I18659,4114,T2,2025-12-11T07:15:03.000Z,24,23,0,0,1
L4114:T2:I18660,4114,T2,2025-12-11T19:10:17.000Z,24,23,0,0,1
L4114:T2:I18665,4114,T2,2025-12-11T19:50:42.000Z,24,23,0,0,1
L4114:T2:I18661,4114,T2,2025-12-17T17:22:57.000Z,24,23,0,0,1
L4114:T2:I18664,4114,T2,2025-12-18T19:56:39.000Z,24,23,0,0,1
L4114:T2:I18662,4114,T2,2025-12-19T19:25:59.000Z,24,23,0,0,1
L4114:T2:I18663,4114,T2,2026-05-04T10:18:00.000Z,31,30,0,0,1
L4115:T0,4115,T0,2025-05-12T00:00:00.000Z,8,8,0,0,0
L4115:T1:I18673,4115,T1,2025-05-19T10:17:30.000Z,10,9,0,0,1
L4115:T2:I18671,4115,T2,2025-05-19T11:32:53.000Z,10,9,0,0,1
L4115:T2:I18668,4115,T2,2025-05-20T20:23:00.000Z,10,9,0,0,1
L4115:T2:I18672,4115,T2,2025-05-22T08:36:25.000Z,11,10,0,0,1
L4115:T2:I18674,4115,T2,2025-11-21T19:07:00.000Z,19,18,0,0,1
L4115:T2:I18669,4115,T2,2026-04-13T18:16:00.000Z,29,28,0,0,1
L4115:T2:I18667,4115,T2,2026-06-04T07:58:00.000Z,36,35,0,0,1
L4115:T2:I18670,4115,T2,2026-06-16T17:02:00.000Z,36,35,0,0,1
L4116:T0,4116,T0,2025-03-01T00:00:00.000Z,18,10,0,8,0
L4116:T1:I18679,4116,T1,2025-03-07T12:53:58.000Z,19,10,0,8,1
L4116:T2:I18682,4116,T2,2025-04-22T18:39:00.000Z,22,10,0,11,1
L4116:T2:I18676,4116,T2,2025-05-13T17:29:00.000Z,25,11,0,14,0
L4116:T2:I18675,4116,T2,2025-06-28T08:42:00.000Z,28,13,0,14,1
L4116:T2:I18678,4116,T2,2025-08-18T09:20:00.000Z,35,13,0,21,1
L4116:T2:I18681,4116,T2,2025-08-30T16:52:00.000Z,38,15,0,23,0
L4116:T2:I18677,4116,T2,2025-12-11T11:16:00.000Z,43,15,0,27,1
L4116:T2:I18680,4116,T2,2026-03-15T09:02:00.000Z,52,22,0,29,1
L4117:T0,4117,T0,2026-05-11T00:00:00.000Z,54,31,0,23,0
L4117:T1:I18686,4117,T1,2026-05-17T08:56:34.000Z,55,31,0,23,1
L4117:T2:I18683,4117,T2,2026-05-18T10:34:34.000Z,55,31,0,23,1
L4117:T2:I18689,4117,T2,2026-05-19T15:37:02.000Z,55,31,0,23,1
L4117:T2:I18684,4117,T2,2026-05-20T07:01:58.000Z,55,31,0,23,1
L4117:T2:I18687,4117,T2,2026-05-20T15:40:53.000Z,55,31,0,23,1
L4117:T2:I18690,4117,T2,2026-05-20T18:42:09.000Z,55,31,0,23,1
L4117:T2:I18685,4117,T2,2026-05-21T10:07:35.000Z,55,31,0,23,1
L4117:T2:I18688,4117,T2,2026-06-15T18:49:00.000Z,57,31,0,25,1
L4118:T0,4118,T0,2026-01-30T00:00:00.000Z,73,24,0,49,0
L4118:T1:I18691,4118,T1,2026-02-01T11:06:54.000Z,74,24,0,49,1
L4118:T2:I18695,4118,T2,2026-02-04T15:46:00.000Z,75,24,0,50,1
L4118:T2:I18694,4118,T2,2026-02-06T17:44:43.000Z,76,25,0,50,1
L4118:T2:I18692,4118,T2,2026-02-08T15:42:38.000Z,76,25,0,50,1
L4118:T2:I18693,4118,T2,2026-02-10T08:45:00.000Z,76,25,0,51,0
L4118:T2:I18696,4118,T2,2026-04-12T12:43:00.000Z,87,30,0,56,1
L4118:T2:I18697,4118,T2,2026-06-02T12:35:00.000Z,90,31,0,58,1
L4119:T0,4119,T0,2025-03-28T00:00:00.000Z,39,10,0,29,0
L4119:T1:I18700,4119,T1,2025-04-10T08:35:22.000Z,43,10,0,32,1
L4119:T2:I18699,4119,T2,2025-04-12T07:12:00.000Z,43,10,0,32,1
L4119:T2:I18698,4119,T2,2025-05-18T17:45:00.000Z,47,12,0,34,1
L4120:T0,4120,T0,2025-02-26T00:00:00.000Z,31,19,0,12,0
L4120:T1:I18707,4120,T1,2025-03-04T15:52:09.000Z,32,19,0,12,1
L4120:T2:I18705,4120,T2,2025-03-04T17:46:34.000Z,32,19,0,12,1
L4120:T2:I18701,4120,T2,2025-03-07T19:35:48.000Z,34,21,0,12,1
L4120:T2:I18706,4120,T2,2025-03-08T20:12:59.000Z,34,21,0,12,1
L4120:T2:I18704,4120,T2,2025-11-17T09:55:00.000Z,71,36,0,34,1
L4120:T2:I18702,4120,T2,2025-12-03T07:26:00.000Z,74,39,0,34,1
L4120:T2:I18703,4120,T2,2025-12-03T19:31:00.000Z,74,39,0,34,1
L4121:T0,4121,T0,2025-02-14T00:00:00.000Z,23,0,23,0,0
L4121:T1:I18708,4121,T1,2025-04-12T20:07:00.000Z,33,0,32,0,1
L4121:T2:I18709,4121,T2,2025-06-22T07:10:00.000Z,37,0,37,0,0
L4121:T2:I18710,4121,T2,2025-09-19T15:51:00.000Z,45,0,44,0,1
L4121:T2:I18711,4121,T2,2026-06-28T13:37:00.000Z,70,0,69,0,1
L4122:T0,4122,T0,2026-04-29T00:00:00.000Z,58,33,0,25,0
L4122:T1:I18714,4122,T1,2026-05-08T07:29:03.000Z,62,36,0,25,1
L4122:T2:I18712,4122,T2,2026-05-10T09:10:45.000Z,62,36,0,25,1
L4122:T2:I18713,4122,T2,2026-05-11T16:51:30.000Z,62,36,0,25,1
L4123:T0,4123,T0,2025-02-24T00:00:00.000Z,19,8,0,11,0
L4123:T1:I18716,4123,T1,2025-03-06T11:25:27.000Z,20,8,0,11,1
L4123:T2:I18715,4123,T2,2025-10-09T19:11:00.000Z,32,11,0,20,1
L4123:T2:I18717,4123,T2,2026-01-28T13:19:00.000Z,36,13,0,23,0
L4124:T0,4124,T0,2025-01-03T00:00:00.000Z,22,11,0,11,0
L4124:T1:I18719,4124,T1,2025-04-06T19:32:00.000Z,33,17,0,15,1
L4124:T2:I18721,4124,T2,2026-03-10T16:11:00.000Z,79,34,0,44,1
L4124:T2:I18718,4124,T2,2026-05-12T14:35:00.000Z,87,36,0,50,1
L4124:T2:I18720,4124,T2,2026-06-02T20:36:00.000Z,90,38,0,51,1
L4125:T0,4125,T0,2025-01-22T00:00:00.000Z,7,7,0,0,0
L4125:T1:I18722,4125,T1,2025-04-06T11:10:00.000Z,11,10,0,0,1
L4125:T2:I18723,4125,T2,2025-12-23T12:42:00.000Z,22,21,0,0,1
L4126:T0,4126,T0,2025-09-19T00:00:00.000Z,39,18,0,21,0
L4126:T1:I18724,4126,T1,2025-09-20T09:54:49.000Z,40,18,0,21,1
L4126:T2:I18725,4126,T2,2025-09-21T13:25:57.000Z,40,18,0,21,1
L4126:T2:I18727,4126,T2,2025-10-02T09:56:06.000Z,41,19,0,21,1
L4126:T2:I18726,4126,T2,2026-03-04T09:09:00.000Z,58,28,0,29,1
L4127:T0,4127,T0,2025-11-07T00:00:00.000Z,24,24,0,0,0
L4127:T1:I18734,4127,T1,2025-11-07T10:27:01.000Z,25,24,0,0,1
L4127:T2:I18730,4127,T2,2025-11-09T08:03:03.000Z,25,24,0,0,1
L4127:T2:I18732,4127,T2,2025-11-14T12:46:58.000Z,24,24,0,0,0
L4127:T2:I18733,4127,T2,2025-11-17T10:33:28.000Z,25,24,0,0,1
L4127:T2:I18728,4127,T2,2025-11-17T12:10:38.000Z,25,24,0,0,1
L4127:T2:I18731,4127,T2,2026-01-22T15:09:00.000Z,30,29,0,0,1
L4127:T2:I18729,4127,T2,2026-04-02T07:24:00.000Z,34,33,0,0,1
L4128:T0,4128,T0,2025-06-14T00:00:00.000Z,36,21,15,0,0
L4128:T1:I18738,4128,T1,2025-06-16T19:27:29.000Z,37,21,15,0,1
L4128:T2:I18737,4128,T2,2025-06-23T11:52:41.000Z,38,21,16,0,1
L4128:T2:I18736,4128,T2,2025-06-23T14:54:44.000Z,37,21,16,0,0
L4128:T2:I18739,4128,T2,2025-06-27T18:09:21.000Z,37,21,16,0,0
L4128:T2:I18741,4128,T2,2025-07-18T14:01:00.000Z,40,24,16,0,0
L4128:T2:I18735,4128,T2,2025-10-06T20:45:00.000Z,46,25,20,0,1
L4128:T2:I18740,4128,T2,2026-04-05T07:25:00.000Z,61,32,28,0,1
L4129:T0,4129,T0,2025-05-19T00:00:00.000Z,32,15,0,17,0
L4129:T1:I18743,4129,T1,2025-05-27T08:17:20.000Z,35,17,0,17,1
L4129:T2:I18742,4129,T2,2026-01-27T07:32:00.000Z,60,26,0,33,1
L4130:T0,4130,T0,2026-05-20T00:00:00.000Z,33,0,33,0,0
L4130:T1:I18744,4130,T1,2026-05-23T09:36:50.000Z,34,0,33,0,1
L4131:T0,4131,T0,2026-05-07T00:00:00.000Z,140,52,0,88,0
L4131:T1:I18745,4131,T1,2026-05-07T19:49:35.000Z,141,52,0,88,1
L4131:T2:I18751,4131,T2,2026-05-10T13:46:29.000Z,140,52,0,88,0
L4131:T2:I18747,4131,T2,2026-05-13T09:01:15.000Z,142,52,0,89,1
L4131:T2:I18750,4131,T2,2026-05-15T11:35:01.000Z,141,52,0,89,0
L4131:T2:I18748,4131,T2,2026-05-18T12:08:05.000Z,142,52,0,89,1
L4131:T2:I18749,4131,T2,2026-05-18T12:12:22.000Z,142,52,0,89,1
L4131:T2:I18746,4131,T2,2026-05-19T19:08:52.000Z,142,52,0,89,1
L4132:T0,4132,T0,2025-04-27T00:00:00.000Z,8,8,0,0,0
L4132:T1:I18755,4132,T1,2025-05-01T16:02:11.000Z,9,8,0,0,1
L4132:T2:I18758,4132,T2,2025-05-02T19:00:34.000Z,9,8,0,0,1
L4132:T2:I18756,4132,T2,2025-05-06T15:22:53.000Z,10,9,0,0,1
L4132:T2:I18752,4132,T2,2025-05-09T10:19:00.000Z,10,9,0,0,1
L4132:T2:I18754,4132,T2,2025-05-28T11:22:00.000Z,11,10,0,0,1
L4132:T2:I18757,4132,T2,2026-03-05T17:34:00.000Z,27,26,0,0,1
L4132:T2:I18753,4132,T2,2026-06-16T12:55:00.000Z,32,31,0,0,1
L4133:T0,4133,T0,2026-03-02T00:00:00.000Z,70,38,0,32,0
L4133:T1:I18762,4133,T1,2026-03-06T18:01:32.000Z,73,39,0,33,1
L4133:T2:I18761,4133,T2,2026-03-11T10:07:54.000Z,74,40,0,33,1
L4133:T2:I18760,4133,T2,2026-03-12T09:49:42.000Z,74,40,0,33,1
L4133:T2:I18763,4133,T2,2026-03-14T14:15:36.000Z,73,40,0,33,0
L4133:T2:I18759,4133,T2,2026-06-25T14:40:00.000Z,81,45,0,35,1
L4134:T0,4134,T0,2025-11-02T00:00:00.000Z,48,0,48,0,0
L4134:T1:I18765,4134,T1,2025-11-29T18:38:00.000Z,50,0,49,0,1
L4134:T2:I18767,4134,T2,2026-01-01T11:13:00.000Z,52,0,51,0,1
L4134:T2:I18766,4134,T2,2026-05-10T10:00:00.000Z,64,0,63,0,1
L4134:T2:I18764,4134,T2,2026-06-17T18:59:00.000Z,70,0,69,0,1
L4135:T0,4135,T0,2025-11-30T00:00:00.000Z,65,35,30,0,0
L4135:T1:I18768,4135,T1,2025-12-10T15:03:22.000Z,66,35,30,0,1
L4136:T0,4136,T0,2026-03-29T00:00:00.000Z,48,27,21,0,0
L4136:T1:I18770,4136,T1,2026-03-30T13:25:29.000Z,49,27,21,0,1
L4136:T2:I18771,4136,T2,2026-04-01T19:00:35.000Z,49,27,21,0,1
L4136:T2:I18769,4136,T2,2026-04-02T07:11:17.000Z,49,27,21,0,1
L4136:T2:I18772,4136,T2,2026-04-05T15:45:36.000Z,49,27,21,0,1
L4137:T0,4137,T0,2025-05-28T00:00:00.000Z,8,8,0,0,0
L4137:T1:I18775,4137,T1,2025-05-31T13:46:57.000Z,9,8,0,0,1
L4137:T2:I18773,4137,T2,2026-01-28T12:55:00.000Z,12,11,0,0,1
L4137:T2:I18776,4137,T2,2026-03-23T13:22:00.000Z,12,11,0,0,1
L4137:T2:I18774,4137,T2,2026-06-13T20:39:00.000Z,15,14,0,0,1
L4138:T0,4138,T0,2026-05-15T00:00:00.000Z,83,30,0,53,0
L4138:T1:I18779,4138,T1,2026-05-16T19:45:34.000Z,84,30,0,53,1
L4138:T2:I18778,4138,T2,2026-05-22T17:25:42.000Z,85,30,0,54,1
L4138:T2:I18777,4138,T2,2026-05-27T11:12:39.000Z,85,30,0,54,1
L4139:T0,4139,T0,2026-06-10T00:00:00.000Z,67,29,38,0,0
L4139:T1:I18782,4139,T1,2026-06-14T14:33:22.000Z,68,29,38,0,1
L4139:T2:I18781,4139,T2,2026-06-15T07:30:50.000Z,68,29,38,0,1
L4139:T2:I18783,4139,T2,2026-06-15T20:16:40.000Z,68,29,38,0,1
L4139:T2:I18780,4139,T2,2026-06-23T17:22:18.000Z,69,29,39,0,1
L4140:T0,4140,T0,2025-12-28T00:00:00.000Z,99,31,0,68,0
L4140:T1:I18790,4140,T1,2025-12-30T16:58:00.000Z,100,31,0,68,1
L4140:T2:I18786,4140,T2,2026-01-02T08:25:00.000Z,101,31,0,69,1
L4140:T2:I18787,4140,T2,2026-01-02T13:01:52.000Z,101,31,0,69,1
L4140:T2:I18785,4140,T2,2026-01-09T07:48:27.000Z,103,32,0,70,1
L4140:T2:I18788,4140,T2,2026-01-10T12:59:52.000Z,103,32,0,70,1
L4140:T2:I18791,4140,T2,2026-06-07T11:47:00.000Z,135,42,0,92,1
L4140:T2:I18784,4140,T2,2026-06-08T09:18:00.000Z,135,42,0,92,1
L4140:T2:I18789,4140,T2,2026-06-29T08:52:00.000Z,140,44,0,95,1
L4141:T0,4141,T0,2025-04-02T00:00:00.000Z,26,10,0,16,0
L4141:T1:I18793,4141,T1,2025-04-02T19:06:32.000Z,27,10,0,16,1
L4141:T2:I18799,4141,T2,2025-04-03T08:17:55.000Z,26,10,0,16,0
L4141:T2:I18792,4141,T2,2025-04-03T20:18:39.000Z,26,10,0,16,0
L4141:T2:I18795,4141,T2,2025-04-12T08:29:34.000Z,27,11,0,16,0
L4141:T2:I18798,4141,T2,2025-07-24T16:11:00.000Z,36,15,0,20,1
L4141:T2:I18796,4141,T2,2025-08-18T10:21:00.000Z,37,15,0,21,1
L4141:T2:I18794,4141,T2,2025-10-13T11:08:00.000Z,41,17,0,23,1
L4141:T2:I18797,4141,T2,2025-11-06T11:46:00.000Z,41,17,0,23,1
L4142:T0,4142,T0,2025-08-20T00:00:00.000Z,38,15,0,23,0
L4142:T1:I18805,4142,T1,2025-08-24T17:34:37.000Z,40,15,0,24,1
L4142:T2:I18803,4142,T2,2025-08-25T10:21:16.000Z,40,15,0,24,1
L4142:T2:I18800,4142,T2,2025-08-31T10:05:08.000Z,40,15,0,24,1
L4142:T2:I18806,4142,T2,2025-11-17T20:01:00.000Z,42,17,0,24,1
L4142:T2:I18802,4142,T2,2026-02-02T11:12:00.000Z,45,17,0,27,1
L4142:T2:I18804,4142,T2,2026-02-03T09:54:00.000Z,45,17,0,27,1
L4142:T2:I18801,4142,T2,2026-04-09T07:43:00.000Z,49,19,0,29,1
L4143:T0,4143,T0,2026-05-25T00:00:00.000Z,44,44,0,0,0
L4143:T1:I18807,4143,T1,2026-05-26T18:39:10.000Z,45,44,0,0,1
L4143:T2:I18809,4143,T2,2026-05-27T07:33:40.000Z,45,44,0,0,1
L4143:T2:I18808,4143,T2,2026-05-28T11:43:06.000Z,45,44,0,0,1
L4143:T2:I18810,4143,T2,2026-05-29T09:43:19.000Z,46,45,0,0,1
L4144:T0,4144,T0,2026-03-01T00:00:00.000Z,29,29,0,0,0
L4144:T1:I18812,4144,T1,2026-03-04T08:15:18.000Z,30,29,0,0,1
L4144:T2:I18811,4144,T2,2026-03-12T12:02:50.000Z,30,29,0,0,1
L4145:T0,4145,T0,2025-06-27T00:00:00.000Z,13,13,0,0,0
L4145:T1:I18816,4145,T1,2025-06-29T19:31:29.000Z,14,13,0,0,1
L4145:T2:I18815,4145,T2,2025-06-30T09:35:42.000Z,14,13,0,0,1
L4145:T2:I18817,4145,T2,2025-07-09T11:17:09.000Z,15,14,0,0,1
L4145:T2:I18818,4145,T2,2025-08-16T16:29:00.000Z,17,16,0,0,1
L4145:T2:I18813,4145,T2,2025-12-05T19:53:00.000Z,22,22,0,0,0
L4145:T2:I18819,4145,T2,2026-01-29T11:38:00.000Z,25,24,0,0,1
L4145:T2:I18814,4145,T2,2026-03-06T14:12:00.000Z,27,26,0,0,1
L4145:T2:I18820,4145,T2,2026-06-30T09:55:00.000Z,32,31,0,0,1
L4146:T0,4146,T0,2026-05-04T00:00:00.000Z,28,16,12,0,0
L4146:T1:I18821,4146,T1,2026-05-13T19:46:45.000Z,29,16,12,0,1
L4147:T0,4147,T0,2026-01-20T00:00:00.000Z,20,20,0,0,0
L4147:T1:I18823,4147,T1,2026-01-20T15:35:41.000Z,21,20,0,0,1
L4147:T2:I18825,4147,T2,2026-01-24T08:19:24.000Z,21,20,0,0,1
L4147:T2:I18824,4147,T2,2026-01-26T19:09:45.000Z,21,21,0,0,0
L4147:T2:I18822,4147,T2,2026-02-01T17:07:25.000Z,23,22,0,0,1
L4147:T2:I18826,4147,T2,2026-06-24T10:54:00.000Z,32,31,0,0,1
L4148:T0,4148,T0,2026-03-23T00:00:00.000Z,14,14,0,0,0
L4148:T1:I18829,4148,T1,2026-03-23T17:52:34.000Z,15,14,0,0,1
L4148:T2:I18830,4148,T2,2026-03-24T11:02:29.000Z,16,15,0,0,1
L4148:T2:I18828,4148,T2,2026-03-27T07:32:39.000Z,15,15,0,0,0
L4148:T2:I18831,4148,T2,2026-03-30T08:50:47.000Z,17,16,0,0,1
L4148:T2:I18827,4148,T2,2026-04-04T07:11:56.000Z,17,16,0,0,1
L4149:T0,4149,T0,2026-01-20T00:00:00.000Z,65,29,0,36,0
L4149:T1:I18832,4149,T1,2026-01-27T16:01:42.000Z,66,29,0,36,1
L4149:T2:I18833,4149,T2,2026-01-27T18:43:32.000Z,66,29,0,36,1
L4150:T0,4150,T0,2026-06-12T00:00:00.000Z,34,34,0,0,0
L4150:T1:I18835,4150,T1,2026-06-14T07:09:55.000Z,35,34,0,0,1
L4150:T2:I18836,4150,T2,2026-06-17T13:24:16.000Z,35,34,0,0,1
L4150:T2:I18837,4150,T2,2026-06-18T15:17:37.000Z,35,34,0,0,1
L4150:T2:I18834,4150,T2,2026-06-30T20:11:00.000Z,36,35,0,0,1
L4151:T0,4151,T0,2025-10-20T00:00:00.000Z,53,27,0,26,0
L4151:T1:I18838,4151,T1,2026-05-07T11:16:00.000Z,74,42,0,31,1
L4152:T0,4152,T0,2025-01-11T00:00:00.000Z,13,10,0,3,0
L4152:T1:I18841,4152,T1,2025-01-23T17:10:35.000Z,15,10,0,4,1
L4152:T2:I18839,4152,T2,2025-03-07T07:53:00.000Z,23,15,0,7,1
L4152:T2:I18840,4152,T2,2025-09-12T17:17:00.000Z,38,20,0,17,1
L4153:T0,4153,T0,2025-07-02T00:00:00.000Z,25,0,25,0,0
L4153:T1:I18843,4153,T1,2025-07-04T17:59:11.000Z,26,0,25,0,1
L4153:T2:I18842,4153,T2,2025-12-02T12:22:00.000Z,40,0,39,0,1
L4154:T0,4154,T0,2025-10-27T00:00:00.000Z,53,24,0,29,0
L4154:T1:I18845,4154,T1,2025-10-29T17:51:08.000Z,54,24,0,29,1
L4154:T2:I18844,4154,T2,2025-11-01T07:02:12.000Z,54,24,0,29,1
L4154:T2:I18850,4154,T2,2025-11-02T16:09:40.000Z,54,24,0,29,1
L4154:T2:I18847,4154,T2,2025-11-05T08:58:53.000Z,54,24,0,29,1
L4154:T2:I18849,4154,T2,2025-11-05T16:17:16.000Z,53,24,0,29,0
L4154:T2:I18848,4154,T2,2026-02-19T12:38:00.000Z,61,28,0,32,1
L4154:T2:I18846,4154,T2,2026-06-18T11:04:00.000Z,77,38,0,38,1
L4155:T0,4155,T0,2025-05-21T00:00:00.000Z,11,0,11,0,0
L4155:T1:I18853,4155,T1,2025-06-01T08:11:36.000Z,12,0,11,0,1
L4155:T2:I18851,4155,T2,2025-07-09T12:58:00.000Z,12,0,11,0,1
L4155:T2:I18856,4155,T2,2025-08-28T19:53:00.000Z,14,0,13,0,1
L4155:T2:I18852,4155,T2,2026-03-23T18:56:00.000Z,18,0,17,0,1
L4155:T2:I18854,4155,T2,2026-04-09T13:42:00.000Z,18,0,17,0,1
L4155:T2:I18855,4155,T2,2026-05-02T18:18:00.000Z,18,0,17,0,1
L4156:T0,4156,T0,2025-10-13T00:00:00.000Z,14,14,0,0,0
L4156:T1:I18857,4156,T1,2025-10-17T15:12:31.000Z,15,14,0,0,1
L4156:T2:I18858,4156,T2,2025-10-26T09:26:55.000Z,15,14,0,0,1
L4156:T2:I18859,4156,T2,2026-02-27T09:23:00.000Z,19,19,0,0,0
L4157:T0,4157,T0,2025-08-26T00:00:00.000Z,10,10,0,0,0
L4157:T1:I18860,4157,T1,2025-08-31T13:17:24.000Z,11,10,0,0,1
L4158:T0,4158,T0,2025-04-04T00:00:00.000Z,16,16,0,0,0
L4158:T1:I18861,4158,T1,2026-05-23T07:07:00.000Z,34,33,0,0,1
L4159:T0,4159,T0,2026-05-12T00:00:00.000Z,26,26,0,0,0
L4159:T1:I18863,4159,T1,2026-05-12T09:49:48.000Z,27,26,0,0,1
L4159:T2:I18866,4159,T2,2026-05-12T14:20:10.000Z,26,26,0,0,0
L4159:T2:I18865,4159,T2,2026-05-14T12:07:40.000Z,27,26,0,0,1
L4159:T2:I18867,4159,T2,2026-05-15T11:57:46.000Z,27,26,0,0,1
L4159:T2:I18868,4159,T2,2026-05-15T13:42:30.000Z,27,26,0,0,1
L4159:T2:I18869,4159,T2,2026-05-19T08:18:21.000Z,27,26,0,0,1
L4159:T2:I18862,4159,T2,2026-05-19T10:16:47.000Z,27,26,0,0,1
L4159:T2:I18864,4159,T2,2026-05-21T11:36:13.000Z,27,26,0,0,1
L4160:T0,4160,T0,2025-09-16T00:00:00.000Z,41,21,0,20,0
L4160:T1:I18870,4160,T1,2025-09-18T13:47:55.000Z,42,21,0,20,1
L4160:T2:I18871,4160,T2,2025-09-23T17:32:07.000Z,42,21,0,20,1
L4161:T0,4161,T0,2025-06-23T00:00:00.000Z,34,18,0,16,0
L4161:T1:I18873,4161,T1,2025-06-26T10:32:56.000Z,35,18,0,16,1
L4161:T2:I18872,4161,T2,2025-06-27T11:13:03.000Z,35,18,0,16,1
L4161:T2:I18874,4161,T2,2025-07-02T15:33:44.000Z,36,18,0,17,1
L4162:T0,4162,T0,2025-08-07T00:00:00.000Z,19,19,0,0,0
L4162:T1:I18880,4162,T1,2025-08-08T20:05:20.000Z,20,19,0,0,1
L4162:T2:I18875,4162,T2,2025-08-08T20:05:52.000Z,20,19,0,0,1
L4162:T2:I18879,4162,T2,2025-08-12T14:38:11.000Z,20,19,0,0,1
L4162:T2:I18881,4162,T2,2025-08-12T16:37:26.000Z,20,19,0,0,1
L4162:T2:I18876,4162,T2,2025-08-13T08:38:32.000Z,20,19,0,0,1
L4162:T2:I18882,4162,T2,2025-08-14T15:44:33.000Z,19,19,0,0,0
L4162:T2:I18877,4162,T2,2025-08-18T14:41:19.000Z,21,20,0,0,1
L4162:T2:I18878,4162,T2,2025-08-20T11:53:00.000Z,21,20,0,0,1
L4163:T0,4163,T0,2025-12-02T00:00:00.000Z,56,30,0,26,0
L4163:T1:I18890,4163,T1,2025-12-03T12:02:10.000Z,57,30,0,26,1
L4163:T2:I18885,4163,T2,2025-12-04T08:07:54.000Z,57,30,0,26,1
L4163:T2:I18887,4163,T2,2025-12-04T14:32:37.000Z,57,30,0,26,1
L4163:T2:I18889,4163,T2,2025-12-05T11:26:02.000Z,57,30,0,26,1
L4163:T2:I18886,4163,T2,2025-12-07T19:20:41.000Z,57,30,0,26,1
L4163:T2:I18884,4163,T2,2025-12-13T07:18:53.000Z,57,30,0,26,1
L4163:T2:I18883,4163,T2,2025-12-14T17:09:29.000Z,57,30,0,26,1
L4163:T2:I18888,4163,T2,2025-12-15T12:48:45.000Z,56,30,0,26,0
L4164:T0,4164,T0,2025-05-08T00:00:00.000Z,33,15,18,0,0
L4164:T1:I18891,4164,T1,2025-12-19T08:31:00.000Z,50,22,27,0,1
L4165:T0,4165,T0,2025-02-14T00:00:00.000Z,12,12,0,0,0
L4165:T1:I18892,4165,T1,2025-06-06T20:12:00.000Z,15,14,0,0,1
L4166:T0,4166,T0,2025-11-11T00:00:00.000Z,54,26,0,28,0
L4166:T1:I18896,4166,T1,2025-11-14T11:31:12.000Z,55,26,0,28,1
L4166:T2:I18894,4166,T2,2025-11-15T11:03:48.000Z,54,26,0,28,0
L4166:T2:I18893,4166,T2,2025-11-22T17:12:29.000Z,57,26,0,30,1
L4166:T2:I18895,4166,T2,2025-11-23T15:59:59.000Z,57,26,0,30,1
L4167:T0,4167,T0,2025-04-05T00:00:00.000Z,16,16,0,0,0
L4167:T1:I18902,4167,T1,2025-04-06T15:01:05.000Z,17,16,0,0,1
L4167:T2:I18900,4167,T2,2025-04-17T10:17:00.000Z,18,17,0,0,1
L4167:T2:I18901,4167,T2,2025-08-26T16:03:00.000Z,23,22,0,0,1
L4167:T2:I18899,4167,T2,2025-09-23T09:16:00.000Z,27,26,0,0,1
L4167:T2:I18897,4167,T2,2025-10-29T17:15:00.000Z,27,26,0,0,1
L4167:T2:I18898,4167,T2,2025-12-05T12:03:00.000Z,29,28,0,0,1
L4168:T0,4168,T0,2026-06-29T00:00:00.000Z,57,25,0,32,0
L4168:T1:I18905,4168,T1,2026-06-30T12:45:28.000Z,57,25,0,32,0
L4168:T2:I18904,4168,T2,2026-07-06T12:00:21.000Z,58,25,0,32,1
L4168:T2:I18903,4168,T2,2026-07-11T15:00:45.000Z,58,25,0,32,1
L4168:T2:I18906,4168,T2,2026-07-11T15:52:06.000Z,58,25,0,32,1
L4169:T0,4169,T0,2025-01-08T00:00:00.000Z,24,0,9,15,0
L4169:T1:I18907,4169,T1,2025-02-17T15:28:00.000Z,36,0,13,22,1
L4169:T2:I18911,4169,T2,2025-05-01T18:50:00.000Z,45,0,15,29,1
L4169:T2:I18909,4169,T2,2025-05-04T17:00:00.000Z,45,0,15,29,1
L4169:T2:I18910,4169,T2,2025-08-01T17:30:00.000Z,53,0,16,36,1
L4169:T2:I18912,4169,T2,2025-09-03T09:06:00.000Z,58,0,16,41,1
L4169:T2:I18908,4169,T2,2026-04-29T16:58:00.000Z,93,0,29,63,1
L4170:T0,4170,T0,2026-04-02T00:00:00.000Z,22,22,0,0,0
L4170:T1:I18917,4170,T1,2026-04-03T20:10:05.000Z,23,22,0,0,1
L4170:T2:I18913,4170,T2,2026-04-06T07:43:22.000Z,24,23,0,0,1
L4170:T2:I18915,4170,T2,2026-04-06T09:57:23.000Z,24,23,0,0,1
L4170:T2:I18914,4170,T2,2026-04-07T10:16:10.000Z,24,23,0,0,1
L4170:T2:I18916,4170,T2,2026-04-08T15:33:34.000Z,24,23,0,0,1
L4171:T0,4171,T0,2026-05-14T00:00:00.000Z,67,32,0,35,0
L4171:T1:I18923,4171,T1,2026-05-15T18:20:01.000Z,68,32,0,35,1
L4171:T2:I18922,4171,T2,2026-05-17T18:41:10.000Z,68,32,0,35,1
L4171:T2:I18921,4171,T2,2026-05-18T17:03:46.000Z,68,32,0,35,1
L4171:T2:I18918,4171,T2,2026-05-22T08:36:37.000Z,68,32,0,35,1
L4171:T2:I18920,4171,T2,2026-05-26T09:37:38.000Z,68,32,0,35,1
L4171:T2:I18919,4171,T2,2026-05-26T15:31:34.000Z,68,32,0,35,1
L4172:T0,4172,T0,2025-12-15T00:00:00.000Z,20,20,0,0,0
L4172:T1:I18924,4172,T1,2025-12-20T10:08:32.000Z,21,20,0,0,1
L4172:T2:I18928,4172,T2,2025-12-23T12:26:54.000Z,21,20,0,0,1
L4172:T2:I18926,4172,T2,2025-12-24T12:41:50.000Z,21,20,0,0,1
L4172:T2:I18925,4172,T2,2025-12-24T17:53:44.000Z,21,20,0,0,1
L4172:T2:I18929,4172,T2,2025-12-25T08:36:32.000Z,21,20,0,0,1
L4172:T2:I18927,4172,T2,2025-12-25T12:01:48.000Z,21,20,0,0,1
L4173:T0,4173,T0,2025-12-04T00:00:00.000Z,70,0,23,47,0
L4173:T1:I18931,4173,T1,2025-12-05T07:35:58.000Z,71,0,23,47,1
L4173:T2:I18930,4173,T2,2025-12-10T14:23:42.000Z,71,0,23,47,1
L4173:T2:I18932,4173,T2,2026-02-03T08:14:00.000Z,74,0,24,49,1
L4173:T2:I18934,4173,T2,2026-06-09T09:33:00.000Z,90,0,31,58,1
L4173:T2:I18933,4173,T2,2026-06-26T07:28:00.000Z,94,0,34,59,1
L4174:T0,4174,T0,2026-05-12T00:00:00.000Z,106,33,0,73,0
L4174:T1:I18935,4174,T1,2026-05-17T07:21:44.000Z,108,33,0,74,1
L4174:T2:I18937,4174,T2,2026-05-22T14:25:49.000Z,108,33,0,74,1
L4174:T2:I18936,4174,T2,2026-05-24T19:24:56.000Z,108,33,0,74,1
L4175:T0,4175,T0,2026-02-10T00:00:00.000Z,15,15,0,0,0
L4175:T1:I18939,4175,T1,2026-02-12T19:46:41.000Z,16,15,0,0,1
L4175:T2:I18940,4175,T2,2026-02-13T12:53:34.000Z,15,15,0,0,0
L4175:T2:I18942,4175,T2,2026-02-15T16:33:14.000Z,16,15,0,0,1
L4175:T2:I18938,4175,T2,2026-02-21T20:08:49.000Z,15,15,0,0,0
L4175:T2:I18941,4175,T2,2026-06-27T10:04:00.000Z,22,21,0,0,1
L4176:T0,4176,T0,2025-01-21T00:00:00.000Z,22,7,15,0,0
L4176:T1:I18946,4176,T1,2025-02-28T18:57:00.000Z,26,9,16,0,1
L4176:T2:I18945,4176,T2,2025-08-22T17:24:00.000Z,44,20,23,0,1
L4176:T2:I18944,4176,T2,2026-03-06T07:42:00.000Z,60,25,34,0,1
L4176:T2:I18947,4176,T2,2026-04-12T19:42:00.000Z,65,27,37,0,1
L4176:T2:I18943,4176,T2,2026-05-23T10:14:00.000Z,67,28,38,0,1
L4177:T0,4177,T0,2026-01-29T00:00:00.000Z,44,0,44,0,0
L4177:T1:I18949,4177,T1,2026-01-31T16:47:55.000Z,44,0,44,0,0
L4177:T2:I18950,4177,T2,2026-02-05T20:22:13.000Z,47,0,46,0,1
L4177:T2:I18951,4177,T2,2026-02-06T07:01:55.000Z,47,0,46,0,1
L4177:T2:I18948,4177,T2,2026-04-01T18:32:00.000Z,49,0,48,0,1
L4178:T0,4178,T0,2025-09-04T00:00:00.000Z,38,0,15,23,0
L4178:T1:I18955,4178,T1,2025-09-10T17:18:43.000Z,39,0,15,23,1
L4178:T2:I18954,4178,T2,2026-02-01T20:57:00.000Z,45,0,17,27,1
L4178:T2:I18953,4178,T2,2026-03-16T11:32:00.000Z,52,0,22,29,1
L4178:T2:I18952,4178,T2,2026-04-07T12:49:00.000Z,52,0,22,29,1
L4179:T0,4179,T0,2025-01-13T00:00:00.000Z,8,8,0,0,0
L4179:T1:I18956,4179,T1,2025-01-16T16:53:07.000Z,9,8,0,0,1
L4179:T2:I18957,4179,T2,2025-09-01T10:44:00.000Z,21,20,0,0,1
L4180:T0,4180,T0,2025-05-03T00:00:00.000Z,7,7,0,0,0
L4180:T1:I18959,4180,T1,2025-05-15T17:55:02.000Z,9,8,0,0,1
L4180:T2:I18958,4180,T2,2025-10-08T10:51:00.000Z,14,14,0,0,0
L4181:T0,4181,T0,2025-09-15T00:00:00.000Z,48,28,20,0,0
L4181:T1:I18961,4181,T1,2025-09-15T09:52:46.000Z,49,28,20,0,1
L4181:T2:I18960,4181,T2,2025-12-21T07:45:00.000Z,61,35,26,0,0
L4182:T0,4182,T0,2025-02-25T00:00:00.000Z,23,8,0,15,0
L4182:T1:I18963,4182,T1,2025-03-02T10:28:30.000Z,23,8,0,15,0
L4182:T2:I18962,4182,T2,2026-01-18T19:23:00.000Z,44,19,0,24,1
L4182:T2:I18964,4182,T2,2026-04-28T12:42:00.000Z,50,24,0,26,0
L4183:T0,4183,T0,2026-05-05T00:00:00.000Z,39,39,0,0,0
L4183:T1:I18966,4183,T1,2026-05-08T18:40:38.000Z,40,39,0,0,1
L4183:T2:I18967,4183,T2,2026-05-10T07:16:50.000Z,40,39,0,0,1
L4183:T2:I18969,4183,T2,2026-05-13T18:02:43.000Z,40,39,0,0,1
L4183:T2:I18965,4183,T2,2026-05-14T09:17:34.000Z,40,39,0,0,1
L4183:T2:I18968,4183,T2,2026-05-17T10:56:01.000Z,40,39,0,0,1
L4184:T0,4184,T0,2025-06-02T00:00:00.000Z,24,24,0,0,0
L4184:T1:I18970,4184,T1,2026-04-20T20:41:00.000Z,45,44,0,0,1
L4185:T0,4185,T0,2026-02-05T00:00:00.000Z,31,13,18,0,0
L4185:T1:I18977,4185,T1,2026-02-06T07:19:18.000Z,32,13,18,0,1
L4185:T2:I18976,4185,T2,2026-02-10T12:39:43.000Z,32,13,18,0,1
L4185:T2:I18973,4185,T2,2026-02-11T16:09:39.000Z,32,13,18,0,1
L4185:T2:I18972,4185,T2,2026-02-12T13:43:07.000Z,32,13,18,0,1
L4185:T2:I18971,4185,T2,2026-02-16T17:39:15.000Z,31,13,18,0,0
L4185:T2:I18975,4185,T2,2026-02-18T07:07:32.000Z,32,13,18,0,1
L4185:T2:I18978,4185,T2,2026-03-10T18:44:00.000Z,32,13,18,0,1
L4185:T2:I18974,4185,T2,2026-05-16T08:16:00.000Z,40,17,22,0,1
L4186:T0,4186,T0,2025-05-16T00:00:00.000Z,16,16,0,0,0
L4186:T1:I18980,4186,T1,2025-05-17T10:25:53.000Z,17,16,0,0,1
L4186:T2:I18981,4186,T2,2025-05-23T19:49:46.000Z,17,16,0,0,1
L4186:T2:I18982,4186,T2,2025-07-21T19:19:00.000Z,21,20,0,0,1
L4186:T2:I18979,4186,T2,2026-05-01T13:21:00.000Z,32,31,0,0,1
L4187:T0,4187,T0,2026-01-21T00:00:00.000Z,47,22,0,25,0
L4187:T1:I18983,4187,T1,2026-01-21T18:17:07.000Z,48,22,0,25,1
L4188:T0,4188,T0,2026-05-11T00:00:00.000Z,50,24,0,26,0
L4188:T1:I18984,4188,T1,2026-05-12T13:23:26.000Z,51,24,0,26,1
L4188:T2:I18985,4188,T2,2026-05-15T20:27:59.000Z,52,25,0,26,1
L4189:T0,4189,T0,2025-12-05T00:00:00.000Z,22,0,22,0,0
L4189:T1:I18990,4189,T1,2025-12-07T13:53:04.000Z,23,0,22,0,1
L4189:T2:I18991,4189,T2,2025-12-08T12:31:34.000Z,24,0,23,0,1
L4189:T2:I18989,4189,T2,2025-12-11T07:46:31.000Z,24,0,23,0,1
L4189:T2:I18986,4189,T2,2025-12-12T16:14:46.000Z,24,0,23,0,1
L4189:T2:I18988,4189,T2,2025-12-16T08:26:18.000Z,24,0,23,0,1
L4189:T2:I18987,4189,T2,2026-02-11T11:14:00.000Z,30,0,29,0,1
L4190:T0,4190,T0,2026-05-18T00:00:00.000Z,30,30,0,0,0
L4190:T1:I18992,4190,T1,2026-05-31T16:24:06.000Z,31,30,0,0,1
L4191:T0,4191,T0,2025-06-09T00:00:00.000Z,14,0,14,0,0
L4191:T1:I18998,4191,T1,2025-06-10T13:05:23.000Z,15,0,14,0,1
L4191:T2:I18996,4191,T2,2025-06-16T15:59:11.000Z,15,0,14,0,1
L4191:T2:I18995,4191,T2,2025-06-17T16:17:57.000Z,15,0,14,0,1
L4191:T2:I18997,4191,T2,2025-06-20T19:05:50.000Z,15,0,14,0,1
L4191:T2:I18999,4191,T2,2025-07-14T17:46:00.000Z,17,0,16,0,1
L4191:T2:I19000,4191,T2,2025-11-25T14:24:00.000Z,23,0,22,0,1
L4191:T2:I18994,4191,T2,2026-03-04T08:14:00.000Z,25,0,24,0,1
L4191:T2:I18993,4191,T2,2026-06-02T19:10:00.000Z,29,0,28,0,1
L4192:T0,4192,T0,2025-04-09T00:00:00.000Z,12,12,0,0,0
L4192:T1:I19001,4192,T1,2025-04-09T16:09:50.000Z,13,12,0,0,1
L4192:T2:I19006,4192,T2,2025-04-13T11:54:10.000Z,13,12,0,0,1
L4192:T2:I19005,4192,T2,2025-04-13T20:06:40.000Z,13,12,0,0,1
L4192:T2:I19008,4192,T2,2025-04-17T07:46:23.000Z,13,12,0,0,1
L4192:T2:I19007,4192,T2,2025-04-20T19:55:14.000Z,13,12,0,0,1
L4192:T2:I19003,4192,T2,2025-04-22T15:24:33.000Z,13,12,0,0,1
L4192:T2:I19002,4192,T2,2025-07-12T17:24:00.000Z,14,13,0,0,1
L4192:T2:I19004,4192,T2,2026-01-14T16:12:00.000Z,21,20,0,0,1
L4193:T0,4193,T0,2025-07-17T00:00:00.000Z,37,18,0,19,0
L4193:T1:I19011,4193,T1,2025-07-17T17:25:36.000Z,38,18,0,19,1
L4193:T2:I19013,4193,T2,2025-07-24T09:40:07.000Z,38,18,0,19,1
L4193:T2:I19010,4193,T2,2025-10-02T16:23:00.000Z,49,23,0,25,1
L4193:T2:I19012,4193,T2,2025-10-11T13:46:00.000Z,50,23,0,26,1
L4193:T2:I19009,4193,T2,2026-05-18T10:53:00.000Z,69,35,0,33,1
L4194:T0,4194,T0,2026-01-19T00:00:00.000Z,29,29,0,0,0
L4194:T1:I19017,4194,T1,2026-01-21T08:00:19.000Z,30,29,0,0,1
L4194:T2:I19014,4194,T2,2026-01-24T08:10:33.000Z,30,29,0,0,1
L4194:T2:I19015,4194,T2,2026-02-15T14:09:00.000Z,30,29,0,0,1
L4194:T2:I19016,4194,T2,2026-04-29T13:33:00.000Z,32,31,0,0,1
L4195:T0,4195,T0,2025-01-01T00:00:00.000Z,9,6,0,3,0
L4195:T1:I19019,4195,T1,2025-01-03T09:59:19.000Z,10,6,0,3,1
L4195:T2:I19022,4195,T2,2025-01-12T07:00:53.000Z,12,8,0,3,1
L4195:T2:I19018,4195,T2,2025-05-04T11:37:00.000Z,25,15,0,9,1
L4195:T2:I19021,4195,T2,2025-08-02T19:02:00.000Z,30,19,0,10,1
L4195:T2:I19020,4195,T2,2025-11-15T07:46:00.000Z,35,21,0,13,1
L4195:T2:I19023,4195,T2,2026-05-25T18:53:00.000Z,43,27,0,15,1
L4196:T0,4196,T0,2025-08-06T00:00:00.000Z,20,20,0,0,0
L4196:T1:I19024,4196,T1,2026-01-28T16:26:00.000Z,24,23,0,0,1
L4197:T0,4197,T0,2026-01-05T00:00:00.000Z,69,28,0,41,0
L4197:T1:I19030,4197,T1,2026-01-08T15:43:20.000Z,70,28,0,41,1
L4197:T2:I19028,4197,T2,2026-01-08T16:19:36.000Z,70,28,0,41,1
L4197:T2:I19029,4197,T2,2026-01-10T09:20:03.000Z,70,28,0,41,1
L4197:T2:I19031,4197,T2,2026-01-16T16:25:48.000Z,69,28,0,41,0
L4197:T2:I19025,4197,T2,2026-01-17T14:31:00.000Z,71,29,0,41,1
L4197:T2:I19026,4197,T2,2026-01-17T14:35:34.000Z,71,29,0,41,1
L4197:T2:I19027,4197,T2,2026-02-03T11:19:00.000Z,72,30,0,42,0
L4198:T0,4198,T0,2025-12-30T00:00:00.000Z,56,30,0,26,0
L4198:T1:I19035,4198,T1,2026-01-03T15:09:58.000Z,57,30,0,26,1
L4198:T2:I19037,4198,T2,2026-01-04T07:09:01.000Z,58,31,0,26,1
L4198:T2:I19039,4198,T2,2026-01-06T15:22:18.000Z,58,31,0,26,1
L4198:T2:I19036,4198,T2,2026-01-06T16:49:06.000Z,58,31,0,26,1
L4198:T2:I19033,4198,T2,2026-01-07T18:40:48.000Z,58,31,0,26,1
L4198:T2:I19038,4198,T2,2026-01-10T08:20:36.000Z,58,31,0,26,1
L4198:T2:I19032,4198,T2,2026-01-20T17:21:00.000Z,59,32,0,26,1
L4198:T2:I19034,4198,T2,2026-06-11T18:24:00.000Z,76,38,0,37,1
L4199:T0,4199,T0,2025-05-22T00:00:00.000Z,16,0,16,0,0
L4199:T1:I19043,4199,T1,2025-05-25T19:10:28.000Z,17,0,16,0,1
L4199:T2:I19041,4199,T2,2025-05-28T19:04:28.000Z,17,0,16,0,1
L4199:T2:I19042,4199,T2,2025-06-03T20:03:22.000Z,18,0,17,0,1
L4199:T2:I19040,4199,T2,2025-06-04T15:11:45.000Z,18,0,17,0,1
L4200:T0,4200,T0,2025-05-12T00:00:00.000Z,44,13,0,31,0
L4200:T1:I19044,4200,T1,2025-05-16T08:54:18.000Z,46,13,0,32,1
L4200:T2:I19047,4200,T2,2025-05-16T09:40:00.000Z,46,13,0,32,1
L4200:T2:I19045,4200,T2,2025-05-19T19:04:20.000Z,46,13,0,32,1
L4200:T2:I19046,4200,T2,2026-01-19T11:40:00.000Z,88,23,0,64,1
L4201:T0,4201,T0,2025-07-17T00:00:00.000Z,45,0,21,24,0
L4201:T1:I19050,4201,T1,2025-07-21T16:06:03.000Z,47,0,21,25,1
L4201:T2:I19049,4201,T2,2025-07-29T17:59:21.000Z,47,0,21,25,1
L4201:T2:I19048,4201,T2,2025-07-30T20:21:31.000Z,47,0,21,25,1
L4202:T0,4202,T0,2025-06-30T00:00:00.000Z,14,14,0,0,0
L4202:T1:I19051,4202,T1,2025-07-09T07:22:29.000Z,15,14,0,0,1
L4203:T0,4203,T0,2025-02-15T00:00:00.000Z,22,13,0,9,0
L4203:T1:I19056,4203,T1,2025-02-27T14:06:41.000Z,23,13,0,9,1
L4203:T2:I19057,4203,T2,2025-05-25T16:05:00.000Z,35,17,0,17,1
L4203:T2:I19058,4203,T2,2025-08-03T14:28:00.000Z,45,22,0,22,1
L4203:T2:I19055,4203,T2,2025-10-02T20:52:00.000Z,49,24,0,24,1
L4203:T2:I19054,4203,T2,2025-12-08T07:35:00.000Z,57,30,0,26,1
L4203:T2:I19052,4203,T2,2026-04-19T18:13:00.000Z,70,40,0,29,1
L4203:T2:I19053,4203,T2,2026-04-29T20:28:00.000Z,73,42,0,30,1
L4204:T0,4204,T0,2025-06-26T00:00:00.000Z,13,13,0,0,0
L4204:T1:I19061,4204,T1,2025-06-30T14:50:06.000Z,13,13,0,0,0
L4204:T2:I19060,4204,T2,2025-07-04T20:53:36.000Z,14,13,0,0,1
L4204:T2:I19064,4204,T2,2025-09-02T19:30:00.000Z,17,16,0,0,1
L4204:T2:I19059,4204,T2,2025-09-04T10:05:00.000Z,18,18,0,0,0
L4204:T2:I19062,4204,T2,2026-01-21T17:05:00.000Z,25,24,0,0,1
L4204:T2:I19066,4204,T2,2026-02-02T13:21:00.000Z,25,24,0,0,1
L4204:T2:I19065,4204,T2,2026-03-04T13:30:00.000Z,27,26,0,0,1
L4204:T2:I19063,4204,T2,2026-06-24T08:44:00.000Z,31,30,0,0,1
L4205:T0,4205,T0,2026-04-23T00:00:00.000Z,73,39,0,34,0
L4205:T1:I19068,4205,T1,2026-05-05T09:15:57.000Z,74,39,0,34,1
L4205:T2:I19067,4205,T2,2026-05-05T16:00:32.000Z,74,39,0,34,1
L4206:T0,4206,T0,2025-12-21T00:00:00.000Z,62,27,0,35,0
L4206:T1:I19069,4206,T1,2025-12-21T11:30:55.000Z,63,27,0,35,1
L4206:T2:I19071,4206,T2,2025-12-26T11:50:50.000Z,64,27,0,36,1
L4206:T2:I19073,4206,T2,2026-01-02T09:22:00.000Z,66,29,0,36,1
L4206:T2:I19070,4206,T2,2026-01-02T11:54:03.000Z,66,29,0,36,1
L4206:T2:I19074,4206,T2,2026-06-05T18:03:00.000Z,77,34,0,42,1
L4206:T2:I19072,4206,T2,2026-06-24T15:24:00.000Z,81,35,0,45,1
L4207:T0,4207,T0,2025-04-05T00:00:00.000Z,31,18,0,13,0
L4207:T1:I19075,4207,T1,2025-04-10T15:37:11.000Z,32,18,0,13,1
L4207:T2:I19079,4207,T2,2025-06-21T11:04:00.000Z,38,23,0,15,0
L4207:T2:I19081,4207,T2,2025-07-06T10:35:00.000Z,39,23,0,15,1
L4207:T2:I19078,4207,T2,2025-10-20T07:36:00.000Z,45,26,0,18,1
L4207:T2:I19080,4207,T2,2025-11-21T13:48:00.000Z,46,27,0,18,1
L4207:T2:I19082,4207,T2,2026-02-27T11:37:00.000Z,60,32,0,27,1
L4207:T2:I19077,4207,T2,2026-03-02T09:58:00.000Z,60,32,0,28,0
L4207:T2:I19076,4207,T2,2026-03-13T17:07:00.000Z,61,32,0,28,1
L4208:T0,4208,T0,2026-05-28T00:00:00.000Z,55,25,30,0,0
L4208:T1:I19083,4208,T1,2026-05-30T16:27:21.000Z,56,26,30,0,0
L4208:T2:I19084,4208,T2,2026-06-03T13:26:16.000Z,57,26,30,0,1
L4209:T0,4209,T0,2025-09-01T00:00:00.000Z,42,22,0,20,0
L4209:T1:I19088,4209,T1,2025-09-03T16:18:57.000Z,43,22,0,20,1
L4209:T2:I19085,4209,T2,2025-09-07T11:49:28.000Z,44,23,0,20,1
L4209:T2:I19087,4209,T2,2025-09-08T12:19:17.000Z,43,23,0,20,0
L4209:T2:I19089,4209,T2,2026-01-07T08:41:00.000Z,53,27,0,25,1
L4209:T2:I19090,4209,T2,2026-02-13T07:25:00.000Z,57,29,0,27,1
L4209:T2:I19086,4209,T2,2026-06-14T19:54:00.000Z,70,33,0,37,0
L4210:T0,4210,T0,2025-06-18T00:00:00.000Z,24,15,0,9,0
L4210:T1:I19091,4210,T1,2025-06-19T16:43:42.000Z,25,15,0,9,1
L4211:T0,4211,T0,2025-07-17T00:00:00.000Z,26,15,0,11,0
L4211:T1:I19093,4211,T1,2025-07-25T14:04:08.000Z,27,15,0,11,1
L4211:T2:I19094,4211,T2,2025-07-27T08:30:15.000Z,27,15,0,11,1
L4211:T2:I19092,4211,T2,2025-09-25T07:39:00.000Z,29,16,0,12,1
L4211:T2:I19096,4211,T2,2026-02-04T18:54:00.000Z,41,18,0,22,1
L4211:T2:I19095,4211,T2,2026-04-01T11:43:00.000Z,44,20,0,23,1
L4212:T0,4212,T0,2026-04-04T00:00:00.000Z,140,39,0,101,0
L4212:T1:I19100,4212,T1,2026-04-05T07:26:17.000Z,141,39,0,101,1
L4212:T2:I19099,4212,T2,2026-04-05T11:26:08.000Z,141,39,0,101,1
L4212:T2:I19097,4212,T2,2026-04-05T16:59:59.000Z,141,39,0,101,1
L4212:T2:I19101,4212,T2,2026-04-06T17:00:11.000Z,141,39,0,101,1
L4212:T2:I19103,4212,T2,2026-04-10T10:52:05.000Z,142,40,0,102,0
L4212:T2:I19102,4212,T2,2026-04-21T14:38:00.000Z,145,40,0,104,1
L4212:T2:I19098,4212,T2,2026-05-24T07:43:00.000Z,150,42,0,107,1
L4213:T0,4213,T0,2025-04-22T00:00:00.000Z,6,6,0,0,0
L4213:T1:I19105,4213,T1,2025-04-24T11:51:52.000Z,7,6,0,0,1
L4213:T2:I19107,4213,T2,2025-07-14T19:07:00.000Z,11,10,0,0,1
L4213:T2:I19104,4213,T2,2026-04-02T17:29:00.000Z,19,18,0,0,1
L4213:T2:I19108,4213,T2,2026-04-05T08:35:00.000Z,19,18,0,0,1
L4213:T2:I19109,4213,T2,2026-04-17T14:59:00.000Z,20,19,0,0,1
L4213:T2:I19106,4213,T2,2026-05-22T08:22:00.000Z,22,21,0,0,1
L4214:T0,4214,T0,2026-06-03T00:00:00.000Z,69,36,0,33,0
L4214:T1:I19110,4214,T1,2026-06-09T14:57:07.000Z,70,36,0,33,1
L4215:T0,4215,T0,2026-04-08T00:00:00.000Z,48,26,0,22,0
L4215:T1:I19112,4215,T1,2026-04-12T14:28:44.000Z,49,26,0,22,1
L4215:T2:I19113,4215,T2,2026-04-16T09:58:26.000Z,49,26,0,22,1
L4215:T2:I19111,4215,T2,2026-04-16T19:07:47.000Z,49,26,0,22,1
L4215:T2:I19114,4215,T2,2026-04-18T18:07:46.000Z,49,26,0,22,1
L4215:T2:I19117,4215,T2,2026-04-20T14:56:02.000Z,50,27,0,22,1
L4215:T2:I19115,4215,T2,2026-04-21T17:08:59.000Z,51,27,0,23,1
L4215:T2:I19116,4215,T2,2026-05-09T20:09:00.000Z,53,28,0,24,1
L4216:T0,4216,T0,2025-03-15T00:00:00.000Z,14,9,0,5,0
L4216:T1:I19122,4216,T1,2025-03-29T20:41:00.000Z,17,10,0,6,1
L4216:T2:I19123,4216,T2,2025-04-07T13:47:00.000Z,19,10,0,8,1
L4216:T2:I19119,4216,T2,2025-09-14T08:14:00.000Z,33,21,0,11,1
L4216:T2:I19120,4216,T2,2025-11-14T20:59:00.000Z,35,21,0,13,1
L4216:T2:I19121,4216,T2,2026-01-04T11:54:00.000Z,35,21,0,13,1
L4216:T2:I19118,4216,T2,2026-03-18T08:59:00.000Z,39,24,0,14,1
L4217:T0,4217,T0,2025-05-20T00:00:00.000Z,9,9,0,0,0
L4217:T1:I19129,4217,T1,2025-05-22T15:40:26.000Z,10,9,0,0,1
L4217:T2:I19127,4217,T2,2025-05-24T08:24:51.000Z,10,9,0,0,1
L4217:T2:I19124,4217,T2,2025-06-01T20:59:56.000Z,10,9,0,0,1
L4217:T2:I19128,4217,T2,2025-08-26T11:51:00.000Z,12,11,0,0,1
L4217:T2:I19126,4217,T2,2026-03-30T07:52:00.000Z,19,19,0,0,0
L4217:T2:I19125,4217,T2,2026-06-15T17:08:00.000Z,21,20,0,0,1
L4218:T0,4218,T0,2025-10-15T00:00:00.000Z,40,23,0,17,0
L4218:T1:I19130,4218,T1,2025-10-18T08:11:14.000Z,41,23,0,17,1
L4218:T2:I19132,4218,T2,2025-10-18T18:48:49.000Z,41,23,0,17,1
L4218:T2:I19133,4218,T2,2025-12-21T12:23:00.000Z,41,23,0,17,1
L4218:T2:I19131,4218,T2,2026-01-17T19:45:00.000Z,43,24,0,19,0
L4218:T2:I19134,4218,T2,2026-01-21T11:37:00.000Z,44,24,0,19,1
L4219:T0,4219,T0,2025-06-23T00:00:00.000Z,11,11,0,0,0
L4219:T1:I19135,4219,T1,2025-06-23T12:12:40.000Z,12,11,0,0,1
L4219:T2:I19138,4219,T2,2025-06-26T09:12:54.000Z,11,11,0,0,0
L4219:T2:I19136,4219,T2,2025-07-05T09:08:46.000Z,11,11,0,0,0
L4219:T2:I19137,4219,T2,2025-08-17T08:10:00.000Z,14,13,0,0,1
L4219:T2:I19139,4219,T2,2026-04-25T17:44:00.000Z,18,17,0,0,1
L4220:T0,4220,T0,2026-04-02T00:00:00.000Z,47,21,0,26,0
L4220:T1:I19142,4220,T1,2026-04-02T09:41:04.000Z,48,21,0,26,1
L4220:T2:I19143,4220,T2,2026-04-02T10:28:39.000Z,47,21,0,26,0
L4220:T2:I19145,4220,T2,2026-04-04T12:17:08.000Z,48,21,0,26,1
L4220:T2:I19146,4220,T2,2026-04-05T13:41:04.000Z,49,21,0,27,1
L4220:T2:I19144,4220,T2,2026-04-07T18:38:55.000Z,49,21,0,27,1
L4220:T2:I19140,4220,T2,2026-04-10T19:04:27.000Z,49,21,0,27,1
L4220:T2:I19141,4220,T2,2026-04-15T14:59:19.000Z,49,21,0,27,1
L4221:T0,4221,T0,2026-03-27T00:00:00.000Z,38,38,0,0,0
L4221:T1:I19147,4221,T1,2026-03-29T08:45:08.000Z,39,38,0,0,1
L4222:T0,4222,T0,2026-04-27T00:00:00.000Z,56,24,0,32,0
L4222:T1:I19148,4222,T1,2026-05-03T11:52:45.000Z,58,26,0,32,0
L4222:T2:I19149,4222,T2,2026-05-06T07:36:44.000Z,59,26,0,32,1
L4223:T0,4223,T0,2025-08-15T00:00:00.000Z,55,30,25,0,0
L4223:T1:I19153,4223,T1,2025-08-16T08:40:34.000Z,56,30,25,0,1
L4223:T2:I19151,4223,T2,2025-08-21T10:55:05.000Z,55,30,25,0,0
L4223:T2:I19152,4223,T2,2025-08-22T20:17:47.000Z,57,31,25,0,1
L4223:T2:I19154,4223,T2,2025-08-24T20:14:39.000Z,57,31,25,0,1
L4223:T2:I19150,4223,T2,2025-11-22T07:48:00.000Z,70,36,33,0,1
L4224:T0,4224,T0,2025-03-09T00:00:00.000Z,29,9,0,20,0
L4224:T1:I19155,4224,T1,2025-03-18T08:58:33.000Z,31,10,0,20,1
L4224:T2:I19157,4224,T2,2025-05-23T13:57:00.000Z,37,11,0,25,1
L4224:T2:I19158,4224,T2,2025-09-14T19:56:00.000Z,50,20,0,29,1
L4224:T2:I19156,4224,T2,2026-01-30T12:22:00.000Z,71,32,0,38,1
L4224:T2:I19159,4224,T2,2026-03-23T20:23:00.000Z,75,33,0,41,1
L4225:T0,4225,T0,2025-11-06T00:00:00.000Z,21,21,0,0,0
L4225:T1:I19160,4225,T1,2025-11-15T19:09:47.000Z,22,21,0,0,1
L4225:T2:I19163,4225,T2,2025-11-20T07:32:00.000Z,22,21,0,0,1
L4225:T2:I19161,4225,T2,2026-01-21T09:31:00.000Z,23,22,0,0,1
L4225:T2:I19162,4225,T2,2026-02-05T17:07:00.000Z,25,25,0,0,0
L4226:T0,4226,T0,2026-05-01T00:00:00.000Z,43,20,0,23,0
L4226:T1:I19165,4226,T1,2026-05-06T08:01:43.000Z,44,20,0,23,1
L4226:T2:I19164,4226,T2,2026-05-06T15:08:10.000Z,44,20,0,23,1
L4227:T0,4227,T0,2026-02-26T00:00:00.000Z,33,33,0,0,0
L4227:T1:I19166,4227,T1,2026-02-26T15:58:17.000Z,33,33,0,0,0
L4227:T2:I19171,4227,T2,2026-02-26T20:45:51.000Z,34,33,0,0,1
L4227:T2:I19167,4227,T2,2026-03-02T15:42:10.000Z,34,33,0,0,1
L4227:T2:I19170,4227,T2,2026-03-07T20:06:13.000Z,34,33,0,0,1
L4227:T2:I19169,4227,T2,2026-03-09T08:30:10.000Z,34,33,0,0,1
L4227:T2:I19168,4227,T2,2026-03-09T20:45:46.000Z,34,33,0,0,1
L4228:T0,4228,T0,2025-05-26T00:00:00.000Z,46,13,0,33,0
L4228:T1:I19172,4228,T1,2025-06-08T18:33:07.000Z,49,14,0,34,1
L4229:T0,4229,T0,2025-07-12T00:00:00.000Z,26,11,15,0,0
L4229:T1:I19175,4229,T1,2025-07-12T11:06:12.000Z,27,11,15,0,1
L4229:T2:I19176,4229,T2,2025-07-12T15:10:11.000Z,27,11,15,0,1
L4229:T2:I19173,4229,T2,2025-12-09T12:32:00.000Z,42,17,24,0,1
L4229:T2:I19174,4229,T2,2026-04-13T19:48:00.000Z,50,22,27,0,1
L4230:T0,4230,T0,2025-11-26T00:00:00.000Z,20,20,0,0,0
L4230:T1:I19179,4230,T1,2025-12-02T14:28:33.000Z,21,20,0,0,1
L4230:T2:I19178,4230,T2,2025-12-02T14:58:48.000Z,21,20,0,0,1
L4230:T2:I19177,4230,T2,2025-12-07T10:08:17.000Z,21,20,0,0,1
L4231:T0,4231,T0,2025-09-05T00:00:00.000Z,46,0,22,24,0
L4231:T1:I19183,4231,T1,2025-09-12T14:00:45.000Z,48,0,23,24,1
L4231:T2:I19181,4231,T2,2025-09-17T12:11:46.000Z,48,0,24,24,0
L4231:T2:I19180,4231,T2,2025-12-02T16:52:00.000Z,54,0,26,27,1
L4231:T2:I19182,4231,T2,2026-06-05T08:28:00.000Z,69,0,32,36,1
L4232:T0,4232,T0,2026-01-09T00:00:00.000Z,22,22,0,0,0
L4232:T1:I19189,4232,T1,2026-01-09T15:22:06.000Z,23,22,0,0,1
L4232:T2:I19188,4232,T2,2026-01-11T14:50:24.000Z,23,22,0,0,1
L4232:T2:I19187,4232,T2,2026-01-11T20:39:30.000Z,23,22,0,0,1
L4232:T2:I19185,4232,T2,2026-01-15T14:28:54.000Z,23,22,0,0,1
L4232:T2:I19186,4232,T2,2026-01-17T12:47:00.000Z,24,23,0,0,1
L4232:T2:I19184,4232,T2,2026-01-18T19:01:46.000Z,24,23,0,0,1
L4232:T2:I19190,4232,T2,2026-01-21T08:11:56.000Z,23,23,0,0,0
L4232:T2:I19191,4232,T2,2026-01-22T15:01:58.000Z,24,23,0,0,1
L4233:T0,4233,T0,2025-06-29T00:00:00.000Z,11,11,0,0,0
L4233:T1:I19196,4233,T1,2025-07-01T19:50:06.000Z,11,11,0,0,0
L4233:T2:I19193,4233,T2,2025-07-16T08:07:00.000Z,12,12,0,0,0
L4233:T2:I19194,4233,T2,2026-01-21T08:48:00.000Z,21,20,0,0,1
L4233:T2:I19192,4233,T2,2026-05-14T13:53:00.000Z,26,25,0,0,1
L4233:T2:I19195,4233,T2,2026-06-29T16:45:00.000Z,28,27,0,0,1
L4234:T0,4234,T0,2025-05-29T00:00:00.000Z,14,7,7,0,0
L4234:T1:I19200,4234,T1,2025-06-10T09:17:28.000Z,15,7,7,0,1
L4234:T2:I19203,4234,T2,2025-06-10T14:45:56.000Z,15,7,7,0,1
L4234:T2:I19197,4234,T2,2025-10-19T18:30:00.000Z,20,10,9,0,1
L4234:T2:I19198,4234,T2,2025-11-25T13:42:00.000Z,23,12,10,0,1
L4234:T2:I19201,4234,T2,2025-11-25T17:09:00.000Z,23,12,10,0,1
L4234:T2:I19202,4234,T2,2025-12-27T08:19:00.000Z,24,13,10,0,1
L4234:T2:I19199,4234,T2,2026-01-11T19:57:00.000Z,24,13,10,0,1
L4235:T0,4235,T0,2025-02-18T00:00:00.000Z,12,3,0,9,0
L4235:T1:I19207,4235,T1,2025-02-24T17:42:39.000Z,14,4,0,9,1
L4235:T2:I19206,4235,T2,2025-03-02T11:19:38.000Z,14,4,0,9,1
L4235:T2:I19205,4235,T2,2025-03-18T10:51:00.000Z,15,5,0,9,1
L4235:T2:I19204,4235,T2,2025-08-19T14:56:00.000Z,33,11,0,21,1
L4236:T0,4236,T0,2026-02-16T00:00:00.000Z,59,32,0,27,0
L4236:T1:I19210,4236,T1,2026-02-16T07:42:42.000Z,60,32,0,27,1
L4236:T2:I19211,4236,T2,2026-02-25T13:19:49.000Z,60,32,0,27,1
L4236:T2:I19209,4236,T2,2026-02-27T17:02:39.000Z,60,32,0,27,1
L4236:T2:I19208,4236,T2,2026-03-01T14:03:35.000Z,60,32,0,27,1
L4237:T0,4237,T0,2026-01-08T00:00:00.000Z,20,20,0,0,0
L4237:T1:I19215,4237,T1,2026-01-09T15:48:54.000Z,21,20,0,0,1
L4237:T2:I19212,4237,T2,2026-01-12T10:54:21.000Z,20,20,0,0,0
L4237:T2:I19216,4237,T2,2026-01-15T07:34:48.000Z,21,20,0,0,1
L4237:T2:I19214,4237,T2,2026-01-15T12:58:44.000Z,21,20,0,0,1
L4237:T2:I19213,4237,T2,2026-01-18T20:06:22.000Z,20,20,0,0,0
L4238:T0,4238,T0,2026-05-16T00:00:00.000Z,95,50,0,45,0
L4238:T1:I19217,4238,T1,2026-05-25T08:01:12.000Z,99,51,0,47,1
L4238:T2:I19218,4238,T2,2026-05-27T17:43:57.000Z,99,51,0,47,1
L4239:T0,4239,T0,2025-07-22T00:00:00.000Z,17,17,0,0,0
L4239:T1:I19219,4239,T1,2025-07-27T20:21:40.000Z,18,17,0,0,1
L4239:T2:I19224,4239,T2,2025-08-02T11:20:52.000Z,18,17,0,0,1
L4239:T2:I19222,4239,T2,2025-08-03T14:27:53.000Z,18,17,0,0,1
L4239:T2:I19226,4239,T2,2025-08-03T19:12:54.000Z,18,17,0,0,1
L4239:T2:I19225,4239,T2,2025-08-26T07:07:00.000Z,18,17,0,0,1
L4239:T2:I19223,4239,T2,2025-08-28T15:32:00.000Z,18,17,0,0,1
L4239:T2:I19221,4239,T2,2026-03-10T08:37:00.000Z,22,21,0,0,1
L4239:T2:I19220,4239,T2,2026-06-29T20:54:00.000Z,30,29,0,0,1
L4240:T0,4240,T0,2026-01-11T00:00:00.000Z,42,17,0,25,0
L4240:T1:I19233,4240,T1,2026-01-13T18:35:26.000Z,43,17,0,25,1
L4240:T2:I19230,4240,T2,2026-01-15T12:53:19.000Z,43,17,0,25,1
L4240:T2:I19229,4240,T2,2026-01-18T07:29:48.000Z,44,17,0,26,1
L4240:T2:I19227,4240,T2,2026-01-20T20:38:06.000Z,44,17,0,26,1
L4240:T2:I19232,4240,T2,2026-01-24T17:20:40.000Z,44,17,0,26,1
L4240:T2:I19231,4240,T2,2026-03-20T16:43:00.000Z,48,19,0,28,1
L4240:T2:I19228,4240,T2,2026-05-01T10:52:00.000Z,54,22,0,31,1
L4240:T2:I19234,4240,T2,2026-06-07T08:23:00.000Z,55,23,0,31,1
L4241:T0,4241,T0,2025-01-30T00:00:00.000Z,9,9,0,0,0
L4241:T1:I19239,4241,T1,2025-02-03T12:10:12.000Z,10,9,0,0,1
L4241:T2:I19237,4241,T2,2025-02-05T16:43:20.000Z,10,9,0,0,1
L4241:T2:I19241,4241,T2,2025-02-12T12:41:51.000Z,12,11,0,0,1
L4241:T2:I19235,4241,T2,2025-09-30T13:02:00.000Z,21,20,0,0,1
L4241:T2:I19238,4241,T2,2026-01-24T13:17:00.000Z,24,23,0,0,1
L4241:T2:I19240,4241,T2,2026-02-17T12:53:00.000Z,26,25,0,0,1
L4241:T2:I19236,4241,T2,2026-03-23T18:15:00.000Z,27,26,0,0,1
L4242:T0,4242,T0,2026-05-21T00:00:00.000Z,33,0,33,0,0
L4242:T1:I19243,4242,T1,2026-05-22T08:22:59.000Z,34,0,33,0,1
L4242:T2:I19242,4242,T2,2026-05-25T09:32:07.000Z,34,0,33,0,1
L4242:T2:I19245,4242,T2,2026-05-30T08:47:53.000Z,34,0,33,0,1
L4242:T2:I19244,4242,T2,2026-05-30T12:30:35.000Z,34,0,33,0,1
L4242:T2:I19247,4242,T2,2026-05-31T17:33:00.000Z,34,0,34,0,0
L4242:T2:I19246,4242,T2,2026-06-02T17:42:14.000Z,35,0,34,0,1
L4243:T0,4243,T0,2026-06-07T00:00:00.000Z,68,32,0,36,0
L4243:T1:I19250,4243,T1,2026-06-07T13:36:45.000Z,69,32,0,36,1
L4243:T2:I19248,4243,T2,2026-06-10T11:32:46.000Z,69,32,0,36,1
L4243:T2:I19251,4243,T2,2026-06-12T14:13:01.000Z,69,32,0,36,1
L4243:T2:I19252,4243,T2,2026-06-18T20:46:02.000Z,70,32,0,37,1
L4243:T2:I19249,4243,T2,2026-06-19T15:08:45.000Z,70,32,0,37,1
L4244:T0,4244,T0,2025-08-17T00:00:00.000Z,16,16,0,0,0
L4244:T1:I19260,4244,T1,2025-08-17T12:02:57.000Z,17,16,0,0,1
L4244:T2:I19254,4244,T2,2025-08-17T18:38:02.000Z,17,16,0,0,1
L4244:T2:I19259,4244,T2,2025-08-19T14:18:09.000Z,17,16,0,0,1
L4244:T2:I19257,4244,T2,2025-08-23T17:54:34.000Z,17,16,0,0,1
L4244:T2:I19258,4244,T2,2025-10-22T18:12:00.000Z,21,20,0,0,1
L4244:T2:I19255,4244,T2,2026-06-03T16:05:00.000Z,30,29,0,0,1
L4244:T2:I19256,4244,T2,2026-06-16T16:46:00.000Z,30,29,0,0,1
L4244:T2:I19253,4244,T2,2026-06-30T14:44:00.000Z,32,31,0,0,1
L4245:T0,4245,T0,2025-09-02T00:00:00.000Z,16,16,0,0,0
L4245:T1:I19262,4245,T1,2025-09-02T17:20:06.000Z,17,16,0,0,1
L4245:T2:I19264,4245,T2,2025-09-08T18:07:14.000Z,17,16,0,0,1
L4245:T2:I19263,4245,T2,2025-09-10T09:44:22.000Z,17,16,0,0,1
L4245:T2:I19261,4245,T2,2025-09-12T16:21:08.000Z,17,16,0,0,1
L4246:T0,4246,T0,2025-04-09T00:00:00.000Z,23,7,0,16,0
L4246:T1:I19265,4246,T1,2025-04-18T07:05:59.000Z,23,7,0,16,0
L4247:T0,4247,T0,2025-01-10T00:00:00.000Z,15,6,0,9,0
L4247:T1:I19271,4247,T1,2025-01-15T09:40:56.000Z,16,6,0,9,1
L4247:T2:I19268,4247,T2,2025-01-22T14:53:48.000Z,16,6,0,9,1
L4247:T2:I19273,4247,T2,2025-05-26T16:22:00.000Z,28,14,0,13,1
L4247:T2:I19267,4247,T2,2025-06-02T19:32:00.000Z,28,14,0,13,1
L4247:T2:I19266,4247,T2,2025-08-21T12:15:00.000Z,32,15,0,16,1
L4247:T2:I19270,4247,T2,2026-01-22T09:31:00.000Z,45,22,0,22,1
L4247:T2:I19272,4247,T2,2026-03-15T18:44:00.000Z,50,24,0,25,1
L4247:T2:I19269,4247,T2,2026-04-20T19:29:00.000Z,56,26,0,29,1
L4248:T0,4248,T0,2025-04-09T00:00:00.000Z,41,18,0,23,0
L4248:T1:I19275,4248,T1,2025-04-09T09:42:33.000Z,42,18,0,23,1
L4248:T2:I19274,4248,T2,2025-12-04T11:16:00.000Z,75,35,0,40,0
L4249:T0,4249,T0,2025-07-16T00:00:00.000Z,26,0,15,11,0
L4249:T1:I19277,4249,T1,2025-07-29T20:50:21.000Z,27,0,15,11,1
L4249:T2:I19276,4249,T2,2026-04-19T18:31:00.000Z,44,0,20,23,1
L4250:T0,4250,T0,2025-07-30T00:00:00.000Z,39,23,0,16,0
L4250:T1:I19281,4250,T1,2025-08-02T17:33:17.000Z,41,24,0,16,1
L4250:T2:I19278,4250,T2,2025-08-04T07:02:45.000Z,41,24,0,16,1
L4250:T2:I19279,4250,T2,2025-08-09T13:54:34.000Z,41,24,0,16,1
L4250:T2:I19280,4250,T2,2025-12-10T10:26:00.000Z,49,27,0,21,1
L4251:T0,4251,T0,2026-02-07T00:00:00.000Z,45,23,0,22,0
L4251:T1:I19282,4251,T1,2026-02-08T18:24:09.000Z,46,23,0,22,1
L4251:T2:I19283,4251,T2,2026-02-17T09:56:43.000Z,46,23,0,22,1
L4251:T2:I19284,4251,T2,2026-02-20T11:43:40.000Z,45,23,0,22,0
L4252:T0,4252,T0,2025-04-22T00:00:00.000Z,23,0,14,9,0
L4252:T1:I19288,4252,T1,2025-04-23T15:03:32.000Z,24,0,14,9,1
L4252:T2:I19286,4252,T2,2025-04-30T13:57:02.000Z,24,0,14,9,1
L4252:T2:I19285,4252,T2,2025-05-04T08:34:56.000Z,24,0,14,9,1
L4252:T2:I19287,4252,T2,2025-05-05T17:28:46.000Z,24,0,14,9,1
L4253:T0,4253,T0,2025-05-26T00:00:00.000Z,33,10,0,23,0
L4253:T1:I19290,4253,T1,2025-06-05T08:35:40.000Z,35,10,0,24,1
L4253:T2:I19289,4253,T2,2025-06-09T14:34:00.000Z,35,10,0,24,1
L4254:T0,4254,T0,2026-06-13T00:00:00.000Z,75,0,39,36,0
L4254:T1:I19295,4254,T1,2026-06-15T08:47:56.000Z,76,0,39,36,1
L4254:T2:I19293,4254,T2,2026-06-18T16:02:05.000Z,76,0,40,36,0
L4254:T2:I19292,4254,T2,2026-06-19T10:08:10.000Z,77,0,40,36,1
L4254:T2:I19291,4254,T2,2026-06-22T15:28:03.000Z,77,0,40,36,1
L4254:T2:I19294,4254,T2,2026-06-25T10:58:13.000Z,78,0,40,37,1
L4255:T0,4255,T0,2025-01-17T00:00:00.000Z,16,5,0,11,0
L4255:T1:I19297,4255,T1,2025-01-21T20:19:35.000Z,16,5,0,11,0
L4255:T2:I19300,4255,T2,2025-01-22T20:25:54.000Z,17,5,0,11,1
L4255:T2:I19296,4255,T2,2025-03-01T15:06:00.000Z,18,5,0,12,1
L4255:T2:I19298,4255,T2,2025-09-27T12:40:00.000Z,48,14,0,33,1
L4255:T2:I19299,4255,T2,2026-02-10T11:00:00.000Z,71,24,0,46,1
L4256:T0,4256,T0,2026-04-18T00:00:00.000Z,52,20,32,0,0
L4256:T1:I19303,4256,T1,2026-04-19T13:59:49.000Z,53,20,32,0,1
L4256:T2:I19301,4256,T2,2026-04-23T19:50:30.000Z,54,21,32,0,1
L4256:T2:I19304,4256,T2,2026-04-27T09:22:50.000Z,54,21,32,0,1
L4256:T2:I19302,4256,T2,2026-04-27T13:51:05.000Z,54,21,32,0,1
L4257:T0,4257,T0,2026-06-24T00:00:00.000Z,77,37,0,40,0
L4257:T1:I19309,4257,T1,2026-06-26T17:53:42.000Z,78,37,0,40,1
L4257:T2:I19305,4257,T2,2026-06-27T13:27:40.000Z,78,37,0,40,1
L4257:T2:I19310,4257,T2,2026-06-30T12:26:10.000Z,78,37,0,40,1
L4257:T2:I19311,4257,T2,2026-06-30T14:04:27.000Z,78,37,0,40,1
L4257:T2:I19306,4257,T2,2026-07-03T13:57:03.000Z,78,37,0,40,1
L4257:T2:I19308,4257,T2,2026-07-06T19:26:00.000Z,78,37,0,40,1
L4257:T2:I19307,4257,T2,2026-07-07T17:09:17.000Z,78,37,0,40,1
L4258:T0,4258,T0,2025-06-16T00:00:00.000Z,68,28,0,40,0
L4258:T1:I19312,4258,T1,2025-06-18T20:12:29.000Z,70,28,0,41,1
L4258:T2:I19314,4258,T2,2025-07-26T13:41:00.000Z,79,31,0,47,1
L4258:T2:I19315,4258,T2,2025-08-10T14:27:00.000Z,81,32,0,48,1
L4258:T2:I19313,4258,T2,2025-11-18T14:42:00.000Z,106,42,0,63,1
L4259:T0,4259,T0,2025-12-05T00:00:00.000Z,15,15,0,0,0
L4259:T1:I19316,4259,T1,2025-12-07T18:05:11.000Z,16,15,0,0,1
L4259:T2:I19318,4259,T2,2025-12-07T19:01:44.000Z,16,15,0,0,1
L4259:T2:I19319,4259,T2,2025-12-08T19:28:55.000Z,16,15,0,0,1
L4259:T2:I19317,4259,T2,2025-12-11T20:59:27.000Z,16,15,0,0,1
L4259:T2:I19321,4259,T2,2025-12-12T11:35:46.000Z,16,15,0,0,1
L4259:T2:I19322,4259,T2,2026-01-27T15:30:00.000Z,18,17,0,0,1
L4259:T2:I19320,4259,T2,2026-06-07T19:32:00.000Z,22,21,0,0,1
L4260:T0,4260,T0,2025-03-15T00:00:00.000Z,13,13,0,0,0
L4260:T1:I19323,4260,T1,2025-03-17T12:00:22.000Z,14,13,0,0,1
L4261:T0,4261,T0,2025-09-29T00:00:00.000Z,17,17,0,0,0
L4261:T1:I19325,4261,T1,2025-10-12T15:59:32.000Z,18,17,0,0,1
L4261:T2:I19326,4261,T2,2026-05-07T09:22:00.000Z,27,26,0,0,1
L4261:T2:I19324,4261,T2,2026-05-25T16:07:00.000Z,28,27,0,0,1
L4262:T0,4262,T0,2025-01-30T00:00:00.000Z,19,19,0,0,0
L4262:T1:I19329,4262,T1,2025-01-31T07:56:20.000Z,20,19,0,0,1
L4262:T2:I19330,4262,T2,2025-02-08T16:48:03.000Z,21,20,0,0,1
L4262:T2:I19331,4262,T2,2025-12-19T15:24:00.000Z,38,37,0,0,1
L4262:T2:I19328,4262,T2,2026-03-22T15:36:00.000Z,42,42,0,0,0
L4262:T2:I19327,4262,T2,2026-04-19T19:04:00.000Z,43,43,0,0,0
L4263:T0,4263,T0,2026-03-05T00:00:00.000Z,26,26,0,0,0
L4263:T1:I19334,4263,T1,2026-03-12T14:55:18.000Z,29,28,0,0,1
L4263:T2:I19332,4263,T2,2026-03-13T12:42:24.000Z,29,28,0,0,1
L4263:T2:I19333,4263,T2,2026-03-16T12:24:32.000Z,29,28,0,0,1
L4264:T0,4264,T0,2026-02-12T00:00:00.000Z,32,32,0,0,0
L4264:T1:I19340,4264,T1,2026-02-12T10:39:09.000Z,33,32,0,0,1
L4264:T2:I19338,4264,T2,2026-02-17T10:10:33.000Z,33,32,0,0,1
L4264:T2:I19339,4264,T2,2026-02-17T13:12:27.000Z,33,32,0,0,1
L4264:T2:I19342,4264,T2,2026-02-19T15:03:26.000Z,33,32,0,0,1
L4264:T2:I19337,4264,T2,2026-02-19T17:52:39.000Z,33,32,0,0,1
L4264:T2:I19335,4264,T2,2026-02-23T08:27:19.000Z,33,32,0,0,1
L4264:T2:I19336,4264,T2,2026-04-17T16:39:00.000Z,36,35,0,0,1
L4264:T2:I19341,4264,T2,2026-05-04T08:55:00.000Z,38,37,0,0,1
L4265:T0,4265,T0,2025-06-13T00:00:00.000Z,39,21,0,18,0
L4265:T1:I19343,4265,T1,2025-06-18T12:28:02.000Z,41,21,0,19,1
L4265:T2:I19344,4265,T2,2025-06-19T18:10:27.000Z,42,22,0,19,1
L4265:T2:I19345,4265,T2,2025-06-21T14:36:38.000Z,42,22,0,19,1
L4265:T2:I19349,4265,T2,2025-11-10T14:38:00.000Z,64,36,0,27,1
L4265:T2:I19347,4265,T2,2026-02-26T16:29:00.000Z,76,42,0,33,1
L4265:T2:I19346,4265,T2,2026-03-07T15:21:00.000Z,77,43,0,33,1
L4265:T2:I19348,4265,T2,2026-05-13T15:54:00.000Z,87,50,0,36,1
L4266:T0,4266,T0,2025-07-26T00:00:00.000Z,8,8,0,0,0
L4266:T1:I19352,4266,T1,2025-07-27T14:59:10.000Z,9,8,0,0,1
L4266:T2:I19355,4266,T2,2025-07-29T07:02:13.000Z,9,8,0,0,1
L4266:T2:I19351,4266,T2,2025-08-02T15:26:07.000Z,9,8,0,0,1
L4266:T2:I19354,4266,T2,2025-08-05T08:34:37.000Z,9,8,0,0,1
L4266:T2:I19356,4266,T2,2025-08-05T13:36:52.000Z,9,8,0,0,1
L4266:T2:I19353,4266,T2,2026-03-27T16:06:00.000Z,12,11,0,0,1
L4266:T2:I19350,4266,T2,2026-06-10T20:29:00.000Z,15,14,0,0,1
L4267:T0,4267,T0,2025-12-15T00:00:00.000Z,29,16,13,0,0
L4267:T1:I19363,4267,T1,2025-12-16T07:06:20.000Z,30,16,13,0,1
L4267:T2:I19358,4267,T2,2025-12-17T10:33:45.000Z,29,16,13,0,0
L4267:T2:I19362,4267,T2,2025-12-19T10:13:30.000Z,30,16,13,0,1
L4267:T2:I19364,4267,T2,2025-12-21T09:37:00.000Z,30,16,13,0,1
L4267:T2:I19360,4267,T2,2025-12-21T13:19:34.000Z,30,16,13,0,1
L4267:T2:I19361,4267,T2,2025-12-22T15:00:20.000Z,30,16,13,0,1
L4267:T2:I19357,4267,T2,2025-12-25T14:15:35.000Z,30,16,13,0,1
L4267:T2:I19359,4267,T2,2026-03-08T17:51:00.000Z,32,18,13,0,1
L4268:T0,4268,T0,2026-05-10T00:00:00.000Z,19,19,0,0,0
L4268:T1:I19372,4268,T1,2026-05-10T19:27:03.000Z,20,19,0,0,1
L4268:T2:I19369,4268,T2,2026-05-14T15:07:48.000Z,20,19,0,0,1
L4268:T2:I19365,4268,T2,2026-05-20T17:16:41.000Z,19,19,0,0,0
L4268:T2:I19368,4268,T2,2026-05-20T18:03:41.000Z,20,19,0,0,1
L4268:T2:I19370,4268,T2,2026-05-21T13:30:48.000Z,20,19,0,0,1
L4268:T2:I19367,4268,T2,2026-05-23T17:01:09.000Z,20,19,0,0,1
L4268:T2:I19366,4268,T2,2026-06-08T16:52:00.000Z,21,20,0,0,1
L4268:T2:I19371,4268,T2,2026-06-16T16:44:00.000Z,22,21,0,0,1
L4269:T0,4269,T0,2025-01-19T00:00:00.000Z,29,11,0,18,0
L4269:T1:I19373,4269,T1,2025-06-21T19:49:00.000Z,49,15,0,33,1
L4269:T2:I19376,4269,T2,2025-08-22T15:09:00.000Z,55,16,0,38,1
L4269:T2:I19374,4269,T2,2025-12-08T17:29:00.000Z,70,23,0,46,1
L4269:T2:I19375,4269,T2,2026-03-05T17:03:00.000Z,83,26,0,56,1
L4270:T0,4270,T0,2025-02-28T00:00:00.000Z,4,4,0,0,0
L4270:T1:I19378,4270,T1,2025-03-12T16:28:21.000Z,6,5,0,0,1
L4270:T2:I19380,4270,T2,2025-05-13T14:16:00.000Z,8,7,0,0,1
L4270:T2:I19381,4270,T2,2025-08-01T19:54:00.000Z,11,10,0,0,1
L4270:T2:I19377,4270,T2,2025-11-29T11:13:00.000Z,15,14,0,0,1
L4270:T2:I19379,4270,T2,2026-01-21T11:43:00.000Z,17,16,0,0,1
L4271:T0,4271,T0,2025-06-09T00:00:00.000Z,41,17,0,24,0
L4271:T1:I19386,4271,T1,2025-06-09T17:02:23.000Z,42,17,0,24,1
L4271:T2:I19383,4271,T2,2025-06-21T11:51:58.000Z,42,17,0,25,0
L4271:T2:I19385,4271,T2,2025-08-14T07:19:00.000Z,51,22,0,28,1
L4271:T2:I19382,4271,T2,2025-10-22T15:15:00.000Z,64,30,0,33,1
L4271:T2:I19384,4271,T2,2025-11-26T14:26:00.000Z,71,34,0,36,1
L4271:T2:I19387,4271,T2,2026-01-29T11:35:00.000Z,83,36,0,46,1
L4272:T0,4272,T0,2025-09-23T00:00:00.000Z,21,21,0,0,0
L4272:T1:I19389,4272,T1,2025-09-28T17:35:02.000Z,22,21,0,0,1
L4272:T2:I19388,4272,T2,2025-09-29T18:33:49.000Z,22,21,0,0,1
L4272:T2:I19390,4272,T2,2025-10-02T15:29:29.000Z,23,22,0,0,1
L4272:T2:I19391,4272,T2,2025-10-03T18:16:36.000Z,23,22,0,0,1
L4273:T0,4273,T0,2025-01-24T00:00:00.000Z,14,14,0,0,0
L4273:T1:I19392,4273,T1,2025-02-05T15:59:09.000Z,16,15,0,0,1
L4274:T0,4274,T0,2026-04-12T00:00:00.000Z,26,26,0,0,0
L4274:T1:I19393,4274,T1,2026-04-21T08:15:09.000Z,29,28,0,0,1
L4275:T0,4275,T0,2025-04-28T00:00:00.000Z,25,11,0,14,0
L4275:T1:I19394,4275,T1,2025-05-09T20:30:29.000Z,27,12,0,14,1
L4276:T0,4276,T0,2025-09-29T00:00:00.000Z,31,15,0,16,0
L4276:T1:I19395,4276,T1,2025-10-02T13:46:12.000Z,32,15,0,16,1
L4276:T2:I19396,4276,T2,2025-10-04T11:26:07.000Z,32,15,0,16,1
L4277:T0,4277,T0,2026-04-04T00:00:00.000Z,33,33,0,0,0
L4277:T1:I19399,4277,T1,2026-04-04T08:32:30.000Z,34,33,0,0,1
L4277:T2:I19401,4277,T2,2026-04-06T11:14:47.000Z,34,33,0,0,1
L4277:T2:I19398,4277,T2,2026-04-09T07:25:53.000Z,34,33,0,0,1
L4277:T2:I19397,4277,T2,2026-04-16T17:02:59.000Z,34,33,0,0,1
L4277:T2:I19400,4277,T2,2026-04-16T17:42:31.000Z,34,33,0,0,1
L4278:T0,4278,T0,2025-10-31T00:00:00.000Z,45,24,21,0,0
L4278:T1:I19406,4278,T1,2025-10-31T10:57:57.000Z,46,24,21,0,1
L4278:T2:I19402,4278,T2,2025-11-01T17:06:24.000Z,46,24,21,0,1
L4278:T2:I19408,4278,T2,2025-11-06T10:04:28.000Z,45,24,21,0,0
L4278:T2:I19403,4278,T2,2025-11-10T18:19:02.000Z,47,24,22,0,1
L4278:T2:I19405,4278,T2,2025-11-11T12:38:03.000Z,47,24,22,0,1
L4278:T2:I19407,4278,T2,2025-11-18T16:35:00.000Z,47,24,22,0,1
L4278:T2:I19404,4278,T2,2026-01-14T12:11:00.000Z,50,25,24,0,1
L4279:T0,4279,T0,2025-07-24T00:00:00.000Z,55,26,0,29,0
L4279:T1:I19409,4279,T1,2025-07-31T17:35:30.000Z,57,27,0,29,1
L4279:T2:I19410,4279,T2,2025-08-03T19:05:33.000Z,56,27,0,29,0
L4279:T2:I19412,4279,T2,2026-01-06T13:34:00.000Z,81,38,0,42,1
L4279:T2:I19411,4279,T2,2026-05-26T20:31:00.000Z,104,53,0,50,1
L4280:T0,4280,T0,2025-12-08T00:00:00.000Z,20,20,0,0,0
L4280:T1:I19417,4280,T1,2025-12-12T16:22:34.000Z,21,20,0,0,1
L4280:T2:I19414,4280,T2,2025-12-12T17:39:52.000Z,21,20,0,0,1
L4280:T2:I19418,4280,T2,2025-12-12T18:38:20.000Z,21,20,0,0,1
L4280:T2:I19416,4280,T2,2025-12-21T08:56:02.000Z,21,20,0,0,1
L4280:T2:I19413,4280,T2,2026-04-23T18:12:00.000Z,29,28,0,0,1
L4280:T2:I19415,4280,T2,2026-05-02T14:36:00.000Z,30,29,0,0,1
L4281:T0,4281,T0,2025-02-16T00:00:00.000Z,7,7,0,0,0
L4281:T1:I19419,4281,T1,2025-02-23T13:59:23.000Z,8,7,0,0,1
L4281:T2:I19423,4281,T2,2025-05-10T12:01:00.000Z,15,14,0,0,1
L4281:T2:I19422,4281,T2,2025-05-11T20:01:00.000Z,15,14,0,0,1
L4281:T2:I19425,4281,T2,2025-05-20T19:55:00.000Z,16,15,0,0,1
L4281:T2:I19424,4281,T2,2026-02-25T11:26:00.000Z,34,33,0,0,1
L4281:T2:I19426,4281,T2,2026-04-22T18:15:00.000Z,37,36,0,0,1
L4281:T2:I19421,4281,T2,2026-04-25T12:07:00.000Z,37,36,0,0,1
L4281:T2:I19420,4281,T2,2026-05-14T13:07:00.000Z,38,37,0,0,1
L4282:T0,4282,T0,2025-07-08T00:00:00.000Z,38,19,0,19,0
L4282:T1:I19429,4282,T1,2025-07-09T09:30:23.000Z,40,20,0,19,1
L4282:T2:I19427,4282,T2,2025-07-10T15:49:24.000Z,40,20,0,19,1
L4282:T2:I19431,4282,T2,2025-07-14T18:16:45.000Z,41,21,0,20,0
L4282:T2:I19433,4282,T2,2025-07-17T18:28:39.000Z,43,21,0,21,1
L4282:T2:I19430,4282,T2,2025-07-17T20:10:17.000Z,43,21,0,21,1
L4282:T2:I19432,4282,T2,2025-11-03T07:03:00.000Z,55,26,0,28,1
L4282:T2:I19428,4282,T2,2026-04-08T07:02:00.000Z,70,29,0,40,1
L4283:T0,4283,T0,2026-06-18T00:00:00.000Z,86,26,0,60,0
L4283:T1:I19437,4283,T1,2026-06-19T07:17:49.000Z,87,26,0,60,1
L4283:T2:I19439,4283,T2,2026-06-22T08:36:24.000Z,87,26,0,60,1
L4283:T2:I19434,4283,T2,2026-06-26T20:29:54.000Z,88,27,0,60,1
L4283:T2:I19435,4283,T2,2026-06-28T11:06:24.000Z,88,27,0,60,1
L4283:T2:I19438,4283,T2,2026-06-29T19:51:36.000Z,88,27,0,60,1
L4283:T2:I19436,4283,T2,2026-07-01T20:40:50.000Z,87,27,0,60,0
L4284:T0,4284,T0,2026-06-19T00:00:00.000Z,36,36,0,0,0
L4284:T1:I19444,4284,T1,2026-06-22T15:42:37.000Z,37,36,0,0,1
L4284:T2:I19446,4284,T2,2026-06-23T08:30:54.000Z,37,36,0,0,1
L4284:T2:I19442,4284,T2,2026-06-25T14:30:51.000Z,37,36,0,0,1
L4284:T2:I19440,4284,T2,2026-06-29T09:33:57.000Z,37,36,0,0,1
L4284:T2:I19443,4284,T2,2026-06-30T20:58:33.000Z,37,36,0,0,1
L4284:T2:I19445,4284,T2,2026-07-02T12:27:39.000Z,37,36,0,0,1
L4284:T2:I19441,4284,T2,2026-07-02T19:18:53.000Z,37,36,0,0,1
L4285:T0,4285,T0,2025-08-29T00:00:00.000Z,20,20,0,0,0
L4285:T1:I19453,4285,T1,2025-08-29T12:09:23.000Z,21,20,0,0,1
L4285:T2:I19447,4285,T2,2025-09-03T18:45:28.000Z,21,20,0,0,1
L4285:T2:I19449,4285,T2,2025-09-05T16:38:14.000Z,21,20,0,0,1
L4285:T2:I19452,4285,T2,2025-09-06T17:25:17.000Z,21,20,0,0,1
L4285:T2:I19451,4285,T2,2025-09-10T18:51:35.000Z,21,20,0,0,1
L4285:T2:I19448,4285,T2,2025-10-21T20:13:00.000Z,24,24,0,0,0
L4285:T2:I19450,4285,T2,2026-05-02T09:46:00.000Z,32,31,0,0,1
L4286:T0,4286,T0,2026-02-15T00:00:00.000Z,17,17,0,0,0
L4286:T1:I19454,4286,T1,2026-02-16T13:09:24.000Z,18,17,0,0,1
L4286:T2:I19455,4286,T2,2026-02-17T13:29:02.000Z,18,17,0,0,1
L4286:T2:I19456,4286,T2,2026-02-25T09:11:59.000Z,18,17,0,0,1
L4287:T0,4287,T0,2025-04-11T00:00:00.000Z,6,6,0,0,0
L4287:T1:I19458,4287,T1,2025-04-20T09:49:17.000Z,7,6,0,0,1
L4287:T2:I19457,4287,T2,2025-08-29T18:07:00.000Z,16,15,0,0,1
L4288:T0,4288,T0,2026-06-29T00:00:00.000Z,57,32,0,25,0
L4288:T1:I19459,4288,T1,2026-06-30T16:38:40.000Z,58,32,0,25,1
L4288:T2:I19462,4288,T2,2026-06-30T19:04:55.000Z,57,32,0,25,0
L4288:T2:I19460,4288,T2,2026-07-02T08:14:13.000Z,58,32,0,25,1
L4288:T2:I19465,4288,T2,2026-07-02T19:53:41.000Z,58,32,0,25,1
L4288:T2:I19463,4288,T2,2026-07-09T13:01:17.000Z,58,32,0,25,1
L4288:T2:I19464,4288,T2,2026-07-10T19:15:13.000Z,58,32,0,25,1
L4288:T2:I19461,4288,T2,2026-07-11T08:48:40.000Z,58,32,0,25,1
L4289:T0,4289,T0,2025-07-15T00:00:00.000Z,25,25,0,0,0
L4289:T1:I19466,4289,T1,2025-07-18T15:38:25.000Z,26,25,0,0,1
L4290:T0,4290,T0,2025-07-23T00:00:00.000Z,16,16,0,0,0
L4290:T1:I19468,4290,T1,2025-08-01T13:44:00.000Z,18,17,0,0,1
L4290:T2:I19467,4290,T2,2025-08-02T17:05:56.000Z,18,17,0,0,1
L4291:T0,4291,T0,2025-01-23T00:00:00.000Z,15,9,0,6,0
L4291:T1:I19469,4291,T1,2025-02-02T11:37:38.000Z,16,9,0,6,1
L4291:T2:I19474,4291,T2,2025-02-02T19:11:01.000Z,16,9,0,6,1
L4291:T2:I19475,4291,T2,2025-02-10T18:45:00.000Z,17,9,0,7,1
L4291:T2:I19472,4291,T2,2025-04-22T17:13:00.000Z,26,11,0,14,1
L4291:T2:I19470,4291,T2,2025-10-03T07:55:00.000Z,34,17,0,16,1
L4291:T2:I19473,4291,T2,2026-02-21T14:20:00.000Z,47,23,0,23,1
L4291:T2:I19471,4291,T2,2026-04-21T17:51:00.000Z,56,29,0,26,1
L4292:T0,4292,T0,2025-07-28T00:00:00.000Z,29,17,0,12,0
L4292:T1:I19478,4292,T1,2025-07-28T19:44:41.000Z,30,17,0,12,1
L4292:T2:I19477,4292,T2,2025-07-28T19:54:07.000Z,30,17,0,12,1
L4292:T2:I19476,4292,T2,2025-07-31T08:17:12.000Z,32,17,0,14,1
L4292:T2:I19480,4292,T2,2025-07-31T17:20:12.000Z,32,17,0,14,1
L4292:T2:I19479,4292,T2,2025-08-10T11:21:48.000Z,33,17,0,15,1
L4293:T0,4293,T0,2025-08-15T00:00:00.000Z,23,23,0,0,0
L4293:T1:I19485,4293,T1,2025-08-16T18:51:47.000Z,24,23,0,0,1
L4293:T2:I19481,4293,T2,2025-08-17T16:48:43.000Z,24,23,0,0,1
L4293:T2:I19484,4293,T2,2025-08-20T07:57:44.000Z,24,23,0,0,1
L4293:T2:I19482,4293,T2,2025-08-20T18:51:55.000Z,24,23,0,0,1
L4293:T2:I19483,4293,T2,2025-09-11T08:26:00.000Z,24,23,0,0,1
L4294:T0,4294,T0,2026-06-17T00:00:00.000Z,117,35,0,82,0
L4294:T1:I19491,4294,T1,2026-06-17T15:16:36.000Z,118,35,0,82,1
L4294:T2:I19487,4294,T2,2026-06-18T07:52:04.000Z,118,35,0,82,1
L4294:T2:I19488,4294,T2,2026-06-18T18:10:11.000Z,117,35,0,82,0
L4294:T2:I19489,4294,T2,2026-06-18T20:34:59.000Z,118,35,0,82,1
L4294:T2:I19492,4294,T2,2026-06-21T15:14:45.000Z,119,35,0,83,1
L4294:T2:I19486,4294,T2,2026-06-24T20:46:37.000Z,119,35,0,84,0
L4294:T2:I19490,4294,T2,2026-06-26T12:41:09.000Z,120,35,0,84,1
L4295:T0,4295,T0,2025-07-17T00:00:00.000Z,9,9,0,0,0
L4295:T1:I19498,4295,T1,2025-07-18T20:22:31.000Z,10,9,0,0,1
L4295:T2:I19493,4295,T2,2025-07-22T13:33:03.000Z,10,9,0,0,1
L4295:T2:I19495,4295,T2,2025-07-26T10:50:45.000Z,10,9,0,0,1
L4295:T2:I19494,4295,T2,2025-10-02T13:25:00.000Z,14,13,0,0,1
L4295:T2:I19497,4295,T2,2026-02-13T18:12:00.000Z,17,16,0,0,1
L4295:T2:I19496,4295,T2,2026-06-04T14:11:00.000Z,19,18,0,0,1
L4296:T0,4296,T0,2026-05-04T00:00:00.000Z,49,21,0,28,0
L4296:T1:I19501,4296,T1,2026-05-04T09:41:02.000Z,49,21,0,28,0
L4296:T2:I19500,4296,T2,2026-05-05T13:21:04.000Z,50,21,0,28,1
L4296:T2:I19504,4296,T2,2026-05-05T15:51:38.000Z,50,21,0,28,1
L4296:T2:I19505,4296,T2,2026-05-06T09:53:52.000Z,50,21,0,28,1
L4296:T2:I19502,4296,T2,2026-05-07T09:45:27.000Z,50,21,0,28,1
L4296:T2:I19499,4296,T2,2026-05-17T20:16:59.000Z,51,22,0,28,1
L4296:T2:I19503,4296,T2,2026-06-28T08:00:00.000Z,53,24,0,28,1
L4297:T0,4297,T0,2026-05-15T00:00:00.000Z,54,24,0,30,0
L4297:T1:I19506,4297,T1,2026-05-22T16:06:54.000Z,56,24,0,31,1
L4298:T0,4298,T0,2026-04-20T00:00:00.000Z,51,51,0,0,0
L4298:T1:I19507,4298,T1,2026-04-20T14:46:42.000Z,51,51,0,0,0
L4298:T2:I19512,4298,T2,2026-04-23T20:43:52.000Z,51,51,0,0,0
L4298:T2:I19509,4298,T2,2026-04-27T09:14:34.000Z,51,51,0,0,0
L4298:T2:I19514,4298,T2,2026-04-27T18:43:38.000Z,52,51,0,0,1
L4298:T2:I19510,4298,T2,2026-04-29T12:56:19.000Z,52,51,0,0,1
L4298:T2:I19511,4298,T2,2026-04-30T09:57:27.000Z,52,51,0,0,1
L4298:T2:I19508,4298,T2,2026-05-01T16:49:59.000Z,53,52,0,0,1
L4298:T2:I19513,4298,T2,2026-05-03T10:49:25.000Z,53,52,0,0,1
L4299:T0,4299,T0,2025-12-18T00:00:00.000Z,85,23,0,62,0
L4299:T1:I19515,4299,T1,2025-12-20T09:18:46.000Z,86,23,0,62,1
L4299:T2:I19516,4299,T2,2025-12-21T19:10:14.000Z,86,23,0,62,1
L4299:T2:I19517,4299,T2,2025-12-22T20:31:13.000Z,86,23,0,62,1
L4299:T2:I19519,4299,T2,2025-12-26T14:17:02.000Z,86,23,0,63,0
L4299:T2:I19522,4299,T2,2025-12-29T10:07:44.000Z,87,23,0,63,1
L4299:T2:I19521,4299,T2,2025-12-31T18:50:10.000Z,87,23,0,63,1
L4299:T2:I19520,4299,T2,2026-04-05T19:44:00.000Z,101,29,0,71,1
L4299:T2:I19518,4299,T2,2026-04-23T11:13:00.000Z,105,32,0,72,1
L4300:T0,4300,T0,2025-10-16T00:00:00.000Z,35,0,15,20,0
L4300:T1:I19523,4300,T1,2025-10-27T18:11:21.000Z,36,0,15,20,1
L4300:T2:I19524,4300,T2,2025-10-29T10:14:38.000Z,36,0,15,20,1
L4300:T2:I19525,4300,T2,2026-03-04T11:09:00.000Z,44,0,16,27,1
L4301:T0,4301,T0,2025-12-10T00:00:00.000Z,59,19,0,40,0
L4301:T1:I19528,4301,T1,2025-12-10T09:18:32.000Z,59,19,0,40,0
L4301:T2:I19527,4301,T2,2025-12-10T13:39:45.000Z,60,19,0,40,1
L4301:T2:I19526,4301,T2,2025-12-11T16:08:01.000Z,60,19,0,40,1
L4301:T2:I19529,4301,T2,2025-12-18T18:10:56.000Z,62,20,0,41,1
L4302:T0,4302,T0,2026-06-12T00:00:00.000Z,17,17,0,0,0
L4302:T1:I19533,4302,T1,2026-06-12T13:04:10.000Z,18,17,0,0,1
L4302:T2:I19537,4302,T2,2026-06-12T18:34:03.000Z,18,17,0,0,1
L4302:T2:I19536,4302,T2,2026-06-15T14:57:43.000Z,19,18,0,0,1
L4302:T2:I19532,4302,T2,2026-06-17T08:42:49.000Z,19,18,0,0,1
L4302:T2:I19535,4302,T2,2026-06-17T13:55:26.000Z,19,18,0,0,1
L4302:T2:I19531,4302,T2,2026-06-18T15:48:54.000Z,19,18,0,0,1
L4302:T2:I19530,4302,T2,2026-06-23T15:38:48.000Z,19,18,0,0,1
L4302:T2:I19534,4302,T2,2026-06-25T12:23:36.000Z,20,19,0,0,1
L4303:T0,4303,T0,2026-06-02T00:00:00.000Z,16,0,16,0,0
L4303:T1:I19541,4303,T1,2026-06-03T17:08:30.000Z,16,0,16,0,0
L4303:T2:I19540,4303,T2,2026-06-04T09:40:18.000Z,17,0,16,0,1
L4303:T2:I19538,4303,T2,2026-06-11T09:44:41.000Z,17,0,16,0,1
L4303:T2:I19539,4303,T2,2026-06-13T18:57:27.000Z,18,0,17,0,1
L4304:T0,4304,T0,2025-02-12T00:00:00.000Z,19,8,0,11,0
L4304:T1:I19543,4304,T1,2025-02-15T12:07:02.000Z,20,8,0,11,1
L4304:T2:I19547,4304,T2,2025-02-17T10:46:29.000Z,20,8,0,11,1
L4304:T2:I19542,4304,T2,2025-04-16T19:24:00.000Z,21,9,0,11,1
L4304:T2:I19548,4304,T2,2025-06-19T20:37:00.000Z,25,9,0,15,1
L4304:T2:I19546,4304,T2,2025-06-28T16:51:00.000Z,26,10,0,15,1
L4304:T2:I19544,4304,T2,2025-08-25T10:10:00.000Z,29,11,0,17,1
L4304:T2:I19549,4304,T2,2026-01-29T09:57:00.000Z,37,13,0,23,1
L4304:T2:I19545,4304,T2,2026-03-19T15:02:00.000Z,39,14,0,24,1
L4305:T0,4305,T0,2025-03-20T00:00:00.000Z,6,6,0,0,0
L4305:T1:I19551,4305,T1,2025-08-22T12:32:00.000Z,13,12,0,0,1
L4305:T2:I19550,4305,T2,2026-06-15T12:51:00.000Z,25,24,0,0,1
L4306:T0,4306,T0,2025-10-06T00:00:00.000Z,26,26,0,0,0
L4306:T1:I19552,4306,T1,2025-11-22T12:09:00.000Z,29,28,0,0,1
L4307:T0,4307,T0,2025-10-16T00:00:00.000Z,82,31,0,51,0
L4307:T1:I19558,4307,T1,2025-10-20T10:21:46.000Z,86,33,0,52,1
L4307:T2:I19555,4307,T2,2025-10-28T17:12:24.000Z,87,34,0,52,1
L4307:T2:I19553,4307,T2,2025-10-28T20:47:59.000Z,87,34,0,52,1
L4307:T2:I19554,4307,T2,2026-03-08T09:58:00.000Z,105,43,0,61,1
L4307:T2:I19557,4307,T2,2026-04-03T08:09:00.000Z,107,44,0,62,1
L4307:T2:I19556,4307,T2,2026-05-31T12:14:00.000Z,113,46,0,66,1
L4308:T0,4308,T0,2026-01-03T00:00:00.000Z,69,41,0,28,0
L4308:T1:I19566,4308,T1,2026-01-06T07:14:17.000Z,70,41,0,28,1
L4308:T2:I19562,4308,T2,2026-01-06T07:29:11.000Z,70,41,0,28,1
L4308:T2:I19559,4308,T2,2026-01-07T14:30:09.000Z,70,41,0,28,1
L4308:T2:I19564,4308,T2,2026-01-13T07:58:10.000Z,69,41,0,28,0
L4308:T2:I19563,4308,T2,2026-01-13T14:15:28.000Z,70,41,0,28,1
L4308:T2:I19561,4308,T2,2026-01-14T08:50:11.000Z,70,41,0,28,1
L4308:T2:I19560,4308,T2,2026-02-25T08:41:00.000Z,75,42,0,32,1
L4308:T2:I19565,4308,T2,2026-06-08T19:50:00.000Z,90,52,0,38,0
L4309:T0,4309,T0,2025-12-20T00:00:00.000Z,28,28,0,0,0
L4309:T1:I19568,4309,T1,2025-12-24T11:15:46.000Z,29,28,0,0,1
L4309:T2:I19567,4309,T2,2025-12-31T18:59:04.000Z,29,28,0,0,1
L4310:T0,4310,T0,2025-08-08T00:00:00.000Z,35,15,0,20,0
L4310:T1:I19570,4310,T1,2025-08-14T17:38:59.000Z,37,15,0,21,1
L4310:T2:I19569,4310,T2,2025-11-06T08:53:00.000Z,41,17,0,23,1
L4311:T0,4311,T0,2025-09-15T00:00:00.000Z,33,11,22,0,0
L4311:T1:I19576,4311,T1,2025-09-17T08:58:54.000Z,34,11,22,0,1
L4311:T2:I19574,4311,T2,2025-09-22T16:03:00.000Z,34,11,22,0,1
L4311:T2:I19573,4311,T2,2025-09-23T09:20:47.000Z,33,11,22,0,0
L4311:T2:I19571,4311,T2,2025-09-26T20:28:55.000Z,35,12,22,0,1
L4311:T2:I19572,4311,T2,2025-09-27T12:32:54.000Z,36,13,22,0,1
L4311:T2:I19575,4311,T2,2025-10-27T07:38:00.000Z,38,15,22,0,1
L4312:T0,4312,T0,2026-03-27T00:00:00.000Z,65,35,0,30,0
L4312:T1:I19581,4312,T1,2026-03-28T18:30:25.000Z,65,35,0,30,0
L4312:T2:I19583,4312,T2,2026-04-03T07:03:56.000Z,67,35,0,31,1
L4312:T2:I19579,4312,T2,2026-04-03T20:58:45.000Z,67,35,0,31,1
L4312:T2:I19584,4312,T2,2026-04-04T13:05:00.000Z,67,35,0,31,1
L4312:T2:I19582,4312,T2,2026-04-08T12:50:06.000Z,67,35,0,31,1
L4312:T2:I19578,4312,T2,2026-04-09T09:41:55.000Z,66,35,0,31,0
L4312:T2:I19577,4312,T2,2026-04-09T19:12:53.000Z,67,35,0,31,1
L4312:T2:I19580,4312,T2,2026-05-30T18:10:00.000Z,73,37,0,35,1
L4313:T0,4313,T0,2025-04-16T00:00:00.000Z,19,6,13,0,0
L4313:T1:I19585,4313,T1,2025-04-18T15:11:22.000Z,20,6,13,0,1
L4313:T2:I19587,4313,T2,2025-04-20T07:28:30.000Z,20,6,13,0,1
L4313:T2:I19586,4313,T2,2025-10-26T19:36:00.000Z,37,15,21,0,1
L4314:T0,4314,T0,2025-05-28T00:00:00.000Z,29,16,0,13,0
L4314:T1:I19589,4314,T1,2025-06-07T17:38:29.000Z,31,16,0,14,1
L4314:T2:I19590,4314,T2,2025-06-09T07:13:10.000Z,30,16,0,14,0
L4314:T2:I19588,4314,T2,2025-06-09T19:01:52.000Z,31,16,0,14,1
L4315:T0,4315,T0,2025-05-27T00:00:00.000Z,26,15,0,11,0
L4315:T1:I19594,4315,T1,2025-05-28T14:41:32.000Z,27,15,0,11,1
L4315:T2:I19595,4315,T2,2025-05-31T16:42:21.000Z,28,16,0,11,1
L4315:T2:I19591,4315,T2,2025-06-07T08:29:00.000Z,28,16,0,11,1
L4315:T2:I19593,4315,T2,2025-08-30T09:50:00.000Z,34,19,0,14,1
L4315:T2:I19592,4315,T2,2025-10-11T09:43:00.000Z,37,21,0,15,1
L4316:T0,4316,T0,2025-06-12T00:00:00.000Z,72,24,0,48,0
L4316:T1:I19596,4316,T1,2026-03-19T17:06:00.000Z,141,39,0,101,1
L4317:T0,4317,T0,2025-01-09T00:00:00.000Z,10,10,0,0,0
L4317:T1:I19598,4317,T1,2025-01-21T12:35:58.000Z,12,11,0,0,1
L4317:T2:I19597,4317,T2,2025-02-24T11:20:00.000Z,13,12,0,0,1
L4318:T0,4318,T0,2025-01-05T00:00:00.000Z,32,11,0,21,0
L4318:T1:I19602,4318,T1,2025-01-12T13:50:24.000Z,37,13,0,23,1
L4318:T2:I19603,4318,T2,2025-01-18T07:42:35.000Z,37,13,0,24,0
L4318:T2:I19599,4318,T2,2025-03-29T19:44:00.000Z,43,14,0,28,1
L4318:T2:I19601,4318,T2,2025-08-29T20:39:00.000Z,74,25,0,48,1
L4318:T2:I19600,4318,T2,2025-09-30T13:34:00.000Z,78,25,0,53,0
L4319:T0,4319,T0,2025-05-20T00:00:00.000Z,26,17,0,9,0
L4319:T1:I19605,4319,T1,2025-05-24T18:40:41.000Z,27,17,0,9,1
L4319:T2:I19606,4319,T2,2025-05-26T07:28:59.000Z,27,17,0,9,1
L4319:T2:I19608,4319,T2,2025-05-30T15:48:38.000Z,27,17,0,9,1
L4319:T2:I19609,4319,T2,2025-06-02T13:14:46.000Z,28,17,0,10,1
L4319:T2:I19607,4319,T2,2025-11-22T11:50:00.000Z,44,24,0,19,1
L4319:T2:I19610,4319,T2,2025-11-22T19:48:00.000Z,44,24,0,19,1
L4319:T2:I19604,4319,T2,2026-05-17T10:41:00.000Z,57,29,0,27,1
L4320:T0,4320,T0,2026-06-27T00:00:00.000Z,70,37,0,33,0
L4320:T1:I19612,4320,T1,2026-06-28T18:59:10.000Z,71,37,0,33,1
L4320:T2:I19614,4320,T2,2026-06-29T18:07:53.000Z,71,37,0,33,1
L4320:T2:I19615,4320,T2,2026-07-01T11:48:38.000Z,71,37,0,33,1
L4320:T2:I19616,4320,T2,2026-07-06T20:39:08.000Z,70,37,0,33,0
L4320:T2:I19613,4320,T2,2026-07-08T12:05:27.000Z,71,37,0,33,1
L4320:T2:I19611,4320,T2,2026-07-10T10:02:17.000Z,71,37,0,33,1
L4321:T0,4321,T0,2025-11-02T00:00:00.000Z,44,18,0,26,0
L4321:T1:I19620,4321,T1,2025-11-07T07:47:27.000Z,45,18,0,26,1
L4321:T2:I19617,4321,T2,2025-11-13T07:24:53.000Z,45,18,0,26,1
L4321:T2:I19619,4321,T2,2026-01-08T13:20:00.000Z,54,24,0,29,1
L4321:T2:I19618,4321,T2,2026-02-24T08:23:00.000Z,60,27,0,32,1
L4322:T0,4322,T0,2026-03-24T00:00:00.000Z,21,0,21,0,0
L4322:T1:I19625,4322,T1,2026-03-26T15:59:02.000Z,22,0,21,0,1
L4322:T2:I19622,4322,T2,2026-04-01T11:38:38.000Z,22,0,21,0,1
L4322:T2:I19621,4322,T2,2026-04-03T08:06:29.000Z,22,0,21,0,1
L4322:T2:I19626,4322,T2,2026-04-05T19:36:53.000Z,22,0,21,0,1
L4322:T2:I19623,4322,T2,2026-04-06T14:33:39.000Z,22,0,21,0,1
L4322:T2:I19624,4322,T2,2026-05-10T12:24:00.000Z,25,0,24,0,1
L4323:T0,4323,T0,2026-04-04T00:00:00.000Z,43,23,0,20,0
L4323:T1:I19631,4323,T1,2026-04-04T09:46:59.000Z,44,23,0,20,1
L4323:T2:I19627,4323,T2,2026-04-10T11:34:31.000Z,44,23,0,20,1
L4323:T2:I19629,4323,T2,2026-04-14T09:58:16.000Z,44,23,0,20,1
L4323:T2:I19628,4323,T2,2026-04-14T14:42:29.000Z,44,23,0,20,1
L4323:T2:I19630,4323,T2,2026-04-16T16:25:22.000Z,44,23,0,20,1
L4324:T0,4324,T0,2025-05-28T00:00:00.000Z,17,17,0,0,0
L4324:T1:I19632,4324,T1,2026-04-30T07:45:00.000Z,31,30,0,0,1
L4325:T0,4325,T0,2026-01-14T00:00:00.000Z,31,13,18,0,0
L4325:T1:I19637,4325,T1,2026-01-17T13:56:43.000Z,32,13,18,0,1
L4325:T2:I19633,4325,T2,2026-01-29T09:58:00.000Z,32,13,18,0,1
L4325:T2:I19636,4325,T2,2026-04-08T12:30:00.000Z,34,15,19,0,0
L4325:T2:I19634,4325,T2,2026-05-05T12:59:00.000Z,38,16,22,0,0
L4325:T2:I19635,4325,T2,2026-06-06T09:05:00.000Z,41,18,23,0,0
L4326:T0,4326,T0,2025-12-02T00:00:00.000Z,18,18,0,0,0
L4326:T1:I19638,4326,T1,2025-12-09T10:52:44.000Z,19,18,0,0,1
L4327:T0,4327,T0,2026-05-31T00:00:00.000Z,21,21,0,0,0
L4327:T1:I19639,4327,T1,2026-06-03T12:13:38.000Z,22,21,0,0,1
L4327:T2:I19642,4327,T2,2026-06-06T15:46:29.000Z,22,21,0,0,1
L4327:T2:I19641,4327,T2,2026-06-07T20:03:35.000Z,22,21,0,0,1
L4327:T2:I19640,4327,T2,2026-06-11T17:55:37.000Z,22,21,0,0,1
L4328:T0,4328,T0,2025-01-09T00:00:00.000Z,22,11,0,11,0
L4328:T1:I19646,4328,T1,2025-01-11T17:26:51.000Z,25,12,0,12,1
L4328:T2:I19647,4328,T2,2025-01-20T18:34:20.000Z,25,12,0,12,1
L4328:T2:I19644,4328,T2,2025-02-21T11:21:00.000Z,29,13,0,15,1
L4328:T2:I19645,4328,T2,2025-07-17T14:18:00.000Z,48,27,0,20,1
L4328:T2:I19649,4328,T2,2025-08-21T18:23:00.000Z,56,33,0,23,0
L4328:T2:I19643,4328,T2,2025-10-09T16:19:00.000Z,63,35,0,27,1
L4328:T2:I19648,4328,T2,2026-05-14T18:57:00.000Z,87,50,0,36,1
L4329:T0,4329,T0,2026-06-27T00:00:00.000Z,38,38,0,0,0
L4329:T1:I19651,4329,T1,2026-07-03T18:41:04.000Z,39,38,0,0,1
L4329:T2:I19653,4329,T2,2026-07-04T12:03:15.000Z,39,38,0,0,1
L4329:T2:I19655,4329,T2,2026-07-06T15:42:30.000Z,39,38,0,0,1
L4329:T2:I19654,4329,T2,2026-07-07T15:34:45.000Z,38,38,0,0,0
L4329:T2:I19650,4329,T2,2026-07-09T17:28:56.000Z,39,38,0,0,1
L4329:T2:I19652,4329,T2,2026-07-10T18:42:03.000Z,39,38,0,0,1
L4330:T0,4330,T0,2025-07-27T00:00:00.000Z,11,11,0,0,0
L4330:T1:I19660,4330,T1,2025-07-27T17:57:00.000Z,12,11,0,0,1
L4330:T2:I19659,4330,T2,2025-07-28T16:52:14.000Z,12,11,0,0,1
L4330:T2:I19657,4330,T2,2025-08-06T20:14:21.000Z,12,11,0,0,1
L4330:T2:I19656,4330,T2,2025-10-19T20:14:00.000Z,15,14,0,0,1
L4330:T2:I19658,4330,T2,2026-04-06T12:13:00.000Z,17,16,0,0,1
L4331:T0,4331,T0,2025-05-29T00:00:00.000Z,12,12,0,0,0
L4331:T1:I19665,4331,T1,2025-05-31T17:34:42.000Z,13,12,0,0,1
L4331:T2:I19664,4331,T2,2025-06-03T17:10:44.000Z,13,12,0,0,1
L4331:T2:I19662,4331,T2,2025-06-07T07:10:23.000Z,13,12,0,0,1
L4331:T2:I19667,4331,T2,2025-06-20T17:14:00.000Z,13,12,0,0,1
L4331:T2:I19663,4331,T2,2025-09-25T10:05:00.000Z,16,15,0,0,1
L4331:T2:I19661,4331,T2,2025-10-25T15:04:00.000Z,16,15,0,0,1
L4331:T2:I19666,4331,T2,2026-02-25T16:16:00.000Z,19,19,0,0,0
L4332:T0,4332,T0,2025-10-17T00:00:00.000Z,32,32,0,0,0
L4332:T1:I19668,4332,T1,2025-10-25T18:10:00.000Z,33,32,0,0,1
L4332:T2:I19673,4332,T2,2025-10-28T08:49:22.000Z,33,32,0,0,1
L4332:T2:I19672,4332,T2,2025-10-28T10:07:37.000Z,32,32,0,0,0
L4332:T2:I19670,4332,T2,2026-04-20T19:37:00.000Z,44,43,0,0,1
L4332:T2:I19669,4332,T2,2026-05-11T20:17:00.000Z,44,43,0,0,1
L4332:T2:I19671,4332,T2,2026-06-26T08:10:00.000Z,48,47,0,0,1
L4333:T0,4333,T0,2025-12-22T00:00:00.000Z,30,30,0,0,0
L4333:T1:I19680,4333,T1,2025-12-22T17:35:22.000Z,31,30,0,0,1
L4333:T2:I19679,4333,T2,2025-12-22T19:27:04.000Z,31,30,0,0,1
L4333:T2:I19675,4333,T2,2025-12-24T20:48:48.000Z,31,30,0,0,1
L4333:T2:I19681,4333,T2,2025-12-26T13:13:56.000Z,31,30,0,0,1
L4333:T2:I19677,4333,T2,2025-12-28T07:34:54.000Z,31,30,0,0,1
L4333:T2:I19674,4333,T2,2025-12-28T19:32:59.000Z,31,30,0,0,1
L4333:T2:I19678,4333,T2,2026-02-01T08:56:00.000Z,34,33,0,0,1
L4333:T2:I19676,4333,T2,2026-05-11T13:09:00.000Z,41,41,0,0,0
L4334:T0,4334,T0,2025-09-18T00:00:00.000Z,45,23,0,22,0
L4334:T1:I19683,4334,T1,2025-09-26T10:47:16.000Z,46,23,0,22,1
L4334:T2:I19684,4334,T2,2026-03-12T19:13:00.000Z,59,29,0,29,1
L4334:T2:I19682,4334,T2,2026-04-22T19:38:00.000Z,67,33,0,33,1
L4335:T0,4335,T0,2026-02-09T00:00:00.000Z,40,22,0,18,0
L4335:T1:I19685,4335,T1,2026-02-09T10:49:55.000Z,41,22,0,18,1
L4335:T2:I19691,4335,T2,2026-02-10T16:07:16.000Z,41,22,0,18,1
L4335:T2:I19690,4335,T2,2026-02-10T18:50:11.000Z,41,22,0,18,1
L4335:T2:I19689,4335,T2,2026-02-13T18:18:43.000Z,40,22,0,18,0
L4335:T2:I19692,4335,T2,2026-02-22T15:29:00.000Z,41,22,0,18,1
L4335:T2:I19688,4335,T2,2026-04-13T11:14:00.000Z,44,23,0,20,1
L4335:T2:I19687,4335,T2,2026-04-20T18:52:00.000Z,44,23,0,20,1
L4335:T2:I19686,4335,T2,2026-06-01T15:39:00.000Z,44,23,0,20,1
L4336:T0,4336,T0,2025-07-04T00:00:00.000Z,13,13,0,0,0
L4336:T1:I19694,4336,T1,2025-07-05T20:47:46.000Z,14,13,0,0,1
L4336:T2:I19697,4336,T2,2025-07-06T12:18:35.000Z,14,13,0,0,1
L4336:T2:I19699,4336,T2,2025-07-14T10:54:56.000Z,14,13,0,0,1
L4336:T2:I19696,4336,T2,2025-07-17T18:55:59.000Z,14,13,0,0,1
L4336:T2:I19695,4336,T2,2025-10-18T08:45:00.000Z,17,16,0,0,1
L4336:T2:I19698,4336,T2,2026-02-13T12:24:00.000Z,23,23,0,0,0
L4336:T2:I19693,4336,T2,2026-06-02T15:40:00.000Z,31,30,0,0,1
L4337:T0,4337,T0,2025-01-29T00:00:00.000Z,8,8,0,0,0
L4337:T1:I19700,4337,T1,2025-12-13T19:43:00.000Z,17,16,0,0,1
L4338:T0,4338,T0,2025-10-27T00:00:00.000Z,35,15,0,20,0
L4338:T1:I19701,4338,T1,2025-10-31T09:52:26.000Z,36,15,0,20,1
L4338:T2:I19703,4338,T2,2025-11-02T15:19:44.000Z,36,15,0,20,1
L4338:T2:I19702,4338,T2,2025-11-04T11:43:40.000Z,35,15,0,20,0
L4338:T2:I19704,4338,T2,2025-11-04T17:54:06.000Z,36,15,0,20,1
L4338:T2:I19705,4338,T2,2025-12-26T20:03:00.000Z,37,15,0,21,1
L4338:T2:I19706,4338,T2,2026-06-20T13:13:00.000Z,52,21,0,31,0
L4339:T0,4339,T0,2025-10-06T00:00:00.000Z,35,18,17,0,0
L4339:T1:I19710,4339,T1,2025-10-11T12:28:25.000Z,36,18,17,0,1
L4339:T2:I19708,4339,T2,2025-10-13T11:02:24.000Z,36,18,17,0,1
L4339:T2:I19711,4339,T2,2025-10-19T08:37:52.000Z,36,19,17,0,0
L4339:T2:I19709,4339,T2,2026-03-15T09:00:00.000Z,44,23,20,0,1
L4339:T2:I19707,4339,T2,2026-03-27T10:21:00.000Z,45,23,21,0,1
L4340:T0,4340,T0,2025-08-08T00:00:00.000Z,43,15,0,28,0
L4340:T1:I19714,4340,T1,2025-08-14T18:03:29.000Z,44,15,0,28,1
L4340:T2:I19715,4340,T2,2025-08-16T18:37:04.000Z,44,15,0,28,1
L4340:T2:I19713,4340,T2,2025-08-21T13:15:02.000Z,44,15,0,28,1
L4340:T2:I19716,4340,T2,2025-11-13T16:26:00.000Z,55,17,0,38,0
L4340:T2:I19712,4340,T2,2026-06-11T16:38:00.000Z,86,29,0,56,1
L4341:T0,4341,T0,2026-02-27T00:00:00.000Z,60,32,0,28,0
L4341:T1:I19724,4341,T1,2026-03-06T14:56:10.000Z,61,32,0,28,1
L4341:T2:I19721,4341,T2,2026-03-08T19:01:12.000Z,62,32,0,29,1
L4341:T2:I19720,4341,T2,2026-03-09T19:12:36.000Z,62,32,0,29,1
L4341:T2:I19722,4341,T2,2026-03-10T13:46:02.000Z,62,32,0,29,1
L4341:T2:I19718,4341,T2,2026-03-19T16:11:00.000Z,64,34,0,29,1
L4341:T2:I19719,4341,T2,2026-04-06T20:13:00.000Z,67,35,0,31,1
L4341:T2:I19717,4341,T2,2026-05-02T11:56:00.000Z,71,37,0,34,0
L4341:T2:I19723,4341,T2,2026-05-07T10:31:00.000Z,72,37,0,34,1
L4342:T0,4342,T0,2026-04-10T00:00:00.000Z,69,29,0,40,0
L4342:T1:I19725,4342,T1,2026-04-12T10:21:30.000Z,70,29,0,40,1
L4342:T2:I19726,4342,T2,2026-04-14T13:15:38.000Z,69,29,0,40,0
L4342:T2:I19728,4342,T2,2026-04-18T09:17:44.000Z,70,29,0,40,1
L4342:T2:I19727,4342,T2,2026-04-19T14:47:10.000Z,70,29,0,40,1
L4343:T0,4343,T0,2025-09-13T00:00:00.000Z,60,29,0,31,0
L4343:T1:I19732,4343,T1,2025-09-16T07:53:09.000Z,61,29,0,31,1
L4343:T2:I19730,4343,T2,2025-09-18T09:53:13.000Z,61,29,0,31,1
L4343:T2:I19731,4343,T2,2026-01-16T13:49:00.000Z,77,36,0,40,1
L4343:T2:I19729,4343,T2,2026-05-06T10:55:00.000Z,94,41,0,52,1
L4344:T0,4344,T0,2025-05-12T00:00:00.000Z,10,10,0,0,0
L4344:T1:I19734,4344,T1,2025-05-15T13:47:19.000Z,12,11,0,0,1
L4344:T2:I19733,4344,T2,2025-08-20T15:19:00.000Z,13,12,0,0,1
L4344:T2:I19736,4344,T2,2025-10-19T18:49:00.000Z,13,12,0,0,1
L4344:T2:I19735,4344,T2,2025-11-18T17:14:00.000Z,14,13,0,0,1
L4345:T0,4345,T0,2025-08-15T00:00:00.000Z,53,16,0,37,0
L4345:T1:I19738,4345,T1,2025-08-16T08:34:57.000Z,54,16,0,37,1
L4345:T2:I19737,4345,T2,2025-08-21T15:29:09.000Z,55,16,0,38,1
L4345:T2:I19740,4345,T2,2025-08-22T09:39:42.000Z,55,16,0,38,1
L4345:T2:I19739,4345,T2,2025-10-25T15:58:00.000Z,62,19,0,42,1
L4346:T0,4346,T0,2026-02-04T00:00:00.000Z,26,26,0,0,0
L4346:T1:I19742,4346,T1,2026-02-10T16:13:00.000Z,27,26,0,0,1
L4346:T2:I19741,4346,T2,2026-05-02T19:09:00.000Z,31,30,0,0,1
L4347:T0,4347,T0,2025-10-27T00:00:00.000Z,17,17,0,0,0
L4347:T1:I19748,4347,T1,2025-10-27T08:17:04.000Z,18,17,0,0,1
L4347:T2:I19747,4347,T2,2025-11-02T17:41:30.000Z,18,17,0,0,1
L4347:T2:I19744,4347,T2,2025-11-05T14:32:01.000Z,18,17,0,0,1
L4347:T2:I19745,4347,T2,2025-11-09T20:09:21.000Z,18,17,0,0,1
L4347:T2:I19746,4347,T2,2025-12-19T16:46:00.000Z,21,21,0,0,0
L4347:T2:I19743,4347,T2,2026-06-09T09:58:00.000Z,33,32,0,0,1
L4348:T0,4348,T0,2026-03-11T00:00:00.000Z,47,0,47,0,0
L4348:T1:I19751,4348,T1,2026-03-17T07:06:04.000Z,48,0,47,0,1
L4348:T2:I19749,4348,T2,2026-03-17T09:33:38.000Z,48,0,47,0,1
L4348:T2:I19750,4348,T2,2026-03-17T14:33:29.000Z,48,0,47,0,1
L4348:T2:I19752,4348,T2,2026-03-24T15:18:20.000Z,48,0,47,0,1
L4349:T0,4349,T0,2025-02-28T00:00:00.000Z,38,15,0,23,0
L4349:T1:I19754,4349,T1,2025-04-30T19:59:00.000Z,45,19,0,25,1
L4349:T2:I19755,4349,T2,2025-06-03T11:26:00.000Z,49,20,0,28,1
L4349:T2:I19753,4349,T2,2025-12-02T17:52:00.000Z,69,26,0,42,1
L4349:T2:I19756,4349,T2,2026-01-14T19:43:00.000Z,75,29,0,45,1
L4350:T0,4350,T0,2026-06-02T00:00:00.000Z,63,30,0,33,0
L4350:T1:I19757,4350,T1,2026-06-03T20:27:51.000Z,64,30,0,33,1
L4351:T0,4351,T0,2025-02-10T00:00:00.000Z,3,3,0,0,0
L4351:T1:I19758,4351,T1,2026-01-09T12:49:00.000Z,14,13,0,0,1
L4352:T0,4352,T0,2026-01-01T00:00:00.000Z,17,17,0,0,0
L4352:T1:I19759,4352,T1,2026-06-10T18:41:00.000Z,31,30,0,0,1
L4353:T0,4353,T0,2025-01-06T00:00:00.000Z,21,0,13,8,0
L4353:T1:I19761,4353,T1,2025-01-17T07:08:33.000Z,21,0,13,8,0
L4353:T2:I19764,4353,T2,2025-05-10T14:01:00.000Z,27,0,17,9,1
L4353:T2:I19760,4353,T2,2025-08-01T18:19:00.000Z,36,0,20,15,1
L4353:T2:I19766,4353,T2,2025-10-08T14:44:00.000Z,38,0,21,16,1
L4353:T2:I19763,4353,T2,2025-11-10T14:53:00.000Z,44,0,24,19,1
L4353:T2:I19765,4353,T2,2025-11-26T20:14:00.000Z,44,0,24,19,1
L4353:T2:I19762,4353,T2,2026-05-02T17:00:00.000Z,57,0,29,27,1
L4354:T0,4354,T0,2025-08-15T00:00:00.000Z,28,15,0,13,0
L4354:T1:I19771,4354,T1,2025-08-16T10:55:25.000Z,29,15,0,13,1
L4354:T2:I19768,4354,T2,2025-08-18T20:18:16.000Z,30,15,0,14,1
L4354:T2:I19770,4354,T2,2025-08-20T08:47:16.000Z,30,15,0,14,1
L4354:T2:I19769,4354,T2,2025-08-27T09:05:10.000Z,31,16,0,14,1
L4354:T2:I19767,4354,T2,2026-06-27T13:42:00.000Z,64,34,0,29,1
L4355:T0,4355,T0,2025-08-14T00:00:00.000Z,13,13,0,0,0
L4355:T1:I19773,4355,T1,2025-08-16T12:38:50.000Z,14,13,0,0,1
L4355:T2:I19776,4355,T2,2025-09-25T08:21:00.000Z,15,14,0,0,1
L4355:T2:I19774,4355,T2,2026-01-08T18:52:00.000Z,17,17,0,0,0
L4355:T2:I19772,4355,T2,2026-01-21T18:19:00.000Z,18,17,0,0,1
L4355:T2:I19775,4355,T2,2026-03-30T08:58:00.000Z,19,19,0,0,0
L4356:T0,4356,T0,2025-09-28T00:00:00.000Z,42,17,0,25,0
L4356:T1:I19778,4356,T1,2025-12-11T12:02:00.000Z,49,21,0,27,1
L4356:T2:I19779,4356,T2,2026-05-01T20:48:00.000Z,71,34,0,36,1
L4356:T2:I19777,4356,T2,2026-06-14T18:17:00.000Z,78,36,0,41,1
L4357:T0,4357,T0,2025-09-09T00:00:00.000Z,57,0,24,33,0
L4357:T1:I19782,4357,T1,2025-09-14T15:32:30.000Z,60,0,26,33,1
L4357:T2:I19780,4357,T2,2025-09-18T10:51:15.000Z,60,0,26,33,1
L4357:T2:I19781,4357,T2,2026-04-09T19:51:00.000Z,82,0,36,45,1
L4358:T0,4358,T0,2025-02-11T00:00:00.000Z,11,11,0,0,0
L4358:T1:I19783,4358,T1,2025-08-30T17:56:00.000Z,21,20,0,0,1
L4358:T2:I19784,4358,T2,2025-12-19T09:44:00.000Z,29,28,0,0,1
L4359:T0,4359,T0,2026-06-01T00:00:00.000Z,38,38,0,0,0
L4359:T1:I19785,4359,T1,2026-06-05T08:23:33.000Z,39,38,0,0,1
L4359:T2:I19788,4359,T2,2026-06-09T09:16:09.000Z,39,38,0,0,1
L4359:T2:I19787,4359,T2,2026-06-09T16:42:45.000Z,39,38,0,0,1
L4359:T2:I19789,4359,T2,2026-06-10T10:45:12.000Z,39,38,0,0,1
L4359:T2:I19786,4359,T2,2026-06-18T13:44:00.000Z,39,38,0,0,1
L4360:T0,4360,T0,2025-11-07T00:00:00.000Z,39,23,0,16,0
L4360:T1:I19791,4360,T1,2025-11-11T10:34:26.000Z,41,24,0,16,1
L4360:T2:I19792,4360,T2,2025-11-11T20:26:08.000Z,41,24,0,16,1
L4360:T2:I19793,4360,T2,2025-11-13T12:51:08.000Z,40,24,0,16,0
L4360:T2:I19794,4360,T2,2025-11-13T16:27:53.000Z,41,24,0,16,1
L4360:T2:I19790,4360,T2,2025-11-18T10:39:57.000Z,41,24,0,16,1
L4360:T2:I19795,4360,T2,2026-02-15T07:50:00.000Z,46,26,0,19,1
L4361:T0,4361,T0,2026-05-13T00:00:00.000Z,20,20,0,0,0
L4361:T1:I19798,4361,T1,2026-05-17T17:21:03.000Z,21,20,0,0,1
L4361:T2:I19797,4361,T2,2026-05-21T10:51:50.000Z,21,20,0,0,1
L4361:T2:I19796,4361,T2,2026-05-21T19:03:03.000Z,21,20,0,0,1
L4362:T0,4362,T0,2025-03-28T00:00:00.000Z,21,12,0,9,0
L4362:T1:I19799,4362,T1,2025-03-29T09:52:33.000Z,22,12,0,9,1
L4362:T2:I19800,4362,T2,2025-04-09T08:49:43.000Z,25,13,0,11,1
L4362:T2:I19802,4362,T2,2025-10-19T11:13:00.000Z,41,24,0,16,1
L4362:T2:I19801,4362,T2,2026-06-10T14:59:00.000Z,54,33,0,20,1
L4363:T0,4363,T0,2025-07-28T00:00:00.000Z,15,15,0,0,0
L4363:T1:I19810,4363,T1,2025-07-29T09:05:30.000Z,15,15,0,0,0
L4363:T2:I19808,4363,T2,2025-07-31T20:55:18.000Z,16,15,0,0,1
L4363:T2:I19809,4363,T2,2025-08-07T07:41:31.000Z,16,15,0,0,1
L4363:T2:I19806,4363,T2,2025-08-07T18:01:57.000Z,16,15,0,0,1
L4363:T2:I19804,4363,T2,2026-01-06T13:45:00.000Z,19,18,0,0,1
L4363:T2:I19803,4363,T2,2026-03-18T14:18:00.000Z,23,22,0,0,1
L4363:T2:I19807,4363,T2,2026-04-04T09:08:00.000Z,24,23,0,0,1
L4363:T2:I19805,4363,T2,2026-04-21T19:10:00.000Z,24,23,0,0,1
L4364:T0,4364,T0,2025-05-22T00:00:00.000Z,15,15,0,0,0
L4364:T1:I19815,4364,T1,2025-05-28T09:41:59.000Z,16,15,0,0,1
L4364:T2:I19812,4364,T2,2025-05-30T10:35:09.000Z,16,15,0,0,1
L4364:T2:I19813,4364,T2,2025-06-03T07:05:34.000Z,17,16,0,0,1
L4364:T2:I19814,4364,T2,2025-06-03T09:43:23.000Z,17,16,0,0,1
L4364:T2:I19811,4364,T2,2025-07-05T13:18:00.000Z,20,19,0,0,1
L4364:T2:I19816,4364,T2,2026-03-27T12:36:00.000Z,30,29,0,0,1
L4365:T0,4365,T0,2026-06-14T00:00:00.000Z,67,38,29,0,0
L4365:T1:I19823,4365,T1,2026-06-15T18:43:12.000Z,68,38,29,0,1
L4365:T2:I19817,4365,T2,2026-06-16T14:05:59.000Z,68,39,29,0,0
L4365:T2:I19818,4365,T2,2026-06-17T17:54:23.000Z,69,39,29,0,1
L4365:T2:I19821,4365,T2,2026-06-19T19:39:16.000Z,69,39,29,0,1
L4365:T2:I19822,4365,T2,2026-06-23T09:47:15.000Z,69,39,29,0,1
L4365:T2:I19820,4365,T2,2026-06-23T11:35:56.000Z,68,39,29,0,0
L4365:T2:I19819,4365,T2,2026-06-23T13:38:04.000Z,69,39,29,0,1
L4366:T0,4366,T0,2025-09-19T00:00:00.000Z,14,14,0,0,0
L4366:T1:I19825,4366,T1,2025-09-20T09:12:24.000Z,14,14,0,0,0
L4366:T2:I19824,4366,T2,2025-09-25T14:40:00.000Z,15,14,0,0,1
L4366:T2:I19826,4366,T2,2025-09-29T11:21:16.000Z,15,14,0,0,1
L4367:T0,4367,T0,2025-03-28T00:00:00.000Z,17,17,0,0,0
L4367:T1:I19827,4367,T1,2025-07-17T12:00:00.000Z,20,19,0,0,1
L4368:T0,4368,T0,2025-09-19T00:00:00.000Z,33,11,0,22,0
L4368:T1:I19832,4368,T1,2025-09-19T17:04:29.000Z,34,11,0,22,1
L4368:T2:I19829,4368,T2,2025-09-21T19:52:07.000Z,34,11,0,22,1
L4368:T2:I19828,4368,T2,2025-09-24T11:02:07.000Z,34,11,0,22,1
L4368:T2:I19831,4368,T2,2025-10-02T19:21:30.000Z,36,11,0,24,1
L4368:T2:I19830,4368,T2,2026-01-11T17:07:00.000Z,40,14,0,25,1
L4369:T0,4369,T0,2025-05-10T00:00:00.000Z,10,10,0,0,0
L4369:T1:I19833,4369,T1,2025-05-11T11:20:08.000Z,11,10,0,0,1
L4369:T2:I19835,4369,T2,2025-10-06T09:22:00.000Z,13,12,0,0,1
L4369:T2:I19834,4369,T2,2026-01-08T14:42:00.000Z,14,13,0,0,1
L4370:T0,4370,T0,2025-11-14T00:00:00.000Z,19,19,0,0,0
L4370:T1:I19836,4370,T1,2025-11-19T10:05:20.000Z,20,19,0,0,1
L4371:T0,4371,T0,2025-10-11T00:00:00.000Z,36,21,15,0,0
L4371:T1:I19837,4371,T1,2026-02-05T08:14:00.000Z,47,25,21,0,1
L4372:T0,4372,T0,2026-02-27T00:00:00.000Z,36,13,0,23,0
L4372:T1:I19840,4372,T1,2026-03-04T07:39:14.000Z,37,13,0,23,1
L4372:T2:I19838,4372,T2,2026-03-09T13:03:28.000Z,37,13,0,23,1
L4372:T2:I19839,4372,T2,2026-03-10T09:33:13.000Z,37,13,0,23,1
L4372:T2:I19841,4372,T2,2026-03-10T14:29:46.000Z,37,13,0,23,1
L4373:T0,4373,T0,2025-07-23T00:00:00.000Z,32,19,0,13,0
L4373:T1:I19842,4373,T1,2025-07-26T19:04:56.000Z,33,19,0,13,1
L4373:T2:I19848,4373,T2,2025-08-01T19:40:22.000Z,33,19,0,13,1
L4373:T2:I19846,4373,T2,2025-08-04T20:59:36.000Z,33,19,0,13,1
L4373:T2:I19847,4373,T2,2025-08-19T09:20:00.000Z,34,20,0,13,1
L4373:T2:I19845,4373,T2,2025-09-02T13:52:00.000Z,36,20,0,15,1
L4373:T2:I19843,4373,T2,2026-01-29T19:18:00.000Z,45,26,0,18,1
L4373:T2:I19844,4373,T2,2026-04-25T20:44:00.000Z,53,30,0,22,1
L4374:T0,4374,T0,2025-04-27T00:00:00.000Z,19,0,19,0,0
L4374:T1:I19849,4374,T1,2025-08-04T16:37:00.000Z,24,0,23,0,1
L4374:T2:I19851,4374,T2,2025-11-21T13:02:00.000Z,27,0,26,0,1
L4374:T2:I19850,4374,T2,2026-05-30T10:28:00.000Z,35,0,34,0,1
L4375:T0,4375,T0,2025-10-17T00:00:00.000Z,71,33,0,38,0
L4375:T1:I19854,4375,T1,2025-10-17T08:38:04.000Z,72,33,0,38,1
L4375:T2:I19852,4375,T2,2025-10-20T14:22:27.000Z,73,33,0,39,1
L4375:T2:I19857,4375,T2,2025-10-21T07:05:26.000Z,72,33,0,39,0
L4375:T2:I19855,4375,T2,2025-10-21T12:26:10.000Z,73,33,0,39,1
L4375:T2:I19856,4375,T2,2025-10-26T09:17:07.000Z,73,33,0,39,1
L4375:T2:I19853,4375,T2,2025-10-30T09:48:41.000Z,73,33,0,39,1
L4376:T0,4376,T0,2025-07-28T00:00:00.000Z,40,24,16,0,0
L4376:T1:I19861,4376,T1,2025-07-28T13:10:10.000Z,40,24,16,0,0
L4376:T2:I19865,4376,T2,2025-07-29T12:36:43.000Z,41,24,16,0,1
L4376:T2:I19864,4376,T2,2025-08-08T13:44:10.000Z,42,24,17,0,1
L4376:T2:I19862,4376,T2,2026-01-11T20:24:00.000Z,52,27,24,0,1
L4376:T2:I19859,4376,T2,2026-02-23T18:29:00.000Z,58,30,27,0,1
L4376:T2:I19863,4376,T2,2026-04-29T20:34:00.000Z,63,32,30,0,1
L4376:T2:I19860,4376,T2,2026-05-12T19:25:00.000Z,64,33,31,0,0
L4376:T2:I19858,4376,T2,2026-06-14T18:51:00.000Z,70,35,34,0,1
L4377:T0,4377,T0,2025-01-04T00:00:00.000Z,11,11,0,0,0
L4377:T1:I19866,4377,T1,2026-05-06T13:35:00.000Z,31,30,0,0,1
L4378:T0,4378,T0,2025-07-17T00:00:00.000Z,26,8,0,18,0
L4378:T1:I19873,4378,T1,2025-07-17T10:43:23.000Z,27,8,0,18,1
L4378:T2:I19872,4378,T2,2025-07-20T17:57:03.000Z,27,8,0,18,1
L4378:T2:I19868,4378,T2,2025-07-22T12:23:14.000Z,27,8,0,18,1
L4378:T2:I19869,4378,T2,2025-07-26T09:55:31.000Z,28,8,0,19,1
L4378:T2:I19867,4378,T2,2025-07-30T18:53:26.000Z,29,8,0,20,1
L4378:T2:I19871,4378,T2,2025-08-01T13:38:00.000Z,29,8,0,21,0
L4378:T2:I19870,4378,T2,2026-02-25T20:08:00.000Z,42,16,0,25,1
L4378:T2:I19874,4378,T2,2026-06-02T20:41:00.000Z,52,18,0,33,1
L4379:T0,4379,T0,2026-01-05T00:00:00.000Z,72,21,0,51,0
L4379:T1:I19875,4379,T1,2026-01-10T10:06:37.000Z,74,21,0,53,0
L4380:T0,4380,T0,2026-01-22T00:00:00.000Z,43,26,0,17,0
L4380:T1:I19876,4380,T1,2026-01-22T09:47:02.000Z,44,26,0,17,1
L4380:T2:I19877,4380,T2,2026-01-29T17:11:55.000Z,45,26,0,18,1
L4381:T0,4381,T0,2025-05-31T00:00:00.000Z,30,10,0,20,0
L4381:T1:I19880,4381,T1,2025-06-04T16:52:19.000Z,32,10,0,21,1
L4381:T2:I19881,4381,T2,2025-06-09T13:13:55.000Z,34,11,0,22,1
L4381:T2:I19879,4381,T2,2025-06-12T08:14:00.000Z,34,11,0,23,0
L4381:T2:I19878,4381,T2,2026-03-07T17:29:00.000Z,72,20,0,52,0
L4382:T0,4382,T0,2026-01-18T00:00:00.000Z,13,13,0,0,0
L4382:T1:I19882,4382,T1,2026-01-23T07:16:06.000Z,15,14,0,0,1
L4382:T2:I19884,4382,T2,2026-01-30T14:35:17.000Z,16,15,0,0,1
L4382:T2:I19883,4382,T2,2026-01-31T17:35:19.000Z,16,15,0,0,1
L4383:T0,4383,T0,2025-06-18T00:00:00.000Z,28,16,0,12,0
L4383:T1:I19886,4383,T1,2025-06-20T07:32:13.000Z,29,16,0,12,1
L4383:T2:I19887,4383,T2,2025-06-25T10:45:49.000Z,29,16,0,12,1
L4383:T2:I19885,4383,T2,2025-06-26T10:29:16.000Z,29,16,0,12,1
L4384:T0,4384,T0,2025-01-02T00:00:00.000Z,13,6,0,7,0
L4384:T1:I19888,4384,T1,2025-01-05T19:05:40.000Z,14,7,0,7,0
L4384:T2:I19890,4384,T2,2025-05-25T07:46:00.000Z,29,13,0,15,1
L4384:T2:I19889,4384,T2,2026-04-13T17:20:00.000Z,51,21,0,30,0
L4385:T0,4385,T0,2026-05-14T00:00:00.000Z,54,22,32,0,0
L4385:T1:I19891,4385,T1,2026-05-27T12:40:01.000Z,56,22,33,0,1
L4386:T0,4386,T0,2025-01-06T00:00:00.000Z,4,4,0,0,0
L4386:T1:I19893,4386,T1,2025-01-12T07:44:45.000Z,5,4,0,0,1
L4386:T2:I19892,4386,T2,2026-06-29T19:14:00.000Z,24,23,0,0,1
L4387:T0,4387,T0,2026-04-30T00:00:00.000Z,92,30,0,62,0
L4387:T1:I19894,4387,T1,2026-04-30T09:18:24.000Z,93,30,0,62,1
L4387:T2:I19895,4387,T2,2026-04-30T09:34:47.000Z,93,30,0,62,1
L4388:T0,4388,T0,2025-03-05T00:00:00.000Z,16,6,0,10,0
L4388:T1:I19899,4388,T1,2025-03-13T20:30:26.000Z,18,6,0,11,1
L4388:T2:I19896,4388,T2,2025-03-14T14:47:00.000Z,18,6,0,11,1
L4388:T2:I19898,4388,T2,2025-03-17T18:08:11.000Z,18,7,0,11,0
L4388:T2:I19897,4388,T2,2025-07-02T20:14:00.000Z,29,12,0,16,1
L4388:T2:I19901,4388,T2,2025-10-13T20:26:00.000Z,37,15,0,21,1
L4388:T2:I19900,4388,T2,2026-05-22T18:17:00.000Z,51,22,0,28,1
L4389:T0,4389,T0,2025-08-11T00:00:00.000Z,22,22,0,0,0
L4389:T1:I19903,4389,T1,2025-08-11T07:57:21.000Z,23,22,0,0,1
L4389:T2:I19902,4389,T2,2025-09-29T08:41:00.000Z,26,25,0,0,1
L4389:T2:I19906,4389,T2,2025-10-02T16:15:00.000Z,26,25,0,0,1
L4389:T2:I19905,4389,T2,2026-01-20T11:11:00.000Z,31,30,0,0,1
L4389:T2:I19904,4389,T2,2026-02-17T15:09:00.000Z,31,30,0,0,1
L4390:T0,4390,T0,2025-11-16T00:00:00.000Z,48,22,26,0,0
L4390:T1:I19908,4390,T1,2025-11-16T13:22:54.000Z,49,22,26,0,1
L4390:T2:I19911,4390,T2,2025-11-23T07:20:08.000Z,49,22,26,0,1
L4390:T2:I19909,4390,T2,2025-11-28T10:10:56.000Z,49,22,26,0,1
L4390:T2:I19907,4390,T2,2026-03-17T10:34:00.000Z,61,28,32,0,1
L4390:T2:I19910,4390,T2,2026-03-26T09:45:00.000Z,61,28,32,0,1
L4391:T0,4391,T0,2025-07-25T00:00:00.000Z,18,18,0,0,0
L4391:T1:I19913,4391,T1,2025-07-30T09:01:09.000Z,19,18,0,0,1
L4391:T2:I19912,4391,T2,2025-08-06T17:14:35.000Z,19,18,0,0,1
L4392:T0,4392,T0,2025-05-13T00:00:00.000Z,50,13,0,37,0
L4392:T1:I19916,4392,T1,2025-05-16T19:23:49.000Z,50,13,0,37,0
L4392:T2:I19915,4392,T2,2025-05-19T11:55:31.000Z,51,13,0,38,0
L4392:T2:I19918,4392,T2,2025-08-02T19:43:00.000Z,67,19,0,47,1
L4392:T2:I19914,4392,T2,2026-01-04T12:33:00.000Z,100,31,0,68,1
L4392:T2:I19917,4392,T2,2026-03-19T16:55:00.000Z,107,33,0,73,1
L4393:T0,4393,T0,2026-03-09T00:00:00.000Z,29,29,0,0,0
L4393:T1:I19919,4393,T1,2026-03-09T20:50:59.000Z,29,29,0,0,0
L4394:T0,4394,T0,2025-08-20T00:00:00.000Z,27,27,0,0,0
L4394:T1:I19922,4394,T1,2025-08-28T17:11:31.000Z,28,27,0,0,1
L4394:T2:I19920,4394,T2,2025-08-29T17:32:31.000Z,28,27,0,0,1
L4394:T2:I19923,4394,T2,2025-09-02T08:28:41.000Z,28,27,0,0,1
L4394:T2:I19921,4394,T2,2025-09-29T12:29:00.000Z,28,27,0,0,1
L4395:T0,4395,T0,2026-02-03T00:00:00.000Z,20,20,0,0,0
L4395:T1:I19924,4395,T1,2026-02-14T12:58:53.000Z,21,20,0,0,1
L4396:T0,4396,T0,2025-01-01T00:00:00.000Z,8,8,0,0,0
L4396:T1:I19925,4396,T1,2025-01-01T16:12:26.000Z,9,8,0,0,1
L4396:T2:I19926,4396,T2,2025-01-11T13:21:27.000Z,9,8,0,0,1
L4396:T2:I19927,4396,T2,2026-05-01T11:15:00.000Z,23,22,0,0,1
L4396:T2:I19928,4396,T2,2026-06-30T13:12:00.000Z,26,26,0,0,0
L4397:T0,4397,T0,2025-03-17T00:00:00.000Z,13,13,0,0,0
L4397:T1:I19929,4397,T1,2025-03-31T07:41:00.000Z,14,13,0,0,1
L4397:T2:I19930,4397,T2,2025-07-08T18:53:00.000Z,21,20,0,0,1
L4397:T2:I19931,4397,T2,2026-01-20T20:11:00.000Z,31,30,0,0,1
L4398:T0,4398,T0,2025-10-01T00:00:00.000Z,79,30,0,49,0
L4398:T1:I19935,4398,T1,2025-10-05T07:56:19.000Z,82,31,0,50,1
L4398:T2:I19936,4398,T2,2025-10-08T19:51:43.000Z,82,31,0,50,1
L4398:T2:I19934,4398,T2,2025-10-13T14:31:14.000Z,82,31,0,50,1
L4398:T2:I19933,4398,T2,2025-12-18T11:50:00.000Z,95,38,0,56,1
L4398:T2:I19932,4398,T2,2026-01-16T15:35:00.000Z,102,42,0,59,1
L4399:T0,4399,T0,2025-08-07T00:00:00.000Z,7,7,0,0,0
L4399:T1:I19939,4399,T1,2025-08-10T08:59:01.000Z,8,7,0,0,1
L4399:T2:I19938,4399,T2,2025-08-19T13:01:00.000Z,8,7,0,0,1
L4399:T2:I19937,4399,T2,2026-03-04T11:27:00.000Z,10,9,0,0,1
L4400:T0,4400,T0,2026-04-23T00:00:00.000Z,24,24,0,0,0
L4400:T1:I19943,4400,T1,2026-04-23T18:12:33.000Z,25,24,0,0,1
L4400:T2:I19944,4400,T2,2026-04-24T07:44:46.000Z,25,24,0,0,1
L4400:T2:I19941,4400,T2,2026-04-29T14:31:15.000Z,26,25,0,0,1
L4400:T2:I19942,4400,T2,2026-04-30T10:16:34.000Z,26,25,0,0,1
L4400:T2:I19940,4400,T2,2026-05-02T18:58:00.000Z,26,25,0,0,1
L4401:T0,4401,T0,2025-09-30T00:00:00.000Z,80,31,0,49,0
L4401:T1:I19945,4401,T1,2025-10-07T08:28:23.000Z,81,31,0,49,1
L4402:T0,4402,T0,2026-04-15T00:00:00.000Z,39,15,0,24,0
L4402:T1:I19946,4402,T1,2026-04-17T13:31:29.000Z,40,15,0,24,1
L4402:T2:I19947,4402,T2,2026-04-18T18:07:47.000Z,40,15,0,24,1
L4403:T0,4403,T0,2025-09-16T00:00:00.000Z,37,15,0,22,0
L4403:T1:I19948,4403,T1,2025-09-21T15:20:38.000Z,39,15,0,23,1
L4403:T2:I19949,4403,T2,2025-09-25T10:36:56.000Z,39,15,0,23,1
L4403:T2:I19950,4403,T2,2025-09-26T10:04:00.000Z,39,15,0,23,1
L4404:T0,4404,T0,2025-12-08T00:00:00.000Z,22,0,22,0,0
L4404:T1:I19954,4404,T1,2025-12-11T07:50:06.000Z,23,0,22,0,1
L4404:T2:I19952,4404,T2,2025-12-11T09:50:01.000Z,23,0,22,0,1
L4404:T2:I19951,4404,T2,2025-12-18T17:41:06.000Z,23,0,22,0,1
L4404:T2:I19953,4404,T2,2026-04-06T13:11:00.000Z,27,0,26,0,1
L4405:T0,4405,T0,2025-02-26T00:00:00.000Z,13,13,0,0,0
L4405:T1:I19956,4405,T1,2025-03-03T10:43:51.000Z,14,13,0,0,1
L4405:T2:I19955,4405,T2,2025-03-10T13:09:43.000Z,14,13,0,0,1
L4405:T2:I19958,4405,T2,2025-04-09T09:29:00.000Z,16,15,0,0,1
L4405:T2:I19957,4405,T2,2026-05-29T18:01:00.000Z,38,37,0,0,1
L4406:T0,4406,T0,2025-07-18T00:00:00.000Z,12,12,0,0,0
L4406:T1:I19965,4406,T1,2025-07-19T14:39:15.000Z,13,12,0,0,1
L4406:T2:I19964,4406,T2,2025-07-21T15:57:04.000Z,13,12,0,0,1
L4406:T2:I19962,4406,T2,2025-07-23T20:58:43.000Z,13,12,0,0,1
L4406:T2:I19959,4406,T2,2025-07-25T08:42:13.000Z,13,12,0,0,1
L4406:T2:I19963,4406,T2,2025-07-25T12:16:46.000Z,13,12,0,0,1
L4406:T2:I19960,4406,T2,2025-07-31T18:26:55.000Z,13,12,0,0,1
L4406:T2:I19966,4406,T2,2025-11-22T20:15:00.000Z,20,19,0,0,1
L4406:T2:I19961,4406,T2,2026-05-28T12:52:00.000Z,31,30,0,0,1
L4407:T0,4407,T0,2025-12-11T00:00:00.000Z,20,20,0,0,0
L4407:T1:I19969,4407,T1,2025-12-11T20:27:05.000Z,21,20,0,0,1
L4407:T2:I19968,4407,T2,2025-12-15T14:05:15.000Z,21,20,0,0,1
L4407:T2:I19967,4407,T2,2026-03-15T19:46:00.000Z,25,24,0,0,1
L4408:T0,4408,T0,2025-06-10T00:00:00.000Z,16,16,0,0,0
L4408:T1:I19970,4408,T1,2025-06-18T20:19:37.000Z,17,16,0,0,1
L4409:T0,4409,T0,2025-12-15T00:00:00.000Z,28,28,0,0,0
L4409:T1:I19973,4409,T1,2025-12-18T17:22:10.000Z,29,28,0,0,1
L4409:T2:I19972,4409,T2,2025-12-19T15:15:27.000Z,29,28,0,0,1
L4409:T2:I19978,4409,T2,2025-12-21T11:58:57.000Z,28,28,0,0,0
L4409:T2:I19971,4409,T2,2025-12-21T15:56:10.000Z,29,28,0,0,1
L4409:T2:I19974,4409,T2,2025-12-21T16:49:00.000Z,28,28,0,0,0
L4409:T2:I19977,4409,T2,2025-12-22T20:06:33.000Z,29,28,0,0,1
L4409:T2:I19976,4409,T2,2025-12-26T18:54:10.000Z,29,28,0,0,1
L4409:T2:I19975,4409,T2,2026-06-03T17:06:00.000Z,34,33,0,0,1
L4410:T0,4410,T0,2025-11-02T00:00:00.000Z,40,24,0,16,0
L4410:T1:I19979,4410,T1,2025-11-09T17:54:21.000Z,42,24,0,17,1
L4410:T2:I19980,4410,T2,2025-12-03T09:23:00.000Z,42,24,0,17,1
L4411:T0,4411,T0,2026-03-05T00:00:00.000Z,45,21,0,24,0
L4411:T1:I19982,4411,T1,2026-03-09T15:36:42.000Z,47,22,0,24,1
L4411:T2:I19981,4411,T2,2026-03-10T20:02:08.000Z,47,22,0,24,1
L4411:T2:I19984,4411,T2,2026-03-13T07:51:51.000Z,47,22,0,24,1
L4411:T2:I19985,4411,T2,2026-03-15T12:02:38.000Z,47,22,0,24,1
L4411:T2:I19983,4411,T2,2026-03-16T08:26:12.000Z,48,22,0,25,1
L4411:T2:I19986,4411,T2,2026-03-17T16:02:01.000Z,48,22,0,25,1
L4412:T0,4412,T0,2026-01-09T00:00:00.000Z,26,26,0,0,0
L4412:T1:I19990,4412,T1,2026-01-11T10:02:36.000Z,26,26,0,0,0
L4412:T2:I19988,4412,T2,2026-01-13T11:59:14.000Z,27,26,0,0,1
L4412:T2:I19992,4412,T2,2026-01-13T14:07:58.000Z,27,26,0,0,1
L4412:T2:I19994,4412,T2,2026-01-20T07:42:11.000Z,26,26,0,0,0
L4412:T2:I19989,4412,T2,2026-01-21T11:18:20.000Z,27,26,0,0,1
L4412:T2:I19993,4412,T2,2026-01-22T13:49:36.000Z,27,26,0,0,1
L4412:T2:I19991,4412,T2,2026-04-21T09:06:00.000Z,32,31,0,0,1
L4412:T2:I19987,4412,T2,2026-06-17T16:36:00.000Z,33,32,0,0,1
L4413:T0,4413,T0,2025-11-27T00:00:00.000Z,17,17,0,0,0
L4413:T1:I19995,4413,T1,2025-11-28T07:49:08.000Z,18,17,0,0,1
L4413:T2:I19999,4413,T2,2025-12-02T18:29:12.000Z,18,17,0,0,1
L4413:T2:I19998,4413,T2,2025-12-10T09:44:16.000Z,18,17,0,0,1
L4413:T2:I19996,4413,T2,2026-02-10T17:18:00.000Z,21,20,0,0,1
L4413:T2:I19997,4413,T2,2026-05-27T08:49:00.000Z,28,27,0,0,1
L4414:T0,4414,T0,2025-02-17T00:00:00.000Z,9,9,0,0,0
L4414:T1:I20002,4414,T1,2025-03-02T07:00:39.000Z,10,9,0,0,1
L4414:T2:I20001,4414,T2,2025-03-04T10:45:00.000Z,10,9,0,0,1
L4414:T2:I20003,4414,T2,2025-07-13T08:50:00.000Z,12,11,0,0,1
L4414:T2:I20004,4414,T2,2025-10-13T12:04:00.000Z,16,15,0,0,1
L4414:T2:I20000,4414,T2,2026-02-21T11:38:00.000Z,21,20,0,0,1
L4415:T0,4415,T0,2025-01-24T00:00:00.000Z,11,11,0,0,0
L4415:T1:I20007,4415,T1,2025-02-03T15:45:50.000Z,12,11,0,0,1
L4415:T2:I20005,4415,T2,2025-03-21T08:48:00.000Z,14,13,0,0,1
L4415:T2:I20006,4415,T2,2026-04-20T08:26:00.000Z,27,26,0,0,1
L4416:T0,4416,T0,2025-12-09T00:00:00.000Z,19,19,0,0,0
L4416:T1:I20009,4416,T1,2025-12-13T19:07:43.000Z,20,19,0,0,1
L4416:T2:I20012,4416,T2,2025-12-15T13:13:22.000Z,20,19,0,0,1
L4416:T2:I20010,4416,T2,2025-12-18T18:30:32.000Z,20,19,0,0,1
L4416:T2:I20011,4416,T2,2025-12-18T20:20:06.000Z,20,19,0,0,1
L4416:T2:I20013,4416,T2,2026-01-25T11:20:00.000Z,21,21,0,0,0
L4416:T2:I20014,4416,T2,2026-02-21T14:13:00.000Z,23,22,0,0,1
L4416:T2:I20008,4416,T2,2026-02-25T13:04:00.000Z,23,22,0,0,1
L4417:T0,4417,T0,2025-05-14T00:00:00.000Z,41,21,0,20,0
L4417:T1:I20017,4417,T1,2025-05-23T13:45:17.000Z,45,23,0,21,1
L4417:T2:I20016,4417,T2,2025-05-25T07:30:50.000Z,44,23,0,21,0
L4417:T2:I20015,4417,T2,2026-04-28T18:37:00.000Z,96,42,0,53,1
L4418:T0,4418,T0,2025-12-28T00:00:00.000Z,59,0,27,32,0
L4418:T1:I20021,4418,T1,2025-12-28T16:19:43.000Z,60,0,27,32,1
L4418:T2:I20022,4418,T2,2025-12-30T17:04:23.000Z,60,0,27,32,1
L4418:T2:I20019,4418,T2,2026-01-10T17:25:08.000Z,62,0,28,34,0
L4418:T2:I20020,4418,T2,2026-03-14T15:00:00.000Z,69,0,31,37,1
L4418:T2:I20023,4418,T2,2026-03-17T11:52:00.000Z,71,0,32,38,1
L4418:T2:I20018,4418,T2,2026-04-13T12:24:00.000Z,73,0,33,39,1
L4419:T0,4419,T0,2025-10-20T00:00:00.000Z,43,23,0,20,0
L4419:T1:I20024,4419,T1,2025-10-23T19:13:34.000Z,44,23,0,20,1
L4419:T2:I20027,4419,T2,2025-10-27T13:53:19.000Z,44,23,0,20,1
L4419:T2:I20026,4419,T2,2025-11-01T12:01:39.000Z,43,23,0,20,0
L4419:T2:I20025,4419,T2,2026-02-26T12:07:00.000Z,55,27,0,27,1
L4420:T0,4420,T0,2025-05-16T00:00:00.000Z,11,11,0,0,0
L4420:T1:I20029,4420,T1,2025-07-25T19:56:00.000Z,12,11,0,0,1
L4420:T2:I20028,4420,T2,2025-10-02T08:03:00.000Z,13,12,0,0,1
L4421:T0,4421,T0,2025-08-15T00:00:00.000Z,31,15,16,0,0
L4421:T1:I20031,4421,T1,2025-08-28T13:13:31.000Z,34,17,16,0,1
L4421:T2:I20030,4421,T2,2025-11-24T19:31:00.000Z,40,20,19,0,1
L4422:T0,4422,T0,2025-08-04T00:00:00.000Z,73,22,0,51,0
L4422:T1:I20032,4422,T1,2025-08-08T13:15:45.000Z,74,22,0,51,1
L4422:T2:I20034,4422,T2,2025-08-10T08:49:14.000Z,74,22,0,51,1
L4422:T2:I20038,4422,T2,2025-08-28T09:45:00.000Z,76,23,0,52,1
L4422:T2:I20037,4422,T2,2025-12-25T17:00:00.000Z,100,32,0,67,1
L4422:T2:I20035,4422,T2,2026-01-08T20:20:00.000Z,103,32,0,70,1
L4422:T2:I20036,4422,T2,2026-02-09T15:19:00.000Z,108,35,0,72,1
L4422:T2:I20033,4422,T2,2026-03-07T18:09:00.000Z,114,37,0,76,1
L4423:T0,4423,T0,2025-11-30T00:00:00.000Z,29,16,13,0,0
L4423:T1:I20039,4423,T1,2025-11-30T14:42:56.000Z,30,16,13,0,1
L4424:T0,4424,T0,2025-05-02T00:00:00.000Z,6,6,0,0,0
L4424:T1:I20044,4424,T1,2025-07-07T10:55:00.000Z,8,7,0,0,1
L4424:T2:I20041,4424,T2,2025-08-12T15:50:00.000Z,10,9,0,0,1
L4424:T2:I20045,4424,T2,2025-11-12T18:36:00.000Z,12,11,0,0,1
L4424:T2:I20040,4424,T2,2026-01-21T10:26:00.000Z,13,12,0,0,1
L4424:T2:I20042,4424,T2,2026-03-25T11:52:00.000Z,15,14,0,0,1
L4424:T2:I20043,4424,T2,2026-03-30T15:58:00.000Z,15,14,0,0,1
L4425:T0,4425,T0,2025-02-08T00:00:00.000Z,24,9,0,15,0
L4425:T1:I20046,4425,T1,2025-06-20T09:36:00.000Z,37,15,0,21,1
L4425:T2:I20047,4425,T2,2025-07-24T08:30:00.000Z,42,20,0,21,1
L4425:T2:I20048,4425,T2,2025-11-17T15:04:00.000Z,57,30,0,26,1
L4425:T2:I20049,4425,T2,2026-03-19T20:35:00.000Z,71,38,0,32,1
L4426:T0,4426,T0,2025-07-08T00:00:00.000Z,12,12,0,0,0
L4426:T1:I20055,4426,T1,2025-07-08T20:43:00.000Z,13,12,0,0,1
L4426:T2:I20057,4426,T2,2025-07-11T08:50:52.000Z,13,12,0,0,1
L4426:T2:I20052,4426,T2,2025-07-13T18:07:29.000Z,13,12,0,0,1
L4426:T2:I20050,4426,T2,2025-07-18T07:01:10.000Z,13,12,0,0,1
L4426:T2:I20056,4426,T2,2025-10-08T19:29:00.000Z,16,15,0,0,1
L4426:T2:I20053,4426,T2,2025-10-17T13:47:00.000Z,16,16,0,0,0
L4426:T2:I20054,4426,T2,2025-11-17T20:22:00.000Z,18,17,0,0,1
L4426:T2:I20051,4426,T2,2026-03-11T11:04:00.000Z,23,22,0,0,1
L4427:T0,4427,T0,2025-06-18T00:00:00.000Z,29,10,0,19,0
L4427:T1:I20059,4427,T1,2025-06-19T19:54:09.000Z,31,11,0,19,1
L4427:T2:I20060,4427,T2,2025-06-24T11:22:21.000Z,33,12,0,20,1
L4427:T2:I20061,4427,T2,2025-10-14T18:41:00.000Z,41,19,0,21,1
L4427:T2:I20062,4427,T2,2025-12-19T18:15:00.000Z,53,25,0,27,1
L4427:T2:I20058,4427,T2,2026-02-09T07:14:00.000Z,58,28,0,29,1
L4428:T0,4428,T0,2025-09-27T00:00:00.000Z,35,20,15,0,0
L4428:T1:I20063,4428,T1,2025-10-06T20:13:45.000Z,36,20,15,0,1
L4428:T2:I20064,4428,T2,2025-10-07T17:55:08.000Z,35,20,15,0,0
L4429:T0,4429,T0,2025-04-29T00:00:00.000Z,21,0,21,0,0
L4429:T1:I20067,4429,T1,2025-05-08T15:41:02.000Z,22,0,21,0,1
L4429:T2:I20068,4429,T2,2026-01-26T10:10:00.000Z,36,0,35,0,1
L4429:T2:I20066,4429,T2,2026-02-27T13:33:00.000Z,36,0,35,0,1
L4429:T2:I20069,4429,T2,2026-06-19T18:42:00.000Z,42,0,41,0,1
L4429:T2:I20065,4429,T2,2026-06-24T17:40:00.000Z,42,0,41,0,1
L4430:T0,4430,T0,2025-07-10T00:00:00.000Z,33,20,0,13,0
L4430:T1:I20070,4430,T1,2026-03-17T11:17:00.000Z,49,29,0,19,1
L4431:T0,4431,T0,2025-11-15T00:00:00.000Z,28,28,0,0,0
L4431:T1:I20072,4431,T1,2025-11-24T10:06:46.000Z,29,28,0,0,1
L4431:T2:I20071,4431,T2,2026-02-28T13:30:00.000Z,33,32,0,0,1
L4432:T0,4432,T0,2025-04-16T00:00:00.000Z,6,6,0,0,0
L4432:T1:I20076,4432,T1,2025-04-21T20:59:30.000Z,7,6,0,0,1
L4432:T2:I20078,4432,T2,2025-04-23T09:31:18.000Z,7,6,0,0,1
L4432:T2:I20075,4432,T2,2025-04-23T11:04:15.000Z,7,6,0,0,1
L4432:T2:I20079,4432,T2,2025-04-26T19:05:40.000Z,8,7,0,0,1
L4432:T2:I20074,4432,T2,2025-08-07T12:50:00.000Z,9,9,0,0,0
L4432:T2:I20073,4432,T2,2025-09-06T18:57:00.000Z,10,9,0,0,1
L4432:T2:I20077,4432,T2,2026-01-02T09:00:00.000Z,11,10,0,0,1
L4433:T0,4433,T0,2025-03-09T00:00:00.000Z,22,7,0,15,0
L4433:T1:I20083,4433,T1,2025-03-13T11:21:56.000Z,23,7,0,15,1
L4433:T2:I20081,4433,T2,2025-03-15T09:31:48.000Z,24,8,0,15,1
L4433:T2:I20082,4433,T2,2025-03-19T10:45:48.000Z,24,8,0,15,1
L4433:T2:I20080,4433,T2,2025-05-11T15:27:00.000Z,26,9,0,17,0
L4434:T0,4434,T0,2026-06-18T00:00:00.000Z,30,30,0,0,0
L4434:T1:I20084,4434,T1,2026-06-25T19:17:04.000Z,31,30,0,0,1
L4434:T2:I20085,4434,T2,2026-06-27T11:09:00.000Z,31,30,0,0,1
L4434:T2:I20086,4434,T2,2026-06-29T20:12:30.000Z,31,30,0,0,1
L4435:T0,4435,T0,2025-07-04T00:00:00.000Z,12,12,0,0,0
L4435:T1:I20088,4435,T1,2025-07-07T09:28:43.000Z,13,12,0,0,1
L4435:T2:I20087,4435,T2,2025-07-11T12:09:02.000Z,13,12,0,0,1
L4435:T2:I20089,4435,T2,2025-08-16T09:40:00.000Z,13,12,0,0,1
L4436:T0,4436,T0,2025-09-22T00:00:00.000Z,48,0,48,0,0
L4436:T1:I20097,4436,T1,2025-09-22T07:06:53.000Z,49,0,48,0,1
L4436:T2:I20096,4436,T2,2025-09-22T15:50:08.000Z,48,0,48,0,0
L4436:T2:I20091,4436,T2,2025-10-01T17:30:37.000Z,50,0,49,0,1
L4436:T2:I20095,4436,T2,2025-10-01T18:42:03.000Z,49,0,49,0,0
L4436:T2:I20090,4436,T2,2025-10-02T07:06:51.000Z,50,0,49,0,1
L4436:T2:I20092,4436,T2,2025-10-05T16:59:49.000Z,50,0,49,0,1
L4436:T2:I20094,4436,T2,2025-10-09T19:12:00.000Z,51,0,50,0,1
L4436:T2:I20093,4436,T2,2025-12-09T14:26:00.000Z,61,0,60,0,1
L4437:T0,4437,T0,2026-04-09T00:00:00.000Z,86,26,0,60,0
L4437:T1:I20098,4437,T1,2026-04-18T08:13:48.000Z,88,26,0,61,1
L4438:T0,4438,T0,2025-11-01T00:00:00.000Z,52,26,0,26,0
L4438:T1:I20105,4438,T1,2025-11-08T15:11:31.000Z,53,26,0,27,0
L4438:T2:I20099,4438,T2,2025-11-21T15:04:00.000Z,54,26,0,27,1
L4438:T2:I20101,4438,T2,2025-12-13T07:12:00.000Z,56,26,0,29,1
L4438:T2:I20103,4438,T2,2025-12-19T07:07:00.000Z,58,26,0,31,1
L4438:T2:I20106,4438,T2,2026-05-01T12:45:00.000Z,68,32,0,35,1
L4438:T2:I20104,4438,T2,2026-05-01T17:39:00.000Z,68,32,0,35,1
L4438:T2:I20100,4438,T2,2026-05-06T20:03:00.000Z,68,32,0,35,1
L4438:T2:I20102,4438,T2,2026-06-05T14:56:00.000Z,69,32,0,36,1
L4439:T0,4439,T0,2026-01-21T00:00:00.000Z,44,22,0,22,0
L4439:T1:I20111,4439,T1,2026-01-21T12:25:31.000Z,45,22,0,22,1
L4439:T2:I20108,4439,T2,2026-01-22T20:08:25.000Z,45,22,0,22,1
L4439:T2:I20113,4439,T2,2026-01-30T07:15:32.000Z,46,23,0,22,1
L4439:T2:I20107,4439,T2,2026-02-01T20:22:53.000Z,46,23,0,22,1
L4439:T2:I20112,4439,T2,2026-02-03T15:06:43.000Z,46,23,0,22,1
L4439:T2:I20109,4439,T2,2026-04-20T07:12:00.000Z,56,29,0,26,1
L4439:T2:I20110,4439,T2,2026-06-28T14:34:00.000Z,63,32,0,30,1
L4440:T0,4440,T0,2025-09-09T00:00:00.000Z,39,0,16,23,0
L4440:T1:I20114,4440,T1,2025-09-10T15:50:10.000Z,40,0,16,23,1
L4440:T2:I20115,4440,T2,2025-09-19T09:13:22.000Z,42,0,18,23,1
L4440:T2:I20116,4440,T2,2025-09-22T07:12:19.000Z,42,0,18,23,1
L4440:T2:I20117,4440,T2,2025-09-22T12:48:47.000Z,42,0,18,23,1
L4440:T2:I20118,4440,T2,2025-10-04T12:05:00.000Z,43,0,19,24,0
L4441:T0,4441,T0,2025-09-01T00:00:00.000Z,14,14,0,0,0
L4441:T1:I20125,4441,T1,2025-09-04T12:06:26.000Z,15,14,0,0,1
L4441:T2:I20119,4441,T2,2025-09-05T16:11:12.000Z,15,14,0,0,1
L4441:T2:I20122,4441,T2,2025-09-06T12:10:26.000Z,15,14,0,0,1
L4441:T2:I20120,4441,T2,2025-09-06T16:28:44.000Z,15,14,0,0,1
L4441:T2:I20123,4441,T2,2025-09-12T11:00:29.000Z,15,14,0,0,1
L4441:T2:I20124,4441,T2,2025-09-12T12:29:53.000Z,15,14,0,0,1
L4441:T2:I20121,4441,T2,2025-09-14T17:12:57.000Z,15,14,0,0,1
L4441:T2:I20126,4441,T2,2026-01-16T07:11:00.000Z,20,19,0,0,1
L4442:T0,4442,T0,2025-11-03T00:00:00.000Z,17,17,0,0,0
L4442:T1:I20127,4442,T1,2025-11-09T18:23:24.000Z,18,17,0,0,1
L4442:T2:I20128,4442,T2,2025-12-09T11:47:00.000Z,20,19,0,0,1
L4442:T2:I20129,4442,T2,2026-03-16T07:10:00.000Z,28,27,0,0,1
L4443:T0,4443,T0,2025-10-02T00:00:00.000Z,52,24,0,28,0
L4443:T1:I20133,4443,T1,2025-10-03T16:17:06.000Z,52,24,0,28,0
L4443:T2:I20130,4443,T2,2025-10-07T16:24:35.000Z,53,24,0,28,1
L4443:T2:I20131,4443,T2,2025-10-09T08:49:41.000Z,53,24,0,28,1
L4443:T2:I20132,4443,T2,2025-10-12T11:41:42.000Z,54,24,0,29,1
L4443:T2:I20134,4443,T2,2025-10-13T11:32:53.000Z,53,24,0,29,0
L4444:T0,4444,T0,2025-01-27T00:00:00.000Z,7,7,0,0,0
L4444:T1:I20142,4444,T1,2025-01-30T09:08:03.000Z,8,7,0,0,1
L4444:T2:I20141,4444,T2,2025-02-01T09:13:22.000Z,8,7,0,0,1
L4444:T2:I20136,4444,T2,2025-02-01T16:23:31.000Z,8,7,0,0,1
L4444:T2:I20140,4444,T2,2025-02-02T20:47:00.000Z,8,7,0,0,1
L4444:T2:I20135,4444,T2,2025-02-04T13:15:40.000Z,8,7,0,0,1
L4444:T2:I20139,4444,T2,2025-02-06T18:39:34.000Z,8,7,0,0,1
L4444:T2:I20138,4444,T2,2025-03-21T10:14:00.000Z,9,8,0,0,1
L4444:T2:I20137,4444,T2,2025-10-02T20:47:00.000Z,17,16,0,0,1
L4445:T0,4445,T0,2025-01-09T00:00:00.000Z,5,5,0,0,0
L4445:T1:I20145,4445,T1,2025-01-22T20:01:13.000Z,6,5,0,0,1
L4445:T2:I20144,4445,T2,2025-02-10T14:08:00.000Z,7,6,0,0,1
L4445:T2:I20143,4445,T2,2025-10-17T07:44:00.000Z,17,16,0,0,1
L4446:T0,4446,T0,2025-01-06T00:00:00.000Z,5,5,0,0,0
L4446:T1:I20151,4446,T1,2025-01-19T08:11:46.000Z,6,5,0,0,1
L4446:T2:I20149,4446,T2,2025-02-11T07:15:00.000Z,6,5,0,0,1
L4446:T2:I20148,4446,T2,2025-09-01T16:59:00.000Z,14,13,0,0,1
L4446:T2:I20147,4446,T2,2025-11-27T11:14:00.000Z,20,19,0,0,1
L4446:T2:I20150,4446,T2,2026-05-04T10:56:00.000Z,30,29,0,0,1
L4446:T2:I20146,4446,T2,2026-06-13T14:08:00.000Z,31,31,0,0,0
L4447:T0,4447,T0,2026-03-21T00:00:00.000Z,36,36,0,0,0
L4447:T1:I20156,4447,T1,2026-03-27T07:03:11.000Z,38,37,0,0,1
L4447:T2:I20152,4447,T2,2026-03-27T12:25:59.000Z,38,37,0,0,1
L4447:T2:I20155,4447,T2,2026-03-27T14:35:00.000Z,38,37,0,0,1
L4447:T2:I20154,4447,T2,2026-04-03T10:41:52.000Z,38,37,0,0,1
L4447:T2:I20153,4447,T2,2026-04-22T15:03:00.000Z,39,38,0,0,1
L4448:T0,4448,T0,2026-02-01T00:00:00.000Z,79,36,0,43,0
L4448:T1:I20157,4448,T1,2026-02-01T13:18:25.000Z,80,36,0,43,1
L4448:T2:I20160,4448,T2,2026-02-09T10:30:48.000Z,80,36,0,43,1
L4448:T2:I20161,4448,T2,2026-02-11T17:51:50.000Z,80,36,0,43,1
L4448:T2:I20158,4448,T2,2026-02-12T07:46:39.000Z,80,36,0,43,1
L4448:T2:I20159,4448,T2,2026-03-05T09:45:00.000Z,85,39,0,45,1
L4448:T2:I20163,4448,T2,2026-04-20T09:07:00.000Z,90,39,0,51,0
L4448:T2:I20162,4448,T2,2026-04-20T20:05:00.000Z,90,39,0,51,0
L4448:T2:I20164,4448,T2,2026-06-20T08:38:00.000Z,103,45,0,57,1
L4449:T0,4449,T0,2025-06-23T00:00:00.000Z,15,15,0,0,0
L4449:T1:I20166,4449,T1,2025-06-27T20:21:37.000Z,16,15,0,0,1
L4449:T2:I20167,4449,T2,2025-06-30T12:19:35.000Z,16,15,0,0,1
L4449:T2:I20165,4449,T2,2026-01-11T12:57:00.000Z,26,25,0,0,1
L4450:T0,4450,T0,2026-04-21T00:00:00.000Z,51,27,0,24,0
L4450:T1:I20168,4450,T1,2026-04-29T17:09:10.000Z,52,27,0,24,1
L4450:T2:I20169,4450,T2,2026-05-04T12:58:44.000Z,53,28,0,24,1
L4451:T0,4451,T0,2025-05-16T00:00:00.000Z,35,24,0,11,0
L4451:T1:I20170,4451,T1,2025-05-19T16:02:00.000Z,37,25,0,11,1
L4451:T2:I20171,4451,T2,2025-05-20T10:42:11.000Z,37,25,0,11,1
L4451:T2:I20175,4451,T2,2025-05-24T17:14:13.000Z,37,25,0,11,1
L4451:T2:I20172,4451,T2,2025-05-26T15:38:17.000Z,37,25,0,11,1
L4451:T2:I20174,4451,T2,2025-07-22T08:35:00.000Z,46,28,0,17,1
L4451:T2:I20173,4451,T2,2025-10-02T14:31:00.000Z,50,29,0,21,0
L4452:T0,4452,T0,2025-10-17T00:00:00.000Z,60,33,27,0,0
L4452:T1:I20179,4452,T1,2025-10-19T11:05:11.000Z,61,33,28,0,0
L4452:T2:I20180,4452,T2,2025-10-23T15:38:22.000Z,62,33,28,0,1
L4452:T2:I20177,4452,T2,2025-12-07T20:50:00.000Z,66,35,30,0,1
L4452:T2:I20178,4452,T2,2025-12-30T09:53:00.000Z,67,35,31,0,1
L4452:T2:I20181,4452,T2,2026-02-06T17:32:00.000Z,74,40,33,0,1
L4452:T2:I20176,4452,T2,2026-04-07T13:20:00.000Z,87,47,39,0,1
L4453:T0,4453,T0,2025-06-24T00:00:00.000Z,48,15,0,33,0
L4453:T1:I20182,4453,T1,2025-06-27T07:06:34.000Z,49,15,0,33,1
L4453:T2:I20185,4453,T2,2025-07-07T16:56:39.000Z,51,16,0,34,1
L4453:T2:I20186,4453,T2,2025-07-17T19:38:00.000Z,52,16,0,35,1
L4453:T2:I20184,4453,T2,2025-07-26T15:54:00.000Z,52,16,0,35,1
L4453:T2:I20187,4453,T2,2026-01-12T18:08:00.000Z,75,24,0,50,1
L4453:T2:I20183,4453,T2,2026-06-05T11:53:00.000Z,99,31,0,67,1
L4454:T0,4454,T0,2026-01-17T00:00:00.000Z,49,20,0,29,0
L4454:T1:I20188,4454,T1,2026-01-19T16:05:17.000Z,50,20,0,29,1
L4454:T2:I20189,4454,T2,2026-01-25T10:21:41.000Z,50,20,0,30,0
L4454:T2:I20190,4454,T2,2026-01-27T10:08:25.000Z,51,20,0,30,1
L4455:T0,4455,T0,2025-04-19T00:00:00.000Z,27,16,0,11,0
L4455:T1:I20193,4455,T1,2025-04-23T19:37:46.000Z,28,16,0,11,1
L4455:T2:I20191,4455,T2,2025-04-30T11:36:30.000Z,28,16,0,11,1
L4455:T2:I20192,4455,T2,2025-05-02T17:05:10.000Z,27,16,0,11,0
L4455:T2:I20195,4455,T2,2025-07-30T17:08:00.000Z,36,20,0,15,1
L4455:T2:I20194,4455,T2,2025-10-05T10:23:00.000Z,40,23,0,17,0
L4455:T2:I20196,4455,T2,2026-03-06T17:04:00.000Z,46,24,0,21,1
L4456:T0,4456,T0,2025-05-30T00:00:00.000Z,35,18,0,17,0
L4456:T1:I20197,4456,T1,2025-05-30T19:27:44.000Z,36,18,0,17,1
L4456:T2:I20199,4456,T2,2025-06-01T15:53:00.000Z,36,18,0,17,1
L4456:T2:I20201,4456,T2,2025-06-03T17:14:00.000Z,36,18,0,17,1
L4456:T2:I20198,4456,T2,2025-06-05T09:32:06.000Z,36,18,0,17,1
L4456:T2:I20202,4456,T2,2025-09-29T17:57:00.000Z,58,26,0,31,1
L4456:T2:I20200,4456,T2,2026-05-08T09:55:00.000Z,79,31,0,47,1
L4457:T0,4457,T0,2026-03-23T00:00:00.000Z,86,39,0,47,0
L4457:T1:I20206,4457,T1,2026-03-27T12:37:51.000Z,89,39,0,49,1
L4457:T2:I20204,4457,T2,2026-03-28T19:50:57.000Z,88,39,0,49,0
L4457:T2:I20207,4457,T2,2026-04-02T11:07:08.000Z,90,39,0,50,1
L4457:T2:I20205,4457,T2,2026-04-02T17:24:06.000Z,90,39,0,50,1
L4457:T2:I20203,4457,T2,2026-04-03T16:54:01.000Z,90,39,0,50,1
L4458:T0,4458,T0,2025-01-11T00:00:00.000Z,9,3,0,6,0
L4458:T1:I20208,4458,T1,2026-05-16T14:38:00.000Z,50,13,0,36,1
L4459:T0,4459,T0,2025-02-01T00:00:00.000Z,28,12,0,16,0
L4459:T1:I20211,4459,T1,2025-02-04T20:10:42.000Z,30,13,0,16,1
L4459:T2:I20210,4459,T2,2025-02-13T14:05:25.000Z,30,13,0,16,1
L4459:T2:I20209,4459,T2,2025-12-15T16:57:00.000Z,55,24,0,30,1
L4459:T2:I20212,4459,T2,2026-02-21T20:30:00.000Z,61,28,0,32,1
L4459:T2:I20213,4459,T2,2026-05-23T17:59:00.000Z,73,35,0,37,1
L4460:T0,4460,T0,2025-05-28T00:00:00.000Z,11,11,0,0,0
L4460:T1:I20214,4460,T1,2025-06-06T10:03:00.000Z,14,13,0,0,1
L4461:T0,4461,T0,2025-09-17T00:00:00.000Z,8,8,0,0,0
L4461:T1:I20217,4461,T1,2025-09-17T14:31:51.000Z,9,8,0,0,1
L4461:T2:I20219,4461,T2,2025-09-18T07:15:25.000Z,9,8,0,0,1
L4461:T2:I20221,4461,T2,2025-09-18T15:37:53.000Z,9,8,0,0,1
L4461:T2:I20215,4461,T2,2025-09-24T19:24:52.000Z,9,8,0,0,1
L4461:T2:I20216,4461,T2,2025-12-08T09:35:00.000Z,12,11,0,0,1
L4461:T2:I20220,4461,T2,2025-12-25T10:36:00.000Z,12,11,0,0,1
L4461:T2:I20218,4461,T2,2026-05-23T15:51:00.000Z,16,16,0,0,0
L4462:T0,4462,T0,2025-10-28T00:00:00.000Z,15,15,0,0,0
L4462:T1:I20222,4462,T1,2025-10-29T15:38:30.000Z,16,15,0,0,1
L4463:T0,4463,T0,2025-12-25T00:00:00.000Z,32,32,0,0,0
L4463:T1:I20226,4463,T1,2025-12-25T11:08:52.000Z,33,32,0,0,1
L4463:T2:I20225,4463,T2,2025-12-26T15:07:57.000Z,33,32,0,0,1
L4463:T2:I20223,4463,T2,2025-12-27T20:33:03.000Z,32,32,0,0,0
L4463:T2:I20224,4463,T2,2026-01-03T08:58:09.000Z,33,32,0,0,1
L4464:T0,4464,T0,2026-01-15T00:00:00.000Z,20,20,0,0,0
L4464:T1:I20232,4464,T1,2026-01-15T13:32:14.000Z,20,20,0,0,0
L4464:T2:I20229,4464,T2,2026-01-15T15:33:31.000Z,21,20,0,0,1
L4464:T2:I20231,4464,T2,2026-01-17T18:57:47.000Z,21,20,0,0,1
L4464:T2:I20233,4464,T2,2026-01-22T18:20:14.000Z,21,20,0,0,1
L4464:T2:I20227,4464,T2,2026-01-24T12:12:53.000Z,21,20,0,0,1
L4464:T2:I20230,4464,T2,2026-04-25T15:02:00.000Z,29,28,0,0,1
L4464:T2:I20228,4464,T2,2026-06-09T13:04:00.000Z,30,29,0,0,1
L4465:T0,4465,T0,2025-01-28T00:00:00.000Z,5,5,0,0,0
L4465:T1:I20235,4465,T1,2025-02-03T10:48:11.000Z,6,5,0,0,1
L4465:T2:I20234,4465,T2,2026-04-03T09:23:00.000Z,29,28,0,0,1
L4465:T2:I20236,4465,T2,2026-05-01T07:12:00.000Z,29,28,0,0,1
L4466:T0,4466,T0,2025-09-17T00:00:00.000Z,24,16,0,8,0
L4466:T1:I20242,4466,T1,2025-09-20T14:33:50.000Z,26,16,0,9,1
L4466:T2:I20240,4466,T2,2025-09-24T12:18:15.000Z,25,16,0,9,0
L4466:T2:I20237,4466,T2,2025-09-24T19:25:57.000Z,26,16,0,9,1
L4466:T2:I20238,4466,T2,2025-09-26T18:42:56.000Z,26,16,0,9,1
L4466:T2:I20243,4466,T2,2025-09-27T10:05:34.000Z,26,16,0,9,1
L4466:T2:I20241,4466,T2,2025-09-29T19:20:29.000Z,25,16,0,9,0
L4466:T2:I20239,4466,T2,2026-01-31T10:16:00.000Z,30,19,0,10,1
L4467:T0,4467,T0,2025-10-14T00:00:00.000Z,43,24,0,19,0
L4467:T1:I20246,4467,T1,2025-10-19T08:12:00.000Z,44,24,0,19,1
L4467:T2:I20248,4467,T2,2025-10-20T12:46:06.000Z,43,24,0,19,0
L4467:T2:I20244,4467,T2,2025-10-20T19:08:43.000Z,44,24,0,19,1
L4467:T2:I20249,4467,T2,2025-10-23T18:20:11.000Z,43,24,0,19,0
L4467:T2:I20247,4467,T2,2026-02-16T12:40:00.000Z,51,30,0,21,0
L4467:T2:I20245,4467,T2,2026-02-16T15:21:00.000Z,52,30,0,21,1
L4468:T0,4468,T0,2026-04-15T00:00:00.000Z,22,0,22,0,0
L4468:T1:I20253,4468,T1,2026-04-15T19:47:17.000Z,23,0,22,0,1
L4468:T2:I20251,4468,T2,2026-04-16T07:55:39.000Z,23,0,22,0,1
L4468:T2:I20255,4468,T2,2026-04-18T08:42:52.000Z,23,0,22,0,1
L4468:T2:I20254,4468,T2,2026-04-25T17:48:27.000Z,23,0,22,0,1
L4468:T2:I20252,4468,T2,2026-04-27T10:42:12.000Z,23,0,22,0,1
L4468:T2:I20250,4468,T2,2026-05-25T11:29:00.000Z,24,0,23,0,1
L4469:T0,4469,T0,2025-08-11T00:00:00.000Z,23,23,0,0,0
L4469:T1:I20257,4469,T1,2025-08-17T18:41:22.000Z,24,23,0,0,1
L4469:T2:I20258,4469,T2,2025-08-20T17:34:50.000Z,24,23,0,0,1
L4469:T2:I20256,4469,T2,2025-08-31T16:13:00.000Z,24,23,0,0,1
L4470:T0,4470,T0,2026-03-09T00:00:00.000Z,53,27,26,0,0
L4470:T1:I20259,4470,T1,2026-03-16T13:20:07.000Z,54,27,27,0,0
L4471:T0,4471,T0,2026-02-01T00:00:00.000Z,53,25,28,0,0
L4471:T1:I20265,4471,T1,2026-02-01T15:48:56.000Z,54,25,28,0,1
L4471:T2:I20262,4471,T2,2026-02-01T16:43:52.000Z,53,25,28,0,0
L4471:T2:I20264,4471,T2,2026-02-05T10:05:22.000Z,55,25,29,0,1
L4471:T2:I20261,4471,T2,2026-02-11T07:06:05.000Z,56,26,29,0,1
L4471:T2:I20266,4471,T2,2026-02-12T13:46:14.000Z,56,26,29,0,1
L4471:T2:I20263,4471,T2,2026-02-14T16:27:02.000Z,56,26,29,0,1
L4471:T2:I20260,4471,T2,2026-06-10T18:52:00.000Z,70,34,35,0,1
L4472:T0,4472,T0,2025-08-26T00:00:00.000Z,75,0,23,52,0
L4472:T1:I20269,4472,T1,2025-08-26T07:15:02.000Z,76,0,23,52,1
L4472:T2:I20273,4472,T2,2025-08-28T12:26:41.000Z,76,0,23,52,1
L4472:T2:I20268,4472,T2,2025-08-30T19:29:53.000Z,76,0,23,53,0
L4472:T2:I20271,4472,T2,2025-09-05T19:58:35.000Z,79,0,23,55,1
L4472:T2:I20270,4472,T2,2026-04-12T13:17:00.000Z,120,0,38,81,1
L4472:T2:I20272,4472,T2,2026-06-05T13:04:00.000Z,135,0,42,92,1
L4472:T2:I20267,4472,T2,2026-06-14T19:21:00.000Z,137,0,42,94,1
L4473:T0,4473,T0,2026-04-29T00:00:00.000Z,73,34,0,39,0
L4473:T1:I20274,4473,T1,2026-05-01T11:47:30.000Z,74,34,0,39,1
L4473:T2:I20276,4473,T2,2026-05-06T17:04:46.000Z,74,34,0,39,1
L4473:T2:I20275,4473,T2,2026-05-09T08:34:55.000Z,74,34,0,39,1
L4473:T2:I20277,4473,T2,2026-05-12T09:24:07.000Z,74,34,0,39,1
L4474:T0,4474,T0,2025-02-23T00:00:00.000Z,16,11,5,0,0
L4474:T1:I20280,4474,T1,2025-03-06T10:08:04.000Z,18,12,5,0,1
L4474:T2:I20282,4474,T2,2026-02-11T16:24:00.000Z,46,26,19,0,1
L4474:T2:I20279,4474,T2,2026-02-19T15:32:00.000Z,47,27,19,0,1
L4474:T2:I20281,4474,T2,2026-03-11T13:27:00.000Z,51,31,20,0,0
L4474:T2:I20278,4474,T2,2026-06-11T07:43:00.000Z,57,33,23,0,1
L4475:T0,4475,T0,2025-01-19T00:00:00.000Z,15,8,0,7,0
L4475:T1:I20286,4475,T1,2025-01-24T09:17:55.000Z,17,8,0,8,1
L4475:T2:I20283,4475,T2,2025-04-28T19:28:00.000Z,23,12,0,10,1
L4475:T2:I20285,4475,T2,2025-07-12T16:38:00.000Z,30,17,0,13,0
L4475:T2:I20284,4475,T2,2026-02-01T10:22:00.000Z,45,27,0,17,1
L4476:T0,4476,T0,2025-12-25T00:00:00.000Z,28,13,0,15,0
L4476:T1:I20288,4476,T1,2025-12-28T10:41:44.000Z,28,13,0,15,0
L4476:T2:I20292,4476,T2,2025-12-30T17:22:06.000Z,28,13,0,15,0
L4476:T2:I20289,4476,T2,2025-12-31T18:04:24.000Z,28,13,0,15,0
L4476:T2:I20294,4476,T2,2026-01-01T11:25:22.000Z,29,13,0,15,1
L4476:T2:I20291,4476,T2,2026-01-01T20:10:34.000Z,29,13,0,15,1
L4476:T2:I20293,4476,T2,2026-01-06T12:21:13.000Z,29,13,0,15,1
L4476:T2:I20287,4476,T2,2026-04-05T13:26:00.000Z,34,15,0,18,1
L4476:T2:I20290,4476,T2,2026-04-17T10:29:00.000Z,35,15,0,19,1
L4477:T0,4477,T0,2025-05-27T00:00:00.000Z,9,9,0,0,0
L4477:T1:I20296,4477,T1,2025-05-30T13:05:18.000Z,10,9,0,0,1
L4477:T2:I20295,4477,T2,2025-06-03T08:30:44.000Z,10,9,0,0,1
L4478:T0,4478,T0,2025-05-30T00:00:00.000Z,11,0,11,0,0
L4478:T1:I20297,4478,T1,2025-05-31T15:56:07.000Z,11,0,11,0,0
L4478:T2:I20300,4478,T2,2025-06-02T17:58:37.000Z,12,0,11,0,1
L4478:T2:I20298,4478,T2,2025-06-03T15:05:53.000Z,12,0,11,0,1
L4478:T2:I20301,4478,T2,2025-06-09T18:56:34.000Z,12,0,11,0,1
L4478:T2:I20302,4478,T2,2025-08-26T19:11:00.000Z,15,0,14,0,1
L4478:T2:I20299,4478,T2,2026-03-18T14:35:00.000Z,25,0,24,0,1
L4479:T0,4479,T0,2025-12-20T00:00:00.000Z,30,0,30,0,0
L4479:T1:I20303,4479,T1,2025-12-23T13:02:06.000Z,30,0,30,0,0
L4479:T2:I20304,4479,T2,2025-12-24T15:55:19.000Z,31,0,30,0,1
L4479:T2:I20305,4479,T2,2026-01-19T14:06:00.000Z,33,0,32,0,1
L4480:T0,4480,T0,2025-10-21T00:00:00.000Z,54,24,0,30,0
L4480:T1:I20306,4480,T1,2025-10-23T19:14:54.000Z,55,24,0,30,1
L4480:T2:I20312,4480,T2,2025-10-27T07:11:15.000Z,55,24,0,30,1
L4480:T2:I20309,4480,T2,2025-10-30T18:13:04.000Z,55,24,0,30,1
L4480:T2:I20311,4480,T2,2025-10-31T15:17:13.000Z,55,24,0,30,1
L4480:T2:I20308,4480,T2,2026-03-11T16:29:00.000Z,69,31,0,37,1
L4480:T2:I20307,4480,T2,2026-04-11T09:26:00.000Z,73,33,0,39,1
L4480:T2:I20310,4480,T2,2026-04-19T10:21:00.000Z,74,34,0,39,1
L4481:T0,4481,T0,2026-06-08T00:00:00.000Z,81,0,44,37,0
L4481:T1:I20314,4481,T1,2026-06-09T18:04:19.000Z,82,0,44,37,1
L4481:T2:I20313,4481,T2,2026-06-14T08:10:18.000Z,83,0,45,37,1
L4481:T2:I20315,4481,T2,2026-06-15T18:08:17.000Z,83,0,45,37,1
L4481:T2:I20317,4481,T2,2026-06-15T20:25:45.000Z,83,0,45,37,1
L4481:T2:I20316,4481,T2,2026-06-19T16:27:58.000Z,83,0,45,37,1
L4482:T0,4482,T0,2025-07-31T00:00:00.000Z,19,19,0,0,0
L4482:T1:I20320,4482,T1,2025-08-07T10:18:06.000Z,19,19,0,0,0
L4482:T2:I20321,4482,T2,2025-08-09T14:34:05.000Z,20,19,0,0,1
L4482:T2:I20318,4482,T2,2025-08-09T19:58:30.000Z,20,19,0,0,1
L4482:T2:I20319,4482,T2,2025-10-03T11:24:00.000Z,22,21,0,0,1
L4483:T0,4483,T0,2026-06-04T00:00:00.000Z,21,21,0,0,0
L4483:T1:I20324,4483,T1,2026-06-05T17:45:51.000Z,22,21,0,0,1
L4483:T2:I20323,4483,T2,2026-06-08T10:13:57.000Z,21,21,0,0,0
L4483:T2:I20328,4483,T2,2026-06-10T08:58:18.000Z,22,21,0,0,1
L4483:T2:I20329,4483,T2,2026-06-11T10:31:00.000Z,22,21,0,0,1
L4483:T2:I20326,4483,T2,2026-06-13T14:08:23.000Z,22,21,0,0,1
L4483:T2:I20322,4483,T2,2026-06-13T18:37:00.000Z,22,21,0,0,1
L4483:T2:I20325,4483,T2,2026-06-13T20:52:14.000Z,22,21,0,0,1
L4483:T2:I20327,4483,T2,2026-06-17T17:38:06.000Z,22,21,0,0,1
L4484:T0,4484,T0,2026-06-01T00:00:00.000Z,16,16,0,0,0
L4484:T1:I20332,4484,T1,2026-06-01T08:56:47.000Z,17,16,0,0,1
L4484:T2:I20336,4484,T2,2026-06-04T09:02:54.000Z,17,16,0,0,1
L4484:T2:I20330,4484,T2,2026-06-05T10:22:47.000Z,17,16,0,0,1
L4484:T2:I20333,4484,T2,2026-06-06T17:45:33.000Z,17,16,0,0,1
L4484:T2:I20335,4484,T2,2026-06-10T16:13:22.000Z,17,16,0,0,1
L4484:T2:I20334,4484,T2,2026-06-13T11:01:54.000Z,18,17,0,0,1
L4484:T2:I20331,4484,T2,2026-06-14T10:56:31.000Z,18,17,0,0,1
L4485:T0,4485,T0,2026-06-29T00:00:00.000Z,83,48,0,35,0
L4485:T1:I20340,4485,T1,2026-06-30T15:53:18.000Z,84,48,0,35,1
L4485:T2:I20338,4485,T2,2026-07-08T15:02:35.000Z,84,48,0,35,1
L4485:T2:I20337,4485,T2,2026-07-08T15:10:55.000Z,83,48,0,35,0
L4485:T2:I20341,4485,T2,2026-07-09T08:01:34.000Z,84,48,0,35,1
L4485:T2:I20339,4485,T2,2026-07-12T19:51:16.000Z,84,48,0,35,1
L4486:T0,4486,T0,2025-12-02T00:00:00.000Z,43,11,0,32,0
L4486:T1:I20348,4486,T1,2025-12-03T17:56:41.000Z,44,11,0,32,1
L4486:T2:I20345,4486,T2,2025-12-05T18:23:41.000Z,44,11,0,32,1
L4486:T2:I20347,4486,T2,2025-12-05T19:49:44.000Z,44,11,0,32,1
L4486:T2:I20346,4486,T2,2025-12-09T15:56:21.000Z,44,11,0,32,1
L4486:T2:I20343,4486,T2,2025-12-22T12:44:00.000Z,45,11,0,33,1
L4486:T2:I20349,4486,T2,2026-01-29T14:18:00.000Z,49,13,0,35,1
L4486:T2:I20342,4486,T2,2026-02-11T19:17:00.000Z,49,13,0,35,1
L4486:T2:I20344,4486,T2,2026-03-29T07:14:00.000Z,53,14,0,38,1
L4487:T0,4487,T0,2026-04-09T00:00:00.000Z,75,42,0,33,0
L4487:T1:I20351,4487,T1,2026-04-17T12:49:05.000Z,76,42,0,33,1
L4487:T2:I20350,4487,T2,2026-05-18T07:00:00.000Z,77,42,0,34,1
L4488:T0,4488,T0,2025-01-24T00:00:00.000Z,16,8,8,0,0
L4488:T1:I20356,4488,T1,2025-02-02T11:06:19.000Z,17,8,8,0,1
L4488:T2:I20353,4488,T2,2025-05-05T13:39:00.000Z,24,13,10,0,1
L4488:T2:I20352,4488,T2,2025-05-30T15:17:00.000Z,25,13,11,0,1
L4488:T2:I20355,4488,T2,2025-06-19T17:45:00.000Z,26,13,12,0,1
L4488:T2:I20354,4488,T2,2025-08-20T17:33:00.000Z,34,15,18,0,1
L4488:T2:I20357,4488,T2,2025-11-22T10:59:00.000Z,44,21,23,0,0
L4489:T0,4489,T0,2025-03-06T00:00:00.000Z,33,13,0,20,0
L4489:T1:I20363,4489,T1,2025-03-16T20:04:58.000Z,36,13,0,22,1
L4489:T2:I20365,4489,T2,2025-03-17T14:22:51.000Z,36,13,0,22,1
L4489:T2:I20359,4489,T2,2025-05-02T20:25:00.000Z,43,16,0,26,1
L4489:T2:I20362,4489,T2,2025-09-14T09:41:00.000Z,54,23,0,30,1
L4489:T2:I20360,4489,T2,2026-02-01T19:02:00.000Z,75,35,0,39,1
L4489:T2:I20361,4489,T2,2026-03-05T11:01:00.000Z,79,36,0,42,1
L4489:T2:I20358,4489,T2,2026-03-08T12:13:00.000Z,79,36,0,42,1
L4489:T2:I20364,4489,T2,2026-05-21T14:24:00.000Z,98,46,0,51,1
L4490:T0,4490,T0,2025-04-14T00:00:00.000Z,20,11,0,9,0
L4490:T1:I20367,4490,T1,2026-01-29T15:49:00.000Z,37,23,0,13,1
L4490:T2:I20368,4490,T2,2026-03-16T20:40:00.000Z,38,24,0,13,1
L4490:T2:I20366,4490,T2,2026-06-08T18:29:00.000Z,42,24,0,18,0
L4491:T0,4491,T0,2026-03-19T00:00:00.000Z,46,26,0,20,0
L4491:T1:I20369,4491,T1,2026-03-20T13:34:02.000Z,48,26,0,21,1
L4491:T2:I20370,4491,T2,2026-03-23T16:18:59.000Z,48,26,0,21,1
L4491:T2:I20374,4491,T2,2026-03-26T15:07:15.000Z,48,26,0,21,1
L4491:T2:I20372,4491,T2,2026-03-30T18:50:48.000Z,48,26,0,21,1
L4491:T2:I20371,4491,T2,2026-03-31T08:31:22.000Z,48,26,0,21,1
L4491:T2:I20373,4491,T2,2026-03-31T12:43:01.000Z,48,26,0,21,1
L4492:T0,4492,T0,2026-06-11T00:00:00.000Z,68,32,0,36,0
L4492:T1:I20375,4492,T1,2026-06-21T18:03:00.000Z,70,32,0,37,1
L4493:T0,4493,T0,2025-04-01T00:00:00.000Z,16,16,0,0,0
L4493:T1:I20379,4493,T1,2025-04-05T16:51:00.000Z,17,16,0,0,1
L4493:T2:I20376,4493,T2,2026-01-23T11:36:00.000Z,31,30,0,0,1
L4493:T2:I20377,4493,T2,2026-03-05T11:10:00.000Z,31,30,0,0,1
L4493:T2:I20378,4493,T2,2026-05-18T16:35:00.000Z,35,34,0,0,1
L4494:T0,4494,T0,2025-04-24T00:00:00.000Z,30,12,0,18,0
L4494:T1:I20381,4494,T1,2025-04-25T08:52:55.000Z,31,12,0,18,1
L4494:T2:I20383,4494,T2,2025-05-05T18:00:08.000Z,31,12,0,18,1
L4494:T2:I20382,4494,T2,2025-07-16T09:50:00.000Z,41,19,0,21,1
L4494:T2:I20380,4494,T2,2026-06-09T20:35:00.000Z,76,39,0,36,1
L4495:T0,4495,T0,2025-10-06T00:00:00.000Z,8,8,0,0,0
L4495:T1:I20384,4495,T1,2025-10-06T17:16:55.000Z,9,8,0,0,1
L4496:T0,4496,T0,2025-07-04T00:00:00.000Z,13,13,0,0,0
L4496:T1:I20385,4496,T1,2025-08-20T18:17:00.000Z,15,14,0,0,1
L4496:T2:I20386,4496,T2,2026-06-07T12:23:00.000Z,21,20,0,0,1
L4497:T0,4497,T0,2025-11-10T00:00:00.000Z,88,35,0,53,0
L4497:T1:I20387,4497,T1,2025-11-11T17:46:27.000Z,89,35,0,53,1
L4498:T0,4498,T0,2026-06-15T00:00:00.000Z,99,0,36,63,0
L4498:T1:I20389,4498,T1,2026-06-15T14:51:39.000Z,100,0,36,63,1
L4498:T2:I20391,4498,T2,2026-06-17T12:26:59.000Z,100,0,36,63,1
L4498:T2:I20393,4498,T2,2026-06-23T16:58:13.000Z,100,0,36,63,1
L4498:T2:I20392,4498,T2,2026-06-26T17:49:45.000Z,102,0,36,65,1
L4498:T2:I20390,4498,T2,2026-06-26T17:54:32.000Z,102,0,36,65,1
L4498:T2:I20388,4498,T2,2026-06-27T19:51:36.000Z,102,0,36,65,1
L4499:T0,4499,T0,2025-12-08T00:00:00.000Z,91,0,27,64,0
L4499:T1:I20394,4499,T1,2025-12-09T11:28:00.000Z,92,0,27,64,1
L4499:T2:I20396,4499,T2,2025-12-09T16:14:30.000Z,92,0,27,64,1
L4499:T2:I20398,4499,T2,2025-12-18T11:56:37.000Z,95,0,27,67,1
L4499:T2:I20397,4499,T2,2025-12-20T13:53:56.000Z,95,0,27,67,1
L4499:T2:I20399,4499,T2,2025-12-24T08:55:00.000Z,95,0,27,67,1
L4499:T2:I20395,4499,T2,2026-04-16T11:51:00.000Z,109,0,30,78,1
L4500:T0,4500,T0,2026-04-24T00:00:00.000Z,57,0,24,33,0
L4500:T1:I20400,4500,T1,2026-04-25T09:44:57.000Z,58,0,24,33,1
L4500:T2:I20405,4500,T2,2026-04-25T12:57:31.000Z,58,0,24,33,1
L4500:T2:I20402,4500,T2,2026-05-01T19:48:23.000Z,58,0,24,33,1
L4500:T2:I20404,4500,T2,2026-05-04T08:30:18.000Z,58,0,24,33,1
L4500:T2:I20403,4500,T2,2026-05-16T10:52:00.000Z,59,0,24,34,1
L4500:T2:I20401,4500,T2,2026-05-16T15:25:00.000Z,59,0,24,34,1
L4501:T0,4501,T0,2025-03-10T00:00:00.000Z,4,4,0,0,0
L4501:T1:I20409,4501,T1,2025-03-10T13:15:25.000Z,5,4,0,0,1
L4501:T2:I20406,4501,T2,2025-03-16T08:52:29.000Z,6,5,0,0,1
L4501:T2:I20408,4501,T2,2025-10-16T12:52:00.000Z,8,7,0,0,1
L4501:T2:I20407,4501,T2,2026-05-25T08:07:00.000Z,12,11,0,0,1
L4502:T0,4502,T0,2025-04-29T00:00:00.000Z,7,7,0,0,0
L4502:T1:I20410,4502,T1,2025-06-20T16:01:00.000Z,10,9,0,0,1
L4502:T2:I20411,4502,T2,2026-02-01T13:05:00.000Z,17,16,0,0,1
L4503:T0,4503,T0,2026-02-20T00:00:00.000Z,109,35,0,74,0
L4503:T1:I20413,4503,T1,2026-02-20T19:18:20.000Z,110,35,0,74,1
L4503:T2:I20416,4503,T2,2026-02-22T11:00:31.000Z,110,35,0,74,1
L4503:T2:I20414,4503,T2,2026-02-23T15:32:11.000Z,110,35,0,74,1
L4503:T2:I20419,4503,T2,2026-02-24T12:25:50.000Z,110,35,0,74,1
L4503:T2:I20412,4503,T2,2026-02-28T11:10:59.000Z,112,37,0,74,1
L4503:T2:I20417,4503,T2,2026-02-28T16:58:42.000Z,112,37,0,74,1
L4503:T2:I20418,4503,T2,2026-02-28T19:22:27.000Z,112,37,0,74,1
L4503:T2:I20415,4503,T2,2026-03-15T20:27:00.000Z,116,37,0,78,1
L4504:T0,4504,T0,2025-04-25T00:00:00.000Z,22,10,0,12,0
L4504:T1:I20424,4504,T1,2025-05-03T19:12:43.000Z,25,10,0,14,1
L4504:T2:I20420,4504,T2,2025-05-20T08:43:00.000Z,27,10,0,16,1
L4504:T2:I20421,4504,T2,2026-04-20T16:44:00.000Z,52,24,0,27,1
L4504:T2:I20422,4504,T2,2026-05-08T18:54:00.000Z,53,25,0,28,0
L4504:T2:I20423,4504,T2,2026-06-06T19:35:00.000Z,55,26,0,28,1
L4505:T0,4505,T0,2025-02-07T00:00:00.000Z,5,5,0,0,0
L4505:T1:I20425,4505,T1,2025-08-12T18:47:00.000Z,12,11,0,0,1
L4505:T2:I20426,4505,T2,2026-05-08T20:58:00.000Z,21,20,0,0,1
L4506:T0,4506,T0,2025-11-24T00:00:00.000Z,69,36,33,0,0
L4506:T1:I20427,4506,T1,2025-11-24T10:18:59.000Z,70,36,33,0,1
L4506:T2:I20428,4506,T2,2025-11-24T19:47:15.000Z,70,36,33,0,1
L4506:T2:I20430,4506,T2,2025-11-27T10:24:11.000Z,70,36,33,0,1
L4506:T2:I20429,4506,T2,2025-11-30T19:25:55.000Z,71,36,34,0,1
L4507:T0,4507,T0,2026-06-08T00:00:00.000Z,57,0,30,27,0
L4507:T1:I20433,4507,T1,2026-06-12T14:08:56.000Z,57,0,30,27,0
L4507:T2:I20432,4507,T2,2026-06-14T14:16:02.000Z,59,0,31,27,1
L4507:T2:I20431,4507,T2,2026-06-19T17:00:50.000Z,59,0,31,27,1
L4508:T0,4508,T0,2026-03-04T00:00:00.000Z,61,28,0,33,0
L4508:T1:I20437,4508,T1,2026-03-10T20:21:48.000Z,63,29,0,33,1
L4508:T2:I20434,4508,T2,2026-03-13T15:20:19.000Z,63,29,0,33,1
L4508:T2:I20435,4508,T2,2026-06-10T18:17:00.000Z,69,32,0,36,1
L4508:T2:I20436,4508,T2,2026-06-29T18:26:00.000Z,70,32,0,37,1
L4509:T0,4509,T0,2025-10-09T00:00:00.000Z,101,0,30,71,0
L4509:T1:I20438,4509,T1,2025-10-18T13:10:51.000Z,106,0,31,74,1
L4510:T0,4510,T0,2026-01-07T00:00:00.000Z,42,25,0,17,0
L4510:T1:I20443,4510,T1,2026-01-07T13:45:00.000Z,43,25,0,17,1
L4510:T2:I20442,4510,T2,2026-01-10T14:39:51.000Z,43,25,0,17,1
L4510:T2:I20440,4510,T2,2026-01-12T14:53:57.000Z,43,25,0,17,1
L4510:T2:I20441,4510,T2,2026-04-05T20:53:00.000Z,51,29,0,21,1
L4510:T2:I20439,4510,T2,2026-06-24T08:42:00.000Z,57,31,0,25,1
L4511:T0,4511,T0,2025-06-27T00:00:00.000Z,18,18,0,0,0
L4511:T1:I20445,4511,T1,2025-06-29T11:50:15.000Z,18,18,0,0,0
L4511:T2:I20450,4511,T2,2025-07-03T07:27:02.000Z,18,18,0,0,0
L4511:T2:I20447,4511,T2,2025-07-03T16:57:07.000Z,19,18,0,0,1
L4511:T2:I20449,4511,T2,2025-07-08T07:02:49.000Z,21,20,0,0,1
L4511:T2:I20446,4511,T2,2025-10-25T20:27:00.000Z,22,21,0,0,1
L4511:T2:I20451,4511,T2,2025-11-16T14:41:00.000Z,23,22,0,0,1
L4511:T2:I20448,4511,T2,2026-01-08T18:55:00.000Z,23,22,0,0,1
L4511:T2:I20444,4511,T2,2026-03-18T09:04:00.000Z,26,25,0,0,1
L4512:T0,4512,T0,2025-09-24T00:00:00.000Z,15,15,0,0,0
L4512:T1:I20452,4512,T1,2026-06-11T17:55:00.000Z,21,20,0,0,1
L4513:T0,4513,T0,2025-04-18T00:00:00.000Z,39,22,0,17,0
L4513:T1:I20453,4513,T1,2025-04-30T18:49:10.000Z,41,22,0,18,1
L4513:T2:I20454,4513,T2,2026-01-08T14:19:00.000Z,76,40,0,36,0
L4513:T2:I20455,4513,T2,2026-02-10T09:06:00.000Z,80,43,0,36,1
L4513:T2:I20456,4513,T2,2026-06-12T16:47:00.000Z,100,56,0,44,0
L4514:T0,4514,T0,2025-11-24T00:00:00.000Z,11,11,0,0,0
L4514:T1:I20458,4514,T1,2025-11-28T20:45:37.000Z,12,11,0,0,1
L4514:T2:I20457,4514,T2,2025-12-02T11:13:03.000Z,12,11,0,0,1
L4514:T2:I20459,4514,T2,2025-12-03T07:14:39.000Z,12,11,0,0,1
L4514:T2:I20461,4514,T2,2025-12-03T16:39:07.000Z,12,11,0,0,1
L4514:T2:I20460,4514,T2,2026-05-16T12:05:00.000Z,13,12,0,0,1
L4515:T0,4515,T0,2026-05-20T00:00:00.000Z,97,46,0,51,0
L4515:T1:I20464,4515,T1,2026-05-20T08:08:47.000Z,97,46,0,51,0
L4515:T2:I20463,4515,T2,2026-05-20T11:19:45.000Z,97,46,0,51,0
L4515:T2:I20462,4515,T2,2026-05-24T13:37:09.000Z,99,47,0,51,1
L4515:T2:I20465,4515,T2,2026-05-29T14:30:29.000Z,99,47,0,51,1
L4515:T2:I20466,4515,T2,2026-06-01T16:08:10.000Z,100,48,0,51,1
L4516:T0,4516,T0,2025-05-26T00:00:00.000Z,34,20,0,14,0
L4516:T1:I20467,4516,T1,2025-08-20T20:08:00.000Z,46,21,0,24,1
L4517:T0,4517,T0,2026-01-26T00:00:00.000Z,44,44,0,0,0
L4517:T1:I20468,4517,T1,2026-01-30T10:11:53.000Z,45,44,0,0,1
L4517:T2:I20469,4517,T2,2026-02-06T14:45:30.000Z,47,46,0,0,1
L4518:T0,4518,T0,2025-07-01T00:00:00.000Z,7,7,0,0,0
L4518:T1:I20473,4518,T1,2025-07-04T10:55:03.000Z,8,7,0,0,1
L4518:T2:I20476,4518,T2,2025-07-05T13:57:14.000Z,8,7,0,0,1
L4518:T2:I20475,4518,T2,2025-07-13T17:02:23.000Z,8,7,0,0,1
L4518:T2:I20472,4518,T2,2025-08-09T17:34:00.000Z,9,8,0,0,1
L4518:T2:I20470,4518,T2,2025-11-15T17:51:00.000Z,12,11,0,0,1
L4518:T2:I20471,4518,T2,2026-01-02T12:44:00.000Z,13,13,0,0,0
L4518:T2:I20474,4518,T2,2026-04-11T19:56:00.000Z,16,15,0,0,1
L4519:T0,4519,T0,2025-10-31T00:00:00.000Z,14,14,0,0,0
L4519:T1:I20477,4519,T1,2025-10-31T20:25:02.000Z,15,14,0,0,1
L4519:T2:I20478,4519,T2,2025-11-05T11:26:19.000Z,15,14,0,0,1
L4519:T2:I20479,4519,T2,2025-11-06T10:54:24.000Z,14,14,0,0,0
L4520:T0,4520,T0,2025-09-11T00:00:00.000Z,86,33,0,53,0
L4520:T1:I20482,4520,T1,2025-09-11T11:21:40.000Z,87,33,0,53,1
