prediction_key,lead_id,stage,score_time,n_candidates,n_corridor,n_municipality,n_state,n_observed_override
L1:T0,1,T0,2025-05-09T00:00:00.000Z,24,13,0,11,0
L1:T1:I3,1,T1,2025-05-12T16:10:27.000Z,25,13,0,11,1
L1:T2:I1,1,T2,2025-05-16T20:03:15.000Z,25,13,0,11,1
L1:T2:I2,1,T2,2025-05-21T18:34:55.000Z,26,13,0,12,1
L1:T2:I4,1,T2,2025-05-22T12:04:52.000Z,26,13,0,12,1
L2:T0,2,T0,2026-02-25T00:00:00.000Z,89,42,0,47,0
L2:T1:I5,2,T1,2026-03-04T09:00:43.000Z,91,43,0,47,1
L3:T0,3,T0,2026-02-18T00:00:00.000Z,29,29,0,0,0
L3:T1:I6,3,T1,2026-02-18T14:30:33.000Z,30,29,0,0,1
L3:T2:I7,3,T2,2026-02-24T15:02:11.000Z,30,29,0,0,1
L3:T2:I8,3,T2,2026-03-01T12:02:08.000Z,31,30,0,0,1
L4:T0,4,T0,2025-10-29T00:00:00.000Z,63,18,0,45,0
L4:T1:I10,4,T1,2025-10-29T12:13:42.000Z,64,18,0,45,1
L4:T2:I11,4,T2,2025-11-10T11:09:23.000Z,66,19,0,46,1
L4:T2:I9,4,T2,2026-01-06T07:24:00.000Z,73,21,0,52,0
L4:T2:I12,4,T2,2026-01-23T09:24:00.000Z,76,21,0,54,1
L4:T2:I13,4,T2,2026-06-24T08:15:00.000Z,100,32,0,67,1
L5:T0,5,T0,2025-10-21T00:00:00.000Z,64,23,0,41,0
L5:T1:I14,5,T1,2025-10-21T15:45:00.000Z,65,23,0,41,1
L6:T0,6,T0,2025-04-21T00:00:00.000Z,29,11,0,18,0
L6:T1:I15,6,T1,2025-10-06T18:45:00.000Z,48,21,0,27,0
L7:T0,7,T0,2025-05-24T00:00:00.000Z,25,10,0,15,0
L7:T1:I17,7,T1,2025-06-21T07:49:00.000Z,29,12,0,16,1
L7:T2:I21,7,T2,2025-07-30T09:27:00.000Z,29,12,0,17,0
L7:T2:I20,7,T2,2025-07-30T15:40:00.000Z,30,12,0,17,1
L7:T2:I19,7,T2,2025-08-22T16:09:00.000Z,32,12,0,19,1
L7:T2:I16,7,T2,2026-04-20T19:09:00.000Z,49,21,0,27,1
L7:T2:I18,7,T2,2026-05-14T11:06:00.000Z,50,22,0,28,0
L8:T0,8,T0,2025-05-05T00:00:00.000Z,7,0,7,0,0
L8:T1:I27,8,T1,2025-05-07T07:10:37.000Z,7,0,7,0,0
L8:T2:I22,8,T2,2025-05-16T09:51:39.000Z,8,0,7,0,1
L8:T2:I25,8,T2,2025-05-18T12:57:59.000Z,8,0,7,0,1
L8:T2:I23,8,T2,2025-07-03T14:43:00.000Z,8,0,7,0,1
L8:T2:I28,8,T2,2025-10-20T18:10:00.000Z,8,0,7,0,1
L8:T2:I29,8,T2,2025-11-15T13:54:00.000Z,8,0,7,0,1
L8:T2:I24,8,T2,2026-01-02T19:23:00.000Z,8,0,7,0,1
L8:T2:I26,8,T2,2026-02-04T11:22:00.000Z,10,0,9,0,1
L9:T0,9,T0,2026-02-03T00:00:00.000Z,45,23,0,22,0
L9:T1:I30,9,T1,2026-02-03T07:57:46.000Z,46,23,0,22,1
L9:T2:I32,9,T2,2026-02-06T10:21:57.000Z,46,23,0,22,1
L9:T2:I33,9,T2,2026-02-06T18:15:24.000Z,46,23,0,22,1
L9:T2:I31,9,T2,2026-02-09T14:23:54.000Z,46,23,0,22,1
L10:T0,10,T0,2026-03-20T00:00:00.000Z,25,25,0,0,0
L10:T1:I35,10,T1,2026-03-22T08:24:43.000Z,26,25,0,0,1
L10:T2:I34,10,T2,2026-04-28T13:24:00.000Z,28,27,0,0,1
L11:T0,11,T0,2026-06-28T00:00:00.000Z,38,38,0,0,0
L11:T1:I39,11,T1,2026-06-28T16:19:29.000Z,39,38,0,0,1
L11:T2:I40,11,T2,2026-06-28T19:30:38.000Z,39,38,0,0,1
L11:T2:I38,11,T2,2026-06-29T19:49:28.000Z,39,38,0,0,1
L11:T2:I41,11,T2,2026-06-30T11:49:18.000Z,39,38,0,0,1
L11:T2:I37,11,T2,2026-07-01T13:05:08.000Z,39,38,0,0,1
L11:T2:I43,11,T2,2026-07-05T08:36:53.000Z,39,38,0,0,1
L11:T2:I36,11,T2,2026-07-06T10:25:16.000Z,39,38,0,0,1
L11:T2:I42,11,T2,2026-07-08T15:37:25.000Z,39,38,0,0,1
L12:T0,12,T0,2025-08-17T00:00:00.000Z,59,29,0,30,0
L12:T1:I46,12,T1,2025-08-19T20:35:53.000Z,61,29,0,31,1
L12:T2:I44,12,T2,2025-08-22T10:31:11.000Z,62,29,0,32,1
L12:T2:I45,12,T2,2025-08-26T10:36:18.000Z,63,29,0,33,1
L12:T2:I47,12,T2,2025-08-29T07:08:33.000Z,63,29,0,33,1
L13:T0,13,T0,2025-07-17T00:00:00.000Z,14,14,0,0,0
L13:T1:I48,13,T1,2025-07-19T13:48:56.000Z,15,14,0,0,1
L13:T2:I49,13,T2,2025-07-28T08:04:00.000Z,16,15,0,0,1
L13:T2:I50,13,T2,2025-07-30T07:15:36.000Z,16,15,0,0,1
L13:T2:I51,13,T2,2025-10-26T20:08:00.000Z,21,20,0,0,1
L14:T0,14,T0,2025-02-18T00:00:00.000Z,23,9,0,14,0
L14:T1:I57,14,T1,2025-03-02T19:56:40.000Z,25,9,0,16,0
L14:T2:I52,14,T2,2025-03-15T14:07:00.000Z,27,9,0,17,1
L14:T2:I56,14,T2,2025-05-09T18:13:00.000Z,33,10,0,22,1
L14:T2:I53,14,T2,2025-05-18T18:31:00.000Z,34,11,0,22,1
L14:T2:I55,14,T2,2026-02-23T08:12:00.000Z,71,21,0,49,1
L14:T2:I54,14,T2,2026-04-25T18:01:00.000Z,81,25,0,55,1
L15:T0,15,T0,2025-07-28T00:00:00.000Z,18,18,0,0,0
L15:T1:I59,15,T1,2025-07-29T11:12:20.000Z,19,18,0,0,1
L15:T2:I64,15,T2,2025-07-29T19:26:07.000Z,18,18,0,0,0
L15:T2:I61,15,T2,2025-07-31T11:18:07.000Z,19,18,0,0,1
L15:T2:I65,15,T2,2025-08-03T15:34:38.000Z,19,18,0,0,1
L15:T2:I58,15,T2,2025-08-04T13:42:18.000Z,19,18,0,0,1
L15:T2:I60,15,T2,2025-08-05T10:04:16.000Z,18,18,0,0,0
L15:T2:I63,15,T2,2025-08-09T10:52:32.000Z,20,19,0,0,1
L15:T2:I62,15,T2,2025-08-09T12:41:32.000Z,20,19,0,0,1
L16:T0,16,T0,2025-10-15T00:00:00.000Z,13,13,0,0,0
L16:T1:I69,16,T1,2025-10-17T09:37:11.000Z,15,14,0,0,1
L16:T2:I67,16,T2,2025-10-19T20:10:58.000Z,15,14,0,0,1
L16:T2:I73,16,T2,2025-10-24T15:16:55.000Z,15,14,0,0,1
L16:T2:I68,16,T2,2025-10-25T11:01:34.000Z,15,14,0,0,1
L16:T2:I72,16,T2,2025-10-28T12:43:22.000Z,15,14,0,0,1
L16:T2:I70,16,T2,2025-10-28T13:03:58.000Z,15,14,0,0,1
L16:T2:I66,16,T2,2026-04-20T12:08:00.000Z,20,19,0,0,1
L16:T2:I71,16,T2,2026-06-29T15:01:00.000Z,22,21,0,0,1
L17:T0,17,T0,2026-04-10T00:00:00.000Z,72,33,0,39,0
L17:T1:I74,17,T1,2026-04-14T15:06:47.000Z,73,33,0,39,1
L18:T0,18,T0,2025-02-11T00:00:00.000Z,17,5,0,12,0
L18:T1:I79,18,T1,2025-02-12T08:44:20.000Z,18,5,0,12,1
L18:T2:I80,18,T2,2025-02-20T18:36:20.000Z,19,5,0,13,1
L18:T2:I75,18,T2,2025-02-24T20:48:35.000Z,20,5,0,14,1
L18:T2:I76,18,T2,2025-03-10T09:32:00.000Z,22,5,0,16,1
L18:T2:I77,18,T2,2025-04-16T08:48:00.000Z,22,5,0,16,1
L18:T2:I78,18,T2,2025-05-10T10:25:00.000Z,25,5,0,19,1
L19:T0,19,T0,2025-07-30T00:00:00.000Z,32,11,21,0,0
L19:T1:I83,19,T1,2025-08-29T10:18:00.000Z,34,11,22,0,1
L19:T2:I82,19,T2,2026-01-01T11:49:00.000Z,42,17,24,0,1
L19:T2:I81,19,T2,2026-02-25T11:34:00.000Z,48,19,28,0,1
L20:T0,20,T0,2026-02-25T00:00:00.000Z,52,26,26,0,0
L20:T1:I89,20,T1,2026-02-27T13:22:53.000Z,53,26,26,0,1
L20:T2:I90,20,T2,2026-03-07T07:22:29.000Z,54,26,27,0,1
L20:T2:I86,20,T2,2026-03-08T08:14:49.000Z,54,26,27,0,1
L20:T2:I88,20,T2,2026-03-08T19:37:36.000Z,54,26,27,0,1
L20:T2:I91,20,T2,2026-03-10T09:18:11.000Z,54,26,27,0,1
L20:T2:I87,20,T2,2026-03-11T20:49:00.000Z,54,27,27,0,0
L20:T2:I84,20,T2,2026-05-10T11:45:00.000Z,58,29,28,0,1
L20:T2:I85,20,T2,2026-06-07T15:06:00.000Z,59,30,28,0,1
L21:T0,21,T0,2026-04-27T00:00:00.000Z,16,16,0,0,0
L21:T1:I94,21,T1,2026-04-29T19:08:22.000Z,17,16,0,0,1
L21:T2:I92,21,T2,2026-05-05T15:06:48.000Z,17,16,0,0,1
L21:T2:I93,21,T2,2026-05-08T17:02:00.000Z,17,16,0,0,1
L22:T0,22,T0,2025-12-30T00:00:00.000Z,41,17,0,24,0
L22:T1:I96,22,T1,2026-01-01T19:33:17.000Z,43,17,0,25,1
L22:T2:I97,22,T2,2026-01-09T19:14:22.000Z,43,17,0,25,1
L22:T2:I95,22,T2,2026-01-29T13:01:00.000Z,45,17,0,27,1
L23:T0,23,T0,2025-04-03T00:00:00.000Z,25,11,0,14,0
L23:T1:I104,23,T1,2025-04-04T07:42:07.000Z,26,11,0,14,1
L23:T2:I101,23,T2,2025-04-04T17:12:20.000Z,26,11,0,14,1
L23:T2:I100,23,T2,2025-04-08T20:31:23.000Z,26,11,0,14,1
L23:T2:I103,23,T2,2025-10-05T14:10:00.000Z,39,16,0,23,0
L23:T2:I99,23,T2,2025-11-22T09:47:00.000Z,41,16,0,24,1
L23:T2:I98,23,T2,2025-12-10T19:31:00.000Z,41,16,0,24,1
L23:T2:I102,23,T2,2026-01-29T08:21:00.000Z,45,18,0,26,1
L24:T0,24,T0,2025-11-04T00:00:00.000Z,26,26,0,0,0
L24:T1:I106,24,T1,2025-11-05T13:18:06.000Z,27,26,0,0,1
L24:T2:I105,24,T2,2025-11-10T14:01:40.000Z,27,26,0,0,1
L24:T2:I107,24,T2,2025-11-12T09:25:25.000Z,27,26,0,0,1
L25:T0,25,T0,2026-05-14T00:00:00.000Z,130,44,0,86,0
L25:T1:I108,25,T1,2026-05-14T20:48:46.000Z,130,44,0,86,0
L25:T2:I110,25,T2,2026-05-18T09:32:24.000Z,131,44,0,86,1
L25:T2:I112,25,T2,2026-05-24T10:59:56.000Z,132,44,0,87,1
L25:T2:I109,25,T2,2026-05-24T11:32:24.000Z,132,44,0,87,1
L25:T2:I111,25,T2,2026-05-26T12:25:47.000Z,132,44,0,87,1
L26:T0,26,T0,2026-02-12T00:00:00.000Z,29,29,0,0,0
L26:T1:I114,26,T1,2026-02-13T17:17:05.000Z,30,29,0,0,1
L26:T2:I113,26,T2,2026-02-18T20:42:16.000Z,30,29,0,0,1
L26:T2:I115,26,T2,2026-02-19T16:01:43.000Z,30,29,0,0,1
L27:T0,27,T0,2025-03-16T00:00:00.000Z,14,14,0,0,0
L27:T1:I117,27,T1,2025-08-21T14:05:00.000Z,24,23,0,0,1
L27:T2:I116,27,T2,2026-06-16T10:21:00.000Z,36,36,0,0,0
L28:T0,28,T0,2025-06-27T00:00:00.000Z,18,18,0,0,0
L28:T1:I123,28,T1,2025-07-02T14:16:48.000Z,19,18,0,0,1
L28:T2:I118,28,T2,2025-07-02T16:53:07.000Z,19,18,0,0,1
L28:T2:I121,28,T2,2025-07-04T15:17:11.000Z,18,18,0,0,0
L28:T2:I120,28,T2,2025-07-04T20:14:23.000Z,19,18,0,0,1
L28:T2:I122,28,T2,2025-10-01T11:40:00.000Z,21,20,0,0,1
L28:T2:I119,28,T2,2025-11-22T18:16:00.000Z,23,22,0,0,1
L29:T0,29,T0,2026-02-06T00:00:00.000Z,40,18,0,22,0
L29:T1:I124,29,T1,2026-02-06T08:59:16.000Z,41,18,0,22,1
L30:T0,30,T0,2026-01-29T00:00:00.000Z,25,25,0,0,0
L30:T1:I125,30,T1,2026-01-30T18:11:33.000Z,26,25,0,0,1
L30:T2:I126,30,T2,2026-01-31T20:46:26.000Z,26,25,0,0,1
L30:T2:I131,30,T2,2026-02-04T15:18:48.000Z,26,25,0,0,1
L30:T2:I132,30,T2,2026-02-04T16:15:26.000Z,25,25,0,0,0
L30:T2:I129,30,T2,2026-02-05T18:04:45.000Z,26,25,0,0,1
L30:T2:I130,30,T2,2026-02-09T11:07:51.000Z,26,25,0,0,1
L30:T2:I127,30,T2,2026-02-10T13:14:46.000Z,26,25,0,0,1
L30:T2:I128,30,T2,2026-02-11T15:31:34.000Z,26,25,0,0,1
L31:T0,31,T0,2025-06-23T00:00:00.000Z,11,11,0,0,0
L31:T1:I134,31,T1,2025-06-28T09:54:26.000Z,12,11,0,0,1
L31:T2:I136,31,T2,2025-07-01T14:32:39.000Z,12,11,0,0,1
L31:T2:I138,31,T2,2025-07-03T16:24:32.000Z,12,11,0,0,1
L31:T2:I133,31,T2,2025-07-05T20:10:34.000Z,12,11,0,0,1
L31:T2:I137,31,T2,2025-07-06T10:34:37.000Z,11,11,0,0,0
L31:T2:I135,31,T2,2025-08-04T07:14:00.000Z,14,13,0,0,1
L32:T0,32,T0,2026-05-19T00:00:00.000Z,24,24,0,0,0
L32:T1:I144,32,T1,2026-05-19T18:39:43.000Z,25,24,0,0,1
L32:T2:I139,32,T2,2026-05-26T20:54:53.000Z,25,24,0,0,1
L32:T2:I145,32,T2,2026-05-27T20:34:42.000Z,25,24,0,0,1
L32:T2:I141,32,T2,2026-05-30T12:30:49.000Z,25,24,0,0,1
L32:T2:I142,32,T2,2026-05-30T14:11:01.000Z,25,24,0,0,1
L32:T2:I143,32,T2,2026-05-30T18:36:13.000Z,25,24,0,0,1
L32:T2:I140,32,T2,2026-06-01T19:12:23.000Z,25,24,0,0,1
L33:T0,33,T0,2026-03-19T00:00:00.000Z,15,15,0,0,0
L33:T1:I146,33,T1,2026-03-20T14:22:36.000Z,16,15,0,0,1
L33:T2:I153,33,T2,2026-03-21T08:35:48.000Z,16,15,0,0,1
L33:T2:I151,33,T2,2026-03-23T12:15:23.000Z,16,15,0,0,1
L33:T2:I150,33,T2,2026-03-23T20:08:45.000Z,16,15,0,0,1
L33:T2:I149,33,T2,2026-03-24T15:54:33.000Z,15,15,0,0,0
L33:T2:I147,33,T2,2026-03-27T17:35:49.000Z,16,15,0,0,1
L33:T2:I152,33,T2,2026-03-28T14:32:07.000Z,16,15,0,0,1
L33:T2:I148,33,T2,2026-03-31T20:15:47.000Z,16,15,0,0,1
L34:T0,34,T0,2025-07-28T00:00:00.000Z,42,19,23,0,0
L34:T1:I154,34,T1,2026-02-27T07:43:00.000Z,58,24,33,0,1
L35:T0,35,T0,2025-04-03T00:00:00.000Z,27,8,0,19,0
L35:T1:I155,35,T1,2025-04-04T10:30:43.000Z,28,8,0,19,1
L35:T2:I158,35,T2,2025-04-05T08:44:48.000Z,28,8,0,19,1
L35:T2:I162,35,T2,2025-04-09T14:24:46.000Z,29,8,0,20,1
L35:T2:I156,35,T2,2025-04-12T11:41:40.000Z,29,8,0,20,1
L35:T2:I159,35,T2,2025-04-12T15:12:00.000Z,29,8,0,20,1
L35:T2:I161,35,T2,2025-06-30T14:32:00.000Z,38,11,0,26,1
L35:T2:I160,35,T2,2025-09-16T11:24:00.000Z,48,16,0,31,1
L35:T2:I157,35,T2,2026-01-24T19:18:00.000Z,68,24,0,43,1
L36:T0,36,T0,2025-11-13T00:00:00.000Z,29,29,0,0,0
L36:T1:I165,36,T1,2025-11-15T17:40:22.000Z,30,29,0,0,1
L36:T2:I167,36,T2,2025-11-19T12:46:57.000Z,30,29,0,0,1
L36:T2:I164,36,T2,2025-11-26T09:28:24.000Z,30,29,0,0,1
L36:T2:I163,36,T2,2026-04-19T14:14:00.000Z,40,39,0,0,1
L36:T2:I166,36,T2,2026-06-04T15:06:00.000Z,41,40,0,0,1
L37:T0,37,T0,2025-12-12T00:00:00.000Z,43,12,0,31,0
L37:T1:I168,37,T1,2025-12-24T17:40:04.000Z,45,13,0,31,1
L38:T0,38,T0,2025-01-12T00:00:00.000Z,21,15,6,0,0
L38:T1:I171,38,T1,2025-01-15T16:44:54.000Z,22,15,6,0,1
L38:T2:I174,38,T2,2025-01-15T20:07:20.000Z,21,15,6,0,0
L38:T2:I169,38,T2,2025-01-17T20:07:00.000Z,22,15,6,0,1
L38:T2:I172,38,T2,2025-03-05T20:11:00.000Z,26,16,9,0,1
L38:T2:I170,38,T2,2025-07-17T10:11:00.000Z,42,22,19,0,1
L38:T2:I175,38,T2,2025-09-02T20:29:00.000Z,44,23,20,0,1
L38:T2:I173,38,T2,2026-01-20T18:32:00.000Z,52,29,22,0,1
L39:T0,39,T0,2025-10-04T00:00:00.000Z,49,25,0,24,0
L39:T1:I176,39,T1,2025-10-09T12:46:34.000Z,51,25,0,25,1
L40:T0,40,T0,2026-06-10T00:00:00.000Z,30,30,0,0,0
L40:T1:I178,40,T1,2026-06-10T07:12:49.000Z,31,30,0,0,1
L40:T2:I177,40,T2,2026-06-21T14:51:59.000Z,31,30,0,0,1
L41:T0,41,T0,2025-06-06T00:00:00.000Z,24,24,0,0,0
L41:T1:I183,41,T1,2025-06-09T07:42:23.000Z,25,24,0,0,1
L41:T2:I182,41,T2,2025-06-10T13:08:42.000Z,25,24,0,0,1
L41:T2:I181,41,T2,2025-06-10T14:09:37.000Z,25,24,0,0,1
L41:T2:I184,41,T2,2025-10-20T19:15:00.000Z,33,32,0,0,1
L41:T2:I179,41,T2,2025-11-08T07:22:00.000Z,34,33,0,0,1
L41:T2:I185,41,T2,2026-03-10T15:38:00.000Z,39,38,0,0,1
L41:T2:I180,41,T2,2026-03-20T12:26:00.000Z,40,39,0,0,1
L42:T0,42,T0,2026-06-01T00:00:00.000Z,34,34,0,0,0
L42:T1:I186,42,T1,2026-06-02T07:32:32.000Z,35,34,0,0,1
L42:T2:I187,42,T2,2026-06-03T20:08:24.000Z,35,34,0,0,1
L42:T2:I189,42,T2,2026-06-06T14:02:22.000Z,35,34,0,0,1
L42:T2:I188,42,T2,2026-06-06T15:52:28.000Z,35,34,0,0,1
L43:T0,43,T0,2025-09-23T00:00:00.000Z,95,37,0,58,0
L43:T1:I191,43,T1,2025-10-01T07:13:54.000Z,98,39,0,58,1
L43:T2:I190,43,T2,2025-10-01T12:36:49.000Z,98,39,0,58,1
L43:T2:I192,43,T2,2025-10-04T07:12:37.000Z,101,40,0,60,1
L43:T2:I193,43,T2,2026-03-19T13:16:00.000Z,141,57,0,83,1
L43:T2:I194,43,T2,2026-04-05T14:13:00.000Z,141,57,0,83,1
L44:T0,44,T0,2026-03-25T00:00:00.000Z,71,33,0,38,0
L44:T1:I195,44,T1,2026-03-30T09:04:12.000Z,72,33,0,38,1
L44:T2:I197,44,T2,2026-04-06T08:19:43.000Z,73,33,0,39,1
L44:T2:I196,44,T2,2026-05-06T15:58:00.000Z,74,34,0,39,1
L45:T0,45,T0,2026-06-09T00:00:00.000Z,98,31,0,67,0
L45:T1:I198,45,T1,2026-06-13T08:44:32.000Z,99,31,0,67,1
L45:T2:I199,45,T2,2026-06-14T12:21:57.000Z,99,31,0,67,1
L46:T0,46,T0,2026-04-06T00:00:00.000Z,12,12,0,0,0
L46:T1:I202,46,T1,2026-04-10T18:16:10.000Z,13,12,0,0,1
L46:T2:I203,46,T2,2026-04-14T15:20:36.000Z,13,12,0,0,1
L46:T2:I200,46,T2,2026-04-19T10:26:59.000Z,13,12,0,0,1
L46:T2:I201,46,T2,2026-06-12T13:36:00.000Z,14,14,0,0,0
L47:T0,47,T0,2026-02-18T00:00:00.000Z,136,37,0,99,0
L47:T1:I207,47,T1,2026-02-21T14:54:51.000Z,137,37,0,99,1
L47:T2:I206,47,T2,2026-02-24T19:53:31.000Z,137,37,0,99,1
L47:T2:I204,47,T2,2026-02-26T09:46:51.000Z,137,37,0,99,1
L47:T2:I208,47,T2,2026-02-26T10:20:33.000Z,137,37,0,99,1
L47:T2:I205,47,T2,2026-03-03T10:24:11.000Z,137,37,0,99,1
L48:T0,48,T0,2026-05-16T00:00:00.000Z,36,0,36,0,0
L48:T1:I214,48,T1,2026-05-16T17:07:23.000Z,37,0,36,0,1
L48:T2:I209,48,T2,2026-05-19T15:56:47.000Z,37,0,36,0,1
L48:T2:I211,48,T2,2026-05-20T17:10:34.000Z,37,0,36,0,1
L48:T2:I210,48,T2,2026-05-21T15:30:48.000Z,37,0,36,0,1
L48:T2:I213,48,T2,2026-05-26T11:44:11.000Z,37,0,36,0,1
L48:T2:I212,48,T2,2026-05-28T08:57:44.000Z,37,0,36,0,1
L49:T0,49,T0,2025-02-01T00:00:00.000Z,31,10,0,21,0
L49:T1:I218,49,T1,2025-02-11T19:47:46.000Z,36,12,0,23,1
L49:T2:I221,49,T2,2025-02-13T15:51:13.000Z,36,12,0,23,1
L49:T2:I217,49,T2,2025-07-30T14:59:00.000Z,53,21,0,31,1
L49:T2:I215,49,T2,2025-11-04T14:09:00.000Z,64,25,0,39,0
L49:T2:I222,49,T2,2025-11-08T17:31:00.000Z,66,25,0,40,1
L49:T2:I216,49,T2,2025-12-15T11:20:00.000Z,70,26,0,43,1
L49:T2:I220,49,T2,2025-12-15T13:41:00.000Z,70,26,0,43,1
L49:T2:I219,49,T2,2026-05-11T07:52:00.000Z,95,34,0,60,1
L50:T0,50,T0,2025-06-06T00:00:00.000Z,4,4,0,0,0
L50:T1:I226,50,T1,2025-06-11T17:31:37.000Z,4,4,0,0,0
L50:T2:I224,50,T2,2025-06-17T11:19:07.000Z,5,4,0,0,1
L50:T2:I223,50,T2,2025-10-08T11:31:00.000Z,9,8,0,0,1
L50:T2:I225,50,T2,2026-01-28T07:57:00.000Z,15,14,0,0,1
L51:T0,51,T0,2026-06-18T00:00:00.000Z,35,35,0,0,0
L51:T1:I231,51,T1,2026-06-18T17:31:26.000Z,36,35,0,0,1
L51:T2:I229,51,T2,2026-06-24T09:06:35.000Z,35,35,0,0,0
L51:T2:I230,51,T2,2026-06-24T16:02:40.000Z,36,35,0,0,1
L51:T2:I228,51,T2,2026-06-29T19:05:32.000Z,36,35,0,0,1
L51:T2:I227,51,T2,2026-06-30T18:10:34.000Z,36,35,0,0,1
L52:T0,52,T0,2025-07-25T00:00:00.000Z,15,15,0,0,0
L52:T1:I234,52,T1,2025-08-05T08:27:08.000Z,16,15,0,0,1
L52:T2:I232,52,T2,2025-12-31T20:28:00.000Z,19,18,0,0,1
L52:T2:I233,52,T2,2026-03-02T20:39:00.000Z,21,20,0,0,1
L53:T0,53,T0,2026-01-29T00:00:00.000Z,35,35,0,0,0
L53:T1:I235,53,T1,2026-02-11T18:45:21.000Z,36,35,0,0,1
L54:T0,54,T0,2025-06-26T00:00:00.000Z,10,10,0,0,0
L54:T1:I238,54,T1,2025-06-27T20:02:49.000Z,10,10,0,0,0
L54:T2:I237,54,T2,2025-07-04T18:54:11.000Z,11,10,0,0,1
L54:T2:I236,54,T2,2025-07-08T13:51:12.000Z,11,10,0,0,1
L55:T0,55,T0,2025-05-18T00:00:00.000Z,12,12,0,0,0
L55:T1:I239,55,T1,2025-05-22T07:32:53.000Z,13,12,0,0,1
L56:T0,56,T0,2025-02-13T00:00:00.000Z,12,3,0,9,0
L56:T1:I240,56,T1,2025-02-17T13:28:29.000Z,13,3,0,9,1
L56:T2:I241,56,T2,2025-09-12T15:06:00.000Z,33,11,0,21,1
L56:T2:I243,56,T2,2025-12-01T11:19:00.000Z,35,13,0,21,1
L56:T2:I242,56,T2,2026-06-06T20:34:00.000Z,44,15,0,28,1
L57:T0,57,T0,2026-06-09T00:00:00.000Z,33,33,0,0,0
L57:T1:I245,57,T1,2026-06-09T13:50:31.000Z,33,33,0,0,0
L57:T2:I247,57,T2,2026-06-11T09:26:35.000Z,34,33,0,0,1
L57:T2:I244,57,T2,2026-06-11T12:25:05.000Z,34,33,0,0,1
L57:T2:I246,57,T2,2026-06-14T14:35:31.000Z,34,33,0,0,1
L57:T2:I248,57,T2,2026-06-16T14:02:57.000Z,34,33,0,0,1
L57:T2:I249,57,T2,2026-06-17T13:27:39.000Z,34,33,0,0,1
L58:T0,58,T0,2025-02-07T00:00:00.000Z,6,6,0,0,0
L58:T1:I251,58,T1,2025-05-19T13:07:00.000Z,11,11,0,0,0
L58:T2:I250,58,T2,2026-02-27T15:43:00.000Z,31,30,0,0,1
L59:T0,59,T0,2025-09-29T00:00:00.000Z,25,16,0,9,0
L59:T1:I252,59,T1,2025-10-09T07:48:30.000Z,26,16,0,9,1
L60:T0,60,T0,2025-05-02T00:00:00.000Z,42,26,0,16,0
L60:T1:I254,60,T1,2025-05-04T17:05:46.000Z,43,26,0,16,1
L60:T2:I255,60,T2,2025-05-05T18:42:06.000Z,43,26,0,16,1
L60:T2:I253,60,T2,2025-05-13T11:36:26.000Z,45,27,0,17,1
L60:T2:I256,60,T2,2025-06-12T10:16:00.000Z,46,28,0,17,1
L61:T0,61,T0,2025-10-24T00:00:00.000Z,68,33,35,0,0
L61:T1:I257,61,T1,2025-10-25T15:06:53.000Z,69,33,35,0,1
L61:T2:I258,61,T2,2025-10-28T09:58:43.000Z,69,33,35,0,1
L61:T2:I259,61,T2,2026-03-08T09:54:00.000Z,84,39,44,0,1
L61:T2:I260,61,T2,2026-05-22T19:31:00.000Z,93,45,47,0,1
L62:T0,62,T0,2025-12-01T00:00:00.000Z,13,13,0,0,0
L62:T1:I261,62,T1,2025-12-02T11:31:56.000Z,14,13,0,0,1
L63:T0,63,T0,2025-05-16T00:00:00.000Z,17,17,0,0,0
L63:T1:I263,63,T1,2025-05-18T14:46:07.000Z,18,17,0,0,1
L63:T2:I264,63,T2,2025-05-20T07:24:42.000Z,18,17,0,0,1
L63:T2:I262,63,T2,2026-03-02T10:27:00.000Z,33,32,0,0,1
L64:T0,64,T0,2025-05-22T00:00:00.000Z,35,22,0,13,0
L64:T1:I266,64,T1,2025-08-12T11:15:00.000Z,41,24,0,16,1
L64:T2:I265,64,T2,2026-06-18T16:32:00.000Z,79,41,0,37,1
L65:T0,65,T0,2026-06-28T00:00:00.000Z,36,36,0,0,0
L65:T1:I267,65,T1,2026-06-29T11:04:39.000Z,37,36,0,0,1
L65:T2:I268,65,T2,2026-07-10T13:36:46.000Z,37,36,0,0,1
L66:T0,66,T0,2025-09-25T00:00:00.000Z,47,17,0,30,0
L66:T1:I273,66,T1,2025-09-25T09:02:04.000Z,48,17,0,30,1
L66:T2:I269,66,T2,2025-10-02T11:22:52.000Z,48,17,0,31,0
L66:T2:I270,66,T2,2025-10-07T20:22:45.000Z,49,17,0,31,1
L66:T2:I271,66,T2,2026-01-11T20:54:00.000Z,66,22,0,43,1
L66:T2:I272,66,T2,2026-06-11T16:05:00.000Z,86,29,0,56,1
L67:T0,67,T0,2025-06-16T00:00:00.000Z,29,10,0,19,0
L67:T1:I274,67,T1,2025-12-26T15:05:00.000Z,53,25,0,28,0
L67:T2:I275,67,T2,2025-12-29T18:39:00.000Z,55,26,0,28,1
L67:T2:I276,67,T2,2026-04-09T13:45:00.000Z,63,29,0,33,1
L68:T0,68,T0,2025-10-04T00:00:00.000Z,18,18,0,0,0
L68:T1:I281,68,T1,2025-10-04T18:55:09.000Z,19,18,0,0,1
L68:T2:I277,68,T2,2025-10-07T18:45:14.000Z,19,18,0,0,1
L68:T2:I280,68,T2,2025-10-09T13:36:33.000Z,19,18,0,0,1
L68:T2:I279,68,T2,2025-10-15T15:44:30.000Z,19,18,0,0,1
L68:T2:I278,68,T2,2025-10-16T07:54:30.000Z,19,18,0,0,1
L69:T0,69,T0,2025-12-17T00:00:00.000Z,47,19,0,28,0
L69:T1:I284,69,T1,2025-12-20T13:49:59.000Z,49,19,0,29,1
L69:T2:I282,69,T2,2025-12-21T20:22:13.000Z,49,19,0,29,1
L69:T2:I283,69,T2,2025-12-22T13:16:38.000Z,49,19,0,29,1
L69:T2:I285,69,T2,2025-12-23T14:24:35.000Z,49,19,0,29,1
L70:T0,70,T0,2025-02-13T00:00:00.000Z,22,13,0,9,0
L70:T1:I286,70,T1,2026-05-18T15:35:00.000Z,77,44,0,33,0
L70:T2:I287,70,T2,2026-05-22T07:27:00.000Z,78,44,0,33,1
L71:T0,71,T0,2025-11-14T00:00:00.000Z,88,27,0,61,0
L71:T1:I289,71,T1,2025-11-17T17:28:07.000Z,89,27,0,61,1
L71:T2:I290,71,T2,2025-11-21T16:55:25.000Z,89,27,0,61,1
L71:T2:I288,71,T2,2025-11-22T10:33:56.000Z,89,27,0,61,1
L71:T2:I291,71,T2,2026-04-17T07:58:00.000Z,109,30,0,79,0
L72:T0,72,T0,2025-10-04T00:00:00.000Z,57,26,0,31,0
L72:T1:I294,72,T1,2025-10-06T17:53:13.000Z,58,26,0,31,1
L72:T2:I295,72,T2,2025-10-10T12:38:38.000Z,58,26,0,31,1
L72:T2:I297,72,T2,2025-10-16T08:32:30.000Z,58,26,0,31,1
L72:T2:I296,72,T2,2025-10-16T17:28:45.000Z,58,26,0,31,1
L72:T2:I292,72,T2,2025-12-31T13:09:00.000Z,61,26,0,34,1
L72:T2:I293,72,T2,2026-05-25T17:52:00.000Z,80,32,0,48,0
L73:T0,73,T0,2026-01-25T00:00:00.000Z,50,30,0,20,0
L73:T1:I299,73,T1,2026-01-27T14:42:52.000Z,51,30,0,20,1
L73:T2:I300,73,T2,2026-01-29T12:08:32.000Z,51,30,0,20,1
L73:T2:I302,73,T2,2026-01-30T12:35:34.000Z,51,30,0,20,1
L73:T2:I298,73,T2,2026-02-01T19:40:44.000Z,51,30,0,20,1
L73:T2:I301,73,T2,2026-03-18T11:21:00.000Z,56,32,0,23,1
L74:T0,74,T0,2026-03-31T00:00:00.000Z,86,28,0,58,0
L74:T1:I303,74,T1,2026-04-10T17:15:37.000Z,87,28,0,58,1
L75:T0,75,T0,2025-02-10T00:00:00.000Z,15,9,6,0,0
L75:T1:I308,75,T1,2025-02-13T11:32:07.000Z,16,9,6,0,1
L75:T2:I304,75,T2,2025-02-19T20:18:22.000Z,16,9,6,0,1
L75:T2:I307,75,T2,2025-02-22T07:04:06.000Z,17,10,6,0,1
L75:T2:I305,75,T2,2025-08-28T18:23:00.000Z,35,19,15,0,1
L75:T2:I311,75,T2,2025-11-21T15:39:00.000Z,39,22,17,0,0
L75:T2:I309,75,T2,2025-12-30T17:30:00.000Z,43,24,18,0,1
L75:T2:I310,75,T2,2026-04-23T09:11:00.000Z,51,27,23,0,1
L75:T2:I306,75,T2,2026-06-10T16:23:00.000Z,55,28,26,0,1
L76:T0,76,T0,2025-01-19T00:00:00.000Z,8,8,0,0,0
L76:T1:I317,76,T1,2025-01-21T09:57:15.000Z,9,8,0,0,1
L76:T2:I312,76,T2,2025-01-22T08:41:38.000Z,9,8,0,0,1
L76:T2:I315,76,T2,2025-01-24T20:54:25.000Z,9,8,0,0,1
L76:T2:I314,76,T2,2025-01-29T11:07:22.000Z,10,9,0,0,1
L76:T2:I316,76,T2,2025-01-29T17:28:32.000Z,10,9,0,0,1
L76:T2:I313,76,T2,2026-06-01T16:50:00.000Z,31,30,0,0,1
L77:T0,77,T0,2025-09-29T00:00:00.000Z,59,18,0,41,0
L77:T1:I318,77,T1,2025-09-30T17:05:05.000Z,60,18,0,41,1
L77:T2:I320,77,T2,2025-10-09T13:57:55.000Z,60,18,0,41,1
L77:T2:I319,77,T2,2026-06-02T13:22:00.000Z,99,31,0,67,1
L78:T0,78,T0,2025-11-05T00:00:00.000Z,15,15,0,0,0
L78:T1:I323,78,T1,2025-11-16T13:09:27.000Z,16,15,0,0,1
L78:T2:I322,78,T2,2025-11-16T16:39:35.000Z,16,15,0,0,1
L78:T2:I324,78,T2,2025-11-18T09:41:23.000Z,16,15,0,0,1
L78:T2:I325,78,T2,2026-03-03T12:59:00.000Z,18,17,0,0,1
L78:T2:I327,78,T2,2026-03-14T20:17:00.000Z,20,19,0,0,1
L78:T2:I326,78,T2,2026-05-12T17:11:00.000Z,21,20,0,0,1
L78:T2:I321,78,T2,2026-05-29T13:23:00.000Z,21,20,0,0,1
L79:T0,79,T0,2025-05-06T00:00:00.000Z,9,9,0,0,0
L79:T1:I333,79,T1,2025-05-18T08:22:05.000Z,10,9,0,0,1
L79:T2:I331,79,T2,2025-05-19T12:37:14.000Z,11,10,0,0,1
L79:T2:I330,79,T2,2025-05-19T20:24:20.000Z,11,10,0,0,1
L79:T2:I329,79,T2,2025-06-23T14:43:00.000Z,13,12,0,0,1
L79:T2:I328,79,T2,2025-09-25T16:59:00.000Z,16,16,0,0,0
L79:T2:I332,79,T2,2026-01-21T20:16:00.000Z,24,23,0,0,1
L80:T0,80,T0,2025-05-24T00:00:00.000Z,27,12,0,15,0
L80:T1:I335,80,T1,2025-06-05T19:33:42.000Z,27,12,0,15,0
L80:T2:I334,80,T2,2025-06-14T13:51:00.000Z,29,13,0,15,1
L80:T2:I336,80,T2,2026-03-15T07:30:00.000Z,56,23,0,32,1
L81:T0,81,T0,2025-03-08T00:00:00.000Z,21,8,0,13,0
L81:T1:I338,81,T1,2025-03-20T15:32:54.000Z,22,8,0,13,1
L81:T2:I337,81,T2,2026-02-21T14:17:00.000Z,46,22,0,23,1
L82:T0,82,T0,2026-03-19T00:00:00.000Z,46,26,0,20,0
L82:T1:I344,82,T1,2026-03-25T14:51:18.000Z,48,26,0,21,1
L82:T2:I343,82,T2,2026-03-26T13:57:38.000Z,48,26,0,21,1
L82:T2:I339,82,T2,2026-03-28T09:01:01.000Z,48,26,0,21,1
L82:T2:I342,82,T2,2026-03-30T11:46:16.000Z,48,26,0,21,1
L82:T2:I340,82,T2,2026-03-30T19:03:11.000Z,48,26,0,21,1
L82:T2:I341,82,T2,2026-04-21T16:49:00.000Z,49,27,0,21,1
L83:T0,83,T0,2025-10-14T00:00:00.000Z,16,16,0,0,0
L83:T1:I345,83,T1,2025-10-21T18:58:41.000Z,17,16,0,0,1
L83:T2:I346,83,T2,2026-03-19T09:02:00.000Z,21,20,0,0,1
L84:T0,84,T0,2026-02-23T00:00:00.000Z,23,23,0,0,0
L84:T1:I347,84,T1,2026-02-24T17:41:43.000Z,24,23,0,0,1
L84:T2:I349,84,T2,2026-03-04T14:14:20.000Z,25,24,0,0,1
L84:T2:I348,84,T2,2026-03-05T15:27:10.000Z,25,24,0,0,1
L85:T0,85,T0,2025-09-05T00:00:00.000Z,60,31,0,29,0
L85:T1:I352,85,T1,2025-09-06T20:45:39.000Z,61,31,0,29,1
L85:T2:I355,85,T2,2025-09-12T18:06:25.000Z,61,31,0,29,1
L85:T2:I351,85,T2,2025-09-13T18:48:40.000Z,60,31,0,29,0
L85:T2:I350,85,T2,2025-09-13T20:32:25.000Z,61,31,0,29,1
L85:T2:I354,85,T2,2026-01-01T18:38:00.000Z,76,39,0,36,1
L85:T2:I353,85,T2,2026-06-07T14:00:00.000Z,100,55,0,44,1
L86:T0,86,T0,2025-04-25T00:00:00.000Z,29,12,0,17,0
L86:T1:I356,86,T1,2025-05-04T16:22:15.000Z,31,12,0,18,1
L87:T0,87,T0,2025-09-06T00:00:00.000Z,57,33,0,24,0
L87:T1:I360,87,T1,2025-09-06T14:17:38.000Z,58,33,0,24,1
L87:T2:I357,87,T2,2025-09-07T11:32:39.000Z,58,33,0,24,1
L87:T2:I359,87,T2,2025-09-07T14:56:30.000Z,57,33,0,24,0
L87:T2:I361,87,T2,2026-01-06T11:23:00.000Z,70,41,0,28,1
L87:T2:I358,87,T2,2026-04-29T14:20:00.000Z,84,47,0,36,1
L88:T0,88,T0,2025-01-16T00:00:00.000Z,8,8,0,0,0
L88:T1:I362,88,T1,2025-01-24T16:25:40.000Z,9,8,0,0,1
L88:T2:I363,88,T2,2025-06-30T09:10:00.000Z,20,19,0,0,1
L88:T2:I365,88,T2,2025-08-17T15:41:00.000Z,24,23,0,0,1
L88:T2:I367,88,T2,2025-12-26T09:22:00.000Z,27,26,0,0,1
L88:T2:I364,88,T2,2026-02-05T20:07:00.000Z,28,27,0,0,1
L88:T2:I366,88,T2,2026-05-10T08:13:00.000Z,34,33,0,0,1
L89:T0,89,T0,2025-07-27T00:00:00.000Z,66,23,0,43,0
L89:T1:I368,89,T1,2025-07-28T11:24:27.000Z,67,23,0,43,1
L89:T2:I372,89,T2,2025-07-31T17:25:19.000Z,67,23,0,43,1
L89:T2:I370,89,T2,2025-08-26T18:58:00.000Z,74,25,0,48,1
L89:T2:I371,89,T2,2025-10-12T07:20:00.000Z,82,25,0,56,1
L89:T2:I369,89,T2,2026-04-29T09:48:00.000Z,111,31,0,79,1
L90:T0,90,T0,2026-02-24T00:00:00.000Z,57,0,57,0,0
L90:T1:I373,90,T1,2026-03-12T13:30:00.000Z,61,0,60,0,1
L91:T0,91,T0,2025-06-20T00:00:00.000Z,17,17,0,0,0
L91:T1:I375,91,T1,2025-06-23T07:53:29.000Z,18,17,0,0,1
L91:T2:I376,91,T2,2025-07-01T09:06:07.000Z,17,17,0,0,0
L91:T2:I374,91,T2,2025-11-17T13:20:00.000Z,20,19,0,0,1
L92:T0,92,T0,2026-06-14T00:00:00.000Z,24,24,0,0,0
L92:T1:I381,92,T1,2026-06-15T16:24:28.000Z,25,24,0,0,1
L92:T2:I378,92,T2,2026-06-16T10:31:34.000Z,24,24,0,0,0
L92:T2:I382,92,T2,2026-06-16T20:48:22.000Z,25,24,0,0,1
L92:T2:I379,92,T2,2026-06-17T10:37:08.000Z,25,24,0,0,1
L92:T2:I380,92,T2,2026-06-18T18:57:32.000Z,25,24,0,0,1
L92:T2:I377,92,T2,2026-06-24T07:48:49.000Z,25,24,0,0,1
L93:T0,93,T0,2025-01-16T00:00:00.000Z,37,10,0,27,0
L93:T1:I383,93,T1,2026-01-23T09:48:00.000Z,102,31,0,70,1
L94:T0,94,T0,2025-05-25T00:00:00.000Z,32,19,0,13,0
L94:T1:I386,94,T1,2025-05-27T10:39:14.000Z,32,19,0,13,0
L94:T2:I385,94,T2,2025-10-27T16:12:00.000Z,52,26,0,25,1
L94:T2:I387,94,T2,2026-01-22T07:53:00.000Z,59,32,0,26,1
L94:T2:I388,94,T2,2026-01-29T07:49:00.000Z,60,32,0,27,1
L94:T2:I384,94,T2,2026-02-16T17:32:00.000Z,61,33,0,27,1
L95:T0,95,T0,2025-11-20T00:00:00.000Z,53,27,0,26,0
L95:T1:I391,95,T1,2025-11-20T07:58:24.000Z,54,27,0,26,1
L95:T2:I393,95,T2,2025-11-21T14:55:18.000Z,54,27,0,26,1
L95:T2:I392,95,T2,2025-11-26T10:46:21.000Z,54,27,0,26,1
L95:T2:I389,95,T2,2025-11-27T10:50:35.000Z,54,27,0,26,1
L95:T2:I394,95,T2,2025-12-24T10:30:00.000Z,58,31,0,26,1
L95:T2:I396,95,T2,2026-03-29T18:51:00.000Z,65,33,0,31,1
L95:T2:I390,95,T2,2026-05-06T16:31:00.000Z,68,35,0,32,1
L95:T2:I395,95,T2,2026-06-15T19:41:00.000Z,70,37,0,32,1
L96:T0,96,T0,2025-06-10T00:00:00.000Z,12,12,0,0,0
L96:T1:I399,96,T1,2025-06-16T15:20:45.000Z,13,12,0,0,1
L96:T2:I402,96,T2,2025-07-03T16:18:00.000Z,14,13,0,0,1
L96:T2:I403,96,T2,2025-09-01T16:20:00.000Z,15,14,0,0,1
L96:T2:I397,96,T2,2025-11-01T09:30:00.000Z,16,15,0,0,1
L96:T2:I401,96,T2,2026-01-06T15:10:00.000Z,17,16,0,0,1
L96:T2:I400,96,T2,2026-04-04T18:12:00.000Z,21,20,0,0,1
L96:T2:I398,96,T2,2026-04-06T15:44:00.000Z,21,20,0,0,1
L97:T0,97,T0,2026-05-13T00:00:00.000Z,80,43,0,37,0
L97:T1:I404,97,T1,2026-05-15T13:17:04.000Z,81,43,0,37,1
L97:T2:I405,97,T2,2026-05-24T11:53:28.000Z,80,43,0,37,0
L98:T0,98,T0,2025-02-12T00:00:00.000Z,27,16,0,11,0
L98:T1:I412,98,T1,2025-02-23T08:54:21.000Z,29,17,0,11,1
L98:T2:I410,98,T2,2025-02-24T10:01:34.000Z,28,17,0,11,0
L98:T2:I409,98,T2,2025-02-26T09:32:00.000Z,29,17,0,11,1
L98:T2:I411,98,T2,2025-07-08T16:59:00.000Z,43,24,0,18,1
L98:T2:I407,98,T2,2025-07-21T10:32:00.000Z,44,24,0,19,1
L98:T2:I408,98,T2,2025-08-11T19:40:00.000Z,46,24,0,21,1
L98:T2:I406,98,T2,2025-09-02T09:52:00.000Z,46,24,0,21,1
L99:T0,99,T0,2025-09-25T00:00:00.000Z,58,17,0,41,0
L99:T1:I413,99,T1,2025-09-30T12:13:00.000Z,60,18,0,41,1
L100:T0,100,T0,2025-06-27T00:00:00.000Z,11,11,0,0,0
L100:T1:I418,100,T1,2025-06-30T18:16:36.000Z,12,11,0,0,1
L100:T2:I415,100,T2,2025-07-01T13:38:24.000Z,12,11,0,0,1
L100:T2:I420,100,T2,2025-07-01T20:46:26.000Z,12,11,0,0,1
L100:T2:I419,100,T2,2025-08-19T19:53:00.000Z,15,14,0,0,1
L100:T2:I416,100,T2,2025-10-12T13:51:00.000Z,16,16,0,0,0
L100:T2:I414,100,T2,2025-10-18T09:32:00.000Z,17,16,0,0,1
L100:T2:I417,100,T2,2026-03-23T18:52:00.000Z,29,28,0,0,1
L101:T0,101,T0,2025-06-10T00:00:00.000Z,19,19,0,0,0
L101:T1:I421,101,T1,2025-10-26T12:39:00.000Z,24,23,0,0,1
L102:T0,102,T0,2025-02-01T00:00:00.000Z,16,16,0,0,0
L102:T1:I422,102,T1,2025-02-04T09:10:57.000Z,16,16,0,0,0
L102:T2:I423,102,T2,2025-02-14T12:18:41.000Z,17,16,0,0,1
L102:T2:I424,102,T2,2025-04-12T14:50:00.000Z,21,20,0,0,1
L102:T2:I425,102,T2,2026-01-08T18:19:00.000Z,36,35,0,0,1
L103:T0,103,T0,2025-06-18T00:00:00.000Z,12,12,0,0,0
L103:T1:I427,103,T1,2025-07-26T18:18:00.000Z,13,12,0,0,1
L103:T2:I426,103,T2,2026-02-15T11:23:00.000Z,26,25,0,0,1
L104:T0,104,T0,2025-01-24T00:00:00.000Z,11,0,11,0,0
L104:T1:I430,104,T1,2025-02-01T15:08:16.000Z,13,0,12,0,1
L104:T2:I431,104,T2,2025-02-13T11:45:00.000Z,14,0,13,0,1
L104:T2:I434,104,T2,2025-02-13T15:16:00.000Z,14,0,13,0,1
L104:T2:I429,104,T2,2025-04-20T08:02:00.000Z,18,0,17,0,1
L104:T2:I433,104,T2,2025-05-09T07:14:00.000Z,21,0,20,0,1
L104:T2:I428,104,T2,2025-10-22T20:43:00.000Z,26,0,25,0,1
L104:T2:I432,104,T2,2026-05-12T11:04:00.000Z,46,0,45,0,1
L105:T0,105,T0,2025-05-23T00:00:00.000Z,14,14,0,0,0
L105:T1:I437,105,T1,2025-05-25T14:22:58.000Z,15,14,0,0,1
L105:T2:I436,105,T2,2025-06-04T11:26:28.000Z,15,14,0,0,1
L105:T2:I438,105,T2,2025-08-24T08:23:00.000Z,17,16,0,0,1
L105:T2:I435,105,T2,2026-06-08T08:41:00.000Z,28,27,0,0,1
L106:T0,106,T0,2026-04-02T00:00:00.000Z,43,23,0,20,0
L106:T1:I442,106,T1,2026-04-06T18:18:30.000Z,44,23,0,20,1
L106:T2:I440,106,T2,2026-04-10T19:54:02.000Z,44,23,0,20,1
L106:T2:I439,106,T2,2026-04-12T07:52:14.000Z,44,23,0,20,1
L106:T2:I441,106,T2,2026-04-13T19:14:44.000Z,44,23,0,20,1
L107:T0,107,T0,2025-08-28T00:00:00.000Z,46,21,0,25,0
L107:T1:I445,107,T1,2025-08-29T08:17:25.000Z,48,22,0,25,1
L107:T2:I444,107,T2,2025-09-03T08:06:32.000Z,48,22,0,25,1
L107:T2:I446,107,T2,2025-09-06T10:11:12.000Z,48,22,0,25,1
L107:T2:I443,107,T2,2025-10-21T14:03:00.000Z,54,24,0,30,0
L108:T0,108,T0,2025-05-25T00:00:00.000Z,8,8,0,0,0
L108:T1:I450,108,T1,2025-05-28T18:31:41.000Z,9,8,0,0,1
L108:T2:I453,108,T2,2025-05-28T18:55:40.000Z,9,8,0,0,1
L108:T2:I449,108,T2,2025-05-29T14:56:15.000Z,9,8,0,0,1
L108:T2:I451,108,T2,2025-06-02T07:19:31.000Z,9,8,0,0,1
L108:T2:I452,108,T2,2025-06-06T10:23:00.000Z,9,8,0,0,1
L108:T2:I447,108,T2,2025-11-05T07:04:00.000Z,15,14,0,0,1
L108:T2:I448,108,T2,2026-04-30T17:07:00.000Z,17,16,0,0,1
L109:T0,109,T0,2025-01-30T00:00:00.000Z,9,9,0,0,0
L109:T1:I455,109,T1,2025-02-03T12:14:05.000Z,10,9,0,0,1
L109:T2:I454,109,T2,2025-04-23T09:48:00.000Z,11,10,0,0,1
L110:T0,110,T0,2025-06-12T00:00:00.000Z,21,21,0,0,0
L110:T1:I456,110,T1,2025-06-18T13:11:50.000Z,22,21,0,0,1
L110:T2:I457,110,T2,2025-06-24T18:09:55.000Z,23,22,0,0,1
L110:T2:I459,110,T2,2026-05-08T18:38:00.000Z,35,34,0,0,1
L110:T2:I458,110,T2,2026-06-30T15:19:00.000Z,38,37,0,0,1
L111:T0,111,T0,2025-05-09T00:00:00.000Z,40,23,17,0,0
L111:T1:I460,111,T1,2025-05-10T13:33:05.000Z,41,23,17,0,1
L111:T2:I466,111,T2,2025-05-11T13:52:10.000Z,41,23,17,0,1
L111:T2:I464,111,T2,2025-05-13T19:04:06.000Z,42,23,18,0,1
L111:T2:I461,111,T2,2025-05-15T20:50:54.000Z,42,23,18,0,1
L111:T2:I467,111,T2,2025-10-09T10:15:00.000Z,61,33,27,0,1
L111:T2:I463,111,T2,2025-12-12T20:56:00.000Z,66,35,30,0,1
L111:T2:I465,111,T2,2026-03-15T17:18:00.000Z,85,47,37,0,1
L111:T2:I462,111,T2,2026-05-05T14:07:00.000Z,90,49,40,0,1
L112:T0,112,T0,2025-09-08T00:00:00.000Z,26,26,0,0,0
L112:T1:I468,112,T1,2026-06-24T12:36:00.000Z,37,36,0,0,1
L113:T0,113,T0,2026-05-30T00:00:00.000Z,58,16,0,42,0
L113:T1:I469,113,T1,2026-05-30T08:33:43.000Z,58,16,0,42,0
L114:T0,114,T0,2025-01-26T00:00:00.000Z,4,4,0,0,0
L114:T1:I471,114,T1,2025-01-28T17:19:09.000Z,4,4,0,0,0
L114:T2:I470,114,T2,2026-05-08T10:02:00.000Z,20,19,0,0,1
L115:T0,115,T0,2025-09-06T00:00:00.000Z,33,11,22,0,0
L115:T1:I472,115,T1,2025-09-07T20:20:43.000Z,34,11,22,0,1
L115:T2:I476,115,T2,2025-09-10T14:44:47.000Z,34,11,22,0,1
L115:T2:I474,115,T2,2025-09-10T16:33:05.000Z,34,11,22,0,1
L115:T2:I473,115,T2,2025-09-17T20:01:02.000Z,33,11,22,0,0
L115:T2:I475,115,T2,2025-09-19T11:55:00.000Z,34,11,22,0,1
L116:T0,116,T0,2025-09-12T00:00:00.000Z,65,26,0,39,0
L116:T1:I481,116,T1,2025-09-12T14:00:10.000Z,66,26,0,39,1
L116:T2:I479,116,T2,2025-09-23T11:32:40.000Z,66,26,0,39,1
L116:T2:I477,116,T2,2025-10-29T13:18:00.000Z,71,31,0,40,0
L116:T2:I478,116,T2,2026-05-07T19:19:00.000Z,107,39,0,67,1
L116:T2:I480,116,T2,2026-06-26T20:46:00.000Z,110,39,0,70,1
L117:T0,117,T0,2025-01-26T00:00:00.000Z,17,8,0,9,0
L117:T1:I483,117,T1,2025-01-31T09:06:29.000Z,18,8,0,9,1
L117:T2:I484,117,T2,2025-02-17T20:40:00.000Z,20,9,0,10,1
L117:T2:I485,117,T2,2025-04-02T19:55:00.000Z,23,10,0,12,1
L117:T2:I486,117,T2,2025-09-19T16:03:00.000Z,42,18,0,23,1
L117:T2:I482,117,T2,2025-10-30T20:20:00.000Z,44,19,0,24,1
L118:T0,118,T0,2025-05-22T00:00:00.000Z,24,9,0,15,0
L118:T1:I487,118,T1,2025-05-30T18:21:01.000Z,26,9,0,16,1
L118:T2:I488,118,T2,2026-02-22T09:55:00.000Z,38,14,0,23,1
L119:T0,119,T0,2025-01-07T00:00:00.000Z,29,10,0,19,0
L119:T1:I492,119,T1,2025-01-28T12:49:00.000Z,33,11,0,21,1
L119:T2:I491,119,T2,2025-07-27T19:48:00.000Z,60,17,0,42,1
L119:T2:I489,119,T2,2026-02-15T08:40:00.000Z,93,25,0,67,1
L119:T2:I490,119,T2,2026-03-12T07:31:00.000Z,99,28,0,70,1
L119:T2:I493,119,T2,2026-04-28T14:03:00.000Z,105,32,0,72,1
L120:T0,120,T0,2026-01-23T00:00:00.000Z,32,32,0,0,0
L120:T1:I497,120,T1,2026-01-28T18:57:16.000Z,33,32,0,0,1
L120:T2:I496,120,T2,2026-01-28T19:44:27.000Z,33,32,0,0,1
L120:T2:I494,120,T2,2026-02-04T14:18:43.000Z,32,32,0,0,0
L120:T2:I495,120,T2,2026-02-05T07:41:11.000Z,33,32,0,0,1
L120:T2:I498,120,T2,2026-02-05T17:13:27.000Z,33,32,0,0,1
L121:T0,121,T0,2026-06-19T00:00:00.000Z,49,49,0,0,0
L121:T1:I500,121,T1,2026-06-19T16:46:29.000Z,50,49,0,0,1
L121:T2:I502,121,T2,2026-06-22T17:06:52.000Z,49,49,0,0,0
L121:T2:I499,121,T2,2026-06-25T07:34:45.000Z,50,49,0,0,1
L121:T2:I501,121,T2,2026-06-28T19:08:38.000Z,49,49,0,0,0
L122:T0,122,T0,2025-01-29T00:00:00.000Z,12,12,0,0,0
L122:T1:I504,122,T1,2025-01-29T19:27:45.000Z,13,12,0,0,1
L122:T2:I503,122,T2,2025-02-02T14:27:29.000Z,13,12,0,0,1
L122:T2:I507,122,T2,2025-02-05T13:38:25.000Z,13,12,0,0,1
L122:T2:I508,122,T2,2025-02-08T18:33:05.000Z,12,12,0,0,0
L122:T2:I506,122,T2,2025-03-17T07:25:00.000Z,13,12,0,0,1
L122:T2:I505,122,T2,2025-10-03T11:14:00.000Z,24,23,0,0,1
L122:T2:I509,122,T2,2026-05-06T11:35:00.000Z,27,27,0,0,0
L123:T0,123,T0,2026-03-03T00:00:00.000Z,48,48,0,0,0
L123:T1:I515,123,T1,2026-03-05T08:01:41.000Z,50,49,0,0,1
L123:T2:I514,123,T2,2026-03-06T11:23:17.000Z,49,49,0,0,0
L123:T2:I511,123,T2,2026-03-06T13:11:30.000Z,50,49,0,0,1
L123:T2:I510,123,T2,2026-03-16T12:51:58.000Z,50,50,0,0,0
L123:T2:I512,123,T2,2026-04-06T12:17:00.000Z,51,50,0,0,1
L123:T2:I513,123,T2,2026-05-23T08:32:00.000Z,53,52,0,0,1
L124:T0,124,T0,2025-10-17T00:00:00.000Z,18,18,0,0,0
L124:T1:I516,124,T1,2026-03-10T09:04:00.000Z,22,21,0,0,1
L125:T0,125,T0,2025-05-25T00:00:00.000Z,11,11,0,0,0
L125:T1:I518,125,T1,2025-06-04T16:09:33.000Z,13,12,0,0,1
L125:T2:I517,125,T2,2026-06-07T18:36:00.000Z,30,29,0,0,1
L126:T0,126,T0,2025-12-13T00:00:00.000Z,54,24,0,30,0
L126:T1:I520,126,T1,2025-12-19T08:21:49.000Z,55,24,0,30,1
L126:T2:I519,126,T2,2025-12-20T20:55:20.000Z,55,24,0,30,1
L126:T2:I522,126,T2,2025-12-21T10:06:47.000Z,55,24,0,30,1
L126:T2:I521,126,T2,2026-03-02T10:06:00.000Z,61,28,0,32,1
L127:T0,127,T0,2025-06-30T00:00:00.000Z,28,13,0,15,0
L127:T1:I523,127,T1,2025-07-08T11:55:16.000Z,29,13,0,15,1
L127:T2:I526,127,T2,2026-01-22T14:48:00.000Z,44,17,0,26,1
L127:T2:I524,127,T2,2026-04-05T08:49:00.000Z,51,21,0,29,1
L127:T2:I525,127,T2,2026-05-05T13:50:00.000Z,55,23,0,31,1
L128:T0,128,T0,2026-06-29T00:00:00.000Z,30,30,0,0,0
L128:T1:I533,128,T1,2026-07-02T08:15:19.000Z,31,30,0,0,1
L128:T2:I532,128,T2,2026-07-04T07:30:58.000Z,31,30,0,0,1
L128:T2:I527,128,T2,2026-07-05T13:58:19.000Z,31,30,0,0,1
L128:T2:I528,128,T2,2026-07-06T15:38:16.000Z,31,30,0,0,1
L128:T2:I531,128,T2,2026-07-06T16:25:55.000Z,31,30,0,0,1
L128:T2:I529,128,T2,2026-07-09T10:51:24.000Z,31,30,0,0,1
L128:T2:I530,128,T2,2026-07-09T10:57:01.000Z,31,30,0,0,1
L129:T0,129,T0,2026-02-17T00:00:00.000Z,63,35,0,28,0
L129:T1:I536,129,T1,2026-02-21T15:06:35.000Z,64,35,0,28,1
L129:T2:I537,129,T2,2026-02-28T17:17:08.000Z,64,35,0,28,1
L129:T2:I534,129,T2,2026-03-02T15:36:00.000Z,64,35,0,29,0
L129:T2:I535,129,T2,2026-04-14T20:11:00.000Z,69,39,0,29,1
L130:T0,130,T0,2025-05-21T00:00:00.000Z,18,18,0,0,0
L130:T1:I538,130,T1,2025-05-24T18:23:44.000Z,19,18,0,0,1
L130:T2:I539,130,T2,2026-03-04T18:52:00.000Z,31,30,0,0,1
L131:T0,131,T0,2025-12-17T00:00:00.000Z,25,25,0,0,0
L131:T1:I544,131,T1,2025-12-19T09:54:38.000Z,26,26,0,0,0
L131:T2:I542,131,T2,2025-12-23T12:35:25.000Z,27,26,0,0,1
L131:T2:I545,131,T2,2025-12-24T12:38:43.000Z,27,26,0,0,1
L131:T2:I543,131,T2,2025-12-29T17:52:49.000Z,27,27,0,0,0
L131:T2:I541,131,T2,2026-01-02T18:09:00.000Z,28,27,0,0,1
L131:T2:I540,131,T2,2026-04-30T07:41:00.000Z,32,31,0,0,1
L132:T0,132,T0,2026-05-18T00:00:00.000Z,57,29,0,28,0
L132:T1:I549,132,T1,2026-05-19T17:52:00.000Z,58,29,0,28,1
L132:T2:I547,132,T2,2026-05-22T10:35:24.000Z,59,30,0,28,1
L132:T2:I550,132,T2,2026-05-29T13:26:51.000Z,60,31,0,28,1
L132:T2:I551,132,T2,2026-05-30T11:35:46.000Z,60,31,0,28,1
L132:T2:I548,132,T2,2026-05-30T13:34:35.000Z,60,31,0,28,1
L132:T2:I546,132,T2,2026-06-14T20:22:00.000Z,61,31,0,30,0
L133:T0,133,T0,2025-12-26T00:00:00.000Z,63,27,0,36,0
L133:T1:I555,133,T1,2026-01-01T14:19:08.000Z,66,29,0,36,1
L133:T2:I554,133,T2,2026-01-03T08:30:16.000Z,66,29,0,36,1
L133:T2:I552,133,T2,2026-01-06T09:59:43.000Z,65,29,0,36,0
L133:T2:I556,133,T2,2026-04-06T12:20:00.000Z,76,33,0,42,1
L133:T2:I553,133,T2,2026-06-04T09:52:00.000Z,77,34,0,42,1
L134:T0,134,T0,2025-12-27T00:00:00.000Z,28,28,0,0,0
L134:T1:I558,134,T1,2025-12-29T13:31:14.000Z,29,28,0,0,1
L134:T2:I560,134,T2,2026-01-01T14:59:12.000Z,28,28,0,0,0
L134:T2:I557,134,T2,2026-01-04T13:30:08.000Z,29,28,0,0,1
L134:T2:I559,134,T2,2026-04-13T17:06:00.000Z,34,33,0,0,1
L135:T0,135,T0,2025-07-23T00:00:00.000Z,30,14,16,0,0
L135:T1:I567,135,T1,2025-07-26T18:25:42.000Z,32,14,17,0,1
L135:T2:I565,135,T2,2025-07-31T18:44:58.000Z,32,14,17,0,1
L135:T2:I561,135,T2,2025-08-02T09:20:12.000Z,33,14,18,0,1
L135:T2:I566,135,T2,2025-08-02T14:01:56.000Z,33,14,18,0,1
L135:T2:I568,135,T2,2025-08-04T08:26:56.000Z,33,14,18,0,1
L135:T2:I564,135,T2,2025-12-19T20:59:00.000Z,47,22,24,0,1
L135:T2:I563,135,T2,2025-12-21T15:44:00.000Z,47,22,25,0,0
L135:T2:I562,135,T2,2026-02-10T10:15:00.000Z,51,22,28,0,1
L136:T0,136,T0,2025-12-08T00:00:00.000Z,51,26,0,25,0
L136:T1:I572,136,T1,2025-12-10T19:39:51.000Z,52,26,0,25,1
L136:T2:I573,136,T2,2025-12-13T12:06:04.000Z,53,27,0,25,1
L136:T2:I575,136,T2,2025-12-20T19:06:01.000Z,53,27,0,25,1
L136:T2:I569,136,T2,2026-01-10T17:14:00.000Z,55,28,0,27,0
L136:T2:I574,136,T2,2026-02-09T15:32:00.000Z,58,29,0,28,1
L136:T2:I571,136,T2,2026-03-28T07:37:00.000Z,62,32,0,29,1
L136:T2:I570,136,T2,2026-05-29T15:56:00.000Z,64,33,0,30,1
L137:T0,137,T0,2026-04-03T00:00:00.000Z,29,29,0,0,0
L137:T1:I577,137,T1,2026-04-08T09:07:58.000Z,31,30,0,0,1
L137:T2:I578,137,T2,2026-04-12T09:47:28.000Z,30,30,0,0,0
L137:T2:I579,137,T2,2026-04-13T11:09:37.000Z,31,30,0,0,1
L137:T2:I576,137,T2,2026-04-15T16:19:15.000Z,31,30,0,0,1
L137:T2:I581,137,T2,2026-04-16T19:16:52.000Z,31,30,0,0,1
L137:T2:I582,137,T2,2026-05-28T18:51:00.000Z,33,32,0,0,1
L137:T2:I580,137,T2,2026-06-11T15:09:00.000Z,33,32,0,0,1
L138:T0,138,T0,2025-02-10T00:00:00.000Z,23,10,0,13,0
L138:T1:I584,138,T1,2025-02-17T16:28:15.000Z,24,10,0,13,1
L138:T2:I583,138,T2,2025-09-24T16:29:00.000Z,47,20,0,26,1
L139:T0,139,T0,2026-01-22T00:00:00.000Z,47,20,0,27,0
L139:T1:I586,139,T1,2026-02-04T20:17:40.000Z,50,21,0,28,1
L139:T2:I585,139,T2,2026-04-12T17:39:00.000Z,54,25,0,28,1
L140:T0,140,T0,2025-04-29T00:00:00.000Z,17,17,0,0,0
L140:T1:I588,140,T1,2025-05-02T09:44:07.000Z,18,17,0,0,1
L140:T2:I587,140,T2,2025-05-11T19:31:57.000Z,18,17,0,0,1
L140:T2:I589,140,T2,2025-06-03T14:13:00.000Z,20,20,0,0,0
L140:T2:I590,140,T2,2026-03-11T13:02:00.000Z,31,30,0,0,1
L140:T2:I591,140,T2,2026-06-17T07:50:00.000Z,37,36,0,0,1
L141:T0,141,T0,2026-02-01T00:00:00.000Z,60,0,33,27,0
L141:T1:I592,141,T1,2026-02-01T12:34:07.000Z,61,0,33,27,1
L141:T2:I596,141,T2,2026-02-08T07:16:24.000Z,61,0,33,27,1
L141:T2:I595,141,T2,2026-02-10T07:50:59.000Z,61,0,33,27,1
L141:T2:I594,141,T2,2026-02-12T18:19:31.000Z,61,0,33,27,1
L141:T2:I593,141,T2,2026-02-13T15:08:17.000Z,61,0,33,27,1
L142:T0,142,T0,2025-10-08T00:00:00.000Z,14,14,0,0,0
L142:T1:I601,142,T1,2025-10-10T15:47:41.000Z,16,15,0,0,1
L142:T2:I597,142,T2,2025-10-12T18:17:42.000Z,16,15,0,0,1
L142:T2:I602,142,T2,2025-10-14T14:45:16.000Z,16,15,0,0,1
L142:T2:I603,142,T2,2025-10-17T17:10:05.000Z,16,15,0,0,1
L142:T2:I600,142,T2,2025-10-20T16:32:37.000Z,16,15,0,0,1
L142:T2:I604,142,T2,2025-10-21T11:17:34.000Z,16,15,0,0,1
L142:T2:I599,142,T2,2025-10-21T19:29:06.000Z,16,15,0,0,1
L142:T2:I598,142,T2,2026-03-08T12:23:00.000Z,18,17,0,0,1
L143:T0,143,T0,2025-04-18T00:00:00.000Z,20,5,15,0,0
L143:T1:I606,143,T1,2025-04-23T15:50:54.000Z,21,5,15,0,1
L143:T2:I610,143,T2,2025-04-25T17:50:29.000Z,21,5,15,0,1
L143:T2:I605,143,T2,2025-04-28T13:45:55.000Z,21,6,15,0,0
L143:T2:I608,143,T2,2025-07-15T16:08:00.000Z,32,11,20,0,1
L143:T2:I611,143,T2,2025-09-27T10:47:00.000Z,35,13,22,0,0
L143:T2:I607,143,T2,2026-01-24T20:45:00.000Z,45,18,26,0,1
L143:T2:I609,143,T2,2026-06-16T15:10:00.000Z,58,23,34,0,1
L144:T0,144,T0,2026-06-30T00:00:00.000Z,50,50,0,0,0
L144:T1:I614,144,T1,2026-07-01T15:22:29.000Z,51,50,0,0,1
L144:T2:I613,144,T2,2026-07-02T11:15:36.000Z,51,50,0,0,1
L144:T2:I612,144,T2,2026-07-06T17:26:40.000Z,50,50,0,0,0
L145:T0,145,T0,2025-06-16T00:00:00.000Z,13,13,0,0,0
L145:T1:I616,145,T1,2025-06-23T20:41:01.000Z,14,13,0,0,1
L145:T2:I615,145,T2,2025-06-26T09:55:14.000Z,14,13,0,0,1
L145:T2:I617,145,T2,2025-11-22T08:36:00.000Z,19,18,0,0,1
L145:T2:I618,145,T2,2025-11-29T13:57:00.000Z,19,18,0,0,1
L146:T0,146,T0,2026-03-26T00:00:00.000Z,27,27,0,0,0
L146:T1:I624,146,T1,2026-03-28T14:12:36.000Z,28,27,0,0,1
L146:T2:I619,146,T2,2026-03-29T08:28:05.000Z,28,27,0,0,1
L146:T2:I625,146,T2,2026-03-30T09:34:05.000Z,28,27,0,0,1
L146:T2:I620,146,T2,2026-03-30T12:18:42.000Z,28,27,0,0,1
L146:T2:I623,146,T2,2026-03-30T13:54:34.000Z,28,27,0,0,1
L146:T2:I622,146,T2,2026-04-06T19:00:00.000Z,28,27,0,0,1
L146:T2:I621,146,T2,2026-04-08T14:10:25.000Z,28,27,0,0,1
L147:T0,147,T0,2025-07-17T00:00:00.000Z,11,11,0,0,0
L147:T1:I626,147,T1,2025-07-19T10:37:05.000Z,12,11,0,0,1
L148:T0,148,T0,2025-03-18T00:00:00.000Z,6,6,0,0,0
L148:T1:I630,148,T1,2025-03-19T12:27:03.000Z,7,6,0,0,1
L148:T2:I632,148,T2,2025-03-21T19:22:42.000Z,7,6,0,0,1
L148:T2:I633,148,T2,2025-03-25T15:40:44.000Z,7,6,0,0,1
L148:T2:I629,148,T2,2025-03-31T18:16:21.000Z,7,6,0,0,1
L148:T2:I627,148,T2,2025-08-17T11:43:00.000Z,12,11,0,0,1
L148:T2:I631,148,T2,2025-12-03T16:02:00.000Z,16,15,0,0,1
L148:T2:I628,148,T2,2026-03-14T12:51:00.000Z,18,17,0,0,1
L149:T0,149,T0,2025-06-16T00:00:00.000Z,36,21,15,0,0
L149:T1:I636,149,T1,2025-06-20T11:47:24.000Z,36,21,15,0,0
L149:T2:I635,149,T2,2025-06-23T17:22:17.000Z,37,21,16,0,0
L149:T2:I639,149,T2,2025-06-25T16:31:44.000Z,38,21,16,0,1
L149:T2:I640,149,T2,2025-06-26T14:23:08.000Z,38,21,16,0,1
L149:T2:I634,149,T2,2026-02-09T18:19:00.000Z,55,29,25,0,1
L149:T2:I637,149,T2,2026-03-20T11:36:00.000Z,61,32,28,0,1
L149:T2:I638,149,T2,2026-04-07T16:46:00.000Z,61,32,28,0,1
L150:T0,150,T0,2026-06-13T00:00:00.000Z,55,25,30,0,0
L150:T1:I644,150,T1,2026-06-13T17:24:37.000Z,56,25,30,0,1
L150:T2:I642,150,T2,2026-06-14T18:55:11.000Z,56,25,30,0,1
L150:T2:I645,150,T2,2026-06-16T11:21:34.000Z,56,25,30,0,1
L150:T2:I646,150,T2,2026-06-20T08:44:12.000Z,57,25,31,0,1
L150:T2:I643,150,T2,2026-06-22T13:07:17.000Z,57,25,31,0,1
L150:T2:I641,150,T2,2026-06-23T20:20:13.000Z,57,25,31,0,1
L151:T0,151,T0,2025-04-21T00:00:00.000Z,24,11,0,13,0
L151:T1:I650,151,T1,2025-06-12T18:11:00.000Z,28,12,0,15,1
L151:T2:I647,151,T2,2025-10-21T15:22:00.000Z,44,19,0,24,1
L151:T2:I648,151,T2,2025-12-06T09:20:00.000Z,47,19,0,27,1
L151:T2:I651,151,T2,2026-03-12T08:15:00.000Z,55,23,0,31,1
L151:T2:I649,151,T2,2026-04-09T20:53:00.000Z,58,25,0,32,1
L151:T2:I652,151,T2,2026-06-17T15:18:00.000Z,64,26,0,37,1
L152:T0,152,T0,2026-03-29T00:00:00.000Z,38,14,0,24,0
L152:T1:I653,152,T1,2026-03-31T11:50:39.000Z,38,14,0,24,0
L152:T2:I660,152,T2,2026-04-04T08:12:24.000Z,39,14,0,24,1
L152:T2:I654,152,T2,2026-04-05T20:47:05.000Z,39,14,0,24,1
L152:T2:I659,152,T2,2026-04-06T13:19:16.000Z,39,14,0,24,1
L152:T2:I656,152,T2,2026-04-09T13:54:00.000Z,39,14,0,24,1
L152:T2:I655,152,T2,2026-04-10T14:11:08.000Z,38,14,0,24,0
L152:T2:I657,152,T2,2026-04-19T13:20:00.000Z,40,15,0,25,0
L152:T2:I658,152,T2,2026-05-03T15:20:00.000Z,42,15,0,26,1
L153:T0,153,T0,2026-01-02T00:00:00.000Z,100,32,0,68,0
L153:T1:I667,153,T1,2026-01-04T14:08:15.000Z,101,32,0,68,1
L153:T2:I662,153,T2,2026-01-08T17:18:14.000Z,103,32,0,70,1
L153:T2:I663,153,T2,2026-01-08T17:36:33.000Z,103,32,0,70,1
L153:T2:I664,153,T2,2026-01-08T20:42:39.000Z,103,32,0,70,1
L153:T2:I666,153,T2,2026-01-13T14:55:08.000Z,103,32,0,70,1
L153:T2:I668,153,T2,2026-04-12T18:44:00.000Z,120,39,0,80,1
L153:T2:I665,153,T2,2026-04-22T10:44:00.000Z,124,42,0,82,0
L153:T2:I661,153,T2,2026-05-18T18:57:00.000Z,131,44,0,86,1
L154:T0,154,T0,2025-08-25T00:00:00.000Z,29,29,0,0,0
L154:T1:I672,154,T1,2025-08-30T11:54:07.000Z,31,30,0,0,1
L154:T2:I674,154,T2,2025-08-31T10:40:44.000Z,31,30,0,0,1
L154:T2:I673,154,T2,2025-09-03T11:38:19.000Z,30,30,0,0,0
L154:T2:I669,154,T2,2025-09-06T20:33:33.000Z,31,30,0,0,1
L154:T2:I670,154,T2,2025-11-04T11:02:00.000Z,36,35,0,0,1
L154:T2:I671,154,T2,2025-12-16T09:45:00.000Z,37,36,0,0,1
L155:T0,155,T0,2025-12-22T00:00:00.000Z,63,21,0,42,0
L155:T1:I675,155,T1,2026-06-02T13:39:00.000Z,85,28,0,56,1
L156:T0,156,T0,2025-11-14T00:00:00.000Z,30,30,0,0,0
L156:T1:I676,156,T1,2025-11-26T09:02:28.000Z,33,32,0,0,1
L156:T2:I677,156,T2,2026-03-07T12:28:00.000Z,40,39,0,0,1
L157:T0,157,T0,2025-10-28T00:00:00.000Z,54,30,0,24,0
L157:T1:I682,157,T1,2025-10-31T08:22:53.000Z,54,30,0,24,0
L157:T2:I683,157,T2,2025-10-31T08:33:10.000Z,55,30,0,24,1
L157:T2:I678,157,T2,2025-11-01T18:51:16.000Z,55,30,0,24,1
L157:T2:I681,157,T2,2025-11-02T16:15:27.000Z,55,30,0,24,1
L157:T2:I685,157,T2,2025-11-03T16:22:56.000Z,56,30,0,25,1
L157:T2:I679,157,T2,2025-11-07T20:04:26.000Z,57,30,0,26,1
L157:T2:I684,157,T2,2025-11-10T16:29:26.000Z,57,30,0,26,1
L157:T2:I680,157,T2,2025-12-30T08:27:00.000Z,60,32,0,27,1
L158:T0,158,T0,2026-01-23T00:00:00.000Z,72,23,0,49,0
L158:T1:I693,158,T1,2026-01-25T20:39:35.000Z,73,23,0,49,1
L158:T2:I687,158,T2,2026-01-29T09:30:44.000Z,74,23,0,50,1
L158:T2:I686,158,T2,2026-01-29T15:41:03.000Z,74,23,0,50,1
L158:T2:I692,158,T2,2026-01-30T13:45:20.000Z,74,23,0,50,1
L158:T2:I691,158,T2,2026-02-01T08:01:16.000Z,73,23,0,50,0
L158:T2:I688,158,T2,2026-02-02T08:45:46.000Z,74,23,0,50,1
L158:T2:I690,158,T2,2026-02-04T18:43:21.000Z,74,24,0,50,0
L158:T2:I689,158,T2,2026-02-05T18:20:39.000Z,75,24,0,50,1
L159:T0,159,T0,2025-12-01T00:00:00.000Z,40,17,23,0,0
L159:T1:I696,159,T1,2025-12-05T13:33:57.000Z,42,17,24,0,1
L159:T2:I695,159,T2,2025-12-13T09:37:58.000Z,42,17,24,0,1
L159:T2:I694,159,T2,2026-06-30T14:00:00.000Z,56,26,29,0,1
L160:T0,160,T0,2025-01-31T00:00:00.000Z,12,12,0,0,0
L160:T1:I697,160,T1,2025-10-16T15:58:00.000Z,26,25,0,0,1
L160:T2:I698,160,T2,2026-05-07T10:17:00.000Z,46,45,0,0,1
L161:T0,161,T0,2026-06-16T00:00:00.000Z,77,41,0,36,0
L161:T1:I700,161,T1,2026-06-20T08:07:50.000Z,79,41,0,37,1
L161:T2:I699,161,T2,2026-06-25T14:08:16.000Z,80,41,0,38,1
L162:T0,162,T0,2026-06-28T00:00:00.000Z,35,35,0,0,0
L162:T1:I704,162,T1,2026-06-29T15:03:40.000Z,37,36,0,0,1
L162:T2:I703,162,T2,2026-07-01T08:20:42.000Z,37,36,0,0,1
L162:T2:I702,162,T2,2026-07-02T13:03:59.000Z,37,36,0,0,1
L162:T2:I701,162,T2,2026-07-03T09:04:07.000Z,37,36,0,0,1
L162:T2:I705,162,T2,2026-07-05T11:06:18.000Z,37,36,0,0,1
L163:T0,163,T0,2025-02-07T00:00:00.000Z,32,11,0,21,0
L163:T1:I707,163,T1,2025-09-06T12:47:00.000Z,58,16,0,41,1
L163:T2:I708,163,T2,2025-10-29T14:56:00.000Z,64,20,0,43,1
L163:T2:I706,163,T2,2026-02-04T09:34:00.000Z,78,25,0,52,1
L164:T0,164,T0,2025-01-03T00:00:00.000Z,22,13,0,9,0
L164:T1:I711,164,T1,2025-01-05T17:49:32.000Z,23,13,0,9,1
L164:T2:I712,164,T2,2025-03-29T09:23:00.000Z,29,16,0,12,1
L164:T2:I715,164,T2,2025-04-12T18:42:00.000Z,30,16,0,13,1
L164:T2:I713,164,T2,2025-05-03T17:06:00.000Z,32,17,0,14,1
L164:T2:I709,164,T2,2025-09-08T19:26:00.000Z,41,21,0,20,0
L164:T2:I714,164,T2,2025-11-18T08:51:00.000Z,44,23,0,20,1
L164:T2:I716,164,T2,2026-01-22T16:59:00.000Z,52,26,0,25,1
L164:T2:I710,164,T2,2026-02-15T10:49:00.000Z,54,27,0,26,1
L165:T0,165,T0,2026-01-03T00:00:00.000Z,41,17,0,24,0
L165:T1:I720,165,T1,2026-01-07T14:53:48.000Z,42,17,0,24,1
L165:T2:I718,165,T2,2026-01-07T20:47:21.000Z,42,17,0,24,1
L165:T2:I719,165,T2,2026-01-11T12:00:20.000Z,42,18,0,24,0
L165:T2:I717,165,T2,2026-01-25T12:46:00.000Z,45,19,0,25,1
L165:T2:I721,165,T2,2026-03-12T15:41:00.000Z,47,20,0,26,1
L165:T2:I722,165,T2,2026-04-25T20:16:00.000Z,50,21,0,28,1
L166:T0,166,T0,2026-04-14T00:00:00.000Z,53,28,0,25,0
L166:T1:I724,166,T1,2026-04-17T16:13:47.000Z,56,29,0,26,1
L166:T2:I728,166,T2,2026-04-22T15:45:12.000Z,56,29,0,26,1
L166:T2:I726,166,T2,2026-04-26T09:46:23.000Z,56,29,0,26,1
L166:T2:I723,166,T2,2026-04-27T15:22:59.000Z,57,29,0,27,1
L166:T2:I727,166,T2,2026-04-27T18:19:10.000Z,57,29,0,27,1
L166:T2:I725,166,T2,2026-05-12T08:14:00.000Z,58,29,0,28,1
L167:T0,167,T0,2026-03-19T00:00:00.000Z,106,44,0,62,0
L167:T1:I729,167,T1,2026-03-31T15:50:10.000Z,107,44,0,62,1
L168:T0,168,T0,2025-11-21T00:00:00.000Z,66,22,0,44,0
L168:T1:I730,168,T1,2025-11-23T09:23:14.000Z,67,22,0,44,1
L168:T2:I732,168,T2,2025-11-25T20:10:07.000Z,67,22,0,44,1
L168:T2:I733,168,T2,2025-11-29T09:09:48.000Z,69,22,0,46,1
L168:T2:I734,168,T2,2025-11-29T16:49:15.000Z,69,22,0,46,1
L168:T2:I731,168,T2,2025-12-03T07:49:05.000Z,68,22,0,46,0
L168:T2:I735,168,T2,2026-01-24T14:51:00.000Z,76,25,0,50,1
L169:T0,169,T0,2025-08-27T00:00:00.000Z,8,8,0,0,0
L169:T1:I737,169,T1,2025-09-05T18:27:31.000Z,9,8,0,0,1
L169:T2:I738,169,T2,2025-10-04T13:48:00.000Z,9,8,0,0,1
L169:T2:I739,169,T2,2026-04-07T17:40:00.000Z,16,15,0,0,1
L169:T2:I736,169,T2,2026-04-21T16:16:00.000Z,16,15,0,0,1
L170:T0,170,T0,2026-05-15T00:00:00.000Z,30,30,0,0,0
L170:T1:I740,170,T1,2026-05-15T10:38:34.000Z,31,30,0,0,1
L170:T2:I742,170,T2,2026-05-17T14:59:50.000Z,30,30,0,0,0
L170:T2:I741,170,T2,2026-05-19T08:08:56.000Z,31,30,0,0,1
L171:T0,171,T0,2025-06-19T00:00:00.000Z,28,0,12,16,0
L171:T1:I745,171,T1,2025-06-19T09:10:26.000Z,29,0,12,16,1
L171:T2:I746,171,T2,2025-06-30T15:49:16.000Z,29,0,12,16,1
L171:T2:I743,171,T2,2026-01-29T08:48:00.000Z,45,0,19,25,1
L171:T2:I744,171,T2,2026-04-21T10:18:00.000Z,49,0,21,27,1
L172:T0,172,T0,2026-04-30T00:00:00.000Z,27,27,0,0,0
L172:T1:I747,172,T1,2026-05-01T12:54:17.000Z,28,27,0,0,1
L172:T2:I751,172,T2,2026-05-02T09:17:11.000Z,29,28,0,0,1
L172:T2:I752,172,T2,2026-05-03T20:46:11.000Z,29,28,0,0,1
L172:T2:I750,172,T2,2026-05-04T09:29:22.000Z,29,28,0,0,1
L172:T2:I753,172,T2,2026-05-08T19:47:29.000Z,29,28,0,0,1
L172:T2:I748,172,T2,2026-05-09T12:25:16.000Z,28,28,0,0,0
L172:T2:I749,172,T2,2026-05-09T16:57:32.000Z,29,28,0,0,1
L173:T0,173,T0,2025-10-27T00:00:00.000Z,15,15,0,0,0
L173:T1:I754,173,T1,2025-11-01T10:38:53.000Z,16,15,0,0,1
L174:T0,174,T0,2025-10-23T00:00:00.000Z,42,22,0,20,0
L174:T1:I755,174,T1,2025-10-25T18:08:18.000Z,44,22,0,21,1
L174:T2:I756,174,T2,2025-10-27T16:57:36.000Z,45,23,0,21,1
L174:T2:I759,174,T2,2025-11-01T07:53:14.000Z,45,23,0,21,1
L174:T2:I758,174,T2,2025-11-05T19:44:51.000Z,45,23,0,21,1
L174:T2:I757,174,T2,2026-06-04T07:44:00.000Z,64,33,0,30,1
L175:T0,175,T0,2026-02-20T00:00:00.000Z,51,28,0,23,0
L175:T1:I761,175,T1,2026-02-21T08:18:55.000Z,52,28,0,23,1
L175:T2:I762,175,T2,2026-03-03T17:28:45.000Z,52,28,0,23,1
L175:T2:I763,175,T2,2026-03-05T13:19:20.000Z,52,28,0,23,1
L175:T2:I760,175,T2,2026-03-11T08:45:00.000Z,53,29,0,23,1
L176:T0,176,T0,2025-11-12T00:00:00.000Z,38,22,0,16,0
L176:T1:I764,176,T1,2025-11-19T11:15:02.000Z,39,22,0,16,1
L177:T0,177,T0,2026-04-18T00:00:00.000Z,25,25,0,0,0
L177:T1:I766,177,T1,2026-04-23T11:11:46.000Z,26,25,0,0,1
L177:T2:I768,177,T2,2026-04-23T14:23:02.000Z,26,25,0,0,1
L177:T2:I769,177,T2,2026-04-26T10:42:52.000Z,26,25,0,0,1
L177:T2:I767,177,T2,2026-04-27T19:01:46.000Z,26,25,0,0,1
L177:T2:I765,177,T2,2026-04-29T08:56:28.000Z,26,25,0,0,1
L178:T0,178,T0,2026-04-22T00:00:00.000Z,87,48,39,0,0
L178:T1:I770,178,T1,2026-04-22T19:02:16.000Z,88,48,39,0,1
L178:T2:I771,178,T2,2026-04-26T11:20:08.000Z,89,48,40,0,1
L179:T0,179,T0,2025-12-28T00:00:00.000Z,41,17,0,24,0
L179:T1:I774,179,T1,2025-12-31T17:16:12.000Z,42,17,0,24,1
L179:T2:I772,179,T2,2026-01-09T09:44:45.000Z,43,17,0,25,1
L179:T2:I773,179,T2,2026-02-26T14:41:00.000Z,46,19,0,26,1
L180:T0,180,T0,2025-07-15T00:00:00.000Z,30,17,0,13,0
L180:T1:I778,180,T1,2025-07-18T19:13:32.000Z,31,17,0,13,1
L180:T2:I780,180,T2,2025-07-20T11:30:11.000Z,31,17,0,13,1
L180:T2:I775,180,T2,2025-07-24T14:58:20.000Z,32,18,0,13,1
L180:T2:I779,180,T2,2025-07-30T10:54:00.000Z,32,18,0,13,1
L180:T2:I776,180,T2,2025-12-24T20:58:00.000Z,43,27,0,15,1
L180:T2:I781,180,T2,2025-12-30T08:29:00.000Z,44,27,0,16,1
L180:T2:I777,180,T2,2026-02-16T18:30:00.000Z,46,27,0,19,0
L181:T0,181,T0,2025-12-18T00:00:00.000Z,56,26,0,30,0
L181:T1:I782,181,T1,2025-12-19T08:24:30.000Z,57,26,0,30,1
L182:T0,182,T0,2026-06-22T00:00:00.000Z,58,27,0,31,0
L182:T1:I787,182,T1,2026-06-22T16:15:07.000Z,59,27,0,31,1
L182:T2:I784,182,T2,2026-06-26T07:05:23.000Z,59,27,0,31,1
L182:T2:I788,182,T2,2026-06-28T10:32:19.000Z,59,27,0,31,1
L182:T2:I785,182,T2,2026-06-30T14:10:34.000Z,59,27,0,31,1
L182:T2:I783,182,T2,2026-06-30T19:00:17.000Z,59,27,0,31,1
L182:T2:I786,182,T2,2026-07-01T13:55:54.000Z,59,27,0,31,1
L183:T0,183,T0,2026-05-04T00:00:00.000Z,46,46,0,0,0
L183:T1:I790,183,T1,2026-05-13T18:11:41.000Z,47,46,0,0,1
L183:T2:I789,183,T2,2026-05-14T11:20:29.000Z,47,46,0,0,1
L183:T2:I791,183,T2,2026-05-15T19:54:06.000Z,46,46,0,0,0
L184:T0,184,T0,2026-04-22T00:00:00.000Z,43,43,0,0,0
L184:T1:I792,184,T1,2026-05-01T10:38:01.000Z,43,43,0,0,0
L184:T2:I793,184,T2,2026-05-04T17:28:29.000Z,44,43,0,0,1
L185:T0,185,T0,2025-10-18T00:00:00.000Z,33,21,0,12,0
L185:T1:I797,185,T1,2025-10-18T08:57:47.000Z,34,21,0,12,1
L185:T2:I794,185,T2,2025-10-22T08:40:26.000Z,34,21,0,12,1
L185:T2:I796,185,T2,2025-10-24T19:03:43.000Z,34,21,0,12,1
L185:T2:I795,185,T2,2026-02-28T12:53:00.000Z,39,24,0,14,1
L185:T2:I798,185,T2,2026-04-18T14:55:00.000Z,39,24,0,14,1
L186:T0,186,T0,2026-06-09T00:00:00.000Z,99,55,0,44,0
L186:T1:I804,186,T1,2026-06-09T11:45:01.000Z,100,55,0,44,1
L186:T2:I805,186,T2,2026-06-10T17:48:46.000Z,100,55,0,44,1
L186:T2:I802,186,T2,2026-06-12T13:15:12.000Z,101,56,0,44,1
L186:T2:I806,186,T2,2026-06-12T17:54:43.000Z,101,56,0,44,1
L186:T2:I800,186,T2,2026-06-15T16:56:02.000Z,101,56,0,44,1
L186:T2:I801,186,T2,2026-06-15T19:56:37.000Z,101,56,0,44,1
L186:T2:I803,186,T2,2026-06-16T17:32:32.000Z,101,56,0,44,1
L186:T2:I799,186,T2,2026-06-22T08:19:00.000Z,103,57,0,45,1
L187:T0,187,T0,2025-07-17T00:00:00.000Z,65,0,23,42,0
L187:T1:I809,187,T1,2025-09-16T18:15:00.000Z,77,0,25,51,1
L187:T2:I810,187,T2,2026-02-04T18:24:00.000Z,102,0,28,74,0
L187:T2:I807,187,T2,2026-02-17T09:08:00.000Z,104,0,28,75,1
L187:T2:I808,187,T2,2026-04-18T13:16:00.000Z,110,0,30,79,1
L188:T0,188,T0,2026-02-08T00:00:00.000Z,57,28,0,29,0
L188:T1:I816,188,T1,2026-02-11T19:47:17.000Z,57,28,0,29,0
L188:T2:I814,188,T2,2026-02-14T07:10:49.000Z,58,28,0,29,1
L188:T2:I817,188,T2,2026-02-16T11:52:13.000Z,57,28,0,29,0
L188:T2:I811,188,T2,2026-02-17T10:13:38.000Z,58,28,0,29,1
L188:T2:I812,188,T2,2026-02-20T10:59:27.000Z,58,28,0,29,1
L188:T2:I815,188,T2,2026-05-02T10:39:00.000Z,63,30,0,33,0
L188:T2:I813,188,T2,2026-06-11T07:23:00.000Z,64,30,0,33,1
L189:T0,189,T0,2025-04-14T00:00:00.000Z,4,0,4,0,0
L189:T1:I818,189,T1,2025-04-24T16:09:11.000Z,5,0,4,0,1
L189:T2:I819,189,T2,2026-01-25T17:18:00.000Z,14,0,13,0,1
L190:T0,190,T0,2025-06-10T00:00:00.000Z,19,19,0,0,0
L190:T1:I824,190,T1,2025-06-12T13:15:00.000Z,20,19,0,0,1
L190:T2:I821,190,T2,2025-06-15T08:04:35.000Z,20,19,0,0,1
L190:T2:I822,190,T2,2025-06-20T14:07:22.000Z,20,19,0,0,1
L190:T2:I823,190,T2,2025-06-21T20:43:52.000Z,20,19,0,0,1
L190:T2:I820,190,T2,2025-06-22T20:52:00.000Z,20,19,0,0,1
L190:T2:I825,190,T2,2026-05-09T20:26:00.000Z,40,39,0,0,1
L191:T0,191,T0,2025-03-15T00:00:00.000Z,15,15,0,0,0
L191:T1:I829,191,T1,2025-04-20T20:49:00.000Z,17,17,0,0,0
L191:T2:I831,191,T2,2025-08-26T20:41:00.000Z,20,19,0,0,1
L191:T2:I832,191,T2,2025-09-02T09:57:00.000Z,21,20,0,0,1
L191:T2:I826,191,T2,2026-01-08T07:54:00.000Z,29,28,0,0,1
L191:T2:I830,191,T2,2026-01-20T15:39:00.000Z,30,29,0,0,1
L191:T2:I828,191,T2,2026-05-10T13:55:00.000Z,37,36,0,0,1
L191:T2:I827,191,T2,2026-06-04T13:24:00.000Z,39,38,0,0,1
L192:T0,192,T0,2025-07-22T00:00:00.000Z,54,19,0,35,0
L192:T1:I834,192,T1,2025-07-27T11:07:28.000Z,55,19,0,35,1
L192:T2:I833,192,T2,2025-08-24T11:44:00.000Z,57,20,0,36,1
L192:T2:I835,192,T2,2025-08-30T12:26:00.000Z,60,21,0,38,1
L193:T0,193,T0,2025-07-23T00:00:00.000Z,15,15,0,0,0
L193:T1:I837,193,T1,2025-07-31T16:56:11.000Z,16,15,0,0,1
L193:T2:I836,193,T2,2025-08-05T16:00:32.000Z,16,15,0,0,1
L193:T2:I838,193,T2,2026-05-03T10:01:00.000Z,27,26,0,0,1
L194:T0,194,T0,2025-05-17T00:00:00.000Z,11,11,0,0,0
L194:T1:I841,194,T1,2025-05-20T12:19:15.000Z,12,11,0,0,1
L194:T2:I840,194,T2,2025-05-23T13:08:51.000Z,11,11,0,0,0
L194:T2:I842,194,T2,2025-05-27T18:51:40.000Z,12,11,0,0,1
L194:T2:I839,194,T2,2025-07-05T15:48:00.000Z,12,11,0,0,1
L195:T0,195,T0,2025-01-16T00:00:00.000Z,19,11,0,8,0
L195:T1:I847,195,T1,2025-01-17T18:22:38.000Z,20,11,0,8,1
L195:T2:I849,195,T2,2025-01-18T13:21:13.000Z,21,12,0,8,1
L195:T2:I844,195,T2,2025-04-18T16:35:00.000Z,28,16,0,11,1
L195:T2:I845,195,T2,2025-05-11T13:28:00.000Z,30,16,0,13,1
L195:T2:I843,195,T2,2026-02-10T18:11:00.000Z,45,24,0,20,1
L195:T2:I848,195,T2,2026-02-15T13:04:00.000Z,45,24,0,21,0
L195:T2:I846,195,T2,2026-06-09T20:45:00.000Z,54,27,0,26,1
L196:T0,196,T0,2025-07-15T00:00:00.000Z,10,10,0,0,0
L196:T1:I850,196,T1,2025-07-19T15:00:29.000Z,11,10,0,0,1
L196:T2:I852,196,T2,2025-07-27T09:48:30.000Z,11,10,0,0,1
L196:T2:I851,196,T2,2026-06-04T11:51:00.000Z,21,20,0,0,1
L197:T0,197,T0,2025-12-15T00:00:00.000Z,10,10,0,0,0
L197:T1:I853,197,T1,2025-12-18T19:55:06.000Z,11,10,0,0,1
L197:T2:I854,197,T2,2025-12-21T15:15:50.000Z,11,10,0,0,1
L197:T2:I857,197,T2,2025-12-21T20:14:11.000Z,11,10,0,0,1
L197:T2:I855,197,T2,2025-12-22T13:47:28.000Z,11,10,0,0,1
L197:T2:I856,197,T2,2025-12-27T16:58:36.000Z,11,10,0,0,1
L198:T0,198,T0,2026-04-12T00:00:00.000Z,33,0,33,0,0
L198:T1:I859,198,T1,2026-04-12T20:21:35.000Z,34,0,33,0,1
L198:T2:I863,198,T2,2026-04-13T13:08:11.000Z,34,0,33,0,1
L198:T2:I860,198,T2,2026-04-19T18:08:32.000Z,35,0,34,0,1
L198:T2:I858,198,T2,2026-04-20T13:10:17.000Z,34,0,34,0,0
L198:T2:I861,198,T2,2026-04-24T20:25:48.000Z,36,0,35,0,1
L198:T2:I862,198,T2,2026-06-29T10:07:00.000Z,39,0,38,0,1
L199:T0,199,T0,2026-04-23T00:00:00.000Z,56,24,0,32,0
L199:T1:I864,199,T1,2026-04-27T13:45:24.000Z,56,24,0,32,0
L200:T0,200,T0,2025-07-24T00:00:00.000Z,35,20,0,15,0
L200:T1:I866,200,T1,2025-07-31T18:29:14.000Z,36,20,0,15,1
L200:T2:I867,200,T2,2025-08-02T08:51:59.000Z,36,20,0,15,1
L200:T2:I865,200,T2,2025-10-14T10:38:00.000Z,41,23,0,17,1
L201:T0,201,T0,2025-12-17T00:00:00.000Z,25,25,0,0,0
L201:T1:I868,201,T1,2025-12-25T16:36:34.000Z,28,27,0,0,1
L201:T2:I870,201,T2,2025-12-26T20:05:11.000Z,28,27,0,0,1
L201:T2:I871,201,T2,2026-02-19T09:03:00.000Z,32,32,0,0,0
L201:T2:I869,201,T2,2026-04-26T11:52:00.000Z,36,35,0,0,1
L202:T0,202,T0,2025-02-14T00:00:00.000Z,26,15,0,11,0
L202:T1:I877,202,T1,2025-02-19T12:42:27.000Z,28,16,0,11,1
L202:T2:I874,202,T2,2025-02-26T07:58:41.000Z,28,16,0,11,1
L202:T2:I875,202,T2,2025-03-13T08:05:00.000Z,28,16,0,11,1
L202:T2:I876,202,T2,2025-03-13T19:55:00.000Z,28,16,0,11,1
L202:T2:I878,202,T2,2025-07-01T18:13:00.000Z,35,18,0,16,1
L202:T2:I873,202,T2,2025-10-30T20:48:00.000Z,51,27,0,23,1
L202:T2:I872,202,T2,2026-04-21T20:31:00.000Z,67,33,0,33,1
L203:T0,203,T0,2026-06-19T00:00:00.000Z,45,45,0,0,0
L203:T1:I879,203,T1,2026-06-22T07:13:28.000Z,47,46,0,0,1
L203:T2:I881,203,T2,2026-06-24T14:13:01.000Z,47,46,0,0,1
L203:T2:I882,203,T2,2026-06-29T13:42:41.000Z,48,47,0,0,1
L203:T2:I880,203,T2,2026-07-02T09:36:29.000Z,49,48,0,0,1
L204:T0,204,T0,2025-06-13T00:00:00.000Z,40,20,0,20,0
L204:T1:I883,204,T1,2025-10-04T13:22:00.000Z,53,23,0,29,1
L205:T0,205,T0,2026-05-20T00:00:00.000Z,58,30,0,28,0
L205:T1:I884,205,T1,2026-05-21T11:29:41.000Z,59,30,0,28,1
L206:T0,206,T0,2025-09-03T00:00:00.000Z,16,16,0,0,0
L206:T1:I891,206,T1,2025-09-04T15:52:59.000Z,17,16,0,0,1
L206:T2:I889,206,T2,2025-09-05T18:51:12.000Z,17,16,0,0,1
L206:T2:I892,206,T2,2025-09-07T12:24:57.000Z,17,16,0,0,1
L206:T2:I890,206,T2,2025-09-08T11:33:43.000Z,16,16,0,0,0
L206:T2:I887,206,T2,2025-09-09T08:34:21.000Z,17,16,0,0,1
L206:T2:I885,206,T2,2025-10-14T16:29:00.000Z,18,18,0,0,0
L206:T2:I886,206,T2,2026-01-23T18:09:00.000Z,21,20,0,0,1
L206:T2:I888,206,T2,2026-02-10T12:24:00.000Z,23,22,0,0,1
L207:T0,207,T0,2025-11-21T00:00:00.000Z,31,31,0,0,0
L207:T1:I893,207,T1,2025-12-03T09:16:31.000Z,33,32,0,0,1
L208:T0,208,T0,2025-10-10T00:00:00.000Z,21,12,0,9,0
L208:T1:I894,208,T1,2025-10-14T18:07:12.000Z,22,12,0,9,1
L208:T2:I897,208,T2,2025-10-17T13:15:11.000Z,22,12,0,9,1
L208:T2:I895,208,T2,2025-10-20T10:38:12.000Z,23,12,0,10,1
L208:T2:I899,208,T2,2025-10-23T15:27:17.000Z,23,12,0,10,1
L208:T2:I900,208,T2,2025-12-07T19:06:00.000Z,28,13,0,15,0
L208:T2:I898,208,T2,2026-05-03T17:26:00.000Z,35,15,0,19,1
L208:T2:I896,208,T2,2026-05-25T17:08:00.000Z,35,15,0,19,1
L209:T0,209,T0,2025-03-13T00:00:00.000Z,14,14,0,0,0
L209:T1:I903,209,T1,2025-03-13T15:33:01.000Z,15,14,0,0,1
L209:T2:I901,209,T2,2025-04-18T10:02:00.000Z,17,16,0,0,1
L209:T2:I902,209,T2,2025-09-02T10:56:00.000Z,25,24,0,0,1
L209:T2:I905,209,T2,2025-09-30T10:33:00.000Z,26,25,0,0,1
L209:T2:I904,209,T2,2026-01-02T08:02:00.000Z,29,28,0,0,1
L210:T0,210,T0,2025-06-14T00:00:00.000Z,10,10,0,0,0
L210:T1:I907,210,T1,2025-06-16T09:05:56.000Z,11,10,0,0,1
L210:T2:I909,210,T2,2025-06-19T10:15:23.000Z,11,10,0,0,1
L210:T2:I910,210,T2,2025-06-23T14:00:13.000Z,12,11,0,0,1
L210:T2:I906,210,T2,2025-06-26T17:37:01.000Z,12,11,0,0,1
L210:T2:I908,210,T2,2025-08-06T15:06:00.000Z,14,13,0,0,1
L211:T0,211,T0,2025-04-18T00:00:00.000Z,18,18,0,0,0
L211:T1:I911,211,T1,2025-04-28T08:18:32.000Z,19,18,0,0,1
L212:T0,212,T0,2026-01-16T00:00:00.000Z,42,21,0,21,0
L212:T1:I914,212,T1,2026-01-17T19:14:01.000Z,43,21,0,21,1
L212:T2:I913,212,T2,2026-01-18T12:26:13.000Z,42,21,0,21,0
L212:T2:I916,212,T2,2026-01-24T19:46:50.000Z,45,22,0,22,1
L212:T2:I912,212,T2,2026-01-28T07:57:04.000Z,46,22,0,23,1
L212:T2:I915,212,T2,2026-03-03T10:24:00.000Z,49,24,0,24,1
L213:T0,213,T0,2025-07-14T00:00:00.000Z,20,20,0,0,0
L213:T1:I920,213,T1,2025-07-16T20:06:44.000Z,21,20,0,0,1
L213:T2:I921,213,T2,2026-01-29T14:40:00.000Z,28,27,0,0,1
L213:T2:I922,213,T2,2026-03-05T11:37:00.000Z,30,29,0,0,1
L213:T2:I919,213,T2,2026-03-06T16:08:00.000Z,30,29,0,0,1
L213:T2:I917,213,T2,2026-06-03T12:17:00.000Z,35,34,0,0,1
L213:T2:I918,213,T2,2026-06-14T14:05:00.000Z,36,35,0,0,1
L214:T0,214,T0,2026-04-08T00:00:00.000Z,71,31,40,0,0
L214:T1:I924,214,T1,2026-04-20T14:11:40.000Z,73,32,40,0,1
L214:T2:I923,214,T2,2026-04-21T11:04:27.000Z,73,32,40,0,1
L215:T0,215,T0,2025-04-04T00:00:00.000Z,8,8,0,0,0
L215:T1:I925,215,T1,2026-04-15T18:12:00.000Z,22,22,0,0,0
L216:T0,216,T0,2025-10-10T00:00:00.000Z,26,0,26,0,0
L216:T1:I933,216,T1,2025-10-14T17:23:19.000Z,27,0,26,0,1
L216:T2:I927,216,T2,2025-10-16T14:35:03.000Z,27,0,26,0,1
L216:T2:I928,216,T2,2025-10-16T15:00:38.000Z,27,0,26,0,1
L216:T2:I926,216,T2,2025-10-17T20:32:47.000Z,27,0,26,0,1
L216:T2:I929,216,T2,2025-10-19T20:04:35.000Z,27,0,26,0,1
L216:T2:I932,216,T2,2025-10-20T16:52:24.000Z,27,0,26,0,1
L216:T2:I930,216,T2,2025-10-21T19:34:13.000Z,27,0,26,0,1
L216:T2:I931,216,T2,2025-10-22T19:40:43.000Z,26,0,26,0,0
L217:T0,217,T0,2025-08-15T00:00:00.000Z,55,30,25,0,0
L217:T1:I934,217,T1,2025-08-17T09:12:36.000Z,56,30,25,0,1
L217:T2:I938,217,T2,2025-08-22T11:36:23.000Z,57,31,25,0,1
L217:T2:I935,217,T2,2025-08-24T16:55:30.000Z,57,31,25,0,1
L217:T2:I939,217,T2,2025-08-25T07:25:38.000Z,57,31,25,0,1
L217:T2:I937,217,T2,2025-08-25T15:37:04.000Z,57,31,25,0,1
L217:T2:I936,217,T2,2026-01-24T18:08:00.000Z,75,40,35,0,0
L218:T0,218,T0,2025-01-29T00:00:00.000Z,19,6,0,13,0
L218:T1:I940,218,T1,2025-08-14T10:36:00.000Z,44,15,0,28,1
L218:T2:I941,218,T2,2025-12-15T11:23:00.000Z,61,20,0,41,0
L218:T2:I942,218,T2,2026-01-10T18:19:00.000Z,66,22,0,43,1
L218:T2:I943,218,T2,2026-05-16T13:59:00.000Z,84,27,0,56,1
L218:T2:I944,218,T2,2026-06-25T11:14:00.000Z,87,30,0,56,1
L219:T0,219,T0,2026-06-28T00:00:00.000Z,92,52,0,40,0
L219:T1:I946,219,T1,2026-07-01T09:57:06.000Z,93,52,0,40,1
L219:T2:I949,219,T2,2026-07-03T20:33:04.000Z,93,52,0,40,1
L219:T2:I945,219,T2,2026-07-04T14:37:29.000Z,93,52,0,40,1
L219:T2:I948,219,T2,2026-07-05T14:03:51.000Z,93,52,0,40,1
L219:T2:I947,219,T2,2026-07-06T13:09:14.000Z,93,52,0,40,1
L220:T0,220,T0,2025-12-07T00:00:00.000Z,73,34,0,39,0
L220:T1:I950,220,T1,2025-12-15T18:08:18.000Z,75,35,0,39,1
L221:T0,221,T0,2026-06-29T00:00:00.000Z,32,32,0,0,0
L221:T1:I951,221,T1,2026-07-04T13:17:56.000Z,33,32,0,0,1
L221:T2:I952,221,T2,2026-07-09T08:19:36.000Z,33,32,0,0,1
L222:T0,222,T0,2025-02-10T00:00:00.000Z,8,8,0,0,0
L222:T1:I960,222,T1,2025-02-11T12:23:26.000Z,8,8,0,0,0
L222:T2:I956,222,T2,2025-02-14T07:50:29.000Z,9,8,0,0,1
L222:T2:I954,222,T2,2025-03-22T19:36:00.000Z,9,8,0,0,1
L222:T2:I957,222,T2,2025-11-18T13:51:00.000Z,20,19,0,0,1
L222:T2:I959,222,T2,2025-12-08T10:39:00.000Z,20,19,0,0,1
L222:T2:I958,222,T2,2026-01-29T15:51:00.000Z,23,22,0,0,1
L222:T2:I955,222,T2,2026-04-07T08:12:00.000Z,25,24,0,0,1
L222:T2:I953,222,T2,2026-05-26T18:27:00.000Z,26,25,0,0,1
L223:T0,223,T0,2026-02-15T00:00:00.000Z,29,29,0,0,0
L223:T1:I961,223,T1,2026-04-13T20:24:00.000Z,34,33,0,0,1
L224:T0,224,T0,2026-02-28T00:00:00.000Z,36,36,0,0,0
L224:T1:I963,224,T1,2026-03-08T20:00:22.000Z,37,36,0,0,1
L224:T2:I962,224,T2,2026-03-09T10:58:46.000Z,37,36,0,0,1
L224:T2:I964,224,T2,2026-03-11T15:10:50.000Z,37,36,0,0,1
L225:T0,225,T0,2025-12-01T00:00:00.000Z,34,34,0,0,0
L225:T1:I967,225,T1,2025-12-07T11:53:52.000Z,35,34,0,0,1
L225:T2:I965,225,T2,2025-12-13T11:43:00.000Z,35,34,0,0,1
L225:T2:I968,225,T2,2025-12-14T11:46:58.000Z,35,34,0,0,1
L225:T2:I966,225,T2,2026-05-06T11:37:00.000Z,46,45,0,0,1
L226:T0,226,T0,2025-03-14T00:00:00.000Z,18,18,0,0,0
L226:T1:I969,226,T1,2025-03-14T16:11:44.000Z,19,18,0,0,1
L227:T0,227,T0,2026-04-11T00:00:00.000Z,60,29,0,31,0
L227:T1:I971,227,T1,2026-04-12T09:11:19.000Z,61,29,0,31,1
L227:T2:I970,227,T2,2026-04-20T12:42:03.000Z,62,29,0,32,1
L228:T0,228,T0,2025-10-10T00:00:00.000Z,17,17,0,0,0
L228:T1:I973,228,T1,2025-10-14T17:18:16.000Z,18,17,0,0,1
L228:T2:I976,228,T2,2025-10-16T08:52:36.000Z,18,17,0,0,1
L228:T2:I974,228,T2,2025-10-20T18:42:05.000Z,18,17,0,0,1
L228:T2:I972,228,T2,2025-12-13T19:30:00.000Z,20,19,0,0,1
L228:T2:I975,228,T2,2026-03-11T20:53:00.000Z,29,28,0,0,1
L229:T0,229,T0,2026-06-10T00:00:00.000Z,76,43,0,33,0
L229:T1:I978,229,T1,2026-06-10T10:06:12.000Z,77,43,0,33,1
L229:T2:I979,229,T2,2026-06-10T10:21:20.000Z,76,43,0,33,0
L229:T2:I981,229,T2,2026-06-11T10:22:44.000Z,77,43,0,33,1
L229:T2:I980,229,T2,2026-06-14T19:32:37.000Z,77,43,0,34,0
L229:T2:I977,229,T2,2026-06-21T18:45:47.000Z,78,43,0,34,1
L230:T0,230,T0,2025-01-28T00:00:00.000Z,27,16,0,11,0
L230:T1:I987,230,T1,2025-02-06T08:36:47.000Z,28,16,0,11,1
L230:T2:I985,230,T2,2025-02-06T14:36:24.000Z,28,16,0,11,1
L230:T2:I982,230,T2,2025-06-14T19:58:00.000Z,40,22,0,17,1
L230:T2:I986,230,T2,2025-08-21T11:00:00.000Z,46,24,0,21,1
L230:T2:I983,230,T2,2025-09-24T13:27:00.000Z,49,24,0,24,1
L230:T2:I984,230,T2,2026-04-20T20:21:00.000Z,66,34,0,31,1
L231:T0,231,T0,2026-04-09T00:00:00.000Z,19,19,0,0,0
L231:T1:I995,231,T1,2026-04-11T16:02:04.000Z,20,19,0,0,1
L231:T2:I990,231,T2,2026-04-11T19:07:38.000Z,20,19,0,0,1
L231:T2:I994,231,T2,2026-04-13T11:01:56.000Z,20,19,0,0,1
L231:T2:I991,231,T2,2026-04-14T16:08:20.000Z,20,19,0,0,1
L231:T2:I989,231,T2,2026-04-16T15:59:03.000Z,20,19,0,0,1
L231:T2:I992,231,T2,2026-04-18T17:25:06.000Z,20,19,0,0,1
L231:T2:I988,231,T2,2026-04-19T17:19:25.000Z,20,19,0,0,1
L231:T2:I993,231,T2,2026-04-21T08:17:46.000Z,20,19,0,0,1
L232:T0,232,T0,2025-06-26T00:00:00.000Z,15,15,0,0,0
L232:T1:I997,232,T1,2025-06-27T08:51:03.000Z,16,15,0,0,1
L232:T2:I996,232,T2,2025-08-20T13:40:00.000Z,19,18,0,0,1
L233:T0,233,T0,2025-12-22T00:00:00.000Z,70,23,0,47,0
L233:T1:I999,233,T1,2025-12-22T16:09:13.000Z,70,23,0,47,0
L233:T2:I998,233,T2,2026-05-14T19:04:00.000Z,90,31,0,58,1
L234:T0,234,T0,2025-09-11T00:00:00.000Z,40,19,21,0,0
L234:T1:I1002,234,T1,2025-09-12T16:45:15.000Z,42,20,21,0,1
L234:T2:I1006,234,T2,2025-09-13T16:54:20.000Z,42,20,21,0,1
L234:T2:I1005,234,T2,2025-09-16T17:03:48.000Z,43,21,21,0,1
L234:T2:I1003,234,T2,2025-09-17T19:46:00.000Z,43,21,21,0,1
L234:T2:I1007,234,T2,2025-09-18T18:00:14.000Z,42,21,21,0,0
L234:T2:I1001,234,T2,2025-09-19T08:40:25.000Z,43,21,21,0,1
L234:T2:I1004,234,T2,2026-04-28T18:53:00.000Z,56,27,28,0,1
L234:T2:I1000,234,T2,2026-06-24T17:04:00.000Z,61,30,30,0,1
L235:T0,235,T0,2025-09-23T00:00:00.000Z,24,24,0,0,0
L235:T1:I1009,235,T1,2025-09-23T12:35:33.000Z,24,24,0,0,0
L235:T2:I1011,235,T2,2025-09-27T18:39:11.000Z,25,24,0,0,1
L235:T2:I1010,235,T2,2025-09-29T20:53:53.000Z,25,24,0,0,1
L235:T2:I1008,235,T2,2025-09-30T17:33:00.000Z,25,24,0,0,1
L236:T0,236,T0,2025-02-05T00:00:00.000Z,13,0,4,9,0
L236:T1:I1016,236,T1,2025-02-10T17:30:30.000Z,14,0,4,9,1
L236:T2:I1012,236,T2,2025-02-16T12:18:45.000Z,16,0,5,10,1
L236:T2:I1013,236,T2,2025-05-25T13:53:00.000Z,22,0,5,17,0
L236:T2:I1014,236,T2,2026-03-04T13:42:00.000Z,44,0,11,32,1
L236:T2:I1015,236,T2,2026-03-15T19:24:00.000Z,45,0,11,33,1
L236:T2:I1017,236,T2,2026-06-11T09:49:00.000Z,52,0,13,38,1
L237:T0,237,T0,2025-07-24T00:00:00.000Z,23,23,0,0,0
L237:T1:I1019,237,T1,2025-07-25T10:42:13.000Z,24,23,0,0,1
L237:T2:I1024,237,T2,2025-07-26T11:46:50.000Z,24,23,0,0,1
L237:T2:I1018,237,T2,2025-07-27T08:14:54.000Z,24,23,0,0,1
L237:T2:I1025,237,T2,2025-07-30T07:36:37.000Z,24,23,0,0,1
L237:T2:I1023,237,T2,2025-07-31T15:12:02.000Z,23,23,0,0,0
L237:T2:I1022,237,T2,2025-08-02T20:27:25.000Z,24,23,0,0,1
L237:T2:I1021,237,T2,2025-08-03T17:49:00.000Z,24,23,0,0,1
L237:T2:I1020,237,T2,2026-02-21T08:14:00.000Z,30,29,0,0,1
L238:T0,238,T0,2025-01-23T00:00:00.000Z,19,19,0,0,0
L238:T1:I1031,238,T1,2025-01-27T09:30:23.000Z,20,19,0,0,1
L238:T2:I1030,238,T2,2025-01-28T09:28:56.000Z,20,19,0,0,1
L238:T2:I1028,238,T2,2025-01-28T18:21:11.000Z,19,19,0,0,0
L238:T2:I1029,238,T2,2025-01-30T07:54:02.000Z,20,19,0,0,1
L238:T2:I1027,238,T2,2025-02-05T07:03:07.000Z,21,20,0,0,1
L238:T2:I1033,238,T2,2025-02-24T19:30:00.000Z,22,21,0,0,1
L238:T2:I1026,238,T2,2025-09-29T11:06:00.000Z,33,32,0,0,1
L238:T2:I1032,238,T2,2025-12-13T14:45:00.000Z,37,36,0,0,1
L239:T0,239,T0,2025-08-28T00:00:00.000Z,29,29,0,0,0
L239:T1:I1035,239,T1,2025-09-02T12:00:09.000Z,30,29,0,0,1
L239:T2:I1040,239,T2,2025-10-21T12:10:00.000Z,30,29,0,0,1
L239:T2:I1037,239,T2,2025-11-14T15:33:00.000Z,31,30,0,0,1
L239:T2:I1038,239,T2,2026-02-05T09:58:00.000Z,38,37,0,0,1
L239:T2:I1039,239,T2,2026-03-10T09:10:00.000Z,41,40,0,0,1
L239:T2:I1034,239,T2,2026-03-28T13:06:00.000Z,43,42,0,0,1
L239:T2:I1036,239,T2,2026-05-19T07:30:00.000Z,47,46,0,0,1
L240:T0,240,T0,2026-05-04T00:00:00.000Z,52,24,0,28,0
L240:T1:I1048,240,T1,2026-05-04T07:31:18.000Z,52,24,0,28,0
L240:T2:I1041,240,T2,2026-05-04T14:18:28.000Z,53,24,0,28,1
L240:T2:I1047,240,T2,2026-05-07T20:24:46.000Z,53,24,0,28,1
L240:T2:I1044,240,T2,2026-05-09T08:07:58.000Z,53,24,0,28,1
L240:T2:I1045,240,T2,2026-05-10T14:58:52.000Z,54,24,0,29,1
L240:T2:I1043,240,T2,2026-05-10T20:36:31.000Z,54,24,0,29,1
L240:T2:I1042,240,T2,2026-05-16T16:50:31.000Z,55,24,0,30,1
L240:T2:I1046,240,T2,2026-05-16T19:23:03.000Z,55,24,0,30,1
L241:T0,241,T0,2025-03-29T00:00:00.000Z,48,13,0,35,0
L241:T1:I1049,241,T1,2025-04-07T14:07:02.000Z,51,13,0,37,1
L241:T2:I1052,241,T2,2025-06-30T07:31:00.000Z,67,18,0,48,1
L241:T2:I1050,241,T2,2025-10-09T07:54:00.000Z,82,25,0,56,1
L241:T2:I1051,241,T2,2026-03-22T15:09:00.000Z,116,37,0,78,1
L241:T2:I1053,241,T2,2026-05-18T11:06:00.000Z,131,44,0,86,1
L242:T0,242,T0,2025-01-31T00:00:00.000Z,31,11,0,20,0
L242:T1:I1054,242,T1,2025-02-07T19:38:32.000Z,33,11,0,21,1
L242:T2:I1056,242,T2,2025-05-15T12:04:00.000Z,47,15,0,31,1
L242:T2:I1055,242,T2,2025-12-02T11:12:00.000Z,69,22,0,46,1
L243:T0,243,T0,2025-05-23T00:00:00.000Z,35,13,0,22,0
L243:T1:I1058,243,T1,2025-05-27T16:33:51.000Z,36,13,0,22,1
L243:T2:I1057,243,T2,2025-05-31T19:21:48.000Z,35,13,0,22,0
L243:T2:I1059,243,T2,2026-01-29T15:12:00.000Z,58,27,0,30,1
L244:T0,244,T0,2025-07-10T00:00:00.000Z,11,0,11,0,0
L244:T1:I1063,244,T1,2025-07-10T19:31:50.000Z,12,0,11,0,1
L244:T2:I1061,244,T2,2025-07-11T16:28:38.000Z,12,0,11,0,1
L244:T2:I1062,244,T2,2025-07-19T11:50:15.000Z,12,0,11,0,1
L244:T2:I1060,244,T2,2025-07-23T18:37:31.000Z,11,0,11,0,0
L245:T0,245,T0,2026-02-22T00:00:00.000Z,11,11,0,0,0
L245:T1:I1064,245,T1,2026-03-02T07:50:33.000Z,12,11,0,0,1
L246:T0,246,T0,2025-03-13T00:00:00.000Z,14,5,0,9,0
L246:T1:I1070,246,T1,2025-03-14T16:38:04.000Z,15,5,0,9,1
L246:T2:I1072,246,T2,2025-03-15T17:12:08.000Z,15,5,0,9,1
L246:T2:I1071,246,T2,2025-06-11T20:18:00.000Z,28,9,0,18,1
L246:T2:I1069,246,T2,2025-07-24T09:49:00.000Z,29,10,0,18,1
L246:T2:I1065,246,T2,2025-09-14T17:01:00.000Z,33,11,0,21,1
L246:T2:I1068,246,T2,2025-12-05T11:31:00.000Z,35,13,0,21,1
L246:T2:I1066,246,T2,2026-03-28T12:46:00.000Z,39,14,0,24,1
L246:T2:I1067,246,T2,2026-06-13T09:58:00.000Z,44,15,0,28,1
L247:T0,247,T0,2025-12-16T00:00:00.000Z,41,0,41,0,0
L247:T1:I1076,247,T1,2025-12-16T15:29:53.000Z,42,0,41,0,1
L247:T2:I1075,247,T2,2025-12-20T11:16:00.000Z,42,0,41,0,1
L247:T2:I1073,247,T2,2025-12-29T19:41:52.000Z,43,0,42,0,1
L247:T2:I1074,247,T2,2026-05-12T07:20:00.000Z,51,0,50,0,1
L247:T2:I1077,247,T2,2026-06-18T15:56:00.000Z,55,0,54,0,1
L248:T0,248,T0,2025-03-21T00:00:00.000Z,20,9,11,0,0
L248:T1:I1078,248,T1,2025-03-27T20:10:20.000Z,24,12,11,0,1
L249:T0,249,T0,2025-06-22T00:00:00.000Z,31,12,0,19,0
L249:T1:I1081,249,T1,2025-06-22T13:21:13.000Z,32,12,0,19,1
L249:T2:I1080,249,T2,2025-06-25T13:48:00.000Z,32,12,0,20,0
L249:T2:I1079,249,T2,2025-06-29T07:25:19.000Z,33,12,0,20,1
L250:T0,250,T0,2025-07-24T00:00:00.000Z,42,19,23,0,0
L250:T1:I1082,250,T1,2025-09-23T14:28:00.000Z,45,20,24,0,1
L251:T0,251,T0,2025-10-08T00:00:00.000Z,15,15,0,0,0
L251:T1:I1085,251,T1,2025-10-09T17:37:40.000Z,16,15,0,0,1
L251:T2:I1084,251,T2,2025-10-10T20:07:12.000Z,16,15,0,0,1
L251:T2:I1086,251,T2,2025-10-11T14:07:40.000Z,16,15,0,0,1
L251:T2:I1083,251,T2,2026-06-16T07:47:00.000Z,25,24,0,0,1
L252:T0,252,T0,2025-04-01T00:00:00.000Z,31,18,0,13,0
L252:T1:I1089,252,T1,2025-04-01T15:25:22.000Z,31,18,0,13,0
L252:T2:I1090,252,T2,2025-04-03T13:57:32.000Z,31,18,0,13,0
L252:T2:I1087,252,T2,2025-04-08T14:10:50.000Z,36,21,0,14,1
L252:T2:I1088,252,T2,2026-04-09T12:41:00.000Z,96,52,0,43,1
L253:T0,253,T0,2025-07-23T00:00:00.000Z,28,18,0,10,0
L253:T1:I1091,253,T1,2025-07-27T07:45:22.000Z,30,19,0,10,1
L253:T2:I1092,253,T2,2025-08-01T20:11:34.000Z,29,19,0,10,0
L254:T0,254,T0,2025-06-21T00:00:00.000Z,11,11,0,0,0
L254:T1:I1094,254,T1,2025-06-24T10:08:01.000Z,12,11,0,0,1
L254:T2:I1093,254,T2,2026-01-17T11:38:00.000Z,20,19,0,0,1
L255:T0,255,T0,2025-05-11T00:00:00.000Z,50,13,0,37,0
L255:T1:I1098,255,T1,2025-05-21T17:05:22.000Z,52,13,0,38,1
L255:T2:I1096,255,T2,2025-09-11T11:12:00.000Z,75,22,0,52,1
L255:T2:I1095,255,T2,2026-01-25T15:19:00.000Z,102,31,0,70,1
L255:T2:I1099,255,T2,2026-02-18T20:15:00.000Z,104,32,0,71,1
L255:T2:I1097,255,T2,2026-04-03T11:13:00.000Z,107,33,0,73,1
L256:T0,256,T0,2025-11-05T00:00:00.000Z,17,17,0,0,0
L256:T1:I1101,256,T1,2025-11-11T20:36:14.000Z,18,17,0,0,1
L256:T2:I1100,256,T2,2025-11-12T15:49:09.000Z,18,17,0,0,1
L256:T2:I1102,256,T2,2026-02-27T17:40:00.000Z,28,27,0,0,1
L257:T0,257,T0,2025-02-28T00:00:00.000Z,5,5,0,0,0
L257:T1:I1104,257,T1,2025-03-03T11:24:31.000Z,6,5,0,0,1
L257:T2:I1106,257,T2,2025-03-11T13:48:18.000Z,6,5,0,0,1
L257:T2:I1105,257,T2,2025-09-28T11:12:00.000Z,12,11,0,0,1
L257:T2:I1108,257,T2,2026-02-27T19:49:00.000Z,17,16,0,0,1
L257:T2:I1103,257,T2,2026-04-01T11:53:00.000Z,17,16,0,0,1
L257:T2:I1107,257,T2,2026-04-04T14:21:00.000Z,17,16,0,0,1
L258:T0,258,T0,2026-06-23T00:00:00.000Z,118,35,0,83,0
L258:T1:I1109,258,T1,2026-06-26T18:49:58.000Z,119,35,0,84,0
L259:T0,259,T0,2025-10-17T00:00:00.000Z,47,21,26,0,0
L259:T1:I1110,259,T1,2025-10-17T17:32:58.000Z,48,21,26,0,1
L259:T2:I1112,259,T2,2025-10-17T17:41:12.000Z,48,21,26,0,1
L259:T2:I1113,259,T2,2025-10-21T10:01:26.000Z,48,21,26,0,1
L259:T2:I1115,259,T2,2025-12-01T11:15:00.000Z,50,22,27,0,1
L259:T2:I1111,259,T2,2026-03-16T13:23:00.000Z,63,25,37,0,1
L259:T2:I1114,259,T2,2026-04-13T11:39:00.000Z,65,27,37,0,1
L260:T0,260,T0,2026-04-29T00:00:00.000Z,51,51,0,0,0
L260:T1:I1119,260,T1,2026-04-29T13:23:42.000Z,52,51,0,0,1
L260:T2:I1118,260,T2,2026-05-07T13:58:12.000Z,53,52,0,0,1
L260:T2:I1117,260,T2,2026-05-12T20:33:00.000Z,54,53,0,0,1
L260:T2:I1116,260,T2,2026-05-18T10:40:00.000Z,54,53,0,0,1
L261:T0,261,T0,2025-12-10T00:00:00.000Z,47,24,0,23,0
L261:T1:I1122,261,T1,2025-12-12T10:05:53.000Z,48,24,0,23,1
L261:T2:I1123,261,T2,2025-12-20T17:18:03.000Z,49,25,0,23,1
L261:T2:I1120,261,T2,2026-02-13T14:29:00.000Z,54,27,0,26,1
L261:T2:I1121,261,T2,2026-06-09T08:11:00.000Z,66,31,0,34,1
L262:T0,262,T0,2026-01-20T00:00:00.000Z,32,16,0,16,0
L262:T1:I1124,262,T1,2026-01-21T08:48:38.000Z,33,16,0,16,1
L262:T2:I1125,262,T2,2026-02-02T20:46:39.000Z,34,17,0,16,1
L263:T0,263,T0,2025-01-01T00:00:00.000Z,13,13,0,0,0
L263:T1:I1126,263,T1,2025-09-25T08:53:00.000Z,27,27,0,0,0
L263:T2:I1127,263,T2,2026-01-16T19:42:00.000Z,30,29,0,0,1
L264:T0,264,T0,2026-04-22T00:00:00.000Z,94,52,0,42,0
L264:T1:I1130,264,T1,2026-04-22T15:12:11.000Z,95,52,0,42,1
L264:T2:I1131,264,T2,2026-04-24T18:52:59.000Z,96,53,0,42,1
L264:T2:I1129,264,T2,2026-04-26T19:41:48.000Z,96,53,0,42,1
L264:T2:I1132,264,T2,2026-05-01T12:27:50.000Z,95,53,0,42,0
L264:T2:I1128,264,T2,2026-05-01T15:40:54.000Z,96,53,0,42,1
L264:T2:I1133,264,T2,2026-05-04T18:01:30.000Z,96,53,0,42,1
L265:T0,265,T0,2025-01-21T00:00:00.000Z,12,4,8,0,0
L265:T1:I1137,265,T1,2025-01-29T12:36:49.000Z,13,4,8,0,1
L265:T2:I1134,265,T2,2025-02-26T09:28:00.000Z,17,5,11,0,1
L265:T2:I1135,265,T2,2025-06-14T14:29:00.000Z,26,9,16,0,1
L265:T2:I1136,265,T2,2026-05-15T14:08:00.000Z,55,22,32,0,1
L265:T2:I1138,265,T2,2026-06-07T17:55:00.000Z,57,23,33,0,1
L266:T0,266,T0,2025-04-30T00:00:00.000Z,58,16,0,42,0
L266:T1:I1144,266,T1,2025-05-12T08:37:38.000Z,62,16,0,45,1
L266:T2:I1140,266,T2,2025-05-13T15:47:16.000Z,62,16,0,45,1
L266:T2:I1146,266,T2,2025-07-31T09:31:00.000Z,82,22,0,59,1
L266:T2:I1141,266,T2,2025-08-01T16:03:00.000Z,82,22,0,59,1
L266:T2:I1142,266,T2,2025-08-21T19:19:00.000Z,89,25,0,63,1
L266:T2:I1145,266,T2,2025-09-26T14:35:00.000Z,96,29,0,66,1
L266:T2:I1143,266,T2,2026-02-07T11:35:00.000Z,135,42,0,93,0
L266:T2:I1139,266,T2,2026-06-20T19:43:00.000Z,159,51,0,107,1
L267:T0,267,T0,2025-04-11T00:00:00.000Z,25,14,0,11,0
L267:T1:I1149,267,T1,2025-04-17T16:09:14.000Z,28,15,0,12,1
L267:T2:I1148,267,T2,2025-04-21T13:23:07.000Z,29,15,0,13,1
L267:T2:I1151,267,T2,2025-08-14T14:49:00.000Z,45,22,0,22,1
L267:T2:I1153,267,T2,2025-12-09T14:00:00.000Z,57,30,0,26,1
L267:T2:I1150,267,T2,2026-01-19T11:54:00.000Z,59,32,0,26,1
L267:T2:I1152,267,T2,2026-04-25T19:23:00.000Z,72,41,0,30,1
L267:T2:I1147,267,T2,2026-06-24T10:35:00.000Z,83,47,0,35,1
L268:T0,268,T0,2026-04-20T00:00:00.000Z,28,28,0,0,0
L268:T1:I1155,268,T1,2026-04-20T09:02:10.000Z,29,28,0,0,1
L268:T2:I1154,268,T2,2026-04-25T14:49:18.000Z,29,28,0,0,1
L268:T2:I1156,268,T2,2026-04-29T15:28:56.000Z,30,29,0,0,1
L269:T0,269,T0,2026-02-13T00:00:00.000Z,22,22,0,0,0
L269:T1:I1157,269,T1,2026-02-13T18:58:32.000Z,23,22,0,0,1
L269:T2:I1158,269,T2,2026-02-17T11:49:00.000Z,24,24,0,0,0
L269:T2:I1159,269,T2,2026-02-25T09:06:45.000Z,26,25,0,0,1
L270:T0,270,T0,2025-06-18T00:00:00.000Z,16,16,0,0,0
L270:T1:I1161,270,T1,2025-06-21T08:20:16.000Z,17,16,0,0,1
L270:T2:I1160,270,T2,2025-10-09T20:41:00.000Z,23,22,0,0,1
L271:T0,271,T0,2026-02-05T00:00:00.000Z,74,0,24,50,0
L271:T1:I1164,271,T1,2026-02-09T07:10:05.000Z,76,0,24,51,1
L271:T2:I1163,271,T2,2026-02-11T11:35:21.000Z,76,0,24,52,0
L271:T2:I1165,271,T2,2026-02-15T10:55:44.000Z,78,0,24,53,1
L271:T2:I1162,271,T2,2026-02-16T12:16:48.000Z,79,0,24,54,1
L272:T0,272,T0,2025-05-15T00:00:00.000Z,7,7,0,0,0
L272:T1:I1171,272,T1,2025-05-15T14:06:59.000Z,8,7,0,0,1
L272:T2:I1166,272,T2,2025-05-26T08:03:55.000Z,8,7,0,0,1
L272:T2:I1170,272,T2,2025-05-27T09:24:21.000Z,8,7,0,0,1
L272:T2:I1169,272,T2,2025-08-20T13:54:00.000Z,11,10,0,0,1
L272:T2:I1167,272,T2,2026-02-16T10:15:00.000Z,18,17,0,0,1
L272:T2:I1168,272,T2,2026-05-01T15:04:00.000Z,21,20,0,0,1
L273:T0,273,T0,2025-08-15T00:00:00.000Z,40,16,0,24,0
L273:T1:I1177,273,T1,2025-08-16T14:36:54.000Z,41,16,0,24,1
L273:T2:I1172,273,T2,2025-08-20T07:33:59.000Z,41,16,0,24,1
L273:T2:I1178,273,T2,2025-08-23T07:56:29.000Z,41,16,0,24,1
L273:T2:I1175,273,T2,2025-08-24T08:51:25.000Z,41,16,0,24,1
L273:T2:I1173,273,T2,2025-08-24T15:08:19.000Z,41,16,0,24,1
L273:T2:I1176,273,T2,2025-08-25T08:19:38.000Z,42,17,0,24,1
L273:T2:I1179,273,T2,2025-09-11T15:35:00.000Z,43,17,0,25,1
L273:T2:I1174,273,T2,2026-03-19T16:47:00.000Z,62,29,0,32,1
L274:T0,274,T0,2025-09-27T00:00:00.000Z,35,20,15,0,0
L274:T1:I1181,274,T1,2025-09-27T11:26:24.000Z,36,20,15,0,1
L274:T2:I1180,274,T2,2025-09-28T19:29:39.000Z,36,20,15,0,1
L274:T2:I1182,274,T2,2025-11-29T12:16:00.000Z,40,22,17,0,1
L274:T2:I1183,274,T2,2026-01-17T19:17:00.000Z,44,24,19,0,1
L275:T0,275,T0,2026-06-30T00:00:00.000Z,53,27,0,26,0
L275:T1:I1186,275,T1,2026-07-02T15:13:47.000Z,54,27,0,26,1
L275:T2:I1189,275,T2,2026-07-04T11:32:26.000Z,54,27,0,26,1
L275:T2:I1188,275,T2,2026-07-05T18:17:35.000Z,54,27,0,26,1
L275:T2:I1184,275,T2,2026-07-05T18:32:47.000Z,53,27,0,26,0
L275:T2:I1185,275,T2,2026-07-08T11:41:53.000Z,54,27,0,26,1
L275:T2:I1191,275,T2,2026-07-10T12:01:26.000Z,54,27,0,26,1
L275:T2:I1187,275,T2,2026-07-10T15:01:00.000Z,54,27,0,26,1
L275:T2:I1190,275,T2,2026-07-12T16:30:24.000Z,53,27,0,26,0
L276:T0,276,T0,2025-01-30T00:00:00.000Z,14,8,6,0,0
L276:T1:I1192,276,T1,2026-05-08T20:58:00.000Z,40,22,17,0,1
L277:T0,277,T0,2025-10-04T00:00:00.000Z,21,0,21,0,0
L277:T1:I1199,277,T1,2025-10-07T09:05:05.000Z,22,0,21,0,1
L277:T2:I1196,277,T2,2025-10-11T14:48:52.000Z,22,0,22,0,0
L277:T2:I1198,277,T2,2025-10-12T09:50:25.000Z,23,0,22,0,1
L277:T2:I1200,277,T2,2025-10-12T10:22:45.000Z,23,0,22,0,1
L277:T2:I1197,277,T2,2025-10-12T13:01:12.000Z,23,0,22,0,1
L277:T2:I1193,277,T2,2025-10-15T17:03:32.000Z,23,0,22,0,1
L277:T2:I1194,277,T2,2025-11-29T16:33:00.000Z,26,0,25,0,1
L277:T2:I1195,277,T2,2026-06-09T08:39:00.000Z,33,0,32,0,1
L278:T0,278,T0,2025-10-03T00:00:00.000Z,40,19,0,21,0
L278:T1:I1201,278,T1,2025-11-06T08:25:00.000Z,45,21,0,23,1
L278:T2:I1202,278,T2,2025-12-04T14:00:00.000Z,48,23,0,24,1
L278:T2:I1203,278,T2,2026-05-30T19:41:00.000Z,64,30,0,33,1
L279:T0,279,T0,2025-12-25T00:00:00.000Z,29,16,13,0,0
L279:T1:I1208,279,T1,2025-12-30T10:40:37.000Z,31,17,13,0,1
L279:T2:I1206,279,T2,2026-01-01T17:45:50.000Z,30,17,13,0,0
L279:T2:I1205,279,T2,2026-01-02T12:33:00.000Z,31,17,13,0,1
L279:T2:I1207,279,T2,2026-01-02T18:17:35.000Z,31,17,13,0,1
L279:T2:I1204,279,T2,2026-02-04T17:26:00.000Z,32,18,13,0,1
L280:T0,280,T0,2025-07-30T00:00:00.000Z,30,16,0,14,0
L280:T1:I1213,280,T1,2025-07-31T19:45:53.000Z,30,16,0,14,0
L280:T2:I1212,280,T2,2025-08-01T14:34:29.000Z,31,16,0,14,1
L280:T2:I1211,280,T2,2025-08-06T15:09:37.000Z,32,16,0,15,1
L280:T2:I1215,280,T2,2025-08-07T12:31:49.000Z,32,16,0,15,1
L280:T2:I1210,280,T2,2025-08-10T16:46:57.000Z,32,16,0,15,1
L280:T2:I1214,280,T2,2025-08-18T12:49:00.000Z,33,17,0,15,1
L280:T2:I1216,280,T2,2026-01-21T20:58:00.000Z,48,25,0,22,1
L280:T2:I1209,280,T2,2026-02-14T09:05:00.000Z,50,26,0,23,1
L281:T0,281,T0,2025-10-20T00:00:00.000Z,17,17,0,0,0
L281:T1:I1218,281,T1,2025-11-01T07:20:27.000Z,19,18,0,0,1
L281:T2:I1217,281,T2,2026-01-06T15:32:00.000Z,23,22,0,0,1
L281:T2:I1219,281,T2,2026-06-30T18:10:00.000Z,33,32,0,0,1
L282:T0,282,T0,2025-02-03T00:00:00.000Z,13,8,5,0,0
L282:T1:I1220,282,T1,2025-07-03T10:25:00.000Z,30,19,11,0,0
L282:T2:I1221,282,T2,2025-10-06T08:40:00.000Z,36,22,13,0,1
L283:T0,283,T0,2026-05-25T00:00:00.000Z,16,16,0,0,0
L283:T1:I1222,283,T1,2026-05-27T11:12:23.000Z,17,16,0,0,1
L283:T2:I1224,283,T2,2026-05-27T16:47:24.000Z,17,16,0,0,1
L283:T2:I1223,283,T2,2026-06-01T19:45:29.000Z,17,16,0,0,1
L284:T0,284,T0,2026-05-06T00:00:00.000Z,93,29,0,64,0
L284:T1:I1225,284,T1,2026-05-11T10:58:03.000Z,95,30,0,64,1
L284:T2:I1226,284,T2,2026-05-16T13:13:00.000Z,96,30,0,65,1
L285:T0,285,T0,2025-03-12T00:00:00.000Z,17,6,0,11,0
L285:T1:I1230,285,T1,2025-03-24T19:33:22.000Z,20,8,0,11,1
L285:T2:I1227,285,T2,2025-04-17T12:03:00.000Z,24,10,0,13,1
L285:T2:I1232,285,T2,2025-10-18T10:06:00.000Z,54,22,0,31,1
L285:T2:I1229,285,T2,2025-11-04T19:52:00.000Z,58,24,0,34,0
L285:T2:I1231,285,T2,2026-01-30T10:38:00.000Z,68,27,0,40,1
L285:T2:I1228,285,T2,2026-02-09T07:56:00.000Z,71,27,0,43,1
L286:T0,286,T0,2025-04-11T00:00:00.000Z,23,11,0,12,0
L286:T1:I1234,286,T1,2025-04-20T18:14:13.000Z,25,11,0,13,1
L286:T2:I1235,286,T2,2025-04-21T18:10:42.000Z,25,11,0,13,1
L286:T2:I1236,286,T2,2025-04-22T19:38:01.000Z,25,11,0,13,1
L286:T2:I1233,286,T2,2026-01-03T11:16:00.000Z,49,19,0,29,1
L287:T0,287,T0,2025-01-31T00:00:00.000Z,19,4,0,15,0
L287:T1:I1243,287,T1,2025-02-03T11:25:11.000Z,20,4,0,16,0
L287:T2:I1241,287,T2,2025-02-04T08:33:27.000Z,22,5,0,16,1
L287:T2:I1240,287,T2,2025-02-12T07:28:00.000Z,23,5,0,17,1
L287:T2:I1238,287,T2,2025-03-09T09:44:00.000Z,27,5,0,21,1
L287:T2:I1239,287,T2,2025-12-27T15:35:00.000Z,60,17,0,42,1
L287:T2:I1244,287,T2,2026-02-03T13:00:00.000Z,67,21,0,45,1
L287:T2:I1237,287,T2,2026-04-02T18:16:00.000Z,72,23,0,49,0
L287:T2:I1242,287,T2,2026-05-06T19:30:00.000Z,78,23,0,54,1
L288:T0,288,T0,2025-12-16T00:00:00.000Z,40,16,24,0,0
L288:T1:I1246,288,T1,2025-12-22T15:32:54.000Z,41,16,24,0,1
L288:T2:I1248,288,T2,2025-12-23T18:54:23.000Z,42,17,24,0,1
L288:T2:I1245,288,T2,2025-12-24T11:18:04.000Z,42,17,24,0,1
L288:T2:I1247,288,T2,2026-04-27T08:23:00.000Z,54,21,32,0,1
L289:T0,289,T0,2025-10-28T00:00:00.000Z,40,23,0,17,0
L289:T1:I1251,289,T1,2026-01-07T19:47:00.000Z,43,23,0,19,1
L289:T2:I1249,289,T2,2026-02-15T10:47:00.000Z,45,24,0,21,0
L289:T2:I1250,289,T2,2026-04-23T07:56:00.000Z,49,25,0,24,0
L290:T0,290,T0,2025-11-28T00:00:00.000Z,81,27,0,54,0
L290:T1:I1253,290,T1,2025-12-07T20:37:21.000Z,83,27,0,55,1
L290:T2:I1254,290,T2,2025-12-08T07:33:06.000Z,84,27,0,56,1
L290:T2:I1252,290,T2,2025-12-10T12:42:36.000Z,83,27,0,56,0
L291:T0,291,T0,2025-12-24T00:00:00.000Z,62,27,0,35,0
L291:T1:I1257,291,T1,2025-12-24T08:14:44.000Z,63,27,0,35,1
L291:T2:I1259,291,T2,2025-12-28T14:52:26.000Z,65,28,0,36,1
L291:T2:I1260,291,T2,2026-01-04T15:09:41.000Z,66,29,0,36,1
L291:T2:I1256,291,T2,2026-01-06T07:54:34.000Z,66,29,0,36,1
L291:T2:I1258,291,T2,2026-01-06T10:46:15.000Z,66,29,0,36,1
L291:T2:I1255,291,T2,2026-04-20T16:44:00.000Z,76,33,0,42,1
L292:T0,292,T0,2025-09-09T00:00:00.000Z,33,11,22,0,0
L292:T1:I1261,292,T1,2025-09-10T19:55:48.000Z,34,11,22,0,1
L292:T2:I1262,292,T2,2025-09-11T15:53:57.000Z,34,11,22,0,1
L292:T2:I1263,292,T2,2025-09-16T07:39:03.000Z,34,11,22,0,1
L292:T2:I1265,292,T2,2025-09-16T19:16:30.000Z,34,11,22,0,1
L292:T2:I1264,292,T2,2025-10-17T19:54:00.000Z,37,14,22,0,1
L293:T0,293,T0,2026-04-03T00:00:00.000Z,27,27,0,0,0
L293:T1:I1271,293,T1,2026-04-03T07:27:04.000Z,28,27,0,0,1
L293:T2:I1269,293,T2,2026-04-04T16:36:46.000Z,28,27,0,0,1
L293:T2:I1266,293,T2,2026-04-09T20:20:45.000Z,28,27,0,0,1
L293:T2:I1270,293,T2,2026-04-12T07:32:35.000Z,29,28,0,0,1
L293:T2:I1272,293,T2,2026-04-12T12:44:29.000Z,29,28,0,0,1
L293:T2:I1268,293,T2,2026-04-12T19:07:00.000Z,28,28,0,0,0
L293:T2:I1267,293,T2,2026-04-14T16:48:33.000Z,29,28,0,0,1
L294:T0,294,T0,2025-04-29T00:00:00.000Z,30,17,0,13,0
L294:T1:I1275,294,T1,2025-05-02T19:29:39.000Z,31,17,0,13,1
L294:T2:I1276,294,T2,2025-05-05T19:30:49.000Z,32,17,0,14,1
L294:T2:I1274,294,T2,2025-05-09T07:47:25.000Z,32,17,0,14,1
L294:T2:I1273,294,T2,2025-09-29T12:16:00.000Z,47,25,0,22,0
L295:T0,295,T0,2025-09-25T00:00:00.000Z,10,10,0,0,0
L295:T1:I1277,295,T1,2025-09-27T15:47:04.000Z,10,10,0,0,0
L296:T0,296,T0,2025-05-18T00:00:00.000Z,27,12,0,15,0
L296:T1:I1279,296,T1,2025-05-24T11:21:42.000Z,28,12,0,15,1
L296:T2:I1281,296,T2,2025-05-24T12:26:09.000Z,28,12,0,15,1
L296:T2:I1280,296,T2,2025-05-31T10:59:12.000Z,27,12,0,15,0
L296:T2:I1278,296,T2,2025-05-31T14:03:31.000Z,28,12,0,15,1
L297:T0,297,T0,2025-04-02T00:00:00.000Z,28,12,16,0,0
L297:T1:I1286,297,T1,2025-07-30T14:30:00.000Z,43,19,23,0,1
L297:T2:I1284,297,T2,2025-09-13T16:45:00.000Z,44,20,23,0,1
L297:T2:I1283,297,T2,2025-11-24T20:44:00.000Z,49,22,26,0,1
L297:T2:I1285,297,T2,2025-11-29T09:06:00.000Z,50,22,27,0,1
L297:T2:I1287,297,T2,2026-05-05T18:33:00.000Z,66,27,38,0,1
L297:T2:I1282,297,T2,2026-06-08T17:53:00.000Z,68,29,38,0,1
L298:T0,298,T0,2025-06-17T00:00:00.000Z,40,0,21,19,0
L298:T1:I1288,298,T1,2025-06-20T09:24:27.000Z,42,0,22,19,1
L298:T2:I1289,298,T2,2025-06-26T09:44:50.000Z,42,0,22,20,0
L298:T2:I1291,298,T2,2025-06-26T14:17:32.000Z,43,0,22,20,1
L298:T2:I1292,298,T2,2025-09-22T11:11:00.000Z,60,0,33,26,1
L298:T2:I1293,298,T2,2025-11-28T20:43:00.000Z,65,0,37,27,1
L298:T2:I1290,298,T2,2026-01-29T17:41:00.000Z,72,0,42,29,1
L299:T0,299,T0,2025-07-17T00:00:00.000Z,23,23,0,0,0
L299:T1:I1295,299,T1,2025-07-26T08:02:53.000Z,24,23,0,0,1
L299:T2:I1299,299,T2,2025-07-28T18:44:03.000Z,24,23,0,0,1
L299:T2:I1296,299,T2,2025-07-30T07:50:12.000Z,24,23,0,0,1
L299:T2:I1298,299,T2,2025-10-27T14:24:00.000Z,30,29,0,0,1
L299:T2:I1294,299,T2,2025-11-01T15:30:00.000Z,30,29,0,0,1
L299:T2:I1297,299,T2,2025-11-08T13:39:00.000Z,30,29,0,0,1
L299:T2:I1301,299,T2,2026-01-06T13:47:00.000Z,33,33,0,0,0
L299:T2:I1300,299,T2,2026-05-31T07:38:00.000Z,38,37,0,0,1
L300:T0,300,T0,2025-01-20T00:00:00.000Z,11,8,0,3,0
L300:T1:I1302,300,T1,2025-09-20T14:45:00.000Z,33,21,0,12,0
L300:T2:I1303,300,T2,2025-12-27T09:57:00.000Z,35,21,0,13,1
L301:T0,301,T0,2026-03-03T00:00:00.000Z,48,48,0,0,0
L301:T1:I1307,301,T1,2026-03-04T10:35:08.000Z,50,49,0,0,1
L301:T2:I1309,301,T2,2026-03-05T10:28:30.000Z,50,49,0,0,1
L301:T2:I1305,301,T2,2026-03-09T20:36:24.000Z,50,49,0,0,1
L301:T2:I1311,301,T2,2026-03-13T08:38:24.000Z,50,49,0,0,1
L301:T2:I1304,301,T2,2026-03-16T12:05:08.000Z,51,50,0,0,1
L301:T2:I1310,301,T2,2026-05-20T19:19:00.000Z,52,51,0,0,1
L301:T2:I1308,301,T2,2026-06-08T14:29:00.000Z,55,54,0,0,1
L301:T2:I1306,301,T2,2026-06-21T15:29:00.000Z,56,55,0,0,1
L302:T0,302,T0,2025-02-06T00:00:00.000Z,3,3,0,0,0
L302:T1:I1312,302,T1,2025-02-16T16:05:19.000Z,4,3,0,0,1
L303:T0,303,T0,2025-06-06T00:00:00.000Z,21,8,13,0,0
L303:T1:I1315,303,T1,2025-06-11T07:28:47.000Z,22,8,13,0,1
L303:T2:I1318,303,T2,2025-06-14T09:51:00.000Z,22,8,13,0,1
L303:T2:I1316,303,T2,2025-06-15T18:38:20.000Z,22,8,13,0,1
L303:T2:I1319,303,T2,2025-06-17T07:33:35.000Z,22,8,13,0,1
L303:T2:I1317,303,T2,2025-06-20T12:15:00.000Z,23,9,13,0,1
L303:T2:I1320,303,T2,2025-06-20T13:18:00.000Z,23,9,13,0,1
L303:T2:I1314,303,T2,2025-08-29T10:09:00.000Z,35,15,19,0,1
L303:T2:I1313,303,T2,2025-11-27T07:19:00.000Z,40,17,22,0,1
L304:T0,304,T0,2025-07-19T00:00:00.000Z,51,28,23,0,0
L304:T1:I1322,304,T1,2025-07-27T15:37:12.000Z,53,29,23,0,1
L304:T2:I1324,304,T2,2025-07-27T20:03:22.000Z,53,29,23,0,1
L304:T2:I1325,304,T2,2025-07-29T09:42:10.000Z,52,29,23,0,0
L304:T2:I1323,304,T2,2025-10-11T10:58:00.000Z,61,33,27,0,1
L304:T2:I1326,304,T2,2025-11-24T08:36:00.000Z,65,34,30,0,1
L304:T2:I1327,304,T2,2026-04-02T12:33:00.000Z,86,47,38,0,1
L304:T2:I1321,304,T2,2026-06-11T12:00:00.000Z,93,50,42,0,1
L305:T0,305,T0,2026-04-14T00:00:00.000Z,53,28,0,25,0
L305:T1:I1333,305,T1,2026-04-20T14:58:43.000Z,56,29,0,26,1
L305:T2:I1334,305,T2,2026-04-22T08:19:30.000Z,56,29,0,26,1
L305:T2:I1331,305,T2,2026-04-25T07:57:24.000Z,56,29,0,26,1
L305:T2:I1329,305,T2,2026-04-27T13:56:55.000Z,57,29,0,27,1
L305:T2:I1330,305,T2,2026-04-27T16:22:36.000Z,57,29,0,27,1
L305:T2:I1328,305,T2,2026-06-16T19:55:00.000Z,62,31,0,30,1
L305:T2:I1332,305,T2,2026-06-27T07:51:00.000Z,63,32,0,30,1
L306:T0,306,T0,2025-12-01T00:00:00.000Z,57,18,0,39,0
L306:T1:I1335,306,T1,2025-12-09T15:30:48.000Z,59,19,0,40,0
L306:T2:I1336,306,T2,2026-02-07T13:07:00.000Z,70,21,0,48,1
L307:T0,307,T0,2025-03-07T00:00:00.000Z,8,8,0,0,0
L307:T1:I1343,307,T1,2025-03-09T20:50:46.000Z,8,8,0,0,0
L307:T2:I1339,307,T2,2025-03-10T08:04:48.000Z,9,8,0,0,1
L307:T2:I1340,307,T2,2025-03-11T15:30:15.000Z,9,8,0,0,1
L307:T2:I1344,307,T2,2025-03-12T10:18:19.000Z,9,8,0,0,1
L307:T2:I1342,307,T2,2025-03-12T20:35:59.000Z,9,8,0,0,1
L307:T2:I1338,307,T2,2025-03-18T16:30:20.000Z,9,8,0,0,1
L307:T2:I1337,307,T2,2025-04-02T19:05:00.000Z,10,10,0,0,0
L307:T2:I1341,307,T2,2025-10-07T19:34:00.000Z,26,25,0,0,1
L308:T0,308,T0,2025-10-24T00:00:00.000Z,19,19,0,0,0
L308:T1:I1347,308,T1,2025-10-24T19:44:34.000Z,20,19,0,0,1
L308:T2:I1348,308,T2,2025-10-25T11:09:13.000Z,21,20,0,0,1
L308:T2:I1345,308,T2,2025-10-29T17:22:33.000Z,21,20,0,0,1
L308:T2:I1350,308,T2,2025-10-31T18:13:56.000Z,21,20,0,0,1
L308:T2:I1346,308,T2,2025-11-05T18:04:55.000Z,21,20,0,0,1
L308:T2:I1349,308,T2,2026-01-06T09:27:00.000Z,21,20,0,0,1
L309:T0,309,T0,2025-08-20T00:00:00.000Z,47,21,0,26,0
L309:T1:I1353,309,T1,2025-08-25T10:41:20.000Z,47,21,0,26,0
L309:T2:I1355,309,T2,2025-08-26T13:51:51.000Z,49,22,0,26,1
L309:T2:I1351,309,T2,2025-09-02T09:35:15.000Z,49,23,0,26,0
L309:T2:I1354,309,T2,2025-09-02T16:40:12.000Z,50,23,0,26,1
L309:T2:I1352,309,T2,2025-11-21T19:09:00.000Z,55,24,0,30,1
L310:T0,310,T0,2025-05-23T00:00:00.000Z,45,13,0,32,0
L310:T1:I1356,310,T1,2025-05-25T15:24:54.000Z,45,13,0,32,0
L310:T2:I1358,310,T2,2025-10-28T16:33:00.000Z,71,18,0,52,1
L310:T2:I1357,310,T2,2026-02-02T20:59:00.000Z,89,23,0,65,1
L311:T0,311,T0,2026-01-23T00:00:00.000Z,57,28,0,29,0
L311:T1:I1361,311,T1,2026-01-23T15:05:11.000Z,58,28,0,29,1
L311:T2:I1359,311,T2,2026-01-26T12:48:51.000Z,58,28,0,29,1
L311:T2:I1360,311,T2,2026-01-30T15:02:40.000Z,58,28,0,29,1
L312:T0,312,T0,2025-02-03T00:00:00.000Z,5,5,0,0,0
L312:T1:I1362,312,T1,2025-02-04T13:01:02.000Z,6,5,0,0,1
L312:T2:I1363,312,T2,2025-11-13T12:54:00.000Z,15,14,0,0,1
L312:T2:I1364,312,T2,2026-04-29T12:48:00.000Z,22,22,0,0,0
L312:T2:I1365,312,T2,2026-06-16T15:52:00.000Z,25,24,0,0,1
L313:T0,313,T0,2025-07-14T00:00:00.000Z,38,16,22,0,0
L313:T1:I1367,313,T1,2025-09-27T07:26:00.000Z,45,19,25,0,1
L313:T2:I1366,313,T2,2026-03-05T07:04:00.000Z,60,28,31,0,1
L313:T2:I1368,313,T2,2026-03-15T11:50:00.000Z,61,28,32,0,1
L314:T0,314,T0,2026-03-30T00:00:00.000Z,26,26,0,0,0
L314:T1:I1373,314,T1,2026-03-30T08:40:10.000Z,27,26,0,0,1
L314:T2:I1372,314,T2,2026-03-30T19:41:57.000Z,27,26,0,0,1
L314:T2:I1376,314,T2,2026-04-01T11:38:04.000Z,28,27,0,0,1
L314:T2:I1374,314,T2,2026-04-06T16:21:58.000Z,27,27,0,0,0
L314:T2:I1375,314,T2,2026-04-09T13:38:49.000Z,28,27,0,0,1
L314:T2:I1370,314,T2,2026-04-09T19:40:06.000Z,28,27,0,0,1
L314:T2:I1369,314,T2,2026-04-11T17:45:51.000Z,28,27,0,0,1
L314:T2:I1371,314,T2,2026-06-16T08:08:00.000Z,32,31,0,0,1
L315:T0,315,T0,2025-12-29T00:00:00.000Z,111,44,0,67,0
L315:T1:I1380,315,T1,2025-12-30T13:37:07.000Z,112,44,0,67,1
L315:T2:I1377,315,T2,2026-01-02T13:04:48.000Z,112,44,0,67,1
L315:T2:I1378,315,T2,2026-01-03T07:20:05.000Z,112,44,0,67,1
L315:T2:I1383,315,T2,2026-01-07T14:39:06.000Z,111,44,0,67,0
L315:T2:I1379,315,T2,2026-01-07T19:21:12.000Z,112,44,0,67,1
L315:T2:I1384,315,T2,2026-01-07T20:39:16.000Z,112,44,0,67,1
L315:T2:I1382,315,T2,2026-01-09T20:40:39.000Z,112,44,0,67,1
L315:T2:I1381,315,T2,2026-03-28T14:53:00.000Z,133,50,0,82,1
L316:T0,316,T0,2025-03-25T00:00:00.000Z,9,9,0,0,0
L316:T1:I1387,316,T1,2025-07-03T20:58:00.000Z,21,20,0,0,1
L316:T2:I1388,316,T2,2025-08-02T10:39:00.000Z,21,20,0,0,1
L316:T2:I1385,316,T2,2025-09-26T20:52:00.000Z,25,24,0,0,1
L316:T2:I1386,316,T2,2025-10-25T10:55:00.000Z,27,27,0,0,0
L317:T0,317,T0,2026-06-22T00:00:00.000Z,76,38,0,38,0
L317:T1:I1389,317,T1,2026-06-30T17:38:15.000Z,77,38,0,38,1
L318:T0,318,T0,2026-02-22T00:00:00.000Z,46,23,0,23,0
L318:T1:I1391,318,T1,2026-03-03T15:40:05.000Z,49,24,0,24,1
L318:T2:I1392,318,T2,2026-03-05T15:23:30.000Z,49,24,0,24,1
L318:T2:I1390,318,T2,2026-03-06T07:21:17.000Z,49,24,0,24,1
L318:T2:I1393,318,T2,2026-03-07T13:45:59.000Z,49,24,0,24,1
L319:T0,319,T0,2025-01-24T00:00:00.000Z,3,3,0,0,0
L319:T1:I1394,319,T1,2025-01-25T18:50:45.000Z,4,3,0,0,1
L319:T2:I1397,319,T2,2025-02-04T17:19:46.000Z,5,4,0,0,1
L319:T2:I1395,319,T2,2025-02-11T14:34:00.000Z,5,4,0,0,1
L319:T2:I1399,319,T2,2025-03-07T20:32:00.000Z,7,6,0,0,1
L319:T2:I1400,319,T2,2025-04-22T07:57:00.000Z,11,10,0,0,1
L319:T2:I1396,319,T2,2025-05-15T15:19:00.000Z,12,11,0,0,1
L319:T2:I1398,319,T2,2025-07-19T11:40:00.000Z,15,14,0,0,1
L320:T0,320,T0,2026-04-24T00:00:00.000Z,35,35,0,0,0
L320:T1:I1403,320,T1,2026-05-02T16:31:39.000Z,36,35,0,0,1
L320:T2:I1402,320,T2,2026-05-06T18:26:42.000Z,37,36,0,0,1
L320:T2:I1401,320,T2,2026-05-07T09:48:38.000Z,37,36,0,0,1
L321:T0,321,T0,2025-01-18T00:00:00.000Z,13,4,9,0,0
L321:T1:I1407,321,T1,2025-01-24T20:53:59.000Z,15,5,9,0,1
L321:T2:I1408,321,T2,2025-05-19T15:09:00.000Z,21,7,13,0,1
L321:T2:I1406,321,T2,2025-06-19T12:10:00.000Z,22,9,13,0,0
L321:T2:I1409,321,T2,2025-09-03T09:58:00.000Z,35,15,19,0,1
L321:T2:I1410,321,T2,2025-12-03T08:20:00.000Z,41,17,24,0,0
L321:T2:I1405,321,T2,2025-12-27T20:19:00.000Z,43,18,24,0,1
L321:T2:I1404,321,T2,2026-03-15T09:22:00.000Z,48,21,26,0,1
L322:T0,322,T0,2025-09-29T00:00:00.000Z,24,24,0,0,0
L322:T1:I1414,322,T1,2025-10-02T10:42:00.000Z,25,24,0,0,1
L322:T2:I1413,322,T2,2025-10-05T13:23:36.000Z,26,25,0,0,1
L322:T2:I1411,322,T2,2025-10-06T20:37:30.000Z,26,25,0,0,1
L322:T2:I1412,322,T2,2025-10-07T14:57:32.000Z,26,25,0,0,1
L323:T0,323,T0,2025-11-25T00:00:00.000Z,68,22,0,46,0
L323:T1:I1416,323,T1,2025-11-28T19:00:36.000Z,69,22,0,47,0
L323:T2:I1415,323,T2,2025-12-06T09:05:03.000Z,71,23,0,47,1
L324:T0,324,T0,2025-06-02T00:00:00.000Z,53,19,0,34,0
L324:T1:I1424,324,T1,2025-06-02T19:43:18.000Z,53,19,0,34,0
L324:T2:I1418,324,T2,2025-06-13T08:29:41.000Z,59,21,0,37,1
L324:T2:I1420,324,T2,2025-06-14T10:20:25.000Z,59,21,0,37,1
L324:T2:I1421,324,T2,2025-06-30T11:30:00.000Z,61,23,0,37,1
L324:T2:I1419,324,T2,2026-02-25T11:09:00.000Z,104,28,0,75,1
L324:T2:I1423,324,T2,2026-04-07T18:14:00.000Z,107,30,0,77,0
L324:T2:I1417,324,T2,2026-04-17T16:39:00.000Z,110,30,0,79,1
L324:T2:I1422,324,T2,2026-04-30T16:30:00.000Z,111,31,0,80,0
L325:T0,325,T0,2026-06-04T00:00:00.000Z,52,32,0,20,0
L325:T1:I1425,325,T1,2026-06-05T16:17:33.000Z,54,33,0,20,1
L325:T2:I1426,325,T2,2026-06-14T09:21:35.000Z,55,34,0,20,1
L325:T2:I1427,325,T2,2026-06-16T20:14:34.000Z,55,34,0,20,1
L326:T0,326,T0,2026-03-07T00:00:00.000Z,89,50,0,39,0
L326:T1:I1431,326,T1,2026-03-07T14:13:39.000Z,90,50,0,39,1
L326:T2:I1434,326,T2,2026-03-12T19:55:32.000Z,89,50,0,39,0
L326:T2:I1428,326,T2,2026-03-12T20:11:18.000Z,89,50,0,39,0
L326:T2:I1435,326,T2,2026-03-13T10:22:10.000Z,89,50,0,39,0
L326:T2:I1430,326,T2,2026-03-15T20:45:28.000Z,91,50,0,40,1
L326:T2:I1432,326,T2,2026-03-16T11:09:40.000Z,91,50,0,40,1
L326:T2:I1429,326,T2,2026-03-16T17:05:36.000Z,91,50,0,40,1
L326:T2:I1433,326,T2,2026-04-13T14:45:00.000Z,94,52,0,41,1
L327:T0,327,T0,2025-09-25T00:00:00.000Z,25,25,0,0,0
L327:T1:I1438,327,T1,2025-09-29T07:11:06.000Z,26,25,0,0,1
L327:T2:I1442,327,T2,2025-09-29T09:53:41.000Z,26,25,0,0,1
L327:T2:I1441,327,T2,2025-09-29T19:01:48.000Z,26,25,0,0,1
L327:T2:I1439,327,T2,2025-10-03T08:55:47.000Z,26,25,0,0,1
L327:T2:I1437,327,T2,2025-10-06T13:56:38.000Z,27,26,0,0,1
L327:T2:I1436,327,T2,2025-12-02T13:06:00.000Z,29,28,0,0,1
L327:T2:I1440,327,T2,2026-05-29T16:46:00.000Z,35,34,0,0,1
L328:T0,328,T0,2025-09-09T00:00:00.000Z,33,22,11,0,0
L328:T1:I1443,328,T1,2025-09-10T14:30:25.000Z,34,22,11,0,1
L329:T0,329,T0,2025-09-12T00:00:00.000Z,36,0,16,20,0
L329:T1:I1446,329,T1,2025-09-17T11:00:00.000Z,37,0,16,21,0
L329:T2:I1444,329,T2,2025-09-17T18:56:59.000Z,38,0,16,21,1
L329:T2:I1449,329,T2,2025-09-20T14:40:43.000Z,38,0,16,21,1
L329:T2:I1451,329,T2,2025-09-22T16:45:26.000Z,38,0,16,21,1
L329:T2:I1450,329,T2,2025-09-24T10:05:05.000Z,38,0,16,21,1
L329:T2:I1448,329,T2,2025-09-25T11:12:00.000Z,38,0,16,21,1
L329:T2:I1445,329,T2,2026-04-20T12:39:00.000Z,54,0,26,28,0
L329:T2:I1447,329,T2,2026-05-04T07:45:00.000Z,57,0,27,29,1
L330:T0,330,T0,2025-09-02T00:00:00.000Z,30,30,0,0,0
L330:T1:I1454,330,T1,2025-09-08T17:01:54.000Z,31,31,0,0,0
L330:T2:I1453,330,T2,2025-09-11T19:29:53.000Z,32,31,0,0,1
L330:T2:I1452,330,T2,2026-04-23T11:42:00.000Z,44,44,0,0,0
L331:T0,331,T0,2025-05-05T00:00:00.000Z,25,0,16,9,0
L331:T1:I1458,331,T1,2025-05-06T16:24:16.000Z,26,0,16,9,1
L331:T2:I1457,331,T2,2025-05-07T08:46:39.000Z,26,0,16,9,1
L331:T2:I1459,331,T2,2025-05-08T19:02:51.000Z,26,0,16,9,1
L331:T2:I1455,331,T2,2025-05-15T15:13:07.000Z,27,0,17,9,1
L331:T2:I1460,331,T2,2025-07-06T14:25:00.000Z,35,0,20,15,0
L331:T2:I1456,331,T2,2026-04-05T13:38:00.000Z,62,0,33,29,0
L332:T0,332,T0,2025-12-22T00:00:00.000Z,71,23,0,48,0
L332:T1:I1463,332,T1,2025-12-23T15:38:49.000Z,71,23,0,48,0
L332:T2:I1461,332,T2,2026-01-01T16:17:57.000Z,73,23,0,49,1
L332:T2:I1462,332,T2,2026-05-22T07:55:00.000Z,96,30,0,65,1
L333:T0,333,T0,2025-07-18T00:00:00.000Z,38,15,0,23,0
L333:T1:I1469,333,T1,2025-07-18T18:27:20.000Z,39,15,0,23,1
L333:T2:I1470,333,T2,2025-07-20T20:35:39.000Z,39,15,0,23,1
L333:T2:I1466,333,T2,2025-07-22T10:10:07.000Z,39,15,0,23,1
L333:T2:I1464,333,T2,2025-07-24T07:45:01.000Z,39,15,0,23,1
L333:T2:I1468,333,T2,2025-07-29T07:16:48.000Z,39,16,0,23,0
L333:T2:I1467,333,T2,2026-05-06T13:31:00.000Z,72,35,0,36,1
L333:T2:I1465,333,T2,2026-05-14T12:33:00.000Z,73,35,0,37,1
L334:T0,334,T0,2026-02-20T00:00:00.000Z,23,23,0,0,0
L334:T1:I1473,334,T1,2026-02-24T09:45:37.000Z,24,23,0,0,1
L334:T2:I1471,334,T2,2026-02-25T08:17:59.000Z,24,23,0,0,1
L334:T2:I1476,334,T2,2026-02-26T12:30:30.000Z,24,23,0,0,1
L334:T2:I1474,334,T2,2026-02-27T09:45:23.000Z,25,24,0,0,1
L334:T2:I1475,334,T2,2026-03-03T14:34:47.000Z,25,24,0,0,1
L334:T2:I1472,334,T2,2026-03-04T19:33:54.000Z,25,24,0,0,1
L335:T0,335,T0,2025-01-03T00:00:00.000Z,21,11,0,10,0
L335:T1:I1484,335,T1,2025-01-08T14:34:20.000Z,23,12,0,10,1
L335:T2:I1478,335,T2,2025-01-11T08:11:06.000Z,23,12,0,10,1
L335:T2:I1480,335,T2,2025-01-16T13:41:20.000Z,22,12,0,10,0
L335:T2:I1477,335,T2,2025-07-02T09:06:00.000Z,34,21,0,12,1
L335:T2:I1481,335,T2,2026-01-01T10:00:00.000Z,59,33,0,25,1
L335:T2:I1482,335,T2,2026-02-02T13:19:00.000Z,60,34,0,25,1
L335:T2:I1479,335,T2,2026-02-14T07:36:00.000Z,61,34,0,26,1
L335:T2:I1483,335,T2,2026-03-14T08:29:00.000Z,66,36,0,29,1
L336:T0,336,T0,2025-04-07T00:00:00.000Z,14,14,0,0,0
L336:T1:I1485,336,T1,2025-04-18T12:07:52.000Z,16,15,0,0,1
L336:T2:I1487,336,T2,2025-04-25T20:54:00.000Z,16,15,0,0,1
L336:T2:I1486,336,T2,2026-06-12T19:12:00.000Z,34,33,0,0,1
L337:T0,337,T0,2025-10-14T00:00:00.000Z,15,0,15,0,0
L337:T1:I1488,337,T1,2025-10-25T15:01:54.000Z,16,0,15,0,1
L338:T0,338,T0,2025-06-08T00:00:00.000Z,19,0,19,0,0
L338:T1:I1495,338,T1,2025-06-08T09:44:51.000Z,20,0,19,0,1
L338:T2:I1493,338,T2,2025-06-09T09:35:51.000Z,20,0,19,0,1
L338:T2:I1496,338,T2,2025-06-09T12:42:24.000Z,20,0,19,0,1
L338:T2:I1492,338,T2,2025-06-16T10:54:33.000Z,20,0,19,0,1
L338:T2:I1494,338,T2,2025-06-18T15:01:10.000Z,20,0,19,0,1
L338:T2:I1491,338,T2,2025-08-08T20:24:00.000Z,20,0,19,0,1
L338:T2:I1490,338,T2,2025-08-26T16:39:00.000Z,20,0,19,0,1
L338:T2:I1489,338,T2,2025-10-12T20:56:00.000Z,24,0,23,0,1
L339:T0,339,T0,2026-03-22T00:00:00.000Z,16,16,0,0,0
L339:T1:I1498,339,T1,2026-03-22T11:48:23.000Z,17,16,0,0,1
L339:T2:I1499,339,T2,2026-03-31T08:14:44.000Z,17,16,0,0,1
L339:T2:I1497,339,T2,2026-06-08T19:35:00.000Z,19,18,0,0,1
L340:T0,340,T0,2025-12-19T00:00:00.000Z,26,26,0,0,0
L340:T1:I1500,340,T1,2025-12-26T16:22:00.000Z,27,26,0,0,1
L340:T2:I1501,340,T2,2025-12-28T17:58:10.000Z,28,27,0,0,1
L340:T2:I1502,340,T2,2026-02-23T14:15:00.000Z,30,29,0,0,1
L341:T0,341,T0,2026-03-03T00:00:00.000Z,27,27,0,0,0
L341:T1:I1504,341,T1,2026-03-12T18:34:06.000Z,28,27,0,0,1
L341:T2:I1503,341,T2,2026-03-14T11:44:04.000Z,28,27,0,0,1
L342:T0,342,T0,2026-02-15T00:00:00.000Z,16,16,0,0,0
L342:T1:I1505,342,T1,2026-02-20T11:32:58.000Z,17,16,0,0,1
L342:T2:I1506,342,T2,2026-02-27T12:52:34.000Z,17,16,0,0,1
L343:T0,343,T0,2025-08-29T00:00:00.000Z,60,29,0,31,0
L343:T1:I1507,343,T1,2025-09-11T14:20:33.000Z,61,29,0,31,1
L344:T0,344,T0,2025-02-18T00:00:00.000Z,19,10,0,9,0
L344:T1:I1511,344,T1,2025-02-25T08:34:38.000Z,20,10,0,10,0
L344:T2:I1509,344,T2,2025-03-26T08:44:00.000Z,21,10,0,10,1
L344:T2:I1510,344,T2,2025-05-18T19:08:00.000Z,28,15,0,12,1
L344:T2:I1508,344,T2,2025-06-26T15:52:00.000Z,30,16,0,13,1
L345:T0,345,T0,2025-08-27T00:00:00.000Z,22,22,0,0,0
L345:T1:I1516,345,T1,2025-08-27T19:44:55.000Z,23,22,0,0,1
L345:T2:I1514,345,T2,2025-08-28T20:52:22.000Z,22,22,0,0,0
L345:T2:I1515,345,T2,2025-08-30T09:19:23.000Z,23,22,0,0,1
L345:T2:I1513,345,T2,2025-09-01T09:01:42.000Z,23,22,0,0,1
L345:T2:I1512,345,T2,2025-09-08T10:45:24.000Z,23,22,0,0,1
L346:T0,346,T0,2025-05-13T00:00:00.000Z,26,16,0,10,0
L346:T1:I1517,346,T1,2025-07-26T11:52:00.000Z,31,17,0,13,1
L347:T0,347,T0,2026-01-05T00:00:00.000Z,17,17,0,0,0
L347:T1:I1518,347,T1,2026-01-07T11:38:39.000Z,19,18,0,0,1
L347:T2:I1520,347,T2,2026-01-10T10:28:52.000Z,19,18,0,0,1
L347:T2:I1521,347,T2,2026-01-15T12:58:26.000Z,19,18,0,0,1
L347:T2:I1519,347,T2,2026-02-17T18:24:00.000Z,20,19,0,0,1
L348:T0,348,T0,2026-06-08T00:00:00.000Z,49,49,0,0,0
L348:T1:I1522,348,T1,2026-06-08T10:06:56.000Z,50,49,0,0,1
L348:T2:I1523,348,T2,2026-06-08T14:49:31.000Z,50,49,0,0,1
L348:T2:I1524,348,T2,2026-06-17T08:50:30.000Z,50,49,0,0,1
L348:T2:I1525,348,T2,2026-06-20T13:14:54.000Z,50,49,0,0,1
L349:T0,349,T0,2026-05-26T00:00:00.000Z,78,44,0,34,0
L349:T1:I1526,349,T1,2026-06-01T20:05:29.000Z,79,44,0,34,1
L350:T0,350,T0,2026-02-13T00:00:00.000Z,59,26,0,33,0
L350:T1:I1532,350,T1,2026-02-15T18:26:46.000Z,62,28,0,33,1
L350:T2:I1531,350,T2,2026-02-17T07:12:56.000Z,62,28,0,33,1
L350:T2:I1527,350,T2,2026-02-19T09:01:06.000Z,62,28,0,33,1
L350:T2:I1530,350,T2,2026-02-19T18:05:34.000Z,62,28,0,33,1
L350:T2:I1533,350,T2,2026-02-25T15:25:50.000Z,63,28,0,34,1
L350:T2:I1528,350,T2,2026-02-25T18:08:36.000Z,63,28,0,34,1
L350:T2:I1529,350,T2,2026-03-08T11:09:00.000Z,65,29,0,35,1
L351:T0,351,T0,2026-02-10T00:00:00.000Z,72,30,0,42,0
L351:T1:I1535,351,T1,2026-02-12T08:04:46.000Z,73,30,0,42,1
L351:T2:I1538,351,T2,2026-02-12T18:20:05.000Z,73,30,0,42,1
L351:T2:I1534,351,T2,2026-02-20T07:42:39.000Z,75,32,0,42,1
L351:T2:I1539,351,T2,2026-02-21T10:08:32.000Z,74,32,0,42,0
L351:T2:I1537,351,T2,2026-02-21T11:09:18.000Z,75,32,0,42,1
L351:T2:I1536,351,T2,2026-04-21T16:23:00.000Z,84,36,0,47,1
L352:T0,352,T0,2026-06-11T00:00:00.000Z,68,32,0,36,0
L352:T1:I1540,352,T1,2026-06-24T18:16:50.000Z,70,32,0,37,1
L353:T0,353,T0,2025-09-30T00:00:00.000Z,9,9,0,0,0
L353:T1:I1547,353,T1,2025-10-01T07:07:23.000Z,10,9,0,0,1
L353:T2:I1541,353,T2,2025-10-01T10:53:28.000Z,10,9,0,0,1
L353:T2:I1545,353,T2,2025-10-02T14:03:04.000Z,10,9,0,0,1
L353:T2:I1543,353,T2,2025-10-03T18:10:19.000Z,10,9,0,0,1
L353:T2:I1544,353,T2,2025-10-04T18:20:55.000Z,10,9,0,0,1
L353:T2:I1542,353,T2,2025-10-05T07:51:15.000Z,10,9,0,0,1
L353:T2:I1546,353,T2,2025-10-11T12:28:35.000Z,10,9,0,0,1
L353:T2:I1548,353,T2,2026-03-14T07:36:00.000Z,12,11,0,0,1
L354:T0,354,T0,2025-01-07T00:00:00.000Z,13,10,0,3,0
L354:T1:I1549,354,T1,2025-01-07T18:53:15.000Z,14,10,0,3,1
L354:T2:I1551,354,T2,2025-10-20T17:54:00.000Z,43,22,0,20,1
L354:T2:I1550,354,T2,2026-03-18T15:01:00.000Z,61,31,0,29,1
L355:T0,355,T0,2026-05-13T00:00:00.000Z,66,38,28,0,0
L355:T1:I1553,355,T1,2026-05-15T10:50:10.000Z,67,38,28,0,1
L355:T2:I1552,355,T2,2026-05-18T10:40:20.000Z,67,38,28,0,1
L355:T2:I1554,355,T2,2026-05-19T09:17:59.000Z,67,38,28,0,1
L355:T2:I1555,355,T2,2026-05-20T14:12:22.000Z,67,38,28,0,1
L355:T2:I1557,355,T2,2026-05-20T16:49:54.000Z,66,38,28,0,0
L355:T2:I1558,355,T2,2026-05-31T09:32:00.000Z,68,38,29,0,1
L355:T2:I1556,355,T2,2026-06-16T19:11:00.000Z,68,39,29,0,0
L356:T0,356,T0,2025-11-03T00:00:00.000Z,48,22,26,0,0
L356:T1:I1559,356,T1,2025-11-12T08:41:25.000Z,49,22,26,0,1
L356:T2:I1560,356,T2,2026-02-13T09:00:00.000Z,56,26,29,0,1
L357:T0,357,T0,2026-06-24T00:00:00.000Z,79,41,0,38,0
L357:T1:I1562,357,T1,2026-06-28T07:47:47.000Z,80,41,0,38,1
L357:T2:I1561,357,T2,2026-06-28T09:45:35.000Z,80,41,0,38,1
L357:T2:I1565,357,T2,2026-07-01T11:17:25.000Z,81,41,0,39,1
L357:T2:I1564,357,T2,2026-07-05T10:33:40.000Z,81,41,0,39,1
L357:T2:I1563,357,T2,2026-07-06T18:37:41.000Z,81,41,0,39,1
L358:T0,358,T0,2026-03-20T00:00:00.000Z,130,41,0,89,0
L358:T1:I1566,358,T1,2026-03-27T07:23:16.000Z,133,42,0,90,1
L358:T2:I1567,358,T2,2026-03-27T08:20:37.000Z,133,42,0,90,1
L359:T0,359,T0,2026-01-27T00:00:00.000Z,44,26,0,18,0
L359:T1:I1569,359,T1,2026-01-29T16:50:06.000Z,45,26,0,18,1
L359:T2:I1570,359,T2,2026-01-30T19:27:47.000Z,45,26,0,18,1
L359:T2:I1568,359,T2,2026-02-05T18:53:03.000Z,44,26,0,18,0
L359:T2:I1571,359,T2,2026-02-06T13:25:48.000Z,45,26,0,18,1
L359:T2:I1572,359,T2,2026-03-16T17:02:00.000Z,47,28,0,19,0
L359:T2:I1574,359,T2,2026-03-23T10:45:00.000Z,50,29,0,20,1
L359:T2:I1573,359,T2,2026-04-01T17:31:00.000Z,51,29,0,21,1
L360:T0,360,T0,2025-08-08T00:00:00.000Z,20,20,0,0,0
L360:T1:I1575,360,T1,2025-09-29T16:03:00.000Z,23,23,0,0,0
L361:T0,361,T0,2026-05-08T00:00:00.000Z,63,33,0,30,0
L361:T1:I1576,361,T1,2026-05-17T09:45:00.000Z,64,33,0,30,1
L361:T2:I1579,361,T2,2026-05-18T19:34:23.000Z,64,33,0,30,1
L361:T2:I1578,361,T2,2026-05-30T14:57:00.000Z,64,33,0,30,1
L361:T2:I1577,361,T2,2026-06-08T18:08:00.000Z,64,33,0,30,1
L362:T0,362,T0,2026-05-15T00:00:00.000Z,107,35,0,72,0
L362:T1:I1580,362,T1,2026-05-15T20:21:01.000Z,108,35,0,72,1
L362:T2:I1583,362,T2,2026-05-18T14:34:20.000Z,108,35,0,72,1
L362:T2:I1581,362,T2,2026-05-26T18:23:20.000Z,108,35,0,72,1
L362:T2:I1582,362,T2,2026-06-06T16:21:00.000Z,108,35,0,72,1
L363:T0,363,T0,2026-05-29T00:00:00.000Z,80,43,0,37,0
L363:T1:I1586,363,T1,2026-05-29T17:08:57.000Z,80,43,0,37,0
L363:T2:I1585,363,T2,2026-05-31T15:00:14.000Z,81,43,0,37,1
L363:T2:I1587,363,T2,2026-06-07T10:49:04.000Z,82,44,0,37,1
L363:T2:I1591,363,T2,2026-06-08T10:55:34.000Z,82,44,0,37,1
L363:T2:I1590,363,T2,2026-06-08T11:25:45.000Z,82,44,0,37,1
L363:T2:I1589,363,T2,2026-06-09T08:33:43.000Z,82,44,0,37,1
L363:T2:I1588,363,T2,2026-06-11T13:22:05.000Z,82,44,0,37,1
L363:T2:I1584,363,T2,2026-06-11T14:22:22.000Z,82,44,0,37,1
L364:T0,364,T0,2025-10-22T00:00:00.000Z,9,9,0,0,0
L364:T1:I1594,364,T1,2025-10-22T15:51:32.000Z,10,9,0,0,1
L364:T2:I1595,364,T2,2025-10-29T08:58:25.000Z,10,9,0,0,1
L364:T2:I1598,364,T2,2025-10-31T17:38:19.000Z,10,9,0,0,1
L364:T2:I1592,364,T2,2025-11-01T16:05:26.000Z,10,9,0,0,1
L364:T2:I1596,364,T2,2025-11-02T17:01:32.000Z,10,9,0,0,1
L364:T2:I1593,364,T2,2025-12-21T18:28:00.000Z,11,10,0,0,1
L364:T2:I1597,364,T2,2026-03-18T13:58:00.000Z,12,11,0,0,1
L365:T0,365,T0,2025-11-07T00:00:00.000Z,20,20,0,0,0
L365:T1:I1603,365,T1,2025-11-07T17:37:45.000Z,21,20,0,0,1
L365:T2:I1599,365,T2,2025-11-15T09:15:10.000Z,21,20,0,0,1
L365:T2:I1602,365,T2,2026-03-10T16:55:00.000Z,25,24,0,0,1
L365:T2:I1601,365,T2,2026-03-10T19:57:00.000Z,25,24,0,0,1
L365:T2:I1600,365,T2,2026-05-06T11:37:00.000Z,28,27,0,0,1
L366:T0,366,T0,2026-01-13T00:00:00.000Z,46,22,0,24,0
L366:T1:I1610,366,T1,2026-01-13T09:15:11.000Z,47,22,0,24,1
L366:T2:I1606,366,T2,2026-01-14T17:30:12.000Z,46,22,0,24,0
L366:T2:I1609,366,T2,2026-01-16T19:07:07.000Z,47,22,0,24,1
L366:T2:I1607,366,T2,2026-01-18T19:57:47.000Z,47,22,0,24,1
L366:T2:I1604,366,T2,2026-01-22T09:16:54.000Z,48,22,0,25,1
L366:T2:I1608,366,T2,2026-01-22T10:10:27.000Z,47,22,0,25,0
L366:T2:I1605,366,T2,2026-05-11T12:25:00.000Z,55,25,0,29,1
L367:T0,367,T0,2025-06-10T00:00:00.000Z,19,19,0,0,0
L367:T1:I1611,367,T1,2025-06-21T11:18:39.000Z,20,19,0,0,1
L367:T2:I1613,367,T2,2025-09-13T19:19:00.000Z,24,23,0,0,1
L367:T2:I1614,367,T2,2025-10-17T14:34:00.000Z,24,23,0,0,1
L367:T2:I1615,367,T2,2026-04-21T16:56:00.000Z,32,31,0,0,1
L367:T2:I1612,367,T2,2026-06-08T19:27:00.000Z,35,34,0,0,1
L367:T2:I1616,367,T2,2026-06-26T17:16:00.000Z,36,35,0,0,1
L368:T0,368,T0,2025-03-19T00:00:00.000Z,5,0,5,0,0
L368:T1:I1618,368,T1,2025-03-29T13:16:30.000Z,6,0,5,0,1
L368:T2:I1617,368,T2,2025-03-30T08:36:02.000Z,6,0,5,0,1
L369:T0,369,T0,2026-02-05T00:00:00.000Z,40,40,0,0,0
L369:T1:I1620,369,T1,2026-02-05T14:45:22.000Z,41,40,0,0,1
L369:T2:I1619,369,T2,2026-02-09T19:12:53.000Z,42,41,0,0,1
L369:T2:I1621,369,T2,2026-02-14T09:57:20.000Z,42,41,0,0,1
L370:T0,370,T0,2025-08-23T00:00:00.000Z,20,20,0,0,0
L370:T1:I1622,370,T1,2025-08-24T16:41:42.000Z,21,20,0,0,1
L371:T0,371,T0,2025-04-01T00:00:00.000Z,5,5,0,0,0
L371:T1:I1625,371,T1,2025-04-08T11:33:40.000Z,6,5,0,0,1
L371:T2:I1624,371,T2,2025-04-12T12:33:39.000Z,6,5,0,0,1
L371:T2:I1626,371,T2,2025-04-26T13:57:00.000Z,7,7,0,0,0
L371:T2:I1627,371,T2,2025-09-28T19:41:00.000Z,8,7,0,0,1
L371:T2:I1630,371,T2,2025-10-18T17:03:00.000Z,8,7,0,0,1
L371:T2:I1623,371,T2,2026-01-12T07:42:00.000Z,8,8,0,0,0
L371:T2:I1628,371,T2,2026-05-01T18:07:00.000Z,11,10,0,0,1
L371:T2:I1629,371,T2,2026-06-02T12:01:00.000Z,12,11,0,0,1
L372:T0,372,T0,2026-05-30T00:00:00.000Z,112,34,0,78,0
L372:T1:I1634,372,T1,2026-06-04T13:16:09.000Z,114,34,0,79,1
L372:T2:I1636,372,T2,2026-06-07T15:14:53.000Z,113,34,0,79,0
L372:T2:I1631,372,T2,2026-06-09T08:45:00.000Z,114,34,0,80,0
L372:T2:I1633,372,T2,2026-06-11T19:56:16.000Z,117,36,0,80,1
L372:T2:I1632,372,T2,2026-06-16T14:18:00.000Z,118,36,0,81,1
L372:T2:I1635,372,T2,2026-06-19T20:20:00.000Z,118,36,0,82,0
L373:T0,373,T0,2025-07-02T00:00:00.000Z,19,9,0,10,0
L373:T1:I1637,373,T1,2025-07-06T11:25:37.000Z,20,9,0,10,1
L373:T2:I1639,373,T2,2025-07-06T13:48:33.000Z,20,9,0,10,1
L373:T2:I1638,373,T2,2025-09-13T09:08:00.000Z,25,11,0,13,1
L374:T0,374,T0,2025-12-03T00:00:00.000Z,27,27,0,0,0
L374:T1:I1641,374,T1,2025-12-13T11:16:57.000Z,28,27,0,0,1
L374:T2:I1640,374,T2,2026-01-01T18:28:00.000Z,28,27,0,0,1
L375:T0,375,T0,2025-08-06T00:00:00.000Z,35,20,0,15,0
L375:T1:I1645,375,T1,2025-08-06T10:00:37.000Z,36,20,0,15,1
L375:T2:I1649,375,T2,2025-08-09T07:51:53.000Z,36,20,0,15,1
L375:T2:I1646,375,T2,2025-08-09T16:45:33.000Z,36,20,0,15,1
L375:T2:I1647,375,T2,2025-08-16T15:53:34.000Z,37,21,0,15,1
L375:T2:I1642,375,T2,2025-08-17T13:45:16.000Z,37,21,0,15,1
L375:T2:I1644,375,T2,2025-08-17T16:57:42.000Z,37,21,0,15,1
L375:T2:I1648,375,T2,2025-09-02T15:04:00.000Z,38,21,0,16,1
L375:T2:I1643,375,T2,2025-09-28T09:57:00.000Z,40,23,0,16,1
L376:T0,376,T0,2025-08-01T00:00:00.000Z,42,21,0,21,0
L376:T1:I1650,376,T1,2025-08-02T19:12:04.000Z,44,21,0,22,1
L376:T2:I1651,376,T2,2026-01-29T15:30:00.000Z,60,26,0,33,1
L377:T0,377,T0,2026-04-08T00:00:00.000Z,15,15,0,0,0
L377:T1:I1655,377,T1,2026-04-08T12:28:01.000Z,16,15,0,0,1
L377:T2:I1653,377,T2,2026-04-08T15:16:28.000Z,16,15,0,0,1
L377:T2:I1654,377,T2,2026-04-10T08:19:34.000Z,16,15,0,0,1
L377:T2:I1657,377,T2,2026-04-13T18:24:43.000Z,17,16,0,0,1
L377:T2:I1656,377,T2,2026-04-16T16:20:04.000Z,17,16,0,0,1
L377:T2:I1652,377,T2,2026-04-17T08:58:06.000Z,17,16,0,0,1
L377:T2:I1658,377,T2,2026-05-23T10:31:00.000Z,19,18,0,0,1
L378:T0,378,T0,2026-03-27T00:00:00.000Z,16,16,0,0,0
L378:T1:I1662,378,T1,2026-03-30T10:27:39.000Z,17,16,0,0,1
L378:T2:I1661,378,T2,2026-03-30T14:01:21.000Z,17,16,0,0,1
L378:T2:I1664,378,T2,2026-04-02T18:21:09.000Z,17,16,0,0,1
L378:T2:I1660,378,T2,2026-04-04T20:02:24.000Z,17,16,0,0,1
L378:T2:I1659,378,T2,2026-04-08T16:40:04.000Z,17,16,0,0,1
L378:T2:I1663,378,T2,2026-06-04T19:17:00.000Z,19,18,0,0,1
L379:T0,379,T0,2025-08-25T00:00:00.000Z,56,20,0,36,0
L379:T1:I1666,379,T1,2025-12-24T12:49:00.000Z,71,24,0,46,1
L379:T2:I1665,379,T2,2026-05-10T10:57:00.000Z,90,30,0,59,1
L380:T0,380,T0,2025-10-03T00:00:00.000Z,11,11,0,0,0
L380:T1:I1668,380,T1,2025-10-08T16:58:13.000Z,12,11,0,0,1
L380:T2:I1667,380,T2,2026-01-19T12:26:00.000Z,15,14,0,0,1
L381:T0,381,T0,2025-12-06T00:00:00.000Z,40,17,0,23,0
L381:T1:I1670,381,T1,2025-12-08T19:15:36.000Z,41,17,0,23,1
L381:T2:I1669,381,T2,2026-05-28T09:22:00.000Z,51,22,0,28,1
L381:T2:I1671,381,T2,2026-06-16T08:49:00.000Z,52,23,0,28,1
L382:T0,382,T0,2025-03-02T00:00:00.000Z,10,10,0,0,0
L382:T1:I1672,382,T1,2025-03-07T11:16:41.000Z,11,10,0,0,1
L382:T2:I1673,382,T2,2025-03-10T08:31:49.000Z,11,10,0,0,1
L382:T2:I1674,382,T2,2025-03-10T09:57:08.000Z,11,10,0,0,1
L383:T0,383,T0,2026-04-17T00:00:00.000Z,20,20,0,0,0
L383:T1:I1675,383,T1,2026-04-17T16:43:32.000Z,21,20,0,0,1
L383:T2:I1676,383,T2,2026-04-20T11:28:45.000Z,21,20,0,0,1
L383:T2:I1678,383,T2,2026-04-22T19:42:46.000Z,21,20,0,0,1
L383:T2:I1677,383,T2,2026-04-23T16:59:25.000Z,21,20,0,0,1
L383:T2:I1679,383,T2,2026-04-26T18:27:11.000Z,20,20,0,0,0
L384:T0,384,T0,2025-10-31T00:00:00.000Z,30,0,30,0,0
L384:T1:I1684,384,T1,2025-11-02T12:24:21.000Z,31,0,30,0,1
L384:T2:I1683,384,T2,2025-11-04T13:18:04.000Z,31,0,30,0,1
L384:T2:I1682,384,T2,2025-11-05T09:18:21.000Z,31,0,30,0,1
L384:T2:I1681,384,T2,2025-12-07T17:09:00.000Z,31,0,30,0,1
L384:T2:I1680,384,T2,2026-04-09T07:57:00.000Z,38,0,37,0,1
L385:T0,385,T0,2025-03-17T00:00:00.000Z,7,7,0,0,0
L385:T1:I1686,385,T1,2025-03-23T08:51:06.000Z,8,7,0,0,1
L385:T2:I1688,385,T2,2025-03-28T09:49:03.000Z,7,7,0,0,0
L385:T2:I1689,385,T2,2025-03-29T11:18:41.000Z,8,7,0,0,1
L385:T2:I1685,385,T2,2025-03-29T11:40:56.000Z,8,7,0,0,1
L385:T2:I1690,385,T2,2025-03-30T08:36:46.000Z,7,7,0,0,0
L385:T2:I1687,385,T2,2025-08-29T13:19:00.000Z,15,14,0,0,1
L385:T2:I1691,385,T2,2025-10-17T16:32:00.000Z,17,16,0,0,1
L386:T0,386,T0,2026-01-05T00:00:00.000Z,38,38,0,0,0
L386:T1:I1692,386,T1,2026-01-12T10:33:25.000Z,39,38,0,0,1
L387:T0,387,T0,2026-01-05T00:00:00.000Z,31,31,0,0,0
L387:T1:I1693,387,T1,2026-01-09T12:36:30.000Z,31,31,0,0,0
L387:T2:I1695,387,T2,2026-01-12T09:43:29.000Z,32,31,0,0,1
L387:T2:I1694,387,T2,2026-05-31T18:58:00.000Z,42,41,0,0,1
L388:T0,388,T0,2025-12-03T00:00:00.000Z,49,22,27,0,0
L388:T1:I1698,388,T1,2025-12-10T17:13:09.000Z,50,22,27,0,1
L388:T2:I1697,388,T2,2025-12-14T12:54:18.000Z,50,22,27,0,1
L388:T2:I1699,388,T2,2026-01-21T08:29:00.000Z,52,22,29,0,1
L388:T2:I1696,388,T2,2026-01-29T09:58:00.000Z,55,23,31,0,1
L389:T0,389,T0,2026-01-04T00:00:00.000Z,57,26,0,31,0
L389:T1:I1700,389,T1,2026-01-05T09:30:34.000Z,58,26,0,31,1
L389:T2:I1703,389,T2,2026-01-08T13:15:59.000Z,58,26,0,31,1
L389:T2:I1704,389,T2,2026-01-12T19:28:37.000Z,58,26,0,31,1
L389:T2:I1701,389,T2,2026-01-15T16:15:12.000Z,58,26,0,31,1
L389:T2:I1702,389,T2,2026-04-01T14:47:00.000Z,65,31,0,33,1
L390:T0,390,T0,2026-04-06T00:00:00.000Z,73,27,0,46,0
L390:T1:I1709,390,T1,2026-04-08T12:11:18.000Z,74,27,0,46,1
L390:T2:I1708,390,T2,2026-04-09T19:28:11.000Z,74,28,0,46,0
L390:T2:I1705,390,T2,2026-04-10T10:46:22.000Z,75,28,0,46,1
L390:T2:I1707,390,T2,2026-04-11T20:27:32.000Z,75,28,0,46,1
L390:T2:I1710,390,T2,2026-04-14T15:59:49.000Z,76,29,0,46,1
L390:T2:I1706,390,T2,2026-04-19T14:10:56.000Z,76,29,0,46,1
L390:T2:I1711,390,T2,2026-06-14T07:34:00.000Z,86,29,0,56,1
L391:T0,391,T0,2025-10-28T00:00:00.000Z,37,21,0,16,0
L391:T1:I1713,391,T1,2025-10-30T14:28:54.000Z,38,21,0,16,1
L391:T2:I1712,391,T2,2025-11-02T14:17:32.000Z,38,21,0,16,1
L391:T2:I1714,391,T2,2025-11-10T14:36:37.000Z,38,21,0,16,1
L392:T0,392,T0,2025-02-28T00:00:00.000Z,17,17,0,0,0
L392:T1:I1716,392,T1,2025-03-03T11:58:54.000Z,18,18,0,0,0
L392:T2:I1717,392,T2,2025-04-10T19:40:00.000Z,21,20,0,0,1
L392:T2:I1715,392,T2,2025-11-19T08:05:00.000Z,34,33,0,0,1
L392:T2:I1718,392,T2,2026-01-08T08:34:00.000Z,36,35,0,0,1
L393:T0,393,T0,2026-05-11T00:00:00.000Z,58,24,0,34,0
L393:T1:I1719,393,T1,2026-05-13T09:49:16.000Z,59,24,0,34,1
L393:T2:I1721,393,T2,2026-05-16T09:32:00.000Z,59,24,0,34,1
L393:T2:I1720,393,T2,2026-05-24T12:33:20.000Z,59,24,0,34,1
L394:T0,394,T0,2025-09-01T00:00:00.000Z,11,11,0,0,0
L394:T1:I1724,394,T1,2025-09-10T09:10:46.000Z,12,11,0,0,1
L394:T2:I1722,394,T2,2026-02-21T18:42:00.000Z,16,15,0,0,1
L394:T2:I1723,394,T2,2026-04-13T17:44:00.000Z,17,16,0,0,1
L395:T0,395,T0,2025-10-17T00:00:00.000Z,62,27,0,35,0
L395:T1:I1727,395,T1,2025-10-19T17:12:43.000Z,63,27,0,35,1
L395:T2:I1730,395,T2,2025-10-19T18:37:16.000Z,63,27,0,35,1
L395:T2:I1728,395,T2,2025-10-27T07:26:54.000Z,63,27,0,35,1
L395:T2:I1726,395,T2,2025-12-31T19:50:00.000Z,70,28,0,41,1
L395:T2:I1729,395,T2,2026-04-27T20:15:00.000Z,84,36,0,47,1
L395:T2:I1725,395,T2,2026-06-13T19:38:00.000Z,91,38,0,52,1
L396:T0,396,T0,2025-06-06T00:00:00.000Z,35,0,8,27,0
L396:T1:I1731,396,T1,2025-06-06T17:01:23.000Z,36,0,8,27,1
L396:T2:I1736,396,T2,2025-06-15T08:42:23.000Z,38,0,8,29,1
L396:T2:I1732,396,T2,2025-07-13T09:20:00.000Z,40,0,9,30,1
L396:T2:I1734,396,T2,2025-08-13T20:35:00.000Z,47,0,12,34,1
L396:T2:I1733,396,T2,2025-09-22T20:14:00.000Z,56,0,15,40,1
L396:T2:I1735,396,T2,2026-01-19T08:49:00.000Z,64,0,17,46,1
L397:T0,397,T0,2025-03-28T00:00:00.000Z,24,13,0,11,0
L397:T1:I1740,397,T1,2025-03-31T09:41:11.000Z,24,13,0,11,0
L397:T2:I1738,397,T2,2025-04-07T16:25:54.000Z,26,14,0,11,1
L397:T2:I1739,397,T2,2025-06-07T16:44:00.000Z,29,15,0,13,1
L397:T2:I1743,397,T2,2025-08-19T13:38:00.000Z,34,20,0,13,1
L397:T2:I1741,397,T2,2025-09-14T19:49:00.000Z,38,22,0,15,1
L397:T2:I1737,397,T2,2026-02-02T19:38:00.000Z,45,26,0,18,1
L397:T2:I1744,397,T2,2026-05-11T15:29:00.000Z,55,31,0,23,1
L397:T2:I1742,397,T2,2026-06-08T18:03:00.000Z,55,31,0,23,1
L398:T0,398,T0,2026-05-19T00:00:00.000Z,141,44,0,97,0
L398:T1:I1746,398,T1,2026-05-21T07:11:05.000Z,141,44,0,97,0
L398:T2:I1745,398,T2,2026-05-21T12:22:31.000Z,142,44,0,97,1
L398:T2:I1751,398,T2,2026-05-24T09:34:39.000Z,142,44,0,97,1
L398:T2:I1750,398,T2,2026-05-24T19:53:23.000Z,142,44,0,97,1
L398:T2:I1748,398,T2,2026-05-31T09:30:27.000Z,141,44,0,97,0
L398:T2:I1749,398,T2,2026-06-01T15:41:40.000Z,142,44,0,97,1
L398:T2:I1747,398,T2,2026-06-29T14:29:00.000Z,146,44,0,101,1
L399:T0,399,T0,2026-01-02T00:00:00.000Z,34,21,0,13,0
L399:T1:I1758,399,T1,2026-01-05T16:32:04.000Z,35,21,0,13,1
L399:T2:I1756,399,T2,2026-01-08T08:40:17.000Z,35,21,0,13,1
L399:T2:I1755,399,T2,2026-01-08T20:33:41.000Z,35,21,0,13,1
L399:T2:I1753,399,T2,2026-01-09T08:19:02.000Z,35,21,0,13,1
L399:T2:I1754,399,T2,2026-01-11T17:39:06.000Z,35,21,0,13,1
L399:T2:I1757,399,T2,2026-01-12T10:52:12.000Z,35,21,0,13,1
L399:T2:I1752,399,T2,2026-01-15T07:17:22.000Z,35,21,0,13,1
L400:T0,400,T0,2025-08-25T00:00:00.000Z,17,17,0,0,0
L400:T1:I1762,400,T1,2025-08-25T09:02:47.000Z,18,17,0,0,1
L400:T2:I1761,400,T2,2025-08-28T19:14:23.000Z,18,17,0,0,1
L400:T2:I1766,400,T2,2025-09-02T19:44:41.000Z,18,17,0,0,1
L400:T2:I1764,400,T2,2025-09-04T16:56:12.000Z,18,17,0,0,1
L400:T2:I1759,400,T2,2025-09-05T07:10:05.000Z,18,17,0,0,1
L400:T2:I1760,400,T2,2025-09-06T09:02:42.000Z,18,17,0,0,1
L400:T2:I1763,400,T2,2026-03-23T15:38:00.000Z,22,21,0,0,1
L400:T2:I1765,400,T2,2026-05-24T12:37:00.000Z,28,27,0,0,1
L401:T0,401,T0,2025-08-16T00:00:00.000Z,44,0,22,22,0
L401:T1:I1767,401,T1,2025-08-28T18:36:39.000Z,47,0,23,23,1
L401:T2:I1768,401,T2,2026-04-01T13:06:00.000Z,69,0,29,40,0
L402:T0,402,T0,2025-07-10T00:00:00.000Z,11,11,0,0,0
L402:T1:I1769,402,T1,2025-12-03T12:05:00.000Z,18,17,0,0,1
L403:T0,403,T0,2026-06-26T00:00:00.000Z,77,34,0,43,0
L403:T1:I1770,403,T1,2026-07-06T08:15:06.000Z,78,34,0,43,1
L403:T2:I1771,403,T2,2026-07-06T09:49:25.000Z,78,34,0,43,1
L404:T0,404,T0,2025-06-04T00:00:00.000Z,10,10,0,0,0
L404:T1:I1774,404,T1,2025-08-12T16:20:00.000Z,14,13,0,0,1
L404:T2:I1773,404,T2,2025-10-18T19:14:00.000Z,18,17,0,0,1
L404:T2:I1772,404,T2,2026-03-10T16:30:00.000Z,27,26,0,0,1
L405:T0,405,T0,2026-03-20T00:00:00.000Z,26,26,0,0,0
L405:T1:I1777,405,T1,2026-03-23T12:56:29.000Z,27,26,0,0,1
L405:T2:I1776,405,T2,2026-03-24T09:22:23.000Z,27,26,0,0,1
L405:T2:I1775,405,T2,2026-03-25T13:10:38.000Z,27,26,0,0,1
L406:T0,406,T0,2025-01-04T00:00:00.000Z,13,8,0,5,0
L406:T1:I1779,406,T1,2025-01-12T10:13:17.000Z,16,10,0,5,1
L406:T2:I1778,406,T2,2025-06-21T20:04:00.000Z,33,20,0,12,1
L407:T0,407,T0,2025-03-16T00:00:00.000Z,18,6,0,12,0
L407:T1:I1781,407,T1,2025-03-19T15:07:12.000Z,19,6,0,12,1
L407:T2:I1780,407,T2,2025-03-23T17:12:33.000Z,20,6,0,13,1
L408:T0,408,T0,2025-05-07T00:00:00.000Z,13,13,0,0,0
L408:T1:I1783,408,T1,2025-05-08T17:25:24.000Z,14,13,0,0,1
L408:T2:I1785,408,T2,2025-05-16T19:14:33.000Z,15,14,0,0,1
L408:T2:I1787,408,T2,2025-05-18T13:55:36.000Z,15,14,0,0,1
L408:T2:I1786,408,T2,2025-05-20T12:31:11.000Z,15,14,0,0,1
L408:T2:I1789,408,T2,2025-06-30T13:27:00.000Z,16,15,0,0,1
L408:T2:I1788,408,T2,2025-07-10T20:09:00.000Z,16,15,0,0,1
L408:T2:I1782,408,T2,2025-10-19T18:46:00.000Z,19,18,0,0,1
L408:T2:I1784,408,T2,2026-04-29T18:14:00.000Z,25,24,0,0,1
L409:T0,409,T0,2025-07-23T00:00:00.000Z,14,14,0,0,0
L409:T1:I1792,409,T1,2025-07-24T16:34:35.000Z,15,14,0,0,1
L409:T2:I1790,409,T2,2025-08-03T20:24:53.000Z,15,14,0,0,1
L409:T2:I1795,409,T2,2025-08-04T07:41:44.000Z,15,14,0,0,1
L409:T2:I1794,409,T2,2025-09-21T12:12:00.000Z,16,15,0,0,1
L409:T2:I1791,409,T2,2025-10-12T19:33:00.000Z,16,15,0,0,1
L409:T2:I1793,409,T2,2026-02-17T16:07:00.000Z,18,17,0,0,1
L410:T0,410,T0,2025-09-19T00:00:00.000Z,41,18,0,23,0
L410:T1:I1802,410,T1,2025-09-20T16:54:29.000Z,41,18,0,23,0
L410:T2:I1797,410,T2,2025-09-23T12:42:21.000Z,42,18,0,23,1
L410:T2:I1796,410,T2,2025-09-24T12:21:27.000Z,42,18,0,23,1
L410:T2:I1800,410,T2,2025-09-28T09:39:26.000Z,42,18,0,23,1
L410:T2:I1801,410,T2,2025-10-01T17:36:17.000Z,43,19,0,23,1
L410:T2:I1803,410,T2,2025-10-06T15:28:00.000Z,44,19,0,24,1
L410:T2:I1798,410,T2,2026-01-26T20:22:00.000Z,51,20,0,30,1
L410:T2:I1799,410,T2,2026-04-25T12:26:00.000Z,59,25,0,33,1
L411:T0,411,T0,2025-03-27T00:00:00.000Z,6,6,0,0,0
L411:T1:I1807,411,T1,2025-03-27T07:06:16.000Z,7,6,0,0,1
L411:T2:I1806,411,T2,2025-04-03T15:12:12.000Z,7,6,0,0,1
L411:T2:I1804,411,T2,2025-04-06T15:55:35.000Z,7,6,0,0,1
L411:T2:I1805,411,T2,2025-04-07T19:19:45.000Z,6,6,0,0,0
L411:T2:I1808,411,T2,2025-04-12T13:43:00.000Z,7,6,0,0,1
L412:T0,412,T0,2025-07-04T00:00:00.000Z,33,20,0,13,0
L412:T1:I1811,412,T1,2025-07-07T11:18:04.000Z,36,20,0,15,1
L412:T2:I1810,412,T2,2025-07-14T07:16:40.000Z,36,20,0,15,1
L412:T2:I1812,412,T2,2025-11-29T10:12:00.000Z,48,24,0,23,1
L412:T2:I1809,412,T2,2025-12-15T16:33:00.000Z,53,27,0,25,1
L412:T2:I1813,412,T2,2026-04-04T11:25:00.000Z,62,32,0,29,1
L413:T0,413,T0,2026-05-09T00:00:00.000Z,93,30,0,63,0
L413:T1:I1814,413,T1,2026-05-09T13:08:36.000Z,93,30,0,63,0
L413:T2:I1815,413,T2,2026-05-11T07:19:36.000Z,95,30,0,64,1
L414:T0,414,T0,2025-05-16T00:00:00.000Z,39,19,0,20,0
L414:T1:I1816,414,T1,2025-05-22T13:25:43.000Z,40,19,0,20,1
L414:T2:I1820,414,T2,2025-05-29T20:19:40.000Z,40,19,0,20,1
L414:T2:I1821,414,T2,2025-06-30T16:19:00.000Z,41,20,0,20,1
L414:T2:I1822,414,T2,2025-11-26T19:53:00.000Z,55,24,0,30,1
L414:T2:I1819,414,T2,2026-01-25T16:32:00.000Z,59,26,0,32,1
L414:T2:I1818,414,T2,2026-05-29T07:31:00.000Z,73,35,0,37,1
L414:T2:I1817,414,T2,2026-06-26T14:01:00.000Z,77,38,0,38,1
L415:T0,415,T0,2025-01-17T00:00:00.000Z,14,14,0,0,0
L415:T1:I1826,415,T1,2025-01-25T09:43:13.000Z,15,14,0,0,1
L415:T2:I1823,415,T2,2025-01-27T18:33:22.000Z,15,14,0,0,1
L415:T2:I1824,415,T2,2025-03-31T18:10:00.000Z,16,15,0,0,1
L415:T2:I1825,415,T2,2025-06-18T19:05:00.000Z,20,19,0,0,1
L415:T2:I1828,415,T2,2025-07-14T09:46:00.000Z,20,19,0,0,1
L415:T2:I1827,415,T2,2026-03-14T11:00:00.000Z,34,33,0,0,1
L415:T2:I1829,415,T2,2026-04-23T11:00:00.000Z,36,35,0,0,1
L416:T0,416,T0,2025-03-16T00:00:00.000Z,21,12,0,9,0
L416:T1:I1833,416,T1,2025-03-17T15:33:22.000Z,22,12,0,9,1
L416:T2:I1832,416,T2,2025-04-06T10:28:00.000Z,25,13,0,11,1
L416:T2:I1830,416,T2,2025-05-23T18:23:00.000Z,28,14,0,13,1
L416:T2:I1831,416,T2,2025-09-06T20:40:00.000Z,32,15,0,16,1
L416:T2:I1834,416,T2,2026-06-04T10:59:00.000Z,60,28,0,31,1
L417:T0,417,T0,2025-08-09T00:00:00.000Z,54,29,25,0,0
L417:T1:I1836,417,T1,2025-08-14T08:08:12.000Z,56,30,25,0,1
L417:T2:I1837,417,T2,2025-11-06T12:01:00.000Z,69,35,33,0,1
L417:T2:I1839,417,T2,2025-11-22T10:32:00.000Z,70,36,33,0,1
L417:T2:I1835,417,T2,2026-02-03T10:02:00.000Z,78,41,36,0,1
L417:T2:I1838,417,T2,2026-03-05T14:07:00.000Z,84,44,39,0,1
L418:T0,418,T0,2026-05-15T00:00:00.000Z,72,37,0,35,0
L418:T1:I1840,418,T1,2026-05-18T09:01:44.000Z,73,37,0,35,1
L418:T2:I1842,418,T2,2026-05-22T08:14:29.000Z,73,37,0,35,1
L418:T2:I1841,418,T2,2026-05-23T16:09:16.000Z,73,37,0,35,1
L418:T2:I1843,418,T2,2026-05-27T09:13:01.000Z,72,37,0,35,0
L419:T0,419,T0,2025-04-23T00:00:00.000Z,43,13,0,30,0
L419:T1:I1847,419,T1,2025-04-23T17:02:36.000Z,43,13,0,30,0
L419:T2:I1844,419,T2,2025-04-27T07:16:32.000Z,44,13,0,30,1
L419:T2:I1846,419,T2,2025-05-03T20:53:29.000Z,44,13,0,30,1
L419:T2:I1845,419,T2,2025-09-17T17:11:00.000Z,66,18,0,47,1
L419:T2:I1848,419,T2,2026-04-13T14:08:00.000Z,104,31,0,72,1
L420:T0,420,T0,2025-11-17T00:00:00.000Z,64,0,37,27,0
L420:T1:I1850,420,T1,2025-11-21T13:36:05.000Z,65,0,37,27,1
L420:T2:I1852,420,T2,2025-11-22T13:30:32.000Z,65,0,37,27,1
L420:T2:I1849,420,T2,2025-11-27T20:29:01.000Z,65,0,37,27,1
L420:T2:I1851,420,T2,2026-03-07T11:46:00.000Z,77,0,43,33,1
L421:T0,421,T0,2025-09-05T00:00:00.000Z,36,20,0,16,0
L421:T1:I1853,421,T1,2025-09-08T12:31:37.000Z,37,20,0,16,1
L422:T0,422,T0,2025-12-22T00:00:00.000Z,20,20,0,0,0
L422:T1:I1856,422,T1,2025-12-22T15:29:04.000Z,21,20,0,0,1
L422:T2:I1854,422,T2,2026-01-01T07:44:00.000Z,21,20,0,0,1
L422:T2:I1855,422,T2,2026-05-28T09:19:00.000Z,25,24,0,0,1
L423:T0,423,T0,2026-03-09T00:00:00.000Z,19,19,0,0,0
L423:T1:I1857,423,T1,2026-03-09T15:44:42.000Z,19,19,0,0,0
L423:T2:I1858,423,T2,2026-03-16T15:39:32.000Z,20,19,0,0,1
L423:T2:I1859,423,T2,2026-03-18T13:20:00.000Z,20,20,0,0,0
L424:T0,424,T0,2025-02-03T00:00:00.000Z,17,8,0,9,0
L424:T1:I1864,424,T1,2025-02-10T07:18:15.000Z,20,9,0,10,1
L424:T2:I1865,424,T2,2025-02-13T20:58:44.000Z,20,9,0,10,1
L424:T2:I1866,424,T2,2025-05-07T11:56:00.000Z,27,12,0,14,1
L424:T2:I1861,424,T2,2025-08-21T18:08:00.000Z,39,16,0,23,0
L424:T2:I1867,424,T2,2025-11-14T11:27:00.000Z,45,19,0,26,0
L424:T2:I1860,424,T2,2025-12-29T12:16:00.000Z,49,19,0,29,1
L424:T2:I1863,424,T2,2026-05-14T11:32:00.000Z,62,25,0,36,1
L424:T2:I1862,424,T2,2026-06-13T09:53:00.000Z,64,26,0,37,1
L425:T0,425,T0,2025-01-13T00:00:00.000Z,38,14,0,24,0
L425:T1:I1871,425,T1,2025-03-25T07:23:00.000Z,49,19,0,29,1
L425:T2:I1868,425,T2,2025-04-22T09:59:00.000Z,59,26,0,32,1
L425:T2:I1872,425,T2,2025-07-03T07:46:00.000Z,73,29,0,43,1
L425:T2:I1874,425,T2,2026-01-16T19:14:00.000Z,113,45,0,67,1
L425:T2:I1873,425,T2,2026-03-24T12:57:00.000Z,132,50,0,81,1
L425:T2:I1869,425,T2,2026-03-26T12:49:00.000Z,132,50,0,81,1
L425:T2:I1870,425,T2,2026-04-06T16:58:00.000Z,134,51,0,82,1
L425:T2:I1875,425,T2,2026-04-20T17:17:00.000Z,137,51,0,85,1
L426:T0,426,T0,2026-04-21T00:00:00.000Z,48,21,0,27,0
L426:T1:I1878,426,T1,2026-04-23T15:42:11.000Z,48,21,0,27,0
L426:T2:I1876,426,T2,2026-04-30T18:02:44.000Z,50,21,0,28,1
L426:T2:I1877,426,T2,2026-05-03T15:41:39.000Z,50,21,0,28,1
L427:T0,427,T0,2025-05-24T00:00:00.000Z,4,0,4,0,0
L427:T1:I1883,427,T1,2025-05-24T16:52:15.000Z,5,0,4,0,1
L427:T2:I1882,427,T2,2025-05-27T18:54:40.000Z,5,0,4,0,1
L427:T2:I1880,427,T2,2025-07-05T12:02:00.000Z,5,0,4,0,1
L427:T2:I1881,427,T2,2025-07-30T08:31:00.000Z,6,0,6,0,0
L427:T2:I1884,427,T2,2025-09-28T12:05:00.000Z,8,0,7,0,1
L427:T2:I1879,427,T2,2025-10-13T10:29:00.000Z,9,0,9,0,0
L427:T2:I1886,427,T2,2026-05-06T14:08:00.000Z,17,0,16,0,1
L427:T2:I1885,427,T2,2026-05-25T15:27:00.000Z,17,0,16,0,1
L428:T0,428,T0,2025-09-05T00:00:00.000Z,47,20,27,0,0
L428:T1:I1887,428,T1,2025-11-23T18:04:00.000Z,58,24,33,0,1
L428:T2:I1889,428,T2,2025-12-05T16:59:00.000Z,60,24,35,0,1
L428:T2:I1888,428,T2,2026-04-19T13:54:00.000Z,72,31,40,0,1
L429:T0,429,T0,2026-04-02T00:00:00.000Z,23,23,0,0,0
L429:T1:I1890,429,T1,2026-04-04T11:53:48.000Z,24,23,0,0,1
L429:T2:I1891,429,T2,2026-04-10T17:33:22.000Z,24,23,0,0,1
L430:T0,430,T0,2026-05-08T00:00:00.000Z,63,0,33,30,0
L430:T1:I1893,430,T1,2026-05-14T19:24:17.000Z,64,0,33,30,1
L430:T2:I1892,430,T2,2026-05-16T10:38:45.000Z,63,0,33,30,0
L431:T0,431,T0,2025-06-09T00:00:00.000Z,19,19,0,0,0
L431:T1:I1895,431,T1,2025-06-09T12:54:29.000Z,20,19,0,0,1
L431:T2:I1894,431,T2,2025-06-09T20:37:36.000Z,20,19,0,0,1
L431:T2:I1896,431,T2,2025-07-25T13:27:00.000Z,21,20,0,0,1
L432:T0,432,T0,2026-06-03T00:00:00.000Z,47,47,0,0,0
L432:T1:I1901,432,T1,2026-06-03T13:33:05.000Z,47,47,0,0,0
L432:T2:I1898,432,T2,2026-06-04T13:27:59.000Z,47,47,0,0,0
L432:T2:I1900,432,T2,2026-06-05T12:43:10.000Z,48,47,0,0,1
L432:T2:I1902,432,T2,2026-06-06T18:21:05.000Z,47,47,0,0,0
L432:T2:I1903,432,T2,2026-06-07T14:25:05.000Z,48,47,0,0,1
L432:T2:I1897,432,T2,2026-06-09T09:56:43.000Z,48,47,0,0,1
L432:T2:I1899,432,T2,2026-06-10T11:31:30.000Z,47,47,0,0,0
L432:T2:I1904,432,T2,2026-06-10T20:48:49.000Z,48,47,0,0,1
L433:T0,433,T0,2025-06-19T00:00:00.000Z,9,9,0,0,0
L433:T1:I1905,433,T1,2025-06-22T14:03:43.000Z,10,9,0,0,1
L433:T2:I1910,433,T2,2025-06-25T07:02:59.000Z,10,9,0,0,1
L433:T2:I1907,433,T2,2025-06-28T11:40:12.000Z,10,9,0,0,1
L433:T2:I1911,433,T2,2025-07-07T15:46:00.000Z,11,10,0,0,1
L433:T2:I1906,433,T2,2025-09-17T19:28:00.000Z,12,11,0,0,1
L433:T2:I1912,433,T2,2026-03-15T11:22:00.000Z,17,16,0,0,1
L433:T2:I1908,433,T2,2026-05-22T12:54:00.000Z,22,21,0,0,1
L433:T2:I1909,433,T2,2026-06-29T16:22:00.000Z,22,21,0,0,1
L434:T0,434,T0,2025-11-27T00:00:00.000Z,64,35,0,29,0
L434:T1:I1913,434,T1,2025-11-28T20:48:52.000Z,65,35,0,29,1
L435:T0,435,T0,2025-06-04T00:00:00.000Z,27,12,0,15,0
L435:T1:I1916,435,T1,2025-06-17T17:03:24.000Z,28,13,0,15,0
L435:T2:I1918,435,T2,2025-10-08T16:32:00.000Z,44,19,0,24,1
L435:T2:I1917,435,T2,2025-12-13T09:55:00.000Z,48,19,0,28,1
L435:T2:I1914,435,T2,2026-02-27T12:42:00.000Z,53,22,0,30,1
L435:T2:I1915,435,T2,2026-04-01T20:26:00.000Z,57,25,0,32,0
L436:T0,436,T0,2025-06-27T00:00:00.000Z,37,20,0,17,0
L436:T1:I1921,436,T1,2025-07-03T09:14:38.000Z,38,20,0,17,1
L436:T2:I1923,436,T2,2025-07-03T19:25:35.000Z,38,20,0,17,1
L436:T2:I1919,436,T2,2025-07-05T08:23:51.000Z,38,20,0,17,1
L436:T2:I1922,436,T2,2025-07-07T17:24:40.000Z,37,20,0,17,0
L436:T2:I1924,436,T2,2025-07-09T15:31:07.000Z,38,20,0,17,1
L436:T2:I1920,436,T2,2026-05-11T07:52:00.000Z,62,29,0,32,1
L437:T0,437,T0,2026-01-08T00:00:00.000Z,37,37,0,0,0
L437:T1:I1926,437,T1,2026-01-15T07:45:06.000Z,38,37,0,0,1
L437:T2:I1927,437,T2,2026-01-15T09:29:25.000Z,38,37,0,0,1
L437:T2:I1925,437,T2,2026-02-14T16:04:00.000Z,39,38,0,0,1
L437:T2:I1928,437,T2,2026-03-03T18:48:00.000Z,41,40,0,0,1
L438:T0,438,T0,2026-04-15T00:00:00.000Z,48,26,0,22,0
L438:T1:I1929,438,T1,2026-04-22T12:07:23.000Z,51,27,0,23,1
L438:T2:I1932,438,T2,2026-04-22T12:59:17.000Z,51,27,0,23,1
L438:T2:I1931,438,T2,2026-04-23T07:18:40.000Z,51,27,0,23,1
L438:T2:I1930,438,T2,2026-04-23T07:53:00.000Z,51,27,0,23,1
L439:T0,439,T0,2026-04-29T00:00:00.000Z,22,22,0,0,0
L439:T1:I1934,439,T1,2026-04-29T15:52:05.000Z,23,22,0,0,1
L439:T2:I1933,439,T2,2026-05-04T11:50:09.000Z,23,22,0,0,1
L439:T2:I1935,439,T2,2026-05-07T14:50:01.000Z,22,22,0,0,0
L440:T0,440,T0,2025-11-20T00:00:00.000Z,15,15,0,0,0
L440:T1:I1937,440,T1,2025-11-23T18:57:00.000Z,16,15,0,0,1
L440:T2:I1936,440,T2,2025-11-25T16:49:17.000Z,15,15,0,0,0
L440:T2:I1939,440,T2,2025-11-29T18:50:22.000Z,16,15,0,0,1
L440:T2:I1938,440,T2,2025-11-30T09:46:51.000Z,16,15,0,0,1
L440:T2:I1940,440,T2,2026-04-28T10:13:00.000Z,20,19,0,0,1
L441:T0,441,T0,2025-07-25T00:00:00.000Z,25,25,0,0,0
L441:T1:I1944,441,T1,2025-07-27T07:57:37.000Z,26,25,0,0,1
L441:T2:I1942,441,T2,2025-07-28T16:22:16.000Z,26,25,0,0,1
L441:T2:I1945,441,T2,2025-07-29T17:40:39.000Z,26,25,0,0,1
L441:T2:I1943,441,T2,2025-09-01T12:56:00.000Z,28,27,0,0,1
L441:T2:I1941,441,T2,2025-09-03T12:20:00.000Z,28,27,0,0,1
L442:T0,442,T0,2025-09-14T00:00:00.000Z,17,9,8,0,0
L442:T1:I1949,442,T1,2025-09-14T09:55:40.000Z,18,9,8,0,1
L442:T2:I1946,442,T2,2025-09-15T10:24:49.000Z,18,9,8,0,1
L442:T2:I1952,442,T2,2025-09-15T13:08:26.000Z,18,9,8,0,1
L442:T2:I1951,442,T2,2025-09-18T12:01:04.000Z,20,10,9,0,1
L442:T2:I1950,442,T2,2026-01-01T08:28:00.000Z,24,13,10,0,1
L442:T2:I1953,442,T2,2026-02-27T14:17:00.000Z,25,13,11,0,1
L442:T2:I1947,442,T2,2026-03-25T07:12:00.000Z,25,14,11,0,0
L442:T2:I1948,442,T2,2026-06-19T14:35:00.000Z,29,16,12,0,1
L443:T0,443,T0,2026-06-15T00:00:00.000Z,99,32,0,67,0
L443:T1:I1955,443,T1,2026-06-15T20:35:24.000Z,100,32,0,67,1
L443:T2:I1954,443,T2,2026-06-22T08:13:48.000Z,100,32,0,67,1
L444:T0,444,T0,2025-02-21T00:00:00.000Z,8,8,0,0,0
L444:T1:I1958,444,T1,2025-02-22T19:19:20.000Z,9,8,0,0,1
L444:T2:I1959,444,T2,2025-05-13T09:48:00.000Z,11,10,0,0,1
L444:T2:I1956,444,T2,2025-06-20T08:10:00.000Z,14,13,0,0,1
L444:T2:I1960,444,T2,2025-10-22T17:33:00.000Z,17,16,0,0,1
L444:T2:I1957,444,T2,2026-01-29T08:20:00.000Z,19,18,0,0,1
L445:T0,445,T0,2025-03-25T00:00:00.000Z,10,10,0,0,0
L445:T1:I1963,445,T1,2025-03-26T14:36:55.000Z,11,10,0,0,1
L445:T2:I1961,445,T2,2026-01-28T19:59:00.000Z,18,17,0,0,1
L445:T2:I1962,445,T2,2026-04-11T20:42:00.000Z,18,17,0,0,1
L446:T0,446,T0,2026-02-04T00:00:00.000Z,29,29,0,0,0
L446:T1:I1964,446,T1,2026-02-05T08:46:48.000Z,30,29,0,0,1
L446:T2:I1966,446,T2,2026-02-08T13:07:28.000Z,30,29,0,0,1
L446:T2:I1965,446,T2,2026-02-15T17:57:46.000Z,30,29,0,0,1
L447:T0,447,T0,2026-04-21T00:00:00.000Z,73,39,0,34,0
L447:T1:I1974,447,T1,2026-04-21T19:06:12.000Z,74,39,0,34,1
L447:T2:I1968,447,T2,2026-04-23T12:46:36.000Z,74,39,0,34,1
L447:T2:I1969,447,T2,2026-04-24T16:00:47.000Z,74,39,0,34,1
L447:T2:I1970,447,T2,2026-04-28T10:22:49.000Z,73,39,0,34,0
L447:T2:I1967,447,T2,2026-04-30T18:00:03.000Z,74,39,0,34,1
L447:T2:I1973,447,T2,2026-05-04T09:11:44.000Z,74,39,0,34,1
L447:T2:I1971,447,T2,2026-06-05T09:50:00.000Z,75,39,0,35,1
L447:T2:I1972,447,T2,2026-06-12T13:12:00.000Z,76,39,0,36,1
L448:T0,448,T0,2025-06-11T00:00:00.000Z,18,18,0,0,0
L448:T1:I1977,448,T1,2025-06-21T20:57:00.000Z,20,20,0,0,0
L448:T2:I1976,448,T2,2025-09-26T11:26:00.000Z,25,24,0,0,1
L448:T2:I1975,448,T2,2026-03-27T09:32:00.000Z,36,35,0,0,1
L449:T0,449,T0,2025-07-14T00:00:00.000Z,29,12,0,17,0
L449:T1:I1979,449,T1,2025-07-19T13:59:37.000Z,30,12,0,17,1
L449:T2:I1978,449,T2,2025-07-26T13:23:02.000Z,31,13,0,17,1
L449:T2:I1982,449,T2,2025-07-26T13:33:01.000Z,31,13,0,17,1
L449:T2:I1980,449,T2,2025-07-27T09:08:43.000Z,31,13,0,17,1
L449:T2:I1981,449,T2,2025-09-10T08:22:00.000Z,35,13,0,21,1
L450:T0,450,T0,2025-06-06T00:00:00.000Z,18,18,0,0,0
L450:T1:I1983,450,T1,2025-06-17T19:19:50.000Z,19,18,0,0,1
L450:T2:I1984,450,T2,2026-03-02T09:30:00.000Z,28,27,0,0,1
L451:T0,451,T0,2025-04-03T00:00:00.000Z,38,21,0,17,0
L451:T1:I1988,451,T1,2025-07-10T07:46:00.000Z,53,26,0,26,1
L451:T2:I1987,451,T2,2025-08-01T20:08:00.000Z,55,26,0,29,0
L451:T2:I1985,451,T2,2025-09-25T15:30:00.000Z,67,29,0,37,1
L451:T2:I1986,451,T2,2026-04-16T12:12:00.000Z,95,42,0,52,1
L452:T0,452,T0,2025-09-28T00:00:00.000Z,38,15,0,23,0
L452:T1:I1992,452,T1,2025-10-05T14:07:01.000Z,40,16,0,23,1
L452:T2:I1993,452,T2,2025-10-08T09:52:05.000Z,40,16,0,23,1
L452:T2:I1991,452,T2,2025-10-09T09:44:05.000Z,40,16,0,23,1
L452:T2:I1995,452,T2,2025-10-21T11:19:00.000Z,40,16,0,23,1
L452:T2:I1989,452,T2,2025-10-22T10:35:00.000Z,40,16,0,23,1
L452:T2:I1994,452,T2,2026-02-25T17:31:00.000Z,46,19,0,26,1
L452:T2:I1990,452,T2,2026-04-26T09:51:00.000Z,53,22,0,30,1
L452:T2:I1996,452,T2,2026-06-13T16:18:00.000Z,57,25,0,31,1
L453:T0,453,T0,2026-01-06T00:00:00.000Z,16,16,0,0,0
L453:T1:I1998,453,T1,2026-01-09T14:56:20.000Z,17,16,0,0,1
L453:T2:I1999,453,T2,2026-01-18T10:45:02.000Z,17,16,0,0,1
L453:T2:I1997,453,T2,2026-01-19T12:01:51.000Z,17,16,0,0,1
L454:T0,454,T0,2025-09-16T00:00:00.000Z,44,20,24,0,0
L454:T1:I2006,454,T1,2025-09-16T09:03:39.000Z,45,20,24,0,1
L454:T2:I2001,454,T2,2025-09-20T15:14:06.000Z,45,20,24,0,1
L454:T2:I2003,454,T2,2025-09-20T18:15:11.000Z,45,20,24,0,1
L454:T2:I2007,454,T2,2025-09-20T20:38:48.000Z,45,20,24,0,1
L454:T2:I2002,454,T2,2025-09-25T12:09:53.000Z,45,20,24,0,1
L454:T2:I2000,454,T2,2025-09-29T09:32:13.000Z,45,21,24,0,0
L454:T2:I2004,454,T2,2025-09-29T11:48:19.000Z,46,21,24,0,1
L454:T2:I2005,454,T2,2026-04-20T20:31:00.000Z,65,27,37,0,1
L455:T0,455,T0,2025-05-18T00:00:00.000Z,19,19,0,0,0
L455:T1:I2009,455,T1,2025-05-23T08:46:30.000Z,20,19,0,0,1
L455:T2:I2011,455,T2,2025-05-23T14:35:54.000Z,19,19,0,0,0
L455:T2:I2012,455,T2,2025-05-27T09:45:05.000Z,20,19,0,0,1
L455:T2:I2014,455,T2,2025-12-03T11:39:00.000Z,31,30,0,0,1
L455:T2:I2013,455,T2,2025-12-19T18:18:00.000Z,33,32,0,0,1
L455:T2:I2010,455,T2,2026-01-30T08:02:00.000Z,34,33,0,0,1
L455:T2:I2008,455,T2,2026-06-28T07:34:00.000Z,42,42,0,0,0
L456:T0,456,T0,2025-09-23T00:00:00.000Z,25,16,0,9,0
L456:T1:I2015,456,T1,2025-09-24T20:04:51.000Z,26,16,0,9,1
L456:T2:I2020,456,T2,2025-09-27T19:41:42.000Z,26,16,0,9,1
L456:T2:I2021,456,T2,2025-10-01T08:09:05.000Z,26,16,0,9,1
L456:T2:I2019,456,T2,2025-10-03T15:25:42.000Z,26,16,0,9,1
L456:T2:I2016,456,T2,2025-10-06T12:53:33.000Z,26,16,0,9,1
L456:T2:I2018,456,T2,2026-01-23T20:27:00.000Z,29,18,0,10,1
L456:T2:I2022,456,T2,2026-03-23T11:22:00.000Z,32,20,0,11,1
L456:T2:I2017,456,T2,2026-04-23T12:29:00.000Z,32,20,0,11,1
L457:T0,457,T0,2025-03-18T00:00:00.000Z,12,12,0,0,0
L457:T1:I2023,457,T1,2025-07-12T16:54:00.000Z,18,17,0,0,1
L458:T0,458,T0,2025-08-27T00:00:00.000Z,40,21,0,19,0
L458:T1:I2024,458,T1,2025-08-27T11:04:45.000Z,41,21,0,19,1
L458:T2:I2025,458,T2,2025-09-05T08:17:11.000Z,41,21,0,19,1
L458:T2:I2026,458,T2,2025-09-09T15:14:31.000Z,42,21,0,20,1
L458:T2:I2027,458,T2,2025-12-30T15:41:00.000Z,50,25,0,24,1
L458:T2:I2028,458,T2,2026-03-18T20:02:00.000Z,57,28,0,28,1
L459:T0,459,T0,2025-09-25T00:00:00.000Z,34,14,0,20,0
L459:T1:I2035,459,T1,2025-09-26T07:15:56.000Z,34,14,0,20,0
L459:T2:I2029,459,T2,2025-09-26T14:29:13.000Z,35,14,0,20,1
L459:T2:I2032,459,T2,2025-09-28T16:52:06.000Z,35,14,0,20,1
L459:T2:I2030,459,T2,2025-10-03T16:13:10.000Z,36,15,0,20,1
L459:T2:I2034,459,T2,2025-10-04T07:01:23.000Z,36,15,0,20,1
L459:T2:I2031,459,T2,2025-10-07T18:12:34.000Z,35,15,0,20,0
L459:T2:I2033,459,T2,2025-10-08T16:55:18.000Z,36,15,0,20,1
L460:T0,460,T0,2025-09-13T00:00:00.000Z,63,34,0,29,0
L460:T1:I2039,460,T1,2025-09-14T11:33:27.000Z,64,35,0,29,0
L460:T2:I2040,460,T2,2025-09-16T20:35:59.000Z,66,36,0,29,1
L460:T2:I2038,460,T2,2025-09-20T12:59:37.000Z,66,37,0,29,0
L460:T2:I2037,460,T2,2025-09-21T12:11:35.000Z,67,37,0,29,1
L460:T2:I2036,460,T2,2025-09-25T19:39:33.000Z,67,37,0,29,1
L461:T0,461,T0,2025-04-07T00:00:00.000Z,8,8,0,0,0
L461:T1:I2047,461,T1,2025-04-09T14:05:29.000Z,9,8,0,0,1
L461:T2:I2046,461,T2,2025-04-10T16:50:23.000Z,9,8,0,0,1
L461:T2:I2043,461,T2,2025-04-14T17:59:59.000Z,9,8,0,0,1
L461:T2:I2045,461,T2,2025-06-19T09:23:00.000Z,11,10,0,0,1
L461:T2:I2044,461,T2,2025-07-05T19:43:00.000Z,12,11,0,0,1
L461:T2:I2041,461,T2,2025-11-21T08:23:00.000Z,20,19,0,0,1
L461:T2:I2042,461,T2,2026-05-02T20:46:00.000Z,26,25,0,0,1
L462:T0,462,T0,2025-05-21T00:00:00.000Z,12,12,0,0,0
L462:T1:I2049,462,T1,2025-05-30T16:12:14.000Z,13,12,0,0,1
L462:T2:I2048,462,T2,2026-01-19T09:08:00.000Z,19,18,0,0,1
L463:T0,463,T0,2025-10-13T00:00:00.000Z,49,17,0,32,0
L463:T1:I2050,463,T1,2025-10-17T14:33:46.000Z,50,17,0,32,1
L463:T2:I2053,463,T2,2025-10-20T19:48:58.000Z,49,17,0,32,0
L463:T2:I2052,463,T2,2025-10-22T10:59:14.000Z,50,18,0,32,0
L463:T2:I2051,463,T2,2025-10-26T09:37:19.000Z,52,18,0,33,1
L464:T0,464,T0,2026-04-07T00:00:00.000Z,68,29,0,39,0
L464:T1:I2054,464,T1,2026-04-15T14:20:07.000Z,68,29,0,39,0
L465:T0,465,T0,2026-05-26T00:00:00.000Z,51,0,51,0,0
L465:T1:I2061,465,T1,2026-05-26T15:01:04.000Z,52,0,51,0,1
L465:T2:I2055,465,T2,2026-05-27T14:32:18.000Z,53,0,52,0,1
L465:T2:I2060,465,T2,2026-05-27T19:41:26.000Z,53,0,52,0,1
L465:T2:I2058,465,T2,2026-05-29T16:11:22.000Z,53,0,52,0,1
L465:T2:I2057,465,T2,2026-05-30T15:52:47.000Z,53,0,52,0,1
L465:T2:I2059,465,T2,2026-06-05T13:11:46.000Z,54,0,53,0,1
L465:T2:I2056,465,T2,2026-06-07T11:57:56.000Z,55,0,54,0,1
L466:T0,466,T0,2025-05-05T00:00:00.000Z,8,8,0,0,0
L466:T1:I2062,466,T1,2025-06-30T12:27:00.000Z,12,12,0,0,0
L466:T2:I2063,466,T2,2025-10-28T19:46:00.000Z,18,17,0,0,1
L466:T2:I2067,466,T2,2025-11-22T17:50:00.000Z,18,17,0,0,1
L466:T2:I2065,466,T2,2025-11-24T19:08:00.000Z,18,17,0,0,1
L466:T2:I2064,466,T2,2026-04-09T14:33:00.000Z,26,25,0,0,1
L466:T2:I2066,466,T2,2026-05-14T14:57:00.000Z,27,26,0,0,1
L467:T0,467,T0,2025-01-03T00:00:00.000Z,4,4,0,0,0
L467:T1:I2070,467,T1,2025-01-03T10:56:26.000Z,5,4,0,0,1
L467:T2:I2068,467,T2,2025-05-26T14:11:00.000Z,8,7,0,0,1
L467:T2:I2069,467,T2,2025-05-29T20:45:00.000Z,8,7,0,0,1
L468:T0,468,T0,2025-07-04T00:00:00.000Z,19,19,0,0,0
L468:T1:I2072,468,T1,2025-10-08T19:55:00.000Z,25,24,0,0,1
L468:T2:I2071,468,T2,2025-10-25T17:57:00.000Z,26,25,0,0,1
L469:T0,469,T0,2025-07-20T00:00:00.000Z,47,19,0,28,0
L469:T1:I2073,469,T1,2025-07-27T09:45:02.000Z,49,20,0,28,1
L469:T2:I2078,469,T2,2025-07-30T07:58:31.000Z,49,20,0,28,1
L469:T2:I2074,469,T2,2025-09-22T14:54:00.000Z,54,24,0,30,0
L469:T2:I2075,469,T2,2025-12-11T08:15:00.000Z,64,29,0,34,1
L469:T2:I2077,469,T2,2026-01-25T08:46:00.000Z,73,35,0,38,0
L469:T2:I2076,469,T2,2026-02-01T16:50:00.000Z,75,35,0,39,1
L470:T0,470,T0,2025-08-26T00:00:00.000Z,73,26,0,47,0
L470:T1:I2079,470,T1,2025-08-29T17:36:05.000Z,74,26,0,47,1
L470:T2:I2080,470,T2,2025-08-31T15:41:33.000Z,74,26,0,47,1
L471:T0,471,T0,2025-12-03T00:00:00.000Z,41,15,0,26,0
L471:T1:I2081,471,T1,2026-03-09T12:18:00.000Z,51,22,0,29,0
L472:T0,472,T0,2025-05-18T00:00:00.000Z,21,21,0,0,0
L472:T1:I2085,472,T1,2025-05-25T16:40:23.000Z,22,21,0,0,1
L472:T2:I2084,472,T2,2025-05-26T19:15:49.000Z,22,21,0,0,1
L472:T2:I2083,472,T2,2025-05-27T15:51:49.000Z,22,21,0,0,1
L472:T2:I2087,472,T2,2025-11-15T16:36:00.000Z,40,39,0,0,1
L472:T2:I2082,472,T2,2025-12-12T07:33:00.000Z,43,42,0,0,1
L472:T2:I2086,472,T2,2026-02-16T08:54:00.000Z,47,46,0,0,1
L473:T0,473,T0,2025-09-24T00:00:00.000Z,35,15,20,0,0
L473:T1:I2088,473,T1,2025-09-28T18:28:59.000Z,36,15,20,0,1
L473:T2:I2089,473,T2,2026-01-08T08:01:00.000Z,44,19,24,0,1
L474:T0,474,T0,2025-01-25T00:00:00.000Z,15,5,0,10,0
L474:T1:I2094,474,T1,2025-01-26T14:30:09.000Z,16,5,0,10,1
L474:T2:I2090,474,T2,2025-02-04T17:28:32.000Z,16,5,0,10,1
L474:T2:I2095,474,T2,2025-04-09T08:09:00.000Z,24,11,0,13,0
L474:T2:I2091,474,T2,2025-04-25T09:07:00.000Z,27,11,0,15,1
L474:T2:I2092,474,T2,2025-05-03T19:42:00.000Z,30,12,0,17,1
L474:T2:I2093,474,T2,2025-09-18T17:03:00.000Z,40,15,0,24,1
L474:T2:I2096,474,T2,2026-04-06T10:47:00.000Z,49,19,0,29,1
L475:T0,475,T0,2025-11-19T00:00:00.000Z,33,33,0,0,0
L475:T1:I2100,475,T1,2025-11-21T13:17:04.000Z,34,33,0,0,1
L475:T2:I2099,475,T2,2025-11-25T13:07:44.000Z,35,34,0,0,1
L475:T2:I2098,475,T2,2025-12-03T11:34:00.000Z,35,34,0,0,1
L475:T2:I2097,475,T2,2026-04-23T13:48:00.000Z,45,44,0,0,1
L476:T0,476,T0,2025-08-17T00:00:00.000Z,17,17,0,0,0
L476:T1:I2106,476,T1,2025-08-17T18:40:34.000Z,18,17,0,0,1
L476:T2:I2102,476,T2,2025-08-22T10:04:39.000Z,18,17,0,0,1
L476:T2:I2101,476,T2,2025-08-28T19:25:54.000Z,18,17,0,0,1
L476:T2:I2104,476,T2,2025-12-19T20:35:00.000Z,21,20,0,0,1
L476:T2:I2105,476,T2,2026-02-25T10:03:00.000Z,22,21,0,0,1
L476:T2:I2103,476,T2,2026-06-24T07:39:00.000Z,30,29,0,0,1
L477:T0,477,T0,2025-01-13T00:00:00.000Z,24,9,0,15,0
L477:T1:I2107,477,T1,2025-01-19T07:16:16.000Z,26,10,0,15,1
L478:T0,478,T0,2026-05-09T00:00:00.000Z,82,30,0,52,0
L478:T1:I2110,478,T1,2026-05-09T10:15:36.000Z,83,30,0,52,1
L478:T2:I2108,478,T2,2026-05-17T13:24:42.000Z,84,30,0,53,1
L478:T2:I2111,478,T2,2026-05-17T17:21:37.000Z,84,30,0,53,1
L478:T2:I2109,478,T2,2026-05-22T16:39:30.000Z,84,30,0,54,0
L479:T0,479,T0,2025-10-19T00:00:00.000Z,24,24,0,0,0
L479:T1:I2112,479,T1,2025-10-26T20:59:44.000Z,25,24,0,0,1
L479:T2:I2119,479,T2,2025-10-31T10:10:11.000Z,24,24,0,0,0
L479:T2:I2113,479,T2,2025-11-01T07:19:58.000Z,25,24,0,0,1
L479:T2:I2115,479,T2,2025-11-01T19:49:23.000Z,25,24,0,0,1
L479:T2:I2116,479,T2,2026-03-29T14:13:00.000Z,34,33,0,0,1
L479:T2:I2117,479,T2,2026-06-14T15:50:00.000Z,39,38,0,0,1
L479:T2:I2118,479,T2,2026-06-17T20:19:00.000Z,39,38,0,0,1
L479:T2:I2114,479,T2,2026-06-29T20:08:00.000Z,39,38,0,0,1
L480:T0,480,T0,2025-04-09T00:00:00.000Z,10,10,0,0,0
L480:T1:I2123,480,T1,2025-04-13T07:03:54.000Z,11,10,0,0,1
L480:T2:I2127,480,T2,2025-04-15T18:15:00.000Z,11,10,0,0,1
L480:T2:I2122,480,T2,2025-04-16T11:29:45.000Z,11,10,0,0,1
L480:T2:I2125,480,T2,2025-11-08T14:24:00.000Z,16,15,0,0,1
L480:T2:I2120,480,T2,2025-11-18T15:07:00.000Z,16,16,0,0,0
L480:T2:I2126,480,T2,2026-01-26T13:03:00.000Z,18,17,0,0,1
L480:T2:I2121,480,T2,2026-02-04T19:33:00.000Z,18,17,0,0,1
L480:T2:I2124,480,T2,2026-03-12T17:22:00.000Z,18,17,0,0,1
L481:T0,481,T0,2025-12-27T00:00:00.000Z,48,19,0,29,0
L481:T1:I2129,481,T1,2025-12-28T13:57:15.000Z,49,19,0,29,1
L481:T2:I2128,481,T2,2026-01-02T20:11:19.000Z,49,19,0,29,1
L481:T2:I2133,481,T2,2026-01-04T18:40:48.000Z,49,19,0,29,1
L481:T2:I2131,481,T2,2026-01-08T07:11:37.000Z,49,19,0,29,1
L481:T2:I2130,481,T2,2026-02-11T16:04:00.000Z,51,20,0,30,1
L481:T2:I2132,481,T2,2026-06-22T12:12:00.000Z,65,27,0,37,1
L482:T0,482,T0,2026-03-28T00:00:00.000Z,56,24,0,32,0
L482:T1:I2135,482,T1,2026-03-29T20:42:38.000Z,57,24,0,32,1
L482:T2:I2136,482,T2,2026-04-03T19:12:31.000Z,58,25,0,32,1
L482:T2:I2134,482,T2,2026-04-04T17:17:25.000Z,58,25,0,32,1
L482:T2:I2137,482,T2,2026-04-07T11:48:02.000Z,58,25,0,32,1
L483:T0,483,T0,2025-11-24T00:00:00.000Z,46,22,0,24,0
L483:T1:I2142,483,T1,2025-11-24T07:08:05.000Z,47,22,0,24,1
L483:T2:I2140,483,T2,2025-11-25T15:23:20.000Z,47,22,0,24,1
L483:T2:I2138,483,T2,2025-11-28T09:22:17.000Z,48,23,0,24,1
L483:T2:I2139,483,T2,2025-12-04T16:40:46.000Z,48,23,0,24,1
L483:T2:I2141,483,T2,2025-12-06T08:51:13.000Z,49,24,0,24,1
L483:T2:I2143,483,T2,2026-03-29T14:53:00.000Z,62,29,0,32,1
L484:T0,484,T0,2025-08-06T00:00:00.000Z,13,13,0,0,0
L484:T1:I2148,484,T1,2025-08-06T16:34:47.000Z,14,13,0,0,1
L484:T2:I2145,484,T2,2025-08-07T19:31:38.000Z,14,13,0,0,1
L484:T2:I2149,484,T2,2025-08-09T07:57:00.000Z,14,13,0,0,1
L484:T2:I2146,484,T2,2025-08-14T15:53:23.000Z,15,14,0,0,1
L484:T2:I2147,484,T2,2025-08-15T11:12:00.000Z,15,14,0,0,1
L484:T2:I2144,484,T2,2025-10-20T11:12:00.000Z,17,16,0,0,1
L485:T0,485,T0,2025-01-24T00:00:00.000Z,27,14,0,13,0
L485:T1:I2152,485,T1,2025-01-24T12:47:54.000Z,28,14,0,13,1
L485:T2:I2155,485,T2,2025-01-24T16:34:45.000Z,28,14,0,13,1
L485:T2:I2153,485,T2,2025-01-30T09:17:00.000Z,28,14,0,13,1
L485:T2:I2154,485,T2,2025-04-29T11:23:00.000Z,43,26,0,16,1
L485:T2:I2150,485,T2,2025-08-01T13:10:00.000Z,50,29,0,20,1
L485:T2:I2151,485,T2,2025-09-12T08:23:00.000Z,54,30,0,23,1
L486:T0,486,T0,2026-02-23T00:00:00.000Z,70,38,0,32,0
L486:T1:I2158,486,T1,2026-02-26T11:20:35.000Z,71,38,0,32,1
L486:T2:I2156,486,T2,2026-02-27T17:24:35.000Z,71,38,0,32,1
L486:T2:I2159,486,T2,2026-02-28T18:33:29.000Z,71,38,0,32,1
L486:T2:I2160,486,T2,2026-03-03T12:42:13.000Z,71,38,0,32,1
L486:T2:I2157,486,T2,2026-03-06T09:42:47.000Z,73,39,0,33,1
L487:T0,487,T0,2025-02-27T00:00:00.000Z,31,13,0,18,0
L487:T1:I2167,487,T1,2025-03-01T14:40:43.000Z,32,13,0,18,1
L487:T2:I2165,487,T2,2025-03-08T18:01:56.000Z,34,13,0,20,1
L487:T2:I2163,487,T2,2025-03-08T19:31:38.000Z,34,13,0,20,1
L487:T2:I2164,487,T2,2025-05-08T11:20:00.000Z,43,16,0,26,1
L487:T2:I2161,487,T2,2025-07-18T08:38:00.000Z,48,19,0,28,1
L487:T2:I2166,487,T2,2025-12-30T14:35:00.000Z,67,30,0,36,1
L487:T2:I2162,487,T2,2026-02-21T12:01:00.000Z,77,35,0,41,1
L488:T0,488,T0,2025-09-23T00:00:00.000Z,24,24,0,0,0
L488:T1:I2169,488,T1,2025-09-26T09:10:23.000Z,24,24,0,0,0
L488:T2:I2173,488,T2,2025-10-01T18:56:09.000Z,25,24,0,0,1
L488:T2:I2170,488,T2,2025-10-03T18:52:23.000Z,25,24,0,0,1
L488:T2:I2168,488,T2,2025-10-04T13:29:57.000Z,25,24,0,0,1
L488:T2:I2172,488,T2,2025-10-04T16:11:38.000Z,25,24,0,0,1
L488:T2:I2171,488,T2,2026-01-07T12:32:00.000Z,30,29,0,0,1
L489:T0,489,T0,2026-01-11T00:00:00.000Z,50,24,0,26,0
L489:T1:I2174,489,T1,2026-01-23T10:46:51.000Z,52,25,0,26,1
L490:T0,490,T0,2025-04-07T00:00:00.000Z,14,8,0,6,0
L490:T1:I2175,490,T1,2025-04-14T14:38:14.000Z,15,8,0,7,0
L491:T0,491,T0,2025-03-21T00:00:00.000Z,29,11,0,18,0
L491:T1:I2183,491,T1,2025-03-22T18:19:26.000Z,29,11,0,18,0
L491:T2:I2179,491,T2,2025-03-24T13:42:04.000Z,29,11,0,18,0
L491:T2:I2176,491,T2,2025-03-26T08:43:57.000Z,30,11,0,18,1
L491:T2:I2180,491,T2,2025-03-26T15:16:32.000Z,30,11,0,18,1
L491:T2:I2182,491,T2,2025-03-26T17:17:32.000Z,30,11,0,18,1
L491:T2:I2177,491,T2,2025-03-28T20:06:29.000Z,30,11,0,18,1
L491:T2:I2181,491,T2,2025-08-15T14:12:00.000Z,46,21,0,24,1
L491:T2:I2178,491,T2,2025-08-15T18:45:00.000Z,46,21,0,24,1
L492:T0,492,T0,2026-01-02T00:00:00.000Z,13,13,0,0,0
L492:T1:I2187,492,T1,2026-01-08T10:20:17.000Z,14,13,0,0,1
L492:T2:I2185,492,T2,2026-01-10T18:07:05.000Z,14,13,0,0,1
L492:T2:I2188,492,T2,2026-01-11T08:04:03.000Z,14,13,0,0,1
L492:T2:I2184,492,T2,2026-01-15T11:20:52.000Z,13,13,0,0,0
L492:T2:I2186,492,T2,2026-02-03T16:02:00.000Z,15,14,0,0,1
L492:T2:I2189,492,T2,2026-06-01T18:29:00.000Z,17,16,0,0,1
L492:T2:I2190,492,T2,2026-06-04T18:53:00.000Z,17,17,0,0,0
L493:T0,493,T0,2025-06-19T00:00:00.000Z,10,10,0,0,0
L493:T1:I2192,493,T1,2025-06-22T08:57:36.000Z,11,10,0,0,1
L493:T2:I2197,493,T2,2025-06-26T09:51:21.000Z,11,10,0,0,1
L493:T2:I2193,493,T2,2025-06-28T16:58:03.000Z,11,10,0,0,1
L493:T2:I2194,493,T2,2025-07-01T10:37:35.000Z,11,10,0,0,1
L493:T2:I2191,493,T2,2025-07-02T10:37:03.000Z,11,10,0,0,1
L493:T2:I2198,493,T2,2025-07-17T07:16:00.000Z,11,11,0,0,0
L493:T2:I2195,493,T2,2026-06-04T07:47:00.000Z,21,20,0,0,1
L493:T2:I2196,493,T2,2026-06-11T07:37:00.000Z,21,20,0,0,1
L494:T0,494,T0,2025-04-29T00:00:00.000Z,26,26,0,0,0
L494:T1:I2202,494,T1,2025-05-01T07:52:47.000Z,27,26,0,0,1
L494:T2:I2203,494,T2,2025-05-03T13:30:50.000Z,27,26,0,0,1
L494:T2:I2201,494,T2,2025-05-15T14:10:00.000Z,27,26,0,0,1
L494:T2:I2204,494,T2,2025-11-22T11:13:00.000Z,38,37,0,0,1
L494:T2:I2199,494,T2,2026-02-25T11:58:00.000Z,39,39,0,0,0
L494:T2:I2200,494,T2,2026-03-02T09:39:00.000Z,40,40,0,0,0
L495:T0,495,T0,2025-09-01T00:00:00.000Z,43,25,18,0,0
L495:T1:I2207,495,T1,2025-09-05T20:09:39.000Z,44,25,18,0,1
L495:T2:I2210,495,T2,2025-09-07T14:08:17.000Z,43,25,18,0,0
L495:T2:I2205,495,T2,2025-09-09T14:07:25.000Z,44,25,18,0,1
L495:T2:I2209,495,T2,2025-09-11T17:43:09.000Z,44,25,18,0,1
L495:T2:I2206,495,T2,2025-09-13T20:38:12.000Z,44,25,18,0,1
L495:T2:I2208,495,T2,2025-10-07T18:31:00.000Z,46,25,20,0,1
L495:T2:I2211,495,T2,2026-02-05T16:15:00.000Z,55,29,25,0,1
L496:T0,496,T0,2026-05-01T00:00:00.000Z,80,43,0,37,0
L496:T1:I2214,496,T1,2026-05-04T12:15:39.000Z,81,43,0,37,1
L496:T2:I2212,496,T2,2026-05-05T17:23:08.000Z,81,43,0,37,1
L496:T2:I2217,496,T2,2026-05-07T07:03:49.000Z,81,43,0,37,1
L496:T2:I2215,496,T2,2026-05-07T12:19:50.000Z,81,43,0,37,1
L496:T2:I2216,496,T2,2026-05-09T17:05:48.000Z,81,43,0,37,1
L496:T2:I2219,496,T2,2026-05-13T08:13:14.000Z,81,43,0,37,1
L496:T2:I2218,496,T2,2026-05-14T09:05:12.000Z,81,43,0,37,1
L496:T2:I2213,496,T2,2026-06-14T09:30:00.000Z,83,45,0,37,1
L497:T0,497,T0,2025-08-29T00:00:00.000Z,47,19,0,28,0
L497:T1:I2221,497,T1,2025-09-03T13:35:18.000Z,48,19,0,28,1
L497:T2:I2220,497,T2,2026-01-18T10:27:00.000Z,68,31,0,36,1
L498:T0,498,T0,2025-03-21T00:00:00.000Z,8,8,0,0,0
L498:T1:I2222,498,T1,2026-05-29T18:47:00.000Z,25,24,0,0,1
L499:T0,499,T0,2025-01-31T00:00:00.000Z,13,13,0,0,0
L499:T1:I2226,499,T1,2025-01-31T12:55:32.000Z,14,13,0,0,1
L499:T2:I2223,499,T2,2025-02-02T14:13:10.000Z,14,13,0,0,1
L499:T2:I2227,499,T2,2025-02-02T16:55:00.000Z,14,13,0,0,1
L499:T2:I2230,499,T2,2025-02-07T13:10:26.000Z,13,13,0,0,0
L499:T2:I2229,499,T2,2025-04-28T08:48:00.000Z,18,17,0,0,1
L499:T2:I2225,499,T2,2025-08-26T12:46:00.000Z,25,24,0,0,1
L499:T2:I2224,499,T2,2025-12-30T17:23:00.000Z,29,28,0,0,1
L499:T2:I2228,499,T2,2026-05-22T10:40:00.000Z,35,34,0,0,1
L500:T0,500,T0,2025-10-25T00:00:00.000Z,44,26,0,18,0
L500:T1:I2231,500,T1,2025-10-25T13:55:34.000Z,45,26,0,18,1
L501:T0,501,T0,2025-09-04T00:00:00.000Z,47,20,27,0,0
L501:T1:I2233,501,T1,2025-09-08T07:01:48.000Z,49,20,28,0,1
L501:T2:I2239,501,T2,2025-09-08T18:36:41.000Z,49,20,28,0,1
L501:T2:I2235,501,T2,2025-09-13T08:05:41.000Z,49,20,28,0,1
L501:T2:I2237,501,T2,2025-09-13T19:03:58.000Z,49,20,28,0,1
L501:T2:I2236,501,T2,2025-09-17T20:13:52.000Z,49,20,28,0,1
L501:T2:I2232,501,T2,2025-10-08T09:56:00.000Z,50,20,29,0,1
L501:T2:I2238,501,T2,2026-03-18T10:30:00.000Z,69,30,38,0,1
L501:T2:I2234,501,T2,2026-06-28T17:30:00.000Z,80,36,43,0,1
L502:T0,502,T0,2025-05-01T00:00:00.000Z,24,15,0,9,0
L502:T1:I2240,502,T1,2025-05-01T16:29:07.000Z,25,15,0,9,1
L502:T2:I2241,502,T2,2025-05-10T08:03:11.000Z,24,15,0,9,0
L502:T2:I2242,502,T2,2025-05-13T16:08:29.000Z,25,15,0,9,1
L503:T0,503,T0,2025-08-19T00:00:00.000Z,23,23,0,0,0
L503:T1:I2243,503,T1,2025-08-22T17:13:45.000Z,24,23,0,0,1
L503:T2:I2244,503,T2,2025-08-27T08:42:27.000Z,25,24,0,0,1
L504:T0,504,T0,2025-12-24T00:00:00.000Z,41,24,0,17,0
L504:T1:I2251,504,T1,2025-12-25T18:21:49.000Z,42,24,0,17,1
L504:T2:I2248,504,T2,2025-12-26T13:50:08.000Z,41,24,0,17,0
L504:T2:I2249,504,T2,2025-12-29T17:48:15.000Z,42,24,0,17,1
L504:T2:I2252,504,T2,2025-12-30T09:52:32.000Z,42,24,0,17,1
L504:T2:I2245,504,T2,2026-01-01T18:14:17.000Z,42,25,0,17,0
L504:T2:I2247,504,T2,2026-01-03T11:21:42.000Z,43,25,0,17,1
L504:T2:I2250,504,T2,2026-01-05T15:17:07.000Z,43,25,0,17,1
L504:T2:I2246,504,T2,2026-03-16T11:31:00.000Z,49,29,0,19,1
L505:T0,505,T0,2025-06-03T00:00:00.000Z,27,14,0,13,0
L505:T1:I2255,505,T1,2025-06-05T13:53:28.000Z,28,14,0,13,1
L505:T2:I2253,505,T2,2025-06-13T17:47:46.000Z,29,15,0,13,1
L505:T2:I2254,505,T2,2025-07-14T08:03:00.000Z,30,15,0,14,1
L506:T0,506,T0,2025-02-09T00:00:00.000Z,21,7,0,14,0
L506:T1:I2256,506,T1,2025-03-28T07:16:00.000Z,27,9,0,17,1
L507:T0,507,T0,2025-10-10T00:00:00.000Z,33,12,0,21,0
L507:T1:I2257,507,T1,2025-10-18T09:09:17.000Z,34,12,0,21,1
L508:T0,508,T0,2025-07-04T00:00:00.000Z,28,15,0,13,0
L508:T1:I2262,508,T1,2025-07-04T08:30:22.000Z,29,15,0,13,1
L508:T2:I2259,508,T2,2025-07-06T08:15:40.000Z,28,15,0,13,0
L508:T2:I2260,508,T2,2025-07-08T09:29:48.000Z,29,15,0,13,1
L508:T2:I2258,508,T2,2025-11-27T12:51:00.000Z,41,24,0,16,1
L508:T2:I2261,508,T2,2026-02-19T20:12:00.000Z,46,26,0,19,1
L509:T0,509,T0,2026-02-03T00:00:00.000Z,44,44,0,0,0
L509:T1:I2263,509,T1,2026-02-06T17:33:25.000Z,44,44,0,0,0
L509:T2:I2266,509,T2,2026-02-11T10:12:14.000Z,44,44,0,0,0
L509:T2:I2265,509,T2,2026-02-11T18:09:34.000Z,45,44,0,0,1
L509:T2:I2264,509,T2,2026-02-15T16:29:39.000Z,45,44,0,0,1
L509:T2:I2267,509,T2,2026-02-16T08:41:26.000Z,45,44,0,0,1
L510:T0,510,T0,2026-06-02T00:00:00.000Z,35,35,0,0,0
L510:T1:I2269,510,T1,2026-06-07T07:10:54.000Z,36,35,0,0,1
L510:T2:I2268,510,T2,2026-06-10T15:10:45.000Z,36,35,0,0,1
L510:T2:I2270,510,T2,2026-06-11T08:14:05.000Z,36,35,0,0,1
L511:T0,511,T0,2026-06-26T00:00:00.000Z,68,0,68,0,0
L511:T1:I2271,511,T1,2026-06-27T15:30:50.000Z,69,0,68,0,1
L511:T2:I2273,511,T2,2026-06-28T15:26:59.000Z,69,0,68,0,1
L511:T2:I2274,511,T2,2026-07-01T10:01:46.000Z,69,0,68,0,1
L511:T2:I2272,511,T2,2026-07-05T19:48:52.000Z,69,0,68,0,1
L511:T2:I2275,511,T2,2026-07-09T16:51:48.000Z,69,0,68,0,1
L512:T0,512,T0,2026-06-22T00:00:00.000Z,65,35,0,30,0
L512:T1:I2279,512,T1,2026-06-22T10:21:36.000Z,66,35,0,30,1
L512:T2:I2276,512,T2,2026-06-28T07:48:20.000Z,66,35,0,30,1
L512:T2:I2283,512,T2,2026-06-28T13:35:55.000Z,66,35,0,30,1
L512:T2:I2281,512,T2,2026-06-30T20:36:09.000Z,65,35,0,30,0
L512:T2:I2280,512,T2,2026-07-02T13:47:48.000Z,66,35,0,30,1
L512:T2:I2278,512,T2,2026-07-03T10:49:13.000Z,65,35,0,30,0
L512:T2:I2282,512,T2,2026-07-03T11:46:52.000Z,66,35,0,30,1
L512:T2:I2277,512,T2,2026-07-05T14:51:38.000Z,65,35,0,30,0
L513:T0,513,T0,2026-06-15T00:00:00.000Z,17,17,0,0,0
L513:T1:I2286,513,T1,2026-06-15T18:55:53.000Z,18,17,0,0,1
L513:T2:I2287,513,T2,2026-06-16T11:17:08.000Z,18,17,0,0,1
L513:T2:I2285,513,T2,2026-06-19T18:30:08.000Z,17,17,0,0,0
L513:T2:I2289,513,T2,2026-06-20T07:17:28.000Z,19,18,0,0,1
L513:T2:I2288,513,T2,2026-06-20T10:11:15.000Z,19,18,0,0,1
L513:T2:I2284,513,T2,2026-06-26T14:48:39.000Z,19,18,0,0,1
L514:T0,514,T0,2025-01-19T00:00:00.000Z,9,0,9,0,0
L514:T1:I2291,514,T1,2025-04-08T11:47:00.000Z,16,0,15,0,1
L514:T2:I2292,514,T2,2025-06-06T15:12:00.000Z,20,0,19,0,1
L514:T2:I2290,514,T2,2025-07-03T19:04:00.000Z,21,0,20,0,1
L514:T2:I2293,514,T2,2026-06-29T07:55:00.000Z,37,0,36,0,1
L515:T0,515,T0,2026-01-11T00:00:00.000Z,36,36,0,0,0
L515:T1:I2294,515,T1,2026-04-06T14:40:00.000Z,43,43,0,0,0
L516:T0,516,T0,2025-07-25T00:00:00.000Z,22,22,0,0,0
L516:T1:I2297,516,T1,2025-08-01T08:43:01.000Z,23,22,0,0,1
L516:T2:I2301,516,T2,2025-08-01T09:42:46.000Z,23,22,0,0,1
L516:T2:I2296,516,T2,2025-08-05T17:10:55.000Z,23,22,0,0,1
L516:T2:I2299,516,T2,2025-08-07T12:19:27.000Z,22,22,0,0,0
L516:T2:I2295,516,T2,2025-09-01T19:54:00.000Z,25,24,0,0,1
L516:T2:I2298,516,T2,2025-10-19T09:36:00.000Z,27,26,0,0,1
L516:T2:I2300,516,T2,2026-04-23T19:57:00.000Z,35,34,0,0,1
L517:T0,517,T0,2025-05-09T00:00:00.000Z,6,6,0,0,0
L517:T1:I2305,517,T1,2025-05-10T08:12:38.000Z,7,6,0,0,1
L517:T2:I2309,517,T2,2025-05-11T16:10:00.000Z,7,7,0,0,0
L517:T2:I2303,517,T2,2025-05-13T15:44:07.000Z,8,7,0,0,1
L517:T2:I2304,517,T2,2025-05-18T16:18:26.000Z,8,7,0,0,1
L517:T2:I2302,517,T2,2025-09-14T13:17:00.000Z,17,16,0,0,1
L517:T2:I2306,517,T2,2026-02-26T09:04:00.000Z,24,23,0,0,1
L517:T2:I2307,517,T2,2026-03-23T18:17:00.000Z,25,24,0,0,1
L517:T2:I2308,517,T2,2026-05-25T08:22:00.000Z,30,29,0,0,1
L518:T0,518,T0,2026-06-17T00:00:00.000Z,42,42,0,0,0
L518:T1:I2311,518,T1,2026-06-19T10:28:17.000Z,43,42,0,0,1
L518:T2:I2316,518,T2,2026-06-21T10:21:17.000Z,42,42,0,0,0
L518:T2:I2312,518,T2,2026-06-22T09:49:27.000Z,43,42,0,0,1
L518:T2:I2317,518,T2,2026-06-23T17:54:09.000Z,42,42,0,0,0
L518:T2:I2315,518,T2,2026-06-25T08:05:04.000Z,44,43,0,0,1
L518:T2:I2313,518,T2,2026-06-26T08:08:50.000Z,44,43,0,0,1
L518:T2:I2314,518,T2,2026-06-30T11:02:54.000Z,44,43,0,0,1
L518:T2:I2310,518,T2,2026-06-30T17:28:05.000Z,44,43,0,0,1
L519:T0,519,T0,2026-03-30T00:00:00.000Z,80,45,0,35,0
L519:T1:I2318,519,T1,2026-04-09T13:57:23.000Z,82,45,0,36,1
L519:T2:I2319,519,T2,2026-04-11T16:05:24.000Z,82,45,0,36,1
L520:T0,520,T0,2026-06-20T00:00:00.000Z,57,0,57,0,0
L520:T1:I2326,520,T1,2026-06-21T11:41:06.000Z,58,0,57,0,1
L520:T2:I2321,520,T2,2026-06-22T19:36:56.000Z,58,0,57,0,1
L520:T2:I2324,520,T2,2026-06-26T15:06:28.000Z,57,0,57,0,0
L520:T2:I2323,520,T2,2026-06-27T09:26:49.000Z,57,0,57,0,0
L520:T2:I2320,520,T2,2026-06-27T11:13:30.000Z,58,0,57,0,1
L520:T2:I2325,520,T2,2026-06-29T07:47:21.000Z,58,0,57,0,1
L520:T2:I2322,520,T2,2026-06-29T20:03:15.000Z,58,0,57,0,1
L520:T2:I2327,520,T2,2026-06-30T20:20:17.000Z,58,0,57,0,1
L521:T0,521,T0,2025-07-02T00:00:00.000Z,43,20,0,23,0
L521:T1:I2333,521,T1,2025-07-04T16:41:36.000Z,44,20,0,23,1
L521:T2:I2332,521,T2,2025-07-07T16:02:23.000Z,44,20,0,24,0
L521:T2:I2331,521,T2,2025-07-08T15:53:45.000Z,45,20,0,24,1
L521:T2:I2335,521,T2,2025-07-09T08:18:40.000Z,46,20,0,25,1
L521:T2:I2334,521,T2,2025-07-13T13:23:57.000Z,47,20,0,26,1
L521:T2:I2329,521,T2,2025-11-29T14:46:00.000Z,66,27,0,38,1
L521:T2:I2330,521,T2,2025-12-31T19:32:00.000Z,70,28,0,41,1
L521:T2:I2328,521,T2,2026-02-02T09:01:00.000Z,72,29,0,42,1
L522:T0,522,T0,2025-01-03T00:00:00.000Z,6,6,0,0,0
L522:T1:I2341,522,T1,2025-02-01T12:44:00.000Z,8,7,0,0,1
L522:T2:I2339,522,T2,2025-03-22T18:43:00.000Z,11,11,0,0,0
L522:T2:I2342,522,T2,2025-04-12T20:21:00.000Z,12,11,0,0,1
L522:T2:I2336,522,T2,2025-07-20T07:50:00.000Z,15,14,0,0,1
L522:T2:I2337,522,T2,2025-09-12T09:58:00.000Z,19,18,0,0,1
L522:T2:I2340,522,T2,2025-11-13T14:03:00.000Z,21,20,0,0,1
L522:T2:I2338,522,T2,2026-03-05T09:32:00.000Z,27,26,0,0,1
L523:T0,523,T0,2025-04-15T00:00:00.000Z,16,16,0,0,0
L523:T1:I2346,523,T1,2025-04-24T11:33:55.000Z,18,17,0,0,1
L523:T2:I2345,523,T2,2025-04-25T18:28:06.000Z,18,17,0,0,1
L523:T2:I2349,523,T2,2025-04-25T19:11:34.000Z,18,17,0,0,1
L523:T2:I2348,523,T2,2025-04-27T07:20:47.000Z,18,17,0,0,1
L523:T2:I2347,523,T2,2025-04-27T14:49:57.000Z,17,17,0,0,0
L523:T2:I2344,523,T2,2025-07-25T07:03:00.000Z,23,22,0,0,1
L523:T2:I2343,523,T2,2025-11-18T11:03:00.000Z,29,28,0,0,1
L524:T0,524,T0,2025-05-15T00:00:00.000Z,19,19,0,0,0
L524:T1:I2350,524,T1,2025-05-15T13:44:12.000Z,20,19,0,0,1
L524:T2:I2355,524,T2,2025-05-24T16:06:23.000Z,20,19,0,0,1
L524:T2:I2351,524,T2,2025-11-15T15:47:00.000Z,30,29,0,0,1
L524:T2:I2356,524,T2,2025-12-31T13:21:00.000Z,33,32,0,0,1
L524:T2:I2353,524,T2,2026-01-08T07:48:00.000Z,33,32,0,0,1
L524:T2:I2354,524,T2,2026-03-18T14:54:00.000Z,39,38,0,0,1
L524:T2:I2352,524,T2,2026-04-09T15:15:00.000Z,39,39,0,0,0
L524:T2:I2357,524,T2,2026-06-29T07:23:00.000Z,43,42,0,0,1
L525:T0,525,T0,2025-06-27T00:00:00.000Z,28,13,0,15,0
L525:T1:I2358,525,T1,2025-11-07T17:01:00.000Z,40,16,0,23,1
L526:T0,526,T0,2026-04-02T00:00:00.000Z,53,25,28,0,0
L526:T1:I2359,526,T1,2026-04-04T18:24:25.000Z,54,25,28,0,1
L527:T0,527,T0,2025-01-31T00:00:00.000Z,14,14,0,0,0
L527:T1:I2361,527,T1,2025-03-21T09:44:00.000Z,17,16,0,0,1
L527:T2:I2360,527,T2,2026-02-26T11:56:00.000Z,39,38,0,0,1
L528:T0,528,T0,2025-06-09T00:00:00.000Z,16,16,0,0,0
L528:T1:I2365,528,T1,2025-06-12T15:39:23.000Z,16,16,0,0,0
L528:T2:I2366,528,T2,2025-06-21T10:25:08.000Z,17,16,0,0,1
L528:T2:I2362,528,T2,2026-03-08T07:53:00.000Z,26,25,0,0,1
L528:T2:I2364,528,T2,2026-06-02T12:29:00.000Z,28,27,0,0,1
L528:T2:I2363,528,T2,2026-06-05T19:54:00.000Z,28,28,0,0,0
L529:T0,529,T0,2025-08-04T00:00:00.000Z,20,20,0,0,0
L529:T1:I2368,529,T1,2025-08-09T10:09:30.000Z,20,20,0,0,0
L529:T2:I2367,529,T2,2026-04-05T07:46:00.000Z,32,31,0,0,1
L530:T0,530,T0,2025-02-28T00:00:00.000Z,33,15,0,18,0
L530:T1:I2369,530,T1,2025-03-07T10:16:12.000Z,34,15,0,18,1
L530:T2:I2370,530,T2,2025-03-12T08:54:12.000Z,35,16,0,18,1
L531:T0,531,T0,2026-03-13T00:00:00.000Z,12,12,0,0,0
L531:T1:I2372,531,T1,2026-03-15T08:04:30.000Z,13,12,0,0,1
L531:T2:I2374,531,T2,2026-03-15T16:06:57.000Z,13,12,0,0,1
L531:T2:I2373,531,T2,2026-03-18T08:23:35.000Z,13,12,0,0,1
L531:T2:I2375,531,T2,2026-03-24T14:21:18.000Z,13,12,0,0,1
L531:T2:I2371,531,T2,2026-04-02T09:52:00.000Z,13,12,0,0,1
L532:T0,532,T0,2025-06-05T00:00:00.000Z,9,9,0,0,0
L532:T1:I2376,532,T1,2025-06-11T16:58:16.000Z,10,9,0,0,1
L532:T2:I2378,532,T2,2025-06-15T16:53:04.000Z,10,9,0,0,1
L532:T2:I2377,532,T2,2025-10-17T09:16:00.000Z,12,11,0,0,1
L533:T0,533,T0,2025-01-06T00:00:00.000Z,11,11,0,0,0
L533:T1:I2380,533,T1,2025-02-17T07:00:00.000Z,13,13,0,0,0
L533:T2:I2379,533,T2,2025-03-16T10:05:00.000Z,16,15,0,0,1
L534:T0,534,T0,2025-05-12T00:00:00.000Z,7,7,0,0,0
L534:T1:I2384,534,T1,2025-05-16T15:25:17.000Z,8,7,0,0,1
L534:T2:I2381,534,T2,2025-05-25T16:01:36.000Z,8,7,0,0,1
L534:T2:I2382,534,T2,2025-10-14T18:42:00.000Z,14,13,0,0,1
L534:T2:I2383,534,T2,2026-04-18T15:58:00.000Z,20,19,0,0,1
L535:T0,535,T0,2025-01-01T00:00:00.000Z,6,6,0,0,0
L535:T1:I2386,535,T1,2025-01-01T10:21:59.000Z,7,6,0,0,1
L535:T2:I2392,535,T2,2025-01-06T14:23:45.000Z,7,6,0,0,1
L535:T2:I2387,535,T2,2025-08-26T13:15:00.000Z,17,16,0,0,1
L535:T2:I2389,535,T2,2025-09-14T17:14:00.000Z,20,20,0,0,0
L535:T2:I2385,535,T2,2025-09-14T18:53:00.000Z,20,20,0,0,0
L535:T2:I2391,535,T2,2025-10-04T18:14:00.000Z,21,20,0,0,1
L535:T2:I2390,535,T2,2025-10-24T19:08:00.000Z,21,20,0,0,1
L535:T2:I2388,535,T2,2026-03-16T12:36:00.000Z,27,26,0,0,1
L536:T0,536,T0,2025-02-09T00:00:00.000Z,38,10,0,28,0
L536:T1:I2398,536,T1,2025-02-09T19:43:17.000Z,39,10,0,28,1
L536:T2:I2395,536,T2,2025-02-12T08:55:02.000Z,40,10,0,29,1
L536:T2:I2399,536,T2,2025-02-17T20:23:00.000Z,41,11,0,29,1
L536:T2:I2394,536,T2,2025-06-29T19:33:00.000Z,61,17,0,43,1
L536:T2:I2397,536,T2,2025-07-14T20:22:00.000Z,64,17,0,46,1
L536:T2:I2393,536,T2,2026-01-07T15:49:00.000Z,100,31,0,68,1
L536:T2:I2396,536,T2,2026-04-04T12:30:00.000Z,107,33,0,73,1
L537:T0,537,T0,2025-04-07T00:00:00.000Z,22,9,0,13,0
L537:T1:I2400,537,T1,2025-06-19T10:43:00.000Z,29,12,0,16,1
L538:T0,538,T0,2025-10-31T00:00:00.000Z,86,26,0,60,0
L538:T1:I2403,538,T1,2025-11-01T20:51:21.000Z,87,26,0,60,1
L538:T2:I2402,538,T2,2025-11-10T11:55:35.000Z,89,27,0,61,1
L538:T2:I2401,538,T2,2026-06-23T14:31:00.000Z,119,35,0,83,1
L539:T0,539,T0,2025-04-18T00:00:00.000Z,21,9,12,0,0
L539:T1:I2404,539,T1,2025-04-20T07:21:52.000Z,23,9,13,0,1
L539:T2:I2405,539,T2,2025-08-12T11:26:00.000Z,33,18,14,0,1
L540:T0,540,T0,2025-04-28T00:00:00.000Z,9,9,0,0,0
L540:T1:I2406,540,T1,2025-05-05T10:47:36.000Z,10,9,0,0,1
L540:T2:I2407,540,T2,2026-03-15T18:04:00.000Z,15,14,0,0,1
L541:T0,541,T0,2025-12-18T00:00:00.000Z,28,28,0,0,0
L541:T1:I2408,541,T1,2025-12-18T09:00:31.000Z,29,28,0,0,1
L541:T2:I2410,541,T2,2025-12-22T07:24:08.000Z,29,28,0,0,1
L541:T2:I2409,541,T2,2025-12-30T14:45:38.000Z,29,28,0,0,1
L542:T0,542,T0,2025-07-19T00:00:00.000Z,37,0,18,19,0
L542:T1:I2411,542,T1,2025-07-19T08:39:18.000Z,38,0,18,19,1
L542:T2:I2418,542,T2,2025-07-22T16:25:42.000Z,37,0,18,19,0
L542:T2:I2414,542,T2,2025-07-23T20:33:45.000Z,38,0,18,19,1
L542:T2:I2415,542,T2,2025-07-24T13:43:23.000Z,38,0,18,19,1
L542:T2:I2413,542,T2,2025-08-01T10:17:00.000Z,39,0,19,19,1
L542:T2:I2417,542,T2,2026-03-26T20:37:00.000Z,63,0,30,32,1
L542:T2:I2416,542,T2,2026-04-15T19:46:00.000Z,65,0,31,33,1
L542:T2:I2412,542,T2,2026-06-07T15:18:00.000Z,70,0,36,33,1
L543:T0,543,T0,2025-03-28T00:00:00.000Z,23,23,0,0,0
L543:T1:I2420,543,T1,2025-04-05T17:17:16.000Z,24,23,0,0,1
L543:T2:I2425,543,T2,2025-06-09T19:45:00.000Z,28,27,0,0,1
L543:T2:I2421,543,T2,2025-07-23T08:54:00.000Z,29,28,0,0,1
L543:T2:I2426,543,T2,2026-01-01T19:20:00.000Z,40,39,0,0,1
L543:T2:I2424,543,T2,2026-01-23T16:15:00.000Z,42,41,0,0,1
L543:T2:I2419,543,T2,2026-05-11T11:17:00.000Z,53,53,0,0,0
L543:T2:I2423,543,T2,2026-06-04T20:56:00.000Z,56,55,0,0,1
L543:T2:I2422,543,T2,2026-06-19T07:56:00.000Z,56,55,0,0,1
L544:T0,544,T0,2026-06-12T00:00:00.000Z,60,30,30,0,0
L544:T1:I2428,544,T1,2026-06-15T12:08:49.000Z,61,30,30,0,1
L544:T2:I2430,544,T2,2026-06-18T11:44:46.000Z,61,30,30,0,1
L544:T2:I2431,544,T2,2026-06-19T16:35:14.000Z,61,30,30,0,1
L544:T2:I2427,544,T2,2026-06-22T13:57:16.000Z,60,30,30,0,0
L544:T2:I2429,544,T2,2026-06-25T10:36:48.000Z,61,30,30,0,1
L545:T0,545,T0,2025-08-06T00:00:00.000Z,45,21,0,24,0
L545:T1:I2436,545,T1,2025-08-09T10:35:52.000Z,46,21,0,24,1
L545:T2:I2438,545,T2,2025-08-09T14:50:27.000Z,46,21,0,24,1
L545:T2:I2434,545,T2,2025-08-10T09:06:59.000Z,46,21,0,24,1
L545:T2:I2437,545,T2,2025-08-14T19:52:53.000Z,46,21,0,24,1
L545:T2:I2433,545,T2,2025-08-19T07:49:26.000Z,46,21,0,24,1
L545:T2:I2432,545,T2,2026-06-05T16:07:00.000Z,69,32,0,36,1
L545:T2:I2435,545,T2,2026-06-18T07:44:00.000Z,70,32,0,37,1
L546:T0,546,T0,2025-10-17T00:00:00.000Z,23,23,0,0,0
L546:T1:I2444,546,T1,2025-10-24T09:42:06.000Z,25,24,0,0,1
L546:T2:I2445,546,T2,2025-10-24T19:53:58.000Z,25,24,0,0,1
L546:T2:I2441,546,T2,2025-10-25T08:33:24.000Z,25,24,0,0,1
L546:T2:I2439,546,T2,2025-10-26T16:07:47.000Z,25,24,0,0,1
L546:T2:I2443,546,T2,2025-10-28T14:41:31.000Z,25,24,0,0,1
L546:T2:I2446,546,T2,2025-12-30T20:54:00.000Z,27,26,0,0,1
L546:T2:I2440,546,T2,2026-05-18T11:51:00.000Z,33,32,0,0,1
L546:T2:I2442,546,T2,2026-06-04T20:59:00.000Z,33,32,0,0,1
L547:T0,547,T0,2025-12-15T00:00:00.000Z,46,24,22,0,0
L547:T1:I2447,547,T1,2025-12-17T11:03:12.000Z,46,24,22,0,0
L547:T2:I2451,547,T2,2025-12-19T07:08:00.000Z,47,24,22,0,1
L547:T2:I2449,547,T2,2025-12-19T12:33:44.000Z,47,24,22,0,1
L547:T2:I2448,547,T2,2025-12-20T10:05:17.000Z,47,24,22,0,1
L547:T2:I2450,547,T2,2026-02-17T20:54:00.000Z,51,28,22,0,1
L548:T0,548,T0,2025-02-03T00:00:00.000Z,13,13,0,0,0
L548:T1:I2453,548,T1,2025-02-08T10:03:01.000Z,14,13,0,0,1
L548:T2:I2456,548,T2,2025-02-11T09:09:47.000Z,14,13,0,0,1
L548:T2:I2455,548,T2,2025-02-12T08:17:21.000Z,14,13,0,0,1
L548:T2:I2452,548,T2,2025-02-14T20:43:47.000Z,14,13,0,0,1
L548:T2:I2458,548,T2,2025-04-18T16:44:00.000Z,17,16,0,0,1
L548:T2:I2457,548,T2,2025-08-28T18:24:00.000Z,25,24,0,0,1
L548:T2:I2454,548,T2,2026-05-28T13:28:00.000Z,35,34,0,0,1
L549:T0,549,T0,2025-05-13T00:00:00.000Z,12,12,0,0,0
L549:T1:I2462,549,T1,2025-05-23T14:05:27.000Z,13,12,0,0,1
L549:T2:I2459,549,T2,2025-10-05T16:13:00.000Z,19,18,0,0,1
L549:T2:I2460,549,T2,2026-04-01T11:04:00.000Z,23,22,0,0,1
L549:T2:I2461,549,T2,2026-04-27T19:25:00.000Z,24,23,0,0,1
L550:T0,550,T0,2026-03-20T00:00:00.000Z,75,34,0,41,0
L550:T1:I2470,550,T1,2026-03-23T14:41:45.000Z,76,35,0,41,0
L550:T2:I2469,550,T2,2026-03-24T13:06:25.000Z,77,35,0,41,1
L550:T2:I2468,550,T2,2026-03-27T10:07:33.000Z,77,35,0,41,1
L550:T2:I2463,550,T2,2026-03-28T17:03:39.000Z,77,35,0,41,1
L550:T2:I2465,550,T2,2026-03-28T19:16:49.000Z,77,35,0,41,1
L550:T2:I2466,550,T2,2026-03-31T08:29:11.000Z,77,35,0,41,1
L550:T2:I2464,550,T2,2026-04-01T10:01:58.000Z,77,35,0,41,1
L550:T2:I2467,550,T2,2026-06-09T11:23:00.000Z,82,37,0,44,1
L551:T0,551,T0,2025-04-03T00:00:00.000Z,29,18,0,11,0
L551:T1:I2475,551,T1,2025-04-06T11:06:17.000Z,29,18,0,11,0
L551:T2:I2476,551,T2,2025-04-08T09:43:45.000Z,30,18,0,11,1
L551:T2:I2477,551,T2,2025-04-08T11:56:11.000Z,30,18,0,11,1
L551:T2:I2474,551,T2,2025-04-14T15:31:56.000Z,33,19,0,13,1
L551:T2:I2471,551,T2,2025-04-16T18:26:19.000Z,33,19,0,13,1
L551:T2:I2473,551,T2,2025-06-23T09:45:00.000Z,41,24,0,17,0
L551:T2:I2472,551,T2,2025-11-29T07:48:00.000Z,54,27,0,26,1
L551:T2:I2478,551,T2,2026-06-05T16:19:00.000Z,69,36,0,32,1
L552:T0,552,T0,2025-05-01T00:00:00.000Z,24,13,11,0,0
L552:T1:I2484,552,T1,2025-05-05T11:15:46.000Z,24,13,11,0,0
L552:T2:I2481,552,T2,2025-05-09T11:19:56.000Z,25,13,11,0,1
L552:T2:I2482,552,T2,2025-05-14T12:25:07.000Z,27,14,12,0,1
L552:T2:I2479,552,T2,2025-05-18T12:02:00.000Z,28,16,12,0,0
L552:T2:I2483,552,T2,2025-10-02T10:09:00.000Z,44,23,21,0,0
L552:T2:I2480,552,T2,2025-10-07T09:52:00.000Z,45,23,21,0,1
L552:T2:I2485,552,T2,2025-10-21T17:12:00.000Z,46,24,21,0,1
L553:T0,553,T0,2026-04-30T00:00:00.000Z,17,17,0,0,0
L553:T1:I2488,553,T1,2026-05-02T09:42:37.000Z,19,18,0,0,1
L553:T2:I2486,553,T2,2026-05-02T15:58:41.000Z,19,18,0,0,1
L553:T2:I2490,553,T2,2026-05-02T19:44:49.000Z,18,18,0,0,0
L553:T2:I2489,553,T2,2026-05-09T14:05:29.000Z,19,18,0,0,1
L553:T2:I2487,553,T2,2026-05-10T13:45:39.000Z,19,18,0,0,1
L554:T0,554,T0,2025-04-23T00:00:00.000Z,25,0,9,16,0
L554:T1:I2494,554,T1,2025-04-24T10:11:13.000Z,26,0,9,16,1
L554:T2:I2497,554,T2,2025-04-24T16:12:58.000Z,26,0,9,16,1
L554:T2:I2492,554,T2,2025-04-30T08:11:18.000Z,26,0,9,16,1
L554:T2:I2491,554,T2,2025-08-21T20:10:00.000Z,36,0,15,20,1
L554:T2:I2495,554,T2,2025-10-21T19:06:00.000Z,39,0,16,22,1
L554:T2:I2496,554,T2,2025-10-29T08:04:00.000Z,42,0,18,23,1
L554:T2:I2493,554,T2,2025-12-05T13:40:00.000Z,44,0,19,24,1
L554:T2:I2498,554,T2,2026-06-04T12:05:00.000Z,58,0,27,30,1
L555:T0,555,T0,2025-04-30T00:00:00.000Z,12,12,0,0,0
L555:T1:I2501,555,T1,2025-04-30T13:50:31.000Z,13,12,0,0,1
L555:T2:I2499,555,T2,2025-05-04T13:33:33.000Z,13,12,0,0,1
L555:T2:I2504,555,T2,2025-05-08T07:11:24.000Z,13,12,0,0,1
L555:T2:I2500,555,T2,2025-09-29T15:47:00.000Z,21,20,0,0,1
L555:T2:I2502,555,T2,2025-12-26T14:28:00.000Z,23,22,0,0,1
L555:T2:I2503,555,T2,2026-01-22T12:21:00.000Z,25,24,0,0,1
L556:T0,556,T0,2026-06-24T00:00:00.000Z,32,32,0,0,0
L556:T1:I2507,556,T1,2026-06-24T16:07:01.000Z,33,32,0,0,1
L556:T2:I2506,556,T2,2026-06-25T17:49:45.000Z,33,32,0,0,1
L556:T2:I2509,556,T2,2026-07-02T11:43:05.000Z,32,32,0,0,0
L556:T2:I2510,556,T2,2026-07-04T14:56:27.000Z,33,32,0,0,1
L556:T2:I2508,556,T2,2026-07-04T20:46:23.000Z,33,32,0,0,1
L556:T2:I2505,556,T2,2026-07-07T11:36:15.000Z,33,32,0,0,1
L557:T0,557,T0,2026-05-03T00:00:00.000Z,57,17,0,40,0
L557:T1:I2515,557,T1,2026-05-08T19:11:29.000Z,59,18,0,40,1
L557:T2:I2517,557,T2,2026-05-11T18:53:01.000Z,59,18,0,40,1
L557:T2:I2516,557,T2,2026-05-13T07:49:01.000Z,59,18,0,40,1
L557:T2:I2513,557,T2,2026-05-13T08:40:45.000Z,59,18,0,40,1
L557:T2:I2514,557,T2,2026-05-14T17:12:37.000Z,58,18,0,40,0
L557:T2:I2512,557,T2,2026-05-16T11:43:50.000Z,59,18,0,40,1
L557:T2:I2511,557,T2,2026-05-16T20:08:40.000Z,59,18,0,40,1
L558:T0,558,T0,2025-07-07T00:00:00.000Z,24,15,0,9,0
L558:T1:I2520,558,T1,2025-07-12T12:51:33.000Z,25,15,0,9,1
L558:T2:I2518,558,T2,2025-07-13T11:02:09.000Z,24,15,0,9,0
L558:T2:I2522,558,T2,2025-07-15T09:46:28.000Z,25,15,0,9,1
L558:T2:I2521,558,T2,2025-07-18T09:01:54.000Z,27,15,0,11,1
L558:T2:I2523,558,T2,2025-12-23T12:55:00.000Z,44,24,0,19,1
L558:T2:I2524,558,T2,2026-01-09T16:46:00.000Z,46,26,0,19,1
L558:T2:I2519,558,T2,2026-01-20T14:46:00.000Z,47,27,0,19,1
L559:T0,559,T0,2026-06-02T00:00:00.000Z,56,32,0,24,0
L559:T1:I2528,559,T1,2026-06-06T08:34:25.000Z,56,32,0,24,0
L559:T2:I2527,559,T2,2026-06-07T07:05:58.000Z,56,32,0,24,0
L559:T2:I2530,559,T2,2026-06-08T07:48:51.000Z,58,33,0,24,1
L559:T2:I2531,559,T2,2026-06-09T08:37:31.000Z,58,33,0,24,1
L559:T2:I2525,559,T2,2026-06-09T09:09:56.000Z,58,33,0,24,1
L559:T2:I2526,559,T2,2026-06-13T08:12:34.000Z,58,33,0,24,1
L559:T2:I2529,559,T2,2026-06-15T15:32:40.000Z,58,33,0,24,1
L560:T0,560,T0,2025-12-28T00:00:00.000Z,34,13,0,21,0
L560:T1:I2534,560,T1,2026-01-01T13:24:20.000Z,35,13,0,21,1
L560:T2:I2535,560,T2,2026-01-05T18:53:33.000Z,35,13,0,21,1
L560:T2:I2532,560,T2,2026-01-08T20:03:00.000Z,35,13,0,21,1
L560:T2:I2536,560,T2,2026-01-09T19:15:49.000Z,35,13,0,21,1
L560:T2:I2537,560,T2,2026-02-28T08:29:00.000Z,39,14,0,24,1
L560:T2:I2533,560,T2,2026-04-29T19:23:00.000Z,42,15,0,26,1
L561:T0,561,T0,2026-05-22T00:00:00.000Z,88,37,0,51,0
L561:T1:I2540,561,T1,2026-05-23T19:39:28.000Z,89,37,0,51,1
L561:T2:I2544,561,T2,2026-05-24T10:06:27.000Z,89,37,0,51,1
L561:T2:I2541,561,T2,2026-05-27T15:51:28.000Z,90,38,0,51,1
L561:T2:I2538,561,T2,2026-05-31T10:28:34.000Z,90,38,0,51,1
L561:T2:I2542,561,T2,2026-06-01T14:51:36.000Z,90,38,0,51,1
L561:T2:I2543,561,T2,2026-06-01T16:22:55.000Z,90,38,0,51,1
L561:T2:I2539,561,T2,2026-06-04T14:50:15.000Z,90,38,0,51,1
L562:T0,562,T0,2025-05-13T00:00:00.000Z,10,10,0,0,0
L562:T1:I2547,562,T1,2025-05-24T12:29:27.000Z,12,11,0,0,1
L562:T2:I2546,562,T2,2026-03-27T20:39:00.000Z,16,15,0,0,1
L562:T2:I2545,562,T2,2026-04-12T09:21:00.000Z,17,16,0,0,1
L563:T0,563,T0,2025-09-21T00:00:00.000Z,17,17,0,0,0
L563:T1:I2552,563,T1,2025-09-21T18:46:05.000Z,18,17,0,0,1
L563:T2:I2548,563,T2,2025-09-28T15:19:16.000Z,18,17,0,0,1
L563:T2:I2549,563,T2,2025-09-29T12:58:37.000Z,18,17,0,0,1
L563:T2:I2550,563,T2,2025-10-03T19:43:15.000Z,18,17,0,0,1
L563:T2:I2551,563,T2,2025-12-13T11:45:00.000Z,20,19,0,0,1
L564:T0,564,T0,2025-05-28T00:00:00.000Z,28,14,14,0,0
L564:T1:I2554,564,T1,2025-05-29T20:58:39.000Z,29,14,14,0,1
L564:T2:I2553,564,T2,2025-05-30T16:31:43.000Z,29,14,14,0,1
L564:T2:I2558,564,T2,2025-06-10T07:08:52.000Z,29,14,14,0,1
L564:T2:I2555,564,T2,2025-07-21T12:50:00.000Z,31,16,14,0,1
L564:T2:I2557,564,T2,2025-11-25T13:18:00.000Z,40,19,20,0,1
L564:T2:I2556,564,T2,2026-04-11T16:21:00.000Z,50,22,27,0,1
L565:T0,565,T0,2026-01-29T00:00:00.000Z,64,0,64,0,0
L565:T1:I2561,565,T1,2026-01-29T18:12:50.000Z,65,0,64,0,1
L565:T2:I2559,565,T2,2026-01-31T18:23:07.000Z,65,0,64,0,1
L565:T2:I2563,565,T2,2026-02-02T16:44:11.000Z,64,0,64,0,0
L565:T2:I2562,565,T2,2026-02-10T12:54:51.000Z,67,0,66,0,1
L565:T2:I2560,565,T2,2026-06-07T17:31:00.000Z,79,0,78,0,1
L566:T0,566,T0,2026-02-04T00:00:00.000Z,57,28,0,29,0
L566:T1:I2566,566,T1,2026-02-08T18:54:20.000Z,58,28,0,29,1
L566:T2:I2567,566,T2,2026-02-12T16:57:10.000Z,58,28,0,29,1
L566:T2:I2564,566,T2,2026-02-13T07:01:32.000Z,57,28,0,29,0
L566:T2:I2568,566,T2,2026-02-14T18:05:20.000Z,58,28,0,29,1
L566:T2:I2565,566,T2,2026-06-08T15:16:00.000Z,64,30,0,33,1
L567:T0,567,T0,2025-05-15T00:00:00.000Z,7,7,0,0,0
L567:T1:I2569,567,T1,2025-05-22T18:43:43.000Z,8,7,0,0,1
L568:T0,568,T0,2026-03-18T00:00:00.000Z,26,26,0,0,0
L568:T1:I2573,568,T1,2026-03-19T11:00:21.000Z,27,26,0,0,1
L568:T2:I2576,568,T2,2026-03-19T16:06:39.000Z,27,26,0,0,1
L568:T2:I2574,568,T2,2026-03-19T17:06:58.000Z,27,26,0,0,1
L568:T2:I2575,568,T2,2026-03-21T07:42:39.000Z,27,26,0,0,1
L568:T2:I2577,568,T2,2026-03-21T13:17:58.000Z,26,26,0,0,0
L568:T2:I2570,568,T2,2026-03-23T16:27:26.000Z,27,26,0,0,1
L568:T2:I2572,568,T2,2026-03-25T16:45:21.000Z,27,26,0,0,1
L568:T2:I2571,568,T2,2026-03-28T16:16:59.000Z,27,26,0,0,1
L569:T0,569,T0,2025-02-05T00:00:00.000Z,7,7,0,0,0
L569:T1:I2583,569,T1,2025-05-18T07:01:00.000Z,11,10,0,0,1
L569:T2:I2581,569,T2,2025-12-13T18:01:00.000Z,18,17,0,0,1
L569:T2:I2578,569,T2,2026-01-03T12:28:00.000Z,18,17,0,0,1
L569:T2:I2580,569,T2,2026-01-25T15:12:00.000Z,19,18,0,0,1
L569:T2:I2582,569,T2,2026-02-21T17:32:00.000Z,20,19,0,0,1
L569:T2:I2579,569,T2,2026-04-21T11:28:00.000Z,23,22,0,0,1
L570:T0,570,T0,2025-04-30T00:00:00.000Z,42,16,0,26,0
L570:T1:I2587,570,T1,2025-05-03T18:46:59.000Z,43,16,0,26,1
L570:T2:I2585,570,T2,2025-11-13T08:15:00.000Z,60,26,0,33,1
L570:T2:I2586,570,T2,2026-01-14T13:04:00.000Z,71,33,0,37,1
L570:T2:I2584,570,T2,2026-03-24T13:34:00.000Z,81,38,0,42,1
L570:T2:I2588,570,T2,2026-05-18T14:15:00.000Z,97,45,0,51,1
L571:T0,571,T0,2025-10-10T00:00:00.000Z,25,25,0,0,0
L571:T1:I2590,571,T1,2025-10-17T18:57:51.000Z,25,25,0,0,0
L571:T2:I2591,571,T2,2025-10-21T08:28:05.000Z,26,25,0,0,1
L571:T2:I2589,571,T2,2025-11-06T13:01:00.000Z,29,28,0,0,1
L572:T0,572,T0,2025-06-13T00:00:00.000Z,12,12,0,0,0
L572:T1:I2593,572,T1,2025-06-15T13:43:29.000Z,13,12,0,0,1
L572:T2:I2592,572,T2,2025-06-17T10:05:17.000Z,13,12,0,0,1
L572:T2:I2594,572,T2,2025-06-24T09:22:21.000Z,14,13,0,0,1
L573:T0,573,T0,2025-02-25T00:00:00.000Z,34,14,0,20,0
L573:T1:I2595,573,T1,2025-09-04T13:30:00.000Z,64,26,0,38,0
L574:T0,574,T0,2025-11-27T00:00:00.000Z,31,15,0,16,0
L574:T1:I2596,574,T1,2025-12-07T11:47:54.000Z,33,16,0,16,1
L575:T0,575,T0,2026-03-02T00:00:00.000Z,63,28,0,35,0
L575:T1:I2597,575,T1,2026-03-03T15:56:36.000Z,64,28,0,35,1
L575:T2:I2598,575,T2,2026-03-06T20:29:12.000Z,64,29,0,35,0
L576:T0,576,T0,2026-02-24T00:00:00.000Z,32,32,0,0,0
L576:T1:I2599,576,T1,2026-02-24T19:31:55.000Z,33,32,0,0,1
L576:T2:I2600,576,T2,2026-03-08T15:26:43.000Z,33,32,0,0,1
L577:T0,577,T0,2025-10-04T00:00:00.000Z,26,15,11,0,0
L577:T1:I2601,577,T1,2025-10-08T11:51:27.000Z,27,15,11,0,1
L577:T2:I2602,577,T2,2025-10-08T11:54:57.000Z,27,15,11,0,1
L577:T2:I2603,577,T2,2025-10-11T14:34:41.000Z,27,15,11,0,1
L577:T2:I2604,577,T2,2025-10-17T08:03:41.000Z,27,15,11,0,1
L578:T0,578,T0,2025-09-20T00:00:00.000Z,32,16,0,16,0
L578:T1:I2605,578,T1,2025-09-21T16:12:53.000Z,33,16,0,16,1
L578:T2:I2606,578,T2,2025-10-03T20:22:00.000Z,34,16,0,17,1
L579:T0,579,T0,2025-02-04T00:00:00.000Z,20,11,0,9,0
L579:T1:I2608,579,T1,2026-03-05T13:35:00.000Z,46,26,0,19,1
L579:T2:I2607,579,T2,2026-04-09T07:32:00.000Z,51,29,0,21,1
L580:T0,580,T0,2026-04-24T00:00:00.000Z,66,33,0,33,0
L580:T1:I2609,580,T1,2026-04-26T13:20:09.000Z,67,34,0,33,0
L580:T2:I2616,580,T2,2026-04-27T07:57:10.000Z,68,34,0,33,1
L580:T2:I2611,580,T2,2026-04-27T13:03:43.000Z,68,34,0,33,1
L580:T2:I2614,580,T2,2026-05-03T15:35:56.000Z,67,34,0,33,0
L580:T2:I2613,580,T2,2026-05-04T17:24:30.000Z,68,34,0,33,1
L580:T2:I2612,580,T2,2026-05-05T16:17:48.000Z,68,34,0,33,1
L580:T2:I2615,580,T2,2026-05-06T20:22:06.000Z,68,34,0,33,1
L580:T2:I2610,580,T2,2026-05-07T14:25:51.000Z,69,35,0,33,1
L581:T0,581,T0,2026-01-28T00:00:00.000Z,20,20,0,0,0
L581:T1:I2621,581,T1,2026-01-28T07:59:20.000Z,21,20,0,0,1
L581:T2:I2617,581,T2,2026-02-01T12:41:16.000Z,21,20,0,0,1
L581:T2:I2623,581,T2,2026-02-04T14:36:46.000Z,21,21,0,0,0
L581:T2:I2620,581,T2,2026-02-10T13:24:05.000Z,23,22,0,0,1
L581:T2:I2618,581,T2,2026-04-19T10:13:00.000Z,29,28,0,0,1
L581:T2:I2619,581,T2,2026-05-07T17:20:00.000Z,29,28,0,0,1
L581:T2:I2622,581,T2,2026-05-12T16:24:00.000Z,29,28,0,0,1
L582:T0,582,T0,2025-07-11T00:00:00.000Z,41,19,22,0,0
L582:T1:I2627,582,T1,2025-07-13T13:06:50.000Z,41,19,22,0,0
L582:T2:I2629,582,T2,2025-07-14T19:48:03.000Z,42,19,22,0,1
L582:T2:I2625,582,T2,2025-10-04T09:13:00.000Z,46,21,24,0,1
L582:T2:I2628,582,T2,2025-11-11T13:18:00.000Z,49,22,26,0,1
L582:T2:I2626,582,T2,2026-01-19T19:26:00.000Z,52,22,29,0,1
L582:T2:I2624,582,T2,2026-04-01T09:52:00.000Z,64,26,37,0,1
L583:T0,583,T0,2025-09-23T00:00:00.000Z,38,23,0,15,0
L583:T1:I2633,583,T1,2025-09-26T13:54:03.000Z,39,23,0,15,1
L583:T2:I2634,583,T2,2025-09-28T11:20:15.000Z,39,23,0,15,1
L583:T2:I2630,583,T2,2025-09-29T20:14:40.000Z,39,23,0,15,1
L583:T2:I2631,583,T2,2025-10-02T20:44:55.000Z,38,23,0,15,0
L583:T2:I2632,583,T2,2026-03-16T07:09:00.000Z,48,28,0,19,1
L584:T0,584,T0,2025-10-21T00:00:00.000Z,24,24,0,0,0
L584:T1:I2635,584,T1,2025-10-25T08:24:00.000Z,25,24,0,0,1
L585:T0,585,T0,2025-09-10T00:00:00.000Z,15,15,0,0,0
L585:T1:I2638,585,T1,2025-09-13T11:19:10.000Z,16,15,0,0,1
L585:T2:I2641,585,T2,2025-09-18T19:01:57.000Z,16,15,0,0,1
L585:T2:I2637,585,T2,2025-10-25T08:08:00.000Z,17,16,0,0,1
L585:T2:I2639,585,T2,2026-04-01T19:15:00.000Z,23,22,0,0,1
L585:T2:I2636,585,T2,2026-04-12T08:16:00.000Z,23,22,0,0,1
L585:T2:I2640,585,T2,2026-06-20T13:02:00.000Z,24,24,0,0,0
L585:T2:I2642,585,T2,2026-06-30T19:15:00.000Z,26,26,0,0,0
L586:T0,586,T0,2025-05-29T00:00:00.000Z,28,13,0,15,0
L586:T1:I2643,586,T1,2025-06-06T13:43:50.000Z,29,13,0,15,1
L586:T2:I2644,586,T2,2025-12-05T17:10:00.000Z,41,16,0,24,1
L587:T0,587,T0,2025-11-04T00:00:00.000Z,48,26,22,0,0
L587:T1:I2648,587,T1,2025-11-06T09:22:13.000Z,49,26,22,0,1
L587:T2:I2647,587,T2,2025-11-06T17:15:33.000Z,49,26,22,0,1
L587:T2:I2649,587,T2,2025-11-07T16:07:34.000Z,49,26,22,0,1
L587:T2:I2652,587,T2,2025-11-08T17:00:46.000Z,49,26,22,0,1
L587:T2:I2651,587,T2,2025-11-10T07:03:39.000Z,49,26,22,0,1
L587:T2:I2650,587,T2,2025-11-16T18:41:38.000Z,49,26,22,0,1
L587:T2:I2645,587,T2,2026-01-01T17:31:00.000Z,50,27,22,0,1
L587:T2:I2646,587,T2,2026-02-21T19:27:00.000Z,56,32,23,0,1
L588:T0,588,T0,2025-05-04T00:00:00.000Z,24,11,0,13,0
L588:T1:I2654,588,T1,2025-05-08T17:04:40.000Z,25,11,0,13,1
L588:T2:I2656,588,T2,2025-05-14T10:49:38.000Z,25,11,0,13,1
L588:T2:I2657,588,T2,2025-05-14T19:58:04.000Z,25,11,0,13,1
L588:T2:I2655,588,T2,2025-05-16T08:51:08.000Z,25,11,0,13,1
L588:T2:I2653,588,T2,2025-11-18T10:33:00.000Z,38,20,0,18,0
L588:T2:I2658,588,T2,2026-03-09T10:05:00.000Z,47,22,0,24,1
L589:T0,589,T0,2026-03-06T00:00:00.000Z,52,30,0,22,0
L589:T1:I2661,589,T1,2026-03-11T12:59:28.000Z,55,31,0,23,1
L589:T2:I2660,589,T2,2026-03-13T10:44:30.000Z,56,32,0,23,1
L589:T2:I2659,589,T2,2026-04-03T13:14:00.000Z,58,32,0,25,1
L590:T0,590,T0,2026-05-25T00:00:00.000Z,27,27,0,0,0
L590:T1:I2662,590,T1,2026-05-26T13:55:57.000Z,28,27,0,0,1
L591:T0,591,T0,2025-03-18T00:00:00.000Z,16,16,0,0,0
L591:T1:I2667,591,T1,2025-03-20T14:37:29.000Z,17,16,0,0,1
L591:T2:I2666,591,T2,2025-03-23T13:00:51.000Z,17,16,0,0,1
L591:T2:I2668,591,T2,2025-03-23T17:20:17.000Z,17,16,0,0,1
L591:T2:I2665,591,T2,2025-06-17T18:38:00.000Z,23,23,0,0,0
L591:T2:I2664,591,T2,2025-08-03T09:53:00.000Z,25,24,0,0,1
L591:T2:I2663,591,T2,2026-02-28T07:59:00.000Z,31,30,0,0,1
L591:T2:I2669,591,T2,2026-03-13T09:27:00.000Z,34,33,0,0,1
L592:T0,592,T0,2025-01-20T00:00:00.000Z,25,13,0,12,0
L592:T1:I2672,592,T1,2025-02-02T19:31:54.000Z,26,13,0,12,1
L592:T2:I2673,592,T2,2025-07-07T10:13:00.000Z,39,23,0,15,1
L592:T2:I2670,592,T2,2025-12-27T09:14:00.000Z,51,28,0,22,1
L592:T2:I2671,592,T2,2026-05-08T15:01:00.000Z,72,36,0,35,1
L593:T0,593,T0,2025-03-03T00:00:00.000Z,19,11,0,8,0
L593:T1:I2676,593,T1,2025-03-06T09:06:32.000Z,21,12,0,8,1
L593:T2:I2677,593,T2,2025-03-07T13:16:43.000Z,22,13,0,8,1
L593:T2:I2678,593,T2,2025-03-24T16:08:00.000Z,22,13,0,8,1
L593:T2:I2674,593,T2,2025-04-19T11:48:00.000Z,25,13,0,11,1
L593:T2:I2675,593,T2,2025-08-28T16:46:00.000Z,33,15,0,17,1
L593:T2:I2680,593,T2,2025-11-07T15:49:00.000Z,37,17,0,19,1
L593:T2:I2681,593,T2,2026-02-03T16:16:00.000Z,46,23,0,22,1
L593:T2:I2679,593,T2,2026-02-15T16:33:00.000Z,46,23,0,22,1
L594:T0,594,T0,2025-08-08T00:00:00.000Z,79,25,0,54,0
L594:T1:I2684,594,T1,2025-08-08T15:28:24.000Z,80,25,0,54,1
L594:T2:I2685,594,T2,2025-08-12T13:38:57.000Z,81,25,0,55,1
L594:T2:I2682,594,T2,2025-08-14T12:20:24.000Z,81,25,0,55,1
L594:T2:I2686,594,T2,2025-08-20T08:16:23.000Z,82,25,0,56,1
L594:T2:I2687,594,T2,2025-10-14T13:53:00.000Z,94,28,0,65,1
L594:T2:I2688,594,T2,2025-12-14T17:53:00.000Z,110,34,0,75,1
L594:T2:I2683,594,T2,2026-04-25T19:11:00.000Z,139,43,0,95,1
L595:T0,595,T0,2025-04-04T00:00:00.000Z,16,16,0,0,0
L595:T1:I2691,595,T1,2025-04-05T10:40:26.000Z,17,16,0,0,1
L595:T2:I2693,595,T2,2025-04-06T20:28:07.000Z,17,16,0,0,1
L595:T2:I2689,595,T2,2025-04-13T15:25:00.000Z,17,16,0,0,1
L595:T2:I2692,595,T2,2025-05-05T13:54:00.000Z,17,16,0,0,1
L595:T2:I2690,595,T2,2025-08-01T16:24:00.000Z,22,21,0,0,1
L595:T2:I2694,595,T2,2025-11-06T15:49:00.000Z,24,23,0,0,1
L595:T2:I2695,595,T2,2026-04-05T16:56:00.000Z,31,30,0,0,1
L596:T0,596,T0,2025-12-05T00:00:00.000Z,61,25,0,36,0
L596:T1:I2699,596,T1,2025-12-09T08:45:25.000Z,62,25,0,36,1
L596:T2:I2698,596,T2,2025-12-09T19:10:53.000Z,62,25,0,36,1
L596:T2:I2696,596,T2,2025-12-11T18:16:07.000Z,62,25,0,37,0
L596:T2:I2700,596,T2,2026-03-11T09:52:00.000Z,73,27,0,45,1
L596:T2:I2697,596,T2,2026-05-23T14:58:00.000Z,80,29,0,50,1
L597:T0,597,T0,2025-06-16T00:00:00.000Z,44,20,24,0,0
L597:T1:I2703,597,T1,2025-06-24T18:29:35.000Z,46,21,25,0,0
L597:T2:I2707,597,T2,2025-06-26T13:58:07.000Z,49,22,26,0,1
L597:T2:I2702,597,T2,2025-06-29T08:34:06.000Z,50,22,27,0,1
L597:T2:I2706,597,T2,2025-08-12T15:19:00.000Z,55,24,30,0,1
L597:T2:I2705,597,T2,2025-08-14T07:21:00.000Z,55,24,30,0,1
L597:T2:I2701,597,T2,2026-03-11T15:40:00.000Z,84,37,46,0,1
L597:T2:I2704,597,T2,2026-04-13T11:08:00.000Z,87,39,48,0,0
L598:T0,598,T0,2026-06-22T00:00:00.000Z,76,40,0,36,0
L598:T1:I2708,598,T1,2026-06-24T14:51:22.000Z,78,40,0,37,1
L598:T2:I2709,598,T2,2026-06-27T07:07:57.000Z,77,40,0,37,0
L598:T2:I2710,598,T2,2026-07-01T19:00:01.000Z,78,40,0,37,1
L599:T0,599,T0,2026-02-14T00:00:00.000Z,19,19,0,0,0
L599:T1:I2711,599,T1,2026-02-15T09:45:48.000Z,19,19,0,0,0
L599:T2:I2712,599,T2,2026-02-16T19:17:26.000Z,20,19,0,0,1
L599:T2:I2714,599,T2,2026-02-18T13:09:27.000Z,20,19,0,0,1
L599:T2:I2713,599,T2,2026-05-29T13:30:00.000Z,23,22,0,0,1
L600:T0,600,T0,2025-08-08T00:00:00.000Z,11,0,11,0,0
L600:T1:I2718,600,T1,2025-08-15T12:13:48.000Z,12,0,11,0,1
L600:T2:I2717,600,T2,2025-08-16T18:55:58.000Z,11,0,11,0,0
L600:T2:I2719,600,T2,2025-08-17T14:41:07.000Z,12,0,11,0,1
L600:T2:I2716,600,T2,2025-08-18T11:59:41.000Z,12,0,11,0,1
L600:T2:I2715,600,T2,2025-09-23T15:41:00.000Z,12,0,11,0,1
L600:T2:I2720,600,T2,2026-02-15T16:43:00.000Z,16,0,15,0,1
L601:T0,601,T0,2025-11-21T00:00:00.000Z,68,22,0,46,0
L601:T1:I2723,601,T1,2025-11-27T08:21:28.000Z,69,22,0,47,0
L601:T2:I2721,601,T2,2025-11-28T14:11:33.000Z,70,22,0,47,1
L601:T2:I2722,601,T2,2026-03-10T13:13:00.000Z,84,25,0,58,1
L601:T2:I2724,601,T2,2026-03-17T17:04:00.000Z,84,25,0,58,1
L602:T0,602,T0,2025-11-19T00:00:00.000Z,35,35,0,0,0
L602:T1:I2727,602,T1,2026-02-27T14:36:00.000Z,48,47,0,0,1
L602:T2:I2726,602,T2,2026-03-21T14:19:00.000Z,48,47,0,0,1
L602:T2:I2725,602,T2,2026-04-21T16:36:00.000Z,51,50,0,0,1
L603:T0,603,T0,2025-02-04T00:00:00.000Z,8,8,0,0,0
L603:T1:I2730,603,T1,2025-02-10T14:39:58.000Z,10,9,0,0,1
L603:T2:I2728,603,T2,2025-02-14T17:08:19.000Z,10,9,0,0,1
L603:T2:I2731,603,T2,2025-02-17T09:53:27.000Z,10,9,0,0,1
L603:T2:I2729,603,T2,2026-03-10T14:13:00.000Z,27,26,0,0,1
L604:T0,604,T0,2025-10-02T00:00:00.000Z,60,27,0,33,0
L604:T1:I2733,604,T1,2025-10-07T19:44:39.000Z,63,27,0,35,1
L604:T2:I2732,604,T2,2025-10-14T17:29:39.000Z,62,27,0,35,0
L605:T0,605,T0,2026-03-25T00:00:00.000Z,19,19,0,0,0
L605:T1:I2734,605,T1,2026-03-31T11:48:58.000Z,20,19,0,0,1
L605:T2:I2735,605,T2,2026-06-01T19:56:00.000Z,22,21,0,0,1
L606:T0,606,T0,2025-03-05T00:00:00.000Z,12,12,0,0,0
L606:T1:I2736,606,T1,2025-03-10T11:05:23.000Z,13,12,0,0,1
L606:T2:I2737,606,T2,2025-03-14T17:06:02.000Z,13,12,0,0,1
L606:T2:I2738,606,T2,2025-03-17T12:28:28.000Z,12,12,0,0,0
L607:T0,607,T0,2025-01-25T00:00:00.000Z,22,15,7,0,0
L607:T1:I2740,607,T1,2025-05-31T16:49:00.000Z,34,18,15,0,1
L607:T2:I2741,607,T2,2025-07-07T14:22:00.000Z,41,22,19,0,0
L607:T2:I2739,607,T2,2026-05-23T08:06:00.000Z,67,38,28,0,1
L608:T0,608,T0,2025-05-15T00:00:00.000Z,17,17,0,0,0
L608:T1:I2742,608,T1,2025-05-16T18:22:14.000Z,19,18,0,0,1
L608:T2:I2744,608,T2,2025-05-23T16:20:02.000Z,19,18,0,0,1
L608:T2:I2745,608,T2,2025-05-27T12:40:19.000Z,19,18,0,0,1
L608:T2:I2743,608,T2,2026-01-02T10:09:00.000Z,29,28,0,0,1
L609:T0,609,T0,2025-04-23T00:00:00.000Z,33,13,0,20,0
L609:T1:I2746,609,T1,2025-09-30T08:00:00.000Z,43,17,0,25,1
L610:T0,610,T0,2025-08-12T00:00:00.000Z,74,22,0,52,0
L610:T1:I2747,610,T1,2025-08-12T08:03:27.000Z,74,22,0,52,0
L610:T2:I2750,610,T2,2025-08-25T12:19:35.000Z,76,23,0,52,1
L610:T2:I2748,610,T2,2025-11-29T12:43:00.000Z,92,30,0,62,0
L610:T2:I2749,610,T2,2026-06-18T10:57:00.000Z,138,45,0,92,1
L611:T0,611,T0,2026-04-30T00:00:00.000Z,56,32,0,24,0
L611:T1:I2751,611,T1,2026-05-02T12:21:48.000Z,58,32,0,25,1
L612:T0,612,T0,2025-11-02T00:00:00.000Z,33,33,0,0,0
L612:T1:I2754,612,T1,2025-11-02T08:02:25.000Z,34,33,0,0,1
L612:T2:I2755,612,T2,2025-11-07T16:10:17.000Z,33,33,0,0,0
L612:T2:I2753,612,T2,2025-11-11T10:13:55.000Z,34,33,0,0,1
L612:T2:I2752,612,T2,2026-04-03T13:12:00.000Z,41,40,0,0,1
L613:T0,613,T0,2025-07-10T00:00:00.000Z,20,20,0,0,0
L613:T1:I2756,613,T1,2025-07-17T14:55:14.000Z,21,20,0,0,1
L613:T2:I2758,613,T2,2025-07-23T17:29:24.000Z,21,20,0,0,1
L613:T2:I2759,613,T2,2026-02-21T14:56:00.000Z,34,33,0,0,1
L613:T2:I2757,613,T2,2026-04-25T17:45:00.000Z,37,36,0,0,1
L614:T0,614,T0,2025-12-09T00:00:00.000Z,54,24,0,30,0
L614:T1:I2761,614,T1,2025-12-14T18:43:57.000Z,56,25,0,30,1
L614:T2:I2763,614,T2,2025-12-15T11:39:26.000Z,56,25,0,30,1
L614:T2:I2760,614,T2,2025-12-17T17:46:00.000Z,56,25,0,30,1
L614:T2:I2762,614,T2,2026-03-02T19:16:00.000Z,65,29,0,35,1
L614:T2:I2764,614,T2,2026-05-07T09:44:00.000Z,73,31,0,41,1
L615:T0,615,T0,2025-07-05T00:00:00.000Z,28,15,0,13,0
L615:T1:I2769,615,T1,2025-07-08T18:37:21.000Z,28,15,0,13,0
L615:T2:I2772,615,T2,2025-07-08T19:33:14.000Z,28,15,0,13,0
L615:T2:I2770,615,T2,2025-07-13T13:47:55.000Z,30,16,0,13,1
L615:T2:I2765,615,T2,2025-07-18T13:02:14.000Z,32,18,0,13,1
L615:T2:I2771,615,T2,2025-07-18T20:42:38.000Z,32,18,0,13,1
L615:T2:I2767,615,T2,2025-07-27T18:35:00.000Z,33,19,0,13,1
L615:T2:I2768,615,T2,2025-12-15T08:27:00.000Z,41,24,0,16,1
L615:T2:I2766,615,T2,2025-12-21T08:47:00.000Z,41,24,0,16,1
L616:T0,616,T0,2026-02-25T00:00:00.000Z,81,31,0,50,0
L616:T1:I2773,616,T1,2026-03-01T14:59:40.000Z,82,31,0,50,1
L617:T0,617,T0,2025-04-14T00:00:00.000Z,10,10,0,0,0
L617:T1:I2774,617,T1,2025-10-10T19:55:00.000Z,16,15,0,0,1
L618:T0,618,T0,2025-09-08T00:00:00.000Z,57,33,0,24,0
L618:T1:I2776,618,T1,2025-09-11T11:53:52.000Z,59,33,0,25,1
L618:T2:I2781,618,T2,2025-09-14T20:08:41.000Z,60,33,0,26,1
L618:T2:I2779,618,T2,2025-09-16T14:39:51.000Z,60,33,0,26,1
L618:T2:I2777,618,T2,2025-09-20T10:39:41.000Z,60,33,0,26,1
L618:T2:I2778,618,T2,2025-10-22T19:26:00.000Z,63,35,0,27,1
L618:T2:I2775,618,T2,2025-12-21T17:16:00.000Z,69,41,0,27,1
L618:T2:I2780,618,T2,2026-01-21T17:03:00.000Z,72,42,0,29,1
L619:T0,619,T0,2025-04-08T00:00:00.000Z,11,0,11,0,0
L619:T1:I2783,619,T1,2025-04-08T17:20:59.000Z,12,0,11,0,1
L619:T2:I2782,619,T2,2025-04-09T08:54:48.000Z,13,0,12,0,1
L619:T2:I2789,619,T2,2025-04-11T08:05:40.000Z,13,0,12,0,1
L619:T2:I2788,619,T2,2025-04-17T18:59:31.000Z,15,0,14,0,1
L619:T2:I2784,619,T2,2025-06-18T18:10:00.000Z,18,0,17,0,1
L619:T2:I2785,619,T2,2025-08-05T08:41:00.000Z,20,0,19,0,1
L619:T2:I2786,619,T2,2025-12-14T15:12:00.000Z,29,0,28,0,1
L619:T2:I2787,619,T2,2026-05-27T08:07:00.000Z,42,0,41,0,1
L620:T0,620,T0,2026-06-13T00:00:00.000Z,75,39,0,36,0
L620:T1:I2791,620,T1,2026-06-15T13:16:19.000Z,75,39,0,36,0
L620:T2:I2790,620,T2,2026-06-16T15:09:57.000Z,76,39,0,36,1
L620:T2:I2793,620,T2,2026-06-16T18:57:36.000Z,76,39,0,36,1
L620:T2:I2792,620,T2,2026-06-24T17:25:44.000Z,77,40,0,37,0
L621:T0,621,T0,2025-01-17T00:00:00.000Z,14,2,0,12,0
L621:T1:I2795,621,T1,2025-01-18T07:37:20.000Z,15,2,0,12,1
L621:T2:I2796,621,T2,2025-01-18T08:49:52.000Z,15,2,0,12,1
L621:T2:I2800,621,T2,2025-05-01T12:02:00.000Z,24,4,0,19,1
L621:T2:I2799,621,T2,2025-05-25T20:48:00.000Z,26,5,0,20,1
L621:T2:I2794,621,T2,2025-08-21T17:01:00.000Z,37,10,0,27,0
L621:T2:I2801,621,T2,2025-09-12T08:17:00.000Z,40,11,0,28,1
L621:T2:I2797,621,T2,2025-11-29T13:04:00.000Z,43,12,0,30,1
L621:T2:I2798,621,T2,2025-12-16T13:20:00.000Z,44,12,0,31,1
L622:T0,622,T0,2025-05-05T00:00:00.000Z,23,14,0,9,0
L622:T1:I2805,622,T1,2025-05-06T17:44:52.000Z,24,14,0,9,1
L622:T2:I2802,622,T2,2025-05-09T13:29:18.000Z,24,14,0,9,1
L622:T2:I2803,622,T2,2025-10-19T20:24:00.000Z,37,21,0,15,1
L622:T2:I2804,622,T2,2026-04-18T16:00:00.000Z,49,27,0,21,1
L622:T2:I2806,622,T2,2026-06-17T19:42:00.000Z,52,28,0,23,1
L623:T0,623,T0,2026-04-09T00:00:00.000Z,54,27,27,0,0
L623:T1:I2808,623,T1,2026-04-10T10:09:23.000Z,55,27,28,0,0
L623:T2:I2807,623,T2,2026-04-21T18:21:51.000Z,56,27,28,0,1
L624:T0,624,T0,2025-04-21T00:00:00.000Z,20,8,0,12,0
L624:T1:I2809,624,T1,2025-05-01T19:23:42.000Z,21,8,0,12,1
L625:T0,625,T0,2026-02-03T00:00:00.000Z,16,16,0,0,0
L625:T1:I2813,625,T1,2026-02-07T12:38:41.000Z,17,16,0,0,1
L625:T2:I2811,625,T2,2026-02-10T17:45:48.000Z,17,16,0,0,1
L625:T2:I2817,625,T2,2026-02-11T11:59:46.000Z,17,16,0,0,1
L625:T2:I2814,625,T2,2026-02-16T19:45:22.000Z,17,16,0,0,1
L625:T2:I2810,625,T2,2026-04-29T11:05:00.000Z,17,16,0,0,1
L625:T2:I2815,625,T2,2026-05-03T19:27:00.000Z,17,16,0,0,1
L625:T2:I2812,625,T2,2026-05-14T15:26:00.000Z,18,17,0,0,1
L625:T2:I2816,625,T2,2026-06-08T13:26:00.000Z,19,18,0,0,1
L626:T0,626,T0,2025-08-19T00:00:00.000Z,41,0,41,0,0
L626:T1:I2821,626,T1,2025-08-19T14:25:21.000Z,42,0,41,0,1
L626:T2:I2818,626,T2,2025-08-24T11:06:36.000Z,43,0,42,0,1
L626:T2:I2822,626,T2,2025-08-25T08:06:23.000Z,43,0,42,0,1
L626:T2:I2823,626,T2,2025-08-27T13:35:07.000Z,42,0,42,0,0
L626:T2:I2824,626,T2,2025-08-31T17:55:48.000Z,44,0,43,0,1
L626:T2:I2825,626,T2,2025-10-20T14:46:00.000Z,49,0,48,0,1
L626:T2:I2820,626,T2,2026-01-27T19:04:00.000Z,53,0,53,0,0
L626:T2:I2819,626,T2,2026-06-08T12:52:00.000Z,67,0,67,0,0
L627:T0,627,T0,2025-07-25T00:00:00.000Z,59,17,0,42,0
L627:T1:I2831,627,T1,2025-07-25T10:15:31.000Z,60,17,0,42,1
L627:T2:I2826,627,T2,2025-07-27T11:09:51.000Z,60,17,0,42,1
L627:T2:I2827,627,T2,2025-07-29T18:21:06.000Z,60,17,0,42,1
L627:T2:I2828,627,T2,2025-08-07T16:13:00.000Z,60,17,0,43,0
L627:T2:I2830,627,T2,2025-08-10T11:29:00.000Z,62,17,0,44,1
L627:T2:I2829,627,T2,2025-08-18T11:37:00.000Z,63,17,0,45,1
L627:T2:I2832,627,T2,2025-10-04T16:37:00.000Z,69,18,0,50,1
L628:T0,628,T0,2025-02-11T00:00:00.000Z,11,11,0,0,0
L628:T1:I2836,628,T1,2025-02-22T09:58:48.000Z,14,13,0,0,1
L628:T2:I2835,628,T2,2025-02-22T11:58:01.000Z,14,13,0,0,1
L628:T2:I2834,628,T2,2025-05-28T17:04:00.000Z,20,19,0,0,1
L628:T2:I2833,628,T2,2025-06-29T13:08:00.000Z,25,24,0,0,1
L628:T2:I2837,628,T2,2025-07-30T10:54:00.000Z,28,27,0,0,1
L629:T0,629,T0,2026-02-17T00:00:00.000Z,40,22,0,18,0
L629:T1:I2838,629,T1,2026-02-22T07:46:33.000Z,41,22,0,18,1
L629:T2:I2841,629,T2,2026-02-23T10:51:11.000Z,41,22,0,18,1
L629:T2:I2839,629,T2,2026-02-27T09:21:29.000Z,41,22,0,18,1
L629:T2:I2842,629,T2,2026-02-28T19:17:57.000Z,41,22,0,18,1
L629:T2:I2840,629,T2,2026-03-01T16:13:43.000Z,41,22,0,18,1
L629:T2:I2844,629,T2,2026-03-02T08:39:50.000Z,41,22,0,18,1
L629:T2:I2843,629,T2,2026-06-05T11:18:00.000Z,44,23,0,20,1
L630:T0,630,T0,2025-12-08T00:00:00.000Z,33,33,0,0,0
L630:T1:I2849,630,T1,2025-12-10T20:59:35.000Z,34,33,0,0,1
L630:T2:I2847,630,T2,2025-12-13T19:20:12.000Z,34,33,0,0,1
L630:T2:I2848,630,T2,2025-12-15T15:43:36.000Z,34,33,0,0,1
L630:T2:I2845,630,T2,2025-12-17T15:13:38.000Z,33,33,0,0,0
L630:T2:I2846,630,T2,2026-03-12T18:52:00.000Z,36,35,0,0,1
L630:T2:I2850,630,T2,2026-05-11T12:49:00.000Z,40,39,0,0,1
L631:T0,631,T0,2025-06-04T00:00:00.000Z,8,8,0,0,0
L631:T1:I2851,631,T1,2025-06-09T13:58:12.000Z,9,8,0,0,1
L631:T2:I2852,631,T2,2025-06-09T18:34:53.000Z,9,8,0,0,1
L631:T2:I2854,631,T2,2025-06-14T15:03:43.000Z,10,9,0,0,1
L631:T2:I2856,631,T2,2025-07-17T13:35:00.000Z,12,11,0,0,1
L631:T2:I2855,631,T2,2025-10-27T10:34:00.000Z,21,20,0,0,1
L631:T2:I2857,631,T2,2026-03-05T14:02:00.000Z,25,24,0,0,1
L631:T2:I2853,631,T2,2026-05-22T08:08:00.000Z,30,29,0,0,1
L632:T0,632,T0,2025-08-29T00:00:00.000Z,20,20,0,0,0
L632:T1:I2858,632,T1,2025-08-30T15:56:59.000Z,20,20,0,0,0
L632:T2:I2861,632,T2,2025-09-07T19:15:54.000Z,21,20,0,0,1
L632:T2:I2860,632,T2,2025-09-10T15:04:26.000Z,21,20,0,0,1
L632:T2:I2862,632,T2,2025-10-03T10:55:00.000Z,21,20,0,0,1
L632:T2:I2859,632,T2,2026-03-24T19:02:00.000Z,26,25,0,0,1
L633:T0,633,T0,2025-07-07T00:00:00.000Z,19,19,0,0,0
L633:T1:I2865,633,T1,2025-07-07T18:00:10.000Z,20,19,0,0,1
L633:T2:I2868,633,T2,2025-07-09T17:43:40.000Z,20,19,0,0,1
L633:T2:I2863,633,T2,2025-07-18T19:12:28.000Z,20,19,0,0,1
L633:T2:I2867,633,T2,2025-07-19T20:32:52.000Z,20,19,0,0,1
L633:T2:I2866,633,T2,2025-12-04T08:00:00.000Z,26,25,0,0,1
L633:T2:I2869,633,T2,2026-01-09T12:59:00.000Z,27,26,0,0,1
L633:T2:I2864,633,T2,2026-02-28T20:28:00.000Z,29,28,0,0,1
L633:T2:I2870,633,T2,2026-03-04T14:54:00.000Z,29,28,0,0,1
L634:T0,634,T0,2025-07-07T00:00:00.000Z,28,12,0,16,0
L634:T1:I2871,634,T1,2025-07-10T07:11:34.000Z,30,12,0,17,1
L634:T2:I2873,634,T2,2025-07-13T10:34:48.000Z,30,12,0,17,1
L634:T2:I2875,634,T2,2025-07-16T17:43:28.000Z,30,12,0,17,1
L634:T2:I2872,634,T2,2026-03-15T15:05:00.000Z,48,21,0,27,0
L634:T2:I2874,634,T2,2026-05-08T19:17:00.000Z,53,25,0,28,0
L635:T0,635,T0,2026-04-28T00:00:00.000Z,67,35,0,32,0
L635:T1:I2881,635,T1,2026-04-28T07:41:29.000Z,68,35,0,32,1
L635:T2:I2882,635,T2,2026-04-29T12:51:30.000Z,68,35,0,32,1
L635:T2:I2880,635,T2,2026-05-01T09:15:16.000Z,68,35,0,32,1
L635:T2:I2878,635,T2,2026-05-02T13:53:50.000Z,68,35,0,32,1
L635:T2:I2877,635,T2,2026-05-02T18:01:41.000Z,68,35,0,32,1
L635:T2:I2879,635,T2,2026-05-03T15:52:54.000Z,68,35,0,32,1
L635:T2:I2876,635,T2,2026-05-08T13:36:03.000Z,67,35,0,32,0
L636:T0,636,T0,2026-02-03T00:00:00.000Z,29,16,0,13,0
L636:T1:I2887,636,T1,2026-02-05T08:31:19.000Z,30,16,0,13,1
L636:T2:I2883,636,T2,2026-02-07T17:24:40.000Z,30,16,0,13,1
L636:T2:I2884,636,T2,2026-02-08T10:42:21.000Z,30,16,0,13,1
L636:T2:I2885,636,T2,2026-02-11T08:35:10.000Z,30,16,0,13,1
L636:T2:I2889,636,T2,2026-02-13T13:32:20.000Z,30,16,0,13,1
L636:T2:I2890,636,T2,2026-02-14T12:47:09.000Z,30,16,0,13,1
L636:T2:I2886,636,T2,2026-03-23T19:47:00.000Z,32,17,0,14,1
L636:T2:I2888,636,T2,2026-06-08T18:40:00.000Z,35,20,0,15,0
L637:T0,637,T0,2025-05-02T00:00:00.000Z,32,13,0,19,0
L637:T1:I2893,637,T1,2025-05-04T13:32:36.000Z,33,13,0,19,1
L637:T2:I2894,637,T2,2025-05-05T10:31:00.000Z,33,13,0,19,1
L637:T2:I2892,637,T2,2025-05-09T14:11:24.000Z,32,13,0,19,0
L637:T2:I2891,637,T2,2025-06-15T18:49:00.000Z,40,17,0,22,1
L637:T2:I2895,637,T2,2025-08-16T12:10:00.000Z,46,21,0,24,1
L638:T0,638,T0,2026-03-26T00:00:00.000Z,106,29,0,77,0
L638:T1:I2896,638,T1,2026-04-02T18:03:12.000Z,107,29,0,77,1
L638:T2:I2897,638,T2,2026-04-03T12:48:38.000Z,106,29,0,77,0
L639:T0,639,T0,2026-04-12T00:00:00.000Z,72,39,0,33,0
L639:T1:I2900,639,T1,2026-04-15T10:29:36.000Z,73,39,0,33,1
L639:T2:I2898,639,T2,2026-04-17T15:34:53.000Z,74,39,0,34,1
L639:T2:I2903,639,T2,2026-04-18T09:27:59.000Z,74,39,0,34,1
L639:T2:I2904,639,T2,2026-04-20T15:04:00.000Z,74,39,0,34,1
L639:T2:I2902,639,T2,2026-04-23T11:37:57.000Z,74,39,0,34,1
L639:T2:I2901,639,T2,2026-04-23T14:45:26.000Z,74,39,0,34,1
L639:T2:I2899,639,T2,2026-04-24T08:05:21.000Z,74,39,0,34,1
L640:T0,640,T0,2025-03-12T00:00:00.000Z,13,13,0,0,0
L640:T1:I2906,640,T1,2025-03-15T08:33:58.000Z,14,13,0,0,1
L640:T2:I2908,640,T2,2025-03-20T11:14:36.000Z,14,13,0,0,1
L640:T2:I2910,640,T2,2025-03-21T10:20:49.000Z,14,13,0,0,1
L640:T2:I2907,640,T2,2025-03-24T14:29:48.000Z,13,13,0,0,0
L640:T2:I2909,640,T2,2025-06-05T12:40:00.000Z,19,18,0,0,1
L640:T2:I2905,640,T2,2025-08-28T15:18:00.000Z,21,20,0,0,1
L640:T2:I2911,640,T2,2025-10-11T08:08:00.000Z,22,21,0,0,1
L641:T0,641,T0,2025-05-15T00:00:00.000Z,15,15,0,0,0
L641:T1:I2918,641,T1,2025-05-23T17:41:15.000Z,17,16,0,0,1
L641:T2:I2913,641,T2,2025-05-24T09:49:45.000Z,17,16,0,0,1
L641:T2:I2912,641,T2,2025-05-24T20:01:49.000Z,17,16,0,0,1
L641:T2:I2915,641,T2,2025-06-17T09:55:00.000Z,18,17,0,0,1
L641:T2:I2917,641,T2,2025-08-16T16:27:00.000Z,20,19,0,0,1
L641:T2:I2916,641,T2,2026-02-19T14:16:00.000Z,36,35,0,0,1
L641:T2:I2914,641,T2,2026-05-31T07:01:00.000Z,42,41,0,0,1
L642:T0,642,T0,2026-05-15T00:00:00.000Z,141,52,0,89,0
L642:T1:I2919,642,T1,2026-05-15T18:25:44.000Z,142,52,0,89,1
L643:T0,643,T0,2026-05-13T00:00:00.000Z,28,28,0,0,0
L643:T1:I2924,643,T1,2026-05-14T07:57:52.000Z,29,28,0,0,1
L643:T2:I2921,643,T2,2026-05-20T11:11:02.000Z,30,30,0,0,0
L643:T2:I2923,643,T2,2026-05-21T11:43:44.000Z,31,30,0,0,1
L643:T2:I2920,643,T2,2026-05-24T19:33:25.000Z,31,30,0,0,1
L643:T2:I2922,643,T2,2026-05-25T18:46:03.000Z,31,30,0,0,1
L644:T0,644,T0,2025-02-25T00:00:00.000Z,12,12,0,0,0
L644:T1:I2925,644,T1,2025-08-18T09:36:00.000Z,18,17,0,0,1
L645:T0,645,T0,2025-05-05T00:00:00.000Z,30,0,12,18,0
L645:T1:I2928,645,T1,2025-05-06T10:37:04.000Z,31,0,12,18,1
L645:T2:I2926,645,T2,2025-05-08T15:42:41.000Z,31,0,12,18,1
L645:T2:I2927,645,T2,2025-07-07T18:23:00.000Z,39,0,15,23,1
L646:T0,646,T0,2025-11-05T00:00:00.000Z,17,0,17,0,0
L646:T1:I2931,646,T1,2025-11-05T09:00:54.000Z,18,0,17,0,1
L646:T2:I2933,646,T2,2025-11-12T10:50:05.000Z,18,0,17,0,1
L646:T2:I2929,646,T2,2025-12-18T09:32:00.000Z,21,0,20,0,1
L646:T2:I2932,646,T2,2026-02-26T12:16:00.000Z,28,0,27,0,1
L646:T2:I2930,646,T2,2026-05-23T12:32:00.000Z,34,0,33,0,1
L647:T0,647,T0,2025-06-09T00:00:00.000Z,28,28,0,0,0
L647:T1:I2935,647,T1,2025-06-21T16:51:04.000Z,30,29,0,0,1
L647:T2:I2934,647,T2,2026-06-08T14:32:00.000Z,50,49,0,0,1
L648:T0,648,T0,2025-03-10T00:00:00.000Z,6,6,0,0,0
L648:T1:I2937,648,T1,2025-07-05T15:59:00.000Z,16,15,0,0,1
L648:T2:I2938,648,T2,2025-10-29T08:34:00.000Z,18,17,0,0,1
L648:T2:I2936,648,T2,2025-12-05T09:58:00.000Z,20,19,0,0,1
L649:T0,649,T0,2025-10-29T00:00:00.000Z,19,19,0,0,0
L649:T1:I2940,649,T1,2025-11-03T11:53:18.000Z,20,19,0,0,1
L649:T2:I2939,649,T2,2025-11-10T11:44:41.000Z,20,19,0,0,1
L650:T0,650,T0,2025-08-11T00:00:00.000Z,40,16,0,24,0
L650:T1:I2945,650,T1,2025-08-21T16:14:02.000Z,41,16,0,24,1
L650:T2:I2941,650,T2,2025-08-22T13:32:36.000Z,41,16,0,24,1
L650:T2:I2942,650,T2,2025-08-23T14:06:43.000Z,41,16,0,24,1
L650:T2:I2944,650,T2,2025-10-16T12:17:00.000Z,44,18,0,26,0
L650:T2:I2943,650,T2,2026-02-14T14:25:00.000Z,60,27,0,32,1
L651:T0,651,T0,2025-04-20T00:00:00.000Z,16,16,0,0,0
L651:T1:I2946,651,T1,2025-07-22T16:49:00.000Z,21,20,0,0,1
L652:T0,652,T0,2025-05-30T00:00:00.000Z,8,8,0,0,0
L652:T1:I2947,652,T1,2025-06-10T19:47:09.000Z,9,8,0,0,1
L652:T2:I2948,652,T2,2026-02-01T09:41:00.000Z,23,22,0,0,1
L653:T0,653,T0,2025-01-14T00:00:00.000Z,7,7,0,0,0
L653:T1:I2953,653,T1,2025-01-17T13:38:23.000Z,8,7,0,0,1
L653:T2:I2952,653,T2,2025-02-20T20:42:00.000Z,9,8,0,0,1
L653:T2:I2956,653,T2,2025-09-16T07:25:00.000Z,20,19,0,0,1
L653:T2:I2955,653,T2,2025-11-07T08:51:00.000Z,22,21,0,0,1
L653:T2:I2951,653,T2,2025-12-09T09:09:00.000Z,24,23,0,0,1
L653:T2:I2954,653,T2,2026-01-21T14:47:00.000Z,26,25,0,0,1
L653:T2:I2949,653,T2,2026-03-30T07:50:00.000Z,29,28,0,0,1
L653:T2:I2950,653,T2,2026-04-05T15:34:00.000Z,30,29,0,0,1
L654:T0,654,T0,2026-05-19T00:00:00.000Z,55,31,0,24,0
L654:T1:I2959,654,T1,2026-05-20T18:57:45.000Z,56,31,0,24,1
L654:T2:I2958,654,T2,2026-05-24T16:13:35.000Z,56,31,0,24,1
L654:T2:I2957,654,T2,2026-05-25T10:07:09.000Z,56,31,0,24,1
L654:T2:I2961,654,T2,2026-05-25T10:33:32.000Z,56,31,0,24,1
L654:T2:I2960,654,T2,2026-05-28T17:36:49.000Z,56,31,0,24,1
L655:T0,655,T0,2025-06-13T00:00:00.000Z,6,6,0,0,0
L655:T1:I2969,655,T1,2025-06-13T08:06:02.000Z,7,6,0,0,1
L655:T2:I2962,655,T2,2025-06-14T07:53:32.000Z,7,6,0,0,1
L655:T2:I2966,655,T2,2025-06-17T12:10:05.000Z,7,6,0,0,1
L655:T2:I2964,655,T2,2025-06-20T11:54:40.000Z,8,7,0,0,1
L655:T2:I2963,655,T2,2025-10-06T15:23:00.000Z,10,9,0,0,1
L655:T2:I2967,655,T2,2026-01-06T09:01:00.000Z,14,13,0,0,1
L655:T2:I2968,655,T2,2026-01-09T18:58:00.000Z,14,13,0,0,1
L655:T2:I2965,655,T2,2026-04-17T19:16:00.000Z,16,15,0,0,1
L656:T0,656,T0,2026-02-11T00:00:00.000Z,24,24,0,0,0
L656:T1:I2974,656,T1,2026-02-13T08:06:33.000Z,25,24,0,0,1
L656:T2:I2973,656,T2,2026-02-18T09:25:54.000Z,26,25,0,0,1
L656:T2:I2971,656,T2,2026-02-20T19:40:27.000Z,26,25,0,0,1
L656:T2:I2975,656,T2,2026-04-21T10:44:00.000Z,28,27,0,0,1
L656:T2:I2970,656,T2,2026-04-29T11:10:00.000Z,29,28,0,0,1
L656:T2:I2972,656,T2,2026-06-26T07:25:00.000Z,31,31,0,0,0
L657:T0,657,T0,2025-08-25T00:00:00.000Z,15,0,15,0,0
L657:T1:I2977,657,T1,2025-09-04T13:22:53.000Z,16,0,15,0,1
L657:T2:I2976,657,T2,2025-11-12T10:59:00.000Z,19,0,19,0,0
L658:T0,658,T0,2026-05-25T00:00:00.000Z,95,30,0,65,0
L658:T1:I2978,658,T1,2026-05-25T14:09:06.000Z,96,30,0,65,1
L658:T2:I2979,658,T2,2026-06-01T10:02:07.000Z,99,31,0,67,1
L658:T2:I2980,658,T2,2026-06-05T18:34:30.000Z,99,31,0,67,1
L658:T2:I2981,658,T2,2026-06-05T20:53:35.000Z,99,31,0,67,1
L659:T0,659,T0,2025-01-07T00:00:00.000Z,27,16,0,11,0
L659:T1:I2983,659,T1,2025-01-10T16:47:08.000Z,28,16,0,11,1
L659:T2:I2982,659,T2,2025-01-15T14:12:11.000Z,28,16,0,11,1
L659:T2:I2985,659,T2,2025-02-08T13:09:00.000Z,28,16,0,11,1
L659:T2:I2988,659,T2,2025-05-11T14:29:00.000Z,33,19,0,13,1
L659:T2:I2987,659,T2,2025-10-26T11:30:00.000Z,52,26,0,25,1
L659:T2:I2986,659,T2,2025-11-17T16:26:00.000Z,54,27,0,26,1
L659:T2:I2984,659,T2,2026-03-29T20:52:00.000Z,65,33,0,31,1
L660:T0,660,T0,2025-02-28T00:00:00.000Z,25,9,0,16,0
L660:T1:I2989,660,T1,2025-08-26T19:22:00.000Z,44,13,0,30,1
L661:T0,661,T0,2026-03-05T00:00:00.000Z,17,17,0,0,0
L661:T1:I2993,661,T1,2026-03-07T09:12:35.000Z,18,17,0,0,1
L661:T2:I2990,661,T2,2026-03-11T18:06:52.000Z,17,17,0,0,0
L661:T2:I2991,661,T2,2026-03-15T14:51:27.000Z,18,17,0,0,1
L661:T2:I2992,661,T2,2026-03-18T17:01:47.000Z,18,17,0,0,1
L662:T0,662,T0,2025-09-29T00:00:00.000Z,38,15,0,23,0
L662:T1:I2995,662,T1,2025-09-29T10:42:05.000Z,38,15,0,23,0
L662:T2:I2994,662,T2,2026-01-29T10:51:00.000Z,45,18,0,26,1
L663:T0,663,T0,2025-06-02T00:00:00.000Z,11,11,0,0,0
L663:T1:I2997,663,T1,2025-06-14T18:31:35.000Z,12,11,0,0,1
L663:T2:I2996,663,T2,2025-08-18T18:22:00.000Z,14,13,0,0,1
L663:T2:I2998,663,T2,2026-01-18T09:44:00.000Z,17,16,0,0,1
L664:T0,664,T0,2025-06-06T00:00:00.000Z,17,17,0,0,0
L664:T1:I3001,664,T1,2025-06-17T16:44:09.000Z,20,19,0,0,1
L664:T2:I2999,664,T2,2025-07-22T12:06:00.000Z,21,20,0,0,1
L664:T2:I3000,664,T2,2026-04-28T13:02:00.000Z,32,31,0,0,1
L665:T0,665,T0,2025-04-06T00:00:00.000Z,33,13,0,20,0
L665:T1:I3008,665,T1,2025-04-09T12:40:53.000Z,36,14,0,21,1
L665:T2:I3006,665,T2,2025-04-10T10:00:31.000Z,36,14,0,21,1
L665:T2:I3005,665,T2,2025-04-14T18:26:10.000Z,37,15,0,21,1
L665:T2:I3007,665,T2,2025-04-18T09:07:30.000Z,37,15,0,21,1
L665:T2:I3003,665,T2,2025-04-19T08:54:32.000Z,38,16,0,21,1
L665:T2:I3009,665,T2,2025-04-19T16:20:02.000Z,38,16,0,21,1
L665:T2:I3004,665,T2,2025-07-14T18:23:00.000Z,45,17,0,27,1
L665:T2:I3002,665,T2,2026-02-09T17:53:00.000Z,86,39,0,46,1
L666:T0,666,T0,2026-04-13T00:00:00.000Z,37,37,0,0,0
L666:T1:I3016,666,T1,2026-04-14T11:42:03.000Z,38,37,0,0,1
L666:T2:I3014,666,T2,2026-04-16T07:24:14.000Z,37,37,0,0,0
L666:T2:I3015,666,T2,2026-04-17T11:34:32.000Z,38,37,0,0,1
L666:T2:I3010,666,T2,2026-04-19T14:51:20.000Z,37,37,0,0,0
L666:T2:I3011,666,T2,2026-04-21T10:41:48.000Z,38,37,0,0,1
L666:T2:I3013,666,T2,2026-04-21T12:34:55.000Z,38,37,0,0,1
L666:T2:I3012,666,T2,2026-04-22T11:57:07.000Z,38,37,0,0,1
L667:T0,667,T0,2025-12-09T00:00:00.000Z,54,24,0,30,0
L667:T1:I3018,667,T1,2025-12-12T17:14:15.000Z,55,24,0,30,1
L667:T2:I3017,667,T2,2025-12-18T19:46:39.000Z,55,24,0,30,1
L668:T0,668,T0,2026-01-08T00:00:00.000Z,62,27,0,35,0
L668:T1:I3023,668,T1,2026-01-10T17:39:53.000Z,63,27,0,35,1
L668:T2:I3024,668,T2,2026-01-11T09:30:23.000Z,63,27,0,35,1
L668:T2:I3021,668,T2,2026-01-16T12:38:22.000Z,64,27,0,36,1
L668:T2:I3019,668,T2,2026-01-16T12:54:02.000Z,64,27,0,36,1
L668:T2:I3020,668,T2,2026-01-20T09:17:12.000Z,64,27,0,36,1
L668:T2:I3022,668,T2,2026-04-28T19:47:00.000Z,78,31,0,46,1
L669:T0,669,T0,2026-04-24T00:00:00.000Z,109,30,0,79,0
L669:T1:I3025,669,T1,2026-04-24T09:14:22.000Z,110,30,0,79,1
L669:T2:I3026,669,T2,2026-05-01T17:38:02.000Z,112,31,0,80,1
L669:T2:I3027,669,T2,2026-05-06T16:32:00.000Z,112,31,0,80,1
L669:T2:I3028,669,T2,2026-05-07T09:06:07.000Z,112,31,0,80,1
L670:T0,670,T0,2025-04-08T00:00:00.000Z,16,16,0,0,0
L670:T1:I3029,670,T1,2025-04-15T10:47:44.000Z,17,16,0,0,1
L670:T2:I3030,670,T2,2025-09-28T20:02:00.000Z,21,20,0,0,1
L671:T0,671,T0,2025-09-04T00:00:00.000Z,11,11,0,0,0
L671:T1:I3031,671,T1,2025-09-09T19:29:00.000Z,12,11,0,0,1
L672:T0,672,T0,2025-10-13T00:00:00.000Z,43,19,0,24,0
L672:T1:I3033,672,T1,2025-10-19T12:34:41.000Z,44,19,0,24,1
L672:T2:I3034,672,T2,2025-10-25T16:55:42.000Z,44,19,0,24,1
L672:T2:I3032,672,T2,2025-12-27T16:56:00.000Z,49,19,0,29,1
L673:T0,673,T0,2025-08-21T00:00:00.000Z,23,23,0,0,0
L673:T1:I3035,673,T1,2025-08-26T17:59:52.000Z,25,24,0,0,1
L673:T2:I3040,673,T2,2025-08-27T08:32:44.000Z,25,24,0,0,1
L673:T2:I3039,673,T2,2025-09-10T10:44:00.000Z,27,26,0,0,1
L673:T2:I3037,673,T2,2025-09-19T19:44:00.000Z,27,26,0,0,1
L673:T2:I3038,673,T2,2025-10-16T11:57:00.000Z,29,28,0,0,1
L673:T2:I3042,673,T2,2026-01-22T12:35:00.000Z,32,31,0,0,1
L673:T2:I3041,673,T2,2026-05-02T15:59:00.000Z,39,38,0,0,1
L673:T2:I3036,673,T2,2026-05-11T13:16:00.000Z,41,41,0,0,0
L674:T0,674,T0,2025-06-26T00:00:00.000Z,52,21,0,31,0
L674:T1:I3043,674,T1,2025-06-26T07:21:53.000Z,53,21,0,31,1
L675:T0,675,T0,2025-09-29T00:00:00.000Z,33,16,0,17,0
L675:T1:I3044,675,T1,2025-09-29T13:44:09.000Z,34,16,0,17,1
L676:T0,676,T0,2026-03-22T00:00:00.000Z,15,15,0,0,0
L676:T1:I3047,676,T1,2026-03-24T11:04:34.000Z,16,15,0,0,1
L676:T2:I3045,676,T2,2026-04-13T11:33:00.000Z,16,15,0,0,1
L676:T2:I3046,676,T2,2026-06-16T07:03:00.000Z,18,17,0,0,1
L676:T2:I3048,676,T2,2026-06-16T14:25:00.000Z,18,17,0,0,1
L677:T0,677,T0,2025-03-28T00:00:00.000Z,16,16,0,0,0
L677:T1:I3051,677,T1,2025-04-04T13:26:51.000Z,16,16,0,0,0
L677:T2:I3050,677,T2,2025-09-04T15:04:00.000Z,24,24,0,0,0
L677:T2:I3049,677,T2,2026-04-21T08:46:00.000Z,36,35,0,0,1
L677:T2:I3052,677,T2,2026-06-21T08:12:00.000Z,39,38,0,0,1
L678:T0,678,T0,2026-04-23T00:00:00.000Z,16,16,0,0,0
L678:T1:I3054,678,T1,2026-04-25T13:10:36.000Z,17,16,0,0,1
L678:T2:I3055,678,T2,2026-04-26T16:52:10.000Z,17,16,0,0,1
L678:T2:I3053,678,T2,2026-06-08T11:04:00.000Z,19,18,0,0,1
L679:T0,679,T0,2025-06-19T00:00:00.000Z,14,14,0,0,0
L679:T1:I3058,679,T1,2025-06-20T16:16:29.000Z,15,14,0,0,1
L679:T2:I3056,679,T2,2025-07-01T12:11:01.000Z,14,14,0,0,0
L679:T2:I3057,679,T2,2026-03-18T14:37:00.000Z,29,28,0,0,1
L680:T0,680,T0,2025-02-17T00:00:00.000Z,27,11,0,16,0
L680:T1:I3061,680,T1,2025-02-25T15:38:45.000Z,29,11,0,17,1
L680:T2:I3062,680,T2,2025-02-26T12:41:21.000Z,29,11,0,17,1
L680:T2:I3059,680,T2,2025-02-27T10:45:06.000Z,29,11,0,17,1
L680:T2:I3064,680,T2,2025-03-04T07:31:00.000Z,29,11,0,17,1
L680:T2:I3060,680,T2,2025-09-15T20:48:00.000Z,48,24,0,24,0
L680:T2:I3063,680,T2,2025-09-30T11:57:00.000Z,50,24,0,25,1
L680:T2:I3065,680,T2,2025-12-05T07:35:00.000Z,54,26,0,28,0
L681:T0,681,T0,2025-09-05T00:00:00.000Z,46,16,0,30,0
L681:T1:I3068,681,T1,2025-09-09T07:12:10.000Z,46,16,0,30,0
L681:T2:I3067,681,T2,2026-02-04T11:43:00.000Z,69,25,0,43,1
L681:T2:I3066,681,T2,2026-02-12T11:34:00.000Z,70,25,0,44,1
L682:T0,682,T0,2025-11-27T00:00:00.000Z,40,0,20,20,0
L682:T1:I3069,682,T1,2025-12-05T10:48:32.000Z,41,0,20,20,1
L683:T0,683,T0,2026-06-28T00:00:00.000Z,18,18,0,0,0
L683:T1:I3072,683,T1,2026-06-28T18:46:04.000Z,19,18,0,0,1
L683:T2:I3070,683,T2,2026-06-30T11:37:09.000Z,19,18,0,0,1
L683:T2:I3071,683,T2,2026-07-02T15:06:22.000Z,19,18,0,0,1
L684:T0,684,T0,2026-02-26T00:00:00.000Z,26,26,0,0,0
L684:T1:I3075,684,T1,2026-02-27T11:48:19.000Z,27,26,0,0,1
L684:T2:I3073,684,T2,2026-03-03T12:06:26.000Z,27,26,0,0,1
L684:T2:I3074,684,T2,2026-04-12T16:49:00.000Z,30,29,0,0,1
L685:T0,685,T0,2025-08-01T00:00:00.000Z,40,16,0,24,0
L685:T1:I3077,685,T1,2025-08-10T13:04:48.000Z,41,16,0,24,1
L685:T2:I3082,685,T2,2025-08-12T17:19:32.000Z,41,16,0,24,1
L685:T2:I3083,685,T2,2025-09-15T13:22:00.000Z,43,17,0,25,1
L685:T2:I3076,685,T2,2025-10-08T11:16:00.000Z,44,17,0,26,1
L685:T2:I3080,685,T2,2026-02-06T19:48:00.000Z,60,27,0,32,1
L685:T2:I3078,685,T2,2026-03-05T10:49:00.000Z,61,28,0,32,1
L685:T2:I3079,685,T2,2026-04-06T13:22:00.000Z,65,31,0,33,1
L685:T2:I3081,685,T2,2026-05-22T07:50:00.000Z,74,35,0,38,1
L686:T0,686,T0,2025-01-20T00:00:00.000Z,23,15,0,8,0
L686:T1:I3085,686,T1,2025-01-27T19:50:02.000Z,23,15,0,8,0
L686:T2:I3088,686,T2,2025-03-04T19:45:00.000Z,29,17,0,11,1
L686:T2:I3090,686,T2,2025-04-25T10:52:00.000Z,31,18,0,12,1
L686:T2:I3086,686,T2,2025-09-04T13:50:00.000Z,48,22,0,25,1
L686:T2:I3089,686,T2,2025-11-22T10:16:00.000Z,58,27,0,31,0
L686:T2:I3084,686,T2,2026-06-23T09:02:00.000Z,77,36,0,40,1
L686:T2:I3087,686,T2,2026-06-23T18:20:00.000Z,77,36,0,40,1
L687:T0,687,T0,2025-01-28T00:00:00.000Z,19,4,0,15,0
L687:T1:I3093,687,T1,2025-01-29T16:19:12.000Z,20,4,0,15,1
L687:T2:I3098,687,T2,2025-02-01T20:39:46.000Z,21,4,0,16,1
L687:T2:I3094,687,T2,2025-02-10T12:44:57.000Z,22,5,0,16,1
L687:T2:I3095,687,T2,2025-03-17T10:49:00.000Z,28,5,0,22,1
L687:T2:I3096,687,T2,2025-07-01T20:03:00.000Z,38,10,0,27,1
L687:T2:I3092,687,T2,2025-08-25T07:53:00.000Z,53,15,0,37,1
L687:T2:I3097,687,T2,2026-04-29T17:37:00.000Z,78,23,0,54,1
L687:T2:I3091,687,T2,2026-06-12T12:10:00.000Z,82,24,0,57,1
L688:T0,688,T0,2026-02-20T00:00:00.000Z,32,32,0,0,0
L688:T1:I3100,688,T1,2026-02-22T18:32:11.000Z,33,32,0,0,1
L688:T2:I3103,688,T2,2026-02-24T11:25:54.000Z,33,32,0,0,1
L688:T2:I3104,688,T2,2026-02-26T08:13:36.000Z,33,32,0,0,1
L688:T2:I3101,688,T2,2026-02-27T13:39:26.000Z,33,32,0,0,1
L688:T2:I3102,688,T2,2026-02-28T09:17:49.000Z,33,32,0,0,1
L688:T2:I3099,688,T2,2026-04-15T12:11:00.000Z,34,34,0,0,0
L689:T0,689,T0,2025-05-20T00:00:00.000Z,35,0,19,16,0
L689:T1:I3110,689,T1,2025-05-20T13:44:17.000Z,35,0,19,16,0
L689:T2:I3108,689,T2,2025-05-22T08:03:27.000Z,36,0,19,16,1
L689:T2:I3109,689,T2,2025-05-26T08:16:24.000Z,36,0,19,16,1
L689:T2:I3107,689,T2,2025-05-27T09:05:06.000Z,36,0,19,16,1
L689:T2:I3106,689,T2,2025-05-30T08:03:48.000Z,37,0,19,17,1
L689:T2:I3111,689,T2,2025-08-08T09:43:00.000Z,39,0,20,18,1
L689:T2:I3105,689,T2,2026-01-06T12:45:00.000Z,51,0,26,24,1
L690:T0,690,T0,2025-11-05T00:00:00.000Z,10,10,0,0,0
L690:T1:I3113,690,T1,2025-11-11T15:12:41.000Z,11,10,0,0,1
L690:T2:I3114,690,T2,2025-11-15T14:15:48.000Z,12,11,0,0,1
L690:T2:I3116,690,T2,2025-11-18T08:12:40.000Z,12,11,0,0,1
L690:T2:I3115,690,T2,2026-03-14T17:05:00.000Z,12,11,0,0,1
L690:T2:I3112,690,T2,2026-06-19T12:15:00.000Z,13,12,0,0,1
L691:T0,691,T0,2026-05-23T00:00:00.000Z,106,57,0,49,0
L691:T1:I3123,691,T1,2026-05-23T20:28:01.000Z,107,57,0,49,1
L691:T2:I3117,691,T2,2026-05-24T12:49:30.000Z,107,57,0,49,1
L691:T2:I3119,691,T2,2026-05-31T13:04:49.000Z,109,57,0,51,1
L691:T2:I3121,691,T2,2026-06-01T17:48:00.000Z,109,57,0,51,1
L691:T2:I3122,691,T2,2026-06-05T16:32:47.000Z,109,57,0,51,1
L691:T2:I3118,691,T2,2026-06-16T14:20:00.000Z,111,57,0,53,1
L691:T2:I3120,691,T2,2026-06-26T11:56:00.000Z,111,57,0,53,1
L692:T0,692,T0,2025-06-12T00:00:00.000Z,18,18,0,0,0
L692:T1:I3127,692,T1,2025-06-20T09:15:16.000Z,20,19,0,0,1
L692:T2:I3125,692,T2,2025-06-22T12:50:00.000Z,20,19,0,0,1
L692:T2:I3128,692,T2,2025-06-24T16:09:51.000Z,20,19,0,0,1
L692:T2:I3129,692,T2,2025-06-25T18:48:08.000Z,20,19,0,0,1
L692:T2:I3126,692,T2,2025-10-05T10:03:00.000Z,24,23,0,0,1
L692:T2:I3130,692,T2,2025-12-05T08:51:00.000Z,28,27,0,0,1
L692:T2:I3124,692,T2,2026-02-15T14:13:00.000Z,29,28,0,0,1
L693:T0,693,T0,2026-04-04T00:00:00.000Z,100,29,0,71,0
L693:T1:I3135,693,T1,2026-04-04T19:10:47.000Z,101,29,0,71,1
L693:T2:I3132,693,T2,2026-04-08T17:21:30.000Z,103,31,0,71,1
L693:T2:I3133,693,T2,2026-04-09T14:11:22.000Z,103,31,0,71,1
L693:T2:I3134,693,T2,2026-04-13T10:47:58.000Z,104,31,0,72,1
L693:T2:I3131,693,T2,2026-04-13T17:33:18.000Z,103,31,0,72,0
L694:T0,694,T0,2025-06-25T00:00:00.000Z,40,20,0,20,0
L694:T1:I3137,694,T1,2025-07-07T13:49:37.000Z,41,20,0,20,1
L694:T2:I3136,694,T2,2025-12-15T19:21:00.000Z,55,24,0,30,1
L694:T2:I3139,694,T2,2026-04-01T12:58:00.000Z,67,31,0,35,1
L694:T2:I3140,694,T2,2026-04-20T17:59:00.000Z,69,32,0,36,1
L694:T2:I3138,694,T2,2026-05-27T10:02:00.000Z,73,35,0,37,1
L695:T0,695,T0,2025-12-05T00:00:00.000Z,27,13,0,14,0
L695:T1:I3141,695,T1,2025-12-05T07:51:43.000Z,28,13,0,14,1
L695:T2:I3146,695,T2,2025-12-07T19:02:51.000Z,27,13,0,14,0
L695:T2:I3144,695,T2,2025-12-08T15:58:23.000Z,28,13,0,14,1
L695:T2:I3143,695,T2,2025-12-09T18:16:44.000Z,28,13,0,14,1
L695:T2:I3142,695,T2,2025-12-13T11:10:40.000Z,29,13,0,15,1
L695:T2:I3148,695,T2,2025-12-17T20:58:28.000Z,29,13,0,15,1
L695:T2:I3145,695,T2,2026-04-01T10:29:00.000Z,37,19,0,17,1
L695:T2:I3147,695,T2,2026-04-23T12:35:00.000Z,38,20,0,17,1
L696:T0,696,T0,2025-01-31T00:00:00.000Z,23,0,15,8,0
L696:T1:I3153,696,T1,2025-02-03T12:13:44.000Z,23,0,15,8,0
L696:T2:I3155,696,T2,2025-02-10T14:08:25.000Z,23,0,15,8,0
L696:T2:I3151,696,T2,2025-02-10T15:16:00.000Z,24,0,15,8,1
L696:T2:I3150,696,T2,2025-06-30T09:06:00.000Z,31,0,16,14,1
L696:T2:I3154,696,T2,2025-07-24T18:23:00.000Z,36,0,20,15,1
L696:T2:I3149,696,T2,2026-01-27T16:28:00.000Z,44,0,24,20,0
L696:T2:I3152,696,T2,2026-04-26T16:33:00.000Z,50,0,25,24,1
L697:T0,697,T0,2025-10-19T00:00:00.000Z,11,11,0,0,0
L697:T1:I3157,697,T1,2025-10-19T20:51:52.000Z,12,11,0,0,1
L697:T2:I3158,697,T2,2025-11-04T20:01:00.000Z,12,11,0,0,1
L697:T2:I3156,697,T2,2025-11-28T08:03:00.000Z,12,11,0,0,1
L698:T0,698,T0,2026-01-23T00:00:00.000Z,28,28,0,0,0
L698:T1:I3163,698,T1,2026-01-23T09:06:37.000Z,29,28,0,0,1
L698:T2:I3159,698,T2,2026-01-25T08:31:12.000Z,29,28,0,0,1
L698:T2:I3160,698,T2,2026-01-26T13:49:35.000Z,29,28,0,0,1
L698:T2:I3161,698,T2,2026-01-28T16:25:40.000Z,29,28,0,0,1
L698:T2:I3164,698,T2,2026-02-03T12:17:44.000Z,28,28,0,0,0
L698:T2:I3165,698,T2,2026-02-04T12:50:37.000Z,29,28,0,0,1
L698:T2:I3162,698,T2,2026-02-04T20:17:00.000Z,29,28,0,0,1
L699:T0,699,T0,2025-12-16T00:00:00.000Z,62,35,0,27,0
L699:T1:I3166,699,T1,2025-12-21T14:52:10.000Z,63,35,0,27,1
L700:T0,700,T0,2026-05-15T00:00:00.000Z,54,32,22,0,0
L700:T1:I3169,700,T1,2026-05-15T10:55:51.000Z,55,32,22,0,1
L700:T2:I3173,700,T2,2026-05-16T14:03:08.000Z,55,32,22,0,1
L700:T2:I3174,700,T2,2026-05-16T16:45:36.000Z,55,32,22,0,1
L700:T2:I3171,700,T2,2026-05-18T14:04:49.000Z,55,32,22,0,1
L700:T2:I3168,700,T2,2026-05-22T11:59:39.000Z,56,33,22,0,1
L700:T2:I3170,700,T2,2026-05-23T20:57:52.000Z,55,33,22,0,0
L700:T2:I3172,700,T2,2026-05-27T11:50:19.000Z,56,33,22,0,1
L700:T2:I3167,700,T2,2026-05-27T12:04:52.000Z,56,33,22,0,1
L701:T0,701,T0,2026-06-10T00:00:00.000Z,55,25,30,0,0
L701:T1:I3177,701,T1,2026-06-11T17:32:08.000Z,56,25,30,0,1
L701:T2:I3176,701,T2,2026-06-11T20:54:07.000Z,56,25,30,0,1
L701:T2:I3175,701,T2,2026-06-12T15:32:18.000Z,55,25,30,0,0
L701:T2:I3178,701,T2,2026-06-18T17:45:05.000Z,56,25,30,0,1
L701:T2:I3179,701,T2,2026-06-22T18:02:51.000Z,57,25,31,0,1
L701:T2:I3180,701,T2,2026-06-23T17:53:51.000Z,57,25,31,0,1
L702:T0,702,T0,2025-11-03T00:00:00.000Z,21,21,0,0,0
L702:T1:I3184,702,T1,2025-11-03T20:54:17.000Z,22,21,0,0,1
L702:T2:I3182,702,T2,2025-11-11T14:41:19.000Z,22,21,0,0,1
L702:T2:I3186,702,T2,2025-11-12T13:07:39.000Z,22,21,0,0,1
L702:T2:I3183,702,T2,2025-11-13T08:25:29.000Z,21,21,0,0,0
L702:T2:I3185,702,T2,2025-11-16T13:12:59.000Z,22,21,0,0,1
L702:T2:I3187,702,T2,2026-02-02T11:06:00.000Z,26,26,0,0,0
L702:T2:I3181,702,T2,2026-06-29T13:48:00.000Z,33,32,0,0,1
L703:T0,703,T0,2025-08-29T00:00:00.000Z,59,20,0,39,0
L703:T1:I3192,703,T1,2025-08-31T08:45:20.000Z,60,20,0,39,1
L703:T2:I3193,703,T2,2025-09-02T11:56:51.000Z,60,20,0,39,1
L703:T2:I3194,703,T2,2025-09-02T12:44:07.000Z,60,20,0,39,1
L703:T2:I3190,703,T2,2025-09-03T07:33:47.000Z,60,20,0,39,1
L703:T2:I3189,703,T2,2025-09-07T20:32:42.000Z,60,20,0,39,1
L703:T2:I3195,703,T2,2025-10-09T17:01:00.000Z,63,21,0,42,0
L703:T2:I3191,703,T2,2026-04-06T11:25:00.000Z,86,25,0,60,1
L703:T2:I3188,703,T2,2026-06-10T18:55:00.000Z,90,28,0,61,1
L704:T0,704,T0,2025-01-21T00:00:00.000Z,13,4,0,9,0
L704:T1:I3196,704,T1,2025-02-01T12:57:46.000Z,14,4,0,9,1
L704:T2:I3197,704,T2,2025-07-09T12:35:00.000Z,27,11,0,15,1
L705:T0,705,T0,2026-03-13T00:00:00.000Z,73,23,0,50,0
L705:T1:I3199,705,T1,2026-03-14T16:50:36.000Z,74,23,0,50,1
L705:T2:I3200,705,T2,2026-03-18T16:56:21.000Z,74,23,0,50,1
L705:T2:I3198,705,T2,2026-03-19T12:17:13.000Z,74,23,0,50,1
L705:T2:I3201,705,T2,2026-03-20T16:32:54.000Z,74,23,0,50,1
L706:T0,706,T0,2025-04-12T00:00:00.000Z,12,12,0,0,0
L706:T1:I3204,706,T1,2025-07-30T10:56:00.000Z,20,19,0,0,1
L706:T2:I3203,706,T2,2025-11-29T20:42:00.000Z,27,26,0,0,1
L706:T2:I3202,706,T2,2026-02-09T08:46:00.000Z,36,35,0,0,1
L707:T0,707,T0,2026-04-24T00:00:00.000Z,55,26,0,29,0
L707:T1:I3210,707,T1,2026-04-25T19:07:27.000Z,56,26,0,29,1
L707:T2:I3206,707,T2,2026-04-26T18:52:43.000Z,56,26,0,29,1
L707:T2:I3208,707,T2,2026-04-28T18:05:58.000Z,56,27,0,29,0
L707:T2:I3209,707,T2,2026-04-29T09:58:44.000Z,57,27,0,29,1
L707:T2:I3207,707,T2,2026-04-29T18:55:47.000Z,57,27,0,29,1
L707:T2:I3205,707,T2,2026-05-07T10:21:19.000Z,57,27,0,29,1
L707:T2:I3211,707,T2,2026-06-01T12:02:00.000Z,57,27,0,29,1
L708:T0,708,T0,2026-01-20T00:00:00.000Z,15,15,0,0,0
L708:T1:I3213,708,T1,2026-01-31T08:56:08.000Z,16,15,0,0,1
L708:T2:I3212,708,T2,2026-05-16T12:56:00.000Z,23,22,0,0,1
L709:T0,709,T0,2025-04-25T00:00:00.000Z,18,18,0,0,0
L709:T1:I3217,709,T1,2025-05-05T10:41:38.000Z,20,19,0,0,1
L709:T2:I3215,709,T2,2025-08-02T07:33:00.000Z,29,28,0,0,1
L709:T2:I3216,709,T2,2025-10-07T15:29:00.000Z,35,34,0,0,1
L709:T2:I3214,709,T2,2025-10-22T20:57:00.000Z,36,35,0,0,1
L710:T0,710,T0,2025-06-13T00:00:00.000Z,28,13,0,15,0
L710:T1:I3221,710,T1,2025-06-16T08:42:10.000Z,29,13,0,15,1
L710:T2:I3222,710,T2,2025-06-18T09:08:27.000Z,29,13,0,15,1
L710:T2:I3220,710,T2,2025-06-24T13:12:36.000Z,29,14,0,15,0
L710:T2:I3219,710,T2,2025-11-20T10:07:00.000Z,39,19,0,19,1
L710:T2:I3218,710,T2,2026-03-03T17:16:00.000Z,49,24,0,24,1
L711:T0,711,T0,2025-07-30T00:00:00.000Z,43,21,0,22,0
L711:T1:I3230,711,T1,2025-08-02T11:23:35.000Z,45,22,0,22,1
L711:T2:I3225,711,T2,2025-08-03T16:30:59.000Z,45,22,0,22,1
L711:T2:I3228,711,T2,2025-08-08T19:46:49.000Z,46,22,0,23,1
L711:T2:I3224,711,T2,2025-08-09T08:42:23.000Z,46,22,0,23,1
L711:T2:I3227,711,T2,2025-08-12T11:18:53.000Z,46,22,0,24,0
L711:T2:I3226,711,T2,2025-08-12T17:35:09.000Z,46,22,0,24,0
L711:T2:I3223,711,T2,2025-08-12T17:37:22.000Z,47,22,0,24,1
L711:T2:I3229,711,T2,2026-01-30T12:27:00.000Z,67,27,0,39,1
L712:T0,712,T0,2025-09-12T00:00:00.000Z,47,24,0,23,0
L712:T1:I3231,712,T1,2025-09-13T20:57:12.000Z,48,24,0,23,1
L712:T2:I3236,712,T2,2025-09-18T14:08:02.000Z,48,24,0,23,1
L712:T2:I3234,712,T2,2025-09-20T08:41:16.000Z,47,24,0,23,0
L712:T2:I3235,712,T2,2025-09-21T19:03:47.000Z,48,24,0,23,1
L712:T2:I3232,712,T2,2025-09-24T10:03:40.000Z,48,24,0,23,1
L712:T2:I3233,712,T2,2025-11-01T15:02:00.000Z,55,28,0,26,1
L712:T2:I3237,712,T2,2026-03-06T11:38:00.000Z,65,35,0,29,1
L713:T0,713,T0,2026-01-29T00:00:00.000Z,30,30,0,0,0
L713:T1:I3241,713,T1,2026-01-30T13:48:31.000Z,31,30,0,0,1
L713:T2:I3242,713,T2,2026-01-30T13:53:53.000Z,31,30,0,0,1
L713:T2:I3238,713,T2,2026-02-03T14:56:53.000Z,31,30,0,0,1
L713:T2:I3240,713,T2,2026-03-15T15:52:00.000Z,31,30,0,0,1
L713:T2:I3239,713,T2,2026-04-11T07:27:00.000Z,35,34,0,0,1
L714:T0,714,T0,2025-05-28T00:00:00.000Z,24,13,11,0,0
L714:T1:I3246,714,T1,2025-06-02T11:18:50.000Z,24,13,11,0,0
L714:T2:I3243,714,T2,2025-06-03T14:48:27.000Z,25,13,11,0,1
L714:T2:I3250,714,T2,2025-06-19T10:37:00.000Z,26,13,12,0,1
L714:T2:I3247,714,T2,2026-02-05T17:51:00.000Z,51,22,28,0,1
L714:T2:I3249,714,T2,2026-05-02T19:21:00.000Z,55,25,29,0,1
L714:T2:I3248,714,T2,2026-06-02T08:06:00.000Z,57,26,30,0,1
L714:T2:I3244,714,T2,2026-06-02T15:42:00.000Z,57,26,30,0,1
L714:T2:I3245,714,T2,2026-06-04T10:24:00.000Z,57,26,30,0,1
L715:T0,715,T0,2025-05-09T00:00:00.000Z,32,10,0,22,0
L715:T1:I3252,715,T1,2025-05-12T17:21:28.000Z,33,10,0,22,1
L715:T2:I3254,715,T2,2025-05-15T14:26:51.000Z,33,10,0,22,1
L715:T2:I3251,715,T2,2025-07-05T13:46:00.000Z,39,12,0,26,1
L715:T2:I3253,715,T2,2025-07-08T10:34:00.000Z,39,12,0,26,1
L716:T0,716,T0,2025-08-11T00:00:00.000Z,61,17,0,44,0
L716:T1:I3257,716,T1,2025-08-13T16:17:46.000Z,62,17,0,44,1
L716:T2:I3259,716,T2,2025-08-13T19:14:55.000Z,61,17,0,44,0
L716:T2:I3260,716,T2,2025-08-14T19:48:48.000Z,62,17,0,44,1
L716:T2:I3256,716,T2,2025-08-17T17:56:12.000Z,63,17,0,45,1
L716:T2:I3255,716,T2,2025-08-18T08:07:23.000Z,63,17,0,45,1
L716:T2:I3261,716,T2,2026-02-06T12:04:00.000Z,91,24,0,66,1
L716:T2:I3258,716,T2,2026-02-15T13:06:00.000Z,93,25,0,67,1
L717:T0,717,T0,2025-06-24T00:00:00.000Z,11,11,0,0,0
L717:T1:I3264,717,T1,2025-06-25T20:24:09.000Z,12,11,0,0,1
L717:T2:I3265,717,T2,2025-06-26T09:29:43.000Z,12,11,0,0,1
L717:T2:I3263,717,T2,2025-06-30T19:36:53.000Z,12,11,0,0,1
L717:T2:I3262,717,T2,2025-10-12T16:23:00.000Z,17,16,0,0,1
L718:T0,718,T0,2025-06-16T00:00:00.000Z,10,10,0,0,0
L718:T1:I3266,718,T1,2025-06-23T11:35:01.000Z,12,11,0,0,1
L718:T2:I3267,718,T2,2025-10-02T13:35:00.000Z,18,17,0,0,1
L719:T0,719,T0,2025-07-12T00:00:00.000Z,75,0,22,53,0
L719:T1:I3270,719,T1,2025-07-12T09:50:31.000Z,76,0,22,53,1
L719:T2:I3268,719,T2,2025-07-16T14:40:11.000Z,76,0,22,53,1
L719:T2:I3269,719,T2,2025-07-17T11:10:54.000Z,75,0,22,53,0
L719:T2:I3272,719,T2,2025-07-23T18:04:19.000Z,79,0,22,56,1
L719:T2:I3274,719,T2,2025-07-25T13:29:47.000Z,79,0,22,56,1
L719:T2:I3271,719,T2,2025-07-25T13:40:09.000Z,79,0,22,56,1
L719:T2:I3273,719,T2,2026-02-16T18:00:00.000Z,122,0,36,85,1
L720:T0,720,T0,2026-03-13T00:00:00.000Z,24,24,0,0,0
L720:T1:I3280,720,T1,2026-03-16T14:17:47.000Z,25,24,0,0,1
L720:T2:I3277,720,T2,2026-03-17T09:42:40.000Z,25,24,0,0,1
L720:T2:I3281,720,T2,2026-03-18T18:35:38.000Z,24,24,0,0,0
L720:T2:I3279,720,T2,2026-03-19T16:49:34.000Z,25,24,0,0,1
L720:T2:I3275,720,T2,2026-03-20T17:38:35.000Z,25,24,0,0,1
L720:T2:I3278,720,T2,2026-04-23T12:34:00.000Z,26,25,0,0,1
L720:T2:I3276,720,T2,2026-05-30T14:37:00.000Z,30,29,0,0,1
L721:T0,721,T0,2026-06-16T00:00:00.000Z,44,20,0,24,0
L721:T1:I3282,721,T1,2026-06-21T09:46:45.000Z,44,20,0,24,0
L721:T2:I3283,721,T2,2026-06-26T08:10:40.000Z,45,20,0,24,1
L722:T0,722,T0,2025-02-24T00:00:00.000Z,41,17,0,24,0
L722:T1:I3284,722,T1,2025-08-20T10:37:00.000Z,73,26,0,46,1
L722:T2:I3288,722,T2,2025-08-27T17:07:00.000Z,74,26,0,47,1
L722:T2:I3289,722,T2,2025-09-08T08:37:00.000Z,75,27,0,47,1
L722:T2:I3290,722,T2,2025-11-29T17:18:00.000Z,89,36,0,53,0
L722:T2:I3286,722,T2,2025-12-03T09:34:00.000Z,90,36,0,53,1
L722:T2:I3285,722,T2,2025-12-21T20:02:00.000Z,95,38,0,56,1
L722:T2:I3287,722,T2,2026-06-11T19:51:00.000Z,116,46,0,70,0
L723:T0,723,T0,2026-01-15T00:00:00.000Z,34,13,0,21,0
L723:T1:I3291,723,T1,2026-01-17T09:54:31.000Z,35,13,0,21,1
L723:T2:I3295,723,T2,2026-01-24T15:23:23.000Z,36,13,0,22,1
L723:T2:I3292,723,T2,2026-01-25T11:34:54.000Z,35,13,0,22,0
L723:T2:I3294,723,T2,2026-01-26T20:37:43.000Z,35,13,0,22,0
L723:T2:I3293,723,T2,2026-01-27T10:15:24.000Z,36,13,0,22,1
L724:T0,724,T0,2025-07-24T00:00:00.000Z,11,11,0,0,0
L724:T1:I3297,724,T1,2025-07-25T16:10:26.000Z,12,11,0,0,1
L724:T2:I3302,724,T2,2025-08-02T13:09:49.000Z,13,12,0,0,1
L724:T2:I3298,724,T2,2025-08-06T15:28:46.000Z,12,12,0,0,0
L724:T2:I3300,724,T2,2025-08-09T10:11:00.000Z,14,13,0,0,1
L724:T2:I3301,724,T2,2025-10-01T10:12:00.000Z,18,17,0,0,1
L724:T2:I3299,724,T2,2026-02-25T11:55:00.000Z,24,23,0,0,1
L724:T2:I3296,724,T2,2026-05-04T19:30:00.000Z,27,27,0,0,0
L724:T2:I3303,724,T2,2026-06-08T12:37:00.000Z,31,30,0,0,1
L725:T0,725,T0,2025-10-12T00:00:00.000Z,7,7,0,0,0
L725:T1:I3309,725,T1,2025-10-13T07:32:44.000Z,8,7,0,0,1
L725:T2:I3306,725,T2,2025-10-17T15:47:19.000Z,8,7,0,0,1
L725:T2:I3304,725,T2,2025-10-19T14:53:53.000Z,8,7,0,0,1
L725:T2:I3308,725,T2,2025-10-23T16:00:41.000Z,8,7,0,0,1
L725:T2:I3305,725,T2,2025-12-02T19:15:00.000Z,8,7,0,0,1
L725:T2:I3307,725,T2,2026-02-02T14:56:00.000Z,9,8,0,0,1
L726:T0,726,T0,2025-08-12T00:00:00.000Z,33,11,22,0,0
L726:T1:I3310,726,T1,2025-08-13T07:27:16.000Z,34,11,22,0,1
L726:T2:I3313,726,T2,2025-08-15T11:18:07.000Z,34,11,22,0,1
L726:T2:I3312,726,T2,2025-08-19T07:08:08.000Z,34,11,22,0,1
L726:T2:I3311,726,T2,2025-09-21T11:32:00.000Z,34,11,22,0,1
L727:T0,727,T0,2025-09-01T00:00:00.000Z,47,24,0,23,0
L727:T1:I3315,727,T1,2025-09-03T08:37:38.000Z,48,24,0,23,1
L727:T2:I3316,727,T2,2025-09-05T10:47:58.000Z,48,24,0,23,1
L727:T2:I3314,727,T2,2026-04-11T11:49:00.000Z,70,40,0,29,1
L727:T2:I3317,727,T2,2026-06-11T19:34:00.000Z,79,44,0,34,1
L728:T0,728,T0,2025-09-05T00:00:00.000Z,46,24,0,22,0
L728:T1:I3318,728,T1,2025-09-08T16:44:57.000Z,47,24,0,22,1
L728:T2:I3319,728,T2,2026-01-21T09:22:00.000Z,59,32,0,26,1
L729:T0,729,T0,2026-01-09T00:00:00.000Z,42,18,0,24,0
L729:T1:I3320,729,T1,2026-01-19T11:00:40.000Z,44,19,0,24,1
L729:T2:I3322,729,T2,2026-02-27T09:27:00.000Z,47,20,0,26,1
L729:T2:I3321,729,T2,2026-05-16T09:18:00.000Z,54,25,0,28,1
L730:T0,730,T0,2026-03-02T00:00:00.000Z,36,23,0,13,0
L730:T1:I3323,730,T1,2026-03-08T20:14:30.000Z,37,23,0,13,1
L731:T0,731,T0,2026-05-04T00:00:00.000Z,56,29,27,0,0
L731:T1:I3325,731,T1,2026-05-05T14:37:39.000Z,57,29,27,0,1
L731:T2:I3324,731,T2,2026-05-11T18:50:15.000Z,58,29,28,0,1
L731:T2:I3326,731,T2,2026-05-16T16:22:30.000Z,58,29,28,0,1
L732:T0,732,T0,2026-04-10T00:00:00.000Z,64,33,0,31,0
L732:T1:I3331,732,T1,2026-04-11T09:34:44.000Z,65,33,0,31,1
L732:T2:I3332,732,T2,2026-04-13T07:49:44.000Z,65,33,0,31,1
L732:T2:I3329,732,T2,2026-04-15T19:38:59.000Z,65,33,0,31,1
L732:T2:I3327,732,T2,2026-04-16T19:39:13.000Z,65,33,0,31,1
L732:T2:I3330,732,T2,2026-04-16T19:55:55.000Z,65,33,0,31,1
L732:T2:I3328,732,T2,2026-04-18T19:35:18.000Z,66,33,0,32,1
L732:T2:I3333,732,T2,2026-04-20T19:54:28.000Z,67,33,0,33,1
L733:T0,733,T0,2025-05-06T00:00:00.000Z,60,16,0,44,0
L733:T1:I3339,733,T1,2025-05-09T13:33:15.000Z,62,16,0,45,1
L733:T2:I3334,733,T2,2025-05-17T15:31:40.000Z,62,16,0,45,1
L733:T2:I3335,733,T2,2025-05-18T15:48:19.000Z,63,16,0,46,1
L733:T2:I3337,733,T2,2025-12-19T11:06:00.000Z,122,37,0,84,1
L733:T2:I3338,733,T2,2026-02-01T17:49:00.000Z,133,41,0,91,1
L733:T2:I3336,733,T2,2026-05-20T14:29:00.000Z,150,47,0,102,1
L734:T0,734,T0,2026-05-07T00:00:00.000Z,76,42,0,34,0
L734:T1:I3343,734,T1,2026-05-13T08:35:00.000Z,77,42,0,34,1
L734:T2:I3340,734,T2,2026-05-19T18:31:01.000Z,76,42,0,34,0
L734:T2:I3341,734,T2,2026-05-20T09:22:36.000Z,77,42,0,34,1
L734:T2:I3342,734,T2,2026-05-20T19:03:38.000Z,77,42,0,34,1
L735:T0,735,T0,2026-02-09T00:00:00.000Z,78,23,0,55,0
L735:T1:I3349,735,T1,2026-02-09T09:22:14.000Z,79,23,0,55,1
L735:T2:I3348,735,T2,2026-02-14T14:19:02.000Z,80,23,0,56,1
L735:T2:I3344,735,T2,2026-02-15T07:06:02.000Z,80,23,0,56,1
L735:T2:I3347,735,T2,2026-02-16T14:46:15.000Z,79,23,0,56,0
L735:T2:I3345,735,T2,2026-06-03T17:09:00.000Z,99,31,0,67,1
L735:T2:I3346,735,T2,2026-06-25T20:26:00.000Z,100,32,0,68,0
L736:T0,736,T0,2025-07-28T00:00:00.000Z,16,16,0,0,0
L736:T1:I3353,736,T1,2025-09-02T15:36:00.000Z,18,17,0,0,1
L736:T2:I3352,736,T2,2025-10-11T11:54:00.000Z,18,17,0,0,1
L736:T2:I3350,736,T2,2025-11-18T18:09:00.000Z,19,18,0,0,1
L736:T2:I3351,736,T2,2025-12-08T16:34:00.000Z,20,19,0,0,1
L736:T2:I3354,736,T2,2026-05-16T18:37:00.000Z,32,31,0,0,1
L737:T0,737,T0,2025-05-14T00:00:00.000Z,32,17,0,15,0
L737:T1:I3357,737,T1,2025-07-19T10:36:00.000Z,39,20,0,18,1
L737:T2:I3355,737,T2,2025-08-12T12:17:00.000Z,40,20,0,19,1
L737:T2:I3358,737,T2,2025-09-16T10:41:00.000Z,42,21,0,20,1
L737:T2:I3359,737,T2,2025-09-23T09:33:00.000Z,42,21,0,20,1
L737:T2:I3356,737,T2,2026-03-27T13:21:00.000Z,58,28,0,29,1
L738:T0,738,T0,2025-12-22T00:00:00.000Z,10,0,10,0,0
L738:T1:I3360,738,T1,2025-12-22T13:51:20.000Z,11,0,10,0,1
L738:T2:I3361,738,T2,2025-12-27T19:17:06.000Z,11,0,10,0,1
L739:T0,739,T0,2026-03-02T00:00:00.000Z,71,27,0,44,0
L739:T1:I3366,739,T1,2026-03-02T17:22:24.000Z,72,27,0,44,1
L739:T2:I3368,739,T2,2026-03-04T07:04:12.000Z,72,27,0,44,1
L739:T2:I3364,739,T2,2026-03-04T11:28:26.000Z,72,27,0,44,1
L739:T2:I3367,739,T2,2026-03-07T10:16:09.000Z,73,27,0,45,1
L739:T2:I3363,739,T2,2026-03-07T15:01:31.000Z,73,27,0,45,1
L739:T2:I3362,739,T2,2026-03-07T20:31:21.000Z,73,27,0,45,1
L739:T2:I3365,739,T2,2026-03-15T09:40:02.000Z,73,27,0,45,1
L740:T0,740,T0,2025-09-26T00:00:00.000Z,48,24,0,24,0
L740:T1:I3369,740,T1,2025-10-08T07:50:58.000Z,51,25,0,25,1
L740:T2:I3370,740,T2,2025-10-08T14:13:23.000Z,51,25,0,25,1
L741:T0,741,T0,2026-02-08T00:00:00.000Z,44,18,0,26,0
L741:T1:I3377,741,T1,2026-02-08T16:25:29.000Z,45,18,0,26,1
L741:T2:I3375,741,T2,2026-02-09T10:21:21.000Z,45,18,0,26,1
L741:T2:I3376,741,T2,2026-02-11T10:43:11.000Z,45,18,0,26,1
L741:T2:I3371,741,T2,2026-02-13T12:29:12.000Z,45,18,0,26,1
L741:T2:I3372,741,T2,2026-02-20T13:27:28.000Z,46,19,0,26,1
L741:T2:I3374,741,T2,2026-02-20T17:51:15.000Z,46,19,0,26,1
L741:T2:I3373,741,T2,2026-02-20T18:42:39.000Z,46,19,0,26,1
L741:T2:I3378,741,T2,2026-02-27T14:45:00.000Z,46,19,0,26,1
L742:T0,742,T0,2026-02-04T00:00:00.000Z,116,34,0,82,0
L742:T1:I3379,742,T1,2026-02-04T17:54:29.000Z,117,34,0,82,1
L742:T2:I3381,742,T2,2026-02-06T16:09:43.000Z,118,35,0,82,1
L742:T2:I3386,742,T2,2026-02-08T19:52:02.000Z,118,35,0,82,1
L742:T2:I3385,742,T2,2026-02-09T12:55:46.000Z,119,35,0,83,1
L742:T2:I3382,742,T2,2026-02-13T10:15:08.000Z,121,36,0,84,1
L742:T2:I3383,742,T2,2026-02-13T16:21:19.000Z,121,36,0,84,1
L742:T2:I3384,742,T2,2026-02-17T14:52:40.000Z,124,38,0,85,1
L742:T2:I3380,742,T2,2026-04-06T17:50:00.000Z,134,42,0,91,1
L743:T0,743,T0,2026-01-13T00:00:00.000Z,20,20,0,0,0
L743:T1:I3387,743,T1,2026-01-19T13:20:00.000Z,21,20,0,0,1
L744:T0,744,T0,2025-06-26T00:00:00.000Z,48,20,0,28,0
L744:T1:I3389,744,T1,2025-07-08T13:38:02.000Z,52,21,0,30,1
L744:T2:I3388,744,T2,2026-02-15T08:36:00.000Z,80,31,0,48,1
L745:T0,745,T0,2025-05-26T00:00:00.000Z,27,15,0,12,0
L745:T1:I3390,745,T1,2025-06-06T07:08:02.000Z,28,15,0,12,1
L745:T2:I3392,745,T2,2025-11-08T09:03:00.000Z,45,25,0,19,1
L745:T2:I3391,745,T2,2026-01-16T19:20:00.000Z,49,29,0,19,1
L746:T0,746,T0,2025-08-14T00:00:00.000Z,50,21,0,29,0
L746:T1:I3394,746,T1,2025-08-23T13:23:38.000Z,52,22,0,29,1
L746:T2:I3395,746,T2,2025-09-21T09:09:00.000Z,54,23,0,30,1
L746:T2:I3396,746,T2,2025-10-12T17:16:00.000Z,58,25,0,32,1
L746:T2:I3397,746,T2,2025-11-14T10:36:00.000Z,60,26,0,33,1
L746:T2:I3393,746,T2,2025-12-31T19:29:00.000Z,67,30,0,36,1
L747:T0,747,T0,2026-06-26T00:00:00.000Z,82,47,0,35,0
L747:T1:I3398,747,T1,2026-06-28T12:37:03.000Z,84,48,0,35,1
L747:T2:I3399,747,T2,2026-06-29T14:32:59.000Z,84,48,0,35,1
L748:T0,748,T0,2025-01-29T00:00:00.000Z,8,8,0,0,0
L748:T1:I3401,748,T1,2025-01-30T12:45:02.000Z,9,8,0,0,1
L748:T2:I3400,748,T2,2026-01-25T17:29:00.000Z,18,17,0,0,1
L748:T2:I3402,748,T2,2026-04-22T14:09:00.000Z,20,19,0,0,1
L749:T0,749,T0,2025-07-02T00:00:00.000Z,18,18,0,0,0
L749:T1:I3404,749,T1,2025-07-12T18:11:48.000Z,21,20,0,0,1
L749:T2:I3403,749,T2,2025-07-15T18:16:08.000Z,21,20,0,0,1
L750:T0,750,T0,2026-05-05T00:00:00.000Z,61,29,0,32,0
L750:T1:I3406,750,T1,2026-05-07T15:07:00.000Z,62,29,0,32,1
L750:T2:I3405,750,T2,2026-05-07T17:56:03.000Z,62,29,0,32,1
L750:T2:I3411,750,T2,2026-05-08T17:49:26.000Z,61,29,0,32,0
L750:T2:I3410,750,T2,2026-05-08T19:06:21.000Z,62,29,0,32,1
L750:T2:I3408,750,T2,2026-05-09T19:24:16.000Z,62,29,0,32,1
L750:T2:I3409,750,T2,2026-05-12T15:09:26.000Z,62,29,0,32,1
L750:T2:I3412,750,T2,2026-05-24T19:54:00.000Z,63,29,0,33,1
L750:T2:I3407,750,T2,2026-06-16T19:57:00.000Z,66,31,0,34,1
L751:T0,751,T0,2026-04-26T00:00:00.000Z,52,22,0,30,0
L751:T1:I3413,751,T1,2026-04-26T19:48:16.000Z,53,22,0,30,1
L751:T2:I3414,751,T2,2026-05-02T16:07:55.000Z,54,22,0,31,1
L751:T2:I3415,751,T2,2026-05-04T11:53:22.000Z,54,22,0,31,1
L751:T2:I3417,751,T2,2026-05-08T20:49:03.000Z,54,22,0,31,1
L751:T2:I3416,751,T2,2026-05-14T17:01:00.000Z,54,22,0,31,1
L752:T0,752,T0,2025-04-17T00:00:00.000Z,29,10,19,0,0
L752:T1:I3422,752,T1,2025-04-17T09:35:42.000Z,30,10,19,0,1
L752:T2:I3418,752,T2,2025-04-26T09:54:49.000Z,31,10,20,0,1
L752:T2:I3420,752,T2,2025-04-30T08:00:37.000Z,32,11,20,0,1
L752:T2:I3421,752,T2,2025-08-29T19:57:00.000Z,46,19,26,0,1
L752:T2:I3419,752,T2,2026-02-10T15:23:00.000Z,67,30,36,0,1
L753:T0,753,T0,2025-04-09T00:00:00.000Z,32,13,19,0,0
L753:T1:I3426,753,T1,2025-04-14T10:01:13.000Z,32,13,19,0,0
L753:T2:I3425,753,T2,2025-04-17T09:12:54.000Z,33,13,19,0,1
L753:T2:I3423,753,T2,2025-07-23T10:19:00.000Z,41,16,24,0,1
L753:T2:I3424,753,T2,2025-07-24T10:39:00.000Z,41,16,24,0,1
L754:T0,754,T0,2025-03-17T00:00:00.000Z,28,16,0,12,0
L754:T1:I3430,754,T1,2025-03-23T17:30:33.000Z,29,16,0,12,1
L754:T2:I3427,754,T2,2025-04-16T17:08:00.000Z,31,17,0,13,1
L754:T2:I3429,754,T2,2025-10-25T13:46:00.000Z,44,23,0,20,1
L754:T2:I3428,754,T2,2026-05-22T17:10:00.000Z,63,29,0,33,1
L755:T0,755,T0,2025-07-25T00:00:00.000Z,54,19,0,35,0
L755:T1:I3432,755,T1,2025-07-25T10:40:09.000Z,55,19,0,35,1
L755:T2:I3431,755,T2,2025-10-03T13:18:00.000Z,62,22,0,39,1
L756:T0,756,T0,2025-02-16T00:00:00.000Z,33,9,0,24,0
L756:T1:I3436,756,T1,2025-11-11T20:51:00.000Z,76,24,0,51,1
L756:T2:I3435,756,T2,2025-12-31T14:25:00.000Z,87,27,0,59,1
L756:T2:I3434,756,T2,2026-04-23T19:55:00.000Z,105,34,0,70,1
L756:T2:I3433,756,T2,2026-06-25T19:46:00.000Z,110,37,0,72,1
L757:T0,757,T0,2025-01-13T00:00:00.000Z,27,15,0,12,0
L757:T1:I3442,757,T1,2025-01-17T12:53:29.000Z,28,15,0,12,1
L757:T2:I3439,757,T2,2025-01-20T20:34:10.000Z,28,15,0,12,1
L757:T2:I3443,757,T2,2025-07-02T08:56:00.000Z,51,26,0,24,1
L757:T2:I3444,757,T2,2025-08-29T20:53:00.000Z,61,28,0,33,0
L757:T2:I3440,757,T2,2025-11-18T14:59:00.000Z,73,33,0,39,1
L757:T2:I3438,757,T2,2026-02-25T20:47:00.000Z,89,39,0,49,1
L757:T2:I3441,757,T2,2026-03-17T17:34:00.000Z,91,40,0,51,0
L757:T2:I3437,757,T2,2026-03-20T19:24:00.000Z,93,41,0,51,1
L758:T0,758,T0,2025-12-04T00:00:00.000Z,39,0,20,19,0
L758:T1:I3445,758,T1,2025-12-05T09:35:22.000Z,40,0,20,19,1
L759:T0,759,T0,2025-02-24T00:00:00.000Z,12,12,0,0,0
L759:T1:I3447,759,T1,2025-02-27T17:44:36.000Z,13,12,0,0,1
L759:T2:I3453,759,T2,2025-03-01T10:10:28.000Z,13,12,0,0,1
L759:T2:I3446,759,T2,2025-03-04T09:21:33.000Z,14,13,0,0,1
L759:T2:I3448,759,T2,2025-03-04T13:01:16.000Z,14,13,0,0,1
L759:T2:I3451,759,T2,2025-03-05T07:16:14.000Z,14,13,0,0,1
L759:T2:I3450,759,T2,2025-03-05T18:31:56.000Z,14,13,0,0,1
L759:T2:I3452,759,T2,2025-06-19T07:28:00.000Z,20,19,0,0,1
L759:T2:I3449,759,T2,2025-08-14T16:10:00.000Z,24,23,0,0,1
L760:T0,760,T0,2025-09-26T00:00:00.000Z,24,24,0,0,0
L760:T1:I3454,760,T1,2025-09-27T12:43:03.000Z,25,24,0,0,1
L760:T2:I3459,760,T2,2025-10-06T20:58:04.000Z,26,25,0,0,1
L760:T2:I3457,760,T2,2025-10-28T11:10:00.000Z,27,27,0,0,0
L760:T2:I3458,760,T2,2026-03-12T20:49:00.000Z,31,31,0,0,0
L760:T2:I3456,760,T2,2026-03-28T18:59:00.000Z,32,31,0,0,1
L760:T2:I3455,760,T2,2026-04-23T18:54:00.000Z,32,31,0,0,1
L761:T0,761,T0,2025-09-01T00:00:00.000Z,47,22,0,25,0
L761:T1:I3463,761,T1,2025-09-01T08:32:31.000Z,47,22,0,25,0
L761:T2:I3464,761,T2,2025-09-02T17:33:53.000Z,48,22,0,25,1
L761:T2:I3467,761,T2,2025-09-03T14:16:32.000Z,48,22,0,25,1
L761:T2:I3462,761,T2,2025-09-04T19:37:34.000Z,48,22,0,25,1
L761:T2:I3465,761,T2,2025-09-08T17:49:05.000Z,49,23,0,25,1
L761:T2:I3461,761,T2,2025-09-12T13:41:16.000Z,50,23,0,26,1
L761:T2:I3460,761,T2,2025-09-14T18:13:14.000Z,51,23,0,27,1
L761:T2:I3466,761,T2,2025-12-12T11:09:00.000Z,60,27,0,32,1
L762:T0,762,T0,2025-11-13T00:00:00.000Z,22,22,0,0,0
L762:T1:I3468,762,T1,2025-11-13T14:25:44.000Z,23,22,0,0,1
L762:T2:I3469,762,T2,2025-11-17T12:26:42.000Z,23,22,0,0,1
L762:T2:I3470,762,T2,2026-02-01T10:19:00.000Z,24,23,0,0,1
L763:T0,763,T0,2026-03-26T00:00:00.000Z,71,38,0,33,0
L763:T1:I3471,763,T1,2026-04-03T11:07:19.000Z,72,38,0,33,1
L763:T2:I3472,763,T2,2026-04-04T15:19:50.000Z,72,38,0,33,1
L764:T0,764,T0,2025-06-29T00:00:00.000Z,70,20,0,50,0
L764:T1:I3474,764,T1,2025-06-30T11:53:51.000Z,72,20,0,51,1
L764:T2:I3478,764,T2,2025-07-01T08:37:25.000Z,71,20,0,51,0
L764:T2:I3476,764,T2,2025-07-01T18:01:23.000Z,72,20,0,51,1
L764:T2:I3477,764,T2,2025-07-04T15:44:44.000Z,74,20,0,53,1
L764:T2:I3475,764,T2,2025-07-11T08:39:00.000Z,75,22,0,53,0
L764:T2:I3473,764,T2,2025-07-18T10:59:00.000Z,76,22,0,54,0
L765:T0,765,T0,2026-01-01T00:00:00.000Z,28,28,0,0,0
L765:T1:I3484,765,T1,2026-01-01T07:12:40.000Z,29,28,0,0,1
L765:T2:I3485,765,T2,2026-01-01T19:19:11.000Z,29,28,0,0,1
L765:T2:I3481,765,T2,2026-01-02T08:30:24.000Z,29,28,0,0,1
L765:T2:I3486,765,T2,2026-01-02T12:16:12.000Z,28,28,0,0,0
L765:T2:I3480,765,T2,2026-01-02T12:32:10.000Z,29,28,0,0,1
L765:T2:I3482,765,T2,2026-01-06T11:29:39.000Z,31,30,0,0,1
L765:T2:I3483,765,T2,2026-01-12T16:25:45.000Z,31,30,0,0,1
L765:T2:I3479,765,T2,2026-03-11T17:28:00.000Z,31,30,0,0,1
L766:T0,766,T0,2026-02-12T00:00:00.000Z,86,49,0,37,0
L766:T1:I3488,766,T1,2026-02-14T12:05:32.000Z,87,49,0,37,1
L766:T2:I3492,766,T2,2026-02-14T15:38:57.000Z,87,49,0,37,1
L766:T2:I3493,766,T2,2026-02-18T09:17:52.000Z,89,49,0,39,1
L766:T2:I3491,766,T2,2026-02-21T20:51:17.000Z,89,49,0,39,1
L766:T2:I3489,766,T2,2026-02-23T13:28:08.000Z,89,49,0,39,1
L766:T2:I3487,766,T2,2026-03-20T10:59:00.000Z,92,51,0,41,0
L766:T2:I3490,766,T2,2026-04-28T18:15:00.000Z,96,53,0,42,1
L767:T0,767,T0,2025-11-10T00:00:00.000Z,25,25,0,0,0
L767:T1:I3496,767,T1,2025-11-12T15:48:35.000Z,26,25,0,0,1
L767:T2:I3498,767,T2,2025-11-14T20:56:55.000Z,26,25,0,0,1
L767:T2:I3494,767,T2,2025-11-17T17:46:02.000Z,26,25,0,0,1
L767:T2:I3495,767,T2,2025-11-23T19:27:44.000Z,27,26,0,0,1
L767:T2:I3497,767,T2,2026-02-01T19:49:00.000Z,35,34,0,0,1
L768:T0,768,T0,2025-08-12T00:00:00.000Z,13,13,0,0,0
L768:T1:I3499,768,T1,2025-08-13T18:41:41.000Z,13,13,0,0,0
L768:T2:I3500,768,T2,2025-08-16T12:32:04.000Z,14,13,0,0,1
L768:T2:I3504,768,T2,2025-08-19T20:58:01.000Z,14,13,0,0,1
L768:T2:I3501,768,T2,2025-08-21T08:32:57.000Z,13,13,0,0,0
L768:T2:I3502,768,T2,2025-08-23T19:25:12.000Z,14,13,0,0,1
L768:T2:I3503,768,T2,2025-10-16T09:52:00.000Z,16,15,0,0,1
L769:T0,769,T0,2025-01-08T00:00:00.000Z,29,10,0,19,0
L769:T1:I3506,769,T1,2025-01-08T07:01:17.000Z,30,10,0,19,1
L769:T2:I3505,769,T2,2025-05-09T13:04:00.000Z,45,20,0,24,1
L769:T2:I3507,769,T2,2026-05-01T13:19:00.000Z,105,38,0,67,0
L770:T0,770,T0,2025-05-13T00:00:00.000Z,39,20,0,19,0
L770:T1:I3515,770,T1,2025-05-13T15:43:34.000Z,40,20,0,19,1
L770:T2:I3514,770,T2,2025-05-14T14:49:58.000Z,40,20,0,19,1
L770:T2:I3508,770,T2,2025-05-26T11:58:50.000Z,40,20,0,19,1
L770:T2:I3512,770,T2,2025-09-12T19:12:00.000Z,52,28,0,23,1
L770:T2:I3509,770,T2,2026-01-02T11:58:00.000Z,57,30,0,26,1
L770:T2:I3511,770,T2,2026-02-03T08:10:00.000Z,60,32,0,27,1
L770:T2:I3513,770,T2,2026-03-24T16:13:00.000Z,66,35,0,30,1
L770:T2:I3510,770,T2,2026-04-20T13:00:00.000Z,69,36,0,32,1
L771:T0,771,T0,2026-03-31T00:00:00.000Z,38,24,0,14,0
L771:T1:I3516,771,T1,2026-04-07T14:28:06.000Z,39,24,0,14,1
L771:T2:I3517,771,T2,2026-04-07T15:14:10.000Z,39,24,0,14,1
L772:T0,772,T0,2025-08-25T00:00:00.000Z,13,13,0,0,0
L772:T1:I3518,772,T1,2025-08-27T18:31:28.000Z,14,13,0,0,1
L773:T0,773,T0,2025-06-27T00:00:00.000Z,63,26,0,37,0
L773:T1:I3520,773,T1,2025-06-29T10:52:21.000Z,64,26,0,37,1
L773:T2:I3522,773,T2,2025-07-08T12:47:25.000Z,69,28,0,40,1
L773:T2:I3519,773,T2,2025-07-10T15:52:19.000Z,69,28,0,40,1
L773:T2:I3521,773,T2,2025-10-18T12:49:00.000Z,83,31,0,51,1
L773:T2:I3525,773,T2,2026-04-05T15:05:00.000Z,118,42,0,75,1
L773:T2:I3523,773,T2,2026-05-08T14:52:00.000Z,129,45,0,83,1
L773:T2:I3524,773,T2,2026-06-17T11:59:00.000Z,138,50,0,87,1
L774:T0,774,T0,2026-05-15T00:00:00.000Z,53,53,0,0,0
L774:T1:I3526,774,T1,2026-05-18T09:34:06.000Z,53,53,0,0,0
L774:T2:I3528,774,T2,2026-05-23T12:06:51.000Z,55,54,0,0,1
L774:T2:I3529,774,T2,2026-05-28T17:45:34.000Z,56,55,0,0,1
L774:T2:I3527,774,T2,2026-05-28T20:18:54.000Z,56,55,0,0,1
L775:T0,775,T0,2025-10-28T00:00:00.000Z,36,0,19,17,0
L775:T1:I3531,775,T1,2025-11-04T16:37:44.000Z,37,0,19,17,1
L775:T2:I3530,775,T2,2025-11-05T16:24:58.000Z,36,0,19,17,0
L776:T0,776,T0,2026-06-11T00:00:00.000Z,48,48,0,0,0
L776:T1:I3538,776,T1,2026-06-13T14:39:10.000Z,49,48,0,0,1
L776:T2:I3533,776,T2,2026-06-14T10:46:13.000Z,49,48,0,0,1
L776:T2:I3535,776,T2,2026-06-17T07:30:31.000Z,49,48,0,0,1
L776:T2:I3537,776,T2,2026-06-20T18:11:10.000Z,49,48,0,0,1
L776:T2:I3532,776,T2,2026-06-21T16:55:38.000Z,49,48,0,0,1
L776:T2:I3534,776,T2,2026-06-22T20:13:39.000Z,49,48,0,0,1
L776:T2:I3536,776,T2,2026-06-30T12:23:00.000Z,49,48,0,0,1
L777:T0,777,T0,2026-03-25T00:00:00.000Z,51,29,0,22,0
L777:T1:I3545,777,T1,2026-03-30T12:46:36.000Z,52,29,0,22,1
L777:T2:I3542,777,T2,2026-04-03T18:43:40.000Z,52,29,0,22,1
L777:T2:I3543,777,T2,2026-04-04T07:18:28.000Z,52,29,0,22,1
L777:T2:I3540,777,T2,2026-04-04T07:44:41.000Z,52,29,0,22,1
L777:T2:I3539,777,T2,2026-04-07T14:51:01.000Z,52,29,0,22,1
L777:T2:I3541,777,T2,2026-04-07T19:12:49.000Z,52,29,0,22,1
L777:T2:I3544,777,T2,2026-06-24T10:08:00.000Z,60,33,0,26,1
L778:T0,778,T0,2025-04-18T00:00:00.000Z,5,5,0,0,0
L778:T1:I3547,778,T1,2025-06-10T09:14:00.000Z,7,6,0,0,1
L778:T2:I3548,778,T2,2025-09-03T19:35:00.000Z,10,9,0,0,1
L778:T2:I3546,778,T2,2026-04-04T12:35:00.000Z,15,14,0,0,1
L779:T0,779,T0,2025-01-29T00:00:00.000Z,5,0,5,0,0
L779:T1:I3554,779,T1,2025-06-02T15:03:00.000Z,11,0,10,0,1
L779:T2:I3552,779,T2,2025-09-12T14:25:00.000Z,16,0,15,0,1
L779:T2:I3553,779,T2,2026-01-06T16:52:00.000Z,23,0,22,0,1
L779:T2:I3549,779,T2,2026-01-07T17:32:00.000Z,23,0,22,0,1
L779:T2:I3550,779,T2,2026-03-28T14:20:00.000Z,27,0,26,0,1
L779:T2:I3551,779,T2,2026-06-21T17:33:00.000Z,32,0,31,0,1
L780:T0,780,T0,2025-01-11T00:00:00.000Z,23,0,10,13,0
L780:T1:I3555,780,T1,2025-01-13T18:10:48.000Z,24,0,10,13,1
L780:T2:I3559,780,T2,2025-01-17T20:05:20.000Z,24,0,10,13,1
L780:T2:I3560,780,T2,2025-06-07T11:55:00.000Z,45,0,15,30,0
L780:T2:I3557,780,T2,2026-02-03T16:26:00.000Z,74,0,23,50,1
L780:T2:I3556,780,T2,2026-05-14T11:31:00.000Z,90,0,28,61,1
L780:T2:I3558,780,T2,2026-06-20T14:44:00.000Z,92,0,28,63,1
L781:T0,781,T0,2025-06-22T00:00:00.000Z,26,14,0,12,0
L781:T1:I3561,781,T1,2025-06-22T17:30:00.000Z,27,14,0,12,1
L781:T2:I3567,781,T2,2025-06-30T15:39:04.000Z,29,15,0,13,1
L781:T2:I3565,781,T2,2025-08-02T15:13:00.000Z,33,20,0,13,0
L781:T2:I3566,781,T2,2025-08-15T20:09:00.000Z,35,21,0,13,1
L781:T2:I3563,781,T2,2025-10-04T18:09:00.000Z,39,24,0,15,0
L781:T2:I3562,781,T2,2025-11-22T17:20:00.000Z,41,25,0,15,1
L781:T2:I3568,781,T2,2025-11-25T20:48:00.000Z,41,25,0,15,1
L781:T2:I3564,781,T2,2026-02-02T16:41:00.000Z,45,27,0,17,1
L782:T0,782,T0,2026-04-13T00:00:00.000Z,53,28,0,25,0
L782:T1:I3571,782,T1,2026-04-16T18:19:35.000Z,54,28,0,25,1
L782:T2:I3569,782,T2,2026-04-22T16:52:47.000Z,56,29,0,26,1
L782:T2:I3570,782,T2,2026-04-25T12:54:25.000Z,56,29,0,26,1
L782:T2:I3572,782,T2,2026-04-25T15:16:19.000Z,56,29,0,26,1
L783:T0,783,T0,2026-06-05T00:00:00.000Z,92,45,47,0,0
L783:T1:I3573,783,T1,2026-06-07T14:53:26.000Z,94,46,47,0,1
L783:T2:I3575,783,T2,2026-06-08T08:01:44.000Z,95,46,48,0,1
L783:T2:I3577,783,T2,2026-06-09T08:42:50.000Z,96,47,48,0,1
L783:T2:I3574,783,T2,2026-06-10T10:26:18.000Z,97,47,49,0,1
L783:T2:I3576,783,T2,2026-06-11T10:27:59.000Z,97,47,49,0,1
L783:T2:I3578,783,T2,2026-06-11T15:38:13.000Z,96,47,49,0,0
L783:T2:I3579,783,T2,2026-06-13T20:15:45.000Z,97,47,49,0,1
L784:T0,784,T0,2026-06-05T00:00:00.000Z,30,30,0,0,0
L784:T1:I3585,784,T1,2026-06-05T19:51:41.000Z,30,30,0,0,0
L784:T2:I3581,784,T2,2026-06-10T13:08:32.000Z,31,30,0,0,1
L784:T2:I3580,784,T2,2026-06-14T16:58:02.000Z,31,30,0,0,1
L784:T2:I3584,784,T2,2026-06-16T07:25:09.000Z,31,30,0,0,1
L784:T2:I3583,784,T2,2026-06-16T09:30:31.000Z,31,30,0,0,1
L784:T2:I3582,784,T2,2026-06-28T07:17:00.000Z,31,30,0,0,1
L785:T0,785,T0,2025-02-22T00:00:00.000Z,18,10,0,8,0
L785:T1:I3586,785,T1,2026-03-27T11:43:00.000Z,49,26,0,22,1
L786:T0,786,T0,2026-01-06T00:00:00.000Z,15,15,0,0,0
L786:T1:I3588,786,T1,2026-01-14T15:31:01.000Z,15,15,0,0,0
L786:T2:I3587,786,T2,2026-05-12T10:19:00.000Z,17,16,0,0,1
L786:T2:I3589,786,T2,2026-06-02T19:52:00.000Z,18,18,0,0,0
L787:T0,787,T0,2025-07-19T00:00:00.000Z,28,0,10,18,0
L787:T1:I3591,787,T1,2025-07-22T15:22:01.000Z,29,0,10,18,1
L787:T2:I3590,787,T2,2025-09-24T13:18:00.000Z,34,0,12,21,1
L788:T0,788,T0,2025-02-15T00:00:00.000Z,11,11,0,0,0
L788:T1:I3592,788,T1,2025-04-26T15:42:00.000Z,17,16,0,0,1
L788:T2:I3593,788,T2,2026-02-13T09:00:00.000Z,29,28,0,0,1
L789:T0,789,T0,2026-05-06T00:00:00.000Z,52,52,0,0,0
L789:T1:I3594,789,T1,2026-05-19T07:48:33.000Z,53,52,0,0,1
L790:T0,790,T0,2025-09-03T00:00:00.000Z,23,23,0,0,0
L790:T1:I3595,790,T1,2026-05-04T15:57:00.000Z,33,33,0,0,0
L791:T0,791,T0,2025-03-07T00:00:00.000Z,12,12,0,0,0
L791:T1:I3596,791,T1,2025-05-12T08:08:00.000Z,15,14,0,0,1
L791:T2:I3597,791,T2,2025-11-10T20:59:00.000Z,19,18,0,0,1
L792:T0,792,T0,2025-08-31T00:00:00.000Z,17,9,0,8,0
L792:T1:I3598,792,T1,2025-09-15T15:33:00.000Z,21,11,0,9,1
L793:T0,793,T0,2026-01-09T00:00:00.000Z,13,13,0,0,0
L793:T1:I3605,793,T1,2026-01-09T18:02:18.000Z,14,13,0,0,1
L793:T2:I3601,793,T2,2026-01-13T19:42:19.000Z,15,14,0,0,1
L793:T2:I3602,793,T2,2026-01-16T10:21:42.000Z,15,14,0,0,1
L793:T2:I3604,793,T2,2026-01-17T19:12:15.000Z,15,14,0,0,1
L793:T2:I3606,793,T2,2026-01-20T10:15:40.000Z,15,14,0,0,1
L793:T2:I3603,793,T2,2026-01-21T14:44:48.000Z,15,14,0,0,1
L793:T2:I3599,793,T2,2026-04-17T11:27:00.000Z,17,16,0,0,1
L793:T2:I3600,793,T2,2026-06-13T16:43:00.000Z,19,18,0,0,1
L794:T0,794,T0,2025-10-07T00:00:00.000Z,49,21,0,28,0
L794:T1:I3608,794,T1,2025-12-16T09:02:00.000Z,63,25,0,38,0
L794:T2:I3607,794,T2,2026-05-04T13:00:00.000Z,79,29,0,49,1
L795:T0,795,T0,2026-01-12T00:00:00.000Z,57,26,0,31,0
L795:T1:I3609,795,T1,2026-01-13T07:55:18.000Z,58,26,0,31,1
L795:T2:I3612,795,T2,2026-01-13T19:49:49.000Z,58,26,0,31,1
L795:T2:I3610,795,T2,2026-01-15T08:00:05.000Z,58,26,0,31,1
L795:T2:I3611,795,T2,2026-01-22T17:11:57.000Z,60,26,0,33,1
L796:T0,796,T0,2025-08-11T00:00:00.000Z,22,22,0,0,0
L796:T1:I3616,796,T1,2025-08-13T19:22:56.000Z,24,23,0,0,1
L796:T2:I3615,796,T2,2025-08-19T07:22:20.000Z,24,23,0,0,1
L796:T2:I3614,796,T2,2025-08-19T12:46:08.000Z,24,23,0,0,1
L796:T2:I3617,796,T2,2025-08-21T18:33:15.000Z,24,23,0,0,1
L796:T2:I3613,796,T2,2025-10-27T16:07:00.000Z,24,23,0,0,1
L797:T0,797,T0,2025-05-13T00:00:00.000Z,12,12,0,0,0
L797:T1:I3625,797,T1,2025-05-13T11:19:08.000Z,13,12,0,0,1
L797:T2:I3624,797,T2,2025-05-16T17:57:31.000Z,13,12,0,0,1
L797:T2:I3623,797,T2,2025-05-17T12:27:32.000Z,13,12,0,0,1
L797:T2:I3622,797,T2,2025-05-18T11:09:00.000Z,13,12,0,0,1
L797:T2:I3619,797,T2,2025-05-18T14:56:10.000Z,13,12,0,0,1
L797:T2:I3618,797,T2,2025-05-20T11:35:37.000Z,14,13,0,0,1
L797:T2:I3620,797,T2,2025-12-19T18:44:00.000Z,20,19,0,0,1
L797:T2:I3621,797,T2,2026-02-10T18:48:00.000Z,22,22,0,0,0
L798:T0,798,T0,2025-12-08T00:00:00.000Z,27,27,0,0,0
L798:T1:I3628,798,T1,2025-12-10T13:49:00.000Z,28,27,0,0,1
L798:T2:I3627,798,T2,2025-12-14T07:10:15.000Z,28,27,0,0,1
L798:T2:I3626,798,T2,2026-04-04T09:42:00.000Z,34,33,0,0,1
L798:T2:I3629,798,T2,2026-06-24T12:42:00.000Z,37,36,0,0,1
L799:T0,799,T0,2025-03-21T00:00:00.000Z,7,7,0,0,0
L799:T1:I3630,799,T1,2025-12-22T14:37:00.000Z,20,19,0,0,1
L800:T0,800,T0,2025-08-25T00:00:00.000Z,11,11,0,0,0
L800:T1:I3631,800,T1,2025-08-30T20:24:55.000Z,12,11,0,0,1
L800:T2:I3632,800,T2,2025-09-01T13:29:37.000Z,12,11,0,0,1
L800:T2:I3633,800,T2,2025-09-05T13:23:24.000Z,12,11,0,0,1
L800:T2:I3634,800,T2,2026-01-19T08:17:00.000Z,14,14,0,0,0
L801:T0,801,T0,2026-02-19T00:00:00.000Z,23,23,0,0,0
L801:T1:I3637,801,T1,2026-02-19T11:13:39.000Z,24,23,0,0,1
L801:T2:I3641,801,T2,2026-02-20T13:14:57.000Z,24,23,0,0,1
L801:T2:I3639,801,T2,2026-02-20T17:47:38.000Z,24,23,0,0,1
L801:T2:I3636,801,T2,2026-02-21T12:39:16.000Z,24,23,0,0,1
L801:T2:I3640,801,T2,2026-02-25T19:43:30.000Z,24,23,0,0,1
L801:T2:I3635,801,T2,2026-03-01T10:27:36.000Z,25,24,0,0,1
L801:T2:I3638,801,T2,2026-03-04T17:48:45.000Z,25,24,0,0,1
L802:T0,802,T0,2025-03-14T00:00:00.000Z,12,12,0,0,0
L802:T1:I3643,802,T1,2025-03-27T11:43:58.000Z,13,12,0,0,1
L802:T2:I3647,802,T2,2025-04-02T15:11:00.000Z,13,12,0,0,1
L802:T2:I3645,802,T2,2025-04-13T14:59:00.000Z,14,13,0,0,1
L802:T2:I3642,802,T2,2025-05-11T16:07:00.000Z,15,14,0,0,1
L802:T2:I3646,802,T2,2025-06-30T09:58:00.000Z,18,17,0,0,1
L802:T2:I3644,802,T2,2026-03-28T12:16:00.000Z,36,35,0,0,1
L802:T2:I3648,802,T2,2026-05-08T13:16:00.000Z,40,40,0,0,0
L803:T0,803,T0,2025-05-05T00:00:00.000Z,59,26,0,33,0
L803:T1:I3651,803,T1,2025-05-06T09:10:25.000Z,60,26,0,33,1
L803:T2:I3650,803,T2,2025-05-12T15:57:16.000Z,61,27,0,33,1
L803:T2:I3649,803,T2,2025-05-18T16:44:33.000Z,62,27,0,34,1
L803:T2:I3652,803,T2,2025-08-05T14:55:00.000Z,80,32,0,47,1
L804:T0,804,T0,2025-06-01T00:00:00.000Z,11,3,0,8,0
L804:T1:I3655,804,T1,2025-06-03T16:46:25.000Z,12,3,0,8,1
L804:T2:I3654,804,T2,2025-06-04T11:40:54.000Z,12,3,0,8,1
L804:T2:I3653,804,T2,2026-06-20T11:40:00.000Z,36,20,0,15,1
L805:T0,805,T0,2026-03-02T00:00:00.000Z,46,25,21,0,0
L805:T1:I3657,805,T1,2026-03-04T07:18:46.000Z,46,25,21,0,0
L805:T2:I3656,805,T2,2026-03-09T12:30:06.000Z,48,26,21,0,1
L805:T2:I3658,805,T2,2026-03-10T15:21:01.000Z,48,26,21,0,1
L805:T2:I3659,805,T2,2026-03-23T17:25:00.000Z,48,26,21,0,1
L806:T0,806,T0,2025-01-21T00:00:00.000Z,9,9,0,0,0
L806:T1:I3663,806,T1,2025-01-27T12:53:37.000Z,12,11,0,0,1
L806:T2:I3664,806,T2,2025-06-03T18:14:00.000Z,16,15,0,0,1
L806:T2:I3660,806,T2,2025-11-07T08:20:00.000Z,31,30,0,0,1
L806:T2:I3661,806,T2,2025-12-05T16:45:00.000Z,31,30,0,0,1
L806:T2:I3662,806,T2,2026-06-09T09:49:00.000Z,43,42,0,0,1
L807:T0,807,T0,2026-05-11T00:00:00.000Z,31,31,0,0,0
L807:T1:I3669,807,T1,2026-05-12T11:20:45.000Z,32,31,0,0,1
L807:T2:I3665,807,T2,2026-05-12T20:43:09.000Z,32,31,0,0,1
L807:T2:I3670,807,T2,2026-05-13T10:28:11.000Z,32,31,0,0,1
L807:T2:I3668,807,T2,2026-05-14T09:50:06.000Z,31,31,0,0,0
L807:T2:I3667,807,T2,2026-05-22T09:04:54.000Z,32,31,0,0,1
L807:T2:I3666,807,T2,2026-05-23T15:42:36.000Z,32,31,0,0,1
L808:T0,808,T0,2025-10-16T00:00:00.000Z,28,28,0,0,0
L808:T1:I3673,808,T1,2025-10-19T15:51:26.000Z,29,29,0,0,0
L808:T2:I3672,808,T2,2025-10-22T15:02:05.000Z,30,29,0,0,1
L808:T2:I3674,808,T2,2025-10-23T17:57:28.000Z,30,29,0,0,1
L808:T2:I3675,808,T2,2025-10-24T17:01:23.000Z,30,29,0,0,1
L808:T2:I3671,808,T2,2025-10-25T12:12:37.000Z,29,29,0,0,0
L808:T2:I3677,808,T2,2025-10-28T15:08:44.000Z,30,29,0,0,1
L808:T2:I3676,808,T2,2026-06-16T18:10:00.000Z,38,37,0,0,1
L809:T0,809,T0,2025-01-27T00:00:00.000Z,12,12,0,0,0
L809:T1:I3678,809,T1,2025-01-28T08:16:41.000Z,13,12,0,0,1
L809:T2:I3680,809,T2,2025-04-16T17:01:00.000Z,17,17,0,0,0
L809:T2:I3679,809,T2,2025-06-18T19:51:00.000Z,20,19,0,0,1
L809:T2:I3681,809,T2,2025-12-30T12:29:00.000Z,33,32,0,0,1
L810:T0,810,T0,2026-05-29T00:00:00.000Z,67,38,29,0,0
L810:T1:I3684,810,T1,2026-06-05T18:34:36.000Z,68,38,29,0,1
L810:T2:I3682,810,T2,2026-06-07T17:16:53.000Z,68,38,29,0,1
L810:T2:I3683,810,T2,2026-06-11T14:44:12.000Z,68,38,29,0,1
L811:T0,811,T0,2025-06-02T00:00:00.000Z,9,9,0,0,0
L811:T1:I3687,811,T1,2025-06-04T09:55:20.000Z,10,9,0,0,1
L811:T2:I3688,811,T2,2025-06-04T12:21:56.000Z,10,9,0,0,1
L811:T2:I3686,811,T2,2025-06-11T10:29:51.000Z,10,9,0,0,1
L811:T2:I3685,811,T2,2025-06-11T18:56:09.000Z,10,9,0,0,1
L812:T0,812,T0,2025-01-01T00:00:00.000Z,8,8,0,0,0
L812:T1:I3691,812,T1,2025-04-13T12:20:00.000Z,19,18,0,0,1
L812:T2:I3690,812,T2,2025-12-11T08:55:00.000Z,33,32,0,0,1
L812:T2:I3689,812,T2,2026-03-06T20:33:00.000Z,40,39,0,0,1
L813:T0,813,T0,2026-02-02T00:00:00.000Z,26,26,0,0,0
L813:T1:I3694,813,T1,2026-02-06T11:27:03.000Z,27,26,0,0,1
L813:T2:I3696,813,T2,2026-02-07T13:18:52.000Z,27,26,0,0,1
L813:T2:I3692,813,T2,2026-02-09T13:25:15.000Z,27,26,0,0,1
L813:T2:I3697,813,T2,2026-02-11T07:07:53.000Z,27,26,0,0,1
L813:T2:I3695,813,T2,2026-03-01T13:57:00.000Z,28,27,0,0,1
L813:T2:I3693,813,T2,2026-05-07T07:47:00.000Z,31,30,0,0,1
L814:T0,814,T0,2025-11-14T00:00:00.000Z,27,13,0,14,0
L814:T1:I3698,814,T1,2025-11-15T13:09:25.000Z,28,13,0,14,1
L814:T2:I3699,814,T2,2025-11-17T20:49:15.000Z,28,13,0,14,1
L814:T2:I3703,814,T2,2025-11-19T11:18:18.000Z,28,13,0,14,1
L814:T2:I3701,814,T2,2025-11-21T08:53:48.000Z,28,13,0,14,1
L814:T2:I3702,814,T2,2025-12-26T10:14:00.000Z,32,15,0,16,1
L814:T2:I3704,814,T2,2026-06-04T09:57:00.000Z,39,18,0,20,1
L814:T2:I3700,814,T2,2026-06-20T14:14:00.000Z,39,18,0,20,1
L815:T0,815,T0,2025-11-05T00:00:00.000Z,25,25,0,0,0
L815:T1:I3705,815,T1,2025-11-06T20:37:39.000Z,26,25,0,0,1
L815:T2:I3708,815,T2,2025-11-13T18:42:27.000Z,26,26,0,0,0
L815:T2:I3707,815,T2,2025-11-17T14:07:47.000Z,27,26,0,0,1
L815:T2:I3706,815,T2,2026-03-23T10:02:00.000Z,32,31,0,0,1
L816:T0,816,T0,2025-06-13T00:00:00.000Z,18,18,0,0,0
L816:T1:I3713,816,T1,2025-06-13T14:18:06.000Z,19,18,0,0,1
L816:T2:I3709,816,T2,2025-06-15T09:03:51.000Z,19,18,0,0,1
L816:T2:I3712,816,T2,2025-06-17T19:28:28.000Z,19,18,0,0,1
L816:T2:I3711,816,T2,2026-04-20T17:34:00.000Z,36,35,0,0,1
L816:T2:I3710,816,T2,2026-05-27T10:15:00.000Z,37,36,0,0,1
L817:T0,817,T0,2025-10-09T00:00:00.000Z,16,16,0,0,0
L817:T1:I3714,817,T1,2025-10-13T18:00:42.000Z,17,16,0,0,1
L817:T2:I3716,817,T2,2025-10-19T09:52:06.000Z,17,16,0,0,1
L817:T2:I3715,817,T2,2026-04-04T14:54:00.000Z,22,21,0,0,1
L818:T0,818,T0,2025-11-25T00:00:00.000Z,73,34,0,39,0
L818:T1:I3718,818,T1,2025-11-27T10:19:55.000Z,74,34,0,39,1
L818:T2:I3717,818,T2,2025-11-28T16:39:36.000Z,74,34,0,39,1
L818:T2:I3720,818,T2,2025-12-06T10:49:31.000Z,74,34,0,39,1
L818:T2:I3719,818,T2,2026-05-07T08:28:00.000Z,94,41,0,52,1
L819:T0,819,T0,2025-09-12T00:00:00.000Z,33,11,22,0,0
L819:T1:I3726,819,T1,2025-09-15T12:51:13.000Z,33,11,22,0,0
L819:T2:I3721,819,T2,2025-09-17T07:56:22.000Z,34,11,22,0,1
L819:T2:I3725,819,T2,2025-09-18T17:27:34.000Z,34,11,22,0,1
L819:T2:I3722,819,T2,2025-09-20T19:37:19.000Z,34,11,22,0,1
L819:T2:I3723,819,T2,2025-09-22T12:25:24.000Z,34,11,22,0,1
L819:T2:I3728,819,T2,2025-09-23T15:12:55.000Z,34,11,22,0,1
L819:T2:I3724,819,T2,2025-09-25T14:46:31.000Z,35,12,22,0,1
L819:T2:I3727,819,T2,2025-10-30T07:51:00.000Z,39,15,23,0,1
L820:T0,820,T0,2025-06-25T00:00:00.000Z,16,16,0,0,0
L820:T1:I3732,820,T1,2025-07-06T20:53:04.000Z,17,17,0,0,0
L820:T2:I3729,820,T2,2025-07-08T10:12:14.000Z,17,17,0,0,0
L820:T2:I3731,820,T2,2025-07-08T19:42:36.000Z,18,17,0,0,1
L820:T2:I3730,820,T2,2026-05-13T10:08:00.000Z,34,33,0,0,1
L821:T0,821,T0,2026-06-08T00:00:00.000Z,21,21,0,0,0
L821:T1:I3735,821,T1,2026-06-08T14:51:00.000Z,22,21,0,0,1
L821:T2:I3734,821,T2,2026-06-11T17:07:07.000Z,22,21,0,0,1
L821:T2:I3733,821,T2,2026-06-17T11:14:35.000Z,22,21,0,0,1
L822:T0,822,T0,2025-09-16T00:00:00.000Z,26,26,0,0,0
L822:T1:I3737,822,T1,2025-09-21T11:47:00.000Z,27,26,0,0,1
L822:T2:I3736,822,T2,2025-09-21T12:58:08.000Z,27,26,0,0,1
L823:T0,823,T0,2026-03-02T00:00:00.000Z,19,19,0,0,0
L823:T1:I3742,823,T1,2026-03-04T13:09:46.000Z,20,19,0,0,1
L823:T2:I3741,823,T2,2026-03-10T15:42:56.000Z,20,19,0,0,1
L823:T2:I3738,823,T2,2026-03-11T10:24:01.000Z,20,19,0,0,1
L823:T2:I3740,823,T2,2026-03-11T16:21:21.000Z,20,19,0,0,1
L823:T2:I3739,823,T2,2026-04-28T08:07:00.000Z,24,23,0,0,1
L824:T0,824,T0,2025-07-08T00:00:00.000Z,11,11,0,0,0
L824:T1:I3743,824,T1,2026-06-03T12:22:00.000Z,26,25,0,0,1
L825:T0,825,T0,2025-10-29T00:00:00.000Z,71,22,0,49,0
L825:T1:I3744,825,T1,2025-10-31T19:53:39.000Z,73,23,0,49,1
L825:T2:I3745,825,T2,2025-11-07T12:28:24.000Z,74,23,0,51,0
L825:T2:I3747,825,T2,2026-01-12T14:36:00.000Z,87,27,0,59,1
L825:T2:I3746,825,T2,2026-02-14T07:49:00.000Z,93,29,0,63,1
L826:T0,826,T0,2025-09-24T00:00:00.000Z,17,17,0,0,0
L826:T1:I3748,826,T1,2025-10-03T14:20:17.000Z,18,17,0,0,1
L827:T0,827,T0,2025-06-28T00:00:00.000Z,26,0,14,12,0
L827:T1:I3750,827,T1,2025-06-28T09:09:09.000Z,27,0,14,12,1
L827:T2:I3751,827,T2,2025-07-02T18:24:03.000Z,26,0,14,12,0
L827:T2:I3752,827,T2,2025-11-18T07:03:00.000Z,39,0,18,20,1
L827:T2:I3749,827,T2,2026-01-20T17:13:00.000Z,45,0,22,22,1
L828:T0,828,T0,2026-06-07T00:00:00.000Z,27,27,0,0,0
L828:T1:I3754,828,T1,2026-06-07T16:00:21.000Z,28,27,0,0,1
L828:T2:I3753,828,T2,2026-06-16T10:31:13.000Z,28,27,0,0,1
L829:T0,829,T0,2025-01-13T00:00:00.000Z,25,7,0,18,0
L829:T1:I3757,829,T1,2025-01-18T10:04:50.000Z,29,9,0,19,1
L829:T2:I3756,829,T2,2025-01-26T14:21:04.000Z,32,10,0,21,1
L829:T2:I3755,829,T2,2026-04-26T13:23:00.000Z,92,32,0,59,1
L830:T0,830,T0,2025-08-31T00:00:00.000Z,21,21,0,0,0
L830:T1:I3762,830,T1,2025-09-11T10:21:41.000Z,22,21,0,0,1
L830:T2:I3761,830,T2,2025-10-07T18:31:00.000Z,24,23,0,0,1
L830:T2:I3759,830,T2,2026-01-14T07:44:00.000Z,32,31,0,0,1
L830:T2:I3763,830,T2,2026-03-11T17:47:00.000Z,36,35,0,0,1
L830:T2:I3758,830,T2,2026-03-16T10:32:00.000Z,36,35,0,0,1
L830:T2:I3760,830,T2,2026-06-11T07:25:00.000Z,44,43,0,0,1
L831:T0,831,T0,2026-01-06T00:00:00.000Z,43,19,24,0,0
L831:T1:I3764,831,T1,2026-01-08T17:18:03.000Z,43,19,24,0,0
L831:T2:I3765,831,T2,2026-01-17T18:45:51.000Z,44,19,24,0,1
L832:T0,832,T0,2025-04-19T00:00:00.000Z,41,12,0,29,0
L832:T1:I3767,832,T1,2025-06-02T17:20:00.000Z,47,13,0,33,1
L832:T2:I3768,832,T2,2025-09-12T14:28:00.000Z,66,18,0,47,1
L832:T2:I3766,832,T2,2026-05-01T08:34:00.000Z,105,33,0,72,0
L833:T0,833,T0,2025-03-26T00:00:00.000Z,6,6,0,0,0
L833:T1:I3774,833,T1,2025-03-26T10:37:32.000Z,7,6,0,0,1
L833:T2:I3769,833,T2,2025-03-29T14:09:30.000Z,7,6,0,0,1
L833:T2:I3772,833,T2,2025-06-05T17:42:00.000Z,9,8,0,0,1
L833:T2:I3773,833,T2,2025-07-30T12:32:00.000Z,12,11,0,0,1
L833:T2:I3771,833,T2,2026-02-02T16:54:00.000Z,17,16,0,0,1
L833:T2:I3770,833,T2,2026-02-06T14:22:00.000Z,17,16,0,0,1
L834:T0,834,T0,2025-08-06T00:00:00.000Z,13,13,0,0,0
L834:T1:I3779,834,T1,2025-08-11T09:43:10.000Z,14,13,0,0,1
L834:T2:I3775,834,T2,2025-08-11T10:11:52.000Z,14,13,0,0,1
L834:T2:I3776,834,T2,2025-08-13T13:43:49.000Z,14,13,0,0,1
L834:T2:I3780,834,T2,2025-08-14T12:33:34.000Z,14,13,0,0,1
L834:T2:I3781,834,T2,2025-08-14T12:52:11.000Z,14,13,0,0,1
L834:T2:I3778,834,T2,2025-08-17T12:44:23.000Z,14,13,0,0,1
L834:T2:I3777,834,T2,2025-08-18T19:42:24.000Z,14,13,0,0,1
L834:T2:I3782,834,T2,2025-08-19T13:37:26.000Z,14,13,0,0,1
L835:T0,835,T0,2025-03-27T00:00:00.000Z,15,15,0,0,0
L835:T1:I3786,835,T1,2025-04-04T10:20:22.000Z,16,15,0,0,1
L835:T2:I3787,835,T2,2025-08-02T08:53:00.000Z,20,19,0,0,1
L835:T2:I3788,835,T2,2025-08-14T11:10:00.000Z,20,19,0,0,1
L835:T2:I3784,835,T2,2026-03-26T11:49:00.000Z,34,33,0,0,1
L835:T2:I3783,835,T2,2026-04-23T10:03:00.000Z,36,35,0,0,1
L835:T2:I3785,835,T2,2026-06-04T14:07:00.000Z,39,38,0,0,1
L836:T0,836,T0,2025-04-08T00:00:00.000Z,6,6,0,0,0
L836:T1:I3790,836,T1,2025-04-08T10:03:30.000Z,7,6,0,0,1
L836:T2:I3789,836,T2,2025-04-21T10:19:03.000Z,8,7,0,0,1
L836:T2:I3792,836,T2,2025-04-23T13:19:00.000Z,8,7,0,0,1
L836:T2:I3791,836,T2,2026-04-27T18:43:00.000Z,22,21,0,0,1
L836:T2:I3793,836,T2,2026-05-10T18:53:00.000Z,23,22,0,0,1
L837:T0,837,T0,2025-02-27T00:00:00.000Z,17,12,5,0,0
L837:T1:I3794,837,T1,2025-03-01T10:58:36.000Z,18,12,5,0,1
L837:T2:I3798,837,T2,2025-03-05T19:26:45.000Z,18,12,5,0,1
L837:T2:I3801,837,T2,2025-03-12T09:17:27.000Z,18,12,5,0,1
L837:T2:I3795,837,T2,2025-04-09T11:46:00.000Z,19,13,5,0,1
L837:T2:I3796,837,T2,2025-04-26T09:17:00.000Z,22,15,6,0,1
L837:T2:I3800,837,T2,2025-10-25T18:02:00.000Z,38,22,15,0,1
L837:T2:I3799,837,T2,2025-12-21T16:13:00.000Z,41,24,16,0,1
L837:T2:I3797,837,T2,2026-03-07T08:49:00.000Z,50,29,20,0,1
L838:T0,838,T0,2026-06-18T00:00:00.000Z,51,20,0,31,0
L838:T1:I3805,838,T1,2026-06-19T17:50:33.000Z,52,20,0,31,1
L838:T2:I3802,838,T2,2026-06-28T13:53:56.000Z,53,21,0,31,1
L838:T2:I3803,838,T2,2026-06-29T11:22:48.000Z,53,21,0,31,1
L838:T2:I3804,838,T2,2026-06-29T19:44:47.000Z,53,21,0,31,1
L838:T2:I3806,838,T2,2026-07-01T19:30:01.000Z,53,21,0,31,1
L839:T0,839,T0,2026-04-27T00:00:00.000Z,26,26,0,0,0
L839:T1:I3810,839,T1,2026-04-27T20:29:42.000Z,27,26,0,0,1
L839:T2:I3808,839,T2,2026-04-29T12:56:38.000Z,27,26,0,0,1
L839:T2:I3809,839,T2,2026-05-04T11:20:47.000Z,27,26,0,0,1
L839:T2:I3811,839,T2,2026-05-04T17:00:40.000Z,27,26,0,0,1
L839:T2:I3807,839,T2,2026-05-08T20:43:05.000Z,27,26,0,0,1
L840:T0,840,T0,2025-12-06T00:00:00.000Z,36,36,0,0,0
L840:T1:I3812,840,T1,2025-12-07T16:29:01.000Z,37,36,0,0,1
L840:T2:I3814,840,T2,2025-12-16T14:50:14.000Z,37,37,0,0,0
L840:T2:I3813,840,T2,2026-05-02T17:31:00.000Z,44,43,0,0,1
L841:T0,841,T0,2025-11-12T00:00:00.000Z,28,28,0,0,0
L841:T1:I3815,841,T1,2025-11-18T14:05:05.000Z,29,28,0,0,1
L841:T2:I3819,841,T2,2025-11-22T08:06:46.000Z,29,28,0,0,1
L841:T2:I3816,841,T2,2025-11-24T10:06:55.000Z,29,28,0,0,1
L841:T2:I3817,841,T2,2026-06-12T07:31:00.000Z,38,37,0,0,1
L841:T2:I3818,841,T2,2026-06-20T09:26:00.000Z,38,37,0,0,1
L842:T0,842,T0,2025-07-17T00:00:00.000Z,51,21,0,30,0
L842:T1:I3821,842,T1,2025-07-26T08:21:19.000Z,52,21,0,30,1
L842:T2:I3820,842,T2,2025-12-05T13:43:00.000Z,70,26,0,43,1
L843:T0,843,T0,2026-03-16T00:00:00.000Z,32,32,0,0,0
L843:T1:I3823,843,T1,2026-03-21T09:33:36.000Z,34,33,0,0,1
L843:T2:I3824,843,T2,2026-03-22T10:20:37.000Z,34,33,0,0,1
L843:T2:I3825,843,T2,2026-03-24T18:24:02.000Z,34,33,0,0,1
L843:T2:I3822,843,T2,2026-03-28T11:34:36.000Z,34,33,0,0,1
L844:T0,844,T0,2025-06-24T00:00:00.000Z,29,14,0,15,0
L844:T1:I3827,844,T1,2025-06-28T13:10:01.000Z,29,14,0,15,0
L844:T2:I3829,844,T2,2025-06-28T14:17:23.000Z,30,14,0,15,1
L844:T2:I3830,844,T2,2025-10-30T12:45:00.000Z,38,19,0,18,1
L844:T2:I3826,844,T2,2026-03-16T18:18:00.000Z,50,26,0,24,0
L844:T2:I3831,844,T2,2026-04-07T12:11:00.000Z,52,28,0,24,0
L844:T2:I3828,844,T2,2026-05-24T18:10:00.000Z,59,31,0,28,0
L845:T0,845,T0,2025-01-09T00:00:00.000Z,6,6,0,0,0
L845:T1:I3832,845,T1,2025-01-18T18:04:51.000Z,8,7,0,0,1
L846:T0,846,T0,2025-04-18T00:00:00.000Z,37,15,0,22,0
L846:T1:I3837,846,T1,2025-04-18T10:29:01.000Z,38,15,0,22,1
L846:T2:I3836,846,T2,2025-04-20T14:35:10.000Z,38,15,0,22,1
L846:T2:I3834,846,T2,2025-04-24T11:18:53.000Z,40,16,0,23,1
L846:T2:I3833,846,T2,2025-04-26T20:46:02.000Z,40,16,0,23,1
L846:T2:I3835,846,T2,2026-05-07T09:55:00.000Z,90,30,0,59,1
L847:T0,847,T0,2025-09-17T00:00:00.000Z,59,21,0,38,0
L847:T1:I3839,847,T1,2025-09-20T15:28:46.000Z,60,21,0,38,1
L847:T2:I3838,847,T2,2025-09-29T12:11:21.000Z,61,21,0,39,1
L848:T0,848,T0,2025-12-19T00:00:00.000Z,42,15,0,27,0
L848:T1:I3841,848,T1,2025-12-19T08:53:43.000Z,43,15,0,27,1
L848:T2:I3842,848,T2,2025-12-28T19:25:22.000Z,43,15,0,27,1
L848:T2:I3844,848,T2,2025-12-31T07:46:44.000Z,44,16,0,27,1
L848:T2:I3843,848,T2,2026-02-13T16:37:00.000Z,46,18,0,27,1
L848:T2:I3840,848,T2,2026-06-20T17:05:00.000Z,60,26,0,33,1
L849:T0,849,T0,2025-12-07T00:00:00.000Z,14,14,0,0,0
L849:T1:I3845,849,T1,2025-12-16T20:32:54.000Z,15,14,0,0,1
L849:T2:I3846,849,T2,2025-12-20T14:09:51.000Z,15,14,0,0,1
L850:T0,850,T0,2025-08-03T00:00:00.000Z,8,8,0,0,0
L850:T1:I3847,850,T1,2025-08-09T09:15:36.000Z,10,9,0,0,1
L851:T0,851,T0,2026-05-15T00:00:00.000Z,37,37,0,0,0
L851:T1:I3848,851,T1,2026-05-22T09:58:03.000Z,38,37,0,0,1
L852:T0,852,T0,2025-06-14T00:00:00.000Z,47,22,0,25,0
L852:T1:I3855,852,T1,2025-06-15T15:42:55.000Z,48,22,0,25,1
L852:T2:I3849,852,T2,2025-06-19T12:41:32.000Z,48,22,0,25,1
L852:T2:I3854,852,T2,2025-06-26T18:38:02.000Z,48,22,0,25,1
L852:T2:I3853,852,T2,2025-07-07T09:53:00.000Z,49,23,0,26,0
L852:T2:I3852,852,T2,2025-12-30T12:42:00.000Z,76,36,0,39,1
L852:T2:I3851,852,T2,2025-12-31T17:34:00.000Z,76,36,0,39,1
L852:T2:I3850,852,T2,2026-06-25T08:48:00.000Z,104,45,0,58,1
L853:T0,853,T0,2025-11-24T00:00:00.000Z,15,15,0,0,0
L853:T1:I3860,853,T1,2025-11-28T18:33:37.000Z,15,15,0,0,0
L853:T2:I3859,853,T2,2025-11-29T16:18:32.000Z,16,15,0,0,1
L853:T2:I3858,853,T2,2025-12-02T07:07:04.000Z,16,15,0,0,1
L853:T2:I3856,853,T2,2025-12-03T10:00:50.000Z,16,15,0,0,1
L853:T2:I3857,853,T2,2026-01-06T20:15:00.000Z,17,16,0,0,1
L853:T2:I3861,853,T2,2026-03-15T08:12:00.000Z,20,19,0,0,1
L854:T0,854,T0,2025-03-07T00:00:00.000Z,28,12,0,16,0
L854:T1:I3862,854,T1,2025-03-12T07:41:50.000Z,29,12,0,16,1
L854:T2:I3863,854,T2,2025-03-19T08:44:32.000Z,29,12,0,16,1
L855:T0,855,T0,2025-03-13T00:00:00.000Z,14,9,0,5,0
L855:T1:I3864,855,T1,2025-07-12T14:05:00.000Z,22,14,0,7,1
L856:T0,856,T0,2026-05-12T00:00:00.000Z,18,18,0,0,0
L856:T1:I3866,856,T1,2026-05-14T13:20:57.000Z,19,18,0,0,1
L856:T2:I3865,856,T2,2026-05-15T09:00:43.000Z,19,18,0,0,1
L856:T2:I3868,856,T2,2026-05-19T10:35:24.000Z,19,18,0,0,1
L856:T2:I3867,856,T2,2026-05-19T18:51:21.000Z,19,18,0,0,1
L856:T2:I3869,856,T2,2026-06-05T08:18:00.000Z,19,18,0,0,1
L857:T0,857,T0,2026-01-23T00:00:00.000Z,44,20,24,0,0
L857:T1:I3870,857,T1,2026-01-31T12:26:53.000Z,45,20,24,0,1
L858:T0,858,T0,2025-12-31T00:00:00.000Z,26,26,0,0,0
L858:T1:I3871,858,T1,2026-01-08T17:52:17.000Z,27,26,0,0,1
L858:T2:I3872,858,T2,2026-04-17T16:55:00.000Z,31,31,0,0,0
L859:T0,859,T0,2025-07-14T00:00:00.000Z,35,20,0,15,0
L859:T1:I3875,859,T1,2025-07-16T19:01:56.000Z,36,20,0,15,1
L859:T2:I3873,859,T2,2025-07-20T11:30:04.000Z,35,20,0,15,0
L859:T2:I3874,859,T2,2025-07-26T11:26:17.000Z,36,20,0,15,1
L860:T0,860,T0,2026-02-12T00:00:00.000Z,11,11,0,0,0
L860:T1:I3876,860,T1,2026-02-13T16:02:31.000Z,12,11,0,0,1
L860:T2:I3880,860,T2,2026-02-16T13:39:28.000Z,12,11,0,0,1
L860:T2:I3881,860,T2,2026-02-18T19:06:41.000Z,12,11,0,0,1
L860:T2:I3879,860,T2,2026-02-19T11:35:18.000Z,12,11,0,0,1
L860:T2:I3878,860,T2,2026-02-23T10:52:58.000Z,12,11,0,0,1
L860:T2:I3877,860,T2,2026-05-11T18:29:00.000Z,13,12,0,0,1
L861:T0,861,T0,2025-05-13T00:00:00.000Z,44,11,0,33,0
L861:T1:I3885,861,T1,2025-05-17T14:11:47.000Z,46,12,0,33,1
L861:T2:I3886,861,T2,2025-05-25T11:30:33.000Z,46,12,0,33,1
L861:T2:I3883,861,T2,2025-10-11T15:01:00.000Z,70,22,0,47,1
L861:T2:I3884,861,T2,2026-01-03T07:51:00.000Z,87,27,0,59,1
L861:T2:I3882,861,T2,2026-01-14T15:44:00.000Z,88,27,0,60,1
L862:T0,862,T0,2025-12-10T00:00:00.000Z,22,10,12,0,0
L862:T1:I3889,862,T1,2025-12-11T11:50:24.000Z,23,10,12,0,1
L862:T2:I3887,862,T2,2025-12-15T14:16:15.000Z,22,10,12,0,0
L862:T2:I3888,862,T2,2025-12-18T16:57:43.000Z,24,10,13,0,1
L862:T2:I3890,862,T2,2025-12-20T08:48:47.000Z,24,10,13,0,1
L862:T2:I3891,862,T2,2026-04-11T15:38:00.000Z,28,12,15,0,1
L863:T0,863,T0,2026-04-09T00:00:00.000Z,64,31,0,33,0
L863:T1:I3893,863,T1,2026-04-18T19:21:47.000Z,66,32,0,33,1
L863:T2:I3892,863,T2,2026-04-22T09:49:01.000Z,67,33,0,33,1
L863:T2:I3894,863,T2,2026-06-01T11:52:00.000Z,70,36,0,33,1
L864:T0,864,T0,2026-03-16T00:00:00.000Z,17,17,0,0,0
L864:T1:I3901,864,T1,2026-03-16T10:57:55.000Z,18,17,0,0,1
L864:T2:I3899,864,T2,2026-03-26T09:50:21.000Z,18,17,0,0,1
L864:T2:I3896,864,T2,2026-03-27T15:40:19.000Z,18,17,0,0,1
L864:T2:I3902,864,T2,2026-03-28T17:20:51.000Z,18,18,0,0,0
L864:T2:I3900,864,T2,2026-03-28T19:48:59.000Z,19,18,0,0,1
L864:T2:I3897,864,T2,2026-03-28T20:05:22.000Z,19,18,0,0,1
L864:T2:I3895,864,T2,2026-04-19T07:26:00.000Z,21,20,0,0,1
L864:T2:I3898,864,T2,2026-06-04T18:18:00.000Z,24,24,0,0,0
L865:T0,865,T0,2025-11-02T00:00:00.000Z,39,16,0,23,0
L865:T1:I3903,865,T1,2025-11-02T16:22:05.000Z,40,16,0,23,1
L865:T2:I3904,865,T2,2025-11-06T10:21:10.000Z,39,16,0,23,0
L865:T2:I3905,865,T2,2025-11-10T18:45:49.000Z,41,16,0,24,1
L866:T0,866,T0,2025-07-01T00:00:00.000Z,29,0,13,16,0
L866:T1:I3907,866,T1,2025-07-05T10:54:02.000Z,30,0,13,16,1
L866:T2:I3911,866,T2,2025-07-05T17:50:04.000Z,30,0,13,16,1
L866:T2:I3906,866,T2,2025-07-08T10:31:07.000Z,30,0,13,16,1
L866:T2:I3908,866,T2,2026-02-10T08:55:00.000Z,51,0,20,30,1
L866:T2:I3909,866,T2,2026-02-15T13:35:00.000Z,51,0,20,30,1
L866:T2:I3910,866,T2,2026-04-22T09:38:00.000Z,59,0,25,33,1
L866:T2:I3912,866,T2,2026-06-09T12:40:00.000Z,64,0,26,37,1
L867:T0,867,T0,2025-09-26T00:00:00.000Z,48,24,0,24,0
L867:T1:I3913,867,T1,2025-10-05T20:19:58.000Z,50,24,0,25,1
L867:T2:I3915,867,T2,2025-10-08T15:14:51.000Z,51,25,0,25,1
L867:T2:I3916,867,T2,2026-03-20T18:47:00.000Z,67,37,0,29,1
L867:T2:I3914,867,T2,2026-06-14T10:49:00.000Z,80,45,0,34,1
L868:T0,868,T0,2026-06-26T00:00:00.000Z,68,39,29,0,0
L868:T1:I3917,868,T1,2026-07-07T09:21:21.000Z,68,39,29,0,0
L869:T0,869,T0,2026-04-05T00:00:00.000Z,72,39,0,33,0
L869:T1:I3919,869,T1,2026-04-06T09:24:57.000Z,73,39,0,33,1
L869:T2:I3918,869,T2,2026-04-12T19:54:39.000Z,73,39,0,33,1
L870:T0,870,T0,2025-01-31T00:00:00.000Z,7,7,0,0,0
L870:T1:I3923,870,T1,2025-02-06T20:15:28.000Z,8,7,0,0,1
L870:T2:I3921,870,T2,2025-09-12T17:46:00.000Z,13,12,0,0,1
L870:T2:I3924,870,T2,2025-09-26T18:56:00.000Z,13,12,0,0,1
L870:T2:I3925,870,T2,2026-02-02T11:15:00.000Z,15,14,0,0,1
L870:T2:I3920,870,T2,2026-03-24T08:24:00.000Z,16,15,0,0,1
L870:T2:I3922,870,T2,2026-04-12T07:14:00.000Z,17,16,0,0,1
L871:T0,871,T0,2026-05-29T00:00:00.000Z,73,38,0,35,0
L871:T1:I3930,871,T1,2026-05-30T12:07:52.000Z,74,38,0,35,1
L871:T2:I3927,871,T2,2026-06-03T11:48:12.000Z,75,38,0,36,1
L871:T2:I3928,871,T2,2026-06-04T09:50:24.000Z,75,38,0,36,1
L871:T2:I3929,871,T2,2026-06-04T11:34:18.000Z,75,38,0,36,1
L871:T2:I3926,871,T2,2026-06-09T08:32:09.000Z,76,40,0,36,0
L872:T0,872,T0,2026-05-31T00:00:00.000Z,38,18,0,20,0
L872:T1:I3931,872,T1,2026-06-04T10:05:49.000Z,39,18,0,20,1
L872:T2:I3932,872,T2,2026-06-06T09:41:39.000Z,39,18,0,20,1
L872:T2:I3933,872,T2,2026-06-11T19:45:51.000Z,38,18,0,20,0
L873:T0,873,T0,2025-12-15T00:00:00.000Z,49,27,22,0,0
L873:T1:I3934,873,T1,2025-12-15T08:42:15.000Z,50,27,22,0,1
L873:T2:I3935,873,T2,2026-05-12T11:29:00.000Z,66,38,28,0,0
L874:T0,874,T0,2025-10-24T00:00:00.000Z,43,22,0,21,0
L874:T1:I3936,874,T1,2025-10-28T11:33:54.000Z,45,23,0,21,1
L874:T2:I3938,874,T2,2026-04-04T08:41:00.000Z,62,32,0,29,1
L874:T2:I3937,874,T2,2026-05-08T20:54:00.000Z,64,33,0,30,1
L875:T0,875,T0,2026-04-07T00:00:00.000Z,9,9,0,0,0
L875:T1:I3941,875,T1,2026-04-08T14:19:21.000Z,10,9,0,0,1
L875:T2:I3939,875,T2,2026-04-11T08:26:19.000Z,10,10,0,0,0
L875:T2:I3940,875,T2,2026-06-29T14:35:00.000Z,12,11,0,0,1
L876:T0,876,T0,2025-06-30T00:00:00.000Z,12,12,0,0,0
L876:T1:I3943,876,T1,2025-06-30T10:07:47.000Z,13,12,0,0,1
L876:T2:I3944,876,T2,2025-07-08T08:47:39.000Z,13,12,0,0,1
L876:T2:I3946,876,T2,2025-07-08T11:30:31.000Z,13,12,0,0,1
L876:T2:I3947,876,T2,2025-07-13T11:15:32.000Z,12,12,0,0,0
L876:T2:I3942,876,T2,2025-12-22T20:49:00.000Z,21,20,0,0,1
L876:T2:I3945,876,T2,2026-05-28T19:53:00.000Z,31,30,0,0,1
L877:T0,877,T0,2025-08-19T00:00:00.000Z,19,19,0,0,0
L877:T1:I3948,877,T1,2025-08-20T08:02:55.000Z,20,19,0,0,1
L877:T2:I3950,877,T2,2025-08-22T12:42:31.000Z,19,19,0,0,0
L877:T2:I3949,877,T2,2025-08-22T15:20:54.000Z,20,19,0,0,1
L877:T2:I3951,877,T2,2025-08-24T07:57:32.000Z,20,19,0,0,1
L877:T2:I3952,877,T2,2025-08-26T16:02:00.000Z,20,19,0,0,1
L877:T2:I3953,877,T2,2025-09-01T08:07:20.000Z,20,19,0,0,1
L878:T0,878,T0,2025-06-15T00:00:00.000Z,28,14,14,0,0
L878:T1:I3957,878,T1,2025-06-20T11:01:24.000Z,29,14,14,0,1
L878:T2:I3959,878,T2,2025-06-23T07:50:57.000Z,30,14,15,0,1
L878:T2:I3955,878,T2,2025-06-25T20:05:58.000Z,30,14,15,0,1
L878:T2:I3961,878,T2,2025-06-26T15:54:39.000Z,30,14,15,0,1
L878:T2:I3956,878,T2,2025-06-27T20:45:18.000Z,30,14,15,0,1
L878:T2:I3960,878,T2,2025-08-28T07:32:00.000Z,34,17,16,0,1
L878:T2:I3954,878,T2,2025-09-02T12:16:00.000Z,34,17,16,0,1
L878:T2:I3958,878,T2,2025-09-11T16:10:00.000Z,34,17,16,0,1
L879:T0,879,T0,2026-05-09T00:00:00.000Z,43,20,0,23,0
L879:T1:I3963,879,T1,2026-05-11T11:02:07.000Z,44,20,0,23,1
L879:T2:I3962,879,T2,2026-05-14T08:27:42.000Z,44,20,0,23,1
L879:T2:I3964,879,T2,2026-05-14T20:03:49.000Z,43,20,0,23,0
L880:T0,880,T0,2025-11-18T00:00:00.000Z,40,24,0,16,0
L880:T1:I3965,880,T1,2025-11-25T07:41:36.000Z,41,24,0,16,1
L880:T2:I3967,880,T2,2025-11-27T07:32:21.000Z,41,24,0,16,1
L880:T2:I3966,880,T2,2025-11-30T07:19:40.000Z,41,24,0,16,1
L881:T0,881,T0,2026-01-28T00:00:00.000Z,59,34,0,25,0
L881:T1:I3974,881,T1,2026-01-28T16:14:24.000Z,60,34,0,25,1
L881:T2:I3970,881,T2,2026-01-29T20:57:54.000Z,60,34,0,25,1
L881:T2:I3969,881,T2,2026-02-04T12:25:02.000Z,59,34,0,25,0
L881:T2:I3968,881,T2,2026-02-04T17:54:35.000Z,60,34,0,25,1
L881:T2:I3975,881,T2,2026-02-05T14:44:37.000Z,60,34,0,25,1
L881:T2:I3972,881,T2,2026-03-03T11:38:00.000Z,65,35,0,29,1
L881:T2:I3971,881,T2,2026-05-07T18:17:00.000Z,73,41,0,31,1
L881:T2:I3973,881,T2,2026-05-12T16:49:00.000Z,74,42,0,31,1
L882:T0,882,T0,2025-01-29T00:00:00.000Z,10,10,0,0,0
L882:T1:I3978,882,T1,2025-08-16T13:11:00.000Z,21,20,0,0,1
L882:T2:I3977,882,T2,2026-02-27T12:21:00.000Z,30,29,0,0,1
L882:T2:I3976,882,T2,2026-04-17T13:29:00.000Z,32,31,0,0,1
L883:T0,883,T0,2026-05-13T00:00:00.000Z,89,31,0,58,0
L883:T1:I3980,883,T1,2026-05-15T17:54:48.000Z,90,31,0,58,1
L883:T2:I3979,883,T2,2026-05-23T12:43:37.000Z,90,31,0,58,1
L884:T0,884,T0,2025-12-01T00:00:00.000Z,40,24,0,16,0
L884:T1:I3982,884,T1,2025-12-10T15:57:02.000Z,40,24,0,16,0
L884:T2:I3981,884,T2,2025-12-11T17:07:44.000Z,40,24,0,16,0
L885:T0,885,T0,2026-04-17T00:00:00.000Z,21,21,0,0,0
L885:T1:I3985,885,T1,2026-04-18T07:11:52.000Z,21,21,0,0,0
L885:T2:I3983,885,T2,2026-04-19T09:16:29.000Z,22,21,0,0,1
L885:T2:I3984,885,T2,2026-04-28T09:06:54.000Z,22,21,0,0,1
L886:T0,886,T0,2025-02-12T00:00:00.000Z,9,9,0,0,0
L886:T1:I3989,886,T1,2025-02-12T10:20:00.000Z,10,9,0,0,1
L886:T2:I3987,886,T2,2025-05-22T13:15:00.000Z,17,16,0,0,1
L886:T2:I3988,886,T2,2025-06-07T08:57:00.000Z,19,19,0,0,0
L886:T2:I3986,886,T2,2025-06-20T12:45:00.000Z,20,19,0,0,1
L886:T2:I3991,886,T2,2025-06-22T08:37:00.000Z,20,19,0,0,1
L886:T2:I3990,886,T2,2025-07-14T16:52:00.000Z,21,20,0,0,1
L887:T0,887,T0,2025-07-14T00:00:00.000Z,12,12,0,0,0
L887:T1:I3992,887,T1,2025-07-18T15:24:03.000Z,13,12,0,0,1
L887:T2:I3993,887,T2,2025-07-20T19:12:57.000Z,14,13,0,0,1
L888:T0,888,T0,2025-11-21T00:00:00.000Z,88,35,0,53,0
L888:T1:I3996,888,T1,2025-11-21T17:09:02.000Z,89,35,0,53,1
L888:T2:I3998,888,T2,2025-11-25T15:05:47.000Z,89,35,0,53,1
L888:T2:I4000,888,T2,2025-11-27T16:38:43.000Z,89,35,0,53,1
L888:T2:I3995,888,T2,2025-11-29T12:48:27.000Z,90,36,0,53,1
L888:T2:I3999,888,T2,2025-11-30T11:46:58.000Z,90,36,0,53,1
L888:T2:I3997,888,T2,2025-12-03T10:06:14.000Z,90,36,0,53,1
L888:T2:I3994,888,T2,2026-03-09T12:17:00.000Z,105,43,0,61,1
L889:T0,889,T0,2026-04-28T00:00:00.000Z,20,20,0,0,0
L889:T1:I4003,889,T1,2026-04-29T11:31:30.000Z,21,20,0,0,1
L889:T2:I4001,889,T2,2026-05-08T16:43:50.000Z,21,20,0,0,1
L889:T2:I4004,889,T2,2026-06-10T17:37:00.000Z,21,20,0,0,1
L889:T2:I4002,889,T2,2026-06-29T17:40:00.000Z,23,23,0,0,0
L890:T0,890,T0,2026-05-16T00:00:00.000Z,33,33,0,0,0
L890:T1:I4005,890,T1,2026-05-19T15:09:00.000Z,34,33,0,0,1
L891:T0,891,T0,2025-10-24T00:00:00.000Z,16,16,0,0,0
L891:T1:I4010,891,T1,2025-10-28T07:15:42.000Z,17,16,0,0,1
L891:T2:I4011,891,T2,2025-11-04T10:32:15.000Z,17,16,0,0,1
L891:T2:I4007,891,T2,2025-11-15T18:16:00.000Z,17,16,0,0,1
L891:T2:I4006,891,T2,2026-02-17T09:25:00.000Z,20,19,0,0,1
L891:T2:I4009,891,T2,2026-04-22T09:06:00.000Z,23,22,0,0,1
L891:T2:I4008,891,T2,2026-06-05T10:11:00.000Z,25,24,0,0,1
L892:T0,892,T0,2025-09-16T00:00:00.000Z,39,21,0,18,0
L892:T1:I4014,892,T1,2025-09-24T08:35:37.000Z,40,21,0,18,1
L892:T2:I4012,892,T2,2025-09-29T11:58:26.000Z,40,21,0,18,1
L892:T2:I4013,892,T2,2026-05-08T09:41:00.000Z,64,33,0,30,1
L893:T0,893,T0,2026-03-11T00:00:00.000Z,65,36,0,29,0
L893:T1:I4019,893,T1,2026-03-11T19:46:04.000Z,66,36,0,29,1
L893:T2:I4022,893,T2,2026-03-12T18:05:17.000Z,66,36,0,29,1
L893:T2:I4018,893,T2,2026-03-13T14:34:53.000Z,66,36,0,29,1
L893:T2:I4017,893,T2,2026-03-16T20:32:40.000Z,66,36,0,29,1
L893:T2:I4016,893,T2,2026-03-17T08:54:11.000Z,66,36,0,29,1
L893:T2:I4020,893,T2,2026-03-21T08:50:03.000Z,67,37,0,29,1
L893:T2:I4015,893,T2,2026-03-22T07:09:19.000Z,67,37,0,29,1
L893:T2:I4021,893,T2,2026-06-28T13:42:00.000Z,83,48,0,35,0
L894:T0,894,T0,2026-02-02T00:00:00.000Z,106,33,0,73,0
L894:T1:I4028,894,T1,2026-02-02T17:50:58.000Z,107,33,0,73,1
L894:T2:I4025,894,T2,2026-02-03T11:49:34.000Z,107,33,0,73,1
L894:T2:I4030,894,T2,2026-02-06T07:03:10.000Z,108,33,0,74,1
L894:T2:I4026,894,T2,2026-02-06T12:35:48.000Z,108,33,0,74,1
L894:T2:I4027,894,T2,2026-02-06T17:46:02.000Z,108,33,0,74,1
L894:T2:I4024,894,T2,2026-02-10T20:29:17.000Z,108,33,0,74,1
L894:T2:I4029,894,T2,2026-02-11T18:50:45.000Z,109,33,0,75,1
L894:T2:I4023,894,T2,2026-02-14T11:29:49.000Z,108,33,0,75,0
L895:T0,895,T0,2026-01-23T00:00:00.000Z,20,20,0,0,0
L895:T1:I4031,895,T1,2026-03-23T11:45:00.000Z,25,24,0,0,1
L896:T0,896,T0,2025-01-08T00:00:00.000Z,18,0,7,11,0
L896:T1:I4034,896,T1,2025-01-18T14:39:17.000Z,20,0,8,12,0
L896:T2:I4037,896,T2,2025-01-24T14:46:00.000Z,22,0,8,13,1
L896:T2:I4036,896,T2,2025-02-04T18:44:00.000Z,24,0,8,15,1
L896:T2:I4032,896,T2,2025-03-02T15:42:00.000Z,24,0,8,15,1
L896:T2:I4035,896,T2,2026-01-21T07:09:00.000Z,44,0,19,24,1
L896:T2:I4033,896,T2,2026-03-10T17:01:00.000Z,47,0,22,24,1
L897:T0,897,T0,2026-05-20T00:00:00.000Z,63,37,0,26,0
L897:T1:I4038,897,T1,2026-05-20T15:07:24.000Z,64,37,0,26,1
L898:T0,898,T0,2025-01-20T00:00:00.000Z,15,9,0,6,0
L898:T1:I4045,898,T1,2025-01-21T10:56:10.000Z,16,9,0,6,1
L898:T2:I4041,898,T2,2025-01-24T08:42:23.000Z,16,9,0,6,1
L898:T2:I4042,898,T2,2025-01-24T20:16:07.000Z,16,9,0,6,1
L898:T2:I4046,898,T2,2025-01-29T20:23:41.000Z,16,9,0,6,1
L898:T2:I4044,898,T2,2025-05-13T20:03:00.000Z,28,13,0,14,1
L898:T2:I4040,898,T2,2025-05-25T16:40:00.000Z,28,13,0,14,1
L898:T2:I4043,898,T2,2025-09-26T18:19:00.000Z,34,17,0,16,1
L898:T2:I4039,898,T2,2025-10-04T08:10:00.000Z,34,17,0,16,1
L899:T0,899,T0,2026-01-20T00:00:00.000Z,21,21,0,0,0
L899:T1:I4049,899,T1,2026-01-21T08:58:26.000Z,21,21,0,0,0
L899:T2:I4047,899,T2,2026-01-29T15:48:03.000Z,22,21,0,0,1
L899:T2:I4048,899,T2,2026-01-30T13:54:09.000Z,22,21,0,0,1
L900:T0,900,T0,2025-12-28T00:00:00.000Z,56,30,0,26,0
L900:T1:I4050,900,T1,2026-01-02T19:12:20.000Z,56,30,0,26,0
L901:T0,901,T0,2026-01-29T00:00:00.000Z,46,19,0,27,0
L901:T1:I4052,901,T1,2026-02-05T09:43:55.000Z,48,21,0,27,0
L901:T2:I4053,901,T2,2026-02-09T16:12:59.000Z,50,22,0,27,1
L901:T2:I4051,901,T2,2026-02-11T12:07:36.000Z,50,22,0,27,1
L901:T2:I4054,901,T2,2026-04-15T11:28:00.000Z,56,24,0,31,1
L901:T2:I4055,901,T2,2026-04-29T08:21:00.000Z,57,24,0,32,1
L902:T0,902,T0,2026-05-22T00:00:00.000Z,24,24,0,0,0
L902:T1:I4058,902,T1,2026-05-25T12:40:05.000Z,25,24,0,0,1
L902:T2:I4059,902,T2,2026-05-29T14:05:14.000Z,25,24,0,0,1
L902:T2:I4057,902,T2,2026-05-29T15:17:59.000Z,25,24,0,0,1
L902:T2:I4056,902,T2,2026-06-02T07:56:52.000Z,25,24,0,0,1
L902:T2:I4060,902,T2,2026-06-04T08:40:50.000Z,25,24,0,0,1
L903:T0,903,T0,2026-06-29T00:00:00.000Z,30,30,0,0,0
L903:T1:I4061,903,T1,2026-07-04T14:47:33.000Z,31,30,0,0,1
L904:T0,904,T0,2025-03-12T00:00:00.000Z,4,4,0,0,0
L904:T1:I4063,904,T1,2025-03-12T15:21:21.000Z,5,4,0,0,1
L904:T2:I4065,904,T2,2025-06-24T20:41:00.000Z,11,10,0,0,1
L904:T2:I4064,904,T2,2025-07-10T16:43:00.000Z,12,11,0,0,1
L904:T2:I4066,904,T2,2025-10-19T12:51:00.000Z,15,14,0,0,1
L904:T2:I4062,904,T2,2025-12-08T18:49:00.000Z,15,14,0,0,1
L904:T2:I4067,904,T2,2026-04-02T15:59:00.000Z,17,16,0,0,1
L905:T0,905,T0,2026-04-20T00:00:00.000Z,50,27,23,0,0
L905:T1:I4070,905,T1,2026-04-22T14:25:58.000Z,51,27,23,0,1
L905:T2:I4071,905,T2,2026-04-22T19:33:30.000Z,51,27,23,0,1
L905:T2:I4068,905,T2,2026-04-28T13:16:55.000Z,51,27,23,0,1
L905:T2:I4069,905,T2,2026-05-01T14:56:47.000Z,51,27,23,0,1
L906:T0,906,T0,2025-11-07T00:00:00.000Z,88,26,0,62,0
L906:T1:I4073,906,T1,2025-11-14T20:31:00.000Z,89,26,0,62,1
L906:T2:I4074,906,T2,2026-01-14T08:52:00.000Z,102,31,0,70,1
L906:T2:I4072,906,T2,2026-02-15T19:34:00.000Z,104,32,0,71,1
L907:T0,907,T0,2025-12-01T00:00:00.000Z,54,24,0,30,0
L907:T1:I4077,907,T1,2025-12-02T17:30:04.000Z,55,24,0,30,1
L907:T2:I4076,907,T2,2025-12-09T14:17:53.000Z,55,24,0,30,1
L907:T2:I4075,907,T2,2026-01-19T10:25:00.000Z,59,26,0,32,1
L907:T2:I4078,907,T2,2026-05-07T17:59:00.000Z,72,34,0,37,1
L908:T0,908,T0,2026-06-24T00:00:00.000Z,92,40,0,52,0
L908:T1:I4081,908,T1,2026-06-27T16:01:13.000Z,93,40,0,52,1
L908:T2:I4079,908,T2,2026-07-03T17:52:52.000Z,93,40,0,52,1
L908:T2:I4080,908,T2,2026-07-03T19:48:03.000Z,93,40,0,52,1
L908:T2:I4082,908,T2,2026-07-06T18:00:27.000Z,92,40,0,52,0
L909:T0,909,T0,2026-02-13T00:00:00.000Z,56,27,0,29,0
L909:T1:I4085,909,T1,2026-02-15T19:38:35.000Z,57,27,0,29,1
L909:T2:I4084,909,T2,2026-02-22T09:30:33.000Z,58,28,0,29,1
L909:T2:I4083,909,T2,2026-02-23T10:55:43.000Z,58,28,0,29,1
L909:T2:I4086,909,T2,2026-03-17T12:36:00.000Z,60,29,0,30,1
L909:T2:I4087,909,T2,2026-06-09T12:22:00.000Z,70,36,0,33,1
L910:T0,910,T0,2026-05-22T00:00:00.000Z,55,24,0,31,0
L910:T1:I4088,910,T1,2026-05-25T20:46:19.000Z,56,24,0,31,1
L910:T2:I4090,910,T2,2026-05-29T15:33:01.000Z,56,24,0,31,1
L910:T2:I4091,910,T2,2026-06-04T12:59:54.000Z,56,24,0,31,1
