prediction_key,lead_id,stage,score_time,n_candidates,n_corridor,n_municipality,n_state,n_observed_override
L4520:T2:I20483,4520,T2,2025-09-19T19:37:01.000Z,87,33,0,53,1
L4520:T2:I20481,4520,T2,2025-09-20T13:26:03.000Z,87,33,0,53,1
L4520:T2:I20480,4520,T2,2026-05-19T12:50:00.000Z,142,52,0,89,1
L4521:T0,4521,T0,2026-01-30T00:00:00.000Z,57,30,0,27,0
L4521:T1:I20486,4521,T1,2026-02-03T12:39:50.000Z,59,31,0,27,1
L4521:T2:I20485,4521,T2,2026-02-05T12:53:20.000Z,59,31,0,27,1
L4521:T2:I20484,4521,T2,2026-02-09T11:12:15.000Z,59,32,0,27,0
L4522:T0,4522,T0,2025-02-13T00:00:00.000Z,9,9,0,0,0
L4522:T1:I20489,4522,T1,2025-02-17T13:16:02.000Z,10,9,0,0,1
L4522:T2:I20487,4522,T2,2025-02-26T18:57:25.000Z,11,10,0,0,1
L4522:T2:I20491,4522,T2,2025-07-06T09:21:00.000Z,12,11,0,0,1
L4522:T2:I20492,4522,T2,2025-08-03T13:53:00.000Z,14,13,0,0,1
L4522:T2:I20490,4522,T2,2025-10-08T13:02:00.000Z,15,14,0,0,1
L4522:T2:I20488,4522,T2,2026-01-20T10:35:00.000Z,17,16,0,0,1
L4523:T0,4523,T0,2026-04-17T00:00:00.000Z,83,47,0,36,0
L4523:T1:I20498,4523,T1,2026-04-17T16:14:15.000Z,83,47,0,36,0
L4523:T2:I20496,4523,T2,2026-04-17T17:14:20.000Z,84,47,0,36,1
L4523:T2:I20497,4523,T2,2026-04-18T11:32:36.000Z,84,47,0,36,1
L4523:T2:I20494,4523,T2,2026-04-20T07:57:05.000Z,84,47,0,36,1
L4523:T2:I20499,4523,T2,2026-04-20T11:20:19.000Z,84,47,0,36,1
L4523:T2:I20495,4523,T2,2026-04-24T14:37:10.000Z,84,47,0,36,1
L4523:T2:I20493,4523,T2,2026-04-29T10:49:14.000Z,84,47,0,36,1
L4524:T0,4524,T0,2025-04-15T00:00:00.000Z,20,20,0,0,0
L4524:T1:I20501,4524,T1,2025-04-24T18:49:07.000Z,22,21,0,0,1
L4524:T2:I20504,4524,T2,2025-04-24T18:53:48.000Z,22,21,0,0,1
L4524:T2:I20502,4524,T2,2025-04-27T07:26:21.000Z,21,21,0,0,0
L4524:T2:I20500,4524,T2,2025-08-28T19:49:00.000Z,28,27,0,0,1
L4524:T2:I20503,4524,T2,2026-01-02T19:22:00.000Z,36,35,0,0,1
L4525:T0,4525,T0,2025-09-15T00:00:00.000Z,16,16,0,0,0
L4525:T1:I20511,4525,T1,2025-09-16T09:39:13.000Z,17,16,0,0,1
L4525:T2:I20505,4525,T2,2025-09-16T19:23:01.000Z,17,16,0,0,1
L4525:T2:I20506,4525,T2,2025-09-17T07:27:09.000Z,17,16,0,0,1
L4525:T2:I20509,4525,T2,2025-09-19T08:23:00.000Z,16,16,0,0,0
L4525:T2:I20508,4525,T2,2025-09-19T15:19:55.000Z,17,16,0,0,1
L4525:T2:I20512,4525,T2,2025-09-28T19:12:17.000Z,17,17,0,0,0
L4525:T2:I20507,4525,T2,2025-11-10T09:12:00.000Z,20,19,0,0,1
L4525:T2:I20510,4525,T2,2026-02-21T09:30:00.000Z,23,22,0,0,1
L4526:T0,4526,T0,2025-08-02T00:00:00.000Z,35,20,0,15,0
L4526:T1:I20513,4526,T1,2026-03-06T14:42:00.000Z,60,30,0,29,1
L4527:T0,4527,T0,2026-06-10T00:00:00.000Z,29,29,0,0,0
L4527:T1:I20517,4527,T1,2026-06-13T14:28:21.000Z,30,29,0,0,1
L4527:T2:I20516,4527,T2,2026-06-15T07:30:18.000Z,30,29,0,0,1
L4527:T2:I20514,4527,T2,2026-06-15T18:38:16.000Z,29,29,0,0,0
L4527:T2:I20515,4527,T2,2026-06-18T13:33:40.000Z,31,30,0,0,1
L4528:T0,4528,T0,2025-10-02T00:00:00.000Z,11,11,0,0,0
L4528:T1:I20520,4528,T1,2025-10-03T11:06:37.000Z,12,11,0,0,1
L4528:T2:I20519,4528,T2,2025-10-08T14:31:29.000Z,12,11,0,0,1
L4528:T2:I20518,4528,T2,2025-10-14T16:12:24.000Z,11,11,0,0,0
L4528:T2:I20521,4528,T2,2025-10-18T18:40:00.000Z,12,11,0,0,1
L4529:T0,4529,T0,2025-05-06T00:00:00.000Z,15,15,0,0,0
L4529:T1:I20523,4529,T1,2025-05-13T17:53:10.000Z,16,15,0,0,1
L4529:T2:I20527,4529,T2,2025-05-15T12:40:00.000Z,16,15,0,0,1
L4529:T2:I20528,4529,T2,2025-05-16T20:32:13.000Z,16,15,0,0,1
L4529:T2:I20529,4529,T2,2025-08-01T13:24:00.000Z,19,19,0,0,0
L4529:T2:I20522,4529,T2,2025-09-29T19:09:00.000Z,24,23,0,0,1
L4529:T2:I20524,4529,T2,2026-04-12T15:00:00.000Z,27,26,0,0,1
L4529:T2:I20526,4529,T2,2026-05-13T17:20:00.000Z,28,27,0,0,1
L4529:T2:I20525,4529,T2,2026-06-03T19:47:00.000Z,28,27,0,0,1
L4530:T0,4530,T0,2026-03-31T00:00:00.000Z,76,41,0,35,0
L4530:T1:I20530,4530,T1,2026-04-10T19:02:21.000Z,77,41,0,35,1
L4531:T0,4531,T0,2026-03-04T00:00:00.000Z,21,21,0,0,0
L4531:T1:I20531,4531,T1,2026-03-04T09:36:38.000Z,22,21,0,0,1
L4531:T2:I20533,4531,T2,2026-03-04T20:21:17.000Z,22,21,0,0,1
L4531:T2:I20532,4531,T2,2026-03-09T13:27:08.000Z,22,21,0,0,1
L4531:T2:I20534,4531,T2,2026-03-12T09:26:28.000Z,22,21,0,0,1
L4532:T0,4532,T0,2026-04-10T00:00:00.000Z,62,33,0,29,0
L4532:T1:I20535,4532,T1,2026-04-20T09:42:03.000Z,63,33,0,29,1
L4533:T0,4533,T0,2025-12-13T00:00:00.000Z,69,26,0,43,0
L4533:T1:I20540,4533,T1,2025-12-21T17:46:29.000Z,71,27,0,43,1
L4533:T2:I20539,4533,T2,2025-12-25T20:21:13.000Z,72,27,0,44,1
L4533:T2:I20541,4533,T2,2025-12-26T07:46:03.000Z,72,27,0,44,1
L4533:T2:I20542,4533,T2,2026-02-27T10:35:00.000Z,82,31,0,50,1
L4533:T2:I20537,4533,T2,2026-03-10T15:59:00.000Z,84,31,0,52,1
L4533:T2:I20536,4533,T2,2026-03-28T13:04:00.000Z,86,32,0,54,0
L4533:T2:I20538,4533,T2,2026-06-09T20:20:00.000Z,99,36,0,62,1
L4534:T0,4534,T0,2025-09-15T00:00:00.000Z,20,20,0,0,0
L4534:T1:I20548,4534,T1,2025-09-16T09:10:59.000Z,21,20,0,0,1
L4534:T2:I20546,4534,T2,2025-09-24T14:57:25.000Z,21,20,0,0,1
L4534:T2:I20544,4534,T2,2025-09-27T17:10:19.000Z,21,20,0,0,1
L4534:T2:I20550,4534,T2,2025-11-26T14:31:00.000Z,22,21,0,0,1
L4534:T2:I20545,4534,T2,2026-01-24T13:07:00.000Z,24,23,0,0,1
L4534:T2:I20549,4534,T2,2026-03-10T09:31:00.000Z,27,26,0,0,1
L4534:T2:I20547,4534,T2,2026-04-20T11:07:00.000Z,27,26,0,0,1
L4534:T2:I20543,4534,T2,2026-06-24T20:41:00.000Z,35,34,0,0,1
L4535:T0,4535,T0,2026-06-30T00:00:00.000Z,14,14,0,0,0
L4535:T1:I20552,4535,T1,2026-07-04T14:22:07.000Z,15,14,0,0,1
L4535:T2:I20551,4535,T2,2026-07-09T09:51:18.000Z,15,14,0,0,1
L4536:T0,4536,T0,2026-02-16T00:00:00.000Z,49,22,0,27,0
L4536:T1:I20555,4536,T1,2026-02-19T20:15:09.000Z,49,22,0,27,0
L4536:T2:I20553,4536,T2,2026-02-28T19:35:42.000Z,50,22,0,28,0
L4536:T2:I20554,4536,T2,2026-03-01T18:40:47.000Z,51,22,0,28,1
L4537:T0,4537,T0,2026-04-10T00:00:00.000Z,20,0,20,0,0
L4537:T1:I20557,4537,T1,2026-04-10T20:39:20.000Z,21,0,20,0,1
L4537:T2:I20561,4537,T2,2026-04-12T19:59:08.000Z,22,0,21,0,1
L4537:T2:I20559,4537,T2,2026-04-16T09:39:04.000Z,21,0,21,0,0
L4537:T2:I20558,4537,T2,2026-04-19T15:38:54.000Z,22,0,21,0,1
L4537:T2:I20560,4537,T2,2026-04-19T16:32:32.000Z,22,0,21,0,1
L4537:T2:I20556,4537,T2,2026-04-20T09:05:29.000Z,22,0,21,0,1
L4538:T0,4538,T0,2026-06-14T00:00:00.000Z,37,37,0,0,0
L4538:T1:I20564,4538,T1,2026-06-14T10:01:14.000Z,38,37,0,0,1
L4538:T2:I20565,4538,T2,2026-06-15T14:00:15.000Z,38,37,0,0,1
L4538:T2:I20566,4538,T2,2026-06-17T10:12:53.000Z,38,37,0,0,1
L4538:T2:I20567,4538,T2,2026-06-22T16:22:59.000Z,38,37,0,0,1
L4538:T2:I20562,4538,T2,2026-06-24T07:12:34.000Z,38,37,0,0,1
L4538:T2:I20563,4538,T2,2026-06-27T09:30:05.000Z,38,37,0,0,1
L4539:T0,4539,T0,2026-06-24T00:00:00.000Z,32,32,0,0,0
L4539:T1:I20568,4539,T1,2026-06-24T09:07:28.000Z,33,32,0,0,1
L4539:T2:I20572,4539,T2,2026-06-25T10:48:08.000Z,33,32,0,0,1
L4539:T2:I20570,4539,T2,2026-06-29T09:33:01.000Z,33,32,0,0,1
L4539:T2:I20573,4539,T2,2026-07-02T13:01:39.000Z,33,32,0,0,1
L4539:T2:I20569,4539,T2,2026-07-02T15:39:49.000Z,33,32,0,0,1
L4539:T2:I20571,4539,T2,2026-07-04T20:05:38.000Z,33,32,0,0,1
L4539:T2:I20574,4539,T2,2026-07-05T16:29:39.000Z,33,32,0,0,1
L4540:T0,4540,T0,2025-03-26T00:00:00.000Z,26,8,0,18,0
L4540:T1:I20575,4540,T1,2025-12-09T15:36:00.000Z,59,21,0,38,0
L4541:T0,4541,T0,2026-01-14T00:00:00.000Z,101,28,0,73,0
L4541:T1:I20577,4541,T1,2026-01-25T17:38:06.000Z,102,28,0,73,1
L4541:T2:I20576,4541,T2,2026-01-27T07:24:35.000Z,101,28,0,73,0
L4542:T0,4542,T0,2026-04-10T00:00:00.000Z,49,27,22,0,0
L4542:T1:I20579,4542,T1,2026-04-11T09:54:13.000Z,50,27,22,0,1
L4542:T2:I20581,4542,T2,2026-04-12T14:56:31.000Z,50,27,22,0,1
L4542:T2:I20580,4542,T2,2026-04-16T15:38:15.000Z,50,27,22,0,1
L4542:T2:I20578,4542,T2,2026-04-22T20:11:21.000Z,51,27,23,0,1
L4543:T0,4543,T0,2025-11-10T00:00:00.000Z,15,15,0,0,0
L4543:T1:I20584,4543,T1,2025-11-10T13:14:34.000Z,15,15,0,0,0
L4543:T2:I20582,4543,T2,2025-11-20T09:50:22.000Z,16,15,0,0,1
L4543:T2:I20585,4543,T2,2026-01-06T12:53:00.000Z,17,16,0,0,1
L4543:T2:I20583,4543,T2,2026-04-22T19:19:00.000Z,20,19,0,0,1
L4543:T2:I20586,4543,T2,2026-05-22T18:50:00.000Z,22,21,0,0,1
L4544:T0,4544,T0,2026-06-16T00:00:00.000Z,65,35,0,30,0
L4544:T1:I20590,4544,T1,2026-06-16T14:41:15.000Z,66,35,0,30,1
L4544:T2:I20587,4544,T2,2026-06-16T20:05:10.000Z,66,35,0,30,1
L4544:T2:I20589,4544,T2,2026-06-19T10:50:10.000Z,66,35,0,30,1
L4544:T2:I20588,4544,T2,2026-06-27T10:48:43.000Z,66,35,0,30,1
L4545:T0,4545,T0,2025-09-01T00:00:00.000Z,31,16,0,15,0
L4545:T1:I20593,4545,T1,2025-09-05T16:03:55.000Z,32,16,0,15,1
L4545:T2:I20594,4545,T2,2025-09-07T20:21:48.000Z,31,16,0,15,0
L4545:T2:I20591,4545,T2,2025-09-11T20:10:39.000Z,33,16,0,16,1
L4545:T2:I20592,4545,T2,2025-10-11T08:39:00.000Z,36,18,0,17,1
L4546:T0,4546,T0,2026-05-08T00:00:00.000Z,18,18,0,0,0
L4546:T1:I20595,4546,T1,2026-05-08T15:29:12.000Z,19,18,0,0,1
L4547:T0,4547,T0,2025-08-23T00:00:00.000Z,16,16,0,0,0
L4547:T1:I20597,4547,T1,2025-08-29T17:37:15.000Z,17,16,0,0,1
L4547:T2:I20596,4547,T2,2025-08-30T15:09:43.000Z,16,16,0,0,0
L4548:T0,4548,T0,2025-12-04T00:00:00.000Z,31,31,0,0,0
L4548:T1:I20600,4548,T1,2025-12-05T13:09:59.000Z,32,31,0,0,1
L4548:T2:I20602,4548,T2,2025-12-09T13:50:29.000Z,32,31,0,0,1
L4548:T2:I20601,4548,T2,2025-12-10T17:51:28.000Z,33,32,0,0,1
L4548:T2:I20598,4548,T2,2025-12-14T14:42:26.000Z,33,32,0,0,1
L4548:T2:I20599,4548,T2,2025-12-19T18:04:00.000Z,33,32,0,0,1
L4549:T0,4549,T0,2026-01-27T00:00:00.000Z,18,18,0,0,0
L4549:T1:I20607,4549,T1,2026-01-30T10:10:45.000Z,19,18,0,0,1
L4549:T2:I20606,4549,T2,2026-01-30T12:40:25.000Z,19,18,0,0,1
L4549:T2:I20608,4549,T2,2026-01-31T07:52:00.000Z,19,18,0,0,1
L4549:T2:I20605,4549,T2,2026-01-31T11:04:37.000Z,18,18,0,0,0
L4549:T2:I20603,4549,T2,2026-02-02T10:24:52.000Z,19,18,0,0,1
L4549:T2:I20604,4549,T2,2026-02-13T19:36:00.000Z,19,18,0,0,1
L4550:T0,4550,T0,2026-06-16T00:00:00.000Z,46,46,0,0,0
L4550:T1:I20609,4550,T1,2026-06-16T10:14:03.000Z,47,46,0,0,1
L4550:T2:I20612,4550,T2,2026-06-16T10:27:27.000Z,47,46,0,0,1
L4550:T2:I20611,4550,T2,2026-06-16T10:41:34.000Z,47,46,0,0,1
L4550:T2:I20610,4550,T2,2026-06-16T13:11:52.000Z,47,46,0,0,1
L4551:T0,4551,T0,2025-03-25T00:00:00.000Z,10,10,0,0,0
L4551:T1:I20613,4551,T1,2026-03-27T10:51:00.000Z,20,19,0,0,1
L4552:T0,4552,T0,2026-06-27T00:00:00.000Z,32,32,0,0,0
L4552:T1:I20615,4552,T1,2026-06-29T08:34:55.000Z,33,32,0,0,1
L4552:T2:I20614,4552,T2,2026-06-29T17:14:49.000Z,33,32,0,0,1
L4553:T0,4553,T0,2025-05-28T00:00:00.000Z,19,19,0,0,0
L4553:T1:I20622,4553,T1,2025-05-28T17:37:51.000Z,20,19,0,0,1
L4553:T2:I20620,4553,T2,2025-06-07T12:54:43.000Z,23,23,0,0,0
L4553:T2:I20621,4553,T2,2025-07-10T14:38:00.000Z,26,25,0,0,1
L4553:T2:I20616,4553,T2,2025-12-29T15:04:00.000Z,36,35,0,0,1
L4553:T2:I20618,4553,T2,2026-02-05T12:40:00.000Z,38,37,0,0,1
L4553:T2:I20617,4553,T2,2026-04-01T19:17:00.000Z,43,42,0,0,1
L4553:T2:I20619,4553,T2,2026-06-18T08:53:00.000Z,49,48,0,0,1
L4554:T0,4554,T0,2025-11-12T00:00:00.000Z,88,35,0,53,0
L4554:T1:I20626,4554,T1,2025-11-14T15:16:09.000Z,89,35,0,53,1
L4554:T2:I20623,4554,T2,2025-11-18T07:48:48.000Z,89,35,0,53,1
L4554:T2:I20627,4554,T2,2025-11-19T07:24:10.000Z,89,35,0,53,1
L4554:T2:I20624,4554,T2,2025-11-19T09:24:53.000Z,89,35,0,53,1
L4554:T2:I20625,4554,T2,2025-11-20T20:35:12.000Z,89,35,0,53,1
L4555:T0,4555,T0,2025-08-26T00:00:00.000Z,52,29,0,23,0
L4555:T1:I20628,4555,T1,2025-12-06T18:29:00.000Z,72,36,0,35,1
L4556:T0,4556,T0,2025-01-08T00:00:00.000Z,37,15,0,22,0
L4556:T1:I20630,4556,T1,2025-02-23T10:37:00.000Z,46,19,0,26,1
L4556:T2:I20629,4556,T2,2025-07-23T09:05:00.000Z,81,32,0,48,1
L4556:T2:I20633,4556,T2,2025-09-26T17:29:00.000Z,96,37,0,58,1
L4556:T2:I20632,4556,T2,2025-11-25T16:37:00.000Z,116,46,0,69,1
L4556:T2:I20631,4556,T2,2026-01-16T17:40:00.000Z,130,54,0,75,1
L4557:T0,4557,T0,2026-04-08T00:00:00.000Z,24,24,0,0,0
L4557:T1:I20634,4557,T1,2026-04-08T17:40:51.000Z,25,24,0,0,1
L4557:T2:I20636,4557,T2,2026-04-08T20:23:42.000Z,25,24,0,0,1
L4557:T2:I20638,4557,T2,2026-04-14T07:03:41.000Z,28,27,0,0,1
L4557:T2:I20637,4557,T2,2026-04-14T09:53:57.000Z,28,27,0,0,1
L4557:T2:I20635,4557,T2,2026-04-18T08:49:35.000Z,28,27,0,0,1
L4558:T0,4558,T0,2025-04-25T00:00:00.000Z,23,0,5,18,0
L4558:T1:I20646,4558,T1,2025-04-25T10:18:22.000Z,24,0,5,18,1
L4558:T2:I20644,4558,T2,2025-04-26T10:45:26.000Z,24,0,5,18,1
L4558:T2:I20645,4558,T2,2025-04-26T13:32:10.000Z,24,0,5,18,1
L4558:T2:I20643,4558,T2,2025-05-04T15:53:41.000Z,24,0,5,18,1
L4558:T2:I20639,4558,T2,2025-07-07T12:40:00.000Z,28,0,5,22,1
L4558:T2:I20641,4558,T2,2025-09-24T19:47:00.000Z,42,0,10,31,1
L4558:T2:I20640,4558,T2,2026-04-05T19:46:00.000Z,54,0,15,39,0
L4558:T2:I20642,4558,T2,2026-05-08T10:36:00.000Z,59,0,18,40,1
L4559:T0,4559,T0,2025-01-11T00:00:00.000Z,18,13,0,5,0
L4559:T1:I20649,4559,T1,2025-01-17T10:46:21.000Z,19,13,0,5,1
L4559:T2:I20651,4559,T2,2025-01-18T09:40:04.000Z,19,13,0,5,1
L4559:T2:I20650,4559,T2,2025-01-19T07:09:08.000Z,19,13,0,5,1
L4559:T2:I20652,4559,T2,2025-01-19T10:28:48.000Z,19,13,0,5,1
L4559:T2:I20653,4559,T2,2025-01-23T16:11:50.000Z,21,14,0,6,1
L4559:T2:I20647,4559,T2,2025-09-17T18:04:00.000Z,50,29,0,20,1
L4559:T2:I20648,4559,T2,2025-12-15T17:41:00.000Z,63,35,0,27,1
L4560:T0,4560,T0,2025-05-16T00:00:00.000Z,19,19,0,0,0
L4560:T1:I20655,4560,T1,2025-05-22T15:44:21.000Z,20,19,0,0,1
L4560:T2:I20656,4560,T2,2025-06-19T12:08:00.000Z,20,19,0,0,1
L4560:T2:I20654,4560,T2,2025-10-11T11:05:00.000Z,26,25,0,0,1
L4561:T0,4561,T0,2025-04-04T00:00:00.000Z,14,14,0,0,0
L4561:T1:I20657,4561,T1,2025-05-18T16:00:00.000Z,16,15,0,0,1
L4562:T0,4562,T0,2025-10-22T00:00:00.000Z,19,19,0,0,0
L4562:T1:I20658,4562,T1,2025-10-28T16:26:53.000Z,21,20,0,0,1
L4562:T2:I20659,4562,T2,2025-11-01T17:09:57.000Z,21,20,0,0,1
L4562:T2:I20660,4562,T2,2026-04-15T13:55:00.000Z,26,25,0,0,1
L4563:T0,4563,T0,2026-04-13T00:00:00.000Z,15,15,0,0,0
L4563:T1:I20662,4563,T1,2026-04-21T15:00:18.000Z,16,15,0,0,1
L4563:T2:I20663,4563,T2,2026-04-23T16:24:48.000Z,16,15,0,0,1
L4563:T2:I20664,4563,T2,2026-04-25T08:44:51.000Z,16,15,0,0,1
L4563:T2:I20661,4563,T2,2026-05-02T11:52:00.000Z,16,15,0,0,1
L4564:T0,4564,T0,2025-06-05T00:00:00.000Z,64,21,0,43,0
L4564:T1:I20665,4564,T1,2025-06-08T15:19:35.000Z,66,21,0,44,1
L4564:T2:I20667,4564,T2,2025-06-16T16:22:32.000Z,69,22,0,46,1
L4564:T2:I20671,4564,T2,2025-06-18T08:51:53.000Z,70,22,0,47,1
L4564:T2:I20669,4564,T2,2025-07-04T15:07:00.000Z,73,24,0,49,0
L4564:T2:I20668,4564,T2,2025-07-19T08:23:00.000Z,77,25,0,52,0
L4564:T2:I20666,4564,T2,2025-07-26T16:26:00.000Z,79,25,0,53,1
L4564:T2:I20672,4564,T2,2026-04-08T16:52:00.000Z,135,42,0,93,0
L4564:T2:I20670,4564,T2,2026-04-23T08:49:00.000Z,139,43,0,95,1
L4565:T0,4565,T0,2025-10-06T00:00:00.000Z,33,16,0,17,0
L4565:T1:I20673,4565,T1,2025-10-07T13:31:26.000Z,34,16,0,17,1
L4566:T0,4566,T0,2025-06-26T00:00:00.000Z,10,10,0,0,0
L4566:T1:I20674,4566,T1,2025-07-05T18:23:15.000Z,11,10,0,0,1
L4566:T2:I20675,4566,T2,2025-08-26T18:42:00.000Z,15,15,0,0,0
L4567:T0,4567,T0,2025-08-09T00:00:00.000Z,6,6,0,0,0
L4567:T1:I20681,4567,T1,2025-08-09T19:52:15.000Z,7,6,0,0,1
L4567:T2:I20678,4567,T2,2025-08-16T18:30:18.000Z,7,6,0,0,1
L4567:T2:I20682,4567,T2,2025-08-19T10:25:28.000Z,7,6,0,0,1
L4567:T2:I20679,4567,T2,2025-08-21T15:13:18.000Z,7,6,0,0,1
L4567:T2:I20680,4567,T2,2026-01-03T08:00:00.000Z,14,13,0,0,1
L4567:T2:I20677,4567,T2,2026-04-03T11:21:00.000Z,17,16,0,0,1
L4567:T2:I20676,4567,T2,2026-06-02T09:54:00.000Z,18,17,0,0,1
L4568:T0,4568,T0,2025-04-25T00:00:00.000Z,25,14,0,11,0
L4568:T1:I20685,4568,T1,2025-04-26T20:49:49.000Z,26,14,0,11,1
L4568:T2:I20687,4568,T2,2025-05-08T14:24:57.000Z,27,14,0,12,1
L4568:T2:I20683,4568,T2,2026-03-08T14:59:00.000Z,49,24,0,24,1
L4568:T2:I20686,4568,T2,2026-05-12T17:26:00.000Z,58,28,0,29,1
L4568:T2:I20684,4568,T2,2026-06-11T07:31:00.000Z,61,29,0,31,1
L4569:T0,4569,T0,2025-01-21T00:00:00.000Z,11,3,0,8,0
L4569:T1:I20692,4569,T1,2025-01-30T13:45:30.000Z,12,3,0,8,1
L4569:T2:I20693,4569,T2,2025-06-26T07:12:00.000Z,28,9,0,18,1
L4569:T2:I20690,4569,T2,2025-07-24T16:05:00.000Z,29,10,0,18,1
L4569:T2:I20694,4569,T2,2025-08-12T18:19:00.000Z,31,10,0,20,1
L4569:T2:I20688,4569,T2,2025-09-12T10:38:00.000Z,33,11,0,21,1
L4569:T2:I20691,4569,T2,2025-12-24T20:16:00.000Z,35,13,0,21,1
L4569:T2:I20689,4569,T2,2026-01-12T13:43:00.000Z,35,13,0,21,1
L4570:T0,4570,T0,2025-04-07T00:00:00.000Z,16,9,0,7,0
L4570:T1:I20697,4570,T1,2025-04-11T14:55:10.000Z,17,9,0,7,1
L4570:T2:I20696,4570,T2,2025-04-16T15:42:16.000Z,17,9,0,7,1
L4570:T2:I20698,4570,T2,2025-04-17T18:11:16.000Z,17,9,0,7,1
L4570:T2:I20700,4570,T2,2025-04-19T18:57:00.000Z,17,9,0,7,1
L4570:T2:I20695,4570,T2,2025-07-01T19:44:00.000Z,22,14,0,7,1
L4570:T2:I20699,4570,T2,2026-01-11T13:41:00.000Z,28,17,0,10,1
L4571:T0,4571,T0,2025-11-15T00:00:00.000Z,21,9,12,0,0
L4571:T1:I20701,4571,T1,2025-11-24T18:57:04.000Z,23,10,12,0,1
L4571:T2:I20702,4571,T2,2025-11-28T19:50:10.000Z,23,10,12,0,1
L4572:T0,4572,T0,2025-07-18T00:00:00.000Z,35,20,0,15,0
L4572:T1:I20705,4572,T1,2025-07-21T07:58:44.000Z,36,20,0,15,1
L4572:T2:I20704,4572,T2,2025-07-28T17:24:19.000Z,36,20,0,15,1
L4572:T2:I20703,4572,T2,2025-12-23T10:35:00.000Z,53,27,0,25,1
L4573:T0,4573,T0,2026-01-01T00:00:00.000Z,61,19,0,42,0
L4573:T1:I20707,4573,T1,2026-01-01T20:14:40.000Z,61,19,0,42,0
L4573:T2:I20708,4573,T2,2026-01-13T12:59:18.000Z,64,19,0,44,1
L4573:T2:I20706,4573,T2,2026-01-13T14:05:50.000Z,64,19,0,44,1
L4573:T2:I20709,4573,T2,2026-05-14T09:44:00.000Z,79,23,0,55,1
L4574:T0,4574,T0,2025-06-28T00:00:00.000Z,32,0,20,12,0
L4574:T1:I20710,4574,T1,2025-07-07T15:21:34.000Z,35,0,20,15,0
L4575:T0,4575,T0,2025-03-12T00:00:00.000Z,17,8,9,0,0
L4575:T1:I20714,4575,T1,2025-03-23T18:11:28.000Z,18,8,9,0,1
L4575:T2:I20711,4575,T2,2025-06-22T14:05:00.000Z,22,10,11,0,1
L4575:T2:I20712,4575,T2,2025-07-17T16:16:00.000Z,22,10,11,0,1
L4575:T2:I20713,4575,T2,2026-02-28T08:42:00.000Z,32,13,18,0,1
L4576:T0,4576,T0,2025-08-02T00:00:00.000Z,19,19,0,0,0
L4576:T1:I20716,4576,T1,2025-08-08T10:58:33.000Z,19,19,0,0,0
L4576:T2:I20719,4576,T2,2025-08-21T16:46:00.000Z,21,20,0,0,1
L4576:T2:I20718,4576,T2,2025-12-27T12:32:00.000Z,27,26,0,0,1
L4576:T2:I20715,4576,T2,2026-01-04T16:21:00.000Z,27,26,0,0,1
L4576:T2:I20717,4576,T2,2026-05-05T11:17:00.000Z,32,31,0,0,1
L4577:T0,4577,T0,2025-12-26T00:00:00.000Z,53,25,0,28,0
L4577:T1:I20720,4577,T1,2025-12-30T17:16:51.000Z,54,26,0,28,0
L4578:T0,4578,T0,2025-04-30T00:00:00.000Z,25,9,0,16,0
L4578:T1:I20723,4578,T1,2025-05-03T11:36:51.000Z,26,9,0,16,1
L4578:T2:I20722,4578,T2,2025-12-21T20:30:00.000Z,53,25,0,27,1
L4578:T2:I20721,4578,T2,2026-03-21T15:16:00.000Z,61,29,0,32,0
L4579:T0,4579,T0,2026-06-05T00:00:00.000Z,74,36,0,38,0
L4579:T1:I20724,4579,T1,2026-06-08T19:05:24.000Z,77,36,0,40,1
L4580:T0,4580,T0,2026-03-23T00:00:00.000Z,21,21,0,0,0
L4580:T1:I20730,4580,T1,2026-03-23T08:03:24.000Z,22,21,0,0,1
L4580:T2:I20726,4580,T2,2026-03-23T15:50:14.000Z,22,21,0,0,1
L4580:T2:I20731,4580,T2,2026-03-26T14:24:06.000Z,22,21,0,0,1
L4580:T2:I20729,4580,T2,2026-04-01T09:36:38.000Z,23,22,0,0,1
L4580:T2:I20728,4580,T2,2026-04-01T12:09:41.000Z,23,22,0,0,1
L4580:T2:I20725,4580,T2,2026-04-03T10:19:27.000Z,23,22,0,0,1
L4580:T2:I20727,4580,T2,2026-04-05T12:51:18.000Z,24,23,0,0,1
L4581:T0,4581,T0,2025-10-27T00:00:00.000Z,37,19,0,18,0
L4581:T1:I20732,4581,T1,2025-11-02T16:07:12.000Z,38,19,0,18,1
L4581:T2:I20735,4581,T2,2025-11-03T12:18:00.000Z,38,19,0,18,1
L4581:T2:I20734,4581,T2,2025-11-04T20:39:23.000Z,38,19,0,18,1
L4581:T2:I20733,4581,T2,2025-11-05T15:19:39.000Z,38,19,0,18,1
L4581:T2:I20738,4581,T2,2025-11-09T13:32:58.000Z,38,19,0,18,1
L4581:T2:I20736,4581,T2,2025-12-11T09:22:00.000Z,41,21,0,19,1
L4581:T2:I20737,4581,T2,2026-03-16T08:50:00.000Z,51,26,0,24,1
L4582:T0,4582,T0,2026-05-10T00:00:00.000Z,37,37,0,0,0
L4582:T1:I20740,4582,T1,2026-05-13T12:43:55.000Z,38,37,0,0,1
L4582:T2:I20739,4582,T2,2026-05-13T19:14:39.000Z,37,37,0,0,0
L4583:T0,4583,T0,2025-05-03T00:00:00.000Z,26,12,0,14,0
L4583:T1:I20744,4583,T1,2025-05-07T15:10:39.000Z,27,12,0,14,1
L4583:T2:I20746,4583,T2,2025-05-07T15:31:33.000Z,27,12,0,14,1
L4583:T2:I20745,4583,T2,2025-12-02T09:31:00.000Z,40,20,0,19,1
L4583:T2:I20741,4583,T2,2026-02-19T15:30:00.000Z,47,23,0,23,1
L4583:T2:I20742,4583,T2,2026-05-18T10:07:00.000Z,58,29,0,28,1
L4583:T2:I20743,4583,T2,2026-05-27T07:39:00.000Z,60,31,0,28,1
L4584:T0,4584,T0,2026-04-11T00:00:00.000Z,21,21,0,0,0
L4584:T1:I20748,4584,T1,2026-04-22T13:45:15.000Z,23,22,0,0,1
L4584:T2:I20747,4584,T2,2026-04-22T18:00:55.000Z,23,22,0,0,1
L4585:T0,4585,T0,2026-02-25T00:00:00.000Z,46,0,22,24,0
L4585:T1:I20749,4585,T1,2026-02-28T13:07:05.000Z,47,0,22,24,1
L4585:T2:I20750,4585,T2,2026-03-03T16:00:35.000Z,47,0,22,24,1
L4586:T0,4586,T0,2026-02-18T00:00:00.000Z,38,38,0,0,0
L4586:T1:I20751,4586,T1,2026-02-19T08:53:34.000Z,39,38,0,0,1
L4586:T2:I20753,4586,T2,2026-02-24T12:31:52.000Z,40,39,0,0,1
L4586:T2:I20755,4586,T2,2026-02-25T10:31:15.000Z,40,39,0,0,1
L4586:T2:I20752,4586,T2,2026-02-26T19:54:19.000Z,40,39,0,0,1
L4586:T2:I20756,4586,T2,2026-02-28T09:38:00.000Z,40,39,0,0,1
L4586:T2:I20754,4586,T2,2026-03-15T11:59:00.000Z,42,41,0,0,1
L4586:T2:I20757,4586,T2,2026-04-12T11:03:00.000Z,44,43,0,0,1
L4587:T0,4587,T0,2025-03-23T00:00:00.000Z,8,8,0,0,0
L4587:T1:I20759,4587,T1,2025-03-29T20:04:35.000Z,9,8,0,0,1
L4587:T2:I20758,4587,T2,2025-04-18T13:22:00.000Z,9,9,0,0,0
L4587:T2:I20760,4587,T2,2025-10-29T13:19:00.000Z,18,17,0,0,1
L4587:T2:I20763,4587,T2,2026-01-21T12:48:00.000Z,20,19,0,0,1
L4587:T2:I20761,4587,T2,2026-04-10T08:22:00.000Z,29,28,0,0,1
L4587:T2:I20762,4587,T2,2026-05-01T18:22:00.000Z,29,28,0,0,1
L4588:T0,4588,T0,2026-01-26T00:00:00.000Z,50,30,0,20,0
L4588:T1:I20765,4588,T1,2026-02-05T17:55:53.000Z,51,30,0,20,1
L4588:T2:I20764,4588,T2,2026-05-01T15:58:00.000Z,59,34,0,25,0
L4589:T0,4589,T0,2025-04-18T00:00:00.000Z,28,15,0,13,0
L4589:T1:I20766,4589,T1,2025-04-30T12:14:07.000Z,29,15,0,14,0
L4589:T2:I20768,4589,T2,2025-04-30T18:52:29.000Z,30,15,0,14,1
L4589:T2:I20767,4589,T2,2025-10-02T11:18:00.000Z,49,24,0,24,1
L4589:T2:I20769,4589,T2,2025-11-18T07:21:00.000Z,55,29,0,26,0
L4590:T0,4590,T0,2026-01-22T00:00:00.000Z,87,23,0,64,0
L4590:T1:I20772,4590,T1,2026-01-28T13:11:16.000Z,89,23,0,65,1
L4590:T2:I20771,4590,T2,2026-02-03T16:00:05.000Z,89,23,0,65,1
L4590:T2:I20773,4590,T2,2026-02-04T13:32:07.000Z,90,24,0,65,1
L4590:T2:I20770,4590,T2,2026-03-20T13:14:00.000Z,100,29,0,70,1
L4591:T0,4591,T0,2026-02-10T00:00:00.000Z,55,32,23,0,0
L4591:T1:I20775,4591,T1,2026-02-10T18:43:53.000Z,56,32,23,0,1
L4591:T2:I20774,4591,T2,2026-02-20T20:35:04.000Z,56,32,23,0,1
L4591:T2:I20776,4591,T2,2026-03-11T17:07:00.000Z,61,36,25,0,0
L4592:T0,4592,T0,2025-07-05T00:00:00.000Z,11,11,0,0,0
L4592:T1:I20777,4592,T1,2025-07-10T09:53:00.000Z,11,11,0,0,0
L4592:T2:I20779,4592,T2,2025-07-12T12:52:09.000Z,12,11,0,0,1
L4592:T2:I20780,4592,T2,2025-07-12T19:56:34.000Z,12,11,0,0,1
L4592:T2:I20778,4592,T2,2025-08-01T08:49:00.000Z,14,13,0,0,1
L4593:T0,4593,T0,2026-04-20T00:00:00.000Z,24,24,0,0,0
L4593:T1:I20781,4593,T1,2026-04-21T08:38:16.000Z,25,24,0,0,1
L4594:T0,4594,T0,2025-02-14T00:00:00.000Z,16,16,0,0,0
L4594:T1:I20786,4594,T1,2025-02-18T08:37:06.000Z,18,17,0,0,1
L4594:T2:I20785,4594,T2,2025-02-19T12:22:25.000Z,18,17,0,0,1
L4594:T2:I20787,4594,T2,2025-07-12T16:58:00.000Z,26,25,0,0,1
L4594:T2:I20782,4594,T2,2025-07-26T16:16:00.000Z,27,26,0,0,1
L4594:T2:I20783,4594,T2,2026-01-24T09:48:00.000Z,36,35,0,0,1
L4594:T2:I20784,4594,T2,2026-04-06T09:30:00.000Z,38,37,0,0,1
L4595:T0,4595,T0,2025-06-19T00:00:00.000Z,23,14,0,9,0
L4595:T1:I20788,4595,T1,2025-06-23T15:27:58.000Z,24,14,0,9,1
L4595:T2:I20789,4595,T2,2025-06-23T20:02:21.000Z,24,14,0,9,1
L4595:T2:I20791,4595,T2,2025-06-24T19:56:03.000Z,25,15,0,9,1
L4595:T2:I20793,4595,T2,2025-07-01T15:53:39.000Z,26,15,0,10,1
L4595:T2:I20790,4595,T2,2025-07-14T14:55:00.000Z,27,15,0,11,1
L4595:T2:I20792,4595,T2,2026-02-05T14:01:00.000Z,41,18,0,22,1
L4596:T0,4596,T0,2026-01-23T00:00:00.000Z,29,13,0,16,0
L4596:T1:I20797,4596,T1,2026-01-27T12:37:33.000Z,30,13,0,16,1
L4596:T2:I20794,4596,T2,2026-01-29T12:18:36.000Z,30,13,0,16,1
L4596:T2:I20796,4596,T2,2026-02-05T08:01:23.000Z,30,13,0,16,1
L4596:T2:I20795,4596,T2,2026-02-05T09:54:07.000Z,30,13,0,16,1
L4596:T2:I20798,4596,T2,2026-02-05T19:58:43.000Z,30,13,0,16,1
L4597:T0,4597,T0,2025-10-29T00:00:00.000Z,16,16,0,0,0
L4597:T1:I20802,4597,T1,2025-10-31T07:33:53.000Z,17,16,0,0,1
L4597:T2:I20800,4597,T2,2025-11-01T08:39:12.000Z,17,16,0,0,1
L4597:T2:I20799,4597,T2,2025-11-02T16:15:23.000Z,17,16,0,0,1
L4597:T2:I20801,4597,T2,2025-11-03T20:10:09.000Z,17,16,0,0,1
L4597:T2:I20804,4597,T2,2025-11-10T13:02:13.000Z,16,16,0,0,0
L4597:T2:I20803,4597,T2,2026-02-15T18:07:00.000Z,20,19,0,0,1
L4598:T0,4598,T0,2026-03-26T00:00:00.000Z,73,20,0,53,0
L4598:T1:I20811,4598,T1,2026-03-26T09:54:44.000Z,74,20,0,53,1
L4598:T2:I20806,4598,T2,2026-03-27T10:54:20.000Z,74,20,0,53,1
L4598:T2:I20807,4598,T2,2026-03-29T10:04:33.000Z,73,20,0,53,0
L4598:T2:I20805,4598,T2,2026-03-29T12:40:20.000Z,74,20,0,53,1
L4598:T2:I20809,4598,T2,2026-03-29T20:19:31.000Z,74,20,0,53,1
L4598:T2:I20810,4598,T2,2026-04-02T07:06:43.000Z,74,20,0,53,1
L4598:T2:I20808,4598,T2,2026-04-03T19:17:36.000Z,74,20,0,53,1
L4599:T0,4599,T0,2025-11-04T00:00:00.000Z,64,19,0,45,0
L4599:T1:I20815,4599,T1,2025-11-06T08:13:01.000Z,66,19,0,46,1
L4599:T2:I20812,4599,T2,2025-11-08T18:16:59.000Z,66,19,0,46,1
L4599:T2:I20813,4599,T2,2025-11-10T07:51:15.000Z,66,19,0,46,1
L4599:T2:I20814,4599,T2,2025-11-14T20:02:27.000Z,67,19,0,47,1
L4599:T2:I20817,4599,T2,2026-05-04T08:06:00.000Z,93,30,0,62,1
L4599:T2:I20816,4599,T2,2026-05-30T08:10:00.000Z,98,31,0,67,0
L4600:T0,4600,T0,2025-12-16T00:00:00.000Z,59,32,0,27,0
L4600:T1:I20825,4600,T1,2025-12-20T10:06:24.000Z,60,32,0,27,1
L4600:T2:I20821,4600,T2,2025-12-21T10:54:49.000Z,60,32,0,27,1
L4600:T2:I20822,4600,T2,2025-12-21T17:05:58.000Z,60,32,0,27,1
L4600:T2:I20823,4600,T2,2025-12-26T10:02:12.000Z,60,32,0,27,1
L4600:T2:I20818,4600,T2,2025-12-27T10:24:04.000Z,60,32,0,27,1
L4600:T2:I20819,4600,T2,2026-03-12T16:00:00.000Z,69,37,0,31,1
L4600:T2:I20824,4600,T2,2026-05-03T08:10:00.000Z,74,39,0,34,1
L4600:T2:I20820,4600,T2,2026-06-07T12:14:00.000Z,75,39,0,36,0
L4601:T0,4601,T0,2026-02-09T00:00:00.000Z,66,37,0,29,0
L4601:T1:I20826,4601,T1,2026-02-13T18:48:12.000Z,66,37,0,29,0
L4602:T0,4602,T0,2026-05-25T00:00:00.000Z,16,16,0,0,0
L4602:T1:I20830,4602,T1,2026-05-31T08:16:42.000Z,17,16,0,0,1
L4602:T2:I20828,4602,T2,2026-06-02T20:19:30.000Z,17,16,0,0,1
L4602:T2:I20827,4602,T2,2026-06-03T20:44:27.000Z,17,16,0,0,1
L4602:T2:I20829,4602,T2,2026-06-07T17:36:19.000Z,17,16,0,0,1
L4603:T0,4603,T0,2025-04-02T00:00:00.000Z,16,0,9,7,0
L4603:T1:I20832,4603,T1,2025-04-05T13:48:23.000Z,17,0,9,7,1
L4603:T2:I20836,4603,T2,2025-04-06T07:00:10.000Z,17,0,9,7,1
L4603:T2:I20831,4603,T2,2025-04-07T19:04:52.000Z,17,0,9,7,1
L4603:T2:I20834,4603,T2,2025-04-08T14:38:48.000Z,16,0,9,7,0
L4603:T2:I20837,4603,T2,2025-06-06T09:55:00.000Z,22,0,14,7,1
L4603:T2:I20833,4603,T2,2025-09-25T17:12:00.000Z,26,0,16,9,1
L4603:T2:I20835,4603,T2,2025-10-05T17:04:00.000Z,26,0,16,9,1
L4604:T0,4604,T0,2026-01-20T00:00:00.000Z,75,21,0,54,0
L4604:T1:I20841,4604,T1,2026-01-22T16:27:31.000Z,75,21,0,54,0
L4604:T2:I20840,4604,T2,2026-01-24T20:09:45.000Z,76,21,0,54,1
L4604:T2:I20839,4604,T2,2026-01-28T12:23:06.000Z,76,22,0,54,0
L4604:T2:I20838,4604,T2,2026-01-31T20:30:24.000Z,78,23,0,54,1
L4605:T0,4605,T0,2025-02-13T00:00:00.000Z,19,9,0,10,0
L4605:T1:I20842,4605,T1,2025-02-23T17:18:34.000Z,19,9,0,10,0
L4605:T2:I20844,4605,T2,2025-02-24T18:08:41.000Z,20,9,0,10,1
L4605:T2:I20843,4605,T2,2025-02-26T11:09:52.000Z,21,10,0,10,1
L4605:T2:I20846,4605,T2,2025-08-08T18:29:00.000Z,38,15,0,22,1
L4605:T2:I20845,4605,T2,2026-05-12T19:44:00.000Z,62,25,0,36,1
L4606:T0,4606,T0,2025-08-12T00:00:00.000Z,33,13,0,20,0
L4606:T1:I20848,4606,T1,2025-08-18T19:17:39.000Z,34,13,0,20,1
L4606:T2:I20847,4606,T2,2025-12-12T12:42:00.000Z,41,16,0,24,1
L4607:T0,4607,T0,2026-02-04T00:00:00.000Z,33,16,0,17,0
L4607:T1:I20855,4607,T1,2026-02-06T13:45:04.000Z,34,16,0,17,1
L4607:T2:I20854,4607,T2,2026-02-07T10:04:30.000Z,34,16,0,17,1
L4607:T2:I20853,4607,T2,2026-02-11T08:27:03.000Z,34,16,0,17,1
L4607:T2:I20851,4607,T2,2026-02-12T16:31:37.000Z,34,16,0,17,1
L4607:T2:I20849,4607,T2,2026-02-13T09:04:55.000Z,34,16,0,17,1
L4607:T2:I20852,4607,T2,2026-04-30T07:23:00.000Z,38,17,0,20,1
L4607:T2:I20850,4607,T2,2026-05-17T10:53:00.000Z,39,18,0,20,1
L4608:T0,4608,T0,2025-12-22T00:00:00.000Z,34,13,0,21,0
L4608:T1:I20856,4608,T1,2025-12-25T07:22:01.000Z,34,13,0,21,0
L4608:T2:I20857,4608,T2,2025-12-29T20:23:29.000Z,35,13,0,21,1
L4608:T2:I20858,4608,T2,2026-06-29T19:31:00.000Z,44,15,0,28,1
L4609:T0,4609,T0,2026-06-03T00:00:00.000Z,113,46,0,67,0
L4609:T1:I20859,4609,T1,2026-06-04T12:55:44.000Z,114,46,0,67,1
L4609:T2:I20861,4609,T2,2026-06-11T09:43:01.000Z,117,46,0,70,1
L4609:T2:I20864,4609,T2,2026-06-11T11:58:55.000Z,116,46,0,70,0
L4609:T2:I20862,4609,T2,2026-06-12T08:52:30.000Z,117,46,0,70,1
L4609:T2:I20863,4609,T2,2026-06-13T07:34:09.000Z,117,46,0,70,1
L4609:T2:I20865,4609,T2,2026-06-14T13:54:52.000Z,117,46,0,70,1
L4609:T2:I20860,4609,T2,2026-06-16T12:59:11.000Z,117,46,0,71,0
L4610:T0,4610,T0,2026-01-19T00:00:00.000Z,49,20,0,29,0
L4610:T1:I20866,4610,T1,2026-01-21T12:23:20.000Z,50,20,0,30,0
L4611:T0,4611,T0,2026-06-06T00:00:00.000Z,38,38,0,0,0
L4611:T1:I20873,4611,T1,2026-06-06T19:00:20.000Z,39,38,0,0,1
L4611:T2:I20868,4611,T2,2026-06-07T15:43:24.000Z,38,38,0,0,0
L4611:T2:I20867,4611,T2,2026-06-11T13:19:43.000Z,39,38,0,0,1
L4611:T2:I20871,4611,T2,2026-06-12T10:27:43.000Z,38,38,0,0,0
L4611:T2:I20869,4611,T2,2026-06-12T12:38:10.000Z,39,38,0,0,1
L4611:T2:I20874,4611,T2,2026-06-13T12:10:03.000Z,39,38,0,0,1
L4611:T2:I20872,4611,T2,2026-06-19T08:48:42.000Z,39,38,0,0,1
L4611:T2:I20870,4611,T2,2026-06-22T12:24:00.000Z,39,38,0,0,1
L4612:T0,4612,T0,2026-02-27T00:00:00.000Z,50,22,28,0,0
L4612:T1:I20880,4612,T1,2026-03-01T12:26:19.000Z,51,22,28,0,1
L4612:T2:I20882,4612,T2,2026-03-03T11:28:20.000Z,51,22,28,0,1
L4612:T2:I20877,4612,T2,2026-03-05T14:51:34.000Z,51,22,28,0,1
L4612:T2:I20879,4612,T2,2026-03-07T12:37:30.000Z,51,22,28,0,1
L4612:T2:I20875,4612,T2,2026-03-08T12:29:34.000Z,51,22,28,0,1
L4612:T2:I20881,4612,T2,2026-03-08T20:28:37.000Z,51,22,28,0,1
L4612:T2:I20876,4612,T2,2026-03-11T10:45:18.000Z,51,22,28,0,1
L4612:T2:I20878,4612,T2,2026-06-24T18:22:00.000Z,58,26,31,0,1
L4613:T0,4613,T0,2026-03-26T00:00:00.000Z,33,33,0,0,0
L4613:T1:I20883,4613,T1,2026-03-31T08:35:28.000Z,34,33,0,0,1
L4614:T0,4614,T0,2026-05-15T00:00:00.000Z,73,34,0,39,0
L4614:T1:I20884,4614,T1,2026-05-15T10:56:11.000Z,74,34,0,39,1
L4614:T2:I20885,4614,T2,2026-05-15T20:54:19.000Z,73,34,0,39,0
L4614:T2:I20887,4614,T2,2026-05-21T17:14:58.000Z,74,34,0,39,1
L4614:T2:I20886,4614,T2,2026-05-27T19:36:30.000Z,75,35,0,39,1
L4615:T0,4615,T0,2026-05-19T00:00:00.000Z,98,43,0,55,0
L4615:T1:I20890,4615,T1,2026-05-20T20:03:52.000Z,99,43,0,55,1
L4615:T2:I20891,4615,T2,2026-05-26T16:56:01.000Z,99,44,0,55,0
L4615:T2:I20889,4615,T2,2026-06-01T08:02:58.000Z,100,44,0,55,1
L4615:T2:I20888,4615,T2,2026-06-13T11:49:00.000Z,101,44,0,56,1
L4616:T0,4616,T0,2025-01-31T00:00:00.000Z,13,13,0,0,0
L4616:T1:I20892,4616,T1,2025-02-05T17:22:45.000Z,14,13,0,0,1
L4616:T2:I20893,4616,T2,2025-02-07T18:07:21.000Z,14,13,0,0,1
L4616:T2:I20894,4616,T2,2025-05-30T16:27:00.000Z,21,21,0,0,0
L4617:T0,4617,T0,2025-05-11T00:00:00.000Z,20,5,0,15,0
L4617:T1:I20895,4617,T1,2025-05-14T10:23:32.000Z,21,5,0,15,1
L4617:T2:I20896,4617,T2,2025-05-18T19:16:20.000Z,22,6,0,15,1
L4618:T0,4618,T0,2025-08-19T00:00:00.000Z,40,19,0,21,0
L4618:T1:I20897,4618,T1,2025-08-22T15:22:13.000Z,40,19,0,21,0
L4618:T2:I20898,4618,T2,2025-08-24T12:29:32.000Z,41,19,0,21,1
L4619:T0,4619,T0,2025-01-16T00:00:00.000Z,23,11,0,12,0
L4619:T1:I20899,4619,T1,2025-01-21T14:13:27.000Z,26,13,0,12,1
L4619:T2:I20900,4619,T2,2026-04-21T19:55:00.000Z,68,34,0,33,1
L4620:T0,4620,T0,2026-04-17T00:00:00.000Z,87,32,0,55,0
L4620:T1:I20901,4620,T1,2026-04-25T11:05:38.000Z,92,32,0,59,1
L4620:T2:I20902,4620,T2,2026-05-09T15:01:00.000Z,94,34,0,59,1
L4621:T0,4621,T0,2025-04-09T00:00:00.000Z,18,6,12,0,0
L4621:T1:I20907,4621,T1,2025-04-14T10:05:19.000Z,19,6,12,0,1
L4621:T2:I20903,4621,T2,2025-05-10T20:28:00.000Z,21,7,13,0,1
L4621:T2:I20906,4621,T2,2025-07-05T07:57:00.000Z,25,9,15,0,1
L4621:T2:I20905,4621,T2,2025-12-29T19:52:00.000Z,43,18,24,0,1
L4621:T2:I20904,4621,T2,2026-04-23T14:01:00.000Z,51,23,27,0,1
L4622:T0,4622,T0,2025-02-28T00:00:00.000Z,16,6,10,0,0
L4622:T1:I20908,4622,T1,2025-02-28T07:57:25.000Z,17,6,10,0,1
L4622:T2:I20913,4622,T2,2025-03-06T17:52:05.000Z,17,6,10,0,1
L4622:T2:I20910,4622,T2,2025-05-22T17:42:00.000Z,21,7,13,0,1
L4622:T2:I20912,4622,T2,2025-09-17T18:38:00.000Z,36,15,20,0,1
L4622:T2:I20909,4622,T2,2025-11-29T09:04:00.000Z,40,17,22,0,1
L4622:T2:I20911,4622,T2,2026-03-28T14:24:00.000Z,49,21,27,0,1
L4623:T0,4623,T0,2025-11-28T00:00:00.000Z,47,24,0,23,0
L4623:T1:I20916,4623,T1,2025-12-01T20:05:17.000Z,48,24,0,23,1
L4623:T2:I20914,4623,T2,2025-12-02T13:10:23.000Z,48,24,0,23,1
L4623:T2:I20919,4623,T2,2025-12-03T14:09:05.000Z,48,24,0,23,1
L4623:T2:I20915,4623,T2,2025-12-04T20:59:24.000Z,47,24,0,23,0
L4623:T2:I20918,4623,T2,2025-12-09T07:54:41.000Z,51,26,0,25,0
L4623:T2:I20920,4623,T2,2025-12-09T12:56:01.000Z,52,26,0,25,1
L4623:T2:I20917,4623,T2,2025-12-10T15:45:17.000Z,52,26,0,25,1
L4623:T2:I20921,4623,T2,2025-12-10T16:24:50.000Z,52,26,0,25,1
L4624:T0,4624,T0,2025-08-23T00:00:00.000Z,30,14,0,16,0
L4624:T1:I20922,4624,T1,2026-04-12T19:35:00.000Z,55,23,0,31,1
L4625:T0,4625,T0,2025-10-15T00:00:00.000Z,43,17,0,26,0
L4625:T1:I20923,4625,T1,2025-10-15T20:14:17.000Z,44,17,0,26,1
L4625:T2:I20924,4625,T2,2026-04-30T14:53:00.000Z,70,34,0,36,0
L4626:T0,4626,T0,2025-02-14T00:00:00.000Z,23,13,0,10,0
L4626:T1:I20926,4626,T1,2025-02-14T19:42:07.000Z,24,13,0,10,1
L4626:T2:I20930,4626,T2,2025-02-18T15:39:03.000Z,24,13,0,10,1
L4626:T2:I20927,4626,T2,2025-02-26T17:19:51.000Z,24,13,0,10,1
L4626:T2:I20928,4626,T2,2026-02-15T20:33:00.000Z,62,35,0,27,0
L4626:T2:I20929,4626,T2,2026-03-14T13:32:00.000Z,66,36,0,29,1
L4626:T2:I20925,4626,T2,2026-04-05T20:06:00.000Z,69,39,0,29,1
L4627:T0,4627,T0,2026-06-12T00:00:00.000Z,25,25,0,0,0
L4627:T1:I20931,4627,T1,2026-06-18T18:05:20.000Z,26,25,0,0,1
L4627:T2:I20932,4627,T2,2026-06-22T14:31:34.000Z,26,25,0,0,1
L4628:T0,4628,T0,2025-12-15T00:00:00.000Z,10,10,0,0,0
L4628:T1:I20934,4628,T1,2025-12-17T11:43:26.000Z,11,10,0,0,1
L4628:T2:I20937,4628,T2,2025-12-20T10:15:12.000Z,11,10,0,0,1
L4628:T2:I20935,4628,T2,2025-12-20T14:33:47.000Z,11,10,0,0,1
L4628:T2:I20936,4628,T2,2025-12-24T18:10:14.000Z,11,10,0,0,1
L4628:T2:I20938,4628,T2,2025-12-25T07:57:17.000Z,11,10,0,0,1
L4628:T2:I20933,4628,T2,2026-05-08T19:05:00.000Z,13,12,0,0,1
L4629:T0,4629,T0,2025-02-26T00:00:00.000Z,19,11,0,8,0
L4629:T1:I20939,4629,T1,2025-03-09T20:22:42.000Z,22,13,0,8,1
L4629:T2:I20940,4629,T2,2025-04-21T17:54:00.000Z,25,13,0,11,1
L4629:T2:I20942,4629,T2,2025-10-07T15:44:00.000Z,34,16,0,17,1
L4629:T2:I20941,4629,T2,2026-01-26T16:47:00.000Z,45,22,0,22,1
L4630:T0,4630,T0,2026-03-27T00:00:00.000Z,49,29,0,20,0
L4630:T1:I20943,4630,T1,2026-03-27T20:23:16.000Z,50,29,0,20,1
L4630:T2:I20945,4630,T2,2026-03-29T07:58:50.000Z,51,29,0,21,1
L4630:T2:I20944,4630,T2,2026-03-31T12:20:04.000Z,51,29,0,21,1
L4631:T0,4631,T0,2025-04-28T00:00:00.000Z,8,8,0,0,0
L4631:T1:I20947,4631,T1,2025-05-01T16:18:57.000Z,9,8,0,0,1
L4631:T2:I20950,4631,T2,2025-05-25T16:16:00.000Z,10,9,0,0,1
L4631:T2:I20948,4631,T2,2025-06-20T07:46:00.000Z,11,11,0,0,0
L4631:T2:I20946,4631,T2,2025-09-30T13:25:00.000Z,18,17,0,0,1
L4631:T2:I20949,4631,T2,2025-10-25T19:05:00.000Z,20,19,0,0,1
L4631:T2:I20951,4631,T2,2025-12-27T20:33:00.000Z,20,19,0,0,1
L4632:T0,4632,T0,2025-01-21T00:00:00.000Z,15,5,0,10,0
L4632:T1:I20954,4632,T1,2025-01-21T14:38:58.000Z,16,5,0,10,1
L4632:T2:I20953,4632,T2,2025-02-08T08:14:00.000Z,16,5,0,10,1
L4632:T2:I20952,4632,T2,2025-12-05T18:50:00.000Z,42,17,0,24,1
L4633:T0,4633,T0,2025-01-10T00:00:00.000Z,3,0,3,0,0
L4633:T1:I20955,4633,T1,2025-01-19T13:52:22.000Z,4,0,3,0,1
L4633:T2:I20958,4633,T2,2025-02-13T07:53:00.000Z,5,0,4,0,1
L4633:T2:I20956,4633,T2,2025-09-23T09:36:00.000Z,19,0,19,0,0
L4633:T2:I20957,4633,T2,2025-12-06T07:05:00.000Z,23,0,22,0,1
L4633:T2:I20959,4633,T2,2026-06-17T14:11:00.000Z,30,0,29,0,1
L4634:T0,4634,T0,2025-01-29T00:00:00.000Z,14,14,0,0,0
L4634:T1:I20963,4634,T1,2025-02-13T13:59:00.000Z,19,18,0,0,1
L4634:T2:I20960,4634,T2,2025-07-20T09:49:00.000Z,24,23,0,0,1
L4634:T2:I20965,4634,T2,2025-08-12T17:27:00.000Z,24,23,0,0,1
L4634:T2:I20966,4634,T2,2025-08-27T11:58:00.000Z,24,23,0,0,1
L4634:T2:I20962,4634,T2,2025-11-12T08:31:00.000Z,30,30,0,0,0
L4634:T2:I20961,4634,T2,2025-11-12T11:27:00.000Z,31,30,0,0,1
L4634:T2:I20964,4634,T2,2026-04-13T20:15:00.000Z,37,36,0,0,1
L4634:T2:I20967,4634,T2,2026-04-27T07:14:00.000Z,38,37,0,0,1
L4635:T0,4635,T0,2025-05-15T00:00:00.000Z,28,15,0,13,0
L4635:T1:I20968,4635,T1,2025-08-31T09:10:00.000Z,35,20,0,14,1
L4635:T2:I20969,4635,T2,2025-10-29T19:14:00.000Z,40,23,0,16,1
L4636:T0,4636,T0,2025-06-01T00:00:00.000Z,12,12,0,0,0
L4636:T1:I20972,4636,T1,2025-06-03T19:12:26.000Z,13,12,0,0,1
L4636:T2:I20975,4636,T2,2025-06-04T15:38:06.000Z,12,12,0,0,0
L4636:T2:I20973,4636,T2,2025-06-08T18:38:59.000Z,13,12,0,0,1
L4636:T2:I20974,4636,T2,2026-01-06T13:42:00.000Z,24,23,0,0,1
L4636:T2:I20971,4636,T2,2026-02-28T17:29:00.000Z,27,26,0,0,1
L4636:T2:I20970,4636,T2,2026-05-10T12:49:00.000Z,29,28,0,0,1
L4637:T0,4637,T0,2025-08-08T00:00:00.000Z,32,13,0,19,0
L4637:T1:I20979,4637,T1,2025-08-09T18:01:42.000Z,33,13,0,19,1
L4637:T2:I20977,4637,T2,2025-08-10T08:09:46.000Z,33,13,0,19,1
L4637:T2:I20978,4637,T2,2025-12-05T15:43:00.000Z,41,16,0,24,1
L4637:T2:I20976,4637,T2,2026-03-15T17:40:00.000Z,46,19,0,27,0
L4638:T0,4638,T0,2026-03-29T00:00:00.000Z,52,23,0,29,0
L4638:T1:I20983,4638,T1,2026-04-02T20:33:56.000Z,54,23,0,30,1
L4638:T2:I20982,4638,T2,2026-04-07T10:01:37.000Z,56,23,0,32,1
L4638:T2:I20981,4638,T2,2026-04-10T18:21:40.000Z,56,23,0,32,1
L4638:T2:I20980,4638,T2,2026-04-10T18:35:05.000Z,56,23,0,32,1
L4639:T0,4639,T0,2025-07-21T00:00:00.000Z,31,31,0,0,0
L4639:T1:I20987,4639,T1,2025-07-29T14:32:09.000Z,31,31,0,0,0
L4639:T2:I20986,4639,T2,2026-02-05T08:59:00.000Z,39,38,0,0,1
L4639:T2:I20988,4639,T2,2026-02-25T10:48:00.000Z,39,39,0,0,0
L4639:T2:I20984,4639,T2,2026-04-05T13:57:00.000Z,44,43,0,0,1
L4639:T2:I20985,4639,T2,2026-05-17T11:43:00.000Z,48,47,0,0,1
L4640:T0,4640,T0,2026-04-11T00:00:00.000Z,25,25,0,0,0
L4640:T1:I20994,4640,T1,2026-04-15T09:31:26.000Z,25,25,0,0,0
L4640:T2:I20991,4640,T2,2026-04-20T14:35:27.000Z,26,25,0,0,1
L4640:T2:I20990,4640,T2,2026-04-21T15:38:30.000Z,26,25,0,0,1
L4640:T2:I20992,4640,T2,2026-04-23T12:03:36.000Z,26,25,0,0,1
L4640:T2:I20989,4640,T2,2026-04-28T17:11:00.000Z,27,26,0,0,1
L4640:T2:I20993,4640,T2,2026-05-23T10:31:00.000Z,30,29,0,0,1
L4640:T2:I20995,4640,T2,2026-06-21T17:41:00.000Z,31,30,0,0,1
L4641:T0,4641,T0,2025-01-27T00:00:00.000Z,21,10,11,0,0
L4641:T1:I20998,4641,T1,2025-01-28T15:50:54.000Z,22,10,11,0,1
L4641:T2:I20997,4641,T2,2025-02-03T14:33:03.000Z,23,10,12,0,1
L4641:T2:I21000,4641,T2,2025-05-14T15:09:00.000Z,34,14,20,0,0
L4641:T2:I20999,4641,T2,2025-09-23T10:55:00.000Z,45,19,25,0,1
L4641:T2:I20996,4641,T2,2026-01-16T09:43:00.000Z,52,24,27,0,1
L4642:T0,4642,T0,2026-06-29T00:00:00.000Z,42,42,0,0,0
L4642:T1:I21002,4642,T1,2026-07-07T08:04:47.000Z,43,42,0,0,1
L4642:T2:I21004,4642,T2,2026-07-07T20:44:44.000Z,43,42,0,0,1
L4642:T2:I21001,4642,T2,2026-07-10T19:46:37.000Z,43,42,0,0,1
L4642:T2:I21003,4642,T2,2026-07-12T15:53:21.000Z,43,42,0,0,1
L4643:T0,4643,T0,2025-11-13T00:00:00.000Z,88,27,0,61,0
L4643:T1:I21007,4643,T1,2025-11-14T18:04:22.000Z,89,27,0,61,1
L4643:T2:I21005,4643,T2,2025-11-24T07:26:07.000Z,89,27,0,61,1
L4643:T2:I21008,4643,T2,2025-11-24T17:01:23.000Z,89,27,0,61,1
L4643:T2:I21006,4643,T2,2026-02-25T20:58:00.000Z,104,28,0,75,1
L4644:T0,4644,T0,2025-11-03T00:00:00.000Z,19,19,0,0,0
L4644:T1:I21010,4644,T1,2025-11-08T10:06:03.000Z,20,19,0,0,1
L4644:T2:I21009,4644,T2,2025-12-06T19:52:00.000Z,21,20,0,0,1
L4645:T0,4645,T0,2025-06-02T00:00:00.000Z,19,19,0,0,0
L4645:T1:I21011,4645,T1,2025-06-14T09:55:52.000Z,20,19,0,0,1
L4646:T0,4646,T0,2026-03-19T00:00:00.000Z,34,34,0,0,0
L4646:T1:I21012,4646,T1,2026-03-22T10:19:58.000Z,35,34,0,0,1
L4646:T2:I21013,4646,T2,2026-03-22T15:22:03.000Z,35,34,0,0,1
L4646:T2:I21014,4646,T2,2026-03-25T18:57:49.000Z,35,34,0,0,1
L4647:T0,4647,T0,2025-02-01T00:00:00.000Z,13,5,0,8,0
L4647:T1:I21020,4647,T1,2025-02-13T07:58:17.000Z,15,6,0,8,1
L4647:T2:I21021,4647,T2,2025-05-30T19:55:00.000Z,19,9,0,9,1
L4647:T2:I21019,4647,T2,2025-11-09T11:40:00.000Z,27,13,0,13,1
L4647:T2:I21015,4647,T2,2025-11-24T16:44:00.000Z,28,14,0,14,0
L4647:T2:I21016,4647,T2,2025-12-05T08:11:00.000Z,29,14,0,15,0
L4647:T2:I21018,4647,T2,2026-02-04T18:18:00.000Z,34,16,0,17,1
L4647:T2:I21017,4647,T2,2026-03-15T08:44:00.000Z,36,17,0,18,1
L4648:T0,4648,T0,2025-11-18T00:00:00.000Z,38,18,0,20,0
L4648:T1:I21022,4648,T1,2026-03-10T12:45:00.000Z,47,24,0,22,1
L4649:T0,4649,T0,2025-08-07T00:00:00.000Z,15,15,0,0,0
L4649:T1:I21026,4649,T1,2025-08-13T14:09:33.000Z,16,15,0,0,1
L4649:T2:I21024,4649,T2,2025-08-24T12:33:00.000Z,17,16,0,0,1
L4649:T2:I21025,4649,T2,2025-12-31T20:02:00.000Z,20,19,0,0,1
L4649:T2:I21027,4649,T2,2026-03-06T16:57:00.000Z,25,24,0,0,1
L4649:T2:I21023,4649,T2,2026-03-21T11:59:00.000Z,27,26,0,0,1
L4650:T0,4650,T0,2025-10-01T00:00:00.000Z,54,30,0,24,0
L4650:T1:I21028,4650,T1,2025-10-07T18:44:18.000Z,56,31,0,24,1
L4651:T0,4651,T0,2026-05-22T00:00:00.000Z,52,52,0,0,0
L4651:T1:I21031,4651,T1,2026-05-22T07:54:40.000Z,53,52,0,0,1
L4651:T2:I21032,4651,T2,2026-05-22T19:00:28.000Z,53,52,0,0,1
L4651:T2:I21033,4651,T2,2026-05-23T07:13:20.000Z,52,52,0,0,0
L4651:T2:I21030,4651,T2,2026-05-25T13:04:51.000Z,53,52,0,0,1
L4651:T2:I21029,4651,T2,2026-06-04T18:15:04.000Z,54,53,0,0,1
L4652:T0,4652,T0,2025-12-30T00:00:00.000Z,42,22,0,20,0
L4652:T1:I21039,4652,T1,2026-01-06T14:41:25.000Z,43,22,0,20,1
L4652:T2:I21037,4652,T2,2026-01-08T13:44:21.000Z,44,22,0,21,1
L4652:T2:I21035,4652,T2,2026-01-11T20:14:00.000Z,43,22,0,21,0
L4652:T2:I21034,4652,T2,2026-01-12T11:08:07.000Z,44,22,0,21,1
L4652:T2:I21040,4652,T2,2026-02-17T11:11:00.000Z,46,22,0,23,1
L4652:T2:I21036,4652,T2,2026-03-12T20:05:00.000Z,47,22,0,24,1
L4652:T2:I21038,4652,T2,2026-05-02T17:08:00.000Z,52,23,0,28,1
L4653:T0,4653,T0,2026-05-15T00:00:00.000Z,95,30,0,65,0
L4653:T1:I21041,4653,T1,2026-05-18T10:10:02.000Z,96,30,0,65,1
L4653:T2:I21043,4653,T2,2026-05-24T20:37:58.000Z,96,30,0,65,1
L4653:T2:I21044,4653,T2,2026-05-25T07:42:42.000Z,96,30,0,65,1
L4653:T2:I21042,4653,T2,2026-05-25T12:08:41.000Z,96,30,0,65,1
L4654:T0,4654,T0,2025-02-28T00:00:00.000Z,13,9,0,4,0
L4654:T1:I21045,4654,T1,2025-03-12T12:27:24.000Z,15,9,0,5,1
L4654:T2:I21046,4654,T2,2025-12-03T15:40:00.000Z,35,21,0,13,1
L4654:T2:I21047,4654,T2,2026-04-02T07:34:00.000Z,39,24,0,14,1
L4655:T0,4655,T0,2025-04-22T00:00:00.000Z,40,22,18,0,0
L4655:T1:I21050,4655,T1,2025-04-29T14:58:54.000Z,41,22,18,0,1
L4655:T2:I21052,4655,T2,2025-05-03T07:38:21.000Z,42,23,18,0,1
L4655:T2:I21054,4655,T2,2025-05-04T18:13:30.000Z,42,23,18,0,1
L4655:T2:I21048,4655,T2,2025-10-11T12:40:00.000Z,67,34,32,0,1
L4655:T2:I21049,4655,T2,2026-05-13T07:14:00.000Z,92,47,44,0,1
L4655:T2:I21055,4655,T2,2026-05-18T20:40:00.000Z,93,47,45,0,1
L4655:T2:I21053,4655,T2,2026-05-29T16:50:00.000Z,93,47,45,0,1
L4655:T2:I21051,4655,T2,2026-06-06T18:01:00.000Z,93,47,46,0,0
L4656:T0,4656,T0,2025-09-18T00:00:00.000Z,47,16,0,31,0
L4656:T1:I21059,4656,T1,2026-04-19T11:26:00.000Z,78,27,0,50,1
L4656:T2:I21058,4656,T2,2026-06-05T12:58:00.000Z,85,30,0,54,1
L4656:T2:I21056,4656,T2,2026-06-16T15:58:00.000Z,87,30,0,56,1
L4656:T2:I21057,4656,T2,2026-06-30T15:26:00.000Z,88,30,0,57,1
L4657:T0,4657,T0,2025-04-11T00:00:00.000Z,32,21,0,11,0
L4657:T1:I21062,4657,T1,2025-04-15T16:51:11.000Z,33,22,0,11,0
L4657:T2:I21061,4657,T2,2025-04-21T07:42:58.000Z,33,22,0,11,0
L4657:T2:I21060,4657,T2,2025-04-22T08:17:47.000Z,34,22,0,11,1
L4657:T2:I21064,4657,T2,2025-06-08T10:56:00.000Z,40,27,0,12,1
L4657:T2:I21063,4657,T2,2025-10-05T19:20:00.000Z,51,29,0,21,1
L4658:T0,4658,T0,2026-05-08T00:00:00.000Z,16,16,0,0,0
L4658:T1:I21065,4658,T1,2026-05-14T09:34:35.000Z,18,17,0,0,1
L4659:T0,4659,T0,2025-12-26T00:00:00.000Z,86,27,0,59,0
L4659:T1:I21066,4659,T1,2025-12-27T07:59:17.000Z,86,27,0,59,0
L4659:T2:I21069,4659,T2,2025-12-28T12:33:24.000Z,87,27,0,59,1
L4659:T2:I21071,4659,T2,2025-12-28T17:18:16.000Z,87,27,0,59,1
L4659:T2:I21073,4659,T2,2025-12-30T19:23:05.000Z,87,27,0,59,1
L4659:T2:I21067,4659,T2,2026-01-03T07:13:54.000Z,87,27,0,59,1
L4659:T2:I21072,4659,T2,2026-01-03T10:05:15.000Z,87,27,0,59,1
L4659:T2:I21068,4659,T2,2026-01-04T20:02:46.000Z,87,27,0,59,1
L4659:T2:I21070,4659,T2,2026-02-26T18:02:00.000Z,96,32,0,64,0
L4660:T0,4660,T0,2025-11-14T00:00:00.000Z,24,24,0,0,0
L4660:T1:I21075,4660,T1,2025-11-18T07:24:22.000Z,25,24,0,0,1
L4660:T2:I21076,4660,T2,2025-11-18T11:53:32.000Z,25,24,0,0,1
L4660:T2:I21074,4660,T2,2025-11-19T10:50:15.000Z,25,24,0,0,1
L4660:T2:I21077,4660,T2,2025-11-27T14:16:09.000Z,26,25,0,0,1
L4660:T2:I21078,4660,T2,2026-06-29T08:40:00.000Z,33,32,0,0,1
L4661:T0,4661,T0,2026-05-02T00:00:00.000Z,67,33,0,34,0
L4661:T1:I21079,4661,T1,2026-05-06T16:03:29.000Z,68,33,0,34,1
L4661:T2:I21080,4661,T2,2026-05-13T14:42:16.000Z,69,33,0,35,1
L4662:T0,4662,T0,2025-06-27T00:00:00.000Z,7,7,0,0,0
L4662:T1:I21085,4662,T1,2025-06-29T18:17:56.000Z,8,7,0,0,1
L4662:T2:I21087,4662,T2,2025-07-05T13:06:44.000Z,8,7,0,0,1
L4662:T2:I21083,4662,T2,2025-07-07T17:32:44.000Z,8,7,0,0,1
L4662:T2:I21088,4662,T2,2025-07-07T18:50:04.000Z,8,7,0,0,1
L4662:T2:I21086,4662,T2,2025-07-08T13:14:03.000Z,8,7,0,0,1
L4662:T2:I21082,4662,T2,2025-08-10T19:49:00.000Z,8,7,0,0,1
L4662:T2:I21084,4662,T2,2025-09-15T14:06:00.000Z,8,7,0,0,1
L4662:T2:I21081,4662,T2,2026-03-23T07:37:00.000Z,10,9,0,0,1
L4663:T0,4663,T0,2025-10-21T00:00:00.000Z,48,22,26,0,0
L4663:T1:I21093,4663,T1,2025-10-22T12:41:25.000Z,49,22,26,0,1
L4663:T2:I21094,4663,T2,2025-10-23T19:32:02.000Z,49,22,26,0,1
L4663:T2:I21091,4663,T2,2025-11-01T17:43:42.000Z,49,22,26,0,1
L4663:T2:I21089,4663,T2,2025-11-02T09:01:57.000Z,49,22,26,0,1
L4663:T2:I21092,4663,T2,2026-02-28T07:16:00.000Z,59,27,31,0,1
L4663:T2:I21090,4663,T2,2026-05-13T07:55:00.000Z,65,31,33,0,1
L4664:T0,4664,T0,2025-11-22T00:00:00.000Z,27,0,27,0,0
L4664:T1:I21095,4664,T1,2025-11-23T09:05:48.000Z,28,0,27,0,1
L4664:T2:I21101,4664,T2,2025-11-28T18:50:39.000Z,28,0,27,0,1
L4664:T2:I21096,4664,T2,2025-11-30T19:19:51.000Z,28,0,27,0,1
L4664:T2:I21099,4664,T2,2025-12-03T07:33:04.000Z,28,0,27,0,1
L4664:T2:I21100,4664,T2,2026-01-20T10:32:00.000Z,28,0,27,0,1
L4664:T2:I21097,4664,T2,2026-01-20T18:09:00.000Z,28,0,27,0,1
L4664:T2:I21102,4664,T2,2026-03-10T09:54:00.000Z,30,0,30,0,0
L4664:T2:I21098,4664,T2,2026-05-03T17:30:00.000Z,33,0,32,0,1
L4665:T0,4665,T0,2025-11-18T00:00:00.000Z,35,17,0,18,0
L4665:T1:I21103,4665,T1,2025-11-23T10:09:48.000Z,36,17,0,18,1
L4665:T2:I21104,4665,T2,2025-12-01T13:18:42.000Z,38,18,0,19,1
L4666:T0,4666,T0,2025-10-02T00:00:00.000Z,45,20,25,0,0
L4666:T1:I21106,4666,T1,2025-10-03T17:00:55.000Z,46,20,25,0,1
L4666:T2:I21105,4666,T2,2025-10-04T15:31:55.000Z,46,20,25,0,1
L4666:T2:I21107,4666,T2,2025-10-10T13:06:07.000Z,46,20,25,0,1
L4666:T2:I21108,4666,T2,2026-03-05T09:18:00.000Z,60,28,31,0,1
L4667:T0,4667,T0,2025-11-26T00:00:00.000Z,42,20,0,22,0
L4667:T1:I21111,4667,T1,2025-11-26T14:09:23.000Z,42,20,0,22,0
L4667:T2:I21113,4667,T2,2025-11-29T19:49:16.000Z,43,20,0,22,1
L4667:T2:I21115,4667,T2,2025-12-02T09:51:40.000Z,43,20,0,23,0
L4667:T2:I21109,4667,T2,2025-12-02T19:29:15.000Z,44,20,0,23,1
L4667:T2:I21112,4667,T2,2026-02-25T07:09:00.000Z,50,22,0,27,1
L4667:T2:I21110,4667,T2,2026-05-18T09:14:00.000Z,59,24,0,34,1
L4667:T2:I21114,4667,T2,2026-06-08T10:33:00.000Z,59,24,0,34,1
L4668:T0,4668,T0,2026-04-27T00:00:00.000Z,62,30,32,0,0
L4668:T1:I21120,4668,T1,2026-04-28T07:04:11.000Z,63,30,32,0,1
L4668:T2:I21116,4668,T2,2026-04-29T16:17:33.000Z,63,30,32,0,1
L4668:T2:I21121,4668,T2,2026-05-03T18:26:18.000Z,63,30,32,0,1
L4668:T2:I21118,4668,T2,2026-05-07T08:19:56.000Z,64,30,33,0,1
L4668:T2:I21119,4668,T2,2026-05-07T16:38:51.000Z,64,30,33,0,1
L4668:T2:I21117,4668,T2,2026-05-07T19:43:37.000Z,64,30,33,0,1
L4669:T0,4669,T0,2025-12-24T00:00:00.000Z,64,23,0,41,0
L4669:T1:I21124,4669,T1,2025-12-24T11:53:41.000Z,65,23,0,41,1
L4669:T2:I21128,4669,T2,2025-12-25T09:33:35.000Z,65,23,0,41,1
L4669:T2:I21126,4669,T2,2025-12-26T13:05:55.000Z,65,23,0,41,1
L4669:T2:I21123,4669,T2,2026-01-04T07:17:29.000Z,66,23,0,42,1
L4669:T2:I21125,4669,T2,2026-01-05T10:02:59.000Z,66,23,0,42,1
L4669:T2:I21127,4669,T2,2026-01-05T11:56:49.000Z,66,23,0,42,1
L4669:T2:I21122,4669,T2,2026-01-05T13:40:27.000Z,66,23,0,42,1
L4670:T0,4670,T0,2026-05-14T00:00:00.000Z,32,32,0,0,0
L4670:T1:I21129,4670,T1,2026-05-17T19:26:35.000Z,33,32,0,0,1
L4670:T2:I21130,4670,T2,2026-06-15T14:41:00.000Z,33,32,0,0,1
L4671:T0,4671,T0,2026-05-11T00:00:00.000Z,58,32,0,26,0
L4671:T1:I21131,4671,T1,2026-05-19T11:45:47.000Z,61,34,0,26,1
L4671:T2:I21132,4671,T2,2026-05-24T08:02:03.000Z,62,34,0,27,1
L4672:T0,4672,T0,2025-12-17T00:00:00.000Z,34,34,0,0,0
L4672:T1:I21136,4672,T1,2025-12-24T09:25:39.000Z,34,34,0,0,0
L4672:T2:I21133,4672,T2,2025-12-29T12:00:04.000Z,35,34,0,0,1
L4672:T2:I21134,4672,T2,2026-02-16T09:42:00.000Z,39,38,0,0,1
L4672:T2:I21135,4672,T2,2026-04-17T17:01:00.000Z,43,42,0,0,1
L4673:T0,4673,T0,2025-12-20T00:00:00.000Z,28,15,0,13,0
L4673:T1:I21140,4673,T1,2025-12-21T07:06:00.000Z,29,15,0,13,1
L4673:T2:I21143,4673,T2,2025-12-24T10:16:52.000Z,29,15,0,13,1
L4673:T2:I21141,4673,T2,2025-12-24T13:58:33.000Z,29,15,0,13,1
L4673:T2:I21139,4673,T2,2025-12-27T14:03:07.000Z,29,15,0,13,1
L4673:T2:I21142,4673,T2,2025-12-29T08:58:00.000Z,28,15,0,13,0
L4673:T2:I21137,4673,T2,2025-12-31T09:47:00.000Z,29,15,0,13,1
L4673:T2:I21138,4673,T2,2026-01-06T08:55:00.000Z,29,15,0,13,1
L4673:T2:I21144,4673,T2,2026-01-21T07:57:00.000Z,30,16,0,13,1
L4674:T0,4674,T0,2025-12-07T00:00:00.000Z,33,33,0,0,0
L4674:T1:I21147,4674,T1,2025-12-09T16:08:32.000Z,35,34,0,0,1
L4674:T2:I21146,4674,T2,2025-12-10T18:53:37.000Z,35,34,0,0,1
L4674:T2:I21145,4674,T2,2025-12-13T08:30:56.000Z,35,34,0,0,1
L4675:T0,4675,T0,2025-03-10T00:00:00.000Z,38,13,0,25,0
L4675:T1:I21149,4675,T1,2026-02-03T18:06:00.000Z,78,25,0,52,1
L4675:T2:I21148,4675,T2,2026-03-15T14:06:00.000Z,85,28,0,56,1
L4675:T2:I21150,4675,T2,2026-03-21T08:21:00.000Z,85,28,0,56,1
L4676:T0,4676,T0,2025-11-20T00:00:00.000Z,17,17,0,0,0
L4676:T1:I21151,4676,T1,2025-11-28T20:49:05.000Z,18,17,0,0,1
L4677:T0,4677,T0,2026-05-18T00:00:00.000Z,34,34,0,0,0
L4677:T1:I21155,4677,T1,2026-05-18T09:45:14.000Z,35,34,0,0,1
L4677:T2:I21158,4677,T2,2026-05-19T14:22:07.000Z,35,34,0,0,1
L4677:T2:I21157,4677,T2,2026-05-20T20:26:49.000Z,35,34,0,0,1
L4677:T2:I21153,4677,T2,2026-05-23T16:05:19.000Z,35,34,0,0,1
L4677:T2:I21152,4677,T2,2026-05-25T07:50:36.000Z,35,34,0,0,1
L4677:T2:I21156,4677,T2,2026-05-26T11:04:12.000Z,35,34,0,0,1
L4677:T2:I21154,4677,T2,2026-05-30T18:17:40.000Z,35,34,0,0,1
L4678:T0,4678,T0,2026-01-24T00:00:00.000Z,47,0,20,27,0
L4678:T1:I21164,4678,T1,2026-01-26T10:49:52.000Z,48,0,20,27,1
L4678:T2:I21163,4678,T2,2026-01-29T17:21:21.000Z,49,0,21,27,1
L4678:T2:I21159,4678,T2,2026-01-31T20:11:17.000Z,49,0,21,27,1
L4678:T2:I21165,4678,T2,2026-02-04T08:47:26.000Z,50,0,21,28,1
L4678:T2:I21161,4678,T2,2026-02-06T13:57:16.000Z,50,0,21,28,1
L4678:T2:I21166,4678,T2,2026-02-06T14:20:24.000Z,50,0,21,28,1
L4678:T2:I21162,4678,T2,2026-04-20T08:50:00.000Z,55,0,26,28,1
L4678:T2:I21160,4678,T2,2026-05-19T09:45:00.000Z,57,0,27,29,1
L4679:T0,4679,T0,2025-08-12T00:00:00.000Z,53,16,0,37,0
L4679:T1:I21171,4679,T1,2025-08-16T07:53:20.000Z,54,16,0,37,1
L4679:T2:I21170,4679,T2,2025-08-18T17:59:31.000Z,54,16,0,37,1
L4679:T2:I21169,4679,T2,2025-08-22T18:36:34.000Z,54,16,0,38,0
L4679:T2:I21173,4679,T2,2025-08-25T10:14:50.000Z,54,16,0,38,0
L4679:T2:I21167,4679,T2,2026-03-16T09:10:00.000Z,85,28,0,56,1
L4679:T2:I21172,4679,T2,2026-03-17T18:22:00.000Z,85,28,0,56,1
L4679:T2:I21168,4679,T2,2026-06-03T15:07:00.000Z,99,31,0,67,1
L4680:T0,4680,T0,2025-07-04T00:00:00.000Z,25,25,0,0,0
L4680:T1:I21177,4680,T1,2025-07-12T07:08:32.000Z,26,25,0,0,1
L4680:T2:I21176,4680,T2,2025-07-13T15:20:37.000Z,26,25,0,0,1
L4680:T2:I21174,4680,T2,2025-07-14T10:16:29.000Z,26,25,0,0,1
L4680:T2:I21175,4680,T2,2026-05-18T19:39:00.000Z,44,43,0,0,1
L4681:T0,4681,T0,2025-01-05T00:00:00.000Z,14,7,0,7,0
L4681:T1:I21183,4681,T1,2025-01-12T07:03:01.000Z,16,8,0,7,1
L4681:T2:I21180,4681,T2,2025-01-15T16:31:24.000Z,16,8,0,7,1
L4681:T2:I21182,4681,T2,2025-01-17T09:19:36.000Z,16,8,0,7,1
L4681:T2:I21181,4681,T2,2025-05-19T14:33:00.000Z,26,14,0,11,1
L4681:T2:I21184,4681,T2,2025-05-25T19:05:00.000Z,26,14,0,11,1
L4681:T2:I21185,4681,T2,2025-05-28T16:02:00.000Z,26,14,0,11,1
L4681:T2:I21179,4681,T2,2025-08-25T19:10:00.000Z,38,23,0,14,1
L4681:T2:I21178,4681,T2,2026-05-20T13:51:00.000Z,56,32,0,23,1
L4682:T0,4682,T0,2025-11-22T00:00:00.000Z,40,21,0,19,0
L4682:T1:I21187,4682,T1,2025-11-24T11:48:11.000Z,42,21,0,20,1
L4682:T2:I21188,4682,T2,2025-12-26T19:51:00.000Z,46,24,0,21,1
L4682:T2:I21186,4682,T2,2026-01-17T14:57:00.000Z,47,24,0,22,1
L4683:T0,4683,T0,2025-11-25T00:00:00.000Z,66,25,0,41,0
L4683:T1:I21190,4683,T1,2025-11-26T12:05:31.000Z,67,25,0,41,1
L4683:T2:I21193,4683,T2,2025-11-27T18:30:02.000Z,68,26,0,41,1
L4683:T2:I21191,4683,T2,2025-11-30T09:53:53.000Z,69,26,0,42,1
L4683:T2:I21189,4683,T2,2025-12-04T17:32:07.000Z,69,26,0,42,1
L4683:T2:I21192,4683,T2,2025-12-06T10:58:32.000Z,70,26,0,43,1
L4683:T2:I21194,4683,T2,2025-12-11T10:22:00.000Z,70,26,0,43,1
L4684:T0,4684,T0,2025-11-28T00:00:00.000Z,37,19,0,18,0
L4684:T1:I21198,4684,T1,2025-11-29T16:27:44.000Z,37,19,0,18,0
L4684:T2:I21195,4684,T2,2025-12-03T12:26:00.000Z,38,19,0,18,1
L4684:T2:I21197,4684,T2,2025-12-05T17:48:06.000Z,38,19,0,18,1
L4684:T2:I21196,4684,T2,2026-02-01T20:36:00.000Z,48,27,0,20,1
L4685:T0,4685,T0,2026-04-24T00:00:00.000Z,31,31,0,0,0
L4685:T1:I21199,4685,T1,2026-04-24T16:45:54.000Z,32,31,0,0,1
L4685:T2:I21200,4685,T2,2026-05-04T09:50:51.000Z,33,32,0,0,1
L4686:T0,4686,T0,2025-10-09T00:00:00.000Z,40,25,0,15,0
L4686:T1:I21202,4686,T1,2025-10-09T20:38:58.000Z,41,25,0,15,1
L4686:T2:I21205,4686,T2,2025-10-19T14:30:33.000Z,41,25,0,15,1
L4686:T2:I21203,4686,T2,2025-10-21T10:25:06.000Z,41,25,0,15,1
L4686:T2:I21204,4686,T2,2025-10-21T15:49:36.000Z,41,25,0,15,1
L4686:T2:I21201,4686,T2,2025-10-22T16:42:00.000Z,41,25,0,15,1
L4686:T2:I21206,4686,T2,2026-04-12T07:39:00.000Z,53,30,0,22,1
L4687:T0,4687,T0,2025-12-17T00:00:00.000Z,46,24,22,0,0
L4687:T1:I21208,4687,T1,2025-12-25T10:20:46.000Z,48,24,23,0,1
L4687:T2:I21207,4687,T2,2025-12-29T12:56:34.000Z,49,24,24,0,1
L4688:T0,4688,T0,2025-10-16T00:00:00.000Z,53,29,0,24,0
L4688:T1:I21209,4688,T1,2025-10-23T12:37:21.000Z,55,30,0,24,1
L4689:T0,4689,T0,2025-01-13T00:00:00.000Z,24,12,0,12,0
L4689:T1:I21213,4689,T1,2025-01-21T15:25:40.000Z,26,12,0,13,1
L4689:T2:I21216,4689,T2,2025-03-03T07:58:00.000Z,30,13,0,16,1
L4689:T2:I21215,4689,T2,2025-03-19T16:00:00.000Z,30,13,0,16,1
L4689:T2:I21212,4689,T2,2025-08-15T07:37:00.000Z,54,31,0,22,1
L4689:T2:I21214,4689,T2,2025-10-12T17:16:00.000Z,63,35,0,27,1
L4689:T2:I21211,4689,T2,2026-01-04T15:40:00.000Z,70,41,0,28,1
L4689:T2:I21217,4689,T2,2026-02-02T16:54:00.000Z,72,42,0,29,1
L4689:T2:I21210,4689,T2,2026-06-19T10:37:00.000Z,93,52,0,40,1
L4690:T0,4690,T0,2026-01-12T00:00:00.000Z,17,17,0,0,0
L4690:T1:I21218,4690,T1,2026-03-07T09:07:00.000Z,18,17,0,0,1
L4691:T0,4691,T0,2025-10-15T00:00:00.000Z,18,18,0,0,0
L4691:T1:I21219,4691,T1,2025-10-20T09:56:17.000Z,19,18,0,0,1
L4691:T2:I21222,4691,T2,2025-10-25T10:44:18.000Z,20,19,0,0,1
L4691:T2:I21220,4691,T2,2025-12-31T10:41:00.000Z,20,19,0,0,1
L4691:T2:I21221,4691,T2,2026-03-04T09:34:00.000Z,24,23,0,0,1
L4692:T0,4692,T0,2025-12-26T00:00:00.000Z,13,0,13,0,0
L4692:T1:I21223,4692,T1,2025-12-26T17:04:19.000Z,14,0,13,0,1
L4692:T2:I21227,4692,T2,2025-12-29T07:03:17.000Z,14,0,13,0,1
L4692:T2:I21230,4692,T2,2025-12-30T20:47:35.000Z,14,0,13,0,1
L4692:T2:I21224,4692,T2,2025-12-31T07:24:37.000Z,14,0,13,0,1
L4692:T2:I21228,4692,T2,2026-01-04T15:50:31.000Z,14,0,13,0,1
L4692:T2:I21229,4692,T2,2026-01-06T14:26:08.000Z,14,0,13,0,1
L4692:T2:I21226,4692,T2,2026-01-07T09:43:16.000Z,14,0,13,0,1
L4692:T2:I21225,4692,T2,2026-01-29T15:31:00.000Z,16,0,15,0,1
L4693:T0,4693,T0,2026-02-22T00:00:00.000Z,57,29,0,28,0
L4693:T1:I21231,4693,T1,2026-05-31T13:17:00.000Z,64,33,0,30,1
L4694:T0,4694,T0,2025-03-03T00:00:00.000Z,34,14,0,20,0
L4694:T1:I21233,4694,T1,2025-03-08T10:01:18.000Z,35,14,0,20,1
L4694:T2:I21235,4694,T2,2025-05-09T07:10:00.000Z,45,20,0,24,1
L4694:T2:I21236,4694,T2,2025-06-30T09:30:00.000Z,54,22,0,31,1
L4694:T2:I21232,4694,T2,2026-04-13T17:04:00.000Z,104,38,0,65,1
L4694:T2:I21234,4694,T2,2026-06-06T12:53:00.000Z,108,39,0,68,1
L4695:T0,4695,T0,2025-08-26T00:00:00.000Z,35,20,0,15,0
L4695:T1:I21237,4695,T1,2025-08-26T12:49:17.000Z,36,20,0,15,1
L4695:T2:I21240,4695,T2,2025-08-30T11:00:09.000Z,36,20,0,15,1
L4695:T2:I21241,4695,T2,2025-08-30T11:53:14.000Z,36,20,0,15,1
L4695:T2:I21242,4695,T2,2025-09-01T13:52:39.000Z,36,20,0,15,1
L4695:T2:I21239,4695,T2,2026-04-21T20:16:00.000Z,56,29,0,26,1
L4695:T2:I21238,4695,T2,2026-05-06T18:10:00.000Z,57,29,0,27,1
L4696:T0,4696,T0,2025-09-16T00:00:00.000Z,20,20,0,0,0
L4696:T1:I21244,4696,T1,2025-09-24T17:28:35.000Z,21,20,0,0,1
L4696:T2:I21245,4696,T2,2025-09-29T20:53:20.000Z,21,20,0,0,1
L4696:T2:I21243,4696,T2,2025-10-08T07:54:00.000Z,21,20,0,0,1
L4696:T2:I21247,4696,T2,2025-12-10T16:49:00.000Z,24,23,0,0,1
L4696:T2:I21246,4696,T2,2026-05-22T09:11:00.000Z,32,31,0,0,1
L4697:T0,4697,T0,2025-05-05T00:00:00.000Z,13,13,0,0,0
L4697:T1:I21250,4697,T1,2025-05-05T20:00:06.000Z,14,13,0,0,1
L4697:T2:I21253,4697,T2,2025-05-09T10:56:20.000Z,14,13,0,0,1
L4697:T2:I21248,4697,T2,2025-05-12T10:37:32.000Z,15,14,0,0,1
L4697:T2:I21251,4697,T2,2025-05-16T09:07:39.000Z,15,14,0,0,1
L4697:T2:I21249,4697,T2,2025-07-09T17:52:00.000Z,18,18,0,0,0
L4697:T2:I21252,4697,T2,2025-08-15T19:58:00.000Z,24,23,0,0,1
L4698:T0,4698,T0,2025-05-19T00:00:00.000Z,27,27,0,0,0
L4698:T1:I21255,4698,T1,2025-05-27T09:57:41.000Z,27,27,0,0,0
L4698:T2:I21254,4698,T2,2025-05-29T15:41:14.000Z,28,27,0,0,1
L4699:T0,4699,T0,2026-06-04T00:00:00.000Z,29,29,0,0,0
L4699:T1:I21257,4699,T1,2026-06-04T17:38:25.000Z,30,29,0,0,1
L4699:T2:I21258,4699,T2,2026-06-06T08:20:47.000Z,30,29,0,0,1
L4699:T2:I21256,4699,T2,2026-06-11T16:49:15.000Z,29,29,0,0,0
L4700:T0,4700,T0,2025-07-14T00:00:00.000Z,39,12,0,27,0
L4700:T1:I21264,4700,T1,2025-07-16T13:18:37.000Z,39,12,0,27,0
L4700:T2:I21263,4700,T2,2025-07-23T20:46:02.000Z,41,13,0,27,1
L4700:T2:I21259,4700,T2,2025-07-27T15:22:29.000Z,42,14,0,27,1
L4700:T2:I21261,4700,T2,2025-09-23T12:45:00.000Z,48,16,0,31,1
L4700:T2:I21260,4700,T2,2025-11-04T12:31:00.000Z,53,20,0,33,0
L4700:T2:I21262,4700,T2,2026-03-05T12:31:00.000Z,73,26,0,46,1
L4701:T0,4701,T0,2025-01-31T00:00:00.000Z,12,12,0,0,0
L4701:T1:I21268,4701,T1,2025-02-02T15:53:55.000Z,13,12,0,0,1
L4701:T2:I21266,4701,T2,2025-07-29T17:40:00.000Z,21,20,0,0,1
L4701:T2:I21267,4701,T2,2025-10-07T19:48:00.000Z,26,25,0,0,1
L4701:T2:I21265,4701,T2,2026-03-05T15:23:00.000Z,38,37,0,0,1
L4702:T0,4702,T0,2026-01-30T00:00:00.000Z,29,29,0,0,0
L4702:T1:I21273,4702,T1,2026-02-02T11:47:50.000Z,30,29,0,0,1
L4702:T2:I21269,4702,T2,2026-02-02T14:11:27.000Z,30,29,0,0,1
L4702:T2:I21276,4702,T2,2026-02-03T09:05:23.000Z,30,29,0,0,1
L4702:T2:I21270,4702,T2,2026-02-03T20:13:20.000Z,29,29,0,0,0
L4702:T2:I21274,4702,T2,2026-02-08T19:49:31.000Z,30,29,0,0,1
L4702:T2:I21272,4702,T2,2026-02-09T12:44:49.000Z,30,29,0,0,1
L4702:T2:I21271,4702,T2,2026-02-11T20:56:02.000Z,30,29,0,0,1
L4702:T2:I21275,4702,T2,2026-02-17T07:26:00.000Z,30,29,0,0,1
L4703:T0,4703,T0,2025-01-26T00:00:00.000Z,31,11,0,20,0
L4703:T1:I21277,4703,T1,2026-03-18T13:01:00.000Z,85,28,0,56,1
L4704:T0,4704,T0,2025-09-18T00:00:00.000Z,53,23,0,30,0
L4704:T1:I21278,4704,T1,2025-09-20T17:38:23.000Z,54,23,0,30,1
L4704:T2:I21284,4704,T2,2025-09-22T07:24:46.000Z,55,24,0,30,1
L4704:T2:I21282,4704,T2,2025-09-29T09:31:38.000Z,55,24,0,30,1
L4704:T2:I21281,4704,T2,2026-03-05T19:12:00.000Z,79,36,0,42,1
L4704:T2:I21280,4704,T2,2026-04-09T08:18:00.000Z,87,42,0,44,1
L4704:T2:I21279,4704,T2,2026-04-13T18:45:00.000Z,87,42,0,44,1
L4704:T2:I21283,4704,T2,2026-06-18T18:22:00.000Z,104,49,0,54,1
L4705:T0,4705,T0,2025-12-15T00:00:00.000Z,34,34,0,0,0
L4705:T1:I21285,4705,T1,2025-12-17T14:27:30.000Z,35,34,0,0,1
L4705:T2:I21286,4705,T2,2025-12-28T12:38:28.000Z,35,34,0,0,1
L4706:T0,4706,T0,2025-08-22T00:00:00.000Z,45,21,0,24,0
L4706:T1:I21288,4706,T1,2025-08-29T19:31:25.000Z,46,21,0,24,1
L4706:T2:I21287,4706,T2,2025-11-23T09:56:00.000Z,54,26,0,27,1
L4706:T2:I21289,4706,T2,2026-03-29T10:07:00.000Z,65,31,0,33,1
L4707:T0,4707,T0,2025-06-20T00:00:00.000Z,48,15,0,33,0
L4707:T1:I21291,4707,T1,2025-06-26T20:02:13.000Z,49,15,0,33,1
L4707:T2:I21290,4707,T2,2025-06-30T08:01:09.000Z,50,16,0,34,0
L4707:T2:I21292,4707,T2,2025-09-14T18:02:00.000Z,59,17,0,41,1
L4707:T2:I21293,4707,T2,2026-05-11T10:55:00.000Z,94,30,0,64,0
L4708:T0,4708,T0,2026-05-23T00:00:00.000Z,63,33,0,30,0
L4708:T1:I21295,4708,T1,2026-05-24T18:50:22.000Z,64,33,0,30,1
L4708:T2:I21296,4708,T2,2026-05-25T08:03:57.000Z,64,33,0,30,1
L4708:T2:I21299,4708,T2,2026-05-27T11:24:56.000Z,64,33,0,30,1
L4708:T2:I21297,4708,T2,2026-05-28T15:41:08.000Z,64,33,0,30,1
L4708:T2:I21294,4708,T2,2026-05-29T11:50:46.000Z,64,33,0,30,1
L4708:T2:I21298,4708,T2,2026-05-30T17:45:18.000Z,64,33,0,30,1
L4709:T0,4709,T0,2026-05-15T00:00:00.000Z,26,26,0,0,0
L4709:T1:I21300,4709,T1,2026-05-17T10:42:08.000Z,26,26,0,0,0
L4709:T2:I21301,4709,T2,2026-05-20T20:21:26.000Z,27,26,0,0,1
L4709:T2:I21302,4709,T2,2026-05-26T16:42:16.000Z,28,27,0,0,1
L4710:T0,4710,T0,2025-03-28T00:00:00.000Z,13,0,13,0,0
L4710:T1:I21303,4710,T1,2025-10-19T09:02:00.000Z,26,0,25,0,1
L4711:T0,4711,T0,2026-03-19T00:00:00.000Z,36,36,0,0,0
L4711:T1:I21309,4711,T1,2026-03-19T17:38:07.000Z,37,36,0,0,1
L4711:T2:I21307,4711,T2,2026-03-21T16:56:28.000Z,37,36,0,0,1
L4711:T2:I21304,4711,T2,2026-03-23T09:47:27.000Z,37,36,0,0,1
L4711:T2:I21308,4711,T2,2026-03-26T14:40:12.000Z,38,37,0,0,1
L4711:T2:I21306,4711,T2,2026-03-30T11:10:48.000Z,38,37,0,0,1
L4711:T2:I21305,4711,T2,2026-06-29T13:42:00.000Z,43,42,0,0,1
L4712:T0,4712,T0,2026-01-03T00:00:00.000Z,31,31,0,0,0
L4712:T1:I21312,4712,T1,2026-01-07T13:12:35.000Z,32,31,0,0,1
L4712:T2:I21311,4712,T2,2026-01-14T20:13:26.000Z,32,31,0,0,1
L4712:T2:I21310,4712,T2,2026-01-16T13:16:42.000Z,33,32,0,0,1
L4713:T0,4713,T0,2025-09-20T00:00:00.000Z,48,24,0,24,0
L4713:T1:I21314,4713,T1,2025-09-27T10:13:44.000Z,50,24,0,25,1
L4713:T2:I21313,4713,T2,2025-10-01T07:44:55.000Z,50,24,0,25,1
L4714:T0,4714,T0,2025-05-19T00:00:00.000Z,27,27,0,0,0
L4714:T1:I21315,4714,T1,2025-05-26T16:25:52.000Z,28,27,0,0,1
L4714:T2:I21321,4714,T2,2025-05-31T15:13:36.000Z,28,27,0,0,1
L4714:T2:I21320,4714,T2,2025-06-01T15:28:55.000Z,28,27,0,0,1
L4714:T2:I21317,4714,T2,2025-09-22T08:21:00.000Z,32,31,0,0,1
L4714:T2:I21319,4714,T2,2025-10-12T18:09:00.000Z,34,33,0,0,1
L4714:T2:I21318,4714,T2,2026-04-04T09:29:00.000Z,48,47,0,0,1
L4714:T2:I21322,4714,T2,2026-04-09T12:46:00.000Z,49,48,0,0,1
L4714:T2:I21316,4714,T2,2026-04-16T09:45:00.000Z,49,49,0,0,0
L4715:T0,4715,T0,2025-09-16T00:00:00.000Z,46,13,0,33,0
L4715:T1:I21323,4715,T1,2025-09-18T19:33:56.000Z,47,13,0,33,1
L4715:T2:I21327,4715,T2,2025-09-24T08:57:14.000Z,48,14,0,33,1
L4715:T2:I21326,4715,T2,2025-09-27T18:04:43.000Z,47,14,0,33,0
L4715:T2:I21328,4715,T2,2025-10-03T17:18:00.000Z,48,14,0,34,0
L4715:T2:I21324,4715,T2,2026-02-10T07:57:00.000Z,71,24,0,46,1
L4715:T2:I21325,4715,T2,2026-03-15T17:48:00.000Z,73,25,0,47,1
L4716:T0,4716,T0,2025-06-08T00:00:00.000Z,30,14,16,0,0
L4716:T1:I21329,4716,T1,2025-06-08T10:09:38.000Z,31,14,16,0,1
L4716:T2:I21334,4716,T2,2025-06-10T07:29:35.000Z,31,14,16,0,1
L4716:T2:I21335,4716,T2,2025-06-13T15:59:30.000Z,31,14,16,0,1
L4716:T2:I21332,4716,T2,2025-06-18T09:16:36.000Z,31,14,16,0,1
L4716:T2:I21330,4716,T2,2025-06-21T14:06:43.000Z,32,14,17,0,1
L4716:T2:I21333,4716,T2,2025-08-11T09:30:00.000Z,35,16,18,0,1
L4716:T2:I21331,4716,T2,2025-11-18T08:49:00.000Z,47,22,24,0,1
L4717:T0,4717,T0,2026-03-21T00:00:00.000Z,26,26,0,0,0
L4717:T1:I21336,4717,T1,2026-03-22T17:56:09.000Z,27,26,0,0,1
L4717:T2:I21340,4717,T2,2026-03-29T07:04:48.000Z,27,26,0,0,1
L4717:T2:I21337,4717,T2,2026-03-30T13:56:45.000Z,27,26,0,0,1
L4717:T2:I21338,4717,T2,2026-03-31T20:27:18.000Z,27,26,0,0,1
L4717:T2:I21339,4717,T2,2026-05-12T19:17:00.000Z,29,28,0,0,1
L4718:T0,4718,T0,2026-03-26T00:00:00.000Z,20,20,0,0,0
L4718:T1:I21345,4718,T1,2026-03-26T13:01:18.000Z,21,20,0,0,1
L4718:T2:I21342,4718,T2,2026-04-05T07:49:45.000Z,21,20,0,0,1
L4718:T2:I21343,4718,T2,2026-04-08T17:45:00.000Z,20,20,0,0,0
L4718:T2:I21344,4718,T2,2026-04-08T17:52:59.000Z,21,20,0,0,1
L4718:T2:I21341,4718,T2,2026-06-05T16:24:00.000Z,22,21,0,0,1
L4719:T0,4719,T0,2026-02-19T00:00:00.000Z,9,9,0,0,0
L4719:T1:I21347,4719,T1,2026-02-20T14:39:26.000Z,10,9,0,0,1
L4719:T2:I21350,4719,T2,2026-02-21T10:04:28.000Z,10,9,0,0,1
L4719:T2:I21346,4719,T2,2026-02-23T12:59:52.000Z,10,9,0,0,1
L4719:T2:I21351,4719,T2,2026-02-27T18:33:17.000Z,10,9,0,0,1
L4719:T2:I21353,4719,T2,2026-03-02T12:19:54.000Z,10,9,0,0,1
L4719:T2:I21349,4719,T2,2026-03-04T11:14:50.000Z,10,9,0,0,1
L4719:T2:I21352,4719,T2,2026-03-04T17:03:07.000Z,10,9,0,0,1
L4719:T2:I21348,4719,T2,2026-03-30T07:57:00.000Z,10,9,0,0,1
L4720:T0,4720,T0,2026-01-08T00:00:00.000Z,62,28,0,34,0
L4720:T1:I21356,4720,T1,2026-01-08T16:45:17.000Z,63,28,0,34,1
L4720:T2:I21358,4720,T2,2026-01-11T10:14:31.000Z,64,28,0,35,1
L4720:T2:I21355,4720,T2,2026-01-13T08:47:54.000Z,64,28,0,35,1
L4720:T2:I21361,4720,T2,2026-01-13T14:05:22.000Z,64,28,0,35,1
L4720:T2:I21354,4720,T2,2026-01-16T08:49:16.000Z,65,28,0,36,1
L4720:T2:I21360,4720,T2,2026-01-17T10:33:25.000Z,65,28,0,36,1
L4720:T2:I21359,4720,T2,2026-01-19T14:47:58.000Z,65,28,0,36,1
L4720:T2:I21357,4720,T2,2026-01-20T13:59:18.000Z,66,29,0,36,1
L4721:T0,4721,T0,2025-12-12T00:00:00.000Z,40,0,17,23,0
L4721:T1:I21366,4721,T1,2025-12-12T11:28:38.000Z,41,0,17,23,1
L4721:T2:I21367,4721,T2,2025-12-13T12:03:16.000Z,41,0,17,23,1
L4721:T2:I21362,4721,T2,2025-12-14T15:15:07.000Z,41,0,17,23,1
L4721:T2:I21363,4721,T2,2025-12-20T09:23:20.000Z,41,0,17,23,1
L4721:T2:I21364,4721,T2,2025-12-20T15:39:23.000Z,41,0,17,23,1
L4721:T2:I21365,4721,T2,2025-12-25T08:03:02.000Z,41,0,17,23,1
L4722:T0,4722,T0,2025-04-29T00:00:00.000Z,8,8,0,0,0
L4722:T1:I21369,4722,T1,2025-04-30T15:44:17.000Z,9,8,0,0,1
L4722:T2:I21372,4722,T2,2025-05-01T10:40:47.000Z,9,8,0,0,1
L4722:T2:I21373,4722,T2,2025-05-06T08:46:25.000Z,10,9,0,0,1
L4722:T2:I21375,4722,T2,2025-05-10T08:48:31.000Z,10,9,0,0,1
L4722:T2:I21370,4722,T2,2025-05-12T08:46:15.000Z,10,9,0,0,1
L4722:T2:I21371,4722,T2,2025-06-28T19:01:00.000Z,13,12,0,0,1
L4722:T2:I21368,4722,T2,2025-08-31T08:32:00.000Z,14,13,0,0,1
L4722:T2:I21374,4722,T2,2026-06-30T10:18:00.000Z,33,32,0,0,1
L4723:T0,4723,T0,2026-01-08T00:00:00.000Z,57,26,0,31,0
L4723:T1:I21381,4723,T1,2026-01-08T09:05:56.000Z,58,26,0,31,1
L4723:T2:I21379,4723,T2,2026-01-15T12:21:47.000Z,58,26,0,31,1
L4723:T2:I21382,4723,T2,2026-01-16T20:45:51.000Z,58,26,0,31,1
L4723:T2:I21376,4723,T2,2026-01-16T20:48:55.000Z,58,26,0,31,1
L4723:T2:I21377,4723,T2,2026-02-28T15:54:00.000Z,64,28,0,35,1
L4723:T2:I21380,4723,T2,2026-03-20T16:21:00.000Z,67,29,0,37,1
L4723:T2:I21378,4723,T2,2026-06-17T15:40:00.000Z,82,35,0,46,1
L4724:T0,4724,T0,2025-09-05T00:00:00.000Z,47,0,23,24,0
L4724:T1:I21385,4724,T1,2025-09-06T18:14:00.000Z,48,0,23,24,1
L4724:T2:I21387,4724,T2,2025-09-08T09:09:46.000Z,47,0,23,24,0
L4724:T2:I21386,4724,T2,2025-09-16T16:22:52.000Z,48,0,23,24,1
L4724:T2:I21384,4724,T2,2025-09-16T17:04:52.000Z,47,0,23,24,0
L4724:T2:I21383,4724,T2,2025-12-21T16:49:00.000Z,57,0,26,30,1
L4725:T0,4725,T0,2026-05-06T00:00:00.000Z,30,30,0,0,0
L4725:T1:I21389,4725,T1,2026-05-17T16:23:11.000Z,31,30,0,0,1
L4725:T2:I21388,4725,T2,2026-05-19T16:44:36.000Z,31,30,0,0,1
L4725:T2:I21390,4725,T2,2026-06-01T10:23:00.000Z,31,30,0,0,1
L4726:T0,4726,T0,2025-03-25T00:00:00.000Z,39,13,0,26,0
L4726:T1:I21391,4726,T1,2025-03-28T14:02:11.000Z,40,13,0,26,1
L4727:T0,4727,T0,2025-02-18T00:00:00.000Z,20,6,0,14,0
L4727:T1:I21392,4727,T1,2026-04-07T07:27:00.000Z,63,29,0,33,1
L4728:T0,4728,T0,2025-02-21T00:00:00.000Z,31,16,0,15,0
L4728:T1:I21393,4728,T1,2025-10-02T14:58:00.000Z,68,30,0,37,1
L4729:T0,4729,T0,2025-04-22T00:00:00.000Z,25,9,0,16,0
L4729:T1:I21397,4729,T1,2025-04-26T19:30:00.000Z,26,9,0,16,1
L4729:T2:I21399,4729,T2,2025-04-29T11:36:41.000Z,28,9,0,18,1
L4729:T2:I21396,4729,T2,2025-05-02T15:31:36.000Z,28,9,0,18,1
L4729:T2:I21401,4729,T2,2025-05-04T08:48:46.000Z,28,9,0,18,1
L4729:T2:I21394,4729,T2,2025-05-07T09:32:00.000Z,28,9,0,18,1
L4729:T2:I21400,4729,T2,2025-10-06T08:27:00.000Z,50,14,0,35,1
L4729:T2:I21398,4729,T2,2026-04-05T15:26:00.000Z,74,26,0,47,1
L4729:T2:I21395,4729,T2,2026-06-24T18:28:00.000Z,88,32,0,55,1
L4730:T0,4730,T0,2026-04-12T00:00:00.000Z,50,21,0,29,0
L4730:T1:I21402,4730,T1,2026-04-13T10:58:23.000Z,52,21,0,30,1
L4730:T2:I21404,4730,T2,2026-04-18T08:20:57.000Z,52,21,0,30,1
L4730:T2:I21403,4730,T2,2026-05-07T10:37:00.000Z,55,23,0,31,1
L4731:T0,4731,T0,2025-06-23T00:00:00.000Z,40,20,0,20,0
L4731:T1:I21410,4731,T1,2025-06-23T14:56:41.000Z,41,20,0,20,1
L4731:T2:I21405,4731,T2,2025-06-25T13:13:20.000Z,41,20,0,20,1
L4731:T2:I21408,4731,T2,2025-06-28T13:32:31.000Z,41,20,0,20,1
L4731:T2:I21407,4731,T2,2025-07-04T15:46:28.000Z,41,20,0,20,1
L4731:T2:I21406,4731,T2,2025-07-30T13:19:00.000Z,47,25,0,21,1
L4731:T2:I21409,4731,T2,2026-02-21T11:10:00.000Z,61,32,0,28,1
L4732:T0,4732,T0,2025-11-05T00:00:00.000Z,63,34,29,0,0
L4732:T1:I21413,4732,T1,2025-11-12T20:51:58.000Z,64,34,29,0,1
L4732:T2:I21411,4732,T2,2025-11-17T17:19:54.000Z,65,34,30,0,1
L4732:T2:I21414,4732,T2,2026-03-05T08:51:00.000Z,80,44,36,0,0
L4732:T2:I21412,4732,T2,2026-06-29T13:19:00.000Z,94,51,42,0,1
L4733:T0,4733,T0,2025-07-21T00:00:00.000Z,37,19,0,18,0
L4733:T1:I21418,4733,T1,2025-07-23T07:16:37.000Z,38,19,0,18,1
L4733:T2:I21415,4733,T2,2025-07-27T13:59:33.000Z,38,19,0,18,1
L4733:T2:I21419,4733,T2,2025-07-31T09:25:39.000Z,39,19,0,19,1
L4733:T2:I21417,4733,T2,2025-08-03T16:24:13.000Z,39,19,0,19,1
L4733:T2:I21416,4733,T2,2025-11-17T17:29:00.000Z,51,27,0,23,1
L4734:T0,4734,T0,2025-03-24T00:00:00.000Z,9,1,0,8,0
L4734:T1:I21420,4734,T1,2025-10-17T17:34:00.000Z,22,9,0,12,1
L4734:T2:I21421,4734,T2,2026-03-15T08:59:00.000Z,31,17,0,13,1
L4735:T0,4735,T0,2025-03-11T00:00:00.000Z,12,12,0,0,0
L4735:T1:I21422,4735,T1,2025-03-16T16:46:00.000Z,12,12,0,0,0
L4735:T2:I21425,4735,T2,2025-03-22T16:18:53.000Z,13,12,0,0,1
L4735:T2:I21424,4735,T2,2025-03-23T12:06:48.000Z,13,12,0,0,1
L4735:T2:I21423,4735,T2,2026-03-22T11:55:00.000Z,27,26,0,0,1
L4736:T0,4736,T0,2025-11-28T00:00:00.000Z,44,23,21,0,0
L4736:T1:I21428,4736,T1,2025-12-07T07:39:41.000Z,46,23,22,0,1
L4736:T2:I21426,4736,T2,2025-12-10T16:29:00.000Z,47,24,22,0,1
L4736:T2:I21427,4736,T2,2026-03-16T16:46:00.000Z,52,28,23,0,1
L4737:T0,4737,T0,2025-12-22T00:00:00.000Z,21,21,0,0,0
L4737:T1:I21429,4737,T1,2026-06-09T08:47:00.000Z,33,32,0,0,1
L4738:T0,4738,T0,2025-08-13T00:00:00.000Z,9,0,9,0,0
L4738:T1:I21431,4738,T1,2025-08-14T11:32:29.000Z,10,0,9,0,1
L4738:T2:I21432,4738,T2,2025-11-15T12:35:00.000Z,11,0,10,0,1
L4738:T2:I21433,4738,T2,2026-02-12T18:11:00.000Z,12,0,11,0,1
L4738:T2:I21430,4738,T2,2026-05-08T16:15:00.000Z,13,0,12,0,1
L4739:T0,4739,T0,2025-08-14T00:00:00.000Z,35,18,17,0,0
L4739:T1:I21435,4739,T1,2025-08-18T10:32:48.000Z,36,18,17,0,1
L4739:T2:I21436,4739,T2,2026-02-13T16:18:00.000Z,51,26,24,0,1
L4739:T2:I21434,4739,T2,2026-05-12T11:33:00.000Z,58,29,28,0,1
L4740:T0,4740,T0,2025-10-23T00:00:00.000Z,53,26,0,27,0
L4740:T1:I21437,4740,T1,2025-11-03T10:54:43.000Z,55,26,0,28,1
L4741:T0,4741,T0,2025-05-13T00:00:00.000Z,10,0,10,0,0
L4741:T1:I21439,4741,T1,2025-05-23T11:09:34.000Z,12,0,11,0,1
L4741:T2:I21438,4741,T2,2025-05-26T10:01:29.000Z,12,0,11,0,1
L4741:T2:I21440,4741,T2,2026-01-20T11:57:00.000Z,23,0,22,0,1
L4742:T0,4742,T0,2025-01-24T00:00:00.000Z,27,16,0,11,0
L4742:T1:I21441,4742,T1,2025-02-02T14:30:33.000Z,28,16,0,11,1
L4743:T0,4743,T0,2026-04-14T00:00:00.000Z,43,43,0,0,0
L4743:T1:I21444,4743,T1,2026-04-16T12:08:48.000Z,43,43,0,0,0
L4743:T2:I21443,4743,T2,2026-04-23T08:42:49.000Z,44,44,0,0,0
L4743:T2:I21442,4743,T2,2026-04-23T11:18:01.000Z,45,44,0,0,1
L4744:T0,4744,T0,2025-03-12T00:00:00.000Z,17,5,12,0,0
L4744:T1:I21447,4744,T1,2025-04-24T11:43:00.000Z,21,5,15,0,1
L4744:T2:I21450,4744,T2,2025-04-28T09:08:00.000Z,22,6,15,0,1
L4744:T2:I21448,4744,T2,2025-07-08T08:35:00.000Z,32,11,20,0,1
L4744:T2:I21446,4744,T2,2025-08-05T12:20:00.000Z,34,11,22,0,1
L4744:T2:I21451,4744,T2,2025-09-27T12:14:00.000Z,35,13,22,0,0
L4744:T2:I21449,4744,T2,2025-10-19T09:31:00.000Z,38,15,22,0,1
L4744:T2:I21452,4744,T2,2026-01-20T12:50:00.000Z,44,18,25,0,1
L4744:T2:I21445,4744,T2,2026-02-03T07:49:00.000Z,45,18,26,0,1
L4745:T0,4745,T0,2025-10-20T00:00:00.000Z,25,25,0,0,0
L4745:T1:I21454,4745,T1,2025-10-21T18:43:35.000Z,26,25,0,0,1
L4745:T2:I21457,4745,T2,2025-10-28T12:22:11.000Z,26,25,0,0,1
L4745:T2:I21455,4745,T2,2025-10-31T19:37:15.000Z,26,25,0,0,1
L4745:T2:I21458,4745,T2,2025-11-01T09:35:52.000Z,26,25,0,0,1
L4745:T2:I21456,4745,T2,2025-11-01T19:41:35.000Z,26,25,0,0,1
L4745:T2:I21459,4745,T2,2026-02-01T19:02:00.000Z,29,28,0,0,1
L4745:T2:I21453,4745,T2,2026-04-30T08:17:00.000Z,31,30,0,0,1
L4746:T0,4746,T0,2025-08-02T00:00:00.000Z,32,18,14,0,0
L4746:T1:I21460,4746,T1,2025-08-02T14:13:16.000Z,33,18,14,0,1
L4746:T2:I21461,4746,T2,2025-11-22T20:41:00.000Z,44,23,21,0,0
L4747:T0,4747,T0,2025-06-24T00:00:00.000Z,42,0,24,18,0
L4747:T1:I21469,4747,T1,2025-06-26T14:15:44.000Z,42,0,24,18,0
L4747:T2:I21464,4747,T2,2025-06-28T07:07:44.000Z,43,0,24,18,1
L4747:T2:I21467,4747,T2,2025-06-28T18:18:11.000Z,42,0,24,18,0
L4747:T2:I21466,4747,T2,2025-07-07T11:41:30.000Z,43,0,24,18,1
L4747:T2:I21462,4747,T2,2025-10-11T15:15:00.000Z,50,0,25,24,1
L4747:T2:I21468,4747,T2,2026-03-29T11:40:00.000Z,65,0,33,31,1
L4747:T2:I21465,4747,T2,2026-06-07T12:32:00.000Z,69,0,36,32,1
L4747:T2:I21463,4747,T2,2026-06-18T18:50:00.000Z,70,0,37,32,1
L4748:T0,4748,T0,2025-01-20T00:00:00.000Z,25,14,0,11,0
L4748:T1:I21472,4748,T1,2025-01-29T12:42:58.000Z,27,15,0,11,1
L4748:T2:I21470,4748,T2,2025-08-18T07:37:00.000Z,41,21,0,19,1
L4748:T2:I21471,4748,T2,2026-03-27T18:28:00.000Z,58,28,0,29,1
L4749:T0,4749,T0,2026-03-28T00:00:00.000Z,21,21,0,0,0
L4749:T1:I21473,4749,T1,2026-04-03T20:11:48.000Z,22,21,0,0,1
L4750:T0,4750,T0,2026-05-25T00:00:00.000Z,63,33,0,30,0
L4750:T1:I21475,4750,T1,2026-05-27T09:04:26.000Z,64,33,0,30,1
L4750:T2:I21474,4750,T2,2026-05-28T20:36:39.000Z,64,33,0,30,1
L4750:T2:I21476,4750,T2,2026-06-02T11:28:55.000Z,63,33,0,30,0
L4750:T2:I21477,4750,T2,2026-06-03T08:09:49.000Z,64,33,0,30,1
L4750:T2:I21478,4750,T2,2026-06-06T16:16:28.000Z,64,33,0,30,1
L4751:T0,4751,T0,2025-09-16T00:00:00.000Z,14,14,0,0,0
L4751:T1:I21481,4751,T1,2025-09-19T15:49:06.000Z,15,14,0,0,1
L4751:T2:I21480,4751,T2,2025-09-22T19:59:53.000Z,15,14,0,0,1
L4751:T2:I21479,4751,T2,2025-11-13T17:15:00.000Z,18,17,0,0,1
L4751:T2:I21482,4751,T2,2026-02-01T20:59:00.000Z,26,26,0,0,0
L4752:T0,4752,T0,2026-04-21T00:00:00.000Z,27,27,0,0,0
L4752:T1:I21485,4752,T1,2026-04-22T12:41:21.000Z,28,27,0,0,1
L4752:T2:I21486,4752,T2,2026-04-22T14:35:23.000Z,28,27,0,0,1
L4752:T2:I21484,4752,T2,2026-05-03T20:30:03.000Z,29,28,0,0,1
L4752:T2:I21483,4752,T2,2026-05-04T09:15:25.000Z,29,28,0,0,1
L4753:T0,4753,T0,2025-08-17T00:00:00.000Z,34,21,0,13,0
L4753:T1:I21487,4753,T1,2026-05-01T20:09:00.000Z,54,31,0,22,1
L4754:T0,4754,T0,2026-03-05T00:00:00.000Z,33,17,0,16,0
L4754:T1:I21489,4754,T1,2026-03-07T18:44:02.000Z,34,17,0,16,1
L4754:T2:I21490,4754,T2,2026-03-09T20:27:34.000Z,33,17,0,16,0
L4754:T2:I21488,4754,T2,2026-03-13T07:03:25.000Z,34,17,0,16,1
L4755:T0,4755,T0,2026-01-29T00:00:00.000Z,32,32,0,0,0
L4755:T1:I21491,4755,T1,2026-06-23T16:24:00.000Z,38,37,0,0,1
L4756:T0,4756,T0,2025-08-10T00:00:00.000Z,35,0,15,20,0
L4756:T1:I21493,4756,T1,2025-10-02T10:52:00.000Z,40,0,19,21,0
L4756:T2:I21492,4756,T2,2025-10-19T14:45:00.000Z,42,0,20,22,0
L4757:T0,4757,T0,2026-05-27T00:00:00.000Z,98,51,0,47,0
L4757:T1:I21496,4757,T1,2026-06-02T19:52:09.000Z,100,51,0,48,1
L4757:T2:I21494,4757,T2,2026-06-05T08:37:09.000Z,100,51,0,48,1
L4757:T2:I21495,4757,T2,2026-06-07T11:57:07.000Z,100,51,0,48,1
L4758:T0,4758,T0,2025-11-12T00:00:00.000Z,56,30,0,26,0
L4758:T1:I21500,4758,T1,2025-11-13T14:42:38.000Z,57,30,0,26,1
L4758:T2:I21501,4758,T2,2025-11-16T12:14:18.000Z,57,30,0,26,1
L4758:T2:I21498,4758,T2,2025-11-21T14:16:38.000Z,57,30,0,26,1
L4758:T2:I21497,4758,T2,2026-02-16T18:20:00.000Z,69,37,0,31,1
L4758:T2:I21499,4758,T2,2026-03-23T10:19:00.000Z,72,38,0,33,1
L4759:T0,4759,T0,2026-01-27T00:00:00.000Z,76,29,0,47,0
L4759:T1:I21506,4759,T1,2026-01-27T13:24:02.000Z,76,29,0,47,0
L4759:T2:I21502,4759,T2,2026-01-29T19:00:01.000Z,78,29,0,48,1
L4759:T2:I21503,4759,T2,2026-02-02T10:55:28.000Z,78,29,0,48,1
L4759:T2:I21504,4759,T2,2026-03-23T14:01:00.000Z,85,32,0,53,0
L4759:T2:I21505,4759,T2,2026-04-21T09:21:00.000Z,90,32,0,57,1
L4760:T0,4760,T0,2025-04-25T00:00:00.000Z,25,16,0,9,0
L4760:T1:I21508,4760,T1,2025-04-28T11:17:20.000Z,26,16,0,9,1
L4760:T2:I21511,4760,T2,2025-05-07T09:00:07.000Z,27,17,0,9,1
L4760:T2:I21510,4760,T2,2025-06-30T10:22:00.000Z,32,19,0,12,1
L4760:T2:I21509,4760,T2,2025-07-19T10:53:00.000Z,33,20,0,12,1
L4760:T2:I21507,4760,T2,2025-10-20T07:58:00.000Z,38,22,0,16,0
L4761:T0,4761,T0,2026-05-15T00:00:00.000Z,29,29,0,0,0
L4761:T1:I21512,4761,T1,2026-05-24T13:23:07.000Z,30,29,0,0,1
L4762:T0,4762,T0,2025-10-17T00:00:00.000Z,19,19,0,0,0
L4762:T1:I21517,4762,T1,2025-10-20T08:39:32.000Z,20,19,0,0,1
L4762:T2:I21513,4762,T2,2025-10-20T17:34:17.000Z,20,19,0,0,1
L4762:T2:I21514,4762,T2,2025-10-21T18:23:44.000Z,20,19,0,0,1
L4762:T2:I21516,4762,T2,2025-10-24T19:09:02.000Z,20,19,0,0,1
L4762:T2:I21519,4762,T2,2025-10-27T13:26:50.000Z,20,19,0,0,1
L4762:T2:I21520,4762,T2,2025-10-27T17:11:29.000Z,20,19,0,0,1
L4762:T2:I21518,4762,T2,2025-10-29T08:52:35.000Z,20,19,0,0,1
L4762:T2:I21515,4762,T2,2025-10-30T18:48:45.000Z,20,19,0,0,1
L4763:T0,4763,T0,2026-06-27T00:00:00.000Z,101,33,0,68,0
L4763:T1:I21526,4763,T1,2026-06-29T09:02:49.000Z,102,33,0,68,1
L4763:T2:I21527,4763,T2,2026-06-29T20:18:18.000Z,102,33,0,68,1
L4763:T2:I21521,4763,T2,2026-07-04T07:21:09.000Z,102,33,0,68,1
L4763:T2:I21522,4763,T2,2026-07-04T10:44:46.000Z,102,33,0,68,1
L4763:T2:I21523,4763,T2,2026-07-05T07:21:10.000Z,102,33,0,68,1
L4763:T2:I21524,4763,T2,2026-07-06T08:00:35.000Z,102,33,0,68,1
L4763:T2:I21525,4763,T2,2026-07-08T09:39:17.000Z,101,33,0,68,0
L4763:T2:I21528,4763,T2,2026-07-10T10:20:39.000Z,102,33,0,68,1
L4764:T0,4764,T0,2026-04-07T00:00:00.000Z,46,24,22,0,0
L4764:T1:I21532,4764,T1,2026-04-08T07:35:18.000Z,47,25,22,0,0
L4764:T2:I21529,4764,T2,2026-04-08T11:35:20.000Z,48,25,22,0,1
L4764:T2:I21535,4764,T2,2026-04-08T14:50:11.000Z,48,25,22,0,1
L4764:T2:I21533,4764,T2,2026-04-16T19:36:27.000Z,50,27,22,0,1
L4764:T2:I21531,4764,T2,2026-04-18T20:20:41.000Z,50,27,22,0,1
L4764:T2:I21530,4764,T2,2026-04-19T16:22:50.000Z,50,27,22,0,1
L4764:T2:I21536,4764,T2,2026-04-20T07:52:27.000Z,50,27,22,0,1
L4764:T2:I21534,4764,T2,2026-06-11T12:50:00.000Z,56,30,25,0,1
L4765:T0,4765,T0,2026-04-03T00:00:00.000Z,69,40,0,29,0
L4765:T1:I21537,4765,T1,2026-04-06T09:12:49.000Z,70,40,0,29,1
L4766:T0,4766,T0,2026-05-14T00:00:00.000Z,12,12,0,0,0
L4766:T1:I21539,4766,T1,2026-05-16T10:43:14.000Z,13,12,0,0,1
L4766:T2:I21538,4766,T2,2026-05-20T07:30:51.000Z,14,13,0,0,1
L4767:T0,4767,T0,2026-01-22T00:00:00.000Z,55,28,0,27,0
L4767:T1:I21542,4767,T1,2026-01-26T19:58:09.000Z,55,28,0,27,0
L4767:T2:I21540,4767,T2,2026-01-27T08:52:55.000Z,56,28,0,27,1
L4767:T2:I21544,4767,T2,2026-01-27T10:42:58.000Z,56,28,0,27,1
L4767:T2:I21543,4767,T2,2026-01-29T10:43:55.000Z,56,28,0,27,1
L4767:T2:I21541,4767,T2,2026-01-31T19:00:48.000Z,56,28,0,27,1
L4767:T2:I21545,4767,T2,2026-04-05T13:01:00.000Z,65,33,0,31,1
L4768:T0,4768,T0,2026-06-06T00:00:00.000Z,49,49,0,0,0
L4768:T1:I21547,4768,T1,2026-06-09T10:23:10.000Z,50,49,0,0,1
L4768:T2:I21546,4768,T2,2026-06-09T12:53:14.000Z,50,49,0,0,1
L4768:T2:I21549,4768,T2,2026-06-12T19:02:32.000Z,50,49,0,0,1
L4768:T2:I21550,4768,T2,2026-06-14T16:36:08.000Z,50,49,0,0,1
L4768:T2:I21548,4768,T2,2026-06-15T19:59:49.000Z,50,49,0,0,1
L4769:T0,4769,T0,2025-09-24T00:00:00.000Z,18,18,0,0,0
L4769:T1:I21553,4769,T1,2025-09-25T17:56:50.000Z,19,18,0,0,1
L4769:T2:I21557,4769,T2,2025-09-27T17:11:41.000Z,19,18,0,0,1
L4769:T2:I21556,4769,T2,2025-09-30T13:28:19.000Z,19,18,0,0,1
L4769:T2:I21551,4769,T2,2025-10-01T17:18:18.000Z,19,18,0,0,1
L4769:T2:I21555,4769,T2,2025-10-02T20:35:40.000Z,19,18,0,0,1
L4769:T2:I21554,4769,T2,2026-01-29T09:35:00.000Z,19,18,0,0,1
L4769:T2:I21552,4769,T2,2026-06-05T09:20:00.000Z,26,25,0,0,1
L4770:T0,4770,T0,2025-05-02T00:00:00.000Z,10,10,0,0,0
L4770:T1:I21558,4770,T1,2025-05-03T17:24:24.000Z,11,10,0,0,1
L4770:T2:I21561,4770,T2,2025-05-08T08:55:14.000Z,12,11,0,0,1
L4770:T2:I21559,4770,T2,2026-02-01T12:13:00.000Z,21,20,0,0,1
L4770:T2:I21560,4770,T2,2026-06-17T12:05:00.000Z,31,30,0,0,1
L4771:T0,4771,T0,2025-07-28T00:00:00.000Z,52,29,23,0,0
L4771:T1:I21563,4771,T1,2025-07-30T20:43:09.000Z,53,29,23,0,1
L4771:T2:I21562,4771,T2,2025-10-20T09:16:00.000Z,62,33,28,0,1
L4772:T0,4772,T0,2026-01-20T00:00:00.000Z,26,26,0,0,0
L4772:T1:I21565,4772,T1,2026-01-20T13:31:17.000Z,27,26,0,0,1
L4772:T2:I21564,4772,T2,2026-01-25T12:12:06.000Z,27,26,0,0,1
L4772:T2:I21567,4772,T2,2026-01-25T16:23:17.000Z,27,26,0,0,1
L4772:T2:I21569,4772,T2,2026-01-28T12:08:45.000Z,27,26,0,0,1
L4772:T2:I21568,4772,T2,2026-01-30T11:38:30.000Z,27,26,0,0,1
L4772:T2:I21570,4772,T2,2026-01-30T19:02:48.000Z,27,26,0,0,1
L4772:T2:I21566,4772,T2,2026-03-12T16:52:00.000Z,29,28,0,0,1
L4772:T2:I21571,4772,T2,2026-04-23T18:00:00.000Z,32,31,0,0,1
L4773:T0,4773,T0,2026-01-12T00:00:00.000Z,52,25,0,27,0
L4773:T1:I21573,4773,T1,2026-01-15T09:32:41.000Z,53,25,0,27,1
L4773:T2:I21574,4773,T2,2026-01-16T20:46:55.000Z,55,27,0,27,1
L4773:T2:I21572,4773,T2,2026-01-20T15:41:04.000Z,56,27,0,28,1
L4774:T0,4774,T0,2026-02-14T00:00:00.000Z,23,23,0,0,0
L4774:T1:I21580,4774,T1,2026-02-17T14:02:52.000Z,24,23,0,0,1
L4774:T2:I21576,4774,T2,2026-02-19T20:37:26.000Z,24,23,0,0,1
L4774:T2:I21575,4774,T2,2026-02-22T07:28:21.000Z,24,23,0,0,1
L4774:T2:I21577,4774,T2,2026-02-24T16:22:52.000Z,24,23,0,0,1
L4774:T2:I21579,4774,T2,2026-02-25T20:40:08.000Z,24,23,0,0,1
L4774:T2:I21578,4774,T2,2026-06-24T15:57:00.000Z,32,31,0,0,1
L4775:T0,4775,T0,2025-09-13T00:00:00.000Z,21,21,0,0,0
L4775:T1:I21582,4775,T1,2025-09-14T11:31:17.000Z,22,21,0,0,1
L4775:T2:I21584,4775,T2,2025-09-15T11:05:33.000Z,22,21,0,0,1
L4775:T2:I21583,4775,T2,2025-09-22T08:28:52.000Z,22,21,0,0,1
L4775:T2:I21586,4775,T2,2026-02-21T20:08:00.000Z,36,35,0,0,1
L4775:T2:I21581,4775,T2,2026-02-27T12:22:00.000Z,36,35,0,0,1
L4775:T2:I21585,4775,T2,2026-05-02T08:47:00.000Z,39,38,0,0,1
L4776:T0,4776,T0,2025-09-30T00:00:00.000Z,24,24,0,0,0
L4776:T1:I21587,4776,T1,2026-01-06T19:29:00.000Z,33,32,0,0,1
L4777:T0,4777,T0,2025-10-04T00:00:00.000Z,20,20,0,0,0
L4777:T1:I21588,4777,T1,2025-10-17T08:09:28.000Z,22,21,0,0,1
L4777:T2:I21591,4777,T2,2025-10-17T12:19:20.000Z,22,21,0,0,1
L4777:T2:I21590,4777,T2,2026-02-25T08:32:00.000Z,27,26,0,0,1
L4777:T2:I21592,4777,T2,2026-04-07T08:50:00.000Z,29,28,0,0,1
L4777:T2:I21589,4777,T2,2026-05-10T19:47:00.000Z,31,30,0,0,1
L4778:T0,4778,T0,2026-05-06T00:00:00.000Z,39,39,0,0,0
L4778:T1:I21599,4778,T1,2026-05-06T07:09:35.000Z,40,39,0,0,1
L4778:T2:I21594,4778,T2,2026-05-08T20:16:22.000Z,40,39,0,0,1
L4778:T2:I21593,4778,T2,2026-05-09T13:32:43.000Z,40,39,0,0,1
L4778:T2:I21595,4778,T2,2026-05-09T14:10:02.000Z,40,39,0,0,1
L4778:T2:I21597,4778,T2,2026-05-16T10:51:02.000Z,40,39,0,0,1
L4778:T2:I21600,4778,T2,2026-05-16T14:55:24.000Z,39,39,0,0,0
L4778:T2:I21598,4778,T2,2026-05-17T14:46:13.000Z,40,39,0,0,1
L4778:T2:I21596,4778,T2,2026-05-18T14:10:26.000Z,40,39,0,0,1
L4779:T0,4779,T0,2026-03-10T00:00:00.000Z,48,24,0,24,0
L4779:T1:I21603,4779,T1,2026-03-12T18:12:06.000Z,50,25,0,24,1
L4779:T2:I21602,4779,T2,2026-03-18T12:29:17.000Z,51,26,0,24,1
L4779:T2:I21604,4779,T2,2026-03-21T16:48:46.000Z,51,26,0,24,1
L4779:T2:I21601,4779,T2,2026-03-23T20:54:19.000Z,51,26,0,24,1
L4780:T0,4780,T0,2025-11-28T00:00:00.000Z,88,26,0,62,0
L4780:T1:I21608,4780,T1,2025-12-07T11:44:48.000Z,92,27,0,64,1
L4780:T2:I21605,4780,T2,2025-12-11T19:56:38.000Z,93,28,0,64,1
L4780:T2:I21607,4780,T2,2026-02-27T13:29:00.000Z,104,32,0,71,1
L4780:T2:I21606,4780,T2,2026-04-25T13:33:00.000Z,111,34,0,76,1
L4781:T0,4781,T0,2026-03-19T00:00:00.000Z,20,20,0,0,0
L4781:T1:I21612,4781,T1,2026-03-19T16:06:27.000Z,21,20,0,0,1
L4781:T2:I21613,4781,T2,2026-03-28T20:23:11.000Z,21,20,0,0,1
L4781:T2:I21611,4781,T2,2026-03-31T17:59:53.000Z,20,20,0,0,0
L4781:T2:I21610,4781,T2,2026-03-31T19:09:00.000Z,21,20,0,0,1
L4781:T2:I21609,4781,T2,2026-06-13T19:39:00.000Z,24,24,0,0,0
L4782:T0,4782,T0,2026-05-05T00:00:00.000Z,20,20,0,0,0
L4782:T1:I21615,4782,T1,2026-05-09T08:54:53.000Z,21,20,0,0,1
L4782:T2:I21616,4782,T2,2026-05-10T15:55:13.000Z,21,20,0,0,1
L4782:T2:I21614,4782,T2,2026-05-13T14:09:54.000Z,21,20,0,0,1
L4782:T2:I21619,4782,T2,2026-05-14T12:35:24.000Z,21,20,0,0,1
L4782:T2:I21617,4782,T2,2026-05-15T09:59:36.000Z,21,20,0,0,1
L4782:T2:I21618,4782,T2,2026-05-16T12:57:15.000Z,21,20,0,0,1
L4783:T0,4783,T0,2025-05-02T00:00:00.000Z,16,16,0,0,0
L4783:T1:I21626,4783,T1,2025-05-02T14:22:34.000Z,17,16,0,0,1
L4783:T2:I21625,4783,T2,2025-05-13T16:53:38.000Z,19,18,0,0,1
L4783:T2:I21620,4783,T2,2025-05-15T14:39:14.000Z,19,18,0,0,1
L4783:T2:I21622,4783,T2,2025-10-20T20:00:00.000Z,27,26,0,0,1
L4783:T2:I21621,4783,T2,2025-11-22T17:47:00.000Z,28,27,0,0,1
L4783:T2:I21624,4783,T2,2026-02-10T12:47:00.000Z,29,28,0,0,1
L4783:T2:I21623,4783,T2,2026-03-05T14:46:00.000Z,30,29,0,0,1
L4784:T0,4784,T0,2026-03-18T00:00:00.000Z,31,31,0,0,0
L4784:T1:I21628,4784,T1,2026-03-18T20:05:09.000Z,32,31,0,0,1
L4784:T2:I21630,4784,T2,2026-03-19T09:46:36.000Z,32,31,0,0,1
L4784:T2:I21633,4784,T2,2026-03-21T16:42:11.000Z,32,31,0,0,1
L4784:T2:I21631,4784,T2,2026-03-24T16:22:41.000Z,32,31,0,0,1
L4784:T2:I21629,4784,T2,2026-03-25T13:29:35.000Z,32,31,0,0,1
L4784:T2:I21627,4784,T2,2026-03-28T18:45:43.000Z,32,31,0,0,1
L4784:T2:I21632,4784,T2,2026-03-30T17:55:52.000Z,32,31,0,0,1
L4785:T0,4785,T0,2025-11-29T00:00:00.000Z,37,19,0,18,0
L4785:T1:I21638,4785,T1,2025-12-01T17:58:38.000Z,38,19,0,18,1
L4785:T2:I21635,4785,T2,2025-12-03T10:50:24.000Z,38,19,0,18,1
L4785:T2:I21634,4785,T2,2025-12-06T15:15:51.000Z,38,19,0,18,1
L4785:T2:I21637,4785,T2,2025-12-07T20:49:56.000Z,38,19,0,18,1
L4785:T2:I21639,4785,T2,2026-03-09T12:26:00.000Z,53,29,0,23,1
L4785:T2:I21636,4785,T2,2026-05-14T09:57:00.000Z,61,34,0,26,1
L4786:T0,4786,T0,2025-08-30T00:00:00.000Z,14,14,0,0,0
L4786:T1:I21640,4786,T1,2026-01-29T13:39:00.000Z,18,17,0,0,1
L4787:T0,4787,T0,2026-06-15T00:00:00.000Z,33,33,0,0,0
L4787:T1:I21642,4787,T1,2026-06-15T12:05:42.000Z,34,33,0,0,1
L4787:T2:I21641,4787,T2,2026-06-18T15:17:51.000Z,34,33,0,0,1
L4787:T2:I21644,4787,T2,2026-06-21T07:12:34.000Z,34,33,0,0,1
L4787:T2:I21646,4787,T2,2026-06-22T15:13:05.000Z,34,33,0,0,1
L4787:T2:I21645,4787,T2,2026-06-25T12:25:23.000Z,34,33,0,0,1
L4787:T2:I21643,4787,T2,2026-06-28T10:05:21.000Z,34,33,0,0,1
L4787:T2:I21647,4787,T2,2026-06-28T14:42:40.000Z,34,33,0,0,1
L4788:T0,4788,T0,2025-07-04T00:00:00.000Z,21,10,11,0,0
L4788:T1:I21648,4788,T1,2025-07-05T11:04:18.000Z,22,10,11,0,1
L4788:T2:I21650,4788,T2,2025-07-17T07:08:18.000Z,22,10,11,0,1
L4788:T2:I21649,4788,T2,2026-01-28T17:09:00.000Z,32,13,18,0,1
L4788:T2:I21651,4788,T2,2026-01-28T17:33:00.000Z,32,13,18,0,1
L4789:T0,4789,T0,2026-05-04T00:00:00.000Z,54,23,0,31,0
L4789:T1:I21652,4789,T1,2026-05-13T15:22:35.000Z,55,23,0,31,1
L4790:T0,4790,T0,2026-06-28T00:00:00.000Z,29,29,0,0,0
L4790:T1:I21653,4790,T1,2026-07-11T11:26:34.000Z,30,29,0,0,1
L4791:T0,4791,T0,2025-01-20T00:00:00.000Z,15,9,0,6,0
L4791:T1:I21657,4791,T1,2025-01-21T17:51:57.000Z,16,9,0,6,1
L4791:T2:I21656,4791,T2,2025-01-26T10:13:07.000Z,16,9,0,6,1
L4791:T2:I21658,4791,T2,2025-02-01T07:43:33.000Z,16,9,0,6,1
L4791:T2:I21655,4791,T2,2025-04-23T14:40:00.000Z,26,11,0,14,1
L4791:T2:I21659,4791,T2,2025-07-11T19:57:00.000Z,30,14,0,15,1
L4791:T2:I21654,4791,T2,2026-01-17T09:31:00.000Z,43,21,0,21,1
L4792:T0,4792,T0,2025-12-24T00:00:00.000Z,16,16,0,0,0
L4792:T1:I21662,4792,T1,2025-12-27T16:56:14.000Z,17,16,0,0,1
L4792:T2:I21666,4792,T2,2025-12-27T20:05:56.000Z,17,16,0,0,1
L4792:T2:I21661,4792,T2,2025-12-31T08:14:00.000Z,18,17,0,0,1
L4792:T2:I21664,4792,T2,2026-01-04T11:21:03.000Z,18,17,0,0,1
L4792:T2:I21665,4792,T2,2026-01-05T10:21:52.000Z,18,17,0,0,1
L4792:T2:I21663,4792,T2,2026-02-28T11:52:00.000Z,20,20,0,0,0
L4792:T2:I21660,4792,T2,2026-06-20T19:24:00.000Z,25,24,0,0,1
L4793:T0,4793,T0,2026-04-09T00:00:00.000Z,22,22,0,0,0
L4793:T1:I21673,4793,T1,2026-04-12T14:56:57.000Z,23,22,0,0,1
L4793:T2:I21669,4793,T2,2026-04-16T14:03:50.000Z,23,22,0,0,1
L4793:T2:I21671,4793,T2,2026-04-18T11:32:51.000Z,22,22,0,0,0
L4793:T2:I21672,4793,T2,2026-04-18T14:07:30.000Z,23,22,0,0,1
L4793:T2:I21670,4793,T2,2026-04-21T14:28:35.000Z,23,22,0,0,1
L4793:T2:I21667,4793,T2,2026-04-22T10:07:34.000Z,23,22,0,0,1
L4793:T2:I21668,4793,T2,2026-06-02T09:25:00.000Z,24,23,0,0,1
L4794:T0,4794,T0,2025-04-06T00:00:00.000Z,23,23,0,0,0
L4794:T1:I21677,4794,T1,2025-04-07T18:27:19.000Z,24,23,0,0,1
L4794:T2:I21676,4794,T2,2025-04-08T08:34:02.000Z,24,23,0,0,1
L4794:T2:I21678,4794,T2,2025-11-28T08:26:00.000Z,37,36,0,0,1
L4794:T2:I21675,4794,T2,2026-01-07T09:42:00.000Z,40,39,0,0,1
L4794:T2:I21674,4794,T2,2026-04-03T07:18:00.000Z,48,47,0,0,1
L4795:T0,4795,T0,2026-04-24T00:00:00.000Z,69,36,0,33,0
L4795:T1:I21680,4795,T1,2026-04-26T13:09:58.000Z,70,36,0,33,1
L4795:T2:I21682,4795,T2,2026-04-26T14:05:21.000Z,70,36,0,33,1
L4795:T2:I21681,4795,T2,2026-05-01T09:26:32.000Z,70,37,0,33,0
L4795:T2:I21679,4795,T2,2026-05-02T09:32:12.000Z,72,37,0,34,1
L4796:T0,4796,T0,2025-08-20T00:00:00.000Z,29,14,0,15,0
L4796:T1:I21684,4796,T1,2025-08-27T18:19:37.000Z,31,14,0,16,1
L4796:T2:I21688,4796,T2,2025-08-29T11:49:53.000Z,31,14,0,16,1
L4796:T2:I21683,4796,T2,2025-08-31T11:12:51.000Z,30,14,0,16,0
L4796:T2:I21685,4796,T2,2025-10-25T07:49:00.000Z,33,15,0,18,0
L4796:T2:I21689,4796,T2,2026-02-19T11:48:00.000Z,52,23,0,28,1
L4796:T2:I21687,4796,T2,2026-05-12T12:51:00.000Z,60,26,0,33,1
L4796:T2:I21686,4796,T2,2026-05-20T17:00:00.000Z,62,27,0,34,1
L4797:T0,4797,T0,2025-05-29T00:00:00.000Z,16,16,0,0,0
L4797:T1:I21691,4797,T1,2025-06-11T07:25:45.000Z,20,19,0,0,1
L4797:T2:I21692,4797,T2,2025-07-05T09:43:00.000Z,21,20,0,0,1
L4797:T2:I21693,4797,T2,2025-11-26T11:14:00.000Z,26,25,0,0,1
L4797:T2:I21690,4797,T2,2026-05-16T13:04:00.000Z,34,33,0,0,1
L4798:T0,4798,T0,2025-12-23T00:00:00.000Z,20,20,0,0,0
L4798:T1:I21694,4798,T1,2025-12-28T10:12:19.000Z,24,23,0,0,1
L4799:T0,4799,T0,2026-06-13T00:00:00.000Z,56,25,0,31,0
L4799:T1:I21697,4799,T1,2026-06-16T09:56:25.000Z,57,25,0,31,1
L4799:T2:I21695,4799,T2,2026-06-19T12:41:14.000Z,57,25,0,31,1
L4799:T2:I21696,4799,T2,2026-06-25T19:21:49.000Z,57,25,0,31,1
L4800:T0,4800,T0,2026-06-25T00:00:00.000Z,68,39,29,0,0
L4800:T1:I21705,4800,T1,2026-06-26T10:25:18.000Z,69,39,29,0,1
L4800:T2:I21704,4800,T2,2026-06-28T08:03:57.000Z,69,39,29,0,1
L4800:T2:I21700,4800,T2,2026-07-01T10:59:36.000Z,69,39,29,0,1
L4800:T2:I21703,4800,T2,2026-07-02T15:49:57.000Z,69,39,29,0,1
L4800:T2:I21702,4800,T2,2026-07-06T13:06:26.000Z,69,39,29,0,1
L4800:T2:I21701,4800,T2,2026-07-07T07:44:59.000Z,69,39,29,0,1
L4800:T2:I21699,4800,T2,2026-07-07T11:22:59.000Z,68,39,29,0,0
L4800:T2:I21698,4800,T2,2026-07-08T19:30:08.000Z,69,39,29,0,1
L4801:T0,4801,T0,2025-08-22T00:00:00.000Z,21,0,21,0,0
L4801:T1:I21710,4801,T1,2025-08-22T10:52:34.000Z,22,0,21,0,1
L4801:T2:I21709,4801,T2,2025-08-26T18:36:35.000Z,22,0,21,0,1
L4801:T2:I21708,4801,T2,2025-09-01T18:30:43.000Z,22,0,21,0,1
L4801:T2:I21706,4801,T2,2025-09-03T19:37:23.000Z,22,0,21,0,1
L4801:T2:I21707,4801,T2,2026-02-26T16:37:00.000Z,29,0,28,0,1
L4802:T0,4802,T0,2025-06-25T00:00:00.000Z,48,13,0,35,0
L4802:T1:I21711,4802,T1,2025-06-28T16:22:01.000Z,49,13,0,35,1
L4802:T2:I21712,4802,T2,2025-07-06T12:34:28.000Z,50,14,0,36,0
L4802:T2:I21713,4802,T2,2026-05-12T19:50:00.000Z,95,31,0,64,0
L4803:T0,4803,T0,2026-02-14T00:00:00.000Z,22,22,0,0,0
L4803:T1:I21717,4803,T1,2026-02-16T08:44:05.000Z,23,22,0,0,1
L4803:T2:I21718,4803,T2,2026-02-19T12:36:33.000Z,23,22,0,0,1
L4803:T2:I21719,4803,T2,2026-02-25T14:52:34.000Z,23,22,0,0,1
L4803:T2:I21715,4803,T2,2026-02-26T20:05:25.000Z,23,22,0,0,1
L4803:T2:I21714,4803,T2,2026-03-15T09:36:00.000Z,24,23,0,0,1
L4803:T2:I21716,4803,T2,2026-03-24T15:23:00.000Z,24,23,0,0,1
L4804:T0,4804,T0,2026-06-22T00:00:00.000Z,30,30,0,0,0
L4804:T1:I21723,4804,T1,2026-06-23T16:34:03.000Z,31,30,0,0,1
L4804:T2:I21726,4804,T2,2026-06-25T17:08:28.000Z,31,30,0,0,1
L4804:T2:I21720,4804,T2,2026-06-28T10:55:03.000Z,31,30,0,0,1
L4804:T2:I21721,4804,T2,2026-06-29T07:58:43.000Z,31,30,0,0,1
L4804:T2:I21722,4804,T2,2026-06-30T14:26:43.000Z,31,30,0,0,1
L4804:T2:I21725,4804,T2,2026-06-30T18:33:51.000Z,31,30,0,0,1
L4804:T2:I21724,4804,T2,2026-07-04T17:54:51.000Z,31,30,0,0,1
L4805:T0,4805,T0,2025-01-23T00:00:00.000Z,14,14,0,0,0
L4805:T1:I21727,4805,T1,2025-01-30T07:47:45.000Z,15,14,0,0,1
L4805:T2:I21729,4805,T2,2025-09-24T14:59:00.000Z,22,21,0,0,1
L4805:T2:I21728,4805,T2,2026-01-08T07:36:00.000Z,29,28,0,0,1
L4805:T2:I21730,4805,T2,2026-04-30T17:33:00.000Z,36,35,0,0,1
L4805:T2:I21731,4805,T2,2026-05-17T12:02:00.000Z,37,36,0,0,1
L4806:T0,4806,T0,2025-04-01T00:00:00.000Z,12,12,0,0,0
L4806:T1:I21732,4806,T1,2025-04-10T13:42:29.000Z,13,12,0,0,1
L4806:T2:I21733,4806,T2,2025-09-12T11:28:00.000Z,21,20,0,0,1
L4806:T2:I21734,4806,T2,2025-10-25T16:14:00.000Z,21,20,0,0,1
L4807:T0,4807,T0,2025-03-31T00:00:00.000Z,14,14,0,0,0
L4807:T1:I21736,4807,T1,2025-04-01T18:26:01.000Z,14,14,0,0,0
L4807:T2:I21735,4807,T2,2026-01-22T11:26:00.000Z,26,25,0,0,1
L4808:T0,4808,T0,2025-05-14T00:00:00.000Z,20,0,20,0,0
L4808:T1:I21737,4808,T1,2025-10-08T19:40:00.000Z,36,0,35,0,1
L4808:T2:I21739,4808,T2,2026-05-05T19:12:00.000Z,51,0,50,0,1
L4808:T2:I21738,4808,T2,2026-06-07T19:43:00.000Z,54,0,54,0,0
L4809:T0,4809,T0,2025-08-13T00:00:00.000Z,38,15,0,23,0
L4809:T1:I21740,4809,T1,2025-09-23T09:27:00.000Z,47,20,0,26,1
L4810:T0,4810,T0,2025-12-29T00:00:00.000Z,86,23,0,63,0
L4810:T1:I21741,4810,T1,2026-01-08T20:55:18.000Z,87,23,0,63,1
L4810:T2:I21742,4810,T2,2026-01-09T20:32:00.000Z,87,23,0,63,1
L4810:T2:I21743,4810,T2,2026-02-28T20:52:00.000Z,97,27,0,70,0
L4811:T0,4811,T0,2025-02-23T00:00:00.000Z,43,16,0,27,0
L4811:T1:I21744,4811,T1,2025-03-05T17:08:58.000Z,45,17,0,28,0
L4811:T2:I21745,4811,T2,2026-03-21T18:14:00.000Z,131,49,0,81,1
L4812:T0,4812,T0,2026-05-18T00:00:00.000Z,21,21,0,0,0
L4812:T1:I21747,4812,T1,2026-05-27T15:33:35.000Z,22,21,0,0,1
L4812:T2:I21746,4812,T2,2026-06-24T20:23:00.000Z,22,21,0,0,1
L4813:T0,4813,T0,2025-11-18T00:00:00.000Z,55,24,0,31,0
L4813:T1:I21754,4813,T1,2025-11-20T15:53:50.000Z,56,24,0,31,1
L4813:T2:I21749,4813,T2,2025-11-24T09:55:28.000Z,57,24,0,32,1
L4813:T2:I21752,4813,T2,2025-11-25T12:19:25.000Z,56,24,0,32,0
L4813:T2:I21753,4813,T2,2025-11-25T15:37:56.000Z,57,24,0,32,1
L4813:T2:I21748,4813,T2,2026-01-01T13:56:00.000Z,66,29,0,36,1
L4813:T2:I21755,4813,T2,2026-01-02T16:27:00.000Z,66,29,0,36,1
L4813:T2:I21750,4813,T2,2026-02-09T16:13:00.000Z,71,32,0,38,1
L4813:T2:I21751,4813,T2,2026-05-30T11:17:00.000Z,77,34,0,42,1
L4814:T0,4814,T0,2025-12-19T00:00:00.000Z,49,28,0,21,0
L4814:T1:I21756,4814,T1,2026-01-01T16:58:04.000Z,51,28,0,22,1
L4815:T0,4815,T0,2025-05-22T00:00:00.000Z,12,12,0,0,0
L4815:T1:I21757,4815,T1,2026-03-17T15:52:00.000Z,23,22,0,0,1
L4816:T0,4816,T0,2025-04-14T00:00:00.000Z,44,11,0,33,0
L4816:T1:I21760,4816,T1,2025-04-14T07:40:31.000Z,45,11,0,33,1
L4816:T2:I21758,4816,T2,2025-04-23T17:54:13.000Z,46,13,0,33,0
L4816:T2:I21759,4816,T2,2025-06-28T20:52:00.000Z,61,17,0,43,1
L4816:T2:I21762,4816,T2,2025-10-02T13:34:00.000Z,80,24,0,55,1
L4816:T2:I21761,4816,T2,2026-01-16T20:28:00.000Z,102,31,0,70,1
L4817:T0,4817,T0,2025-06-05T00:00:00.000Z,35,17,0,18,0
L4817:T1:I21765,4817,T1,2025-06-10T13:14:31.000Z,37,18,0,18,1
L4817:T2:I21763,4817,T2,2025-06-11T15:45:14.000Z,37,18,0,18,1
L4817:T2:I21767,4817,T2,2025-06-16T16:40:00.000Z,37,18,0,18,1
L4817:T2:I21769,4817,T2,2025-07-07T11:48:00.000Z,38,19,0,19,0
L4817:T2:I21764,4817,T2,2025-10-29T17:53:00.000Z,55,26,0,28,1
L4817:T2:I21768,4817,T2,2026-05-18T13:53:00.000Z,77,33,0,44,0
L4817:T2:I21766,4817,T2,2026-06-14T11:22:00.000Z,80,34,0,45,1
L4818:T0,4818,T0,2025-08-26T00:00:00.000Z,24,24,0,0,0
L4818:T1:I21772,4818,T1,2026-02-27T12:39:00.000Z,31,30,0,0,1
L4818:T2:I21770,4818,T2,2026-04-01T19:37:00.000Z,32,31,0,0,1
L4818:T2:I21771,4818,T2,2026-04-11T20:38:00.000Z,35,34,0,0,1
L4819:T0,4819,T0,2026-01-01T00:00:00.000Z,72,23,0,49,0
L4819:T1:I21773,4819,T1,2026-01-05T09:09:58.000Z,73,23,0,49,1
L4819:T2:I21775,4819,T2,2026-01-05T09:24:19.000Z,73,23,0,49,1
L4819:T2:I21779,4819,T2,2026-01-07T14:19:19.000Z,74,24,0,49,1
L4819:T2:I21778,4819,T2,2026-01-07T15:30:32.000Z,74,24,0,49,1
L4819:T2:I21777,4819,T2,2026-01-08T18:16:56.000Z,74,24,0,50,0
L4819:T2:I21774,4819,T2,2026-01-09T10:36:52.000Z,74,24,0,50,0
L4819:T2:I21776,4819,T2,2026-03-15T19:43:00.000Z,85,28,0,56,1
L4820:T0,4820,T0,2025-08-18T00:00:00.000Z,31,15,16,0,0
L4820:T1:I21780,4820,T1,2025-10-19T18:20:00.000Z,37,19,17,0,1
L4821:T0,4821,T0,2025-10-01T00:00:00.000Z,35,15,0,20,0
L4821:T1:I21781,4821,T1,2025-10-02T07:20:23.000Z,36,15,0,20,1
L4821:T2:I21782,4821,T2,2026-05-18T18:29:00.000Z,50,19,0,31,0
L4822:T0,4822,T0,2025-03-31T00:00:00.000Z,15,15,0,0,0
L4822:T1:I21783,4822,T1,2025-04-04T17:47:16.000Z,16,15,0,0,1
L4822:T2:I21784,4822,T2,2026-03-08T14:44:00.000Z,34,33,0,0,1
L4823:T0,4823,T0,2025-04-29T00:00:00.000Z,8,8,0,0,0
L4823:T1:I21785,4823,T1,2025-05-09T18:09:05.000Z,10,9,0,0,1
L4824:T0,4824,T0,2025-12-10T00:00:00.000Z,25,25,0,0,0
L4824:T1:I21789,4824,T1,2025-12-12T13:12:09.000Z,25,25,0,0,0
L4824:T2:I21790,4824,T2,2025-12-15T12:56:47.000Z,25,25,0,0,0
L4824:T2:I21787,4824,T2,2025-12-16T13:07:13.000Z,26,25,0,0,1
L4824:T2:I21788,4824,T2,2025-12-19T07:26:39.000Z,27,26,0,0,1
L4824:T2:I21786,4824,T2,2026-05-04T20:17:00.000Z,34,33,0,0,1
L4825:T0,4825,T0,2025-04-25T00:00:00.000Z,40,21,0,19,0
L4825:T1:I21793,4825,T1,2025-04-28T12:37:45.000Z,41,21,0,19,1
L4825:T2:I21792,4825,T2,2025-05-03T11:55:10.000Z,41,21,0,19,1
L4825:T2:I21791,4825,T2,2025-07-07T08:58:00.000Z,53,26,0,26,1
L4826:T0,4826,T0,2025-10-03T00:00:00.000Z,17,17,0,0,0
L4826:T1:I21795,4826,T1,2025-10-05T09:00:03.000Z,18,17,0,0,1
L4826:T2:I21796,4826,T2,2025-10-09T09:44:14.000Z,18,17,0,0,1
L4826:T2:I21797,4826,T2,2025-12-08T07:34:00.000Z,21,20,0,0,1
L4826:T2:I21794,4826,T2,2025-12-12T07:48:00.000Z,21,20,0,0,1
L4826:T2:I21798,4826,T2,2026-06-05T19:20:00.000Z,31,30,0,0,1
L4827:T0,4827,T0,2025-06-30T00:00:00.000Z,25,15,0,10,0
L4827:T1:I21801,4827,T1,2025-07-10T12:24:00.000Z,28,16,0,11,1
L4827:T2:I21799,4827,T2,2026-04-20T10:43:00.000Z,40,24,0,15,1
L4827:T2:I21802,4827,T2,2026-06-04T16:01:00.000Z,41,24,0,17,0
L4827:T2:I21800,4827,T2,2026-06-29T07:28:00.000Z,45,24,0,20,1
L4828:T0,4828,T0,2026-03-10T00:00:00.000Z,28,28,0,0,0
L4828:T1:I21806,4828,T1,2026-03-18T07:56:59.000Z,30,29,0,0,1
L4828:T2:I21805,4828,T2,2026-03-20T15:59:41.000Z,30,29,0,0,1
L4828:T2:I21803,4828,T2,2026-03-22T19:41:12.000Z,30,29,0,0,1
L4828:T2:I21804,4828,T2,2026-04-23T07:16:00.000Z,32,31,0,0,1
L4829:T0,4829,T0,2025-06-23T00:00:00.000Z,52,21,0,31,0
L4829:T1:I21808,4829,T1,2025-06-30T09:57:55.000Z,53,22,0,31,0
L4829:T2:I21809,4829,T2,2025-07-04T11:02:04.000Z,55,22,0,32,1
L4829:T2:I21807,4829,T2,2026-01-27T14:10:00.000Z,89,38,0,50,1
L4830:T0,4830,T0,2025-05-11T00:00:00.000Z,32,7,0,25,0
L4830:T1:I21813,4830,T1,2025-05-12T20:21:00.000Z,33,7,0,25,1
L4830:T2:I21814,4830,T2,2025-05-14T19:53:07.000Z,33,7,0,25,1
L4830:T2:I21811,4830,T2,2025-05-18T18:24:53.000Z,34,7,0,26,1
L4830:T2:I21816,4830,T2,2025-05-20T16:03:27.000Z,33,7,0,26,0
L4830:T2:I21812,4830,T2,2025-08-03T19:24:00.000Z,45,11,0,33,1
L4830:T2:I21810,4830,T2,2025-09-12T15:10:00.000Z,54,15,0,38,1
L4830:T2:I21815,4830,T2,2026-02-28T17:48:00.000Z,69,19,0,50,0
L4831:T0,4831,T0,2026-05-21T00:00:00.000Z,54,23,0,31,0
L4831:T1:I21817,4831,T1,2026-05-25T09:09:15.000Z,55,23,0,31,1
L4831:T2:I21818,4831,T2,2026-06-01T09:07:35.000Z,55,23,0,31,1
L4832:T0,4832,T0,2025-04-14T00:00:00.000Z,20,8,0,12,0
L4832:T1:I21820,4832,T1,2025-04-22T10:15:32.000Z,21,8,0,13,0
L4832:T2:I21819,4832,T2,2026-03-18T11:20:00.000Z,39,14,0,24,1
L4833:T0,4833,T0,2026-02-12T00:00:00.000Z,108,40,0,68,0
L4833:T1:I21822,4833,T1,2026-02-16T14:55:51.000Z,109,40,0,68,1
L4833:T2:I21821,4833,T2,2026-02-20T09:22:34.000Z,110,41,0,68,1
L4833:T2:I21824,4833,T2,2026-02-23T07:36:56.000Z,110,41,0,68,1
L4833:T2:I21823,4833,T2,2026-02-24T09:55:22.000Z,110,41,0,68,1
L4834:T0,4834,T0,2025-12-02T00:00:00.000Z,82,27,0,55,0
L4834:T1:I21825,4834,T1,2025-12-05T09:32:57.000Z,83,27,0,55,1
L4835:T0,4835,T0,2025-05-27T00:00:00.000Z,16,16,0,0,0
L4835:T1:I21826,4835,T1,2025-06-03T07:02:17.000Z,17,16,0,0,1
L4835:T2:I21827,4835,T2,2025-12-19T07:36:00.000Z,26,25,0,0,1
L4836:T0,4836,T0,2026-02-22T00:00:00.000Z,50,22,28,0,0
L4836:T1:I21830,4836,T1,2026-03-01T20:01:00.000Z,50,22,28,0,0
L4836:T2:I21828,4836,T2,2026-03-05T12:38:39.000Z,51,22,28,0,1
L4836:T2:I21829,4836,T2,2026-03-06T17:42:35.000Z,51,22,28,0,1
L4837:T0,4837,T0,2026-06-02T00:00:00.000Z,21,21,0,0,0
L4837:T1:I21836,4837,T1,2026-06-03T18:14:28.000Z,22,21,0,0,1
L4837:T2:I21832,4837,T2,2026-06-04T14:08:15.000Z,22,21,0,0,1
L4837:T2:I21833,4837,T2,2026-06-06T09:47:48.000Z,22,21,0,0,1
L4837:T2:I21834,4837,T2,2026-06-10T15:34:00.000Z,22,21,0,0,1
L4837:T2:I21835,4837,T2,2026-06-10T18:15:44.000Z,22,21,0,0,1
L4837:T2:I21831,4837,T2,2026-06-13T08:02:58.000Z,22,21,0,0,1
L4838:T0,4838,T0,2025-06-18T00:00:00.000Z,47,25,0,22,0
L4838:T1:I21838,4838,T1,2025-06-20T10:46:59.000Z,48,25,0,22,1
L4838:T2:I21841,4838,T2,2025-06-24T11:50:03.000Z,47,25,0,22,0
L4838:T2:I21840,4838,T2,2025-06-29T18:59:17.000Z,48,25,0,22,1
L4838:T2:I21837,4838,T2,2025-10-28T18:21:00.000Z,69,35,0,33,1
L4838:T2:I21839,4838,T2,2026-06-07T15:42:00.000Z,100,55,0,44,1
L4839:T0,4839,T0,2026-05-15T00:00:00.000Z,89,30,0,59,0
L4839:T1:I21842,4839,T1,2026-05-17T13:00:23.000Z,90,30,0,59,1
L4839:T2:I21843,4839,T2,2026-05-20T09:28:42.000Z,90,30,0,59,1
L4840:T0,4840,T0,2025-04-04T00:00:00.000Z,17,17,0,0,0
L4840:T1:I21848,4840,T1,2025-04-06T14:49:13.000Z,18,17,0,0,1
L4840:T2:I21847,4840,T2,2025-04-15T10:08:23.000Z,19,18,0,0,1
L4840:T2:I21845,4840,T2,2025-09-02T07:08:00.000Z,27,26,0,0,1
L4840:T2:I21844,4840,T2,2025-10-10T16:09:00.000Z,29,28,0,0,1
L4840:T2:I21849,4840,T2,2026-02-25T12:01:00.000Z,30,30,0,0,0
L4840:T2:I21846,4840,T2,2026-05-12T13:16:00.000Z,37,36,0,0,1
L4841:T0,4841,T0,2026-04-13T00:00:00.000Z,103,31,0,72,0
L4841:T1:I21852,4841,T1,2026-04-13T07:28:13.000Z,104,31,0,72,1
L4841:T2:I21853,4841,T2,2026-04-13T14:45:35.000Z,103,31,0,72,0
L4841:T2:I21850,4841,T2,2026-04-13T19:06:43.000Z,104,31,0,72,1
L4841:T2:I21854,4841,T2,2026-04-18T16:02:24.000Z,104,31,0,72,1
L4841:T2:I21851,4841,T2,2026-04-24T16:37:11.000Z,105,32,0,72,1
L4842:T0,4842,T0,2025-08-27T00:00:00.000Z,14,14,0,0,0
L4842:T1:I21857,4842,T1,2025-08-28T16:06:34.000Z,15,14,0,0,1
L4842:T2:I21861,4842,T2,2025-08-29T18:01:41.000Z,15,14,0,0,1
L4842:T2:I21859,4842,T2,2025-08-30T20:23:24.000Z,15,14,0,0,1
L4842:T2:I21860,4842,T2,2025-09-04T16:57:04.000Z,15,14,0,0,1
L4842:T2:I21858,4842,T2,2025-09-04T18:43:59.000Z,15,14,0,0,1
L4842:T2:I21855,4842,T2,2025-09-08T09:09:37.000Z,15,14,0,0,1
L4842:T2:I21856,4842,T2,2026-04-26T07:45:00.000Z,21,20,0,0,1
L4843:T0,4843,T0,2026-02-04T00:00:00.000Z,9,9,0,0,0
L4843:T1:I21863,4843,T1,2026-02-12T11:46:46.000Z,10,9,0,0,1
L4843:T2:I21862,4843,T2,2026-04-11T15:48:00.000Z,10,10,0,0,0
L4844:T0,4844,T0,2025-06-27T00:00:00.000Z,37,20,0,17,0
L4844:T1:I21865,4844,T1,2025-06-29T11:29:40.000Z,38,20,0,17,1
L4844:T2:I21869,4844,T2,2025-07-06T07:31:12.000Z,38,20,0,17,1
L4844:T2:I21866,4844,T2,2025-07-10T07:40:43.000Z,39,20,0,18,1
L4844:T2:I21867,4844,T2,2025-08-20T19:31:00.000Z,41,21,0,19,1
L4844:T2:I21870,4844,T2,2025-09-08T14:47:00.000Z,42,21,0,20,1
L4844:T2:I21864,4844,T2,2025-11-16T15:34:00.000Z,44,23,0,20,1
L4844:T2:I21868,4844,T2,2026-04-05T17:58:00.000Z,60,29,0,30,1
L4845:T0,4845,T0,2026-02-25T00:00:00.000Z,14,14,0,0,0
L4845:T1:I21872,4845,T1,2026-02-28T08:53:38.000Z,15,14,0,0,1
L4845:T2:I21875,4845,T2,2026-03-01T16:53:03.000Z,15,14,0,0,1
L4845:T2:I21871,4845,T2,2026-03-02T13:47:22.000Z,14,14,0,0,0
L4845:T2:I21873,4845,T2,2026-03-03T19:18:36.000Z,14,14,0,0,0
L4845:T2:I21874,4845,T2,2026-03-05T19:03:12.000Z,16,15,0,0,1
L4846:T0,4846,T0,2025-06-20T00:00:00.000Z,19,19,0,0,0
L4846:T1:I21878,4846,T1,2025-06-29T20:56:29.000Z,20,19,0,0,1
L4846:T2:I21876,4846,T2,2025-08-08T10:25:00.000Z,25,24,0,0,1
L4846:T2:I21877,4846,T2,2025-08-08T13:31:00.000Z,25,24,0,0,1
L4847:T0,4847,T0,2025-09-16T00:00:00.000Z,12,12,0,0,0
L4847:T1:I21881,4847,T1,2025-09-17T12:30:03.000Z,13,12,0,0,1
L4847:T2:I21880,4847,T2,2025-09-21T13:35:02.000Z,13,12,0,0,1
L4847:T2:I21879,4847,T2,2026-04-02T07:07:00.000Z,20,19,0,0,1
L4848:T0,4848,T0,2025-01-16T00:00:00.000Z,12,8,4,0,0
L4848:T1:I21885,4848,T1,2025-01-18T19:22:55.000Z,14,9,4,0,1
L4848:T2:I21882,4848,T2,2026-01-12T15:21:00.000Z,44,24,19,0,1
L4848:T2:I21884,4848,T2,2026-03-28T12:04:00.000Z,49,27,21,0,1
L4848:T2:I21883,4848,T2,2026-05-02T11:38:00.000Z,51,27,23,0,1
L4849:T0,4849,T0,2025-06-10T00:00:00.000Z,40,20,0,20,0
L4849:T1:I21886,4849,T1,2025-06-13T08:42:49.000Z,41,20,0,20,1
L4849:T2:I21887,4849,T2,2025-06-14T11:52:36.000Z,41,20,0,20,1
L4850:T0,4850,T0,2025-07-14T00:00:00.000Z,20,20,0,0,0
L4850:T1:I21890,4850,T1,2025-07-14T08:16:17.000Z,21,20,0,0,1
L4850:T2:I21891,4850,T2,2025-07-18T11:22:15.000Z,21,20,0,0,1
L4850:T2:I21888,4850,T2,2025-07-22T10:46:22.000Z,21,20,0,0,1
L4850:T2:I21889,4850,T2,2025-09-14T17:50:00.000Z,24,23,0,0,1
L4851:T0,4851,T0,2025-10-14T00:00:00.000Z,82,26,0,56,0
L4851:T1:I21896,4851,T1,2025-10-14T20:47:10.000Z,83,26,0,56,1
L4851:T2:I21893,4851,T2,2025-10-15T17:33:08.000Z,83,26,0,56,1
L4851:T2:I21894,4851,T2,2025-10-20T20:35:11.000Z,83,26,0,56,1
L4851:T2:I21892,4851,T2,2025-11-23T17:06:00.000Z,91,29,0,61,1
L4851:T2:I21895,4851,T2,2026-06-09T12:21:00.000Z,135,42,0,92,1
L4852:T0,4852,T0,2025-07-28T00:00:00.000Z,27,16,0,11,0
L4852:T1:I21899,4852,T1,2025-08-01T16:58:44.000Z,28,16,0,11,1
L4852:T2:I21898,4852,T2,2025-08-05T07:10:20.000Z,29,17,0,11,1
L4852:T2:I21897,4852,T2,2026-02-25T08:12:00.000Z,37,23,0,13,1
L4853:T0,4853,T0,2026-02-20T00:00:00.000Z,26,26,0,0,0
L4853:T1:I21900,4853,T1,2026-03-04T16:08:04.000Z,27,27,0,0,0
L4854:T0,4854,T0,2026-01-24T00:00:00.000Z,43,17,0,26,0
L4854:T1:I21902,4854,T1,2026-01-24T20:45:42.000Z,44,17,0,26,1
L4854:T2:I21905,4854,T2,2026-01-25T10:59:07.000Z,43,17,0,26,0
L4854:T2:I21904,4854,T2,2026-01-25T12:47:02.000Z,44,17,0,26,1
L4854:T2:I21903,4854,T2,2026-01-28T08:34:12.000Z,45,18,0,26,1
L4854:T2:I21906,4854,T2,2026-02-04T16:34:08.000Z,45,18,0,26,1
L4854:T2:I21901,4854,T2,2026-02-25T12:48:00.000Z,46,19,0,26,1
L4855:T0,4855,T0,2025-07-28T00:00:00.000Z,22,22,0,0,0
L4855:T1:I21908,4855,T1,2025-08-09T17:45:34.000Z,23,22,0,0,1
L4855:T2:I21907,4855,T2,2026-02-11T09:36:00.000Z,35,34,0,0,1
L4856:T0,4856,T0,2025-02-26T00:00:00.000Z,16,16,0,0,0
L4856:T1:I21912,4856,T1,2025-03-05T18:22:28.000Z,18,18,0,0,0
L4856:T2:I21910,4856,T2,2025-03-07T10:33:50.000Z,19,18,0,0,1
L4856:T2:I21911,4856,T2,2025-04-18T12:49:00.000Z,22,21,0,0,1
L4856:T2:I21914,4856,T2,2025-08-16T08:46:00.000Z,31,30,0,0,1
L4856:T2:I21913,4856,T2,2026-02-17T10:56:00.000Z,47,46,0,0,1
L4856:T2:I21909,4856,T2,2026-03-04T07:59:00.000Z,49,49,0,0,0
L4857:T0,4857,T0,2025-06-27T00:00:00.000Z,35,0,11,24,0
L4857:T1:I21916,4857,T1,2025-07-07T09:37:52.000Z,39,0,12,26,1
L4857:T2:I21915,4857,T2,2026-04-29T12:54:00.000Z,81,0,25,56,0
L4858:T0,4858,T0,2025-03-24T00:00:00.000Z,24,13,0,11,0
L4858:T1:I21917,4858,T1,2025-05-26T14:17:00.000Z,29,15,0,13,1
L4858:T2:I21918,4858,T2,2025-11-02T17:09:00.000Z,40,23,0,16,1
L4859:T0,4859,T0,2025-03-23T00:00:00.000Z,9,1,0,8,0
L4859:T1:I21921,4859,T1,2025-03-23T10:04:11.000Z,10,1,0,8,1
L4859:T2:I21919,4859,T2,2025-03-31T19:08:00.000Z,10,1,0,8,1
L4859:T2:I21920,4859,T2,2025-04-02T20:08:03.000Z,9,1,0,8,0
L4859:T2:I21922,4859,T2,2025-04-19T07:02:00.000Z,11,3,0,8,0
L4860:T0,4860,T0,2026-04-16T00:00:00.000Z,103,31,0,72,0
L4860:T1:I21925,4860,T1,2026-04-28T20:47:36.000Z,105,32,0,72,1
L4860:T2:I21924,4860,T2,2026-04-29T18:11:29.000Z,105,32,0,72,1
L4860:T2:I21923,4860,T2,2026-06-06T16:39:00.000Z,108,33,0,74,1
L4861:T0,4861,T0,2026-02-22T00:00:00.000Z,71,19,0,52,0
L4861:T1:I21930,4861,T1,2026-02-23T20:31:39.000Z,72,19,0,52,1
L4861:T2:I21927,4861,T2,2026-02-25T16:54:30.000Z,72,19,0,52,1
L4861:T2:I21928,4861,T2,2026-02-27T08:40:30.000Z,72,19,0,52,1
L4861:T2:I21926,4861,T2,2026-02-28T08:52:29.000Z,72,19,0,52,1
L4861:T2:I21929,4861,T2,2026-02-28T19:19:39.000Z,72,19,0,52,1
L4862:T0,4862,T0,2025-02-25T00:00:00.000Z,7,7,0,0,0
L4862:T1:I21937,4862,T1,2025-02-26T17:39:00.000Z,8,7,0,0,1
L4862:T2:I21933,4862,T2,2025-03-01T07:38:40.000Z,8,7,0,0,1
L4862:T2:I21932,4862,T2,2025-03-02T14:37:39.000Z,8,7,0,0,1
L4862:T2:I21936,4862,T2,2025-03-07T16:11:43.000Z,9,8,0,0,1
L4862:T2:I21938,4862,T2,2025-03-10T18:00:21.000Z,9,8,0,0,1
L4862:T2:I21931,4862,T2,2025-08-29T18:48:00.000Z,23,22,0,0,1
L4862:T2:I21934,4862,T2,2025-11-08T07:58:00.000Z,29,28,0,0,1
L4862:T2:I21935,4862,T2,2026-05-23T13:31:00.000Z,38,37,0,0,1
L4863:T0,4863,T0,2025-12-29T00:00:00.000Z,59,16,0,43,0
L4863:T1:I21945,4863,T1,2025-12-30T07:47:00.000Z,60,16,0,43,1
L4863:T2:I21944,4863,T2,2026-01-02T07:24:36.000Z,62,16,0,45,1
L4863:T2:I21941,4863,T2,2026-01-02T20:52:48.000Z,62,16,0,45,1
L4863:T2:I21943,4863,T2,2026-01-03T14:23:30.000Z,62,16,0,45,1
L4863:T2:I21942,4863,T2,2026-01-04T20:55:44.000Z,63,16,0,46,1
L4863:T2:I21939,4863,T2,2026-01-06T09:45:38.000Z,63,16,0,46,1
L4863:T2:I21940,4863,T2,2026-01-11T09:23:24.000Z,63,16,0,46,1
L4864:T0,4864,T0,2025-10-13T00:00:00.000Z,25,16,0,9,0
L4864:T1:I21946,4864,T1,2025-10-15T09:40:12.000Z,26,16,0,9,1
L4864:T2:I21947,4864,T2,2025-10-20T11:44:57.000Z,25,16,0,9,0
L4865:T0,4865,T0,2025-10-24T00:00:00.000Z,25,13,0,12,0
L4865:T1:I21950,4865,T1,2025-10-24T20:47:09.000Z,26,13,0,12,1
L4865:T2:I21952,4865,T2,2025-10-29T12:27:03.000Z,26,13,0,12,1
L4865:T2:I21948,4865,T2,2025-10-29T18:38:09.000Z,26,13,0,12,1
L4865:T2:I21949,4865,T2,2025-12-05T20:59:00.000Z,29,15,0,14,0
L4865:T2:I21953,4865,T2,2026-01-12T12:57:00.000Z,32,16,0,16,0
L4865:T2:I21951,4865,T2,2026-03-04T15:53:00.000Z,36,18,0,17,1
L4866:T0,4866,T0,2026-05-05T00:00:00.000Z,89,30,0,59,0
L4866:T1:I21955,4866,T1,2026-05-05T13:04:08.000Z,90,30,0,59,1
L4866:T2:I21954,4866,T2,2026-05-06T08:19:45.000Z,90,30,0,59,1
L4866:T2:I21961,4866,T2,2026-05-11T17:44:00.000Z,90,30,0,59,1
L4866:T2:I21959,4866,T2,2026-05-13T11:41:07.000Z,90,30,0,59,1
L4866:T2:I21956,4866,T2,2026-05-16T17:02:20.000Z,89,30,0,59,0
L4866:T2:I21958,4866,T2,2026-05-17T17:21:02.000Z,90,30,0,59,1
L4866:T2:I21960,4866,T2,2026-05-18T09:45:35.000Z,90,30,0,59,1
L4866:T2:I21957,4866,T2,2026-05-18T16:33:57.000Z,90,30,0,59,1
L4867:T0,4867,T0,2025-06-17T00:00:00.000Z,12,12,0,0,0
L4867:T1:I21962,4867,T1,2025-06-18T19:07:30.000Z,13,12,0,0,1
L4867:T2:I21963,4867,T2,2025-06-20T14:58:47.000Z,13,12,0,0,1
L4868:T0,4868,T0,2025-08-29T00:00:00.000Z,19,19,0,0,0
L4868:T1:I21964,4868,T1,2025-09-06T12:23:10.000Z,20,19,0,0,1
L4868:T2:I21965,4868,T2,2025-09-09T13:43:04.000Z,21,20,0,0,1
L4868:T2:I21968,4868,T2,2025-09-30T14:16:00.000Z,24,23,0,0,1
L4868:T2:I21967,4868,T2,2025-10-08T07:48:00.000Z,25,24,0,0,1
L4868:T2:I21966,4868,T2,2026-06-10T12:44:00.000Z,31,30,0,0,1
L4868:T2:I21969,4868,T2,2026-06-28T18:54:00.000Z,31,30,0,0,1
L4869:T0,4869,T0,2025-10-30T00:00:00.000Z,32,20,0,12,0
L4869:T1:I21976,4869,T1,2025-10-30T08:06:01.000Z,33,20,0,12,1
L4869:T2:I21973,4869,T2,2025-11-03T19:02:41.000Z,32,20,0,12,0
L4869:T2:I21971,4869,T2,2025-11-08T14:02:10.000Z,33,20,0,12,1
L4869:T2:I21970,4869,T2,2026-03-25T11:17:00.000Z,40,24,0,15,1
L4869:T2:I21974,4869,T2,2026-04-01T16:29:00.000Z,40,24,0,15,1
L4869:T2:I21975,4869,T2,2026-05-05T20:45:00.000Z,40,24,0,15,1
L4869:T2:I21972,4869,T2,2026-06-10T18:25:00.000Z,43,24,0,18,1
L4870:T0,4870,T0,2026-06-30T00:00:00.000Z,56,0,31,25,0
L4870:T1:I21980,4870,T1,2026-06-30T09:01:56.000Z,57,0,31,25,1
L4870:T2:I21978,4870,T2,2026-07-03T16:38:25.000Z,57,0,31,25,1
L4870:T2:I21979,4870,T2,2026-07-06T16:37:44.000Z,56,0,31,25,0
L4870:T2:I21977,4870,T2,2026-07-09T08:34:15.000Z,57,0,31,25,1
L4871:T0,4871,T0,2025-01-30T00:00:00.000Z,10,10,0,0,0
L4871:T1:I21984,4871,T1,2025-02-03T07:02:36.000Z,12,11,0,0,1
L4871:T2:I21983,4871,T2,2025-02-04T08:26:44.000Z,12,11,0,0,1
L4871:T2:I21987,4871,T2,2025-02-06T15:53:19.000Z,11,11,0,0,0
L4871:T2:I21985,4871,T2,2025-03-03T12:49:00.000Z,12,11,0,0,1
L4871:T2:I21988,4871,T2,2025-03-04T15:07:00.000Z,12,11,0,0,1
L4871:T2:I21981,4871,T2,2025-07-20T08:35:00.000Z,21,20,0,0,1
L4871:T2:I21986,4871,T2,2025-09-14T17:37:00.000Z,22,21,0,0,1
L4871:T2:I21982,4871,T2,2026-01-28T14:52:00.000Z,28,27,0,0,1
L4872:T0,4872,T0,2025-04-03T00:00:00.000Z,6,6,0,0,0
L4872:T1:I21992,4872,T1,2025-04-11T20:26:54.000Z,7,6,0,0,1
L4872:T2:I21989,4872,T2,2025-04-15T15:22:57.000Z,7,6,0,0,1
L4872:T2:I21991,4872,T2,2025-04-16T09:42:44.000Z,7,6,0,0,1
L4872:T2:I21993,4872,T2,2025-07-08T12:08:00.000Z,11,10,0,0,1
L4872:T2:I21990,4872,T2,2026-01-02T12:03:00.000Z,18,17,0,0,1
L4872:T2:I21994,4872,T2,2026-06-12T08:03:00.000Z,24,23,0,0,1
L4873:T0,4873,T0,2025-03-24T00:00:00.000Z,20,9,11,0,0
L4873:T1:I21999,4873,T1,2025-06-26T17:40:00.000Z,26,12,13,0,1
L4873:T2:I21996,4873,T2,2026-01-18T18:36:00.000Z,49,26,22,0,1
L4873:T2:I21998,4873,T2,2026-03-06T11:32:00.000Z,51,28,22,0,1
L4873:T2:I21997,4873,T2,2026-05-07T15:12:00.000Z,55,29,25,0,1
L4873:T2:I21995,4873,T2,2026-06-03T19:48:00.000Z,57,30,26,0,1
L4874:T0,4874,T0,2025-12-08T00:00:00.000Z,47,27,0,20,0
L4874:T1:I22000,4874,T1,2025-12-08T19:03:17.000Z,48,27,0,20,1
L4874:T2:I22001,4874,T2,2025-12-21T09:50:17.000Z,50,28,0,21,1
L4874:T2:I22002,4874,T2,2025-12-28T10:59:00.000Z,51,28,0,22,1
L4874:T2:I22003,4874,T2,2026-03-16T12:38:00.000Z,61,32,0,29,0
L4875:T0,4875,T0,2025-06-11T00:00:00.000Z,44,20,24,0,0
L4875:T1:I22004,4875,T1,2025-06-17T11:31:42.000Z,46,20,25,0,1
L4875:T2:I22005,4875,T2,2025-10-19T11:46:00.000Z,61,28,33,0,0
L4875:T2:I22006,4875,T2,2026-01-02T18:09:00.000Z,67,31,35,0,1
L4876:T0,4876,T0,2026-06-18T00:00:00.000Z,76,38,0,38,0
L4876:T1:I22007,4876,T1,2026-06-20T15:26:17.000Z,77,38,0,38,1
L4877:T0,4877,T0,2025-02-23T00:00:00.000Z,14,6,0,8,0
L4877:T1:I22011,4877,T1,2025-03-08T17:57:43.000Z,15,7,0,8,0
L4877:T2:I22009,4877,T2,2026-01-16T14:15:00.000Z,33,16,0,16,1
L4877:T2:I22012,4877,T2,2026-02-01T18:52:00.000Z,33,16,0,16,1
L4877:T2:I22008,4877,T2,2026-04-19T07:13:00.000Z,39,18,0,20,1
L4877:T2:I22010,4877,T2,2026-05-14T18:39:00.000Z,39,18,0,20,1
L4878:T0,4878,T0,2026-02-09T00:00:00.000Z,24,24,0,0,0
L4878:T1:I22014,4878,T1,2026-02-10T07:11:30.000Z,26,25,0,0,1
L4878:T2:I22018,4878,T2,2026-02-15T12:32:51.000Z,26,25,0,0,1
L4878:T2:I22013,4878,T2,2026-02-16T12:01:02.000Z,26,25,0,0,1
L4878:T2:I22015,4878,T2,2026-02-18T17:46:16.000Z,26,25,0,0,1
L4878:T2:I22017,4878,T2,2026-02-18T19:41:12.000Z,26,25,0,0,1
L4878:T2:I22016,4878,T2,2026-02-19T16:53:23.000Z,25,25,0,0,0
L4879:T0,4879,T0,2025-01-17T00:00:00.000Z,24,14,0,10,0
L4879:T1:I22019,4879,T1,2025-01-24T16:19:00.000Z,24,14,0,10,0
L4879:T2:I22021,4879,T2,2025-01-27T17:18:16.000Z,26,15,0,10,1
L4879:T2:I22022,4879,T2,2025-05-19T14:04:00.000Z,41,23,0,17,1
L4879:T2:I22020,4879,T2,2026-04-05T07:09:00.000Z,96,52,0,43,1
L4880:T0,4880,T0,2026-03-16T00:00:00.000Z,26,26,0,0,0
L4880:T1:I22027,4880,T1,2026-03-16T10:03:05.000Z,27,26,0,0,1
L4880:T2:I22024,4880,T2,2026-03-20T15:43:06.000Z,27,26,0,0,1
L4880:T2:I22029,4880,T2,2026-03-24T09:03:01.000Z,27,26,0,0,1
L4880:T2:I22028,4880,T2,2026-03-24T11:01:14.000Z,27,26,0,0,1
L4880:T2:I22023,4880,T2,2026-03-28T08:16:46.000Z,27,26,0,0,1
L4880:T2:I22026,4880,T2,2026-03-29T16:41:38.000Z,27,26,0,0,1
L4880:T2:I22025,4880,T2,2026-06-08T12:47:00.000Z,31,30,0,0,1
L4881:T0,4881,T0,2025-05-04T00:00:00.000Z,18,18,0,0,0
L4881:T1:I22035,4881,T1,2025-05-06T09:42:34.000Z,19,18,0,0,1
L4881:T2:I22034,4881,T2,2025-05-12T09:17:06.000Z,20,19,0,0,1
L4881:T2:I22033,4881,T2,2025-05-12T19:47:23.000Z,20,19,0,0,1
L4881:T2:I22036,4881,T2,2025-05-15T18:42:00.000Z,20,19,0,0,1
L4881:T2:I22031,4881,T2,2025-05-16T19:45:31.000Z,20,19,0,0,1
L4881:T2:I22030,4881,T2,2025-09-06T07:09:00.000Z,21,20,0,0,1
L4881:T2:I22032,4881,T2,2026-05-20T18:27:00.000Z,37,36,0,0,1
L4882:T0,4882,T0,2026-06-23T00:00:00.000Z,45,45,0,0,0
L4882:T1:I22040,4882,T1,2026-06-27T14:07:44.000Z,46,45,0,0,1
L4882:T2:I22039,4882,T2,2026-06-29T11:47:54.000Z,46,45,0,0,1
L4882:T2:I22038,4882,T2,2026-07-04T08:51:46.000Z,46,45,0,0,1
L4882:T2:I22037,4882,T2,2026-07-05T13:22:33.000Z,46,45,0,0,1
L4883:T0,4883,T0,2026-04-27T00:00:00.000Z,25,25,0,0,0
L4883:T1:I22041,4883,T1,2026-04-27T18:09:56.000Z,26,25,0,0,1
L4883:T2:I22042,4883,T2,2026-05-07T19:14:02.000Z,26,25,0,0,1
L4884:T0,4884,T0,2025-02-03T00:00:00.000Z,28,15,0,13,0
L4884:T1:I22047,4884,T1,2025-02-05T08:41:29.000Z,29,15,0,13,1
L4884:T2:I22043,4884,T2,2025-02-07T14:50:46.000Z,29,15,0,13,1
L4884:T2:I22045,4884,T2,2025-02-13T07:59:05.000Z,29,15,0,14,0
L4884:T2:I22044,4884,T2,2025-09-24T19:40:00.000Z,67,29,0,37,1
L4884:T2:I22048,4884,T2,2025-10-25T09:44:00.000Z,70,31,0,39,0
L4884:T2:I22046,4884,T2,2025-12-31T16:16:00.000Z,78,35,0,43,0
L4885:T0,4885,T0,2025-01-03T00:00:00.000Z,16,16,0,0,0
L4885:T1:I22055,4885,T1,2025-01-07T15:53:09.000Z,17,16,0,0,1
L4885:T2:I22052,4885,T2,2025-01-14T15:29:31.000Z,17,16,0,0,1
L4885:T2:I22053,4885,T2,2025-01-16T10:03:19.000Z,17,16,0,0,1
L4885:T2:I22054,4885,T2,2025-02-02T19:53:00.000Z,17,16,0,0,1
L4885:T2:I22049,4885,T2,2025-11-22T15:25:00.000Z,34,33,0,0,1
L4885:T2:I22050,4885,T2,2025-12-08T17:07:00.000Z,34,33,0,0,1
L4885:T2:I22051,4885,T2,2026-05-29T07:04:00.000Z,40,39,0,0,1
L4886:T0,4886,T0,2025-07-24T00:00:00.000Z,19,19,0,0,0
L4886:T1:I22056,4886,T1,2025-07-28T13:55:59.000Z,20,19,0,0,1
L4886:T2:I22058,4886,T2,2025-08-01T12:22:53.000Z,20,19,0,0,1
L4886:T2:I22057,4886,T2,2026-01-01T11:20:00.000Z,28,27,0,0,1
L4887:T0,4887,T0,2026-03-14T00:00:00.000Z,83,25,0,58,0
L4887:T1:I22059,4887,T1,2026-03-27T08:34:30.000Z,85,25,0,59,1
L4888:T0,4888,T0,2026-06-29T00:00:00.000Z,36,36,0,0,0
L4888:T1:I22063,4888,T1,2026-06-30T15:37:55.000Z,37,36,0,0,1
L4888:T2:I22065,4888,T2,2026-07-02T11:21:04.000Z,37,36,0,0,1
L4888:T2:I22064,4888,T2,2026-07-03T13:50:12.000Z,37,36,0,0,1
L4888:T2:I22066,4888,T2,2026-07-03T18:27:23.000Z,37,36,0,0,1
L4888:T2:I22060,4888,T2,2026-07-09T14:20:34.000Z,36,36,0,0,0
L4888:T2:I22061,4888,T2,2026-07-12T10:25:44.000Z,37,36,0,0,1
L4888:T2:I22062,4888,T2,2026-07-12T18:14:15.000Z,37,36,0,0,1
L4889:T0,4889,T0,2025-11-07T00:00:00.000Z,28,28,0,0,0
L4889:T1:I22067,4889,T1,2026-03-24T18:18:00.000Z,36,35,0,0,1
L4890:T0,4890,T0,2026-06-22T00:00:00.000Z,30,30,0,0,0
L4890:T1:I22069,4890,T1,2026-06-22T14:41:10.000Z,31,30,0,0,1
L4890:T2:I22075,4890,T2,2026-06-22T15:25:25.000Z,31,30,0,0,1
L4890:T2:I22074,4890,T2,2026-06-23T17:30:03.000Z,31,30,0,0,1
L4890:T2:I22070,4890,T2,2026-06-24T16:08:21.000Z,31,30,0,0,1
L4890:T2:I22068,4890,T2,2026-06-24T19:06:31.000Z,31,30,0,0,1
L4890:T2:I22071,4890,T2,2026-06-26T20:57:49.000Z,31,30,0,0,1
L4890:T2:I22073,4890,T2,2026-06-28T07:38:20.000Z,31,30,0,0,1
L4890:T2:I22072,4890,T2,2026-07-03T15:11:54.000Z,31,30,0,0,1
L4891:T0,4891,T0,2025-01-27T00:00:00.000Z,31,11,0,20,0
L4891:T1:I22076,4891,T1,2025-02-01T16:10:23.000Z,33,11,0,21,1
L4891:T2:I22077,4891,T2,2025-11-28T18:37:00.000Z,82,20,0,61,1
L4892:T0,4892,T0,2025-09-30T00:00:00.000Z,12,12,0,0,0
L4892:T1:I22078,4892,T1,2025-10-03T19:16:03.000Z,13,12,0,0,1
L4892:T2:I22080,4892,T2,2025-10-06T13:05:37.000Z,13,12,0,0,1
L4892:T2:I22081,4892,T2,2025-10-11T10:28:49.000Z,13,12,0,0,1
L4892:T2:I22084,4892,T2,2025-10-13T18:45:59.000Z,13,12,0,0,1
L4892:T2:I22082,4892,T2,2025-10-13T20:16:16.000Z,13,12,0,0,1
L4892:T2:I22083,4892,T2,2025-11-07T08:58:00.000Z,15,14,0,0,1
L4892:T2:I22079,4892,T2,2026-06-14T07:00:00.000Z,25,24,0,0,1
L4893:T0,4893,T0,2025-08-17T00:00:00.000Z,26,11,0,15,0
L4893:T1:I22087,4893,T1,2025-08-17T07:19:50.000Z,27,11,0,15,1
L4893:T2:I22085,4893,T2,2025-08-17T19:59:46.000Z,27,11,0,15,1
L4893:T2:I22088,4893,T2,2025-08-18T08:23:47.000Z,26,11,0,15,0
L4893:T2:I22090,4893,T2,2025-08-20T12:10:45.000Z,27,11,0,15,1
L4893:T2:I22091,4893,T2,2025-08-21T18:52:38.000Z,27,11,0,15,1
L4893:T2:I22086,4893,T2,2026-02-10T18:43:00.000Z,41,22,0,18,1
L4893:T2:I22089,4893,T2,2026-04-06T09:35:00.000Z,44,23,0,20,1
L4894:T0,4894,T0,2026-02-18T00:00:00.000Z,81,43,0,38,0
L4894:T1:I22092,4894,T1,2026-03-02T19:46:01.000Z,84,45,0,38,1
L4895:T0,4895,T0,2025-12-12T00:00:00.000Z,69,0,23,46,0
L4895:T1:I22095,4895,T1,2025-12-13T19:48:18.000Z,70,0,23,46,1
L4895:T2:I22093,4895,T2,2025-12-21T08:18:38.000Z,71,0,23,47,1
L4895:T2:I22096,4895,T2,2025-12-23T11:20:56.000Z,71,0,23,48,0
L4895:T2:I22094,4895,T2,2025-12-24T10:04:20.000Z,72,0,23,48,1
L4896:T0,4896,T0,2025-09-02T00:00:00.000Z,16,16,0,0,0
L4896:T1:I22098,4896,T1,2025-09-10T10:28:15.000Z,17,16,0,0,1
L4896:T2:I22097,4896,T2,2025-09-13T19:47:19.000Z,17,16,0,0,1
L4897:T0,4897,T0,2025-02-14T00:00:00.000Z,10,10,0,0,0
L4897:T1:I22102,4897,T1,2025-02-16T18:01:44.000Z,11,10,0,0,1
L4897:T2:I22099,4897,T2,2025-02-23T18:59:31.000Z,12,11,0,0,1
L4897:T2:I22103,4897,T2,2025-04-14T15:14:00.000Z,17,16,0,0,1
L4897:T2:I22104,4897,T2,2025-06-19T12:26:00.000Z,20,19,0,0,1
L4897:T2:I22101,4897,T2,2026-03-05T12:12:00.000Z,30,29,0,0,1
L4897:T2:I22100,4897,T2,2026-05-06T14:51:00.000Z,34,33,0,0,1
L4898:T0,4898,T0,2026-01-31T00:00:00.000Z,86,42,0,44,0
L4898:T1:I22106,4898,T1,2026-02-04T15:05:16.000Z,87,42,0,44,1
L4898:T2:I22109,4898,T2,2026-02-04T18:34:14.000Z,86,42,0,44,0
L4898:T2:I22108,4898,T2,2026-02-05T17:12:54.000Z,87,42,0,44,1
L4898:T2:I22105,4898,T2,2026-02-08T11:35:18.000Z,87,42,0,44,1
L4898:T2:I22107,4898,T2,2026-02-12T12:58:08.000Z,87,42,0,45,0
L4899:T0,4899,T0,2025-02-28T00:00:00.000Z,18,9,0,9,0
L4899:T1:I22114,4899,T1,2025-03-05T18:26:05.000Z,19,9,0,10,0
L4899:T2:I22112,4899,T2,2025-03-06T08:36:19.000Z,21,9,0,11,1
L4899:T2:I22116,4899,T2,2025-03-13T10:41:09.000Z,21,9,0,11,1
L4899:T2:I22110,4899,T2,2025-05-19T12:09:00.000Z,28,13,0,14,1
L4899:T2:I22113,4899,T2,2025-10-17T09:50:00.000Z,37,19,0,17,1
L4899:T2:I22111,4899,T2,2026-02-13T14:40:00.000Z,46,23,0,22,1
L4899:T2:I22115,4899,T2,2026-05-24T18:49:00.000Z,59,31,0,28,0
L4900:T0,4900,T0,2026-06-08T00:00:00.000Z,65,34,0,31,0
L4900:T1:I22122,4900,T1,2026-06-12T15:43:21.000Z,66,34,0,31,1
L4900:T2:I22118,4900,T2,2026-06-13T15:24:17.000Z,66,34,0,31,1
L4900:T2:I22119,4900,T2,2026-06-16T14:26:12.000Z,66,34,0,31,1
L4900:T2:I22123,4900,T2,2026-06-18T11:35:39.000Z,66,34,0,31,1
L4900:T2:I22120,4900,T2,2026-06-19T19:56:46.000Z,66,34,0,31,1
L4900:T2:I22117,4900,T2,2026-06-20T11:13:02.000Z,65,34,0,31,0
L4900:T2:I22121,4900,T2,2026-06-20T12:30:29.000Z,66,34,0,31,1
L4901:T0,4901,T0,2025-02-28T00:00:00.000Z,27,0,11,16,0
L4901:T1:I22126,4901,T1,2025-03-11T16:13:37.000Z,28,0,11,16,1
L4901:T2:I22129,4901,T2,2025-03-12T17:02:54.000Z,27,0,11,16,0
L4901:T2:I22128,4901,T2,2025-03-12T20:24:27.000Z,28,0,11,16,1
L4901:T2:I22127,4901,T2,2025-05-01T14:02:00.000Z,31,0,13,17,1
L4901:T2:I22125,4901,T2,2025-10-07T19:25:00.000Z,49,0,23,25,1
L4901:T2:I22124,4901,T2,2026-05-17T16:34:00.000Z,69,0,35,33,1
L4902:T0,4902,T0,2025-02-17T00:00:00.000Z,26,15,0,11,0
L4902:T1:I22130,4902,T1,2025-05-04T13:06:00.000Z,31,17,0,14,0
L4902:T2:I22132,4902,T2,2025-10-13T07:02:00.000Z,50,26,0,23,1
L4902:T2:I22131,4902,T2,2025-11-15T10:40:00.000Z,51,27,0,23,1
L4903:T0,4903,T0,2026-02-16T00:00:00.000Z,49,0,14,35,0
L4903:T1:I22133,4903,T1,2026-02-28T14:07:18.000Z,51,0,15,35,1
L4904:T0,4904,T0,2025-04-25T00:00:00.000Z,40,15,0,25,0
L4904:T1:I22134,4904,T1,2025-06-06T19:58:00.000Z,45,17,0,27,1
L4905:T0,4905,T0,2025-02-17T00:00:00.000Z,33,13,0,20,0
L4905:T1:I22136,4905,T1,2025-02-27T11:24:12.000Z,35,14,0,20,1
L4905:T2:I22135,4905,T2,2025-02-27T14:33:28.000Z,35,14,0,20,1
L4905:T2:I22137,4905,T2,2025-05-12T17:53:00.000Z,45,20,0,24,1
L4905:T2:I22139,4905,T2,2025-12-04T12:30:00.000Z,83,34,0,48,1
L4905:T2:I22138,4905,T2,2025-12-08T12:31:00.000Z,83,34,0,49,0
L4905:T2:I22140,4905,T2,2026-03-01T16:05:00.000Z,98,38,0,59,1
L4906:T0,4906,T0,2025-11-23T00:00:00.000Z,22,22,0,0,0
L4906:T1:I22141,4906,T1,2025-11-23T17:04:03.000Z,23,22,0,0,1
L4906:T2:I22143,4906,T2,2025-11-29T09:04:37.000Z,22,22,0,0,0
L4906:T2:I22144,4906,T2,2025-12-04T08:02:10.000Z,23,22,0,0,1
L4906:T2:I22145,4906,T2,2025-12-05T08:46:07.000Z,23,22,0,0,1
L4906:T2:I22142,4906,T2,2025-12-05T16:57:01.000Z,23,22,0,0,1
L4906:T2:I22146,4906,T2,2026-01-27T18:52:00.000Z,24,23,0,0,1
L4907:T0,4907,T0,2025-12-08T00:00:00.000Z,41,17,24,0,0
L4907:T1:I22152,4907,T1,2025-12-13T19:59:16.000Z,42,17,24,0,1
L4907:T2:I22148,4907,T2,2025-12-14T14:17:06.000Z,42,17,24,0,1
L4907:T2:I22153,4907,T2,2025-12-17T14:07:03.000Z,42,17,24,0,1
L4907:T2:I22151,4907,T2,2025-12-19T12:44:20.000Z,42,17,24,0,1
L4907:T2:I22149,4907,T2,2025-12-20T12:23:19.000Z,42,17,24,0,1
L4907:T2:I22147,4907,T2,2025-12-20T20:57:26.000Z,42,17,24,0,1
L4907:T2:I22150,4907,T2,2026-03-05T16:25:00.000Z,47,21,25,0,1
L4908:T0,4908,T0,2025-10-20T00:00:00.000Z,19,19,0,0,0
L4908:T1:I22154,4908,T1,2025-10-27T17:19:10.000Z,19,19,0,0,0
L4909:T0,4909,T0,2025-06-13T00:00:00.000Z,18,9,0,9,0
L4909:T1:I22160,4909,T1,2025-06-15T15:55:07.000Z,19,9,0,9,1
L4909:T2:I22155,4909,T2,2025-06-22T16:45:57.000Z,19,9,0,9,1
L4909:T2:I22157,4909,T2,2025-06-26T09:10:00.000Z,19,9,0,9,1
L4909:T2:I22159,4909,T2,2025-09-16T09:15:00.000Z,25,11,0,13,1
L4909:T2:I22156,4909,T2,2025-09-25T16:21:00.000Z,26,12,0,13,1
L4909:T2:I22158,4909,T2,2026-03-30T08:41:00.000Z,37,18,0,18,1
L4910:T0,4910,T0,2025-01-31T00:00:00.000Z,23,15,0,8,0
L4910:T1:I22162,4910,T1,2025-02-07T12:57:51.000Z,25,15,0,9,1
L4910:T2:I22164,4910,T2,2025-02-13T19:02:59.000Z,26,15,0,10,1
L4910:T2:I22165,4910,T2,2025-03-31T16:27:00.000Z,30,18,0,11,1
L4910:T2:I22166,4910,T2,2025-04-25T15:38:00.000Z,31,18,0,12,1
L4910:T2:I22163,4910,T2,2025-07-08T18:34:00.000Z,41,21,0,19,1
L4910:T2:I22161,4910,T2,2026-02-09T12:30:00.000Z,67,29,0,37,1
L4911:T0,4911,T0,2025-11-24T00:00:00.000Z,39,20,0,19,0
L4911:T1:I22167,4911,T1,2025-11-25T10:49:50.000Z,40,20,0,19,1
L4912:T0,4912,T0,2025-04-01T00:00:00.000Z,29,18,0,11,0
L4912:T1:I22169,4912,T1,2025-04-09T19:25:16.000Z,31,18,0,12,1
L4912:T2:I22170,4912,T2,2025-10-13T11:55:00.000Z,54,24,0,29,1
L4912:T2:I22168,4912,T2,2026-06-20T13:03:00.000Z,77,36,0,40,1
L4913:T0,4913,T0,2025-01-14T00:00:00.000Z,22,10,0,12,0
L4913:T1:I22171,4913,T1,2025-01-16T15:03:31.000Z,23,10,0,12,1
L4913:T2:I22172,4913,T2,2026-05-31T12:01:00.000Z,76,33,0,43,0
L4913:T2:I22175,4913,T2,2026-05-31T15:16:00.000Z,77,33,0,43,1
L4913:T2:I22174,4913,T2,2026-06-03T18:33:00.000Z,77,33,0,43,1
L4913:T2:I22173,4913,T2,2026-06-06T07:25:00.000Z,77,33,0,43,1
L4914:T0,4914,T0,2026-05-27T00:00:00.000Z,25,25,0,0,0
L4914:T1:I22176,4914,T1,2026-05-29T11:16:44.000Z,25,25,0,0,0
L4914:T2:I22177,4914,T2,2026-05-29T16:42:15.000Z,26,25,0,0,1
L4914:T2:I22181,4914,T2,2026-05-30T10:31:42.000Z,26,25,0,0,1
L4914:T2:I22178,4914,T2,2026-06-06T08:06:06.000Z,27,26,0,0,1
L4914:T2:I22179,4914,T2,2026-06-07T10:14:49.000Z,26,26,0,0,0
L4914:T2:I22180,4914,T2,2026-06-09T18:33:12.000Z,27,26,0,0,1
L4915:T0,4915,T0,2025-10-14T00:00:00.000Z,82,31,0,51,0
L4915:T1:I22183,4915,T1,2025-10-15T11:27:50.000Z,83,31,0,51,1
L4915:T2:I22187,4915,T2,2025-10-15T11:35:05.000Z,83,31,0,51,1
L4915:T2:I22184,4915,T2,2025-10-20T19:19:28.000Z,86,33,0,52,1
L4915:T2:I22186,4915,T2,2025-10-25T10:49:04.000Z,86,33,0,52,1
L4915:T2:I22182,4915,T2,2025-10-26T18:51:13.000Z,86,33,0,52,1
L4915:T2:I22189,4915,T2,2025-10-27T10:46:01.000Z,87,34,0,52,1
L4915:T2:I22185,4915,T2,2026-03-19T13:21:00.000Z,107,44,0,62,1
L4915:T2:I22188,4915,T2,2026-06-16T15:41:00.000Z,118,46,0,71,1
L4916:T0,4916,T0,2026-04-10T00:00:00.000Z,53,25,0,28,0
L4916:T1:I22192,4916,T1,2026-04-10T16:48:05.000Z,53,25,0,28,0
L4916:T2:I22191,4916,T2,2026-04-17T09:19:57.000Z,54,25,0,28,1
L4916:T2:I22193,4916,T2,2026-04-17T09:53:11.000Z,54,25,0,28,1
L4916:T2:I22190,4916,T2,2026-04-17T17:23:15.000Z,54,25,0,28,1
L4916:T2:I22195,4916,T2,2026-04-18T12:56:54.000Z,54,25,0,28,1
L4916:T2:I22194,4916,T2,2026-04-22T08:56:48.000Z,56,26,0,29,1
L4917:T0,4917,T0,2026-03-25T00:00:00.000Z,73,26,0,47,0
L4917:T1:I22201,4917,T1,2026-03-31T18:30:58.000Z,74,26,0,47,1
L4917:T2:I22197,4917,T2,2026-04-01T15:01:40.000Z,74,26,0,47,1
L4917:T2:I22202,4917,T2,2026-04-03T11:08:22.000Z,74,26,0,47,1
L4917:T2:I22199,4917,T2,2026-04-03T13:46:52.000Z,74,26,0,47,1
L4917:T2:I22196,4917,T2,2026-04-06T12:40:38.000Z,74,26,0,47,1
L4917:T2:I22203,4917,T2,2026-04-07T19:17:12.000Z,74,26,0,47,1
L4917:T2:I22200,4917,T2,2026-04-16T16:25:00.000Z,76,26,0,49,1
L4917:T2:I22198,4917,T2,2026-06-16T07:43:00.000Z,86,32,0,54,0
L4918:T0,4918,T0,2025-02-20T00:00:00.000Z,19,8,0,11,0
L4918:T1:I22204,4918,T1,2025-02-28T19:42:58.000Z,20,8,0,11,1
L4919:T0,4919,T0,2026-03-02T00:00:00.000Z,28,28,0,0,0
L4919:T1:I22205,4919,T1,2026-03-06T07:10:46.000Z,29,28,0,0,1
L4919:T2:I22206,4919,T2,2026-03-08T20:08:19.000Z,29,28,0,0,1
L4919:T2:I22207,4919,T2,2026-03-11T18:01:57.000Z,29,28,0,0,1
L4920:T0,4920,T0,2025-03-07T00:00:00.000Z,21,5,0,16,0
L4920:T1:I22208,4920,T1,2025-03-08T07:45:46.000Z,22,5,0,16,1
L4920:T2:I22211,4920,T2,2025-03-16T16:53:27.000Z,22,5,0,16,1
L4920:T2:I22210,4920,T2,2025-04-26T20:19:00.000Z,24,5,0,18,1
L4920:T2:I22212,4920,T2,2025-06-26T18:55:00.000Z,27,5,0,21,1
L4920:T2:I22209,4920,T2,2026-01-12T19:23:00.000Z,47,12,0,35,0
L4920:T2:I22213,4920,T2,2026-02-28T07:54:00.000Z,51,13,0,37,1
L4921:T0,4921,T0,2025-10-18T00:00:00.000Z,84,32,0,52,0
L4921:T1:I22219,4921,T1,2025-10-19T16:37:01.000Z,85,32,0,52,1
L4921:T2:I22216,4921,T2,2025-10-21T17:02:53.000Z,86,33,0,52,1
L4921:T2:I22220,4921,T2,2025-10-22T20:28:30.000Z,86,33,0,52,1
L4921:T2:I22214,4921,T2,2025-10-23T14:11:55.000Z,86,33,0,52,1
L4921:T2:I22215,4921,T2,2025-10-24T20:07:08.000Z,86,33,0,52,1
L4921:T2:I22218,4921,T2,2025-10-25T19:24:46.000Z,86,33,0,52,1
L4921:T2:I22221,4921,T2,2025-10-31T11:57:47.000Z,87,34,0,52,1
L4921:T2:I22217,4921,T2,2025-12-14T19:37:00.000Z,93,38,0,55,0
L4922:T0,4922,T0,2025-10-03T00:00:00.000Z,12,12,0,0,0
L4922:T1:I22222,4922,T1,2026-04-23T13:42:00.000Z,22,21,0,0,1
L4923:T0,4923,T0,2025-04-25T00:00:00.000Z,25,9,0,16,0
L4923:T1:I22225,4923,T1,2025-05-03T17:54:05.000Z,26,9,0,17,0
L4923:T2:I22224,4923,T2,2025-07-09T19:25:00.000Z,33,12,0,20,1
L4923:T2:I22228,4923,T2,2025-07-15T07:42:00.000Z,33,12,0,20,1
L4923:T2:I22226,4923,T2,2025-10-24T14:36:00.000Z,39,16,0,22,1
L4923:T2:I22227,4923,T2,2026-04-20T10:09:00.000Z,54,26,0,28,0
L4923:T2:I22223,4923,T2,2026-05-30T16:17:00.000Z,57,27,0,29,1
L4924:T0,4924,T0,2025-08-31T00:00:00.000Z,37,17,0,20,0
L4924:T1:I22231,4924,T1,2025-08-31T12:44:57.000Z,37,17,0,20,0
L4924:T2:I22229,4924,T2,2025-09-02T11:17:07.000Z,38,17,0,20,1
L4924:T2:I22230,4924,T2,2025-09-02T14:40:33.000Z,38,17,0,20,1
L4924:T2:I22233,4924,T2,2025-09-12T09:13:43.000Z,38,17,0,20,1
L4924:T2:I22232,4924,T2,2025-11-04T18:30:00.000Z,45,21,0,23,1
L4924:T2:I22234,4924,T2,2026-01-10T08:08:00.000Z,55,27,0,28,0
L4924:T2:I22235,4924,T2,2026-03-05T19:41:00.000Z,59,28,0,30,1
L4925:T0,4925,T0,2026-02-21T00:00:00.000Z,29,0,29,0,0
L4925:T1:I22236,4925,T1,2026-03-01T14:31:30.000Z,33,0,32,0,1
L4926:T0,4926,T0,2026-01-14T00:00:00.000Z,65,22,0,43,0
L4926:T1:I22238,4926,T1,2026-01-16T08:01:39.000Z,65,22,0,43,0
L4926:T2:I22237,4926,T2,2026-01-18T18:37:28.000Z,67,22,0,44,1
L4926:T2:I22239,4926,T2,2026-01-19T17:03:58.000Z,66,22,0,44,0
L4926:T2:I22240,4926,T2,2026-01-25T18:29:25.000Z,68,22,0,45,1
L4927:T0,4927,T0,2025-10-24T00:00:00.000Z,25,25,0,0,0
L4927:T1:I22246,4927,T1,2025-10-25T17:15:28.000Z,26,25,0,0,1
L4927:T2:I22241,4927,T2,2025-10-27T19:51:36.000Z,26,25,0,0,1
L4927:T2:I22242,4927,T2,2025-10-28T17:50:53.000Z,26,25,0,0,1
L4927:T2:I22245,4927,T2,2025-10-30T13:42:47.000Z,26,25,0,0,1
L4927:T2:I22247,4927,T2,2025-11-01T09:02:09.000Z,26,25,0,0,1
L4927:T2:I22244,4927,T2,2025-11-03T10:26:25.000Z,26,25,0,0,1
L4927:T2:I22243,4927,T2,2026-04-09T16:02:00.000Z,27,26,0,0,1
L4928:T0,4928,T0,2025-03-25T00:00:00.000Z,8,8,0,0,0
L4928:T1:I22250,4928,T1,2025-05-31T16:27:00.000Z,10,9,0,0,1
L4928:T2:I22248,4928,T2,2025-06-06T14:19:00.000Z,10,9,0,0,1
L4928:T2:I22249,4928,T2,2026-05-14T08:18:00.000Z,26,25,0,0,1
L4929:T0,4929,T0,2025-06-09T00:00:00.000Z,29,10,0,19,0
L4929:T1:I22251,4929,T1,2025-06-12T17:18:15.000Z,30,10,0,19,1
L4929:T2:I22253,4929,T2,2025-06-19T12:08:40.000Z,30,11,0,19,0
L4929:T2:I22254,4929,T2,2025-07-17T14:59:00.000Z,36,15,0,20,1
L4929:T2:I22252,4929,T2,2025-12-24T10:22:00.000Z,53,25,0,27,1
L4929:T2:I22255,4929,T2,2026-05-04T19:33:00.000Z,64,30,0,33,1
L4930:T0,4930,T0,2025-03-12T00:00:00.000Z,15,7,0,8,0
L4930:T1:I22257,4930,T1,2025-03-12T13:39:20.000Z,16,7,0,8,1
L4930:T2:I22259,4930,T2,2025-03-16T18:25:17.000Z,16,7,0,8,1
L4930:T2:I22263,4930,T2,2025-03-22T19:28:06.000Z,17,8,0,8,1
L4930:T2:I22258,4930,T2,2025-04-17T08:44:00.000Z,17,8,0,8,1
L4930:T2:I22256,4930,T2,2025-05-31T19:25:00.000Z,19,9,0,9,1
L4930:T2:I22262,4930,T2,2025-08-19T15:43:00.000Z,24,10,0,13,1
L4930:T2:I22261,4930,T2,2025-11-14T10:04:00.000Z,27,13,0,14,0
L4930:T2:I22260,4930,T2,2026-04-09T12:02:00.000Z,39,18,0,20,1
L4931:T0,4931,T0,2026-05-22T00:00:00.000Z,53,25,0,28,0
L4931:T1:I22264,4931,T1,2026-05-29T18:04:04.000Z,54,25,0,28,1
L4932:T0,4932,T0,2025-05-13T00:00:00.000Z,17,17,0,0,0
L4932:T1:I22265,4932,T1,2025-05-17T18:24:13.000Z,18,17,0,0,1
L4932:T2:I22266,4932,T2,2025-12-26T13:45:00.000Z,29,28,0,0,1
L4933:T0,4933,T0,2025-10-18T00:00:00.000Z,84,26,0,58,0
L4933:T1:I22269,4933,T1,2025-10-19T19:28:58.000Z,85,26,0,58,1
L4933:T2:I22267,4933,T2,2025-10-29T17:26:32.000Z,86,26,0,60,0
L4933:T2:I22268,4933,T2,2025-10-31T11:03:24.000Z,87,26,0,60,1
L4933:T2:I22270,4933,T2,2025-11-29T12:30:00.000Z,90,27,0,62,1
L4934:T0,4934,T0,2025-04-28T00:00:00.000Z,11,11,0,0,0
L4934:T1:I22276,4934,T1,2025-05-07T16:25:20.000Z,14,13,0,0,1
L4934:T2:I22277,4934,T2,2025-07-05T10:09:00.000Z,15,14,0,0,1
L4934:T2:I22274,4934,T2,2025-07-14T16:34:00.000Z,15,14,0,0,1
L4934:T2:I22275,4934,T2,2025-08-09T15:27:00.000Z,17,16,0,0,1
L4934:T2:I22273,4934,T2,2025-09-11T09:57:00.000Z,18,17,0,0,1
L4934:T2:I22271,4934,T2,2026-04-09T19:39:00.000Z,34,33,0,0,1
L4934:T2:I22272,4934,T2,2026-05-01T08:25:00.000Z,34,33,0,0,1
L4935:T0,4935,T0,2026-05-08T00:00:00.000Z,76,34,0,42,0
L4935:T1:I22282,4935,T1,2026-05-10T17:04:20.000Z,77,34,0,42,1
L4935:T2:I22279,4935,T2,2026-05-12T07:56:35.000Z,77,34,0,42,1
L4935:T2:I22280,4935,T2,2026-05-15T09:39:37.000Z,77,34,0,42,1
L4935:T2:I22281,4935,T2,2026-05-15T12:35:21.000Z,77,34,0,42,1
L4935:T2:I22278,4935,T2,2026-05-16T16:44:01.000Z,77,34,0,42,1
L4935:T2:I22283,4935,T2,2026-05-20T20:09:08.000Z,77,34,0,42,1
L4936:T0,4936,T0,2025-08-13T00:00:00.000Z,11,11,0,0,0
L4936:T1:I22284,4936,T1,2025-08-18T15:58:09.000Z,13,12,0,0,1
L4936:T2:I22285,4936,T2,2025-10-17T09:59:00.000Z,15,14,0,0,1
L4937:T0,4937,T0,2025-08-23T00:00:00.000Z,20,20,0,0,0
L4937:T1:I22286,4937,T1,2025-08-23T13:53:16.000Z,21,20,0,0,1
L4937:T2:I22292,4937,T2,2025-08-24T20:34:56.000Z,20,20,0,0,0
L4937:T2:I22288,4937,T2,2025-09-01T07:05:37.000Z,21,20,0,0,1
L4937:T2:I22287,4937,T2,2025-09-05T17:22:40.000Z,21,20,0,0,1
L4937:T2:I22290,4937,T2,2026-01-02T08:34:00.000Z,23,22,0,0,1
L4937:T2:I22291,4937,T2,2026-02-15T12:24:00.000Z,24,23,0,0,1
L4937:T2:I22289,4937,T2,2026-06-16T20:45:00.000Z,31,30,0,0,1
L4938:T0,4938,T0,2026-06-24T00:00:00.000Z,62,32,0,30,0
L4938:T1:I22296,4938,T1,2026-06-27T09:17:22.000Z,63,32,0,30,1
L4938:T2:I22299,4938,T2,2026-06-28T17:03:47.000Z,63,32,0,30,1
L4938:T2:I22297,4938,T2,2026-06-28T18:02:38.000Z,63,32,0,30,1
L4938:T2:I22300,4938,T2,2026-06-29T12:53:44.000Z,63,32,0,30,1
L4938:T2:I22294,4938,T2,2026-06-29T14:32:02.000Z,63,32,0,30,1
L4938:T2:I22298,4938,T2,2026-07-02T07:03:26.000Z,63,32,0,30,1
L4938:T2:I22295,4938,T2,2026-07-03T15:19:48.000Z,63,32,0,30,1
L4938:T2:I22293,4938,T2,2026-07-03T16:02:21.000Z,63,32,0,30,1
L4939:T0,4939,T0,2025-09-05T00:00:00.000Z,40,21,0,19,0
L4939:T1:I22302,4939,T1,2025-09-18T15:48:12.000Z,42,21,0,20,1
L4939:T2:I22303,4939,T2,2025-10-02T11:45:00.000Z,42,21,0,20,1
L4939:T2:I22301,4939,T2,2025-11-25T12:44:00.000Z,45,23,0,21,1
L4940:T0,4940,T0,2025-11-08T00:00:00.000Z,48,26,22,0,0
L4940:T1:I22308,4940,T1,2025-11-08T08:00:55.000Z,49,26,22,0,1
L4940:T2:I22304,4940,T2,2025-11-11T16:04:32.000Z,48,26,22,0,0
L4940:T2:I22305,4940,T2,2025-11-16T19:12:29.000Z,48,26,22,0,0
L4940:T2:I22307,4940,T2,2025-11-19T20:44:57.000Z,49,26,22,0,1
L4940:T2:I22306,4940,T2,2026-06-06T10:34:00.000Z,66,33,33,0,0
L4941:T0,4941,T0,2025-07-15T00:00:00.000Z,30,16,14,0,0
L4941:T1:I22310,4941,T1,2025-07-27T20:45:35.000Z,31,16,14,0,1
L4941:T2:I22309,4941,T2,2025-11-29T13:22:00.000Z,40,19,20,0,1
L4942:T0,4942,T0,2026-01-15T00:00:00.000Z,42,23,0,19,0
L4942:T1:I22316,4942,T1,2026-01-15T20:31:25.000Z,43,23,0,19,1
L4942:T2:I22315,4942,T2,2026-01-17T08:15:27.000Z,44,24,0,19,1
L4942:T2:I22313,4942,T2,2026-01-17T11:35:36.000Z,44,24,0,19,1
L4942:T2:I22317,4942,T2,2026-01-21T08:38:28.000Z,44,24,0,19,1
L4942:T2:I22314,4942,T2,2026-01-24T12:51:47.000Z,44,24,0,19,1
L4942:T2:I22312,4942,T2,2026-01-27T18:20:51.000Z,45,24,0,20,1
L4942:T2:I22311,4942,T2,2026-01-28T09:03:24.000Z,45,24,0,20,1
L4943:T0,4943,T0,2025-07-27T00:00:00.000Z,19,19,0,0,0
L4943:T1:I22319,4943,T1,2025-07-30T14:42:34.000Z,20,19,0,0,1
L4943:T2:I22318,4943,T2,2025-08-09T09:51:50.000Z,19,19,0,0,0
L4944:T0,4944,T0,2025-08-27T00:00:00.000Z,25,25,0,0,0
L4944:T1:I22326,4944,T1,2025-08-31T12:58:38.000Z,25,25,0,0,0
L4944:T2:I22323,4944,T2,2025-09-05T15:14:29.000Z,27,26,0,0,1
L4944:T2:I22325,4944,T2,2025-09-06T11:38:22.000Z,27,26,0,0,1
L4944:T2:I22321,4944,T2,2025-09-08T20:22:00.000Z,27,26,0,0,1
L4944:T2:I22324,4944,T2,2025-09-12T11:56:00.000Z,27,26,0,0,1
L4944:T2:I22320,4944,T2,2025-11-14T08:21:00.000Z,29,28,0,0,1
L4944:T2:I22322,4944,T2,2026-03-13T19:10:00.000Z,33,32,0,0,1
L4945:T0,4945,T0,2025-07-06T00:00:00.000Z,11,11,0,0,0
L4945:T1:I22328,4945,T1,2025-07-06T20:41:53.000Z,12,11,0,0,1
L4945:T2:I22327,4945,T2,2025-07-16T10:46:17.000Z,13,12,0,0,1
L4945:T2:I22331,4945,T2,2025-10-25T17:28:00.000Z,18,17,0,0,1
L4945:T2:I22329,4945,T2,2026-02-10T20:31:00.000Z,28,27,0,0,1
L4945:T2:I22330,4945,T2,2026-05-08T13:56:00.000Z,32,32,0,0,0
L4946:T0,4946,T0,2026-01-03T00:00:00.000Z,20,0,20,0,0
L4946:T1:I22333,4946,T1,2026-01-04T09:51:46.000Z,21,0,20,0,1
L4946:T2:I22337,4946,T2,2026-01-10T08:33:22.000Z,21,0,20,0,1
L4946:T2:I22338,4946,T2,2026-01-10T11:48:02.000Z,21,0,20,0,1
L4946:T2:I22339,4946,T2,2026-01-11T08:22:25.000Z,21,0,20,0,1
L4946:T2:I22332,4946,T2,2026-01-12T19:44:58.000Z,21,0,20,0,1
L4946:T2:I22336,4946,T2,2026-01-13T16:38:16.000Z,21,0,20,0,1
L4946:T2:I22335,4946,T2,2026-03-05T16:58:00.000Z,25,0,24,0,1
L4946:T2:I22334,4946,T2,2026-05-02T18:15:00.000Z,27,0,26,0,1
L4947:T0,4947,T0,2026-02-18T00:00:00.000Z,28,0,28,0,0
L4947:T1:I22346,4947,T1,2026-02-23T09:08:29.000Z,30,0,29,0,1
L4947:T2:I22347,4947,T2,2026-02-24T16:42:28.000Z,30,0,29,0,1
L4947:T2:I22340,4947,T2,2026-02-25T14:36:57.000Z,30,0,29,0,1
L4947:T2:I22345,4947,T2,2026-02-27T12:49:45.000Z,30,0,29,0,1
L4947:T2:I22343,4947,T2,2026-02-28T15:53:09.000Z,30,0,29,0,1
L4947:T2:I22341,4947,T2,2026-03-01T07:59:02.000Z,30,0,29,0,1
L4947:T2:I22342,4947,T2,2026-03-01T18:08:47.000Z,30,0,29,0,1
L4947:T2:I22344,4947,T2,2026-05-31T10:25:00.000Z,35,0,34,0,1
L4948:T0,4948,T0,2026-02-23T00:00:00.000Z,52,22,0,30,0
L4948:T1:I22349,4948,T1,2026-02-24T12:07:34.000Z,53,22,0,30,1
L4948:T2:I22350,4948,T2,2026-02-25T10:35:59.000Z,53,22,0,30,1
L4948:T2:I22351,4948,T2,2026-02-27T07:27:54.000Z,53,22,0,30,1
L4948:T2:I22348,4948,T2,2026-03-02T14:02:41.000Z,53,22,0,30,1
L4949:T0,4949,T0,2025-06-02T00:00:00.000Z,63,16,0,47,0
L4949:T1:I22357,4949,T1,2025-06-13T08:38:41.000Z,69,18,0,50,1
L4949:T2:I22356,4949,T2,2025-06-15T15:55:58.000Z,69,18,0,50,1
L4949:T2:I22355,4949,T2,2025-07-19T17:25:00.000Z,77,22,0,55,0
L4949:T2:I22354,4949,T2,2025-11-15T20:00:00.000Z,104,32,0,71,1
L4949:T2:I22353,4949,T2,2026-03-27T18:46:00.000Z,132,42,0,90,0
L4949:T2:I22352,4949,T2,2026-06-20T12:45:00.000Z,144,46,0,97,1
L4950:T0,4950,T0,2025-01-04T00:00:00.000Z,4,4,0,0,0
L4950:T1:I22358,4950,T1,2025-01-28T10:13:00.000Z,5,4,0,0,1
L4950:T2:I22360,4950,T2,2025-04-26T13:51:00.000Z,7,6,0,0,1
L4950:T2:I22362,4950,T2,2025-07-14T11:05:00.000Z,11,10,0,0,1
L4950:T2:I22361,4950,T2,2025-09-12T10:38:00.000Z,13,12,0,0,1
L4950:T2:I22359,4950,T2,2025-11-09T13:19:00.000Z,15,14,0,0,1
L4950:T2:I22363,4950,T2,2026-06-12T16:38:00.000Z,22,21,0,0,1
L4951:T0,4951,T0,2025-05-02T00:00:00.000Z,16,16,0,0,0
L4951:T1:I22367,4951,T1,2025-05-06T12:03:30.000Z,17,16,0,0,1
L4951:T2:I22366,4951,T2,2025-05-09T14:47:00.000Z,17,16,0,0,1
L4951:T2:I22364,4951,T2,2025-05-15T15:42:49.000Z,17,16,0,0,1
L4951:T2:I22365,4951,T2,2026-03-07T14:03:00.000Z,30,29,0,0,1
L4952:T0,4952,T0,2025-10-16T00:00:00.000Z,26,26,0,0,0
L4952:T1:I22371,4952,T1,2025-10-19T10:54:27.000Z,27,26,0,0,1
L4952:T2:I22369,4952,T2,2025-10-19T18:10:51.000Z,27,26,0,0,1
L4952:T2:I22370,4952,T2,2025-10-29T15:49:00.000Z,27,26,0,0,1
L4952:T2:I22368,4952,T2,2026-06-05T16:48:00.000Z,39,38,0,0,1
L4953:T0,4953,T0,2026-04-24T00:00:00.000Z,66,33,0,33,0
L4953:T1:I22372,4953,T1,2026-04-30T07:18:32.000Z,68,34,0,33,1
L4954:T0,4954,T0,2026-02-09T00:00:00.000Z,30,20,0,10,0
L4954:T1:I22374,4954,T1,2026-02-12T20:24:34.000Z,31,20,0,10,1
L4954:T2:I22373,4954,T2,2026-02-18T07:51:32.000Z,32,20,0,11,1
L4955:T0,4955,T0,2026-06-19T00:00:00.000Z,53,26,0,27,0
L4955:T1:I22375,4955,T1,2026-07-01T11:47:08.000Z,54,26,0,27,1
L4956:T0,4956,T0,2025-10-06T00:00:00.000Z,21,12,0,9,0
L4956:T1:I22379,4956,T1,2025-10-07T16:17:16.000Z,22,12,0,9,1
L4956:T2:I22377,4956,T2,2025-10-09T11:27:32.000Z,22,12,0,9,1
L4956:T2:I22376,4956,T2,2025-10-16T12:02:53.000Z,21,12,0,9,0
L4956:T2:I22378,4956,T2,2025-11-07T17:03:00.000Z,23,12,0,11,0
L4957:T0,4957,T0,2025-10-09T00:00:00.000Z,43,17,0,26,0
L4957:T1:I22380,4957,T1,2026-01-10T15:41:00.000Z,54,24,0,29,1
L4958:T0,4958,T0,2025-02-03T00:00:00.000Z,17,9,0,8,0
L4958:T1:I22381,4958,T1,2026-03-19T18:35:00.000Z,56,32,0,23,1
L4959:T0,4959,T0,2025-03-30T00:00:00.000Z,21,8,0,13,0
L4959:T1:I22384,4959,T1,2025-04-11T15:19:41.000Z,23,10,0,13,0
L4959:T2:I22383,4959,T2,2025-06-06T14:25:00.000Z,33,12,0,20,1
L4959:T2:I22382,4959,T2,2026-01-08T13:31:00.000Z,66,26,0,39,1
L4960:T0,4960,T0,2025-10-08T00:00:00.000Z,25,12,0,13,0
L4960:T1:I22389,4960,T1,2025-10-09T14:01:02.000Z,26,12,0,13,1
L4960:T2:I22386,4960,T2,2025-10-09T17:26:45.000Z,25,12,0,13,0
L4960:T2:I22388,4960,T2,2025-10-10T09:16:54.000Z,26,12,0,13,1
L4960:T2:I22387,4960,T2,2025-11-19T07:11:00.000Z,28,13,0,14,1
L4960:T2:I22385,4960,T2,2026-01-19T09:36:00.000Z,33,16,0,16,1
L4961:T0,4961,T0,2025-02-24T00:00:00.000Z,20,6,0,14,0
L4961:T1:I22390,4961,T1,2026-01-06T10:53:00.000Z,55,26,0,28,1
L4962:T0,4962,T0,2025-06-04T00:00:00.000Z,19,19,0,0,0
L4962:T1:I22393,4962,T1,2025-06-05T07:32:57.000Z,20,19,0,0,1
L4962:T2:I22395,4962,T2,2025-06-09T13:58:20.000Z,20,19,0,0,1
L4962:T2:I22392,4962,T2,2025-06-09T18:21:18.000Z,20,19,0,0,1
L4962:T2:I22394,4962,T2,2025-07-07T15:47:00.000Z,20,19,0,0,1
L4962:T2:I22396,4962,T2,2026-01-14T20:20:00.000Z,33,32,0,0,1
L4962:T2:I22391,4962,T2,2026-05-10T13:29:00.000Z,40,39,0,0,1
L4963:T0,4963,T0,2025-12-01T00:00:00.000Z,12,0,12,0,0
L4963:T1:I22397,4963,T1,2025-12-11T13:31:21.000Z,13,0,12,0,1
L4964:T0,4964,T0,2025-09-19T00:00:00.000Z,24,8,0,16,0
L4964:T1:I22398,4964,T1,2025-09-24T17:27:52.000Z,26,9,0,16,1
L4964:T2:I22401,4964,T2,2025-09-27T09:25:15.000Z,26,9,0,16,1
L4964:T2:I22400,4964,T2,2025-09-29T15:33:52.000Z,26,9,0,16,1
L4964:T2:I22399,4964,T2,2025-10-01T08:25:15.000Z,26,9,0,16,1
L4965:T0,4965,T0,2026-03-03T00:00:00.000Z,29,29,0,0,0
L4965:T1:I22409,4965,T1,2026-03-07T15:51:05.000Z,30,29,0,0,1
L4965:T2:I22403,4965,T2,2026-03-09T09:00:19.000Z,30,29,0,0,1
L4965:T2:I22405,4965,T2,2026-03-09T17:32:20.000Z,30,29,0,0,1
L4965:T2:I22407,4965,T2,2026-03-12T14:19:40.000Z,29,29,0,0,0
L4965:T2:I22404,4965,T2,2026-03-13T07:31:38.000Z,30,29,0,0,1
L4965:T2:I22406,4965,T2,2026-03-13T10:33:01.000Z,30,29,0,0,1
L4965:T2:I22402,4965,T2,2026-05-25T12:50:00.000Z,34,33,0,0,1
L4965:T2:I22408,4965,T2,2026-06-08T07:43:00.000Z,35,34,0,0,1
L4966:T0,4966,T0,2025-12-18T00:00:00.000Z,46,0,46,0,0
L4966:T1:I22414,4966,T1,2025-12-19T17:19:42.000Z,47,0,46,0,1
L4966:T2:I22415,4966,T2,2025-12-20T20:39:06.000Z,47,0,46,0,1
L4966:T2:I22416,4966,T2,2025-12-22T12:04:58.000Z,48,0,47,0,1
L4966:T2:I22412,4966,T2,2025-12-24T11:06:04.000Z,48,0,47,0,1
L4966:T2:I22410,4966,T2,2025-12-24T17:57:33.000Z,48,0,47,0,1
L4966:T2:I22413,4966,T2,2025-12-25T19:09:06.000Z,47,0,47,0,0
L4966:T2:I22411,4966,T2,2025-12-28T11:36:20.000Z,48,0,47,0,1
L4966:T2:I22417,4966,T2,2026-06-05T11:48:00.000Z,57,0,56,0,1
L4967:T0,4967,T0,2026-01-26T00:00:00.000Z,17,17,0,0,0
L4967:T1:I22418,4967,T1,2026-01-26T08:55:38.000Z,17,17,0,0,0
L4967:T2:I22421,4967,T2,2026-02-01T17:55:30.000Z,19,18,0,0,1
L4967:T2:I22419,4967,T2,2026-02-03T17:17:19.000Z,19,18,0,0,1
L4967:T2:I22420,4967,T2,2026-05-11T07:35:00.000Z,21,20,0,0,1
L4968:T0,4968,T0,2025-08-27T00:00:00.000Z,26,0,26,0,0
L4968:T1:I22422,4968,T1,2025-09-06T07:46:59.000Z,27,0,26,0,1
L4968:T2:I22427,4968,T2,2025-09-06T09:17:09.000Z,27,0,26,0,1
L4968:T2:I22425,4968,T2,2025-09-07T14:11:26.000Z,26,0,26,0,0
L4968:T2:I22423,4968,T2,2025-10-12T13:19:00.000Z,30,0,29,0,1
L4968:T2:I22426,4968,T2,2025-10-18T13:40:00.000Z,31,0,30,0,1
L4968:T2:I22424,4968,T2,2025-11-22T17:45:00.000Z,32,0,31,0,1
L4969:T0,4969,T0,2026-05-04T00:00:00.000Z,71,37,0,34,0
L4969:T1:I22430,4969,T1,2026-05-08T11:43:45.000Z,71,37,0,34,0
L4969:T2:I22428,4969,T2,2026-05-09T19:25:07.000Z,71,37,0,34,0
L4969:T2:I22429,4969,T2,2026-05-14T14:31:42.000Z,73,37,0,35,1
L4970:T0,4970,T0,2025-05-02T00:00:00.000Z,25,14,0,11,0
L4970:T1:I22431,4970,T1,2025-05-11T13:51:10.000Z,27,14,0,12,1
L4970:T2:I22433,4970,T2,2025-05-13T08:11:36.000Z,28,15,0,12,1
L4970:T2:I22432,4970,T2,2026-04-21T07:04:00.000Z,59,33,0,25,1
L4971:T0,4971,T0,2025-08-15T00:00:00.000Z,9,0,9,0,0
L4971:T1:I22435,4971,T1,2025-08-18T12:36:00.000Z,10,0,9,0,1
L4971:T2:I22436,4971,T2,2025-08-21T08:23:52.000Z,11,0,10,0,1
L4971:T2:I22434,4971,T2,2026-05-06T11:45:00.000Z,16,0,15,0,1
L4971:T2:I22437,4971,T2,2026-05-11T07:36:00.000Z,16,0,15,0,1
L4972:T0,4972,T0,2025-10-02T00:00:00.000Z,15,15,0,0,0
L4972:T1:I22439,4972,T1,2025-10-07T10:09:17.000Z,16,15,0,0,1
L4972:T2:I22438,4972,T2,2025-10-07T15:02:57.000Z,16,15,0,0,1
L4972:T2:I22440,4972,T2,2025-10-08T07:17:29.000Z,16,15,0,0,1
L4973:T0,4973,T0,2026-05-28T00:00:00.000Z,53,28,25,0,0
L4973:T1:I22441,4973,T1,2026-06-05T15:02:21.000Z,53,28,25,0,0
L4974:T0,4974,T0,2025-08-15T00:00:00.000Z,23,23,0,0,0
L4974:T1:I22442,4974,T1,2025-08-25T15:07:36.000Z,24,23,0,0,1
L4975:T0,4975,T0,2026-01-08T00:00:00.000Z,49,0,49,0,0
L4975:T1:I22447,4975,T1,2026-01-08T09:09:19.000Z,50,0,49,0,1
L4975:T2:I22444,4975,T2,2026-01-09T09:29:06.000Z,50,0,49,0,1
L4975:T2:I22448,4975,T2,2026-01-11T08:54:48.000Z,51,0,50,0,1
L4975:T2:I22445,4975,T2,2026-01-11T18:57:46.000Z,51,0,50,0,1
L4975:T2:I22450,4975,T2,2026-01-14T18:32:07.000Z,50,0,50,0,0
L4975:T2:I22446,4975,T2,2026-01-16T15:17:03.000Z,51,0,50,0,1
L4975:T2:I22449,4975,T2,2026-01-21T17:43:02.000Z,51,0,51,0,0
L4975:T2:I22443,4975,T2,2026-03-16T07:45:00.000Z,63,0,62,0,1
L4976:T0,4976,T0,2025-07-02T00:00:00.000Z,25,25,0,0,0
L4976:T1:I22452,4976,T1,2025-07-10T08:02:49.000Z,27,26,0,0,1
L4976:T2:I22453,4976,T2,2025-07-13T07:03:02.000Z,27,26,0,0,1
L4976:T2:I22451,4976,T2,2025-08-30T13:19:00.000Z,31,30,0,0,1
L4976:T2:I22454,4976,T2,2025-10-02T18:40:00.000Z,32,31,0,0,1
L4977:T0,4977,T0,2026-02-13T00:00:00.000Z,49,28,0,21,0
L4977:T1:I22455,4977,T1,2026-02-19T15:58:20.000Z,50,28,0,21,1
L4977:T2:I22459,4977,T2,2026-02-20T17:31:00.000Z,50,28,0,21,1
L4977:T2:I22460,4977,T2,2026-02-21T12:09:06.000Z,50,28,0,21,1
L4977:T2:I22457,4977,T2,2026-02-24T20:20:38.000Z,50,28,0,21,1
L4977:T2:I22456,4977,T2,2026-02-25T10:52:12.000Z,50,28,0,21,1
L4977:T2:I22458,4977,T2,2026-05-19T08:57:00.000Z,57,29,0,27,1
L4978:T0,4978,T0,2025-12-17T00:00:00.000Z,84,34,0,50,0
L4978:T1:I22463,4978,T1,2025-12-24T16:15:45.000Z,87,36,0,50,1
L4978:T2:I22462,4978,T2,2025-12-26T08:38:48.000Z,87,36,0,50,1
L4978:T2:I22461,4978,T2,2025-12-30T13:05:23.000Z,87,36,0,50,1
L4979:T0,4979,T0,2025-12-15T00:00:00.000Z,33,16,0,17,0
L4979:T1:I22471,4979,T1,2025-12-16T15:56:46.000Z,34,16,0,17,1
L4979:T2:I22467,4979,T2,2025-12-18T10:08:09.000Z,34,16,0,17,1
L4979:T2:I22470,4979,T2,2025-12-21T15:53:01.000Z,34,16,0,17,1
L4979:T2:I22468,4979,T2,2025-12-22T12:07:19.000Z,34,16,0,17,1
L4979:T2:I22465,4979,T2,2026-02-25T08:25:00.000Z,41,18,0,22,1
L4979:T2:I22469,4979,T2,2026-05-02T14:40:00.000Z,44,20,0,23,1
L4979:T2:I22466,4979,T2,2026-05-24T18:46:00.000Z,44,20,0,23,1
L4979:T2:I22464,4979,T2,2026-06-14T12:04:00.000Z,46,21,0,24,1
L4980:T0,4980,T0,2025-06-23T00:00:00.000Z,17,17,0,0,0
L4980:T1:I22473,4980,T1,2025-06-26T18:29:57.000Z,18,17,0,0,1
L4980:T2:I22472,4980,T2,2025-07-01T15:24:45.000Z,18,17,0,0,1
L4980:T2:I22475,4980,T2,2025-10-07T14:46:00.000Z,18,17,0,0,1
L4980:T2:I22474,4980,T2,2025-12-02T15:25:00.000Z,20,19,0,0,1
L4980:T2:I22476,4980,T2,2026-05-10T11:59:00.000Z,26,26,0,0,0
L4981:T0,4981,T0,2025-02-14T00:00:00.000Z,27,15,0,12,0
L4981:T1:I22478,4981,T1,2025-02-20T10:33:07.000Z,28,15,0,12,1
L4981:T2:I22482,4981,T2,2025-02-21T15:50:42.000Z,28,15,0,12,1
L4981:T2:I22477,4981,T2,2025-02-26T20:36:48.000Z,28,16,0,12,0
L4981:T2:I22480,4981,T2,2025-04-16T18:00:00.000Z,33,20,0,13,0
L4981:T2:I22481,4981,T2,2025-12-04T16:06:00.000Z,47,27,0,20,0
L4981:T2:I22479,4981,T2,2026-04-26T18:28:00.000Z,70,36,0,33,1
L4982:T0,4982,T0,2025-10-27T00:00:00.000Z,15,15,0,0,0
L4982:T1:I22483,4982,T1,2025-10-30T14:40:34.000Z,16,15,0,0,1
L4982:T2:I22485,4982,T2,2025-11-03T08:45:41.000Z,16,15,0,0,1
L4982:T2:I22488,4982,T2,2025-11-03T11:32:55.000Z,16,15,0,0,1
L4982:T2:I22486,4982,T2,2026-01-20T20:26:00.000Z,20,19,0,0,1
L4982:T2:I22487,4982,T2,2026-04-21T17:06:00.000Z,26,25,0,0,1
L4982:T2:I22484,4982,T2,2026-04-23T16:03:00.000Z,26,25,0,0,1
L4983:T0,4983,T0,2026-04-24T00:00:00.000Z,16,16,0,0,0
L4983:T1:I22492,4983,T1,2026-04-24T07:59:03.000Z,16,16,0,0,0
L4983:T2:I22490,4983,T2,2026-04-24T16:16:15.000Z,17,16,0,0,1
L4983:T2:I22491,4983,T2,2026-04-25T11:52:40.000Z,17,16,0,0,1
L4983:T2:I22493,4983,T2,2026-04-25T18:02:58.000Z,17,16,0,0,1
L4983:T2:I22489,4983,T2,2026-04-28T07:41:43.000Z,17,16,0,0,1
L4983:T2:I22494,4983,T2,2026-05-07T09:04:33.000Z,19,18,0,0,1
L4984:T0,4984,T0,2026-01-12T00:00:00.000Z,42,24,0,18,0
L4984:T1:I22496,4984,T1,2026-01-15T17:46:13.000Z,43,24,0,18,1
L4984:T2:I22495,4984,T2,2026-01-19T10:45:51.000Z,44,25,0,18,1
L4984:T2:I22498,4984,T2,2026-01-19T17:50:28.000Z,44,25,0,18,1
L4984:T2:I22497,4984,T2,2026-06-17T19:40:00.000Z,52,28,0,23,1
L4985:T0,4985,T0,2025-05-26T00:00:00.000Z,16,0,16,0,0
L4985:T1:I22504,4985,T1,2025-05-31T12:08:16.000Z,17,0,16,0,1
L4985:T2:I22502,4985,T2,2025-05-31T13:24:18.000Z,17,0,16,0,1
L4985:T2:I22500,4985,T2,2025-06-07T15:59:24.000Z,17,0,16,0,1
L4985:T2:I22499,4985,T2,2025-06-08T09:24:27.000Z,17,0,16,0,1
L4985:T2:I22501,4985,T2,2025-06-08T10:00:44.000Z,17,0,16,0,1
L4985:T2:I22503,4985,T2,2025-09-12T16:34:00.000Z,25,0,24,0,1
L4986:T0,4986,T0,2025-08-11T00:00:00.000Z,14,14,0,0,0
L4986:T1:I22505,4986,T1,2025-08-15T11:11:03.000Z,15,14,0,0,1
L4986:T2:I22509,4986,T2,2025-08-18T17:49:57.000Z,15,14,0,0,1
L4986:T2:I22507,4986,T2,2025-08-23T10:27:50.000Z,15,14,0,0,1
L4986:T2:I22508,4986,T2,2025-10-05T11:36:00.000Z,16,15,0,0,1
L4986:T2:I22506,4986,T2,2026-06-04T18:29:00.000Z,21,20,0,0,1
L4987:T0,4987,T0,2025-02-23T00:00:00.000Z,6,6,0,0,0
L4987:T1:I22511,4987,T1,2025-05-09T17:08:00.000Z,10,9,0,0,1
L4987:T2:I22510,4987,T2,2026-01-01T08:07:00.000Z,23,22,0,0,1
L4988:T0,4988,T0,2025-05-15T00:00:00.000Z,32,10,0,22,0
L4988:T1:I22516,4988,T1,2025-05-19T11:39:27.000Z,34,11,0,22,1
L4988:T2:I22518,4988,T2,2025-05-23T09:29:34.000Z,34,11,0,22,1
L4988:T2:I22512,4988,T2,2025-07-11T16:02:00.000Z,39,12,0,26,1
L4988:T2:I22514,4988,T2,2025-07-14T15:25:00.000Z,40,12,0,27,1
L4988:T2:I22515,4988,T2,2026-01-20T16:40:00.000Z,67,21,0,45,1
L4988:T2:I22517,4988,T2,2026-03-27T16:22:00.000Z,75,23,0,51,1
L4988:T2:I22513,4988,T2,2026-05-02T11:11:00.000Z,83,25,0,57,1
L4989:T0,4989,T0,2026-05-11T00:00:00.000Z,67,32,0,35,0
L4989:T1:I22521,4989,T1,2026-05-11T17:09:23.000Z,68,32,0,35,1
L4989:T2:I22519,4989,T2,2026-05-12T20:30:07.000Z,68,32,0,35,1
L4989:T2:I22520,4989,T2,2026-05-14T18:54:03.000Z,67,32,0,35,0
L4989:T2:I22526,4989,T2,2026-05-15T15:33:31.000Z,67,32,0,35,0
L4989:T2:I22524,4989,T2,2026-05-21T11:46:12.000Z,67,32,0,35,0
L4989:T2:I22523,4989,T2,2026-05-21T13:39:55.000Z,68,32,0,35,1
L4989:T2:I22522,4989,T2,2026-05-22T15:05:49.000Z,68,32,0,35,1
L4989:T2:I22525,4989,T2,2026-06-05T19:14:00.000Z,69,32,0,36,1
L4990:T0,4990,T0,2026-01-05T00:00:00.000Z,29,29,0,0,0
L4990:T1:I22531,4990,T1,2026-01-06T13:14:46.000Z,30,29,0,0,1
L4990:T2:I22529,4990,T2,2026-01-07T17:04:14.000Z,30,29,0,0,1
L4990:T2:I22528,4990,T2,2026-01-11T17:18:49.000Z,30,29,0,0,1
L4990:T2:I22527,4990,T2,2026-01-17T16:07:24.000Z,30,29,0,0,1
L4990:T2:I22532,4990,T2,2026-01-18T15:42:13.000Z,30,29,0,0,1
L4990:T2:I22530,4990,T2,2026-01-23T12:36:00.000Z,30,29,0,0,1
L4991:T0,4991,T0,2025-05-31T00:00:00.000Z,22,22,0,0,0
L4991:T1:I22533,4991,T1,2025-06-09T09:07:48.000Z,24,24,0,0,0
L4992:T0,4992,T0,2025-08-16T00:00:00.000Z,14,14,0,0,0
L4992:T1:I22535,4992,T1,2025-08-16T18:53:56.000Z,15,14,0,0,1
L4992:T2:I22537,4992,T2,2025-08-27T14:30:00.000Z,15,14,0,0,1
L4992:T2:I22534,4992,T2,2025-08-27T16:30:19.000Z,14,14,0,0,0
L4992:T2:I22536,4992,T2,2025-10-05T08:56:00.000Z,16,15,0,0,1
L4993:T0,4993,T0,2026-06-24T00:00:00.000Z,99,31,0,68,0
L4993:T1:I22544,4993,T1,2026-06-24T19:37:51.000Z,100,31,0,68,1
L4993:T2:I22542,4993,T2,2026-06-26T08:51:50.000Z,102,33,0,68,1
L4993:T2:I22538,4993,T2,2026-06-29T11:05:16.000Z,101,33,0,68,0
L4993:T2:I22543,4993,T2,2026-06-29T18:05:10.000Z,102,33,0,68,1
L4993:T2:I22539,4993,T2,2026-07-04T07:55:22.000Z,102,33,0,68,1
L4993:T2:I22541,4993,T2,2026-07-04T11:09:18.000Z,101,33,0,68,0
L4993:T2:I22540,4993,T2,2026-07-05T08:11:23.000Z,102,33,0,68,1
L4994:T0,4994,T0,2025-08-27T00:00:00.000Z,41,17,0,24,0
L4994:T1:I22545,4994,T1,2026-06-16T20:58:00.000Z,78,36,0,41,1
L4995:T0,4995,T0,2026-04-14T00:00:00.000Z,36,15,21,0,0
L4995:T1:I22549,4995,T1,2026-04-19T09:56:33.000Z,37,15,21,0,1
L4995:T2:I22548,4995,T2,2026-04-19T10:33:36.000Z,37,15,21,0,1
L4995:T2:I22547,4995,T2,2026-04-24T14:50:39.000Z,37,15,21,0,1
L4995:T2:I22546,4995,T2,2026-04-27T17:35:32.000Z,37,15,21,0,1
L4996:T0,4996,T0,2025-04-21T00:00:00.000Z,8,8,0,0,0
L4996:T1:I22550,4996,T1,2026-06-01T12:58:00.000Z,31,30,0,0,1
L4997:T0,4997,T0,2025-12-29T00:00:00.000Z,27,27,0,0,0
L4997:T1:I22557,4997,T1,2025-12-29T15:13:46.000Z,28,27,0,0,1
L4997:T2:I22552,4997,T2,2026-01-03T15:11:38.000Z,28,27,0,0,1
L4997:T2:I22553,4997,T2,2026-01-04T19:04:07.000Z,28,27,0,0,1
L4997:T2:I22555,4997,T2,2026-01-10T11:38:54.000Z,28,27,0,0,1
L4997:T2:I22551,4997,T2,2026-01-11T14:51:56.000Z,28,27,0,0,1
L4997:T2:I22556,4997,T2,2026-01-11T15:42:33.000Z,28,27,0,0,1
L4997:T2:I22554,4997,T2,2026-06-12T14:53:00.000Z,36,35,0,0,1
L4998:T0,4998,T0,2025-08-15T00:00:00.000Z,35,15,0,20,0
L4998:T1:I22564,4998,T1,2025-08-15T15:05:13.000Z,36,15,0,20,1
L4998:T2:I22563,4998,T2,2025-08-16T14:01:03.000Z,36,15,0,20,1
L4998:T2:I22561,4998,T2,2025-08-18T17:34:52.000Z,36,15,0,20,1
L4998:T2:I22558,4998,T2,2025-08-25T15:45:26.000Z,36,15,0,20,1
L4998:T2:I22559,4998,T2,2025-08-26T19:43:00.000Z,36,15,0,20,1
L4998:T2:I22562,4998,T2,2025-12-15T13:58:00.000Z,45,19,0,26,0
L4998:T2:I22560,4998,T2,2026-05-25T14:25:00.000Z,57,27,0,29,1
L4999:T0,4999,T0,2026-05-01T00:00:00.000Z,62,33,0,29,0
L4999:T1:I22566,4999,T1,2026-05-01T13:29:09.000Z,63,33,0,29,1
L4999:T2:I22568,4999,T2,2026-05-08T19:56:00.000Z,64,33,0,30,1
L4999:T2:I22569,4999,T2,2026-05-10T20:38:15.000Z,64,33,0,30,1
L4999:T2:I22565,4999,T2,2026-05-11T10:38:10.000Z,63,33,0,30,0
L4999:T2:I22567,4999,T2,2026-05-11T19:42:15.000Z,64,33,0,30,1
L5000:T0,5000,T0,2026-04-07T00:00:00.000Z,52,24,0,28,0
L5000:T1:I22570,5000,T1,2026-04-07T17:29:06.000Z,53,24,0,28,1
L5000:T2:I22575,5000,T2,2026-04-08T08:57:39.000Z,53,24,0,28,1
L5000:T2:I22572,5000,T2,2026-04-09T15:12:59.000Z,54,25,0,28,1
L5000:T2:I22576,5000,T2,2026-04-11T07:52:25.000Z,54,25,0,28,1
L5000:T2:I22574,5000,T2,2026-04-12T19:56:39.000Z,54,25,0,28,1
L5000:T2:I22573,5000,T2,2026-04-15T16:55:25.000Z,55,26,0,28,1
L5000:T2:I22571,5000,T2,2026-04-18T07:20:02.000Z,56,26,0,29,1
