lead_id,score_time,fold,target_value,selected_spot_area_closeness,selected_spot_geographic_fit,selected_spot_attribute_completeness,lead_quality_probability,model_version
4,2025-10-29T12:13:42.000000,F1,0,0,1,0.9090909090909091,0.22415913399650822,LQ_RECOVERY_R4_STATIC_MATCH_V1
5,2025-10-21T15:45:00.000000,F1,0,0.20000000000000007,0,1,0.18903970145363683,LQ_RECOVERY_R4_STATIC_MATCH_V1
6,2025-10-06T18:45:00.000000,F1,0,0,1,1,0.20247730998572816,LQ_RECOVERY_R4_STATIC_MATCH_V1
16,2025-10-17T09:37:11.000000,F1,0,0.33094361557837626,0,1,0.18372252577556805,LQ_RECOVERY_R4_STATIC_MATCH_V1
39,2025-10-09T12:46:34.000000,F1,1,0,0,1,0.1973874423017628,LQ_RECOVERY_R4_STATIC_MATCH_V1
43,2025-10-01T07:13:54.000000,F1,0,0,0,0.9090909090909091,0.21867367367801294,LQ_RECOVERY_R4_STATIC_MATCH_V1
59,2025-10-09T07:48:30.000000,F1,0,0,0,1,0.1973874423017628,LQ_RECOVERY_R4_STATIC_MATCH_V1
61,2025-10-25T15:06:53.000000,F1,0,0.19999999999999996,0,1,0.18903970145363683,LQ_RECOVERY_R4_STATIC_MATCH_V1
66,2025-09-25T09:02:04.000000,F1,1,0.725504677498769,0,0.9090909090909091,0.18729292868377084,LQ_RECOVERY_R4_STATIC_MATCH_V1
68,2025-10-04T18:55:09.000000,F1,0,0.6604651162790698,0,1,0.17085624212257408,LQ_RECOVERY_R4_STATIC_MATCH_V1
72,2025-10-06T17:53:13.000000,F1,0,0,0,1,0.1973874423017628,LQ_RECOVERY_R4_STATIC_MATCH_V1
77,2025-09-30T17:05:05.000000,F1,0,0.20000000000000007,0,1,0.18903970145363683,LQ_RECOVERY_R4_STATIC_MATCH_V1
83,2025-10-21T18:58:41.000000,F1,0,0.19999999999999996,0,0.8181818181818182,0.23188826768298443,LQ_RECOVERY_R4_STATIC_MATCH_V1
85,2025-09-06T20:45:39.000000,F1,1,0,0.5,1,0.19992022576562563,LQ_RECOVERY_R4_STATIC_MATCH_V1
87,2025-09-06T14:17:38.000000,F1,0,0,0,0.9090909090909091,0.21867367367801294,LQ_RECOVERY_R4_STATIC_MATCH_V1
99,2025-09-30T12:13:00.000000,F1,0,0,0,0.9090909090909091,0.21867367367801294,LQ_RECOVERY_R4_STATIC_MATCH_V1
101,2025-10-26T12:39:00.000000,F1,0,0.2683187733998931,0,1,0.1862509172826012,LQ_RECOVERY_R4_STATIC_MATCH_V1
115,2025-09-07T20:20:43.000000,F1,0,0,0,1,0.1973874423017628,LQ_RECOVERY_R4_STATIC_MATCH_V1
116,2025-09-12T14:00:10.000000,F1,0,0,0,1,0.1973874423017628,LQ_RECOVERY_R4_STATIC_MATCH_V1
142,2025-10-10T15:47:41.000000,F1,0,0.40458015267175584,1,0.9090909090909091,0.2058810572465472,LQ_RECOVERY_R4_STATIC_MATCH_V1
157,2025-10-31T08:22:53.000000,F1,0,0,1,0.8181818181818182,0.2474423525389712,LQ_RECOVERY_R4_STATIC_MATCH_V1
160,2025-10-16T15:58:00.000000,F1,0,0,0,0.9090909090909091,0.21867367367801294,LQ_RECOVERY_R4_STATIC_MATCH_V1
163,2025-09-06T12:47:00.000000,F1,0,0.19999999999999996,0,1,0.18903970145363683,LQ_RECOVERY_R4_STATIC_MATCH_V1
169,2025-09-05T18:27:31.000000,F1,1,0.7065337763012182,0,0.9090909090909091,0.18806744566214545,LQ_RECOVERY_R4_STATIC_MATCH_V1
174,2025-10-25T18:08:18.000000,F1,0,0,0,0.9090909090909091,0.21867367367801294,LQ_RECOVERY_R4_STATIC_MATCH_V1
185,2025-10-18T08:57:47.000000,F1,1,0.20000000000000007,0.5,1,0.19149092642187363,LQ_RECOVERY_R4_STATIC_MATCH_V1
187,2025-09-16T18:15:00.000000,F1,0,0,0,1,0.1973874423017628,LQ_RECOVERY_R4_STATIC_MATCH_V1
204,2025-10-04T13:22:00.000000,F1,0,0,0.5,0.8181818181818182,0.24449149139415727,LQ_RECOVERY_R4_STATIC_MATCH_V1
206,2025-09-04T15:52:59.000000,F1,0,0.19999999999999996,0,0.8181818181818182,0.23188826768298443,LQ_RECOVERY_R4_STATIC_MATCH_V1
208,2025-10-14T18:07:12.000000,F1,0,0.24819494584837543,0,1,0.18706906439972407,LQ_RECOVERY_R4_STATIC_MATCH_V1
216,2025-10-14T17:23:19.000000,F1,1,0.19999999999999996,0,1,0.18903970145363683,LQ_RECOVERY_R4_STATIC_MATCH_V1
228,2025-10-14T17:18:16.000000,F1,0,0.19999999999999996,0,1,0.18903970145363683,LQ_RECOVERY_R4_STATIC_MATCH_V1
234,2025-09-12T16:45:15.000000,F1,0,0.6654624277456647,0,0.9090909090909091,0.1897526738354299,LQ_RECOVERY_R4_STATIC_MATCH_V1
235,2025-09-23T12:35:33.000000,F1,1,0,1,1,0.20247730998572816,LQ_RECOVERY_R4_STATIC_MATCH_V1
239,2025-09-02T12:00:09.000000,F1,0,0,1,1,0.20247730998572816,LQ_RECOVERY_R4_STATIC_MATCH_V1
250,2025-09-23T14:28:00.000000,F1,1,0.9441053033193436,0,0.9090909090909091,0.17854500722032643,LQ_RECOVERY_R4_STATIC_MATCH_V1
251,2025-10-09T17:37:40.000000,F1,1,0.31809194265941665,0,1,0.18423921624608888,LQ_RECOVERY_R4_STATIC_MATCH_V1
259,2025-10-17T17:32:58.000000,F1,1,0,0,0.9090909090909091,0.21867367367801294,LQ_RECOVERY_R4_STATIC_MATCH_V1
263,2025-09-25T08:53:00.000000,F1,0,0.7277508090614886,1,1,0.17282046453919786,LQ_RECOVERY_R4_STATIC_MATCH_V1
274,2025-09-27T11:26:24.000000,F1,0,0.5262049602246139,0,0.9090909090909091,0.19555263492140545,LQ_RECOVERY_R4_STATIC_MATCH_V1
277,2025-10-07T09:05:05.000000,F1,1,0.8695536663124335,0,1,0.16306966513265167,LQ_RECOVERY_R4_STATIC_MATCH_V1
292,2025-09-10T19:55:48.000000,F1,1,0,0,0.9090909090909091,0.21867367367801294,LQ_RECOVERY_R4_STATIC_MATCH_V1
295,2025-09-27T15:47:04.000000,F1,0,0.8851837060702875,1,0.9090909090909091,0.18563344845959948,LQ_RECOVERY_R4_STATIC_MATCH_V1
300,2025-09-20T14:45:00.000000,F1,0,0,0.5,1,0.19992022576562563,LQ_RECOVERY_R4_STATIC_MATCH_V1
308,2025-10-24T19:44:34.000000,F1,0,0.2397017045454547,0,0.9090909090909091,0.20790458491413658,LQ_RECOVERY_R4_STATIC_MATCH_V1
313,2025-09-27T07:26:00.000000,F1,0,0,1,1,0.20247730998572816,LQ_RECOVERY_R4_STATIC_MATCH_V1
322,2025-10-02T10:42:00.000000,F1,0,0,1,1,0.20247730998572816,LQ_RECOVERY_R4_STATIC_MATCH_V1
327,2025-09-29T07:11:06.000000,F1,1,0.19999999999999996,0,1,0.18903970145363683,LQ_RECOVERY_R4_STATIC_MATCH_V1
328,2025-09-10T14:30:25.000000,F1,0,0.20000000000000007,0.8,1,0.19297326604240103,LQ_RECOVERY_R4_STATIC_MATCH_V1
329,2025-09-17T11:00:00.000000,F1,0,0,0.8,1,0.20145155860065805,LQ_RECOVERY_R4_STATIC_MATCH_V1
330,2025-09-08T17:01:54.000000,F1,0,0.19999999999999996,1,1,0.193966333525225,LQ_RECOVERY_R4_STATIC_MATCH_V1
337,2025-10-25T15:01:54.000000,F1,0,0.8795282224094356,0.8,0.9090909090909091,0.1849014139770636,LQ_RECOVERY_R4_STATIC_MATCH_V1
343,2025-09-11T14:20:33.000000,F1,0,0,0,1,0.1973874423017628,LQ_RECOVERY_R4_STATIC_MATCH_V1
353,2025-10-01T07:07:23.000000,F1,0,0,0,0.8181818181818182,0.24156452479590487,LQ_RECOVERY_R4_STATIC_MATCH_V1
360,2025-09-29T16:03:00.000000,F1,0,0.19999999999999996,1,1,0.193966333525225,LQ_RECOVERY_R4_STATIC_MATCH_V1
364,2025-10-22T15:51:32.000000,F1,0,0,0,1,0.1973874423017628,LQ_RECOVERY_R4_STATIC_MATCH_V1
380,2025-10-08T16:58:13.000000,F1,0,0,0,1,0.1973874423017628,LQ_RECOVERY_R4_STATIC_MATCH_V1
391,2025-10-30T14:28:54.000000,F1,0,0.7894736842105263,0,1,0.16601759433487984,LQ_RECOVERY_R4_STATIC_MATCH_V1
394,2025-09-10T09:10:46.000000,F1,0,0.7112530203658958,1,0.8181818181818182,0.21369953292202148,LQ_RECOVERY_R4_STATIC_MATCH_V1
395,2025-10-19T17:12:43.000000,F1,0,0,0,1,0.1973874423017628,LQ_RECOVERY_R4_STATIC_MATCH_V1
410,2025-09-20T16:54:29.000000,F1,0,0,1,1,0.20247730998572816,LQ_RECOVERY_R4_STATIC_MATCH_V1
421,2025-09-08T12:31:37.000000,F1,1,0,0,1,0.1973874423017628,LQ_RECOVERY_R4_STATIC_MATCH_V1
442,2025-09-14T09:55:40.000000,F1,0,0.45798621824539754,1,1,0.1833928416368935,LQ_RECOVERY_R4_STATIC_MATCH_V1
452,2025-10-05T14:07:01.000000,F1,1,0.19999999999999996,0,0.9090909090909091,0.20966087168612407,LQ_RECOVERY_R4_STATIC_MATCH_V1
454,2025-09-16T09:03:39.000000,F1,0,0,0,0.9090909090909091,0.21867367367801294,LQ_RECOVERY_R4_STATIC_MATCH_V1
456,2025-09-24T20:04:51.000000,F1,0,0,0,0.9090909090909091,0.21867367367801294,LQ_RECOVERY_R4_STATIC_MATCH_V1
459,2025-09-26T07:15:56.000000,F1,0,0.6763998625901753,0.5,1,0.17251201953083947,LQ_RECOVERY_R4_STATIC_MATCH_V1
460,2025-09-14T11:33:27.000000,F1,0,0.3637339055793991,1,0.9090909090909091,0.20767515963212843,LQ_RECOVERY_R4_STATIC_MATCH_V1
463,2025-10-17T14:33:46.000000,F1,0,0.23174121809451598,1,0.9090909090909091,0.2135514168969661,LQ_RECOVERY_R4_STATIC_MATCH_V1
468,2025-10-08T19:55:00.000000,F1,1,0,0,1,0.1973874423017628,LQ_RECOVERY_R4_STATIC_MATCH_V1
473,2025-09-28T18:28:59.000000,F1,0,0.6243441762854145,0,1,0.172230914633345,LQ_RECOVERY_R4_STATIC_MATCH_V1
479,2025-10-26T20:59:44.000000,F1,0,0.32055178863689493,1,0.9090909090909091,0.20958437748104589,LQ_RECOVERY_R4_STATIC_MATCH_V1
488,2025-09-26T09:10:23.000000,F1,0,0.21232306411323898,1,1,0.19345091801249004,LQ_RECOVERY_R4_STATIC_MATCH_V1
495,2025-09-05T20:09:39.000000,F1,0,0,0,1,0.1973874423017628,LQ_RECOVERY_R4_STATIC_MATCH_V1
497,2025-09-03T13:35:18.000000,F1,0,0,0,1,0.1973874423017628,LQ_RECOVERY_R4_STATIC_MATCH_V1
500,2025-10-25T13:55:34.000000,F1,0,0.5309769658459096,0,1,0.17582479567203876,LQ_RECOVERY_R4_STATIC_MATCH_V1
501,2025-09-08T07:01:48.000000,F1,0,0.20000000000000007,0,1,0.18903970145363683,LQ_RECOVERY_R4_STATIC_MATCH_V1
507,2025-10-18T09:09:17.000000,F1,0,0,0,1,0.1973874423017628,LQ_RECOVERY_R4_STATIC_MATCH_V1
546,2025-10-24T09:42:06.000000,F1,0,0.627090724784592,0,1,0.17212608093878912,LQ_RECOVERY_R4_STATIC_MATCH_V1
563,2025-09-21T18:46:05.000000,F1,0,0.19999999999999996,0,1,0.18903970145363683,LQ_RECOVERY_R4_STATIC_MATCH_V1
571,2025-10-17T18:57:51.000000,F1,0,0.7709586843160849,1,1,0.1711726435191045,LQ_RECOVERY_R4_STATIC_MATCH_V1
573,2025-09-04T13:30:00.000000,F1,0,0.19999999999999996,0.5,1,0.19149092642187363,LQ_RECOVERY_R4_STATIC_MATCH_V1
577,2025-10-08T11:51:27.000000,F1,0,0,0,0.9090909090909091,0.21867367367801294,LQ_RECOVERY_R4_STATIC_MATCH_V1
578,2025-09-21T16:12:53.000000,F1,1,0,0,1,0.1973874423017628,LQ_RECOVERY_R4_STATIC_MATCH_V1
583,2025-09-26T13:54:03.000000,F1,0,0.19999999999999996,0,0.8181818181818182,0.23188826768298443,LQ_RECOVERY_R4_STATIC_MATCH_V1
584,2025-10-25T08:24:00.000000,F1,0,0.19999999999999996,1,0.9090909090909091,0.21498245268371174,LQ_RECOVERY_R4_STATIC_MATCH_V1
585,2025-09-13T11:19:10.000000,F1,0,0.2032063293774723,0,0.9090909090909091,0.20951862939530888,LQ_RECOVERY_R4_STATIC_MATCH_V1
604,2025-10-07T19:44:39.000000,F1,0,0,0,0.9090909090909091,0.21867367367801294,LQ_RECOVERY_R4_STATIC_MATCH_V1
609,2025-09-30T08:00:00.000000,F1,0,0,0,0.9090909090909091,0.21867367367801294,LQ_RECOVERY_R4_STATIC_MATCH_V1
617,2025-10-10T19:55:00.000000,F1,0,0,0,0.8181818181818182,0.24156452479590487,LQ_RECOVERY_R4_STATIC_MATCH_V1
618,2025-09-11T11:53:52.000000,F1,1,0.5448695345557124,0,0.9090909090909091,0.194767550891015,LQ_RECOVERY_R4_STATIC_MATCH_V1
657,2025-09-04T13:22:53.000000,F1,1,0,0,1,0.1973874423017628,LQ_RECOVERY_R4_STATIC_MATCH_V1
662,2025-09-29T10:42:05.000000,F1,1,0.3243666753721598,0.5,1,0.1863875697885715,LQ_RECOVERY_R4_STATIC_MATCH_V1
671,2025-09-09T19:29:00.000000,F1,0,0,0,1,0.1973874423017628,LQ_RECOVERY_R4_STATIC_MATCH_V1
672,2025-10-19T12:34:41.000000,F1,0,0,0,0.9090909090909091,0.21867367367801294,LQ_RECOVERY_R4_STATIC_MATCH_V1
675,2025-09-29T13:44:09.000000,F1,0,0,0,1,0.1973874423017628,LQ_RECOVERY_R4_STATIC_MATCH_V1
681,2025-09-09T07:12:10.000000,F1,0,0.19999999999999996,0.5,1,0.19149092642187363,LQ_RECOVERY_R4_STATIC_MATCH_V1
697,2025-10-19T20:51:52.000000,F1,0,0,0,0.9090909090909091,0.21867367367801294,LQ_RECOVERY_R4_STATIC_MATCH_V1
712,2025-09-13T20:57:12.000000,F1,0,0.6118647965049435,0,1,0.17270788005226426,LQ_RECOVERY_R4_STATIC_MATCH_V1
725,2025-10-13T07:32:44.000000,F1,0,0,0,1,0.1973874423017628,LQ_RECOVERY_R4_STATIC_MATCH_V1
727,2025-09-03T08:37:38.000000,F1,0,0,0,1,0.1973874423017628,LQ_RECOVERY_R4_STATIC_MATCH_V1
728,2025-09-08T16:44:57.000000,F1,0,0.3149802617909827,0,1,0.18436448773081585,LQ_RECOVERY_R4_STATIC_MATCH_V1
736,2025-09-02T15:36:00.000000,F1,0,0.19999999999999996,0,1,0.18903970145363683,LQ_RECOVERY_R4_STATIC_MATCH_V1
740,2025-10-08T07:50:58.000000,F1,0,0.8236125839519266,0,1,0.16475567525520218,LQ_RECOVERY_R4_STATIC_MATCH_V1
760,2025-09-27T12:43:03.000000,F1,0,0.4254608294930876,1,0.9090909090909091,0.2049683537002488,LQ_RECOVERY_R4_STATIC_MATCH_V1
761,2025-09-01T08:32:31.000000,F1,0,0.8768964022540097,0.5,0.9090909090909091,0.1835725875885854,LQ_RECOVERY_R4_STATIC_MATCH_V1
792,2025-09-15T15:33:00.000000,F1,0,0,0,1,0.1973874423017628,LQ_RECOVERY_R4_STATIC_MATCH_V1
808,2025-10-19T15:51:26.000000,F1,0,0,1,0.9090909090909091,0.22415913399650822,LQ_RECOVERY_R4_STATIC_MATCH_V1
817,2025-10-13T18:00:42.000000,F1,0,0.20824524312896397,0,1,0.18870143741225345,LQ_RECOVERY_R4_STATIC_MATCH_V1
819,2025-09-15T12:51:13.000000,F1,0,0,0.8,1,0.20145155860065805,LQ_RECOVERY_R4_STATIC_MATCH_V1
822,2025-09-21T11:47:00.000000,F1,0,0.19999999999999996,0,0.8181818181818182,0.23188826768298443,LQ_RECOVERY_R4_STATIC_MATCH_V1
825,2025-10-31T19:53:39.000000,F1,0,0,1,1,0.20247730998572816,LQ_RECOVERY_R4_STATIC_MATCH_V1
826,2025-10-03T14:20:17.000000,F1,0,0,1,1,0.20247730998572816,LQ_RECOVERY_R4_STATIC_MATCH_V1
830,2025-09-11T10:21:41.000000,F1,1,0.45291123130766775,0,1,0.1788747647935925,LQ_RECOVERY_R4_STATIC_MATCH_V1
847,2025-09-20T15:28:46.000000,F1,0,0,0,0.9090909090909091,0.21867367367801294,LQ_RECOVERY_R4_STATIC_MATCH_V1
867,2025-10-05T20:19:58.000000,F1,0,0,0,1,0.1973874423017628,LQ_RECOVERY_R4_STATIC_MATCH_V1
874,2025-10-28T11:33:54.000000,F1,0,0,0,1,0.1973874423017628,LQ_RECOVERY_R4_STATIC_MATCH_V1
891,2025-10-28T07:15:42.000000,F1,0,0,0,1,0.1973874423017628,LQ_RECOVERY_R4_STATIC_MATCH_V1
892,2025-09-24T08:35:37.000000,F1,0,0.897594752186589,0,0.9090909090909091,0.18037908459576502,LQ_RECOVERY_R4_STATIC_MATCH_V1
920,2025-09-25T20:15:51.000000,F1,0,0,0,0.9090909090909091,0.21867367367801294,LQ_RECOVERY_R4_STATIC_MATCH_V1
929,2025-09-22T20:46:45.000000,F1,0,0,1,1,0.20247730998572816,LQ_RECOVERY_R4_STATIC_MATCH_V1
931,2025-09-21T12:13:24.000000,F1,1,0.19999999999999996,0.5,1,0.19149092642187363,LQ_RECOVERY_R4_STATIC_MATCH_V1
937,2025-10-20T07:18:13.000000,F1,0,0,1,1,0.20247730998572816,LQ_RECOVERY_R4_STATIC_MATCH_V1
943,2025-09-05T16:17:07.000000,F1,1,0.20000000000000007,0,0.9090909090909091,0.20966087168612402,LQ_RECOVERY_R4_STATIC_MATCH_V1
953,2025-10-13T13:32:56.000000,F1,0,0.19999999999999996,0,1,0.18903970145363683,LQ_RECOVERY_R4_STATIC_MATCH_V1
956,2025-09-18T10:11:48.000000,F1,0,0.19999999999999996,0.5,0.8181818181818182,0.23473427680903783,LQ_RECOVERY_R4_STATIC_MATCH_V1
957,2025-10-20T08:53:07.000000,F1,0,0.5049944506104329,0,1,0.17683534567512235,LQ_RECOVERY_R4_STATIC_MATCH_V1
959,2025-10-13T07:01:00.000000,F1,0,0.5506912442396313,0,0.9090909090909091,0.19452316297594446,LQ_RECOVERY_R4_STATIC_MATCH_V1
961,2025-10-09T18:35:31.000000,F1,0,0.19999999999999996,0.5,1,0.19149092642187363,LQ_RECOVERY_R4_STATIC_MATCH_V1
966,2025-10-11T11:35:57.000000,F1,0,0.20000000000000007,0,0.9090909090909091,0.20966087168612402,LQ_RECOVERY_R4_STATIC_MATCH_V1
968,2025-10-30T18:07:00.000000,F1,1,0,0,0.8181818181818182,0.24156452479590487,LQ_RECOVERY_R4_STATIC_MATCH_V1
974,2025-09-08T07:07:53.000000,F1,0,0.4473460119216577,0,1,0.1790937660425405,LQ_RECOVERY_R4_STATIC_MATCH_V1
987,2025-09-23T09:42:47.000000,F1,0,0.8253308128544423,0,0.9090909090909091,0.18325780685769874,LQ_RECOVERY_R4_STATIC_MATCH_V1
993,2025-10-25T17:25:27.000000,F1,0,0.2637798220028419,0,1,0.1864352099597544,LQ_RECOVERY_R4_STATIC_MATCH_V1
996,2025-09-02T18:32:08.000000,F1,0,0.20000000000000007,0,0.9090909090909091,0.20966087168612402,LQ_RECOVERY_R4_STATIC_MATCH_V1
1001,2025-10-17T12:54:21.000000,F1,1,0.19999999999999996,0,1,0.18903970145363683,LQ_RECOVERY_R4_STATIC_MATCH_V1
1018,2025-09-30T16:04:40.000000,F1,0,0,0,0.9090909090909091,0.21867367367801294,LQ_RECOVERY_R4_STATIC_MATCH_V1
1047,2025-09-26T09:47:14.000000,F1,0,0.19999999999999996,0,0.9090909090909091,0.20966087168612407,LQ_RECOVERY_R4_STATIC_MATCH_V1
1051,2025-09-27T08:13:53.000000,F1,0,0.35761589403973504,0,1,0.18265377481195696,LQ_RECOVERY_R4_STATIC_MATCH_V1
1069,2025-09-30T19:08:14.000000,F1,0,0.7167553191489362,0,1,0.1687313646685842,LQ_RECOVERY_R4_STATIC_MATCH_V1
1070,2025-09-22T08:45:16.000000,F1,0,0,0,1,0.1973874423017628,LQ_RECOVERY_R4_STATIC_MATCH_V1
1080,2025-10-07T10:52:57.000000,F1,0,0,0,1,0.1973874423017628,LQ_RECOVERY_R4_STATIC_MATCH_V1
1088,2025-10-15T17:25:19.000000,F1,0,0,0,1,0.1973874423017628,LQ_RECOVERY_R4_STATIC_MATCH_V1
1090,2025-09-13T20:51:00.000000,F1,0,0,0,0.9090909090909091,0.21867367367801294,LQ_RECOVERY_R4_STATIC_MATCH_V1
1094,2025-09-29T11:01:42.000000,F1,0,0,0,0.9090909090909091,0.21867367367801294,LQ_RECOVERY_R4_STATIC_MATCH_V1
1107,2025-09-17T10:22:33.000000,F1,0,0,0,0.9090909090909091,0.21867367367801294,LQ_RECOVERY_R4_STATIC_MATCH_V1
1119,2025-10-13T07:09:34.000000,F1,0,0,0.5,1,0.19992022576562563,LQ_RECOVERY_R4_STATIC_MATCH_V1
1141,2025-10-01T18:41:00.000000,F1,1,0,1,1,0.20247730998572816,LQ_RECOVERY_R4_STATIC_MATCH_V1
1154,2025-09-10T16:30:10.000000,F1,0,0.19999999999999996,0.5,1,0.19149092642187363,LQ_RECOVERY_R4_STATIC_MATCH_V1
1157,2025-10-13T11:52:17.000000,F1,0,0.3120269133725819,0,1,0.18448344596267788,LQ_RECOVERY_R4_STATIC_MATCH_V1
1158,2025-10-14T13:07:24.000000,F1,0,0.19999999999999996,1,1,0.193966333525225,LQ_RECOVERY_R4_STATIC_MATCH_V1
1166,2025-10-31T18:01:23.000000,F1,0,0.9950573349149862,0,0.9090909090909091,0.17655257482205608,LQ_RECOVERY_R4_STATIC_MATCH_V1
1168,2025-09-13T11:58:23.000000,F1,0,0.7768595041322315,0,0.9090909090909091,0.18520860955603338,LQ_RECOVERY_R4_STATIC_MATCH_V1
1176,2025-09-19T07:40:48.000000,F1,0,0.9504009504009504,0,0.9090909090909091,0.17829787210016015,LQ_RECOVERY_R4_STATIC_MATCH_V1
1189,2025-09-29T11:59:24.000000,F1,1,0.922069825436409,1,1,0.16550772532401226,LQ_RECOVERY_R4_STATIC_MATCH_V1
1203,2025-09-28T18:10:20.000000,F1,0,0.5819861431870672,0,0.9090909090909091,0.1932134292475561,LQ_RECOVERY_R4_STATIC_MATCH_V1
1208,2025-09-11T19:32:42.000000,F1,1,0.19999999999999996,0,1,0.18903970145363683,LQ_RECOVERY_R4_STATIC_MATCH_V1
1223,2025-09-14T09:08:14.000000,F1,0,0,0,1,0.1973874423017628,LQ_RECOVERY_R4_STATIC_MATCH_V1
1227,2025-10-17T14:28:10.000000,F1,0,0.5590667940817873,0,0.9090909090909091,0.1941719762601288,LQ_RECOVERY_R4_STATIC_MATCH_V1
1229,2025-09-22T11:46:02.000000,F1,1,0,0,0.9090909090909091,0.21867367367801294,LQ_RECOVERY_R4_STATIC_MATCH_V1
1230,2025-10-03T09:30:47.000000,F1,1,0.44197080291970803,1,1,0.18403600489902036,LQ_RECOVERY_R4_STATIC_MATCH_V1
1231,2025-09-19T07:48:31.000000,F1,1,0,0,1,0.1973874423017628,LQ_RECOVERY_R4_STATIC_MATCH_V1
1234,2025-10-27T16:47:45.000000,F1,0,0.19999999999999996,0,1,0.18903970145363683,LQ_RECOVERY_R4_STATIC_MATCH_V1
1254,2025-09-09T07:45:49.000000,F1,0,0,0,0.9090909090909091,0.21867367367801294,LQ_RECOVERY_R4_STATIC_MATCH_V1
1256,2025-09-15T20:38:46.000000,F1,1,0.92682384341637,0,1,0.160987370438823,LQ_RECOVERY_R4_STATIC_MATCH_V1
1263,2025-09-22T13:02:03.000000,F1,0,0,0,1,0.1973874423017628,LQ_RECOVERY_R4_STATIC_MATCH_V1
1272,2025-09-13T11:33:57.000000,F1,0,0,0,1,0.1973874423017628,LQ_RECOVERY_R4_STATIC_MATCH_V1
1274,2025-10-16T07:49:18.000000,F1,0,0.426865671641791,0,0.9090909090909091,0.19977140847966846,LQ_RECOVERY_R4_STATIC_MATCH_V1
1281,2025-10-12T18:09:05.000000,F1,1,0.43442622950819676,1,1,0.18433959225127486,LQ_RECOVERY_R4_STATIC_MATCH_V1
1286,2025-10-17T17:08:01.000000,F1,0,0.43661971830985924,0,1,0.17951645599556976,LQ_RECOVERY_R4_STATIC_MATCH_V1
1296,2025-10-01T10:59:30.000000,F1,0,0.8804934464148034,0,1,0.16267023546619838,LQ_RECOVERY_R4_STATIC_MATCH_V1
1311,2025-09-24T10:51:29.000000,F1,0,0.43384467881112176,1,0.7272727272727273,0.24989188852995656,LQ_RECOVERY_R4_STATIC_MATCH_V1
1312,2025-09-29T07:33:46.000000,F1,0,0,0,0.9090909090909091,0.21867367367801294,LQ_RECOVERY_R4_STATIC_MATCH_V1
1315,2025-09-26T09:15:28.000000,F1,1,0.9836430046053677,0,1,0.15894276116452874,LQ_RECOVERY_R4_STATIC_MATCH_V1
1319,2025-09-21T14:41:53.000000,F1,0,0,0.5,0.9090909090909091,0.22140424662088568,LQ_RECOVERY_R4_STATIC_MATCH_V1
1338,2025-09-10T09:20:46.000000,F1,0,0,0,1,0.1973874423017628,LQ_RECOVERY_R4_STATIC_MATCH_V1
1347,2025-09-11T12:41:59.000000,F1,0,0,0,0.9090909090909091,0.21867367367801294,LQ_RECOVERY_R4_STATIC_MATCH_V1
1357,2025-10-17T09:07:17.000000,F1,0,0.19999999999999996,0,1,0.18903970145363683,LQ_RECOVERY_R4_STATIC_MATCH_V1
1369,2025-10-19T16:54:45.000000,F1,1,0.3905773059057731,0,1,0.1813396975668357,LQ_RECOVERY_R4_STATIC_MATCH_V1
1372,2025-10-14T12:08:07.000000,F1,0,0.8171679621493747,1,1,0.16942418021823938,LQ_RECOVERY_R4_STATIC_MATCH_V1
1382,2025-09-07T16:34:56.000000,F1,0,0.33836053938963806,0,0.9090909090909091,0.20358728886377847,LQ_RECOVERY_R4_STATIC_MATCH_V1
1383,2025-10-07T12:39:11.000000,F1,0,0,0,1,0.1973874423017628,LQ_RECOVERY_R4_STATIC_MATCH_V1
1386,2025-10-24T19:04:42.000000,F1,0,0.037228541882109556,0,1,0.19581277912058676,LQ_RECOVERY_R4_STATIC_MATCH_V1
1396,2025-10-03T11:11:05.000000,F1,0,0.19999999999999996,0,1,0.18903970145363683,LQ_RECOVERY_R4_STATIC_MATCH_V1
1397,2025-09-06T10:08:13.000000,F1,1,0.527626732152254,0,0.9090909090909091,0.195492747045449,LQ_RECOVERY_R4_STATIC_MATCH_V1
1399,2025-10-30T16:58:51.000000,F1,0,0.19999999999999996,0,1,0.18903970145363683,LQ_RECOVERY_R4_STATIC_MATCH_V1
1400,2025-09-07T18:06:18.000000,F1,1,0,0.5,1,0.19992022576562563,LQ_RECOVERY_R4_STATIC_MATCH_V1
1422,2025-10-10T17:05:34.000000,F1,0,0.20000000000000007,0,1,0.18903970145363683,LQ_RECOVERY_R4_STATIC_MATCH_V1
1426,2025-10-26T18:33:03.000000,F1,1,0,0,0.9090909090909091,0.21867367367801294,LQ_RECOVERY_R4_STATIC_MATCH_V1
1427,2025-09-21T19:24:28.000000,F1,1,0.46939834024896265,0,0.7272727272727273,0.2422228635328641,LQ_RECOVERY_R4_STATIC_MATCH_V1
1450,2025-09-29T11:41:46.000000,F1,0,0.3486238532110093,0,1,0.1830135430241368,LQ_RECOVERY_R4_STATIC_MATCH_V1
1451,2025-10-17T08:36:04.000000,F1,0,0.20000000000000007,0,1,0.18903970145363683,LQ_RECOVERY_R4_STATIC_MATCH_V1
1462,2025-10-25T19:27:00.000000,F1,0,0,0,0.9090909090909091,0.21867367367801294,LQ_RECOVERY_R4_STATIC_MATCH_V1
1498,2025-10-22T20:06:00.000000,F1,1,0,1,0.9090909090909091,0.22415913399650822,LQ_RECOVERY_R4_STATIC_MATCH_V1
1499,2025-09-25T19:49:15.000000,F1,1,0.5966758157974992,0,1,0.1732898165932506,LQ_RECOVERY_R4_STATIC_MATCH_V1
1500,2025-09-24T14:02:43.000000,F1,0,0,0,0.9090909090909091,0.21867367367801294,LQ_RECOVERY_R4_STATIC_MATCH_V1
1513,2025-10-29T11:56:41.000000,F1,1,0,0,1,0.1973874423017628,LQ_RECOVERY_R4_STATIC_MATCH_V1
1514,2025-10-21T19:24:00.000000,F1,0,0.22763252578556004,1,1,0.1928120466025934,LQ_RECOVERY_R4_STATIC_MATCH_V1
1517,2025-09-01T14:38:24.000000,F1,0,0.19999999999999996,0,1,0.18903970145363683,LQ_RECOVERY_R4_STATIC_MATCH_V1
1518,2025-09-03T14:50:57.000000,F1,1,0.19999999999999996,0,1,0.18903970145363683,LQ_RECOVERY_R4_STATIC_MATCH_V1
1535,2025-10-01T09:40:54.000000,F1,0,0.9232500803944689,1,1,0.16546407690455942,LQ_RECOVERY_R4_STATIC_MATCH_V1
1542,2025-10-22T13:29:26.000000,F1,0,0.7868143744933801,0,0.9090909090909091,0.18480665526609696,LQ_RECOVERY_R4_STATIC_MATCH_V1
1550,2025-09-12T13:11:12.000000,F1,0,0.7601672367920942,0.5,1,0.16933326422722203,LQ_RECOVERY_R4_STATIC_MATCH_V1
1552,2025-09-19T13:31:19.000000,F1,0,0.19999999999999996,0,1,0.18903970145363683,LQ_RECOVERY_R4_STATIC_MATCH_V1
1554,2025-10-22T19:11:28.000000,F1,0,0,0,1,0.1973874423017628,LQ_RECOVERY_R4_STATIC_MATCH_V1
1556,2025-10-11T11:26:28.000000,F1,1,0,0,1,0.1973874423017628,LQ_RECOVERY_R4_STATIC_MATCH_V1
1565,2025-10-08T15:55:28.000000,F1,0,0,0,1,0.1973874423017628,LQ_RECOVERY_R4_STATIC_MATCH_V1
1567,2025-09-19T17:27:00.000000,F1,1,0,0,1,0.1973874423017628,LQ_RECOVERY_R4_STATIC_MATCH_V1
1569,2025-10-06T14:30:43.000000,F1,1,0,0,0.9090909090909091,0.21867367367801294,LQ_RECOVERY_R4_STATIC_MATCH_V1
1570,2025-10-26T09:46:30.000000,F1,0,0,1,1,0.20247730998572816,LQ_RECOVERY_R4_STATIC_MATCH_V1
1574,2025-09-14T17:31:00.000000,F1,0,0,0,1,0.1973874423017628,LQ_RECOVERY_R4_STATIC_MATCH_V1
1577,2025-09-11T14:35:27.000000,F1,1,0,0,1,0.1973874423017628,LQ_RECOVERY_R4_STATIC_MATCH_V1
1578,2025-10-05T17:53:00.000000,F1,1,0,0,0.9090909090909091,0.21867367367801294,LQ_RECOVERY_R4_STATIC_MATCH_V1
1584,2025-10-24T19:16:58.000000,F1,0,0.19999999999999996,0,1,0.18903970145363683,LQ_RECOVERY_R4_STATIC_MATCH_V1
1594,2025-10-23T20:56:37.000000,F1,0,0.24172487093835415,0,1,0.18733269655166673,LQ_RECOVERY_R4_STATIC_MATCH_V1
1601,2025-09-21T18:09:38.000000,F1,0,0,0,1,0.1973874423017628,LQ_RECOVERY_R4_STATIC_MATCH_V1
1612,2025-10-11T16:53:10.000000,F1,0,0.443418013856813,0,1,0.1792484658898666,LQ_RECOVERY_R4_STATIC_MATCH_V1
1619,2025-10-10T17:03:02.000000,F1,0,0,0.8,1,0.20145155860065805,LQ_RECOVERY_R4_STATIC_MATCH_V1
1620,2025-09-09T10:04:00.000000,F1,0,0.19999999999999996,0,0.9090909090909091,0.20966087168612407,LQ_RECOVERY_R4_STATIC_MATCH_V1
1624,2025-09-21T09:14:04.000000,F1,0,0,1,1,0.20247730998572816,LQ_RECOVERY_R4_STATIC_MATCH_V1
1630,2025-09-05T20:11:23.000000,F1,0,0.8618925831202046,0,1,0.16334985397253043,LQ_RECOVERY_R4_STATIC_MATCH_V1
1644,2025-10-14T17:47:23.000000,F1,0,0.9984089101034208,0.5,1,0.1605476140147877,LQ_RECOVERY_R4_STATIC_MATCH_V1
1646,2025-10-19T15:54:36.000000,F1,0,0.19999999999999996,0,0.9090909090909091,0.20966087168612407,LQ_RECOVERY_R4_STATIC_MATCH_V1
1661,2025-10-28T14:34:40.000000,F1,0,0.5944785276073621,0.5,1,0.1756662247864926,LQ_RECOVERY_R4_STATIC_MATCH_V1
1668,2025-09-04T08:32:02.000000,F1,0,0.4329280061764138,0,0.9090909090909091,0.19951200632076183,LQ_RECOVERY_R4_STATIC_MATCH_V1
1685,2025-10-14T17:45:29.000000,F1,1,0.26015081206496515,0,0.8181818181818182,0.22903158649937938,LQ_RECOVERY_R4_STATIC_MATCH_V1
1692,2025-09-04T11:27:00.000000,F1,1,0.19999999999999996,0,0.9090909090909091,0.20966087168612407,LQ_RECOVERY_R4_STATIC_MATCH_V1
1699,2025-09-12T19:27:22.000000,F1,0,0,0,0.9090909090909091,0.21867367367801294,LQ_RECOVERY_R4_STATIC_MATCH_V1
1701,2025-09-21T20:53:51.000000,F1,0,0.44786040714582454,0.8,0.9090909090909091,0.2029611264839134,LQ_RECOVERY_R4_STATIC_MATCH_V1
1702,2025-09-30T20:49:16.000000,F1,0,0.74020397208803,0,1,0.16785244488783047,LQ_RECOVERY_R4_STATIC_MATCH_V1
1709,2025-10-18T15:03:46.000000,F1,1,0.40735624244517354,0,0.9090909090909091,0.2006079176847699,LQ_RECOVERY_R4_STATIC_MATCH_V1
1711,2025-10-10T17:05:13.000000,F1,0,0,0,1,0.1973874423017628,LQ_RECOVERY_R4_STATIC_MATCH_V1
1713,2025-10-12T16:02:28.000000,F1,0,0.9727694090382386,0,0.9090909090909091,0.1774219665959524,LQ_RECOVERY_R4_STATIC_MATCH_V1
1722,2025-10-24T10:55:19.000000,F1,0,0.8710191082802546,0,1,0.16301611362510346,LQ_RECOVERY_R4_STATIC_MATCH_V1
1725,2025-10-16T13:42:00.000000,F1,0,0.4261897544710519,0,0.9090909090909091,0.19980034607830552,LQ_RECOVERY_R4_STATIC_MATCH_V1
1735,2025-10-27T17:00:44.000000,F1,0,0,0.5,1,0.19992022576562563,LQ_RECOVERY_R4_STATIC_MATCH_V1
1746,2025-10-04T07:28:32.000000,F1,0,0.2875999776273841,0,1,0.18546961849598556,LQ_RECOVERY_R4_STATIC_MATCH_V1
1748,2025-09-05T14:00:37.000000,F1,0,0.19999999999999996,1,1,0.193966333525225,LQ_RECOVERY_R4_STATIC_MATCH_V1
1750,2025-10-04T18:54:43.000000,F1,0,0,0,0.8181818181818182,0.24156452479590487,LQ_RECOVERY_R4_STATIC_MATCH_V1
1759,2025-09-18T17:00:17.000000,F1,1,0.20000000000000007,1,0.9090909090909091,0.21498245268371174,LQ_RECOVERY_R4_STATIC_MATCH_V1
1760,2025-10-23T20:14:03.000000,F1,0,0,0,0.9090909090909091,0.21867367367801294,LQ_RECOVERY_R4_STATIC_MATCH_V1
1761,2025-09-21T17:16:06.000000,F1,1,0,0,0.9090909090909091,0.21867367367801294,LQ_RECOVERY_R4_STATIC_MATCH_V1
1766,2025-10-09T09:00:40.000000,F1,0,0,0,0.9090909090909091,0.21867367367801294,LQ_RECOVERY_R4_STATIC_MATCH_V1
1770,2025-09-21T17:01:39.000000,F1,0,0.6316907955903839,0,0.9090909090909091,0.19114702725480892,LQ_RECOVERY_R4_STATIC_MATCH_V1
1774,2025-10-29T15:52:21.000000,F1,0,0.3136382031566167,0,1,0.1844185372910165,LQ_RECOVERY_R4_STATIC_MATCH_V1
1786,2025-10-12T12:43:24.000000,F1,0,0.19999999999999996,0,1,0.18903970145363683,LQ_RECOVERY_R4_STATIC_MATCH_V1
1787,2025-09-01T13:05:51.000000,F1,0,0.19999999999999996,0,1,0.18903970145363683,LQ_RECOVERY_R4_STATIC_MATCH_V1
1790,2025-10-15T20:16:37.000000,F1,0,0.2074349442379183,1,0.9090909090909091,0.21464662879853968,LQ_RECOVERY_R4_STATIC_MATCH_V1
1796,2025-09-18T11:58:13.000000,F1,1,0.19999999999999996,0,0.9090909090909091,0.20966087168612407,LQ_RECOVERY_R4_STATIC_MATCH_V1
1799,2025-09-27T17:49:11.000000,F1,1,0.24854501882916802,0,1,0.1870548083405326,LQ_RECOVERY_R4_STATIC_MATCH_V1
1807,2025-09-20T12:34:44.000000,F1,0,0.20000000000000007,0,0.9090909090909091,0.20966087168612402,LQ_RECOVERY_R4_STATIC_MATCH_V1
1819,2025-10-05T19:40:31.000000,F1,0,0,0,1,0.1973874423017628,LQ_RECOVERY_R4_STATIC_MATCH_V1
1847,2025-10-11T07:04:00.000000,F1,0,0.8249258160237389,0,0.9090909090909091,0.1832740403527714,LQ_RECOVERY_R4_STATIC_MATCH_V1
1850,2025-10-03T12:44:36.000000,F1,0,0.515014164305949,0,0.9090909090909091,0.196024498424599,LQ_RECOVERY_R4_STATIC_MATCH_V1
1861,2025-10-26T16:01:00.000000,F1,0,0.19999999999999996,0,1,0.18903970145363683,LQ_RECOVERY_R4_STATIC_MATCH_V1
1862,2025-10-01T10:02:51.000000,F1,0,0,0,0.9090909090909091,0.21867367367801294,LQ_RECOVERY_R4_STATIC_MATCH_V1
1868,2025-09-24T09:44:30.000000,F1,0,0.4784130688448074,0,0.9090909090909091,0.19757380602176905,LQ_RECOVERY_R4_STATIC_MATCH_V1
1872,2025-10-31T08:31:55.000000,F1,0,0.4203202439954251,0,0.9090909090909091,0.200051765819104,LQ_RECOVERY_R4_STATIC_MATCH_V1
1885,2025-10-25T15:23:00.000000,F1,0,0,0,0.8181818181818182,0.24156452479590487,LQ_RECOVERY_R4_STATIC_MATCH_V1
1886,2025-09-17T11:33:28.000000,F1,0,0.32241431604488935,0,0.9090909090909091,0.20428054560194153,LQ_RECOVERY_R4_STATIC_MATCH_V1
1894,2025-09-17T07:26:15.000000,F1,0,0,1,1,0.20247730998572816,LQ_RECOVERY_R4_STATIC_MATCH_V1
1895,2025-09-26T14:22:38.000000,F1,0,0,0,0.9090909090909091,0.21867367367801294,LQ_RECOVERY_R4_STATIC_MATCH_V1
1900,2025-10-12T16:06:39.000000,F1,1,0.6151911468812877,0,0.9090909090909091,0.19183109987277439,LQ_RECOVERY_R4_STATIC_MATCH_V1
1934,2025-10-24T14:20:08.000000,F1,0,0.1178112786152985,0,1,0.19243695348160417,LQ_RECOVERY_R4_STATIC_MATCH_V1
1937,2025-09-25T18:12:24.000000,F1,0,0.9481718139865106,1,0.9090909090909091,0.18309700219251263,LQ_RECOVERY_R4_STATIC_MATCH_V1
1960,2025-10-22T15:10:50.000000,F1,0,0.19999999999999996,0,1,0.18903970145363683,LQ_RECOVERY_R4_STATIC_MATCH_V1
1972,2025-10-15T13:29:41.000000,F1,0,0,0,1,0.1973874423017628,LQ_RECOVERY_R4_STATIC_MATCH_V1
1976,2025-09-21T14:56:52.000000,F1,0,0,0,1,0.1973874423017628,LQ_RECOVERY_R4_STATIC_MATCH_V1
1991,2025-10-01T15:01:10.000000,F1,1,0.6961897552359323,1,0.9090909090909091,0.1934065307575714,LQ_RECOVERY_R4_STATIC_MATCH_V1
1994,2025-09-27T20:11:00.000000,F1,0,0,0.8,1,0.20145155860065805,LQ_RECOVERY_R4_STATIC_MATCH_V1
1998,2025-10-30T19:18:18.000000,F1,0,0,0,1,0.1973874423017628,LQ_RECOVERY_R4_STATIC_MATCH_V1
2008,2025-10-15T07:22:24.000000,F1,0,0.19999999999999996,0,1,0.18903970145363683,LQ_RECOVERY_R4_STATIC_MATCH_V1
2017,2025-10-19T15:14:03.000000,F1,0,0.19999999999999996,1,0.9090909090909091,0.21498245268371174,LQ_RECOVERY_R4_STATIC_MATCH_V1
2020,2025-09-13T18:04:48.000000,F1,0,0.9628623188405796,0,1,0.1596880903457818,LQ_RECOVERY_R4_STATIC_MATCH_V1
2028,2025-09-10T12:15:00.000000,F1,0,0,0,1,0.1973874423017628,LQ_RECOVERY_R4_STATIC_MATCH_V1
2033,2025-10-07T18:34:50.000000,F1,0,0.3046454767726162,0,0.9090909090909091,0.2050551050930244,LQ_RECOVERY_R4_STATIC_MATCH_V1
2041,2025-10-11T10:58:32.000000,F1,0,0,0.5,1,0.19992022576562563,LQ_RECOVERY_R4_STATIC_MATCH_V1
2046,2025-10-26T20:03:38.000000,F1,0,0,0,0.9090909090909091,0.21867367367801294,LQ_RECOVERY_R4_STATIC_MATCH_V1
2051,2025-10-28T10:35:20.000000,F1,1,0,1,0.8181818181818182,0.2474423525389712,LQ_RECOVERY_R4_STATIC_MATCH_V1
2063,2025-09-09T12:04:43.000000,F1,0,0.19999999999999996,1,1,0.193966333525225,LQ_RECOVERY_R4_STATIC_MATCH_V1
2070,2025-09-01T13:05:29.000000,F1,0,0,0,0.9090909090909091,0.21867367367801294,LQ_RECOVERY_R4_STATIC_MATCH_V1
2073,2025-10-20T13:14:48.000000,F1,0,0,1,1,0.20247730998572816,LQ_RECOVERY_R4_STATIC_MATCH_V1
2091,2025-10-26T13:57:00.000000,F1,0,0,0,0.9090909090909091,0.21867367367801294,LQ_RECOVERY_R4_STATIC_MATCH_V1
2120,2025-09-28T16:15:02.000000,F1,1,0.19999999999999996,0,1,0.18903970145363683,LQ_RECOVERY_R4_STATIC_MATCH_V1
2132,2025-10-16T13:39:06.000000,F1,0,0,0,0.9090909090909091,0.21867367367801294,LQ_RECOVERY_R4_STATIC_MATCH_V1
2147,2025-09-20T17:05:53.000000,F1,0,0.20000000000000007,0,1,0.18903970145363683,LQ_RECOVERY_R4_STATIC_MATCH_V1
2150,2025-10-23T08:13:28.000000,F1,0,0,0,1,0.1973874423017628,LQ_RECOVERY_R4_STATIC_MATCH_V1
2155,2025-09-07T13:17:10.000000,F1,0,0,0,1,0.1973874423017628,LQ_RECOVERY_R4_STATIC_MATCH_V1
2161,2025-10-04T13:07:26.000000,F1,0,0.8719741796664873,0,1,0.1629812201641289,LQ_RECOVERY_R4_STATIC_MATCH_V1
2166,2025-09-17T14:49:49.000000,F1,0,0.6939602756384272,0,0.9090909090909091,0.18858213334258775,LQ_RECOVERY_R4_STATIC_MATCH_V1
2167,2025-09-16T19:21:53.000000,F1,0,0,0,0.9090909090909091,0.21867367367801294,LQ_RECOVERY_R4_STATIC_MATCH_V1
2169,2025-10-20T12:19:36.000000,F1,0,0.19999999999999996,1,0.9090909090909091,0.21498245268371174,LQ_RECOVERY_R4_STATIC_MATCH_V1
2177,2025-09-20T07:13:30.000000,F1,0,0.19999999999999996,1,1,0.193966333525225,LQ_RECOVERY_R4_STATIC_MATCH_V1
2183,2025-10-22T15:48:50.000000,F1,1,0.2373705347706616,0,1,0.18751028088848257,LQ_RECOVERY_R4_STATIC_MATCH_V1
2200,2025-10-10T08:21:54.000000,F1,0,0.34226190476190477,0.5,1,0.18566193722308988,LQ_RECOVERY_R4_STATIC_MATCH_V1
2202,2025-10-27T07:40:47.000000,F1,0,0.3107963082206483,0,0.9090909090909091,0.20478673852297566,LQ_RECOVERY_R4_STATIC_MATCH_V1
2207,2025-10-17T16:57:59.000000,F1,0,0,1,0.9090909090909091,0.22415913399650822,LQ_RECOVERY_R4_STATIC_MATCH_V1
2220,2025-09-03T15:13:30.000000,F1,0,0.20000000000000007,0,0.9090909090909091,0.20966087168612402,LQ_RECOVERY_R4_STATIC_MATCH_V1
2224,2025-09-24T20:43:02.000000,F1,0,0.6565349544072948,0,0.9090909090909091,0.1901205097406874,LQ_RECOVERY_R4_STATIC_MATCH_V1
2229,2025-10-11T09:02:32.000000,F1,0,0,0,0.9090909090909091,0.21867367367801294,LQ_RECOVERY_R4_STATIC_MATCH_V1
2233,2025-09-15T11:50:00.000000,F1,0,0.19999999999999996,1,1,0.193966333525225,LQ_RECOVERY_R4_STATIC_MATCH_V1
2236,2025-09-08T12:19:33.000000,F1,1,0.6768781911013857,0,0.9090909090909091,0.1892831080601082,LQ_RECOVERY_R4_STATIC_MATCH_V1
2237,2025-10-02T14:48:35.000000,F1,0,0.38282492410004365,0,1,0.18164809945692112,LQ_RECOVERY_R4_STATIC_MATCH_V1
2241,2025-10-20T17:38:00.000000,F1,0,0,0,0.9090909090909091,0.21867367367801294,LQ_RECOVERY_R4_STATIC_MATCH_V1
2247,2025-10-19T12:56:39.000000,F1,0,0,0,1,0.1973874423017628,LQ_RECOVERY_R4_STATIC_MATCH_V1
2254,2025-10-22T10:42:45.000000,F1,0,0,0,1,0.1973874423017628,LQ_RECOVERY_R4_STATIC_MATCH_V1
2258,2025-10-20T13:30:17.000000,F1,0,0.6699293094072866,0.8,1,0.17412808243773253,LQ_RECOVERY_R4_STATIC_MATCH_V1
2291,2025-10-04T20:37:49.000000,F1,0,0.19999999999999996,0,0.9090909090909091,0.20966087168612407,LQ_RECOVERY_R4_STATIC_MATCH_V1
2306,2025-09-22T13:59:30.000000,F1,1,0,0,1,0.1973874423017628,LQ_RECOVERY_R4_STATIC_MATCH_V1
2319,2025-10-11T08:51:26.000000,F1,1,0.7487684729064039,0,0.9090909090909091,0.18634650115402582,LQ_RECOVERY_R4_STATIC_MATCH_V1
2320,2025-09-17T14:09:27.000000,F1,0,0,0.5,1,0.19992022576562563,LQ_RECOVERY_R4_STATIC_MATCH_V1
2322,2025-09-28T13:30:12.000000,F1,0,0.8232514177693762,0.5,0.9090909090909091,0.18573542422436573,LQ_RECOVERY_R4_STATIC_MATCH_V1
2323,2025-10-20T13:01:33.000000,F1,0,0.19999999999999996,1,1,0.193966333525225,LQ_RECOVERY_R4_STATIC_MATCH_V1
2332,2025-09-10T19:11:20.000000,F1,0,0,0,1,0.1973874423017628,LQ_RECOVERY_R4_STATIC_MATCH_V1
2333,2025-10-08T09:24:58.000000,F1,0,0,0,1,0.1973874423017628,LQ_RECOVERY_R4_STATIC_MATCH_V1
2336,2025-10-18T15:36:53.000000,F1,0,0,1,0.9090909090909091,0.22415913399650822,LQ_RECOVERY_R4_STATIC_MATCH_V1
2338,2025-10-25T19:54:13.000000,F1,0,0.7277310924369748,0,1,0.16831950678188973,LQ_RECOVERY_R4_STATIC_MATCH_V1
2344,2025-10-28T07:11:58.000000,F1,0,0.46253071253071254,0,1,0.17849671518879492,LQ_RECOVERY_R4_STATIC_MATCH_V1
2371,2025-09-08T17:01:54.000000,F1,0,0.7803599908863067,0,1,0.16635578168198034,LQ_RECOVERY_R4_STATIC_MATCH_V1
2382,2025-10-06T12:15:57.000000,F1,1,0,0,1,0.1973874423017628,LQ_RECOVERY_R4_STATIC_MATCH_V1
2385,2025-09-12T16:40:46.000000,F1,1,0,0,1,0.1973874423017628,LQ_RECOVERY_R4_STATIC_MATCH_V1
2390,2025-10-17T12:19:18.000000,F1,0,0.8599388379204893,0,0.9090909090909091,0.18187473034168106,LQ_RECOVERY_R4_STATIC_MATCH_V1
2394,2025-09-20T08:51:22.000000,F1,1,0.5333481054730779,0,0.9090909090909091,0.1952518917183947,LQ_RECOVERY_R4_STATIC_MATCH_V1
2399,2025-10-27T13:01:50.000000,F1,0,0.19999999999999996,0,0.9090909090909091,0.20966087168612407,LQ_RECOVERY_R4_STATIC_MATCH_V1
2412,2025-10-03T15:04:17.000000,F1,0,0,1,0.9090909090909091,0.22415913399650822,LQ_RECOVERY_R4_STATIC_MATCH_V1
2425,2025-10-13T19:14:08.000000,F1,0,0,0,1,0.1973874423017628,LQ_RECOVERY_R4_STATIC_MATCH_V1
2431,2025-09-30T18:06:01.000000,F1,0,0,0,1,0.1973874423017628,LQ_RECOVERY_R4_STATIC_MATCH_V1
2435,2025-09-03T13:05:54.000000,F1,1,0.6273779983457402,1,1,0.1766967778277898,LQ_RECOVERY_R4_STATIC_MATCH_V1
2438,2025-10-13T14:26:24.000000,F1,0,0,1,1,0.20247730998572816,LQ_RECOVERY_R4_STATIC_MATCH_V1
2439,2025-10-14T20:37:56.000000,F1,0,0,0.5,0.9090909090909091,0.22140424662088568,LQ_RECOVERY_R4_STATIC_MATCH_V1
2440,2025-09-27T14:31:06.000000,F1,0,0,0,1,0.1973874423017628,LQ_RECOVERY_R4_STATIC_MATCH_V1
2458,2025-09-12T10:23:43.000000,F1,1,0.49484126984126986,0,1,0.17723147539009296,LQ_RECOVERY_R4_STATIC_MATCH_V1
2469,2025-09-03T08:15:57.000000,F1,0,0.428470555006355,0,1,0.17983810991530094,LQ_RECOVERY_R4_STATIC_MATCH_V1
2474,2025-10-03T09:22:55.000000,F1,0,0.19999999999999996,0,0.9090909090909091,0.20966087168612407,LQ_RECOVERY_R4_STATIC_MATCH_V1
2480,2025-10-05T17:27:28.000000,F1,0,0.48966165413533835,0,0.7272727272727273,0.24122824398641585,LQ_RECOVERY_R4_STATIC_MATCH_V1
2482,2025-09-16T10:40:09.000000,F1,0,0.8920265780730897,0,1,0.16224999553744168,LQ_RECOVERY_R4_STATIC_MATCH_V1
2496,2025-10-30T11:30:09.000000,F1,0,0.19999999999999996,0,1,0.18903970145363683,LQ_RECOVERY_R4_STATIC_MATCH_V1
2498,2025-09-23T16:35:41.000000,F1,0,0.20000000000000007,0,1,0.18903970145363683,LQ_RECOVERY_R4_STATIC_MATCH_V1
2503,2025-10-24T18:34:02.000000,F1,1,0,0.8,1,0.20145155860065805,LQ_RECOVERY_R4_STATIC_MATCH_V1
2513,2025-09-19T18:32:12.000000,F1,0,0.19999999999999996,0,1,0.18903970145363683,LQ_RECOVERY_R4_STATIC_MATCH_V1
2516,2025-10-06T18:01:59.000000,F1,0,0.2325709561862772,0,1,0.1877061736930567,LQ_RECOVERY_R4_STATIC_MATCH_V1
2517,2025-10-26T09:07:00.000000,F1,0,0.539742051589682,0,0.9090909090909091,0.19498298878728046,LQ_RECOVERY_R4_STATIC_MATCH_V1
2522,2025-09-22T15:13:40.000000,F1,0,0.4842908438061041,0,1,0.17764384102737518,LQ_RECOVERY_R4_STATIC_MATCH_V1
2541,2025-10-02T13:15:55.000000,F1,0,0,0,1,0.1973874423017628,LQ_RECOVERY_R4_STATIC_MATCH_V1
2542,2025-09-23T14:48:39.000000,F1,0,0,0,1,0.1973874423017628,LQ_RECOVERY_R4_STATIC_MATCH_V1
2548,2025-09-18T20:37:32.000000,F1,0,0,0,1,0.1973874423017628,LQ_RECOVERY_R4_STATIC_MATCH_V1
2553,2025-10-16T15:38:58.000000,F1,0,0.7241196248451602,0,1,0.16845493588432664,LQ_RECOVERY_R4_STATIC_MATCH_V1
2558,2025-09-27T20:40:38.000000,F1,1,0,0,1,0.1973874423017628,LQ_RECOVERY_R4_STATIC_MATCH_V1
2561,2025-09-11T17:34:52.000000,F1,0,0.8192567567567568,0,1,0.1649162556000018,LQ_RECOVERY_R4_STATIC_MATCH_V1
2563,2025-09-25T12:58:09.000000,F1,1,0,1,0.9090909090909091,0.22415913399650822,LQ_RECOVERY_R4_STATIC_MATCH_V1
2572,2025-09-02T15:17:17.000000,F1,0,0,0,0.9090909090909091,0.21867367367801294,LQ_RECOVERY_R4_STATIC_MATCH_V1
2577,2025-09-04T13:42:54.000000,F1,0,0,0,0.9090909090909091,0.21867367367801294,LQ_RECOVERY_R4_STATIC_MATCH_V1
2586,2025-09-24T15:05:00.000000,F1,0,0,0,1,0.1973874423017628,LQ_RECOVERY_R4_STATIC_MATCH_V1
2597,2025-10-13T11:14:48.000000,F1,0,0,0,0.9090909090909091,0.21867367367801294,LQ_RECOVERY_R4_STATIC_MATCH_V1
2607,2025-09-20T11:57:11.000000,F1,0,0.8283132530120481,0.5,0.9090909090909091,0.1855305056768413,LQ_RECOVERY_R4_STATIC_MATCH_V1
2620,2025-10-26T15:23:47.000000,F1,0,0,0,1,0.1973874423017628,LQ_RECOVERY_R4_STATIC_MATCH_V1
2622,2025-10-24T12:04:56.000000,F1,0,0.4874783039920655,0,1,0.17751917923186558,LQ_RECOVERY_R4_STATIC_MATCH_V1
2636,2025-10-11T20:50:03.000000,F1,0,0.2100411522633745,0,0.9090909090909091,0.20921565313548635,LQ_RECOVERY_R4_STATIC_MATCH_V1
2637,2025-09-03T11:47:59.000000,F1,0,0,0,1,0.1973874423017628,LQ_RECOVERY_R4_STATIC_MATCH_V1
2670,2025-10-05T13:45:47.000000,F1,0,0,1,0.9090909090909091,0.22415913399650822,LQ_RECOVERY_R4_STATIC_MATCH_V1
2674,2025-09-09T10:21:48.000000,F1,0,0.19999999999999996,0,1,0.18903970145363683,LQ_RECOVERY_R4_STATIC_MATCH_V1
2680,2025-10-27T16:49:07.000000,F1,0,0.7757834757834758,0,1,0.16652581307766504,LQ_RECOVERY_R4_STATIC_MATCH_V1
2681,2025-09-04T07:27:57.000000,F1,0,0,0,1,0.1973874423017628,LQ_RECOVERY_R4_STATIC_MATCH_V1
2697,2025-10-01T20:51:51.000000,F1,0,0.6044231646146832,1,1,0.17759280918623027,LQ_RECOVERY_R4_STATIC_MATCH_V1
2701,2025-09-15T15:22:47.000000,F1,0,0.20000000000000007,1,1,0.193966333525225,LQ_RECOVERY_R4_STATIC_MATCH_V1
2702,2025-10-02T08:07:14.000000,F1,0,0.8346927678085916,0,0.9090909090909091,0.1828828622801266,LQ_RECOVERY_R4_STATIC_MATCH_V1
2704,2025-10-22T09:01:00.000000,F1,0,0.28846350701197665,0,0.9090909090909091,0.20576238571995226,LQ_RECOVERY_R4_STATIC_MATCH_V1
2713,2025-09-27T09:28:14.000000,F1,0,0,0,1,0.1973874423017628,LQ_RECOVERY_R4_STATIC_MATCH_V1
2718,2025-09-15T16:37:59.000000,F1,1,0.10188356164383572,0,0.8181818181818182,0.23660116583309537,LQ_RECOVERY_R4_STATIC_MATCH_V1
2720,2025-10-24T19:45:29.000000,F1,1,0.3160377358490566,0,1,0.18432190805866636,LQ_RECOVERY_R4_STATIC_MATCH_V1
2722,2025-10-07T18:42:58.000000,F1,0,0.6052631578947367,0.8,1,0.17663248052129943,LQ_RECOVERY_R4_STATIC_MATCH_V1
2738,2025-10-28T10:14:57.000000,F1,0,0,0.5,1,0.19992022576562563,LQ_RECOVERY_R4_STATIC_MATCH_V1
2745,2025-09-13T18:25:32.000000,F1,0,0.20000000000000007,0,1,0.18903970145363683,LQ_RECOVERY_R4_STATIC_MATCH_V1
2768,2025-09-03T13:22:15.000000,F1,0,0.0162764771460423,0.8,0.9090909090909091,0.22229980498145582,LQ_RECOVERY_R4_STATIC_MATCH_V1
2795,2025-10-07T20:20:51.000000,F1,0,0.20000000000000007,0,1,0.18903970145363683,LQ_RECOVERY_R4_STATIC_MATCH_V1
2796,2025-09-28T08:53:09.000000,F1,0,0.19999999999999996,0,1,0.18903970145363683,LQ_RECOVERY_R4_STATIC_MATCH_V1
2840,2025-10-29T14:23:00.000000,F1,1,0.4574854651162791,0,0.9090909090909091,0.1984638009650915,LQ_RECOVERY_R4_STATIC_MATCH_V1
2849,2025-09-03T17:01:15.000000,F1,0,0,0,1,0.1973874423017628,LQ_RECOVERY_R4_STATIC_MATCH_V1
2858,2025-09-08T19:06:15.000000,F1,0,0.19999999999999996,0,0.8181818181818182,0.23188826768298443,LQ_RECOVERY_R4_STATIC_MATCH_V1
2860,2025-10-14T11:47:19.000000,F1,0,0.19999999999999996,0,0.9090909090909091,0.20966087168612407,LQ_RECOVERY_R4_STATIC_MATCH_V1
2861,2025-09-22T08:29:00.000000,F1,1,0,0,0.9090909090909091,0.21867367367801294,LQ_RECOVERY_R4_STATIC_MATCH_V1
2888,2025-10-01T09:32:06.000000,F1,0,0.22556762092793692,0,0.9090909090909091,0.20852858856413783,LQ_RECOVERY_R4_STATIC_MATCH_V1
2890,2025-09-01T15:46:00.000000,F1,0,0.33196221815965876,1,1,0.1885010729237032,LQ_RECOVERY_R4_STATIC_MATCH_V1
2907,2025-09-18T10:06:50.000000,F1,1,0.19999999999999996,0,1,0.18903970145363683,LQ_RECOVERY_R4_STATIC_MATCH_V1
2916,2025-09-25T18:13:03.000000,F1,0,0,0,0.9090909090909091,0.21867367367801294,LQ_RECOVERY_R4_STATIC_MATCH_V1
2922,2025-09-14T15:14:00.000000,F1,0,0,0,1,0.1973874423017628,LQ_RECOVERY_R4_STATIC_MATCH_V1
2930,2025-10-11T19:54:34.000000,F1,0,0.24959906691937594,0.5,0.9090909090909091,0.2100967256791649,LQ_RECOVERY_R4_STATIC_MATCH_V1
2938,2025-09-07T17:55:43.000000,F1,0,0.20000000000000007,0,1,0.18903970145363683,LQ_RECOVERY_R4_STATIC_MATCH_V1
2943,2025-10-26T20:39:19.000000,F1,0,0,0,0.9090909090909091,0.21867367367801294,LQ_RECOVERY_R4_STATIC_MATCH_V1
2951,2025-10-13T11:49:08.000000,F1,0,0,0,1,0.1973874423017628,LQ_RECOVERY_R4_STATIC_MATCH_V1
2955,2025-09-16T20:46:00.000000,F1,0,0,0,1,0.1973874423017628,LQ_RECOVERY_R4_STATIC_MATCH_V1
2960,2025-10-16T12:44:02.000000,F1,0,0.19999999999999996,0,0.9090909090909091,0.20966087168612407,LQ_RECOVERY_R4_STATIC_MATCH_V1
2962,2025-10-22T12:35:01.000000,F1,0,0,0,0.8181818181818182,0.24156452479590487,LQ_RECOVERY_R4_STATIC_MATCH_V1
2985,2025-09-19T20:04:40.000000,F1,0,0.19999999999999996,0,1,0.18903970145363683,LQ_RECOVERY_R4_STATIC_MATCH_V1
2999,2025-10-30T13:47:01.000000,F1,0,0.2576282552810998,0,1,0.18668520312006756,LQ_RECOVERY_R4_STATIC_MATCH_V1
3013,2025-10-28T07:21:10.000000,F1,0,0.19999999999999996,0,1,0.18903970145363683,LQ_RECOVERY_R4_STATIC_MATCH_V1
3015,2025-09-13T07:13:00.000000,F1,0,0,0,1,0.1973874423017628,LQ_RECOVERY_R4_STATIC_MATCH_V1
3020,2025-09-24T10:18:58.000000,F1,0,0,0,0.9090909090909091,0.21867367367801294,LQ_RECOVERY_R4_STATIC_MATCH_V1
3024,2025-09-01T17:14:38.000000,F1,0,0.553763440860215,0,1,0.1749422946070888,LQ_RECOVERY_R4_STATIC_MATCH_V1
3025,2025-10-15T12:44:12.000000,F1,0,0.2491909385113269,0,1,0.18702850668015816,LQ_RECOVERY_R4_STATIC_MATCH_V1
3068,2025-10-20T15:57:00.000000,F1,0,0,0,1,0.1973874423017628,LQ_RECOVERY_R4_STATIC_MATCH_V1
3071,2025-09-17T13:11:11.000000,F1,0,0.23923444976076558,0,1,0.1874342483781849,LQ_RECOVERY_R4_STATIC_MATCH_V1
3083,2025-10-10T11:01:33.000000,F1,1,0,0,1,0.1973874423017628,LQ_RECOVERY_R4_STATIC_MATCH_V1
3089,2025-10-12T08:39:19.000000,F1,0,0,1,1,0.20247730998572816,LQ_RECOVERY_R4_STATIC_MATCH_V1
3093,2025-09-11T12:38:29.000000,F1,0,0.40344039779599516,1,1,0.1855905012215408,LQ_RECOVERY_R4_STATIC_MATCH_V1
3098,2025-09-24T19:30:31.000000,F1,0,0.19999999999999996,0,0.9090909090909091,0.20966087168612407,LQ_RECOVERY_R4_STATIC_MATCH_V1
3109,2025-10-09T12:28:39.000000,F1,0,0.19999999999999996,0.8,0.9090909090909091,0.2139103421100839,LQ_RECOVERY_R4_STATIC_MATCH_V1
3128,2025-10-11T09:10:12.000000,F1,0,0.19999999999999996,0.5,1,0.19149092642187363,LQ_RECOVERY_R4_STATIC_MATCH_V1
3135,2025-10-21T15:38:38.000000,F1,0,0,1,0.9090909090909091,0.22415913399650822,LQ_RECOVERY_R4_STATIC_MATCH_V1
3147,2025-10-04T11:31:13.000000,F1,0,0.38265895953757223,0.5,1,0.18403190275485845,LQ_RECOVERY_R4_STATIC_MATCH_V1
3148,2025-10-18T15:56:13.000000,F1,1,0.47962648556876064,0,1,0.17782638809562154,LQ_RECOVERY_R4_STATIC_MATCH_V1
3149,2025-10-18T09:00:28.000000,F1,0,0.19999999999999996,0,1,0.18903970145363683,LQ_RECOVERY_R4_STATIC_MATCH_V1
3153,2025-10-24T10:24:06.000000,F1,0,0,0,1,0.1973874423017628,LQ_RECOVERY_R4_STATIC_MATCH_V1
3161,2025-10-13T15:47:39.000000,F1,1,0.21579554189085326,0,1,0.18839209130861914,LQ_RECOVERY_R4_STATIC_MATCH_V1
3176,2025-10-19T11:21:54.000000,F1,1,0,0,0.9090909090909091,0.21867367367801294,LQ_RECOVERY_R4_STATIC_MATCH_V1
3177,2025-09-14T12:57:00.000000,F1,0,0,0,1,0.1973874423017628,LQ_RECOVERY_R4_STATIC_MATCH_V1
3181,2025-09-01T15:34:28.000000,F1,0,0.9153927652489782,1,1,0.1657548315031831,LQ_RECOVERY_R4_STATIC_MATCH_V1
3182,2025-09-11T13:23:55.000000,F1,0,0.20000000000000007,1,0.9090909090909091,0.21498245268371174,LQ_RECOVERY_R4_STATIC_MATCH_V1
3189,2025-09-04T08:06:24.000000,F1,1,0.8558329088130412,0,0.9090909090909091,0.1820383944784079,LQ_RECOVERY_R4_STATIC_MATCH_V1
3190,2025-10-03T17:44:29.000000,F1,0,0.2890173410404624,0,1,0.18541228512883995,LQ_RECOVERY_R4_STATIC_MATCH_V1
3196,2025-10-03T19:34:00.000000,F1,0,0,0,1,0.1973874423017628,LQ_RECOVERY_R4_STATIC_MATCH_V1
3237,2025-10-01T08:21:51.000000,F1,0,0.5441176470588235,0,0.8181818181818182,0.21588131607436092,LQ_RECOVERY_R4_STATIC_MATCH_V1
3248,2025-09-10T09:38:50.000000,F1,0,0.8156907935128601,1,1,0.16947985256868994,LQ_RECOVERY_R4_STATIC_MATCH_V1
3261,2025-09-01T10:58:46.000000,F1,1,0.19999999999999996,0,0.9090909090909091,0.20966087168612407,LQ_RECOVERY_R4_STATIC_MATCH_V1
3278,2025-09-23T11:05:00.000000,F1,0,0.24598393574297195,1,0.7272727272727273,0.2594399770518201,LQ_RECOVERY_R4_STATIC_MATCH_V1
3281,2025-09-16T08:59:27.000000,F1,0,0.6063986529151757,0,1,0.17291712651612526,LQ_RECOVERY_R4_STATIC_MATCH_V1
3286,2025-10-11T08:41:26.000000,F1,1,0,0,1,0.1973874423017628,LQ_RECOVERY_R4_STATIC_MATCH_V1
3297,2025-10-24T07:51:01.000000,F1,0,0,0.5,0.9090909090909091,0.22140424662088568,LQ_RECOVERY_R4_STATIC_MATCH_V1
3308,2025-09-29T18:45:40.000000,F1,0,0.4923775543301979,0,1,0.17732770297155911,LQ_RECOVERY_R4_STATIC_MATCH_V1
3316,2025-09-22T14:13:28.000000,F1,1,0.3671195652173913,0.5,1,0.1846576071060866,LQ_RECOVERY_R4_STATIC_MATCH_V1
3321,2025-10-10T12:55:04.000000,F1,0,0,0,1,0.1973874423017628,LQ_RECOVERY_R4_STATIC_MATCH_V1
3322,2025-09-11T15:23:29.000000,F1,0,0.4190051020408164,0.5,1,0.18257481522220295,LQ_RECOVERY_R4_STATIC_MATCH_V1
3326,2025-10-09T10:19:18.000000,F1,0,0.20000000000000007,1,0.8181818181818182,0.2376044105719087,LQ_RECOVERY_R4_STATIC_MATCH_V1
3332,2025-10-17T13:32:57.000000,F1,0,0.19999999999999996,0,1,0.18903970145363683,LQ_RECOVERY_R4_STATIC_MATCH_V1
3339,2025-09-16T13:27:05.000000,F1,1,0.524512256128064,0,1,0.17607580531091518,LQ_RECOVERY_R4_STATIC_MATCH_V1
3346,2025-10-19T07:42:49.000000,F1,0,0.20000000000000007,0,1,0.18903970145363683,LQ_RECOVERY_R4_STATIC_MATCH_V1
3352,2025-09-19T08:06:32.000000,F1,0,0.3576890399320306,0,1,0.18265085052512267,LQ_RECOVERY_R4_STATIC_MATCH_V1
3353,2025-10-12T15:24:27.000000,F1,0,0,0.5,0.9090909090909091,0.22140424662088568,LQ_RECOVERY_R4_STATIC_MATCH_V1
3363,2025-10-06T11:50:00.000000,F1,0,0,0.5,1,0.19992022576562563,LQ_RECOVERY_R4_STATIC_MATCH_V1
3383,2025-10-01T09:16:32.000000,F1,0,0.342071727653377,0.5,1,0.1856696372247332,LQ_RECOVERY_R4_STATIC_MATCH_V1
3388,2025-10-24T10:20:54.000000,F1,0,0,1,1,0.20247730998572816,LQ_RECOVERY_R4_STATIC_MATCH_V1
3404,2025-10-21T09:06:09.000000,F1,1,0.3688229725465446,1,1,0.186995758692003,LQ_RECOVERY_R4_STATIC_MATCH_V1
3424,2025-09-20T15:06:21.000000,F1,0,0,1,1,0.20247730998572816,LQ_RECOVERY_R4_STATIC_MATCH_V1
3430,2025-09-02T10:58:45.000000,F1,0,0.8651778329197686,0,1,0.16322965509354867,LQ_RECOVERY_R4_STATIC_MATCH_V1
3447,2025-10-22T09:00:00.000000,F1,0,0.7855799373040753,0,0.9090909090909091,0.1848564622785109,LQ_RECOVERY_R4_STATIC_MATCH_V1
3463,2025-09-25T08:13:00.000000,F1,0,0.7210248068320455,0,1,0.1685710598835896,LQ_RECOVERY_R4_STATIC_MATCH_V1
3488,2025-09-07T20:13:30.000000,F1,0,0.19999999999999996,0,1,0.18903970145363683,LQ_RECOVERY_R4_STATIC_MATCH_V1
3489,2025-10-16T14:47:00.000000,F1,0,0.9603825136612021,0,0.9090909090909091,0.1779065957500823,LQ_RECOVERY_R4_STATIC_MATCH_V1
3496,2025-10-14T17:26:07.000000,F1,0,0.20000000000000007,0,1,0.18903970145363683,LQ_RECOVERY_R4_STATIC_MATCH_V1
3499,2025-10-23T13:34:29.000000,F1,0,0,0,0.9090909090909091,0.21867367367801294,LQ_RECOVERY_R4_STATIC_MATCH_V1
3522,2025-09-27T11:57:56.000000,F1,0,0.20000000000000007,1,0.7272727272727273,0.26181290321967143,LQ_RECOVERY_R4_STATIC_MATCH_V1
3536,2025-09-26T15:24:47.000000,F1,1,0,0,1,0.1973874423017628,LQ_RECOVERY_R4_STATIC_MATCH_V1
3545,2025-09-23T08:52:06.000000,F1,0,0,0,0.9090909090909091,0.21867367367801294,LQ_RECOVERY_R4_STATIC_MATCH_V1
3561,2025-10-04T16:00:31.000000,F1,0,0.2452322738386309,0,0.8181818181818182,0.22973778382413013,LQ_RECOVERY_R4_STATIC_MATCH_V1
3611,2025-10-29T07:18:56.000000,F1,0,0.19999999999999996,0,1,0.18903970145363683,LQ_RECOVERY_R4_STATIC_MATCH_V1
3616,2025-10-02T16:29:00.000000,F1,1,0.9087391164140601,0,1,0.16164258425270162,LQ_RECOVERY_R4_STATIC_MATCH_V1
3635,2025-09-05T16:02:49.000000,F1,1,0,0,0.9090909090909091,0.21867367367801294,LQ_RECOVERY_R4_STATIC_MATCH_V1
3637,2025-09-26T18:15:44.000000,F1,0,0.19999999999999996,0,1,0.18903970145363683,LQ_RECOVERY_R4_STATIC_MATCH_V1
3642,2025-09-03T17:00:36.000000,F1,0,0.8538392166967277,1,1,0.16804675702414631,LQ_RECOVERY_R4_STATIC_MATCH_V1
3652,2025-10-14T19:16:00.000000,F1,0,0,0,1,0.1973874423017628,LQ_RECOVERY_R4_STATIC_MATCH_V1
3660,2025-10-17T20:59:15.000000,F1,0,0.2735703906316779,0,1,0.18603786393939672,LQ_RECOVERY_R4_STATIC_MATCH_V1
3674,2025-10-25T16:18:53.000000,F1,0,0.19999999999999996,1,1,0.193966333525225,LQ_RECOVERY_R4_STATIC_MATCH_V1
3683,2025-10-02T14:59:54.000000,F1,1,0,0,1,0.1973874423017628,LQ_RECOVERY_R4_STATIC_MATCH_V1
3697,2025-10-16T09:49:35.000000,F1,0,0.20000000000000007,0,1,0.18903970145363683,LQ_RECOVERY_R4_STATIC_MATCH_V1
3700,2025-10-04T20:10:46.000000,F1,0,0.19999999999999996,0,0.8181818181818182,0.23188826768298443,LQ_RECOVERY_R4_STATIC_MATCH_V1
3707,2025-09-16T18:58:00.000000,F1,1,0,0,1,0.1973874423017628,LQ_RECOVERY_R4_STATIC_MATCH_V1
3708,2025-09-13T10:51:34.000000,F1,0,0,0,0.9090909090909091,0.21867367367801294,LQ_RECOVERY_R4_STATIC_MATCH_V1
3723,2025-09-26T10:50:58.000000,F1,1,0.5374073435614549,1,0.9090909090909091,0.20012637010729958,LQ_RECOVERY_R4_STATIC_MATCH_V1
3731,2025-09-09T13:21:20.000000,F1,0,0,0,0.9090909090909091,0.21867367367801294,LQ_RECOVERY_R4_STATIC_MATCH_V1
3733,2025-10-17T11:39:47.000000,F1,0,0.19999999999999996,0.5,1,0.19149092642187363,LQ_RECOVERY_R4_STATIC_MATCH_V1
3745,2025-09-21T09:49:05.000000,F1,0,0.8630856219709209,0,1,0.16330619550074255,LQ_RECOVERY_R4_STATIC_MATCH_V1
3747,2025-10-17T07:44:16.000000,F1,0,0.2120917809882239,1,0.9090909090909091,0.21443648158451142,LQ_RECOVERY_R4_STATIC_MATCH_V1
3750,2025-09-27T20:45:12.000000,F1,0,0,1,1,0.20247730998572816,LQ_RECOVERY_R4_STATIC_MATCH_V1
3753,2025-09-20T14:13:45.000000,F1,0,0.24433757368910947,0,1,0.1872262039657219,LQ_RECOVERY_R4_STATIC_MATCH_V1
3777,2025-10-23T14:10:24.000000,F1,0,0,1,1,0.20247730998572816,LQ_RECOVERY_R4_STATIC_MATCH_V1
3781,2025-09-25T17:56:05.000000,F1,0,0.9929377314615451,0,1,0.15861030667159592,LQ_RECOVERY_R4_STATIC_MATCH_V1
3785,2025-10-21T08:35:10.000000,F1,0,0,0,1,0.1973874423017628,LQ_RECOVERY_R4_STATIC_MATCH_V1
3791,2025-10-16T08:06:55.000000,F1,0,0.20000000000000007,0,1,0.18903970145363683,LQ_RECOVERY_R4_STATIC_MATCH_V1
3795,2025-10-30T15:08:43.000000,F1,0,0.19999999999999996,0.5,1,0.19149092642187363,LQ_RECOVERY_R4_STATIC_MATCH_V1
3817,2025-10-18T12:07:13.000000,F1,0,0.09402189166432784,0,1,0.19342891877836554,LQ_RECOVERY_R4_STATIC_MATCH_V1
3819,2025-09-26T09:45:40.000000,F1,1,0,0,1,0.1973874423017628,LQ_RECOVERY_R4_STATIC_MATCH_V1
3824,2025-10-03T18:30:55.000000,F1,1,0.20000000000000007,0.8,1,0.19297326604240103,LQ_RECOVERY_R4_STATIC_MATCH_V1
3830,2025-09-05T09:21:31.000000,F1,0,0.19999999999999996,0,0.9090909090909091,0.20966087168612407,LQ_RECOVERY_R4_STATIC_MATCH_V1
3853,2025-09-26T13:01:10.000000,F1,0,0.32987312572087657,1,0.9090909090909091,0.20917116283651388,LQ_RECOVERY_R4_STATIC_MATCH_V1
3856,2025-10-04T15:12:00.000000,F1,0,0,0,1,0.1973874423017628,LQ_RECOVERY_R4_STATIC_MATCH_V1
3863,2025-09-02T10:02:56.000000,F1,0,0,0,1,0.1973874423017628,LQ_RECOVERY_R4_STATIC_MATCH_V1
3895,2025-10-15T08:20:27.000000,F1,1,0.1121696926118998,1,1,0.1976700620279892,LQ_RECOVERY_R4_STATIC_MATCH_V1
3910,2025-09-16T19:46:00.000000,F1,0,0,0,1,0.1973874423017628,LQ_RECOVERY_R4_STATIC_MATCH_V1
3911,2025-10-19T15:52:49.000000,F1,1,0,0,1,0.1973874423017628,LQ_RECOVERY_R4_STATIC_MATCH_V1
3944,2025-09-14T11:55:00.000000,F1,1,0.726507241495453,0,0.9090909090909091,0.18725206579413942,LQ_RECOVERY_R4_STATIC_MATCH_V1
3955,2025-10-19T08:40:32.000000,F1,0,0,0.8,1,0.20145155860065805,LQ_RECOVERY_R4_STATIC_MATCH_V1
3964,2025-10-21T13:01:42.000000,F1,0,0,0,1,0.1973874423017628,LQ_RECOVERY_R4_STATIC_MATCH_V1
3967,2025-10-30T19:06:30.000000,F1,0,0.19999999999999996,1,0.8181818181818182,0.2376044105719087,LQ_RECOVERY_R4_STATIC_MATCH_V1
3970,2025-10-09T11:48:00.000000,F1,1,0,0,1,0.1973874423017628,LQ_RECOVERY_R4_STATIC_MATCH_V1
3993,2025-10-16T11:37:51.000000,F1,1,0.20000000000000007,0,1,0.18903970145363683,LQ_RECOVERY_R4_STATIC_MATCH_V1
4007,2025-10-27T07:50:46.000000,F1,1,0,0,1,0.1973874423017628,LQ_RECOVERY_R4_STATIC_MATCH_V1
4013,2025-09-13T19:47:12.000000,F1,1,0.19999999999999996,0,1,0.18903970145363683,LQ_RECOVERY_R4_STATIC_MATCH_V1
4039,2025-09-04T14:54:59.000000,F1,0,0,0.5,1,0.19992022576562563,LQ_RECOVERY_R4_STATIC_MATCH_V1
4062,2025-09-28T17:31:03.000000,F1,1,0.19999999999999996,0,1,0.18903970145363683,LQ_RECOVERY_R4_STATIC_MATCH_V1
4064,2025-10-14T16:29:04.000000,F1,0,0,0.5,0.9090909090909091,0.22140424662088568,LQ_RECOVERY_R4_STATIC_MATCH_V1
4066,2025-10-13T09:18:03.000000,F1,0,0.19999999999999996,0.5,0.8181818181818182,0.23473427680903783,LQ_RECOVERY_R4_STATIC_MATCH_V1
4068,2025-09-04T07:00:04.000000,F1,1,0.48743335872048743,0,0.8181818181818182,0.2184619492546488,LQ_RECOVERY_R4_STATIC_MATCH_V1
4077,2025-10-09T13:01:18.000000,F1,0,0.20903010033444813,0,1,0.1886692625895803,LQ_RECOVERY_R4_STATIC_MATCH_V1
4083,2025-09-05T17:27:22.000000,F1,1,0.7193744569939183,0,1,0.16863301052308807,LQ_RECOVERY_R4_STATIC_MATCH_V1
4094,2025-10-29T08:45:20.000000,F1,0,0.8107816711590297,0,0.9090909090909091,0.18384168013124197,LQ_RECOVERY_R4_STATIC_MATCH_V1
4104,2025-10-14T07:22:52.000000,F1,0,0,0.5,1,0.19992022576562563,LQ_RECOVERY_R4_STATIC_MATCH_V1
4126,2025-09-20T09:54:49.000000,F1,0,0.19999999999999996,0,0.9090909090909091,0.20966087168612407,LQ_RECOVERY_R4_STATIC_MATCH_V1
4154,2025-10-29T17:51:08.000000,F1,0,0,0,1,0.1973874423017628,LQ_RECOVERY_R4_STATIC_MATCH_V1
4156,2025-10-17T15:12:31.000000,F1,1,0,0,0.9090909090909091,0.21867367367801294,LQ_RECOVERY_R4_STATIC_MATCH_V1
4160,2025-09-18T13:47:55.000000,F1,0,0.5613825983313467,0,1,0.17464799070997872,LQ_RECOVERY_R4_STATIC_MATCH_V1
4178,2025-09-10T17:18:43.000000,F1,0,0.47021613073273594,0.8,1,0.18195366372825947,LQ_RECOVERY_R4_STATIC_MATCH_V1
4181,2025-09-15T09:52:46.000000,F1,0,0,0.8,1,0.20145155860065805,LQ_RECOVERY_R4_STATIC_MATCH_V1
4209,2025-09-03T16:18:57.000000,F1,0,0.9308108108108107,0,1,0.16084321076412814,LQ_RECOVERY_R4_STATIC_MATCH_V1
4218,2025-10-18T08:11:14.000000,F1,0,0,0.5,0.9090909090909091,0.22140424662088568,LQ_RECOVERY_R4_STATIC_MATCH_V1
4231,2025-09-12T14:00:45.000000,F1,0,0.4937254901960785,0,1,0.17727505033562332,LQ_RECOVERY_R4_STATIC_MATCH_V1
4245,2025-09-02T17:20:06.000000,F1,0,0.20412844036697242,0,1,0.18887027261965703,LQ_RECOVERY_R4_STATIC_MATCH_V1
4261,2025-10-12T15:59:32.000000,F1,0,0.19999999999999996,0,0.9090909090909091,0.20966087168612407,LQ_RECOVERY_R4_STATIC_MATCH_V1
4272,2025-09-28T17:35:02.000000,F1,1,0,0,1,0.1973874423017628,LQ_RECOVERY_R4_STATIC_MATCH_V1
4276,2025-10-02T13:46:12.000000,F1,1,0,0,0.9090909090909091,0.21867367367801294,LQ_RECOVERY_R4_STATIC_MATCH_V1
4278,2025-10-31T10:57:57.000000,F1,0,0.9529446364237923,0,0.9090909090909091,0.17819809591105085,LQ_RECOVERY_R4_STATIC_MATCH_V1
4300,2025-10-27T18:11:21.000000,F1,0,0,0,0.9090909090909091,0.21867367367801294,LQ_RECOVERY_R4_STATIC_MATCH_V1
4307,2025-10-20T10:21:46.000000,F1,1,0.20000000000000007,0.5,1,0.19149092642187363,LQ_RECOVERY_R4_STATIC_MATCH_V1
4311,2025-09-17T08:58:54.000000,F1,0,0,0,0.9090909090909091,0.21867367367801294,LQ_RECOVERY_R4_STATIC_MATCH_V1
4332,2025-10-25T18:10:00.000000,F1,0,0.17822095599873367,0,0.8181818181818182,0.23292871094979667,LQ_RECOVERY_R4_STATIC_MATCH_V1
4334,2025-09-26T10:47:16.000000,F1,0,0.49336550060313633,0,1,0.1772891109324535,LQ_RECOVERY_R4_STATIC_MATCH_V1
4338,2025-10-31T09:52:26.000000,F1,1,0,0,1,0.1973874423017628,LQ_RECOVERY_R4_STATIC_MATCH_V1
4339,2025-10-11T12:28:25.000000,F1,0,0,0,0.9090909090909091,0.21867367367801294,LQ_RECOVERY_R4_STATIC_MATCH_V1
4343,2025-09-16T07:53:09.000000,F1,0,0,0.5,1,0.19992022576562563,LQ_RECOVERY_R4_STATIC_MATCH_V1
4347,2025-10-27T08:17:04.000000,F1,0,0.980005632216277,0,1,0.15907301674905958,LQ_RECOVERY_R4_STATIC_MATCH_V1
4357,2025-09-14T15:32:30.000000,F1,0,0.5692614770459081,0.5,0.9090909090909091,0.1962426375922776,LQ_RECOVERY_R4_STATIC_MATCH_V1
4366,2025-09-20T09:12:24.000000,F1,1,0,1,1,0.20247730998572816,LQ_RECOVERY_R4_STATIC_MATCH_V1
4368,2025-09-19T17:04:29.000000,F1,0,0.6353245632952338,0,1,0.17181210439463546,LQ_RECOVERY_R4_STATIC_MATCH_V1
4375,2025-10-17T08:38:04.000000,F1,0,0,0,1,0.1973874423017628,LQ_RECOVERY_R4_STATIC_MATCH_V1
4398,2025-10-05T07:56:19.000000,F1,0,0,0,1,0.1973874423017628,LQ_RECOVERY_R4_STATIC_MATCH_V1
4401,2025-10-07T08:28:23.000000,F1,0,0.23807296538821332,0,1,0.18748162467021168,LQ_RECOVERY_R4_STATIC_MATCH_V1
4403,2025-09-21T15:20:38.000000,F1,0,0,0.5,1,0.19992022576562563,LQ_RECOVERY_R4_STATIC_MATCH_V1
4419,2025-10-23T19:13:34.000000,F1,0,0.19999999999999996,0,0.9090909090909091,0.20966087168612407,LQ_RECOVERY_R4_STATIC_MATCH_V1
4428,2025-10-06T20:13:45.000000,F1,0,0.19999999999999996,0,1,0.18903970145363683,LQ_RECOVERY_R4_STATIC_MATCH_V1
4436,2025-09-22T07:06:53.000000,F1,1,0.20000000000000007,0,0.9090909090909091,0.20966087168612402,LQ_RECOVERY_R4_STATIC_MATCH_V1
4440,2025-09-10T15:50:10.000000,F1,0,0.4047047527604416,0.5,0.9090909090909091,0.20328654021945794,LQ_RECOVERY_R4_STATIC_MATCH_V1
4441,2025-09-04T12:06:26.000000,F1,0,0,0,1,0.1973874423017628,LQ_RECOVERY_R4_STATIC_MATCH_V1
4443,2025-10-03T16:17:06.000000,F1,0,0.4159684573681617,0.5,1,0.18269620803303196,LQ_RECOVERY_R4_STATIC_MATCH_V1
4452,2025-10-19T11:05:11.000000,F1,0,0,0.8,1,0.20145155860065805,LQ_RECOVERY_R4_STATIC_MATCH_V1
4461,2025-09-17T14:31:51.000000,F1,0,0,0,1,0.1973874423017628,LQ_RECOVERY_R4_STATIC_MATCH_V1
4462,2025-10-29T15:38:30.000000,F1,0,0.19999999999999996,0,1,0.18903970145363683,LQ_RECOVERY_R4_STATIC_MATCH_V1
4466,2025-09-20T14:33:50.000000,F1,0,0,0,1,0.1973874423017628,LQ_RECOVERY_R4_STATIC_MATCH_V1
4467,2025-10-19T08:12:00.000000,F1,0,0.2479338842975206,0,1,0.1870796961814737,LQ_RECOVERY_R4_STATIC_MATCH_V1
4480,2025-10-23T19:14:54.000000,F1,1,0.4078041315990819,0,0.9090909090909091,0.2005886840716617,LQ_RECOVERY_R4_STATIC_MATCH_V1
4495,2025-10-06T17:16:55.000000,F1,0,0.05209656925031769,0,0.9090909090909091,0.21629941574649567,LQ_RECOVERY_R4_STATIC_MATCH_V1
4509,2025-10-18T13:10:51.000000,F1,0,0,0,1,0.1973874423017628,LQ_RECOVERY_R4_STATIC_MATCH_V1
4519,2025-10-31T20:25:02.000000,F1,1,0,1,0.9090909090909091,0.22415913399650822,LQ_RECOVERY_R4_STATIC_MATCH_V1
4520,2025-09-11T11:21:40.000000,F1,1,0.19999999999999996,0,0.9090909090909091,0.20966087168612407,LQ_RECOVERY_R4_STATIC_MATCH_V1
4525,2025-09-16T09:39:13.000000,F1,0,0.19999999999999996,0,0.9090909090909091,0.20966087168612407,LQ_RECOVERY_R4_STATIC_MATCH_V1
4528,2025-10-03T11:06:37.000000,F1,0,0.19999999999999996,0,0.9090909090909091,0.20966087168612407,LQ_RECOVERY_R4_STATIC_MATCH_V1
4534,2025-09-16T09:10:59.000000,F1,0,0.5398987463837995,0,0.9090909090909091,0.1949764023766446,LQ_RECOVERY_R4_STATIC_MATCH_V1
4545,2025-09-05T16:03:55.000000,F1,1,0,0.5,0.9090909090909091,0.22140424662088568,LQ_RECOVERY_R4_STATIC_MATCH_V1
4562,2025-10-28T16:26:53.000000,F1,0,0.5889283408650742,0,1,0.17358724253415164,LQ_RECOVERY_R4_STATIC_MATCH_V1
4565,2025-10-07T13:31:26.000000,F1,0,0.42652935751613896,0.5,1,0.182274295761445,LQ_RECOVERY_R4_STATIC_MATCH_V1
4597,2025-10-31T07:33:53.000000,F1,1,0.23818282140886515,0,0.8181818181818182,0.23007201420458379,LQ_RECOVERY_R4_STATIC_MATCH_V1
4625,2025-10-15T20:14:17.000000,F1,1,0,0,0.9090909090909091,0.21867367367801294,LQ_RECOVERY_R4_STATIC_MATCH_V1
4650,2025-10-07T18:44:18.000000,F1,1,0,0,1,0.1973874423017628,LQ_RECOVERY_R4_STATIC_MATCH_V1
4663,2025-10-22T12:41:25.000000,F1,0,0.4460268867296686,0,1,0.17914570668061705,LQ_RECOVERY_R4_STATIC_MATCH_V1
4666,2025-10-03T17:00:55.000000,F1,0,0,1,1,0.20247730998572816,LQ_RECOVERY_R4_STATIC_MATCH_V1
4686,2025-10-09T20:38:58.000000,F1,0,0.19999999999999996,0.5,0.8181818181818182,0.23473427680903783,LQ_RECOVERY_R4_STATIC_MATCH_V1
4688,2025-10-23T12:37:21.000000,F1,0,0,0,1,0.1973874423017628,LQ_RECOVERY_R4_STATIC_MATCH_V1
4691,2025-10-20T09:56:17.000000,F1,1,0.19999999999999996,0,1,0.18903970145363683,LQ_RECOVERY_R4_STATIC_MATCH_V1
4696,2025-09-24T17:28:35.000000,F1,0,0.37282581295689443,1,1,0.1868328496741858,LQ_RECOVERY_R4_STATIC_MATCH_V1
4704,2025-09-20T17:38:23.000000,F1,0,0.24285714285714277,1,1,0.19217830962279758,LQ_RECOVERY_R4_STATIC_MATCH_V1
4710,2025-10-19T09:02:00.000000,F1,0,0.5127304653204565,0.8,0.9090909090909091,0.20016543930001618,LQ_RECOVERY_R4_STATIC_MATCH_V1
4713,2025-09-27T10:13:44.000000,F1,0,0.3428295509415741,0,0.9090909090909091,0.20339331453947448,LQ_RECOVERY_R4_STATIC_MATCH_V1
4715,2025-09-18T19:33:56.000000,F1,0,0.19999999999999996,0.5,0.9090909090909091,0.2123094831521309,LQ_RECOVERY_R4_STATIC_MATCH_V1
4724,2025-09-06T18:14:00.000000,F1,0,0.20996640537514,0,1,0.18863088474730433,LQ_RECOVERY_R4_STATIC_MATCH_V1
4728,2025-10-02T14:58:00.000000,F1,0,0,0,0.9090909090909091,0.21867367367801294,LQ_RECOVERY_R4_STATIC_MATCH_V1
4734,2025-10-17T17:34:00.000000,F1,0,0,0,1,0.1973874423017628,LQ_RECOVERY_R4_STATIC_MATCH_V1
4745,2025-10-21T18:43:35.000000,F1,0,0.19999999999999996,0,1,0.18903970145363683,LQ_RECOVERY_R4_STATIC_MATCH_V1
4751,2025-09-19T15:49:06.000000,F1,0,0,0,1,0.1973874423017628,LQ_RECOVERY_R4_STATIC_MATCH_V1
4756,2025-10-02T10:52:00.000000,F1,0,0.19999999999999996,0.8,1,0.19297326604240103,LQ_RECOVERY_R4_STATIC_MATCH_V1
4762,2025-10-20T08:39:32.000000,F1,0,0.19999999999999996,0,1,0.18903970145363683,LQ_RECOVERY_R4_STATIC_MATCH_V1
4769,2025-09-25T17:56:50.000000,F1,0,0.9524517087667161,0,0.9090909090909091,0.1782174276022735,LQ_RECOVERY_R4_STATIC_MATCH_V1
4775,2025-09-14T11:31:17.000000,F1,1,0,0,1,0.1973874423017628,LQ_RECOVERY_R4_STATIC_MATCH_V1
4777,2025-10-17T08:09:28.000000,F1,0,0,0,1,0.1973874423017628,LQ_RECOVERY_R4_STATIC_MATCH_V1
4808,2025-10-08T19:40:00.000000,F1,0,0.3366361159276692,0,1,0.18349402279146906,LQ_RECOVERY_R4_STATIC_MATCH_V1
4809,2025-09-23T09:27:00.000000,F1,0,0.29574468085106387,0,0.9090909090909091,0.20544391711694823,LQ_RECOVERY_R4_STATIC_MATCH_V1
4820,2025-10-19T18:20:00.000000,F1,1,0,0,0.8181818181818182,0.24156452479590487,LQ_RECOVERY_R4_STATIC_MATCH_V1
4821,2025-10-02T07:20:23.000000,F1,0,0,0,1,0.1973874423017628,LQ_RECOVERY_R4_STATIC_MATCH_V1
4826,2025-10-05T09:00:03.000000,F1,1,0,1,1,0.20247730998572816,LQ_RECOVERY_R4_STATIC_MATCH_V1
4847,2025-09-17T12:30:03.000000,F1,1,0.20000000000000007,0,1,0.18903970145363683,LQ_RECOVERY_R4_STATIC_MATCH_V1
4851,2025-10-14T20:47:10.000000,F1,1,0.3003314917127071,0,1,0.18495511036342793,LQ_RECOVERY_R4_STATIC_MATCH_V1
4864,2025-10-15T09:40:12.000000,F1,0,0,0.5,1,0.19992022576562563,LQ_RECOVERY_R4_STATIC_MATCH_V1
4865,2025-10-24T20:47:09.000000,F1,0,0.19999999999999996,1,0.9090909090909091,0.21498245268371174,LQ_RECOVERY_R4_STATIC_MATCH_V1
4868,2025-09-06T12:23:10.000000,F1,0,0,0,1,0.1973874423017628,LQ_RECOVERY_R4_STATIC_MATCH_V1
4869,2025-10-30T08:06:01.000000,F1,1,0,0,1,0.1973874423017628,LQ_RECOVERY_R4_STATIC_MATCH_V1
4892,2025-10-03T19:16:03.000000,F1,0,0.3918648201376187,0,1,0.1812885177234313,LQ_RECOVERY_R4_STATIC_MATCH_V1
4896,2025-09-10T10:28:15.000000,F1,0,0.5983263598326359,0,1,0.17322650419854835,LQ_RECOVERY_R4_STATIC_MATCH_V1
4908,2025-10-27T17:19:10.000000,F1,0,0,1,0.9090909090909091,0.22415913399650822,LQ_RECOVERY_R4_STATIC_MATCH_V1
4915,2025-10-15T11:27:50.000000,F1,1,0.7407202216066482,0,1,0.16783313562280128,LQ_RECOVERY_R4_STATIC_MATCH_V1
4921,2025-10-19T16:37:01.000000,F1,0,0,0,0.8181818181818182,0.24156452479590487,LQ_RECOVERY_R4_STATIC_MATCH_V1
4927,2025-10-25T17:15:28.000000,F1,1,0.30939993062781823,0,1,0.1845893083798603,LQ_RECOVERY_R4_STATIC_MATCH_V1
4933,2025-10-19T19:28:58.000000,F1,0,0,0.5,0.9090909090909091,0.22140424662088568,LQ_RECOVERY_R4_STATIC_MATCH_V1
4939,2025-09-18T15:48:12.000000,F1,0,0,0,0.9090909090909091,0.21867367367801294,LQ_RECOVERY_R4_STATIC_MATCH_V1
4952,2025-10-19T10:54:27.000000,F1,0,0.19999999999999996,0,1,0.18903970145363683,LQ_RECOVERY_R4_STATIC_MATCH_V1
4956,2025-10-07T16:17:16.000000,F1,0,0,0,1,0.1973874423017628,LQ_RECOVERY_R4_STATIC_MATCH_V1
4960,2025-10-09T14:01:02.000000,F1,1,0.20000000000000007,0.5,1,0.19149092642187363,LQ_RECOVERY_R4_STATIC_MATCH_V1
4964,2025-09-24T17:27:52.000000,F1,0,0.9052442177762419,0,1,0.1617694531343621,LQ_RECOVERY_R4_STATIC_MATCH_V1
4968,2025-09-06T07:46:59.000000,F1,0,0,0,0.8181818181818182,0.24156452479590487,LQ_RECOVERY_R4_STATIC_MATCH_V1
4972,2025-10-07T10:09:17.000000,F1,0,0,0,1,0.1973874423017628,LQ_RECOVERY_R4_STATIC_MATCH_V1
4982,2025-10-30T14:40:34.000000,F1,0,0.8343414634146342,0,1,0.16436068362857756,LQ_RECOVERY_R4_STATIC_MATCH_V1
24,2025-11-05T13:18:06.000000,F2,0,0.19999999999999996,0,0.9090909090909091,0.21391834799406437,LQ_RECOVERY_R4_STATIC_MATCH_V1
36,2025-11-15T17:40:22.000000,F2,0,0.08498253783469167,0,1,0.20101763743438217,LQ_RECOVERY_R4_STATIC_MATCH_V1
37,2025-12-24T17:40:04.000000,F2,0,0,0.5,1,0.1989688202214371,LQ_RECOVERY_R4_STATIC_MATCH_V1
62,2025-12-02T11:31:56.000000,F2,0,0,0,1,0.2038777154873779,LQ_RECOVERY_R4_STATIC_MATCH_V1
67,2025-12-26T15:05:00.000000,F2,1,0,0.5,0.9090909090909091,0.21580245876345464,LQ_RECOVERY_R4_STATIC_MATCH_V1
69,2025-12-20T13:49:59.000000,F2,1,0,1,0.8181818181818182,0.22822473119368286,LQ_RECOVERY_R4_STATIC_MATCH_V1
71,2025-11-17T17:28:07.000000,F2,0,0,0,1,0.2038777154873779,LQ_RECOVERY_R4_STATIC_MATCH_V1
78,2025-11-16T13:09:27.000000,F2,1,0,0,1,0.2038777154873779,LQ_RECOVERY_R4_STATIC_MATCH_V1
95,2025-11-20T07:58:24.000000,F2,0,0,0.5,0.9090909090909091,0.21580245876345464,LQ_RECOVERY_R4_STATIC_MATCH_V1
126,2025-12-19T08:21:49.000000,F2,0,0.483271375464684,0,0.9090909090909091,0.20415718262949326,LQ_RECOVERY_R4_STATIC_MATCH_V1
131,2025-12-19T09:54:38.000000,F2,0,0.8880041544054007,1,1,0.1668154467000383,LQ_RECOVERY_R4_STATIC_MATCH_V1
134,2025-12-29T13:31:14.000000,F2,0,0,0,1,0.2038777154873779,LQ_RECOVERY_R4_STATIC_MATCH_V1
136,2025-12-10T19:39:51.000000,F2,0,0.3476454293628808,0,1,0.19236807884549068,LQ_RECOVERY_R4_STATIC_MATCH_V1
156,2025-11-26T09:02:28.000000,F2,0,0.19999999999999996,0,1,0.1971947221338523,LQ_RECOVERY_R4_STATIC_MATCH_V1
159,2025-12-05T13:33:57.000000,F2,0,0.19999999999999996,0,0.8181818181818182,0.231651014829948,LQ_RECOVERY_R4_STATIC_MATCH_V1
168,2025-11-23T09:23:14.000000,F2,0,0.19999999999999996,1,0.9090909090909091,0.20383348737224266,LQ_RECOVERY_R4_STATIC_MATCH_V1
173,2025-11-01T10:38:53.000000,F2,0,0.3217314682233726,0,1,0.19320866755171207,LQ_RECOVERY_R4_STATIC_MATCH_V1
176,2025-11-19T11:15:02.000000,F2,0,0,0.5,0.9090909090909091,0.21580245876345464,LQ_RECOVERY_R4_STATIC_MATCH_V1
179,2025-12-31T17:16:12.000000,F2,0,0.27076124567474047,0,1,0.19487016695006457,LQ_RECOVERY_R4_STATIC_MATCH_V1
181,2025-12-19T08:24:30.000000,F2,0,0,1,1,0.19414929562223307,LQ_RECOVERY_R4_STATIC_MATCH_V1
197,2025-12-18T19:55:06.000000,F2,0,0.7325490196078431,0,0.9090909090909091,0.1958445991121796,LQ_RECOVERY_R4_STATIC_MATCH_V1
201,2025-12-25T16:36:34.000000,F2,0,0.8297258297258298,0,1,0.1772369272573086,LQ_RECOVERY_R4_STATIC_MATCH_V1
207,2025-12-03T09:16:31.000000,F2,1,0,0,1,0.2038777154873779,LQ_RECOVERY_R4_STATIC_MATCH_V1
220,2025-12-15T18:08:18.000000,F2,0,0.22280395578824885,0.5,0.9090909090909091,0.20804686152734347,LQ_RECOVERY_R4_STATIC_MATCH_V1
225,2025-12-07T11:53:52.000000,F2,0,0.723601177955406,1,1,0.17163285404261477,LQ_RECOVERY_R4_STATIC_MATCH_V1
233,2025-12-22T16:09:13.000000,F2,0,0.2310186649794369,1,1,0.18672616192734595,LQ_RECOVERY_R4_STATIC_MATCH_V1
247,2025-12-16T15:29:53.000000,F2,1,0,0,1,0.2038777154873779,LQ_RECOVERY_R4_STATIC_MATCH_V1
256,2025-11-11T20:36:14.000000,F2,0,0.35137034434293746,0,1,0.19224748055001695,LQ_RECOVERY_R4_STATIC_MATCH_V1
261,2025-12-12T10:05:53.000000,F2,0,0,0,1,0.2038777154873779,LQ_RECOVERY_R4_STATIC_MATCH_V1
278,2025-11-06T08:25:00.000000,F2,1,0.5463222908478382,0,1,0.18601598796742658,LQ_RECOVERY_R4_STATIC_MATCH_V1
279,2025-12-30T10:40:37.000000,F2,1,0.825751238659031,0,0.9090909090909091,0.19280310006035314,LQ_RECOVERY_R4_STATIC_MATCH_V1
281,2025-11-01T07:20:27.000000,F2,1,0,1,0.9090909090909091,0.21068242591120961,LQ_RECOVERY_R4_STATIC_MATCH_V1
288,2025-12-22T15:32:54.000000,F2,1,0,0,1,0.2038777154873779,LQ_RECOVERY_R4_STATIC_MATCH_V1
290,2025-12-07T20:37:21.000000,F2,0,0.19999999999999996,1,1,0.18771000576857935,LQ_RECOVERY_R4_STATIC_MATCH_V1
291,2025-12-24T08:14:44.000000,F2,0,0,1,1,0.19414929562223307,LQ_RECOVERY_R4_STATIC_MATCH_V1
306,2025-12-09T15:30:48.000000,F2,0,0.7461669505962523,0.5,0.9090909090909091,0.1906443317976582,LQ_RECOVERY_R4_STATIC_MATCH_V1
315,2025-12-30T13:37:07.000000,F2,0,0.6416799574694312,0,0.9090909090909091,0.19884476876181986,LQ_RECOVERY_R4_STATIC_MATCH_V1
323,2025-11-28T19:00:36.000000,F2,0,0,0.5,1,0.1989688202214371,LQ_RECOVERY_R4_STATIC_MATCH_V1
332,2025-12-23T15:38:49.000000,F2,0,0.19999999999999996,0.5,1,0.19240784849652826,LQ_RECOVERY_R4_STATIC_MATCH_V1
340,2025-12-26T16:22:00.000000,F2,1,0,1,1,0.19414929562223307,LQ_RECOVERY_R4_STATIC_MATCH_V1
356,2025-11-12T08:41:25.000000,F2,0,0,1,1,0.19414929562223307,LQ_RECOVERY_R4_STATIC_MATCH_V1
365,2025-11-07T17:37:45.000000,F2,0,0.19999999999999996,0,1,0.1971947221338523,LQ_RECOVERY_R4_STATIC_MATCH_V1
374,2025-12-13T11:16:57.000000,F2,0,0,0,1,0.2038777154873779,LQ_RECOVERY_R4_STATIC_MATCH_V1
379,2025-12-24T12:49:00.000000,F2,0,0,0,1,0.2038777154873779,LQ_RECOVERY_R4_STATIC_MATCH_V1
381,2025-12-08T19:15:36.000000,F2,0,0,0,0.9090909090909091,0.22101207908479067,LQ_RECOVERY_R4_STATIC_MATCH_V1
384,2025-11-02T12:24:21.000000,F2,0,0.20000000000000007,0,0.8181818181818182,0.231651014829948,LQ_RECOVERY_R4_STATIC_MATCH_V1
388,2025-12-10T17:13:09.000000,F2,0,0,1,0.9090909090909091,0.21068242591120961,LQ_RECOVERY_R4_STATIC_MATCH_V1
402,2025-12-03T12:05:00.000000,F2,0,0.9385687143761874,0,1,0.17395276931177153,LQ_RECOVERY_R4_STATIC_MATCH_V1
420,2025-11-21T13:36:05.000000,F2,0,0.6047841913676546,0,0.8181818181818182,0.2169744951666316,LQ_RECOVERY_R4_STATIC_MATCH_V1
422,2025-12-22T15:29:04.000000,F2,0,0,0,0.9090909090909091,0.22101207908479067,LQ_RECOVERY_R4_STATIC_MATCH_V1
428,2025-11-23T18:04:00.000000,F2,0,0,1,1,0.19414929562223307,LQ_RECOVERY_R4_STATIC_MATCH_V1
434,2025-11-28T20:48:52.000000,F2,0,0.19999999999999996,0,1,0.1971947221338523,LQ_RECOVERY_R4_STATIC_MATCH_V1
440,2025-11-23T18:57:00.000000,F2,0,0.20000000000000007,0,0.9090909090909091,0.21391834799406437,LQ_RECOVERY_R4_STATIC_MATCH_V1
475,2025-11-21T13:17:04.000000,F2,0,0,0,1,0.2038777154873779,LQ_RECOVERY_R4_STATIC_MATCH_V1
481,2025-12-28T13:57:15.000000,F2,0,0,0,1,0.2038777154873779,LQ_RECOVERY_R4_STATIC_MATCH_V1
483,2025-11-24T07:08:05.000000,F2,1,0,0,1,0.2038777154873779,LQ_RECOVERY_R4_STATIC_MATCH_V1
504,2025-12-25T18:21:49.000000,F2,0,0.8729749631811488,0,0.9090909090909091,0.19127581168810234,LQ_RECOVERY_R4_STATIC_MATCH_V1
525,2025-11-07T17:01:00.000000,F2,1,0.20000000000000007,0,0.9090909090909091,0.21391834799406437,LQ_RECOVERY_R4_STATIC_MATCH_V1
538,2025-11-01T20:51:21.000000,F2,1,0,0,1,0.2038777154873779,LQ_RECOVERY_R4_STATIC_MATCH_V1
541,2025-12-18T09:00:31.000000,F2,0,0,0,0.8181818181818182,0.23915387755316853,LQ_RECOVERY_R4_STATIC_MATCH_V1
547,2025-12-17T11:03:12.000000,F2,0,0.32313064913722267,1,1,0.1838280007466853,LQ_RECOVERY_R4_STATIC_MATCH_V1
574,2025-12-07T11:47:54.000000,F2,0,0.4638628011433238,0,1,0.18863253303323418,LQ_RECOVERY_R4_STATIC_MATCH_V1
587,2025-11-06T09:22:13.000000,F2,0,0.19999999999999996,0,1,0.1971947221338523,LQ_RECOVERY_R4_STATIC_MATCH_V1
596,2025-12-09T08:45:25.000000,F2,0,0,0,1,0.2038777154873779,LQ_RECOVERY_R4_STATIC_MATCH_V1
601,2025-11-27T08:21:28.000000,F2,1,0.19999999999999996,1,1,0.18771000576857935,LQ_RECOVERY_R4_STATIC_MATCH_V1
612,2025-11-02T08:02:25.000000,F2,1,0,0,1,0.2038777154873779,LQ_RECOVERY_R4_STATIC_MATCH_V1
614,2025-12-14T18:43:57.000000,F2,0,0,0,1,0.2038777154873779,LQ_RECOVERY_R4_STATIC_MATCH_V1
630,2025-12-10T20:59:35.000000,F2,0,0.60701474691112,1,0.9090909090909091,0.1904107749710605,LQ_RECOVERY_R4_STATIC_MATCH_V1
646,2025-11-05T09:00:54.000000,F2,0,0.19999999999999996,0,1,0.1971947221338523,LQ_RECOVERY_R4_STATIC_MATCH_V1
649,2025-11-03T11:53:18.000000,F2,1,0,1,0.9090909090909091,0.21068242591120961,LQ_RECOVERY_R4_STATIC_MATCH_V1
667,2025-12-12T17:14:15.000000,F2,0,0,1,1,0.19414929562223307,LQ_RECOVERY_R4_STATIC_MATCH_V1
682,2025-12-05T10:48:32.000000,F2,0,0,0.8,1,0.1960663943744138,LQ_RECOVERY_R4_STATIC_MATCH_V1
690,2025-11-11T15:12:41.000000,F2,0,0.6040904781254233,0,1,0.18419966590093625,LQ_RECOVERY_R4_STATIC_MATCH_V1
695,2025-12-05T07:51:43.000000,F2,0,0,0,0.9090909090909091,0.22101207908479067,LQ_RECOVERY_R4_STATIC_MATCH_V1
699,2025-12-21T14:52:10.000000,F2,0,0.8321071991592222,0,1,0.17716455564310699,LQ_RECOVERY_R4_STATIC_MATCH_V1
702,2025-11-03T20:54:17.000000,F2,0,0,0,1,0.2038777154873779,LQ_RECOVERY_R4_STATIC_MATCH_V1
738,2025-12-22T13:51:20.000000,F2,0,0,0,1,0.2038777154873779,LQ_RECOVERY_R4_STATIC_MATCH_V1
756,2025-11-11T20:51:00.000000,F2,0,0.9872393961179008,0,1,0.17249982874811115,LQ_RECOVERY_R4_STATIC_MATCH_V1
758,2025-12-05T09:35:22.000000,F2,1,0,0,1,0.2038777154873779,LQ_RECOVERY_R4_STATIC_MATCH_V1
762,2025-11-13T14:25:44.000000,F2,1,0,0,0.9090909090909091,0.22101207908479067,LQ_RECOVERY_R4_STATIC_MATCH_V1
767,2025-11-12T15:48:35.000000,F2,0,0,0,0.9090909090909091,0.22101207908479067,LQ_RECOVERY_R4_STATIC_MATCH_V1
775,2025-11-04T16:37:44.000000,F2,0,0.19999999999999996,0,1,0.1971947221338523,LQ_RECOVERY_R4_STATIC_MATCH_V1
794,2025-12-16T09:02:00.000000,F2,0,0,0.5,0.9090909090909091,0.21580245876345464,LQ_RECOVERY_R4_STATIC_MATCH_V1
798,2025-12-10T13:49:00.000000,F2,0,0.36215666327568674,1,0.8181818181818182,0.21520175190052937,LQ_RECOVERY_R4_STATIC_MATCH_V1
799,2025-12-22T14:37:00.000000,F2,0,0,0,1,0.2038777154873779,LQ_RECOVERY_R4_STATIC_MATCH_V1
814,2025-11-15T13:09:25.000000,F2,0,0.39909090909090916,0,0.9090909090909091,0.20702290732925813,LQ_RECOVERY_R4_STATIC_MATCH_V1
815,2025-11-06T20:37:39.000000,F2,0,0,0,0.9090909090909091,0.22101207908479067,LQ_RECOVERY_R4_STATIC_MATCH_V1
818,2025-11-27T10:19:55.000000,F2,0,0.4069646569646569,0,1,0.19045439707489364,LQ_RECOVERY_R4_STATIC_MATCH_V1
840,2025-12-07T16:29:01.000000,F2,0,0.19999999999999996,0,0.9090909090909091,0.21391834799406437,LQ_RECOVERY_R4_STATIC_MATCH_V1
841,2025-11-18T14:05:05.000000,F2,0,0.36453788179293933,0,1,0.19182162859087767,LQ_RECOVERY_R4_STATIC_MATCH_V1
848,2025-12-19T08:53:43.000000,F2,0,0,0,0.9090909090909091,0.22101207908479067,LQ_RECOVERY_R4_STATIC_MATCH_V1
849,2025-12-16T20:32:54.000000,F2,0,0,0,0.9090909090909091,0.22101207908479067,LQ_RECOVERY_R4_STATIC_MATCH_V1
853,2025-11-28T18:33:37.000000,F2,0,0.19999999999999996,1,1,0.18771000576857935,LQ_RECOVERY_R4_STATIC_MATCH_V1
862,2025-12-11T11:50:24.000000,F2,0,0,0,1,0.2038777154873779,LQ_RECOVERY_R4_STATIC_MATCH_V1
865,2025-11-02T16:22:05.000000,F2,0,0,1,0.9090909090909091,0.21068242591120961,LQ_RECOVERY_R4_STATIC_MATCH_V1
873,2025-12-15T08:42:15.000000,F2,1,0,0,1,0.2038777154873779,LQ_RECOVERY_R4_STATIC_MATCH_V1
880,2025-11-25T07:41:36.000000,F2,0,0,1,1,0.19414929562223307,LQ_RECOVERY_R4_STATIC_MATCH_V1
884,2025-12-10T15:57:02.000000,F2,0,0.20000000000000007,1,1,0.18771000576857935,LQ_RECOVERY_R4_STATIC_MATCH_V1
888,2025-11-21T17:09:02.000000,F2,1,0.14299516908212573,0.5,1,0.1942609263102279,LQ_RECOVERY_R4_STATIC_MATCH_V1
906,2025-11-14T20:31:00.000000,F2,0,0,0,0.9090909090909091,0.22101207908479067,LQ_RECOVERY_R4_STATIC_MATCH_V1
907,2025-12-02T17:30:04.000000,F2,1,0.19999999999999996,0,1,0.1971947221338523,LQ_RECOVERY_R4_STATIC_MATCH_V1
913,2025-11-10T14:58:00.000000,F2,0,0.2785825718743036,0,1,0.19461450996819016,LQ_RECOVERY_R4_STATIC_MATCH_V1
918,2025-11-19T10:01:37.000000,F2,0,0,0,0.9090909090909091,0.22101207908479067,LQ_RECOVERY_R4_STATIC_MATCH_V1
935,2025-12-21T10:19:07.000000,F2,1,0.20188425302826385,0,1,0.19713255295391702,LQ_RECOVERY_R4_STATIC_MATCH_V1
949,2025-11-10T11:11:57.000000,F2,0,0.5219155844155845,0,1,0.18678751424637924,LQ_RECOVERY_R4_STATIC_MATCH_V1
958,2025-12-11T07:56:51.000000,F2,1,0.20000000000000007,0,1,0.1971947221338523,LQ_RECOVERY_R4_STATIC_MATCH_V1
967,2025-11-05T13:31:00.000000,F2,0,0.19999999999999996,0,0.9090909090909091,0.21391834799406437,LQ_RECOVERY_R4_STATIC_MATCH_V1
980,2025-11-15T10:54:28.000000,F2,0,0,0.5,1,0.1989688202214371,LQ_RECOVERY_R4_STATIC_MATCH_V1
983,2025-11-19T08:47:31.000000,F2,0,0.649964209019327,0,1,0.1827671280822281,LQ_RECOVERY_R4_STATIC_MATCH_V1
984,2025-12-24T13:47:12.000000,F2,0,0,0.5,1,0.1989688202214371,LQ_RECOVERY_R4_STATIC_MATCH_V1
995,2025-11-08T19:44:24.000000,F2,0,0.5778349043130534,0,0.9090909090909091,0.2009732888877217,LQ_RECOVERY_R4_STATIC_MATCH_V1
1021,2025-12-01T09:49:23.000000,F2,0,0,0,0.9090909090909091,0.22101207908479067,LQ_RECOVERY_R4_STATIC_MATCH_V1
1025,2025-11-28T12:26:54.000000,F2,0,0,0,0.8181818181818182,0.23915387755316853,LQ_RECOVERY_R4_STATIC_MATCH_V1
1027,2025-12-01T12:01:07.000000,F2,0,0.20000000000000007,0,0.9090909090909091,0.21391834799406437,LQ_RECOVERY_R4_STATIC_MATCH_V1
1033,2025-11-06T19:32:08.000000,F2,1,0.19999999999999996,1,1,0.18771000576857935,LQ_RECOVERY_R4_STATIC_MATCH_V1
1038,2025-12-20T09:50:29.000000,F2,0,0,0,1,0.2038777154873779,LQ_RECOVERY_R4_STATIC_MATCH_V1
1039,2025-11-19T14:56:32.000000,F2,0,0,0.5,1,0.1989688202214371,LQ_RECOVERY_R4_STATIC_MATCH_V1
1043,2025-11-14T07:37:51.000000,F2,0,0.17990654205607493,0,0.9090909090909091,0.21462348334164413,LQ_RECOVERY_R4_STATIC_MATCH_V1
1044,2025-11-03T07:17:45.000000,F2,1,0.3877551020408163,0,1,0.19107251269811107,LQ_RECOVERY_R4_STATIC_MATCH_V1
1045,2025-11-29T08:22:19.000000,F2,0,0.19999999999999996,0,0.9090909090909091,0.21391834799406437,LQ_RECOVERY_R4_STATIC_MATCH_V1
1055,2025-12-04T17:47:11.000000,F2,0,0.20000000000000007,1,0.9090909090909091,0.20383348737224266,LQ_RECOVERY_R4_STATIC_MATCH_V1
1065,2025-12-22T10:51:32.000000,F2,0,0.2635330578512397,0,1,0.1951066621810803,LQ_RECOVERY_R4_STATIC_MATCH_V1
1072,2025-12-09T18:34:48.000000,F2,0,0.7107811491284699,0,0.9090909090909091,0.1965601633121235,LQ_RECOVERY_R4_STATIC_MATCH_V1
1074,2025-12-21T16:06:45.000000,F2,0,0.8315075639019301,0.5,0.9090909090909091,0.18791468539199155,LQ_RECOVERY_R4_STATIC_MATCH_V1
1076,2025-12-26T14:02:37.000000,F2,0,0.37031927473393766,0,1,0.19163487969693987,LQ_RECOVERY_R4_STATIC_MATCH_V1
1082,2025-12-17T08:36:05.000000,F2,1,0.20584776985184605,0,1,0.19700182866559102,LQ_RECOVERY_R4_STATIC_MATCH_V1
1099,2025-11-17T20:01:48.000000,F2,0,0.3412698412698413,0.5,1,0.1878736618349579,LQ_RECOVERY_R4_STATIC_MATCH_V1
1101,2025-12-09T14:19:39.000000,F2,0,0.19999999999999996,0,1,0.1971947221338523,LQ_RECOVERY_R4_STATIC_MATCH_V1
1109,2025-11-23T07:14:37.000000,F2,0,0,0,1,0.2038777154873779,LQ_RECOVERY_R4_STATIC_MATCH_V1
1118,2025-12-20T15:37:55.000000,F2,0,0,0.5,1,0.1989688202214371,LQ_RECOVERY_R4_STATIC_MATCH_V1
1131,2025-11-04T15:36:00.000000,F2,0,0,0,1,0.2038777154873779,LQ_RECOVERY_R4_STATIC_MATCH_V1
1146,2025-11-04T20:28:15.000000,F2,0,0.19999999999999996,1,1,0.18771000576857935,LQ_RECOVERY_R4_STATIC_MATCH_V1
1151,2025-12-02T07:08:31.000000,F2,1,0,0,1,0.2038777154873779,LQ_RECOVERY_R4_STATIC_MATCH_V1
1152,2025-11-21T13:44:00.000000,F2,0,0,0,1,0.2038777154873779,LQ_RECOVERY_R4_STATIC_MATCH_V1
1164,2025-11-07T18:55:41.000000,F2,0,0,0,1,0.2038777154873779,LQ_RECOVERY_R4_STATIC_MATCH_V1
1181,2025-12-28T07:34:11.000000,F2,1,0,0,1,0.2038777154873779,LQ_RECOVERY_R4_STATIC_MATCH_V1
1198,2025-11-13T17:53:58.000000,F2,0,0,1,0.9090909090909091,0.21068242591120961,LQ_RECOVERY_R4_STATIC_MATCH_V1
1213,2025-11-16T13:20:49.000000,F2,0,0,0,0.9090909090909091,0.22101207908479067,LQ_RECOVERY_R4_STATIC_MATCH_V1
1214,2025-12-05T16:17:13.000000,F2,1,0.7694595564058111,0,0.9090909090909091,0.19463576479799452,LQ_RECOVERY_R4_STATIC_MATCH_V1
1215,2025-12-12T13:55:10.000000,F2,1,0.8414634146341464,1,1,0.1681681277547765,LQ_RECOVERY_R4_STATIC_MATCH_V1
1218,2025-12-23T11:00:40.000000,F2,1,0.5795805058605799,0,1,0.18496861554983807,LQ_RECOVERY_R4_STATIC_MATCH_V1
1232,2025-11-22T19:54:43.000000,F2,0,0,0,0.9090909090909091,0.22101207908479067,LQ_RECOVERY_R4_STATIC_MATCH_V1
1266,2025-12-18T10:26:31.000000,F2,0,0.19999999999999996,0,1,0.1971947221338523,LQ_RECOVERY_R4_STATIC_MATCH_V1
1269,2025-11-15T18:50:40.000000,F2,0,0.19999999999999996,0,1,0.1971947221338523,LQ_RECOVERY_R4_STATIC_MATCH_V1
1273,2025-11-20T11:10:47.000000,F2,0,0,0,1,0.2038777154873779,LQ_RECOVERY_R4_STATIC_MATCH_V1
1277,2025-11-11T07:35:49.000000,F2,1,0.97175815433572,0,1,0.1729609375920351,LQ_RECOVERY_R4_STATIC_MATCH_V1
1289,2025-12-11T13:41:28.000000,F2,0,0,0,1,0.2038777154873779,LQ_RECOVERY_R4_STATIC_MATCH_V1
1302,2025-12-20T13:37:30.000000,F2,0,0.2589200761179826,0,1,0.19525770550522825,LQ_RECOVERY_R4_STATIC_MATCH_V1
1308,2025-12-13T17:00:22.000000,F2,0,0.28923145170234,0,1,0.19426683730702943,LQ_RECOVERY_R4_STATIC_MATCH_V1
1323,2025-11-04T11:54:57.000000,F2,0,0.19999999999999996,0,1,0.1971947221338523,LQ_RECOVERY_R4_STATIC_MATCH_V1
1339,2025-11-13T09:14:05.000000,F2,0,0.2874291430476825,0,0.9090909090909091,0.21086986542115338,LQ_RECOVERY_R4_STATIC_MATCH_V1
1341,2025-11-04T09:32:04.000000,F2,0,0.2459509486348913,1,1,0.18625396119245322,LQ_RECOVERY_R4_STATIC_MATCH_V1
1343,2025-11-29T12:54:51.000000,F2,1,0.41681525168015354,1,0.8181818181818182,0.2132838219770471,LQ_RECOVERY_R4_STATIC_MATCH_V1
1346,2025-12-26T07:32:29.000000,F2,0,0.7063621533442088,0.5,1,0.17653727973326683,LQ_RECOVERY_R4_STATIC_MATCH_V1
1359,2025-12-03T18:17:53.000000,F2,0,0.3079251513483764,0.5,1,0.1889364327749681,LQ_RECOVERY_R4_STATIC_MATCH_V1
1367,2025-12-11T15:03:42.000000,F2,0,0.8535262206148283,1,0.9090909090909091,0.18261557637275616,LQ_RECOVERY_R4_STATIC_MATCH_V1
1374,2025-12-24T09:53:51.000000,F2,0,0.4569732937685459,0,1,0.1888524195392171,LQ_RECOVERY_R4_STATIC_MATCH_V1
1376,2025-11-22T18:26:26.000000,F2,0,0.4602033225886437,1,0.9090909090909091,0.19517286945920453,LQ_RECOVERY_R4_STATIC_MATCH_V1
1384,2025-11-07T08:24:07.000000,F2,1,0,0,1,0.2038777154873779,LQ_RECOVERY_R4_STATIC_MATCH_V1
1392,2025-12-29T07:59:29.000000,F2,0,0.19999999999999996,0,1,0.1971947221338523,LQ_RECOVERY_R4_STATIC_MATCH_V1
1401,2025-11-15T11:25:00.000000,F2,0,0,0,1,0.2038777154873779,LQ_RECOVERY_R4_STATIC_MATCH_V1
1410,2025-11-14T17:19:39.000000,F2,0,0.20000000000000007,0,0.7272727272727273,0.25038541242938,LQ_RECOVERY_R4_STATIC_MATCH_V1
1411,2025-11-18T19:11:42.000000,F2,0,0,0,1,0.2038777154873779,LQ_RECOVERY_R4_STATIC_MATCH_V1
1412,2025-12-10T15:24:57.000000,F2,0,0.8281990521327014,0,0.9090909090909091,0.19272370640329217,LQ_RECOVERY_R4_STATIC_MATCH_V1
1425,2025-11-05T17:05:58.000000,F2,0,0.3384030418250952,0,1,0.1926675603785489,LQ_RECOVERY_R4_STATIC_MATCH_V1
1436,2025-11-07T20:02:04.000000,F2,0,0,0,1,0.2038777154873779,LQ_RECOVERY_R4_STATIC_MATCH_V1
1437,2025-12-10T17:37:09.000000,F2,0,0.27296206618240515,0,1,0.19479820263936365,LQ_RECOVERY_R4_STATIC_MATCH_V1
1444,2025-12-27T11:46:17.000000,F2,0,0,1,0.8181818181818182,0.22822473119368286,LQ_RECOVERY_R4_STATIC_MATCH_V1
1445,2025-11-13T11:13:21.000000,F2,0,0,0,0.9090909090909091,0.22101207908479067,LQ_RECOVERY_R4_STATIC_MATCH_V1
1447,2025-12-05T19:12:22.000000,F2,0,0.19999999999999996,0,0.8181818181818182,0.231651014829948,LQ_RECOVERY_R4_STATIC_MATCH_V1
1448,2025-12-04T08:49:11.000000,F2,1,0,0,0.9090909090909091,0.22101207908479067,LQ_RECOVERY_R4_STATIC_MATCH_V1
1454,2025-11-04T15:34:19.000000,F2,0,0,0,0.9090909090909091,0.22101207908479067,LQ_RECOVERY_R4_STATIC_MATCH_V1
1459,2025-11-26T15:50:23.000000,F2,0,0.19999999999999996,0.5,1,0.19240784849652826,LQ_RECOVERY_R4_STATIC_MATCH_V1
1460,2025-12-11T19:24:06.000000,F2,0,0.2310885608856088,0.8,0.9090909090909091,0.20476457257907382,LQ_RECOVERY_R4_STATIC_MATCH_V1
1464,2025-11-21T09:54:42.000000,F2,1,0,0,0.9090909090909091,0.22101207908479067,LQ_RECOVERY_R4_STATIC_MATCH_V1
1471,2025-12-16T08:47:55.000000,F2,0,0,0,0.9090909090909091,0.22101207908479067,LQ_RECOVERY_R4_STATIC_MATCH_V1
1480,2025-11-29T20:15:12.000000,F2,0,0.19999999999999996,1,1,0.18771000576857935,LQ_RECOVERY_R4_STATIC_MATCH_V1
1491,2025-11-04T13:17:00.000000,F2,0,0.24105135742694106,0,1,0.1958436185928348,LQ_RECOVERY_R4_STATIC_MATCH_V1
1494,2025-12-21T15:30:01.000000,F2,0,0.19999999999999996,0,1,0.1971947221338523,LQ_RECOVERY_R4_STATIC_MATCH_V1
1516,2025-11-19T12:20:05.000000,F2,0,0.29550827423167847,0.5,1,0.1893333633879011,LQ_RECOVERY_R4_STATIC_MATCH_V1
1523,2025-12-24T18:30:40.000000,F2,0,0,1,1,0.19414929562223307,LQ_RECOVERY_R4_STATIC_MATCH_V1
1525,2025-11-18T14:36:00.000000,F2,1,0.8905660377358491,0,1,0.1753952142286448,LQ_RECOVERY_R4_STATIC_MATCH_V1
1528,2025-11-09T15:09:56.000000,F2,1,0,0,1,0.2038777154873779,LQ_RECOVERY_R4_STATIC_MATCH_V1
1539,2025-11-06T09:34:39.000000,F2,0,0.38036989920735875,0,1,0.1913105575496607,LQ_RECOVERY_R4_STATIC_MATCH_V1
1547,2025-11-14T07:19:03.000000,F2,0,0.2365689865689865,0,1,0.19599080346958458,LQ_RECOVERY_R4_STATIC_MATCH_V1
1563,2025-11-08T07:00:54.000000,F2,1,0.49694405265632347,0,1,0.18757944416489938,LQ_RECOVERY_R4_STATIC_MATCH_V1
1564,2025-12-19T17:08:14.000000,F2,0,0.19999999999999996,0,1,0.1971947221338523,LQ_RECOVERY_R4_STATIC_MATCH_V1
1571,2025-12-24T12:00:00.000000,F2,0,0,0,1,0.2038777154873779,LQ_RECOVERY_R4_STATIC_MATCH_V1
1576,2025-11-05T16:56:59.000000,F2,0,0.3341759352881699,1,1,0.1834828282510874,LQ_RECOVERY_R4_STATIC_MATCH_V1
1591,2025-12-28T14:42:23.000000,F2,0,0,0,0.9090909090909091,0.22101207908479067,LQ_RECOVERY_R4_STATIC_MATCH_V1
1605,2025-12-21T10:13:12.000000,F2,0,0.19999999999999996,0,1,0.1971947221338523,LQ_RECOVERY_R4_STATIC_MATCH_V1
1607,2025-12-06T08:50:27.000000,F2,1,0,0,1,0.2038777154873779,LQ_RECOVERY_R4_STATIC_MATCH_V1
1637,2025-12-23T10:17:41.000000,F2,1,0,0,0.9090909090909091,0.22101207908479067,LQ_RECOVERY_R4_STATIC_MATCH_V1
1663,2025-12-02T20:29:47.000000,F2,0,0.19999999999999996,0,1,0.1971947221338523,LQ_RECOVERY_R4_STATIC_MATCH_V1
1680,2025-12-28T08:53:39.000000,F2,0,0.2559456398640997,0,1,0.1953551447223879,LQ_RECOVERY_R4_STATIC_MATCH_V1
1682,2025-12-15T20:27:58.000000,F2,0,0.20000000000000007,0,1,0.1971947221338523,LQ_RECOVERY_R4_STATIC_MATCH_V1
1695,2025-11-25T14:13:12.000000,F2,0,0.1729113334884802,0,1,0.19809012238390641,LQ_RECOVERY_R4_STATIC_MATCH_V1
1700,2025-12-11T09:38:24.000000,F2,0,0.2893383613301337,0.5,1,0.189530834711502,LQ_RECOVERY_R4_STATIC_MATCH_V1
1708,2025-11-02T07:45:52.000000,F2,1,0.4885659838018104,0,0.9090909090909091,0.20397792978701904,LQ_RECOVERY_R4_STATIC_MATCH_V1
1718,2025-11-01T14:03:18.000000,F2,0,0,0,1,0.2038777154873779,LQ_RECOVERY_R4_STATIC_MATCH_V1
1728,2025-11-13T19:24:05.000000,F2,0,0,1,0.9090909090909091,0.21068242591120961,LQ_RECOVERY_R4_STATIC_MATCH_V1
1736,2025-12-06T12:44:15.000000,F2,0,0,0,0.9090909090909091,0.22101207908479067,LQ_RECOVERY_R4_STATIC_MATCH_V1
1743,2025-11-01T18:50:37.000000,F2,0,0,0.5,1,0.1989688202214371,LQ_RECOVERY_R4_STATIC_MATCH_V1
1762,2025-11-23T15:03:51.000000,F2,0,0.24630541871921185,1,1,0.18624276304995818,LQ_RECOVERY_R4_STATIC_MATCH_V1
1764,2025-12-28T08:53:09.000000,F2,1,0,0,0.9090909090909091,0.22101207908479067,LQ_RECOVERY_R4_STATIC_MATCH_V1
1771,2025-11-04T19:49:44.000000,F2,0,0,0.5,0.9090909090909091,0.21580245876345464,LQ_RECOVERY_R4_STATIC_MATCH_V1
1777,2025-12-13T07:34:03.000000,F2,0,0.19999999999999996,0,0.9090909090909091,0.21391834799406437,LQ_RECOVERY_R4_STATIC_MATCH_V1
1778,2025-12-29T18:10:42.000000,F2,0,0.19999999999999996,0,1,0.1971947221338523,LQ_RECOVERY_R4_STATIC_MATCH_V1
1794,2025-11-27T08:56:44.000000,F2,0,0,0,1,0.2038777154873779,LQ_RECOVERY_R4_STATIC_MATCH_V1
1806,2025-11-20T11:34:11.000000,F2,0,0,0,1,0.2038777154873779,LQ_RECOVERY_R4_STATIC_MATCH_V1
1812,2025-11-04T11:12:19.000000,F2,0,0,0,0.8181818181818182,0.23915387755316853,LQ_RECOVERY_R4_STATIC_MATCH_V1
1822,2025-12-20T14:18:15.000000,F2,1,0,0,0.8181818181818182,0.23915387755316853,LQ_RECOVERY_R4_STATIC_MATCH_V1
1838,2025-11-22T11:16:45.000000,F2,0,0.6006809338521402,0,0.9090909090909091,0.20020967533105294,LQ_RECOVERY_R4_STATIC_MATCH_V1
1841,2025-12-24T11:53:18.000000,F2,0,0.211864406779661,0,1,0.1968035136368108,LQ_RECOVERY_R4_STATIC_MATCH_V1
1842,2025-11-03T07:10:52.000000,F2,0,0,0.5,1,0.1989688202214371,LQ_RECOVERY_R4_STATIC_MATCH_V1
1844,2025-11-29T15:17:00.000000,F2,0,0.5253397955958277,0,1,0.18667912220663807,LQ_RECOVERY_R4_STATIC_MATCH_V1
1860,2025-11-27T16:10:29.000000,F2,1,0,0,0.9090909090909091,0.22101207908479067,LQ_RECOVERY_R4_STATIC_MATCH_V1
1874,2025-11-01T20:49:00.000000,F2,0,0,0,1,0.2038777154873779,LQ_RECOVERY_R4_STATIC_MATCH_V1
1878,2025-11-11T10:07:27.000000,F2,0,0.19999999999999996,0,0.9090909090909091,0.21391834799406437,LQ_RECOVERY_R4_STATIC_MATCH_V1
1917,2025-12-05T13:54:30.000000,F2,0,0,0,1,0.2038777154873779,LQ_RECOVERY_R4_STATIC_MATCH_V1
1923,2025-11-24T19:56:12.000000,F2,0,0.19999999999999996,1,1,0.18771000576857935,LQ_RECOVERY_R4_STATIC_MATCH_V1
1924,2025-12-23T16:32:30.000000,F2,0,0.7820380854348944,0.5,0.8181818181818182,0.2057311695256505,LQ_RECOVERY_R4_STATIC_MATCH_V1
1927,2025-12-16T16:36:09.000000,F2,0,0.40024479804161583,1,1,0.18142862278805333,LQ_RECOVERY_R4_STATIC_MATCH_V1
1928,2025-11-10T08:36:57.000000,F2,0,0.7003460207612455,0,0.9090909090909091,0.19690389161044866,LQ_RECOVERY_R4_STATIC_MATCH_V1
1942,2025-12-10T11:49:05.000000,F2,0,0.3815222286559866,0,1,0.1912733999857785,LQ_RECOVERY_R4_STATIC_MATCH_V1
1948,2025-11-13T16:35:04.000000,F2,0,0.19999999999999996,0,1,0.1971947221338523,LQ_RECOVERY_R4_STATIC_MATCH_V1
1958,2025-12-12T07:39:34.000000,F2,0,0.5705165409170052,0.5,0.9090909090909091,0.1963577038659899,LQ_RECOVERY_R4_STATIC_MATCH_V1
1961,2025-11-23T15:11:41.000000,F2,0,0,0,1,0.2038777154873779,LQ_RECOVERY_R4_STATIC_MATCH_V1
1970,2025-12-14T17:10:23.000000,F2,0,0.4130052724077329,0,0.9090909090909091,0.20654718310320688,LQ_RECOVERY_R4_STATIC_MATCH_V1
1983,2025-12-10T15:01:00.000000,F2,0,0.5925644916540214,0,0.9090909090909091,0.20048071271074336,LQ_RECOVERY_R4_STATIC_MATCH_V1
1989,2025-12-22T13:22:51.000000,F2,0,0.19999999999999996,0,0.9090909090909091,0.21391834799406437,LQ_RECOVERY_R4_STATIC_MATCH_V1
1992,2025-12-28T17:25:33.000000,F2,0,0,0,1,0.2038777154873779,LQ_RECOVERY_R4_STATIC_MATCH_V1
1996,2025-12-11T09:12:52.000000,F2,0,0,0,1,0.2038777154873779,LQ_RECOVERY_R4_STATIC_MATCH_V1
2003,2025-11-01T20:20:36.000000,F2,0,0,0,1,0.2038777154873779,LQ_RECOVERY_R4_STATIC_MATCH_V1
2006,2025-12-13T20:46:59.000000,F2,0,0.8138686131386862,0,1,0.17771943156185782,LQ_RECOVERY_R4_STATIC_MATCH_V1
2014,2025-11-24T10:49:49.000000,F2,0,0.2404384328358209,0,0.9090909090909091,0.21250436716958185,LQ_RECOVERY_R4_STATIC_MATCH_V1
2022,2025-12-28T07:52:03.000000,F2,0,0,0,1,0.2038777154873779,LQ_RECOVERY_R4_STATIC_MATCH_V1
2025,2025-12-22T09:51:00.000000,F2,0,0,0,1,0.2038777154873779,LQ_RECOVERY_R4_STATIC_MATCH_V1
2029,2025-12-10T14:22:47.000000,F2,0,0,0,1,0.2038777154873779,LQ_RECOVERY_R4_STATIC_MATCH_V1
2030,2025-12-28T15:16:04.000000,F2,0,0.357984559122308,0,1,0.19203347992652467,LQ_RECOVERY_R4_STATIC_MATCH_V1
2036,2025-12-03T15:40:29.000000,F2,0,0.775902901124926,0,0.9090909090909091,0.19442532383843086,LQ_RECOVERY_R4_STATIC_MATCH_V1
2095,2025-11-20T15:42:10.000000,F2,1,0.20000000000000007,0.5,1,0.19240784849652826,LQ_RECOVERY_R4_STATIC_MATCH_V1
2111,2025-12-28T15:05:38.000000,F2,0,0,0.8,1,0.1960663943744138,LQ_RECOVERY_R4_STATIC_MATCH_V1
2153,2025-11-09T17:15:55.000000,F2,0,0,1,1,0.19414929562223307,LQ_RECOVERY_R4_STATIC_MATCH_V1
2170,2025-11-02T14:05:44.000000,F2,0,0,0.5,1,0.1989688202214371,LQ_RECOVERY_R4_STATIC_MATCH_V1
2176,2025-11-01T19:00:12.000000,F2,0,0,1,0.9090909090909091,0.21068242591120961,LQ_RECOVERY_R4_STATIC_MATCH_V1
2186,2025-12-06T08:17:10.000000,F2,0,0.39653414882772686,0,0.8181818181818182,0.22443986440524574,LQ_RECOVERY_R4_STATIC_MATCH_V1
2188,2025-12-10T20:08:00.000000,F2,0,0,0,1,0.2038777154873779,LQ_RECOVERY_R4_STATIC_MATCH_V1
2194,2025-11-12T14:12:10.000000,F2,0,0.9801980198019803,0,0.9090909090909091,0.18784239514833237,LQ_RECOVERY_R4_STATIC_MATCH_V1
2195,2025-12-23T08:06:56.000000,F2,0,0,0,1,0.2038777154873779,LQ_RECOVERY_R4_STATIC_MATCH_V1
2199,2025-12-09T15:16:13.000000,F2,0,0,0.8,1,0.1960663943744138,LQ_RECOVERY_R4_STATIC_MATCH_V1
2205,2025-12-21T18:14:02.000000,F2,1,0,0,1,0.2038777154873779,LQ_RECOVERY_R4_STATIC_MATCH_V1
2211,2025-12-04T18:23:00.000000,F2,0,0.2424472734182026,0,0.9090909090909091,0.21243430376032524,LQ_RECOVERY_R4_STATIC_MATCH_V1
2213,2025-11-05T08:26:23.000000,F2,0,0.7885282710757298,0,1,0.17849262540020494,LQ_RECOVERY_R4_STATIC_MATCH_V1
2222,2025-12-04T12:07:00.000000,F2,0,0.19999999999999996,0,1,0.1971947221338523,LQ_RECOVERY_R4_STATIC_MATCH_V1
2225,2025-12-05T09:52:00.000000,F2,0,0.5806531420089065,0,0.9090909090909091,0.20087897339739527,LQ_RECOVERY_R4_STATIC_MATCH_V1
2230,2025-11-11T14:05:13.000000,F2,1,0.20000000000000007,0,1,0.1971947221338523,LQ_RECOVERY_R4_STATIC_MATCH_V1
2232,2025-12-04T13:11:39.000000,F2,0,0,0,0.8181818181818182,0.23915387755316853,LQ_RECOVERY_R4_STATIC_MATCH_V1
2245,2025-12-23T14:03:16.000000,F2,0,0.2627018511224892,0,1,0.19513387192700016,LQ_RECOVERY_R4_STATIC_MATCH_V1
2249,2025-12-16T11:26:16.000000,F2,0,0.975743162901308,0,1,0.17284215100884862,LQ_RECOVERY_R4_STATIC_MATCH_V1
2250,2025-11-03T16:42:10.000000,F2,0,0,0,1,0.2038777154873779,LQ_RECOVERY_R4_STATIC_MATCH_V1
2257,2025-11-27T08:11:17.000000,F2,0,0.549560853199498,0,0.9090909090909091,0.20192134602703937,LQ_RECOVERY_R4_STATIC_MATCH_V1
2259,2025-12-04T14:53:57.000000,F2,0,0.2892912717498939,0,1,0.19426488558901717,LQ_RECOVERY_R4_STATIC_MATCH_V1
2264,2025-11-21T12:03:32.000000,F2,0,0.19999999999999996,1,1,0.18771000576857935,LQ_RECOVERY_R4_STATIC_MATCH_V1
2290,2025-11-02T20:57:18.000000,F2,0,0.19999999999999996,0,0.8181818181818182,0.231651014829948,LQ_RECOVERY_R4_STATIC_MATCH_V1
2309,2025-11-05T10:41:18.000000,F2,0,0,0,0.9090909090909091,0.22101207908479067,LQ_RECOVERY_R4_STATIC_MATCH_V1
2311,2025-11-04T14:54:13.000000,F2,0,0.19999999999999996,0,0.8181818181818182,0.231651014829948,LQ_RECOVERY_R4_STATIC_MATCH_V1
2312,2025-11-11T09:12:34.000000,F2,0,0,0,1,0.2038777154873779,LQ_RECOVERY_R4_STATIC_MATCH_V1
2325,2025-12-12T20:14:50.000000,F2,0,0,0,1,0.2038777154873779,LQ_RECOVERY_R4_STATIC_MATCH_V1
2339,2025-11-14T08:55:33.000000,F2,1,0.20000000000000007,0,1,0.1971947221338523,LQ_RECOVERY_R4_STATIC_MATCH_V1
2341,2025-11-26T18:00:00.000000,F2,1,0.8086253369272237,0,1,0.17787920062746893,LQ_RECOVERY_R4_STATIC_MATCH_V1
2345,2025-11-01T07:39:15.000000,F2,0,0,0,0.9090909090909091,0.22101207908479067,LQ_RECOVERY_R4_STATIC_MATCH_V1
2356,2025-11-09T09:38:00.000000,F2,0,0,0,1,0.2038777154873779,LQ_RECOVERY_R4_STATIC_MATCH_V1
2357,2025-12-16T10:32:34.000000,F2,0,0.19999999999999996,0,1,0.1971947221338523,LQ_RECOVERY_R4_STATIC_MATCH_V1
2361,2025-12-18T18:33:34.000000,F2,1,0.30366985443067773,0,1,0.19379619455259603,LQ_RECOVERY_R4_STATIC_MATCH_V1
2367,2025-11-11T20:08:38.000000,F2,0,0,1,0.8181818181818182,0.22822473119368286,LQ_RECOVERY_R4_STATIC_MATCH_V1
2373,2025-11-10T09:36:14.000000,F2,0,0,0,1,0.2038777154873779,LQ_RECOVERY_R4_STATIC_MATCH_V1
2410,2025-11-03T07:47:15.000000,F2,0,0,1,1,0.19414929562223307,LQ_RECOVERY_R4_STATIC_MATCH_V1
2413,2025-11-06T15:30:48.000000,F2,0,0,0,1,0.2038777154873779,LQ_RECOVERY_R4_STATIC_MATCH_V1
2414,2025-11-11T14:46:20.000000,F2,0,0,0,1,0.2038777154873779,LQ_RECOVERY_R4_STATIC_MATCH_V1
2416,2025-12-05T17:27:26.000000,F2,0,0,0,0.9090909090909091,0.22101207908479067,LQ_RECOVERY_R4_STATIC_MATCH_V1
2428,2025-12-06T11:15:00.000000,F2,1,0,0,0.9090909090909091,0.22101207908479067,LQ_RECOVERY_R4_STATIC_MATCH_V1
2434,2025-11-24T10:47:12.000000,F2,0,0.20000000000000007,0.5,1,0.19240784849652826,LQ_RECOVERY_R4_STATIC_MATCH_V1
2436,2025-11-28T13:21:07.000000,F2,0,0.236158488585673,0,1,0.1960042869217148,LQ_RECOVERY_R4_STATIC_MATCH_V1
2442,2025-12-23T15:24:54.000000,F2,0,0,0,1,0.2038777154873779,LQ_RECOVERY_R4_STATIC_MATCH_V1
2444,2025-12-24T13:20:00.000000,F2,1,0.9933774834437086,0,1,0.17231727536291488,LQ_RECOVERY_R4_STATIC_MATCH_V1
2448,2025-11-21T14:59:46.000000,F2,1,0.20000000000000007,0.5,1,0.19240784849652826,LQ_RECOVERY_R4_STATIC_MATCH_V1
2449,2025-12-13T10:42:55.000000,F2,0,0.11483253588516729,0,1,0.2000201919198384,LQ_RECOVERY_R4_STATIC_MATCH_V1
2451,2025-12-24T12:35:00.000000,F2,0,0.8386243386243386,0,1,0.17696661342936912,LQ_RECOVERY_R4_STATIC_MATCH_V1
2452,2025-11-30T11:41:27.000000,F2,0,0.19999999999999996,0,1,0.1971947221338523,LQ_RECOVERY_R4_STATIC_MATCH_V1
2464,2025-11-20T18:39:36.000000,F2,0,0,0.5,0.9090909090909091,0.21580245876345464,LQ_RECOVERY_R4_STATIC_MATCH_V1
2470,2025-12-13T17:15:55.000000,F2,1,0,0,1,0.2038777154873779,LQ_RECOVERY_R4_STATIC_MATCH_V1
2485,2025-11-23T10:58:39.000000,F2,1,0,0,1,0.2038777154873779,LQ_RECOVERY_R4_STATIC_MATCH_V1
2486,2025-12-05T19:34:51.000000,F2,0,0,1,0.8181818181818182,0.22822473119368286,LQ_RECOVERY_R4_STATIC_MATCH_V1
2491,2025-11-25T14:25:45.000000,F2,0,0.19999999999999996,0,1,0.1971947221338523,LQ_RECOVERY_R4_STATIC_MATCH_V1
2493,2025-12-10T17:11:30.000000,F2,0,0.25668043496586024,0,1,0.19533107022976015,LQ_RECOVERY_R4_STATIC_MATCH_V1
2501,2025-11-01T10:13:23.000000,F2,0,0,0,1,0.2038777154873779,LQ_RECOVERY_R4_STATIC_MATCH_V1
2505,2025-12-15T10:22:40.000000,F2,0,0.19999999999999996,0,0.9090909090909091,0.21391834799406437,LQ_RECOVERY_R4_STATIC_MATCH_V1
2534,2025-11-17T18:13:01.000000,F2,1,0,0,1,0.2038777154873779,LQ_RECOVERY_R4_STATIC_MATCH_V1
2536,2025-12-15T16:09:32.000000,F2,0,0.37285100286532946,0,1,0.1915531442242733,LQ_RECOVERY_R4_STATIC_MATCH_V1
2538,2025-11-03T19:11:19.000000,F2,1,0.743661050220841,0,1,0.1798680842384698,LQ_RECOVERY_R4_STATIC_MATCH_V1
2539,2025-11-11T18:04:16.000000,F2,0,0,0,0.9090909090909091,0.22101207908479067,LQ_RECOVERY_R4_STATIC_MATCH_V1
2540,2025-12-30T08:21:49.000000,F2,0,0.34523129640205596,1,1,0.18313784429077842,LQ_RECOVERY_R4_STATIC_MATCH_V1
2543,2025-12-24T14:34:51.000000,F2,0,0.35449135732502124,0,0.8181818181818182,0.22596896592730253,LQ_RECOVERY_R4_STATIC_MATCH_V1
2544,2025-12-05T11:10:37.000000,F2,0,0.6628727521056226,0,0.9090909090909091,0.1981419828327613,LQ_RECOVERY_R4_STATIC_MATCH_V1
2552,2025-11-06T11:59:24.000000,F2,0,0,0,0.9090909090909091,0.22101207908479067,LQ_RECOVERY_R4_STATIC_MATCH_V1
2560,2025-11-21T20:37:32.000000,F2,1,0,0,0.9090909090909091,0.22101207908479067,LQ_RECOVERY_R4_STATIC_MATCH_V1
2587,2025-11-17T17:03:12.000000,F2,0,0.19999999999999996,0,1,0.1971947221338523,LQ_RECOVERY_R4_STATIC_MATCH_V1
2590,2025-12-20T10:39:36.000000,F2,0,0,0,1,0.2038777154873779,LQ_RECOVERY_R4_STATIC_MATCH_V1
2603,2025-11-12T15:28:52.000000,F2,0,0,0,1,0.2038777154873779,LQ_RECOVERY_R4_STATIC_MATCH_V1
2611,2025-12-24T14:59:39.000000,F2,0,0.5387055837563453,0,1,0.18625649729277838,LQ_RECOVERY_R4_STATIC_MATCH_V1
2633,2025-12-02T14:32:10.000000,F2,0,0.9793001478560867,0,0.9090909090909091,0.1878709484128946,LQ_RECOVERY_R4_STATIC_MATCH_V1
2634,2025-12-08T09:47:23.000000,F2,1,0,0,0.9090909090909091,0.22101207908479067,LQ_RECOVERY_R4_STATIC_MATCH_V1
2635,2025-11-29T08:50:00.000000,F2,1,0.4441355573206248,0,1,0.18926267506035616,LQ_RECOVERY_R4_STATIC_MATCH_V1
2644,2025-11-20T09:33:29.000000,F2,0,0,1,0.8181818181818182,0.22822473119368286,LQ_RECOVERY_R4_STATIC_MATCH_V1
2652,2025-12-19T07:18:00.000000,F2,0,0,0,1,0.2038777154873779,LQ_RECOVERY_R4_STATIC_MATCH_V1
2656,2025-12-20T20:04:43.000000,F2,0,0.8447627573858549,0,0.9090909090909091,0.19218712456147627,LQ_RECOVERY_R4_STATIC_MATCH_V1
2660,2025-11-25T14:53:10.000000,F2,0,0,1,1,0.19414929562223307,LQ_RECOVERY_R4_STATIC_MATCH_V1
2666,2025-12-28T14:38:00.000000,F2,0,0.47283215481950114,0,1,0.18834656036175526,LQ_RECOVERY_R4_STATIC_MATCH_V1
2669,2025-12-23T13:48:33.000000,F2,0,0,0,1,0.2038777154873779,LQ_RECOVERY_R4_STATIC_MATCH_V1
2676,2025-12-05T20:42:51.000000,F2,1,0,0.5,0.9090909090909091,0.21580245876345464,LQ_RECOVERY_R4_STATIC_MATCH_V1
2682,2025-12-11T09:03:12.000000,F2,0,0.24742268041237125,0,0.9090909090909091,0.21226084646253823,LQ_RECOVERY_R4_STATIC_MATCH_V1
2683,2025-12-28T07:51:42.000000,F2,0,0,0,1,0.2038777154873779,LQ_RECOVERY_R4_STATIC_MATCH_V1
2684,2025-11-06T07:03:19.000000,F2,0,0,0,1,0.2038777154873779,LQ_RECOVERY_R4_STATIC_MATCH_V1
2691,2025-12-09T18:24:10.000000,F2,0,0,0,1,0.2038777154873779,LQ_RECOVERY_R4_STATIC_MATCH_V1
2707,2025-11-22T10:45:25.000000,F2,0,0.4336818932305999,0,0.9090909090909091,0.20584175555250792,LQ_RECOVERY_R4_STATIC_MATCH_V1
2723,2025-12-28T12:02:41.000000,F2,0,0.35219236209335214,1,0.9090909090909091,0.19873364207381986,LQ_RECOVERY_R4_STATIC_MATCH_V1
2728,2025-12-25T19:51:31.000000,F2,0,0.353858618594288,0,0.9090909090909091,0.20857496464781608,LQ_RECOVERY_R4_STATIC_MATCH_V1
2729,2025-11-30T08:31:14.000000,F2,1,0.2183886951734263,0,1,0.19658863622684736,LQ_RECOVERY_R4_STATIC_MATCH_V1
2730,2025-12-14T11:08:41.000000,F2,0,0.19999999999999996,0,1,0.1971947221338523,LQ_RECOVERY_R4_STATIC_MATCH_V1
2734,2025-11-16T19:06:53.000000,F2,0,0,1,1,0.19414929562223307,LQ_RECOVERY_R4_STATIC_MATCH_V1
2737,2025-12-27T15:41:03.000000,F2,0,0,0,0.9090909090909091,0.22101207908479067,LQ_RECOVERY_R4_STATIC_MATCH_V1
2780,2025-11-25T07:47:00.000000,F2,0,0,1,1,0.19414929562223307,LQ_RECOVERY_R4_STATIC_MATCH_V1
2787,2025-11-30T07:16:33.000000,F2,0,0.7527013968198191,0,1,0.17959027740161054,LQ_RECOVERY_R4_STATIC_MATCH_V1
2791,2025-12-23T09:08:05.000000,F2,0,0,0,1,0.2038777154873779,LQ_RECOVERY_R4_STATIC_MATCH_V1
2793,2025-12-10T07:36:34.000000,F2,1,0.5945190156599551,0,1,0.18449965581166314,LQ_RECOVERY_R4_STATIC_MATCH_V1
2798,2025-11-05T07:58:29.000000,F2,0,0,0,1,0.2038777154873779,LQ_RECOVERY_R4_STATIC_MATCH_V1
2810,2025-11-21T20:55:37.000000,F2,0,0.7190046245320414,0.8,0.9090909090909091,0.18870010344003982,LQ_RECOVERY_R4_STATIC_MATCH_V1
2817,2025-11-16T11:37:35.000000,F2,0,0,0.5,0.9090909090909091,0.21580245876345464,LQ_RECOVERY_R4_STATIC_MATCH_V1
2822,2025-11-16T15:37:46.000000,F2,0,0,0,0.9090909090909091,0.22101207908479067,LQ_RECOVERY_R4_STATIC_MATCH_V1
2842,2025-12-15T14:40:50.000000,F2,0,0,0,1,0.2038777154873779,LQ_RECOVERY_R4_STATIC_MATCH_V1
2850,2025-11-29T18:03:28.000000,F2,0,0.19999999999999996,0.8,1,0.18957847895750202,LQ_RECOVERY_R4_STATIC_MATCH_V1
2873,2025-11-26T13:21:00.000000,F2,0,0,0,0.8181818181818182,0.23915387755316853,LQ_RECOVERY_R4_STATIC_MATCH_V1
2894,2025-11-14T20:31:55.000000,F2,0,0,0,1,0.2038777154873779,LQ_RECOVERY_R4_STATIC_MATCH_V1
2897,2025-11-21T07:50:19.000000,F2,0,0,0.5,1,0.1989688202214371,LQ_RECOVERY_R4_STATIC_MATCH_V1
2901,2025-12-29T15:40:25.000000,F2,0,0.37504547108039277,0,0.9090909090909091,0.20784691467423405,LQ_RECOVERY_R4_STATIC_MATCH_V1
2906,2025-11-30T14:40:13.000000,F2,0,0,0,1,0.2038777154873779,LQ_RECOVERY_R4_STATIC_MATCH_V1
2909,2025-11-11T15:08:38.000000,F2,0,0.19999999999999996,0,1,0.1971947221338523,LQ_RECOVERY_R4_STATIC_MATCH_V1
2919,2025-11-17T12:11:55.000000,F2,0,0,1,0.9090909090909091,0.21068242591120961,LQ_RECOVERY_R4_STATIC_MATCH_V1
2932,2025-12-09T07:28:20.000000,F2,0,0.19999999999999996,0,1,0.1971947221338523,LQ_RECOVERY_R4_STATIC_MATCH_V1
2937,2025-11-25T08:05:29.000000,F2,0,0,0,1,0.2038777154873779,LQ_RECOVERY_R4_STATIC_MATCH_V1
2940,2025-12-20T09:07:37.000000,F2,0,0,0,1,0.2038777154873779,LQ_RECOVERY_R4_STATIC_MATCH_V1
2950,2025-11-14T07:42:01.000000,F2,0,0,0,1,0.2038777154873779,LQ_RECOVERY_R4_STATIC_MATCH_V1
2957,2025-12-16T17:55:48.000000,F2,0,0.11428571428571421,0,1,0.2000384306852729,LQ_RECOVERY_R4_STATIC_MATCH_V1
2980,2025-12-31T12:04:05.000000,F2,0,0,0,0.9090909090909091,0.22101207908479067,LQ_RECOVERY_R4_STATIC_MATCH_V1
2987,2025-12-04T15:57:10.000000,F2,0,0,0,1,0.2038777154873779,LQ_RECOVERY_R4_STATIC_MATCH_V1
3011,2025-11-26T17:21:36.000000,F2,0,0.5212765957446808,0,1,0.18680774654466914,LQ_RECOVERY_R4_STATIC_MATCH_V1
3052,2025-11-27T12:50:27.000000,F2,0,0.20000000000000007,0,0.9090909090909091,0.21391834799406437,LQ_RECOVERY_R4_STATIC_MATCH_V1
3064,2025-12-03T09:43:35.000000,F2,0,0,0,1,0.2038777154873779,LQ_RECOVERY_R4_STATIC_MATCH_V1
3103,2025-11-06T17:39:47.000000,F2,1,0,0,1,0.2038777154873779,LQ_RECOVERY_R4_STATIC_MATCH_V1
3111,2025-11-02T20:46:45.000000,F2,1,0.19999999999999996,0,0.9090909090909091,0.21391834799406437,LQ_RECOVERY_R4_STATIC_MATCH_V1
3121,2025-11-14T11:36:53.000000,F2,0,0.19999999999999996,0,0.9090909090909091,0.21391834799406437,LQ_RECOVERY_R4_STATIC_MATCH_V1
3124,2025-11-07T07:14:04.000000,F2,0,0.24676551824393078,0,1,0.19565610743942347,LQ_RECOVERY_R4_STATIC_MATCH_V1
3127,2025-12-24T08:37:59.000000,F2,0,0,1,1,0.19414929562223307,LQ_RECOVERY_R4_STATIC_MATCH_V1
3136,2025-12-08T19:19:29.000000,F2,0,0,0,1,0.2038777154873779,LQ_RECOVERY_R4_STATIC_MATCH_V1
3137,2025-12-21T13:00:18.000000,F2,1,0.20000000000000007,0,1,0.1971947221338523,LQ_RECOVERY_R4_STATIC_MATCH_V1
3160,2025-11-28T18:31:31.000000,F2,1,0.19999999999999996,0,0.9090909090909091,0.21391834799406437,LQ_RECOVERY_R4_STATIC_MATCH_V1
3164,2025-11-07T17:35:06.000000,F2,0,0.23352304020561776,0.5,1,0.19132440532823128,LQ_RECOVERY_R4_STATIC_MATCH_V1
3168,2025-11-24T18:28:35.000000,F2,0,0,0,1,0.2038777154873779,LQ_RECOVERY_R4_STATIC_MATCH_V1
3170,2025-12-17T15:45:46.000000,F2,1,0.20000000000000007,0,1,0.1971947221338523,LQ_RECOVERY_R4_STATIC_MATCH_V1
3180,2025-11-22T14:39:59.000000,F2,0,0.3395948434622468,1,1,0.1833136676112155,LQ_RECOVERY_R4_STATIC_MATCH_V1
3185,2025-11-26T09:14:11.000000,F2,1,0.20000000000000007,0.5,0.9090909090909091,0.20883111272429114,LQ_RECOVERY_R4_STATIC_MATCH_V1
3186,2025-12-08T20:54:09.000000,F2,0,0,0,1,0.2038777154873779,LQ_RECOVERY_R4_STATIC_MATCH_V1
3191,2025-11-24T10:23:15.000000,F2,0,0.20000000000000007,1,0.7272727272727273,0.2391042951782014,LQ_RECOVERY_R4_STATIC_MATCH_V1
3194,2025-11-21T13:56:51.000000,F2,0,0,0,1,0.2038777154873779,LQ_RECOVERY_R4_STATIC_MATCH_V1
3207,2025-12-19T13:31:42.000000,F2,0,0.19999999999999996,0,0.9090909090909091,0.21391834799406437,LQ_RECOVERY_R4_STATIC_MATCH_V1
3213,2025-11-04T16:16:20.000000,F2,0,0,0,1,0.2038777154873779,LQ_RECOVERY_R4_STATIC_MATCH_V1
3228,2025-11-23T18:40:52.000000,F2,0,0.20000000000000007,0,0.9090909090909091,0.21391834799406437,LQ_RECOVERY_R4_STATIC_MATCH_V1
3241,2025-11-07T19:23:50.000000,F2,0,0.19999999999999996,0,0.9090909090909091,0.21391834799406437,LQ_RECOVERY_R4_STATIC_MATCH_V1
3252,2025-12-17T16:27:00.000000,F2,0,0,0,1,0.2038777154873779,LQ_RECOVERY_R4_STATIC_MATCH_V1
3272,2025-11-04T20:05:03.000000,F2,1,0.20000000000000007,1,1,0.18771000576857935,LQ_RECOVERY_R4_STATIC_MATCH_V1
3279,2025-12-17T10:58:27.000000,F2,0,0,0,1,0.2038777154873779,LQ_RECOVERY_R4_STATIC_MATCH_V1
3282,2025-12-19T14:08:07.000000,F2,0,0.6476285075738764,0,1,0.1828398575449269,LQ_RECOVERY_R4_STATIC_MATCH_V1
3287,2025-11-19T15:55:37.000000,F2,0,0.3709969788519637,1,1,0.18233577642803642,LQ_RECOVERY_R4_STATIC_MATCH_V1
3293,2025-12-29T14:13:08.000000,F2,0,0,0.5,1,0.1989688202214371,LQ_RECOVERY_R4_STATIC_MATCH_V1
3295,2025-12-21T11:32:05.000000,F2,0,0.3324926439680538,0.8,1,0.18537180177143964,LQ_RECOVERY_R4_STATIC_MATCH_V1
3299,2025-12-05T14:44:20.000000,F2,0,0,0,0.9090909090909091,0.22101207908479067,LQ_RECOVERY_R4_STATIC_MATCH_V1
3303,2025-11-04T15:34:17.000000,F2,0,0.6065088757396448,1,1,0.17513074761193792,LQ_RECOVERY_R4_STATIC_MATCH_V1
3310,2025-11-03T08:23:54.000000,F2,1,0.20000000000000007,1,0.8181818181818182,0.2209651656043691,LQ_RECOVERY_R4_STATIC_MATCH_V1
3319,2025-11-01T14:36:00.000000,F2,0,0.19999999999999996,0,0.9090909090909091,0.21391834799406437,LQ_RECOVERY_R4_STATIC_MATCH_V1
3327,2025-12-05T10:02:57.000000,F2,0,0,1,0.9090909090909091,0.21068242591120961,LQ_RECOVERY_R4_STATIC_MATCH_V1
3354,2025-11-22T15:21:47.000000,F2,0,0.8952502798656645,0,0.9090909090909091,0.19055860625268956,LQ_RECOVERY_R4_STATIC_MATCH_V1
3362,2025-11-27T15:50:48.000000,F2,0,0.19999999999999996,0,1,0.1971947221338523,LQ_RECOVERY_R4_STATIC_MATCH_V1
3375,2025-11-06T16:37:08.000000,F2,0,0,0,1,0.2038777154873779,LQ_RECOVERY_R4_STATIC_MATCH_V1
3395,2025-11-22T14:27:54.000000,F2,1,0.19999999999999996,0,0.9090909090909091,0.21391834799406437,LQ_RECOVERY_R4_STATIC_MATCH_V1
3401,2025-12-05T15:11:44.000000,F2,0,0,1,1,0.19414929562223307,LQ_RECOVERY_R4_STATIC_MATCH_V1
3407,2025-11-28T14:29:30.000000,F2,0,0,1,0.9090909090909091,0.21068242591120961,LQ_RECOVERY_R4_STATIC_MATCH_V1
3409,2025-12-17T11:54:07.000000,F2,0,0.9161564209323212,0,1,0.17462507348670878,LQ_RECOVERY_R4_STATIC_MATCH_V1
3421,2025-11-02T12:46:17.000000,F2,1,0,0,1,0.2038777154873779,LQ_RECOVERY_R4_STATIC_MATCH_V1
3433,2025-12-17T09:43:38.000000,F2,0,0,0,1,0.2038777154873779,LQ_RECOVERY_R4_STATIC_MATCH_V1
3438,2025-12-07T11:01:32.000000,F2,0,0.2946213540272945,1,0.9090909090909091,0.200651435778407,LQ_RECOVERY_R4_STATIC_MATCH_V1
3439,2025-11-16T12:01:52.000000,F2,0,0,0,1,0.2038777154873779,LQ_RECOVERY_R4_STATIC_MATCH_V1
3442,2025-12-11T09:16:11.000000,F2,0,0,1,0.9090909090909091,0.21068242591120961,LQ_RECOVERY_R4_STATIC_MATCH_V1
3443,2025-12-20T08:03:08.000000,F2,1,0,0,0.9090909090909091,0.22101207908479067,LQ_RECOVERY_R4_STATIC_MATCH_V1
3446,2025-11-09T18:53:05.000000,F2,0,0,0,1,0.2038777154873779,LQ_RECOVERY_R4_STATIC_MATCH_V1
3448,2025-11-20T09:29:46.000000,F2,0,0.47725746894931176,0,1,0.18820558940951884,LQ_RECOVERY_R4_STATIC_MATCH_V1
3455,2025-11-07T07:00:40.000000,F2,1,0,0,1,0.2038777154873779,LQ_RECOVERY_R4_STATIC_MATCH_V1
3458,2025-12-18T17:38:33.000000,F2,0,0.6064400715563506,0,1,0.18412608242036843,LQ_RECOVERY_R4_STATIC_MATCH_V1
3469,2025-12-25T15:06:30.000000,F2,0,0.6059384164222874,0,1,0.18414179111260942,LQ_RECOVERY_R4_STATIC_MATCH_V1
3477,2025-12-17T09:25:22.000000,F2,0,0,1,1,0.19414929562223307,LQ_RECOVERY_R4_STATIC_MATCH_V1
3484,2025-11-07T18:48:02.000000,F2,0,0,0,0.9090909090909091,0.22101207908479067,LQ_RECOVERY_R4_STATIC_MATCH_V1
3494,2025-12-02T09:29:06.000000,F2,1,0.19999999999999996,1,0.9090909090909091,0.20383348737224266,LQ_RECOVERY_R4_STATIC_MATCH_V1
3495,2025-11-09T20:11:22.000000,F2,0,0.20000000000000007,0,1,0.1971947221338523,LQ_RECOVERY_R4_STATIC_MATCH_V1
3508,2025-12-31T16:03:32.000000,F2,0,0.19999999999999996,0,0.8181818181818182,0.231651014829948,LQ_RECOVERY_R4_STATIC_MATCH_V1
3511,2025-11-29T10:14:08.000000,F2,1,0.28925731230624063,0,0.9090909090909091,0.210806461843846,LQ_RECOVERY_R4_STATIC_MATCH_V1
3518,2025-12-21T11:40:20.000000,F2,0,0.09180009704027159,0,1,0.20078949935272464,LQ_RECOVERY_R4_STATIC_MATCH_V1
3526,2025-12-29T12:19:42.000000,F2,1,0.41216069489685125,0,1,0.1902874645049847,LQ_RECOVERY_R4_STATIC_MATCH_V1
3527,2025-12-17T16:28:55.000000,F2,0,0.7774665042630937,0,1,0.1788309707236441,LQ_RECOVERY_R4_STATIC_MATCH_V1
3537,2025-12-07T11:50:36.000000,F2,0,0.20000000000000007,0,1,0.1971947221338523,LQ_RECOVERY_R4_STATIC_MATCH_V1
3548,2025-12-12T14:36:19.000000,F2,0,0.20000000000000007,1,1,0.18771000576857935,LQ_RECOVERY_R4_STATIC_MATCH_V1
3549,2025-11-29T18:31:00.000000,F2,0,0,1,1,0.19414929562223307,LQ_RECOVERY_R4_STATIC_MATCH_V1
3550,2025-11-29T18:00:00.000000,F2,0,0,0,1,0.2038777154873779,LQ_RECOVERY_R4_STATIC_MATCH_V1
3551,2025-11-20T12:28:24.000000,F2,1,0.20000000000000007,0,1,0.1971947221338523,LQ_RECOVERY_R4_STATIC_MATCH_V1
3559,2025-11-05T14:52:11.000000,F2,0,0.5524728588661036,0,1,0.1858219491615763,LQ_RECOVERY_R4_STATIC_MATCH_V1
3566,2025-11-07T09:33:00.000000,F2,0,0.2648780487804878,0,0.9090909090909091,0.21165311951142465,LQ_RECOVERY_R4_STATIC_MATCH_V1
3567,2025-12-24T07:14:00.000000,F2,0,0,1,1,0.19414929562223307,LQ_RECOVERY_R4_STATIC_MATCH_V1
3587,2025-12-26T16:57:05.000000,F2,0,0,0,1,0.2038777154873779,LQ_RECOVERY_R4_STATIC_MATCH_V1
3602,2025-12-13T07:45:03.000000,F2,0,0.4499007936507937,0,0.9090909090909091,0.20528966297016066,LQ_RECOVERY_R4_STATIC_MATCH_V1
3609,2025-12-16T10:22:17.000000,F2,1,0,0,1,0.2038777154873779,LQ_RECOVERY_R4_STATIC_MATCH_V1
3622,2025-12-21T17:30:19.000000,F2,0,0.22048678901470775,0,0.9090909090909091,0.21320114719731267,LQ_RECOVERY_R4_STATIC_MATCH_V1
3626,2025-12-25T15:28:03.000000,F2,0,0.19999999999999996,0,1,0.1971947221338523,LQ_RECOVERY_R4_STATIC_MATCH_V1
3629,2025-12-08T10:40:19.000000,F2,0,0,0,0.8181818181818182,0.23915387755316853,LQ_RECOVERY_R4_STATIC_MATCH_V1
3632,2025-11-08T09:22:31.000000,F2,0,0.24479459763646594,0,1,0.19572076817911283,LQ_RECOVERY_R4_STATIC_MATCH_V1
3639,2025-12-09T12:35:23.000000,F2,0,0.41094575132021116,1,0.9090909090909091,0.19679070602565268,LQ_RECOVERY_R4_STATIC_MATCH_V1
3656,2025-12-04T12:52:17.000000,F2,0,0.23646973012399708,0,1,0.19599406363938898,LQ_RECOVERY_R4_STATIC_MATCH_V1
3657,2025-12-05T16:51:00.000000,F2,1,0.9567876070118222,0,0.9090909090909091,0.18858796139476738,LQ_RECOVERY_R4_STATIC_MATCH_V1
3664,2025-12-20T10:56:41.000000,F2,1,0.20000000000000007,0.5,1,0.19240784849652826,LQ_RECOVERY_R4_STATIC_MATCH_V1
3675,2025-12-17T11:03:03.000000,F2,0,0,0,1,0.2038777154873779,LQ_RECOVERY_R4_STATIC_MATCH_V1
3694,2025-12-02T14:44:30.000000,F2,0,0,1,0.9090909090909091,0.21068242591120961,LQ_RECOVERY_R4_STATIC_MATCH_V1
3695,2025-11-13T15:16:24.000000,F2,0,0.8806866952789699,0,1,0.1756932469431564,LQ_RECOVERY_R4_STATIC_MATCH_V1
3696,2025-12-04T10:09:03.000000,F2,0,0.20000000000000007,0,0.9090909090909091,0.21391834799406437,LQ_RECOVERY_R4_STATIC_MATCH_V1
3701,2025-12-29T07:56:00.000000,F2,1,0.19999999999999996,0,1,0.1971947221338523,LQ_RECOVERY_R4_STATIC_MATCH_V1
3706,2025-12-19T08:33:14.000000,F2,0,0,1,1,0.19414929562223307,LQ_RECOVERY_R4_STATIC_MATCH_V1
3709,2025-11-22T18:00:27.000000,F2,0,0,0,0.9090909090909091,0.22101207908479067,LQ_RECOVERY_R4_STATIC_MATCH_V1
3711,2025-12-28T14:54:51.000000,F2,0,0,0.5,1,0.1989688202214371,LQ_RECOVERY_R4_STATIC_MATCH_V1
3726,2025-12-23T16:47:07.000000,F2,0,0,1,1,0.19414929562223307,LQ_RECOVERY_R4_STATIC_MATCH_V1
3734,2025-12-03T20:22:17.000000,F2,1,0,0,1,0.2038777154873779,LQ_RECOVERY_R4_STATIC_MATCH_V1
3737,2025-12-27T19:32:05.000000,F2,0,0,0,0.9090909090909091,0.22101207908479067,LQ_RECOVERY_R4_STATIC_MATCH_V1
3739,2025-11-21T07:56:04.000000,F2,0,0.7450014920919128,0,1,0.17982687173244183,LQ_RECOVERY_R4_STATIC_MATCH_V1
3742,2025-11-29T13:46:53.000000,F2,0,0,1,1,0.19414929562223307,LQ_RECOVERY_R4_STATIC_MATCH_V1
3746,2025-12-27T15:38:00.000000,F2,0,0,1,0.8181818181818182,0.22822473119368286,LQ_RECOVERY_R4_STATIC_MATCH_V1
3751,2025-11-08T14:51:09.000000,F2,0,0.19999999999999996,1,1,0.18771000576857935,LQ_RECOVERY_R4_STATIC_MATCH_V1
3756,2025-12-22T11:59:48.000000,F2,0,0.6170946722882331,0,0.9090909090909091,0.1996624009207861,LQ_RECOVERY_R4_STATIC_MATCH_V1
3765,2025-11-09T14:55:46.000000,F2,0,0,1,1,0.19414929562223307,LQ_RECOVERY_R4_STATIC_MATCH_V1
3767,2025-12-27T20:28:51.000000,F2,0,0.19999999999999996,1,1,0.18771000576857935,LQ_RECOVERY_R4_STATIC_MATCH_V1
3773,2025-12-20T17:11:40.000000,F2,0,0.6478721106070425,0,1,0.18283227114365594,LQ_RECOVERY_R4_STATIC_MATCH_V1
3774,2025-11-05T10:50:33.000000,F2,0,0.26247613853286067,0,1,0.19514126117748665,LQ_RECOVERY_R4_STATIC_MATCH_V1
3803,2025-12-14T12:32:15.000000,F2,0,0,0,1,0.2038777154873779,LQ_RECOVERY_R4_STATIC_MATCH_V1
3805,2025-11-23T19:20:53.000000,F2,0,0.19999999999999996,0,0.8181818181818182,0.231651014829948,LQ_RECOVERY_R4_STATIC_MATCH_V1
3808,2025-11-17T17:29:00.000000,F2,0,0,0,1,0.2038777154873779,LQ_RECOVERY_R4_STATIC_MATCH_V1
3816,2025-12-12T11:48:22.000000,F2,0,0,0,0.9090909090909091,0.22101207908479067,LQ_RECOVERY_R4_STATIC_MATCH_V1
3825,2025-12-25T08:16:57.000000,F2,0,0.5710067906702097,0,1,0.18523818331195444,LQ_RECOVERY_R4_STATIC_MATCH_V1
3831,2025-11-01T20:30:13.000000,F2,1,0,0,1,0.2038777154873779,LQ_RECOVERY_R4_STATIC_MATCH_V1
3845,2025-11-19T15:35:29.000000,F2,1,0.45875515560554936,0,1,0.18879553053537848,LQ_RECOVERY_R4_STATIC_MATCH_V1
3849,2025-12-21T08:07:52.000000,F2,0,0.6616766467065869,0.5,1,0.1778953942724261,LQ_RECOVERY_R4_STATIC_MATCH_V1
3859,2025-11-24T17:28:52.000000,F2,1,0.5325379609544467,1,0.9090909090909091,0.19281537440859717,LQ_RECOVERY_R4_STATIC_MATCH_V1
3883,2025-12-17T07:41:06.000000,F2,0,0.19999999999999996,1,0.7272727272727273,0.2391042951782014,LQ_RECOVERY_R4_STATIC_MATCH_V1
3894,2025-11-14T19:18:00.000000,F2,0,0,0,1,0.2038777154873779,LQ_RECOVERY_R4_STATIC_MATCH_V1
3905,2025-12-13T15:24:11.000000,F2,1,0.19999999999999996,0,1,0.1971947221338523,LQ_RECOVERY_R4_STATIC_MATCH_V1
3907,2025-11-24T16:22:34.000000,F2,1,0,0,0.9090909090909091,0.22101207908479067,LQ_RECOVERY_R4_STATIC_MATCH_V1
3908,2025-11-14T17:10:20.000000,F2,1,0,0,0.9090909090909091,0.22101207908479067,LQ_RECOVERY_R4_STATIC_MATCH_V1
3909,2025-12-04T19:11:29.000000,F2,0,0,0,1,0.2038777154873779,LQ_RECOVERY_R4_STATIC_MATCH_V1
3922,2025-12-16T11:16:48.000000,F2,0,0,0,0.9090909090909091,0.22101207908479067,LQ_RECOVERY_R4_STATIC_MATCH_V1
3925,2025-12-27T12:12:13.000000,F2,1,0.19999999999999996,1,0.9090909090909091,0.20383348737224266,LQ_RECOVERY_R4_STATIC_MATCH_V1
3946,2025-11-17T11:17:13.000000,F2,0,0,0,1,0.2038777154873779,LQ_RECOVERY_R4_STATIC_MATCH_V1
3947,2025-12-02T16:30:00.000000,F2,0,0.5101373446697188,1,1,0.1780515830116319,LQ_RECOVERY_R4_STATIC_MATCH_V1
3953,2025-12-26T18:51:13.000000,F2,1,0,0,0.9090909090909091,0.22101207908479067,LQ_RECOVERY_R4_STATIC_MATCH_V1
3959,2025-11-17T09:37:00.000000,F2,0,0.318769660957707,0,1,0.19330491936863556,LQ_RECOVERY_R4_STATIC_MATCH_V1
3968,2025-12-23T07:53:13.000000,F2,0,0.8492626979792464,0,1,0.17664387227047446,LQ_RECOVERY_R4_STATIC_MATCH_V1
3973,2025-11-13T09:48:22.000000,F2,1,0,0,0.8181818181818182,0.23915387755316853,LQ_RECOVERY_R4_STATIC_MATCH_V1
3995,2025-11-25T16:01:45.000000,F2,0,0,0.5,1,0.1989688202214371,LQ_RECOVERY_R4_STATIC_MATCH_V1
4004,2025-12-25T09:16:22.000000,F2,0,0.9342013159736805,1,1,0.16548137139985608,LQ_RECOVERY_R4_STATIC_MATCH_V1
4008,2025-11-10T13:59:23.000000,F2,0,0,0,1,0.2038777154873779,LQ_RECOVERY_R4_STATIC_MATCH_V1
4009,2025-11-19T13:23:30.000000,F2,0,0.19999999999999996,0,0.9090909090909091,0.21391834799406437,LQ_RECOVERY_R4_STATIC_MATCH_V1
4015,2025-11-11T08:07:27.000000,F2,0,0.20000000000000007,0,0.9090909090909091,0.21391834799406437,LQ_RECOVERY_R4_STATIC_MATCH_V1
4028,2025-12-30T14:40:03.000000,F2,0,0,0,1,0.2038777154873779,LQ_RECOVERY_R4_STATIC_MATCH_V1
4031,2025-12-07T19:10:35.000000,F2,1,0.19999999999999996,0,0.9090909090909091,0.21391834799406437,LQ_RECOVERY_R4_STATIC_MATCH_V1
4032,2025-12-30T09:47:33.000000,F2,0,0,0,1,0.2038777154873779,LQ_RECOVERY_R4_STATIC_MATCH_V1
4051,2025-11-01T16:31:21.000000,F2,0,0,0,1,0.2038777154873779,LQ_RECOVERY_R4_STATIC_MATCH_V1
4057,2025-12-10T14:39:28.000000,F2,0,0.19999999999999996,1,1,0.18771000576857935,LQ_RECOVERY_R4_STATIC_MATCH_V1
4060,2025-12-03T16:20:54.000000,F2,1,0,0.5,1,0.1989688202214371,LQ_RECOVERY_R4_STATIC_MATCH_V1
4067,2025-12-25T19:05:15.000000,F2,0,0,0,1,0.2038777154873779,LQ_RECOVERY_R4_STATIC_MATCH_V1
4072,2025-11-19T11:04:03.000000,F2,1,0.3390243902439023,1,1,0.18333146960255334,LQ_RECOVERY_R4_STATIC_MATCH_V1
4085,2025-12-12T13:44:17.000000,F2,0,0,0.5,1,0.1989688202214371,LQ_RECOVERY_R4_STATIC_MATCH_V1
4089,2025-11-01T18:12:00.000000,F2,1,0.24811895378000715,0,0.9090909090909091,0.21223658058317235,LQ_RECOVERY_R4_STATIC_MATCH_V1
4103,2025-12-29T15:08:48.000000,F2,0,0.19999999999999996,0,1,0.1971947221338523,LQ_RECOVERY_R4_STATIC_MATCH_V1
4109,2025-11-02T09:28:34.000000,F2,0,0.8258064516129032,1,0.9090909090909091,0.18347961226864476,LQ_RECOVERY_R4_STATIC_MATCH_V1
4110,2025-11-18T19:51:47.000000,F2,0,0,1,0.8181818181818182,0.22822473119368286,LQ_RECOVERY_R4_STATIC_MATCH_V1
4114,2025-12-10T07:10:48.000000,F2,0,0,0,1,0.2038777154873779,LQ_RECOVERY_R4_STATIC_MATCH_V1
4127,2025-11-07T10:27:01.000000,F2,0,0,0,1,0.2038777154873779,LQ_RECOVERY_R4_STATIC_MATCH_V1
4134,2025-11-29T18:38:00.000000,F2,0,0,0.8,1,0.1960663943744138,LQ_RECOVERY_R4_STATIC_MATCH_V1
4135,2025-12-10T15:03:22.000000,F2,0,0.9840399002493766,1,1,0.16405174548463933,LQ_RECOVERY_R4_STATIC_MATCH_V1
4140,2025-12-30T16:58:00.000000,F2,1,0.3483820459290188,0,0.9090909090909091,0.20876346290341244,LQ_RECOVERY_R4_STATIC_MATCH_V1
4163,2025-12-03T12:02:10.000000,F2,0,0,0,1,0.2038777154873779,LQ_RECOVERY_R4_STATIC_MATCH_V1
4164,2025-12-19T08:31:00.000000,F2,1,0,0,0.8181818181818182,0.23915387755316853,LQ_RECOVERY_R4_STATIC_MATCH_V1
4166,2025-11-14T11:31:12.000000,F2,0,0,0.5,0.9090909090909091,0.21580245876345464,LQ_RECOVERY_R4_STATIC_MATCH_V1
4172,2025-12-20T10:08:32.000000,F2,0,0,0,1,0.2038777154873779,LQ_RECOVERY_R4_STATIC_MATCH_V1
4173,2025-12-05T07:35:58.000000,F2,0,0,0,1,0.2038777154873779,LQ_RECOVERY_R4_STATIC_MATCH_V1
4189,2025-12-07T13:53:04.000000,F2,0,0,0.8,1,0.1960663943744138,LQ_RECOVERY_R4_STATIC_MATCH_V1
4206,2025-12-21T11:30:55.000000,F2,0,0,0,0.9090909090909091,0.22101207908479067,LQ_RECOVERY_R4_STATIC_MATCH_V1
4225,2025-11-15T19:09:47.000000,F2,0,0,1,1,0.19414929562223307,LQ_RECOVERY_R4_STATIC_MATCH_V1
4230,2025-12-02T14:28:33.000000,F2,0,0.3555555555555555,0,0.9090909090909091,0.20851658318588187,LQ_RECOVERY_R4_STATIC_MATCH_V1
4259,2025-12-07T18:05:11.000000,F2,0,0.2999760019198464,0,1,0.1939165190573871,LQ_RECOVERY_R4_STATIC_MATCH_V1
4267,2025-12-16T07:06:20.000000,F2,0,0,0,1,0.2038777154873779,LQ_RECOVERY_R4_STATIC_MATCH_V1
4280,2025-12-12T16:22:34.000000,F2,1,0.19999999999999996,0,1,0.1971947221338523,LQ_RECOVERY_R4_STATIC_MATCH_V1
4299,2025-12-20T09:18:46.000000,F2,0,0.19999999999999996,0,1,0.1971947221338523,LQ_RECOVERY_R4_STATIC_MATCH_V1
4301,2025-12-10T09:18:32.000000,F2,0,0.3271889400921659,1,0.9090909090909091,0.1995648530302188,LQ_RECOVERY_R4_STATIC_MATCH_V1
4306,2025-11-22T12:09:00.000000,F2,0,0.427504816955684,0,1,0.1897951588820499,LQ_RECOVERY_R4_STATIC_MATCH_V1
4309,2025-12-24T11:15:46.000000,F2,0,0.19999999999999996,0,0.8181818181818182,0.231651014829948,LQ_RECOVERY_R4_STATIC_MATCH_V1
4321,2025-11-07T07:47:27.000000,F2,0,0.20000000000000007,1,0.9090909090909091,0.20383348737224266,LQ_RECOVERY_R4_STATIC_MATCH_V1
4326,2025-12-09T10:52:44.000000,F2,0,0,0,1,0.2038777154873779,LQ_RECOVERY_R4_STATIC_MATCH_V1
4333,2025-12-22T17:35:22.000000,F2,0,0,0,1,0.2038777154873779,LQ_RECOVERY_R4_STATIC_MATCH_V1
4337,2025-12-13T19:43:00.000000,F2,0,0.19999999999999996,0,1,0.1971947221338523,LQ_RECOVERY_R4_STATIC_MATCH_V1
4356,2025-12-11T12:02:00.000000,F2,0,0,0.5,1,0.1989688202214371,LQ_RECOVERY_R4_STATIC_MATCH_V1
4360,2025-11-11T10:34:26.000000,F2,0,0.19999999999999996,0,0.9090909090909091,0.21391834799406437,LQ_RECOVERY_R4_STATIC_MATCH_V1
4370,2025-11-19T10:05:20.000000,F2,0,0.9708333333333333,0,1,0.17298851422121606,LQ_RECOVERY_R4_STATIC_MATCH_V1
4390,2025-11-16T13:22:54.000000,F2,0,0.19999999999999996,0,0.9090909090909091,0.21391834799406437,LQ_RECOVERY_R4_STATIC_MATCH_V1
4404,2025-12-11T07:50:06.000000,F2,1,0,0,1,0.2038777154873779,LQ_RECOVERY_R4_STATIC_MATCH_V1
4407,2025-12-11T20:27:05.000000,F2,0,0.20000000000000007,0,1,0.1971947221338523,LQ_RECOVERY_R4_STATIC_MATCH_V1
4409,2025-12-18T17:22:10.000000,F2,0,0.20420506912442404,0,1,0.1970560001057736,LQ_RECOVERY_R4_STATIC_MATCH_V1
4410,2025-11-09T17:54:21.000000,F2,0,0,0,1,0.2038777154873779,LQ_RECOVERY_R4_STATIC_MATCH_V1
4413,2025-11-28T07:49:08.000000,F2,0,0.8152524167561763,0,1,0.17767728413215214,LQ_RECOVERY_R4_STATIC_MATCH_V1
4416,2025-12-13T19:07:43.000000,F2,0,0.3299002252977149,0,1,0.19294339093872234,LQ_RECOVERY_R4_STATIC_MATCH_V1
4418,2025-12-28T16:19:43.000000,F2,0,0.19999999999999996,0,0.8181818181818182,0.231651014829948,LQ_RECOVERY_R4_STATIC_MATCH_V1
4423,2025-11-30T14:42:56.000000,F2,0,0,0,0.9090909090909091,0.22101207908479067,LQ_RECOVERY_R4_STATIC_MATCH_V1
4431,2025-11-24T10:06:46.000000,F2,0,0,1,0.9090909090909091,0.21068242591120961,LQ_RECOVERY_R4_STATIC_MATCH_V1
4438,2025-11-08T15:11:31.000000,F2,0,0.19999999999999996,1,1,0.18771000576857935,LQ_RECOVERY_R4_STATIC_MATCH_V1
4442,2025-11-09T18:23:24.000000,F2,0,0.12138184425127718,0,0.9090909090909091,0.21668689333436744,LQ_RECOVERY_R4_STATIC_MATCH_V1
4463,2025-12-25T11:08:52.000000,F2,0,0.9073645206113942,0,1,0.17488936402054464,LQ_RECOVERY_R4_STATIC_MATCH_V1
4476,2025-12-28T10:41:44.000000,F2,0,0.8284641068447413,1,0.9090909090909091,0.18339663494997996,LQ_RECOVERY_R4_STATIC_MATCH_V1
4479,2025-12-23T13:02:06.000000,F2,0,0,0.8,0.9090909090909091,0.21271968463058735,LQ_RECOVERY_R4_STATIC_MATCH_V1
4486,2025-12-03T17:56:41.000000,F2,0,0.8818181818181818,0,1,0.1756590928968403,LQ_RECOVERY_R4_STATIC_MATCH_V1
4497,2025-11-11T17:46:27.000000,F2,0,0,0,1,0.2038777154873779,LQ_RECOVERY_R4_STATIC_MATCH_V1
4499,2025-12-09T11:28:00.000000,F2,1,0,0,0.9090909090909091,0.22101207908479067,LQ_RECOVERY_R4_STATIC_MATCH_V1
4506,2025-11-24T10:18:59.000000,F2,0,0.5278528934559221,0,0.9090909090909091,0.20265149992328146,LQ_RECOVERY_R4_STATIC_MATCH_V1
4514,2025-11-28T20:45:37.000000,F2,0,0,0,1,0.2038777154873779,LQ_RECOVERY_R4_STATIC_MATCH_V1
4533,2025-12-21T17:46:29.000000,F2,0,0,1,1,0.19414929562223307,LQ_RECOVERY_R4_STATIC_MATCH_V1
4540,2025-12-09T15:36:00.000000,F2,0,0,0.5,1,0.1989688202214371,LQ_RECOVERY_R4_STATIC_MATCH_V1
4543,2025-11-10T13:14:34.000000,F2,0,0.19999999999999996,1,0.9090909090909091,0.20383348737224266,LQ_RECOVERY_R4_STATIC_MATCH_V1
4548,2025-12-05T13:09:59.000000,F2,0,0.19999999999999996,0,0.9090909090909091,0.21391834799406437,LQ_RECOVERY_R4_STATIC_MATCH_V1
4554,2025-11-14T15:16:09.000000,F2,0,0,0,1,0.2038777154873779,LQ_RECOVERY_R4_STATIC_MATCH_V1
4555,2025-12-06T18:29:00.000000,F2,1,0,0,0.9090909090909091,0.22101207908479067,LQ_RECOVERY_R4_STATIC_MATCH_V1
4571,2025-11-24T18:57:04.000000,F2,1,0,0,1,0.2038777154873779,LQ_RECOVERY_R4_STATIC_MATCH_V1
4577,2025-12-30T17:16:51.000000,F2,0,0.19999999999999996,1,1,0.18771000576857935,LQ_RECOVERY_R4_STATIC_MATCH_V1
4581,2025-11-02T16:07:12.000000,F2,0,0.19999999999999996,0,0.9090909090909091,0.21391834799406437,LQ_RECOVERY_R4_STATIC_MATCH_V1
4599,2025-11-06T08:13:01.000000,F2,0,0.19999999999999996,0,0.9090909090909091,0.21391834799406437,LQ_RECOVERY_R4_STATIC_MATCH_V1
4600,2025-12-20T10:06:24.000000,F2,0,0.20000000000000007,0.5,0.9090909090909091,0.20883111272429114,LQ_RECOVERY_R4_STATIC_MATCH_V1
4608,2025-12-25T07:22:01.000000,F2,0,0,0.5,1,0.1989688202214371,LQ_RECOVERY_R4_STATIC_MATCH_V1
4623,2025-12-01T20:05:17.000000,F2,1,0,0.5,0.9090909090909091,0.21580245876345464,LQ_RECOVERY_R4_STATIC_MATCH_V1
4628,2025-12-17T11:43:26.000000,F2,1,0,0,0.9090909090909091,0.22101207908479067,LQ_RECOVERY_R4_STATIC_MATCH_V1
4643,2025-11-14T18:04:22.000000,F2,0,0.35559078616058937,0,1,0.1921109086445088,LQ_RECOVERY_R4_STATIC_MATCH_V1
4644,2025-11-08T10:06:03.000000,F2,0,0,0,0.9090909090909091,0.22101207908479067,LQ_RECOVERY_R4_STATIC_MATCH_V1
4659,2025-12-27T07:59:17.000000,F2,1,0,0.5,1,0.1989688202214371,LQ_RECOVERY_R4_STATIC_MATCH_V1
4660,2025-11-18T07:24:22.000000,F2,1,0.8277620396600567,0,1,0.17729662576858982,LQ_RECOVERY_R4_STATIC_MATCH_V1
4664,2025-11-23T09:05:48.000000,F2,0,0.19999999999999996,0,1,0.1971947221338523,LQ_RECOVERY_R4_STATIC_MATCH_V1
4665,2025-11-23T10:09:48.000000,F2,0,0.7957140092879256,0,1,0.17827310442091673,LQ_RECOVERY_R4_STATIC_MATCH_V1
4667,2025-11-26T14:09:23.000000,F2,0,0,1,1,0.19414929562223307,LQ_RECOVERY_R4_STATIC_MATCH_V1
4669,2025-12-24T11:53:41.000000,F2,0,0.20000000000000007,0,0.9090909090909091,0.21391834799406437,LQ_RECOVERY_R4_STATIC_MATCH_V1
4672,2025-12-24T09:25:39.000000,F2,0,0.6221461187214611,1,0.9090909090909091,0.1899250478088043,LQ_RECOVERY_R4_STATIC_MATCH_V1
4673,2025-12-21T07:06:00.000000,F2,1,0.9747642220403945,1,1,0.1643170655110761,LQ_RECOVERY_R4_STATIC_MATCH_V1
4674,2025-12-09T16:08:32.000000,F2,0,0,0,1,0.2038777154873779,LQ_RECOVERY_R4_STATIC_MATCH_V1
4676,2025-11-28T20:49:05.000000,F2,0,0,0,1,0.2038777154873779,LQ_RECOVERY_R4_STATIC_MATCH_V1
4682,2025-11-24T11:48:11.000000,F2,0,0,0,1,0.2038777154873779,LQ_RECOVERY_R4_STATIC_MATCH_V1
4683,2025-11-26T12:05:31.000000,F2,0,0,0,1,0.2038777154873779,LQ_RECOVERY_R4_STATIC_MATCH_V1
4684,2025-11-29T16:27:44.000000,F2,1,0,0.5,0.9090909090909091,0.21580245876345464,LQ_RECOVERY_R4_STATIC_MATCH_V1
4687,2025-12-25T10:20:46.000000,F2,0,0.8578635665716167,0,0.9090909090909091,0.19176353028935084,LQ_RECOVERY_R4_STATIC_MATCH_V1
4692,2025-12-26T17:04:19.000000,F2,1,0,0,0.9090909090909091,0.22101207908479067,LQ_RECOVERY_R4_STATIC_MATCH_V1
4705,2025-12-17T14:27:30.000000,F2,0,0,0,0.9090909090909091,0.22101207908479067,LQ_RECOVERY_R4_STATIC_MATCH_V1
4721,2025-12-12T11:28:38.000000,F2,1,0,0.8,1,0.1960663943744138,LQ_RECOVERY_R4_STATIC_MATCH_V1
4732,2025-11-12T20:51:58.000000,F2,0,0,0,0.9090909090909091,0.22101207908479067,LQ_RECOVERY_R4_STATIC_MATCH_V1
4736,2025-12-07T07:39:41.000000,F2,0,0.19999999999999996,0,1,0.1971947221338523,LQ_RECOVERY_R4_STATIC_MATCH_V1
4740,2025-11-03T10:54:43.000000,F2,0,0.5127913587265491,0,0.9090909090909091,0.20315925531476722,LQ_RECOVERY_R4_STATIC_MATCH_V1
4758,2025-11-13T14:42:38.000000,F2,0,0.6357768556938681,0,1,0.18320924248211876,LQ_RECOVERY_R4_STATIC_MATCH_V1
4780,2025-12-07T11:44:48.000000,F2,1,0,0,0.9090909090909091,0.22101207908479067,LQ_RECOVERY_R4_STATIC_MATCH_V1
4785,2025-12-01T17:58:38.000000,F2,0,0,0,1,0.2038777154873779,LQ_RECOVERY_R4_STATIC_MATCH_V1
4792,2025-12-27T16:56:14.000000,F2,0,0.6255707762557078,0,0.9090909090909091,0.19938022669115626,LQ_RECOVERY_R4_STATIC_MATCH_V1
4798,2025-12-28T10:12:19.000000,F2,0,0,0,1,0.2038777154873779,LQ_RECOVERY_R4_STATIC_MATCH_V1
4813,2025-11-20T15:53:50.000000,F2,1,0,0.5,1,0.1989688202214371,LQ_RECOVERY_R4_STATIC_MATCH_V1
4824,2025-12-12T13:12:09.000000,F2,0,0.19999999999999996,1,1,0.18771000576857935,LQ_RECOVERY_R4_STATIC_MATCH_V1
4834,2025-12-05T09:32:57.000000,F2,0,0.6954238559639911,0,0.9090909090909091,0.1970661828471656,LQ_RECOVERY_R4_STATIC_MATCH_V1
4863,2025-12-30T07:47:00.000000,F2,1,0,0,1,0.2038777154873779,LQ_RECOVERY_R4_STATIC_MATCH_V1
4874,2025-12-08T19:03:17.000000,F2,0,0,0,0.9090909090909091,0.22101207908479067,LQ_RECOVERY_R4_STATIC_MATCH_V1
4895,2025-12-13T19:48:18.000000,F2,0,0.3474497681607419,0,1,0.19237441518899434,LQ_RECOVERY_R4_STATIC_MATCH_V1
4906,2025-11-23T17:04:03.000000,F2,0,0,1,0.9090909090909091,0.21068242591120961,LQ_RECOVERY_R4_STATIC_MATCH_V1
4907,2025-12-13T19:59:16.000000,F2,1,0.19999999999999996,0,0.9090909090909091,0.21391834799406437,LQ_RECOVERY_R4_STATIC_MATCH_V1
4911,2025-11-25T10:49:50.000000,F2,0,0.46756367131186927,1,0.9090909090909091,0.19493199022168692,LQ_RECOVERY_R4_STATIC_MATCH_V1
4940,2025-11-08T08:00:55.000000,F2,0,0,0,1,0.2038777154873779,LQ_RECOVERY_R4_STATIC_MATCH_V1
4963,2025-12-11T13:31:21.000000,F2,0,0.7089684509039347,0.8,1,0.17381301016023876,LQ_RECOVERY_R4_STATIC_MATCH_V1
4966,2025-12-19T17:19:42.000000,F2,0,0.20000000000000007,0,1,0.1971947221338523,LQ_RECOVERY_R4_STATIC_MATCH_V1
4978,2025-12-24T16:15:45.000000,F2,0,0.8674004192872117,0,1,0.17609468561937439,LQ_RECOVERY_R4_STATIC_MATCH_V1
4979,2025-12-16T15:56:46.000000,F2,0,0.2982728077945085,0.5,1,0.18924493420179944,LQ_RECOVERY_R4_STATIC_MATCH_V1
4997,2025-12-29T15:13:46.000000,F2,1,0.3115663931038555,0,1,0.1935391608977007,LQ_RECOVERY_R4_STATIC_MATCH_V1
3,2026-02-18T14:30:33.000000,F3,0,0,0,1,0.2058580869787685,LQ_RECOVERY_R4_STATIC_MATCH_V1
9,2026-02-03T07:57:46.000000,F3,0,0.46709129511677283,1,0.9090909090909091,0.18567799715220143,LQ_RECOVERY_R4_STATIC_MATCH_V1
20,2026-02-27T13:22:53.000000,F3,0,0.19999999999999996,0,1,0.1987855810893704,LQ_RECOVERY_R4_STATIC_MATCH_V1
22,2026-01-01T19:33:17.000000,F3,0,0.910569105691057,0,1,0.17514241353706686,LQ_RECOVERY_R4_STATIC_MATCH_V1
26,2026-02-13T17:17:05.000000,F3,1,0,0,1,0.2058580869787685,LQ_RECOVERY_R4_STATIC_MATCH_V1
29,2026-02-06T08:59:16.000000,F3,0,0.19999999999999996,0,1,0.1987855810893704,LQ_RECOVERY_R4_STATIC_MATCH_V1
30,2026-01-30T18:11:33.000000,F3,1,0.4978640776699028,0,0.9090909090909091,0.204039722516828,LQ_RECOVERY_R4_STATIC_MATCH_V1
34,2026-02-27T07:43:00.000000,F3,0,0,0,0.9090909090909091,0.22233062254734906,LQ_RECOVERY_R4_STATIC_MATCH_V1
47,2026-02-21T14:54:51.000000,F3,1,0.0854665565648226,0,0.8181818181818182,0.23632663895760694,LQ_RECOVERY_R4_STATIC_MATCH_V1
53,2026-02-11T18:45:21.000000,F3,0,0.32170949134766635,0,1,0.19457185530483512,LQ_RECOVERY_R4_STATIC_MATCH_V1
73,2026-01-27T14:42:52.000000,F3,1,0,0,1,0.2058580869787685,LQ_RECOVERY_R4_STATIC_MATCH_V1
84,2026-02-24T17:41:43.000000,F3,1,0,0,1,0.2058580869787685,LQ_RECOVERY_R4_STATIC_MATCH_V1
93,2026-01-23T09:48:00.000000,F3,1,0.23208353108685342,0,1,0.1976681931087582,LQ_RECOVERY_R4_STATIC_MATCH_V1
120,2026-01-28T18:57:16.000000,F3,0,0.22081268582755198,0,0.9090909090909091,0.2140769503210781,LQ_RECOVERY_R4_STATIC_MATCH_V1
129,2026-02-21T15:06:35.000000,F3,1,0.19999999999999996,0,0.9090909090909091,0.21484528906348724,LQ_RECOVERY_R4_STATIC_MATCH_V1
133,2026-01-01T14:19:08.000000,F3,0,0.20000000000000007,0,0.7272727272727273,0.2497241331445195,LQ_RECOVERY_R4_STATIC_MATCH_V1
139,2026-02-04T20:17:40.000000,F3,0,0.19999999999999996,0,1,0.1987855810893704,LQ_RECOVERY_R4_STATIC_MATCH_V1
141,2026-02-01T12:34:07.000000,F3,0,0,0,0.9090909090909091,0.22233062254734906,LQ_RECOVERY_R4_STATIC_MATCH_V1
153,2026-01-04T14:08:15.000000,F3,1,0.31487889273356406,0,1,0.19480653354300662,LQ_RECOVERY_R4_STATIC_MATCH_V1
158,2026-01-25T20:39:35.000000,F3,0,0,0,1,0.2058580869787685,LQ_RECOVERY_R4_STATIC_MATCH_V1
165,2026-01-07T14:53:48.000000,F3,0,0,0,1,0.2058580869787685,LQ_RECOVERY_R4_STATIC_MATCH_V1
175,2026-02-21T08:18:55.000000,F3,0,0,0,1,0.2058580869787685,LQ_RECOVERY_R4_STATIC_MATCH_V1
188,2026-02-11T19:47:17.000000,F3,0,0.20000000000000007,0.5,1,0.18910637942408998,LQ_RECOVERY_R4_STATIC_MATCH_V1
212,2026-01-17T19:14:01.000000,F3,1,0,0,0.9090909090909091,0.22233062254734906,LQ_RECOVERY_R4_STATIC_MATCH_V1
262,2026-01-21T08:48:38.000000,F3,0,0,0,0.9090909090909091,0.22233062254734906,LQ_RECOVERY_R4_STATIC_MATCH_V1
269,2026-02-13T18:58:32.000000,F3,0,0.20000000000000007,0,1,0.1987855810893704,LQ_RECOVERY_R4_STATIC_MATCH_V1
271,2026-02-09T07:10:05.000000,F3,0,0.20000000000000007,0,0.9090909090909091,0.21484528906348724,LQ_RECOVERY_R4_STATIC_MATCH_V1
289,2026-01-07T19:47:00.000000,F3,0,0.23295921160689836,0,1,0.19763776184304346,LQ_RECOVERY_R4_STATIC_MATCH_V1
311,2026-01-23T15:05:11.000000,F3,0,0,0.5,1,0.19591872154965076,LQ_RECOVERY_R4_STATIC_MATCH_V1
334,2026-02-24T09:45:37.000000,F3,1,0.1829446064139939,0,1,0.19938150770839105,LQ_RECOVERY_R4_STATIC_MATCH_V1
342,2026-02-20T11:32:58.000000,F3,0,0.12233676975945029,0,1,0.20151003396722364,LQ_RECOVERY_R4_STATIC_MATCH_V1
347,2026-01-07T11:38:39.000000,F3,0,0.19999999999999996,0,1,0.1987855810893704,LQ_RECOVERY_R4_STATIC_MATCH_V1
350,2026-02-15T18:26:46.000000,F3,0,0.7427272727272727,0,0.9090909090909091,0.19546355705252835,LQ_RECOVERY_R4_STATIC_MATCH_V1
351,2026-02-12T08:04:46.000000,F3,0,0.19999999999999996,1,1,0.17979271519221088,LQ_RECOVERY_R4_STATIC_MATCH_V1
359,2026-01-29T16:50:06.000000,F3,1,0,0,1,0.2058580869787685,LQ_RECOVERY_R4_STATIC_MATCH_V1
366,2026-01-13T09:15:11.000000,F3,0,0,0,1,0.2058580869787685,LQ_RECOVERY_R4_STATIC_MATCH_V1
369,2026-02-05T14:45:22.000000,F3,0,0.19999999999999996,0,0.9090909090909091,0.21484528906348724,LQ_RECOVERY_R4_STATIC_MATCH_V1
386,2026-01-12T10:33:25.000000,F3,0,0,0,1,0.2058580869787685,LQ_RECOVERY_R4_STATIC_MATCH_V1
387,2026-01-09T12:36:30.000000,F3,0,0,1,0.9090909090909091,0.2016543500481516,LQ_RECOVERY_R4_STATIC_MATCH_V1
389,2026-01-05T09:30:34.000000,F3,0,0.43763492444231233,0,1,0.1906216971690931,LQ_RECOVERY_R4_STATIC_MATCH_V1
399,2026-01-05T16:32:04.000000,F3,0,0,0,1,0.2058580869787685,LQ_RECOVERY_R4_STATIC_MATCH_V1
437,2026-01-15T07:45:06.000000,F3,0,0,0,0.9090909090909091,0.22233062254734906,LQ_RECOVERY_R4_STATIC_MATCH_V1
446,2026-02-05T08:46:48.000000,F3,0,0.19999999999999996,0,0.8181818181818182,0.23182703646165223,LQ_RECOVERY_R4_STATIC_MATCH_V1
453,2026-01-09T14:56:20.000000,F3,0,0.19999999999999996,1,1,0.17979271519221088,LQ_RECOVERY_R4_STATIC_MATCH_V1
486,2026-02-26T11:20:35.000000,F3,0,0.19999999999999996,0,0.9090909090909091,0.21484528906348724,LQ_RECOVERY_R4_STATIC_MATCH_V1
489,2026-01-23T10:46:51.000000,F3,1,0.25603416264389156,0,1,0.19683714354507786,LQ_RECOVERY_R4_STATIC_MATCH_V1
492,2026-01-08T10:20:17.000000,F3,1,0,0,0.8181818181818182,0.239723380084378,LQ_RECOVERY_R4_STATIC_MATCH_V1
509,2026-02-06T17:33:25.000000,F3,0,0,1,0.9090909090909091,0.2016543500481516,LQ_RECOVERY_R4_STATIC_MATCH_V1
560,2026-01-01T13:24:20.000000,F3,1,0,1,0.9090909090909091,0.2016543500481516,LQ_RECOVERY_R4_STATIC_MATCH_V1
565,2026-01-29T18:12:50.000000,F3,0,0.4958285930982177,0,0.9090909090909091,0.20411217278276625,LQ_RECOVERY_R4_STATIC_MATCH_V1
566,2026-02-08T18:54:20.000000,F3,0,0.19999999999999996,0,1,0.1987855810893704,LQ_RECOVERY_R4_STATIC_MATCH_V1
576,2026-02-24T19:31:55.000000,F3,0,0,0,0.9090909090909091,0.22233062254734906,LQ_RECOVERY_R4_STATIC_MATCH_V1
581,2026-01-28T07:59:20.000000,F3,0,0.8488505747126436,1,1,0.1597704045202117,LQ_RECOVERY_R4_STATIC_MATCH_V1
599,2026-02-15T09:45:48.000000,F3,0,0.19999999999999996,1,1,0.17979271519221088,LQ_RECOVERY_R4_STATIC_MATCH_V1
602,2026-02-27T14:36:00.000000,F3,0,0,0,1,0.2058580869787685,LQ_RECOVERY_R4_STATIC_MATCH_V1
625,2026-02-07T12:38:41.000000,F3,1,0.7293617021276596,0,1,0.1809532124655402,LQ_RECOVERY_R4_STATIC_MATCH_V1
629,2026-02-22T07:46:33.000000,F3,0,0.24876140808344194,0,1,0.1970892175791793,LQ_RECOVERY_R4_STATIC_MATCH_V1
636,2026-02-05T08:31:19.000000,F3,0,0,0,0.9090909090909091,0.22233062254734906,LQ_RECOVERY_R4_STATIC_MATCH_V1
656,2026-02-13T08:06:33.000000,F3,0,0,0,1,0.2058580869787685,LQ_RECOVERY_R4_STATIC_MATCH_V1
668,2026-01-10T17:39:53.000000,F3,0,0,0,1,0.2058580869787685,LQ_RECOVERY_R4_STATIC_MATCH_V1
684,2026-02-27T11:48:19.000000,F3,0,0,0,0.8181818181818182,0.239723380084378,LQ_RECOVERY_R4_STATIC_MATCH_V1
688,2026-02-22T18:32:11.000000,F3,1,0.29973878123903464,0,1,0.19532746564502892,LQ_RECOVERY_R4_STATIC_MATCH_V1
698,2026-01-23T09:06:37.000000,F3,0,0,0,1,0.2058580869787685,LQ_RECOVERY_R4_STATIC_MATCH_V1
708,2026-01-31T08:56:08.000000,F3,0,0,1,0.9090909090909091,0.2016543500481516,LQ_RECOVERY_R4_STATIC_MATCH_V1
713,2026-01-30T13:48:31.000000,F3,0,0.43263790664780755,0,1,0.19079069869143253,LQ_RECOVERY_R4_STATIC_MATCH_V1
723,2026-01-17T09:54:31.000000,F3,0,0,1,1,0.18634664567716966,LQ_RECOVERY_R4_STATIC_MATCH_V1
729,2026-01-19T11:00:40.000000,F3,0,0,0,0.9090909090909091,0.22233062254734906,LQ_RECOVERY_R4_STATIC_MATCH_V1
735,2026-02-09T09:22:14.000000,F3,0,0.19999999999999996,0,0.9090909090909091,0.21484528906348724,LQ_RECOVERY_R4_STATIC_MATCH_V1
741,2026-02-08T16:25:29.000000,F3,1,0.6283002588438309,0.5,1,0.17513218938850664,LQ_RECOVERY_R4_STATIC_MATCH_V1
742,2026-02-04T17:54:29.000000,F3,0,0.20000000000000007,0,1,0.1987855810893704,LQ_RECOVERY_R4_STATIC_MATCH_V1
743,2026-01-19T13:20:00.000000,F3,1,0.20000000000000007,0,0.9090909090909091,0.21484528906348724,LQ_RECOVERY_R4_STATIC_MATCH_V1
765,2026-01-01T07:12:40.000000,F3,0,0,0,0.9090909090909091,0.22233062254734906,LQ_RECOVERY_R4_STATIC_MATCH_V1
766,2026-02-14T12:05:32.000000,F3,0,0.9475465313028765,0,0.9090909090909091,0.1885017305950395,LQ_RECOVERY_R4_STATIC_MATCH_V1
786,2026-01-14T15:31:01.000000,F3,0,0,1,0.9090909090909091,0.2016543500481516,LQ_RECOVERY_R4_STATIC_MATCH_V1
793,2026-01-09T18:02:18.000000,F3,0,0.3820713152793279,0,0.9090909090909091,0.20819161898217306,LQ_RECOVERY_R4_STATIC_MATCH_V1
795,2026-01-13T07:55:18.000000,F3,0,0.19999999999999996,0,1,0.1987855810893704,LQ_RECOVERY_R4_STATIC_MATCH_V1
801,2026-02-19T11:13:39.000000,F3,1,0,1,0.9090909090909091,0.2016543500481516,LQ_RECOVERY_R4_STATIC_MATCH_V1
813,2026-02-06T11:27:03.000000,F3,0,0.19999999999999996,0,1,0.1987855810893704,LQ_RECOVERY_R4_STATIC_MATCH_V1
831,2026-01-08T17:18:03.000000,F3,0,0.7521250610649731,1,0.9090909090909091,0.1764186695311035,LQ_RECOVERY_R4_STATIC_MATCH_V1
857,2026-01-31T12:26:53.000000,F3,0,0,1,1,0.18634664567716966,LQ_RECOVERY_R4_STATIC_MATCH_V1
858,2026-01-08T17:52:17.000000,F3,0,0,0,1,0.2058580869787685,LQ_RECOVERY_R4_STATIC_MATCH_V1
860,2026-02-13T16:02:31.000000,F3,0,0,0,1,0.2058580869787685,LQ_RECOVERY_R4_STATIC_MATCH_V1
881,2026-01-28T16:14:24.000000,F3,0,0,0,1,0.2058580869787685,LQ_RECOVERY_R4_STATIC_MATCH_V1
894,2026-02-02T17:50:58.000000,F3,0,0,0,1,0.2058580869787685,LQ_RECOVERY_R4_STATIC_MATCH_V1
899,2026-01-21T08:58:26.000000,F3,0,0,1,0.9090909090909091,0.2016543500481516,LQ_RECOVERY_R4_STATIC_MATCH_V1
900,2026-01-02T19:12:20.000000,F3,0,0.40568503593988237,1,1,0.17324165645236833,LQ_RECOVERY_R4_STATIC_MATCH_V1
901,2026-02-05T09:43:55.000000,F3,0,0,0.5,1,0.19591872154965076,LQ_RECOVERY_R4_STATIC_MATCH_V1
909,2026-02-15T19:38:35.000000,F3,1,0,1,0.9090909090909091,0.2016543500481516,LQ_RECOVERY_R4_STATIC_MATCH_V1
921,2026-02-12T20:08:45.000000,F3,0,0,0,1,0.2058580869787685,LQ_RECOVERY_R4_STATIC_MATCH_V1
926,2026-01-13T13:16:34.000000,F3,0,0,0,1,0.2058580869787685,LQ_RECOVERY_R4_STATIC_MATCH_V1
936,2026-01-18T12:18:00.000000,F3,0,0.7477885208804773,0,0.9090909090909091,0.1952892033534308,LQ_RECOVERY_R4_STATIC_MATCH_V1
952,2026-02-20T16:34:36.000000,F3,0,0,0.8,1,0.19013154403879395,LQ_RECOVERY_R4_STATIC_MATCH_V1
960,2026-02-27T15:12:11.000000,F3,0,0.45711244678186824,0,1,0.189964050590666,LQ_RECOVERY_R4_STATIC_MATCH_V1
962,2026-02-01T11:52:17.000000,F3,0,0.43452380952380953,0,0.9090909090909091,0.20630319625017057,LQ_RECOVERY_R4_STATIC_MATCH_V1
964,2026-01-15T07:50:52.000000,F3,0,0.19999999999999996,1,0.9090909090909091,0.19469086173537214,LQ_RECOVERY_R4_STATIC_MATCH_V1
969,2026-02-17T08:03:20.000000,F3,0,0,0,1,0.2058580869787685,LQ_RECOVERY_R4_STATIC_MATCH_V1
972,2026-01-25T18:21:41.000000,F3,1,0,1,0.9090909090909091,0.2016543500481516,LQ_RECOVERY_R4_STATIC_MATCH_V1
978,2026-02-18T20:35:26.000000,F3,0,0,1,1,0.18634664567716966,LQ_RECOVERY_R4_STATIC_MATCH_V1
991,2026-01-12T07:07:08.000000,F3,0,0.6858197153400104,0,1,0.18237165830408497,LQ_RECOVERY_R4_STATIC_MATCH_V1
997,2026-01-12T10:04:00.000000,F3,0,0,0,0.9090909090909091,0.22233062254734906,LQ_RECOVERY_R4_STATIC_MATCH_V1
1002,2026-01-19T07:15:32.000000,F3,0,0.3071474565357376,0,1,0.19507242058402416,LQ_RECOVERY_R4_STATIC_MATCH_V1
1007,2026-02-13T14:23:45.000000,F3,0,0.20000000000000007,0,1,0.1987855810893704,LQ_RECOVERY_R4_STATIC_MATCH_V1
1009,2026-01-09T12:12:45.000000,F3,0,0.19999999999999996,0,1,0.1987855810893704,LQ_RECOVERY_R4_STATIC_MATCH_V1
1016,2026-01-04T11:00:53.000000,F3,0,0,1,1,0.18634664567716966,LQ_RECOVERY_R4_STATIC_MATCH_V1
1034,2026-01-20T19:53:18.000000,F3,0,0.19999999999999996,0,1,0.1987855810893704,LQ_RECOVERY_R4_STATIC_MATCH_V1
1037,2026-01-12T19:41:08.000000,F3,0,0,0,1,0.2058580869787685,LQ_RECOVERY_R4_STATIC_MATCH_V1
1048,2026-01-06T18:44:39.000000,F3,0,0.3989668793679735,0.5,0.9090909090909091,0.19758005835054468,LQ_RECOVERY_R4_STATIC_MATCH_V1
1050,2026-02-23T14:53:47.000000,F3,0,0.19999999999999996,0,1,0.1987855810893704,LQ_RECOVERY_R4_STATIC_MATCH_V1
1067,2026-01-12T17:34:39.000000,F3,1,0.3795100222717148,0,1,0.1925945909672207,LQ_RECOVERY_R4_STATIC_MATCH_V1
1079,2026-02-17T08:11:48.000000,F3,0,0,1,1,0.18634664567716966,LQ_RECOVERY_R4_STATIC_MATCH_V1
1084,2026-02-16T20:59:27.000000,F3,0,0.6418331374853115,0,0.9090909090909091,0.19896383379004992,LQ_RECOVERY_R4_STATIC_MATCH_V1
1085,2026-02-25T18:18:35.000000,F3,0,0,0.5,0.9090909090909091,0.2118080469203403,LQ_RECOVERY_R4_STATIC_MATCH_V1
1103,2026-02-20T16:16:34.000000,F3,1,0,0,1,0.2058580869787685,LQ_RECOVERY_R4_STATIC_MATCH_V1
1104,2026-02-19T08:28:42.000000,F3,0,0.20000000000000007,0,1,0.1987855810893704,LQ_RECOVERY_R4_STATIC_MATCH_V1
1105,2026-01-21T13:47:00.000000,F3,0,0.34944237918215615,0,1,0.19362124189541735,LQ_RECOVERY_R4_STATIC_MATCH_V1
1125,2026-01-26T20:52:18.000000,F3,0,0.5626266720713415,0,1,0.18643161638224665,LQ_RECOVERY_R4_STATIC_MATCH_V1
1148,2026-01-01T11:33:33.000000,F3,0,0,0.5,1,0.19591872154965076,LQ_RECOVERY_R4_STATIC_MATCH_V1
1153,2026-01-19T11:02:48.000000,F3,0,0,0,1,0.2058580869787685,LQ_RECOVERY_R4_STATIC_MATCH_V1
1159,2026-02-28T09:09:30.000000,F3,0,0,0.5,1,0.19591872154965076,LQ_RECOVERY_R4_STATIC_MATCH_V1
1169,2026-01-20T08:14:07.000000,F3,0,0.3126994256541161,0,0.7272727272727273,0.2451256571398419,LQ_RECOVERY_R4_STATIC_MATCH_V1
1172,2026-01-30T17:14:52.000000,F3,0,0.28885542168674705,1,0.9090909090909091,0.19165618044318958,LQ_RECOVERY_R4_STATIC_MATCH_V1
1173,2026-02-20T14:24:53.000000,F3,0,0.42260113674356414,1,0.9090909090909091,0.18715662450873596,LQ_RECOVERY_R4_STATIC_MATCH_V1
1178,2026-02-09T15:36:57.000000,F3,0,0.28807588075880763,0,1,0.1957294747118739,LQ_RECOVERY_R4_STATIC_MATCH_V1
1183,2026-01-21T15:28:56.000000,F3,0,0.19999999999999996,0,1,0.1987855810893704,LQ_RECOVERY_R4_STATIC_MATCH_V1
1191,2026-01-14T18:28:42.000000,F3,0,0.20000000000000007,0,0.9090909090909091,0.21484528906348724,LQ_RECOVERY_R4_STATIC_MATCH_V1
1202,2026-02-07T08:44:04.000000,F3,0,0,0.5,0.9090909090909091,0.2118080469203403,LQ_RECOVERY_R4_STATIC_MATCH_V1
1209,2026-01-17T09:31:26.000000,F3,0,0,0,0.9090909090909091,0.22233062254734906,LQ_RECOVERY_R4_STATIC_MATCH_V1
1226,2026-02-06T12:40:16.000000,F3,0,0.23007438894792787,1,1,0.17882291075144455,LQ_RECOVERY_R4_STATIC_MATCH_V1
1237,2026-02-25T20:12:06.000000,F3,0,0,1,1,0.18634664567716966,LQ_RECOVERY_R4_STATIC_MATCH_V1
1249,2026-02-17T18:53:22.000000,F3,0,0.5311496467565832,1,0.9090909090909091,0.18356488768223836,LQ_RECOVERY_R4_STATIC_MATCH_V1
1255,2026-02-26T07:03:29.000000,F3,0,0,0,1,0.2058580869787685,LQ_RECOVERY_R4_STATIC_MATCH_V1
1294,2026-02-19T10:21:46.000000,F3,0,0.5650165016501649,0,0.9090909090909091,0.20166024602828383,LQ_RECOVERY_R4_STATIC_MATCH_V1
1298,2026-01-06T13:42:57.000000,F3,1,0,0,0.9090909090909091,0.22233062254734906,LQ_RECOVERY_R4_STATIC_MATCH_V1
1300,2026-02-08T15:06:25.000000,F3,0,0,0,1,0.2058580869787685,LQ_RECOVERY_R4_STATIC_MATCH_V1
1307,2026-02-05T09:47:19.000000,F3,0,0.20000000000000007,0,1,0.1987855810893704,LQ_RECOVERY_R4_STATIC_MATCH_V1
1327,2026-02-16T20:46:58.000000,F3,0,0.20000000000000007,0,0.9090909090909091,0.21484528906348724,LQ_RECOVERY_R4_STATIC_MATCH_V1
1329,2026-01-01T17:59:25.000000,F3,0,0,0,1,0.2058580869787685,LQ_RECOVERY_R4_STATIC_MATCH_V1
1334,2026-01-18T10:51:55.000000,F3,1,0.53378054623862,0,1,0.18739227718231585,LQ_RECOVERY_R4_STATIC_MATCH_V1
1340,2026-02-08T15:43:00.000000,F3,0,0,0,1,0.2058580869787685,LQ_RECOVERY_R4_STATIC_MATCH_V1
1349,2026-02-27T09:32:31.000000,F3,0,0.27024320457796847,0,0.9090909090909091,0.21226015240090823,LQ_RECOVERY_R4_STATIC_MATCH_V1
1351,2026-02-15T14:13:34.000000,F3,0,0,0,1,0.2058580869787685,LQ_RECOVERY_R4_STATIC_MATCH_V1
1363,2026-02-26T20:43:57.000000,F3,0,0.8748098239513149,0.5,0.9090909090909091,0.18156781133925215,LQ_RECOVERY_R4_STATIC_MATCH_V1
1375,2026-01-27T15:40:13.000000,F3,0,0.38091641490433026,1,1,0.174020430216057,LQ_RECOVERY_R4_STATIC_MATCH_V1
1377,2026-01-30T10:23:38.000000,F3,0,0,0,1,0.2058580869787685,LQ_RECOVERY_R4_STATIC_MATCH_V1
1379,2026-01-29T16:38:55.000000,F3,0,0,0,1,0.2058580869787685,LQ_RECOVERY_R4_STATIC_MATCH_V1
1387,2026-01-15T16:17:23.000000,F3,0,0,0,0.9090909090909091,0.22233062254734906,LQ_RECOVERY_R4_STATIC_MATCH_V1
1402,2026-02-28T09:52:19.000000,F3,1,0.19999999999999996,0,0.9090909090909091,0.21484528906348724,LQ_RECOVERY_R4_STATIC_MATCH_V1
1421,2026-02-14T14:29:12.000000,F3,1,0.6307254623044096,0,0.8181818181818182,0.215445218966757,LQ_RECOVERY_R4_STATIC_MATCH_V1
1429,2026-01-11T11:59:23.000000,F3,0,0,0,0.8181818181818182,0.239723380084378,LQ_RECOVERY_R4_STATIC_MATCH_V1
1439,2026-02-06T17:23:40.000000,F3,1,0.24660862522777893,1,1,0.1782914792672793,LQ_RECOVERY_R4_STATIC_MATCH_V1
1441,2026-01-25T11:19:20.000000,F3,1,0,1,1,0.18634664567716966,LQ_RECOVERY_R4_STATIC_MATCH_V1
1468,2026-01-02T07:18:04.000000,F3,0,0.8630541871921182,1,0.9090909090909091,0.1729145294167872,LQ_RECOVERY_R4_STATIC_MATCH_V1
1470,2026-01-07T18:04:45.000000,F3,0,0.6611133685493702,0,1,0.18318033876106787,LQ_RECOVERY_R4_STATIC_MATCH_V1
1490,2026-01-09T15:09:52.000000,F3,0,0.890488110137672,1,0.9090909090909091,0.1720564567285352,LQ_RECOVERY_R4_STATIC_MATCH_V1
1501,2026-02-28T09:20:00.000000,F3,1,0.7708029197080293,0,0.9090909090909091,0.1944978715492146,LQ_RECOVERY_R4_STATIC_MATCH_V1
1524,2026-01-03T08:53:26.000000,F3,0,0,0,1,0.2058580869787685,LQ_RECOVERY_R4_STATIC_MATCH_V1
1546,2026-01-17T10:46:00.000000,F3,0,0.43743334518307864,0.5,0.9090909090909091,0.1962470662449293,LQ_RECOVERY_R4_STATIC_MATCH_V1
1560,2026-02-16T15:54:07.000000,F3,1,0.4439511653718091,0,1,0.19040824267625794,LQ_RECOVERY_R4_STATIC_MATCH_V1
1566,2026-01-05T11:38:20.000000,F3,1,0.8790686623901163,0,0.9090909090909091,0.19080788553942732,LQ_RECOVERY_R4_STATIC_MATCH_V1
1580,2026-02-01T16:38:00.000000,F3,0,0,0,1,0.2058580869787685,LQ_RECOVERY_R4_STATIC_MATCH_V1
1590,2026-02-01T16:57:32.000000,F3,0,0,0,1,0.2058580869787685,LQ_RECOVERY_R4_STATIC_MATCH_V1
1598,2026-01-18T15:31:24.000000,F3,0,0.30249224515991024,0,1,0.19523264765123943,LQ_RECOVERY_R4_STATIC_MATCH_V1
1602,2026-01-16T17:39:46.000000,F3,0,0,0,0.8181818181818182,0.239723380084378,LQ_RECOVERY_R4_STATIC_MATCH_V1
1608,2026-01-26T09:19:25.000000,F3,1,0.31750893312914763,0,1,0.19471614809661575,LQ_RECOVERY_R4_STATIC_MATCH_V1
1610,2026-02-02T09:11:31.000000,F3,1,0,1,1,0.18634664567716966,LQ_RECOVERY_R4_STATIC_MATCH_V1
1611,2026-02-05T12:32:50.000000,F3,0,0,0,1,0.2058580869787685,LQ_RECOVERY_R4_STATIC_MATCH_V1
1614,2026-01-09T19:58:53.000000,F3,0,0.45385996409335727,0,0.9090909090909091,0.2056102514385442,LQ_RECOVERY_R4_STATIC_MATCH_V1
1618,2026-01-28T09:01:00.000000,F3,0,0,0,1,0.2058580869787685,LQ_RECOVERY_R4_STATIC_MATCH_V1
1625,2026-01-29T10:51:45.000000,F3,0,0,0.8,0.9090909090909091,0.20567157229134217,LQ_RECOVERY_R4_STATIC_MATCH_V1
1648,2026-02-07T17:36:25.000000,F3,0,0.19999999999999996,0,0.9090909090909091,0.21484528906348724,LQ_RECOVERY_R4_STATIC_MATCH_V1
1652,2026-01-04T19:28:00.000000,F3,0,0.19999999999999996,0,0.9090909090909091,0.21484528906348724,LQ_RECOVERY_R4_STATIC_MATCH_V1
1664,2026-01-03T09:24:13.000000,F3,0,0.20000000000000007,0,1,0.1987855810893704,LQ_RECOVERY_R4_STATIC_MATCH_V1
1667,2026-01-03T19:37:10.000000,F3,0,0.20000000000000007,0,1,0.1987855810893704,LQ_RECOVERY_R4_STATIC_MATCH_V1
1675,2026-02-09T18:44:40.000000,F3,0,0,0,0.9090909090909091,0.22233062254734906,LQ_RECOVERY_R4_STATIC_MATCH_V1
1676,2026-01-07T19:33:47.000000,F3,0,0,0,1,0.2058580869787685,LQ_RECOVERY_R4_STATIC_MATCH_V1
1714,2026-02-04T14:14:48.000000,F3,0,0,1,1,0.18634664567716966,LQ_RECOVERY_R4_STATIC_MATCH_V1
1717,2026-01-31T09:12:56.000000,F3,0,0,1,1,0.18634664567716966,LQ_RECOVERY_R4_STATIC_MATCH_V1
1730,2026-01-30T13:24:54.000000,F3,0,0,0.5,1,0.19591872154965076,LQ_RECOVERY_R4_STATIC_MATCH_V1
1745,2026-02-14T19:24:00.000000,F3,1,0,1,1,0.18634664567716966,LQ_RECOVERY_R4_STATIC_MATCH_V1
1751,2026-01-20T16:51:23.000000,F3,1,0,0,1,0.2058580869787685,LQ_RECOVERY_R4_STATIC_MATCH_V1
1752,2026-02-04T10:53:35.000000,F3,0,0.7485265225933202,0,1,0.18033161915394555,LQ_RECOVERY_R4_STATIC_MATCH_V1
1754,2026-02-13T07:14:36.000000,F3,0,0.20000000000000007,1,0.7272727272727273,0.2272447452616376,LQ_RECOVERY_R4_STATIC_MATCH_V1
1769,2026-02-03T13:14:15.000000,F3,0,0,0,1,0.2058580869787685,LQ_RECOVERY_R4_STATIC_MATCH_V1
1772,2026-02-27T20:59:44.000000,F3,0,0.2341979725700657,0.5,1,0.18795989945928424,LQ_RECOVERY_R4_STATIC_MATCH_V1
1773,2026-01-23T17:35:16.000000,F3,0,0.29776200873362435,1,0.9090909090909091,0.19135399219571042,LQ_RECOVERY_R4_STATIC_MATCH_V1
1776,2026-01-12T08:17:13.000000,F3,1,0.20000000000000007,0,0.9090909090909091,0.21484528906348724,LQ_RECOVERY_R4_STATIC_MATCH_V1
1798,2026-01-18T18:01:46.000000,F3,0,0.19999999999999996,0,1,0.1987855810893704,LQ_RECOVERY_R4_STATIC_MATCH_V1
1809,2026-01-28T19:23:33.000000,F3,0,0.19999999999999996,0,1,0.1987855810893704,LQ_RECOVERY_R4_STATIC_MATCH_V1
1810,2026-02-03T13:40:12.000000,F3,0,0.19999999999999996,0,0.8181818181818182,0.23182703646165223,LQ_RECOVERY_R4_STATIC_MATCH_V1
1815,2026-01-17T13:08:57.000000,F3,0,0.6397976391231028,0,0.9090909090909091,0.19903493288237095,LQ_RECOVERY_R4_STATIC_MATCH_V1
1836,2026-01-27T08:29:00.000000,F3,0,0,1,0.8181818181818182,0.21788279687840936,LQ_RECOVERY_R4_STATIC_MATCH_V1
1857,2026-01-11T11:39:51.000000,F3,1,0,0.5,1,0.19591872154965076,LQ_RECOVERY_R4_STATIC_MATCH_V1
1859,2026-02-20T17:52:02.000000,F3,0,0,0,1,0.2058580869787685,LQ_RECOVERY_R4_STATIC_MATCH_V1
1887,2026-01-10T15:16:17.000000,F3,0,0.20000000000000007,0.5,1,0.18910637942408998,LQ_RECOVERY_R4_STATIC_MATCH_V1
1889,2026-01-27T14:57:00.000000,F3,0,0.2678018575851393,1,1,0.17761211118009898,LQ_RECOVERY_R4_STATIC_MATCH_V1
1906,2026-02-09T10:15:28.000000,F3,0,0.5483701366982122,1,1,0.16880895315908134,LQ_RECOVERY_R4_STATIC_MATCH_V1
1918,2026-02-17T07:43:14.000000,F3,0,0,0,1,0.2058580869787685,LQ_RECOVERY_R4_STATIC_MATCH_V1
1930,2026-01-12T11:52:43.000000,F3,0,0,0,1,0.2058580869787685,LQ_RECOVERY_R4_STATIC_MATCH_V1
1944,2026-02-18T13:22:40.000000,F3,1,0,0,1,0.2058580869787685,LQ_RECOVERY_R4_STATIC_MATCH_V1
1947,2026-02-10T12:01:41.000000,F3,0,0,0,0.8181818181818182,0.239723380084378,LQ_RECOVERY_R4_STATIC_MATCH_V1
1951,2026-02-10T13:12:42.000000,F3,0,0.1766089373530041,0,0.9090909090909091,0.2157112016303965,LQ_RECOVERY_R4_STATIC_MATCH_V1
1963,2026-01-23T19:35:31.000000,F3,0,0,0,0.9090909090909091,0.22233062254734906,LQ_RECOVERY_R4_STATIC_MATCH_V1
1965,2026-02-26T07:47:23.000000,F3,0,0.3372224313135115,0,1,0.1940396752981145,LQ_RECOVERY_R4_STATIC_MATCH_V1
1977,2026-01-11T08:05:49.000000,F3,0,0,0,1,0.2058580869787685,LQ_RECOVERY_R4_STATIC_MATCH_V1
1987,2026-02-02T12:04:47.000000,F3,0,0,0,1,0.2058580869787685,LQ_RECOVERY_R4_STATIC_MATCH_V1
1997,2026-02-25T18:16:11.000000,F3,0,0.19999999999999996,0,0.8181818181818182,0.23182703646165223,LQ_RECOVERY_R4_STATIC_MATCH_V1
1999,2026-02-20T09:58:15.000000,F3,1,0,1,0.9090909090909091,0.2016543500481516,LQ_RECOVERY_R4_STATIC_MATCH_V1
2007,2026-02-07T17:14:53.000000,F3,0,0,0,1,0.2058580869787685,LQ_RECOVERY_R4_STATIC_MATCH_V1
2013,2026-01-13T19:00:02.000000,F3,0,0,0,1,0.2058580869787685,LQ_RECOVERY_R4_STATIC_MATCH_V1
2019,2026-02-13T17:06:45.000000,F3,0,0.6788496105452367,1,1,0.16483498192871723,LQ_RECOVERY_R4_STATIC_MATCH_V1
2024,2026-01-11T10:24:19.000000,F3,0,0.6525109538254128,0,1,0.18346256244788092,LQ_RECOVERY_R4_STATIC_MATCH_V1
2026,2026-01-07T07:57:27.000000,F3,0,0.20000000000000007,1,1,0.17979271519221088,LQ_RECOVERY_R4_STATIC_MATCH_V1
2034,2026-02-03T13:07:29.000000,F3,1,0,0.5,0.8181818181818182,0.2286196281327897,LQ_RECOVERY_R4_STATIC_MATCH_V1
2039,2026-01-14T08:29:40.000000,F3,0,0.19999999999999996,1,0.9090909090909091,0.19469086173537214,LQ_RECOVERY_R4_STATIC_MATCH_V1
2049,2026-01-20T20:58:33.000000,F3,0,0.46159754224270355,0,1,0.18981286034345046,LQ_RECOVERY_R4_STATIC_MATCH_V1
2054,2026-01-10T20:02:17.000000,F3,1,0.4445083381253594,0,1,0.1903894220531068,LQ_RECOVERY_R4_STATIC_MATCH_V1
2057,2026-02-25T09:55:35.000000,F3,0,0.502734375,1,1,0.17021677437429783,LQ_RECOVERY_R4_STATIC_MATCH_V1
2069,2026-01-30T15:21:00.000000,F3,0,0,0,1,0.2058580869787685,LQ_RECOVERY_R4_STATIC_MATCH_V1
2079,2026-01-04T15:49:34.000000,F3,0,0.22111706197398617,0,0.9090909090909091,0.21406572856074585,LQ_RECOVERY_R4_STATIC_MATCH_V1
2089,2026-01-03T19:01:14.000000,F3,1,0.45178258328462884,0,1,0.19014383737438076,LQ_RECOVERY_R4_STATIC_MATCH_V1
2090,2026-01-14T20:11:54.000000,F3,0,0,0,0.9090909090909091,0.22233062254734906,LQ_RECOVERY_R4_STATIC_MATCH_V1
2093,2026-01-10T09:53:58.000000,F3,1,0,0,1,0.2058580869787685,LQ_RECOVERY_R4_STATIC_MATCH_V1
2096,2026-01-22T10:02:01.000000,F3,0,0,1,1,0.18634664567716966,LQ_RECOVERY_R4_STATIC_MATCH_V1
2103,2026-01-10T18:13:32.000000,F3,0,0,0,1,0.2058580869787685,LQ_RECOVERY_R4_STATIC_MATCH_V1
2108,2026-01-04T16:32:50.000000,F3,1,0.21913580246913578,0.8,1,0.182847142843828,LQ_RECOVERY_R4_STATIC_MATCH_V1
2110,2026-02-10T10:07:28.000000,F3,0,0.19999999999999996,0,1,0.1987855810893704,LQ_RECOVERY_R4_STATIC_MATCH_V1
2117,2026-01-04T19:39:21.000000,F3,0,0.7923809523809524,0,1,0.17891550972956424,LQ_RECOVERY_R4_STATIC_MATCH_V1
2118,2026-02-09T13:33:52.000000,F3,1,0,0,0.9090909090909091,0.22233062254734906,LQ_RECOVERY_R4_STATIC_MATCH_V1
2141,2026-02-08T12:08:11.000000,F3,0,0.956298600311042,1,0.9090909090909091,0.17001180681380995,LQ_RECOVERY_R4_STATIC_MATCH_V1
2156,2026-01-30T07:09:39.000000,F3,0,0,1,0.9090909090909091,0.2016543500481516,LQ_RECOVERY_R4_STATIC_MATCH_V1
2164,2026-02-04T11:47:57.000000,F3,0,0,0,1,0.2058580869787685,LQ_RECOVERY_R4_STATIC_MATCH_V1
2175,2026-01-19T08:57:15.000000,F3,0,0.7630294387051143,1,1,0.1623112142838812,LQ_RECOVERY_R4_STATIC_MATCH_V1
2185,2026-01-09T17:54:43.000000,F3,0,0.19999999999999996,0.8,0.9090909090909091,0.19860387180491323,LQ_RECOVERY_R4_STATIC_MATCH_V1
2190,2026-01-30T17:43:25.000000,F3,1,0.7158419497784343,0,1,0.1813927164797368,LQ_RECOVERY_R4_STATIC_MATCH_V1
2196,2026-02-03T16:04:23.000000,F3,0,0.19999999999999996,0.5,0.9090909090909091,0.20458378430756502,LQ_RECOVERY_R4_STATIC_MATCH_V1
2210,2026-01-30T18:24:38.000000,F3,0,0.19999999999999996,0,1,0.1987855810893704,LQ_RECOVERY_R4_STATIC_MATCH_V1
2214,2026-02-24T14:48:01.000000,F3,0,0,0,1,0.2058580869787685,LQ_RECOVERY_R4_STATIC_MATCH_V1
2215,2026-02-10T17:28:06.000000,F3,0,0,0,1,0.2058580869787685,LQ_RECOVERY_R4_STATIC_MATCH_V1
2218,2026-01-10T07:45:58.000000,F3,0,0,0,1,0.2058580869787685,LQ_RECOVERY_R4_STATIC_MATCH_V1
2221,2026-01-04T09:47:19.000000,F3,0,0.19999999999999996,0,1,0.1987855810893704,LQ_RECOVERY_R4_STATIC_MATCH_V1
2227,2026-01-27T13:10:01.000000,F3,0,0.19999999999999996,0,1,0.1987855810893704,LQ_RECOVERY_R4_STATIC_MATCH_V1
2248,2026-02-07T19:55:23.000000,F3,1,0.4057868736767818,0,1,0.19170077412902842,LQ_RECOVERY_R4_STATIC_MATCH_V1
2251,2026-02-22T18:34:54.000000,F3,0,0.2571929824561404,0,0.9090909090909091,0.2127387110028092,LQ_RECOVERY_R4_STATIC_MATCH_V1
2262,2026-01-09T16:56:14.000000,F3,1,0.19999999999999996,1,1,0.17979271519221088,LQ_RECOVERY_R4_STATIC_MATCH_V1
2270,2026-01-28T19:04:27.000000,F3,0,0.2565256525652565,0,0.9090909090909091,0.21276320349417366,LQ_RECOVERY_R4_STATIC_MATCH_V1
2271,2026-01-12T11:10:00.000000,F3,0,0.3421461897356143,0,0.9090909090909091,0.20963754392079606,LQ_RECOVERY_R4_STATIC_MATCH_V1
2284,2026-01-01T13:56:49.000000,F3,1,0.19999999999999996,0.5,1,0.18910637942408998,LQ_RECOVERY_R4_STATIC_MATCH_V1
2285,2026-01-12T10:05:43.000000,F3,0,0,0,1,0.2058580869787685,LQ_RECOVERY_R4_STATIC_MATCH_V1
2288,2026-02-27T08:08:00.000000,F3,1,0.5620950323974082,0.8,0.9090909090909091,0.1862762327249614,LQ_RECOVERY_R4_STATIC_MATCH_V1
2289,2026-02-15T08:48:54.000000,F3,0,0.30731682513855696,1,1,0.1763508464480475,LQ_RECOVERY_R4_STATIC_MATCH_V1
2296,2026-02-19T12:12:41.000000,F3,0,0,0.5,1,0.19591872154965076,LQ_RECOVERY_R4_STATIC_MATCH_V1
2298,2026-02-04T17:25:31.000000,F3,0,0,0.5,1,0.19591872154965076,LQ_RECOVERY_R4_STATIC_MATCH_V1
2303,2026-01-09T18:48:14.000000,F3,1,0.19999999999999996,1,0.9090909090909091,0.19469086173537214,LQ_RECOVERY_R4_STATIC_MATCH_V1
2304,2026-01-18T12:03:24.000000,F3,0,0,1,0.9090909090909091,0.2016543500481516,LQ_RECOVERY_R4_STATIC_MATCH_V1
2317,2026-02-19T19:38:29.000000,F3,1,0.19999999999999996,1,1,0.17979271519221088,LQ_RECOVERY_R4_STATIC_MATCH_V1
2334,2026-02-28T20:08:07.000000,F3,0,0.19999999999999996,0,0.9090909090909091,0.21484528906348724,LQ_RECOVERY_R4_STATIC_MATCH_V1
2340,2026-01-23T10:05:24.000000,F3,0,0.6201743462017435,1,1,0.1666126679809457,LQ_RECOVERY_R4_STATIC_MATCH_V1
2343,2026-01-12T18:36:45.000000,F3,1,0,0,1,0.2058580869787685,LQ_RECOVERY_R4_STATIC_MATCH_V1
2352,2026-02-06T09:28:28.000000,F3,0,0.7935130196436728,0,0.9090909090909091,0.19371938943000155,LQ_RECOVERY_R4_STATIC_MATCH_V1
2366,2026-02-24T08:06:17.000000,F3,0,0.19999999999999996,0.5,1,0.18910637942408998,LQ_RECOVERY_R4_STATIC_MATCH_V1
2411,2026-02-02T16:24:02.000000,F3,0,0,0,0.9090909090909091,0.22233062254734906,LQ_RECOVERY_R4_STATIC_MATCH_V1
2426,2026-01-23T14:31:40.000000,F3,0,0.25386872998932775,0,1,0.19691217209372172,LQ_RECOVERY_R4_STATIC_MATCH_V1
2429,2026-01-17T14:24:47.000000,F3,0,0,1,1,0.18634664567716966,LQ_RECOVERY_R4_STATIC_MATCH_V1
2437,2026-02-03T11:41:20.000000,F3,0,0.19999999999999996,0,1,0.1987855810893704,LQ_RECOVERY_R4_STATIC_MATCH_V1
2445,2026-01-15T13:28:37.000000,F3,1,0.19999999999999996,0,0.9090909090909091,0.21484528906348724,LQ_RECOVERY_R4_STATIC_MATCH_V1
2447,2026-01-31T10:11:23.000000,F3,1,0.19999999999999996,0,1,0.1987855810893704,LQ_RECOVERY_R4_STATIC_MATCH_V1
2454,2026-01-27T11:27:13.000000,F3,1,0,0,0.9090909090909091,0.22233062254734906,LQ_RECOVERY_R4_STATIC_MATCH_V1
2455,2026-02-12T07:22:06.000000,F3,1,0.19999999999999996,0,1,0.1987855810893704,LQ_RECOVERY_R4_STATIC_MATCH_V1
2467,2026-01-06T16:57:30.000000,F3,1,0,0,1,0.2058580869787685,LQ_RECOVERY_R4_STATIC_MATCH_V1
2475,2026-01-01T20:22:41.000000,F3,0,0.19999999999999996,0,0.9090909090909091,0.21484528906348724,LQ_RECOVERY_R4_STATIC_MATCH_V1
2478,2026-02-01T10:15:17.000000,F3,0,0.5046207775653282,0,1,0.18836724960546425,LQ_RECOVERY_R4_STATIC_MATCH_V1
2481,2026-01-14T19:37:25.000000,F3,0,0.9247491638795986,0.5,1,0.1659448579831546,LQ_RECOVERY_R4_STATIC_MATCH_V1
2492,2026-02-28T20:11:00.000000,F3,1,0,0,0.9090909090909091,0.22233062254734906,LQ_RECOVERY_R4_STATIC_MATCH_V1
2499,2026-01-29T14:32:12.000000,F3,0,0.2447792362768495,1,1,0.17835021726790617,LQ_RECOVERY_R4_STATIC_MATCH_V1
2508,2026-02-01T11:02:00.000000,F3,0,0,0,1,0.2058580869787685,LQ_RECOVERY_R4_STATIC_MATCH_V1
2509,2026-02-01T09:44:31.000000,F3,0,0.9860924181247196,0,1,0.17276436039149146,LQ_RECOVERY_R4_STATIC_MATCH_V1
2515,2026-01-02T19:13:43.000000,F3,0,0.19999999999999996,0,1,0.1987855810893704,LQ_RECOVERY_R4_STATIC_MATCH_V1
2520,2026-01-28T10:33:00.000000,F3,1,0,1,1,0.18634664567716966,LQ_RECOVERY_R4_STATIC_MATCH_V1
2529,2026-01-06T20:59:00.000000,F3,0,0.19999999999999996,1,1,0.17979271519221088,LQ_RECOVERY_R4_STATIC_MATCH_V1
2530,2026-01-03T12:46:54.000000,F3,0,0.20000000000000007,0.5,1,0.18910637942408998,LQ_RECOVERY_R4_STATIC_MATCH_V1
2533,2026-02-02T09:27:07.000000,F3,1,0,1,1,0.18634664567716966,LQ_RECOVERY_R4_STATIC_MATCH_V1
2535,2026-02-03T09:52:06.000000,F3,0,0.19999999999999996,0,0.8181818181818182,0.23182703646165223,LQ_RECOVERY_R4_STATIC_MATCH_V1
2545,2026-01-14T07:16:26.000000,F3,0,0,0,1,0.2058580869787685,LQ_RECOVERY_R4_STATIC_MATCH_V1
2562,2026-02-12T13:11:28.000000,F3,1,0.20526315789473681,0,0.9090909090909091,0.2146508008253156,LQ_RECOVERY_R4_STATIC_MATCH_V1
2569,2026-01-20T13:54:17.000000,F3,1,0,0,1,0.2058580869787685,LQ_RECOVERY_R4_STATIC_MATCH_V1
2578,2026-02-02T09:39:50.000000,F3,0,0,0,1,0.2058580869787685,LQ_RECOVERY_R4_STATIC_MATCH_V1
2589,2026-02-24T07:05:29.000000,F3,1,0.4172976810222432,0.5,1,0.18191237161633142,LQ_RECOVERY_R4_STATIC_MATCH_V1
2594,2026-02-27T18:14:17.000000,F3,0,0.19999999999999996,0,1,0.1987855810893704,LQ_RECOVERY_R4_STATIC_MATCH_V1
2598,2026-01-17T09:19:01.000000,F3,0,0,0,1,0.2058580869787685,LQ_RECOVERY_R4_STATIC_MATCH_V1
2616,2026-02-27T07:45:58.000000,F3,0,0.5632817468730125,0,0.9090909090909091,0.2017214534539969,LQ_RECOVERY_R4_STATIC_MATCH_V1
2625,2026-01-29T13:04:05.000000,F3,0,0,0,1,0.2058580869787685,LQ_RECOVERY_R4_STATIC_MATCH_V1
2627,2026-01-04T14:41:36.000000,F3,0,0,1,0.9090909090909091,0.2016543500481516,LQ_RECOVERY_R4_STATIC_MATCH_V1
2630,2026-01-18T11:00:45.000000,F3,0,0,1,0.9090909090909091,0.2016543500481516,LQ_RECOVERY_R4_STATIC_MATCH_V1
2631,2026-02-27T16:13:40.000000,F3,0,0.19999999999999996,0,0.9090909090909091,0.21484528906348724,LQ_RECOVERY_R4_STATIC_MATCH_V1
2632,2026-01-17T11:52:17.000000,F3,1,0.19999999999999996,0,1,0.1987855810893704,LQ_RECOVERY_R4_STATIC_MATCH_V1
2641,2026-02-01T13:55:12.000000,F3,0,0.19999999999999996,0,1,0.1987855810893704,LQ_RECOVERY_R4_STATIC_MATCH_V1
2645,2026-01-10T17:20:23.000000,F3,0,0,0,1,0.2058580869787685,LQ_RECOVERY_R4_STATIC_MATCH_V1
2654,2026-01-17T19:39:57.000000,F3,0,0.20000000000000007,0,0.8181818181818182,0.23182703646165223,LQ_RECOVERY_R4_STATIC_MATCH_V1
2659,2026-02-04T08:23:57.000000,F3,0,0.20000000000000007,1,0.9090909090909091,0.19469086173537214,LQ_RECOVERY_R4_STATIC_MATCH_V1
2661,2026-02-15T12:50:57.000000,F3,0,0.19999999999999996,1,1,0.17979271519221088,LQ_RECOVERY_R4_STATIC_MATCH_V1
2668,2026-01-20T11:27:09.000000,F3,0,0,0,0.9090909090909091,0.22233062254734906,LQ_RECOVERY_R4_STATIC_MATCH_V1
2677,2026-02-19T10:09:12.000000,F3,0,0.7509859921120632,0,1,0.1802519692229562,LQ_RECOVERY_R4_STATIC_MATCH_V1
2686,2026-02-25T09:38:08.000000,F3,1,0,1,1,0.18634664567716966,LQ_RECOVERY_R4_STATIC_MATCH_V1
2690,2026-02-26T15:23:55.000000,F3,0,0,0,1,0.2058580869787685,LQ_RECOVERY_R4_STATIC_MATCH_V1
2699,2026-01-20T08:17:24.000000,F3,0,0.35591274397244543,0,1,0.19339996255084557,LQ_RECOVERY_R4_STATIC_MATCH_V1
2700,2026-02-01T16:56:15.000000,F3,0,0,0,0.9090909090909091,0.22233062254734906,LQ_RECOVERY_R4_STATIC_MATCH_V1
2712,2026-02-14T20:16:21.000000,F3,0,0,0,1,0.2058580869787685,LQ_RECOVERY_R4_STATIC_MATCH_V1
2717,2026-02-18T14:22:12.000000,F3,1,0.20000000000000007,0,0.9090909090909091,0.21484528906348724,LQ_RECOVERY_R4_STATIC_MATCH_V1
2721,2026-01-21T07:57:20.000000,F3,1,0,0,1,0.2058580869787685,LQ_RECOVERY_R4_STATIC_MATCH_V1
2727,2026-02-01T12:21:37.000000,F3,0,0,0,1,0.2058580869787685,LQ_RECOVERY_R4_STATIC_MATCH_V1
2731,2026-02-05T16:16:51.000000,F3,1,0.19999999999999996,1,1,0.17979271519221088,LQ_RECOVERY_R4_STATIC_MATCH_V1
2744,2026-02-20T10:48:59.000000,F3,1,0.5023839069949709,0,1,0.18844220119951896,LQ_RECOVERY_R4_STATIC_MATCH_V1
2746,2026-02-01T11:55:09.000000,F3,0,0,0,1,0.2058580869787685,LQ_RECOVERY_R4_STATIC_MATCH_V1
2752,2026-02-14T11:29:30.000000,F3,1,0.19999999999999996,0,1,0.1987855810893704,LQ_RECOVERY_R4_STATIC_MATCH_V1
2758,2026-02-26T18:59:31.000000,F3,0,0.8842324402606806,0.5,1,0.16717736314045462,LQ_RECOVERY_R4_STATIC_MATCH_V1
2762,2026-01-28T10:41:03.000000,F3,0,0,0.5,1,0.19591872154965076,LQ_RECOVERY_R4_STATIC_MATCH_V1
2766,2026-01-10T09:32:23.000000,F3,0,0,0,1,0.2058580869787685,LQ_RECOVERY_R4_STATIC_MATCH_V1
2774,2026-01-28T15:53:15.000000,F3,0,0.38885854724194435,0,1,0.19227623426673912,LQ_RECOVERY_R4_STATIC_MATCH_V1
2779,2026-02-25T08:53:00.000000,F3,0,0,0,1,0.2058580869787685,LQ_RECOVERY_R4_STATIC_MATCH_V1
2782,2026-02-05T13:04:34.000000,F3,0,0.536603548531385,1,0.9090909090909091,0.18338584232749966,LQ_RECOVERY_R4_STATIC_MATCH_V1
2788,2026-01-21T11:48:24.000000,F3,0,0,0,0.9090909090909091,0.22233062254734906,LQ_RECOVERY_R4_STATIC_MATCH_V1
2800,2026-02-09T08:03:26.000000,F3,0,0,0,0.9090909090909091,0.22233062254734906,LQ_RECOVERY_R4_STATIC_MATCH_V1
2804,2026-01-15T11:42:56.000000,F3,0,0.19999999999999996,1,0.9090909090909091,0.19469086173537214,LQ_RECOVERY_R4_STATIC_MATCH_V1
2812,2026-02-27T11:42:59.000000,F3,0,0.46947595894111294,1,1,0.17124863356050124,LQ_RECOVERY_R4_STATIC_MATCH_V1
2813,2026-02-10T08:55:31.000000,F3,0,0.7027532745255278,0,1,0.18181899810540927,LQ_RECOVERY_R4_STATIC_MATCH_V1
2824,2026-02-18T13:17:37.000000,F3,0,0.20000000000000007,0,1,0.1987855810893704,LQ_RECOVERY_R4_STATIC_MATCH_V1
2828,2026-02-16T15:06:51.000000,F3,0,0.19999999999999996,0,0.8181818181818182,0.23182703646165223,LQ_RECOVERY_R4_STATIC_MATCH_V1
2838,2026-01-01T18:03:35.000000,F3,0,0.34879328436516266,0,1,0.19364345083737913,LQ_RECOVERY_R4_STATIC_MATCH_V1
2839,2026-02-22T13:33:41.000000,F3,0,0,0,0.9090909090909091,0.22233062254734906,LQ_RECOVERY_R4_STATIC_MATCH_V1
2841,2026-02-22T20:07:46.000000,F3,1,0.8898141443398504,0,1,0.1758004384604719,LQ_RECOVERY_R4_STATIC_MATCH_V1
2844,2026-02-07T16:33:44.000000,F3,0,0.797516384960331,0.5,1,0.1698398070175263,LQ_RECOVERY_R4_STATIC_MATCH_V1
2852,2026-01-11T15:40:25.000000,F3,0,0.44847954495733977,0,1,0.19025532068942608,LQ_RECOVERY_R4_STATIC_MATCH_V1
2854,2026-02-09T11:07:34.000000,F3,0,0,0,0.9090909090909091,0.22233062254734906,LQ_RECOVERY_R4_STATIC_MATCH_V1
2875,2026-02-23T18:36:27.000000,F3,1,0,0,0.9090909090909091,0.22233062254734906,LQ_RECOVERY_R4_STATIC_MATCH_V1
2877,2026-01-16T15:36:52.000000,F3,0,0,1,0.9090909090909091,0.2016543500481516,LQ_RECOVERY_R4_STATIC_MATCH_V1
2878,2026-01-15T12:17:09.000000,F3,1,0,0,0.9090909090909091,0.22233062254734906,LQ_RECOVERY_R4_STATIC_MATCH_V1
2879,2026-02-24T09:25:39.000000,F3,0,0.7990155144376565,0,1,0.17870203127065637,LQ_RECOVERY_R4_STATIC_MATCH_V1
2884,2026-02-02T12:14:00.000000,F3,0,0,0,0.9090909090909091,0.22233062254734906,LQ_RECOVERY_R4_STATIC_MATCH_V1
2889,2026-02-08T19:49:18.000000,F3,0,0.19999999999999996,0,0.9090909090909091,0.21484528906348724,LQ_RECOVERY_R4_STATIC_MATCH_V1
2892,2026-01-26T15:32:42.000000,F3,0,0.212075754734671,0,0.9090909090909091,0.21439924656140338,LQ_RECOVERY_R4_STATIC_MATCH_V1
2898,2026-02-26T09:01:01.000000,F3,0,0,0,1,0.2058580869787685,LQ_RECOVERY_R4_STATIC_MATCH_V1
2905,2026-01-08T13:31:22.000000,F3,0,0.20000000000000007,0,1,0.1987855810893704,LQ_RECOVERY_R4_STATIC_MATCH_V1
2908,2026-02-19T17:00:33.000000,F3,1,0,0,1,0.2058580869787685,LQ_RECOVERY_R4_STATIC_MATCH_V1
2925,2026-02-18T09:15:45.000000,F3,0,0.8562367864693446,1,1,0.15955324163770526,LQ_RECOVERY_R4_STATIC_MATCH_V1
2926,2026-01-19T16:19:39.000000,F3,1,0.19999999999999996,0,0.8181818181818182,0.23182703646165223,LQ_RECOVERY_R4_STATIC_MATCH_V1
2931,2026-02-17T20:01:49.000000,F3,0,0.19999999999999996,0,0.8181818181818182,0.23182703646165223,LQ_RECOVERY_R4_STATIC_MATCH_V1
2933,2026-02-28T13:24:43.000000,F3,0,0.19999999999999996,0,0.9090909090909091,0.21484528906348724,LQ_RECOVERY_R4_STATIC_MATCH_V1
2935,2026-02-19T15:36:00.000000,F3,0,0,1,0.8181818181818182,0.21788279687840936,LQ_RECOVERY_R4_STATIC_MATCH_V1
2939,2026-01-21T17:49:33.000000,F3,1,0.19999999999999996,1,0.9090909090909091,0.19469086173537214,LQ_RECOVERY_R4_STATIC_MATCH_V1
2941,2026-01-06T10:24:25.000000,F3,0,0,0,1,0.2058580869787685,LQ_RECOVERY_R4_STATIC_MATCH_V1
2948,2026-02-19T15:54:40.000000,F3,0,0.19999999999999996,0,0.9090909090909091,0.21484528906348724,LQ_RECOVERY_R4_STATIC_MATCH_V1
2956,2026-01-27T19:13:28.000000,F3,0,0.34933774834437104,0,0.9090909090909091,0.20937655123304974,LQ_RECOVERY_R4_STATIC_MATCH_V1
2958,2026-02-20T15:15:26.000000,F3,1,0.19999999999999996,1,0.8181818181818182,0.21050667588004673,LQ_RECOVERY_R4_STATIC_MATCH_V1
2970,2026-01-15T11:23:28.000000,F3,1,0.19999999999999996,1,0.9090909090909091,0.19469086173537214,LQ_RECOVERY_R4_STATIC_MATCH_V1
2974,2026-01-12T09:54:55.000000,F3,0,0,0.8,1,0.19013154403879395,LQ_RECOVERY_R4_STATIC_MATCH_V1
2982,2026-01-01T18:12:23.000000,F3,0,0.20000000000000007,0.5,0.9090909090909091,0.20458378430756502,LQ_RECOVERY_R4_STATIC_MATCH_V1
2992,2026-02-21T10:18:15.000000,F3,0,0,0,1,0.2058580869787685,LQ_RECOVERY_R4_STATIC_MATCH_V1
2998,2026-01-31T17:06:07.000000,F3,0,0,0.5,1,0.19591872154965076,LQ_RECOVERY_R4_STATIC_MATCH_V1
3023,2026-01-01T16:40:19.000000,F3,0,0.6953405017921147,0.5,0.9090909090909091,0.1874852931331497,LQ_RECOVERY_R4_STATIC_MATCH_V1
3044,2026-02-20T13:22:46.000000,F3,0,0,0,1,0.2058580869787685,LQ_RECOVERY_R4_STATIC_MATCH_V1
3050,2026-02-08T17:17:09.000000,F3,0,0,0,1,0.2058580869787685,LQ_RECOVERY_R4_STATIC_MATCH_V1
3051,2026-01-07T12:09:56.000000,F3,0,0,0,1,0.2058580869787685,LQ_RECOVERY_R4_STATIC_MATCH_V1
3053,2026-01-14T16:45:07.000000,F3,0,0,0,0.9090909090909091,0.22233062254734906,LQ_RECOVERY_R4_STATIC_MATCH_V1
3056,2026-01-31T11:11:10.000000,F3,1,0,0,0.9090909090909091,0.22233062254734906,LQ_RECOVERY_R4_STATIC_MATCH_V1
3060,2026-02-08T12:13:25.000000,F3,0,0.5749799518845229,0,1,0.1860213783923739,LQ_RECOVERY_R4_STATIC_MATCH_V1
3065,2026-01-18T15:05:02.000000,F3,0,0.19999999999999996,0,1,0.1987855810893704,LQ_RECOVERY_R4_STATIC_MATCH_V1
3069,2026-01-31T10:10:41.000000,F3,0,0,0,1,0.2058580869787685,LQ_RECOVERY_R4_STATIC_MATCH_V1
3081,2026-02-15T17:10:36.000000,F3,1,0,0,1,0.2058580869787685,LQ_RECOVERY_R4_STATIC_MATCH_V1
3099,2026-01-08T11:28:18.000000,F3,1,0.31397174254317106,0,1,0.19483771655242768,LQ_RECOVERY_R4_STATIC_MATCH_V1
3129,2026-01-07T12:40:42.000000,F3,1,0,0,0.9090909090909091,0.22233062254734906,LQ_RECOVERY_R4_STATIC_MATCH_V1
3143,2026-02-10T08:53:55.000000,F3,0,0.3310204081632653,0.8,1,0.17921230527966092,LQ_RECOVERY_R4_STATIC_MATCH_V1
3150,2026-01-27T08:29:49.000000,F3,0,0,0,1,0.2058580869787685,LQ_RECOVERY_R4_STATIC_MATCH_V1
3157,2026-02-13T17:31:19.000000,F3,1,0.19999999999999996,1,1,0.17979271519221088,LQ_RECOVERY_R4_STATIC_MATCH_V1
3163,2026-02-10T12:15:34.000000,F3,1,0.19999999999999996,0,1,0.1987855810893704,LQ_RECOVERY_R4_STATIC_MATCH_V1
3188,2026-01-23T10:54:26.000000,F3,0,0.19999999999999996,0,1,0.1987855810893704,LQ_RECOVERY_R4_STATIC_MATCH_V1
3218,2026-01-01T11:09:30.000000,F3,0,0,1,1,0.18634664567716966,LQ_RECOVERY_R4_STATIC_MATCH_V1
3227,2026-01-26T14:51:45.000000,F3,1,0,0,1,0.2058580869787685,LQ_RECOVERY_R4_STATIC_MATCH_V1
3250,2026-01-27T13:47:47.000000,F3,1,0.19999999999999996,0,1,0.1987855810893704,LQ_RECOVERY_R4_STATIC_MATCH_V1
3253,2026-02-21T09:31:18.000000,F3,0,0,0,1,0.2058580869787685,LQ_RECOVERY_R4_STATIC_MATCH_V1
3254,2026-02-10T18:53:54.000000,F3,0,0,0,1,0.2058580869787685,LQ_RECOVERY_R4_STATIC_MATCH_V1
3280,2026-02-01T12:15:20.000000,F3,0,0.19999999999999996,0,0.9090909090909091,0.21484528906348724,LQ_RECOVERY_R4_STATIC_MATCH_V1
3294,2026-02-03T08:57:03.000000,F3,1,0,0,1,0.2058580869787685,LQ_RECOVERY_R4_STATIC_MATCH_V1
3302,2026-01-16T11:27:00.000000,F3,0,0,0.8,1,0.19013154403879395,LQ_RECOVERY_R4_STATIC_MATCH_V1
3307,2026-02-01T10:12:37.000000,F3,0,0.2579947474123282,0.5,0.9090909090909091,0.2025234875501887,LQ_RECOVERY_R4_STATIC_MATCH_V1
3329,2026-02-26T17:10:21.000000,F3,0,0,0,0.9090909090909091,0.22233062254734906,LQ_RECOVERY_R4_STATIC_MATCH_V1
3337,2026-01-14T07:43:05.000000,F3,1,0.19999999999999996,0,1,0.1987855810893704,LQ_RECOVERY_R4_STATIC_MATCH_V1
3343,2026-02-20T20:53:09.000000,F3,0,0.19999999999999996,0.5,1,0.18910637942408998,LQ_RECOVERY_R4_STATIC_MATCH_V1
3345,2026-01-21T18:00:52.000000,F3,0,0.19999999999999996,0,1,0.1987855810893704,LQ_RECOVERY_R4_STATIC_MATCH_V1
3357,2026-01-25T12:07:17.000000,F3,0,0,0,0.9090909090909091,0.22233062254734906,LQ_RECOVERY_R4_STATIC_MATCH_V1
3365,2026-01-02T16:09:05.000000,F3,0,0.8640149583545811,0,0.9090909090909091,0.19131773603771351,LQ_RECOVERY_R4_STATIC_MATCH_V1
3367,2026-02-22T16:02:00.000000,F3,0,0,0,0.9090909090909091,0.22233062254734906,LQ_RECOVERY_R4_STATIC_MATCH_V1
3387,2026-01-24T19:50:05.000000,F3,1,0.43640582155663377,0,0.9090909090909091,0.20623567521387842,LQ_RECOVERY_R4_STATIC_MATCH_V1
3392,2026-01-16T10:06:26.000000,F3,0,0,0,1,0.2058580869787685,LQ_RECOVERY_R4_STATIC_MATCH_V1
3399,2026-01-27T17:07:46.000000,F3,0,0,0,0.8181818181818182,0.239723380084378,LQ_RECOVERY_R4_STATIC_MATCH_V1
3400,2026-01-01T07:41:28.000000,F3,0,0.8912813272149664,0.5,1,0.16696241387632577,LQ_RECOVERY_R4_STATIC_MATCH_V1
3408,2026-02-22T19:06:05.000000,F3,1,0,0,0.9090909090909091,0.22233062254734906,LQ_RECOVERY_R4_STATIC_MATCH_V1
3420,2026-02-14T12:33:44.000000,F3,0,0,0,0.9090909090909091,0.22233062254734906,LQ_RECOVERY_R4_STATIC_MATCH_V1
3425,2026-02-02T20:29:06.000000,F3,0,0,1,0.9090909090909091,0.2016543500481516,LQ_RECOVERY_R4_STATIC_MATCH_V1
3450,2026-01-01T17:10:44.000000,F3,0,0,0.5,1,0.19591872154965076,LQ_RECOVERY_R4_STATIC_MATCH_V1
3464,2026-01-29T07:11:27.000000,F3,0,0.4349553128103276,0.5,1,0.1813372383395307,LQ_RECOVERY_R4_STATIC_MATCH_V1
3485,2026-02-27T10:55:29.000000,F3,0,0.7008928571428572,0,1,0.18187965275447418,LQ_RECOVERY_R4_STATIC_MATCH_V1
3486,2026-02-04T14:01:04.000000,F3,0,0.28798185941043086,0,1,0.19573271808043932,LQ_RECOVERY_R4_STATIC_MATCH_V1
3493,2026-02-06T18:13:00.000000,F3,0,0,0,1,0.2058580869787685,LQ_RECOVERY_R4_STATIC_MATCH_V1
3504,2026-01-20T13:51:40.000000,F3,0,0,0,1,0.2058580869787685,LQ_RECOVERY_R4_STATIC_MATCH_V1
3512,2026-02-25T20:03:00.000000,F3,1,0.19999999999999996,0,1,0.1987855810893704,LQ_RECOVERY_R4_STATIC_MATCH_V1
3517,2026-01-17T18:34:12.000000,F3,0,0,1,1,0.18634664567716966,LQ_RECOVERY_R4_STATIC_MATCH_V1
3523,2026-01-13T19:03:22.000000,F3,0,0,0.5,0.9090909090909091,0.2118080469203403,LQ_RECOVERY_R4_STATIC_MATCH_V1
3528,2026-02-10T08:27:59.000000,F3,1,0,0,1,0.2058580869787685,LQ_RECOVERY_R4_STATIC_MATCH_V1
3530,2026-01-02T10:15:20.000000,F3,0,0.7276847290640394,1,0.9090909090909091,0.17719817489004575,LQ_RECOVERY_R4_STATIC_MATCH_V1
3534,2026-01-16T14:30:55.000000,F3,0,0,0,1,0.2058580869787685,LQ_RECOVERY_R4_STATIC_MATCH_V1
3538,2026-01-28T08:17:43.000000,F3,0,0.19999999999999996,0,1,0.1987855810893704,LQ_RECOVERY_R4_STATIC_MATCH_V1
3540,2026-02-26T10:55:00.000000,F3,0,0,0,1,0.2058580869787685,LQ_RECOVERY_R4_STATIC_MATCH_V1
3565,2026-01-31T20:51:59.000000,F3,0,0.7507571168988492,0,1,0.18025938018942717,LQ_RECOVERY_R4_STATIC_MATCH_V1
3568,2026-02-19T20:39:26.000000,F3,1,0,0,1,0.2058580869787685,LQ_RECOVERY_R4_STATIC_MATCH_V1
3569,2026-01-29T08:11:48.000000,F3,0,0,0,1,0.2058580869787685,LQ_RECOVERY_R4_STATIC_MATCH_V1
3579,2026-02-09T09:00:13.000000,F3,1,0,0,1,0.2058580869787685,LQ_RECOVERY_R4_STATIC_MATCH_V1
3581,2026-01-23T09:30:50.000000,F3,0,0.19999999999999996,0,1,0.1987855810893704,LQ_RECOVERY_R4_STATIC_MATCH_V1
3589,2026-01-10T12:59:04.000000,F3,0,0,0,0.9090909090909091,0.22233062254734906,LQ_RECOVERY_R4_STATIC_MATCH_V1
3600,2026-02-21T15:19:49.000000,F3,0,0,0,1,0.2058580869787685,LQ_RECOVERY_R4_STATIC_MATCH_V1
3612,2026-02-08T15:17:02.000000,F3,1,0.20000000000000007,0,1,0.1987855810893704,LQ_RECOVERY_R4_STATIC_MATCH_V1
3613,2026-02-11T19:26:18.000000,F3,0,0.7175849554602443,0,1,0.18133600772360692,LQ_RECOVERY_R4_STATIC_MATCH_V1
3633,2026-02-14T15:34:01.000000,F3,0,0.4028808380619816,0,0.9090909090909091,0.20744090256800093,LQ_RECOVERY_R4_STATIC_MATCH_V1
3645,2026-01-26T07:57:24.000000,F3,0,0,1,1,0.18634664567716966,LQ_RECOVERY_R4_STATIC_MATCH_V1
3648,2026-02-25T07:19:57.000000,F3,0,0,0,1,0.2058580869787685,LQ_RECOVERY_R4_STATIC_MATCH_V1
3659,2026-01-14T11:18:12.000000,F3,1,0.556441717791411,0,0.9090909090909091,0.20196292576839553,LQ_RECOVERY_R4_STATIC_MATCH_V1
3666,2026-02-12T10:17:00.000000,F3,0,0.005771248688352437,1,1,0.18615496990804642,LQ_RECOVERY_R4_STATIC_MATCH_V1
3681,2026-01-02T10:49:58.000000,F3,0,0.4526394608760763,0,1,0.19011492442576003,LQ_RECOVERY_R4_STATIC_MATCH_V1
3685,2026-02-03T18:12:07.000000,F3,0,0,1,1,0.18634664567716966,LQ_RECOVERY_R4_STATIC_MATCH_V1
3688,2026-01-26T12:28:26.000000,F3,0,0.20000000000000007,0,1,0.1987855810893704,LQ_RECOVERY_R4_STATIC_MATCH_V1
3716,2026-01-19T20:59:00.000000,F3,0,0,1,1,0.18634664567716966,LQ_RECOVERY_R4_STATIC_MATCH_V1
3717,2026-01-28T09:39:46.000000,F3,0,0,0,0.9090909090909091,0.22233062254734906,LQ_RECOVERY_R4_STATIC_MATCH_V1
3727,2026-01-16T15:41:06.000000,F3,0,0.21232876712328774,0,1,0.19835564047851403,LQ_RECOVERY_R4_STATIC_MATCH_V1
3729,2026-02-24T14:21:07.000000,F3,0,0.19999999999999996,1,0.9090909090909091,0.19469086173537214,LQ_RECOVERY_R4_STATIC_MATCH_V1
3743,2026-02-17T18:55:00.000000,F3,0,0.2724077328646749,0,0.9090909090909091,0.2121808540790159,LQ_RECOVERY_R4_STATIC_MATCH_V1
3748,2026-01-28T12:48:30.000000,F3,0,0,0,0.9090909090909091,0.22233062254734906,LQ_RECOVERY_R4_STATIC_MATCH_V1
3758,2026-01-07T19:26:47.000000,F3,0,0,0,0.9090909090909091,0.22233062254734906,LQ_RECOVERY_R4_STATIC_MATCH_V1
3759,2026-01-14T12:51:42.000000,F3,0,0.41328413284132837,0,0.8181818181818182,0.22360834306369698,LQ_RECOVERY_R4_STATIC_MATCH_V1
3766,2026-01-29T20:22:38.000000,F3,0,0.7374715261958997,0,0.8181818181818182,0.21151768561669387,LQ_RECOVERY_R4_STATIC_MATCH_V1
3776,2026-01-01T16:20:00.000000,F3,0,0.19999999999999996,0,1,0.1987855810893704,LQ_RECOVERY_R4_STATIC_MATCH_V1
3782,2026-01-07T17:59:14.000000,F3,1,0,0,1,0.2058580869787685,LQ_RECOVERY_R4_STATIC_MATCH_V1
3821,2026-01-03T11:55:43.000000,F3,0,0.20000000000000007,1,0.9090909090909091,0.19469086173537214,LQ_RECOVERY_R4_STATIC_MATCH_V1
3829,2026-02-10T13:47:17.000000,F3,0,0,0,1,0.2058580869787685,LQ_RECOVERY_R4_STATIC_MATCH_V1
3834,2026-02-06T10:25:24.000000,F3,0,0.9957434733257662,0,1,0.17246231911362173,LQ_RECOVERY_R4_STATIC_MATCH_V1
3847,2026-01-30T13:22:55.000000,F3,0,0,0,1,0.2058580869787685,LQ_RECOVERY_R4_STATIC_MATCH_V1
3855,2026-02-25T20:43:02.000000,F3,0,0.6617066504706954,0,1,0.18316088708678607,LQ_RECOVERY_R4_STATIC_MATCH_V1
3860,2026-01-26T12:41:14.000000,F3,0,0.3170798147643694,0,1,0.1947308932484984,LQ_RECOVERY_R4_STATIC_MATCH_V1
3867,2026-01-18T16:11:19.000000,F3,0,0,0,1,0.2058580869787685,LQ_RECOVERY_R4_STATIC_MATCH_V1
3893,2026-02-11T11:37:30.000000,F3,0,0,1,1,0.18634664567716966,LQ_RECOVERY_R4_STATIC_MATCH_V1
3899,2026-01-25T10:38:00.000000,F3,0,0.20000000000000007,0.5,1,0.18910637942408998,LQ_RECOVERY_R4_STATIC_MATCH_V1
3904,2026-01-28T19:39:21.000000,F3,0,0,0.5,0.9090909090909091,0.2118080469203403,LQ_RECOVERY_R4_STATIC_MATCH_V1
3912,2026-01-08T10:22:00.000000,F3,0,0,0,1,0.2058580869787685,LQ_RECOVERY_R4_STATIC_MATCH_V1
3919,2026-01-02T17:27:17.000000,F3,0,0.3250452079566003,0,0.9090909090909091,0.21025912450030002,LQ_RECOVERY_R4_STATIC_MATCH_V1
3929,2026-01-20T09:30:00.000000,F3,0,0.8401332223147377,0,0.9090909090909091,0.19212871373490856,LQ_RECOVERY_R4_STATIC_MATCH_V1
3931,2026-02-02T19:07:00.000000,F3,0,0,0,1,0.2058580869787685,LQ_RECOVERY_R4_STATIC_MATCH_V1
3956,2026-02-27T12:59:43.000000,F3,0,0.19999999999999996,0,0.9090909090909091,0.21484528906348724,LQ_RECOVERY_R4_STATIC_MATCH_V1
3957,2026-02-03T13:30:00.000000,F3,0,0.7208043310131477,0,1,0.1812313015081662,LQ_RECOVERY_R4_STATIC_MATCH_V1
3960,2026-02-03T16:36:26.000000,F3,0,0.8234343434343435,0,0.9090909090909091,0.19269733035040165,LQ_RECOVERY_R4_STATIC_MATCH_V1
3966,2026-02-21T09:19:12.000000,F3,0,0,0,0.9090909090909091,0.22233062254734906,LQ_RECOVERY_R4_STATIC_MATCH_V1
3976,2026-02-17T09:29:00.000000,F3,0,0,1,0.9090909090909091,0.2016543500481516,LQ_RECOVERY_R4_STATIC_MATCH_V1
3980,2026-02-26T11:13:15.000000,F3,1,0.34412081984897513,0,0.9090909090909091,0.20956585776798195,LQ_RECOVERY_R4_STATIC_MATCH_V1
3982,2026-02-27T18:52:10.000000,F3,1,0,0,0.9090909090909091,0.22233062254734906,LQ_RECOVERY_R4_STATIC_MATCH_V1
3983,2026-01-14T13:36:52.000000,F3,0,0,0,1,0.2058580869787685,LQ_RECOVERY_R4_STATIC_MATCH_V1
3989,2026-01-20T11:15:00.000000,F3,0,0.20000000000000007,0,1,0.1987855810893704,LQ_RECOVERY_R4_STATIC_MATCH_V1
3992,2026-02-03T12:52:00.000000,F3,0,0.19999999999999996,0,1,0.1987855810893704,LQ_RECOVERY_R4_STATIC_MATCH_V1
3996,2026-01-11T10:08:03.000000,F3,0,0.6252319109461967,0.5,1,0.17522934290243666,LQ_RECOVERY_R4_STATIC_MATCH_V1
3999,2026-01-13T07:43:38.000000,F3,0,0.21978639685216406,0,1,0.19809591072446908,LQ_RECOVERY_R4_STATIC_MATCH_V1
4006,2026-02-15T16:01:20.000000,F3,0,0.19999999999999996,0,1,0.1987855810893704,LQ_RECOVERY_R4_STATIC_MATCH_V1
4011,2026-01-08T15:50:46.000000,F3,1,0,0,1,0.2058580869787685,LQ_RECOVERY_R4_STATIC_MATCH_V1
4014,2026-02-24T14:47:34.000000,F3,0,0.067579127459367,0,1,0.20344767202205594,LQ_RECOVERY_R4_STATIC_MATCH_V1
4016,2026-02-05T09:17:00.000000,F3,0,0,0,1,0.2058580869787685,LQ_RECOVERY_R4_STATIC_MATCH_V1
4017,2026-01-19T13:17:43.000000,F3,0,0.20000000000000007,0,1,0.1987855810893704,LQ_RECOVERY_R4_STATIC_MATCH_V1
4020,2026-01-21T07:15:10.000000,F3,0,0.28102544183336564,0,0.9090909090909091,0.21186535568404283,LQ_RECOVERY_R4_STATIC_MATCH_V1
4034,2026-01-02T08:51:50.000000,F3,0,0.24618414574101433,1,1,0.178305107100314,LQ_RECOVERY_R4_STATIC_MATCH_V1
4038,2026-02-16T15:46:52.000000,F3,0,0.4758091424758092,1,0.9090909090909091,0.1853893191045399,LQ_RECOVERY_R4_STATIC_MATCH_V1
4041,2026-01-04T13:25:47.000000,F3,0,0.19999999999999996,0,1,0.1987855810893704,LQ_RECOVERY_R4_STATIC_MATCH_V1
4046,2026-02-03T07:56:41.000000,F3,0,0.20000000000000007,0,1,0.1987855810893704,LQ_RECOVERY_R4_STATIC_MATCH_V1
4052,2026-02-21T12:52:34.000000,F3,0,0.7057926829268293,1,1,0.16402380105388195,LQ_RECOVERY_R4_STATIC_MATCH_V1
4056,2026-01-15T14:04:05.000000,F3,0,0.7568747271933653,0,0.9090909090909091,0.19497649043368973,LQ_RECOVERY_R4_STATIC_MATCH_V1
4059,2026-02-23T19:17:41.000000,F3,0,0.207185628742515,0,1,0.19853491181266822,LQ_RECOVERY_R4_STATIC_MATCH_V1
4063,2026-02-03T18:14:27.000000,F3,0,0.32732474964234626,1,1,0.17571490952530777,LQ_RECOVERY_R4_STATIC_MATCH_V1
4092,2026-02-17T11:30:37.000000,F3,0,0,0,0.9090909090909091,0.22233062254734906,LQ_RECOVERY_R4_STATIC_MATCH_V1
4095,2026-01-23T17:37:25.000000,F3,0,0,0,1,0.2058580869787685,LQ_RECOVERY_R4_STATIC_MATCH_V1
4102,2026-02-06T17:49:00.000000,F3,0,0.33912414042707195,0.5,1,0.1844756325575469,LQ_RECOVERY_R4_STATIC_MATCH_V1
4118,2026-02-01T11:06:54.000000,F3,0,0.553390063134779,0,1,0.18673880879344673,LQ_RECOVERY_R4_STATIC_MATCH_V1
4147,2026-01-20T15:35:41.000000,F3,0,0.19999999999999996,0,1,0.1987855810893704,LQ_RECOVERY_R4_STATIC_MATCH_V1
4149,2026-01-27T16:01:42.000000,F3,0,0.3881118881118881,0,1,0.19230164641830672,LQ_RECOVERY_R4_STATIC_MATCH_V1
4175,2026-02-12T19:46:41.000000,F3,0,0,0,1,0.2058580869787685,LQ_RECOVERY_R4_STATIC_MATCH_V1
4177,2026-01-31T16:47:55.000000,F3,0,0.7131208302446257,0.8,0.8181818181818182,0.19630570075321108,LQ_RECOVERY_R4_STATIC_MATCH_V1
4185,2026-02-06T07:19:18.000000,F3,0,0.20575975748389552,0,0.9090909090909091,0.2146324567041601,LQ_RECOVERY_R4_STATIC_MATCH_V1
4187,2026-01-21T18:17:07.000000,F3,0,0,0,1,0.2058580869787685,LQ_RECOVERY_R4_STATIC_MATCH_V1
4194,2026-01-21T08:00:19.000000,F3,0,0.20000000000000007,0,1,0.1987855810893704,LQ_RECOVERY_R4_STATIC_MATCH_V1
4196,2026-01-28T16:26:00.000000,F3,0,0,0,1,0.2058580869787685,LQ_RECOVERY_R4_STATIC_MATCH_V1
4197,2026-01-08T15:43:20.000000,F3,1,0.6579966795794134,0,1,0.18328255059763682,LQ_RECOVERY_R4_STATIC_MATCH_V1
4198,2026-01-03T15:09:58.000000,F3,0,0,0,0.8181818181818182,0.239723380084378,LQ_RECOVERY_R4_STATIC_MATCH_V1
4227,2026-02-26T15:58:17.000000,F3,1,0.4199856904364416,1,0.9090909090909091,0.18724383012778514,LQ_RECOVERY_R4_STATIC_MATCH_V1
4232,2026-01-09T15:22:06.000000,F3,0,0,0,1,0.2058580869787685,LQ_RECOVERY_R4_STATIC_MATCH_V1
4236,2026-02-16T07:42:42.000000,F3,0,0,0,1,0.2058580869787685,LQ_RECOVERY_R4_STATIC_MATCH_V1
4237,2026-01-09T15:48:54.000000,F3,1,0.19999999999999996,0,1,0.1987855810893704,LQ_RECOVERY_R4_STATIC_MATCH_V1
4240,2026-01-13T18:35:26.000000,F3,0,0.2099578503688092,0,0.9090909090909091,0.21447742694097174,LQ_RECOVERY_R4_STATIC_MATCH_V1
4251,2026-02-08T18:24:09.000000,F3,0,0.44539877300613495,0,1,0.1903593471914749,LQ_RECOVERY_R4_STATIC_MATCH_V1
4264,2026-02-12T10:39:09.000000,F3,0,0.5073548726030996,0,1,0.18827566843369126,LQ_RECOVERY_R4_STATIC_MATCH_V1
4286,2026-02-16T13:09:24.000000,F3,0,0,0,1,0.2058580869787685,LQ_RECOVERY_R4_STATIC_MATCH_V1
4308,2026-01-06T07:14:17.000000,F3,1,0,0,0.9090909090909091,0.22233062254734906,LQ_RECOVERY_R4_STATIC_MATCH_V1
4325,2026-01-17T13:56:43.000000,F3,0,0.24377031419284945,0.8,1,0.18204194944978144,LQ_RECOVERY_R4_STATIC_MATCH_V1
4335,2026-02-09T10:49:55.000000,F3,1,0.19999999999999996,0,1,0.1987855810893704,LQ_RECOVERY_R4_STATIC_MATCH_V1
4346,2026-02-10T16:13:00.000000,F3,0,0.9166404529726329,0,1,0.17495029185783387,LQ_RECOVERY_R4_STATIC_MATCH_V1
4351,2026-01-09T12:49:00.000000,F3,0,0,0,0.9090909090909091,0.22233062254734906,LQ_RECOVERY_R4_STATIC_MATCH_V1
4371,2026-02-05T08:14:00.000000,F3,0,0.9792027729636049,0,1,0.17298023596358486,LQ_RECOVERY_R4_STATIC_MATCH_V1
4379,2026-01-10T10:06:37.000000,F3,1,0.19999999999999996,1,1,0.17979271519221088,LQ_RECOVERY_R4_STATIC_MATCH_V1
4380,2026-01-22T09:47:02.000000,F3,0,0.8933333333333333,0.5,1,0.16689988139746384,LQ_RECOVERY_R4_STATIC_MATCH_V1
4382,2026-01-23T07:16:06.000000,F3,0,0,0,1,0.2058580869787685,LQ_RECOVERY_R4_STATIC_MATCH_V1
4395,2026-02-14T12:58:53.000000,F3,1,0,1,1,0.18634664567716966,LQ_RECOVERY_R4_STATIC_MATCH_V1
4412,2026-01-11T10:02:36.000000,F3,0,0.7769110764430576,1,1,0.16189803890636617,LQ_RECOVERY_R4_STATIC_MATCH_V1
4439,2026-01-21T12:25:31.000000,F3,0,0,0,1,0.2058580869787685,LQ_RECOVERY_R4_STATIC_MATCH_V1
4448,2026-02-01T13:18:25.000000,F3,0,0.20000000000000007,0,1,0.1987855810893704,LQ_RECOVERY_R4_STATIC_MATCH_V1
4454,2026-01-19T16:05:17.000000,F3,1,0,0,1,0.2058580869787685,LQ_RECOVERY_R4_STATIC_MATCH_V1
4464,2026-01-15T13:32:14.000000,F3,0,0,1,1,0.18634664567716966,LQ_RECOVERY_R4_STATIC_MATCH_V1
4471,2026-02-01T15:48:56.000000,F3,0,0.19999999999999996,0,1,0.1987855810893704,LQ_RECOVERY_R4_STATIC_MATCH_V1
4490,2026-01-29T15:49:00.000000,F3,0,0.20000000000000007,0,0.9090909090909091,0.21484528906348724,LQ_RECOVERY_R4_STATIC_MATCH_V1
4503,2026-02-20T19:18:20.000000,F3,1,0.20000000000000007,0,0.9090909090909091,0.21484528906348724,LQ_RECOVERY_R4_STATIC_MATCH_V1
4510,2026-01-07T13:45:00.000000,F3,0,0,0,1,0.2058580869787685,LQ_RECOVERY_R4_STATIC_MATCH_V1
4517,2026-01-30T10:11:53.000000,F3,0,0,0,1,0.2058580869787685,LQ_RECOVERY_R4_STATIC_MATCH_V1
4521,2026-02-03T12:39:50.000000,F3,0,0.19999999999999996,0.5,1,0.18910637942408998,LQ_RECOVERY_R4_STATIC_MATCH_V1
4536,2026-02-19T20:15:09.000000,F3,0,0,1,0.9090909090909091,0.2016543500481516,LQ_RECOVERY_R4_STATIC_MATCH_V1
4541,2026-01-25T17:38:06.000000,F3,0,0.27679500520291367,0,0.8181818181818182,0.22884372173748133,LQ_RECOVERY_R4_STATIC_MATCH_V1
4549,2026-01-30T10:10:45.000000,F3,0,0.19999999999999996,0,1,0.1987855810893704,LQ_RECOVERY_R4_STATIC_MATCH_V1
4573,2026-01-01T20:14:40.000000,F3,0,0,0.5,0.9090909090909091,0.2118080469203403,LQ_RECOVERY_R4_STATIC_MATCH_V1
4585,2026-02-28T13:07:05.000000,F3,0,0.7181263858093128,0,1,0.18131839507636788,LQ_RECOVERY_R4_STATIC_MATCH_V1
4586,2026-02-19T08:53:34.000000,F3,0,0.20000000000000007,0,0.9090909090909091,0.21484528906348724,LQ_RECOVERY_R4_STATIC_MATCH_V1
4588,2026-02-05T17:55:53.000000,F3,0,0,0,1,0.2058580869787685,LQ_RECOVERY_R4_STATIC_MATCH_V1
4590,2026-01-28T13:11:16.000000,F3,0,0,0,1,0.2058580869787685,LQ_RECOVERY_R4_STATIC_MATCH_V1
4591,2026-02-10T18:43:53.000000,F3,0,0.8299125168236877,0,1,0.17771049198570346,LQ_RECOVERY_R4_STATIC_MATCH_V1
4596,2026-01-27T12:37:33.000000,F3,0,0.2839320607244852,0,0.9090909090909091,0.21175902038229275,LQ_RECOVERY_R4_STATIC_MATCH_V1
4601,2026-02-13T18:48:12.000000,F3,0,0.20000000000000007,0.5,1,0.18910637942408998,LQ_RECOVERY_R4_STATIC_MATCH_V1
4604,2026-01-22T16:27:31.000000,F3,0,0.5153684210526316,0.5,0.8181818181818182,0.20931548019324792,LQ_RECOVERY_R4_STATIC_MATCH_V1
4607,2026-02-06T13:45:04.000000,F3,0,0,1,0.9090909090909091,0.2016543500481516,LQ_RECOVERY_R4_STATIC_MATCH_V1
4610,2026-01-21T12:23:20.000000,F3,0,0,0.5,0.9090909090909091,0.2118080469203403,LQ_RECOVERY_R4_STATIC_MATCH_V1
4652,2026-01-06T14:41:25.000000,F3,0,0,1,0.8181818181818182,0.21788279687840936,LQ_RECOVERY_R4_STATIC_MATCH_V1
4675,2026-02-03T18:06:00.000000,F3,0,0.19999999999999996,0,1,0.1987855810893704,LQ_RECOVERY_R4_STATIC_MATCH_V1
4678,2026-01-26T10:49:52.000000,F3,0,0,0,1,0.2058580869787685,LQ_RECOVERY_R4_STATIC_MATCH_V1
4702,2026-02-02T11:47:50.000000,F3,0,0.19999999999999996,0,1,0.1987855810893704,LQ_RECOVERY_R4_STATIC_MATCH_V1
4712,2026-01-07T13:12:35.000000,F3,0,0,1,1,0.18634664567716966,LQ_RECOVERY_R4_STATIC_MATCH_V1
4719,2026-02-20T14:39:26.000000,F3,1,0.19999999999999996,1,0.9090909090909091,0.19469086173537214,LQ_RECOVERY_R4_STATIC_MATCH_V1
4720,2026-01-08T16:45:17.000000,F3,0,0,0.5,1,0.19591872154965076,LQ_RECOVERY_R4_STATIC_MATCH_V1
4723,2026-01-08T09:05:56.000000,F3,0,0.527420814479638,0,1,0.187604586634537,LQ_RECOVERY_R4_STATIC_MATCH_V1
4759,2026-01-27T13:24:02.000000,F3,0,0.19999999999999996,0.5,1,0.18910637942408998,LQ_RECOVERY_R4_STATIC_MATCH_V1
4767,2026-01-26T19:58:09.000000,F3,1,0.20000000000000007,1,0.9090909090909091,0.19469086173537214,LQ_RECOVERY_R4_STATIC_MATCH_V1
4772,2026-01-20T13:31:17.000000,F3,0,0,0,0.8181818181818182,0.239723380084378,LQ_RECOVERY_R4_STATIC_MATCH_V1
4773,2026-01-15T09:32:41.000000,F3,0,0.19999999999999996,0.5,1,0.18910637942408998,LQ_RECOVERY_R4_STATIC_MATCH_V1
4774,2026-02-17T14:02:52.000000,F3,0,0.20000000000000007,0,1,0.1987855810893704,LQ_RECOVERY_R4_STATIC_MATCH_V1
4776,2026-01-06T19:29:00.000000,F3,0,0,0,1,0.2058580869787685,LQ_RECOVERY_R4_STATIC_MATCH_V1
4786,2026-01-29T13:39:00.000000,F3,0,0.19999999999999996,0,1,0.1987855810893704,LQ_RECOVERY_R4_STATIC_MATCH_V1
4803,2026-02-16T08:44:05.000000,F3,0,0,0,1,0.2058580869787685,LQ_RECOVERY_R4_STATIC_MATCH_V1
4810,2026-01-08T20:55:18.000000,F3,0,0.4178610804851157,0,0.9090909090909091,0.20690171938672283,LQ_RECOVERY_R4_STATIC_MATCH_V1
4814,2026-01-01T16:58:04.000000,F3,0,0,0,0.9090909090909091,0.22233062254734906,LQ_RECOVERY_R4_STATIC_MATCH_V1
4818,2026-02-27T12:39:00.000000,F3,1,0,1,1,0.18634664567716966,LQ_RECOVERY_R4_STATIC_MATCH_V1
4819,2026-01-05T09:09:58.000000,F3,1,0.19999999999999996,0,0.9090909090909091,0.21484528906348724,LQ_RECOVERY_R4_STATIC_MATCH_V1
4833,2026-02-16T14:55:51.000000,F3,0,0,0,1,0.2058580869787685,LQ_RECOVERY_R4_STATIC_MATCH_V1
4843,2026-02-12T11:46:46.000000,F3,0,0,0,0.9090909090909091,0.22233062254734906,LQ_RECOVERY_R4_STATIC_MATCH_V1
4845,2026-02-28T08:53:38.000000,F3,0,0,0,0.9090909090909091,0.22233062254734906,LQ_RECOVERY_R4_STATIC_MATCH_V1
4854,2026-01-24T20:45:42.000000,F3,0,0.3196114708603145,0,1,0.19464391397585648,LQ_RECOVERY_R4_STATIC_MATCH_V1
4861,2026-02-23T20:31:39.000000,F3,1,0,0,1,0.2058580869787685,LQ_RECOVERY_R4_STATIC_MATCH_V1
4878,2026-02-10T07:11:30.000000,F3,0,0,0,0.9090909090909091,0.22233062254734906,LQ_RECOVERY_R4_STATIC_MATCH_V1
4898,2026-02-04T15:05:16.000000,F3,0,0.5703269069572507,0.5,0.9090909090909091,0.19169421741635811,LQ_RECOVERY_R4_STATIC_MATCH_V1
4903,2026-02-28T14:07:18.000000,F3,0,0,0,1,0.2058580869787685,LQ_RECOVERY_R4_STATIC_MATCH_V1
4926,2026-01-16T08:01:39.000000,F3,0,0.19999999999999996,1,1,0.17979271519221088,LQ_RECOVERY_R4_STATIC_MATCH_V1
4942,2026-01-15T20:31:25.000000,F3,1,0,0.5,0.9090909090909091,0.2118080469203403,LQ_RECOVERY_R4_STATIC_MATCH_V1
4946,2026-01-04T09:51:46.000000,F3,0,0.9601648351648352,0.8,0.9090909090909091,0.1734142129285803,LQ_RECOVERY_R4_STATIC_MATCH_V1
4947,2026-02-23T09:08:29.000000,F3,0,0.20000000000000007,0,0.9090909090909091,0.21484528906348724,LQ_RECOVERY_R4_STATIC_MATCH_V1
4948,2026-02-24T12:07:34.000000,F3,0,0,0,1,0.2058580869787685,LQ_RECOVERY_R4_STATIC_MATCH_V1
4954,2026-02-12T20:24:34.000000,F3,1,0.0794283815221003,0,0.9090909090909091,0.21933578039283963,LQ_RECOVERY_R4_STATIC_MATCH_V1
4957,2026-01-10T15:41:00.000000,F3,1,0.20000000000000007,0.5,1,0.18910637942408998,LQ_RECOVERY_R4_STATIC_MATCH_V1
4961,2026-01-06T10:53:00.000000,F3,0,0.23597678916827858,0,1,0.19753292335893696,LQ_RECOVERY_R4_STATIC_MATCH_V1
4967,2026-01-26T08:55:38.000000,F3,0,0.20000000000000007,1,0.9090909090909091,0.19469086173537214,LQ_RECOVERY_R4_STATIC_MATCH_V1
4975,2026-01-08T09:09:19.000000,F3,0,0,0,0.9090909090909091,0.22233062254734906,LQ_RECOVERY_R4_STATIC_MATCH_V1
4977,2026-02-19T15:58:20.000000,F3,0,0.489937106918239,0.5,0.9090909090909091,0.19443862253441932,LQ_RECOVERY_R4_STATIC_MATCH_V1
4984,2026-01-15T17:46:13.000000,F3,0,0.3224722533346909,0,1,0.1945456624755132,LQ_RECOVERY_R4_STATIC_MATCH_V1
4990,2026-01-06T13:14:46.000000,F3,0,0.7644927536231885,1,0.9090909090909091,0.17602523952483104,LQ_RECOVERY_R4_STATIC_MATCH_V1
2,2026-03-04T09:00:43.000000,F4,0,0.6516956920256645,0,1,0.18116149187916739,LQ_RECOVERY_R4_STATIC_MATCH_V1
10,2026-03-22T08:24:43.000000,F4,0,0.29842286840808274,0,0.8181818181818182,0.22511173017506783,LQ_RECOVERY_R4_STATIC_MATCH_V1
17,2026-04-14T15:06:47.000000,F4,0,0,0.5,0.9090909090909091,0.21492112554439327,LQ_RECOVERY_R4_STATIC_MATCH_V1
21,2026-04-29T19:08:22.000000,F4,0,0,0,1,0.2069316441441351,LQ_RECOVERY_R4_STATIC_MATCH_V1
33,2026-03-20T14:22:36.000000,F4,0,0,0,0.9090909090909091,0.2223457370860461,LQ_RECOVERY_R4_STATIC_MATCH_V1
44,2026-03-30T09:04:12.000000,F4,0,0,0,0.9090909090909091,0.2223457370860461,LQ_RECOVERY_R4_STATIC_MATCH_V1
46,2026-04-10T18:16:10.000000,F4,0,0.6008495478213209,0,1,0.1830787520736336,LQ_RECOVERY_R4_STATIC_MATCH_V1
74,2026-04-10T17:15:37.000000,F4,0,0.20000000000000007,0,0.8181818181818182,0.2294876992426503,LQ_RECOVERY_R4_STATIC_MATCH_V1
82,2026-03-25T14:51:18.000000,F4,1,0,0,0.9090909090909091,0.2223457370860461,LQ_RECOVERY_R4_STATIC_MATCH_V1
90,2026-03-12T13:30:00.000000,F4,1,0.20585689555683795,0,0.8181818181818182,0.22922563297292586,LQ_RECOVERY_R4_STATIC_MATCH_V1
106,2026-04-06T18:18:30.000000,F4,0,0.19999999999999996,0,1,0.1987458982739819,LQ_RECOVERY_R4_STATIC_MATCH_V1
123,2026-03-05T08:01:41.000000,F4,1,0.19999999999999996,1,0.8181818181818182,0.21447899571723392,LQ_RECOVERY_R4_STATIC_MATCH_V1
124,2026-03-10T09:04:00.000000,F4,0,0,0,0.8181818181818182,0.23856262465283143,LQ_RECOVERY_R4_STATIC_MATCH_V1
137,2026-04-08T09:07:58.000000,F4,0,0.7193603833532995,0,1,0.1786343528362563,LQ_RECOVERY_R4_STATIC_MATCH_V1
146,2026-03-28T14:12:36.000000,F4,0,0.20000000000000007,0,0.9090909090909091,0.2137145580408717,LQ_RECOVERY_R4_STATIC_MATCH_V1
152,2026-03-31T11:50:39.000000,F4,1,0,1,1,0.19302856369759447,LQ_RECOVERY_R4_STATIC_MATCH_V1
166,2026-04-17T16:13:47.000000,F4,0,0.9871863895768277,0,1,0.16890219181035052,LQ_RECOVERY_R4_STATIC_MATCH_V1
167,2026-03-31T15:50:10.000000,F4,1,0,0,1,0.2069316441441351,LQ_RECOVERY_R4_STATIC_MATCH_V1
177,2026-04-23T11:11:46.000000,F4,0,0.20000000000000007,0,0.9090909090909091,0.2137145580408717,LQ_RECOVERY_R4_STATIC_MATCH_V1
178,2026-04-22T19:02:16.000000,F4,1,0.6123171950222546,0,1,0.18264496993728999,LQ_RECOVERY_R4_STATIC_MATCH_V1
198,2026-04-12T20:21:35.000000,F4,0,0,0,1,0.2069316441441351,LQ_RECOVERY_R4_STATIC_MATCH_V1
199,2026-04-27T13:45:24.000000,F4,0,0,1,0.9090909090909091,0.20767822813459388,LQ_RECOVERY_R4_STATIC_MATCH_V1
214,2026-04-20T14:11:40.000000,F4,0,0.3229844767150726,0,0.9090909090909091,0.20852948349781897,LQ_RECOVERY_R4_STATIC_MATCH_V1
215,2026-04-15T18:12:00.000000,F4,0,0.19999999999999996,1,0.9090909090909091,0.19947037719853922,LQ_RECOVERY_R4_STATIC_MATCH_V1
223,2026-04-13T20:24:00.000000,F4,0,0.19999999999999996,0,0.9090909090909091,0.2137145580408717,LQ_RECOVERY_R4_STATIC_MATCH_V1
224,2026-03-08T20:00:22.000000,F4,0,0.4814814814814815,0,1,0.18764154748805426,LQ_RECOVERY_R4_STATIC_MATCH_V1
227,2026-04-12T09:11:19.000000,F4,0,0,0,1,0.2069316441441351,LQ_RECOVERY_R4_STATIC_MATCH_V1
231,2026-04-11T16:02:04.000000,F4,1,0.19999999999999996,0,1,0.1987458982739819,LQ_RECOVERY_R4_STATIC_MATCH_V1
245,2026-03-02T07:50:33.000000,F4,0,0.20645890927368682,0,1,0.19848564718829848,LQ_RECOVERY_R4_STATIC_MATCH_V1
260,2026-04-29T13:23:42.000000,F4,0,0,0,1,0.2069316441441351,LQ_RECOVERY_R4_STATIC_MATCH_V1
264,2026-04-22T15:12:11.000000,F4,1,0.19999999999999996,0,0.9090909090909091,0.2137145580408717,LQ_RECOVERY_R4_STATIC_MATCH_V1
268,2026-04-20T09:02:10.000000,F4,0,0,0,0.9090909090909091,0.2223457370860461,LQ_RECOVERY_R4_STATIC_MATCH_V1
293,2026-04-03T07:27:04.000000,F4,1,0.8556521739130435,1,1,0.16150684084073288,LQ_RECOVERY_R4_STATIC_MATCH_V1
301,2026-03-04T10:35:08.000000,F4,1,0.19999999999999996,0,1,0.1987458982739819,LQ_RECOVERY_R4_STATIC_MATCH_V1
305,2026-04-20T14:58:43.000000,F4,0,0.36374836374836383,0,1,0.19222701732035383,LQ_RECOVERY_R4_STATIC_MATCH_V1
314,2026-03-30T08:40:10.000000,F4,1,0,1,0.9090909090909091,0.20767822813459388,LQ_RECOVERY_R4_STATIC_MATCH_V1
318,2026-03-03T15:40:05.000000,F4,0,0,0,0.9090909090909091,0.2223457370860461,LQ_RECOVERY_R4_STATIC_MATCH_V1
326,2026-03-07T14:13:39.000000,F4,0,0.8881611265760602,0,1,0.17245040003649142,LQ_RECOVERY_R4_STATIC_MATCH_V1
339,2026-03-22T11:48:23.000000,F4,0,0,0,0.9090909090909091,0.2223457370860461,LQ_RECOVERY_R4_STATIC_MATCH_V1
341,2026-03-12T18:34:06.000000,F4,0,0,0,1,0.2069316441441351,LQ_RECOVERY_R4_STATIC_MATCH_V1
358,2026-03-27T07:23:16.000000,F4,0,0.08817354793561949,0,1,0.2032924512073372,LQ_RECOVERY_R4_STATIC_MATCH_V1
377,2026-04-08T12:28:01.000000,F4,0,0.19999999999999996,1,1,0.18526431566036503,LQ_RECOVERY_R4_STATIC_MATCH_V1
378,2026-03-30T10:27:39.000000,F4,0,0,0,1,0.2069316441441351,LQ_RECOVERY_R4_STATIC_MATCH_V1
383,2026-04-17T16:43:32.000000,F4,0,0.9961928934010152,0,1,0.16858237989755526,LQ_RECOVERY_R4_STATIC_MATCH_V1
390,2026-04-08T12:11:18.000000,F4,0,0,0,1,0.2069316441441351,LQ_RECOVERY_R4_STATIC_MATCH_V1
405,2026-03-23T12:56:29.000000,F4,1,0.19999999999999996,0,1,0.1987458982739819,LQ_RECOVERY_R4_STATIC_MATCH_V1
423,2026-03-09T15:44:42.000000,F4,1,0.20743982494529545,1,0.9090909090909091,0.19916980310355262,LQ_RECOVERY_R4_STATIC_MATCH_V1
426,2026-04-23T15:42:11.000000,F4,0,0.728595890410959,1,1,0.16591017767309663,LQ_RECOVERY_R4_STATIC_MATCH_V1
429,2026-04-04T11:53:48.000000,F4,0,0,0,1,0.2069316441441351,LQ_RECOVERY_R4_STATIC_MATCH_V1
438,2026-04-22T12:07:23.000000,F4,0,0.3525026624068156,0.5,0.8181818181818182,0.21529867426545887,LQ_RECOVERY_R4_STATIC_MATCH_V1
439,2026-04-29T15:52:05.000000,F4,0,0,0,1,0.2069316441441351,LQ_RECOVERY_R4_STATIC_MATCH_V1
447,2026-04-21T19:06:12.000000,F4,1,0.23746798390047563,0,1,0.19723975868802954,LQ_RECOVERY_R4_STATIC_MATCH_V1
464,2026-04-15T14:20:07.000000,F4,0,0,0.5,0.9090909090909091,0.21492112554439327,LQ_RECOVERY_R4_STATIC_MATCH_V1
471,2026-03-09T12:18:00.000000,F4,0,0,1,1,0.19302856369759447,LQ_RECOVERY_R4_STATIC_MATCH_V1
482,2026-03-29T20:42:38.000000,F4,0,0.5092032520325204,0,0.9090909090909091,0.20085589481358002,LQ_RECOVERY_R4_STATIC_MATCH_V1
515,2026-04-06T14:40:00.000000,F4,1,0,1,1,0.19302856369759447,LQ_RECOVERY_R4_STATIC_MATCH_V1
519,2026-04-09T13:57:23.000000,F4,0,0,0,1,0.2069316441441351,LQ_RECOVERY_R4_STATIC_MATCH_V1
526,2026-04-04T18:24:25.000000,F4,1,0.3820722563053851,0.8,1,0.18097050084610342,LQ_RECOVERY_R4_STATIC_MATCH_V1
531,2026-03-15T08:04:30.000000,F4,0,0.489238845144357,0,1,0.18734238764478328,LQ_RECOVERY_R4_STATIC_MATCH_V1
550,2026-03-23T14:41:45.000000,F4,0,0.19999999999999996,0.5,0.9090909090909091,0.20650162691648938,LQ_RECOVERY_R4_STATIC_MATCH_V1
568,2026-03-19T11:00:21.000000,F4,1,0.27958762886597943,0,1,0.19555692936261185,LQ_RECOVERY_R4_STATIC_MATCH_V1
575,2026-03-03T15:56:36.000000,F4,1,0.4104847801578354,0,1,0.1903965817398526,LQ_RECOVERY_R4_STATIC_MATCH_V1
579,2026-03-05T13:35:00.000000,F4,0,0.35347091932457786,0,1,0.19263132820438672,LQ_RECOVERY_R4_STATIC_MATCH_V1
580,2026-04-26T13:20:09.000000,F4,0,0.19999999999999996,1,1,0.18526431566036503,LQ_RECOVERY_R4_STATIC_MATCH_V1
589,2026-03-11T12:59:28.000000,F4,0,0,0,0.9090909090909091,0.2223457370860461,LQ_RECOVERY_R4_STATIC_MATCH_V1
605,2026-03-31T11:48:58.000000,F4,0,0.35932362611554725,0,1,0.19240100554921108,LQ_RECOVERY_R4_STATIC_MATCH_V1
616,2026-03-01T14:59:40.000000,F4,0,0.3593815294609277,0.5,0.9090909090909091,0.19996858409163035,LQ_RECOVERY_R4_STATIC_MATCH_V1
623,2026-04-10T10:09:23.000000,F4,0,0.19999999999999996,1,0.9090909090909091,0.19947037719853922,LQ_RECOVERY_R4_STATIC_MATCH_V1
635,2026-04-28T07:41:29.000000,F4,0,0.8802731041209463,1,1,0.16066455965616472,LQ_RECOVERY_R4_STATIC_MATCH_V1
638,2026-04-02T18:03:12.000000,F4,0,0,0,1,0.2069316441441351,LQ_RECOVERY_R4_STATIC_MATCH_V1
639,2026-04-15T10:29:36.000000,F4,1,0,0,0.9090909090909091,0.2223457370860461,LQ_RECOVERY_R4_STATIC_MATCH_V1
661,2026-03-07T09:12:35.000000,F4,0,0.5371968762844225,1,1,0.17272423502764547,LQ_RECOVERY_R4_STATIC_MATCH_V1
666,2026-04-14T11:42:03.000000,F4,0,0.8446550816219062,0,1,0.1740278365034062,LQ_RECOVERY_R4_STATIC_MATCH_V1
669,2026-04-24T09:14:22.000000,F4,0,0.19999999999999996,0,1,0.1987458982739819,LQ_RECOVERY_R4_STATIC_MATCH_V1
676,2026-03-24T11:04:34.000000,F4,0,0,0,0.9090909090909091,0.2223457370860461,LQ_RECOVERY_R4_STATIC_MATCH_V1
678,2026-04-25T13:10:36.000000,F4,0,0.20819633630812595,1,0.9090909090909091,0.19913925858666118,LQ_RECOVERY_R4_STATIC_MATCH_V1
693,2026-04-04T19:10:47.000000,F4,0,0,0,0.9090909090909091,0.2223457370860461,LQ_RECOVERY_R4_STATIC_MATCH_V1
705,2026-03-14T16:50:36.000000,F4,1,0.4414092417666582,0,1,0.18919276892735987,LQ_RECOVERY_R4_STATIC_MATCH_V1
707,2026-04-25T19:07:27.000000,F4,0,0.7470070676474829,0,1,0.17760977256613156,LQ_RECOVERY_R4_STATIC_MATCH_V1
720,2026-03-16T14:17:47.000000,F4,0,0.7348388733823903,0,1,0.17806015452715923,LQ_RECOVERY_R4_STATIC_MATCH_V1
730,2026-03-08T20:14:30.000000,F4,1,0.6015950069348126,1,0.9090909090909091,0.18373091427233254,LQ_RECOVERY_R4_STATIC_MATCH_V1
732,2026-04-11T09:34:44.000000,F4,0,0.19999999999999996,0,1,0.1987458982739819,LQ_RECOVERY_R4_STATIC_MATCH_V1
739,2026-03-02T17:22:24.000000,F4,0,0,0,1,0.2069316441441351,LQ_RECOVERY_R4_STATIC_MATCH_V1
751,2026-04-26T19:48:16.000000,F4,1,0.3006849315068494,0,1,0.19471811135959996,LQ_RECOVERY_R4_STATIC_MATCH_V1
763,2026-04-03T11:07:19.000000,F4,0,0.4834737524303304,0,1,0.1875646812578349,LQ_RECOVERY_R4_STATIC_MATCH_V1
771,2026-04-07T14:28:06.000000,F4,0,0,1,1,0.19302856369759447,LQ_RECOVERY_R4_STATIC_MATCH_V1
777,2026-03-30T12:46:36.000000,F4,0,0,0,1,0.2069316441441351,LQ_RECOVERY_R4_STATIC_MATCH_V1
782,2026-04-16T18:19:35.000000,F4,0,0.19999999999999996,0,0.9090909090909091,0.2137145580408717,LQ_RECOVERY_R4_STATIC_MATCH_V1
785,2026-03-27T11:43:00.000000,F4,0,0.19999999999999996,0,0.9090909090909091,0.2137145580408717,LQ_RECOVERY_R4_STATIC_MATCH_V1
805,2026-03-04T07:18:46.000000,F4,0,0.37934525818427267,0.8,1,0.18107284586361727,LQ_RECOVERY_R4_STATIC_MATCH_V1
823,2026-03-04T13:09:46.000000,F4,0,0.20000000000000007,0,1,0.1987458982739819,LQ_RECOVERY_R4_STATIC_MATCH_V1
839,2026-04-27T20:29:42.000000,F4,1,0,0,0.9090909090909091,0.2223457370860461,LQ_RECOVERY_R4_STATIC_MATCH_V1
843,2026-03-21T09:33:36.000000,F4,1,0.22531828008647614,0,1,0.1977272076623622,LQ_RECOVERY_R4_STATIC_MATCH_V1
863,2026-04-18T19:21:47.000000,F4,0,0,0,1,0.2069316441441351,LQ_RECOVERY_R4_STATIC_MATCH_V1
864,2026-03-16T10:57:55.000000,F4,0,0,0,1,0.2069316441441351,LQ_RECOVERY_R4_STATIC_MATCH_V1
869,2026-04-06T09:24:57.000000,F4,0,0.8830065359477124,0.5,1,0.1665165563040448,LQ_RECOVERY_R4_STATIC_MATCH_V1
875,2026-04-08T14:19:21.000000,F4,0,0,1,1,0.19302856369759447,LQ_RECOVERY_R4_STATIC_MATCH_V1
885,2026-04-18T07:11:52.000000,F4,0,0.20000000000000007,1,0.9090909090909091,0.19947037719853922,LQ_RECOVERY_R4_STATIC_MATCH_V1
889,2026-04-29T11:31:30.000000,F4,0,0.2597402597402597,0,1,0.19634854482516884,LQ_RECOVERY_R4_STATIC_MATCH_V1
893,2026-03-11T19:46:04.000000,F4,0,0.5778485160565491,0,1,0.18395121157993644,LQ_RECOVERY_R4_STATIC_MATCH_V1
895,2026-03-23T11:45:00.000000,F4,0,0.9173811379579111,0,0.8181818181818182,0.19895927614932993,LQ_RECOVERY_R4_STATIC_MATCH_V1
905,2026-04-22T14:25:58.000000,F4,1,0,0,1,0.2069316441441351,LQ_RECOVERY_R4_STATIC_MATCH_V1
912,2026-04-05T11:28:44.000000,F4,0,0,0,1,0.2069316441441351,LQ_RECOVERY_R4_STATIC_MATCH_V1
928,2026-04-05T13:37:46.000000,F4,0,0,0.8,0.9090909090909091,0.21055357372898004,LQ_RECOVERY_R4_STATIC_MATCH_V1
941,2026-03-03T08:24:27.000000,F4,0,0,1,1,0.19302856369759447,LQ_RECOVERY_R4_STATIC_MATCH_V1
970,2026-04-13T15:34:03.000000,F4,1,0.4786469344608879,0,0.9090909090909091,0.2021003908948737,LQ_RECOVERY_R4_STATIC_MATCH_V1
985,2026-03-29T15:29:36.000000,F4,0,0,0,0.8181818181818182,0.23856262465283143,LQ_RECOVERY_R4_STATIC_MATCH_V1
992,2026-04-13T12:45:23.000000,F4,0,0,0,1,0.2069316441441351,LQ_RECOVERY_R4_STATIC_MATCH_V1
1004,2026-03-29T07:14:08.000000,F4,0,0,0.8,0.9090909090909091,0.21055357372898004,LQ_RECOVERY_R4_STATIC_MATCH_V1
1015,2026-04-16T14:36:44.000000,F4,0,0,0,0.9090909090909091,0.2223457370860461,LQ_RECOVERY_R4_STATIC_MATCH_V1
1022,2026-03-05T19:26:18.000000,F4,1,0.3505270781363161,0,1,0.1927472570611835,LQ_RECOVERY_R4_STATIC_MATCH_V1
1036,2026-03-04T16:31:42.000000,F4,0,0,0,0.9090909090909091,0.2223457370860461,LQ_RECOVERY_R4_STATIC_MATCH_V1
1041,2026-04-13T15:08:42.000000,F4,1,0,0.5,0.9090909090909091,0.21492112554439327,LQ_RECOVERY_R4_STATIC_MATCH_V1
1042,2026-03-06T19:44:47.000000,F4,0,0.32275449101796405,1,0.9090909090909091,0.19455450719330786,LQ_RECOVERY_R4_STATIC_MATCH_V1
1061,2026-03-02T13:31:39.000000,F4,0,0.20000000000000007,0,0.9090909090909091,0.2137145580408717,LQ_RECOVERY_R4_STATIC_MATCH_V1
1066,2026-03-23T08:37:35.000000,F4,1,0.6513257575757576,1,1,0.16863482279516825,LQ_RECOVERY_R4_STATIC_MATCH_V1
1068,2026-04-09T08:50:26.000000,F4,0,0.8219722038385175,0,1,0.17485477584074494,LQ_RECOVERY_R4_STATIC_MATCH_V1
1073,2026-03-15T10:41:56.000000,F4,1,0,1,1,0.19302856369759447,LQ_RECOVERY_R4_STATIC_MATCH_V1
1081,2026-03-07T20:41:52.000000,F4,1,0,0,1,0.2069316441441351,LQ_RECOVERY_R4_STATIC_MATCH_V1
1083,2026-03-22T16:59:52.000000,F4,1,0,0,0.9090909090909091,0.2223457370860461,LQ_RECOVERY_R4_STATIC_MATCH_V1
1086,2026-04-24T18:46:13.000000,F4,1,0.7788863855809462,0,1,0.17643405802014722,LQ_RECOVERY_R4_STATIC_MATCH_V1
1089,2026-03-01T20:29:26.000000,F4,0,0,1,1,0.19302856369759447,LQ_RECOVERY_R4_STATIC_MATCH_V1
1106,2026-03-16T16:43:22.000000,F4,1,0.31060416144397085,0,1,0.19432467172579823,LQ_RECOVERY_R4_STATIC_MATCH_V1
1108,2026-03-25T19:03:54.000000,F4,1,0.8969917958067457,0,1,0.17213160417182521,LQ_RECOVERY_R4_STATIC_MATCH_V1
1110,2026-03-30T12:06:00.000000,F4,0,0,0,1,0.2069316441441351,LQ_RECOVERY_R4_STATIC_MATCH_V1
1133,2026-04-25T19:47:41.000000,F4,0,0.19999999999999996,0,0.9090909090909091,0.2137145580408717,LQ_RECOVERY_R4_STATIC_MATCH_V1
1140,2026-03-26T15:55:04.000000,F4,0,0,0,0.9090909090909091,0.2223457370860461,LQ_RECOVERY_R4_STATIC_MATCH_V1
1142,2026-04-29T09:20:00.000000,F4,0,0.5396301188903567,0,1,0.18540800089996104,LQ_RECOVERY_R4_STATIC_MATCH_V1
1144,2026-03-05T08:08:18.000000,F4,0,0.21332335329341323,0,1,0.19820933689035522,LQ_RECOVERY_R4_STATIC_MATCH_V1
1165,2026-03-26T20:02:32.000000,F4,0,0.19999999999999996,1,0.9090909090909091,0.19947037719853922,LQ_RECOVERY_R4_STATIC_MATCH_V1
1170,2026-03-23T14:15:09.000000,F4,1,0.2770309760374051,1,0.9090909090909091,0.1963747497363094,LQ_RECOVERY_R4_STATIC_MATCH_V1
1174,2026-03-04T07:08:40.000000,F4,1,0,0,0.8181818181818182,0.23856262465283143,LQ_RECOVERY_R4_STATIC_MATCH_V1
1175,2026-03-13T20:13:15.000000,F4,0,0,0,1,0.2069316441441351,LQ_RECOVERY_R4_STATIC_MATCH_V1
1192,2026-03-03T13:42:08.000000,F4,1,0,0,0.9090909090909091,0.2223457370860461,LQ_RECOVERY_R4_STATIC_MATCH_V1
1200,2026-03-11T13:07:01.000000,F4,1,0.3898535564853557,0,1,0.1912029569950787,LQ_RECOVERY_R4_STATIC_MATCH_V1
1220,2026-04-04T08:48:33.000000,F4,1,0.7922413793103449,1,1,0.16369253502515627,LQ_RECOVERY_R4_STATIC_MATCH_V1
1233,2026-03-12T16:23:26.000000,F4,0,0,0,0.9090909090909091,0.2223457370860461,LQ_RECOVERY_R4_STATIC_MATCH_V1
1239,2026-03-08T09:32:40.000000,F4,0,0.8594491927825261,1,0.7272727272727273,0.20203836628786498,LQ_RECOVERY_R4_STATIC_MATCH_V1
1247,2026-03-07T15:24:31.000000,F4,1,0.2011434511434511,0,0.9090909090909091,0.21366592013644675,LQ_RECOVERY_R4_STATIC_MATCH_V1
1250,2026-04-23T12:58:02.000000,F4,0,0.8228211009174311,0,0.9090909090909091,0.18841439420245223,LQ_RECOVERY_R4_STATIC_MATCH_V1
1259,2026-03-11T11:50:58.000000,F4,0,0.4627793974732751,0.5,1,0.1818091128695051,LQ_RECOVERY_R4_STATIC_MATCH_V1
1260,2026-03-12T16:37:56.000000,F4,0,0,0.8,1,0.19575119242703407,LQ_RECOVERY_R4_STATIC_MATCH_V1
1268,2026-03-19T13:26:07.000000,F4,1,0,0,0.9090909090909091,0.2223457370860461,LQ_RECOVERY_R4_STATIC_MATCH_V1
1271,2026-04-11T10:35:20.000000,F4,0,0,1,1,0.19302856369759447,LQ_RECOVERY_R4_STATIC_MATCH_V1
1285,2026-03-05T17:47:29.000000,F4,0,0.19999999999999996,0,1,0.1987458982739819,LQ_RECOVERY_R4_STATIC_MATCH_V1
1287,2026-04-12T18:53:28.000000,F4,0,0.2412186379928316,0,1,0.19708946478510686,LQ_RECOVERY_R4_STATIC_MATCH_V1
1293,2026-04-04T16:19:06.000000,F4,0,0.23868065967016483,0,0.8181818181818182,0.22776083011870682,LQ_RECOVERY_R4_STATIC_MATCH_V1
1301,2026-04-24T07:24:12.000000,F4,1,0,0.5,1,0.199889441017646,LQ_RECOVERY_R4_STATIC_MATCH_V1
1309,2026-04-06T14:26:06.000000,F4,0,0.26633285646161187,0,0.9090909090909091,0.21090635200714677,LQ_RECOVERY_R4_STATIC_MATCH_V1
1316,2026-03-31T14:58:48.000000,F4,1,0,0.5,0.9090909090909091,0.21492112554439327,LQ_RECOVERY_R4_STATIC_MATCH_V1
1317,2026-03-23T07:43:49.000000,F4,0,0,0,1,0.2069316441441351,LQ_RECOVERY_R4_STATIC_MATCH_V1
1335,2026-03-11T12:19:45.000000,F4,0,0.14998070987654322,1,0.9090909090909091,0.2015000322611488,LQ_RECOVERY_R4_STATIC_MATCH_V1
1361,2026-03-25T19:29:29.000000,F4,0,0,0,1,0.2069316441441351,LQ_RECOVERY_R4_STATIC_MATCH_V1
1407,2026-03-07T11:25:00.000000,F4,0,0,0,0.9090909090909091,0.2223457370860461,LQ_RECOVERY_R4_STATIC_MATCH_V1
1416,2026-04-22T16:19:32.000000,F4,0,0,0.5,1,0.199889441017646,LQ_RECOVERY_R4_STATIC_MATCH_V1
1417,2026-03-14T16:55:42.000000,F4,0,0.21118680530656153,0,1,0.19829530700994785,LQ_RECOVERY_R4_STATIC_MATCH_V1
1419,2026-03-14T15:04:40.000000,F4,0,0.5553047404063205,0,0.9090909090909091,0.19898914962055667,LQ_RECOVERY_R4_STATIC_MATCH_V1
1435,2026-03-08T15:14:12.000000,F4,0,0,0,1,0.2069316441441351,LQ_RECOVERY_R4_STATIC_MATCH_V1
1443,2026-03-01T10:00:19.000000,F4,0,0,1,0.9090909090909091,0.20767822813459388,LQ_RECOVERY_R4_STATIC_MATCH_V1
1456,2026-03-12T09:12:32.000000,F4,0,0,0,1,0.2069316441441351,LQ_RECOVERY_R4_STATIC_MATCH_V1
1473,2026-04-10T09:18:35.000000,F4,0,0,0,0.9090909090909091,0.2223457370860461,LQ_RECOVERY_R4_STATIC_MATCH_V1
1474,2026-03-25T19:29:00.000000,F4,0,0,0,1,0.2069316441441351,LQ_RECOVERY_R4_STATIC_MATCH_V1
1475,2026-03-14T15:20:00.000000,F4,1,0,0.5,1,0.199889441017646,LQ_RECOVERY_R4_STATIC_MATCH_V1
1479,2026-03-27T15:51:03.000000,F4,0,0,1,0.9090909090909091,0.20767822813459388,LQ_RECOVERY_R4_STATIC_MATCH_V1
1489,2026-04-05T12:12:37.000000,F4,0,0,1,1,0.19302856369759447,LQ_RECOVERY_R4_STATIC_MATCH_V1
1504,2026-03-05T14:13:03.000000,F4,0,0,0,1,0.2069316441441351,LQ_RECOVERY_R4_STATIC_MATCH_V1
1506,2026-03-12T19:54:19.000000,F4,1,0.812874251497006,0,0.9090909090909091,0.18879974254522297,LQ_RECOVERY_R4_STATIC_MATCH_V1
1508,2026-03-16T10:22:17.000000,F4,1,0.6091560261600748,0,1,0.18276446647680375,LQ_RECOVERY_R4_STATIC_MATCH_V1
1530,2026-04-22T07:05:39.000000,F4,0,0.25591283550358757,0,0.9090909090909091,0.21134568796547337,LQ_RECOVERY_R4_STATIC_MATCH_V1
1541,2026-03-30T19:50:14.000000,F4,0,0.5313857086458744,1,0.9090909090909091,0.1864114756895941,LQ_RECOVERY_R4_STATIC_MATCH_V1
1544,2026-03-13T13:04:23.000000,F4,0,0,0,1,0.2069316441441351,LQ_RECOVERY_R4_STATIC_MATCH_V1
1548,2026-04-08T09:39:57.000000,F4,0,0,1,1,0.19302856369759447,LQ_RECOVERY_R4_STATIC_MATCH_V1
1562,2026-04-20T19:03:11.000000,F4,0,0.8824701195219125,0,0.9090909090909091,0.18611621530969777,LQ_RECOVERY_R4_STATIC_MATCH_V1
1582,2026-03-28T13:16:55.000000,F4,0,0,0,1,0.2069316441441351,LQ_RECOVERY_R4_STATIC_MATCH_V1
1585,2026-03-11T14:21:17.000000,F4,0,0.33965421081985503,0.5,1,0.18649173698799618,LQ_RECOVERY_R4_STATIC_MATCH_V1
1587,2026-03-03T12:15:14.000000,F4,1,0.19999999999999996,0,0.9090909090909091,0.2137145580408717,LQ_RECOVERY_R4_STATIC_MATCH_V1
1588,2026-04-17T16:19:39.000000,F4,0,0.20000000000000007,0,1,0.1987458982739819,LQ_RECOVERY_R4_STATIC_MATCH_V1
1592,2026-04-07T15:06:37.000000,F4,0,0.25806451612903225,1,1,0.1830558742492842,LQ_RECOVERY_R4_STATIC_MATCH_V1
1600,2026-03-20T20:20:46.000000,F4,0,0.19999999999999996,0,0.9090909090909091,0.2137145580408717,LQ_RECOVERY_R4_STATIC_MATCH_V1
1617,2026-04-26T17:06:23.000000,F4,0,0.4269127716582317,1,1,0.1767500455653089,LQ_RECOVERY_R4_STATIC_MATCH_V1
1621,2026-04-29T15:28:23.000000,F4,0,0.3104880581516095,0.5,0.9090909090909091,0.20195609176761356,LQ_RECOVERY_R4_STATIC_MATCH_V1
1632,2026-04-21T08:30:23.000000,F4,0,0.3387423935091277,0,0.9090909090909091,0.20787186402916974,LQ_RECOVERY_R4_STATIC_MATCH_V1
1643,2026-03-14T10:41:19.000000,F4,0,0.20774032459425718,1,1,0.18496873318092302,LQ_RECOVERY_R4_STATIC_MATCH_V1
1649,2026-04-24T11:18:28.000000,F4,0,0,0,0.9090909090909091,0.2223457370860461,LQ_RECOVERY_R4_STATIC_MATCH_V1
1653,2026-03-19T15:05:06.000000,F4,0,0.5822145228814782,0,0.9090909090909091,0.1979055581814995,LQ_RECOVERY_R4_STATIC_MATCH_V1
1665,2026-04-03T07:23:51.000000,F4,0,0.26007636826474334,0,1,0.19633511894951705,LQ_RECOVERY_R4_STATIC_MATCH_V1
1666,2026-03-06T09:25:27.000000,F4,1,0,0,1,0.2069316441441351,LQ_RECOVERY_R4_STATIC_MATCH_V1
1688,2026-04-06T15:05:21.000000,F4,0,0,0,0.9090909090909091,0.2223457370860461,LQ_RECOVERY_R4_STATIC_MATCH_V1
1712,2026-03-20T16:17:43.000000,F4,0,0.6951920169337769,1,1,0.1670836899919602,LQ_RECOVERY_R4_STATIC_MATCH_V1
1716,2026-03-30T09:42:00.000000,F4,0,0,0,0.9090909090909091,0.2223457370860461,LQ_RECOVERY_R4_STATIC_MATCH_V1
1721,2026-03-13T15:39:37.000000,F4,0,0,0,1,0.2069316441441351,LQ_RECOVERY_R4_STATIC_MATCH_V1
1724,2026-03-14T20:01:35.000000,F4,1,0,0,0.9090909090909091,0.2223457370860461,LQ_RECOVERY_R4_STATIC_MATCH_V1
1727,2026-04-29T11:18:43.000000,F4,0,0,0,1,0.2069316441441351,LQ_RECOVERY_R4_STATIC_MATCH_V1
1744,2026-04-10T11:03:24.000000,F4,0,0.3302151543498597,0,1,0.1935485907579394,LQ_RECOVERY_R4_STATIC_MATCH_V1
1755,2026-03-13T19:57:00.000000,F4,0,0.20000000000000007,0,1,0.1987458982739819,LQ_RECOVERY_R4_STATIC_MATCH_V1
1758,2026-03-11T07:00:45.000000,F4,0,0.20000000000000007,0,1,0.1987458982739819,LQ_RECOVERY_R4_STATIC_MATCH_V1
1767,2026-03-28T12:20:28.000000,F4,0,0,0,1,0.2069316441441351,LQ_RECOVERY_R4_STATIC_MATCH_V1
1781,2026-03-13T09:36:08.000000,F4,0,0.19999999999999996,0,0.8181818181818182,0.2294876992426503,LQ_RECOVERY_R4_STATIC_MATCH_V1
1782,2026-03-03T20:03:18.000000,F4,1,0.28180212014134265,1,0.9090909090909091,0.1961842118451489,LQ_RECOVERY_R4_STATIC_MATCH_V1
1792,2026-03-08T07:38:00.000000,F4,0,0.19999999999999996,0,0.9090909090909091,0.2137145580408717,LQ_RECOVERY_R4_STATIC_MATCH_V1
1795,2026-03-21T09:20:45.000000,F4,0,0.8781805899572168,0,1,0.17281126968292673,LQ_RECOVERY_R4_STATIC_MATCH_V1
1800,2026-04-29T16:02:35.000000,F4,0,0.44323814019353325,0,0.9090909090909091,0.20354970916721057,LQ_RECOVERY_R4_STATIC_MATCH_V1
1802,2026-04-10T16:01:00.000000,F4,0,0.6391268306161924,1,0.9090909090909091,0.18231026191513997,LQ_RECOVERY_R4_STATIC_MATCH_V1
1804,2026-04-29T19:58:00.000000,F4,1,0.19999999999999996,0,1,0.1987458982739819,LQ_RECOVERY_R4_STATIC_MATCH_V1
1805,2026-03-21T10:52:51.000000,F4,0,0.9043343870741132,0,0.9090909090909091,0.18527925383567398,LQ_RECOVERY_R4_STATIC_MATCH_V1
1814,2026-03-04T16:52:30.000000,F4,0,0,0,1,0.2069316441441351,LQ_RECOVERY_R4_STATIC_MATCH_V1
1820,2026-04-27T08:40:12.000000,F4,0,0,0,0.9090909090909091,0.2223457370860461,LQ_RECOVERY_R4_STATIC_MATCH_V1
1834,2026-03-25T19:43:14.000000,F4,0,0.20000000000000007,0,1,0.1987458982739819,LQ_RECOVERY_R4_STATIC_MATCH_V1
1837,2026-04-17T09:30:39.000000,F4,0,0.26838546069315306,0,0.9090909090909091,0.21081988765835494,LQ_RECOVERY_R4_STATIC_MATCH_V1
1852,2026-04-18T12:12:33.000000,F4,0,0,0,0.9090909090909091,0.2223457370860461,LQ_RECOVERY_R4_STATIC_MATCH_V1
1853,2026-04-30T20:23:09.000000,F4,0,0.5381540697674418,0,0.9090909090909091,0.19968208870952903,LQ_RECOVERY_R4_STATIC_MATCH_V1
1870,2026-03-19T10:07:44.000000,F4,0,0.19659863945578215,0,1,0.19888305358953728,LQ_RECOVERY_R4_STATIC_MATCH_V1
1881,2026-03-13T15:25:03.000000,F4,1,0.25876662636033865,0,1,0.19638744058604446,LQ_RECOVERY_R4_STATIC_MATCH_V1
1882,2026-04-19T13:30:00.000000,F4,1,0,0,1,0.2069316441441351,LQ_RECOVERY_R4_STATIC_MATCH_V1
1888,2026-04-10T17:04:27.000000,F4,0,0,0,0.9090909090909091,0.2223457370860461,LQ_RECOVERY_R4_STATIC_MATCH_V1
1891,2026-04-17T15:42:07.000000,F4,0,0,0,0.9090909090909091,0.2223457370860461,LQ_RECOVERY_R4_STATIC_MATCH_V1
1896,2026-04-20T16:56:07.000000,F4,1,0,0,1,0.2069316441441351,LQ_RECOVERY_R4_STATIC_MATCH_V1
1897,2026-04-01T14:03:28.000000,F4,0,0.19999999999999996,0.5,0.9090909090909091,0.20650162691648938,LQ_RECOVERY_R4_STATIC_MATCH_V1
1908,2026-04-13T08:53:43.000000,F4,0,0.8154392191659272,1,0.9090909090909091,0.17575069121833728,LQ_RECOVERY_R4_STATIC_MATCH_V1
1921,2026-03-13T11:03:38.000000,F4,0,0.4632224970229917,0,1,0.18834714807874586,LQ_RECOVERY_R4_STATIC_MATCH_V1
1926,2026-04-02T20:56:17.000000,F4,0,0,0.5,0.9090909090909091,0.21492112554439327,LQ_RECOVERY_R4_STATIC_MATCH_V1
1932,2026-03-07T20:58:35.000000,F4,1,0,0,0.9090909090909091,0.2223457370860461,LQ_RECOVERY_R4_STATIC_MATCH_V1
1946,2026-03-23T20:18:04.000000,F4,0,0.38054054054054054,0,1,0.19156781130895661,LQ_RECOVERY_R4_STATIC_MATCH_V1
1953,2026-04-08T08:44:10.000000,F4,0,0.2998345740281224,0,0.9090909090909091,0.20949836685035833,LQ_RECOVERY_R4_STATIC_MATCH_V1
1954,2026-03-16T10:09:00.000000,F4,1,0,0,1,0.2069316441441351,LQ_RECOVERY_R4_STATIC_MATCH_V1
1956,2026-04-28T08:10:01.000000,F4,0,0,0.5,1,0.199889441017646,LQ_RECOVERY_R4_STATIC_MATCH_V1
1957,2026-04-19T20:33:43.000000,F4,0,0,0,1,0.2069316441441351,LQ_RECOVERY_R4_STATIC_MATCH_V1
1959,2026-03-24T18:12:04.000000,F4,0,0.20000000000000007,0,1,0.1987458982739819,LQ_RECOVERY_R4_STATIC_MATCH_V1
1964,2026-04-03T10:58:00.000000,F4,0,0,0,1,0.2069316441441351,LQ_RECOVERY_R4_STATIC_MATCH_V1
1968,2026-04-06T15:13:17.000000,F4,1,0.2381533952125061,0,0.9090909090909091,0.2120960165169931,LQ_RECOVERY_R4_STATIC_MATCH_V1
1975,2026-04-09T09:10:00.000000,F4,0,0,0,0.9090909090909091,0.2223457370860461,LQ_RECOVERY_R4_STATIC_MATCH_V1
1980,2026-04-12T20:33:00.000000,F4,0,0,0,0.9090909090909091,0.2223457370860461,LQ_RECOVERY_R4_STATIC_MATCH_V1
1981,2026-03-30T15:37:22.000000,F4,1,0.20000000000000007,0,0.9090909090909091,0.2137145580408717,LQ_RECOVERY_R4_STATIC_MATCH_V1
2009,2026-03-25T08:30:01.000000,F4,0,0.20000000000000007,0,1,0.1987458982739819,LQ_RECOVERY_R4_STATIC_MATCH_V1
2010,2026-03-27T18:19:39.000000,F4,0,0.8334595003785011,0,1,0.17443560229723795,LQ_RECOVERY_R4_STATIC_MATCH_V1
2023,2026-04-13T17:09:00.000000,F4,0,0,0,1,0.2069316441441351,LQ_RECOVERY_R4_STATIC_MATCH_V1
2027,2026-03-12T16:22:12.000000,F4,0,0,0,0.9090909090909091,0.2223457370860461,LQ_RECOVERY_R4_STATIC_MATCH_V1
2040,2026-03-02T07:32:07.000000,F4,0,0.20944958597174868,1,1,0.1849035101825884,LQ_RECOVERY_R4_STATIC_MATCH_V1
2042,2026-04-03T12:23:55.000000,F4,1,0.35022522522522526,0,1,0.19275914707043149,LQ_RECOVERY_R4_STATIC_MATCH_V1
2044,2026-04-16T08:28:02.000000,F4,0,0,0,1,0.2069316441441351,LQ_RECOVERY_R4_STATIC_MATCH_V1
2056,2026-04-28T09:49:46.000000,F4,0,0.19999999999999996,0.5,0.9090909090909091,0.20650162691648938,LQ_RECOVERY_R4_STATIC_MATCH_V1
2061,2026-03-06T14:33:50.000000,F4,0,0,1,1,0.19302856369759447,LQ_RECOVERY_R4_STATIC_MATCH_V1
2074,2026-04-30T20:17:29.000000,F4,0,0.23928157589803023,0,0.8181818181818182,0.22773407507276158,LQ_RECOVERY_R4_STATIC_MATCH_V1
2085,2026-03-22T07:11:31.000000,F4,0,0.3198366791425655,0,0.9090909090909091,0.20866103286277612,LQ_RECOVERY_R4_STATIC_MATCH_V1
2087,2026-04-21T18:38:34.000000,F4,0,0.5496512105047189,1,0.9090909090909091,0.18571121795875511,LQ_RECOVERY_R4_STATIC_MATCH_V1
2088,2026-04-13T20:47:33.000000,F4,0,0.19999999999999996,0,0.9090909090909091,0.2137145580408717,LQ_RECOVERY_R4_STATIC_MATCH_V1
2097,2026-03-20T13:53:34.000000,F4,1,0.12417994376757258,1,1,0.18817898723257406,LQ_RECOVERY_R4_STATIC_MATCH_V1
2104,2026-03-10T11:34:07.000000,F4,0,0,0,1,0.2069316441441351,LQ_RECOVERY_R4_STATIC_MATCH_V1
2109,2026-04-13T12:11:00.000000,F4,0,0,0,0.9090909090909091,0.2223457370860461,LQ_RECOVERY_R4_STATIC_MATCH_V1
2113,2026-03-15T15:14:27.000000,F4,0,0,1,0.9090909090909091,0.20767822813459388,LQ_RECOVERY_R4_STATIC_MATCH_V1
2126,2026-03-31T08:04:54.000000,F4,0,0,0,1,0.2069316441441351,LQ_RECOVERY_R4_STATIC_MATCH_V1
2136,2026-03-22T17:29:49.000000,F4,0,0.20000000000000007,1,1,0.18526431566036503,LQ_RECOVERY_R4_STATIC_MATCH_V1
2140,2026-03-22T15:00:14.000000,F4,0,0,0,1,0.2069316441441351,LQ_RECOVERY_R4_STATIC_MATCH_V1
2149,2026-03-07T09:10:00.000000,F4,0,0,0,1,0.2069316441441351,LQ_RECOVERY_R4_STATIC_MATCH_V1
2152,2026-03-19T19:19:23.000000,F4,0,0.6130941019278489,0,1,0.18261561107500335,LQ_RECOVERY_R4_STATIC_MATCH_V1
2157,2026-04-05T12:12:00.000000,F4,0,0,1,1,0.19302856369759447,LQ_RECOVERY_R4_STATIC_MATCH_V1
2162,2026-03-17T15:56:27.000000,F4,0,0,0.5,1,0.199889441017646,LQ_RECOVERY_R4_STATIC_MATCH_V1
2171,2026-03-03T13:22:01.000000,F4,1,0.3583379045529347,1,1,0.1792902465141223,LQ_RECOVERY_R4_STATIC_MATCH_V1
2187,2026-04-18T16:05:17.000000,F4,0,0.19999999999999996,0,0.8181818181818182,0.2294876992426503,LQ_RECOVERY_R4_STATIC_MATCH_V1
2191,2026-03-23T10:07:56.000000,F4,0,0,1,0.9090909090909091,0.20767822813459388,LQ_RECOVERY_R4_STATIC_MATCH_V1
2216,2026-03-01T18:01:37.000000,F4,0,0.2261336515513127,0,0.9090909090909091,0.2126049490273017,LQ_RECOVERY_R4_STATIC_MATCH_V1
2217,2026-04-11T19:30:45.000000,F4,0,0,0,1,0.2069316441441351,LQ_RECOVERY_R4_STATIC_MATCH_V1
2226,2026-03-14T17:10:00.000000,F4,0,0.4507477444073662,0,1,0.1888303932037019,LQ_RECOVERY_R4_STATIC_MATCH_V1
2238,2026-04-11T20:27:00.000000,F4,0,0.6521551724137932,0,1,0.18114423771559318,LQ_RECOVERY_R4_STATIC_MATCH_V1
2239,2026-03-06T12:46:37.000000,F4,0,0.8377358490566038,0,1,0.1742797601204327,LQ_RECOVERY_R4_STATIC_MATCH_V1
2265,2026-03-20T12:12:11.000000,F4,0,0.8099741452016537,0.5,1,0.16909835450532734,LQ_RECOVERY_R4_STATIC_MATCH_V1
2280,2026-04-06T13:08:11.000000,F4,1,0,0,0.9090909090909091,0.2223457370860461,LQ_RECOVERY_R4_STATIC_MATCH_V1
2283,2026-04-19T16:59:37.000000,F4,0,0,0.5,0.9090909090909091,0.21492112554439327,LQ_RECOVERY_R4_STATIC_MATCH_V1
2292,2026-04-04T20:52:45.000000,F4,0,0,0.5,1,0.199889441017646,LQ_RECOVERY_R4_STATIC_MATCH_V1
2301,2026-04-06T12:07:31.000000,F4,0,0.254641458013967,0.5,1,0.18977879811907666,LQ_RECOVERY_R4_STATIC_MATCH_V1
2315,2026-03-31T11:14:54.000000,F4,0,0.6916005014625992,0,1,0.17966777587390345,LQ_RECOVERY_R4_STATIC_MATCH_V1
2324,2026-04-25T10:38:00.000000,F4,0,0.7556908600290597,0,0.9090909090909091,0.1910268006578001,LQ_RECOVERY_R4_STATIC_MATCH_V1
2328,2026-04-16T08:06:01.000000,F4,0,0,0,0.9090909090909091,0.2223457370860461,LQ_RECOVERY_R4_STATIC_MATCH_V1
2331,2026-03-04T08:59:10.000000,F4,0,0.8638847491306507,1,0.9090909090909091,0.17398115594302746,LQ_RECOVERY_R4_STATIC_MATCH_V1
2337,2026-03-18T15:34:51.000000,F4,0,0,0,0.9090909090909091,0.2223457370860461,LQ_RECOVERY_R4_STATIC_MATCH_V1
2342,2026-03-23T11:22:43.000000,F4,1,0,0,1,0.2069316441441351,LQ_RECOVERY_R4_STATIC_MATCH_V1
2346,2026-04-10T07:36:02.000000,F4,0,0.19999999999999996,0,1,0.1987458982739819,LQ_RECOVERY_R4_STATIC_MATCH_V1
2348,2026-04-30T12:46:18.000000,F4,1,0.8820990458882326,0,0.9090909090909091,0.18613044509679455,LQ_RECOVERY_R4_STATIC_MATCH_V1
2363,2026-04-01T11:44:27.000000,F4,1,0,0,1,0.2069316441441351,LQ_RECOVERY_R4_STATIC_MATCH_V1
2375,2026-03-31T12:46:03.000000,F4,0,0,0,0.9090909090909091,0.2223457370860461,LQ_RECOVERY_R4_STATIC_MATCH_V1
2380,2026-03-24T13:43:19.000000,F4,0,0,1,0.9090909090909091,0.20767822813459388,LQ_RECOVERY_R4_STATIC_MATCH_V1
2383,2026-04-11T13:35:23.000000,F4,0,0,0,1,0.2069316441441351,LQ_RECOVERY_R4_STATIC_MATCH_V1
2401,2026-03-26T14:48:06.000000,F4,0,0.3419842312746386,0,0.9090909090909091,0.20773676345699155,LQ_RECOVERY_R4_STATIC_MATCH_V1
2402,2026-04-04T14:39:32.000000,F4,0,0,0,0.9090909090909091,0.2223457370860461,LQ_RECOVERY_R4_STATIC_MATCH_V1
2424,2026-04-16T19:17:16.000000,F4,0,0,0,0.9090909090909091,0.2223457370860461,LQ_RECOVERY_R4_STATIC_MATCH_V1
2457,2026-04-24T14:27:26.000000,F4,1,0,1,1,0.19302856369759447,LQ_RECOVERY_R4_STATIC_MATCH_V1
2490,2026-03-10T09:52:59.000000,F4,0,0,0,0.9090909090909091,0.2223457370860461,LQ_RECOVERY_R4_STATIC_MATCH_V1
2494,2026-04-13T14:51:23.000000,F4,1,0,0,1,0.2069316441441351,LQ_RECOVERY_R4_STATIC_MATCH_V1
2495,2026-04-02T11:17:15.000000,F4,0,0.6820415879017013,0.5,1,0.17369763507262923,LQ_RECOVERY_R4_STATIC_MATCH_V1
2500,2026-03-17T15:40:36.000000,F4,0,0,0,1,0.2069316441441351,LQ_RECOVERY_R4_STATIC_MATCH_V1
2506,2026-03-04T16:26:28.000000,F4,0,0,0,0.9090909090909091,0.2223457370860461,LQ_RECOVERY_R4_STATIC_MATCH_V1
2507,2026-03-09T17:50:32.000000,F4,0,0.8459869848156182,0,1,0.1739793759968019,LQ_RECOVERY_R4_STATIC_MATCH_V1
2525,2026-03-03T08:45:08.000000,F4,0,0,0,0.8181818181818182,0.23856262465283143,LQ_RECOVERY_R4_STATIC_MATCH_V1
2527,2026-03-07T18:12:13.000000,F4,0,0.19999999999999996,0,1,0.1987458982739819,LQ_RECOVERY_R4_STATIC_MATCH_V1
2528,2026-04-30T11:42:07.000000,F4,1,0,0,0.9090909090909091,0.2223457370860461,LQ_RECOVERY_R4_STATIC_MATCH_V1
2551,2026-03-29T15:34:35.000000,F4,0,0.3580075411788053,0,1,0.1924527793946211,LQ_RECOVERY_R4_STATIC_MATCH_V1
2555,2026-03-22T16:40:09.000000,F4,0,0.5261575466025257,0,0.9090909090909091,0.20016786003802364,LQ_RECOVERY_R4_STATIC_MATCH_V1
2556,2026-04-13T07:51:35.000000,F4,0,0,1,1,0.19302856369759447,LQ_RECOVERY_R4_STATIC_MATCH_V1
2566,2026-04-11T11:18:28.000000,F4,0,0.47512285012285027,0,1,0.1878870396176029,LQ_RECOVERY_R4_STATIC_MATCH_V1
2567,2026-03-14T07:33:17.000000,F4,1,0.23032069970845492,0,1,0.19752639955667786,LQ_RECOVERY_R4_STATIC_MATCH_V1
2568,2026-04-21T11:10:18.000000,F4,0,0,0,1,0.2069316441441351,LQ_RECOVERY_R4_STATIC_MATCH_V1
2571,2026-04-17T14:10:42.000000,F4,0,0.19999999999999996,0,1,0.1987458982739819,LQ_RECOVERY_R4_STATIC_MATCH_V1
2574,2026-03-09T07:14:08.000000,F4,0,0.2682481751824818,0,1,0.1960089090925104,LQ_RECOVERY_R4_STATIC_MATCH_V1
2575,2026-03-31T19:30:10.000000,F4,1,0,1,1,0.19302856369759447,LQ_RECOVERY_R4_STATIC_MATCH_V1
2576,2026-03-02T20:12:05.000000,F4,1,0,0,1,0.2069316441441351,LQ_RECOVERY_R4_STATIC_MATCH_V1
2588,2026-04-17T09:14:09.000000,F4,0,0,0,0.9090909090909091,0.2223457370860461,LQ_RECOVERY_R4_STATIC_MATCH_V1
2593,2026-04-12T20:57:00.000000,F4,1,0,0,0.8181818181818182,0.23856262465283143,LQ_RECOVERY_R4_STATIC_MATCH_V1
2605,2026-04-28T11:26:51.000000,F4,0,0,0,1,0.2069316441441351,LQ_RECOVERY_R4_STATIC_MATCH_V1
2609,2026-04-03T19:19:29.000000,F4,0,0,1,0.9090909090909091,0.20767822813459388,LQ_RECOVERY_R4_STATIC_MATCH_V1
2610,2026-04-03T13:44:59.000000,F4,0,0,0,1,0.2069316441441351,LQ_RECOVERY_R4_STATIC_MATCH_V1
2612,2026-03-05T12:51:42.000000,F4,0,0.9529652351738243,0,1,0.17012175901628113,LQ_RECOVERY_R4_STATIC_MATCH_V1
2623,2026-03-22T15:05:26.000000,F4,1,0.2930856553147575,0,1,0.1950199399657691,LQ_RECOVERY_R4_STATIC_MATCH_V1
2626,2026-04-26T19:57:18.000000,F4,0,0.5268469923294308,0,1,0.18589724609096173,LQ_RECOVERY_R4_STATIC_MATCH_V1
2628,2026-04-28T10:17:40.000000,F4,0,0,0,1,0.2069316441441351,LQ_RECOVERY_R4_STATIC_MATCH_V1
2638,2026-04-20T10:10:55.000000,F4,0,0,0,0.9090909090909091,0.2223457370860461,LQ_RECOVERY_R4_STATIC_MATCH_V1
2651,2026-04-25T11:05:27.000000,F4,0,0,0,0.7272727272727273,0.2555735794465417,LQ_RECOVERY_R4_STATIC_MATCH_V1
2671,2026-04-19T07:40:30.000000,F4,0,0,0,1,0.2069316441441351,LQ_RECOVERY_R4_STATIC_MATCH_V1
2672,2026-04-05T17:13:22.000000,F4,0,0,0.5,1,0.199889441017646,LQ_RECOVERY_R4_STATIC_MATCH_V1
2673,2026-03-26T20:24:00.000000,F4,0,0.7598012147984539,0,1,0.17713718595749847,LQ_RECOVERY_R4_STATIC_MATCH_V1
2675,2026-04-27T17:30:28.000000,F4,0,0.2888047593293672,0.5,1,0.1884525533162593,LQ_RECOVERY_R4_STATIC_MATCH_V1
2678,2026-03-14T13:53:23.000000,F4,0,0.19999999999999996,0.5,0.9090909090909091,0.20650162691648938,LQ_RECOVERY_R4_STATIC_MATCH_V1
2685,2026-04-27T15:37:23.000000,F4,0,0.19999999999999996,0,0.9090909090909091,0.2137145580408717,LQ_RECOVERY_R4_STATIC_MATCH_V1
2694,2026-04-29T11:14:57.000000,F4,0,0,0,0.9090909090909091,0.2223457370860461,LQ_RECOVERY_R4_STATIC_MATCH_V1
2719,2026-03-24T14:50:21.000000,F4,0,0,0,1,0.2069316441441351,LQ_RECOVERY_R4_STATIC_MATCH_V1
2724,2026-03-02T19:19:00.000000,F4,0,0.5354862936537739,0,0.9090909090909091,0.19979003755316535,LQ_RECOVERY_R4_STATIC_MATCH_V1
2725,2026-03-28T11:34:16.000000,F4,0,0.6801015550618851,0,0.9090909090909091,0.19400140816975395,LQ_RECOVERY_R4_STATIC_MATCH_V1
2726,2026-03-15T17:19:00.000000,F4,0,0,1,0.8181818181818182,0.22313228657727516,LQ_RECOVERY_R4_STATIC_MATCH_V1
2736,2026-03-11T07:16:42.000000,F4,1,0,0,1,0.2069316441441351,LQ_RECOVERY_R4_STATIC_MATCH_V1
2739,2026-03-15T07:56:35.000000,F4,0,0.6092094539527302,0,1,0.18276244632844704,LQ_RECOVERY_R4_STATIC_MATCH_V1
2753,2026-04-23T12:01:41.000000,F4,1,0,0,1,0.2069316441441351,LQ_RECOVERY_R4_STATIC_MATCH_V1
2754,2026-03-17T18:44:55.000000,F4,0,0.40973817179604954,0,1,0.19042571765302066,LQ_RECOVERY_R4_STATIC_MATCH_V1
2757,2026-04-27T10:51:49.000000,F4,0,0.46709539121114685,0,1,0.18819731380172608,LQ_RECOVERY_R4_STATIC_MATCH_V1
2764,2026-04-06T10:11:29.000000,F4,0,0.4942339373970346,0,0.8181818181818182,0.21658293218504693,LQ_RECOVERY_R4_STATIC_MATCH_V1
2773,2026-03-08T11:16:32.000000,F4,0,0.19999999999999996,0,1,0.1987458982739819,LQ_RECOVERY_R4_STATIC_MATCH_V1
2781,2026-03-26T12:04:58.000000,F4,0,0,0,0.8181818181818182,0.23856262465283143,LQ_RECOVERY_R4_STATIC_MATCH_V1
2786,2026-04-15T19:46:38.000000,F4,0,0,1,1,0.19302856369759447,LQ_RECOVERY_R4_STATIC_MATCH_V1
2794,2026-03-22T15:59:13.000000,F4,1,0,0,1,0.2069316441441351,LQ_RECOVERY_R4_STATIC_MATCH_V1
2797,2026-03-05T15:36:31.000000,F4,0,0,1,1,0.19302856369759447,LQ_RECOVERY_R4_STATIC_MATCH_V1
2806,2026-04-25T16:10:06.000000,F4,0,0.28765859284890427,1,1,0.1819381679759223,LQ_RECOVERY_R4_STATIC_MATCH_V1
2821,2026-03-22T15:20:12.000000,F4,0,0.3040353786622443,0,0.9090909090909091,0.20932230688890147,LQ_RECOVERY_R4_STATIC_MATCH_V1
2834,2026-03-19T17:42:42.000000,F4,1,0,1,1,0.19302856369759447,LQ_RECOVERY_R4_STATIC_MATCH_V1
2836,2026-03-06T12:25:00.000000,F4,0,0.19999999999999996,0,0.9090909090909091,0.2137145580408717,LQ_RECOVERY_R4_STATIC_MATCH_V1
2843,2026-03-08T20:38:57.000000,F4,0,0.19999999999999996,0,1,0.1987458982739819,LQ_RECOVERY_R4_STATIC_MATCH_V1
2846,2026-04-29T09:56:47.000000,F4,0,0.38374836173001314,0,0.9090909090909091,0.20600207586431352,LQ_RECOVERY_R4_STATIC_MATCH_V1
2847,2026-04-10T14:58:27.000000,F4,1,0,0.5,1,0.199889441017646,LQ_RECOVERY_R4_STATIC_MATCH_V1
2851,2026-03-25T07:37:18.000000,F4,0,0.9385474860335196,0,0.9090909090909091,0.18397542083412097,LQ_RECOVERY_R4_STATIC_MATCH_V1
2866,2026-03-04T17:10:46.000000,F4,1,0.19999999999999996,0,0.9090909090909091,0.2137145580408717,LQ_RECOVERY_R4_STATIC_MATCH_V1
2867,2026-03-05T16:37:47.000000,F4,0,0,1,1,0.19302856369759447,LQ_RECOVERY_R4_STATIC_MATCH_V1
2872,2026-03-24T10:44:15.000000,F4,0,0,0,1,0.2069316441441351,LQ_RECOVERY_R4_STATIC_MATCH_V1
2881,2026-03-02T10:12:41.000000,F4,0,0,0.5,1,0.199889441017646,LQ_RECOVERY_R4_STATIC_MATCH_V1
2899,2026-04-15T08:13:00.000000,F4,0,0.23696682464454977,1,0.9090909090909091,0.19798024775663575,LQ_RECOVERY_R4_STATIC_MATCH_V1
2911,2026-03-10T17:21:57.000000,F4,0,0.19999999999999996,0,1,0.1987458982739819,LQ_RECOVERY_R4_STATIC_MATCH_V1
2924,2026-04-15T11:50:42.000000,F4,0,0,1,1,0.19302856369759447,LQ_RECOVERY_R4_STATIC_MATCH_V1
2949,2026-04-02T09:33:34.000000,F4,1,0,0,1,0.2069316441441351,LQ_RECOVERY_R4_STATIC_MATCH_V1
2953,2026-03-08T13:09:04.000000,F4,0,0.9716392512762337,0,1,0.1694553922580861,LQ_RECOVERY_R4_STATIC_MATCH_V1
2966,2026-03-21T08:27:19.000000,F4,0,0,0,1,0.2069316441441351,LQ_RECOVERY_R4_STATIC_MATCH_V1
2971,2026-04-10T11:06:02.000000,F4,0,0.19999999999999996,0,1,0.1987458982739819,LQ_RECOVERY_R4_STATIC_MATCH_V1
2976,2026-03-18T19:55:02.000000,F4,0,0.3338582677165355,0.5,1,0.18671443908599353,LQ_RECOVERY_R4_STATIC_MATCH_V1
2993,2026-04-05T18:10:20.000000,F4,0,0.19999999999999996,0,1,0.1987458982739819,LQ_RECOVERY_R4_STATIC_MATCH_V1
2995,2026-04-30T14:58:01.000000,F4,1,0,0.5,1,0.199889441017646,LQ_RECOVERY_R4_STATIC_MATCH_V1
2997,2026-04-15T08:48:12.000000,F4,0,0,0.5,1,0.199889441017646,LQ_RECOVERY_R4_STATIC_MATCH_V1
3006,2026-03-05T11:46:00.000000,F4,1,0.7082166199813258,0,1,0.17904864422445216,LQ_RECOVERY_R4_STATIC_MATCH_V1
3010,2026-04-15T08:36:59.000000,F4,0,0.2573770491803279,0.8,1,0.18569651890631134,LQ_RECOVERY_R4_STATIC_MATCH_V1
3019,2026-03-07T08:22:22.000000,F4,0,0.19999999999999996,1,1,0.18526431566036503,LQ_RECOVERY_R4_STATIC_MATCH_V1
3030,2026-03-17T20:56:29.000000,F4,0,0.20000000000000007,1,1,0.18526431566036503,LQ_RECOVERY_R4_STATIC_MATCH_V1
3038,2026-03-04T12:44:51.000000,F4,0,0.19999999999999996,0,1,0.1987458982739819,LQ_RECOVERY_R4_STATIC_MATCH_V1
3039,2026-03-18T19:55:40.000000,F4,0,0,1,1,0.19302856369759447,LQ_RECOVERY_R4_STATIC_MATCH_V1
3046,2026-03-09T08:16:04.000000,F4,1,0,0,1,0.2069316441441351,LQ_RECOVERY_R4_STATIC_MATCH_V1
3047,2026-03-12T07:19:57.000000,F4,0,0,0,0.9090909090909091,0.2223457370860461,LQ_RECOVERY_R4_STATIC_MATCH_V1
3059,2026-04-12T15:50:45.000000,F4,0,0,0,1,0.2069316441441351,LQ_RECOVERY_R4_STATIC_MATCH_V1
3070,2026-04-18T17:18:46.000000,F4,0,0.44999999999999996,0.5,1,0.18229084594071582,LQ_RECOVERY_R4_STATIC_MATCH_V1
3074,2026-03-01T18:06:07.000000,F4,1,0,0,0.9090909090909091,0.2223457370860461,LQ_RECOVERY_R4_STATIC_MATCH_V1
3077,2026-03-12T11:41:00.000000,F4,0,0,1,0.8181818181818182,0.22313228657727516,LQ_RECOVERY_R4_STATIC_MATCH_V1
3088,2026-03-17T17:01:52.000000,F4,0,0.6577181208053691,1,1,0.16840807320308157,LQ_RECOVERY_R4_STATIC_MATCH_V1
3100,2026-03-12T18:11:05.000000,F4,0,0.9804181000264619,0,1,0.16914284497838722,LQ_RECOVERY_R4_STATIC_MATCH_V1
3101,2026-03-24T16:28:21.000000,F4,0,0.19999999999999996,0,1,0.1987458982739819,LQ_RECOVERY_R4_STATIC_MATCH_V1
3102,2026-03-12T12:32:28.000000,F4,0,0.48216159496327393,0,1,0.18761530447910185,LQ_RECOVERY_R4_STATIC_MATCH_V1
3104,2026-03-07T16:38:22.000000,F4,0,0.36316119590215346,0,0.9090909090909091,0.2068558271611154,LQ_RECOVERY_R4_STATIC_MATCH_V1
3113,2026-03-26T10:42:06.000000,F4,0,0.20000000000000007,0,0.9090909090909091,0.2137145580408717,LQ_RECOVERY_R4_STATIC_MATCH_V1
3139,2026-03-01T20:45:05.000000,F4,0,0,0,1,0.2069316441441351,LQ_RECOVERY_R4_STATIC_MATCH_V1
3141,2026-04-11T13:49:21.000000,F4,0,0.5779636513837259,0,1,0.18394683633604322,LQ_RECOVERY_R4_STATIC_MATCH_V1
3156,2026-03-31T12:12:13.000000,F4,0,0.19999999999999996,0,0.8181818181818182,0.2294876992426503,LQ_RECOVERY_R4_STATIC_MATCH_V1
3158,2026-04-06T13:57:51.000000,F4,1,0.19999999999999996,1,0.9090909090909091,0.19947037719853922,LQ_RECOVERY_R4_STATIC_MATCH_V1
3166,2026-03-26T18:39:50.000000,F4,0,0.19999999999999996,0,1,0.1987458982739819,LQ_RECOVERY_R4_STATIC_MATCH_V1
3167,2026-03-17T15:50:40.000000,F4,0,0,1,1,0.19302856369759447,LQ_RECOVERY_R4_STATIC_MATCH_V1
3178,2026-04-25T16:38:04.000000,F4,1,0.08473118279569891,0.8,1,0.1923963244364339,LQ_RECOVERY_R4_STATIC_MATCH_V1
3199,2026-04-05T20:26:29.000000,F4,0,0.2594911937377691,0,0.8181818181818182,0.22683555783226778,LQ_RECOVERY_R4_STATIC_MATCH_V1
3208,2026-04-19T13:37:49.000000,F4,0,0,0,1,0.2069316441441351,LQ_RECOVERY_R4_STATIC_MATCH_V1
3225,2026-04-05T08:14:25.000000,F4,0,0.20000000000000007,0,1,0.1987458982739819,LQ_RECOVERY_R4_STATIC_MATCH_V1
3233,2026-03-30T18:12:40.000000,F4,0,0.19999999999999996,0,0.9090909090909091,0.2137145580408717,LQ_RECOVERY_R4_STATIC_MATCH_V1
3239,2026-04-21T07:22:32.000000,F4,0,0.6728232189973615,0,0.9090909090909091,0.19428967519454277,LQ_RECOVERY_R4_STATIC_MATCH_V1
3240,2026-04-04T15:40:59.000000,F4,0,0.19999999999999996,0.5,0.9090909090909091,0.20650162691648938,LQ_RECOVERY_R4_STATIC_MATCH_V1
3267,2026-03-26T17:32:42.000000,F4,0,0,0,1,0.2069316441441351,LQ_RECOVERY_R4_STATIC_MATCH_V1
3269,2026-04-20T12:10:30.000000,F4,0,0,0,1,0.2069316441441351,LQ_RECOVERY_R4_STATIC_MATCH_V1
3275,2026-03-10T13:31:38.000000,F4,1,0.49435665914221216,0.8,1,0.17679550461530255,LQ_RECOVERY_R4_STATIC_MATCH_V1
3288,2026-04-10T20:30:47.000000,F4,0,0,0,0.9090909090909091,0.2223457370860461,LQ_RECOVERY_R4_STATIC_MATCH_V1
3290,2026-03-07T20:36:17.000000,F4,0,0,0,1,0.2069316441441351,LQ_RECOVERY_R4_STATIC_MATCH_V1
3291,2026-03-15T20:13:02.000000,F4,1,0.19999999999999996,0,0.9090909090909091,0.2137145580408717,LQ_RECOVERY_R4_STATIC_MATCH_V1
3292,2026-03-12T16:35:45.000000,F4,0,0.29809148742805214,1,1,0.18154540663110189,LQ_RECOVERY_R4_STATIC_MATCH_V1
3300,2026-03-27T18:41:00.000000,F4,1,0.6621169664647926,0,0.9090909090909091,0.19471429940270685,LQ_RECOVERY_R4_STATIC_MATCH_V1
3311,2026-04-21T13:08:29.000000,F4,0,0,0.8,1,0.19575119242703407,LQ_RECOVERY_R4_STATIC_MATCH_V1
3320,2026-03-21T11:34:55.000000,F4,0,0,0,1,0.2069316441441351,LQ_RECOVERY_R4_STATIC_MATCH_V1
3330,2026-03-11T19:23:58.000000,F4,0,0.3585942704863425,0,1,0.19242969657016118,LQ_RECOVERY_R4_STATIC_MATCH_V1
3334,2026-04-08T20:36:18.000000,F4,0,0,0,1,0.2069316441441351,LQ_RECOVERY_R4_STATIC_MATCH_V1
3349,2026-04-24T10:01:06.000000,F4,0,0,0,0.9090909090909091,0.2223457370860461,LQ_RECOVERY_R4_STATIC_MATCH_V1
3355,2026-04-10T13:38:40.000000,F4,0,0.29839601769911506,0,1,0.19480898531439664,LQ_RECOVERY_R4_STATIC_MATCH_V1
3360,2026-04-24T19:47:17.000000,F4,0,0,0,1,0.2069316441441351,LQ_RECOVERY_R4_STATIC_MATCH_V1
3364,2026-03-10T09:47:32.000000,F4,0,0.20000000000000007,0,1,0.1987458982739819,LQ_RECOVERY_R4_STATIC_MATCH_V1
3380,2026-04-07T10:20:00.000000,F4,0,0,0,1,0.2069316441441351,LQ_RECOVERY_R4_STATIC_MATCH_V1
3389,2026-04-09T08:05:16.000000,F4,0,0.3209594517418619,0,0.9090909090909091,0.20861410415050927,LQ_RECOVERY_R4_STATIC_MATCH_V1
3413,2026-04-02T19:05:00.000000,F4,0,0,0,1,0.2069316441441351,LQ_RECOVERY_R4_STATIC_MATCH_V1
3415,2026-03-26T15:00:30.000000,F4,0,0,0,1,0.2069316441441351,LQ_RECOVERY_R4_STATIC_MATCH_V1
3435,2026-03-29T15:46:53.000000,F4,0,0,0,0.9090909090909091,0.2223457370860461,LQ_RECOVERY_R4_STATIC_MATCH_V1
3452,2026-03-01T11:18:49.000000,F4,0,0,0,1,0.2069316441441351,LQ_RECOVERY_R4_STATIC_MATCH_V1
3468,2026-03-31T09:14:05.000000,F4,0,0,0,1,0.2069316441441351,LQ_RECOVERY_R4_STATIC_MATCH_V1
3473,2026-03-26T10:36:14.000000,F4,0,0.19999999999999996,0,0.9090909090909091,0.2137145580408717,LQ_RECOVERY_R4_STATIC_MATCH_V1
3478,2026-03-10T12:56:07.000000,F4,0,0.19999999999999996,0.5,1,0.19191485660695692,LQ_RECOVERY_R4_STATIC_MATCH_V1
3480,2026-04-05T11:12:51.000000,F4,0,0,0,1,0.2069316441441351,LQ_RECOVERY_R4_STATIC_MATCH_V1
3505,2026-03-10T08:18:09.000000,F4,0,0.19999999999999996,0,1,0.1987458982739819,LQ_RECOVERY_R4_STATIC_MATCH_V1
3515,2026-04-24T09:29:01.000000,F4,1,0.2032520325203252,0,1,0.19861483093213064,LQ_RECOVERY_R4_STATIC_MATCH_V1
3516,2026-04-16T09:12:22.000000,F4,0,0.6312209094163981,0,0.9090909090909091,0.19594362178821517,LQ_RECOVERY_R4_STATIC_MATCH_V1
3521,2026-04-24T12:27:09.000000,F4,1,0.33763020833333324,0,0.8181818181818182,0.22338511073573786,LQ_RECOVERY_R4_STATIC_MATCH_V1
3525,2026-03-27T10:47:54.000000,F4,0,0.20000000000000007,0,1,0.1987458982739819,LQ_RECOVERY_R4_STATIC_MATCH_V1
3531,2026-04-21T16:14:26.000000,F4,0,0,0,0.9090909090909091,0.2223457370860461,LQ_RECOVERY_R4_STATIC_MATCH_V1
3539,2026-04-12T16:07:28.000000,F4,0,0.19999999999999996,0,0.9090909090909091,0.2137145580408717,LQ_RECOVERY_R4_STATIC_MATCH_V1
3542,2026-03-13T07:50:07.000000,F4,0,0.19999999999999996,0,1,0.1987458982739819,LQ_RECOVERY_R4_STATIC_MATCH_V1
3554,2026-04-14T16:20:24.000000,F4,0,0.3417446160539481,1,1,0.17990917780520516,LQ_RECOVERY_R4_STATIC_MATCH_V1
3574,2026-04-21T19:50:29.000000,F4,0,0.2011686143572622,0,1,0.19869879188186182,LQ_RECOVERY_R4_STATIC_MATCH_V1
3577,2026-04-15T10:55:06.000000,F4,1,0.29469996954005484,0,1,0.19495579287339637,LQ_RECOVERY_R4_STATIC_MATCH_V1
3582,2026-04-24T14:39:32.000000,F4,1,0.5211726384364821,0,1,0.18611473815347485,LQ_RECOVERY_R4_STATIC_MATCH_V1
3603,2026-03-18T07:23:24.000000,F4,1,0,0,1,0.2069316441441351,LQ_RECOVERY_R4_STATIC_MATCH_V1
3604,2026-04-15T15:24:17.000000,F4,1,0.19999999999999996,0.5,1,0.19191485660695692,LQ_RECOVERY_R4_STATIC_MATCH_V1
3618,2026-03-23T15:02:06.000000,F4,1,0.5699797160243407,0,0.8181818181818182,0.21334708841172198,LQ_RECOVERY_R4_STATIC_MATCH_V1
3624,2026-04-12T20:06:27.000000,F4,0,0.19999999999999996,0.5,1,0.19191485660695692,LQ_RECOVERY_R4_STATIC_MATCH_V1
3634,2026-03-06T15:01:54.000000,F4,1,0,0.5,1,0.199889441017646,LQ_RECOVERY_R4_STATIC_MATCH_V1
3638,2026-04-11T12:52:05.000000,F4,0,0.755998189225894,1,1,0.16495244419756674,LQ_RECOVERY_R4_STATIC_MATCH_V1
3649,2026-04-12T10:32:00.000000,F4,0,0,0,0.8181818181818182,0.23856262465283143,LQ_RECOVERY_R4_STATIC_MATCH_V1
3658,2026-04-12T10:31:41.000000,F4,0,0.19999999999999996,0,1,0.1987458982739819,LQ_RECOVERY_R4_STATIC_MATCH_V1
3661,2026-04-09T15:03:00.000000,F4,0,0.19999999999999996,0,1,0.1987458982739819,LQ_RECOVERY_R4_STATIC_MATCH_V1
3663,2026-03-23T17:40:22.000000,F4,0,0,0,1,0.2069316441441351,LQ_RECOVERY_R4_STATIC_MATCH_V1
3667,2026-04-19T17:26:36.000000,F4,0,0.20000000000000007,0,1,0.1987458982739819,LQ_RECOVERY_R4_STATIC_MATCH_V1
3673,2026-03-06T13:04:39.000000,F4,0,0.19999999999999996,0,0.8181818181818182,0.2294876992426503,LQ_RECOVERY_R4_STATIC_MATCH_V1
3690,2026-04-16T20:57:00.000000,F4,0,0,1,0.9090909090909091,0.20767822813459388,LQ_RECOVERY_R4_STATIC_MATCH_V1
3693,2026-04-03T13:21:55.000000,F4,0,0.19999999999999996,0,0.9090909090909091,0.2137145580408717,LQ_RECOVERY_R4_STATIC_MATCH_V1
3699,2026-03-16T16:00:57.000000,F4,1,0.20000000000000007,0.5,0.8181818181818182,0.22189265047296813,LQ_RECOVERY_R4_STATIC_MATCH_V1
3702,2026-04-10T09:49:10.000000,F4,0,0.8932419196865818,0,1,0.1722669213367706,LQ_RECOVERY_R4_STATIC_MATCH_V1
3704,2026-03-02T18:47:52.000000,F4,0,0.608786610878661,0.8,0.9090909090909091,0.1860768005992232,LQ_RECOVERY_R4_STATIC_MATCH_V1
3713,2026-03-06T20:26:46.000000,F4,1,0,1,1,0.19302856369759447,LQ_RECOVERY_R4_STATIC_MATCH_V1
3714,2026-03-13T08:30:26.000000,F4,0,0,1,1,0.19302856369759447,LQ_RECOVERY_R4_STATIC_MATCH_V1
3715,2026-04-04T11:37:33.000000,F4,0,0.19999999999999996,0,1,0.1987458982739819,LQ_RECOVERY_R4_STATIC_MATCH_V1
3719,2026-03-25T08:05:48.000000,F4,1,0,0,0.8181818181818182,0.23856262465283143,LQ_RECOVERY_R4_STATIC_MATCH_V1
3732,2026-04-09T09:30:00.000000,F4,1,0,0,1,0.2069316441441351,LQ_RECOVERY_R4_STATIC_MATCH_V1
3736,2026-03-09T16:59:02.000000,F4,0,0.7212622088655146,0,1,0.1785637237026637,LQ_RECOVERY_R4_STATIC_MATCH_V1
3749,2026-04-28T10:30:02.000000,F4,0,0,1,0.9090909090909091,0.20767822813459388,LQ_RECOVERY_R4_STATIC_MATCH_V1
3754,2026-04-02T20:32:00.000000,F4,0,0,0,0.9090909090909091,0.2223457370860461,LQ_RECOVERY_R4_STATIC_MATCH_V1
3768,2026-04-02T16:28:21.000000,F4,1,0,0,1,0.2069316441441351,LQ_RECOVERY_R4_STATIC_MATCH_V1
3784,2026-04-13T16:05:34.000000,F4,0,0.6469944435090083,0,1,0.18133810421074262,LQ_RECOVERY_R4_STATIC_MATCH_V1
3789,2026-03-13T09:46:55.000000,F4,0,0.6217742970856337,0,1,0.1822878407237368,LQ_RECOVERY_R4_STATIC_MATCH_V1
3796,2026-03-28T17:02:00.000000,F4,0,0.7007168458781361,0,0.9090909090909091,0.19318667846518534,LQ_RECOVERY_R4_STATIC_MATCH_V1
3804,2026-03-27T14:48:10.000000,F4,1,0,0,1,0.2069316441441351,LQ_RECOVERY_R4_STATIC_MATCH_V1
3810,2026-03-05T07:58:11.000000,F4,0,0,0,1,0.2069316441441351,LQ_RECOVERY_R4_STATIC_MATCH_V1
3814,2026-03-30T13:32:05.000000,F4,1,0,0,1,0.2069316441441351,LQ_RECOVERY_R4_STATIC_MATCH_V1
3833,2026-03-10T09:41:13.000000,F4,0,0.26652636791284967,0.5,1,0.18931660806875494,LQ_RECOVERY_R4_STATIC_MATCH_V1
3838,2026-03-24T13:15:46.000000,F4,0,0.489875579409612,0.5,1,0.18079097001316552,LQ_RECOVERY_R4_STATIC_MATCH_V1
3854,2026-04-21T10:12:15.000000,F4,0,0.9303892215568862,0,1,0.17093014496274234,LQ_RECOVERY_R4_STATIC_MATCH_V1
3857,2026-03-08T19:09:48.000000,F4,0,0.19999999999999996,0.5,1,0.19191485660695692,LQ_RECOVERY_R4_STATIC_MATCH_V1
3862,2026-04-16T15:15:52.000000,F4,0,0.25611423363208274,0,0.9090909090909091,0.21133719013614755,LQ_RECOVERY_R4_STATIC_MATCH_V1
3866,2026-04-23T15:00:37.000000,F4,0,0.3092812412374989,0.5,0.9090909090909091,0.202005334661477,LQ_RECOVERY_R4_STATIC_MATCH_V1
3872,2026-03-10T11:44:58.000000,F4,0,0.19999999999999996,0,0.9090909090909091,0.2137145580408717,LQ_RECOVERY_R4_STATIC_MATCH_V1
3877,2026-04-09T16:02:31.000000,F4,0,0,0,1,0.2069316441441351,LQ_RECOVERY_R4_STATIC_MATCH_V1
3882,2026-04-07T14:54:02.000000,F4,0,0.19999999999999996,0,1,0.1987458982739819,LQ_RECOVERY_R4_STATIC_MATCH_V1
3885,2026-03-24T18:20:08.000000,F4,0,0.4181977252843394,0,1,0.19009578853664935,LQ_RECOVERY_R4_STATIC_MATCH_V1
3900,2026-04-06T12:36:00.000000,F4,1,0,0,1,0.2069316441441351,LQ_RECOVERY_R4_STATIC_MATCH_V1
3917,2026-04-27T20:46:33.000000,F4,1,0.19999999999999996,0,1,0.1987458982739819,LQ_RECOVERY_R4_STATIC_MATCH_V1
3923,2026-03-12T20:50:23.000000,F4,0,0,1,0.9090909090909091,0.20767822813459388,LQ_RECOVERY_R4_STATIC_MATCH_V1
3924,2026-04-06T07:41:12.000000,F4,0,0.7467910241019486,0,1,0.17761776120233236,LQ_RECOVERY_R4_STATIC_MATCH_V1
3937,2026-04-25T08:48:29.000000,F4,0,0.19999999999999996,0,0.9090909090909091,0.2137145580408717,LQ_RECOVERY_R4_STATIC_MATCH_V1
3938,2026-04-14T16:55:22.000000,F4,0,0,0,1,0.2069316441441351,LQ_RECOVERY_R4_STATIC_MATCH_V1
3941,2026-03-02T20:06:06.000000,F4,0,0.43047731989327,0,1,0.18961765352956234,LQ_RECOVERY_R4_STATIC_MATCH_V1
3942,2026-03-27T13:00:44.000000,F4,1,0.125,0,1,0.20178668974706876,LQ_RECOVERY_R4_STATIC_MATCH_V1
3949,2026-04-26T15:19:26.000000,F4,0,0.19999999999999996,0,1,0.1987458982739819,LQ_RECOVERY_R4_STATIC_MATCH_V1
3979,2026-03-29T11:10:00.000000,F4,0,0,0.8,0.9090909090909091,0.21055357372898004,LQ_RECOVERY_R4_STATIC_MATCH_V1
3997,2026-04-03T14:50:01.000000,F4,0,0.24630650496141127,0,0.9090909090909091,0.21175130972349782,LQ_RECOVERY_R4_STATIC_MATCH_V1
4000,2026-03-28T16:07:33.000000,F4,0,0.24222636815920395,0.5,1,0.19026252846819128,LQ_RECOVERY_R4_STATIC_MATCH_V1
4002,2026-03-01T14:11:04.000000,F4,0,0,0,0.9090909090909091,0.2223457370860461,LQ_RECOVERY_R4_STATIC_MATCH_V1
4003,2026-03-07T19:08:34.000000,F4,0,0,0,1,0.2069316441441351,LQ_RECOVERY_R4_STATIC_MATCH_V1
4005,2026-04-09T07:31:57.000000,F4,0,0.2737164229853791,0,0.9090909090909091,0.21059544640157593,LQ_RECOVERY_R4_STATIC_MATCH_V1
4012,2026-03-22T12:31:28.000000,F4,0,0.20000000000000007,0,1,0.1987458982739819,LQ_RECOVERY_R4_STATIC_MATCH_V1
4024,2026-03-21T08:44:18.000000,F4,0,0.3448529411764706,0,1,0.19297085514704507,LQ_RECOVERY_R4_STATIC_MATCH_V1
4026,2026-04-28T18:51:38.000000,F4,0,0,1,0.8181818181818182,0.22313228657727516,LQ_RECOVERY_R4_STATIC_MATCH_V1
4055,2026-03-31T17:10:29.000000,F4,0,0,0,0.9090909090909091,0.2223457370860461,LQ_RECOVERY_R4_STATIC_MATCH_V1
4065,2026-03-20T14:14:08.000000,F4,0,0,1,1,0.19302856369759447,LQ_RECOVERY_R4_STATIC_MATCH_V1
4076,2026-03-07T17:58:00.000000,F4,0,0,0,1,0.2069316441441351,LQ_RECOVERY_R4_STATIC_MATCH_V1
4078,2026-03-27T16:49:33.000000,F4,1,0,0,0.9090909090909091,0.2223457370860461,LQ_RECOVERY_R4_STATIC_MATCH_V1
4087,2026-04-29T13:41:15.000000,F4,0,0.2545638945233266,0,0.8181818181818182,0.22705439383864087,LQ_RECOVERY_R4_STATIC_MATCH_V1
4093,2026-04-22T16:15:10.000000,F4,0,0,0,1,0.2069316441441351,LQ_RECOVERY_R4_STATIC_MATCH_V1
4100,2026-04-29T20:20:56.000000,F4,0,0.19999999999999996,0,1,0.1987458982739819,LQ_RECOVERY_R4_STATIC_MATCH_V1
4133,2026-03-06T18:01:32.000000,F4,0,0,0,0.8181818181818182,0.23856262465283143,LQ_RECOVERY_R4_STATIC_MATCH_V1
4136,2026-03-30T13:25:29.000000,F4,0,0.20081688223281147,0,0.9090909090909091,0.2136798102682022,LQ_RECOVERY_R4_STATIC_MATCH_V1
4144,2026-03-04T08:15:18.000000,F4,0,0.19999999999999996,0,1,0.1987458982739819,LQ_RECOVERY_R4_STATIC_MATCH_V1
4148,2026-03-23T17:52:34.000000,F4,1,0,0,1,0.2069316441441351,LQ_RECOVERY_R4_STATIC_MATCH_V1
4170,2026-04-03T20:10:05.000000,F4,1,0,1,0.9090909090909091,0.20767822813459388,LQ_RECOVERY_R4_STATIC_MATCH_V1
4184,2026-04-20T20:41:00.000000,F4,0,0.7725914330439732,0,0.9090909090909091,0.19036651117830744,LQ_RECOVERY_R4_STATIC_MATCH_V1
4212,2026-04-05T07:26:17.000000,F4,0,0,0,0.9090909090909091,0.2223457370860461,LQ_RECOVERY_R4_STATIC_MATCH_V1
4215,2026-04-12T14:28:44.000000,F4,0,0.03292770221904051,0.5,1,0.19855962187502094,LQ_RECOVERY_R4_STATIC_MATCH_V1
4220,2026-04-02T09:41:04.000000,F4,1,0.211416490486258,0.5,0.8181818181818182,0.22139405914859478,LQ_RECOVERY_R4_STATIC_MATCH_V1
4221,2026-03-29T08:45:08.000000,F4,0,0.5157675684328478,0,1,0.18632209131479846,LQ_RECOVERY_R4_STATIC_MATCH_V1
4256,2026-04-19T13:59:49.000000,F4,1,0.551791850760923,1,1,0.17219693172847353,LQ_RECOVERY_R4_STATIC_MATCH_V1
4263,2026-03-12T14:55:18.000000,F4,0,0,0,1,0.2069316441441351,LQ_RECOVERY_R4_STATIC_MATCH_V1
4274,2026-04-21T08:15:09.000000,F4,1,0,0,0.8181818181818182,0.23856262465283143,LQ_RECOVERY_R4_STATIC_MATCH_V1
4277,2026-04-04T08:32:30.000000,F4,0,0,0,0.9090909090909091,0.2223457370860461,LQ_RECOVERY_R4_STATIC_MATCH_V1
4298,2026-04-20T14:46:42.000000,F4,0,0.19999999999999996,1,0.9090909090909091,0.19947037719853922,LQ_RECOVERY_R4_STATIC_MATCH_V1
4312,2026-03-28T18:30:25.000000,F4,1,0.25662831415707843,1,1,0.18311025190461871,LQ_RECOVERY_R4_STATIC_MATCH_V1
4316,2026-03-19T17:06:00.000000,F4,1,0,0,0.9090909090909091,0.2223457370860461,LQ_RECOVERY_R4_STATIC_MATCH_V1
4322,2026-03-26T15:59:02.000000,F4,0,0.19999999999999996,0,1,0.1987458982739819,LQ_RECOVERY_R4_STATIC_MATCH_V1
4323,2026-04-04T09:46:59.000000,F4,0,0.3886255924170616,0,1,0.19125103433132962,LQ_RECOVERY_R4_STATIC_MATCH_V1
4324,2026-04-30T07:45:00.000000,F4,0,0,0,1,0.2069316441441351,LQ_RECOVERY_R4_STATIC_MATCH_V1
4341,2026-03-06T14:56:10.000000,F4,0,0.2500665070497473,0,0.9090909090909091,0.21159247802961018,LQ_RECOVERY_R4_STATIC_MATCH_V1
4342,2026-04-12T10:21:30.000000,F4,0,0.19999999999999996,0,1,0.1987458982739819,LQ_RECOVERY_R4_STATIC_MATCH_V1
4348,2026-03-17T07:06:04.000000,F4,0,0,0,0.9090909090909091,0.2223457370860461,LQ_RECOVERY_R4_STATIC_MATCH_V1
4372,2026-03-04T07:39:14.000000,F4,0,0,0,0.9090909090909091,0.2223457370860461,LQ_RECOVERY_R4_STATIC_MATCH_V1
4387,2026-04-30T09:18:24.000000,F4,0,0.19999999999999996,0,1,0.1987458982739819,LQ_RECOVERY_R4_STATIC_MATCH_V1
4393,2026-03-09T20:50:59.000000,F4,0,0,1,1,0.19302856369759447,LQ_RECOVERY_R4_STATIC_MATCH_V1
4400,2026-04-23T18:12:33.000000,F4,0,0,0,0.9090909090909091,0.2223457370860461,LQ_RECOVERY_R4_STATIC_MATCH_V1
4402,2026-04-17T13:31:29.000000,F4,1,0,0,1,0.2069316441441351,LQ_RECOVERY_R4_STATIC_MATCH_V1
4411,2026-03-09T15:36:42.000000,F4,0,0.9258964143426296,0,1,0.17109138355114123,LQ_RECOVERY_R4_STATIC_MATCH_V1
4430,2026-03-17T11:17:00.000000,F4,0,0.3303857008466604,0,0.9090909090909091,0.20822042020774925,LQ_RECOVERY_R4_STATIC_MATCH_V1
4437,2026-04-18T08:13:48.000000,F4,1,0.6762376237623762,0,1,0.1802416970723462,LQ_RECOVERY_R4_STATIC_MATCH_V1
4447,2026-03-27T07:03:11.000000,F4,0,0.8423645320197044,0,1,0.1741112017058374,LQ_RECOVERY_R4_STATIC_MATCH_V1
4450,2026-04-29T17:09:10.000000,F4,0,0,0.5,0.9090909090909091,0.21492112554439327,LQ_RECOVERY_R4_STATIC_MATCH_V1
4457,2026-03-27T12:37:51.000000,F4,0,0.20670180722891562,0,0.9090909090909091,0.21342960442373782,LQ_RECOVERY_R4_STATIC_MATCH_V1
4468,2026-04-15T19:47:17.000000,F4,1,0.21046823269746173,0.8,0.9090909090909091,0.20183384241478905,LQ_RECOVERY_R4_STATIC_MATCH_V1
4470,2026-03-16T13:20:07.000000,F4,0,0.8775284012191743,0.8,1,0.16311774784099567,LQ_RECOVERY_R4_STATIC_MATCH_V1
4487,2026-04-17T12:49:05.000000,F4,1,0.013447432762836109,0.5,1,0.1993455470506584,LQ_RECOVERY_R4_STATIC_MATCH_V1
4491,2026-03-20T13:34:02.000000,F4,0,0,0,1,0.2069316441441351,LQ_RECOVERY_R4_STATIC_MATCH_V1
4500,2026-04-25T09:44:57.000000,F4,0,0,0.8,1,0.19575119242703407,LQ_RECOVERY_R4_STATIC_MATCH_V1
4508,2026-03-10T20:21:48.000000,F4,0,0.19999999999999996,0,1,0.1987458982739819,LQ_RECOVERY_R4_STATIC_MATCH_V1
4523,2026-04-17T16:14:15.000000,F4,0,0,1,0.8181818181818182,0.22313228657727516,LQ_RECOVERY_R4_STATIC_MATCH_V1
4526,2026-03-06T14:42:00.000000,F4,0,0.3407155025553662,0,0.9090909090909091,0.2077896288289319,LQ_RECOVERY_R4_STATIC_MATCH_V1
4530,2026-04-10T19:02:21.000000,F4,0,0.5659354202612767,1,1,0.17168715445251265,LQ_RECOVERY_R4_STATIC_MATCH_V1
4531,2026-03-04T09:36:38.000000,F4,0,0.6752316764953665,0,1,0.1802793267555055,LQ_RECOVERY_R4_STATIC_MATCH_V1
4532,2026-04-20T09:42:03.000000,F4,0,0.6929203539823008,0,1,0.17961853590422766,LQ_RECOVERY_R4_STATIC_MATCH_V1
4537,2026-04-10T20:39:20.000000,F4,1,0.20000000000000007,0,0.9090909090909091,0.2137145580408717,LQ_RECOVERY_R4_STATIC_MATCH_V1
4542,2026-04-11T09:54:13.000000,F4,0,0.19999999999999996,1,1,0.18526431566036503,LQ_RECOVERY_R4_STATIC_MATCH_V1
4551,2026-03-27T10:51:00.000000,F4,0,0,0,1,0.2069316441441351,LQ_RECOVERY_R4_STATIC_MATCH_V1
4557,2026-04-08T17:40:51.000000,F4,0,0,0,1,0.2069316441441351,LQ_RECOVERY_R4_STATIC_MATCH_V1
4563,2026-04-21T15:00:18.000000,F4,1,0,0,1,0.2069316441441351,LQ_RECOVERY_R4_STATIC_MATCH_V1
4580,2026-03-23T08:03:24.000000,F4,0,0,1,0.9090909090909091,0.20767822813459388,LQ_RECOVERY_R4_STATIC_MATCH_V1
4584,2026-04-22T13:45:15.000000,F4,0,0,0,1,0.2069316441441351,LQ_RECOVERY_R4_STATIC_MATCH_V1
4593,2026-04-21T08:38:16.000000,F4,0,0.19999999999999996,0,0.9090909090909091,0.2137145580408717,LQ_RECOVERY_R4_STATIC_MATCH_V1
4598,2026-03-26T09:54:44.000000,F4,0,0.93831060857998,0,1,0.17064615481461565,LQ_RECOVERY_R4_STATIC_MATCH_V1
4612,2026-03-01T12:26:19.000000,F4,0,0.19999999999999996,0,0.9090909090909091,0.2137145580408717,LQ_RECOVERY_R4_STATIC_MATCH_V1
4613,2026-03-31T08:35:28.000000,F4,0,0.24822695035460995,0,1,0.1968088636248675,LQ_RECOVERY_R4_STATIC_MATCH_V1
4620,2026-04-25T11:05:38.000000,F4,0,0,0,1,0.2069316441441351,LQ_RECOVERY_R4_STATIC_MATCH_V1
4624,2026-04-12T19:35:00.000000,F4,1,0,0,1,0.2069316441441351,LQ_RECOVERY_R4_STATIC_MATCH_V1
4630,2026-03-27T20:23:16.000000,F4,0,0.2743708771072563,0,0.9090909090909091,0.21056790501007042,LQ_RECOVERY_R4_STATIC_MATCH_V1
4638,2026-04-02T20:33:56.000000,F4,1,0.19999999999999996,0,0.9090909090909091,0.2137145580408717,LQ_RECOVERY_R4_STATIC_MATCH_V1
4640,2026-04-15T09:31:26.000000,F4,0,0.334932221063608,1,1,0.1801637633136612,LQ_RECOVERY_R4_STATIC_MATCH_V1
4646,2026-03-22T10:19:58.000000,F4,0,0.777988614800759,0,1,0.1764670841052297,LQ_RECOVERY_R4_STATIC_MATCH_V1
4648,2026-03-10T12:45:00.000000,F4,0,0.753340635268346,0.5,1,0.17112230144777438,LQ_RECOVERY_R4_STATIC_MATCH_V1
4656,2026-04-19T11:26:00.000000,F4,0,0.2740683229813664,0,1,0.19577682498580928,LQ_RECOVERY_R4_STATIC_MATCH_V1
4668,2026-04-28T07:04:11.000000,F4,0,0.7185282522996057,0.8,0.9090909090909091,0.1819059254999527,LQ_RECOVERY_R4_STATIC_MATCH_V1
4685,2026-04-24T16:45:54.000000,F4,0,0,1,0.9090909090909091,0.20767822813459388,LQ_RECOVERY_R4_STATIC_MATCH_V1
4690,2026-03-07T09:07:00.000000,F4,1,0,0,1,0.2069316441441351,LQ_RECOVERY_R4_STATIC_MATCH_V1
4703,2026-03-18T13:01:00.000000,F4,0,0.20000000000000007,0,1,0.1987458982739819,LQ_RECOVERY_R4_STATIC_MATCH_V1
4711,2026-03-19T17:38:07.000000,F4,0,0.19999999999999996,0,0.9090909090909091,0.2137145580408717,LQ_RECOVERY_R4_STATIC_MATCH_V1
4717,2026-03-22T17:56:09.000000,F4,0,0.5943708609271523,0,1,0.18332417194062403,LQ_RECOVERY_R4_STATIC_MATCH_V1
4718,2026-03-26T13:01:18.000000,F4,0,0.3151868220168742,0,0.9090909090909091,0.20885546646253295,LQ_RECOVERY_R4_STATIC_MATCH_V1
4727,2026-04-07T07:27:00.000000,F4,0,0.20000000000000007,0,0.9090909090909091,0.2137145580408717,LQ_RECOVERY_R4_STATIC_MATCH_V1
4730,2026-04-13T10:58:23.000000,F4,0,0.9726181545386349,0,0.9090909090909091,0.18268408930679386,LQ_RECOVERY_R4_STATIC_MATCH_V1
4743,2026-04-16T12:08:48.000000,F4,0,0,1,1,0.19302856369759447,LQ_RECOVERY_R4_STATIC_MATCH_V1
4749,2026-04-03T20:11:48.000000,F4,0,0.20000000000000007,0,1,0.1987458982739819,LQ_RECOVERY_R4_STATIC_MATCH_V1
4752,2026-04-22T12:41:21.000000,F4,0,0,0,1,0.2069316441441351,LQ_RECOVERY_R4_STATIC_MATCH_V1
4754,2026-03-07T18:44:02.000000,F4,0,0.7790123456790123,0.5,0.9090909090909091,0.18351374663053602,LQ_RECOVERY_R4_STATIC_MATCH_V1
4764,2026-04-08T07:35:18.000000,F4,0,0,1,1,0.19302856369759447,LQ_RECOVERY_R4_STATIC_MATCH_V1
4765,2026-04-06T09:12:49.000000,F4,1,0,1,1,0.19302856369759447,LQ_RECOVERY_R4_STATIC_MATCH_V1
4779,2026-03-12T18:12:06.000000,F4,0,0.19999999999999996,1,1,0.18526431566036503,LQ_RECOVERY_R4_STATIC_MATCH_V1
4781,2026-03-19T16:06:27.000000,F4,0,0.15107369217670974,0,0.9090909090909091,0.21580324226061093,LQ_RECOVERY_R4_STATIC_MATCH_V1
4784,2026-03-18T20:05:09.000000,F4,0,0,0,0.9090909090909091,0.2223457370860461,LQ_RECOVERY_R4_STATIC_MATCH_V1
4793,2026-04-12T14:56:57.000000,F4,1,0.7853679106051022,0,1,0.17619576776147525,LQ_RECOVERY_R4_STATIC_MATCH_V1
4795,2026-04-26T13:09:58.000000,F4,1,0.4552080884081824,0,1,0.18865749988790245,LQ_RECOVERY_R4_STATIC_MATCH_V1
4815,2026-03-17T15:52:00.000000,F4,0,0,0,0.9090909090909091,0.2223457370860461,LQ_RECOVERY_R4_STATIC_MATCH_V1
4828,2026-03-18T07:56:59.000000,F4,0,0,0,1,0.2069316441441351,LQ_RECOVERY_R4_STATIC_MATCH_V1
4836,2026-03-01T20:01:00.000000,F4,0,0.7253414264036417,0.8,1,0.16844546363822036,LQ_RECOVERY_R4_STATIC_MATCH_V1
4841,2026-04-13T07:28:13.000000,F4,0,0.23732227488151658,0,1,0.19724559919428103,LQ_RECOVERY_R4_STATIC_MATCH_V1
4853,2026-03-04T16:08:04.000000,F4,1,0.19999999999999996,1,1,0.18526431566036503,LQ_RECOVERY_R4_STATIC_MATCH_V1
4860,2026-04-28T20:47:36.000000,F4,0,0.5776842105263158,0,1,0.18395745547447204,LQ_RECOVERY_R4_STATIC_MATCH_V1
4880,2026-03-16T10:03:05.000000,F4,0,0,1,0.9090909090909091,0.20767822813459388,LQ_RECOVERY_R4_STATIC_MATCH_V1
4883,2026-04-27T18:09:56.000000,F4,0,0.15146205234914023,0,1,0.2007098636969192,LQ_RECOVERY_R4_STATIC_MATCH_V1
4887,2026-03-27T08:34:30.000000,F4,0,0,1,1,0.19302856369759447,LQ_RECOVERY_R4_STATIC_MATCH_V1
4889,2026-03-24T18:18:00.000000,F4,1,0.25285527054858636,0,1,0.1966237188120597,LQ_RECOVERY_R4_STATIC_MATCH_V1
4894,2026-03-02T19:46:01.000000,F4,1,0.19999999999999996,0,1,0.1987458982739819,LQ_RECOVERY_R4_STATIC_MATCH_V1
4916,2026-04-10T16:48:05.000000,F4,0,0.47902097902097907,1,1,0.1748387753946367,LQ_RECOVERY_R4_STATIC_MATCH_V1
4917,2026-03-31T18:30:58.000000,F4,1,0.4945054945054945,0,1,0.1871394905202387,LQ_RECOVERY_R4_STATIC_MATCH_V1
4919,2026-03-06T07:10:46.000000,F4,1,0,0,1,0.2069316441441351,LQ_RECOVERY_R4_STATIC_MATCH_V1
4922,2026-04-23T13:42:00.000000,F4,0,0,0,1,0.2069316441441351,LQ_RECOVERY_R4_STATIC_MATCH_V1
4925,2026-03-01T14:31:30.000000,F4,0,0,0,1,0.2069316441441351,LQ_RECOVERY_R4_STATIC_MATCH_V1
4953,2026-04-30T07:18:32.000000,F4,0,0,0,1,0.2069316441441351,LQ_RECOVERY_R4_STATIC_MATCH_V1
4958,2026-03-19T18:35:00.000000,F4,0,0,0,1,0.2069316441441351,LQ_RECOVERY_R4_STATIC_MATCH_V1
4965,2026-03-07T15:51:05.000000,F4,0,0.4450035945363048,0,1,0.18905322886818737,LQ_RECOVERY_R4_STATIC_MATCH_V1
4983,2026-04-24T07:59:03.000000,F4,0,0.20457716996929953,1,0.9090909090909091,0.19928541605919578,LQ_RECOVERY_R4_STATIC_MATCH_V1
4995,2026-04-19T09:56:33.000000,F4,0,0,0,0.9090909090909091,0.2223457370860461,LQ_RECOVERY_R4_STATIC_MATCH_V1
5000,2026-04-07T17:29:06.000000,F4,0,0,0,1,0.2069316441441351,LQ_RECOVERY_R4_STATIC_MATCH_V1
