prediction_key,lead_id,stage,score_time,n_candidates,n_snapshot_found,n_availability_known,n_no_snapshot,n_stale_gt_90d,availability_known_rate,max_snapshot_age_days
L1:T0,1,T0,2025-05-09T00:00:00.000Z,24,18,17,6,1,0.7083333333333334,93
L1:T1:I3,1,T1,2025-05-12T16:10:27.000Z,25,19,18,6,1,0.72,96.6739236111111
L1:T2:I1,1,T2,2025-05-16T20:03:15.000Z,25,21,18,4,3,0.72,100.83559027777778
L1:T2:I2,1,T2,2025-05-21T18:34:55.000Z,26,22,18,4,4,0.6923076923076923,105.77424768518519
L1:T2:I4,1,T2,2025-05-22T12:04:52.000Z,26,22,19,4,3,0.7307692307692307,106.50337962962963
L2:T0,2,T0,2026-02-25T00:00:00.000Z,89,89,85,0,4,0.9550561797752809,118
L2:T1:I5,2,T1,2026-03-04T09:00:43.000Z,91,91,87,0,4,0.9560439560439561,125.37549768518518
L3:T0,3,T0,2026-02-18T00:00:00.000Z,29,29,27,0,2,0.9310344827586207,120
L3:T1:I6,3,T1,2026-02-18T14:30:33.000Z,30,30,28,0,2,0.9333333333333333,120.60454861111111
L3:T2:I7,3,T2,2026-02-24T15:02:11.000Z,30,30,28,0,2,0.9333333333333333,126.6265162037037
L3:T2:I8,3,T2,2026-03-01T12:02:08.000Z,31,31,29,0,2,0.9354838709677419,131.50148148148148
L4:T0,4,T0,2025-10-29T00:00:00.000Z,63,63,58,0,5,0.9206349206349206,143
L4:T1:I10,4,T1,2025-10-29T12:13:42.000Z,64,64,59,0,5,0.921875,143.50951388888888
L4:T2:I11,4,T2,2025-11-10T11:09:23.000Z,66,66,59,0,7,0.8939393939393939,155.46484953703703
L4:T2:I9,4,T2,2026-01-06T07:24:00.000Z,73,73,69,0,4,0.9452054794520548,212.30833333333334
L4:T2:I12,4,T2,2026-01-23T09:24:00.000Z,76,76,73,0,3,0.9605263157894737,229.39166666666668
L4:T2:I13,4,T2,2026-06-24T08:15:00.000Z,100,100,99,0,1,0.99,122.34375
L5:T0,5,T0,2025-10-21T00:00:00.000Z,64,64,55,0,9,0.859375,269
L5:T1:I14,5,T1,2025-10-21T15:45:00.000Z,65,65,56,0,9,0.8615384615384616,269.65625
L6:T0,6,T0,2025-04-21T00:00:00.000Z,29,16,16,13,0,0.5517241379310345,90
L6:T1:I15,6,T1,2025-10-06T18:45:00.000Z,48,45,38,3,7,0.7916666666666666,221.78125
L7:T0,7,T0,2025-05-24T00:00:00.000Z,25,22,21,3,1,0.84,104
L7:T1:I17,7,T1,2025-06-21T07:49:00.000Z,29,27,24,2,3,0.8275862068965517,104.32569444444445
L7:T2:I21,7,T2,2025-07-30T09:27:00.000Z,29,29,27,0,2,0.9310344827586207,143.39375
L7:T2:I20,7,T2,2025-07-30T15:40:00.000Z,30,30,28,0,2,0.9333333333333333,143.65277777777777
L7:T2:I19,7,T2,2025-08-22T16:09:00.000Z,32,32,28,0,4,0.875,166.67291666666668
L7:T2:I16,7,T2,2026-04-20T19:09:00.000Z,49,49,48,0,1,0.9795918367346939,96.79791666666667
L7:T2:I18,7,T2,2026-05-14T11:06:00.000Z,50,50,48,0,2,0.96,91.4625
L8:T0,8,T0,2025-05-05T00:00:00.000Z,7,4,3,3,1,0.42857142857142855,97
L8:T1:I27,8,T1,2025-05-07T07:10:37.000Z,7,4,3,3,1,0.42857142857142855,99.29903935185185
L8:T2:I22,8,T2,2025-05-16T09:51:39.000Z,8,6,5,2,1,0.625,108.41086805555555
L8:T2:I25,8,T2,2025-05-18T12:57:59.000Z,8,6,5,2,1,0.625,110.54026620370371
L8:T2:I23,8,T2,2025-07-03T14:43:00.000Z,8,7,7,1,0,0.875,70.61319444444445
L8:T2:I28,8,T2,2025-10-20T18:10:00.000Z,8,7,7,1,0,0.875,48.75694444444444
L8:T2:I29,8,T2,2025-11-15T13:54:00.000Z,8,7,7,1,0,0.875,31.579166666666666
L8:T2:I24,8,T2,2026-01-02T19:23:00.000Z,8,8,8,0,0,1,79.80763888888889
L8:T2:I26,8,T2,2026-02-04T11:22:00.000Z,10,10,10,0,0,1,67.47361111111111
L9:T0,9,T0,2026-02-03T00:00:00.000Z,45,45,43,0,2,0.9555555555555556,167
L9:T1:I30,9,T1,2026-02-03T07:57:46.000Z,46,46,44,0,2,0.9565217391304348,167.33178240740742
L9:T2:I32,9,T2,2026-02-06T10:21:57.000Z,46,46,44,0,2,0.9565217391304348,170.43190972222223
L9:T2:I33,9,T2,2026-02-06T18:15:24.000Z,46,46,44,0,2,0.9565217391304348,170.76069444444445
L9:T2:I31,9,T2,2026-02-09T14:23:54.000Z,46,46,44,0,2,0.9565217391304348,173.59993055555555
L10:T0,10,T0,2026-03-20T00:00:00.000Z,25,25,24,0,1,0.96,143
L10:T1:I35,10,T1,2026-03-22T08:24:43.000Z,26,26,25,0,1,0.9615384615384616,145.3504976851852
L10:T2:I34,10,T2,2026-04-28T13:24:00.000Z,28,28,27,0,1,0.9642857142857143,108.55833333333334
L11:T0,11,T0,2026-06-28T00:00:00.000Z,38,38,35,0,3,0.9210526315789473,130
L11:T1:I39,11,T1,2026-06-28T16:19:29.000Z,39,39,36,0,3,0.9230769230769231,130.68019675925925
L11:T2:I40,11,T2,2026-06-28T19:30:38.000Z,39,39,36,0,3,0.9230769230769231,130.81293981481483
L11:T2:I38,11,T2,2026-06-29T19:49:28.000Z,39,39,36,0,3,0.9230769230769231,131.8260185185185
L11:T2:I41,11,T2,2026-06-30T11:49:18.000Z,39,39,37,0,2,0.9487179487179487,132.49256944444446
L11:T2:I37,11,T2,2026-07-01T13:05:08.000Z,39,39,37,0,2,0.9487179487179487,133.5452314814815
L11:T2:I43,11,T2,2026-07-05T08:36:53.000Z,39,39,37,0,2,0.9487179487179487,137.35894675925925
L11:T2:I36,11,T2,2026-07-06T10:25:16.000Z,39,39,37,0,2,0.9487179487179487,138.43421296296296
L11:T2:I42,11,T2,2026-07-08T15:37:25.000Z,39,39,37,0,2,0.9487179487179487,140.6509837962963
L12:T0,12,T0,2025-08-17T00:00:00.000Z,59,59,52,0,7,0.8813559322033898,204
L12:T1:I46,12,T1,2025-08-19T20:35:53.000Z,61,61,53,0,8,0.8688524590163934,206.85825231481482
L12:T2:I44,12,T2,2025-08-22T10:31:11.000Z,62,62,54,0,8,0.8709677419354839,209.43832175925925
L12:T2:I45,12,T2,2025-08-26T10:36:18.000Z,63,62,56,1,6,0.8888888888888888,213.441875
L12:T2:I47,12,T2,2025-08-29T07:08:33.000Z,63,62,55,1,7,0.873015873015873,216.29760416666667
L13:T0,13,T0,2025-07-17T00:00:00.000Z,14,14,14,0,0,1,89
L13:T1:I48,13,T1,2025-07-19T13:48:56.000Z,15,15,14,0,1,0.9333333333333333,91.57564814814815
L13:T2:I49,13,T2,2025-07-28T08:04:00.000Z,16,16,16,0,0,1,78.33611111111111
L13:T2:I50,13,T2,2025-07-30T07:15:36.000Z,16,16,16,0,0,1,80.3025
L13:T2:I51,13,T2,2025-10-26T20:08:00.000Z,21,20,17,1,3,0.8095238095238095,150.8388888888889
L14:T0,14,T0,2025-02-18T00:00:00.000Z,23,7,7,16,0,0.30434782608695654,29
L14:T1:I57,14,T1,2025-03-02T19:56:40.000Z,25,10,10,15,0,0.4,41.83101851851852
L14:T2:I52,14,T2,2025-03-15T14:07:00.000Z,27,11,11,16,0,0.4074074074074074,54.58819444444445
L14:T2:I56,14,T2,2025-05-09T18:13:00.000Z,33,21,17,12,4,0.5151515151515151,109.75902777777777
L14:T2:I53,14,T2,2025-05-18T18:31:00.000Z,34,24,21,10,3,0.6176470588235294,106.77152777777778
L14:T2:I55,14,T2,2026-02-23T08:12:00.000Z,71,71,70,0,1,0.9859154929577465,137.34166666666667
L14:T2:I54,14,T2,2026-04-25T18:01:00.000Z,81,81,80,0,1,0.9876543209876543,98.75069444444445
L15:T0,15,T0,2025-07-28T00:00:00.000Z,18,17,14,1,3,0.7777777777777778,128
L15:T1:I59,15,T1,2025-07-29T11:12:20.000Z,19,19,16,0,3,0.8421052631578947,129.46689814814815
L15:T2:I64,15,T2,2025-07-29T19:26:07.000Z,18,18,15,0,3,0.8333333333333334,129.80980324074073
L15:T2:I61,15,T2,2025-07-31T11:18:07.000Z,19,19,16,0,3,0.8421052631578947,131.47091435185186
L15:T2:I65,15,T2,2025-08-03T15:34:38.000Z,19,19,16,0,3,0.8421052631578947,134.64905092592593
L15:T2:I58,15,T2,2025-08-04T13:42:18.000Z,19,19,15,0,4,0.7894736842105263,135.57104166666667
L15:T2:I60,15,T2,2025-08-05T10:04:16.000Z,18,18,14,0,4,0.7777777777777778,136.41962962962964
L15:T2:I63,15,T2,2025-08-09T10:52:32.000Z,20,20,15,0,5,0.75,140.45314814814816
L15:T2:I62,15,T2,2025-08-09T12:41:32.000Z,20,20,15,0,5,0.75,140.52884259259258
L16:T0,16,T0,2025-10-15T00:00:00.000Z,13,13,10,0,3,0.7692307692307693,210
L16:T1:I69,16,T1,2025-10-17T09:37:11.000Z,15,15,13,0,2,0.8666666666666667,212.40082175925926
L16:T2:I67,16,T2,2025-10-19T20:10:58.000Z,15,15,14,0,1,0.9333333333333333,214.84094907407408
L16:T2:I73,16,T2,2025-10-24T15:16:55.000Z,15,15,14,0,1,0.9333333333333333,219.63674768518518
L16:T2:I68,16,T2,2025-10-25T11:01:34.000Z,15,15,14,0,1,0.9333333333333333,220.45942129629628
L16:T2:I72,16,T2,2025-10-28T12:43:22.000Z,15,15,13,0,2,0.8666666666666667,223.53011574074074
L16:T2:I70,16,T2,2025-10-28T13:03:58.000Z,15,15,14,0,1,0.9333333333333333,223.5444212962963
L16:T2:I66,16,T2,2026-04-20T12:08:00.000Z,20,20,20,0,0,1,70.50555555555556
L16:T2:I71,16,T2,2026-06-29T15:01:00.000Z,22,22,21,0,1,0.9545454545454546,112.62569444444445
L17:T0,17,T0,2026-04-10T00:00:00.000Z,72,72,71,0,1,0.9861111111111112,115
L17:T1:I74,17,T1,2026-04-14T15:06:47.000Z,73,73,70,0,3,0.958904109589041,119.62971064814815
L18:T0,18,T0,2025-02-11T00:00:00.000Z,17,2,2,15,0,0.11764705882352941,23
L18:T1:I79,18,T1,2025-02-12T08:44:20.000Z,18,2,2,16,0,0.1111111111111111,24.36412037037037
L18:T2:I80,18,T2,2025-02-20T18:36:20.000Z,19,6,6,13,0,0.3157894736842105,30.77523148148148
L18:T2:I75,18,T2,2025-02-24T20:48:35.000Z,20,8,8,12,0,0.4,20.86707175925926
L18:T2:I76,18,T2,2025-03-10T09:32:00.000Z,22,12,12,10,0,0.5454545454545454,34.397222222222226
L18:T2:I77,18,T2,2025-04-16T08:48:00.000Z,22,15,15,7,0,0.6818181818181818,71.36666666666666
L18:T2:I78,18,T2,2025-05-10T10:25:00.000Z,25,20,20,5,0,0.8,86.43402777777777
L19:T0,19,T0,2025-07-30T00:00:00.000Z,32,31,30,1,1,0.9375,148
L19:T1:I83,19,T1,2025-08-29T10:18:00.000Z,34,33,28,1,5,0.8235294117647058,178.42916666666667
L19:T2:I82,19,T2,2026-01-01T11:49:00.000Z,42,42,38,0,4,0.9047619047619048,236.4923611111111
L19:T2:I81,19,T2,2026-02-25T11:34:00.000Z,48,48,48,0,0,1,84.48194444444445
L20:T0,20,T0,2026-02-25T00:00:00.000Z,52,52,51,0,1,0.9807692307692307,93
L20:T1:I89,20,T1,2026-02-27T13:22:53.000Z,53,53,52,0,1,0.9811320754716981,95.55755787037037
L20:T2:I90,20,T2,2026-03-07T07:22:29.000Z,54,54,53,0,1,0.9814814814814815,103.30728009259259
L20:T2:I86,20,T2,2026-03-08T08:14:49.000Z,54,54,52,0,2,0.9629629629629629,104.34362268518518
L20:T2:I88,20,T2,2026-03-08T19:37:36.000Z,54,54,52,0,2,0.9629629629629629,104.81777777777778
L20:T2:I91,20,T2,2026-03-10T09:18:11.000Z,54,54,53,0,1,0.9814814814814815,106.38762731481482
L20:T2:I87,20,T2,2026-03-11T20:49:00.000Z,54,54,53,0,1,0.9814814814814815,107.86736111111111
L20:T2:I84,20,T2,2026-05-10T11:45:00.000Z,58,58,54,0,4,0.9310344827586207,167.48958333333334
L20:T2:I85,20,T2,2026-06-07T15:06:00.000Z,59,59,55,0,4,0.9322033898305084,144.62916666666666
L21:T0,21,T0,2026-04-27T00:00:00.000Z,16,16,16,0,0,1,82
L21:T1:I94,21,T1,2026-04-29T19:08:22.000Z,17,17,17,0,0,1,84.79747685185185
L21:T2:I92,21,T2,2026-05-05T15:06:48.000Z,17,17,16,0,1,0.9411764705882353,90.62972222222223
L21:T2:I93,21,T2,2026-05-08T17:02:00.000Z,17,17,16,0,1,0.9411764705882353,93.70972222222223
L22:T0,22,T0,2025-12-30T00:00:00.000Z,41,41,38,0,3,0.926829268292683,135
L22:T1:I96,22,T1,2026-01-01T19:33:17.000Z,43,43,40,0,3,0.9302325581395349,137.8147800925926
L22:T2:I97,22,T2,2026-01-09T19:14:22.000Z,43,43,39,0,4,0.9069767441860465,145.80164351851852
L22:T2:I95,22,T2,2026-01-29T13:01:00.000Z,45,45,43,0,2,0.9555555555555556,151.54236111111112
L23:T0,23,T0,2025-04-03T00:00:00.000Z,25,7,7,18,0,0.28,31
L23:T1:I104,23,T1,2025-04-04T07:42:07.000Z,26,8,8,18,0,0.3076923076923077,35.320914351851854
L23:T2:I101,23,T2,2025-04-04T17:12:20.000Z,26,8,8,18,0,0.3076923076923077,62.71689814814815
L23:T2:I100,23,T2,2025-04-08T20:31:23.000Z,26,8,8,18,0,0.3076923076923077,36.855127314814816
L23:T2:I103,23,T2,2025-10-05T14:10:00.000Z,39,38,35,1,3,0.8974358974358975,150.59027777777777
L23:T2:I99,23,T2,2025-11-22T09:47:00.000Z,41,41,38,0,3,0.926829268292683,143.4076388888889
L23:T2:I98,23,T2,2025-12-10T19:31:00.000Z,41,41,38,0,3,0.926829268292683,161.81319444444443
L23:T2:I102,23,T2,2026-01-29T08:21:00.000Z,45,45,44,0,1,0.9777777777777777,90.34791666666666
L24:T0,24,T0,2025-11-04T00:00:00.000Z,26,25,23,1,2,0.8846153846153846,136
L24:T1:I106,24,T1,2025-11-05T13:18:06.000Z,27,26,24,1,2,0.8888888888888888,137.55423611111112
L24:T2:I105,24,T2,2025-11-10T14:01:40.000Z,27,26,24,1,2,0.8888888888888888,142.58449074074073
L24:T2:I107,24,T2,2025-11-12T09:25:25.000Z,27,26,24,1,2,0.8888888888888888,144.39265046296296
L25:T0,25,T0,2026-05-14T00:00:00.000Z,130,130,126,0,4,0.9692307692307692,104
L25:T1:I108,25,T1,2026-05-14T20:48:46.000Z,130,130,125,0,5,0.9615384615384616,104.86719907407408
L25:T2:I110,25,T2,2026-05-18T09:32:24.000Z,131,131,126,0,5,0.9618320610687023,108.3975
L25:T2:I112,25,T2,2026-05-24T10:59:56.000Z,132,132,124,0,8,0.9393939393939394,114.45828703703704
L25:T2:I109,25,T2,2026-05-24T11:32:24.000Z,132,132,124,0,8,0.9393939393939394,114.48083333333334
L25:T2:I111,25,T2,2026-05-26T12:25:47.000Z,132,132,124,0,8,0.9393939393939394,116.5179050925926
L26:T0,26,T0,2026-02-12T00:00:00.000Z,29,29,28,0,1,0.9655172413793104,119
L26:T1:I114,26,T1,2026-02-13T17:17:05.000Z,30,30,29,0,1,0.9666666666666667,120.72019675925925
L26:T2:I113,26,T2,2026-02-18T20:42:16.000Z,30,30,30,0,0,1,62.862685185185185
L26:T2:I115,26,T2,2026-02-19T16:01:43.000Z,30,30,30,0,0,1,63.667858796296294
L27:T0,27,T0,2025-03-16T00:00:00.000Z,14,5,5,9,0,0.35714285714285715,51
L27:T1:I117,27,T1,2025-08-21T14:05:00.000Z,24,21,19,3,2,0.7916666666666666,101.58680555555556
L27:T2:I116,27,T2,2026-06-16T10:21:00.000Z,36,36,36,0,0,1,82.43125
L28:T0,28,T0,2025-06-27T00:00:00.000Z,18,17,15,1,2,0.8333333333333334,97
L28:T1:I123,28,T1,2025-07-02T14:16:48.000Z,19,18,16,1,2,0.8421052631578947,102.595
L28:T2:I118,28,T2,2025-07-02T16:53:07.000Z,19,18,16,1,2,0.8421052631578947,102.70355324074075
L28:T2:I121,28,T2,2025-07-04T15:17:11.000Z,18,17,15,1,2,0.8333333333333334,104.63693287037037
L28:T2:I120,28,T2,2025-07-04T20:14:23.000Z,19,18,15,1,3,0.7894736842105263,143.84332175925925
L28:T2:I122,28,T2,2025-10-01T11:40:00.000Z,21,21,18,0,3,0.8571428571428571,189.48611111111111
L28:T2:I119,28,T2,2025-11-22T18:16:00.000Z,23,23,20,0,3,0.8695652173913043,241.76111111111112
L29:T0,29,T0,2026-02-06T00:00:00.000Z,40,40,38,0,2,0.95,113
L29:T1:I124,29,T1,2026-02-06T08:59:16.000Z,41,41,38,0,3,0.926829268292683,123.37449074074074
L30:T0,30,T0,2026-01-29T00:00:00.000Z,25,25,23,0,2,0.92,115
L30:T1:I125,30,T1,2026-01-30T18:11:33.000Z,26,26,23,0,3,0.8846153846153846,127.75802083333333
L30:T2:I126,30,T2,2026-01-31T20:46:26.000Z,26,26,24,0,2,0.9230769230769231,117.8655787037037
L30:T2:I131,30,T2,2026-02-04T15:18:48.000Z,26,26,24,0,2,0.9230769230769231,121.63805555555555
L30:T2:I132,30,T2,2026-02-04T16:15:26.000Z,25,25,23,0,2,0.92,121.67738425925926
L30:T2:I129,30,T2,2026-02-05T18:04:45.000Z,26,26,24,0,2,0.9230769230769231,122.7532986111111
L30:T2:I130,30,T2,2026-02-09T11:07:51.000Z,26,26,24,0,2,0.9230769230769231,121.46378472222223
L30:T2:I127,30,T2,2026-02-10T13:14:46.000Z,26,26,25,0,1,0.9615384615384616,111.5519212962963
L30:T2:I128,30,T2,2026-02-11T15:31:34.000Z,26,26,24,0,2,0.9230769230769231,170.64692129629628
L31:T0,31,T0,2025-06-23T00:00:00.000Z,11,9,6,2,3,0.5454545454545454,147
L31:T1:I134,31,T1,2025-06-28T09:54:26.000Z,12,10,7,2,3,0.5833333333333334,152.41280092592592
L31:T2:I136,31,T2,2025-07-01T14:32:39.000Z,12,10,7,2,3,0.5833333333333334,155.60600694444443
L31:T2:I138,31,T2,2025-07-03T16:24:32.000Z,12,11,8,1,3,0.6666666666666666,157.6837037037037
L31:T2:I133,31,T2,2025-07-05T20:10:34.000Z,12,11,8,1,3,0.6666666666666666,159.8406712962963
L31:T2:I137,31,T2,2025-07-06T10:34:37.000Z,11,10,7,1,3,0.6363636363636364,160.4407060185185
L31:T2:I135,31,T2,2025-08-04T07:14:00.000Z,14,14,13,0,1,0.9285714285714286,182.30138888888888
L32:T0,32,T0,2026-05-19T00:00:00.000Z,24,24,24,0,0,1,74
L32:T1:I144,32,T1,2026-05-19T18:39:43.000Z,25,25,25,0,0,1,74.77758101851852
L32:T2:I139,32,T2,2026-05-26T20:54:53.000Z,25,25,25,0,0,1,81.87144675925926
L32:T2:I145,32,T2,2026-05-27T20:34:42.000Z,25,25,25,0,0,1,82.85743055555555
L32:T2:I141,32,T2,2026-05-30T12:30:49.000Z,25,25,25,0,0,1,85.52140046296296
L32:T2:I142,32,T2,2026-05-30T14:11:01.000Z,25,25,25,0,0,1,85.5909837962963
L32:T2:I143,32,T2,2026-05-30T18:36:13.000Z,25,25,25,0,0,1,85.77515046296297
L32:T2:I140,32,T2,2026-06-01T19:12:23.000Z,25,25,25,0,0,1,87.8002662037037
L33:T0,33,T0,2026-03-19T00:00:00.000Z,15,15,14,0,1,0.9333333333333333,123
L33:T1:I146,33,T1,2026-03-20T14:22:36.000Z,16,16,15,0,1,0.9375,124.59902777777778
L33:T2:I153,33,T2,2026-03-21T08:35:48.000Z,16,16,15,0,1,0.9375,125.35819444444445
L33:T2:I151,33,T2,2026-03-23T12:15:23.000Z,16,16,15,0,1,0.9375,127.51068287037037
L33:T2:I150,33,T2,2026-03-23T20:08:45.000Z,16,16,15,0,1,0.9375,127.83940972222223
L33:T2:I149,33,T2,2026-03-24T15:54:33.000Z,15,15,14,0,1,0.9333333333333333,128.66288194444445
L33:T2:I147,33,T2,2026-03-27T17:35:49.000Z,16,16,15,0,1,0.9375,131.73320601851853
L33:T2:I152,33,T2,2026-03-28T14:32:07.000Z,16,16,15,0,1,0.9375,132.60563657407408
L33:T2:I148,33,T2,2026-03-31T20:15:47.000Z,16,16,15,0,1,0.9375,135.84429398148148
L34:T0,34,T0,2025-07-28T00:00:00.000Z,42,41,36,1,5,0.8571428571428571,157
L34:T1:I154,34,T1,2026-02-27T07:43:00.000Z,58,58,56,0,2,0.9655172413793104,202.3215277777778
L35:T0,35,T0,2025-04-03T00:00:00.000Z,27,15,15,12,0,0.5555555555555556,73
L35:T1:I155,35,T1,2025-04-04T10:30:43.000Z,28,16,16,12,0,0.5714285714285714,74.43799768518518
L35:T2:I158,35,T2,2025-04-05T08:44:48.000Z,28,16,16,12,0,0.5714285714285714,75.36444444444444
L35:T2:I162,35,T2,2025-04-09T14:24:46.000Z,29,16,16,13,0,0.5517241379310345,79.60053240740741
L35:T2:I156,35,T2,2025-04-12T11:41:40.000Z,29,16,16,13,0,0.5517241379310345,82.48726851851852
L35:T2:I159,35,T2,2025-04-12T15:12:00.000Z,29,17,17,12,0,0.5862068965517241,82.63333333333334
L35:T2:I161,35,T2,2025-06-30T14:32:00.000Z,38,32,30,6,2,0.7894736842105263,110.60555555555555
L35:T2:I160,35,T2,2025-09-16T11:24:00.000Z,48,45,43,3,2,0.8958333333333334,121.475
L35:T2:I157,35,T2,2026-01-24T19:18:00.000Z,68,68,67,0,1,0.9852941176470589,107.80416666666666
L36:T0,36,T0,2025-11-13T00:00:00.000Z,29,29,26,0,3,0.896551724137931,155
L36:T1:I165,36,T1,2025-11-15T17:40:22.000Z,30,30,28,0,2,0.9333333333333333,118.73636574074074
L36:T2:I167,36,T2,2025-11-19T12:46:57.000Z,30,30,28,0,2,0.9333333333333333,122.53260416666667
L36:T2:I164,36,T2,2025-11-26T09:28:24.000Z,30,30,26,0,4,0.8666666666666667,129.3947222222222
L36:T2:I163,36,T2,2026-04-19T14:14:00.000Z,40,40,39,0,1,0.975,105.59305555555555
L36:T2:I166,36,T2,2026-06-04T15:06:00.000Z,41,41,41,0,0,1,63.62916666666667
L37:T0,37,T0,2025-12-12T00:00:00.000Z,43,43,41,0,2,0.9534883720930233,298
L37:T1:I168,37,T1,2025-12-24T17:40:04.000Z,45,45,43,0,2,0.9555555555555556,310.7361574074074
L38:T0,38,T0,2025-01-12T00:00:00.000Z,21,1,1,20,0,0.047619047619047616,1
L38:T1:I171,38,T1,2025-01-15T16:44:54.000Z,22,1,1,21,0,0.045454545454545456,4.697847222222222
L38:T2:I174,38,T2,2025-01-15T20:07:20.000Z,21,1,1,20,0,0.047619047619047616,4.838425925925926
L38:T2:I169,38,T2,2025-01-17T20:07:00.000Z,22,1,1,21,0,0.045454545454545456,6.8381944444444445
L38:T2:I172,38,T2,2025-03-05T20:11:00.000Z,26,5,5,21,0,0.19230769230769232,46.84097222222222
L38:T2:I170,38,T2,2025-07-17T10:11:00.000Z,42,41,36,1,5,0.8571428571428571,146.42430555555555
L38:T2:I175,38,T2,2025-09-02T20:29:00.000Z,44,43,34,1,9,0.7727272727272727,193.85347222222222
L38:T2:I173,38,T2,2026-01-20T18:32:00.000Z,52,52,51,0,1,0.9807692307692307,164.7722222222222
L39:T0,39,T0,2025-10-04T00:00:00.000Z,49,48,43,1,5,0.8775510204081632,169
L39:T1:I176,39,T1,2025-10-09T12:46:34.000Z,51,50,45,1,5,0.8823529411764706,174.53233796296297
L40:T0,40,T0,2026-06-10T00:00:00.000Z,30,30,28,0,2,0.9333333333333333,133
L40:T1:I178,40,T1,2026-06-10T07:12:49.000Z,31,31,29,0,2,0.9354838709677419,133.30056712962963
L40:T2:I177,40,T2,2026-06-21T14:51:59.000Z,31,31,30,0,1,0.967741935483871,134.61943287037036
L41:T0,41,T0,2025-06-06T00:00:00.000Z,24,21,17,3,4,0.7083333333333334,131
L41:T1:I183,41,T1,2025-06-09T07:42:23.000Z,25,22,16,3,6,0.64,134.32109953703704
L41:T2:I182,41,T2,2025-06-10T13:08:42.000Z,25,22,16,3,6,0.64,135.54770833333333
L41:T2:I181,41,T2,2025-06-10T14:09:37.000Z,25,22,16,3,6,0.64,135.59001157407408
L41:T2:I184,41,T2,2025-10-20T19:15:00.000Z,33,33,31,0,2,0.9393939393939394,135.80208333333334
L41:T2:I179,41,T2,2025-11-08T07:22:00.000Z,34,34,33,0,1,0.9705882352941176,154.30694444444444
L41:T2:I185,41,T2,2026-03-10T15:38:00.000Z,39,39,37,0,2,0.9487179487179487,118.65138888888889
L41:T2:I180,41,T2,2026-03-20T12:26:00.000Z,40,40,37,0,3,0.925,128.51805555555555
L42:T0,42,T0,2026-06-01T00:00:00.000Z,34,34,31,0,3,0.9117647058823529,196
L42:T1:I186,42,T1,2026-06-02T07:32:32.000Z,35,35,32,0,3,0.9142857142857143,197.31425925925927
L42:T2:I187,42,T2,2026-06-03T20:08:24.000Z,35,35,32,0,3,0.9142857142857143,198.83916666666667
L42:T2:I189,42,T2,2026-06-06T14:02:22.000Z,35,35,32,0,3,0.9142857142857143,201.58497685185185
L42:T2:I188,42,T2,2026-06-06T15:52:28.000Z,35,35,32,0,3,0.9142857142857143,201.66143518518518
L43:T0,43,T0,2025-09-23T00:00:00.000Z,95,93,81,2,12,0.8526315789473684,234
L43:T1:I191,43,T1,2025-10-01T07:13:54.000Z,98,97,84,1,13,0.8571428571428571,242.30131944444443
L43:T2:I190,43,T2,2025-10-01T12:36:49.000Z,98,97,84,1,13,0.8571428571428571,242.52556712962962
L43:T2:I192,43,T2,2025-10-04T07:12:37.000Z,101,100,87,1,13,0.8613861386138614,245.30042824074073
L43:T2:I193,43,T2,2026-03-19T13:16:00.000Z,141,141,137,0,4,0.9716312056737588,173.55277777777778
L43:T2:I194,43,T2,2026-04-05T14:13:00.000Z,141,141,133,0,8,0.9432624113475178,190.5923611111111
L44:T0,44,T0,2026-03-25T00:00:00.000Z,71,71,68,0,3,0.9577464788732394,115
L44:T1:I195,44,T1,2026-03-30T09:04:12.000Z,72,72,69,0,3,0.9583333333333334,105.37791666666666
L44:T2:I197,44,T2,2026-04-06T08:19:43.000Z,73,73,69,0,4,0.9452054794520548,112.34702546296296
L44:T2:I196,44,T2,2026-05-06T15:58:00.000Z,74,74,73,0,1,0.9864864864864865,141.6652777777778
L45:T0,45,T0,2026-06-09T00:00:00.000Z,98,98,95,0,3,0.9693877551020408,130
L45:T1:I198,45,T1,2026-06-13T08:44:32.000Z,99,99,96,0,3,0.9696969696969697,134.36425925925926
L45:T2:I199,45,T2,2026-06-14T12:21:57.000Z,99,99,97,0,2,0.9797979797979798,112.51524305555556
L46:T0,46,T0,2026-04-06T00:00:00.000Z,12,12,11,0,1,0.9166666666666666,119
L46:T1:I202,46,T1,2026-04-10T18:16:10.000Z,13,13,12,0,1,0.9230769230769231,123.76122685185184
L46:T2:I203,46,T2,2026-04-14T15:20:36.000Z,13,13,12,0,1,0.9230769230769231,127.63930555555555
L46:T2:I200,46,T2,2026-04-19T10:26:59.000Z,13,13,12,0,1,0.9230769230769231,132.4354050925926
L46:T2:I201,46,T2,2026-06-12T13:36:00.000Z,14,14,13,0,1,0.9285714285714286,140.56666666666666
L47:T0,47,T0,2026-02-18T00:00:00.000Z,136,135,126,1,9,0.9264705882352942,159
L47:T1:I207,47,T1,2026-02-21T14:54:51.000Z,137,136,126,1,10,0.9197080291970803,162.6214236111111
L47:T2:I206,47,T2,2026-02-24T19:53:31.000Z,137,137,127,0,10,0.927007299270073,165.8288310185185
L47:T2:I204,47,T2,2026-02-26T09:46:51.000Z,137,137,128,0,9,0.9343065693430657,167.4075347222222
L47:T2:I208,47,T2,2026-02-26T10:20:33.000Z,137,137,127,0,10,0.927007299270073,167.4309375
L47:T2:I205,47,T2,2026-03-03T10:24:11.000Z,137,137,131,0,6,0.9562043795620438,172.43346064814816
L48:T0,48,T0,2026-05-16T00:00:00.000Z,36,36,36,0,0,1,76
L48:T1:I214,48,T1,2026-05-16T17:07:23.000Z,37,37,37,0,0,1,76.71346064814814
L48:T2:I209,48,T2,2026-05-19T15:56:47.000Z,37,37,37,0,0,1,79.66443287037038
L48:T2:I211,48,T2,2026-05-20T17:10:34.000Z,37,37,37,0,0,1,80.71567129629629
L48:T2:I210,48,T2,2026-05-21T15:30:48.000Z,37,37,37,0,0,1,81.6463888888889
L48:T2:I213,48,T2,2026-05-26T11:44:11.000Z,37,37,37,0,0,1,65.4890162037037
L48:T2:I212,48,T2,2026-05-28T08:57:44.000Z,37,37,37,0,0,1,67.37342592592593
L49:T0,49,T0,2025-02-01T00:00:00.000Z,31,7,7,24,0,0.22580645161290322,28
L49:T1:I218,49,T1,2025-02-11T19:47:46.000Z,36,10,10,26,0,0.2777777777777778,38.82483796296296
L49:T2:I221,49,T2,2025-02-13T15:51:13.000Z,36,10,10,26,0,0.2777777777777778,40.66056712962963
L49:T2:I217,49,T2,2025-07-30T14:59:00.000Z,53,50,42,3,8,0.7924528301886793,169.62430555555557
L49:T2:I215,49,T2,2025-11-04T14:09:00.000Z,64,64,57,0,7,0.890625,149.58958333333334
L49:T2:I222,49,T2,2025-11-08T17:31:00.000Z,66,66,59,0,7,0.8939393939393939,153.72986111111112
L49:T2:I216,49,T2,2025-12-15T11:20:00.000Z,70,70,62,0,8,0.8857142857142857,190.47222222222223
L49:T2:I220,49,T2,2025-12-15T13:41:00.000Z,70,70,62,0,8,0.8857142857142857,190.5701388888889
L49:T2:I219,49,T2,2026-05-11T07:52:00.000Z,95,95,93,0,2,0.9789473684210527,114.32777777777778
L50:T0,50,T0,2025-06-06T00:00:00.000Z,4,3,3,1,0,0.75,60
L50:T1:I226,50,T1,2025-06-11T17:31:37.000Z,4,3,3,1,0,0.75,65.73028935185185
L50:T2:I224,50,T2,2025-06-17T11:19:07.000Z,5,4,4,1,0,0.8,71.4716087962963
L50:T2:I223,50,T2,2025-10-08T11:31:00.000Z,9,9,9,0,0,1,83.4798611111111
L50:T2:I225,50,T2,2026-01-28T07:57:00.000Z,15,15,15,0,0,1,68.33125
L51:T0,51,T0,2026-06-18T00:00:00.000Z,35,35,32,0,3,0.9142857142857143,213
L51:T1:I231,51,T1,2026-06-18T17:31:26.000Z,36,36,33,0,3,0.9166666666666666,213.73016203703705
L51:T2:I229,51,T2,2026-06-24T09:06:35.000Z,35,35,32,0,3,0.9142857142857143,219.37957175925925
L51:T2:I230,51,T2,2026-06-24T16:02:40.000Z,36,36,33,0,3,0.9166666666666666,219.6685185185185
L51:T2:I228,51,T2,2026-06-29T19:05:32.000Z,36,36,33,0,3,0.9166666666666666,224.79550925925926
L51:T2:I227,51,T2,2026-06-30T18:10:34.000Z,36,36,34,0,2,0.9444444444444444,151.75733796296296
L52:T0,52,T0,2025-07-25T00:00:00.000Z,15,15,13,0,2,0.8666666666666667,151
L52:T1:I234,52,T1,2025-08-05T08:27:08.000Z,16,16,15,0,1,0.9375,162.35217592592593
L52:T2:I232,52,T2,2025-12-31T20:28:00.000Z,19,19,19,0,0,1,89.85277777777777
L52:T2:I233,52,T2,2026-03-02T20:39:00.000Z,21,21,21,0,0,1,64.86041666666667
L53:T0,53,T0,2026-01-29T00:00:00.000Z,35,35,31,0,4,0.8857142857142857,202
L53:T1:I235,53,T1,2026-02-11T18:45:21.000Z,36,36,34,0,2,0.9444444444444444,211.78149305555556
L54:T0,54,T0,2025-06-26T00:00:00.000Z,10,8,8,2,0,0.8,57
L54:T1:I238,54,T1,2025-06-27T20:02:49.000Z,10,8,8,2,0,0.8,58.83528935185185
L54:T2:I237,54,T2,2025-07-04T18:54:11.000Z,11,9,8,2,1,0.7272727272727273,117.78762731481481
L54:T2:I236,54,T2,2025-07-08T13:51:12.000Z,11,9,8,2,1,0.7272727272727273,127.57722222222222
L55:T0,55,T0,2025-05-18T00:00:00.000Z,12,8,7,4,1,0.5833333333333334,98
L55:T1:I239,55,T1,2025-05-22T07:32:53.000Z,13,8,6,5,2,0.46153846153846156,102.31450231481482
L56:T0,56,T0,2025-02-13T00:00:00.000Z,12,2,2,10,0,0.16666666666666666,7
L56:T1:I240,56,T1,2025-02-17T13:28:29.000Z,13,2,2,11,0,0.15384615384615385,11.56144675925926
L56:T2:I241,56,T2,2025-09-12T15:06:00.000Z,33,33,29,0,4,0.8787878787878788,122.62916666666666
L56:T2:I243,56,T2,2025-12-01T11:19:00.000Z,35,35,29,0,6,0.8285714285714286,202.47152777777777
L56:T2:I242,56,T2,2026-06-06T20:34:00.000Z,44,44,43,0,1,0.9772727272727273,101.85694444444445
L57:T0,57,T0,2026-06-09T00:00:00.000Z,33,33,32,0,1,0.9696969696969697,97
L57:T1:I245,57,T1,2026-06-09T13:50:31.000Z,33,33,32,0,1,0.9696969696969697,97.57674768518518
L57:T2:I247,57,T2,2026-06-11T09:26:35.000Z,34,34,33,0,1,0.9705882352941176,99.39346064814815
L57:T2:I244,57,T2,2026-06-11T12:25:05.000Z,34,34,33,0,1,0.9705882352941176,99.51741898148148
L57:T2:I246,57,T2,2026-06-14T14:35:31.000Z,34,34,33,0,1,0.9705882352941176,102.60799768518518
L57:T2:I248,57,T2,2026-06-16T14:02:57.000Z,34,34,34,0,0,1,69.58538194444445
L57:T2:I249,57,T2,2026-06-17T13:27:39.000Z,34,34,34,0,0,1,70.56086805555556
L58:T0,58,T0,2025-02-07T00:00:00.000Z,6,0,0,6,0,0,
L58:T1:I251,58,T1,2025-05-19T13:07:00.000Z,11,8,7,3,1,0.6363636363636364,92.54652777777778
L58:T2:I250,58,T2,2026-02-27T15:43:00.000Z,31,31,30,0,1,0.967741935483871,112.65486111111112
L59:T0,59,T0,2025-09-29T00:00:00.000Z,25,25,23,0,2,0.92,139
L59:T1:I252,59,T1,2025-10-09T07:48:30.000Z,26,26,23,0,3,0.8846153846153846,149.32534722222223
L60:T0,60,T0,2025-05-02T00:00:00.000Z,42,25,25,17,0,0.5952380952380952,68
L60:T1:I254,60,T1,2025-05-04T17:05:46.000Z,43,26,26,17,0,0.6046511627906976,70.71233796296296
L60:T2:I255,60,T2,2025-05-05T18:42:06.000Z,43,27,27,16,0,0.627906976744186,71.77923611111112
L60:T2:I253,60,T2,2025-05-13T11:36:26.000Z,45,29,29,16,0,0.6444444444444445,79.48363425925926
L60:T2:I256,60,T2,2025-06-12T10:16:00.000Z,46,34,32,12,2,0.6956521739130435,105.42777777777778
L61:T0,61,T0,2025-10-24T00:00:00.000Z,68,67,58,1,9,0.8529411764705882,213
L61:T1:I257,61,T1,2025-10-25T15:06:53.000Z,69,68,59,1,9,0.855072463768116,214.6297800925926
L61:T2:I258,61,T2,2025-10-28T09:58:43.000Z,69,68,60,1,8,0.8695652173913043,217.41577546296296
L61:T2:I259,61,T2,2026-03-08T09:54:00.000Z,84,84,79,0,5,0.9404761904761905,163.4125
L61:T2:I260,61,T2,2026-05-22T19:31:00.000Z,93,93,89,0,4,0.956989247311828,128.81319444444443
L62:T0,62,T0,2025-12-01T00:00:00.000Z,13,13,12,0,1,0.9230769230769231,93
L62:T1:I261,62,T1,2025-12-02T11:31:56.000Z,14,14,12,0,2,0.8571428571428571,94.48050925925926
L63:T0,63,T0,2025-05-16T00:00:00.000Z,17,10,9,7,1,0.5294117647058824,110
L63:T1:I263,63,T1,2025-05-18T14:46:07.000Z,18,11,10,7,1,0.5555555555555556,112.61535879629629
L63:T2:I264,63,T2,2025-05-20T07:24:42.000Z,18,13,12,5,1,0.6666666666666666,114.30881944444444
L63:T2:I262,63,T2,2026-03-02T10:27:00.000Z,33,33,32,0,1,0.9696969696969697,106.43541666666667
L64:T0,64,T0,2025-05-22T00:00:00.000Z,35,24,24,11,0,0.6857142857142857,88
L64:T1:I266,64,T1,2025-08-12T11:15:00.000Z,41,38,34,3,4,0.8292682926829268,154.46875
L64:T2:I265,64,T2,2026-06-18T16:32:00.000Z,79,79,75,0,4,0.9493670886075949,141.6888888888889
L65:T0,65,T0,2026-06-28T00:00:00.000Z,36,36,35,0,1,0.9722222222222222,94
L65:T1:I267,65,T1,2026-06-29T11:04:39.000Z,37,37,36,0,1,0.972972972972973,95.4615625
L65:T2:I268,65,T2,2026-07-10T13:36:46.000Z,37,37,36,0,1,0.972972972972973,92.56719907407407
L66:T0,66,T0,2025-09-25T00:00:00.000Z,47,44,42,3,2,0.8936170212765957,130
L66:T1:I273,66,T1,2025-09-25T09:02:04.000Z,48,44,42,4,2,0.875,130.3764351851852
L66:T2:I269,66,T2,2025-10-02T11:22:52.000Z,48,46,46,2,0,0.9583333333333334,81.47421296296297
L66:T2:I270,66,T2,2025-10-07T20:22:45.000Z,49,47,47,2,0,0.9591836734693877,86.84913194444445
L66:T2:I271,66,T2,2026-01-11T20:54:00.000Z,66,66,59,0,7,0.8939393939393939,165.87083333333334
L66:T2:I272,66,T2,2026-06-11T16:05:00.000Z,86,86,82,0,4,0.9534883720930233,132.67013888888889
L67:T0,67,T0,2025-06-16T00:00:00.000Z,29,26,23,3,3,0.7931034482758621,132
L67:T1:I274,67,T1,2025-12-26T15:05:00.000Z,53,53,48,0,5,0.9056603773584906,169.62847222222223
L67:T2:I275,67,T2,2025-12-29T18:39:00.000Z,55,55,50,0,5,0.9090909090909091,172.77708333333334
L67:T2:I276,67,T2,2026-04-09T13:45:00.000Z,63,63,61,0,2,0.9682539682539683,164.57291666666666
L68:T0,68,T0,2025-10-04T00:00:00.000Z,18,17,14,1,3,0.7777777777777778,146
L68:T1:I281,68,T1,2025-10-04T18:55:09.000Z,19,18,15,1,3,0.7894736842105263,146.78829861111112
L68:T2:I277,68,T2,2025-10-07T18:45:14.000Z,19,18,15,1,3,0.7894736842105263,149.78141203703703
L68:T2:I280,68,T2,2025-10-09T13:36:33.000Z,19,18,14,1,4,0.7368421052631579,151.56704861111112
L68:T2:I279,68,T2,2025-10-15T15:44:30.000Z,19,18,13,1,5,0.6842105263157895,157.65590277777778
L68:T2:I278,68,T2,2025-10-16T07:54:30.000Z,19,18,15,1,3,0.7894736842105263,140.3295138888889
L69:T0,69,T0,2025-12-17T00:00:00.000Z,47,47,44,0,3,0.9361702127659575,147
L69:T1:I284,69,T1,2025-12-20T13:49:59.000Z,49,49,46,0,3,0.9387755102040817,150.5763773148148
L69:T2:I282,69,T2,2025-12-21T20:22:13.000Z,49,49,46,0,3,0.9387755102040817,151.84876157407408
L69:T2:I283,69,T2,2025-12-22T13:16:38.000Z,49,49,47,0,2,0.9591836734693877,121.55321759259259
L69:T2:I285,69,T2,2025-12-23T14:24:35.000Z,49,49,47,0,2,0.9591836734693877,122.6004050925926
L70:T0,70,T0,2025-02-13T00:00:00.000Z,22,4,4,18,0,0.18181818181818182,36
L70:T1:I286,70,T1,2026-05-18T15:35:00.000Z,77,77,74,0,3,0.961038961038961,128.64930555555554
L70:T2:I287,70,T2,2026-05-22T07:27:00.000Z,78,78,74,0,4,0.9487179487179487,132.31041666666667
L71:T0,71,T0,2025-11-14T00:00:00.000Z,88,87,81,1,6,0.9204545454545454,166
L71:T1:I289,71,T1,2025-11-17T17:28:07.000Z,89,88,79,1,9,0.8876404494382022,169.7278587962963
L71:T2:I290,71,T2,2025-11-21T16:55:25.000Z,89,88,79,1,9,0.8876404494382022,173.70515046296296
L71:T2:I288,71,T2,2025-11-22T10:33:56.000Z,89,88,79,1,9,0.8876404494382022,174.44023148148148
L71:T2:I291,71,T2,2026-04-17T07:58:00.000Z,109,109,106,0,3,0.9724770642201835,143.33194444444445
L72:T0,72,T0,2025-10-04T00:00:00.000Z,57,56,51,1,5,0.8947368421052632,229
L72:T1:I294,72,T1,2025-10-06T17:53:13.000Z,58,57,52,1,5,0.896551724137931,231.74528935185185
L72:T2:I295,72,T2,2025-10-10T12:38:38.000Z,58,57,49,1,8,0.8448275862068966,235.5268287037037
L72:T2:I297,72,T2,2025-10-16T08:32:30.000Z,58,57,50,1,7,0.8620689655172413,241.35590277777777
L72:T2:I296,72,T2,2025-10-16T17:28:45.000Z,58,57,50,1,7,0.8620689655172413,241.72829861111111
L72:T2:I292,72,T2,2025-12-31T13:09:00.000Z,61,61,58,0,3,0.9508196721311475,317.54791666666665
L72:T2:I293,72,T2,2026-05-25T17:52:00.000Z,80,80,77,0,3,0.9625,120.74444444444444
L73:T0,73,T0,2026-01-25T00:00:00.000Z,50,50,48,0,2,0.96,132
L73:T1:I299,73,T1,2026-01-27T14:42:52.000Z,51,51,49,0,2,0.9607843137254902,134.61310185185187
L73:T2:I300,73,T2,2026-01-29T12:08:32.000Z,51,51,49,0,2,0.9607843137254902,136.50592592592594
L73:T2:I302,73,T2,2026-01-30T12:35:34.000Z,51,51,49,0,2,0.9607843137254902,137.52469907407408
L73:T2:I298,73,T2,2026-02-01T19:40:44.000Z,51,51,49,0,2,0.9607843137254902,139.8199537037037
L73:T2:I301,73,T2,2026-03-18T11:21:00.000Z,56,56,53,0,3,0.9464285714285714,127.47291666666666
L74:T0,74,T0,2026-03-31T00:00:00.000Z,86,86,84,0,2,0.9767441860465116,107
L74:T1:I303,74,T1,2026-04-10T17:15:37.000Z,87,87,87,0,0,1,87.71917824074075
L75:T0,75,T0,2025-02-10T00:00:00.000Z,15,4,4,11,0,0.26666666666666666,23
L75:T1:I308,75,T1,2025-02-13T11:32:07.000Z,16,5,5,11,0,0.3125,26.480636574074072
L75:T2:I304,75,T2,2025-02-19T20:18:22.000Z,16,5,5,11,0,0.3125,30.84608796296296
L75:T2:I307,75,T2,2025-02-22T07:04:06.000Z,17,5,5,12,0,0.29411764705882354,33.294513888888886
L75:T2:I305,75,T2,2025-08-28T18:23:00.000Z,35,34,31,1,3,0.8857142857142857,154.76597222222222
L75:T2:I311,75,T2,2025-11-21T15:39:00.000Z,39,39,36,0,3,0.9230769230769231,124.65208333333334
L75:T2:I309,75,T2,2025-12-30T17:30:00.000Z,43,43,38,0,5,0.8837209302325582,163.72916666666666
L75:T2:I310,75,T2,2026-04-23T09:11:00.000Z,51,51,50,0,1,0.9803921568627451,119.38263888888889
L75:T2:I306,75,T2,2026-06-10T16:23:00.000Z,55,55,53,0,2,0.9636363636363636,167.6826388888889
L76:T0,76,T0,2025-01-19T00:00:00.000Z,8,0,0,8,0,0,
L76:T1:I317,76,T1,2025-01-21T09:57:15.000Z,9,0,0,9,0,0,
L76:T2:I312,76,T2,2025-01-22T08:41:38.000Z,9,1,1,8,0,0.1111111111111111,10.36224537037037
L76:T2:I315,76,T2,2025-01-24T20:54:25.000Z,9,1,1,8,0,0.1111111111111111,0.8711226851851852
L76:T2:I314,76,T2,2025-01-29T11:07:22.000Z,10,2,2,8,0,0.2,5.463449074074074
L76:T2:I316,76,T2,2025-01-29T17:28:32.000Z,10,2,2,8,0,0.2,5.728148148148148
L76:T2:I313,76,T2,2026-06-01T16:50:00.000Z,31,31,30,0,1,0.967741935483871,153.70138888888889
L77:T0,77,T0,2025-09-29T00:00:00.000Z,59,59,55,0,4,0.9322033898305084,189
L77:T1:I318,77,T1,2025-09-30T17:05:05.000Z,60,60,56,0,4,0.9333333333333333,190.7118634259259
L77:T2:I320,77,T2,2025-10-09T13:57:55.000Z,60,60,56,0,4,0.9333333333333333,123.58188657407408
L77:T2:I319,77,T2,2026-06-02T13:22:00.000Z,99,99,96,0,3,0.9696969696969697,123.55694444444444
L78:T0,78,T0,2025-11-05T00:00:00.000Z,15,15,14,0,1,0.9333333333333333,126
L78:T1:I323,78,T1,2025-11-16T13:09:27.000Z,16,16,15,0,1,0.9375,137.54822916666666
L78:T2:I322,78,T2,2025-11-16T16:39:35.000Z,16,16,15,0,1,0.9375,137.69415509259258
L78:T2:I324,78,T2,2025-11-18T09:41:23.000Z,16,16,15,0,1,0.9375,139.40373842592592
L78:T2:I325,78,T2,2026-03-03T12:59:00.000Z,18,18,18,0,0,1,74.54097222222222
L78:T2:I327,78,T2,2026-03-14T20:17:00.000Z,20,20,20,0,0,1,85.84513888888888
L78:T2:I326,78,T2,2026-05-12T17:11:00.000Z,21,21,21,0,0,1,75.71597222222222
L78:T2:I321,78,T2,2026-05-29T13:23:00.000Z,21,21,21,0,0,1,78.55763888888889
L79:T0,79,T0,2025-05-06T00:00:00.000Z,9,7,7,2,0,0.7777777777777778,79
L79:T1:I333,79,T1,2025-05-18T08:22:05.000Z,10,8,7,2,1,0.7,91.34866898148148
L79:T2:I331,79,T2,2025-05-19T12:37:14.000Z,11,7,6,4,1,0.5454545454545454,92.52585648148148
L79:T2:I330,79,T2,2025-05-19T20:24:20.000Z,11,8,7,3,1,0.6363636363636364,92.85023148148149
L79:T2:I329,79,T2,2025-06-23T14:43:00.000Z,13,11,9,2,2,0.6923076923076923,107.61319444444445
L79:T2:I328,79,T2,2025-09-25T16:59:00.000Z,16,15,14,1,1,0.875,118.7076388888889
L79:T2:I332,79,T2,2026-01-21T20:16:00.000Z,24,24,22,0,2,0.9166666666666666,108.84444444444445
L80:T0,80,T0,2025-05-24T00:00:00.000Z,27,22,20,5,2,0.7407407407407407,110
L80:T1:I335,80,T1,2025-06-05T19:33:42.000Z,27,22,20,5,2,0.7407407407407407,100.81506944444445
L80:T2:I334,80,T2,2025-06-14T13:51:00.000Z,29,24,22,5,2,0.7586206896551724,109.57708333333333
L80:T2:I336,80,T2,2026-03-15T07:30:00.000Z,56,56,53,0,3,0.9464285714285714,124.3125
L81:T0,81,T0,2025-03-08T00:00:00.000Z,21,9,9,12,0,0.42857142857142855,36
L81:T1:I338,81,T1,2025-03-20T15:32:54.000Z,22,10,10,12,0,0.45454545454545453,48.647847222222225
L81:T2:I337,81,T2,2026-02-21T14:17:00.000Z,46,46,44,0,2,0.9565217391304348,185.5951388888889
L82:T0,82,T0,2026-03-19T00:00:00.000Z,46,46,45,0,1,0.9782608695652174,94
L82:T1:I344,82,T1,2026-03-25T14:51:18.000Z,48,48,47,0,1,0.9791666666666666,100.61895833333334
L82:T2:I343,82,T2,2026-03-26T13:57:38.000Z,48,48,47,0,1,0.9791666666666666,101.58168981481481
L82:T2:I339,82,T2,2026-03-28T09:01:01.000Z,48,48,47,0,1,0.9791666666666666,103.37570601851851
L82:T2:I342,82,T2,2026-03-30T11:46:16.000Z,48,48,47,0,1,0.9791666666666666,105.49046296296297
L82:T2:I340,82,T2,2026-03-30T19:03:11.000Z,48,48,47,0,1,0.9791666666666666,105.79387731481482
L82:T2:I341,82,T2,2026-04-21T16:49:00.000Z,49,49,48,0,1,0.9795918367346939,97.70069444444445
L83:T0,83,T0,2025-10-14T00:00:00.000Z,16,16,15,0,1,0.9375,129
L83:T1:I345,83,T1,2025-10-21T18:58:41.000Z,17,17,16,0,1,0.9411764705882353,136.79075231481482
L83:T2:I346,83,T2,2026-03-19T09:02:00.000Z,21,21,18,0,3,0.8571428571428571,127.37638888888888
L84:T0,84,T0,2026-02-23T00:00:00.000Z,23,23,22,0,1,0.9565217391304348,95
L84:T1:I347,84,T1,2026-02-24T17:41:43.000Z,24,24,23,0,1,0.9583333333333334,96.73730324074074
L84:T2:I349,84,T2,2026-03-04T14:14:20.000Z,25,25,25,0,0,1,78.59328703703704
L84:T2:I348,84,T2,2026-03-05T15:27:10.000Z,25,25,24,0,1,0.96,109.64386574074074
L85:T0,85,T0,2025-09-05T00:00:00.000Z,60,59,51,1,8,0.85,212
L85:T1:I352,85,T1,2025-09-06T20:45:39.000Z,61,60,53,1,7,0.8688524590163934,213.86503472222222
L85:T2:I355,85,T2,2025-09-12T18:06:25.000Z,61,60,54,1,6,0.8852459016393442,219.7544560185185
L85:T2:I351,85,T2,2025-09-13T18:48:40.000Z,60,59,53,1,6,0.8833333333333333,220.7837962962963
L85:T2:I350,85,T2,2025-09-13T20:32:25.000Z,61,60,54,1,6,0.8852459016393442,220.8558449074074
L85:T2:I354,85,T2,2026-01-01T18:38:00.000Z,76,76,69,0,7,0.9078947368421053,147.7763888888889
L85:T2:I353,85,T2,2026-06-07T14:00:00.000Z,100,100,95,0,5,0.95,148.58333333333334
L86:T0,86,T0,2025-04-25T00:00:00.000Z,29,17,16,12,1,0.5517241379310345,95
L86:T1:I356,86,T1,2025-05-04T16:22:15.000Z,31,21,18,10,3,0.5806451612903226,104.68211805555555
L87:T0,87,T0,2025-09-06T00:00:00.000Z,57,57,48,0,9,0.8421052631578947,193
L87:T1:I360,87,T1,2025-09-06T14:17:38.000Z,58,58,49,0,9,0.8448275862068966,193.5955787037037
L87:T2:I357,87,T2,2025-09-07T11:32:39.000Z,58,58,49,0,9,0.8448275862068966,194.48100694444443
L87:T2:I359,87,T2,2025-09-07T14:56:30.000Z,57,57,48,0,9,0.8421052631578947,194.62256944444445
L87:T2:I361,87,T2,2026-01-06T11:23:00.000Z,70,70,68,0,2,0.9714285714285714,136.47430555555556
L87:T2:I358,87,T2,2026-04-29T14:20:00.000Z,84,84,81,0,3,0.9642857142857143,141.59722222222223
L88:T0,88,T0,2025-01-16T00:00:00.000Z,8,0,0,8,0,0,
L88:T1:I362,88,T1,2025-01-24T16:25:40.000Z,9,0,0,9,0,0,
L88:T2:I363,88,T2,2025-06-30T09:10:00.000Z,20,20,17,0,3,0.85,137.38194444444446
L88:T2:I365,88,T2,2025-08-17T15:41:00.000Z,24,24,19,0,5,0.7916666666666666,172.65347222222223
L88:T2:I367,88,T2,2025-12-26T09:22:00.000Z,27,27,25,0,2,0.9259259259259259,137.39027777777778
L88:T2:I364,88,T2,2026-02-05T20:07:00.000Z,28,28,27,0,1,0.9642857142857143,116.83819444444444
L88:T2:I366,88,T2,2026-05-10T08:13:00.000Z,34,34,32,0,2,0.9411764705882353,174.3423611111111
L89:T0,89,T0,2025-07-27T00:00:00.000Z,66,57,50,9,7,0.7575757575757576,176
L89:T1:I368,89,T1,2025-07-28T11:24:27.000Z,67,58,50,9,8,0.746268656716418,177.4753125
L89:T2:I372,89,T2,2025-07-31T17:25:19.000Z,67,58,50,9,8,0.746268656716418,180.72591435185186
L89:T2:I370,89,T2,2025-08-26T18:58:00.000Z,74,68,64,6,4,0.8648648648648649,206.7902777777778
L89:T2:I371,89,T2,2025-10-12T07:20:00.000Z,82,82,74,0,8,0.9024390243902439,253.30555555555554
L89:T2:I369,89,T2,2026-04-29T09:48:00.000Z,111,111,107,0,4,0.963963963963964,155.40833333333333
L90:T0,90,T0,2026-02-24T00:00:00.000Z,57,57,54,0,3,0.9473684210526315,151
L90:T1:I373,90,T1,2026-03-12T13:30:00.000Z,61,61,55,0,6,0.9016393442622951,167.5625
L91:T0,91,T0,2025-06-20T00:00:00.000Z,17,16,15,1,1,0.8823529411764706,111
L91:T1:I375,91,T1,2025-06-23T07:53:29.000Z,18,17,15,1,2,0.8333333333333334,114.32880787037037
L91:T2:I376,91,T2,2025-07-01T09:06:07.000Z,17,16,13,1,3,0.7647058823529411,122.37924768518519
L91:T2:I374,91,T2,2025-11-17T13:20:00.000Z,20,20,15,0,5,0.75,236.55555555555554
L92:T0,92,T0,2026-06-14T00:00:00.000Z,24,24,23,0,1,0.9583333333333334,125
L92:T1:I381,92,T1,2026-06-15T16:24:28.000Z,25,25,24,0,1,0.96,126.68365740740741
L92:T2:I378,92,T2,2026-06-16T10:31:34.000Z,24,24,24,0,0,1,87.43858796296297
L92:T2:I382,92,T2,2026-06-16T20:48:22.000Z,25,25,25,0,0,1,87.8669212962963
L92:T2:I379,92,T2,2026-06-17T10:37:08.000Z,25,25,25,0,0,1,88.4424537037037
L92:T2:I380,92,T2,2026-06-18T18:57:32.000Z,25,25,25,0,0,1,89.7899537037037
L92:T2:I377,92,T2,2026-06-24T07:48:49.000Z,25,25,23,0,2,0.92,95.32556712962963
L93:T0,93,T0,2025-01-16T00:00:00.000Z,37,0,0,37,0,0,
L93:T1:I383,93,T1,2026-01-23T09:48:00.000Z,102,101,90,1,11,0.8823529411764706,141.40833333333333
L94:T0,94,T0,2025-05-25T00:00:00.000Z,32,29,23,3,6,0.71875,145
L94:T1:I386,94,T1,2025-05-27T10:39:14.000Z,32,29,23,3,6,0.71875,147.44391203703702
L94:T2:I385,94,T2,2025-10-27T16:12:00.000Z,52,52,44,0,8,0.8461538461538461,257.675
L94:T2:I387,94,T2,2026-01-22T07:53:00.000Z,59,59,54,0,5,0.9152542372881356,228.32847222222222
L94:T2:I388,94,T2,2026-01-29T07:49:00.000Z,60,60,55,0,5,0.9166666666666666,235.32569444444445
L94:T2:I384,94,T2,2026-02-16T17:32:00.000Z,61,61,58,0,3,0.9508196721311475,253.73055555555555
L95:T0,95,T0,2025-11-20T00:00:00.000Z,53,53,47,0,6,0.8867924528301887,214
L95:T1:I391,95,T1,2025-11-20T07:58:24.000Z,54,54,47,0,7,0.8703703703703703,214.3322222222222
L95:T2:I393,95,T2,2025-11-21T14:55:18.000Z,54,54,48,0,6,0.8888888888888888,215.62173611111112
L95:T2:I392,95,T2,2025-11-26T10:46:21.000Z,54,54,50,0,4,0.9259259259259259,186.44885416666668
L95:T2:I389,95,T2,2025-11-27T10:50:35.000Z,54,54,50,0,4,0.9259259259259259,187.45179398148147
L95:T2:I394,95,T2,2025-12-24T10:30:00.000Z,58,58,55,0,3,0.9482758620689655,214.4375
L95:T2:I396,95,T2,2026-03-29T18:51:00.000Z,65,65,62,0,3,0.9538461538461539,128.78541666666666
L95:T2:I390,95,T2,2026-05-06T16:31:00.000Z,68,68,67,0,1,0.9852941176470589,117.68819444444445
L95:T2:I395,95,T2,2026-06-15T19:41:00.000Z,70,70,70,0,0,1,89.82013888888889
L96:T0,96,T0,2025-06-10T00:00:00.000Z,12,10,10,2,0,0.8333333333333334,82
L96:T1:I399,96,T1,2025-06-16T15:20:45.000Z,13,11,11,2,0,0.8461538461538461,88.63940972222223
L96:T2:I402,96,T2,2025-07-03T16:18:00.000Z,14,12,11,2,1,0.7857142857142857,105.67916666666666
L96:T2:I403,96,T2,2025-09-01T16:20:00.000Z,15,15,14,0,1,0.9333333333333333,165.68055555555554
L96:T2:I397,96,T2,2025-11-01T09:30:00.000Z,16,16,15,0,1,0.9375,118.39583333333333
L96:T2:I401,96,T2,2026-01-06T15:10:00.000Z,17,17,16,0,1,0.9411764705882353,184.63194444444446
L96:T2:I400,96,T2,2026-04-04T18:12:00.000Z,21,21,20,0,1,0.9523809523809523,96.75833333333334
L96:T2:I398,96,T2,2026-04-06T15:44:00.000Z,21,21,21,0,0,1,74.65555555555555
L97:T0,97,T0,2026-05-13T00:00:00.000Z,80,80,77,0,3,0.9625,125
L97:T1:I404,97,T1,2026-05-15T13:17:04.000Z,81,81,78,0,3,0.9629629629629629,127.55351851851852
L97:T2:I405,97,T2,2026-05-24T11:53:28.000Z,80,80,79,0,1,0.9875,104.49546296296296
L98:T0,98,T0,2025-02-12T00:00:00.000Z,27,9,9,18,0,0.3333333333333333,43
L98:T1:I412,98,T1,2025-02-23T08:54:21.000Z,29,12,12,17,0,0.41379310344827586,54.37107638888889
L98:T2:I410,98,T2,2025-02-24T10:01:34.000Z,28,12,12,16,0,0.42857142857142855,55.41775462962963
L98:T2:I409,98,T2,2025-02-26T09:32:00.000Z,29,12,12,17,0,0.41379310344827586,57.397222222222226
L98:T2:I411,98,T2,2025-07-08T16:59:00.000Z,43,41,37,2,4,0.8604651162790697,156.70763888888888
L98:T2:I407,98,T2,2025-07-21T10:32:00.000Z,44,44,35,0,9,0.7954545454545454,169.4388888888889
L98:T2:I408,98,T2,2025-08-11T19:40:00.000Z,46,46,39,0,7,0.8478260869565217,180.81944444444446
L98:T2:I406,98,T2,2025-09-02T09:52:00.000Z,46,46,37,0,9,0.8043478260869565,202.4111111111111
L99:T0,99,T0,2025-09-25T00:00:00.000Z,58,58,54,0,4,0.9310344827586207,185
L99:T1:I413,99,T1,2025-09-30T12:13:00.000Z,60,60,56,0,4,0.9333333333333333,190.5090277777778
L100:T0,100,T0,2025-06-27T00:00:00.000Z,11,7,7,4,0,0.6363636363636364,57
L100:T1:I418,100,T1,2025-06-30T18:16:36.000Z,12,8,8,4,0,0.6666666666666666,49.76152777777778
L100:T2:I415,100,T2,2025-07-01T13:38:24.000Z,12,8,8,4,0,0.6666666666666666,71.56833333333333
L100:T2:I420,100,T2,2025-07-01T20:46:26.000Z,12,8,8,4,0,0.6666666666666666,50.865578703703704
L100:T2:I419,100,T2,2025-08-19T19:53:00.000Z,15,12,11,3,1,0.7333333333333333,99.82847222222222
L100:T2:I416,100,T2,2025-10-12T13:51:00.000Z,16,15,14,1,1,0.875,131.57708333333332
L100:T2:I414,100,T2,2025-10-18T09:32:00.000Z,17,16,14,1,2,0.8235294117647058,137.3972222222222
L100:T2:I417,100,T2,2026-03-23T18:52:00.000Z,29,29,28,0,1,0.9655172413793104,127.78611111111111
L101:T0,101,T0,2025-06-10T00:00:00.000Z,19,17,15,2,2,0.7894736842105263,117
L101:T1:I421,101,T1,2025-10-26T12:39:00.000Z,24,24,22,0,2,0.9166666666666666,142.52708333333334
L102:T0,102,T0,2025-02-01T00:00:00.000Z,16,1,1,15,0,0.0625,8
L102:T1:I422,102,T1,2025-02-04T09:10:57.000Z,16,1,1,15,0,0.0625,11.382604166666667
L102:T2:I423,102,T2,2025-02-14T12:18:41.000Z,17,3,3,14,0,0.17647058823529413,21.51297453703704
L102:T2:I424,102,T2,2025-04-12T14:50:00.000Z,21,13,13,8,0,0.6190476190476191,78.61805555555556
L102:T2:I425,102,T2,2026-01-08T18:19:00.000Z,36,36,35,0,1,0.9722222222222222,97.76319444444445
L103:T0,103,T0,2025-06-18T00:00:00.000Z,12,10,8,2,2,0.6666666666666666,102
L103:T1:I427,103,T1,2025-07-26T18:18:00.000Z,13,12,12,1,0,0.9230769230769231,82.7625
L103:T2:I426,103,T2,2026-02-15T11:23:00.000Z,26,26,25,0,1,0.9615384615384616,100.47430555555556
L104:T0,104,T0,2025-01-24T00:00:00.000Z,11,1,1,10,0,0.09090909090909091,13
L104:T1:I430,104,T1,2025-02-01T15:08:16.000Z,13,1,1,12,0,0.07692307692307693,21.63074074074074
L104:T2:I431,104,T2,2025-02-13T11:45:00.000Z,14,3,3,11,0,0.21428571428571427,33.489583333333336
L104:T2:I434,104,T2,2025-02-13T15:16:00.000Z,14,2,2,12,0,0.14285714285714285,33.63611111111111
L104:T2:I429,104,T2,2025-04-20T08:02:00.000Z,18,10,9,8,1,0.5,99.33472222222223
L104:T2:I433,104,T2,2025-05-09T07:14:00.000Z,21,13,12,8,1,0.5714285714285714,118.3013888888889
L104:T2:I428,104,T2,2025-10-22T20:43:00.000Z,26,26,22,0,4,0.8461538461538461,165.86319444444445
L104:T2:I432,104,T2,2026-05-12T11:04:00.000Z,46,46,46,0,0,1,84.46111111111111
L105:T0,105,T0,2025-05-23T00:00:00.000Z,14,13,11,1,2,0.7857142857142857,102
L105:T1:I437,105,T1,2025-05-25T14:22:58.000Z,15,14,12,1,2,0.8,104.5992824074074
L105:T2:I436,105,T2,2025-06-04T11:26:28.000Z,15,14,13,1,1,0.8666666666666667,104.47671296296296
L105:T2:I438,105,T2,2025-08-24T08:23:00.000Z,17,17,15,0,2,0.8823529411764706,146.34930555555556
L105:T2:I435,105,T2,2026-06-08T08:41:00.000Z,28,28,27,0,1,0.9642857142857143,110.36180555555555
L106:T0,106,T0,2026-04-02T00:00:00.000Z,43,43,41,0,2,0.9534883720930233,157
L106:T1:I442,106,T1,2026-04-06T18:18:30.000Z,44,44,41,0,3,0.9318181818181818,161.76284722222223
L106:T2:I440,106,T2,2026-04-10T19:54:02.000Z,44,44,41,0,3,0.9318181818181818,165.8291898148148
L106:T2:I439,106,T2,2026-04-12T07:52:14.000Z,44,44,40,0,4,0.9090909090909091,167.3279398148148
L106:T2:I441,106,T2,2026-04-13T19:14:44.000Z,44,44,40,0,4,0.9090909090909091,168.80189814814815
L107:T0,107,T0,2025-08-28T00:00:00.000Z,46,45,43,1,2,0.9347826086956522,102
L107:T1:I445,107,T1,2025-08-29T08:17:25.000Z,48,47,44,1,3,0.9166666666666666,103.34542824074074
L107:T2:I444,107,T2,2025-09-03T08:06:32.000Z,48,47,44,1,3,0.9166666666666666,108.33787037037037
L107:T2:I446,107,T2,2025-09-06T10:11:12.000Z,48,48,45,0,3,0.9375,111.42444444444445
L107:T2:I443,107,T2,2025-10-21T14:03:00.000Z,54,54,45,0,9,0.8333333333333334,133.58541666666667
L108:T0,108,T0,2025-05-25T00:00:00.000Z,8,8,8,0,0,1,67
L108:T1:I450,108,T1,2025-05-28T18:31:41.000Z,9,8,8,1,0,0.8888888888888888,70.77200231481481
L108:T2:I453,108,T2,2025-05-28T18:55:40.000Z,9,9,9,0,0,1,70.78865740740741
L108:T2:I449,108,T2,2025-05-29T14:56:15.000Z,9,9,9,0,0,1,80.62239583333333
L108:T2:I451,108,T2,2025-06-02T07:19:31.000Z,9,9,9,0,0,1,75.3052199074074
L108:T2:I452,108,T2,2025-06-06T10:23:00.000Z,9,9,9,0,0,1,79.43263888888889
L108:T2:I447,108,T2,2025-11-05T07:04:00.000Z,15,15,15,0,0,1,88.29444444444445
L108:T2:I448,108,T2,2026-04-30T17:07:00.000Z,17,17,16,0,1,0.9411764705882353,136.71319444444444
L109:T0,109,T0,2025-01-30T00:00:00.000Z,9,1,1,8,0,0.1111111111111111,6
L109:T1:I455,109,T1,2025-02-03T12:14:05.000Z,10,1,1,9,0,0.1,10.509780092592592
L109:T2:I454,109,T2,2025-04-23T09:48:00.000Z,11,7,7,4,0,0.6363636363636364,89.40833333333333
L110:T0,110,T0,2025-06-12T00:00:00.000Z,21,15,14,6,1,0.6666666666666666,124
L110:T1:I456,110,T1,2025-06-18T13:11:50.000Z,22,16,14,6,2,0.6363636363636364,130.54988425925927
L110:T2:I457,110,T2,2025-06-24T18:09:55.000Z,23,17,15,6,2,0.6521739130434783,136.7568865740741
L110:T2:I459,110,T2,2026-05-08T18:38:00.000Z,35,35,34,0,1,0.9714285714285714,138.7763888888889
L110:T2:I458,110,T2,2026-06-30T15:19:00.000Z,38,38,38,0,0,1,75.63819444444445
L111:T0,111,T0,2025-05-09T00:00:00.000Z,40,31,30,9,1,0.75,111
L111:T1:I460,111,T1,2025-05-10T13:33:05.000Z,41,32,31,9,1,0.7560975609756098,112.5646412037037
L111:T2:I466,111,T2,2025-05-11T13:52:10.000Z,41,32,31,9,1,0.7560975609756098,113.57789351851852
L111:T2:I464,111,T2,2025-05-13T19:04:06.000Z,42,34,33,8,1,0.7857142857142857,115.79451388888889
L111:T2:I461,111,T2,2025-05-15T20:50:54.000Z,42,33,32,9,1,0.7619047619047619,117.86868055555556
L111:T2:I467,111,T2,2025-10-09T10:15:00.000Z,61,59,48,2,11,0.7868852459016393,230.42708333333334
L111:T2:I463,111,T2,2025-12-12T20:56:00.000Z,66,66,58,0,8,0.8787878787878788,294.8722222222222
L111:T2:I465,111,T2,2026-03-15T17:18:00.000Z,85,85,84,0,1,0.9882352941176471,117.72083333333333
L111:T2:I462,111,T2,2026-05-05T14:07:00.000Z,90,90,87,0,3,0.9666666666666667,112.58819444444444
L112:T0,112,T0,2025-09-08T00:00:00.000Z,26,25,22,1,3,0.8461538461538461,153
L112:T1:I468,112,T1,2026-06-24T12:36:00.000Z,37,37,36,0,1,0.972972972972973,94.525
L113:T0,113,T0,2026-05-30T00:00:00.000Z,58,58,56,0,2,0.9655172413793104,125
L113:T1:I469,113,T1,2026-05-30T08:33:43.000Z,58,58,56,0,2,0.9655172413793104,125.35674768518518
L114:T0,114,T0,2025-01-26T00:00:00.000Z,4,1,1,3,0,0.25,20
L114:T1:I471,114,T1,2025-01-28T17:19:09.000Z,4,1,1,3,0,0.25,22.721631944444443
L114:T2:I470,114,T2,2026-05-08T10:02:00.000Z,20,20,20,0,0,1,88.41805555555555
L115:T0,115,T0,2025-09-06T00:00:00.000Z,33,32,28,1,4,0.8484848484848485,119
L115:T1:I472,115,T1,2025-09-07T20:20:43.000Z,34,33,29,1,4,0.8529411764705882,120.84771990740741
L115:T2:I476,115,T2,2025-09-10T14:44:47.000Z,34,33,28,1,5,0.8235294117647058,123.61443287037036
L115:T2:I474,115,T2,2025-09-10T16:33:05.000Z,34,33,27,1,6,0.7941176470588235,195.6896412037037
L115:T2:I473,115,T2,2025-09-17T20:01:02.000Z,33,32,27,1,5,0.8181818181818182,130.83405092592594
L115:T2:I475,115,T2,2025-09-19T11:55:00.000Z,34,33,28,1,5,0.8235294117647058,132.49652777777777
L116:T0,116,T0,2025-09-12T00:00:00.000Z,65,65,56,0,9,0.8615384615384616,230
L116:T1:I481,116,T1,2025-09-12T14:00:10.000Z,66,66,56,0,10,0.8484848484848485,230.58344907407408
L116:T2:I479,116,T2,2025-09-23T11:32:40.000Z,66,66,59,0,7,0.8939393939393939,241.4810185185185
L116:T2:I477,116,T2,2025-10-29T13:18:00.000Z,71,71,64,0,7,0.9014084507042254,277.5541666666667
L116:T2:I478,116,T2,2026-05-07T19:19:00.000Z,107,107,105,0,2,0.9813084112149533,224.8048611111111
L116:T2:I480,116,T2,2026-06-26T20:46:00.000Z,110,110,107,0,3,0.9727272727272728,127.86527777777778
L117:T0,117,T0,2025-01-26T00:00:00.000Z,17,3,3,14,0,0.17647058823529413,2
L117:T1:I483,117,T1,2025-01-31T09:06:29.000Z,18,3,3,15,0,0.16666666666666666,7.379502314814815
L117:T2:I484,117,T2,2025-02-17T20:40:00.000Z,20,6,6,14,0,0.3,24.86111111111111
L117:T2:I485,117,T2,2025-04-02T19:55:00.000Z,23,13,13,10,0,0.5652173913043478,58.829861111111114
L117:T2:I486,117,T2,2025-09-19T16:03:00.000Z,42,42,36,0,6,0.8571428571428571,206.66875
L117:T2:I482,117,T2,2025-10-30T20:20:00.000Z,44,44,42,0,2,0.9545454545454546,99.84722222222223
L118:T0,118,T0,2025-05-22T00:00:00.000Z,24,15,14,9,1,0.5833333333333334,99
L118:T1:I487,118,T1,2025-05-30T18:21:01.000Z,26,19,17,7,2,0.6538461538461539,107.76459490740741
L118:T2:I488,118,T2,2026-02-22T09:55:00.000Z,38,38,35,0,3,0.9210526315789473,175.41319444444446
L119:T0,119,T0,2025-01-07T00:00:00.000Z,29,0,0,29,0,0,
L119:T1:I492,119,T1,2025-01-28T12:49:00.000Z,33,6,6,27,0,0.18181818181818182,19.534027777777776
L119:T2:I491,119,T2,2025-07-27T19:48:00.000Z,60,59,52,1,7,0.8666666666666667,183.825
L119:T2:I489,119,T2,2026-02-15T08:40:00.000Z,93,93,87,0,6,0.9354838709677419,176.36111111111111
L119:T2:I490,119,T2,2026-03-12T07:31:00.000Z,99,99,91,0,8,0.9191919191919192,168.31319444444443
L119:T2:I493,119,T2,2026-04-28T14:03:00.000Z,105,105,103,0,2,0.9809523809523809,215.58541666666667
L120:T0,120,T0,2026-01-23T00:00:00.000Z,32,32,29,0,3,0.90625,203
L120:T1:I497,120,T1,2026-01-28T18:57:16.000Z,33,33,28,0,5,0.8484848484848485,208.7897685185185
L120:T2:I496,120,T2,2026-01-28T19:44:27.000Z,33,33,29,0,4,0.8787878787878788,208.82253472222223
L120:T2:I494,120,T2,2026-02-04T14:18:43.000Z,32,32,28,0,4,0.875,215.59633101851853
L120:T2:I495,120,T2,2026-02-05T07:41:11.000Z,33,33,29,0,4,0.8787878787878788,216.3202662037037
L120:T2:I498,120,T2,2026-02-05T17:13:27.000Z,33,33,29,0,4,0.8787878787878788,216.7176736111111
L121:T0,121,T0,2026-06-19T00:00:00.000Z,49,49,49,0,0,1,89
L121:T1:I500,121,T1,2026-06-19T16:46:29.000Z,50,50,50,0,0,1,89.69894675925926
L121:T2:I502,121,T2,2026-06-22T17:06:52.000Z,49,49,48,0,1,0.9795918367346939,92.71310185185185
L121:T2:I499,121,T2,2026-06-25T07:34:45.000Z,50,50,49,0,1,0.98,95.3157986111111
L121:T2:I501,121,T2,2026-06-28T19:08:38.000Z,49,49,48,0,1,0.9795918367346939,98.79766203703704
L122:T0,122,T0,2025-01-29T00:00:00.000Z,12,0,0,12,0,0,
L122:T1:I504,122,T1,2025-01-29T19:27:45.000Z,13,0,0,13,0,0,
L122:T2:I503,122,T2,2025-02-02T14:27:29.000Z,13,0,0,13,0,0,
L122:T2:I507,122,T2,2025-02-05T13:38:25.000Z,13,0,0,13,0,0,
L122:T2:I508,122,T2,2025-02-08T18:33:05.000Z,12,0,0,12,0,0,
L122:T2:I506,122,T2,2025-03-17T07:25:00.000Z,13,5,5,8,0,0.38461538461538464,33.30902777777778
L122:T2:I505,122,T2,2025-10-03T11:14:00.000Z,24,24,20,0,4,0.8333333333333334,137.46805555555557
L122:T2:I509,122,T2,2026-05-06T11:35:00.000Z,27,27,26,0,1,0.9629629629629629,152.48263888888889
L123:T0,123,T0,2026-03-03T00:00:00.000Z,48,48,47,0,1,0.9791666666666666,139
L123:T1:I515,123,T1,2026-03-05T08:01:41.000Z,50,50,49,0,1,0.98,141.3345023148148
L123:T2:I514,123,T2,2026-03-06T11:23:17.000Z,49,49,48,0,1,0.9795918367346939,142.47450231481483
L123:T2:I511,123,T2,2026-03-06T13:11:30.000Z,50,50,49,0,1,0.98,142.54965277777777
L123:T2:I510,123,T2,2026-03-16T12:51:58.000Z,50,50,50,0,0,1,78.53608796296297
L123:T2:I512,123,T2,2026-04-06T12:17:00.000Z,51,51,50,0,1,0.9803921568627451,92.51180555555555
L123:T2:I513,123,T2,2026-05-23T08:32:00.000Z,53,53,52,0,1,0.9811320754716981,94.35555555555555
L124:T0,124,T0,2025-10-17T00:00:00.000Z,18,17,14,1,3,0.7777777777777778,141
L124:T1:I516,124,T1,2026-03-10T09:04:00.000Z,22,22,22,0,0,1,47.37777777777778
L125:T0,125,T0,2025-05-25T00:00:00.000Z,11,9,9,2,0,0.8181818181818182,88
L125:T1:I518,125,T1,2025-06-04T16:09:33.000Z,13,12,11,1,1,0.8461538461538461,98.67329861111111
L125:T2:I517,125,T2,2026-06-07T18:36:00.000Z,30,30,30,0,0,1,55.775
L126:T0,126,T0,2025-12-13T00:00:00.000Z,54,54,48,0,6,0.8888888888888888,164
L126:T1:I520,126,T1,2025-12-19T08:21:49.000Z,55,55,50,0,5,0.9090909090909091,170.3484837962963
L126:T2:I519,126,T2,2025-12-20T20:55:20.000Z,55,55,50,0,5,0.9090909090909091,171.87175925925925
L126:T2:I522,126,T2,2025-12-21T10:06:47.000Z,55,55,50,0,5,0.9090909090909091,172.4213773148148
L126:T2:I521,126,T2,2026-03-02T10:06:00.000Z,61,61,59,0,2,0.9672131147540983,122.42083333333333
L127:T0,127,T0,2025-06-30T00:00:00.000Z,28,19,18,9,1,0.6428571428571429,111
L127:T1:I523,127,T1,2025-07-08T11:55:16.000Z,29,23,22,6,1,0.7586206896551724,119.49671296296296
L127:T2:I526,127,T2,2026-01-22T14:48:00.000Z,44,44,43,0,1,0.9772727272727273,106.61666666666666
L127:T2:I524,127,T2,2026-04-05T08:49:00.000Z,51,51,50,0,1,0.9803921568627451,156.3673611111111
L127:T2:I525,127,T2,2026-05-05T13:50:00.000Z,55,55,53,0,2,0.9636363636363636,104.57638888888889
L128:T0,128,T0,2026-06-29T00:00:00.000Z,30,30,30,0,0,1,72
L128:T1:I533,128,T1,2026-07-02T08:15:19.000Z,31,31,31,0,0,1,59.343969907407406
L128:T2:I532,128,T2,2026-07-04T07:30:58.000Z,31,31,31,0,0,1,60.3131712962963
L128:T2:I527,128,T2,2026-07-05T13:58:19.000Z,31,31,31,0,0,1,61.58216435185185
L128:T2:I528,128,T2,2026-07-06T15:38:16.000Z,31,31,31,0,0,1,62.65157407407408
L128:T2:I531,128,T2,2026-07-06T16:25:55.000Z,31,31,31,0,0,1,62.68466435185185
L128:T2:I529,128,T2,2026-07-09T10:51:24.000Z,31,31,31,0,0,1,65.45236111111112
L128:T2:I530,128,T2,2026-07-09T10:57:01.000Z,31,31,31,0,0,1,69.45626157407408
L129:T0,129,T0,2026-02-17T00:00:00.000Z,63,63,60,0,3,0.9523809523809523,110
L129:T1:I536,129,T1,2026-02-21T15:06:35.000Z,64,64,60,0,4,0.9375,114.62957175925926
L129:T2:I537,129,T2,2026-02-28T17:17:08.000Z,64,64,60,0,4,0.9375,121.72023148148148
L129:T2:I534,129,T2,2026-03-02T15:36:00.000Z,64,64,60,0,4,0.9375,123.65
L129:T2:I535,129,T2,2026-04-14T20:11:00.000Z,69,69,65,0,4,0.9420289855072463,156.84097222222223
L130:T0,130,T0,2025-05-21T00:00:00.000Z,18,14,13,4,1,0.7222222222222222,117
L130:T1:I538,130,T1,2025-05-24T18:23:44.000Z,19,15,14,4,1,0.7368421052631579,120.76648148148148
L130:T2:I539,130,T2,2026-03-04T18:52:00.000Z,31,31,29,0,2,0.9354838709677419,109.78611111111111
L131:T0,131,T0,2025-12-17T00:00:00.000Z,25,25,21,0,4,0.84,128
L131:T1:I544,131,T1,2025-12-19T09:54:38.000Z,26,26,22,0,4,0.8461538461538461,130.41293981481482
L131:T2:I542,131,T2,2025-12-23T12:35:25.000Z,27,27,24,0,3,0.8888888888888888,134.52459490740742
L131:T2:I545,131,T2,2025-12-24T12:38:43.000Z,27,27,23,0,4,0.8518518518518519,195.52688657407407
L131:T2:I543,131,T2,2025-12-29T17:52:49.000Z,27,27,25,0,2,0.9259259259259259,140.74501157407408
L131:T2:I541,131,T2,2026-01-02T18:09:00.000Z,28,28,27,0,1,0.9642857142857143,113.75625
L131:T2:I540,131,T2,2026-04-30T07:41:00.000Z,32,32,30,0,2,0.9375,164.3201388888889
L132:T0,132,T0,2026-05-18T00:00:00.000Z,57,57,56,0,1,0.9824561403508771,110
L132:T1:I549,132,T1,2026-05-19T17:52:00.000Z,58,58,57,0,1,0.9827586206896551,111.74444444444444
L132:T2:I547,132,T2,2026-05-22T10:35:24.000Z,59,59,58,0,1,0.9830508474576272,114.44125
L132:T2:I550,132,T2,2026-05-29T13:26:51.000Z,60,60,59,0,1,0.9833333333333333,121.5603125
L132:T2:I551,132,T2,2026-05-30T11:35:46.000Z,60,60,59,0,1,0.9833333333333333,122.48317129629629
L132:T2:I548,132,T2,2026-05-30T13:34:35.000Z,60,60,59,0,1,0.9833333333333333,122.56568287037037
L132:T2:I546,132,T2,2026-06-14T20:22:00.000Z,61,61,59,0,2,0.9672131147540983,137.8486111111111
L133:T0,133,T0,2025-12-26T00:00:00.000Z,63,63,56,0,7,0.8888888888888888,235
L133:T1:I555,133,T1,2026-01-01T14:19:08.000Z,66,66,60,0,6,0.9090909090909091,241.59662037037037
L133:T2:I554,133,T2,2026-01-03T08:30:16.000Z,66,66,61,0,5,0.9242424242424242,177.35435185185185
L133:T2:I552,133,T2,2026-01-06T09:59:43.000Z,65,65,60,0,5,0.9230769230769231,180.41646990740742
L133:T2:I556,133,T2,2026-04-06T12:20:00.000Z,76,76,73,0,3,0.9605263157894737,161.51388888888889
L133:T2:I553,133,T2,2026-06-04T09:52:00.000Z,77,77,76,0,1,0.987012987012987,99.41111111111111
L134:T0,134,T0,2025-12-27T00:00:00.000Z,28,28,27,0,1,0.9642857142857143,112
L134:T1:I558,134,T1,2025-12-29T13:31:14.000Z,29,29,28,0,1,0.9655172413793104,114.56335648148148
L134:T2:I560,134,T2,2026-01-01T14:59:12.000Z,28,28,27,0,1,0.9642857142857143,117.62444444444445
L134:T2:I557,134,T2,2026-01-04T13:30:08.000Z,29,29,28,0,1,0.9655172413793104,120.5625925925926
L134:T2:I559,134,T2,2026-04-13T17:06:00.000Z,34,34,34,0,0,1,49.7125
L135:T0,135,T0,2025-07-23T00:00:00.000Z,30,27,27,3,0,0.9,82
L135:T1:I567,135,T1,2025-07-26T18:25:42.000Z,32,30,30,2,0,0.9375,85.76784722222222
L135:T2:I565,135,T2,2025-07-31T18:44:58.000Z,32,30,29,2,1,0.90625,90.78122685185186
L135:T2:I561,135,T2,2025-08-02T09:20:12.000Z,33,31,30,2,1,0.9090909090909091,92.38902777777778
L135:T2:I566,135,T2,2025-08-02T14:01:56.000Z,33,31,30,2,1,0.9090909090909091,92.58467592592592
L135:T2:I568,135,T2,2025-08-04T08:26:56.000Z,33,31,30,2,1,0.9090909090909091,94.35203703703704
L135:T2:I564,135,T2,2025-12-19T20:59:00.000Z,47,47,43,0,4,0.9148936170212766,152.87430555555557
L135:T2:I563,135,T2,2025-12-21T15:44:00.000Z,47,47,43,0,4,0.9148936170212766,154.65555555555557
L135:T2:I562,135,T2,2026-02-10T10:15:00.000Z,51,51,50,0,1,0.9803921568627451,169.42708333333334
L136:T0,136,T0,2025-12-08T00:00:00.000Z,51,51,46,0,5,0.9019607843137255,179
L136:T1:I572,136,T1,2025-12-10T19:39:51.000Z,52,52,46,0,6,0.8846153846153846,181.81934027777777
L136:T2:I573,136,T2,2025-12-13T12:06:04.000Z,53,53,49,0,4,0.9245283018867925,184.50421296296295
L136:T2:I575,136,T2,2025-12-20T19:06:01.000Z,53,53,48,0,5,0.9056603773584906,191.7958449074074
L136:T2:I569,136,T2,2026-01-10T17:14:00.000Z,55,55,51,0,4,0.9272727272727272,184.71805555555557
L136:T2:I574,136,T2,2026-02-09T15:32:00.000Z,58,58,56,0,2,0.9655172413793104,105.64722222222223
L136:T2:I571,136,T2,2026-03-28T07:37:00.000Z,62,62,59,0,3,0.9516129032258065,152.3173611111111
L136:T2:I570,136,T2,2026-05-29T15:56:00.000Z,64,64,62,0,2,0.96875,103.66388888888889
L137:T0,137,T0,2026-04-03T00:00:00.000Z,29,29,28,0,1,0.9655172413793104,111
L137:T1:I577,137,T1,2026-04-08T09:07:58.000Z,31,31,30,0,1,0.967741935483871,116.3805324074074
L137:T2:I578,137,T2,2026-04-12T09:47:28.000Z,30,30,29,0,1,0.9666666666666667,120.40796296296297
L137:T2:I579,137,T2,2026-04-13T11:09:37.000Z,31,31,30,0,1,0.967741935483871,121.46501157407407
L137:T2:I576,137,T2,2026-04-15T16:19:15.000Z,31,31,30,0,1,0.967741935483871,123.68003472222222
L137:T2:I581,137,T2,2026-04-16T19:16:52.000Z,31,31,30,0,1,0.967741935483871,124.80337962962963
L137:T2:I582,137,T2,2026-05-28T18:51:00.000Z,33,33,33,0,0,1,86.78541666666666
L137:T2:I580,137,T2,2026-06-11T15:09:00.000Z,33,33,32,0,1,0.9696969696969697,91.63125
L138:T0,138,T0,2025-02-10T00:00:00.000Z,23,3,3,20,0,0.13043478260869565,20
L138:T1:I584,138,T1,2025-02-17T16:28:15.000Z,24,4,4,20,0,0.16666666666666666,27.686284722222222
L138:T2:I583,138,T2,2025-09-24T16:29:00.000Z,47,43,38,4,5,0.8085106382978723,209.68680555555557
L139:T0,139,T0,2026-01-22T00:00:00.000Z,47,47,42,0,5,0.8936170212765957,110
L139:T1:I586,139,T1,2026-02-04T20:17:40.000Z,50,50,45,0,5,0.9,123.84560185185185
L139:T2:I585,139,T2,2026-04-12T17:39:00.000Z,54,54,51,0,3,0.9444444444444444,142.73541666666668
L140:T0,140,T0,2025-04-29T00:00:00.000Z,17,13,12,4,1,0.7058823529411765,95
L140:T1:I588,140,T1,2025-05-02T09:44:07.000Z,18,14,12,4,2,0.6666666666666666,107.40563657407408
L140:T2:I587,140,T2,2025-05-11T19:31:57.000Z,18,13,12,5,1,0.6666666666666666,107.81385416666667
L140:T2:I589,140,T2,2025-06-03T14:13:00.000Z,20,15,13,5,2,0.65,130.5923611111111
L140:T2:I590,140,T2,2026-03-11T13:02:00.000Z,31,31,30,0,1,0.967741935483871,116.54305555555555
L140:T2:I591,140,T2,2026-06-17T07:50:00.000Z,37,37,37,0,0,1,83.32638888888889
L141:T0,141,T0,2026-02-01T00:00:00.000Z,60,60,55,0,5,0.9166666666666666,238
L141:T1:I592,141,T1,2026-02-01T12:34:07.000Z,61,61,56,0,5,0.9180327868852459,238.52369212962964
L141:T2:I596,141,T2,2026-02-08T07:16:24.000Z,61,61,56,0,5,0.9180327868852459,245.30305555555555
L141:T2:I595,141,T2,2026-02-10T07:50:59.000Z,61,61,57,0,4,0.9344262295081968,247.32707175925927
L141:T2:I594,141,T2,2026-02-12T18:19:31.000Z,61,61,56,0,5,0.9180327868852459,249.76355324074075
L141:T2:I593,141,T2,2026-02-13T15:08:17.000Z,61,61,57,0,4,0.9344262295081968,250.63075231481483
L142:T0,142,T0,2025-10-08T00:00:00.000Z,14,14,13,0,1,0.9285714285714286,247
L142:T1:I601,142,T1,2025-10-10T15:47:41.000Z,16,16,14,0,2,0.875,249.65811342592593
L142:T2:I597,142,T2,2025-10-12T18:17:42.000Z,16,16,14,0,2,0.875,251.76229166666667
L142:T2:I602,142,T2,2025-10-14T14:45:16.000Z,16,16,14,0,2,0.875,253.61476851851853
L142:T2:I603,142,T2,2025-10-17T17:10:05.000Z,16,16,15,0,1,0.9375,256.71533564814814
L142:T2:I600,142,T2,2025-10-20T16:32:37.000Z,16,16,15,0,1,0.9375,106.68931712962963
L142:T2:I604,142,T2,2025-10-21T11:17:34.000Z,16,16,16,0,0,1,88.4705324074074
L142:T2:I599,142,T2,2025-10-21T19:29:06.000Z,16,16,16,0,0,1,88.811875
L142:T2:I598,142,T2,2026-03-08T12:23:00.000Z,18,18,18,0,0,1,87.51597222222222
L143:T0,143,T0,2025-04-18T00:00:00.000Z,20,12,12,8,0,0.6,45
L143:T1:I606,143,T1,2025-04-23T15:50:54.000Z,21,12,12,9,0,0.5714285714285714,50.66034722222222
L143:T2:I610,143,T2,2025-04-25T17:50:29.000Z,21,13,13,8,0,0.6190476190476191,52.7433912037037
L143:T2:I605,143,T2,2025-04-28T13:45:55.000Z,21,15,15,6,0,0.7142857142857143,55.57355324074074
L143:T2:I608,143,T2,2025-07-15T16:08:00.000Z,32,31,27,1,4,0.84375,133.67222222222222
L143:T2:I611,143,T2,2025-09-27T10:47:00.000Z,35,34,29,1,5,0.8285714285714286,140.44930555555555
L143:T2:I607,143,T2,2026-01-24T20:45:00.000Z,45,45,42,0,3,0.9333333333333333,228.86458333333334
L143:T2:I609,143,T2,2026-06-16T15:10:00.000Z,58,58,56,0,2,0.9655172413793104,151.63194444444446
L144:T0,144,T0,2026-06-30T00:00:00.000Z,50,50,49,0,1,0.98,100
L144:T1:I614,144,T1,2026-07-01T15:22:29.000Z,51,51,50,0,1,0.9803921568627451,101.64061342592592
L144:T2:I613,144,T2,2026-07-02T11:15:36.000Z,51,51,50,0,1,0.9803921568627451,102.46916666666667
L144:T2:I612,144,T2,2026-07-06T17:26:40.000Z,50,50,49,0,1,0.98,106.72685185185185
L145:T0,145,T0,2025-06-16T00:00:00.000Z,13,13,13,0,0,1,89
L145:T1:I616,145,T1,2025-06-23T20:41:01.000Z,14,14,12,0,2,0.8571428571428571,149.86181712962963
L145:T2:I615,145,T2,2025-06-26T09:55:14.000Z,14,14,13,0,1,0.9285714285714286,99.41335648148149
L145:T2:I617,145,T2,2025-11-22T08:36:00.000Z,19,19,18,0,1,0.9473684210526315,102.35833333333333
L145:T2:I618,145,T2,2025-11-29T13:57:00.000Z,19,19,18,0,1,0.9473684210526315,109.58125
L146:T0,146,T0,2026-03-26T00:00:00.000Z,27,27,24,0,3,0.8888888888888888,114
L146:T1:I624,146,T1,2026-03-28T14:12:36.000Z,28,28,25,0,3,0.8928571428571429,116.59208333333333
L146:T2:I619,146,T2,2026-03-29T08:28:05.000Z,28,28,25,0,3,0.8928571428571429,117.35283564814814
L146:T2:I625,146,T2,2026-03-30T09:34:05.000Z,28,28,25,0,3,0.8928571428571429,118.39866898148148
L146:T2:I620,146,T2,2026-03-30T12:18:42.000Z,28,28,25,0,3,0.8928571428571429,118.5129861111111
L146:T2:I623,146,T2,2026-03-30T13:54:34.000Z,28,28,25,0,3,0.8928571428571429,118.57956018518519
L146:T2:I622,146,T2,2026-04-06T19:00:00.000Z,28,28,24,0,4,0.8571428571428571,125.79166666666667
L146:T2:I621,146,T2,2026-04-08T14:10:25.000Z,28,28,24,0,4,0.8571428571428571,127.59056712962963
L147:T0,147,T0,2025-07-17T00:00:00.000Z,11,9,9,2,0,0.8181818181818182,65
L147:T1:I626,147,T1,2025-07-19T10:37:05.000Z,12,10,10,2,0,0.8333333333333334,67.44241898148148
L148:T0,148,T0,2025-03-18T00:00:00.000Z,6,3,3,3,0,0.5,23
L148:T1:I630,148,T1,2025-03-19T12:27:03.000Z,7,4,4,3,0,0.5714285714285714,24.51878472222222
L148:T2:I632,148,T2,2025-03-21T19:22:42.000Z,7,4,4,3,0,0.5714285714285714,26.807430555555555
L148:T2:I633,148,T2,2025-03-25T15:40:44.000Z,7,4,4,3,0,0.5714285714285714,30.653287037037035
L148:T2:I629,148,T2,2025-03-31T18:16:21.000Z,7,4,4,3,0,0.5714285714285714,36.76135416666666
L148:T2:I627,148,T2,2025-08-17T11:43:00.000Z,12,11,7,1,4,0.5833333333333334,151.48819444444445
L148:T2:I631,148,T2,2025-12-03T16:02:00.000Z,16,16,16,0,0,1,66.66805555555555
L148:T2:I628,148,T2,2026-03-14T12:51:00.000Z,18,18,17,0,1,0.9444444444444444,107.53541666666666
L149:T0,149,T0,2025-06-16T00:00:00.000Z,36,28,23,8,5,0.6388888888888888,128
L149:T1:I636,149,T1,2025-06-20T11:47:24.000Z,36,28,23,8,5,0.6388888888888888,132.49125
L149:T2:I635,149,T2,2025-06-23T17:22:17.000Z,37,30,25,7,5,0.6756756756756757,135.72380787037036
L149:T2:I639,149,T2,2025-06-25T16:31:44.000Z,38,31,27,7,4,0.7105263157894737,137.6887037037037
L149:T2:I640,149,T2,2025-06-26T14:23:08.000Z,38,31,27,7,4,0.7105263157894737,138.59939814814814
L149:T2:I634,149,T2,2026-02-09T18:19:00.000Z,55,55,51,0,4,0.9272727272727272,276.7631944444444
L149:T2:I637,149,T2,2026-03-20T11:36:00.000Z,61,61,55,0,6,0.9016393442622951,175.48333333333332
L149:T2:I638,149,T2,2026-04-07T16:46:00.000Z,61,61,59,0,2,0.9672131147540983,134.69861111111112
L150:T0,150,T0,2026-06-13T00:00:00.000Z,55,55,52,0,3,0.9454545454545454,148
L150:T1:I644,150,T1,2026-06-13T17:24:37.000Z,56,56,53,0,3,0.9464285714285714,148.72542824074074
L150:T2:I642,150,T2,2026-06-14T18:55:11.000Z,56,56,53,0,3,0.9464285714285714,149.78832175925925
L150:T2:I645,150,T2,2026-06-16T11:21:34.000Z,56,56,53,0,3,0.9464285714285714,151.4733101851852
L150:T2:I646,150,T2,2026-06-20T08:44:12.000Z,57,57,54,0,3,0.9473684210526315,155.36402777777778
L150:T2:I643,150,T2,2026-06-22T13:07:17.000Z,57,57,54,0,3,0.9473684210526315,157.54672453703705
L150:T2:I641,150,T2,2026-06-23T20:20:13.000Z,57,57,54,0,3,0.9473684210526315,158.84737268518518
L151:T0,151,T0,2025-04-21T00:00:00.000Z,24,15,15,9,0,0.625,77
L151:T1:I650,151,T1,2025-06-12T18:11:00.000Z,28,23,21,5,2,0.75,107.75763888888889
L151:T2:I647,151,T2,2025-10-21T15:22:00.000Z,44,44,42,0,2,0.9545454545454546,138.64027777777778
L151:T2:I648,151,T2,2025-12-06T09:20:00.000Z,47,47,45,0,2,0.9574468085106383,136.38888888888889
L151:T2:I651,151,T2,2026-03-12T08:15:00.000Z,55,55,52,0,3,0.9454545454545454,121.34375
L151:T2:I649,151,T2,2026-04-09T20:53:00.000Z,58,58,53,0,5,0.9137931034482759,149.8701388888889
L151:T2:I652,151,T2,2026-06-17T15:18:00.000Z,64,64,63,0,1,0.984375,97.6375
L152:T0,152,T0,2026-03-29T00:00:00.000Z,38,38,38,0,0,1,85
L152:T1:I653,152,T1,2026-03-31T11:50:39.000Z,38,38,38,0,0,1,87.49350694444445
L152:T2:I660,152,T2,2026-04-04T08:12:24.000Z,39,39,37,0,2,0.9487179487179487,91.34194444444445
L152:T2:I654,152,T2,2026-04-05T20:47:05.000Z,39,39,38,0,1,0.9743589743589743,92.8660300925926
L152:T2:I659,152,T2,2026-04-06T13:19:16.000Z,39,39,38,0,1,0.9743589743589743,93.5550462962963
L152:T2:I656,152,T2,2026-04-09T13:54:00.000Z,39,39,38,0,1,0.9743589743589743,96.57916666666667
L152:T2:I655,152,T2,2026-04-10T14:11:08.000Z,38,38,37,0,1,0.9736842105263158,97.59106481481481
L152:T2:I657,152,T2,2026-04-19T13:20:00.000Z,40,40,38,0,2,0.95,106.55555555555556
L152:T2:I658,152,T2,2026-05-03T15:20:00.000Z,42,42,41,0,1,0.9761904761904762,112.63888888888889
L153:T0,153,T0,2026-01-02T00:00:00.000Z,100,100,93,0,7,0.93,208
L153:T1:I667,153,T1,2026-01-04T14:08:15.000Z,101,101,93,0,8,0.9207920792079208,210.5890625
L153:T2:I662,153,T2,2026-01-08T17:18:14.000Z,103,103,95,0,8,0.9223300970873787,214.72099537037036
L153:T2:I663,153,T2,2026-01-08T17:36:33.000Z,103,103,95,0,8,0.9223300970873787,214.73371527777778
L153:T2:I664,153,T2,2026-01-08T20:42:39.000Z,103,103,95,0,8,0.9223300970873787,214.8629513888889
L153:T2:I666,153,T2,2026-01-13T14:55:08.000Z,103,103,95,0,8,0.9223300970873787,219.62162037037038
L153:T2:I668,153,T2,2026-04-12T18:44:00.000Z,120,120,118,0,2,0.9833333333333333,125.78055555555555
L153:T2:I665,153,T2,2026-04-22T10:44:00.000Z,124,124,122,0,2,0.9838709677419355,99.44722222222222
L153:T2:I661,153,T2,2026-05-18T18:57:00.000Z,131,131,126,0,5,0.9618320610687023,108.78958333333334
L154:T0,154,T0,2025-08-25T00:00:00.000Z,29,26,21,3,5,0.7241379310344828,142
L154:T1:I672,154,T1,2025-08-30T11:54:07.000Z,31,28,23,3,5,0.7419354838709677,147.49591435185187
L154:T2:I674,154,T2,2025-08-31T10:40:44.000Z,31,28,23,3,5,0.7419354838709677,148.4449537037037
L154:T2:I673,154,T2,2025-09-03T11:38:19.000Z,30,27,23,3,4,0.7666666666666667,144.48494212962962
L154:T2:I669,154,T2,2025-09-06T20:33:33.000Z,31,28,24,3,4,0.7741935483870968,147.85663194444444
L154:T2:I670,154,T2,2025-11-04T11:02:00.000Z,36,34,31,2,3,0.8611111111111112,134.4597222222222
L154:T2:I671,154,T2,2025-12-16T09:45:00.000Z,37,37,35,0,2,0.9459459459459459,137.40625
L155:T0,155,T0,2025-12-22T00:00:00.000Z,63,63,58,0,5,0.9206349206349206,145
L155:T1:I675,155,T1,2026-06-02T13:39:00.000Z,85,85,80,0,5,0.9411764705882353,123.56875
L156:T0,156,T0,2025-11-14T00:00:00.000Z,30,30,28,0,2,0.9333333333333333,133
L156:T1:I676,156,T1,2025-11-26T09:02:28.000Z,33,33,30,0,3,0.9090909090909091,145.37671296296296
L156:T2:I677,156,T2,2026-03-07T12:28:00.000Z,40,40,37,0,3,0.925,146.51944444444445
L157:T0,157,T0,2025-10-28T00:00:00.000Z,54,54,44,0,10,0.8148148148148148,140
L157:T1:I682,157,T1,2025-10-31T08:22:53.000Z,54,54,44,0,10,0.8148148148148148,143.34922453703703
L157:T2:I683,157,T2,2025-10-31T08:33:10.000Z,55,55,45,0,10,0.8181818181818182,143.35636574074073
L157:T2:I678,157,T2,2025-11-01T18:51:16.000Z,55,55,46,0,9,0.8363636363636363,135.78560185185185
L157:T2:I681,157,T2,2025-11-02T16:15:27.000Z,55,55,47,0,8,0.8545454545454545,136.67739583333332
L157:T2:I685,157,T2,2025-11-03T16:22:56.000Z,56,56,48,0,8,0.8571428571428571,137.68259259259258
L157:T2:I679,157,T2,2025-11-07T20:04:26.000Z,57,57,49,0,8,0.8596491228070176,141.83641203703704
L157:T2:I684,157,T2,2025-11-10T16:29:26.000Z,57,57,49,0,8,0.8596491228070176,144.6871064814815
L157:T2:I680,157,T2,2025-12-30T08:27:00.000Z,60,60,56,0,4,0.9333333333333333,165.35208333333333
L158:T0,158,T0,2026-01-23T00:00:00.000Z,72,72,69,0,3,0.9583333333333334,153
L158:T1:I693,158,T1,2026-01-25T20:39:35.000Z,73,73,70,0,3,0.958904109589041,155.86082175925927
L158:T2:I687,158,T2,2026-01-29T09:30:44.000Z,74,74,70,0,4,0.9459459459459459,159.3963425925926
L158:T2:I686,158,T2,2026-01-29T15:41:03.000Z,74,74,70,0,4,0.9459459459459459,159.65350694444444
L158:T2:I692,158,T2,2026-01-30T13:45:20.000Z,74,74,70,0,4,0.9459459459459459,160.57314814814814
L158:T2:I691,158,T2,2026-02-01T08:01:16.000Z,73,73,68,0,5,0.9315068493150684,162.33421296296297
L158:T2:I688,158,T2,2026-02-02T08:45:46.000Z,74,74,69,0,5,0.9324324324324325,163.36511574074075
L158:T2:I690,158,T2,2026-02-04T18:43:21.000Z,74,74,67,0,7,0.9054054054054054,165.78010416666666
L158:T2:I689,158,T2,2026-02-05T18:20:39.000Z,75,75,66,0,9,0.88,166.7643402777778
L159:T0,159,T0,2025-12-01T00:00:00.000Z,40,40,37,0,3,0.925,134
L159:T1:I696,159,T1,2025-12-05T13:33:57.000Z,42,42,39,0,3,0.9285714285714286,138.56524305555556
L159:T2:I695,159,T2,2025-12-13T09:37:58.000Z,42,42,39,0,3,0.9285714285714286,146.40136574074074
L159:T2:I694,159,T2,2026-06-30T14:00:00.000Z,56,56,54,0,2,0.9642857142857143,187.58333333333334
L160:T0,160,T0,2025-01-31T00:00:00.000Z,12,1,1,11,0,0.08333333333333333,20
L160:T1:I697,160,T1,2025-10-16T15:58:00.000Z,26,26,24,0,2,0.9230769230769231,159.6652777777778
L160:T2:I698,160,T2,2026-05-07T10:17:00.000Z,46,46,46,0,0,1,79.42847222222223
L161:T0,161,T0,2026-06-16T00:00:00.000Z,77,77,73,0,4,0.948051948051948,139
L161:T1:I700,161,T1,2026-06-20T08:07:50.000Z,79,79,75,0,4,0.9493670886075949,143.33877314814814
L161:T2:I699,161,T2,2026-06-25T14:08:16.000Z,80,80,77,0,3,0.9625,112.58907407407408
L162:T0,162,T0,2026-06-28T00:00:00.000Z,35,35,34,0,1,0.9714285714285714,102
L162:T1:I704,162,T1,2026-06-29T15:03:40.000Z,37,37,35,0,2,0.9459459459459459,103.6275462962963
L162:T2:I703,162,T2,2026-07-01T08:20:42.000Z,37,37,35,0,2,0.9459459459459459,105.34770833333333
L162:T2:I702,162,T2,2026-07-02T13:03:59.000Z,37,37,34,0,3,0.918918918918919,106.54443287037037
L162:T2:I701,162,T2,2026-07-03T09:04:07.000Z,37,37,34,0,3,0.918918918918919,107.3778587962963
L162:T2:I705,162,T2,2026-07-05T11:06:18.000Z,37,37,34,0,3,0.918918918918919,109.46270833333334
L163:T0,163,T0,2025-02-07T00:00:00.000Z,32,8,8,24,0,0.25,34
L163:T1:I707,163,T1,2025-09-06T12:47:00.000Z,58,58,54,0,4,0.9310344827586207,172.5326388888889
L163:T2:I708,163,T2,2025-10-29T14:56:00.000Z,64,64,59,0,5,0.921875,143.62222222222223
L163:T2:I706,163,T2,2026-02-04T09:34:00.000Z,78,78,77,0,1,0.9871794871794872,118.39861111111111
L164:T0,164,T0,2025-01-03T00:00:00.000Z,22,0,0,22,0,0,
L164:T1:I711,164,T1,2025-01-05T17:49:32.000Z,23,0,0,23,0,0,
L164:T2:I712,164,T2,2025-03-29T09:23:00.000Z,29,11,11,18,0,0.3793103448275862,63.390972222222224
L164:T2:I715,164,T2,2025-04-12T18:42:00.000Z,30,16,16,14,0,0.5333333333333333,77.77916666666667
L164:T2:I713,164,T2,2025-05-03T17:06:00.000Z,32,19,18,13,1,0.5625,98.7125
L164:T2:I709,164,T2,2025-09-08T19:26:00.000Z,41,41,37,0,4,0.9024390243902439,226.80972222222223
L164:T2:I714,164,T2,2025-11-18T08:51:00.000Z,44,43,36,1,7,0.8181818181818182,189.36875
L164:T2:I716,164,T2,2026-01-22T16:59:00.000Z,52,52,49,0,3,0.9423076923076923,136.70763888888888
L164:T2:I710,164,T2,2026-02-15T10:49:00.000Z,54,54,52,0,2,0.9629629629629629,115.45069444444445
L165:T0,165,T0,2026-01-03T00:00:00.000Z,41,41,39,0,2,0.9512195121951219,143
L165:T1:I720,165,T1,2026-01-07T14:53:48.000Z,42,42,39,0,3,0.9285714285714286,147.62069444444444
L165:T2:I718,165,T2,2026-01-07T20:47:21.000Z,42,42,39,0,3,0.9285714285714286,147.86621527777777
L165:T2:I719,165,T2,2026-01-11T12:00:20.000Z,42,42,40,0,2,0.9523809523809523,121.50023148148148
L165:T2:I717,165,T2,2026-01-25T12:46:00.000Z,45,45,44,0,1,0.9777777777777777,135.53194444444443
L165:T2:I721,165,T2,2026-03-12T15:41:00.000Z,47,47,46,0,1,0.9787234042553191,92.65347222222222
L165:T2:I722,165,T2,2026-04-25T20:16:00.000Z,50,50,49,0,1,0.98,101.84444444444445
L166:T0,166,T0,2026-04-14T00:00:00.000Z,53,53,50,0,3,0.9433962264150944,111
L166:T1:I724,166,T1,2026-04-17T16:13:47.000Z,56,56,55,0,1,0.9821428571428571,110.67623842592593
L166:T2:I728,166,T2,2026-04-22T15:45:12.000Z,56,56,55,0,1,0.9821428571428571,115.65638888888888
L166:T2:I726,166,T2,2026-04-26T09:46:23.000Z,56,56,55,0,1,0.9821428571428571,119.40721064814815
L166:T2:I723,166,T2,2026-04-27T15:22:59.000Z,57,57,56,0,1,0.9824561403508771,120.64096064814815
L166:T2:I727,166,T2,2026-04-27T18:19:10.000Z,57,57,56,0,1,0.9824561403508771,120.76331018518519
L166:T2:I725,166,T2,2026-05-12T08:14:00.000Z,58,58,57,0,1,0.9827586206896551,104.34305555555555
L167:T0,167,T0,2026-03-19T00:00:00.000Z,106,106,104,0,2,0.9811320754716981,114
L167:T1:I729,167,T1,2026-03-31T15:50:10.000Z,107,107,102,0,5,0.9532710280373832,126.65983796296297
L168:T0,168,T0,2025-11-21T00:00:00.000Z,66,66,59,0,7,0.8939393939393939,166
L168:T1:I730,168,T1,2025-11-23T09:23:14.000Z,67,67,60,0,7,0.8955223880597015,168.39113425925925
L168:T2:I732,168,T2,2025-11-25T20:10:07.000Z,67,67,60,0,7,0.8955223880597015,170.8403587962963
L168:T2:I733,168,T2,2025-11-29T09:09:48.000Z,69,69,62,0,7,0.8985507246376812,174.38180555555556
L168:T2:I734,168,T2,2025-11-29T16:49:15.000Z,69,69,62,0,7,0.8985507246376812,174.70086805555556
L168:T2:I731,168,T2,2025-12-03T07:49:05.000Z,68,68,61,0,7,0.8970588235294118,178.32575231481482
L168:T2:I735,168,T2,2026-01-24T14:51:00.000Z,76,76,73,0,3,0.9605263157894737,230.61875
L169:T0,169,T0,2025-08-27T00:00:00.000Z,8,7,7,1,0,0.875,68
L169:T1:I737,169,T1,2025-09-05T18:27:31.000Z,9,8,7,1,1,0.7777777777777778,97.7691087962963
L169:T2:I738,169,T2,2025-10-04T13:48:00.000Z,9,8,8,1,0,0.8888888888888888,44.575
L169:T2:I739,169,T2,2026-04-07T17:40:00.000Z,16,16,14,0,2,0.875,142.73611111111111
L169:T2:I736,169,T2,2026-04-21T16:16:00.000Z,16,16,14,0,2,0.875,156.67777777777778
L170:T0,170,T0,2026-05-15T00:00:00.000Z,30,30,30,0,0,1,73
L170:T1:I740,170,T1,2026-05-15T10:38:34.000Z,31,31,31,0,0,1,73.44344907407407
L170:T2:I742,170,T2,2026-05-17T14:59:50.000Z,30,30,30,0,0,1,75.62488425925926
L170:T2:I741,170,T2,2026-05-19T08:08:56.000Z,31,31,31,0,0,1,77.33953703703703
L171:T0,171,T0,2025-06-19T00:00:00.000Z,28,26,24,2,2,0.8571428571428571,102
L171:T1:I745,171,T1,2025-06-19T09:10:26.000Z,29,26,24,3,2,0.8275862068965517,102.38224537037037
L171:T2:I746,171,T2,2025-06-30T15:49:16.000Z,29,28,25,1,3,0.8620689655172413,113.65921296296297
L171:T2:I743,171,T2,2026-01-29T08:48:00.000Z,45,45,44,0,1,0.9777777777777777,139.36666666666667
L171:T2:I744,171,T2,2026-04-21T10:18:00.000Z,49,49,48,0,1,0.9795918367346939,97.42916666666666
L172:T0,172,T0,2026-04-30T00:00:00.000Z,27,27,25,0,2,0.9259259259259259,121
L172:T1:I747,172,T1,2026-05-01T12:54:17.000Z,28,28,26,0,2,0.9285714285714286,122.53769675925926
L172:T2:I751,172,T2,2026-05-02T09:17:11.000Z,29,29,27,0,2,0.9310344827586207,123.38693287037037
L172:T2:I752,172,T2,2026-05-03T20:46:11.000Z,29,29,27,0,2,0.9310344827586207,124.8654050925926
L172:T2:I750,172,T2,2026-05-04T09:29:22.000Z,29,29,27,0,2,0.9310344827586207,125.39539351851852
L172:T2:I753,172,T2,2026-05-08T19:47:29.000Z,29,29,27,0,2,0.9310344827586207,129.8246412037037
L172:T2:I748,172,T2,2026-05-09T12:25:16.000Z,28,28,26,0,2,0.9285714285714286,130.5175462962963
L172:T2:I749,172,T2,2026-05-09T16:57:32.000Z,29,29,27,0,2,0.9310344827586207,130.70662037037036
L173:T0,173,T0,2025-10-27T00:00:00.000Z,15,15,15,0,0,1,69
L173:T1:I754,173,T1,2025-11-01T10:38:53.000Z,16,16,16,0,0,1,73.44366898148148
L174:T0,174,T0,2025-10-23T00:00:00.000Z,42,42,36,0,6,0.8571428571428571,137
L174:T1:I755,174,T1,2025-10-25T18:08:18.000Z,44,44,37,0,7,0.8409090909090909,139.75576388888888
L174:T2:I756,174,T2,2025-10-27T16:57:36.000Z,45,45,38,0,7,0.8444444444444444,141.70666666666668
L174:T2:I759,174,T2,2025-11-01T07:53:14.000Z,45,45,38,0,7,0.8444444444444444,142.32863425925925
L174:T2:I758,174,T2,2025-11-05T19:44:51.000Z,45,45,38,0,7,0.8444444444444444,146.8228125
L174:T2:I757,174,T2,2026-06-04T07:44:00.000Z,64,64,63,0,1,0.984375,99.32222222222222
L175:T0,175,T0,2026-02-20T00:00:00.000Z,51,51,49,0,2,0.9607843137254902,103
L175:T1:I761,175,T1,2026-02-21T08:18:55.000Z,52,52,50,0,2,0.9615384615384616,104.34646990740741
L175:T2:I762,175,T2,2026-03-03T17:28:45.000Z,52,52,49,0,3,0.9423076923076923,114.72829861111111
L175:T2:I763,175,T2,2026-03-05T13:19:20.000Z,52,52,49,0,3,0.9423076923076923,116.55509259259259
L175:T2:I760,175,T2,2026-03-11T08:45:00.000Z,53,53,50,0,3,0.9433962264150944,122.36458333333333
L176:T0,176,T0,2025-11-12T00:00:00.000Z,38,38,37,0,1,0.9736842105263158,215
L176:T1:I764,176,T1,2025-11-19T11:15:02.000Z,39,39,38,0,1,0.9743589743589743,222.46877314814816
L177:T0,177,T0,2026-04-18T00:00:00.000Z,25,25,23,0,2,0.92,137
L177:T1:I766,177,T1,2026-04-23T11:11:46.000Z,26,26,24,0,2,0.9230769230769231,142.46650462962964
L177:T2:I768,177,T2,2026-04-23T14:23:02.000Z,26,26,24,0,2,0.9230769230769231,142.5993287037037
L177:T2:I769,177,T2,2026-04-26T10:42:52.000Z,26,26,24,0,2,0.9230769230769231,145.44643518518518
L177:T2:I767,177,T2,2026-04-27T19:01:46.000Z,26,26,24,0,2,0.9230769230769231,146.79289351851853
L177:T2:I765,177,T2,2026-04-29T08:56:28.000Z,26,26,24,0,2,0.9230769230769231,148.3725462962963
L178:T0,178,T0,2026-04-22T00:00:00.000Z,87,87,83,0,4,0.9540229885057471,119
L178:T1:I770,178,T1,2026-04-22T19:02:16.000Z,88,88,84,0,4,0.9545454545454546,119.79324074074074
L178:T2:I771,178,T2,2026-04-26T11:20:08.000Z,89,89,86,0,3,0.9662921348314607,123.47231481481481
L179:T0,179,T0,2025-12-28T00:00:00.000Z,41,41,39,0,2,0.9512195121951219,179
L179:T1:I774,179,T1,2025-12-31T17:16:12.000Z,42,42,40,0,2,0.9523809523809523,182.71958333333333
L179:T2:I772,179,T2,2026-01-09T09:44:45.000Z,43,43,41,0,2,0.9534883720930233,173.4060763888889
L179:T2:I773,179,T2,2026-02-26T14:41:00.000Z,46,46,43,0,3,0.9347826086956522,118.61180555555555
L180:T0,180,T0,2025-07-15T00:00:00.000Z,30,26,23,4,3,0.7666666666666667,115
L180:T1:I778,180,T1,2025-07-18T19:13:32.000Z,31,28,25,3,3,0.8064516129032258,118.80106481481481
L180:T2:I780,180,T2,2025-07-20T11:30:11.000Z,31,28,25,3,3,0.8064516129032258,120.47929398148148
L180:T2:I775,180,T2,2025-07-24T14:58:20.000Z,32,29,26,3,3,0.8125,124.6238425925926
L180:T2:I779,180,T2,2025-07-30T10:54:00.000Z,32,29,27,3,2,0.84375,130.45416666666668
L180:T2:I776,180,T2,2025-12-24T20:58:00.000Z,43,43,39,0,4,0.9069767441860465,157.8736111111111
L180:T2:I781,180,T2,2025-12-30T08:29:00.000Z,44,44,41,0,3,0.9318181818181818,143.35347222222222
L180:T2:I777,180,T2,2026-02-16T18:30:00.000Z,46,46,43,0,3,0.9347826086956522,154.77083333333334
L181:T0,181,T0,2025-12-18T00:00:00.000Z,56,56,51,0,5,0.9107142857142857,244
L181:T1:I782,181,T1,2025-12-19T08:24:30.000Z,57,57,52,0,5,0.9122807017543859,245.3503472222222
L182:T0,182,T0,2026-06-22T00:00:00.000Z,58,58,57,0,1,0.9827586206896551,96
L182:T1:I787,182,T1,2026-06-22T16:15:07.000Z,59,59,57,0,2,0.9661016949152542,96.67716435185186
L182:T2:I784,182,T2,2026-06-26T07:05:23.000Z,59,59,57,0,2,0.9661016949152542,100.29540509259259
L182:T2:I788,182,T2,2026-06-28T10:32:19.000Z,59,59,57,0,2,0.9661016949152542,102.4391087962963
L182:T2:I785,182,T2,2026-06-30T14:10:34.000Z,59,59,59,0,0,1,85.59067129629629
L182:T2:I783,182,T2,2026-06-30T19:00:17.000Z,59,59,59,0,0,1,85.79186342592592
L182:T2:I786,182,T2,2026-07-01T13:55:54.000Z,59,59,59,0,0,1,89.58048611111111
L183:T0,183,T0,2026-05-04T00:00:00.000Z,46,46,44,0,2,0.9565217391304348,168
L183:T1:I790,183,T1,2026-05-13T18:11:41.000Z,47,47,45,0,2,0.9574468085106383,177.75811342592593
L183:T2:I789,183,T2,2026-05-14T11:20:29.000Z,47,47,45,0,2,0.9574468085106383,178.47255787037037
L183:T2:I791,183,T2,2026-05-15T19:54:06.000Z,46,46,44,0,2,0.9565217391304348,179.8292361111111
L184:T0,184,T0,2026-04-22T00:00:00.000Z,43,43,42,0,1,0.9767441860465116,122
L184:T1:I792,184,T1,2026-05-01T10:38:01.000Z,43,43,41,0,2,0.9534883720930233,131.44306712962964
L184:T2:I793,184,T2,2026-05-04T17:28:29.000Z,44,44,43,0,1,0.9772727272727273,134.72811342592593
L185:T0,185,T0,2025-10-18T00:00:00.000Z,33,33,27,0,6,0.8181818181818182,158
L185:T1:I797,185,T1,2025-10-18T08:57:47.000Z,34,34,28,0,6,0.8235294117647058,158.37346064814815
L185:T2:I794,185,T2,2025-10-22T08:40:26.000Z,34,34,28,0,6,0.8235294117647058,162.36141203703704
L185:T2:I796,185,T2,2025-10-24T19:03:43.000Z,34,34,28,0,6,0.8235294117647058,164.79424768518518
L185:T2:I795,185,T2,2026-02-28T12:53:00.000Z,39,39,36,0,3,0.9230769230769231,181.53680555555556
L185:T2:I798,185,T2,2026-04-18T14:55:00.000Z,39,39,37,0,2,0.9487179487179487,105.62152777777777
L186:T0,186,T0,2026-06-09T00:00:00.000Z,99,99,94,0,5,0.9494949494949495,150
L186:T1:I804,186,T1,2026-06-09T11:45:01.000Z,100,100,95,0,5,0.95,150.4895949074074
L186:T2:I805,186,T2,2026-06-10T17:48:46.000Z,100,100,94,0,6,0.94,151.74219907407408
L186:T2:I802,186,T2,2026-06-12T13:15:12.000Z,101,101,95,0,6,0.9405940594059405,153.5522222222222
L186:T2:I806,186,T2,2026-06-12T17:54:43.000Z,101,101,95,0,6,0.9405940594059405,153.74633101851853
L186:T2:I800,186,T2,2026-06-15T16:56:02.000Z,101,101,97,0,4,0.9603960396039604,156.7055787037037
L186:T2:I801,186,T2,2026-06-15T19:56:37.000Z,101,101,97,0,4,0.9603960396039604,156.8309837962963
L186:T2:I803,186,T2,2026-06-16T17:32:32.000Z,101,101,97,0,4,0.9603960396039604,157.73092592592593
L186:T2:I799,186,T2,2026-06-22T08:19:00.000Z,103,103,98,0,5,0.9514563106796117,163.34652777777777
L187:T0,187,T0,2025-07-17T00:00:00.000Z,65,56,49,9,7,0.7538461538461538,166
L187:T1:I809,187,T1,2025-09-16T18:15:00.000Z,77,74,68,3,6,0.8831168831168831,227.76041666666666
L187:T2:I810,187,T2,2026-02-04T18:24:00.000Z,102,101,92,1,9,0.9019607843137255,153.76666666666668
L187:T2:I807,187,T2,2026-02-17T09:08:00.000Z,104,103,97,1,6,0.9326923076923077,158.38055555555556
L187:T2:I808,187,T2,2026-04-18T13:16:00.000Z,110,110,107,0,3,0.9727272727272728,144.55277777777778
L188:T0,188,T0,2026-02-08T00:00:00.000Z,57,57,55,0,2,0.9649122807017544,104
L188:T1:I816,188,T1,2026-02-11T19:47:17.000Z,57,57,55,0,2,0.9649122807017544,107.82450231481481
L188:T2:I814,188,T2,2026-02-14T07:10:49.000Z,58,58,56,0,2,0.9655172413793104,110.29917824074074
L188:T2:I817,188,T2,2026-02-16T11:52:13.000Z,57,57,55,0,2,0.9649122807017544,112.4945949074074
L188:T2:I811,188,T2,2026-02-17T10:13:38.000Z,58,58,56,0,2,0.9655172413793104,113.42613425925926
L188:T2:I812,188,T2,2026-02-20T10:59:27.000Z,58,58,56,0,2,0.9655172413793104,116.45795138888889
L188:T2:I815,188,T2,2026-05-02T10:39:00.000Z,63,63,60,0,3,0.9523809523809523,187.44375
L188:T2:I813,188,T2,2026-06-11T07:23:00.000Z,64,64,63,0,1,0.984375,106.30763888888889
L189:T0,189,T0,2025-04-14T00:00:00.000Z,4,1,1,3,0,0.25,24
L189:T1:I818,189,T1,2025-04-24T16:09:11.000Z,5,1,1,4,0,0.2,34.673043981481484
L189:T2:I819,189,T2,2026-01-25T17:18:00.000Z,14,14,14,0,0,1,70.72083333333333
L190:T0,190,T0,2025-06-10T00:00:00.000Z,19,16,13,3,3,0.6842105263157895,115
L190:T1:I824,190,T1,2025-06-12T13:15:00.000Z,20,17,14,3,3,0.7,117.55208333333333
L190:T2:I821,190,T2,2025-06-15T08:04:35.000Z,20,18,15,2,3,0.75,120.33651620370371
L190:T2:I822,190,T2,2025-06-20T14:07:22.000Z,20,18,15,2,3,0.75,125.58844907407408
L190:T2:I823,190,T2,2025-06-21T20:43:52.000Z,20,18,14,2,4,0.7,126.8637962962963
L190:T2:I820,190,T2,2025-06-22T20:52:00.000Z,20,18,14,2,4,0.7,127.86944444444444
L190:T2:I825,190,T2,2026-05-09T20:26:00.000Z,40,40,39,0,1,0.975,125.85138888888889
L191:T0,191,T0,2025-03-15T00:00:00.000Z,15,6,6,9,0,0.4,32
L191:T1:I829,191,T1,2025-04-20T20:49:00.000Z,17,13,13,4,0,0.7647058823529411,68.86736111111111
L191:T2:I831,191,T2,2025-08-26T20:41:00.000Z,20,17,13,3,4,0.65,143.86180555555555
L191:T2:I832,191,T2,2025-09-02T09:57:00.000Z,21,19,16,2,3,0.7619047619047619,143.41458333333333
L191:T2:I826,191,T2,2026-01-08T07:54:00.000Z,29,29,29,0,0,1,59.329166666666666
L191:T2:I830,191,T2,2026-01-20T15:39:00.000Z,30,30,30,0,0,1,71.65208333333334
L191:T2:I828,191,T2,2026-05-10T13:55:00.000Z,37,37,36,0,1,0.972972972972973,96.57986111111111
L191:T2:I827,191,T2,2026-06-04T13:24:00.000Z,39,39,36,0,3,0.9230769230769231,106.55833333333334
L192:T0,192,T0,2025-07-22T00:00:00.000Z,54,52,48,2,4,0.8888888888888888,178
L192:T1:I834,192,T1,2025-07-27T11:07:28.000Z,55,52,48,3,4,0.8727272727272727,183.46351851851853
L192:T2:I833,192,T2,2025-08-24T11:44:00.000Z,57,55,50,2,5,0.8771929824561403,211.48888888888888
L192:T2:I835,192,T2,2025-08-30T12:26:00.000Z,60,59,53,1,6,0.8833333333333333,217.51805555555555
L193:T0,193,T0,2025-07-23T00:00:00.000Z,15,14,11,1,3,0.7333333333333333,153
L193:T1:I837,193,T1,2025-07-31T16:56:11.000Z,16,15,12,1,3,0.75,187.70568287037037
L193:T2:I836,193,T2,2025-08-05T16:00:32.000Z,16,15,13,1,2,0.8125,127.66703703703703
L193:T2:I838,193,T2,2026-05-03T10:01:00.000Z,27,27,26,0,1,0.9629629629629629,98.4173611111111
L194:T0,194,T0,2025-05-17T00:00:00.000Z,11,11,10,0,1,0.9090909090909091,112
L194:T1:I841,194,T1,2025-05-20T12:19:15.000Z,12,12,10,0,2,0.8333333333333334,115.51336805555556
L194:T2:I840,194,T2,2025-05-23T13:08:51.000Z,11,11,9,0,2,0.8181818181818182,118.5478125
L194:T2:I842,194,T2,2025-05-27T18:51:40.000Z,12,12,9,0,3,0.75,122.78587962962963
L194:T2:I839,194,T2,2025-07-05T15:48:00.000Z,12,12,11,0,1,0.9166666666666666,161.65833333333333
L195:T0,195,T0,2025-01-16T00:00:00.000Z,19,1,1,18,0,0.05263157894736842,9
L195:T1:I847,195,T1,2025-01-17T18:22:38.000Z,20,1,1,19,0,0.05,10.765717592592592
L195:T2:I849,195,T2,2025-01-18T13:21:13.000Z,21,1,1,20,0,0.047619047619047616,11.556400462962962
L195:T2:I844,195,T2,2025-04-18T16:35:00.000Z,28,9,9,19,0,0.32142857142857145,55.69097222222222
L195:T2:I845,195,T2,2025-05-11T13:28:00.000Z,30,12,12,18,0,0.4,69.56111111111112
L195:T2:I843,195,T2,2026-02-10T18:11:00.000Z,45,45,43,0,2,0.9555555555555556,154.7576388888889
L195:T2:I848,195,T2,2026-02-15T13:04:00.000Z,45,45,43,0,2,0.9555555555555556,159.54444444444445
L195:T2:I846,195,T2,2026-06-09T20:45:00.000Z,54,54,51,0,3,0.9444444444444444,138.86458333333334
L196:T0,196,T0,2025-07-15T00:00:00.000Z,10,10,9,0,1,0.9,118
L196:T1:I850,196,T1,2025-07-19T15:00:29.000Z,11,11,9,0,2,0.8181818181818182,143.62533564814814
L196:T2:I852,196,T2,2025-07-27T09:48:30.000Z,11,10,9,1,1,0.8181818181818182,130.40868055555555
L196:T2:I851,196,T2,2026-06-04T11:51:00.000Z,21,21,19,0,2,0.9047619047619048,156.49375
L197:T0,197,T0,2025-12-15T00:00:00.000Z,10,10,9,0,1,0.9,112
L197:T1:I853,197,T1,2025-12-18T19:55:06.000Z,11,11,10,0,1,0.9090909090909091,115.82993055555555
L197:T2:I854,197,T2,2025-12-21T15:15:50.000Z,11,11,10,0,1,0.9090909090909091,118.63599537037037
L197:T2:I857,197,T2,2025-12-21T20:14:11.000Z,11,11,10,0,1,0.9090909090909091,118.84318287037037
L197:T2:I855,197,T2,2025-12-22T13:47:28.000Z,11,11,10,0,1,0.9090909090909091,119.57462962962963
L197:T2:I856,197,T2,2025-12-27T16:58:36.000Z,11,11,10,0,1,0.9090909090909091,124.70736111111111
L198:T0,198,T0,2026-04-12T00:00:00.000Z,33,33,32,0,1,0.9696969696969697,116
L198:T1:I859,198,T1,2026-04-12T20:21:35.000Z,34,34,32,0,2,0.9411764705882353,116.84832175925926
L198:T2:I863,198,T2,2026-04-13T13:08:11.000Z,34,34,33,0,1,0.9705882352941176,117.54734953703704
L198:T2:I860,198,T2,2026-04-19T18:08:32.000Z,35,35,35,0,0,1,75.75592592592592
L198:T2:I858,198,T2,2026-04-20T13:10:17.000Z,34,34,34,0,0,1,76.54880787037037
L198:T2:I861,198,T2,2026-04-24T20:25:48.000Z,36,36,36,0,0,1,89.85125
L198:T2:I862,198,T2,2026-06-29T10:07:00.000Z,39,39,36,0,3,0.9230769230769231,131.42152777777778
L199:T0,199,T0,2026-04-23T00:00:00.000Z,56,56,52,0,4,0.9285714285714286,165
L199:T1:I864,199,T1,2026-04-27T13:45:24.000Z,56,56,53,0,3,0.9464285714285714,169.57319444444445
L200:T0,200,T0,2025-07-24T00:00:00.000Z,35,27,25,8,2,0.7142857142857143,137
L200:T1:I866,200,T1,2025-07-31T18:29:14.000Z,36,28,26,8,2,0.7222222222222222,130.77030092592594
L200:T2:I867,200,T2,2025-08-02T08:51:59.000Z,36,28,26,8,2,0.7222222222222222,132.36943287037036
L200:T2:I865,200,T2,2025-10-14T10:38:00.000Z,41,41,39,0,2,0.9512195121951219,104.44305555555556
L201:T0,201,T0,2025-12-17T00:00:00.000Z,25,25,23,0,2,0.92,138
L201:T1:I868,201,T1,2025-12-25T16:36:34.000Z,28,28,28,0,0,1,56.692060185185184
L201:T2:I870,201,T2,2025-12-26T20:05:11.000Z,28,28,28,0,0,1,56.83693287037037
L201:T2:I871,201,T2,2026-02-19T09:03:00.000Z,32,32,31,0,1,0.96875,100.37708333333333
L201:T2:I869,201,T2,2026-04-26T11:52:00.000Z,36,36,36,0,0,1,82.49444444444444
L202:T0,202,T0,2025-02-14T00:00:00.000Z,26,5,5,21,0,0.19230769230769232,37
L202:T1:I877,202,T1,2025-02-19T12:42:27.000Z,28,6,6,22,0,0.21428571428571427,42.52947916666667
L202:T2:I874,202,T2,2025-02-26T07:58:41.000Z,28,7,7,21,0,0.25,49.33241898148148
L202:T2:I875,202,T2,2025-03-13T08:05:00.000Z,28,11,11,17,0,0.39285714285714285,64.33680555555556
L202:T2:I876,202,T2,2025-03-13T19:55:00.000Z,28,12,12,16,0,0.42857142857142855,64.82986111111111
L202:T2:I878,202,T2,2025-07-01T18:13:00.000Z,35,31,24,4,7,0.6857142857142857,157.7590277777778
L202:T2:I873,202,T2,2025-10-30T20:48:00.000Z,51,50,43,1,7,0.8431372549019608,278.8666666666667
L202:T2:I872,202,T2,2026-04-21T20:31:00.000Z,67,67,64,0,3,0.9552238805970149,120.8548611111111
L203:T0,203,T0,2026-06-19T00:00:00.000Z,45,45,45,0,0,1,77
L203:T1:I879,203,T1,2026-06-22T07:13:28.000Z,47,47,47,0,0,1,80.30101851851852
L203:T2:I881,203,T2,2026-06-24T14:13:01.000Z,47,47,47,0,0,1,82.59237268518518
L203:T2:I882,203,T2,2026-06-29T13:42:41.000Z,48,48,48,0,0,1,87.57130787037038
L203:T2:I880,203,T2,2026-07-02T09:36:29.000Z,49,49,48,0,1,0.9795918367346939,90.40033564814814
L204:T0,204,T0,2025-06-13T00:00:00.000Z,40,23,20,17,3,0.5,98
L204:T1:I883,204,T1,2025-10-04T13:22:00.000Z,53,51,48,2,3,0.9056603773584906,149.55694444444444
L205:T0,205,T0,2026-05-20T00:00:00.000Z,58,58,57,0,1,0.9827586206896551,112
L205:T1:I884,205,T1,2026-05-21T11:29:41.000Z,59,59,58,0,1,0.9830508474576272,113.47894675925926
L206:T0,206,T0,2025-09-03T00:00:00.000Z,16,16,14,0,2,0.875,117
L206:T1:I891,206,T1,2025-09-04T15:52:59.000Z,17,17,15,0,2,0.8823529411764706,118.66179398148148
L206:T2:I889,206,T2,2025-09-05T18:51:12.000Z,17,17,15,0,2,0.8823529411764706,119.78555555555556
L206:T2:I892,206,T2,2025-09-07T12:24:57.000Z,17,17,15,0,2,0.8823529411764706,121.51732638888889
L206:T2:I890,206,T2,2025-09-08T11:33:43.000Z,16,16,14,0,2,0.875,122.48174768518518
L206:T2:I887,206,T2,2025-09-09T08:34:21.000Z,17,17,15,0,2,0.8823529411764706,123.3571875
L206:T2:I885,206,T2,2025-10-14T16:29:00.000Z,18,18,17,0,1,0.9444444444444444,140.68680555555557
L206:T2:I886,206,T2,2026-01-23T18:09:00.000Z,21,21,20,0,1,0.9523809523809523,117.75625
L206:T2:I888,206,T2,2026-02-10T12:24:00.000Z,23,23,22,0,1,0.9565217391304348,90.51666666666667
L207:T0,207,T0,2025-11-21T00:00:00.000Z,31,31,28,0,3,0.9032258064516129,140
L207:T1:I893,207,T1,2025-12-03T09:16:31.000Z,33,33,28,0,5,0.8484848484848485,174.38646990740742
L208:T0,208,T0,2025-10-10T00:00:00.000Z,21,21,19,0,2,0.9047619047619048,157
L208:T1:I894,208,T1,2025-10-14T18:07:12.000Z,22,22,20,0,2,0.9090909090909091,161.755
L208:T2:I897,208,T2,2025-10-17T13:15:11.000Z,22,22,20,0,2,0.9090909090909091,164.55221064814816
L208:T2:I895,208,T2,2025-10-20T10:38:12.000Z,23,23,20,0,3,0.8695652173913043,167.44319444444446
L208:T2:I899,208,T2,2025-10-23T15:27:17.000Z,23,22,20,1,2,0.8695652173913043,170.64394675925925
L208:T2:I900,208,T2,2025-12-07T19:06:00.000Z,28,28,27,0,1,0.9642857142857143,174.79583333333332
L208:T2:I898,208,T2,2026-05-03T17:26:00.000Z,35,35,33,0,2,0.9428571428571428,97.72638888888889
L208:T2:I896,208,T2,2026-05-25T17:08:00.000Z,35,35,34,0,1,0.9714285714285714,119.71388888888889
L209:T0,209,T0,2025-03-13T00:00:00.000Z,14,4,4,10,0,0.2857142857142857,48
L209:T1:I903,209,T1,2025-03-13T15:33:01.000Z,15,5,5,10,0,0.3333333333333333,48.64792824074074
L209:T2:I901,209,T2,2025-04-18T10:02:00.000Z,17,12,12,5,0,0.7058823529411765,84.41805555555555
L209:T2:I902,209,T2,2025-09-02T10:56:00.000Z,25,23,21,2,2,0.84,113.45555555555555
L209:T2:I905,209,T2,2025-09-30T10:33:00.000Z,26,26,24,0,2,0.9230769230769231,141.43958333333333
L209:T2:I904,209,T2,2026-01-02T08:02:00.000Z,29,29,28,0,1,0.9655172413793104,91.33472222222223
L210:T0,210,T0,2025-06-14T00:00:00.000Z,10,9,9,1,0,0.9,66
L210:T1:I907,210,T1,2025-06-16T09:05:56.000Z,11,10,10,1,0,0.9090909090909091,68.37912037037037
L210:T2:I909,210,T2,2025-06-19T10:15:23.000Z,11,10,10,1,0,0.9090909090909091,71.42734953703703
L210:T2:I910,210,T2,2025-06-23T14:00:13.000Z,12,10,10,2,0,0.8333333333333334,75.58348379629629
L210:T2:I906,210,T2,2025-06-26T17:37:01.000Z,12,11,11,1,0,0.9166666666666666,70.73403935185185
L210:T2:I908,210,T2,2025-08-06T15:06:00.000Z,14,14,13,0,1,0.9285714285714286,111.62916666666666
L211:T0,211,T0,2025-04-18T00:00:00.000Z,18,11,11,7,0,0.6111111111111112,73
L211:T1:I911,211,T1,2025-04-28T08:18:32.000Z,19,12,12,7,0,0.631578947368421,83.34620370370371
L212:T0,212,T0,2026-01-16T00:00:00.000Z,42,42,42,0,0,1,90
L212:T1:I914,212,T1,2026-01-17T19:14:01.000Z,43,43,42,0,1,0.9767441860465116,91.80140046296296
L212:T2:I913,212,T2,2026-01-18T12:26:13.000Z,42,42,41,0,1,0.9761904761904762,92.51820601851851
L212:T2:I916,212,T2,2026-01-24T19:46:50.000Z,45,45,43,0,2,0.9555555555555556,98.82418981481482
L212:T2:I912,212,T2,2026-01-28T07:57:04.000Z,46,46,43,0,3,0.9347826086956522,97.3312962962963
L212:T2:I915,212,T2,2026-03-03T10:24:00.000Z,49,49,48,0,1,0.9795918367346939,107.43333333333334
L213:T0,213,T0,2025-07-14T00:00:00.000Z,20,20,18,0,2,0.9,138
L213:T1:I920,213,T1,2025-07-16T20:06:44.000Z,21,21,18,0,3,0.8571428571428571,140.83800925925925
L213:T2:I921,213,T2,2026-01-29T14:40:00.000Z,28,28,27,0,1,0.9642857142857143,109.61111111111111
L213:T2:I922,213,T2,2026-03-05T11:37:00.000Z,30,30,27,0,3,0.9,144.48402777777778
L213:T2:I919,213,T2,2026-03-06T16:08:00.000Z,30,30,27,0,3,0.9,145.67222222222222
L213:T2:I917,213,T2,2026-06-03T12:17:00.000Z,35,35,32,0,3,0.9142857142857143,198.51180555555555
L213:T2:I918,213,T2,2026-06-14T14:05:00.000Z,36,36,33,0,3,0.9166666666666666,209.58680555555554
L214:T0,214,T0,2026-04-08T00:00:00.000Z,71,71,70,0,1,0.9859154929577465,104
L214:T1:I924,214,T1,2026-04-20T14:11:40.000Z,73,73,71,0,2,0.9726027397260274,116.59143518518519
L214:T2:I923,214,T2,2026-04-21T11:04:27.000Z,73,73,72,0,1,0.9863013698630136,117.46142361111112
L215:T0,215,T0,2025-04-04T00:00:00.000Z,8,6,6,2,0,0.75,68
L215:T1:I925,215,T1,2026-04-15T18:12:00.000Z,22,22,22,0,0,1,71.75833333333334
L216:T0,216,T0,2025-10-10T00:00:00.000Z,26,26,24,0,2,0.9230769230769231,151
L216:T1:I933,216,T1,2025-10-14T17:23:19.000Z,27,27,23,0,4,0.8518518518518519,158.72452546296296
L216:T2:I927,216,T2,2025-10-16T14:35:03.000Z,27,27,23,0,4,0.8518518518518519,158.60767361111112
L216:T2:I928,216,T2,2025-10-16T15:00:38.000Z,27,27,24,0,3,0.8888888888888888,157.62543981481483
L216:T2:I926,216,T2,2025-10-17T20:32:47.000Z,27,27,25,0,2,0.9259259259259259,158.85609953703704
L216:T2:I929,216,T2,2025-10-19T20:04:35.000Z,27,27,25,0,2,0.9259259259259259,160.8365162037037
L216:T2:I932,216,T2,2025-10-20T16:52:24.000Z,27,27,25,0,2,0.9259259259259259,161.70305555555555
L216:T2:I930,216,T2,2025-10-21T19:34:13.000Z,27,27,25,0,2,0.9259259259259259,162.81542824074074
L216:T2:I931,216,T2,2025-10-22T19:40:43.000Z,26,26,24,0,2,0.9230769230769231,163.81994212962962
L217:T0,217,T0,2025-08-15T00:00:00.000Z,55,50,44,5,6,0.8,188
L217:T1:I934,217,T1,2025-08-17T09:12:36.000Z,56,51,44,5,7,0.7857142857142857,190.38375
L217:T2:I938,217,T2,2025-08-22T11:36:23.000Z,57,52,42,5,10,0.7368421052631579,195.48359953703704
L217:T2:I935,217,T2,2025-08-24T16:55:30.000Z,57,52,41,5,11,0.7192982456140351,197.70520833333333
L217:T2:I939,217,T2,2025-08-25T07:25:38.000Z,57,52,41,5,11,0.7192982456140351,198.3094675925926
L217:T2:I937,217,T2,2025-08-25T15:37:04.000Z,57,52,42,5,10,0.7368421052631579,198.65074074074073
L217:T2:I936,217,T2,2026-01-24T18:08:00.000Z,75,75,68,0,7,0.9066666666666666,260.75555555555553
L218:T0,218,T0,2025-01-29T00:00:00.000Z,19,3,3,16,0,0.15789473684210525,11
L218:T1:I940,218,T1,2025-08-14T10:36:00.000Z,44,41,39,3,2,0.8863636363636364,118.44166666666666
L218:T2:I941,218,T2,2025-12-15T11:23:00.000Z,61,61,55,0,6,0.9016393442622951,138.47430555555556
L218:T2:I942,218,T2,2026-01-10T18:19:00.000Z,66,66,59,0,7,0.8939393939393939,164.76319444444445
L218:T2:I943,218,T2,2026-05-16T13:59:00.000Z,84,84,79,0,5,0.9404761904761905,106.5826388888889
L218:T2:I944,218,T2,2026-06-25T11:14:00.000Z,87,87,85,0,2,0.9770114942528736,141.46805555555557
L219:T0,219,T0,2026-06-28T00:00:00.000Z,92,92,92,0,0,1,86
L219:T1:I946,219,T1,2026-07-01T09:57:06.000Z,93,93,93,0,0,1,89.41465277777777
L219:T2:I949,219,T2,2026-07-03T20:33:04.000Z,93,93,92,0,1,0.989247311827957,91.85629629629629
L219:T2:I945,219,T2,2026-07-04T14:37:29.000Z,93,93,91,0,2,0.978494623655914,92.60936342592592
L219:T2:I948,219,T2,2026-07-05T14:03:51.000Z,93,93,91,0,2,0.978494623655914,93.58600694444445
L219:T2:I947,219,T2,2026-07-06T13:09:14.000Z,93,93,91,0,2,0.978494623655914,94.54807870370371
L220:T0,220,T0,2025-12-07T00:00:00.000Z,73,73,61,0,12,0.8356164383561644,233
L220:T1:I950,220,T1,2025-12-15T18:08:18.000Z,75,75,65,0,10,0.8666666666666667,241.75576388888888
L221:T0,221,T0,2026-06-29T00:00:00.000Z,32,32,31,0,1,0.96875,94
L221:T1:I951,221,T1,2026-07-04T13:17:56.000Z,33,33,32,0,1,0.9696969696969697,99.55412037037037
L221:T2:I952,221,T2,2026-07-09T08:19:36.000Z,33,33,31,0,2,0.9393939393939394,104.34694444444445
L222:T0,222,T0,2025-02-10T00:00:00.000Z,8,0,0,8,0,0,
L222:T1:I960,222,T1,2025-02-11T12:23:26.000Z,8,0,0,8,0,0,
L222:T2:I956,222,T2,2025-02-14T07:50:29.000Z,9,0,0,9,0,0,
L222:T2:I954,222,T2,2025-03-22T19:36:00.000Z,9,3,3,6,0,0.3333333333333333,29.816666666666666
L222:T2:I957,222,T2,2025-11-18T13:51:00.000Z,20,20,20,0,0,1,75.57708333333333
L222:T2:I959,222,T2,2025-12-08T10:39:00.000Z,20,20,19,0,1,0.95,95.44375
L222:T2:I958,222,T2,2026-01-29T15:51:00.000Z,23,23,23,0,0,1,80.66041666666666
L222:T2:I955,222,T2,2026-04-07T08:12:00.000Z,25,25,25,0,0,1,74.34166666666667
L222:T2:I953,222,T2,2026-05-26T18:27:00.000Z,26,26,25,0,1,0.9615384615384616,95.76875
L223:T0,223,T0,2026-02-15T00:00:00.000Z,29,29,28,0,1,0.9655172413793104,122
L223:T1:I961,223,T1,2026-04-13T20:24:00.000Z,34,34,33,0,1,0.9705882352941176,113.85
L224:T0,224,T0,2026-02-28T00:00:00.000Z,36,36,33,0,3,0.9166666666666666,228
L224:T1:I963,224,T1,2026-03-08T20:00:22.000Z,37,37,34,0,3,0.918918918918919,236.83358796296295
L224:T2:I962,224,T2,2026-03-09T10:58:46.000Z,37,37,34,0,3,0.918918918918919,237.45747685185185
L224:T2:I964,224,T2,2026-03-11T15:10:50.000Z,37,37,34,0,3,0.918918918918919,239.63252314814815
L225:T0,225,T0,2025-12-01T00:00:00.000Z,34,34,33,0,1,0.9705882352941176,92
L225:T1:I967,225,T1,2025-12-07T11:53:52.000Z,35,35,34,0,1,0.9714285714285714,92.49574074074074
L225:T2:I965,225,T2,2025-12-13T11:43:00.000Z,35,35,34,0,1,0.9714285714285714,98.48819444444445
L225:T2:I968,225,T2,2025-12-14T11:46:58.000Z,35,35,34,0,1,0.9714285714285714,99.49094907407408
L225:T2:I966,225,T2,2026-05-06T11:37:00.000Z,46,46,46,0,0,1,61.484027777777776
L226:T0,226,T0,2025-03-14T00:00:00.000Z,18,10,10,8,0,0.5555555555555556,56
L226:T1:I969,226,T1,2025-03-14T16:11:44.000Z,19,10,10,9,0,0.5263157894736842,56.674814814814816
L227:T0,227,T0,2026-04-11T00:00:00.000Z,60,60,58,0,2,0.9666666666666667,112
L227:T1:I971,227,T1,2026-04-12T09:11:19.000Z,61,61,59,0,2,0.9672131147540983,113.38285879629629
L227:T2:I970,227,T2,2026-04-20T12:42:03.000Z,62,62,60,0,2,0.967741935483871,107.5292013888889
L228:T0,228,T0,2025-10-10T00:00:00.000Z,17,17,15,0,2,0.8823529411764706,153
L228:T1:I973,228,T1,2025-10-14T17:18:16.000Z,18,18,16,0,2,0.8888888888888888,157.72101851851852
L228:T2:I976,228,T2,2025-10-16T08:52:36.000Z,18,18,16,0,2,0.8888888888888888,159.3698611111111
L228:T2:I974,228,T2,2025-10-20T18:42:05.000Z,18,18,15,0,3,0.8333333333333334,163.77922453703704
L228:T2:I972,228,T2,2025-12-13T19:30:00.000Z,20,20,19,0,1,0.95,92.8125
L228:T2:I975,228,T2,2026-03-11T20:53:00.000Z,29,29,29,0,0,1,65.87013888888889
L229:T0,229,T0,2026-06-10T00:00:00.000Z,76,76,75,0,1,0.9868421052631579,103
L229:T1:I978,229,T1,2026-06-10T10:06:12.000Z,77,77,76,0,1,0.987012987012987,103.42097222222222
L229:T2:I979,229,T2,2026-06-10T10:21:20.000Z,76,76,75,0,1,0.9868421052631579,103.43148148148148
L229:T2:I981,229,T2,2026-06-11T10:22:44.000Z,77,77,75,0,2,0.974025974025974,104.4324537037037
L229:T2:I980,229,T2,2026-06-14T19:32:37.000Z,77,77,77,0,0,1,87.81431712962963
L229:T2:I977,229,T2,2026-06-21T18:45:47.000Z,78,78,77,0,1,0.9871794871794872,94.78179398148148
L230:T0,230,T0,2025-01-28T00:00:00.000Z,27,6,6,21,0,0.2222222222222222,28
L230:T1:I987,230,T1,2025-02-06T08:36:47.000Z,28,7,7,21,0,0.25,37.35887731481481
L230:T2:I985,230,T2,2025-02-06T14:36:24.000Z,28,8,8,20,0,0.2857142857142857,37.60861111111111
L230:T2:I982,230,T2,2025-06-14T19:58:00.000Z,40,38,34,2,4,0.85,137.83194444444445
L230:T2:I986,230,T2,2025-08-21T11:00:00.000Z,46,46,39,0,7,0.8478260869565217,190.45833333333334
L230:T2:I983,230,T2,2025-09-24T13:27:00.000Z,49,49,38,0,11,0.7755102040816326,224.56041666666667
L230:T2:I984,230,T2,2026-04-20T20:21:00.000Z,66,66,62,0,4,0.9393939393939394,142.84791666666666
L231:T0,231,T0,2026-04-09T00:00:00.000Z,19,19,18,0,1,0.9473684210526315,100
L231:T1:I995,231,T1,2026-04-11T16:02:04.000Z,20,20,19,0,1,0.95,102.66810185185186
L231:T2:I990,231,T2,2026-04-11T19:07:38.000Z,20,20,19,0,1,0.95,102.7969675925926
L231:T2:I994,231,T2,2026-04-13T11:01:56.000Z,20,20,19,0,1,0.95,104.45967592592592
L231:T2:I991,231,T2,2026-04-14T16:08:20.000Z,20,20,19,0,1,0.95,105.67245370370371
L231:T2:I989,231,T2,2026-04-16T15:59:03.000Z,20,20,19,0,1,0.95,107.66600694444445
L231:T2:I992,231,T2,2026-04-18T17:25:06.000Z,20,20,19,0,1,0.95,109.72576388888889
L231:T2:I988,231,T2,2026-04-19T17:19:25.000Z,20,20,19,0,1,0.95,110.72181712962963
L231:T2:I993,231,T2,2026-04-21T08:17:46.000Z,20,20,19,0,1,0.95,112.3456712962963
L232:T0,232,T0,2025-06-26T00:00:00.000Z,15,14,13,1,1,0.8666666666666667,99
L232:T1:I997,232,T1,2025-06-27T08:51:03.000Z,16,15,13,1,2,0.8125,100.36878472222222
L232:T2:I996,232,T2,2025-08-20T13:40:00.000Z,19,18,12,1,6,0.631578947368421,154.56944444444446
L233:T0,233,T0,2025-12-22T00:00:00.000Z,70,70,67,0,3,0.9571428571428572,171
L233:T1:I999,233,T1,2025-12-22T16:09:13.000Z,70,70,67,0,3,0.9571428571428572,171.67306712962963
L233:T2:I998,233,T2,2026-05-14T19:04:00.000Z,90,90,88,0,2,0.9777777777777777,231.79444444444445
L234:T0,234,T0,2025-09-11T00:00:00.000Z,40,39,31,1,8,0.775,215
L234:T1:I1002,234,T1,2025-09-12T16:45:15.000Z,42,41,33,1,8,0.7857142857142857,216.69809027777777
L234:T2:I1006,234,T2,2025-09-13T16:54:20.000Z,42,41,33,1,8,0.7857142857142857,217.70439814814816
L234:T2:I1005,234,T2,2025-09-16T17:03:48.000Z,43,42,34,1,8,0.7906976744186046,220.7109722222222
L234:T2:I1003,234,T2,2025-09-17T19:46:00.000Z,43,42,34,1,8,0.7906976744186046,221.82361111111112
L234:T2:I1007,234,T2,2025-09-18T18:00:14.000Z,42,41,32,1,9,0.7619047619047619,222.75016203703703
L234:T2:I1001,234,T2,2025-09-19T08:40:25.000Z,43,42,32,1,10,0.7441860465116279,223.36140046296296
L234:T2:I1004,234,T2,2026-04-28T18:53:00.000Z,56,56,53,0,3,0.9464285714285714,155.78680555555556
L234:T2:I1000,234,T2,2026-06-24T17:04:00.000Z,61,61,59,0,2,0.9672131147540983,145.7111111111111
L235:T0,235,T0,2025-09-23T00:00:00.000Z,24,24,21,0,3,0.875,184
L235:T1:I1009,235,T1,2025-09-23T12:35:33.000Z,24,24,21,0,3,0.875,184.5246875
L235:T2:I1011,235,T2,2025-09-27T18:39:11.000Z,25,25,21,0,4,0.84,188.77721064814816
L235:T2:I1010,235,T2,2025-09-29T20:53:53.000Z,25,25,21,0,4,0.84,190.8707523148148
L235:T2:I1008,235,T2,2025-09-30T17:33:00.000Z,25,25,21,0,4,0.84,191.73125
L236:T0,236,T0,2025-02-05T00:00:00.000Z,13,2,2,11,0,0.15384615384615385,19
L236:T1:I1016,236,T1,2025-02-10T17:30:30.000Z,14,2,2,12,0,0.14285714285714285,24.72951388888889
L236:T2:I1012,236,T2,2025-02-16T12:18:45.000Z,16,5,5,11,0,0.3125,30.513020833333332
L236:T2:I1013,236,T2,2025-05-25T13:53:00.000Z,22,20,19,2,1,0.8636363636363636,101.57847222222222
L236:T2:I1014,236,T2,2026-03-04T13:42:00.000Z,44,44,43,0,1,0.9772727272727273,95.57083333333334
L236:T2:I1015,236,T2,2026-03-15T19:24:00.000Z,45,45,43,0,2,0.9555555555555556,106.80833333333334
L236:T2:I1017,236,T2,2026-06-11T09:49:00.000Z,52,52,50,0,2,0.9615384615384616,137.40902777777777
L237:T0,237,T0,2025-07-24T00:00:00.000Z,23,17,14,6,3,0.6086956521739131,166
L237:T1:I1019,237,T1,2025-07-25T10:42:13.000Z,24,18,15,6,3,0.625,167.4459837962963
L237:T2:I1024,237,T2,2025-07-26T11:46:50.000Z,24,18,15,6,3,0.625,168.49085648148147
L237:T2:I1018,237,T2,2025-07-27T08:14:54.000Z,24,18,14,6,4,0.5833333333333334,169.34368055555555
L237:T2:I1025,237,T2,2025-07-30T07:36:37.000Z,24,19,15,5,4,0.625,172.3170949074074
L237:T2:I1023,237,T2,2025-07-31T15:12:02.000Z,23,18,14,5,4,0.6086956521739131,173.63335648148148
L237:T2:I1022,237,T2,2025-08-02T20:27:25.000Z,24,19,15,5,4,0.625,175.85237268518517
L237:T2:I1021,237,T2,2025-08-03T17:49:00.000Z,24,19,16,5,3,0.6666666666666666,139.7423611111111
L237:T2:I1020,237,T2,2026-02-21T08:14:00.000Z,30,30,30,0,0,1,62.34305555555556
L238:T0,238,T0,2025-01-23T00:00:00.000Z,19,3,3,16,0,0.15789473684210525,11
L238:T1:I1031,238,T1,2025-01-27T09:30:23.000Z,20,4,4,16,0,0.2,15.396099537037037
L238:T2:I1030,238,T2,2025-01-28T09:28:56.000Z,20,5,5,15,0,0.25,16.395092592592594
L238:T2:I1028,238,T2,2025-01-28T18:21:11.000Z,19,4,4,15,0,0.21052631578947367,16.76471064814815
L238:T2:I1029,238,T2,2025-01-30T07:54:02.000Z,20,5,5,15,0,0.25,18.329189814814814
L238:T2:I1027,238,T2,2025-02-05T07:03:07.000Z,21,5,5,16,0,0.23809523809523808,24.293831018518517
L238:T2:I1033,238,T2,2025-02-24T19:30:00.000Z,22,7,7,15,0,0.3181818181818182,43.8125
L238:T2:I1026,238,T2,2025-09-29T11:06:00.000Z,33,31,30,2,1,0.9090909090909091,100.4625
L238:T2:I1032,238,T2,2025-12-13T14:45:00.000Z,37,36,34,1,2,0.918918918918919,154.61458333333334
L239:T0,239,T0,2025-08-28T00:00:00.000Z,29,29,25,0,4,0.8620689655172413,183
L239:T1:I1035,239,T1,2025-09-02T12:00:09.000Z,30,30,27,0,3,0.9,188.50010416666666
L239:T2:I1040,239,T2,2025-10-21T12:10:00.000Z,30,30,27,0,3,0.9,164.50694444444446
L239:T2:I1037,239,T2,2025-11-14T15:33:00.000Z,31,31,29,0,2,0.9354838709677419,133.64791666666667
L239:T2:I1038,239,T2,2026-02-05T09:58:00.000Z,38,38,37,0,1,0.9736842105263158,116.41527777777777
L239:T2:I1039,239,T2,2026-03-10T09:10:00.000Z,41,41,38,0,3,0.926829268292683,149.38194444444446
L239:T2:I1034,239,T2,2026-03-28T13:06:00.000Z,43,43,40,0,3,0.9302325581395349,131.54583333333332
L239:T2:I1036,239,T2,2026-05-19T07:30:00.000Z,47,47,45,0,2,0.9574468085106383,183.3125
L240:T0,240,T0,2026-05-04T00:00:00.000Z,52,52,51,0,1,0.9807692307692307,91
L240:T1:I1048,240,T1,2026-05-04T07:31:18.000Z,52,52,51,0,1,0.9807692307692307,91.31340277777778
L240:T2:I1041,240,T2,2026-05-04T14:18:28.000Z,53,53,52,0,1,0.9811320754716981,91.5961574074074
L240:T2:I1047,240,T2,2026-05-07T20:24:46.000Z,53,53,51,0,2,0.9622641509433962,94.85053240740741
L240:T2:I1044,240,T2,2026-05-09T08:07:58.000Z,53,53,51,0,2,0.9622641509433962,96.33886574074074
L240:T2:I1045,240,T2,2026-05-10T14:58:52.000Z,54,54,52,0,2,0.9629629629629629,97.62421296296296
L240:T2:I1043,240,T2,2026-05-10T20:36:31.000Z,54,54,52,0,2,0.9629629629629629,97.85869212962963
L240:T2:I1042,240,T2,2026-05-16T16:50:31.000Z,55,55,52,0,3,0.9454545454545454,103.70174768518518
L240:T2:I1046,240,T2,2026-05-16T19:23:03.000Z,55,55,52,0,3,0.9454545454545454,103.80767361111111
L241:T0,241,T0,2025-03-29T00:00:00.000Z,48,29,29,19,0,0.6041666666666666,84
L241:T1:I1049,241,T1,2025-04-07T14:07:02.000Z,51,33,32,18,1,0.6274509803921569,93.5882175925926
L241:T2:I1052,241,T2,2025-06-30T07:31:00.000Z,67,60,51,7,9,0.7611940298507462,177.31319444444443
L241:T2:I1050,241,T2,2025-10-09T07:54:00.000Z,82,80,76,2,4,0.926829268292683,123.32916666666667
L241:T2:I1051,241,T2,2026-03-22T15:09:00.000Z,116,116,112,0,4,0.9655172413793104,104.63125
L241:T2:I1053,241,T2,2026-05-18T11:06:00.000Z,131,131,126,0,5,0.9618320610687023,108.4625
L242:T0,242,T0,2025-01-31T00:00:00.000Z,31,7,7,24,0,0.22580645161290322,27
L242:T1:I1054,242,T1,2025-02-07T19:38:32.000Z,33,9,9,24,0,0.2727272727272727,34.81842592592593
L242:T2:I1056,242,T2,2025-05-15T12:04:00.000Z,47,38,33,9,5,0.7021276595744681,131.50277777777777
L242:T2:I1055,242,T2,2025-12-02T11:12:00.000Z,69,69,62,0,7,0.8985507246376812,177.46666666666667
L243:T0,243,T0,2025-05-23T00:00:00.000Z,35,24,24,11,0,0.6857142857142857,89
L243:T1:I1058,243,T1,2025-05-27T16:33:51.000Z,36,25,23,11,2,0.6388888888888888,112.6901736111111
L243:T2:I1057,243,T2,2025-05-31T19:21:48.000Z,35,24,23,11,1,0.6571428571428571,93.80680555555556
L243:T2:I1059,243,T2,2026-01-29T15:12:00.000Z,58,58,55,0,3,0.9482758620689655,101.63333333333334
L244:T0,244,T0,2025-07-10T00:00:00.000Z,11,9,9,2,0,0.8181818181818182,58
L244:T1:I1063,244,T1,2025-07-10T19:31:50.000Z,12,10,9,2,1,0.75,95.81377314814814
L244:T2:I1061,244,T2,2025-07-11T16:28:38.000Z,12,10,10,2,0,0.8333333333333334,59.68655092592593
L244:T2:I1062,244,T2,2025-07-19T11:50:15.000Z,12,10,10,2,0,0.8333333333333334,67.49322916666667
L244:T2:I1060,244,T2,2025-07-23T18:37:31.000Z,11,10,10,1,0,0.9090909090909091,71.77605324074074
L245:T0,245,T0,2026-02-22T00:00:00.000Z,11,11,10,0,1,0.9090909090909091,124
L245:T1:I1064,245,T1,2026-03-02T07:50:33.000Z,12,12,11,0,1,0.9166666666666666,132.32677083333334
L246:T0,246,T0,2025-03-13T00:00:00.000Z,14,4,4,10,0,0.2857142857142857,35
L246:T1:I1070,246,T1,2025-03-14T16:38:04.000Z,15,5,5,10,0,0.3333333333333333,39.69310185185185
L246:T2:I1072,246,T2,2025-03-15T17:12:08.000Z,15,5,5,10,0,0.3333333333333333,37.71675925925926
L246:T2:I1071,246,T2,2025-06-11T20:18:00.000Z,28,24,22,4,2,0.7857142857142857,119.84583333333333
L246:T2:I1069,246,T2,2025-07-24T09:49:00.000Z,29,28,27,1,1,0.9310344827586207,120.40902777777778
L246:T2:I1065,246,T2,2025-09-14T17:01:00.000Z,33,33,29,0,4,0.8787878787878788,124.70902777777778
L246:T2:I1068,246,T2,2025-12-05T11:31:00.000Z,35,35,29,0,6,0.8285714285714286,206.47986111111112
L246:T2:I1066,246,T2,2026-03-28T12:46:00.000Z,39,39,39,0,0,1,84.53194444444445
L246:T2:I1067,246,T2,2026-06-13T09:58:00.000Z,44,44,43,0,1,0.9772727272727273,108.41527777777777
L247:T0,247,T0,2025-12-16T00:00:00.000Z,41,41,38,0,3,0.926829268292683,149
L247:T1:I1076,247,T1,2025-12-16T15:29:53.000Z,42,42,39,0,3,0.9285714285714286,149.6457523148148
L247:T2:I1075,247,T2,2025-12-20T11:16:00.000Z,42,42,38,0,4,0.9047619047619048,153.46944444444443
L247:T2:I1073,247,T2,2025-12-29T19:41:52.000Z,43,43,37,0,6,0.8604651162790697,162.82074074074075
L247:T2:I1074,247,T2,2026-05-12T07:20:00.000Z,51,51,50,0,1,0.9803921568627451,138.30555555555554
L247:T2:I1077,247,T2,2026-06-18T15:56:00.000Z,55,55,53,0,2,0.9636363636363636,175.6638888888889
L248:T0,248,T0,2025-03-21T00:00:00.000Z,20,12,12,8,0,0.6,54
L248:T1:I1078,248,T1,2025-03-27T20:10:20.000Z,24,14,14,10,0,0.5833333333333334,60.84050925925926
L249:T0,249,T0,2025-06-22T00:00:00.000Z,31,29,26,2,3,0.8387096774193549,138
L249:T1:I1081,249,T1,2025-06-22T13:21:13.000Z,32,30,26,2,4,0.8125,138.55640046296296
L249:T2:I1080,249,T2,2025-06-25T13:48:00.000Z,32,30,27,2,3,0.84375,141.575
L249:T2:I1079,249,T2,2025-06-29T07:25:19.000Z,33,32,31,1,1,0.9393939393939394,144.3092476851852
L250:T0,250,T0,2025-07-24T00:00:00.000Z,42,41,36,1,5,0.8571428571428571,153
L250:T1:I1082,250,T1,2025-09-23T14:28:00.000Z,45,43,34,2,9,0.7555555555555555,214.6027777777778
L251:T0,251,T0,2025-10-08T00:00:00.000Z,15,15,13,0,2,0.8666666666666667,113
L251:T1:I1085,251,T1,2025-10-09T17:37:40.000Z,16,16,14,0,2,0.875,114.73449074074074
L251:T2:I1084,251,T2,2025-10-10T20:07:12.000Z,16,16,14,0,2,0.875,115.83833333333334
L251:T2:I1086,251,T2,2025-10-11T14:07:40.000Z,16,16,14,0,2,0.875,116.58865740740741
L251:T2:I1083,251,T2,2026-06-16T07:47:00.000Z,25,25,25,0,0,1,69.32430555555555
L252:T0,252,T0,2025-04-01T00:00:00.000Z,31,14,14,17,0,0.45161290322580644,70
L252:T1:I1089,252,T1,2025-04-01T15:25:22.000Z,31,14,14,17,0,0.45161290322580644,70.64261574074074
L252:T2:I1090,252,T2,2025-04-03T13:57:32.000Z,31,14,14,17,0,0.45161290322580644,72.58162037037037
L252:T2:I1087,252,T2,2025-04-08T14:10:50.000Z,36,19,19,17,0,0.5277777777777778,77.59085648148148
L252:T2:I1088,252,T2,2026-04-09T12:41:00.000Z,96,96,90,0,6,0.9375,151.52847222222223
L253:T0,253,T0,2025-07-23T00:00:00.000Z,28,27,26,1,1,0.9285714285714286,119
L253:T1:I1091,253,T1,2025-07-27T07:45:22.000Z,30,30,28,0,2,0.9333333333333333,123.3231712962963
L253:T2:I1092,253,T2,2025-08-01T20:11:34.000Z,29,29,27,0,2,0.9310344827586207,128.84136574074074
L254:T0,254,T0,2025-06-21T00:00:00.000Z,11,6,6,5,0,0.5454545454545454,51
L254:T1:I1094,254,T1,2025-06-24T10:08:01.000Z,12,8,8,4,0,0.6666666666666666,54.4222337962963
L254:T2:I1093,254,T2,2026-01-17T11:38:00.000Z,20,20,18,0,2,0.9,183.48472222222222
L255:T0,255,T0,2025-05-11T00:00:00.000Z,50,33,29,17,4,0.58,104
L255:T1:I1098,255,T1,2025-05-21T17:05:22.000Z,52,36,31,16,5,0.5961538461538461,109.71206018518518
L255:T2:I1096,255,T2,2025-09-11T11:12:00.000Z,75,73,66,2,7,0.88,222.46666666666667
L255:T2:I1095,255,T2,2026-01-25T15:19:00.000Z,102,101,92,1,9,0.9019607843137255,143.63819444444445
L255:T2:I1099,255,T2,2026-02-18T20:15:00.000Z,104,103,97,1,6,0.9326923076923077,159.84375
L255:T2:I1097,255,T2,2026-04-03T11:13:00.000Z,107,107,101,0,6,0.9439252336448598,129.4673611111111
L256:T0,256,T0,2025-11-05T00:00:00.000Z,17,17,16,0,1,0.9411764705882353,95
L256:T1:I1101,256,T1,2025-11-11T20:36:14.000Z,18,18,18,0,0,1,65.85849537037036
L256:T2:I1100,256,T2,2025-11-12T15:49:09.000Z,18,18,18,0,0,1,66.65913194444444
L256:T2:I1102,256,T2,2026-02-27T17:40:00.000Z,28,28,28,0,0,1,70.73611111111111
L257:T0,257,T0,2025-02-28T00:00:00.000Z,5,1,1,4,0,0.2,35
L257:T1:I1104,257,T1,2025-03-03T11:24:31.000Z,6,1,1,5,0,0.16666666666666666,38.4753587962963
L257:T2:I1106,257,T2,2025-03-11T13:48:18.000Z,6,2,2,4,0,0.3333333333333333,46.575208333333336
L257:T2:I1105,257,T2,2025-09-28T11:12:00.000Z,12,12,9,0,3,0.75,126.46666666666667
L257:T2:I1108,257,T2,2026-02-27T19:49:00.000Z,17,17,17,0,0,1,59.825694444444444
L257:T2:I1103,257,T2,2026-04-01T11:53:00.000Z,17,17,16,0,1,0.9411764705882353,92.49513888888889
L257:T2:I1107,257,T2,2026-04-04T14:21:00.000Z,17,17,16,0,1,0.9411764705882353,95.59791666666666
L258:T0,258,T0,2026-06-23T00:00:00.000Z,118,118,116,0,2,0.9830508474576272,101
L258:T1:I1109,258,T1,2026-06-26T18:49:58.000Z,119,119,117,0,2,0.9831932773109243,104.78469907407407
L259:T0,259,T0,2025-10-17T00:00:00.000Z,47,46,38,1,8,0.8085106382978723,238
L259:T1:I1110,259,T1,2025-10-17T17:32:58.000Z,48,47,39,1,8,0.8125,238.73122685185186
L259:T2:I1112,259,T2,2025-10-17T17:41:12.000Z,48,47,39,1,8,0.8125,238.73694444444445
L259:T2:I1113,259,T2,2025-10-21T10:01:26.000Z,48,47,39,1,8,0.8125,242.41766203703705
L259:T2:I1115,259,T2,2025-12-01T11:15:00.000Z,50,50,43,0,7,0.86,283.46875
L259:T2:I1111,259,T2,2026-03-16T13:23:00.000Z,63,63,62,0,1,0.9841269841269841,118.55763888888889
L259:T2:I1114,259,T2,2026-04-13T11:39:00.000Z,65,65,64,0,1,0.9846153846153847,101.48541666666667
L260:T0,260,T0,2026-04-29T00:00:00.000Z,51,51,51,0,0,1,85
L260:T1:I1119,260,T1,2026-04-29T13:23:42.000Z,52,52,52,0,0,1,85.558125
L260:T2:I1118,260,T2,2026-05-07T13:58:12.000Z,53,53,52,0,1,0.9811320754716981,93.58208333333333
L260:T2:I1117,260,T2,2026-05-12T20:33:00.000Z,54,54,53,0,1,0.9814814814814815,98.85625
L260:T2:I1116,260,T2,2026-05-18T10:40:00.000Z,54,54,53,0,1,0.9814814814814815,104.44444444444444
L261:T0,261,T0,2025-12-10T00:00:00.000Z,47,47,44,0,3,0.9361702127659575,173
L261:T1:I1122,261,T1,2025-12-12T10:05:53.000Z,48,48,44,0,4,0.9166666666666666,175.42075231481482
L261:T2:I1123,261,T2,2025-12-20T17:18:03.000Z,49,49,46,0,3,0.9387755102040817,183.72086805555554
L261:T2:I1120,261,T2,2026-02-13T14:29:00.000Z,54,54,52,0,2,0.9629629629629629,113.60347222222222
L261:T2:I1121,261,T2,2026-06-09T08:11:00.000Z,66,66,65,0,1,0.9848484848484849,108.34097222222222
L262:T0,262,T0,2026-01-20T00:00:00.000Z,32,32,27,0,5,0.84375,218
L262:T1:I1124,262,T1,2026-01-21T08:48:38.000Z,33,33,29,0,4,0.8787878787878788,219.36710648148147
L262:T2:I1125,262,T2,2026-02-02T20:46:39.000Z,34,34,30,0,4,0.8823529411764706,231.86572916666665
L263:T0,263,T0,2025-01-01T00:00:00.000Z,13,0,0,13,0,0,
L263:T1:I1126,263,T1,2025-09-25T08:53:00.000Z,27,26,22,1,4,0.8148148148148148,170.3701388888889
L263:T2:I1127,263,T2,2026-01-16T19:42:00.000Z,30,30,29,0,1,0.9666666666666667,95.82083333333334
L264:T0,264,T0,2026-04-22T00:00:00.000Z,94,94,92,0,2,0.9787234042553191,127
L264:T1:I1130,264,T1,2026-04-22T15:12:11.000Z,95,95,93,0,2,0.9789473684210527,127.63346064814814
L264:T2:I1131,264,T2,2026-04-24T18:52:59.000Z,96,96,94,0,2,0.9791666666666666,129.78679398148148
L264:T2:I1129,264,T2,2026-04-26T19:41:48.000Z,96,96,94,0,2,0.9791666666666666,131.82069444444446
L264:T2:I1132,264,T2,2026-05-01T12:27:50.000Z,95,95,92,0,3,0.968421052631579,136.5193287037037
L264:T2:I1128,264,T2,2026-05-01T15:40:54.000Z,96,96,93,0,3,0.96875,136.65340277777779
L264:T2:I1133,264,T2,2026-05-04T18:01:30.000Z,96,96,93,0,3,0.96875,139.75104166666668
L265:T0,265,T0,2025-01-21T00:00:00.000Z,12,0,0,12,0,0,
L265:T1:I1137,265,T1,2025-01-29T12:36:49.000Z,13,1,1,12,0,0.07692307692307693,5.525567129629629
L265:T2:I1134,265,T2,2025-02-26T09:28:00.000Z,17,1,1,16,0,0.058823529411764705,33.394444444444446
L265:T2:I1135,265,T2,2025-06-14T14:29:00.000Z,26,24,21,2,3,0.8076923076923077,102.60347222222222
L265:T2:I1136,265,T2,2026-05-15T14:08:00.000Z,55,55,54,0,1,0.9818181818181818,119.58888888888889
L265:T2:I1138,265,T2,2026-06-07T17:55:00.000Z,57,57,56,0,1,0.9824561403508771,142.74652777777777
L266:T0,266,T0,2025-04-30T00:00:00.000Z,58,37,36,21,1,0.6206896551724138,93
L266:T1:I1144,266,T1,2025-05-12T08:37:38.000Z,62,38,33,24,5,0.532258064516129,105.3594675925926
L266:T2:I1140,266,T2,2025-05-13T15:47:16.000Z,62,39,34,23,5,0.5483870967741935,106.65782407407407
L266:T2:I1146,266,T2,2025-07-31T09:31:00.000Z,82,70,61,12,9,0.7439024390243902,180.39652777777778
L266:T2:I1141,266,T2,2025-08-01T16:03:00.000Z,82,70,61,12,9,0.7439024390243902,181.66875
L266:T2:I1142,266,T2,2025-08-21T19:19:00.000Z,89,81,74,8,7,0.8314606741573034,201.8048611111111
L266:T2:I1145,266,T2,2025-09-26T14:35:00.000Z,96,94,82,2,12,0.8541666666666666,237.60763888888889
L266:T2:I1143,266,T2,2026-02-07T11:35:00.000Z,135,134,122,1,12,0.9037037037037037,156.48263888888889
L266:T2:I1139,266,T2,2026-06-20T19:43:00.000Z,159,159,158,0,1,0.9937106918238994,98.82152777777777
L267:T0,267,T0,2025-04-11T00:00:00.000Z,25,14,13,11,1,0.52,93
L267:T1:I1149,267,T1,2025-04-17T16:09:14.000Z,28,15,13,13,2,0.4642857142857143,99.67307870370371
L267:T2:I1148,267,T2,2025-04-21T13:23:07.000Z,29,16,14,13,2,0.4827586206896552,103.5577199074074
L267:T2:I1151,267,T2,2025-08-14T14:49:00.000Z,45,43,33,2,10,0.7333333333333333,127.61736111111111
L267:T2:I1153,267,T2,2025-12-09T14:00:00.000Z,57,57,49,0,8,0.8596491228070176,235.58333333333334
L267:T2:I1150,267,T2,2026-01-19T11:54:00.000Z,59,59,54,0,5,0.9152542372881356,161.49583333333334
L267:T2:I1152,267,T2,2026-04-25T19:23:00.000Z,72,72,70,0,2,0.9722222222222222,105.80763888888889
L267:T2:I1147,267,T2,2026-06-24T10:35:00.000Z,83,83,79,0,4,0.9518072289156626,165.44097222222223
L268:T0,268,T0,2026-04-20T00:00:00.000Z,28,28,25,0,3,0.8928571428571429,139
L268:T1:I1155,268,T1,2026-04-20T09:02:10.000Z,29,29,26,0,3,0.896551724137931,139.37650462962964
L268:T2:I1154,268,T2,2026-04-25T14:49:18.000Z,29,29,25,0,4,0.8620689655172413,144.61756944444446
L268:T2:I1156,268,T2,2026-04-29T15:28:56.000Z,30,30,29,0,1,0.9666666666666667,137.6450925925926
L269:T0,269,T0,2026-02-13T00:00:00.000Z,22,22,21,0,1,0.9545454545454546,210
L269:T1:I1157,269,T1,2026-02-13T18:58:32.000Z,23,23,22,0,1,0.9565217391304348,210.79064814814814
L269:T2:I1158,269,T2,2026-02-17T11:49:00.000Z,24,24,22,0,2,0.9166666666666666,214.4923611111111
L269:T2:I1159,269,T2,2026-02-25T09:06:45.000Z,26,26,24,0,2,0.9230769230769231,222.3796875
L270:T0,270,T0,2025-06-18T00:00:00.000Z,16,16,15,0,1,0.9375,128
L270:T1:I1161,270,T1,2025-06-21T08:20:16.000Z,17,17,16,0,1,0.9411764705882353,131.34740740740742
L270:T2:I1160,270,T2,2025-10-09T20:41:00.000Z,23,23,21,0,2,0.9130434782608695,138.86180555555555
L271:T0,271,T0,2026-02-05T00:00:00.000Z,74,74,67,0,7,0.9054054054054054,166
L271:T1:I1164,271,T1,2026-02-09T07:10:05.000Z,76,76,68,0,8,0.8947368421052632,170.29866898148148
L271:T2:I1163,271,T2,2026-02-11T11:35:21.000Z,76,76,68,0,8,0.8947368421052632,172.48288194444444
L271:T2:I1165,271,T2,2026-02-15T10:55:44.000Z,78,78,70,0,8,0.8974358974358975,176.45537037037036
L271:T2:I1162,271,T2,2026-02-16T12:16:48.000Z,79,79,71,0,8,0.8987341772151899,177.51166666666666
L272:T0,272,T0,2025-05-15T00:00:00.000Z,7,6,6,1,0,0.8571428571428571,37
L272:T1:I1171,272,T1,2025-05-15T14:06:59.000Z,8,7,7,1,0,0.875,72.58818287037037
L272:T2:I1166,272,T2,2025-05-26T08:03:55.000Z,8,7,7,1,0,0.875,55.33605324074074
L272:T2:I1170,272,T2,2025-05-27T09:24:21.000Z,8,7,7,1,0,0.875,49.39190972222222
L272:T2:I1169,272,T2,2025-08-20T13:54:00.000Z,11,11,10,0,1,0.9090909090909091,123.57916666666667
L272:T2:I1167,272,T2,2026-02-16T10:15:00.000Z,18,18,17,0,1,0.9444444444444444,117.42708333333333
L272:T2:I1168,272,T2,2026-05-01T15:04:00.000Z,21,21,21,0,0,1,64.62777777777778
L273:T0,273,T0,2025-08-15T00:00:00.000Z,40,37,33,3,4,0.825,157
L273:T1:I1177,273,T1,2025-08-16T14:36:54.000Z,41,39,35,2,4,0.8536585365853658,158.60895833333333
L273:T2:I1172,273,T2,2025-08-20T07:33:59.000Z,41,39,35,2,4,0.8536585365853658,162.31526620370371
L273:T2:I1178,273,T2,2025-08-23T07:56:29.000Z,41,39,34,2,5,0.8292682926829268,165.33089120370371
L273:T2:I1175,273,T2,2025-08-24T08:51:25.000Z,41,39,33,2,6,0.8048780487804879,166.36903935185185
L273:T2:I1173,273,T2,2025-08-24T15:08:19.000Z,41,39,32,2,7,0.7804878048780488,166.63077546296296
L273:T2:I1176,273,T2,2025-08-25T08:19:38.000Z,42,39,33,3,6,0.7857142857142857,167.3469675925926
L273:T2:I1179,273,T2,2025-09-11T15:35:00.000Z,43,42,35,1,7,0.813953488372093,164.64930555555554
L273:T2:I1174,273,T2,2026-03-19T16:47:00.000Z,62,62,60,0,2,0.967741935483871,123.69930555555555
L274:T0,274,T0,2025-09-27T00:00:00.000Z,35,34,28,1,6,0.8,184
L274:T1:I1181,274,T1,2025-09-27T11:26:24.000Z,36,35,29,1,6,0.8055555555555556,184.47666666666666
L274:T2:I1180,274,T2,2025-09-28T19:29:39.000Z,36,35,29,1,6,0.8055555555555556,185.81225694444444
L274:T2:I1182,274,T2,2025-11-29T12:16:00.000Z,40,40,37,0,3,0.925,132.51111111111112
L274:T2:I1183,274,T2,2026-01-17T19:17:00.000Z,44,44,41,0,3,0.9318181818181818,159.8034722222222
L275:T0,275,T0,2026-06-30T00:00:00.000Z,53,53,52,0,1,0.9811320754716981,159
L275:T1:I1186,275,T1,2026-07-02T15:13:47.000Z,54,54,53,0,1,0.9814814814814815,161.63457175925927
L275:T2:I1189,275,T2,2026-07-04T11:32:26.000Z,54,54,53,0,1,0.9814814814814815,163.48085648148148
L275:T2:I1188,275,T2,2026-07-05T18:17:35.000Z,54,54,53,0,1,0.9814814814814815,164.76221064814814
L275:T2:I1184,275,T2,2026-07-05T18:32:47.000Z,53,53,52,0,1,0.9811320754716981,164.7727662037037
L275:T2:I1185,275,T2,2026-07-08T11:41:53.000Z,54,54,53,0,1,0.9814814814814815,167.48741898148148
L275:T2:I1191,275,T2,2026-07-10T12:01:26.000Z,54,54,53,0,1,0.9814814814814815,169.50099537037036
L275:T2:I1187,275,T2,2026-07-10T15:01:00.000Z,54,54,53,0,1,0.9814814814814815,169.62569444444443
L275:T2:I1190,275,T2,2026-07-12T16:30:24.000Z,53,53,52,0,1,0.9811320754716981,171.68777777777777
L276:T0,276,T0,2025-01-30T00:00:00.000Z,14,0,0,14,0,0,
L276:T1:I1192,276,T1,2026-05-08T20:58:00.000Z,40,40,37,0,3,0.925,129.8736111111111
L277:T0,277,T0,2025-10-04T00:00:00.000Z,21,21,18,0,3,0.8571428571428571,133
L277:T1:I1199,277,T1,2025-10-07T09:05:05.000Z,22,22,18,0,4,0.8181818181818182,136.3785300925926
L277:T2:I1196,277,T2,2025-10-11T14:48:52.000Z,22,22,20,0,2,0.9090909090909091,140.61726851851853
L277:T2:I1198,277,T2,2025-10-12T09:50:25.000Z,23,23,21,0,2,0.9130434782608695,141.41001157407408
L277:T2:I1200,277,T2,2025-10-12T10:22:45.000Z,23,23,21,0,2,0.9130434782608695,141.43246527777777
L277:T2:I1197,277,T2,2025-10-12T13:01:12.000Z,23,23,21,0,2,0.9130434782608695,141.5425
L277:T2:I1193,277,T2,2025-10-15T17:03:32.000Z,23,23,22,0,1,0.9565217391304348,123.71078703703704
L277:T2:I1194,277,T2,2025-11-29T16:33:00.000Z,26,26,24,0,2,0.9230769230769231,168.68958333333333
L277:T2:I1195,277,T2,2026-06-09T08:39:00.000Z,33,33,33,0,0,1,89.36041666666667
L278:T0,278,T0,2025-10-03T00:00:00.000Z,40,40,36,0,4,0.9,126
L278:T1:I1201,278,T1,2025-11-06T08:25:00.000Z,45,45,38,0,7,0.8444444444444444,147.35069444444446
L278:T2:I1202,278,T2,2025-12-04T14:00:00.000Z,48,48,42,0,6,0.875,175.58333333333334
L278:T2:I1203,278,T2,2026-05-30T19:41:00.000Z,64,64,62,0,2,0.96875,104.82013888888889
L279:T0,279,T0,2025-12-25T00:00:00.000Z,29,29,29,0,0,1,63
L279:T1:I1208,279,T1,2025-12-30T10:40:37.000Z,31,31,31,0,0,1,68.44487268518519
L279:T2:I1206,279,T2,2026-01-01T17:45:50.000Z,30,30,30,0,0,1,70.74016203703704
L279:T2:I1205,279,T2,2026-01-02T12:33:00.000Z,31,31,31,0,0,1,71.52291666666666
L279:T2:I1207,279,T2,2026-01-02T18:17:35.000Z,31,31,31,0,0,1,71.76221064814816
L279:T2:I1204,279,T2,2026-02-04T17:26:00.000Z,32,32,31,0,1,0.96875,100.72638888888889
L280:T0,280,T0,2025-07-30T00:00:00.000Z,30,29,27,1,2,0.9,178
L280:T1:I1213,280,T1,2025-07-31T19:45:53.000Z,30,29,27,1,2,0.9,179.8235300925926
L280:T2:I1212,280,T2,2025-08-01T14:34:29.000Z,31,30,28,1,2,0.9032258064516129,180.6072800925926
L280:T2:I1211,280,T2,2025-08-06T15:09:37.000Z,32,31,28,1,3,0.875,185.63167824074074
L280:T2:I1215,280,T2,2025-08-07T12:31:49.000Z,32,31,28,1,3,0.875,186.52209490740742
L280:T2:I1210,280,T2,2025-08-10T16:46:57.000Z,32,31,28,1,3,0.875,189.69927083333334
L280:T2:I1214,280,T2,2025-08-18T12:49:00.000Z,33,32,29,1,3,0.8787878787878788,117.53402777777778
L280:T2:I1216,280,T2,2026-01-21T20:58:00.000Z,48,48,43,0,5,0.8958333333333334,219.8736111111111
L280:T2:I1209,280,T2,2026-02-14T09:05:00.000Z,50,50,49,0,1,0.98,118.37847222222223
L281:T0,281,T0,2025-10-20T00:00:00.000Z,17,16,15,1,1,0.8823529411764706,143
L281:T1:I1218,281,T1,2025-11-01T07:20:27.000Z,19,18,17,1,1,0.8947368421052632,116.30586805555555
L281:T2:I1217,281,T2,2026-01-06T15:32:00.000Z,23,23,22,0,1,0.9565217391304348,93.64722222222223
L281:T2:I1219,281,T2,2026-06-30T18:10:00.000Z,33,33,30,0,3,0.9090909090909091,119.75694444444444
L282:T0,282,T0,2025-02-03T00:00:00.000Z,13,1,1,12,0,0.07692307692307693,10
L282:T1:I1220,282,T1,2025-07-03T10:25:00.000Z,30,30,25,0,5,0.8333333333333334,121.43402777777777
L282:T2:I1221,282,T2,2025-10-06T08:40:00.000Z,36,35,31,1,4,0.8611111111111112,149.36111111111111
L283:T0,283,T0,2026-05-25T00:00:00.000Z,16,16,13,0,3,0.8125,185
L283:T1:I1222,283,T1,2026-05-27T11:12:23.000Z,17,17,14,0,3,0.8235294117647058,187.46693287037036
L283:T2:I1224,283,T2,2026-05-27T16:47:24.000Z,17,17,14,0,3,0.8235294117647058,187.69958333333332
L283:T2:I1223,283,T2,2026-06-01T19:45:29.000Z,17,17,13,0,4,0.7647058823529411,192.82325231481482
L284:T0,284,T0,2026-05-06T00:00:00.000Z,93,93,91,0,2,0.978494623655914,109
L284:T1:I1225,284,T1,2026-05-11T10:58:03.000Z,95,95,93,0,2,0.9789473684210527,114.45697916666667
L284:T2:I1226,284,T2,2026-05-16T13:13:00.000Z,96,96,93,0,3,0.96875,106.55069444444445
L285:T0,285,T0,2025-03-12T00:00:00.000Z,17,7,7,10,0,0.4117647058823529,31
L285:T1:I1230,285,T1,2025-03-24T19:33:22.000Z,20,9,9,11,0,0.45,40.81483796296296
L285:T2:I1227,285,T2,2025-04-17T12:03:00.000Z,24,13,13,11,0,0.5416666666666666,62.50208333333333
L285:T2:I1232,285,T2,2025-10-18T10:06:00.000Z,54,54,50,0,4,0.9259259259259259,202.42083333333332
L285:T2:I1229,285,T2,2025-11-04T19:52:00.000Z,58,58,57,0,1,0.9827586206896551,135.82777777777778
L285:T2:I1231,285,T2,2026-01-30T10:38:00.000Z,68,68,61,0,7,0.8970588235294118,147.44305555555556
L285:T2:I1228,285,T2,2026-02-09T07:56:00.000Z,71,71,64,0,7,0.9014084507042254,157.33055555555555
L286:T0,286,T0,2025-04-11T00:00:00.000Z,23,13,13,10,0,0.5652173913043478,67
L286:T1:I1234,286,T1,2025-04-20T18:14:13.000Z,25,16,16,9,0,0.64,76.75987268518519
L286:T2:I1235,286,T2,2025-04-21T18:10:42.000Z,25,15,15,10,0,0.6,77.75743055555556
L286:T2:I1236,286,T2,2025-04-22T19:38:01.000Z,25,16,16,9,0,0.64,78.81806712962963
L286:T2:I1233,286,T2,2026-01-03T11:16:00.000Z,49,49,47,0,2,0.9591836734693877,133.46944444444443
L287:T0,287,T0,2025-01-31T00:00:00.000Z,19,2,2,17,0,0.10526315789473684,14
L287:T1:I1243,287,T1,2025-02-03T11:25:11.000Z,20,2,2,18,0,0.1,17.475821759259258
L287:T2:I1241,287,T2,2025-02-04T08:33:27.000Z,22,3,3,19,0,0.13636363636363635,18.3565625
L287:T2:I1240,287,T2,2025-02-12T07:28:00.000Z,23,5,5,18,0,0.21739130434782608,26.31111111111111
L287:T2:I1238,287,T2,2025-03-09T09:44:00.000Z,27,14,14,13,0,0.5185185185185185,51.40555555555556
L287:T2:I1239,287,T2,2025-12-27T15:35:00.000Z,60,60,57,0,3,0.95,313.64930555555554
L287:T2:I1244,287,T2,2026-02-03T13:00:00.000Z,67,67,66,0,1,0.9850746268656716,93.54166666666667
L287:T2:I1237,287,T2,2026-04-02T18:16:00.000Z,72,72,71,0,1,0.9861111111111112,96.7611111111111
L287:T2:I1242,287,T2,2026-05-06T19:30:00.000Z,78,78,74,0,4,0.9487179487179487,109.8125
L288:T0,288,T0,2025-12-16T00:00:00.000Z,40,40,37,0,3,0.925,220
L288:T1:I1246,288,T1,2025-12-22T15:32:54.000Z,41,41,38,0,3,0.926829268292683,226.64784722222223
L288:T2:I1248,288,T2,2025-12-23T18:54:23.000Z,42,42,39,0,3,0.9285714285714286,227.7877662037037
L288:T2:I1245,288,T2,2025-12-24T11:18:04.000Z,42,42,39,0,3,0.9285714285714286,228.47087962962962
L288:T2:I1247,288,T2,2026-04-27T08:23:00.000Z,54,54,51,0,3,0.9444444444444444,124.34930555555556
L289:T0,289,T0,2025-10-28T00:00:00.000Z,40,40,38,0,2,0.95,118
L289:T1:I1251,289,T1,2026-01-07T19:47:00.000Z,43,43,39,0,4,0.9069767441860465,123.82430555555555
L289:T2:I1249,289,T2,2026-02-15T10:47:00.000Z,45,45,43,0,2,0.9555555555555556,159.44930555555555
L289:T2:I1250,289,T2,2026-04-23T07:56:00.000Z,49,49,47,0,2,0.9591836734693877,92.33055555555555
L290:T0,290,T0,2025-11-28T00:00:00.000Z,81,81,77,0,4,0.9506172839506173,150
L290:T1:I1253,290,T1,2025-12-07T20:37:21.000Z,83,83,80,0,3,0.963855421686747,159.85927083333334
L290:T2:I1254,290,T2,2025-12-08T07:33:06.000Z,84,84,80,0,4,0.9523809523809523,160.31465277777778
L290:T2:I1252,290,T2,2025-12-10T12:42:36.000Z,83,83,79,0,4,0.9518072289156626,162.52958333333333
L291:T0,291,T0,2025-12-24T00:00:00.000Z,62,62,55,0,7,0.8870967741935484,233
L291:T1:I1257,291,T1,2025-12-24T08:14:44.000Z,63,63,55,0,8,0.873015873015873,233.3435648148148
L291:T2:I1259,291,T2,2025-12-28T14:52:26.000Z,65,65,59,0,6,0.9076923076923077,237.61974537037037
L291:T2:I1260,291,T2,2026-01-04T15:09:41.000Z,66,66,61,0,5,0.9242424242424242,178.63172453703703
L291:T2:I1256,291,T2,2026-01-06T07:54:34.000Z,66,66,61,0,5,0.9242424242424242,180.3295601851852
L291:T2:I1258,291,T2,2026-01-06T10:46:15.000Z,66,66,61,0,5,0.9242424242424242,180.44878472222223
L291:T2:I1255,291,T2,2026-04-20T16:44:00.000Z,76,76,74,0,2,0.9736842105263158,175.69722222222222
L292:T0,292,T0,2025-09-09T00:00:00.000Z,33,32,27,1,5,0.8181818181818182,122
L292:T1:I1261,292,T1,2025-09-10T19:55:48.000Z,34,33,28,1,5,0.8235294117647058,123.83041666666666
L292:T2:I1262,292,T2,2025-09-11T15:53:57.000Z,34,33,28,1,5,0.8235294117647058,124.66246527777778
L292:T2:I1263,292,T2,2025-09-16T07:39:03.000Z,34,33,27,1,6,0.7941176470588235,220.31878472222223
L292:T2:I1265,292,T2,2025-09-16T19:16:30.000Z,34,33,28,1,5,0.8235294117647058,129.803125
L292:T2:I1264,292,T2,2025-10-17T19:54:00.000Z,37,36,32,1,4,0.8648648648648649,160.82916666666668
L293:T0,293,T0,2026-04-03T00:00:00.000Z,27,27,27,0,0,1,39
L293:T1:I1271,293,T1,2026-04-03T07:27:04.000Z,28,28,28,0,0,1,39.310462962962966
L293:T2:I1269,293,T2,2026-04-04T16:36:46.000Z,28,28,28,0,0,1,40.692199074074075
L293:T2:I1266,293,T2,2026-04-09T20:20:45.000Z,28,28,28,0,0,1,52.847743055555554
L293:T2:I1270,293,T2,2026-04-12T07:32:35.000Z,29,29,29,0,0,1,48.314293981481484
L293:T2:I1272,293,T2,2026-04-12T12:44:29.000Z,29,29,29,0,0,1,48.5308912037037
L293:T2:I1268,293,T2,2026-04-12T19:07:00.000Z,28,28,28,0,0,1,48.796527777777776
L293:T2:I1267,293,T2,2026-04-14T16:48:33.000Z,29,29,29,0,0,1,43.700381944444445
L294:T0,294,T0,2025-04-29T00:00:00.000Z,30,22,20,8,2,0.6666666666666666,98
L294:T1:I1275,294,T1,2025-05-02T19:29:39.000Z,31,23,21,8,2,0.6774193548387096,101.81225694444444
L294:T2:I1276,294,T2,2025-05-05T19:30:49.000Z,32,23,21,9,2,0.65625,104.81306712962963
L294:T2:I1274,294,T2,2025-05-09T07:47:25.000Z,32,24,22,8,2,0.6875,108.3245949074074
L294:T2:I1273,294,T2,2025-09-29T12:16:00.000Z,47,46,40,1,6,0.851063829787234,247.51111111111112
L295:T0,295,T0,2025-09-25T00:00:00.000Z,10,10,9,0,1,0.9,230
L295:T1:I1277,295,T1,2025-09-27T15:47:04.000Z,10,10,9,0,1,0.9,232.6576851851852
L296:T0,296,T0,2025-05-18T00:00:00.000Z,27,21,19,6,2,0.7037037037037037,104
L296:T1:I1279,296,T1,2025-05-24T11:21:42.000Z,28,22,20,6,2,0.7142857142857143,110.47340277777778
L296:T2:I1281,296,T2,2025-05-24T12:26:09.000Z,28,23,21,5,2,0.75,110.51815972222222
L296:T2:I1280,296,T2,2025-05-31T10:59:12.000Z,27,22,18,5,4,0.6666666666666666,117.45777777777778
L296:T2:I1278,296,T2,2025-05-31T14:03:31.000Z,28,22,18,6,4,0.6428571428571429,117.58577546296296
L297:T0,297,T0,2025-04-02T00:00:00.000Z,28,12,12,16,0,0.42857142857142855,74
L297:T1:I1286,297,T1,2025-07-30T14:30:00.000Z,43,41,36,2,5,0.8372093023255814,159.60416666666666
L297:T2:I1284,297,T2,2025-09-13T16:45:00.000Z,44,43,33,1,10,0.75,204.69791666666666
L297:T2:I1283,297,T2,2025-11-24T20:44:00.000Z,49,49,42,0,7,0.8571428571428571,276.8638888888889
L297:T2:I1285,297,T2,2025-11-29T09:06:00.000Z,50,50,43,0,7,0.86,281.37916666666666
L297:T2:I1287,297,T2,2026-05-05T18:33:00.000Z,66,66,65,0,1,0.9848484848484849,92.77291666666666
L297:T2:I1282,297,T2,2026-06-08T17:53:00.000Z,68,68,67,0,1,0.9852941176470589,126.74513888888889
L298:T0,298,T0,2025-06-17T00:00:00.000Z,40,31,29,9,2,0.725,112
L298:T1:I1288,298,T1,2025-06-20T09:24:27.000Z,42,34,31,8,3,0.7380952380952381,115.39197916666667
L298:T2:I1289,298,T2,2025-06-26T09:44:50.000Z,42,35,32,7,3,0.7619047619047619,121.40613425925926
L298:T2:I1291,298,T2,2025-06-26T14:17:32.000Z,43,36,33,7,3,0.7674418604651163,121.59550925925926
L298:T2:I1292,298,T2,2025-09-22T11:11:00.000Z,60,60,51,0,9,0.85,209.46597222222223
L298:T2:I1293,298,T2,2025-11-28T20:43:00.000Z,65,65,60,0,5,0.9230769230769231,131.86319444444445
L298:T2:I1290,298,T2,2026-01-29T17:41:00.000Z,72,72,69,0,3,0.9583333333333334,136.73680555555555
L299:T0,299,T0,2025-07-17T00:00:00.000Z,23,21,17,2,4,0.7391304347826086,140
L299:T1:I1295,299,T1,2025-07-26T08:02:53.000Z,24,23,19,1,4,0.7916666666666666,149.33533564814815
L299:T2:I1299,299,T2,2025-07-28T18:44:03.000Z,24,23,19,1,4,0.7916666666666666,151.78059027777778
L299:T2:I1296,299,T2,2025-07-30T07:50:12.000Z,24,23,19,1,4,0.7916666666666666,153.32652777777778
L299:T2:I1298,299,T2,2025-10-27T14:24:00.000Z,30,30,28,0,2,0.9333333333333333,214.6
L299:T2:I1294,299,T2,2025-11-01T15:30:00.000Z,30,30,28,0,2,0.9333333333333333,219.64583333333334
L299:T2:I1297,299,T2,2025-11-08T13:39:00.000Z,30,30,29,0,1,0.9666666666666667,107.56875
L299:T2:I1301,299,T2,2026-01-06T13:47:00.000Z,33,33,29,0,4,0.8787878787878788,129.57430555555555
L299:T2:I1300,299,T2,2026-05-31T07:38:00.000Z,38,38,37,0,1,0.9736842105263158,131.31805555555556
L300:T0,300,T0,2025-01-20T00:00:00.000Z,11,0,0,11,0,0,
L300:T1:I1302,300,T1,2025-09-20T14:45:00.000Z,33,33,29,0,4,0.8787878787878788,130.61458333333334
L300:T2:I1303,300,T2,2025-12-27T09:57:00.000Z,35,35,33,0,2,0.9428571428571428,132.41458333333333
L301:T0,301,T0,2026-03-03T00:00:00.000Z,48,48,47,0,1,0.9791666666666666,139
L301:T1:I1307,301,T1,2026-03-04T10:35:08.000Z,50,50,49,0,1,0.98,140.4410648148148
L301:T2:I1309,301,T2,2026-03-05T10:28:30.000Z,50,50,49,0,1,0.98,141.43645833333332
L301:T2:I1305,301,T2,2026-03-09T20:36:24.000Z,50,50,49,0,1,0.98,145.85861111111112
L301:T2:I1311,301,T2,2026-03-13T08:38:24.000Z,50,50,49,0,1,0.98,149.36
L301:T2:I1304,301,T2,2026-03-16T12:05:08.000Z,51,51,51,0,0,1,78.50356481481481
L301:T2:I1310,301,T2,2026-05-20T19:19:00.000Z,52,52,51,0,1,0.9807692307692307,91.80486111111111
L301:T2:I1308,301,T2,2026-06-08T14:29:00.000Z,55,55,55,0,0,1,72.60347222222222
L301:T2:I1306,301,T2,2026-06-21T15:29:00.000Z,56,56,56,0,0,1,85.6451388888889
L302:T0,302,T0,2025-02-06T00:00:00.000Z,3,1,1,2,0,0.3333333333333333,3
L302:T1:I1312,302,T1,2025-02-16T16:05:19.000Z,4,1,1,3,0,0.25,13.670358796296297
L303:T0,303,T0,2025-06-06T00:00:00.000Z,21,18,16,3,2,0.7619047619047619,136
L303:T1:I1315,303,T1,2025-06-11T07:28:47.000Z,22,20,18,2,2,0.8181818181818182,141.3116550925926
L303:T2:I1318,303,T2,2025-06-14T09:51:00.000Z,22,20,19,2,1,0.8636363636363636,96.41041666666666
L303:T2:I1316,303,T2,2025-06-15T18:38:20.000Z,22,20,19,2,1,0.8636363636363636,97.77662037037037
L303:T2:I1319,303,T2,2025-06-17T07:33:35.000Z,22,20,19,2,1,0.8636363636363636,99.31498842592593
L303:T2:I1317,303,T2,2025-06-20T12:15:00.000Z,23,21,20,2,1,0.8695652173913043,102.51041666666667
L303:T2:I1320,303,T2,2025-06-20T13:18:00.000Z,23,21,20,2,1,0.8695652173913043,102.55416666666666
L303:T2:I1314,303,T2,2025-08-29T10:09:00.000Z,35,34,30,1,4,0.8571428571428571,155.42291666666668
L303:T2:I1313,303,T2,2025-11-27T07:19:00.000Z,40,40,37,0,3,0.925,130.3048611111111
L304:T0,304,T0,2025-07-19T00:00:00.000Z,51,50,43,1,7,0.8431372549019608,148
L304:T1:I1322,304,T1,2025-07-27T15:37:12.000Z,53,52,45,1,7,0.8490566037735849,156.65083333333334
L304:T2:I1324,304,T2,2025-07-27T20:03:22.000Z,53,51,44,2,7,0.8301886792452831,156.83567129629628
L304:T2:I1325,304,T2,2025-07-29T09:42:10.000Z,52,51,45,1,6,0.8653846153846154,158.4042824074074
L304:T2:I1323,304,T2,2025-10-11T10:58:00.000Z,61,59,48,2,11,0.7868852459016393,232.45694444444445
L304:T2:I1326,304,T2,2025-11-24T08:36:00.000Z,65,65,56,0,9,0.8615384615384616,276.35833333333335
L304:T2:I1327,304,T2,2026-04-02T12:33:00.000Z,86,86,83,0,3,0.9651162790697675,100.52291666666666
L304:T2:I1321,304,T2,2026-06-11T12:00:00.000Z,93,93,91,0,2,0.978494623655914,146.5
L305:T0,305,T0,2026-04-14T00:00:00.000Z,53,53,50,0,3,0.9433962264150944,111
L305:T1:I1333,305,T1,2026-04-20T14:58:43.000Z,56,56,55,0,1,0.9821428571428571,113.6241087962963
L305:T2:I1334,305,T2,2026-04-22T08:19:30.000Z,56,56,55,0,1,0.9821428571428571,115.346875
L305:T2:I1331,305,T2,2026-04-25T07:57:24.000Z,56,56,55,0,1,0.9821428571428571,118.33152777777778
L305:T2:I1329,305,T2,2026-04-27T13:56:55.000Z,57,57,56,0,1,0.9824561403508771,120.58119212962963
L305:T2:I1330,305,T2,2026-04-27T16:22:36.000Z,57,57,56,0,1,0.9824561403508771,120.6823611111111
L305:T2:I1328,305,T2,2026-06-16T19:55:00.000Z,62,62,60,0,2,0.967741935483871,139.82986111111111
L305:T2:I1332,305,T2,2026-06-27T07:51:00.000Z,63,63,62,0,1,0.9841269841269841,109.32708333333333
L306:T0,306,T0,2025-12-01T00:00:00.000Z,57,57,53,0,4,0.9298245614035088,124
L306:T1:I1335,306,T1,2025-12-09T15:30:48.000Z,59,59,53,0,6,0.8983050847457628,132.64638888888888
L306:T2:I1336,306,T2,2026-02-07T13:07:00.000Z,70,70,68,0,2,0.9714285714285714,121.54652777777778
L307:T0,307,T0,2025-03-07T00:00:00.000Z,8,2,2,6,0,0.25,61
L307:T1:I1343,307,T1,2025-03-09T20:50:46.000Z,8,2,2,6,0,0.25,63.86858796296296
L307:T2:I1339,307,T2,2025-03-10T08:04:48.000Z,9,2,2,7,0,0.2222222222222222,64.33666666666667
L307:T2:I1340,307,T2,2025-03-11T15:30:15.000Z,9,2,2,7,0,0.2222222222222222,65.64600694444445
L307:T2:I1344,307,T2,2025-03-12T10:18:19.000Z,9,3,3,6,0,0.3333333333333333,66.42938657407407
L307:T2:I1342,307,T2,2025-03-12T20:35:59.000Z,9,3,3,6,0,0.3333333333333333,66.85832175925925
L307:T2:I1338,307,T2,2025-03-18T16:30:20.000Z,9,2,2,7,0,0.2222222222222222,72.68773148148148
L307:T2:I1337,307,T2,2025-04-02T19:05:00.000Z,10,4,4,6,0,0.4,87.79513888888889
L307:T2:I1341,307,T2,2025-10-07T19:34:00.000Z,26,25,21,1,4,0.8076923076923077,148.81527777777777
L308:T0,308,T0,2025-10-24T00:00:00.000Z,19,19,19,0,0,1,82
L308:T1:I1347,308,T1,2025-10-24T19:44:34.000Z,20,20,19,0,1,0.95,98.82261574074074
L308:T2:I1348,308,T2,2025-10-25T11:09:13.000Z,21,21,21,0,0,1,83.4647337962963
L308:T2:I1345,308,T2,2025-10-29T17:22:33.000Z,21,21,21,0,0,1,87.72399305555555
L308:T2:I1350,308,T2,2025-10-31T18:13:56.000Z,21,20,20,1,0,0.9523809523809523,89.75967592592593
L308:T2:I1346,308,T2,2025-11-05T18:04:55.000Z,21,21,20,0,1,0.9523809523809523,94.75341435185184
L308:T2:I1349,308,T2,2026-01-06T09:27:00.000Z,21,21,21,0,0,1,57.39375
L309:T0,309,T0,2025-08-20T00:00:00.000Z,47,42,39,5,3,0.8297872340425532,113
L309:T1:I1353,309,T1,2025-08-25T10:41:20.000Z,47,42,39,5,3,0.8297872340425532,118.44537037037037
L309:T2:I1355,309,T2,2025-08-26T13:51:51.000Z,49,44,41,5,3,0.8367346938775511,119.57767361111111
L309:T2:I1351,309,T2,2025-09-02T09:35:15.000Z,49,45,42,4,3,0.8571428571428571,117.39947916666667
L309:T2:I1354,309,T2,2025-09-02T16:40:12.000Z,50,46,43,4,3,0.86,117.69458333333333
L309:T2:I1352,309,T2,2025-11-21T19:09:00.000Z,55,55,52,0,3,0.9454545454545454,142.79791666666668
L310:T0,310,T0,2025-05-23T00:00:00.000Z,45,34,30,11,4,0.6666666666666666,118
L310:T1:I1356,310,T1,2025-05-25T15:24:54.000Z,45,34,30,11,4,0.6666666666666666,120.64229166666667
L310:T2:I1358,310,T2,2025-10-28T16:33:00.000Z,71,71,64,0,7,0.9014084507042254,276.68958333333336
L310:T2:I1357,310,T2,2026-02-02T20:59:00.000Z,89,89,84,0,5,0.9438202247191011,163.87430555555557
L311:T0,311,T0,2026-01-23T00:00:00.000Z,57,57,54,0,3,0.9473684210526315,120
L311:T1:I1361,311,T1,2026-01-23T15:05:11.000Z,58,58,55,0,3,0.9482758620689655,120.62859953703703
L311:T2:I1359,311,T2,2026-01-26T12:48:51.000Z,58,58,55,0,3,0.9482758620689655,123.5339236111111
L311:T2:I1360,311,T2,2026-01-30T15:02:40.000Z,58,58,56,0,2,0.9655172413793104,127.62685185185185
L312:T0,312,T0,2025-02-03T00:00:00.000Z,5,0,0,5,0,0,
L312:T1:I1362,312,T1,2025-02-04T13:01:02.000Z,6,1,1,5,0,0.16666666666666666,3.542384259259259
L312:T2:I1363,312,T2,2025-11-13T12:54:00.000Z,15,14,14,1,0,0.9333333333333333,68.5375
L312:T2:I1364,312,T2,2026-04-29T12:48:00.000Z,22,22,22,0,0,1,43.53333333333333
L312:T2:I1365,312,T2,2026-06-16T15:52:00.000Z,25,25,25,0,0,1,64.66111111111111
L313:T0,313,T0,2025-07-14T00:00:00.000Z,38,32,29,6,3,0.7631578947368421,156
L313:T1:I1367,313,T1,2025-09-27T07:26:00.000Z,45,43,36,2,7,0.8,231.30972222222223
L313:T2:I1366,313,T2,2026-03-05T07:04:00.000Z,60,60,56,0,4,0.9333333333333333,160.29444444444445
L313:T2:I1368,313,T2,2026-03-15T11:50:00.000Z,61,61,56,0,5,0.9180327868852459,170.49305555555554
L314:T0,314,T0,2026-03-30T00:00:00.000Z,26,26,25,0,1,0.9615384615384616,99
L314:T1:I1373,314,T1,2026-03-30T08:40:10.000Z,27,27,26,0,1,0.9629629629629629,99.36122685185185
L314:T2:I1372,314,T2,2026-03-30T19:41:57.000Z,27,27,26,0,1,0.9629629629629629,99.82079861111112
L314:T2:I1376,314,T2,2026-04-01T11:38:04.000Z,28,28,28,0,0,1,37.48476851851852
L314:T2:I1374,314,T2,2026-04-06T16:21:58.000Z,27,27,27,0,0,1,42.681921296296295
L314:T2:I1375,314,T2,2026-04-09T13:38:49.000Z,28,28,28,0,0,1,45.56862268518518
L314:T2:I1370,314,T2,2026-04-09T19:40:06.000Z,28,28,28,0,0,1,45.81951388888889
L314:T2:I1369,314,T2,2026-04-11T17:45:51.000Z,28,28,28,0,0,1,47.74017361111111
L314:T2:I1371,314,T2,2026-06-16T08:08:00.000Z,32,32,31,0,1,0.96875,105.33888888888889
L315:T0,315,T0,2025-12-29T00:00:00.000Z,111,111,105,0,6,0.9459459459459459,178
L315:T1:I1380,315,T1,2025-12-30T13:37:07.000Z,112,112,104,0,8,0.9285714285714286,179.56744212962963
L315:T2:I1377,315,T2,2026-01-02T13:04:48.000Z,112,112,105,0,7,0.9375,182.545
L315:T2:I1378,315,T2,2026-01-03T07:20:05.000Z,112,112,105,0,7,0.9375,183.3056134259259
L315:T2:I1383,315,T2,2026-01-07T14:39:06.000Z,111,111,106,0,5,0.954954954954955,187.6104861111111
L315:T2:I1379,315,T2,2026-01-07T19:21:12.000Z,112,112,107,0,5,0.9553571428571429,187.80638888888888
L315:T2:I1384,315,T2,2026-01-07T20:39:16.000Z,112,112,107,0,5,0.9553571428571429,187.86060185185184
L315:T2:I1382,315,T2,2026-01-09T20:40:39.000Z,112,112,108,0,4,0.9642857142857143,189.8615625
L315:T2:I1381,315,T2,2026-03-28T14:53:00.000Z,133,133,126,0,7,0.9473684210526315,184.6201388888889
L316:T0,316,T0,2025-03-25T00:00:00.000Z,9,4,4,5,0,0.4444444444444444,79
L316:T1:I1387,316,T1,2025-07-03T20:58:00.000Z,21,19,19,2,0,0.9047619047619048,69.87361111111112
L316:T2:I1388,316,T2,2025-08-02T10:39:00.000Z,21,20,19,1,1,0.9047619047619048,99.44375
L316:T2:I1385,316,T2,2025-09-26T20:52:00.000Z,25,25,21,0,4,0.84,137.86944444444444
L316:T2:I1386,316,T2,2025-10-25T10:55:00.000Z,27,27,23,0,4,0.8518518518518519,122.45486111111111
L317:T0,317,T0,2026-06-22T00:00:00.000Z,76,76,74,0,2,0.9736842105263158,151
L317:T1:I1389,317,T1,2026-06-30T17:38:15.000Z,77,77,75,0,2,0.974025974025974,159.73489583333333
L318:T0,318,T0,2026-02-22T00:00:00.000Z,46,46,45,0,1,0.9782608695652174,98
L318:T1:I1391,318,T1,2026-03-03T15:40:05.000Z,49,49,48,0,1,0.9795918367346939,107.65283564814816
L318:T2:I1392,318,T2,2026-03-05T15:23:30.000Z,49,49,48,0,1,0.9795918367346939,109.64131944444445
L318:T2:I1390,318,T2,2026-03-06T07:21:17.000Z,49,49,48,0,1,0.9795918367346939,110.30644675925926
L318:T2:I1393,318,T2,2026-03-07T13:45:59.000Z,49,49,48,0,1,0.9795918367346939,111.57359953703704
L319:T0,319,T0,2025-01-24T00:00:00.000Z,3,0,0,3,0,0,
L319:T1:I1394,319,T1,2025-01-25T18:50:45.000Z,4,0,0,4,0,0,
L319:T2:I1397,319,T2,2025-02-04T17:19:46.000Z,5,0,0,5,0,0,
L319:T2:I1395,319,T2,2025-02-11T14:34:00.000Z,5,0,0,5,0,0,
L319:T2:I1399,319,T2,2025-03-07T20:32:00.000Z,7,2,2,5,0,0.2857142857142857,9.855555555555556
L319:T2:I1400,319,T2,2025-04-22T07:57:00.000Z,11,6,6,5,0,0.5454545454545454,55.33125
L319:T2:I1396,319,T2,2025-05-15T15:19:00.000Z,12,10,10,2,0,0.8333333333333334,78.63819444444445
L319:T2:I1398,319,T2,2025-07-19T11:40:00.000Z,15,14,12,1,2,0.8,143.48611111111111
L320:T0,320,T0,2026-04-24T00:00:00.000Z,35,35,35,0,0,1,80
L320:T1:I1403,320,T1,2026-05-02T16:31:39.000Z,36,36,36,0,0,1,88.68864583333334
L320:T2:I1402,320,T2,2026-05-06T18:26:42.000Z,37,37,36,0,1,0.972972972972973,92.76854166666666
L320:T2:I1401,320,T2,2026-05-07T09:48:38.000Z,37,37,36,0,1,0.972972972972973,93.40877314814814
L321:T0,321,T0,2025-01-18T00:00:00.000Z,13,1,1,12,0,0.07692307692307693,0
L321:T1:I1407,321,T1,2025-01-24T20:53:59.000Z,15,3,3,12,0,0.2,6.870821759259259
L321:T2:I1408,321,T2,2025-05-19T15:09:00.000Z,21,19,16,2,3,0.7619047619047619,119.63125
L321:T2:I1406,321,T2,2025-06-19T12:10:00.000Z,22,20,19,2,1,0.8636363636363636,101.50694444444444
L321:T2:I1409,321,T2,2025-09-03T09:58:00.000Z,35,34,29,1,5,0.8285714285714286,160.4152777777778
L321:T2:I1410,321,T2,2025-12-03T08:20:00.000Z,41,41,38,0,3,0.926829268292683,136.34722222222223
L321:T2:I1405,321,T2,2025-12-27T20:19:00.000Z,43,43,38,0,5,0.8837209302325582,160.84652777777777
L321:T2:I1404,321,T2,2026-03-15T09:22:00.000Z,48,48,48,0,0,1,80.39027777777778
L322:T0,322,T0,2025-09-29T00:00:00.000Z,24,24,21,0,3,0.875,133
L322:T1:I1414,322,T1,2025-10-02T10:42:00.000Z,25,25,21,0,4,0.84,136.44583333333333
L322:T2:I1413,322,T2,2025-10-05T13:23:36.000Z,26,26,22,0,4,0.8461538461538461,139.55805555555557
L322:T2:I1411,322,T2,2025-10-06T20:37:30.000Z,26,26,22,0,4,0.8461538461538461,140.859375
L322:T2:I1412,322,T2,2025-10-07T14:57:32.000Z,26,26,22,0,4,0.8461538461538461,141.62328703703704
L323:T0,323,T0,2025-11-25T00:00:00.000Z,68,68,65,0,3,0.9558823529411765,144
L323:T1:I1416,323,T1,2025-11-28T19:00:36.000Z,69,69,67,0,2,0.9710144927536232,147.79208333333332
L323:T2:I1415,323,T2,2025-12-06T09:05:03.000Z,71,71,69,0,2,0.971830985915493,155.37850694444444
L324:T0,324,T0,2025-06-02T00:00:00.000Z,53,41,34,12,7,0.6415094339622641,121
L324:T1:I1424,324,T1,2025-06-02T19:43:18.000Z,53,41,34,12,7,0.6415094339622641,121.82173611111111
L324:T2:I1418,324,T2,2025-06-13T08:29:41.000Z,59,47,41,12,6,0.6949152542372882,132.35394675925926
L324:T2:I1420,324,T2,2025-06-14T10:20:25.000Z,59,48,41,11,7,0.6949152542372882,133.43084490740742
L324:T2:I1421,324,T2,2025-06-30T11:30:00.000Z,61,52,47,9,5,0.7704918032786885,149.47916666666666
L324:T2:I1419,324,T2,2026-02-25T11:09:00.000Z,104,104,98,0,6,0.9423076923076923,166.46458333333334
L324:T2:I1423,324,T2,2026-04-07T18:14:00.000Z,107,107,102,0,5,0.9532710280373832,133.75972222222222
L324:T2:I1417,324,T2,2026-04-17T16:39:00.000Z,110,110,107,0,3,0.9727272727272728,143.69375
L324:T2:I1422,324,T2,2026-04-30T16:30:00.000Z,111,111,107,0,4,0.963963963963964,156.6875
L325:T0,325,T0,2026-06-04T00:00:00.000Z,52,52,50,0,2,0.9615384615384616,99
L325:T1:I1425,325,T1,2026-06-05T16:17:33.000Z,54,54,52,0,2,0.9629629629629629,100.67885416666667
L325:T2:I1426,325,T2,2026-06-14T09:21:35.000Z,55,55,54,0,1,0.9818181818181818,109.38998842592592
L325:T2:I1427,325,T2,2026-06-16T20:14:34.000Z,55,55,54,0,1,0.9818181818181818,111.84344907407407
L326:T0,326,T0,2026-03-07T00:00:00.000Z,89,89,87,0,2,0.9775280898876404,119
L326:T1:I1431,326,T1,2026-03-07T14:13:39.000Z,90,90,87,0,3,0.9666666666666667,119.5928125
L326:T2:I1434,326,T2,2026-03-12T19:55:32.000Z,89,89,87,0,2,0.9775280898876404,102.83023148148148
L326:T2:I1428,326,T2,2026-03-12T20:11:18.000Z,89,89,87,0,2,0.9775280898876404,102.84118055555555
L326:T2:I1435,326,T2,2026-03-13T10:22:10.000Z,89,89,88,0,1,0.9887640449438202,103.43206018518518
L326:T2:I1430,326,T2,2026-03-15T20:45:28.000Z,91,91,89,0,2,0.978021978021978,105.8649074074074
L326:T2:I1432,326,T2,2026-03-16T11:09:40.000Z,91,91,88,0,3,0.967032967032967,106.4650462962963
L326:T2:I1429,326,T2,2026-03-16T17:05:36.000Z,91,91,88,0,3,0.967032967032967,106.71222222222222
L326:T2:I1433,326,T2,2026-04-13T14:45:00.000Z,94,94,92,0,2,0.9787234042553191,118.61458333333333
L327:T0,327,T0,2025-09-25T00:00:00.000Z,25,25,23,0,2,0.92,136
L327:T1:I1438,327,T1,2025-09-29T07:11:06.000Z,26,26,24,0,2,0.9230769230769231,140.299375
L327:T2:I1442,327,T2,2025-09-29T09:53:41.000Z,26,26,23,0,3,0.8846153846153846,140.4122800925926
L327:T2:I1441,327,T2,2025-09-29T19:01:48.000Z,26,26,24,0,2,0.9230769230769231,140.79291666666666
L327:T2:I1439,327,T2,2025-10-03T08:55:47.000Z,26,26,23,0,3,0.8846153846153846,144.37207175925926
L327:T2:I1437,327,T2,2025-10-06T13:56:38.000Z,27,27,25,0,2,0.9259259259259259,147.58099537037037
L327:T2:I1436,327,T2,2025-12-02T13:06:00.000Z,29,29,28,0,1,0.9655172413793104,96.54583333333333
L327:T2:I1440,327,T2,2026-05-29T16:46:00.000Z,35,35,35,0,0,1,74.6986111111111
L328:T0,328,T0,2025-09-09T00:00:00.000Z,33,32,27,1,5,0.8181818181818182,122
L328:T1:I1443,328,T1,2025-09-10T14:30:25.000Z,34,33,28,1,5,0.8235294117647058,123.60445601851852
L329:T0,329,T0,2025-09-12T00:00:00.000Z,36,35,29,1,6,0.8055555555555556,175
L329:T1:I1446,329,T1,2025-09-17T11:00:00.000Z,37,36,28,1,8,0.7567567567567568,180.45833333333334
L329:T2:I1444,329,T2,2025-09-17T18:56:59.000Z,38,37,28,1,9,0.7368421052631579,180.78957175925925
L329:T2:I1449,329,T2,2025-09-20T14:40:43.000Z,38,37,29,1,8,0.7631578947368421,183.6116087962963
L329:T2:I1451,329,T2,2025-09-22T16:45:26.000Z,38,37,29,1,8,0.7631578947368421,185.69821759259258
L329:T2:I1450,329,T2,2025-09-24T10:05:05.000Z,38,37,30,1,7,0.7894736842105263,187.42019675925926
L329:T2:I1448,329,T2,2025-09-25T11:12:00.000Z,38,37,29,1,8,0.7631578947368421,188.46666666666667
L329:T2:I1445,329,T2,2026-04-20T12:39:00.000Z,54,54,51,0,3,0.9444444444444444,102.52708333333334
L329:T2:I1447,329,T2,2026-05-04T07:45:00.000Z,57,57,54,0,3,0.9473684210526315,116.32291666666667
L330:T0,330,T0,2025-09-02T00:00:00.000Z,30,29,28,1,1,0.9333333333333333,204
L330:T1:I1454,330,T1,2025-09-08T17:01:54.000Z,31,30,29,1,1,0.9354838709677419,93.70965277777778
L330:T2:I1453,330,T2,2025-09-11T19:29:53.000Z,32,31,30,1,1,0.9375,96.81241898148149
L330:T2:I1452,330,T2,2026-04-23T11:42:00.000Z,44,44,44,0,0,1,59.4875
L331:T0,331,T0,2025-05-05T00:00:00.000Z,25,18,17,7,1,0.68,105
L331:T1:I1458,331,T1,2025-05-06T16:24:16.000Z,26,20,17,6,3,0.6538461538461539,106.68351851851853
L331:T2:I1457,331,T2,2025-05-07T08:46:39.000Z,26,20,16,6,4,0.6153846153846154,107.36572916666667
L331:T2:I1459,331,T2,2025-05-08T19:02:51.000Z,26,20,17,6,3,0.6538461538461539,108.79364583333333
L331:T2:I1455,331,T2,2025-05-15T15:13:07.000Z,27,23,19,4,4,0.7037037037037037,115.6341087962963
L331:T2:I1460,331,T2,2025-07-06T14:25:00.000Z,35,34,31,1,3,0.8857142857142857,151.60069444444446
L331:T2:I1456,331,T2,2026-04-05T13:38:00.000Z,62,62,59,0,3,0.9516129032258065,160.56805555555556
L332:T0,332,T0,2025-12-22T00:00:00.000Z,71,71,65,0,6,0.9154929577464789,197
L332:T1:I1463,332,T1,2025-12-23T15:38:49.000Z,71,71,65,0,6,0.9154929577464789,198.65195601851852
L332:T2:I1461,332,T2,2026-01-01T16:17:57.000Z,73,73,70,0,3,0.958904109589041,207.67913194444444
L332:T2:I1462,332,T2,2026-05-22T07:55:00.000Z,96,96,92,0,4,0.9583333333333334,112.32986111111111
L333:T0,333,T0,2025-07-18T00:00:00.000Z,38,35,31,3,4,0.8157894736842105,141
L333:T1:I1469,333,T1,2025-07-18T18:27:20.000Z,39,36,32,3,4,0.8205128205128205,141.7689814814815
L333:T2:I1470,333,T2,2025-07-20T20:35:39.000Z,39,36,33,3,3,0.8461538461538461,131.8580902777778
L333:T2:I1466,333,T2,2025-07-22T10:10:07.000Z,39,36,33,3,3,0.8461538461538461,133.42369212962964
L333:T2:I1464,333,T2,2025-07-24T07:45:01.000Z,39,36,33,3,3,0.8461538461538461,135.32292824074074
L333:T2:I1468,333,T2,2025-07-29T07:16:48.000Z,39,36,32,3,4,0.8205128205128205,140.30333333333334
L333:T2:I1467,333,T2,2026-05-06T13:31:00.000Z,72,72,69,0,3,0.9583333333333334,129.56319444444443
L333:T2:I1465,333,T2,2026-05-14T12:33:00.000Z,73,73,72,0,1,0.9863013698630136,106.52291666666666
L334:T0,334,T0,2026-02-20T00:00:00.000Z,23,23,22,0,1,0.9565217391304348,92
L334:T1:I1473,334,T1,2026-02-24T09:45:37.000Z,24,24,23,0,1,0.9583333333333334,96.40667824074075
L334:T2:I1471,334,T2,2026-02-25T08:17:59.000Z,24,24,23,0,1,0.9583333333333334,97.34582175925927
L334:T2:I1476,334,T2,2026-02-26T12:30:30.000Z,24,24,23,0,1,0.9583333333333334,98.52118055555556
L334:T2:I1474,334,T2,2026-02-27T09:45:23.000Z,25,25,24,0,1,0.96,99.4065162037037
L334:T2:I1475,334,T2,2026-03-03T14:34:47.000Z,25,25,25,0,0,1,77.60748842592592
L334:T2:I1472,334,T2,2026-03-04T19:33:54.000Z,25,25,25,0,0,1,78.81520833333333
L335:T0,335,T0,2025-01-03T00:00:00.000Z,21,0,0,21,0,0,
L335:T1:I1484,335,T1,2025-01-08T14:34:20.000Z,23,0,0,23,0,0,
L335:T2:I1478,335,T2,2025-01-11T08:11:06.000Z,23,0,0,23,0,0,
L335:T2:I1480,335,T2,2025-01-16T13:41:20.000Z,22,0,0,22,0,0,
L335:T2:I1477,335,T2,2025-07-02T09:06:00.000Z,34,28,26,6,2,0.7647058823529411,125.37916666666666
L335:T2:I1481,335,T2,2026-01-01T10:00:00.000Z,59,59,57,0,2,0.9661016949152542,178.41666666666666
L335:T2:I1482,335,T2,2026-02-02T13:19:00.000Z,60,60,58,0,2,0.9666666666666667,210.5548611111111
L335:T2:I1479,335,T2,2026-02-14T07:36:00.000Z,61,61,58,0,3,0.9508196721311475,107.31666666666666
L335:T2:I1483,335,T2,2026-03-14T08:29:00.000Z,66,66,64,0,2,0.9696969696969697,125.35347222222222
L336:T0,336,T0,2025-04-07T00:00:00.000Z,14,8,8,6,0,0.5714285714285714,51
L336:T1:I1485,336,T1,2025-04-18T12:07:52.000Z,16,10,10,6,0,0.625,72.50546296296297
L336:T2:I1487,336,T2,2025-04-25T20:54:00.000Z,16,11,11,5,0,0.6875,69.87083333333334
L336:T2:I1486,336,T2,2026-06-12T19:12:00.000Z,34,34,34,0,0,1,76.8
L337:T0,337,T0,2025-10-14T00:00:00.000Z,15,15,14,0,1,0.9333333333333333,104
L337:T1:I1488,337,T1,2025-10-25T15:01:54.000Z,16,16,15,0,1,0.9375,115.62631944444445
L338:T0,338,T0,2025-06-08T00:00:00.000Z,19,17,17,2,0,0.8947368421052632,68
L338:T1:I1495,338,T1,2025-06-08T09:44:51.000Z,20,18,18,2,0,0.9,68.40614583333333
L338:T2:I1493,338,T2,2025-06-09T09:35:51.000Z,20,18,18,2,0,0.9,69.39989583333333
L338:T2:I1496,338,T2,2025-06-09T12:42:24.000Z,20,18,18,2,0,0.9,69.52944444444445
L338:T2:I1492,338,T2,2025-06-16T10:54:33.000Z,20,18,18,2,0,0.9,76.45454861111111
L338:T2:I1494,338,T2,2025-06-18T15:01:10.000Z,20,18,18,2,0,0.9,78.62581018518519
L338:T2:I1491,338,T2,2025-08-08T20:24:00.000Z,20,18,13,2,5,0.65,125.85
L338:T2:I1490,338,T2,2025-08-26T16:39:00.000Z,20,18,14,2,4,0.7,143.69375
L338:T2:I1489,338,T2,2025-10-12T20:56:00.000Z,24,22,20,2,2,0.8333333333333334,111.87222222222222
L339:T0,339,T0,2026-03-22T00:00:00.000Z,16,16,15,0,1,0.9375,104
L339:T1:I1498,339,T1,2026-03-22T11:48:23.000Z,17,17,16,0,1,0.9411764705882353,104.49193287037038
L339:T2:I1499,339,T2,2026-03-31T08:14:44.000Z,17,17,16,0,1,0.9411764705882353,113.34356481481481
L339:T2:I1497,339,T2,2026-06-08T19:35:00.000Z,19,19,18,0,1,0.9473684210526315,182.81597222222223
L340:T0,340,T0,2025-12-19T00:00:00.000Z,26,26,22,0,4,0.8461538461538461,130
L340:T1:I1500,340,T1,2025-12-26T16:22:00.000Z,27,27,25,0,2,0.9259259259259259,137.68194444444444
L340:T2:I1501,340,T2,2025-12-28T17:58:10.000Z,28,28,26,0,2,0.9285714285714286,139.74872685185184
L340:T2:I1502,340,T2,2026-02-23T14:15:00.000Z,30,30,27,0,3,0.9,134.59375
L341:T0,341,T0,2026-03-03T00:00:00.000Z,27,27,27,0,0,1,74
L341:T1:I1504,341,T1,2026-03-12T18:34:06.000Z,28,28,28,0,0,1,83.77368055555556
L341:T2:I1503,341,T2,2026-03-14T11:44:04.000Z,28,28,28,0,0,1,85.48893518518518
L342:T0,342,T0,2026-02-15T00:00:00.000Z,16,16,16,0,0,1,75
L342:T1:I1505,342,T1,2026-02-20T11:32:58.000Z,17,17,17,0,0,1,50.48122685185185
L342:T2:I1506,342,T2,2026-02-27T12:52:34.000Z,17,17,17,0,0,1,57.53650462962963
L343:T0,343,T0,2025-08-29T00:00:00.000Z,60,59,50,1,9,0.8333333333333334,205
L343:T1:I1507,343,T1,2025-09-11T14:20:33.000Z,61,60,53,1,7,0.8688524590163934,218.59760416666666
L344:T0,344,T0,2025-02-18T00:00:00.000Z,19,5,5,14,0,0.2631578947368421,25
L344:T1:I1511,344,T1,2025-02-25T08:34:38.000Z,20,8,8,12,0,0.4,32.35738425925926
L344:T2:I1509,344,T2,2025-03-26T08:44:00.000Z,21,10,10,11,0,0.47619047619047616,51.36388888888889
L344:T2:I1510,344,T2,2025-05-18T19:08:00.000Z,28,22,20,6,2,0.7142857142857143,104.79722222222222
L344:T2:I1508,344,T2,2025-06-26T15:52:00.000Z,30,26,24,4,2,0.8,121.66111111111111
L345:T0,345,T0,2025-08-27T00:00:00.000Z,22,22,18,0,4,0.8181818181818182,214
L345:T1:I1516,345,T1,2025-08-27T19:44:55.000Z,23,23,19,0,4,0.8260869565217391,214.8228587962963
L345:T2:I1514,345,T2,2025-08-28T20:52:22.000Z,22,22,18,0,4,0.8181818181818182,215.86969907407408
L345:T2:I1515,345,T2,2025-08-30T09:19:23.000Z,23,22,18,1,4,0.782608695652174,217.38846064814814
L345:T2:I1513,345,T2,2025-09-01T09:01:42.000Z,23,23,20,0,3,0.8695652173913043,219.37618055555555
L345:T2:I1512,345,T2,2025-09-08T10:45:24.000Z,23,23,21,0,2,0.9130434782608695,226.44819444444445
L346:T0,346,T0,2025-05-13T00:00:00.000Z,26,20,19,6,1,0.7307692307692307,105
L346:T1:I1517,346,T1,2025-07-26T11:52:00.000Z,31,30,27,1,3,0.8709677419354839,156.49444444444444
L347:T0,347,T0,2026-01-05T00:00:00.000Z,17,17,17,0,0,1,67
L347:T1:I1518,347,T1,2026-01-07T11:38:39.000Z,19,19,18,0,1,0.9473684210526315,213.48517361111112
L347:T2:I1520,347,T2,2026-01-10T10:28:52.000Z,19,19,19,0,0,1,72.43671296296296
L347:T2:I1521,347,T2,2026-01-15T12:58:26.000Z,19,19,19,0,0,1,77.5405787037037
L347:T2:I1519,347,T2,2026-02-17T18:24:00.000Z,20,20,19,0,1,0.95,97.76666666666667
L348:T0,348,T0,2026-06-08T00:00:00.000Z,49,49,49,0,0,1,78
L348:T1:I1522,348,T1,2026-06-08T10:06:56.000Z,50,50,50,0,0,1,78.42148148148148
L348:T2:I1523,348,T2,2026-06-08T14:49:31.000Z,50,50,50,0,0,1,78.6177199074074
L348:T2:I1524,348,T2,2026-06-17T08:50:30.000Z,50,50,49,0,1,0.98,145.3684027777778
L348:T2:I1525,348,T2,2026-06-20T13:14:54.000Z,50,50,49,0,1,0.98,90.5520138888889
L349:T0,349,T0,2026-05-26T00:00:00.000Z,78,78,77,0,1,0.9871794871794872,136
L349:T1:I1526,349,T1,2026-06-01T20:05:29.000Z,79,79,77,0,2,0.9746835443037974,142.8371412037037
L350:T0,350,T0,2026-02-13T00:00:00.000Z,59,59,54,0,5,0.9152542372881356,186
L350:T1:I1532,350,T1,2026-02-15T18:26:46.000Z,62,62,58,0,4,0.9354838709677419,188.76858796296295
L350:T2:I1531,350,T2,2026-02-17T07:12:56.000Z,62,62,58,0,4,0.9354838709677419,190.30064814814816
L350:T2:I1527,350,T2,2026-02-19T09:01:06.000Z,62,62,58,0,4,0.9354838709677419,192.37576388888888
L350:T2:I1530,350,T2,2026-02-19T18:05:34.000Z,62,62,58,0,4,0.9354838709677419,192.75386574074074
L350:T2:I1533,350,T2,2026-02-25T15:25:50.000Z,63,63,59,0,4,0.9365079365079365,198.6429398148148
L350:T2:I1528,350,T2,2026-02-25T18:08:36.000Z,63,63,59,0,4,0.9365079365079365,198.75597222222223
L350:T2:I1529,350,T2,2026-03-08T11:09:00.000Z,65,65,62,0,3,0.9538461538461539,209.46458333333334
L351:T0,351,T0,2026-02-10T00:00:00.000Z,72,72,68,0,4,0.9444444444444444,148
L351:T1:I1535,351,T1,2026-02-12T08:04:46.000Z,73,73,69,0,4,0.9452054794520548,150.3366435185185
L351:T2:I1538,351,T2,2026-02-12T18:20:05.000Z,73,73,68,0,5,0.9315068493150684,156.76394675925926
L351:T2:I1534,351,T2,2026-02-20T07:42:39.000Z,75,75,71,0,4,0.9466666666666667,158.32128472222223
L351:T2:I1539,351,T2,2026-02-21T10:08:32.000Z,74,74,72,0,2,0.972972972972973,159.4225925925926
L351:T2:I1537,351,T2,2026-02-21T11:09:18.000Z,75,75,73,0,2,0.9733333333333334,159.46479166666666
L351:T2:I1536,351,T2,2026-04-21T16:23:00.000Z,84,84,81,0,3,0.9642857142857143,133.6826388888889
L352:T0,352,T0,2026-06-11T00:00:00.000Z,68,68,68,0,0,1,85
L352:T1:I1540,352,T1,2026-06-24T18:16:50.000Z,70,70,68,0,2,0.9714285714285714,98.76168981481482
L353:T0,353,T0,2025-09-30T00:00:00.000Z,9,9,9,0,0,1,86
L353:T1:I1547,353,T1,2025-10-01T07:07:23.000Z,10,10,10,0,0,1,87.29679398148149
L353:T2:I1541,353,T2,2025-10-01T10:53:28.000Z,10,10,10,0,0,1,87.45379629629629
L353:T2:I1545,353,T2,2025-10-02T14:03:04.000Z,10,10,10,0,0,1,88.58546296296296
L353:T2:I1543,353,T2,2025-10-03T18:10:19.000Z,10,10,9,0,1,0.9,218.75716435185186
L353:T2:I1544,353,T2,2025-10-04T18:20:55.000Z,10,10,8,0,2,0.8,123.76452546296296
L353:T2:I1542,353,T2,2025-10-05T07:51:15.000Z,10,10,9,0,1,0.9,91.32725694444444
L353:T2:I1546,353,T2,2025-10-11T12:28:35.000Z,10,10,8,0,2,0.8,97.51984953703703
L353:T2:I1548,353,T2,2026-03-14T07:36:00.000Z,12,12,11,0,1,0.9166666666666666,113.31666666666666
L354:T0,354,T0,2025-01-07T00:00:00.000Z,13,0,0,13,0,0,
L354:T1:I1549,354,T1,2025-01-07T18:53:15.000Z,14,0,0,14,0,0,
L354:T2:I1551,354,T2,2025-10-20T17:54:00.000Z,43,43,37,0,6,0.8604651162790697,143.74583333333334
L354:T2:I1550,354,T2,2026-03-18T15:01:00.000Z,61,61,59,0,2,0.9672131147540983,142.62569444444443
L355:T0,355,T0,2026-05-13T00:00:00.000Z,66,66,65,0,1,0.9848484848484849,100
L355:T1:I1553,355,T1,2026-05-15T10:50:10.000Z,67,67,66,0,1,0.9850746268656716,102.45150462962962
L355:T2:I1552,355,T2,2026-05-18T10:40:20.000Z,67,67,66,0,1,0.9850746268656716,105.44467592592592
L355:T2:I1554,355,T2,2026-05-19T09:17:59.000Z,67,67,65,0,2,0.9701492537313433,106.38748842592592
L355:T2:I1555,355,T2,2026-05-20T14:12:22.000Z,67,67,65,0,2,0.9701492537313433,107.59192129629629
L355:T2:I1557,355,T2,2026-05-20T16:49:54.000Z,66,66,64,0,2,0.9696969696969697,107.70131944444445
L355:T2:I1558,355,T2,2026-05-31T09:32:00.000Z,68,68,67,0,1,0.9852941176470589,118.39722222222223
L355:T2:I1556,355,T2,2026-06-16T19:11:00.000Z,68,68,65,0,3,0.9558823529411765,134.79930555555555
L356:T0,356,T0,2025-11-03T00:00:00.000Z,48,47,40,1,7,0.8333333333333334,178
L356:T1:I1559,356,T1,2025-11-12T08:41:25.000Z,49,48,44,1,4,0.8979591836734694,187.3620949074074
L356:T2:I1560,356,T2,2026-02-13T09:00:00.000Z,56,56,52,0,4,0.9285714285714286,280.375
L357:T0,357,T0,2026-06-24T00:00:00.000Z,79,79,75,0,4,0.9493670886075949,147
L357:T1:I1562,357,T1,2026-06-28T07:47:47.000Z,80,80,77,0,3,0.9625,115.32484953703704
L357:T2:I1561,357,T2,2026-06-28T09:45:35.000Z,80,80,77,0,3,0.9625,115.40665509259259
L357:T2:I1565,357,T2,2026-07-01T11:17:25.000Z,81,81,78,0,3,0.9629629629629629,118.47042824074074
L357:T2:I1564,357,T2,2026-07-05T10:33:40.000Z,81,81,78,0,3,0.9629629629629629,122.4400462962963
L357:T2:I1563,357,T2,2026-07-06T18:37:41.000Z,81,81,78,0,3,0.9629629629629629,123.77616898148148
L358:T0,358,T0,2026-03-20T00:00:00.000Z,130,130,123,0,7,0.9461538461538461,176
L358:T1:I1566,358,T1,2026-03-27T07:23:16.000Z,133,133,126,0,7,0.9473684210526315,183.30782407407406
L358:T2:I1567,358,T2,2026-03-27T08:20:37.000Z,133,133,126,0,7,0.9473684210526315,183.34765046296297
L359:T0,359,T0,2026-01-27T00:00:00.000Z,44,44,44,0,0,1,88
L359:T1:I1569,359,T1,2026-01-29T16:50:06.000Z,45,45,44,0,1,0.9777777777777777,90.70145833333333
L359:T2:I1570,359,T2,2026-01-30T19:27:47.000Z,45,45,44,0,1,0.9777777777777777,91.81096064814815
L359:T2:I1568,359,T2,2026-02-05T18:53:03.000Z,44,44,42,0,2,0.9545454545454546,97.78684027777778
L359:T2:I1571,359,T2,2026-02-06T13:25:48.000Z,45,45,43,0,2,0.9555555555555556,98.55958333333334
L359:T2:I1572,359,T2,2026-03-16T17:02:00.000Z,47,47,43,0,4,0.9148936170212766,136.7097222222222
L359:T2:I1574,359,T2,2026-03-23T10:45:00.000Z,50,50,48,0,2,0.96,143.44791666666666
L359:T2:I1573,359,T2,2026-04-01T17:31:00.000Z,51,51,50,0,1,0.9803921568627451,152.72986111111112
L360:T0,360,T0,2025-08-08T00:00:00.000Z,20,20,15,0,5,0.75,195
L360:T1:I1575,360,T1,2025-09-29T16:03:00.000Z,23,23,21,0,2,0.9130434782608695,247.66875
L361:T0,361,T0,2026-05-08T00:00:00.000Z,63,63,62,0,1,0.9841269841269841,193
L361:T1:I1576,361,T1,2026-05-17T09:45:00.000Z,64,64,62,0,2,0.96875,202.40625
L361:T2:I1579,361,T2,2026-05-18T19:34:23.000Z,64,64,62,0,2,0.96875,203.81554398148148
L361:T2:I1578,361,T2,2026-05-30T14:57:00.000Z,64,64,62,0,2,0.96875,104.62291666666667
L361:T2:I1577,361,T2,2026-06-08T18:08:00.000Z,64,64,63,0,1,0.984375,103.75555555555556
L362:T0,362,T0,2026-05-15T00:00:00.000Z,107,107,104,0,3,0.9719626168224299,232
L362:T1:I1580,362,T1,2026-05-15T20:21:01.000Z,108,108,105,0,3,0.9722222222222222,232.84792824074074
L362:T2:I1583,362,T2,2026-05-18T14:34:20.000Z,108,108,106,0,2,0.9814814814814815,235.60717592592593
L362:T2:I1581,362,T2,2026-05-26T18:23:20.000Z,108,108,105,0,3,0.9722222222222222,243.7662037037037
L362:T2:I1582,362,T2,2026-06-06T16:21:00.000Z,108,108,106,0,2,0.9814814814814815,107.68125
L363:T0,363,T0,2026-05-29T00:00:00.000Z,80,80,78,0,2,0.975,109
L363:T1:I1586,363,T1,2026-05-29T17:08:57.000Z,80,80,78,0,2,0.975,109.71454861111111
L363:T2:I1585,363,T2,2026-05-31T15:00:14.000Z,81,81,79,0,2,0.9753086419753086,111.62516203703704
L363:T2:I1587,363,T2,2026-06-07T10:49:04.000Z,82,82,82,0,0,1,81.45074074074074
L363:T2:I1591,363,T2,2026-06-08T10:55:34.000Z,82,82,82,0,0,1,82.45525462962964
L363:T2:I1590,363,T2,2026-06-08T11:25:45.000Z,82,82,82,0,0,1,82.47621527777778
L363:T2:I1589,363,T2,2026-06-09T08:33:43.000Z,82,82,82,0,0,1,83.35674768518518
L363:T2:I1588,363,T2,2026-06-11T13:22:05.000Z,82,82,82,0,0,1,85.55700231481481
L363:T2:I1584,363,T2,2026-06-11T14:22:22.000Z,82,82,82,0,0,1,85.59886574074073
L364:T0,364,T0,2025-10-22T00:00:00.000Z,9,9,7,0,2,0.7777777777777778,108
L364:T1:I1594,364,T1,2025-10-22T15:51:32.000Z,10,10,8,0,2,0.8,108.66078703703704
L364:T2:I1595,364,T2,2025-10-29T08:58:25.000Z,10,10,8,0,2,0.8,115.37390046296296
L364:T2:I1598,364,T2,2025-10-31T17:38:19.000Z,10,10,8,0,2,0.8,117.73494212962963
L364:T2:I1592,364,T2,2025-11-01T16:05:26.000Z,10,10,8,0,2,0.8,118.67043981481481
L364:T2:I1596,364,T2,2025-11-02T17:01:32.000Z,10,10,7,0,3,0.7,119.70939814814815
L364:T2:I1593,364,T2,2025-12-21T18:28:00.000Z,11,11,10,0,1,0.9090909090909091,118.76944444444445
L364:T2:I1597,364,T2,2026-03-18T13:58:00.000Z,12,12,11,0,1,0.9166666666666666,117.58194444444445
L365:T0,365,T0,2025-11-07T00:00:00.000Z,20,20,19,0,1,0.95,96
L365:T1:I1603,365,T1,2025-11-07T17:37:45.000Z,21,21,19,0,2,0.9047619047619048,103.73454861111111
L365:T2:I1599,365,T2,2025-11-15T09:15:10.000Z,21,21,20,0,1,0.9523809523809523,104.38553240740741
L365:T2:I1602,365,T2,2026-03-10T16:55:00.000Z,25,25,25,0,0,1,84.70486111111111
L365:T2:I1601,365,T2,2026-03-10T19:57:00.000Z,25,25,25,0,0,1,84.83125
L365:T2:I1600,365,T2,2026-05-06T11:37:00.000Z,28,28,27,0,1,0.9642857142857143,98.48402777777778
L366:T0,366,T0,2026-01-13T00:00:00.000Z,46,46,43,0,3,0.9347826086956522,211
L366:T1:I1610,366,T1,2026-01-13T09:15:11.000Z,47,47,44,0,3,0.9361702127659575,211.38554398148148
L366:T2:I1606,366,T2,2026-01-14T17:30:12.000Z,46,46,43,0,3,0.9347826086956522,212.72930555555556
L366:T2:I1609,366,T2,2026-01-16T19:07:07.000Z,47,47,43,0,4,0.9148936170212766,214.79660879629628
L366:T2:I1607,366,T2,2026-01-18T19:57:47.000Z,47,47,42,0,5,0.8936170212765957,216.83179398148147
L366:T2:I1604,366,T2,2026-01-22T09:16:54.000Z,48,48,42,0,6,0.875,220.3867361111111
L366:T2:I1608,366,T2,2026-01-22T10:10:27.000Z,47,47,42,0,5,0.8936170212765957,220.42392361111112
L366:T2:I1605,366,T2,2026-05-11T12:25:00.000Z,55,55,52,0,3,0.9454545454545454,105.51736111111111
L367:T0,367,T0,2025-06-10T00:00:00.000Z,19,17,15,2,2,0.7894736842105263,117
L367:T1:I1611,367,T1,2025-06-21T11:18:39.000Z,20,19,15,1,4,0.75,128.4712847222222
L367:T2:I1613,367,T2,2025-09-13T19:19:00.000Z,24,24,20,0,4,0.8333333333333334,150.8048611111111
L367:T2:I1614,367,T2,2025-10-17T14:34:00.000Z,24,24,21,0,3,0.875,160.60694444444445
L367:T2:I1615,367,T2,2026-04-21T16:56:00.000Z,32,32,30,0,2,0.9375,155.70555555555555
L367:T2:I1612,367,T2,2026-06-08T19:27:00.000Z,35,35,32,0,3,0.9142857142857143,203.81041666666667
L367:T2:I1616,367,T2,2026-06-26T17:16:00.000Z,36,36,33,0,3,0.9166666666666666,221.71944444444443
L368:T0,368,T0,2025-03-19T00:00:00.000Z,5,2,2,3,0,0.4,22
L368:T1:I1618,368,T1,2025-03-29T13:16:30.000Z,6,2,2,4,0,0.3333333333333333,32.553125
L368:T2:I1617,368,T2,2025-03-30T08:36:02.000Z,6,3,3,3,0,0.5,33.35835648148148
L369:T0,369,T0,2026-02-05T00:00:00.000Z,40,40,36,0,4,0.9,197
L369:T1:I1620,369,T1,2026-02-05T14:45:22.000Z,41,41,37,0,4,0.9024390243902439,197.61483796296295
L369:T2:I1619,369,T2,2026-02-09T19:12:53.000Z,42,42,38,0,4,0.9047619047619048,201.80061342592592
L369:T2:I1621,369,T2,2026-02-14T09:57:20.000Z,42,42,38,0,4,0.9047619047619048,206.4148148148148
L370:T0,370,T0,2025-08-23T00:00:00.000Z,20,20,18,0,2,0.9,150
L370:T1:I1622,370,T1,2025-08-24T16:41:42.000Z,21,21,18,0,3,0.8571428571428571,151.695625
L371:T0,371,T0,2025-04-01T00:00:00.000Z,5,2,2,3,0,0.4,63
L371:T1:I1625,371,T1,2025-04-08T11:33:40.000Z,6,3,3,3,0,0.5,70.48171296296296
L371:T2:I1624,371,T2,2025-04-12T12:33:39.000Z,6,2,2,4,0,0.3333333333333333,74.52336805555555
L371:T2:I1626,371,T2,2025-04-26T13:57:00.000Z,7,4,4,3,0,0.5714285714285714,88.58125
L371:T2:I1627,371,T2,2025-09-28T19:41:00.000Z,8,7,7,1,0,0.875,74.82013888888889
L371:T2:I1630,371,T2,2025-10-18T17:03:00.000Z,8,7,7,1,0,0.875,46.71041666666667
L371:T2:I1623,371,T2,2026-01-12T07:42:00.000Z,8,8,8,0,0,1,62.32083333333333
L371:T2:I1628,371,T2,2026-05-01T18:07:00.000Z,11,11,11,0,0,1,86.75486111111111
L371:T2:I1629,371,T2,2026-06-02T12:01:00.000Z,12,12,12,0,0,1,67.50069444444445
L372:T0,372,T0,2026-05-30T00:00:00.000Z,112,112,110,0,2,0.9821428571428571,99
L372:T1:I1634,372,T1,2026-06-04T13:16:09.000Z,114,114,113,0,1,0.9912280701754386,104.55288194444445
L372:T2:I1636,372,T2,2026-06-07T15:14:53.000Z,113,113,112,0,1,0.9911504424778761,107.63533564814814
L372:T2:I1631,372,T2,2026-06-09T08:45:00.000Z,114,114,113,0,1,0.9912280701754386,109.36458333333333
L372:T2:I1633,372,T2,2026-06-11T19:56:16.000Z,117,117,116,0,1,0.9914529914529915,111.83074074074074
L372:T2:I1632,372,T2,2026-06-16T14:18:00.000Z,118,118,116,0,2,0.9830508474576272,94.59583333333333
L372:T2:I1635,372,T2,2026-06-19T20:20:00.000Z,118,118,116,0,2,0.9830508474576272,97.84722222222223
L373:T0,373,T0,2025-07-02T00:00:00.000Z,19,17,16,2,1,0.8421052631578947,150
L373:T1:I1637,373,T1,2025-07-06T11:25:37.000Z,20,18,16,2,2,0.8,154.47612268518517
L373:T2:I1639,373,T2,2025-07-06T13:48:33.000Z,20,18,17,2,1,0.85,154.57538194444444
L373:T2:I1638,373,T2,2025-09-13T09:08:00.000Z,25,25,23,0,2,0.92,119.38055555555556
L374:T0,374,T0,2025-12-03T00:00:00.000Z,27,27,27,0,0,1,69
L374:T1:I1641,374,T1,2025-12-13T11:16:57.000Z,28,28,28,0,0,1,79.47010416666667
L374:T2:I1640,374,T2,2026-01-01T18:28:00.000Z,28,28,26,0,2,0.9285714285714286,98.76944444444445
L375:T0,375,T0,2025-08-06T00:00:00.000Z,35,30,28,5,2,0.8,136
L375:T1:I1645,375,T1,2025-08-06T10:00:37.000Z,36,31,28,5,3,0.7777777777777778,136.4170949074074
L375:T2:I1649,375,T2,2025-08-09T07:51:53.000Z,36,31,28,5,3,0.7777777777777778,139.32769675925925
L375:T2:I1646,375,T2,2025-08-09T16:45:33.000Z,36,31,28,5,3,0.7777777777777778,139.6982986111111
L375:T2:I1647,375,T2,2025-08-16T15:53:34.000Z,37,32,30,5,2,0.8108108108108109,109.66219907407407
L375:T2:I1642,375,T2,2025-08-17T13:45:16.000Z,37,32,30,5,2,0.8108108108108109,110.57310185185185
L375:T2:I1644,375,T2,2025-08-17T16:57:42.000Z,37,32,29,5,3,0.7837837837837838,110.70673611111111
L375:T2:I1648,375,T2,2025-09-02T15:04:00.000Z,38,35,33,3,2,0.868421052631579,117.62777777777778
L375:T2:I1643,375,T2,2025-09-28T09:57:00.000Z,40,38,36,2,2,0.9,143.41458333333333
L376:T0,376,T0,2025-08-01T00:00:00.000Z,42,39,34,3,5,0.8095238095238095,114
L376:T1:I1650,376,T1,2025-08-02T19:12:04.000Z,44,41,34,3,7,0.7727272727272727,115.8000462962963
L376:T2:I1651,376,T2,2026-01-29T15:30:00.000Z,60,60,56,0,4,0.9333333333333333,171.64583333333334
L377:T0,377,T0,2026-04-08T00:00:00.000Z,15,15,15,0,0,1,73
L377:T1:I1655,377,T1,2026-04-08T12:28:01.000Z,16,16,16,0,0,1,73.51945601851853
L377:T2:I1653,377,T2,2026-04-08T15:16:28.000Z,16,16,16,0,0,1,73.63643518518519
L377:T2:I1654,377,T2,2026-04-10T08:19:34.000Z,16,16,16,0,0,1,75.3469212962963
L377:T2:I1657,377,T2,2026-04-13T18:24:43.000Z,17,17,17,0,0,1,68.76716435185185
L377:T2:I1656,377,T2,2026-04-16T16:20:04.000Z,17,17,17,0,0,1,86.68060185185185
L377:T2:I1652,377,T2,2026-04-17T08:58:06.000Z,17,17,17,0,0,1,72.37368055555555
L377:T2:I1658,377,T2,2026-05-23T10:31:00.000Z,19,19,19,0,0,1,57.43819444444444
L378:T0,378,T0,2026-03-27T00:00:00.000Z,16,16,14,0,2,0.875,102
L378:T1:I1662,378,T1,2026-03-30T10:27:39.000Z,17,17,15,0,2,0.8823529411764706,105.43586805555556
L378:T2:I1661,378,T2,2026-03-30T14:01:21.000Z,17,17,15,0,2,0.8823529411764706,105.58427083333333
L378:T2:I1664,378,T2,2026-04-02T18:21:09.000Z,17,17,15,0,2,0.8823529411764706,108.7646875
L378:T2:I1660,378,T2,2026-04-04T20:02:24.000Z,17,17,14,0,3,0.8235294117647058,112.835
L378:T2:I1659,378,T2,2026-04-08T16:40:04.000Z,17,17,16,0,1,0.9411764705882353,114.69449074074075
L378:T2:I1663,378,T2,2026-06-04T19:17:00.000Z,19,19,19,0,0,1,49.803472222222226
L379:T0,379,T0,2025-08-25T00:00:00.000Z,56,54,49,2,5,0.875,212
L379:T1:I1666,379,T1,2025-12-24T12:49:00.000Z,71,71,67,0,4,0.9436619718309859,173.53402777777777
L379:T2:I1665,379,T2,2026-05-10T10:57:00.000Z,90,90,88,0,2,0.9777777777777777,227.45625
L380:T0,380,T0,2025-10-03T00:00:00.000Z,11,11,10,0,1,0.9090909090909091,148
L380:T1:I1668,380,T1,2025-10-08T16:58:13.000Z,12,12,11,0,1,0.9166666666666666,153.7070949074074
L380:T2:I1667,380,T2,2026-01-19T12:26:00.000Z,15,15,15,0,0,1,59.518055555555556
L381:T0,381,T0,2025-12-06T00:00:00.000Z,40,40,36,0,4,0.9,134
L381:T1:I1670,381,T1,2025-12-08T19:15:36.000Z,41,41,37,0,4,0.9024390243902439,136.8025
L381:T2:I1669,381,T2,2026-05-28T09:22:00.000Z,51,51,49,0,2,0.9607843137254902,105.39027777777778
L381:T2:I1671,381,T2,2026-06-16T08:49:00.000Z,52,52,51,0,1,0.9807692307692307,124.36736111111111
L382:T0,382,T0,2025-03-02T00:00:00.000Z,10,4,4,6,0,0.4,29
L382:T1:I1672,382,T1,2025-03-07T11:16:41.000Z,11,6,6,5,0,0.5454545454545454,34.469918981481484
L382:T2:I1673,382,T2,2025-03-10T08:31:49.000Z,11,6,6,5,0,0.5454545454545454,37.35542824074074
L382:T2:I1674,382,T2,2025-03-10T09:57:08.000Z,11,5,5,6,0,0.45454545454545453,37.41467592592593
L383:T0,383,T0,2026-04-17T00:00:00.000Z,20,20,18,0,2,0.9,147
L383:T1:I1675,383,T1,2026-04-17T16:43:32.000Z,21,21,19,0,2,0.9047619047619048,147.69689814814814
L383:T2:I1676,383,T2,2026-04-20T11:28:45.000Z,21,21,19,0,2,0.9047619047619048,150.47829861111111
L383:T2:I1678,383,T2,2026-04-22T19:42:46.000Z,21,21,19,0,2,0.9047619047619048,152.82136574074073
L383:T2:I1677,383,T2,2026-04-23T16:59:25.000Z,21,21,19,0,2,0.9047619047619048,153.70792824074073
L383:T2:I1679,383,T2,2026-04-26T18:27:11.000Z,20,20,18,0,2,0.9,156.7688773148148
L384:T0,384,T0,2025-10-31T00:00:00.000Z,30,30,30,0,0,1,89
L384:T1:I1684,384,T1,2025-11-02T12:24:21.000Z,31,31,30,0,1,0.967741935483871,91.51690972222222
L384:T2:I1683,384,T2,2025-11-04T13:18:04.000Z,31,31,30,0,1,0.967741935483871,93.55421296296296
L384:T2:I1682,384,T2,2025-11-05T09:18:21.000Z,31,31,30,0,1,0.967741935483871,94.38774305555556
L384:T2:I1681,384,T2,2025-12-07T17:09:00.000Z,31,31,30,0,1,0.967741935483871,94.71458333333334
L384:T2:I1680,384,T2,2026-04-09T07:57:00.000Z,38,38,38,0,0,1,76.33125
L385:T0,385,T0,2025-03-17T00:00:00.000Z,7,4,4,3,0,0.5714285714285714,12
L385:T1:I1686,385,T1,2025-03-23T08:51:06.000Z,8,6,6,2,0,0.75,20.368819444444444
L385:T2:I1688,385,T2,2025-03-28T09:49:03.000Z,7,5,5,2,0,0.7142857142857143,23.4090625
L385:T2:I1689,385,T2,2025-03-29T11:18:41.000Z,8,5,5,3,0,0.625,24.47130787037037
L385:T2:I1685,385,T2,2025-03-29T11:40:56.000Z,8,5,5,3,0,0.625,24.48675925925926
L385:T2:I1690,385,T2,2025-03-30T08:36:46.000Z,7,5,5,2,0,0.7142857142857143,25.35886574074074
L385:T2:I1687,385,T2,2025-08-29T13:19:00.000Z,15,15,13,0,2,0.8666666666666667,114.55486111111111
L385:T2:I1691,385,T2,2025-10-17T16:32:00.000Z,17,17,15,0,2,0.8823529411764706,125.68888888888888
L386:T0,386,T0,2026-01-05T00:00:00.000Z,38,38,34,0,4,0.8947368421052632,134
L386:T1:I1692,386,T1,2026-01-12T10:33:25.000Z,39,39,35,0,4,0.8974358974358975,141.43987268518518
L387:T0,387,T0,2026-01-05T00:00:00.000Z,31,31,29,0,2,0.9354838709677419,133
L387:T1:I1693,387,T1,2026-01-09T12:36:30.000Z,31,31,29,0,2,0.9354838709677419,137.52534722222222
L387:T2:I1695,387,T2,2026-01-12T09:43:29.000Z,32,32,31,0,1,0.96875,140.40519675925927
L387:T2:I1694,387,T2,2026-05-31T18:58:00.000Z,42,42,42,0,0,1,74.79027777777777
L388:T0,388,T0,2025-12-03T00:00:00.000Z,49,49,43,0,6,0.8775510204081632,285
L388:T1:I1698,388,T1,2025-12-10T17:13:09.000Z,50,50,43,0,7,0.86,292.71746527777776
L388:T2:I1697,388,T2,2025-12-14T12:54:18.000Z,50,50,44,0,6,0.88,296.53770833333334
L388:T2:I1699,388,T2,2026-01-21T08:29:00.000Z,52,52,51,0,1,0.9807692307692307,165.35347222222222
L388:T2:I1696,388,T2,2026-01-29T09:58:00.000Z,55,55,53,0,2,0.9636363636363636,173.4152777777778
L389:T0,389,T0,2026-01-04T00:00:00.000Z,57,57,52,0,5,0.9122807017543859,225
L389:T1:I1700,389,T1,2026-01-05T09:30:34.000Z,58,58,53,0,5,0.9137931034482759,226.39622685185185
L389:T2:I1703,389,T2,2026-01-08T13:15:59.000Z,58,58,54,0,4,0.9310344827586207,229.5527662037037
L389:T2:I1704,389,T2,2026-01-12T19:28:37.000Z,58,58,52,0,6,0.896551724137931,233.81153935185185
L389:T2:I1701,389,T2,2026-01-15T16:15:12.000Z,58,58,53,0,5,0.9137931034482759,221.6772222222222
L389:T2:I1702,389,T2,2026-04-01T14:47:00.000Z,65,65,61,0,4,0.9384615384615385,131.6159722222222
L390:T0,390,T0,2026-04-06T00:00:00.000Z,73,73,70,0,3,0.958904109589041,119
L390:T1:I1709,390,T1,2026-04-08T12:11:18.000Z,74,74,71,0,3,0.9594594594594594,121.50784722222222
L390:T2:I1708,390,T2,2026-04-09T19:28:11.000Z,74,74,71,0,3,0.9594594594594594,122.81123842592592
L390:T2:I1705,390,T2,2026-04-10T10:46:22.000Z,75,75,72,0,3,0.96,123.44886574074074
L390:T2:I1707,390,T2,2026-04-11T20:27:32.000Z,75,75,73,0,2,0.9733333333333334,106.8524537037037
L390:T2:I1710,390,T2,2026-04-14T15:59:49.000Z,76,76,74,0,2,0.9736842105263158,109.66653935185185
L390:T2:I1706,390,T2,2026-04-19T14:10:56.000Z,76,76,76,0,0,1,83.59092592592593
L390:T2:I1711,390,T2,2026-06-14T07:34:00.000Z,86,86,85,0,1,0.9883720930232558,102.31527777777778
L391:T0,391,T0,2025-10-28T00:00:00.000Z,37,37,34,0,3,0.918918918918919,140
L391:T1:I1713,391,T1,2025-10-30T14:28:54.000Z,38,38,35,0,3,0.9210526315789473,142.60340277777777
L391:T2:I1712,391,T2,2025-11-02T14:17:32.000Z,38,38,36,0,2,0.9473684210526315,121.59550925925926
L391:T2:I1714,391,T2,2025-11-10T14:36:37.000Z,38,38,35,0,3,0.9210526315789473,129.60876157407407
L392:T0,392,T0,2025-02-28T00:00:00.000Z,17,5,5,12,0,0.29411764705882354,35
L392:T1:I1716,392,T1,2025-03-03T11:58:54.000Z,18,6,6,12,0,0.3333333333333333,38.49923611111111
L392:T2:I1717,392,T2,2025-04-10T19:40:00.000Z,21,14,14,7,0,0.6666666666666666,76.81944444444444
L392:T2:I1715,392,T2,2025-11-19T08:05:00.000Z,34,34,33,0,1,0.9705882352941176,104.33680555555556
L392:T2:I1718,392,T2,2026-01-08T08:34:00.000Z,36,36,35,0,1,0.9722222222222222,97.35694444444445
L393:T0,393,T0,2026-05-11T00:00:00.000Z,58,58,54,0,4,0.9310344827586207,114
L393:T1:I1719,393,T1,2026-05-13T09:49:16.000Z,59,59,56,0,3,0.9491525423728814,116.40921296296297
L393:T2:I1721,393,T2,2026-05-16T09:32:00.000Z,59,59,57,0,2,0.9661016949152542,119.39722222222223
L393:T2:I1720,393,T2,2026-05-24T12:33:20.000Z,59,59,57,0,2,0.9661016949152542,119.52314814814815
L394:T0,394,T0,2025-09-01T00:00:00.000Z,11,11,9,0,2,0.8181818181818182,166
L394:T1:I1724,394,T1,2025-09-10T09:10:46.000Z,12,12,11,0,1,0.9166666666666666,108.38247685185185
L394:T2:I1722,394,T2,2026-02-21T18:42:00.000Z,16,16,16,0,0,1,53.77916666666667
L394:T2:I1723,394,T2,2026-04-13T17:44:00.000Z,17,17,16,0,1,0.9411764705882353,104.7388888888889
L395:T0,395,T0,2025-10-17T00:00:00.000Z,62,62,59,0,3,0.9516129032258065,209
L395:T1:I1727,395,T1,2025-10-19T17:12:43.000Z,63,63,59,0,4,0.9365079365079365,211.71716435185186
L395:T2:I1730,395,T2,2025-10-19T18:37:16.000Z,63,63,58,0,5,0.9206349206349206,211.77587962962963
L395:T2:I1728,395,T2,2025-10-27T07:26:54.000Z,63,63,58,0,5,0.9206349206349206,219.31034722222222
L395:T2:I1726,395,T2,2025-12-31T19:50:00.000Z,70,70,68,0,2,0.9714285714285714,130.82638888888889
L395:T2:I1729,395,T2,2026-04-27T20:15:00.000Z,84,84,81,0,3,0.9642857142857143,139.84375
L395:T2:I1725,395,T2,2026-06-13T19:38:00.000Z,91,91,89,0,2,0.978021978021978,101.81805555555556
L396:T0,396,T0,2025-06-06T00:00:00.000Z,35,30,26,5,4,0.7428571428571429,113
L396:T1:I1731,396,T1,2025-06-06T17:01:23.000Z,36,31,27,5,4,0.75,113.70929398148148
L396:T2:I1736,396,T2,2025-06-15T08:42:23.000Z,38,33,30,5,3,0.7894736842105263,122.3627662037037
L396:T2:I1732,396,T2,2025-07-13T09:20:00.000Z,40,39,37,1,2,0.925,146.38888888888889
L396:T2:I1734,396,T2,2025-08-13T20:35:00.000Z,47,46,44,1,2,0.9361702127659575,177.85763888888889
L396:T2:I1733,396,T2,2025-09-22T20:14:00.000Z,56,55,49,1,6,0.875,217.84305555555557
L396:T2:I1735,396,T2,2026-01-19T08:49:00.000Z,64,64,63,0,1,0.984375,119.36736111111111
L397:T0,397,T0,2025-03-28T00:00:00.000Z,24,6,6,18,0,0.25,25
L397:T1:I1740,397,T1,2025-03-31T09:41:11.000Z,24,7,7,17,0,0.2916666666666667,28.40359953703704
L397:T2:I1738,397,T2,2025-04-07T16:25:54.000Z,26,7,7,19,0,0.2692307692307692,35.68465277777778
L397:T2:I1739,397,T2,2025-06-07T16:44:00.000Z,29,17,16,12,1,0.5517241379310345,96.69722222222222
L397:T2:I1743,397,T2,2025-08-19T13:38:00.000Z,34,31,28,3,3,0.8235294117647058,112.56805555555556
L397:T2:I1741,397,T2,2025-09-14T19:49:00.000Z,38,36,33,2,3,0.868421052631579,129.82569444444445
L397:T2:I1737,397,T2,2026-02-02T19:38:00.000Z,45,45,44,0,1,0.9777777777777777,94.81805555555556
L397:T2:I1744,397,T2,2026-05-11T15:29:00.000Z,55,55,52,0,3,0.9454545454545454,110.6451388888889
L397:T2:I1742,397,T2,2026-06-08T18:03:00.000Z,55,55,53,0,2,0.9636363636363636,137.75208333333333
L398:T0,398,T0,2026-05-19T00:00:00.000Z,141,141,139,0,2,0.9858156028368794,236
L398:T1:I1746,398,T1,2026-05-21T07:11:05.000Z,141,141,138,0,3,0.9787234042553191,238.29936342592592
L398:T2:I1745,398,T2,2026-05-21T12:22:31.000Z,142,142,139,0,3,0.9788732394366197,238.51563657407408
L398:T2:I1751,398,T2,2026-05-24T09:34:39.000Z,142,142,138,0,4,0.971830985915493,241.3990625
L398:T2:I1750,398,T2,2026-05-24T19:53:23.000Z,142,142,138,0,4,0.971830985915493,241.82873842592593
L398:T2:I1748,398,T2,2026-05-31T09:30:27.000Z,141,141,136,0,5,0.9645390070921985,248.39614583333332
L398:T2:I1749,398,T2,2026-06-01T15:41:40.000Z,142,142,138,0,4,0.971830985915493,125.65393518518519
L398:T2:I1747,398,T2,2026-06-29T14:29:00.000Z,146,146,142,0,4,0.9726027397260274,119.60347222222222
L399:T0,399,T0,2026-01-02T00:00:00.000Z,34,34,32,0,2,0.9411764705882353,138
L399:T1:I1758,399,T1,2026-01-05T16:32:04.000Z,35,35,33,0,2,0.9428571428571428,141.6889351851852
L399:T2:I1756,399,T2,2026-01-08T08:40:17.000Z,35,35,32,0,3,0.9142857142857143,144.36130787037038
L399:T2:I1755,399,T2,2026-01-08T20:33:41.000Z,35,35,32,0,3,0.9142857142857143,144.85672453703702
L399:T2:I1753,399,T2,2026-01-09T08:19:02.000Z,35,35,32,0,3,0.9142857142857143,145.34655092592592
L399:T2:I1754,399,T2,2026-01-11T17:39:06.000Z,35,35,33,0,2,0.9428571428571428,147.7354861111111
L399:T2:I1757,399,T2,2026-01-12T10:52:12.000Z,35,35,33,0,2,0.9428571428571428,148.45291666666665
L399:T2:I1752,399,T2,2026-01-15T07:17:22.000Z,35,35,33,0,2,0.9428571428571428,151.30372685185185
L400:T0,400,T0,2025-08-25T00:00:00.000Z,17,17,13,0,4,0.7647058823529411,177
L400:T1:I1762,400,T1,2025-08-25T09:02:47.000Z,18,18,13,0,5,0.7222222222222222,177.37693287037038
L400:T2:I1761,400,T2,2025-08-28T19:14:23.000Z,18,18,14,0,4,0.7777777777777778,155.8016550925926
L400:T2:I1766,400,T2,2025-09-02T19:44:41.000Z,18,18,14,0,4,0.7777777777777778,160.82269675925926
L400:T2:I1764,400,T2,2025-09-04T16:56:12.000Z,18,18,13,0,5,0.7222222222222222,162.70569444444445
L400:T2:I1759,400,T2,2025-09-05T07:10:05.000Z,18,18,13,0,5,0.7222222222222222,163.29866898148148
L400:T2:I1760,400,T2,2025-09-06T09:02:42.000Z,18,18,13,0,5,0.7222222222222222,164.376875
L400:T2:I1763,400,T2,2026-03-23T15:38:00.000Z,22,22,20,0,2,0.9090909090909091,120.65138888888889
L400:T2:I1765,400,T2,2026-05-24T12:37:00.000Z,28,28,28,0,0,1,89.52569444444444
L401:T0,401,T0,2025-08-16T00:00:00.000Z,44,43,35,1,8,0.7954545454545454,129
L401:T1:I1767,401,T1,2025-08-28T18:36:39.000Z,47,46,39,1,7,0.8297872340425532,141.77545138888888
L401:T2:I1768,401,T2,2026-04-01T13:06:00.000Z,69,69,68,0,1,0.9855072463768116,98.54583333333333
L402:T0,402,T0,2025-07-10T00:00:00.000Z,11,11,10,0,1,0.9090909090909091,166
L402:T1:I1769,402,T1,2025-12-03T12:05:00.000Z,18,18,16,0,2,0.8888888888888888,125.50347222222223
L403:T0,403,T0,2026-06-26T00:00:00.000Z,77,77,75,0,2,0.974025974025974,99
L403:T1:I1770,403,T1,2026-07-06T08:15:06.000Z,78,78,76,0,2,0.9743589743589743,109.34381944444445
L403:T2:I1771,403,T2,2026-07-06T09:49:25.000Z,78,78,76,0,2,0.9743589743589743,109.40931712962963
L404:T0,404,T0,2025-06-04T00:00:00.000Z,10,7,7,3,0,0.7,88
L404:T1:I1774,404,T1,2025-08-12T16:20:00.000Z,14,13,12,1,1,0.8571428571428571,99.68055555555556
L404:T2:I1773,404,T2,2025-10-18T19:14:00.000Z,18,17,16,1,1,0.8888888888888888,141.80138888888888
L404:T2:I1772,404,T2,2026-03-10T16:30:00.000Z,27,27,26,0,1,0.9629629629629629,94.6875
L405:T0,405,T0,2026-03-20T00:00:00.000Z,26,26,25,0,1,0.9615384615384616,104
L405:T1:I1777,405,T1,2026-03-23T12:56:29.000Z,27,27,26,0,1,0.9629629629629629,92.53922453703704
L405:T2:I1776,405,T2,2026-03-24T09:22:23.000Z,27,27,26,0,1,0.9629629629629629,93.39054398148149
L405:T2:I1775,405,T2,2026-03-25T13:10:38.000Z,27,27,26,0,1,0.9629629629629629,94.54905092592593
L406:T0,406,T0,2025-01-04T00:00:00.000Z,13,0,0,13,0,0,
L406:T1:I1779,406,T1,2025-01-12T10:13:17.000Z,16,0,0,16,0,0,
L406:T2:I1778,406,T2,2025-06-21T20:04:00.000Z,33,28,25,5,3,0.7575757575757576,129.8361111111111
L407:T0,407,T0,2025-03-16T00:00:00.000Z,18,8,8,10,0,0.4444444444444444,35
L407:T1:I1781,407,T1,2025-03-19T15:07:12.000Z,19,8,8,11,0,0.42105263157894735,38.63
L407:T2:I1780,407,T2,2025-03-23T17:12:33.000Z,20,8,8,12,0,0.4,42.71704861111111
L408:T0,408,T0,2025-05-07T00:00:00.000Z,13,8,6,5,2,0.46153846153846156,94
L408:T1:I1783,408,T1,2025-05-08T17:25:24.000Z,14,9,7,5,2,0.5,95.72597222222223
L408:T2:I1785,408,T2,2025-05-16T19:14:33.000Z,15,10,8,5,2,0.5333333333333333,103.80177083333334
L408:T2:I1787,408,T2,2025-05-18T13:55:36.000Z,15,11,9,4,2,0.6,105.58027777777778
L408:T2:I1786,408,T2,2025-05-20T12:31:11.000Z,15,11,9,4,2,0.6,107.5216550925926
L408:T2:I1789,408,T2,2025-06-30T13:27:00.000Z,16,14,13,2,1,0.8125,123.56041666666667
L408:T2:I1788,408,T2,2025-07-10T20:09:00.000Z,16,14,13,2,1,0.8125,133.83958333333334
L408:T2:I1782,408,T2,2025-10-19T18:46:00.000Z,19,19,19,0,0,1,87.78194444444445
L408:T2:I1784,408,T2,2026-04-29T18:14:00.000Z,25,25,25,0,0,1,66.75972222222222
L409:T0,409,T0,2025-07-23T00:00:00.000Z,14,9,8,5,1,0.5714285714285714,180
L409:T1:I1792,409,T1,2025-07-24T16:34:35.000Z,15,10,9,5,1,0.6,181.69068287037038
L409:T2:I1790,409,T2,2025-08-03T20:24:53.000Z,15,11,10,4,1,0.6666666666666666,191.85061342592593
L409:T2:I1795,409,T2,2025-08-04T07:41:44.000Z,15,11,11,4,0,0.7333333333333333,59.320648148148145
L409:T2:I1794,409,T2,2025-09-21T12:12:00.000Z,16,15,14,1,1,0.875,92.50833333333334
L409:T2:I1791,409,T2,2025-10-12T19:33:00.000Z,16,16,15,0,1,0.9375,113.81458333333333
L409:T2:I1793,409,T2,2026-02-17T16:07:00.000Z,18,18,18,0,0,1,88.67152777777778
L410:T0,410,T0,2025-09-19T00:00:00.000Z,41,41,36,0,5,0.8780487804878049,206
L410:T1:I1802,410,T1,2025-09-20T16:54:29.000Z,41,41,35,0,6,0.8536585365853658,207.70450231481482
L410:T2:I1797,410,T2,2025-09-23T12:42:21.000Z,42,42,35,0,7,0.8333333333333334,210.52940972222223
L410:T2:I1796,410,T2,2025-09-24T12:21:27.000Z,42,42,35,0,7,0.8333333333333334,211.51489583333333
L410:T2:I1800,410,T2,2025-09-28T09:39:26.000Z,42,42,36,0,6,0.8571428571428571,215.40238425925926
L410:T2:I1801,410,T2,2025-10-01T17:36:17.000Z,43,43,38,0,5,0.8837209302325582,156.7335300925926
L410:T2:I1803,410,T2,2025-10-06T15:28:00.000Z,44,44,41,0,3,0.9318181818181818,161.64444444444445
L410:T2:I1798,410,T2,2026-01-26T20:22:00.000Z,51,51,49,0,2,0.9607843137254902,133.8486111111111
L410:T2:I1799,410,T2,2026-04-25T12:26:00.000Z,59,59,56,0,3,0.9491525423728814,137.51805555555555
L411:T0,411,T0,2025-03-27T00:00:00.000Z,6,2,2,4,0,0.3333333333333333,58
L411:T1:I1807,411,T1,2025-03-27T07:06:16.000Z,7,2,2,5,0,0.2857142857142857,58.296018518518515
L411:T2:I1806,411,T2,2025-04-03T15:12:12.000Z,7,3,3,4,0,0.42857142857142855,65.63347222222222
L411:T2:I1804,411,T2,2025-04-06T15:55:35.000Z,7,3,3,4,0,0.42857142857142855,68.66359953703704
L411:T2:I1805,411,T2,2025-04-07T19:19:45.000Z,6,2,2,4,0,0.3333333333333333,69.80538194444445
L411:T2:I1808,411,T2,2025-04-12T13:43:00.000Z,7,3,3,4,0,0.42857142857142855,74.57152777777777
L412:T0,412,T0,2025-07-04T00:00:00.000Z,33,32,30,1,2,0.9090909090909091,149
L412:T1:I1811,412,T1,2025-07-07T11:18:04.000Z,36,35,32,1,3,0.8888888888888888,152.47087962962962
L412:T2:I1810,412,T2,2025-07-14T07:16:40.000Z,36,35,33,1,2,0.9166666666666666,159.30324074074073
L412:T2:I1812,412,T2,2025-11-29T10:12:00.000Z,48,48,43,0,5,0.8958333333333334,170.425
L412:T2:I1809,412,T2,2025-12-15T16:33:00.000Z,53,53,49,0,4,0.9245283018867925,186.68958333333333
L412:T2:I1813,412,T2,2026-04-04T11:25:00.000Z,62,62,59,0,3,0.9516129032258065,159.47569444444446
L413:T0,413,T0,2026-05-09T00:00:00.000Z,93,93,91,0,2,0.978494623655914,112
L413:T1:I1814,413,T1,2026-05-09T13:08:36.000Z,93,93,91,0,2,0.978494623655914,112.54763888888888
L413:T2:I1815,413,T2,2026-05-11T07:19:36.000Z,95,95,93,0,2,0.9789473684210527,114.30527777777777
L414:T0,414,T0,2025-05-16T00:00:00.000Z,39,18,18,21,0,0.46153846153846156,74
L414:T1:I1816,414,T1,2025-05-22T13:25:43.000Z,40,19,19,21,0,0.475,80.55952546296297
L414:T2:I1820,414,T2,2025-05-29T20:19:40.000Z,40,19,19,21,0,0.475,87.84699074074074
L414:T2:I1821,414,T2,2025-06-30T16:19:00.000Z,41,27,24,14,3,0.5853658536585366,113.67986111111111
L414:T2:I1822,414,T2,2025-11-26T19:53:00.000Z,55,55,52,0,3,0.9454545454545454,147.82847222222222
L414:T2:I1819,414,T2,2026-01-25T16:32:00.000Z,59,59,57,0,2,0.9661016949152542,138.6888888888889
L414:T2:I1818,414,T2,2026-05-29T07:31:00.000Z,73,73,70,0,3,0.958904109589041,128.31319444444443
L414:T2:I1817,414,T2,2026-06-26T14:01:00.000Z,77,77,75,0,2,0.974025974025974,155.58402777777778
L415:T0,415,T0,2025-01-17T00:00:00.000Z,14,0,0,14,0,0,
L415:T1:I1826,415,T1,2025-01-25T09:43:13.000Z,15,0,0,15,0,0,
L415:T2:I1823,415,T2,2025-01-27T18:33:22.000Z,15,0,0,15,0,0,
L415:T2:I1824,415,T2,2025-03-31T18:10:00.000Z,16,7,7,9,0,0.4375,48.75694444444444
L415:T2:I1825,415,T2,2025-06-18T19:05:00.000Z,20,18,18,2,0,0.9,78.79513888888889
L415:T2:I1828,415,T2,2025-07-14T09:46:00.000Z,20,18,15,2,3,0.75,104.40694444444445
L415:T2:I1827,415,T2,2026-03-14T11:00:00.000Z,34,34,32,0,2,0.9411764705882353,123.45833333333333
L415:T2:I1829,415,T2,2026-04-23T11:00:00.000Z,36,36,36,0,0,1,79.45833333333333
L416:T0,416,T0,2025-03-16T00:00:00.000Z,21,7,7,14,0,0.3333333333333333,40
L416:T1:I1833,416,T1,2025-03-17T15:33:22.000Z,22,8,8,14,0,0.36363636363636365,40.6481712962963
L416:T2:I1832,416,T2,2025-04-06T10:28:00.000Z,25,8,8,17,0,0.32,60.43611111111111
L416:T2:I1830,416,T2,2025-05-23T18:23:00.000Z,28,15,15,13,0,0.5357142857142857,89.76597222222222
L416:T2:I1831,416,T2,2025-09-06T20:40:00.000Z,32,30,28,2,2,0.875,129.86111111111111
L416:T2:I1834,416,T2,2026-06-04T10:59:00.000Z,60,60,59,0,1,0.9833333333333333,127.4576388888889
L417:T0,417,T0,2025-08-09T00:00:00.000Z,54,47,42,7,5,0.7777777777777778,182
L417:T1:I1836,417,T1,2025-08-14T08:08:12.000Z,56,50,44,6,6,0.7857142857142857,187.33902777777777
L417:T2:I1837,417,T2,2025-11-06T12:01:00.000Z,69,68,62,1,6,0.8985507246376812,181.50069444444443
L417:T2:I1839,417,T2,2025-11-22T10:32:00.000Z,70,69,64,1,5,0.9142857142857143,197.4388888888889
L417:T2:I1835,417,T2,2026-02-03T10:02:00.000Z,78,78,70,0,8,0.8974358974358975,270.41805555555555
L417:T2:I1838,417,T2,2026-03-05T14:07:00.000Z,84,84,80,0,4,0.9523809523809523,160.58819444444444
L418:T0,418,T0,2026-05-15T00:00:00.000Z,72,72,68,0,4,0.9444444444444444,114
L418:T1:I1840,418,T1,2026-05-18T09:01:44.000Z,73,73,69,0,4,0.9452054794520548,117.37620370370371
L418:T2:I1842,418,T2,2026-05-22T08:14:29.000Z,73,73,69,0,4,0.9452054794520548,121.3433912037037
L418:T2:I1841,418,T2,2026-05-23T16:09:16.000Z,73,73,69,0,4,0.9452054794520548,122.67310185185185
L418:T2:I1843,418,T2,2026-05-27T09:13:01.000Z,72,72,68,0,4,0.9444444444444444,126.38403935185185
L419:T0,419,T0,2025-04-23T00:00:00.000Z,43,27,27,16,0,0.627906976744186,88
L419:T1:I1847,419,T1,2025-04-23T17:02:36.000Z,43,27,27,16,0,0.627906976744186,88.71013888888889
L419:T2:I1844,419,T2,2025-04-27T07:16:32.000Z,44,29,27,15,2,0.6136363636363636,92.30314814814815
L419:T2:I1846,419,T2,2025-05-03T20:53:29.000Z,44,30,28,14,2,0.6363636363636364,98.87047453703704
L419:T2:I1845,419,T2,2025-09-17T17:11:00.000Z,66,66,57,0,9,0.8636363636363636,235.71597222222223
L419:T2:I1848,419,T2,2026-04-13T14:08:00.000Z,104,104,102,0,2,0.9807692307692307,200.5888888888889
L420:T0,420,T0,2025-11-17T00:00:00.000Z,64,64,59,0,5,0.921875,120
L420:T1:I1850,420,T1,2025-11-21T13:36:05.000Z,65,65,59,0,6,0.9076923076923077,124.56672453703703
L420:T2:I1852,420,T2,2025-11-22T13:30:32.000Z,65,65,59,0,6,0.9076923076923077,125.56287037037038
L420:T2:I1849,420,T2,2025-11-27T20:29:01.000Z,65,65,60,0,5,0.9230769230769231,130.8534837962963
L420:T2:I1851,420,T2,2026-03-07T11:46:00.000Z,77,77,75,0,2,0.974025974025974,116.49027777777778
L421:T0,421,T0,2025-09-05T00:00:00.000Z,36,35,29,1,6,0.8055555555555556,168
L421:T1:I1853,421,T1,2025-09-08T12:31:37.000Z,37,36,29,1,7,0.7837837837837838,171.52195601851852
L422:T0,422,T0,2025-12-22T00:00:00.000Z,20,20,18,0,2,0.9,114
L422:T1:I1856,422,T1,2025-12-22T15:29:04.000Z,21,21,19,0,2,0.9047619047619048,114.64518518518518
L422:T2:I1854,422,T2,2026-01-01T07:44:00.000Z,21,21,19,0,2,0.9047619047619048,124.32222222222222
L422:T2:I1855,422,T2,2026-05-28T09:19:00.000Z,25,25,25,0,0,1,59.388194444444444
L423:T0,423,T0,2026-03-09T00:00:00.000Z,19,19,18,0,1,0.9473684210526315,117
L423:T1:I1857,423,T1,2026-03-09T15:44:42.000Z,19,19,18,0,1,0.9473684210526315,117.65604166666667
L423:T2:I1858,423,T2,2026-03-16T15:39:32.000Z,20,20,17,0,3,0.85,124.6524537037037
L423:T2:I1859,423,T2,2026-03-18T13:20:00.000Z,20,20,17,0,3,0.85,126.55555555555556
L424:T0,424,T0,2025-02-03T00:00:00.000Z,17,3,3,14,0,0.17647058823529413,10
L424:T1:I1864,424,T1,2025-02-10T07:18:15.000Z,20,5,5,15,0,0.25,17.30434027777778
L424:T2:I1865,424,T2,2025-02-13T20:58:44.000Z,20,5,5,15,0,0.25,20.87412037037037
L424:T2:I1866,424,T2,2025-05-07T11:56:00.000Z,27,20,18,7,2,0.6666666666666666,93.49722222222222
L424:T2:I1861,424,T2,2025-08-21T18:08:00.000Z,39,38,33,1,5,0.8461538461538461,177.75555555555556
L424:T2:I1867,424,T2,2025-11-14T11:27:00.000Z,45,45,43,0,2,0.9555555555555556,114.47708333333334
L424:T2:I1860,424,T2,2025-12-29T12:16:00.000Z,49,49,47,0,2,0.9591836734693877,128.51111111111112
L424:T2:I1863,424,T2,2026-05-14T11:32:00.000Z,62,62,61,0,1,0.9838709677419355,104.48055555555555
L424:T2:I1862,424,T2,2026-06-13T09:53:00.000Z,64,64,63,0,1,0.984375,93.41180555555556
L425:T0,425,T0,2025-01-13T00:00:00.000Z,38,3,3,35,0,0.07894736842105263,5
L425:T1:I1871,425,T1,2025-03-25T07:23:00.000Z,49,29,29,20,0,0.5918367346938775,76.30763888888889
L425:T2:I1868,425,T2,2025-04-22T09:59:00.000Z,59,35,35,24,0,0.5932203389830508,87.41597222222222
L425:T2:I1872,425,T2,2025-07-03T07:46:00.000Z,73,64,59,9,5,0.8082191780821918,159.32361111111112
L425:T2:I1874,425,T2,2026-01-16T19:14:00.000Z,113,113,110,0,3,0.9734513274336283,146.80138888888888
L425:T2:I1873,425,T2,2026-03-24T12:57:00.000Z,132,132,124,0,8,0.9393939393939394,180.53958333333333
L425:T2:I1869,425,T2,2026-03-26T12:49:00.000Z,132,132,125,0,7,0.946969696969697,182.53402777777777
L425:T2:I1870,425,T2,2026-04-06T16:58:00.000Z,134,134,129,0,5,0.9626865671641791,193.70694444444445
L425:T2:I1875,425,T2,2026-04-20T17:17:00.000Z,137,137,136,0,1,0.9927007299270073,207.7201388888889
L426:T0,426,T0,2026-04-21T00:00:00.000Z,48,48,47,0,1,0.9791666666666666,97
L426:T1:I1878,426,T1,2026-04-23T15:42:11.000Z,48,48,47,0,1,0.9791666666666666,99.65429398148149
L426:T2:I1876,426,T2,2026-04-30T18:02:44.000Z,50,50,49,0,1,0.98,106.75189814814814
L426:T2:I1877,426,T2,2026-05-03T15:41:39.000Z,50,50,49,0,1,0.98,109.65392361111111
L427:T0,427,T0,2025-05-24T00:00:00.000Z,4,3,3,1,0,0.75,47
L427:T1:I1883,427,T1,2025-05-24T16:52:15.000Z,5,4,4,1,0,0.8,47.70295138888889
L427:T2:I1882,427,T2,2025-05-27T18:54:40.000Z,5,4,4,1,0,0.8,50.787962962962965
L427:T2:I1880,427,T2,2025-07-05T12:02:00.000Z,5,4,4,1,0,0.8,89.50138888888888
L427:T2:I1881,427,T2,2025-07-30T08:31:00.000Z,6,6,5,0,1,0.8333333333333334,114.3548611111111
L427:T2:I1884,427,T2,2025-09-28T12:05:00.000Z,8,8,8,0,0,1,73.50347222222223
L427:T2:I1879,427,T2,2025-10-13T10:29:00.000Z,9,9,9,0,0,1,88.43680555555555
L427:T2:I1886,427,T2,2026-05-06T14:08:00.000Z,17,17,14,0,3,0.8235294117647058,166.5888888888889
L427:T2:I1885,427,T2,2026-05-25T15:27:00.000Z,17,17,14,0,3,0.8235294117647058,185.64375
L428:T0,428,T0,2025-09-05T00:00:00.000Z,47,45,39,2,6,0.8297872340425532,162
L428:T1:I1887,428,T1,2025-11-23T18:04:00.000Z,58,58,54,0,4,0.9310344827586207,126.75277777777778
L428:T2:I1889,428,T2,2025-12-05T16:59:00.000Z,60,60,57,0,3,0.95,138.70763888888888
L428:T2:I1888,428,T2,2026-04-19T13:54:00.000Z,72,72,70,0,2,0.9722222222222222,115.57916666666667
L429:T0,429,T0,2026-04-02T00:00:00.000Z,23,23,22,0,1,0.9565217391304348,137
L429:T1:I1890,429,T1,2026-04-04T11:53:48.000Z,24,24,22,0,2,0.9166666666666666,139.49569444444444
L429:T2:I1891,429,T2,2026-04-10T17:33:22.000Z,24,24,22,0,2,0.9166666666666666,145.73150462962963
L430:T0,430,T0,2026-05-08T00:00:00.000Z,63,63,62,0,1,0.9841269841269841,193
L430:T1:I1893,430,T1,2026-05-14T19:24:17.000Z,64,64,63,0,1,0.984375,199.8085300925926
L430:T2:I1892,430,T2,2026-05-16T10:38:45.000Z,63,63,61,0,2,0.9682539682539683,201.44357638888889
L431:T0,431,T0,2025-06-09T00:00:00.000Z,19,17,15,2,2,0.7894736842105263,116
L431:T1:I1895,431,T1,2025-06-09T12:54:29.000Z,20,18,16,2,2,0.8,116.53783564814815
L431:T2:I1894,431,T2,2025-06-09T20:37:36.000Z,20,18,16,2,2,0.8,116.85944444444445
L431:T2:I1896,431,T2,2025-07-25T13:27:00.000Z,21,21,18,0,3,0.8571428571428571,149.56041666666667
L432:T0,432,T0,2026-06-03T00:00:00.000Z,47,47,44,0,3,0.9361702127659575,198
L432:T1:I1901,432,T1,2026-06-03T13:33:05.000Z,47,47,44,0,3,0.9361702127659575,198.5646412037037
L432:T2:I1898,432,T2,2026-06-04T13:27:59.000Z,47,47,44,0,3,0.9361702127659575,199.56109953703702
L432:T2:I1900,432,T2,2026-06-05T12:43:10.000Z,48,48,45,0,3,0.9375,200.52997685185184
L432:T2:I1902,432,T2,2026-06-06T18:21:05.000Z,47,47,44,0,3,0.9361702127659575,201.7646412037037
L432:T2:I1903,432,T2,2026-06-07T14:25:05.000Z,48,48,45,0,3,0.9375,202.60075231481483
L432:T2:I1897,432,T2,2026-06-09T09:56:43.000Z,48,48,45,0,3,0.9375,204.4143865740741
L432:T2:I1899,432,T2,2026-06-10T11:31:30.000Z,47,47,44,0,3,0.9361702127659575,205.48020833333334
L432:T2:I1904,432,T2,2026-06-10T20:48:49.000Z,48,48,45,0,3,0.9375,205.8672337962963
L433:T0,433,T0,2025-06-19T00:00:00.000Z,9,8,7,1,1,0.7777777777777778,115
L433:T1:I1905,433,T1,2025-06-22T14:03:43.000Z,10,9,8,1,1,0.8,118.58591435185186
L433:T2:I1910,433,T2,2025-06-25T07:02:59.000Z,10,9,9,1,0,0.9,89.29373842592592
L433:T2:I1907,433,T2,2025-06-28T11:40:12.000Z,10,9,8,1,1,0.8,92.48625
L433:T2:I1911,433,T2,2025-07-07T15:46:00.000Z,11,10,9,1,1,0.8181818181818182,101.65694444444445
L433:T2:I1906,433,T2,2025-09-17T19:28:00.000Z,12,12,10,0,2,0.8333333333333334,173.8111111111111
L433:T2:I1912,433,T2,2026-03-15T11:22:00.000Z,17,17,17,0,0,1,73.47361111111111
L433:T2:I1908,433,T2,2026-05-22T12:54:00.000Z,22,22,22,0,0,1,51.5375
L433:T2:I1909,433,T2,2026-06-29T16:22:00.000Z,22,22,22,0,0,1,64.68194444444444
L434:T0,434,T0,2025-11-27T00:00:00.000Z,64,64,60,0,4,0.9375,187
L434:T1:I1913,434,T1,2025-11-28T20:48:52.000Z,65,65,61,0,4,0.9384615384615385,188.86726851851853
L435:T0,435,T0,2025-06-04T00:00:00.000Z,27,22,20,5,2,0.7407407407407407,99
L435:T1:I1916,435,T1,2025-06-17T17:03:24.000Z,28,23,21,5,2,0.75,112.71069444444444
L435:T2:I1918,435,T2,2025-10-08T16:32:00.000Z,44,44,40,0,4,0.9090909090909091,163.6888888888889
L435:T2:I1917,435,T2,2025-12-13T09:55:00.000Z,48,48,46,0,2,0.9583333333333334,143.41319444444446
L435:T2:I1914,435,T2,2026-02-27T12:42:00.000Z,53,53,51,0,2,0.9622641509433962,165.52916666666667
L435:T2:I1915,435,T2,2026-04-01T20:26:00.000Z,57,57,53,0,4,0.9298245614035088,141.8513888888889
L436:T0,436,T0,2025-06-27T00:00:00.000Z,37,33,28,4,5,0.7567567567567568,153
L436:T1:I1921,436,T1,2025-07-03T09:14:38.000Z,38,35,30,3,5,0.7894736842105263,159.38516203703705
L436:T2:I1923,436,T2,2025-07-03T19:25:35.000Z,38,35,30,3,5,0.7894736842105263,159.80943287037036
L436:T2:I1919,436,T2,2025-07-05T08:23:51.000Z,38,35,28,3,7,0.7368421052631579,161.34989583333333
L436:T2:I1922,436,T2,2025-07-07T17:24:40.000Z,37,34,28,3,6,0.7567567567567568,163.72546296296295
L436:T2:I1924,436,T2,2025-07-09T15:31:07.000Z,38,34,28,4,6,0.7368421052631579,165.6466087962963
L436:T2:I1920,436,T2,2026-05-11T07:52:00.000Z,62,62,61,0,1,0.9838709677419355,100.32777777777778
L437:T0,437,T0,2026-01-08T00:00:00.000Z,37,37,37,0,0,1,87
L437:T1:I1926,437,T1,2026-01-15T07:45:06.000Z,38,38,37,0,1,0.9736842105263158,94.3229861111111
L437:T2:I1927,437,T2,2026-01-15T09:29:25.000Z,38,38,37,0,1,0.9736842105263158,94.39542824074074
L437:T2:I1925,437,T2,2026-02-14T16:04:00.000Z,39,39,36,0,3,0.9230769230769231,116.66944444444445
L437:T2:I1928,437,T2,2026-03-03T18:48:00.000Z,41,41,38,0,3,0.926829268292683,133.78333333333333
L438:T0,438,T0,2026-04-15T00:00:00.000Z,48,48,46,0,2,0.9583333333333334,98
L438:T1:I1929,438,T1,2026-04-22T12:07:23.000Z,51,51,50,0,1,0.9803921568627451,101.50512731481481
L438:T2:I1932,438,T2,2026-04-22T12:59:17.000Z,51,51,50,0,1,0.9803921568627451,101.54116898148148
L438:T2:I1931,438,T2,2026-04-23T07:18:40.000Z,51,51,50,0,1,0.9803921568627451,102.30462962962963
L438:T2:I1930,438,T2,2026-04-23T07:53:00.000Z,51,51,50,0,1,0.9803921568627451,102.32847222222222
L439:T0,439,T0,2026-04-29T00:00:00.000Z,22,22,22,0,0,1,43
L439:T1:I1934,439,T1,2026-04-29T15:52:05.000Z,23,23,23,0,0,1,48.66116898148148
L439:T2:I1933,439,T2,2026-05-04T11:50:09.000Z,23,23,22,0,1,0.9565217391304348,125.49315972222222
L439:T2:I1935,439,T2,2026-05-07T14:50:01.000Z,22,22,22,0,0,1,51.61806712962963
L440:T0,440,T0,2025-11-20T00:00:00.000Z,15,15,13,0,2,0.8666666666666667,137
L440:T1:I1937,440,T1,2025-11-23T18:57:00.000Z,16,16,14,0,2,0.875,117.78958333333334
L440:T2:I1936,440,T2,2025-11-25T16:49:17.000Z,15,15,13,0,2,0.8666666666666667,119.7008912037037
L440:T2:I1939,440,T2,2025-11-29T18:50:22.000Z,16,16,15,0,1,0.9375,96.78497685185185
L440:T2:I1938,440,T2,2025-11-30T09:46:51.000Z,16,16,15,0,1,0.9375,97.40753472222222
L440:T2:I1940,440,T2,2026-04-28T10:13:00.000Z,20,20,18,0,2,0.9,119.42569444444445
L441:T0,441,T0,2025-07-25T00:00:00.000Z,25,24,19,1,5,0.76,146
L441:T1:I1944,441,T1,2025-07-27T07:57:37.000Z,26,25,20,1,5,0.7692307692307693,148.33167824074073
L441:T2:I1942,441,T2,2025-07-28T16:22:16.000Z,26,25,19,1,6,0.7307692307692307,149.68212962962963
L441:T2:I1945,441,T2,2025-07-29T17:40:39.000Z,26,26,21,0,5,0.8076923076923077,150.7365625
L441:T2:I1943,441,T2,2025-09-01T12:56:00.000Z,28,28,24,0,4,0.8571428571428571,159.5388888888889
L441:T2:I1941,441,T2,2025-09-03T12:20:00.000Z,28,28,23,0,5,0.8214285714285714,161.51388888888889
L442:T0,442,T0,2025-09-14T00:00:00.000Z,17,16,14,1,2,0.8235294117647058,186
L442:T1:I1949,442,T1,2025-09-14T09:55:40.000Z,18,17,14,1,3,0.7777777777777778,186.4136574074074
L442:T2:I1946,442,T2,2025-09-15T10:24:49.000Z,18,17,14,1,3,0.7777777777777778,187.43390046296295
L442:T2:I1952,442,T2,2025-09-15T13:08:26.000Z,18,17,15,1,2,0.8333333333333334,187.54752314814814
L442:T2:I1951,442,T2,2025-09-18T12:01:04.000Z,20,19,17,1,2,0.85,190.50074074074075
L442:T2:I1950,442,T2,2026-01-01T08:28:00.000Z,24,24,24,0,0,1,75.35277777777777
L442:T2:I1953,442,T2,2026-02-27T14:17:00.000Z,25,25,25,0,0,1,88.59513888888888
L442:T2:I1947,442,T2,2026-03-25T07:12:00.000Z,25,25,24,0,1,0.96,98.3
L442:T2:I1948,442,T2,2026-06-19T14:35:00.000Z,29,29,27,0,2,0.9310344827586207,154.60763888888889
L443:T0,443,T0,2026-06-15T00:00:00.000Z,99,99,97,0,2,0.9797979797979798,113
L443:T1:I1955,443,T1,2026-06-15T20:35:24.000Z,100,100,98,0,2,0.98,113.85791666666667
L443:T2:I1954,443,T2,2026-06-22T08:13:48.000Z,100,100,99,0,1,0.99,120.34291666666667
L444:T0,444,T0,2025-02-21T00:00:00.000Z,8,5,5,3,0,0.625,29
L444:T1:I1958,444,T1,2025-02-22T19:19:20.000Z,9,5,5,4,0,0.5555555555555556,30.805092592592594
L444:T2:I1959,444,T2,2025-05-13T09:48:00.000Z,11,6,4,5,2,0.36363636363636365,107.40833333333333
L444:T2:I1956,444,T2,2025-06-20T08:10:00.000Z,14,12,6,2,6,0.42857142857142855,145.34027777777777
L444:T2:I1960,444,T2,2025-10-22T17:33:00.000Z,17,17,16,0,1,0.9411764705882353,137.73125
L444:T2:I1957,444,T2,2026-01-29T08:20:00.000Z,19,19,18,0,1,0.9473684210526315,91.34722222222223
L445:T0,445,T0,2025-03-25T00:00:00.000Z,10,3,3,7,0,0.3,57
L445:T1:I1963,445,T1,2025-03-26T14:36:55.000Z,11,3,3,8,0,0.2727272727272727,58.608969907407406
L445:T2:I1961,445,T2,2026-01-28T19:59:00.000Z,18,18,15,0,3,0.8333333333333334,187.83263888888888
L445:T2:I1962,445,T2,2026-04-11T20:42:00.000Z,18,18,17,0,1,0.9444444444444444,121.8625
L446:T0,446,T0,2026-02-04T00:00:00.000Z,29,29,27,0,2,0.9310344827586207,106
L446:T1:I1964,446,T1,2026-02-05T08:46:48.000Z,30,30,28,0,2,0.9333333333333333,107.36583333333333
L446:T2:I1966,446,T2,2026-02-08T13:07:28.000Z,30,30,28,0,2,0.9333333333333333,110.54685185185186
L446:T2:I1965,446,T2,2026-02-15T17:57:46.000Z,30,30,27,0,3,0.9,117.74844907407407
L447:T0,447,T0,2026-04-21T00:00:00.000Z,73,73,71,0,2,0.9726027397260274,126
L447:T1:I1974,447,T1,2026-04-21T19:06:12.000Z,74,74,72,0,2,0.972972972972973,126.79597222222222
L447:T2:I1968,447,T2,2026-04-23T12:46:36.000Z,74,74,72,0,2,0.972972972972973,128.5323611111111
L447:T2:I1969,447,T2,2026-04-24T16:00:47.000Z,74,74,72,0,2,0.972972972972973,129.66721064814814
L447:T2:I1970,447,T2,2026-04-28T10:22:49.000Z,73,73,70,0,3,0.958904109589041,133.43251157407408
L447:T2:I1967,447,T2,2026-04-30T18:00:03.000Z,74,74,71,0,3,0.9594594594594594,135.7500347222222
L447:T2:I1973,447,T2,2026-05-04T09:11:44.000Z,74,74,71,0,3,0.9594594594594594,139.38314814814814
L447:T2:I1971,447,T2,2026-06-05T09:50:00.000Z,75,75,73,0,2,0.9733333333333334,171.40972222222223
L447:T2:I1972,447,T2,2026-06-12T13:12:00.000Z,76,76,75,0,1,0.9868421052631579,178.55
L448:T0,448,T0,2025-06-11T00:00:00.000Z,18,12,11,6,1,0.6111111111111112,157
L448:T1:I1977,448,T1,2025-06-21T20:57:00.000Z,20,16,15,4,1,0.75,167.87291666666667
L448:T2:I1976,448,T2,2025-09-26T11:26:00.000Z,25,25,21,0,4,0.84,137.4763888888889
L448:T2:I1975,448,T2,2026-03-27T09:32:00.000Z,36,36,36,0,0,1,73.39722222222223
L449:T0,449,T0,2025-07-14T00:00:00.000Z,29,28,24,1,4,0.8275862068965517,144
L449:T1:I1979,449,T1,2025-07-19T13:59:37.000Z,30,29,25,1,4,0.8333333333333334,149.58306712962963
L449:T2:I1978,449,T2,2025-07-26T13:23:02.000Z,31,30,26,1,4,0.8387096774193549,156.55766203703703
L449:T2:I1982,449,T2,2025-07-26T13:33:01.000Z,31,30,27,1,3,0.8709677419354839,156.5645949074074
L449:T2:I1980,449,T2,2025-07-27T09:08:43.000Z,31,30,27,1,3,0.8709677419354839,157.38105324074073
L449:T2:I1981,449,T2,2025-09-10T08:22:00.000Z,35,35,32,0,3,0.9142857142857143,179.3486111111111
L450:T0,450,T0,2025-06-06T00:00:00.000Z,18,16,16,2,0,0.8888888888888888,76
L450:T1:I1983,450,T1,2025-06-17T19:19:50.000Z,19,18,18,1,0,0.9473684210526315,87.80543981481482
L450:T2:I1984,450,T2,2026-03-02T09:30:00.000Z,28,28,25,0,3,0.8928571428571429,230.39583333333334
L451:T0,451,T0,2025-04-03T00:00:00.000Z,38,20,20,18,0,0.5263157894736842,76
L451:T1:I1988,451,T1,2025-07-10T07:46:00.000Z,53,52,45,1,7,0.8490566037735849,174.32361111111112
L451:T2:I1987,451,T2,2025-08-01T20:08:00.000Z,55,54,51,1,3,0.9272727272727272,196.8388888888889
L451:T2:I1985,451,T2,2025-09-25T15:30:00.000Z,67,67,62,0,5,0.9253731343283582,200.64583333333334
L451:T2:I1986,451,T2,2026-04-16T12:12:00.000Z,95,95,93,0,2,0.9789473684210527,121.50833333333334
L452:T0,452,T0,2025-09-28T00:00:00.000Z,38,37,35,1,2,0.9210526315789473,143
L452:T1:I1992,452,T1,2025-10-05T14:07:01.000Z,40,39,35,1,4,0.875,150.58820601851852
L452:T2:I1993,452,T2,2025-10-08T09:52:05.000Z,40,39,34,1,5,0.85,153.4111689814815
L452:T2:I1991,452,T2,2025-10-09T09:44:05.000Z,40,39,35,1,4,0.875,154.40561342592594
L452:T2:I1995,452,T2,2025-10-21T11:19:00.000Z,40,39,37,1,2,0.925,111.47152777777778
L452:T2:I1989,452,T2,2025-10-22T10:35:00.000Z,40,39,37,1,2,0.925,112.44097222222223
L452:T2:I1994,452,T2,2026-02-25T17:31:00.000Z,46,46,43,0,3,0.9347826086956522,117.7298611111111
L452:T2:I1990,452,T2,2026-04-26T09:51:00.000Z,53,53,51,0,2,0.9622641509433962,95.41041666666666
L452:T2:I1996,452,T2,2026-06-13T16:18:00.000Z,57,57,55,0,2,0.9649122807017544,142.67916666666667
L453:T0,453,T0,2026-01-06T00:00:00.000Z,16,16,15,0,1,0.9375,95
L453:T1:I1998,453,T1,2026-01-09T14:56:20.000Z,17,17,16,0,1,0.9411764705882353,98.6224537037037
L453:T2:I1999,453,T2,2026-01-18T10:45:02.000Z,17,17,16,0,1,0.9411764705882353,107.44793981481482
L453:T2:I1997,453,T2,2026-01-19T12:01:51.000Z,17,17,16,0,1,0.9411764705882353,108.50128472222222
L454:T0,454,T0,2025-09-16T00:00:00.000Z,44,42,32,2,10,0.7272727272727273,207
L454:T1:I2006,454,T1,2025-09-16T09:03:39.000Z,45,43,33,2,10,0.7333333333333333,207.3775347222222
L454:T2:I2001,454,T2,2025-09-20T15:14:06.000Z,45,43,32,2,11,0.7111111111111111,211.63479166666667
L454:T2:I2003,454,T2,2025-09-20T18:15:11.000Z,45,43,33,2,10,0.7333333333333333,211.76054398148148
L454:T2:I2007,454,T2,2025-09-20T20:38:48.000Z,45,43,33,2,10,0.7333333333333333,211.86027777777778
L454:T2:I2002,454,T2,2025-09-25T12:09:53.000Z,45,43,34,2,9,0.7555555555555555,216.50686342592593
L454:T2:I2000,454,T2,2025-09-29T09:32:13.000Z,45,43,33,2,10,0.7333333333333333,220.3973726851852
L454:T2:I2004,454,T2,2025-09-29T11:48:19.000Z,46,44,34,2,10,0.7391304347826086,220.49188657407407
L454:T2:I2005,454,T2,2026-04-20T20:31:00.000Z,65,65,64,0,1,0.9846153846153847,108.8548611111111
L455:T0,455,T0,2025-05-18T00:00:00.000Z,19,15,14,4,1,0.7368421052631579,92
L455:T1:I2009,455,T1,2025-05-23T08:46:30.000Z,20,17,15,3,2,0.75,97.365625
L455:T2:I2011,455,T2,2025-05-23T14:35:54.000Z,19,16,14,3,2,0.7368421052631579,97.60826388888889
L455:T2:I2012,455,T2,2025-05-27T09:45:05.000Z,20,17,15,3,2,0.75,101.40630787037037
L455:T2:I2014,455,T2,2025-12-03T11:39:00.000Z,31,31,27,0,4,0.8709677419354839,136.48541666666668
L455:T2:I2013,455,T2,2025-12-19T18:18:00.000Z,33,33,30,0,3,0.9090909090909091,128.7625
L455:T2:I2010,455,T2,2026-01-30T08:02:00.000Z,34,34,30,0,4,0.8823529411764706,135.3347222222222
L455:T2:I2008,455,T2,2026-06-28T07:34:00.000Z,42,42,42,0,0,1,79.31527777777778
L456:T0,456,T0,2025-09-23T00:00:00.000Z,25,25,22,0,3,0.88,133
L456:T1:I2015,456,T1,2025-09-24T20:04:51.000Z,26,26,23,0,3,0.8846153846153846,134.83670138888888
L456:T2:I2020,456,T2,2025-09-27T19:41:42.000Z,26,26,23,0,3,0.8846153846153846,137.820625
L456:T2:I2021,456,T2,2025-10-01T08:09:05.000Z,26,26,24,0,2,0.9230769230769231,141.3396412037037
L456:T2:I2019,456,T2,2025-10-03T15:25:42.000Z,26,26,24,0,2,0.9230769230769231,143.64284722222223
L456:T2:I2016,456,T2,2025-10-06T12:53:33.000Z,26,25,23,1,2,0.8846153846153846,146.5371875
L456:T2:I2018,456,T2,2026-01-23T20:27:00.000Z,29,29,26,0,3,0.896551724137931,159.85208333333333
L456:T2:I2022,456,T2,2026-03-23T11:22:00.000Z,32,32,31,0,1,0.96875,93.47361111111111
L456:T2:I2017,456,T2,2026-04-23T12:29:00.000Z,32,32,32,0,0,1,77.5201388888889
L457:T0,457,T0,2025-03-18T00:00:00.000Z,12,4,4,8,0,0.3333333333333333,34
L457:T1:I2023,457,T1,2025-07-12T16:54:00.000Z,18,18,17,0,1,0.9444444444444444,101.70416666666667
L458:T0,458,T0,2025-08-27T00:00:00.000Z,40,40,36,0,4,0.9,214
L458:T1:I2024,458,T1,2025-08-27T11:04:45.000Z,41,41,35,0,6,0.8536585365853658,214.46163194444443
L458:T2:I2025,458,T2,2025-09-05T08:17:11.000Z,41,41,37,0,4,0.9024390243902439,223.34526620370372
L458:T2:I2026,458,T2,2025-09-09T15:14:31.000Z,42,41,37,1,4,0.8809523809523809,227.63508101851852
L458:T2:I2027,458,T2,2025-12-30T15:41:00.000Z,50,50,47,0,3,0.94,193.65347222222223
L458:T2:I2028,458,T2,2026-03-18T20:02:00.000Z,57,57,56,0,1,0.9824561403508771,90.83472222222223
L459:T0,459,T0,2025-09-25T00:00:00.000Z,34,34,31,0,3,0.9117647058823529,200
L459:T1:I2035,459,T1,2025-09-26T07:15:56.000Z,34,34,33,0,1,0.9705882352941176,108.30273148148149
L459:T2:I2029,459,T2,2025-09-26T14:29:13.000Z,35,34,33,1,1,0.9428571428571428,108.60362268518519
L459:T2:I2032,459,T2,2025-09-28T16:52:06.000Z,35,35,34,0,1,0.9714285714285714,110.70284722222222
L459:T2:I2030,459,T2,2025-10-03T16:13:10.000Z,36,36,33,0,3,0.9166666666666666,251.67581018518518
L459:T2:I2034,459,T2,2025-10-04T07:01:23.000Z,36,36,34,0,2,0.9444444444444444,116.29262731481481
L459:T2:I2031,459,T2,2025-10-07T18:12:34.000Z,35,35,33,0,2,0.9428571428571428,119.75872685185185
L459:T2:I2033,459,T2,2025-10-08T16:55:18.000Z,36,36,34,0,2,0.9444444444444444,120.70506944444445
L460:T0,460,T0,2025-09-13T00:00:00.000Z,63,63,57,0,6,0.9047619047619048,188
L460:T1:I2039,460,T1,2025-09-14T11:33:27.000Z,64,64,57,0,7,0.890625,189.4815625
L460:T2:I2040,460,T2,2025-09-16T20:35:59.000Z,66,66,59,0,7,0.8939393939393939,191.85832175925927
L460:T2:I2038,460,T2,2025-09-20T12:59:37.000Z,66,66,59,0,7,0.8939393939393939,195.54140046296297
L460:T2:I2037,460,T2,2025-09-21T12:11:35.000Z,67,67,60,0,7,0.8955223880597015,196.50804398148148
L460:T2:I2036,460,T2,2025-09-25T19:39:33.000Z,67,67,61,0,6,0.9104477611940298,200.81913194444445
L461:T0,461,T0,2025-04-07T00:00:00.000Z,8,3,3,5,0,0.375,45
L461:T1:I2047,461,T1,2025-04-09T14:05:29.000Z,9,5,5,4,0,0.5555555555555556,56.5871412037037
L461:T2:I2046,461,T2,2025-04-10T16:50:23.000Z,9,5,5,4,0,0.5555555555555556,48.701655092592596
L461:T2:I2043,461,T2,2025-04-14T17:59:59.000Z,9,4,4,5,0,0.4444444444444444,52.74998842592593
L461:T2:I2045,461,T2,2025-06-19T09:23:00.000Z,11,10,10,1,0,0.9090909090909091,71.39097222222222
L461:T2:I2044,461,T2,2025-07-05T19:43:00.000Z,12,11,11,1,0,0.9166666666666666,79.82152777777777
L461:T2:I2041,461,T2,2025-11-21T08:23:00.000Z,20,20,20,0,0,1,78.34930555555556
L461:T2:I2042,461,T2,2026-05-02T20:46:00.000Z,26,26,25,0,1,0.9615384615384616,99.86527777777778
L462:T0,462,T0,2025-05-21T00:00:00.000Z,12,9,9,3,0,0.75,86
L462:T1:I2049,462,T1,2025-05-30T16:12:14.000Z,13,10,9,3,1,0.6923076923076923,95.67516203703704
L462:T2:I2048,462,T2,2026-01-19T09:08:00.000Z,19,19,17,0,2,0.8947368421052632,108.38055555555556
L463:T0,463,T0,2025-10-13T00:00:00.000Z,49,47,46,2,1,0.9387755102040817,92
L463:T1:I2050,463,T1,2025-10-17T14:33:46.000Z,50,48,46,2,2,0.92,96.60678240740741
L463:T2:I2053,463,T2,2025-10-20T19:48:58.000Z,49,47,45,2,2,0.9183673469387755,99.82567129629629
L463:T2:I2052,463,T2,2025-10-22T10:59:14.000Z,50,48,45,2,3,0.9,101.45780092592592
L463:T2:I2051,463,T2,2025-10-26T09:37:19.000Z,52,50,47,2,3,0.9038461538461539,99.40091435185185
L464:T0,464,T0,2026-04-07T00:00:00.000Z,68,68,64,0,4,0.9411764705882353,149
L464:T1:I2054,464,T1,2026-04-15T14:20:07.000Z,68,68,64,0,4,0.9411764705882353,157.59730324074073
L465:T0,465,T0,2026-05-26T00:00:00.000Z,51,51,50,0,1,0.9803921568627451,152
L465:T1:I2061,465,T1,2026-05-26T15:01:04.000Z,52,52,51,0,1,0.9807692307692307,152.62574074074075
L465:T2:I2055,465,T2,2026-05-27T14:32:18.000Z,53,53,51,0,2,0.9622641509433962,153.6057638888889
L465:T2:I2060,465,T2,2026-05-27T19:41:26.000Z,53,53,52,0,1,0.9811320754716981,153.82043981481482
L465:T2:I2058,465,T2,2026-05-29T16:11:22.000Z,53,53,52,0,1,0.9811320754716981,155.6745601851852
L465:T2:I2057,465,T2,2026-05-30T15:52:47.000Z,53,53,52,0,1,0.9811320754716981,156.66165509259258
L465:T2:I2059,465,T2,2026-06-05T13:11:46.000Z,54,54,53,0,1,0.9814814814814815,162.54983796296295
L465:T2:I2056,465,T2,2026-06-07T11:57:56.000Z,55,55,54,0,1,0.9818181818181818,164.4985648148148
L466:T0,466,T0,2025-05-05T00:00:00.000Z,8,6,6,2,0,0.75,56
L466:T1:I2062,466,T1,2025-06-30T12:27:00.000Z,12,12,11,0,1,0.9166666666666666,108.51875
L466:T2:I2063,466,T2,2025-10-28T19:46:00.000Z,18,18,17,0,1,0.9444444444444444,95.8236111111111
L466:T2:I2067,466,T2,2025-11-22T17:50:00.000Z,18,18,16,0,2,0.8888888888888888,120.74305555555556
L466:T2:I2065,466,T2,2025-11-24T19:08:00.000Z,18,18,16,0,2,0.8888888888888888,122.79722222222222
L466:T2:I2064,466,T2,2026-04-09T14:33:00.000Z,26,26,26,0,0,1,75.60625
L466:T2:I2066,466,T2,2026-05-14T14:57:00.000Z,27,27,27,0,0,1,48.62291666666667
L467:T0,467,T0,2025-01-03T00:00:00.000Z,4,0,0,4,0,0,
L467:T1:I2070,467,T1,2025-01-03T10:56:26.000Z,5,0,0,5,0,0,
L467:T2:I2068,467,T2,2025-05-26T14:11:00.000Z,8,5,4,3,1,0.5,118.59097222222222
L467:T2:I2069,467,T2,2025-05-29T20:45:00.000Z,8,6,5,2,1,0.625,121.86458333333333
L468:T0,468,T0,2025-07-04T00:00:00.000Z,19,16,13,3,3,0.6842105263157895,127
L468:T1:I2072,468,T1,2025-10-08T19:55:00.000Z,25,25,22,0,3,0.88,195.82986111111111
L468:T2:I2071,468,T2,2025-10-25T17:57:00.000Z,26,26,25,0,1,0.9615384615384616,212.74791666666667
L469:T0,469,T0,2025-07-20T00:00:00.000Z,47,43,40,4,3,0.851063829787234,131
L469:T1:I2073,469,T1,2025-07-27T09:45:02.000Z,49,45,42,4,3,0.8571428571428571,138.40627314814816
L469:T2:I2078,469,T2,2025-07-30T07:58:31.000Z,49,45,41,4,4,0.8367346938775511,141.33230324074074
L469:T2:I2074,469,T2,2025-09-22T14:54:00.000Z,54,53,46,1,7,0.8518518518518519,171.62083333333334
L469:T2:I2075,469,T2,2025-12-11T08:15:00.000Z,64,64,59,0,5,0.921875,108.34375
L469:T2:I2077,469,T2,2026-01-25T08:46:00.000Z,73,73,69,0,4,0.9452054794520548,99.36527777777778
L469:T2:I2076,469,T2,2026-02-01T16:50:00.000Z,75,75,71,0,4,0.9466666666666667,104.70138888888889
L470:T0,470,T0,2025-08-26T00:00:00.000Z,73,67,63,6,4,0.863013698630137,206
L470:T1:I2079,470,T1,2025-08-29T17:36:05.000Z,74,69,64,5,5,0.8648648648648649,209.7333912037037
L470:T2:I2080,470,T2,2025-08-31T15:41:33.000Z,74,69,63,5,6,0.8513513513513513,211.65385416666666
L471:T0,471,T0,2025-12-03T00:00:00.000Z,41,41,37,0,4,0.9024390243902439,136
L471:T1:I2081,471,T1,2026-03-09T12:18:00.000Z,51,51,51,0,0,1,80.5125
L472:T0,472,T0,2025-05-18T00:00:00.000Z,21,14,13,7,1,0.6190476190476191,133
L472:T1:I2085,472,T1,2025-05-25T16:40:23.000Z,22,15,14,7,1,0.6363636363636364,140.69471064814815
L472:T2:I2084,472,T2,2025-05-26T19:15:49.000Z,22,15,14,7,1,0.6363636363636364,141.80265046296296
L472:T2:I2083,472,T2,2025-05-27T15:51:49.000Z,22,15,13,7,2,0.5909090909090909,142.6609837962963
L472:T2:I2087,472,T2,2025-11-15T16:36:00.000Z,40,40,33,0,7,0.825,143.69166666666666
L472:T2:I2082,472,T2,2025-12-12T07:33:00.000Z,43,43,36,0,7,0.8372093023255814,170.31458333333333
L472:T2:I2086,472,T2,2026-02-16T08:54:00.000Z,47,47,43,0,4,0.9148936170212766,227.37083333333334
L473:T0,473,T0,2025-09-24T00:00:00.000Z,35,34,28,1,6,0.8,181
L473:T1:I2088,473,T1,2025-09-28T18:28:59.000Z,36,35,30,1,5,0.8333333333333334,185.77012731481483
L473:T2:I2089,473,T2,2026-01-08T08:01:00.000Z,44,44,40,0,4,0.9090909090909091,172.33402777777778
L474:T0,474,T0,2025-01-25T00:00:00.000Z,15,0,0,15,0,0,
L474:T1:I2094,474,T1,2025-01-26T14:30:09.000Z,16,0,0,16,0,0,
L474:T2:I2090,474,T2,2025-02-04T17:28:32.000Z,16,1,1,15,0,0.0625,6.728148148148148
L474:T2:I2095,474,T2,2025-04-09T08:09:00.000Z,24,14,14,10,0,0.5833333333333334,70.33958333333334
L474:T2:I2091,474,T2,2025-04-25T09:07:00.000Z,27,17,17,10,0,0.6296296296296297,86.37986111111111
L474:T2:I2092,474,T2,2025-05-03T19:42:00.000Z,30,18,17,12,1,0.5666666666666667,94.82083333333334
L474:T2:I2093,474,T2,2025-09-18T17:03:00.000Z,40,40,35,0,5,0.875,128.71041666666667
L474:T2:I2096,474,T2,2026-04-06T10:47:00.000Z,49,49,47,0,2,0.9591836734693877,107.44930555555555
L475:T0,475,T0,2025-11-19T00:00:00.000Z,33,33,32,0,1,0.9696969696969697,165
L475:T1:I2100,475,T1,2025-11-21T13:17:04.000Z,34,34,33,0,1,0.9705882352941176,167.55351851851853
L475:T2:I2099,475,T2,2025-11-25T13:07:44.000Z,35,35,34,0,1,0.9714285714285714,171.54703703703703
L475:T2:I2098,475,T2,2025-12-03T11:34:00.000Z,35,35,34,0,1,0.9714285714285714,94.48194444444445
L475:T2:I2097,475,T2,2026-04-23T13:48:00.000Z,45,45,45,0,0,1,59.575
L476:T0,476,T0,2025-08-17T00:00:00.000Z,17,17,12,0,5,0.7058823529411765,169
L476:T1:I2106,476,T1,2025-08-17T18:40:34.000Z,18,17,12,1,5,0.6666666666666666,169.7781712962963
L476:T2:I2102,476,T2,2025-08-22T10:04:39.000Z,18,18,14,0,4,0.7777777777777778,174.41989583333333
L476:T2:I2101,476,T2,2025-08-28T19:25:54.000Z,18,18,14,0,4,0.7777777777777778,155.80965277777779
L476:T2:I2104,476,T2,2025-12-19T20:35:00.000Z,21,21,19,0,2,0.9047619047619048,182.85763888888889
L476:T2:I2105,476,T2,2026-02-25T10:03:00.000Z,22,22,21,0,1,0.9545454545454546,94.41875
L476:T2:I2103,476,T2,2026-06-24T07:39:00.000Z,30,30,29,0,1,0.9666666666666667,95.31875
L477:T0,477,T0,2025-01-13T00:00:00.000Z,24,1,1,23,0,0.041666666666666664,5
L477:T1:I2107,477,T1,2025-01-19T07:16:16.000Z,26,3,3,23,0,0.11538461538461539,11.302962962962964
L478:T0,478,T0,2026-05-09T00:00:00.000Z,82,82,78,0,4,0.9512195121951219,112
L478:T1:I2110,478,T1,2026-05-09T10:15:36.000Z,83,83,79,0,4,0.9518072289156626,112.4275
L478:T2:I2108,478,T2,2026-05-17T13:24:42.000Z,84,84,79,0,5,0.9404761904761905,107.55881944444444
L478:T2:I2111,478,T2,2026-05-17T17:21:37.000Z,84,84,79,0,5,0.9404761904761905,107.72334490740741
L478:T2:I2109,478,T2,2026-05-22T16:39:30.000Z,84,84,77,0,7,0.9166666666666666,112.69409722222223
L479:T0,479,T0,2025-10-19T00:00:00.000Z,24,22,20,2,2,0.8333333333333334,118
L479:T1:I2112,479,T1,2025-10-26T20:59:44.000Z,25,23,21,2,2,0.84,125.87481481481481
L479:T2:I2119,479,T2,2025-10-31T10:10:11.000Z,24,22,19,2,3,0.7916666666666666,130.42373842592593
L479:T2:I2113,479,T2,2025-11-01T07:19:58.000Z,25,23,20,2,3,0.8,131.3055324074074
L479:T2:I2115,479,T2,2025-11-01T19:49:23.000Z,25,23,20,2,3,0.8,131.82596064814814
L479:T2:I2116,479,T2,2026-03-29T14:13:00.000Z,34,34,32,0,2,0.9411764705882353,102.59236111111112
L479:T2:I2117,479,T2,2026-06-14T15:50:00.000Z,39,39,34,0,5,0.8717948717948718,116.65972222222223
L479:T2:I2118,479,T2,2026-06-17T20:19:00.000Z,39,39,34,0,5,0.8717948717948718,119.84652777777778
L479:T2:I2114,479,T2,2026-06-29T20:08:00.000Z,39,39,36,0,3,0.9230769230769231,131.8388888888889
L480:T0,480,T0,2025-04-09T00:00:00.000Z,10,5,5,5,0,0.5,75
L480:T1:I2123,480,T1,2025-04-13T07:03:54.000Z,11,5,5,6,0,0.45454545454545453,79.294375
L480:T2:I2127,480,T2,2025-04-15T18:15:00.000Z,11,6,6,5,0,0.5454545454545454,81.76041666666667
L480:T2:I2122,480,T2,2025-04-16T11:29:45.000Z,11,6,6,5,0,0.5454545454545454,82.47899305555555
L480:T2:I2125,480,T2,2025-11-08T14:24:00.000Z,16,16,16,0,0,1,65.6
L480:T2:I2120,480,T2,2025-11-18T15:07:00.000Z,16,16,16,0,0,1,75.62986111111111
L480:T2:I2126,480,T2,2026-01-26T13:03:00.000Z,18,18,18,0,0,1,66.54375
L480:T2:I2121,480,T2,2026-02-04T19:33:00.000Z,18,18,18,0,0,1,75.81458333333333
L480:T2:I2124,480,T2,2026-03-12T17:22:00.000Z,18,18,17,0,1,0.9444444444444444,111.72361111111111
L481:T0,481,T0,2025-12-27T00:00:00.000Z,48,48,46,0,2,0.9583333333333334,126
L481:T1:I2129,481,T1,2025-12-28T13:57:15.000Z,49,49,47,0,2,0.9591836734693877,127.5814236111111
L481:T2:I2128,481,T2,2026-01-02T20:11:19.000Z,49,49,47,0,2,0.9591836734693877,132.84119212962963
L481:T2:I2133,481,T2,2026-01-04T18:40:48.000Z,49,49,47,0,2,0.9591836734693877,134.77833333333334
L481:T2:I2131,481,T2,2026-01-08T07:11:37.000Z,49,49,47,0,2,0.9591836734693877,138.2997337962963
L481:T2:I2130,481,T2,2026-02-11T16:04:00.000Z,51,51,48,0,3,0.9411764705882353,149.66944444444445
L481:T2:I2132,481,T2,2026-06-22T12:12:00.000Z,65,65,65,0,0,1,80.50833333333334
L482:T0,482,T0,2026-03-28T00:00:00.000Z,56,56,53,0,3,0.9464285714285714,137
L482:T1:I2135,482,T1,2026-03-29T20:42:38.000Z,57,57,54,0,3,0.9473684210526315,138.8629398148148
L482:T2:I2136,482,T2,2026-04-03T19:12:31.000Z,58,58,54,0,4,0.9310344827586207,143.8003587962963
L482:T2:I2134,482,T2,2026-04-04T17:17:25.000Z,58,58,54,0,4,0.9310344827586207,144.72042824074074
L482:T2:I2137,482,T2,2026-04-07T11:48:02.000Z,58,58,54,0,4,0.9310344827586207,147.4916898148148
L483:T0,483,T0,2025-11-24T00:00:00.000Z,46,46,41,0,5,0.8913043478260869,165
L483:T1:I2142,483,T1,2025-11-24T07:08:05.000Z,47,47,42,0,5,0.8936170212765957,165.2972800925926
L483:T2:I2140,483,T2,2025-11-25T15:23:20.000Z,47,47,42,0,5,0.8936170212765957,166.6412037037037
L483:T2:I2138,483,T2,2025-11-28T09:22:17.000Z,48,48,43,0,5,0.8958333333333334,169.39047453703705
L483:T2:I2139,483,T2,2025-12-04T16:40:46.000Z,48,48,42,0,6,0.875,175.69497685185186
L483:T2:I2141,483,T2,2025-12-06T08:51:13.000Z,49,49,44,0,5,0.8979591836734694,177.36890046296296
L483:T2:I2143,483,T2,2026-03-29T14:53:00.000Z,62,62,59,0,3,0.9516129032258065,153.6201388888889
L484:T0,484,T0,2025-08-06T00:00:00.000Z,13,10,10,3,0,0.7692307692307693,86
L484:T1:I2148,484,T1,2025-08-06T16:34:47.000Z,14,11,11,3,0,0.7857142857142857,86.69082175925926
L484:T2:I2145,484,T2,2025-08-07T19:31:38.000Z,14,11,11,3,0,0.7857142857142857,87.81363425925926
L484:T2:I2149,484,T2,2025-08-09T07:57:00.000Z,14,11,11,3,0,0.7857142857142857,89.33125
L484:T2:I2146,484,T2,2025-08-14T15:53:23.000Z,15,12,11,3,1,0.7333333333333333,94.66207175925926
L484:T2:I2147,484,T2,2025-08-15T11:12:00.000Z,15,12,11,3,1,0.7333333333333333,95.46666666666667
L484:T2:I2144,484,T2,2025-10-20T11:12:00.000Z,17,15,13,2,2,0.7647058823529411,139.46666666666667
L485:T0,485,T0,2025-01-24T00:00:00.000Z,27,1,1,26,0,0.037037037037037035,2
L485:T1:I2152,485,T1,2025-01-24T12:47:54.000Z,28,1,1,27,0,0.03571428571428571,2.533263888888889
L485:T2:I2155,485,T2,2025-01-24T16:34:45.000Z,28,1,1,27,0,0.03571428571428571,2.690798611111111
L485:T2:I2153,485,T2,2025-01-30T09:17:00.000Z,28,1,1,27,0,0.03571428571428571,8.386805555555556
L485:T2:I2154,485,T2,2025-04-29T11:23:00.000Z,43,25,25,18,0,0.5813953488372093,83.47430555555556
L485:T2:I2150,485,T2,2025-08-01T13:10:00.000Z,50,46,42,4,4,0.84,143.54861111111111
L485:T2:I2151,485,T2,2025-09-12T08:23:00.000Z,54,53,47,1,6,0.8703703703703703,165.34930555555556
L486:T0,486,T0,2026-02-23T00:00:00.000Z,70,70,68,0,2,0.9714285714285714,119
L486:T1:I2158,486,T1,2026-02-26T11:20:35.000Z,71,71,69,0,2,0.971830985915493,122.47262731481482
L486:T2:I2156,486,T2,2026-02-27T17:24:35.000Z,71,71,68,0,3,0.9577464788732394,123.7254050925926
L486:T2:I2159,486,T2,2026-02-28T18:33:29.000Z,71,71,69,0,2,0.971830985915493,124.77325231481481
L486:T2:I2160,486,T2,2026-03-03T12:42:13.000Z,71,71,69,0,2,0.971830985915493,127.52931712962963
L486:T2:I2157,486,T2,2026-03-06T09:42:47.000Z,73,73,71,0,2,0.9726027397260274,130.40471064814815
L487:T0,487,T0,2025-02-27T00:00:00.000Z,31,10,10,21,0,0.3225806451612903,36
L487:T1:I2167,487,T1,2025-03-01T14:40:43.000Z,32,11,11,21,0,0.34375,38.611608796296295
L487:T2:I2165,487,T2,2025-03-08T18:01:56.000Z,34,14,14,20,0,0.4117647058823529,45.75134259259259
L487:T2:I2163,487,T2,2025-03-08T19:31:38.000Z,34,14,14,20,0,0.4117647058823529,45.81363425925926
L487:T2:I2164,487,T2,2025-05-08T11:20:00.000Z,43,29,29,14,0,0.6744186046511628,74.47222222222223
L487:T2:I2161,487,T2,2025-07-18T08:38:00.000Z,48,44,40,4,4,0.8333333333333334,141.35972222222222
L487:T2:I2166,487,T2,2025-12-30T14:35:00.000Z,67,67,64,0,3,0.9552238805970149,127.60763888888889
L487:T2:I2162,487,T2,2026-02-21T12:01:00.000Z,77,77,75,0,2,0.974025974025974,124.50069444444445
L488:T0,488,T0,2025-09-23T00:00:00.000Z,24,22,20,2,2,0.8333333333333334,153
L488:T1:I2169,488,T1,2025-09-26T09:10:23.000Z,24,22,20,2,2,0.8333333333333334,156.38221064814815
L488:T2:I2173,488,T2,2025-10-01T18:56:09.000Z,25,23,22,2,1,0.88,102.78899305555555
L488:T2:I2170,488,T2,2025-10-03T18:52:23.000Z,25,23,22,2,1,0.88,104.78637731481481
L488:T2:I2168,488,T2,2025-10-04T13:29:57.000Z,25,23,22,2,1,0.88,105.56246527777778
L488:T2:I2172,488,T2,2025-10-04T16:11:38.000Z,25,23,22,2,1,0.88,105.67474537037037
L488:T2:I2171,488,T2,2026-01-07T12:32:00.000Z,30,30,29,0,1,0.9666666666666667,99.52222222222223
L489:T0,489,T0,2026-01-11T00:00:00.000Z,50,50,46,0,4,0.92,205
L489:T1:I2174,489,T1,2026-01-23T10:46:51.000Z,52,52,48,0,4,0.9230769230769231,137.4492013888889
L490:T0,490,T0,2025-04-07T00:00:00.000Z,14,8,8,6,0,0.5714285714285714,69
L490:T1:I2175,490,T1,2025-04-14T14:38:14.000Z,15,9,9,6,0,0.6,76.60988425925926
L491:T0,491,T0,2025-03-21T00:00:00.000Z,29,17,17,12,0,0.5862068965517241,80
L491:T1:I2183,491,T1,2025-03-22T18:19:26.000Z,29,17,17,12,0,0.5862068965517241,81.76349537037036
L491:T2:I2179,491,T2,2025-03-24T13:42:04.000Z,29,17,17,12,0,0.5862068965517241,83.57087962962963
L491:T2:I2176,491,T2,2025-03-26T08:43:57.000Z,30,19,19,11,0,0.6333333333333333,85.36385416666667
L491:T2:I2180,491,T2,2025-03-26T15:16:32.000Z,30,19,19,11,0,0.6333333333333333,85.63648148148148
L491:T2:I2182,491,T2,2025-03-26T17:17:32.000Z,30,18,18,12,0,0.6,85.72050925925926
L491:T2:I2177,491,T2,2025-03-28T20:06:29.000Z,30,19,19,11,0,0.6333333333333333,87.83783564814814
L491:T2:I2181,491,T2,2025-08-15T14:12:00.000Z,46,46,40,0,6,0.8695652173913043,184.59166666666667
L491:T2:I2178,491,T2,2025-08-15T18:45:00.000Z,46,46,40,0,6,0.8695652173913043,184.78125
L492:T0,492,T0,2026-01-02T00:00:00.000Z,13,13,12,0,1,0.9230769230769231,134
L492:T1:I2187,492,T1,2026-01-08T10:20:17.000Z,14,14,13,0,1,0.9285714285714286,140.4307523148148
L492:T2:I2185,492,T2,2026-01-10T18:07:05.000Z,14,14,13,0,1,0.9285714285714286,142.7549189814815
L492:T2:I2188,492,T2,2026-01-11T08:04:03.000Z,14,14,13,0,1,0.9285714285714286,143.33614583333335
L492:T2:I2184,492,T2,2026-01-15T11:20:52.000Z,13,13,12,0,1,0.9230769230769231,147.47282407407408
L492:T2:I2186,492,T2,2026-02-03T16:02:00.000Z,15,15,15,0,0,1,79.66805555555555
L492:T2:I2189,492,T2,2026-06-01T18:29:00.000Z,17,17,15,0,2,0.8823529411764706,140.77013888888888
L492:T2:I2190,492,T2,2026-06-04T18:53:00.000Z,17,17,15,0,2,0.8823529411764706,143.78680555555556
L493:T0,493,T0,2025-06-19T00:00:00.000Z,10,8,8,2,0,0.8,73
L493:T1:I2192,493,T1,2025-06-22T08:57:36.000Z,11,9,9,2,0,0.8181818181818182,76.37333333333333
L493:T2:I2197,493,T2,2025-06-26T09:51:21.000Z,11,9,9,2,0,0.8181818181818182,80.41065972222222
L493:T2:I2193,493,T2,2025-06-28T16:58:03.000Z,11,8,8,3,0,0.7272727272727273,82.70697916666667
L493:T2:I2194,493,T2,2025-07-01T10:37:35.000Z,11,9,9,2,0,0.8181818181818182,85.4427662037037
L493:T2:I2191,493,T2,2025-07-02T10:37:03.000Z,11,9,9,2,0,0.8181818181818182,86.44239583333334
L493:T2:I2198,493,T2,2025-07-17T07:16:00.000Z,11,10,9,1,1,0.8181818181818182,101.30277777777778
L493:T2:I2195,493,T2,2026-06-04T07:47:00.000Z,21,21,16,0,5,0.7619047619047619,195.32430555555555
L493:T2:I2196,493,T2,2026-06-11T07:37:00.000Z,21,21,16,0,5,0.7619047619047619,195.3173611111111
L494:T0,494,T0,2025-04-29T00:00:00.000Z,26,18,17,8,1,0.6538461538461539,102
L494:T1:I2202,494,T1,2025-05-01T07:52:47.000Z,27,19,18,8,1,0.6666666666666666,104.32832175925925
L494:T2:I2203,494,T2,2025-05-03T13:30:50.000Z,27,18,17,9,1,0.6296296296296297,106.56307870370371
L494:T2:I2201,494,T2,2025-05-15T14:10:00.000Z,27,20,17,7,3,0.6296296296296297,118.59027777777777
L494:T2:I2204,494,T2,2025-11-22T11:13:00.000Z,38,37,31,1,6,0.8157894736842105,169.4673611111111
L494:T2:I2199,494,T2,2026-02-25T11:58:00.000Z,39,39,36,0,3,0.9230769230769231,127.49861111111112
L494:T2:I2200,494,T2,2026-03-02T09:39:00.000Z,40,40,37,0,3,0.925,132.40208333333334
L495:T0,495,T0,2025-09-01T00:00:00.000Z,43,39,30,4,9,0.6976744186046512,205
L495:T1:I2207,495,T1,2025-09-05T20:09:39.000Z,44,40,31,4,9,0.7045454545454546,209.8400347222222
L495:T2:I2210,495,T2,2025-09-07T14:08:17.000Z,43,39,30,4,9,0.6976744186046512,211.58908564814814
L495:T2:I2205,495,T2,2025-09-09T14:07:25.000Z,44,41,33,3,8,0.75,213.5884837962963
L495:T2:I2209,495,T2,2025-09-11T17:43:09.000Z,44,42,35,2,7,0.7954545454545454,215.7382986111111
L495:T2:I2206,495,T2,2025-09-13T20:38:12.000Z,44,42,36,2,6,0.8181818181818182,217.85986111111112
L495:T2:I2208,495,T2,2025-10-07T18:31:00.000Z,46,45,40,1,5,0.8695652173913043,151.77152777777778
L495:T2:I2211,495,T2,2026-02-05T16:15:00.000Z,55,55,50,0,5,0.9090909090909091,272.6770833333333
L496:T0,496,T0,2026-05-01T00:00:00.000Z,80,80,77,0,3,0.9625,113
L496:T1:I2214,496,T1,2026-05-04T12:15:39.000Z,81,81,78,0,3,0.9629629629629629,116.51086805555556
L496:T2:I2212,496,T2,2026-05-05T17:23:08.000Z,81,81,78,0,3,0.9629629629629629,117.72439814814815
L496:T2:I2217,496,T2,2026-05-07T07:03:49.000Z,81,81,78,0,3,0.9629629629629629,119.29431712962963
L496:T2:I2215,496,T2,2026-05-07T12:19:50.000Z,81,81,78,0,3,0.9629629629629629,119.51377314814815
L496:T2:I2216,496,T2,2026-05-09T17:05:48.000Z,81,81,78,0,3,0.9629629629629629,121.71236111111111
L496:T2:I2219,496,T2,2026-05-13T08:13:14.000Z,81,81,78,0,3,0.9629629629629629,125.34252314814815
L496:T2:I2218,496,T2,2026-05-14T09:05:12.000Z,81,81,78,0,3,0.9629629629629629,126.37861111111111
L496:T2:I2213,496,T2,2026-06-14T09:30:00.000Z,83,83,83,0,0,1,88.39583333333333
L497:T0,497,T0,2025-08-29T00:00:00.000Z,47,47,43,0,4,0.9148936170212766,116
L497:T1:I2221,497,T1,2025-09-03T13:35:18.000Z,48,48,42,0,6,0.875,121.56618055555556
L497:T2:I2220,497,T2,2026-01-18T10:27:00.000Z,68,68,62,0,6,0.9117647058823529,168.43541666666667
L498:T0,498,T0,2025-03-21T00:00:00.000Z,8,6,6,2,0,0.75,54
L498:T1:I2222,498,T1,2026-05-29T18:47:00.000Z,25,25,25,0,0,1,84.78263888888888
L499:T0,499,T0,2025-01-31T00:00:00.000Z,13,1,1,12,0,0.07692307692307693,7
L499:T1:I2226,499,T1,2025-01-31T12:55:32.000Z,14,1,1,13,0,0.07142857142857142,7.538564814814815
L499:T2:I2223,499,T2,2025-02-02T14:13:10.000Z,14,1,1,13,0,0.07142857142857142,9.592476851851853
L499:T2:I2227,499,T2,2025-02-02T16:55:00.000Z,14,1,1,13,0,0.07142857142857142,9.70486111111111
L499:T2:I2230,499,T2,2025-02-07T13:10:26.000Z,13,1,1,12,0,0.07692307692307693,14.548912037037036
L499:T2:I2229,499,T2,2025-04-28T08:48:00.000Z,18,14,13,4,1,0.7222222222222222,94.36666666666666
L499:T2:I2225,499,T2,2025-08-26T12:46:00.000Z,25,21,19,4,2,0.76,106.53194444444445
L499:T2:I2224,499,T2,2025-12-30T17:23:00.000Z,29,29,28,0,1,0.9655172413793104,105.72430555555556
L499:T2:I2228,499,T2,2026-05-22T10:40:00.000Z,35,35,35,0,0,1,67.44444444444444
L500:T0,500,T0,2025-10-25T00:00:00.000Z,44,44,39,0,5,0.8863636363636364,155
L500:T1:I2231,500,T1,2025-10-25T13:55:34.000Z,45,45,39,0,6,0.8666666666666667,155.58025462962962
L501:T0,501,T0,2025-09-04T00:00:00.000Z,47,45,38,2,7,0.8085106382978723,161
L501:T1:I2233,501,T1,2025-09-08T07:01:48.000Z,49,47,41,2,6,0.8367346938775511,165.29291666666666
L501:T2:I2239,501,T2,2025-09-08T18:36:41.000Z,49,47,41,2,6,0.8367346938775511,165.77547453703704
L501:T2:I2235,501,T2,2025-09-13T08:05:41.000Z,49,47,38,2,9,0.7755102040816326,170.33728009259258
L501:T2:I2237,501,T2,2025-09-13T19:03:58.000Z,49,47,38,2,9,0.7755102040816326,170.7944212962963
L501:T2:I2236,501,T2,2025-09-17T20:13:52.000Z,49,47,36,2,11,0.7346938775510204,174.84296296296296
L501:T2:I2232,501,T2,2025-10-08T09:56:00.000Z,50,48,43,2,5,0.86,195.4138888888889
L501:T2:I2238,501,T2,2026-03-18T10:30:00.000Z,69,69,68,0,1,0.9855072463768116,94.4375
L501:T2:I2234,501,T2,2026-06-28T17:30:00.000Z,80,80,77,0,3,0.9625,185.72916666666666
L502:T0,502,T0,2025-05-01T00:00:00.000Z,24,13,13,11,0,0.5416666666666666,78
L502:T1:I2240,502,T1,2025-05-01T16:29:07.000Z,25,13,13,12,0,0.52,78.68688657407408
L502:T2:I2241,502,T2,2025-05-10T08:03:11.000Z,24,13,13,11,0,0.5416666666666666,87.33554398148148
L502:T2:I2242,502,T2,2025-05-13T16:08:29.000Z,25,15,14,10,1,0.56,90.67255787037037
L503:T0,503,T0,2025-08-19T00:00:00.000Z,23,20,19,3,1,0.8260869565217391,99
L503:T1:I2243,503,T1,2025-08-22T17:13:45.000Z,24,21,18,3,3,0.75,105.71788194444444
L503:T2:I2244,503,T2,2025-08-27T08:42:27.000Z,25,22,20,3,2,0.8,107.3628125
L504:T0,504,T0,2025-12-24T00:00:00.000Z,41,41,38,0,3,0.926829268292683,129
L504:T1:I2251,504,T1,2025-12-25T18:21:49.000Z,42,42,39,0,3,0.9285714285714286,130.76515046296296
L504:T2:I2248,504,T2,2025-12-26T13:50:08.000Z,41,41,38,0,3,0.926829268292683,131.5764814814815
L504:T2:I2249,504,T2,2025-12-29T17:48:15.000Z,42,42,39,0,3,0.9285714285714286,134.74184027777778
L504:T2:I2252,504,T2,2025-12-30T09:52:32.000Z,42,42,39,0,3,0.9285714285714286,135.41148148148147
L504:T2:I2245,504,T2,2026-01-01T18:14:17.000Z,42,42,39,0,3,0.9285714285714286,137.7599189814815
L504:T2:I2247,504,T2,2026-01-03T11:21:42.000Z,43,43,40,0,3,0.9302325581395349,139.47340277777778
L504:T2:I2250,504,T2,2026-01-05T15:17:07.000Z,43,43,40,0,3,0.9302325581395349,141.63688657407408
L504:T2:I2246,504,T2,2026-03-16T11:31:00.000Z,49,49,49,0,0,1,86.4798611111111
L505:T0,505,T0,2025-06-03T00:00:00.000Z,27,16,15,11,1,0.5555555555555556,96
L505:T1:I2255,505,T1,2025-06-05T13:53:28.000Z,28,17,16,11,1,0.5714285714285714,98.57879629629629
L505:T2:I2253,505,T2,2025-06-13T17:47:46.000Z,29,19,17,10,2,0.5862068965517241,106.74150462962963
L505:T2:I2254,505,T2,2025-07-14T08:03:00.000Z,30,26,24,4,2,0.8,137.33541666666667
L506:T0,506,T0,2025-02-09T00:00:00.000Z,21,5,5,16,0,0.23809523809523808,20
L506:T1:I2256,506,T1,2025-03-28T07:16:00.000Z,27,14,14,13,0,0.5185185185185185,67.30277777777778
L507:T0,507,T0,2025-10-10T00:00:00.000Z,33,33,28,0,5,0.8484848484848485,150
L507:T1:I2257,507,T1,2025-10-18T09:09:17.000Z,34,34,28,0,6,0.8235294117647058,158.38144675925926
L508:T0,508,T0,2025-07-04T00:00:00.000Z,28,22,21,6,1,0.75,115
L508:T1:I2262,508,T1,2025-07-04T08:30:22.000Z,29,23,21,6,2,0.7241379310344828,127.3544212962963
L508:T2:I2259,508,T2,2025-07-06T08:15:40.000Z,28,22,21,6,1,0.75,117.34421296296296
L508:T2:I2260,508,T2,2025-07-08T09:29:48.000Z,29,23,21,6,2,0.7241379310344828,146.39569444444444
L508:T2:I2258,508,T2,2025-11-27T12:51:00.000Z,41,41,38,0,3,0.926829268292683,148.53541666666666
L508:T2:I2261,508,T2,2026-02-19T20:12:00.000Z,46,46,44,0,2,0.9565217391304348,111.84166666666667
L509:T0,509,T0,2026-02-03T00:00:00.000Z,44,44,44,0,0,1,87
L509:T1:I2263,509,T1,2026-02-06T17:33:25.000Z,44,44,43,0,1,0.9772727272727273,90.73153935185185
L509:T2:I2266,509,T2,2026-02-11T10:12:14.000Z,44,44,42,0,2,0.9545454545454546,95.42516203703704
L509:T2:I2265,509,T2,2026-02-11T18:09:34.000Z,45,45,43,0,2,0.9555555555555556,95.75664351851852
L509:T2:I2264,509,T2,2026-02-15T16:29:39.000Z,45,45,44,0,1,0.9777777777777777,96.68725694444444
L509:T2:I2267,509,T2,2026-02-16T08:41:26.000Z,45,45,44,0,1,0.9777777777777777,97.36210648148148
L510:T0,510,T0,2026-06-02T00:00:00.000Z,35,35,35,0,0,1,68
L510:T1:I2269,510,T1,2026-06-07T07:10:54.000Z,36,36,36,0,0,1,73.29923611111111
L510:T2:I2268,510,T2,2026-06-10T15:10:45.000Z,36,36,36,0,0,1,76.63246527777778
L510:T2:I2270,510,T2,2026-06-11T08:14:05.000Z,36,36,36,0,0,1,77.34311342592592
L511:T0,511,T0,2026-06-26T00:00:00.000Z,68,68,65,0,3,0.9558823529411765,144
L511:T1:I2271,511,T1,2026-06-27T15:30:50.000Z,69,69,66,0,3,0.9565217391304348,145.64641203703704
L511:T2:I2273,511,T2,2026-06-28T15:26:59.000Z,69,69,66,0,3,0.9565217391304348,146.64373842592593
L511:T2:I2274,511,T2,2026-07-01T10:01:46.000Z,69,69,66,0,3,0.9565217391304348,149.41789351851853
L511:T2:I2272,511,T2,2026-07-05T19:48:52.000Z,69,69,66,0,3,0.9565217391304348,153.82560185185184
L511:T2:I2275,511,T2,2026-07-09T16:51:48.000Z,69,69,66,0,3,0.9565217391304348,157.70263888888888
L512:T0,512,T0,2026-06-22T00:00:00.000Z,65,65,64,0,1,0.9846153846153847,117
L512:T1:I2279,512,T1,2026-06-22T10:21:36.000Z,66,66,65,0,1,0.9848484848484849,117.43166666666667
L512:T2:I2276,512,T2,2026-06-28T07:48:20.000Z,66,66,65,0,1,0.9848484848484849,123.32523148148148
L512:T2:I2283,512,T2,2026-06-28T13:35:55.000Z,66,66,65,0,1,0.9848484848484849,123.5666087962963
L512:T2:I2281,512,T2,2026-06-30T20:36:09.000Z,65,65,64,0,1,0.9846153846153847,125.8584375
L512:T2:I2280,512,T2,2026-07-02T13:47:48.000Z,66,66,65,0,1,0.9848484848484849,127.5748611111111
L512:T2:I2278,512,T2,2026-07-03T10:49:13.000Z,65,65,64,0,1,0.9846153846153847,128.4508449074074
L512:T2:I2282,512,T2,2026-07-03T11:46:52.000Z,66,66,65,0,1,0.9848484848484849,128.49087962962963
L512:T2:I2277,512,T2,2026-07-05T14:51:38.000Z,65,65,63,0,2,0.9692307692307692,130.6191898148148
L513:T0,513,T0,2026-06-15T00:00:00.000Z,17,17,13,0,4,0.7647058823529411,199
L513:T1:I2286,513,T1,2026-06-15T18:55:53.000Z,18,18,14,0,4,0.7777777777777778,199.78880787037036
L513:T2:I2287,513,T2,2026-06-16T11:17:08.000Z,18,18,14,0,4,0.7777777777777778,200.47023148148148
L513:T2:I2285,513,T2,2026-06-19T18:30:08.000Z,17,17,14,0,3,0.8235294117647058,203.77092592592592
L513:T2:I2289,513,T2,2026-06-20T07:17:28.000Z,19,19,16,0,3,0.8421052631578947,204.3037962962963
L513:T2:I2288,513,T2,2026-06-20T10:11:15.000Z,19,19,16,0,3,0.8421052631578947,204.42447916666666
L513:T2:I2284,513,T2,2026-06-26T14:48:39.000Z,19,19,18,0,1,0.9473684210526315,142.61711805555555
L514:T0,514,T0,2025-01-19T00:00:00.000Z,9,0,0,9,0,0,
L514:T1:I2291,514,T1,2025-04-08T11:47:00.000Z,16,10,10,6,0,0.625,62.490972222222226
L514:T2:I2292,514,T2,2025-06-06T15:12:00.000Z,20,18,16,2,2,0.8,121.63333333333334
L514:T2:I2290,514,T2,2025-07-03T19:04:00.000Z,21,21,18,0,3,0.8571428571428571,148.79444444444445
L514:T2:I2293,514,T2,2026-06-29T07:55:00.000Z,37,37,37,0,0,1,80.32986111111111
L515:T0,515,T0,2026-01-11T00:00:00.000Z,36,36,32,0,4,0.8888888888888888,211
L515:T1:I2294,515,T1,2026-04-06T14:40:00.000Z,43,43,42,0,1,0.9767441860465116,114.61111111111111
L516:T0,516,T0,2025-07-25T00:00:00.000Z,22,18,15,4,3,0.6818181818181818,182
L516:T1:I2297,516,T1,2025-08-01T08:43:01.000Z,23,19,17,4,2,0.7391304347826086,189.36320601851853
L516:T2:I2301,516,T2,2025-08-01T09:42:46.000Z,23,19,17,4,2,0.7391304347826086,189.40469907407407
L516:T2:I2296,516,T2,2025-08-05T17:10:55.000Z,23,19,18,4,1,0.782608695652174,133.71591435185186
L516:T2:I2299,516,T2,2025-08-07T12:19:27.000Z,22,19,18,3,1,0.8181818181818182,135.51350694444446
L516:T2:I2295,516,T2,2025-09-01T19:54:00.000Z,25,23,21,2,2,0.84,112.82916666666667
L516:T2:I2298,516,T2,2025-10-19T09:36:00.000Z,27,27,25,0,2,0.9259259259259259,160.4
L516:T2:I2300,516,T2,2026-04-23T19:57:00.000Z,35,35,34,0,1,0.9714285714285714,116.83125
L517:T0,517,T0,2025-05-09T00:00:00.000Z,6,4,4,2,0,0.6666666666666666,31
L517:T1:I2305,517,T1,2025-05-10T08:12:38.000Z,7,5,5,2,0,0.7142857142857143,59.34210648148148
L517:T2:I2309,517,T2,2025-05-11T16:10:00.000Z,7,5,5,2,0,0.7142857142857143,33.673611111111114
L517:T2:I2303,517,T2,2025-05-13T15:44:07.000Z,8,5,5,3,0,0.625,35.65563657407407
L517:T2:I2304,517,T2,2025-05-18T16:18:26.000Z,8,6,6,2,0,0.75,40.679467592592594
L517:T2:I2302,517,T2,2025-09-14T13:17:00.000Z,17,16,16,1,0,0.9411764705882353,86.55347222222223
L517:T2:I2306,517,T2,2026-02-26T09:04:00.000Z,24,24,23,0,1,0.9583333333333334,98.37777777777778
L517:T2:I2307,517,T2,2026-03-23T18:17:00.000Z,25,25,24,0,1,0.96,97.76180555555555
L517:T2:I2308,517,T2,2026-05-25T08:22:00.000Z,30,30,28,0,2,0.9333333333333333,117.34861111111111
L518:T0,518,T0,2026-06-17T00:00:00.000Z,42,42,40,0,2,0.9523809523809523,130
L518:T1:I2311,518,T1,2026-06-19T10:28:17.000Z,43,43,41,0,2,0.9534883720930233,132.43630787037037
L518:T2:I2316,518,T2,2026-06-21T10:21:17.000Z,42,42,40,0,2,0.9523809523809523,134.43144675925927
L518:T2:I2312,518,T2,2026-06-22T09:49:27.000Z,43,43,42,0,1,0.9767441860465116,101.40934027777777
L518:T2:I2317,518,T2,2026-06-23T17:54:09.000Z,42,42,41,0,1,0.9761904761904762,102.7459375
L518:T2:I2315,518,T2,2026-06-25T08:05:04.000Z,44,44,42,0,2,0.9545454545454546,104.33685185185185
L518:T2:I2313,518,T2,2026-06-26T08:08:50.000Z,44,44,42,0,2,0.9545454545454546,105.3394675925926
L518:T2:I2314,518,T2,2026-06-30T11:02:54.000Z,44,44,42,0,2,0.9545454545454546,109.46034722222223
L518:T2:I2310,518,T2,2026-06-30T17:28:05.000Z,44,44,42,0,2,0.9545454545454546,109.72783564814814
L519:T0,519,T0,2026-03-30T00:00:00.000Z,80,80,77,0,3,0.9625,139
L519:T1:I2318,519,T1,2026-04-09T13:57:23.000Z,82,82,77,0,5,0.9390243902439024,149.5815162037037
L519:T2:I2319,519,T2,2026-04-11T16:05:24.000Z,82,82,77,0,5,0.9390243902439024,151.67041666666665
L520:T0,520,T0,2026-06-20T00:00:00.000Z,57,57,56,0,1,0.9824561403508771,124
L520:T1:I2326,520,T1,2026-06-21T11:41:06.000Z,58,58,57,0,1,0.9827586206896551,125.486875
L520:T2:I2321,520,T2,2026-06-22T19:36:56.000Z,58,58,57,0,1,0.9827586206896551,126.81731481481482
L520:T2:I2324,520,T2,2026-06-26T15:06:28.000Z,57,57,56,0,1,0.9824561403508771,130.62949074074075
L520:T2:I2323,520,T2,2026-06-27T09:26:49.000Z,57,57,56,0,1,0.9824561403508771,131.3936226851852
L520:T2:I2320,520,T2,2026-06-27T11:13:30.000Z,58,58,57,0,1,0.9827586206896551,131.46770833333332
L520:T2:I2325,520,T2,2026-06-29T07:47:21.000Z,58,58,57,0,1,0.9827586206896551,133.3245486111111
L520:T2:I2322,520,T2,2026-06-29T20:03:15.000Z,58,58,57,0,1,0.9827586206896551,133.83559027777778
L520:T2:I2327,520,T2,2026-06-30T20:20:17.000Z,58,58,57,0,1,0.9827586206896551,134.84741898148147
L521:T0,521,T0,2025-07-02T00:00:00.000Z,43,37,32,6,5,0.7441860465116279,127
L521:T1:I2333,521,T1,2025-07-04T16:41:36.000Z,44,38,33,6,5,0.75,129.69555555555556
L521:T2:I2332,521,T2,2025-07-07T16:02:23.000Z,44,37,31,7,6,0.7045454545454546,132.66832175925927
L521:T2:I2331,521,T2,2025-07-08T15:53:45.000Z,45,38,31,7,7,0.6888888888888889,133.66232638888889
L521:T2:I2335,521,T2,2025-07-09T08:18:40.000Z,46,39,34,7,5,0.7391304347826086,134.3462962962963
L521:T2:I2334,521,T2,2025-07-13T13:23:57.000Z,47,41,36,6,5,0.7659574468085106,138.5582986111111
L521:T2:I2329,521,T2,2025-11-29T14:46:00.000Z,66,66,61,0,5,0.9242424242424242,132.61527777777778
L521:T2:I2330,521,T2,2025-12-31T19:32:00.000Z,70,70,68,0,2,0.9714285714285714,130.8138888888889
L521:T2:I2328,521,T2,2026-02-02T09:01:00.000Z,72,72,69,0,3,0.9583333333333334,140.37569444444443
L522:T0,522,T0,2025-01-03T00:00:00.000Z,6,0,0,6,0,0,
L522:T1:I2341,522,T1,2025-02-01T12:44:00.000Z,8,2,2,6,0,0.25,10.530555555555555
L522:T2:I2339,522,T2,2025-03-22T18:43:00.000Z,11,4,4,7,0,0.36363636363636365,59.77986111111111
L522:T2:I2342,522,T2,2025-04-12T20:21:00.000Z,12,5,5,7,0,0.4166666666666667,80.84791666666666
L522:T2:I2336,522,T2,2025-07-20T07:50:00.000Z,15,15,14,0,1,0.9333333333333333,92.32638888888889
L522:T2:I2337,522,T2,2025-09-12T09:58:00.000Z,19,18,15,1,3,0.7894736842105263,124.41527777777777
L522:T2:I2340,522,T2,2025-11-13T14:03:00.000Z,21,20,18,1,2,0.8571428571428571,168.58541666666667
L522:T2:I2338,522,T2,2026-03-05T09:32:00.000Z,27,27,27,0,0,1,55.397222222222226
L523:T0,523,T0,2025-04-15T00:00:00.000Z,16,11,11,5,0,0.6875,81
L523:T1:I2346,523,T1,2025-04-24T11:33:55.000Z,18,14,13,4,1,0.7222222222222222,90.48188657407407
L523:T2:I2345,523,T2,2025-04-25T18:28:06.000Z,18,13,12,5,1,0.6666666666666666,91.7695138888889
L523:T2:I2349,523,T2,2025-04-25T19:11:34.000Z,18,13,12,5,1,0.6666666666666666,91.79969907407407
L523:T2:I2348,523,T2,2025-04-27T07:20:47.000Z,18,14,12,4,2,0.6666666666666666,105.30609953703704
L523:T2:I2347,523,T2,2025-04-27T14:49:57.000Z,17,13,12,4,1,0.7058823529411765,93.61802083333333
L523:T2:I2344,523,T2,2025-07-25T07:03:00.000Z,23,18,15,5,3,0.6521739130434783,182.29375
L523:T2:I2343,523,T2,2025-11-18T11:03:00.000Z,29,29,28,0,1,0.9655172413793104,103.46041666666666
L524:T0,524,T0,2025-05-15T00:00:00.000Z,19,15,15,4,0,0.7894736842105263,89
L524:T1:I2350,524,T1,2025-05-15T13:44:12.000Z,20,16,16,4,0,0.8,89.5723611111111
L524:T2:I2355,524,T2,2025-05-24T16:06:23.000Z,20,17,15,3,2,0.75,98.67109953703704
L524:T2:I2351,524,T2,2025-11-15T15:47:00.000Z,30,30,28,0,2,0.9333333333333333,118.65763888888888
L524:T2:I2356,524,T2,2025-12-31T13:21:00.000Z,33,33,30,0,3,0.9090909090909091,140.55625
L524:T2:I2353,524,T2,2026-01-08T07:48:00.000Z,33,33,30,0,3,0.9090909090909091,148.325
L524:T2:I2354,524,T2,2026-03-18T14:54:00.000Z,39,39,39,0,0,1,80.62083333333334
L524:T2:I2352,524,T2,2026-04-09T15:15:00.000Z,39,39,38,0,1,0.9743589743589743,95.63541666666667
L524:T2:I2357,524,T2,2026-06-29T07:23:00.000Z,43,43,43,0,0,1,80.30763888888889
L525:T0,525,T0,2025-06-27T00:00:00.000Z,28,18,17,10,1,0.6071428571428571,108
L525:T1:I2358,525,T1,2025-11-07T17:01:00.000Z,40,40,37,0,3,0.925,128.70902777777778
L526:T0,526,T0,2026-04-02T00:00:00.000Z,53,53,53,0,0,1,75
L526:T1:I2359,526,T1,2026-04-04T18:24:25.000Z,54,54,54,0,0,1,77.76695601851851
L527:T0,527,T0,2025-01-31T00:00:00.000Z,14,5,5,9,0,0.35714285714285715,12
L527:T1:I2361,527,T1,2025-03-21T09:44:00.000Z,17,10,10,7,0,0.5882352941176471,58.40555555555556
L527:T2:I2360,527,T2,2026-02-26T11:56:00.000Z,39,39,37,0,2,0.9487179487179487,106.49722222222222
L528:T0,528,T0,2025-06-09T00:00:00.000Z,16,14,14,2,0,0.875,70
L528:T1:I2365,528,T1,2025-06-12T15:39:23.000Z,16,14,14,2,0,0.875,73.65234953703704
L528:T2:I2366,528,T2,2025-06-21T10:25:08.000Z,17,16,16,1,0,0.9411764705882353,82.43412037037037
L528:T2:I2362,528,T2,2026-03-08T07:53:00.000Z,26,26,25,0,1,0.9615384615384616,93.32847222222222
L528:T2:I2364,528,T2,2026-06-02T12:29:00.000Z,28,28,28,0,0,1,78.5201388888889
L528:T2:I2363,528,T2,2026-06-05T19:54:00.000Z,28,28,28,0,0,1,81.82916666666667
L529:T0,529,T0,2025-08-04T00:00:00.000Z,20,20,18,0,2,0.9,180
L529:T1:I2368,529,T1,2025-08-09T10:09:30.000Z,20,20,17,0,3,0.85,185.4232638888889
L529:T2:I2367,529,T2,2026-04-05T07:46:00.000Z,32,32,32,0,0,1,85.3236111111111
L530:T0,530,T0,2025-02-28T00:00:00.000Z,33,8,8,25,0,0.24242424242424243,44
L530:T1:I2369,530,T1,2025-03-07T10:16:12.000Z,34,10,10,24,0,0.29411764705882354,51.42791666666667
L530:T2:I2370,530,T2,2025-03-12T08:54:12.000Z,35,14,14,21,0,0.4,56.37097222222222
L531:T0,531,T0,2026-03-13T00:00:00.000Z,12,12,11,0,1,0.9166666666666666,95
L531:T1:I2372,531,T1,2026-03-15T08:04:30.000Z,13,13,12,0,1,0.9230769230769231,97.33645833333334
L531:T2:I2374,531,T2,2026-03-15T16:06:57.000Z,13,13,12,0,1,0.9230769230769231,97.67149305555556
L531:T2:I2373,531,T2,2026-03-18T08:23:35.000Z,13,13,12,0,1,0.9230769230769231,100.34971064814815
L531:T2:I2375,531,T2,2026-03-24T14:21:18.000Z,13,13,12,0,1,0.9230769230769231,106.598125
L531:T2:I2371,531,T2,2026-04-02T09:52:00.000Z,13,13,12,0,1,0.9230769230769231,115.41111111111111
L532:T0,532,T0,2025-06-05T00:00:00.000Z,9,8,6,1,2,0.6666666666666666,118
L532:T1:I2376,532,T1,2025-06-11T16:58:16.000Z,10,9,7,1,2,0.7,124.70712962962963
L532:T2:I2378,532,T2,2025-06-15T16:53:04.000Z,10,8,6,2,2,0.6,128.7035185185185
L532:T2:I2377,532,T2,2025-10-17T09:16:00.000Z,12,12,12,0,0,1,77.3861111111111
L533:T0,533,T0,2025-01-06T00:00:00.000Z,11,0,0,11,0,0,
L533:T1:I2380,533,T1,2025-02-17T07:00:00.000Z,13,2,2,11,0,0.15384615384615385,2.2916666666666665
L533:T2:I2379,533,T2,2025-03-16T10:05:00.000Z,16,6,6,10,0,0.375,29.42013888888889
L534:T0,534,T0,2025-05-12T00:00:00.000Z,7,7,7,0,0,1,54
L534:T1:I2384,534,T1,2025-05-16T15:25:17.000Z,8,7,7,1,0,0.875,58.64255787037037
L534:T2:I2381,534,T2,2025-05-25T16:01:36.000Z,8,8,7,0,1,0.875,110.66777777777777
L534:T2:I2382,534,T2,2025-10-14T18:42:00.000Z,14,14,11,0,3,0.7857142857142857,209.77916666666667
L534:T2:I2383,534,T2,2026-04-18T15:58:00.000Z,20,20,20,0,0,1,68.66527777777777
L535:T0,535,T0,2025-01-01T00:00:00.000Z,6,0,0,6,0,0,
L535:T1:I2386,535,T1,2025-01-01T10:21:59.000Z,7,0,0,7,0,0,
L535:T2:I2392,535,T2,2025-01-06T14:23:45.000Z,7,0,0,7,0,0,
L535:T2:I2387,535,T2,2025-08-26T13:15:00.000Z,17,17,15,0,2,0.8823529411764706,107.55208333333333
L535:T2:I2389,535,T2,2025-09-14T17:14:00.000Z,20,19,16,1,3,0.8,126.71805555555555
L535:T2:I2385,535,T2,2025-09-14T18:53:00.000Z,20,19,16,1,3,0.8,126.78680555555556
L535:T2:I2391,535,T2,2025-10-04T18:14:00.000Z,21,20,17,1,3,0.8095238095238095,146.75972222222222
L535:T2:I2390,535,T2,2025-10-24T19:08:00.000Z,21,20,17,1,3,0.8095238095238095,148.79722222222222
L535:T2:I2388,535,T2,2026-03-16T12:36:00.000Z,27,27,27,0,0,1,66.525
L536:T0,536,T0,2025-02-09T00:00:00.000Z,38,8,8,30,0,0.21052631578947367,16
L536:T1:I2398,536,T1,2025-02-09T19:43:17.000Z,39,8,8,31,0,0.20512820512820512,16.82172453703704
L536:T2:I2395,536,T2,2025-02-12T08:55:02.000Z,40,9,9,31,0,0.225,19.371550925925927
L536:T2:I2399,536,T2,2025-02-17T20:23:00.000Z,41,12,12,29,0,0.2926829268292683,24.849305555555556
L536:T2:I2394,536,T2,2025-06-29T19:33:00.000Z,61,51,46,10,5,0.7540983606557377,148.81458333333333
L536:T2:I2397,536,T2,2025-07-14T20:22:00.000Z,64,56,50,8,6,0.78125,163.8486111111111
L536:T2:I2393,536,T2,2026-01-07T15:49:00.000Z,100,99,89,1,10,0.89,144.65902777777777
L536:T2:I2396,536,T2,2026-04-04T12:30:00.000Z,107,107,101,0,6,0.9439252336448598,130.52083333333334
L537:T0,537,T0,2025-04-07T00:00:00.000Z,22,14,14,8,0,0.6363636363636364,76
L537:T1:I2400,537,T1,2025-06-19T10:43:00.000Z,29,27,25,2,2,0.8620689655172413,102.44652777777777
L538:T0,538,T0,2025-10-31T00:00:00.000Z,86,85,79,1,6,0.9186046511627907,166
L538:T1:I2403,538,T1,2025-11-01T20:51:21.000Z,87,86,80,1,6,0.9195402298850575,153.86899305555556
L538:T2:I2402,538,T2,2025-11-10T11:55:35.000Z,89,88,82,1,6,0.9213483146067416,162.49693287037036
L538:T2:I2401,538,T2,2026-06-23T14:31:00.000Z,119,119,117,0,2,0.9831932773109243,101.6048611111111
L539:T0,539,T0,2025-04-18T00:00:00.000Z,21,11,11,10,0,0.5238095238095238,88
L539:T1:I2404,539,T1,2025-04-20T07:21:52.000Z,23,11,10,12,1,0.43478260869565216,90.30685185185185
L539:T2:I2405,539,T2,2025-08-12T11:26:00.000Z,33,31,30,2,1,0.9090909090909091,102.47638888888889
L540:T0,540,T0,2025-04-28T00:00:00.000Z,9,6,6,3,0,0.6666666666666666,80
L540:T1:I2406,540,T1,2025-05-05T10:47:36.000Z,10,7,7,3,0,0.7,87.44972222222222
L540:T2:I2407,540,T2,2026-03-15T18:04:00.000Z,15,15,14,0,1,0.9333333333333333,97.75277777777778
L541:T0,541,T0,2025-12-18T00:00:00.000Z,28,28,27,0,1,0.9642857142857143,93
L541:T1:I2408,541,T1,2025-12-18T09:00:31.000Z,29,29,28,0,1,0.9655172413793104,93.3753587962963
L541:T2:I2410,541,T2,2025-12-22T07:24:08.000Z,29,29,28,0,1,0.9655172413793104,97.30842592592593
L541:T2:I2409,541,T2,2025-12-30T14:45:38.000Z,29,29,28,0,1,0.9655172413793104,105.61502314814815
L542:T0,542,T0,2025-07-19T00:00:00.000Z,37,36,28,1,8,0.7567567567567568,175
L542:T1:I2411,542,T1,2025-07-19T08:39:18.000Z,38,37,29,1,8,0.7631578947368421,175.360625
L542:T2:I2418,542,T2,2025-07-22T16:25:42.000Z,37,36,27,1,9,0.7297297297297297,178.6845138888889
L542:T2:I2414,542,T2,2025-07-23T20:33:45.000Z,38,37,27,1,10,0.7105263157894737,179.85677083333334
L542:T2:I2415,542,T2,2025-07-24T13:43:23.000Z,38,37,27,1,10,0.7105263157894737,180.57179398148148
L542:T2:I2413,542,T2,2025-08-01T10:17:00.000Z,39,38,30,1,8,0.7692307692307693,188.4284722222222
L542:T2:I2417,542,T2,2026-03-26T20:37:00.000Z,63,63,60,0,3,0.9523809523809523,98.85902777777778
L542:T2:I2416,542,T2,2026-04-15T19:46:00.000Z,65,65,64,0,1,0.9846153846153847,114.8236111111111
L542:T2:I2412,542,T2,2026-06-07T15:18:00.000Z,70,70,68,0,2,0.9714285714285714,106.6375
L543:T0,543,T0,2025-03-28T00:00:00.000Z,23,10,10,13,0,0.43478260869565216,45
L543:T1:I2420,543,T1,2025-04-05T17:17:16.000Z,24,12,12,12,0,0.5,53.72032407407407
L543:T2:I2425,543,T2,2025-06-09T19:45:00.000Z,28,23,22,5,1,0.7857142857142857,113.82291666666667
L543:T2:I2421,543,T2,2025-07-23T08:54:00.000Z,29,25,22,4,3,0.7586206896551724,109.37083333333334
L543:T2:I2426,543,T2,2026-01-01T19:20:00.000Z,40,40,40,0,0,1,69.80555555555556
L543:T2:I2424,543,T2,2026-01-23T16:15:00.000Z,42,42,41,0,1,0.9761904761904762,91.67708333333333
L543:T2:I2419,543,T2,2026-05-11T11:17:00.000Z,53,53,52,0,1,0.9811320754716981,97.47013888888888
L543:T2:I2423,543,T2,2026-06-04T20:56:00.000Z,56,56,52,0,4,0.9285714285714286,106.87222222222222
L543:T2:I2422,543,T2,2026-06-19T07:56:00.000Z,56,56,51,0,5,0.9107142857142857,121.33055555555555
L544:T0,544,T0,2026-06-12T00:00:00.000Z,60,60,57,0,3,0.95,149
L544:T1:I2428,544,T1,2026-06-15T12:08:49.000Z,61,61,58,0,3,0.9508196721311475,136.50612268518518
L544:T2:I2430,544,T2,2026-06-18T11:44:46.000Z,61,61,58,0,3,0.9508196721311475,139.48942129629629
L544:T2:I2431,544,T2,2026-06-19T16:35:14.000Z,61,61,58,0,3,0.9508196721311475,140.69113425925926
L544:T2:I2427,544,T2,2026-06-22T13:57:16.000Z,60,60,57,0,3,0.95,143.58143518518517
L544:T2:I2429,544,T2,2026-06-25T10:36:48.000Z,61,61,60,0,1,0.9836065573770492,111.44222222222223
L545:T0,545,T0,2025-08-06T00:00:00.000Z,45,45,37,0,8,0.8222222222222222,175
L545:T1:I2436,545,T1,2025-08-09T10:35:52.000Z,46,46,38,0,8,0.8260869565217391,178.44157407407408
L545:T2:I2438,545,T2,2025-08-09T14:50:27.000Z,46,46,39,0,7,0.8478260869565217,178.61836805555555
L545:T2:I2434,545,T2,2025-08-10T09:06:59.000Z,46,46,39,0,7,0.8478260869565217,179.37984953703705
L545:T2:I2437,545,T2,2025-08-14T19:52:53.000Z,46,46,40,0,6,0.8695652173913043,183.82839120370372
L545:T2:I2433,545,T2,2025-08-19T07:49:26.000Z,46,46,39,0,7,0.8478260869565217,188.32599537037038
L545:T2:I2432,545,T2,2026-06-05T16:07:00.000Z,69,69,68,0,1,0.9855072463768116,116.67152777777778
L545:T2:I2435,545,T2,2026-06-18T07:44:00.000Z,70,70,69,0,1,0.9857142857142858,92.32222222222222
L546:T0,546,T0,2025-10-17T00:00:00.000Z,23,23,22,0,1,0.9565217391304348,125
L546:T1:I2444,546,T1,2025-10-24T09:42:06.000Z,25,25,23,0,2,0.92,132.40423611111112
L546:T2:I2445,546,T2,2025-10-24T19:53:58.000Z,25,25,22,0,3,0.88,162.82914351851852
L546:T2:I2441,546,T2,2025-10-25T08:33:24.000Z,25,25,23,0,2,0.92,133.35652777777779
L546:T2:I2439,546,T2,2025-10-26T16:07:47.000Z,25,25,23,0,2,0.92,134.67207175925927
L546:T2:I2443,546,T2,2025-10-28T14:41:31.000Z,25,25,23,0,2,0.92,136.61216435185185
L546:T2:I2446,546,T2,2025-12-30T20:54:00.000Z,27,27,25,0,2,0.9259259259259259,199.87083333333334
L546:T2:I2440,546,T2,2026-05-18T11:51:00.000Z,33,33,32,0,1,0.9696969696969697,156.49375
L546:T2:I2442,546,T2,2026-06-04T20:59:00.000Z,33,33,32,0,1,0.9696969696969697,93.87430555555555
L547:T0,547,T0,2025-12-15T00:00:00.000Z,46,46,43,0,3,0.9347826086956522,148
L547:T1:I2447,547,T1,2025-12-17T11:03:12.000Z,46,46,43,0,3,0.9347826086956522,150.46055555555554
L547:T2:I2451,547,T2,2025-12-19T07:08:00.000Z,47,47,43,0,4,0.9148936170212766,152.29722222222222
L547:T2:I2449,547,T2,2025-12-19T12:33:44.000Z,47,47,43,0,4,0.9148936170212766,152.52342592592592
L547:T2:I2448,547,T2,2025-12-20T10:05:17.000Z,47,47,43,0,4,0.9148936170212766,153.42033564814815
L547:T2:I2450,547,T2,2026-02-17T20:54:00.000Z,51,51,49,0,2,0.9607843137254902,176.87083333333334
L548:T0,548,T0,2025-02-03T00:00:00.000Z,13,1,1,12,0,0.07692307692307693,10
L548:T1:I2453,548,T1,2025-02-08T10:03:01.000Z,14,1,1,13,0,0.07142857142857142,15.418761574074074
L548:T2:I2456,548,T2,2025-02-11T09:09:47.000Z,14,2,2,12,0,0.14285714285714285,18.381793981481483
L548:T2:I2455,548,T2,2025-02-12T08:17:21.000Z,14,2,2,12,0,0.14285714285714285,19.345381944444444
L548:T2:I2452,548,T2,2025-02-14T20:43:47.000Z,14,2,2,12,0,0.14285714285714285,21.863738425925927
L548:T2:I2458,548,T2,2025-04-18T16:44:00.000Z,17,12,12,5,0,0.7058823529411765,84.69722222222222
L548:T2:I2457,548,T2,2025-08-28T18:24:00.000Z,25,22,20,3,2,0.8,108.76666666666667
L548:T2:I2454,548,T2,2026-05-28T13:28:00.000Z,35,35,35,0,0,1,73.56111111111112
L549:T0,549,T0,2025-05-13T00:00:00.000Z,12,8,8,4,0,0.6666666666666666,78
L549:T1:I2462,549,T1,2025-05-23T14:05:27.000Z,13,10,10,3,0,0.7692307692307693,88.58711805555555
L549:T2:I2459,549,T2,2025-10-05T16:13:00.000Z,19,18,15,1,3,0.7894736842105263,147.67569444444445
L549:T2:I2460,549,T2,2026-04-01T11:04:00.000Z,23,23,23,0,0,1,69.46111111111111
L549:T2:I2461,549,T2,2026-04-27T19:25:00.000Z,24,24,23,0,1,0.9583333333333334,95.80902777777777
L550:T0,550,T0,2026-03-20T00:00:00.000Z,75,75,71,0,4,0.9466666666666667,164
L550:T1:I2470,550,T1,2026-03-23T14:41:45.000Z,76,76,70,0,6,0.9210526315789473,167.6123263888889
L550:T2:I2469,550,T2,2026-03-24T13:06:25.000Z,77,77,71,0,6,0.922077922077922,168.5461226851852
L550:T2:I2468,550,T2,2026-03-27T10:07:33.000Z,77,77,74,0,3,0.961038961038961,126.42190972222222
L550:T2:I2463,550,T2,2026-03-28T17:03:39.000Z,77,77,74,0,3,0.961038961038961,127.71086805555555
L550:T2:I2465,550,T2,2026-03-28T19:16:49.000Z,77,77,74,0,3,0.961038961038961,127.8033449074074
L550:T2:I2466,550,T2,2026-03-31T08:29:11.000Z,77,77,73,0,4,0.948051948051948,130.35359953703704
L550:T2:I2464,550,T2,2026-04-01T10:01:58.000Z,77,77,73,0,4,0.948051948051948,131.4180324074074
L550:T2:I2467,550,T2,2026-06-09T11:23:00.000Z,82,82,82,0,0,1,83.47430555555556
L551:T0,551,T0,2025-04-03T00:00:00.000Z,29,19,18,10,1,0.6206896551724138,93
L551:T1:I2475,551,T1,2025-04-06T11:06:17.000Z,29,19,18,10,1,0.6206896551724138,96.46269675925926
L551:T2:I2476,551,T2,2025-04-08T09:43:45.000Z,30,20,19,10,1,0.6333333333333333,98.40538194444444
L551:T2:I2477,551,T2,2025-04-08T11:56:11.000Z,30,20,19,10,1,0.6333333333333333,98.49734953703704
L551:T2:I2474,551,T2,2025-04-14T15:31:56.000Z,33,24,23,9,1,0.696969696969697,104.64717592592592
L551:T2:I2471,551,T2,2025-04-16T18:26:19.000Z,33,25,24,8,1,0.7272727272727273,106.76827546296296
L551:T2:I2473,551,T2,2025-06-23T09:45:00.000Z,41,39,36,2,3,0.8780487804878049,141.40625
L551:T2:I2472,551,T2,2025-11-29T07:48:00.000Z,54,54,50,0,4,0.9259259259259259,189.325
L551:T2:I2478,551,T2,2026-06-05T16:19:00.000Z,69,69,68,0,1,0.9855072463768116,116.67986111111111
L552:T0,552,T0,2025-05-01T00:00:00.000Z,24,16,15,8,1,0.625,95
L552:T1:I2484,552,T1,2025-05-05T11:15:46.000Z,24,16,15,8,1,0.625,99.4692824074074
L552:T2:I2481,552,T2,2025-05-09T11:19:56.000Z,25,16,14,9,2,0.56,103.47217592592592
L552:T2:I2482,552,T2,2025-05-14T12:25:07.000Z,27,19,16,8,3,0.5925925925925926,108.51744212962963
L552:T2:I2479,552,T2,2025-05-18T12:02:00.000Z,28,20,17,8,3,0.6071428571428571,112.50138888888888
L552:T2:I2483,552,T2,2025-10-02T10:09:00.000Z,44,44,35,0,9,0.7954545454545454,191.42291666666668
L552:T2:I2480,552,T2,2025-10-07T09:52:00.000Z,45,45,36,0,9,0.8,196.4111111111111
L552:T2:I2485,552,T2,2025-10-21T17:12:00.000Z,46,46,38,0,8,0.8260869565217391,210.71666666666667
L553:T0,553,T0,2026-04-30T00:00:00.000Z,17,17,16,0,1,0.9411764705882353,121
L553:T1:I2488,553,T1,2026-05-02T09:42:37.000Z,19,19,18,0,1,0.9473684210526315,123.40459490740741
L553:T2:I2486,553,T2,2026-05-02T15:58:41.000Z,19,19,18,0,1,0.9473684210526315,123.66575231481481
L553:T2:I2490,553,T2,2026-05-02T19:44:49.000Z,18,18,17,0,1,0.9444444444444444,123.82278935185185
L553:T2:I2489,553,T2,2026-05-09T14:05:29.000Z,19,19,18,0,1,0.9473684210526315,130.5871412037037
L553:T2:I2487,553,T2,2026-05-10T13:45:39.000Z,19,19,18,0,1,0.9473684210526315,131.57336805555556
L554:T0,554,T0,2025-04-23T00:00:00.000Z,25,18,17,7,1,0.68,113
L554:T1:I2494,554,T1,2025-04-24T10:11:13.000Z,26,18,17,8,1,0.6538461538461539,114.42445601851851
L554:T2:I2497,554,T2,2025-04-24T16:12:58.000Z,26,18,17,8,1,0.6538461538461539,114.6756712962963
L554:T2:I2492,554,T2,2025-04-30T08:11:18.000Z,26,18,16,8,2,0.6153846153846154,120.34118055555555
L554:T2:I2491,554,T2,2025-08-21T20:10:00.000Z,36,34,29,2,5,0.8055555555555556,153.84027777777777
L554:T2:I2495,554,T2,2025-10-21T19:06:00.000Z,39,39,33,0,6,0.8461538461538461,186.79583333333332
L554:T2:I2496,554,T2,2025-10-29T08:04:00.000Z,42,42,37,0,5,0.8809523809523809,192.3361111111111
L554:T2:I2493,554,T2,2025-12-05T13:40:00.000Z,44,44,43,0,1,0.9772727272727273,94.56944444444444
L554:T2:I2498,554,T2,2026-06-04T12:05:00.000Z,58,58,58,0,0,1,78.50347222222223
L555:T0,555,T0,2025-04-30T00:00:00.000Z,12,7,7,5,0,0.5833333333333334,47
L555:T1:I2501,555,T1,2025-04-30T13:50:31.000Z,13,7,7,6,0,0.5384615384615384,47.57674768518518
L555:T2:I2499,555,T2,2025-05-04T13:33:33.000Z,13,8,8,5,0,0.6153846153846154,51.56496527777778
L555:T2:I2504,555,T2,2025-05-08T07:11:24.000Z,13,8,8,5,0,0.6153846153846154,85.29958333333333
L555:T2:I2500,555,T2,2025-09-29T15:47:00.000Z,21,20,17,1,3,0.8095238095238095,141.6576388888889
L555:T2:I2502,555,T2,2025-12-26T14:28:00.000Z,23,23,22,0,1,0.9565217391304348,167.6027777777778
L555:T2:I2503,555,T2,2026-01-22T12:21:00.000Z,25,25,25,0,0,1,71.51458333333333
L556:T0,556,T0,2026-06-24T00:00:00.000Z,32,32,31,0,1,0.96875,117
L556:T1:I2507,556,T1,2026-06-24T16:07:01.000Z,33,33,32,0,1,0.9696969696969697,117.67153935185185
L556:T2:I2506,556,T2,2026-06-25T17:49:45.000Z,33,33,32,0,1,0.9696969696969697,118.74288194444445
L556:T2:I2509,556,T2,2026-07-02T11:43:05.000Z,32,32,30,0,2,0.9375,125.48825231481482
L556:T2:I2510,556,T2,2026-07-04T14:56:27.000Z,33,33,31,0,2,0.9393939393939394,127.62253472222223
L556:T2:I2508,556,T2,2026-07-04T20:46:23.000Z,33,33,31,0,2,0.9393939393939394,127.86554398148148
L556:T2:I2505,556,T2,2026-07-07T11:36:15.000Z,33,33,31,0,2,0.9393939393939394,130.48350694444446
L557:T0,557,T0,2026-05-03T00:00:00.000Z,57,57,53,0,4,0.9298245614035088,106
L557:T1:I2515,557,T1,2026-05-08T19:11:29.000Z,59,59,55,0,4,0.9322033898305084,111.7996412037037
L557:T2:I2517,557,T2,2026-05-11T18:53:01.000Z,59,59,55,0,4,0.9322033898305084,114.78681712962963
L557:T2:I2516,557,T2,2026-05-13T07:49:01.000Z,59,59,56,0,3,0.9491525423728814,116.32570601851852
L557:T2:I2513,557,T2,2026-05-13T08:40:45.000Z,59,59,56,0,3,0.9491525423728814,116.36163194444444
L557:T2:I2514,557,T2,2026-05-14T17:12:37.000Z,58,58,56,0,2,0.9655172413793104,117.71709490740741
L557:T2:I2512,557,T2,2026-05-16T11:43:50.000Z,59,59,57,0,2,0.9661016949152542,119.48877314814816
L557:T2:I2511,557,T2,2026-05-16T20:08:40.000Z,59,59,57,0,2,0.9661016949152542,119.83935185185184
L558:T0,558,T0,2025-07-07T00:00:00.000Z,24,22,19,2,3,0.7916666666666666,166
L558:T1:I2520,558,T1,2025-07-12T12:51:33.000Z,25,24,22,1,2,0.88,171.53579861111112
L558:T2:I2518,558,T2,2025-07-13T11:02:09.000Z,24,23,21,1,2,0.875,172.4598263888889
L558:T2:I2522,558,T2,2025-07-15T09:46:28.000Z,25,23,20,2,3,0.8,174.40726851851852
L558:T2:I2521,558,T2,2025-07-18T09:01:54.000Z,27,25,21,2,4,0.7777777777777778,177.37631944444445
L558:T2:I2523,558,T2,2025-12-23T12:55:00.000Z,44,44,41,0,3,0.9318181818181818,299.53819444444446
L558:T2:I2524,558,T2,2026-01-09T16:46:00.000Z,46,46,46,0,0,1,76.6986111111111
L558:T2:I2519,558,T2,2026-01-20T14:46:00.000Z,47,47,47,0,0,1,87.61527777777778
L559:T0,559,T0,2026-06-02T00:00:00.000Z,56,56,55,0,1,0.9821428571428571,100
L559:T1:I2528,559,T1,2026-06-06T08:34:25.000Z,56,56,55,0,1,0.9821428571428571,94.3572337962963
L559:T2:I2527,559,T2,2026-06-07T07:05:58.000Z,56,56,55,0,1,0.9821428571428571,95.29581018518519
L559:T2:I2530,559,T2,2026-06-08T07:48:51.000Z,58,58,57,0,1,0.9827586206896551,96.32559027777778
L559:T2:I2531,559,T2,2026-06-09T08:37:31.000Z,58,58,57,0,1,0.9827586206896551,97.35938657407408
L559:T2:I2525,559,T2,2026-06-09T09:09:56.000Z,58,58,57,0,1,0.9827586206896551,97.38189814814815
L559:T2:I2526,559,T2,2026-06-13T08:12:34.000Z,58,58,56,0,2,0.9655172413793104,101.34206018518519
L559:T2:I2529,559,T2,2026-06-15T15:32:40.000Z,58,58,56,0,2,0.9655172413793104,103.64768518518518
L560:T0,560,T0,2025-12-28T00:00:00.000Z,34,34,32,0,2,0.9411764705882353,133
L560:T1:I2534,560,T1,2026-01-01T13:24:20.000Z,35,35,33,0,2,0.9428571428571428,137.55856481481482
L560:T2:I2535,560,T2,2026-01-05T18:53:33.000Z,35,35,33,0,2,0.9428571428571428,141.7871875
L560:T2:I2532,560,T2,2026-01-08T20:03:00.000Z,35,35,32,0,3,0.9142857142857143,144.83541666666667
L560:T2:I2536,560,T2,2026-01-09T19:15:49.000Z,35,35,32,0,3,0.9142857142857143,145.80265046296296
L560:T2:I2537,560,T2,2026-02-28T08:29:00.000Z,39,39,36,0,3,0.9230769230769231,181.35347222222222
L560:T2:I2533,560,T2,2026-04-29T19:23:00.000Z,42,42,40,0,2,0.9523809523809523,116.80763888888889
L561:T0,561,T0,2026-05-22T00:00:00.000Z,88,88,86,0,2,0.9772727272727273,123
L561:T1:I2540,561,T1,2026-05-23T19:39:28.000Z,89,89,86,0,3,0.9662921348314607,124.81907407407408
L561:T2:I2544,561,T2,2026-05-24T10:06:27.000Z,89,89,88,0,1,0.9887640449438202,91.42114583333333
L561:T2:I2541,561,T2,2026-05-27T15:51:28.000Z,90,90,89,0,1,0.9888888888888889,94.66074074074074
L561:T2:I2538,561,T2,2026-05-31T10:28:34.000Z,90,90,89,0,1,0.9888888888888889,98.43650462962962
L561:T2:I2542,561,T2,2026-06-01T14:51:36.000Z,90,90,89,0,1,0.9888888888888889,99.61916666666667
L561:T2:I2543,561,T2,2026-06-01T16:22:55.000Z,90,90,89,0,1,0.9888888888888889,99.68258101851852
L561:T2:I2539,561,T2,2026-06-04T14:50:15.000Z,90,90,88,0,2,0.9777777777777777,102.61822916666667
L562:T0,562,T0,2025-05-13T00:00:00.000Z,10,6,5,4,1,0.5,105
L562:T1:I2547,562,T1,2025-05-24T12:29:27.000Z,12,9,8,3,1,0.6666666666666666,116.52045138888889
L562:T2:I2546,562,T2,2026-03-27T20:39:00.000Z,16,16,15,0,1,0.9375,126.86041666666667
L562:T2:I2545,562,T2,2026-04-12T09:21:00.000Z,17,17,17,0,0,1,77.38958333333333
L563:T0,563,T0,2025-09-21T00:00:00.000Z,17,17,14,0,3,0.8235294117647058,134
L563:T1:I2552,563,T1,2025-09-21T18:46:05.000Z,18,18,15,0,3,0.8333333333333334,134.7820023148148
L563:T2:I2548,563,T2,2025-09-28T15:19:16.000Z,18,18,14,0,4,0.7777777777777778,141.63837962962964
L563:T2:I2549,563,T2,2025-09-29T12:58:37.000Z,18,18,15,0,3,0.8333333333333334,142.5407060185185
L563:T2:I2550,563,T2,2025-10-03T19:43:15.000Z,18,17,14,1,3,0.7777777777777778,146.8217013888889
L563:T2:I2551,563,T2,2025-12-13T11:45:00.000Z,20,20,19,0,1,0.95,92.48958333333333
L564:T0,564,T0,2025-05-28T00:00:00.000Z,28,22,21,6,1,0.75,114
L564:T1:I2554,564,T1,2025-05-29T20:58:39.000Z,29,23,21,6,2,0.7241379310344828,115.8740625
L564:T2:I2553,564,T2,2025-05-30T16:31:43.000Z,29,23,21,6,2,0.7241379310344828,116.68869212962963
L564:T2:I2558,564,T2,2025-06-10T07:08:52.000Z,29,23,20,6,3,0.6896551724137931,127.29782407407407
L564:T2:I2555,564,T2,2025-07-21T12:50:00.000Z,31,28,22,3,6,0.7096774193548387,168.53472222222223
L564:T2:I2557,564,T2,2025-11-25T13:18:00.000Z,40,40,39,0,1,0.975,247.55416666666667
L564:T2:I2556,564,T2,2026-04-11T16:21:00.000Z,50,50,49,0,1,0.98,102.68125
L565:T0,565,T0,2026-01-29T00:00:00.000Z,64,64,62,0,2,0.96875,157
L565:T1:I2561,565,T1,2026-01-29T18:12:50.000Z,65,65,63,0,2,0.9692307692307692,157.75891203703705
L565:T2:I2559,565,T2,2026-01-31T18:23:07.000Z,65,65,64,0,1,0.9846153846153847,159.76605324074075
L565:T2:I2563,565,T2,2026-02-02T16:44:11.000Z,64,64,63,0,1,0.984375,161.69734953703704
L565:T2:I2562,565,T2,2026-02-10T12:54:51.000Z,67,67,66,0,1,0.9850746268656716,169.53809027777777
L565:T2:I2560,565,T2,2026-06-07T17:31:00.000Z,79,79,77,0,2,0.9746835443037974,164.72986111111112
L566:T0,566,T0,2026-02-04T00:00:00.000Z,57,57,56,0,1,0.9824561403508771,100
L566:T1:I2566,566,T1,2026-02-08T18:54:20.000Z,58,58,56,0,2,0.9655172413793104,104.78773148148149
L566:T2:I2567,566,T2,2026-02-12T16:57:10.000Z,58,58,56,0,2,0.9655172413793104,108.70636574074074
L566:T2:I2564,566,T2,2026-02-13T07:01:32.000Z,57,57,55,0,2,0.9649122807017544,109.29273148148148
L566:T2:I2568,566,T2,2026-02-14T18:05:20.000Z,58,58,56,0,2,0.9655172413793104,110.7537037037037
L566:T2:I2565,566,T2,2026-06-08T15:16:00.000Z,64,64,63,0,1,0.984375,103.6361111111111
L567:T0,567,T0,2025-05-15T00:00:00.000Z,7,6,6,1,0,0.8571428571428571,37
L567:T1:I2569,567,T1,2025-05-22T18:43:43.000Z,8,6,6,2,0,0.75,44.7803587962963
L568:T0,568,T0,2026-03-18T00:00:00.000Z,26,26,26,0,0,1,54
L568:T1:I2573,568,T1,2026-03-19T11:00:21.000Z,27,27,27,0,0,1,55.458576388888886
L568:T2:I2576,568,T2,2026-03-19T16:06:39.000Z,27,27,27,0,0,1,55.671284722222225
L568:T2:I2574,568,T2,2026-03-19T17:06:58.000Z,27,27,27,0,0,1,55.713171296296295
L568:T2:I2575,568,T2,2026-03-21T07:42:39.000Z,27,27,27,0,0,1,57.321284722222224
L568:T2:I2577,568,T2,2026-03-21T13:17:58.000Z,26,26,26,0,0,1,57.554143518518515
L568:T2:I2570,568,T2,2026-03-23T16:27:26.000Z,27,27,27,0,0,1,59.685717592592596
L568:T2:I2572,568,T2,2026-03-25T16:45:21.000Z,27,27,27,0,0,1,65.69815972222223
L568:T2:I2571,568,T2,2026-03-28T16:16:59.000Z,27,27,27,0,0,1,71.67846064814815
L569:T0,569,T0,2025-02-05T00:00:00.000Z,7,4,4,3,0,0.5714285714285714,13
L569:T1:I2583,569,T1,2025-05-18T07:01:00.000Z,11,7,5,4,2,0.45454545454545453,112.2923611111111
L569:T2:I2581,569,T2,2025-12-13T18:01:00.000Z,18,18,18,0,0,1,72.75069444444445
L569:T2:I2578,569,T2,2026-01-03T12:28:00.000Z,18,18,18,0,0,1,65.51944444444445
L569:T2:I2580,569,T2,2026-01-25T15:12:00.000Z,19,19,19,0,0,1,87.63333333333334
L569:T2:I2582,569,T2,2026-02-21T17:32:00.000Z,20,20,19,0,1,0.95,101.73055555555555
L569:T2:I2579,569,T2,2026-04-21T11:28:00.000Z,23,23,23,0,0,1,57.477777777777774
L570:T0,570,T0,2025-04-30T00:00:00.000Z,42,24,24,18,0,0.5714285714285714,66
L570:T1:I2587,570,T1,2025-05-03T18:46:59.000Z,43,25,25,18,0,0.5813953488372093,69.78262731481482
L570:T2:I2585,570,T2,2025-11-13T08:15:00.000Z,60,60,57,0,3,0.95,174.34375
L570:T2:I2586,570,T2,2026-01-14T13:04:00.000Z,71,71,69,0,2,0.971830985915493,128.54444444444445
L570:T2:I2584,570,T2,2026-03-24T13:34:00.000Z,81,81,79,0,2,0.9753086419753086,128.56527777777777
L570:T2:I2588,570,T2,2026-05-18T14:15:00.000Z,97,97,96,0,1,0.9896907216494846,110.59375
L571:T0,571,T0,2025-10-10T00:00:00.000Z,25,24,21,1,3,0.84,107
L571:T1:I2590,571,T1,2025-10-17T18:57:51.000Z,25,24,20,1,4,0.8,114.79017361111111
L571:T2:I2591,571,T2,2025-10-21T08:28:05.000Z,26,25,21,1,4,0.8076923076923077,118.35283564814814
L571:T2:I2589,571,T2,2025-11-06T13:01:00.000Z,29,29,23,0,6,0.7931034482758621,134.54236111111112
L572:T0,572,T0,2025-06-13T00:00:00.000Z,12,10,10,2,0,0.8333333333333334,85
L572:T1:I2593,572,T1,2025-06-15T13:43:29.000Z,13,11,11,2,0,0.8461538461538461,87.57186342592593
L572:T2:I2592,572,T2,2025-06-17T10:05:17.000Z,13,11,11,2,0,0.8461538461538461,89.42033564814815
L572:T2:I2594,572,T2,2025-06-24T09:22:21.000Z,14,12,11,2,1,0.7857142857142857,96.39052083333333
L573:T0,573,T0,2025-02-25T00:00:00.000Z,34,15,15,19,0,0.4411764705882353,47
L573:T1:I2595,573,T1,2025-09-04T13:30:00.000Z,64,64,56,0,8,0.875,222.5625
L574:T0,574,T0,2025-11-27T00:00:00.000Z,31,31,26,0,5,0.8387096774193549,206
L574:T1:I2596,574,T1,2025-12-07T11:47:54.000Z,33,33,28,0,5,0.8484848484848485,216.49159722222223
L575:T0,575,T0,2026-03-02T00:00:00.000Z,63,63,59,0,4,0.9365079365079365,203
L575:T1:I2597,575,T1,2026-03-03T15:56:36.000Z,64,64,61,0,3,0.953125,204.66430555555556
L575:T2:I2598,575,T2,2026-03-06T20:29:12.000Z,64,64,61,0,3,0.953125,207.85361111111112
L576:T0,576,T0,2026-02-24T00:00:00.000Z,32,32,31,0,1,0.96875,100
L576:T1:I2599,576,T1,2026-02-24T19:31:55.000Z,33,33,32,0,1,0.9696969696969697,100.81383101851851
L576:T2:I2600,576,T2,2026-03-08T15:26:43.000Z,33,33,32,0,1,0.9696969696969697,112.64355324074074
L577:T0,577,T0,2025-10-04T00:00:00.000Z,26,26,21,0,5,0.8076923076923077,219
L577:T1:I2601,577,T1,2025-10-08T11:51:27.000Z,27,27,21,0,6,0.7777777777777778,223.4940625
L577:T2:I2602,577,T2,2025-10-08T11:54:57.000Z,27,27,21,0,6,0.7777777777777778,223.49649305555556
L577:T2:I2603,577,T2,2025-10-11T14:34:41.000Z,27,27,20,0,7,0.7407407407407407,226.6074189814815
L577:T2:I2604,577,T2,2025-10-17T08:03:41.000Z,27,27,21,0,6,0.7777777777777778,232.3358912037037
L578:T0,578,T0,2025-09-20T00:00:00.000Z,32,31,26,1,5,0.8125,143
L578:T1:I2605,578,T1,2025-09-21T16:12:53.000Z,33,32,26,1,6,0.7878787878787878,144.67561342592592
L578:T2:I2606,578,T2,2025-10-03T20:22:00.000Z,34,33,26,1,7,0.7647058823529411,156.8486111111111
L579:T0,579,T0,2025-02-04T00:00:00.000Z,20,1,1,19,0,0.05,2
L579:T1:I2608,579,T1,2026-03-05T13:35:00.000Z,46,46,44,0,2,0.9565217391304348,125.56597222222223
L579:T2:I2607,579,T2,2026-04-09T07:32:00.000Z,51,51,51,0,0,1,78.31388888888888
L580:T0,580,T0,2026-04-24T00:00:00.000Z,66,66,63,0,3,0.9545454545454546,123
L580:T1:I2609,580,T1,2026-04-26T13:20:09.000Z,67,67,64,0,3,0.9552238805970149,125.55565972222222
L580:T2:I2616,580,T2,2026-04-27T07:57:10.000Z,68,68,65,0,3,0.9558823529411765,126.33136574074074
L580:T2:I2611,580,T2,2026-04-27T13:03:43.000Z,68,68,65,0,3,0.9558823529411765,126.54424768518518
L580:T2:I2614,580,T2,2026-05-03T15:35:56.000Z,67,67,64,0,3,0.9552238805970149,132.64995370370372
L580:T2:I2613,580,T2,2026-05-04T17:24:30.000Z,68,68,65,0,3,0.9558823529411765,133.7253472222222
L580:T2:I2612,580,T2,2026-05-05T16:17:48.000Z,68,68,65,0,3,0.9558823529411765,134.67902777777778
L580:T2:I2615,580,T2,2026-05-06T20:22:06.000Z,68,68,65,0,3,0.9558823529411765,135.84868055555555
L580:T2:I2610,580,T2,2026-05-07T14:25:51.000Z,69,69,66,0,3,0.9565217391304348,136.60128472222223
L581:T0,581,T0,2026-01-28T00:00:00.000Z,20,20,19,0,1,0.95,194
L581:T1:I2621,581,T1,2026-01-28T07:59:20.000Z,21,21,20,0,1,0.9523809523809523,194.33287037037036
L581:T2:I2617,581,T2,2026-02-01T12:41:16.000Z,21,21,20,0,1,0.9523809523809523,198.5286574074074
L581:T2:I2623,581,T2,2026-02-04T14:36:46.000Z,21,21,20,0,1,0.9523809523809523,201.60886574074075
L581:T2:I2620,581,T2,2026-02-10T13:24:05.000Z,23,23,22,0,1,0.9565217391304348,207.5583912037037
L581:T2:I2618,581,T2,2026-04-19T10:13:00.000Z,29,29,28,0,1,0.9655172413793104,154.42569444444445
L581:T2:I2619,581,T2,2026-05-07T17:20:00.000Z,29,29,28,0,1,0.9655172413793104,172.72222222222223
L581:T2:I2622,581,T2,2026-05-12T16:24:00.000Z,29,29,28,0,1,0.9655172413793104,177.68333333333334
L582:T0,582,T0,2025-07-11T00:00:00.000Z,41,40,34,1,6,0.8292682926829268,140
L582:T1:I2627,582,T1,2025-07-13T13:06:50.000Z,41,40,34,1,6,0.8292682926829268,142.54641203703704
L582:T2:I2629,582,T2,2025-07-14T19:48:03.000Z,42,41,35,1,6,0.8333333333333334,143.82503472222223
L582:T2:I2625,582,T2,2025-10-04T09:13:00.000Z,46,44,34,2,10,0.7391304347826086,225.3840277777778
L582:T2:I2628,582,T2,2025-11-11T13:18:00.000Z,49,49,41,0,8,0.8367346938775511,263.5541666666667
L582:T2:I2626,582,T2,2026-01-19T19:26:00.000Z,52,52,51,0,1,0.9807692307692307,163.80972222222223
L582:T2:I2624,582,T2,2026-04-01T09:52:00.000Z,64,64,63,0,1,0.984375,99.41111111111111
L583:T0,583,T0,2025-09-23T00:00:00.000Z,38,36,33,2,3,0.868421052631579,138
L583:T1:I2633,583,T1,2025-09-26T13:54:03.000Z,39,37,35,2,2,0.8974358974358975,141.5792013888889
L583:T2:I2634,583,T2,2025-09-28T11:20:15.000Z,39,38,36,1,2,0.9230769230769231,143.47239583333334
L583:T2:I2630,583,T2,2025-09-29T20:14:40.000Z,39,38,36,1,2,0.9230769230769231,144.84351851851852
L583:T2:I2631,583,T2,2025-10-02T20:44:55.000Z,38,37,34,1,3,0.8947368421052632,147.86452546296297
L583:T2:I2632,583,T2,2026-03-16T07:09:00.000Z,48,48,44,0,4,0.9166666666666666,136.29791666666668
L584:T0,584,T0,2025-10-21T00:00:00.000Z,24,24,23,0,1,0.9583333333333334,129
L584:T1:I2635,584,T1,2025-10-25T08:24:00.000Z,25,25,23,0,2,0.92,133.35
L585:T0,585,T0,2025-09-10T00:00:00.000Z,15,13,13,2,0,0.8666666666666667,60
L585:T1:I2638,585,T1,2025-09-13T11:19:10.000Z,16,14,13,2,1,0.8125,118.47164351851852
L585:T2:I2641,585,T2,2025-09-18T19:01:57.000Z,16,14,14,2,0,0.875,68.79302083333333
L585:T2:I2637,585,T2,2025-10-25T08:08:00.000Z,17,15,14,2,1,0.8235294117647058,105.33888888888889
L585:T2:I2639,585,T2,2026-04-01T19:15:00.000Z,23,23,23,0,0,1,70.80208333333333
L585:T2:I2636,585,T2,2026-04-12T08:16:00.000Z,23,23,23,0,0,1,41.34444444444444
L585:T2:I2640,585,T2,2026-06-20T13:02:00.000Z,24,24,24,0,0,1,78.54305555555555
L585:T2:I2642,585,T2,2026-06-30T19:15:00.000Z,26,26,26,0,0,1,88.80208333333333
L586:T0,586,T0,2025-05-29T00:00:00.000Z,28,14,14,14,0,0.5,87
L586:T1:I2643,586,T1,2025-06-06T13:43:50.000Z,29,17,16,12,1,0.5517241379310345,95.57210648148148
L586:T2:I2644,586,T2,2025-12-05T17:10:00.000Z,41,41,38,0,3,0.926829268292683,156.71527777777777
L587:T0,587,T0,2025-11-04T00:00:00.000Z,48,48,41,0,7,0.8541666666666666,256
L587:T1:I2648,587,T1,2025-11-06T09:22:13.000Z,49,49,42,0,7,0.8571428571428571,258.39042824074073
L587:T2:I2647,587,T2,2025-11-06T17:15:33.000Z,49,49,42,0,7,0.8571428571428571,258.7191319444444
L587:T2:I2649,587,T2,2025-11-07T16:07:34.000Z,49,49,41,0,8,0.8367346938775511,259.6719212962963
L587:T2:I2652,587,T2,2025-11-08T17:00:46.000Z,49,49,41,0,8,0.8367346938775511,260.70886574074075
L587:T2:I2651,587,T2,2025-11-10T07:03:39.000Z,49,49,41,0,8,0.8367346938775511,262.2942013888889
L587:T2:I2650,587,T2,2025-11-16T18:41:38.000Z,49,49,41,0,8,0.8367346938775511,268.77891203703706
L587:T2:I2645,587,T2,2026-01-01T17:31:00.000Z,50,50,45,0,5,0.9,236.72986111111112
L587:T2:I2646,587,T2,2026-02-21T19:27:00.000Z,56,56,54,0,2,0.9642857142857143,196.81041666666667
L588:T0,588,T0,2025-05-04T00:00:00.000Z,24,17,17,7,0,0.7083333333333334,88
L588:T1:I2654,588,T1,2025-05-08T17:04:40.000Z,25,18,17,7,1,0.68,92.71157407407408
L588:T2:I2656,588,T2,2025-05-14T10:49:38.000Z,25,20,19,5,1,0.76,98.45113425925926
L588:T2:I2657,588,T2,2025-05-14T19:58:04.000Z,25,20,19,5,1,0.76,98.83199074074074
L588:T2:I2655,588,T2,2025-05-16T08:51:08.000Z,25,20,17,5,3,0.68,100.36884259259259
L588:T2:I2653,588,T2,2025-11-18T10:33:00.000Z,38,38,34,0,4,0.8947368421052632,152.43958333333333
L588:T2:I2658,588,T2,2026-03-09T10:05:00.000Z,47,47,46,0,1,0.9787234042553191,90.42013888888889
L589:T0,589,T0,2026-03-06T00:00:00.000Z,52,52,50,0,2,0.9615384615384616,115
L589:T1:I2661,589,T1,2026-03-11T12:59:28.000Z,55,55,52,0,3,0.9454545454545454,120.5412962962963
L589:T2:I2660,589,T2,2026-03-13T10:44:30.000Z,56,56,53,0,3,0.9464285714285714,122.44756944444444
L589:T2:I2659,589,T2,2026-04-03T13:14:00.000Z,58,58,54,0,4,0.9310344827586207,143.55138888888888
L590:T0,590,T0,2026-05-25T00:00:00.000Z,27,27,27,0,0,1,70
L590:T1:I2662,590,T1,2026-05-26T13:55:57.000Z,28,28,28,0,0,1,71.58052083333334
L591:T0,591,T0,2025-03-18T00:00:00.000Z,16,7,7,9,0,0.4375,60
L591:T1:I2667,591,T1,2025-03-20T14:37:29.000Z,17,7,7,10,0,0.4117647058823529,62.60936342592593
L591:T2:I2666,591,T2,2025-03-23T13:00:51.000Z,17,7,7,10,0,0.4117647058823529,65.54225694444445
L591:T2:I2668,591,T2,2025-03-23T17:20:17.000Z,17,8,8,9,0,0.47058823529411764,65.72241898148148
L591:T2:I2665,591,T2,2025-06-17T18:38:00.000Z,23,20,19,3,1,0.8260869565217391,93.77638888888889
L591:T2:I2664,591,T2,2025-08-03T09:53:00.000Z,25,23,21,2,2,0.84,118.41180555555556
L591:T2:I2663,591,T2,2026-02-28T07:59:00.000Z,31,31,29,0,2,0.9354838709677419,130.33263888888888
L591:T2:I2669,591,T2,2026-03-13T09:27:00.000Z,34,34,33,0,1,0.9705882352941176,143.39375
L592:T0,592,T0,2025-01-20T00:00:00.000Z,25,0,0,25,0,0,
L592:T1:I2672,592,T1,2025-02-02T19:31:54.000Z,26,1,1,25,0,0.038461538461538464,11.813819444444444
L592:T2:I2673,592,T2,2025-07-07T10:13:00.000Z,39,35,31,4,4,0.7948717948717948,130.42569444444445
L592:T2:I2670,592,T2,2025-12-27T09:14:00.000Z,51,51,48,0,3,0.9411764705882353,124.38472222222222
L592:T2:I2671,592,T2,2026-05-08T15:01:00.000Z,72,72,69,0,3,0.9583333333333334,131.62569444444443
L593:T0,593,T0,2025-03-03T00:00:00.000Z,19,9,9,10,0,0.47368421052631576,31
L593:T1:I2676,593,T1,2025-03-06T09:06:32.000Z,21,10,10,11,0,0.47619047619047616,34.37953703703704
L593:T2:I2677,593,T2,2025-03-07T13:16:43.000Z,22,9,9,13,0,0.4090909090909091,35.553275462962965
L593:T2:I2678,593,T2,2025-03-24T16:08:00.000Z,22,11,11,11,0,0.5,52.672222222222224
L593:T2:I2674,593,T2,2025-04-19T11:48:00.000Z,25,17,17,8,0,0.68,78.49166666666666
L593:T2:I2675,593,T2,2025-08-28T16:46:00.000Z,33,33,28,0,5,0.8484848484848485,204.69861111111112
L593:T2:I2680,593,T2,2025-11-07T15:49:00.000Z,37,37,34,0,3,0.918918918918919,141.65902777777777
L593:T2:I2681,593,T2,2026-02-03T16:16:00.000Z,46,46,44,0,2,0.9565217391304348,167.67777777777778
L593:T2:I2679,593,T2,2026-02-15T16:33:00.000Z,46,46,44,0,2,0.9565217391304348,179.68958333333333
L594:T0,594,T0,2025-08-08T00:00:00.000Z,79,77,69,2,8,0.8734177215189873,195
L594:T1:I2684,594,T1,2025-08-08T15:28:24.000Z,80,78,70,2,8,0.875,195.6447222222222
L594:T2:I2685,594,T2,2025-08-12T13:38:57.000Z,81,79,70,2,9,0.8641975308641975,199.56871527777778
L594:T2:I2682,594,T2,2025-08-14T12:20:24.000Z,81,79,71,2,8,0.8765432098765432,201.51416666666665
L594:T2:I2686,594,T2,2025-08-20T08:16:23.000Z,82,80,73,2,7,0.8902439024390244,207.34471064814815
L594:T2:I2687,594,T2,2025-10-14T13:53:00.000Z,94,94,81,0,13,0.8617021276595744,262.5784722222222
L594:T2:I2688,594,T2,2025-12-14T17:53:00.000Z,110,110,105,0,5,0.9545454545454546,166.7451388888889
L594:T2:I2683,594,T2,2026-04-25T19:11:00.000Z,139,139,138,0,1,0.9928057553956835,212.79930555555555
L595:T0,595,T0,2025-04-04T00:00:00.000Z,16,8,8,8,0,0.5,52
L595:T1:I2691,595,T1,2025-04-05T10:40:26.000Z,17,9,9,8,0,0.5294117647058824,53.44474537037037
L595:T2:I2693,595,T2,2025-04-06T20:28:07.000Z,17,9,9,8,0,0.5294117647058824,54.852858796296296
L595:T2:I2689,595,T2,2025-04-13T15:25:00.000Z,17,8,8,9,0,0.47058823529411764,61.642361111111114
L595:T2:I2692,595,T2,2025-05-05T13:54:00.000Z,17,10,10,7,0,0.5882352941176471,83.57916666666667
L595:T2:I2690,595,T2,2025-08-01T16:24:00.000Z,22,22,20,0,2,0.9090909090909091,156.68333333333334
L595:T2:I2694,595,T2,2025-11-06T15:49:00.000Z,24,24,23,0,1,0.9583333333333334,125.65902777777778
L595:T2:I2695,595,T2,2026-04-05T16:56:00.000Z,31,31,28,0,3,0.9032258064516129,139.70555555555555
L596:T0,596,T0,2025-12-05T00:00:00.000Z,61,61,57,0,4,0.9344262295081968,119
L596:T1:I2699,596,T1,2025-12-09T08:45:25.000Z,62,62,58,0,4,0.9354838709677419,123.36487268518519
L596:T2:I2698,596,T2,2025-12-09T19:10:53.000Z,62,62,58,0,4,0.9354838709677419,123.79922453703703
L596:T2:I2696,596,T2,2025-12-11T18:16:07.000Z,62,62,58,0,4,0.9354838709677419,125.76119212962963
L596:T2:I2700,596,T2,2026-03-11T09:52:00.000Z,73,73,70,0,3,0.958904109589041,165.4111111111111
L596:T2:I2697,596,T2,2026-05-23T14:58:00.000Z,80,80,78,0,2,0.975,95.62361111111112
L597:T0,597,T0,2025-06-16T00:00:00.000Z,44,41,34,3,7,0.7727272727272727,149
L597:T1:I2703,597,T1,2025-06-24T18:29:35.000Z,46,43,34,3,9,0.7391304347826086,157.7705439814815
L597:T2:I2707,597,T2,2025-06-26T13:58:07.000Z,49,47,39,2,8,0.7959183673469388,159.58202546296297
L597:T2:I2702,597,T2,2025-06-29T08:34:06.000Z,50,50,41,0,9,0.82,162.3570138888889
L597:T2:I2706,597,T2,2025-08-12T15:19:00.000Z,55,54,47,1,7,0.8545454545454545,172.63819444444445
L597:T2:I2705,597,T2,2025-08-14T07:21:00.000Z,55,54,47,1,7,0.8545454545454545,174.30625
L597:T2:I2701,597,T2,2026-03-11T15:40:00.000Z,84,84,82,0,2,0.9761904761904762,214.65277777777777
L597:T2:I2704,597,T2,2026-04-13T11:08:00.000Z,87,87,84,0,3,0.9655172413793104,110.46388888888889
L598:T0,598,T0,2026-06-22T00:00:00.000Z,76,76,75,0,1,0.9868421052631579,188
L598:T1:I2708,598,T1,2026-06-24T14:51:22.000Z,78,78,77,0,1,0.9871794871794872,190.61900462962964
L598:T2:I2709,598,T2,2026-06-27T07:07:57.000Z,77,77,76,0,1,0.987012987012987,193.2971875
L598:T2:I2710,598,T2,2026-07-01T19:00:01.000Z,78,78,77,0,1,0.9871794871794872,197.79167824074074
L599:T0,599,T0,2026-02-14T00:00:00.000Z,19,19,19,0,0,1,71
L599:T1:I2711,599,T1,2026-02-15T09:45:48.000Z,19,19,19,0,0,1,72.40680555555555
L599:T2:I2712,599,T2,2026-02-16T19:17:26.000Z,20,20,20,0,0,1,73.80377314814815
L599:T2:I2714,599,T2,2026-02-18T13:09:27.000Z,20,20,20,0,0,1,75.54822916666667
L599:T2:I2713,599,T2,2026-05-29T13:30:00.000Z,23,23,22,0,1,0.9565217391304348,109.5625
L600:T0,600,T0,2025-08-08T00:00:00.000Z,11,11,10,0,1,0.9090909090909091,142
L600:T1:I2718,600,T1,2025-08-15T12:13:48.000Z,12,12,11,0,1,0.9166666666666666,149.50958333333332
L600:T2:I2717,600,T2,2025-08-16T18:55:58.000Z,11,11,10,0,1,0.9090909090909091,150.78886574074073
L600:T2:I2719,600,T2,2025-08-17T14:41:07.000Z,12,12,11,0,1,0.9166666666666666,151.61188657407408
L600:T2:I2716,600,T2,2025-08-18T11:59:41.000Z,12,11,10,1,1,0.8333333333333334,152.4997800925926
L600:T2:I2715,600,T2,2025-09-23T15:41:00.000Z,12,12,9,0,3,0.75,121.65347222222222
L600:T2:I2720,600,T2,2026-02-15T16:43:00.000Z,16,16,15,0,1,0.9375,105.69652777777777
L601:T0,601,T0,2025-11-21T00:00:00.000Z,68,68,66,0,2,0.9705882352941176,140
L601:T1:I2723,601,T1,2025-11-27T08:21:28.000Z,69,69,66,0,3,0.9565217391304348,146.34824074074075
L601:T2:I2721,601,T2,2025-11-28T14:11:33.000Z,70,70,68,0,2,0.9714285714285714,147.59135416666666
L601:T2:I2722,601,T2,2026-03-10T13:13:00.000Z,84,84,79,0,5,0.9404761904761905,166.55069444444445
L601:T2:I2724,601,T2,2026-03-17T17:04:00.000Z,84,84,80,0,4,0.9523809523809523,173.7111111111111
L602:T0,602,T0,2025-11-19T00:00:00.000Z,35,35,33,0,2,0.9428571428571428,149
L602:T1:I2727,602,T1,2026-02-27T14:36:00.000Z,48,48,46,0,2,0.9583333333333334,108.60833333333333
L602:T2:I2726,602,T2,2026-03-21T14:19:00.000Z,48,48,46,0,2,0.9583333333333334,130.59652777777777
L602:T2:I2725,602,T2,2026-04-21T16:36:00.000Z,51,51,51,0,0,1,77.69166666666666
L603:T0,603,T0,2025-02-04T00:00:00.000Z,8,2,2,6,0,0.25,13
L603:T1:I2730,603,T1,2025-02-10T14:39:58.000Z,10,2,2,8,0,0.2,19.611087962962962
L603:T2:I2728,603,T2,2025-02-14T17:08:19.000Z,10,3,3,7,0,0.3,23.714108796296298
L603:T2:I2731,603,T2,2025-02-17T09:53:27.000Z,10,5,5,5,0,0.5,26.412118055555556
L603:T2:I2729,603,T2,2026-03-10T14:13:00.000Z,27,27,27,0,0,1,60.59236111111111
L604:T0,604,T0,2025-10-02T00:00:00.000Z,60,60,55,0,5,0.9166666666666666,194
L604:T1:I2733,604,T1,2025-10-07T19:44:39.000Z,63,63,57,0,6,0.9047619047619048,199.8226736111111
L604:T2:I2732,604,T2,2025-10-14T17:29:39.000Z,62,62,57,0,5,0.9193548387096774,206.7289236111111
L605:T0,605,T0,2026-03-25T00:00:00.000Z,19,19,19,0,0,1,85
L605:T1:I2734,605,T1,2026-03-31T11:48:58.000Z,20,20,19,0,1,0.95,91.49233796296296
L605:T2:I2735,605,T2,2026-06-01T19:56:00.000Z,22,22,21,0,1,0.9545454545454546,153.83055555555555
L606:T0,606,T0,2025-03-05T00:00:00.000Z,12,6,6,6,0,0.5,27
L606:T1:I2736,606,T1,2025-03-10T11:05:23.000Z,13,6,6,7,0,0.46153846153846156,32.46207175925926
L606:T2:I2737,606,T2,2025-03-14T17:06:02.000Z,13,7,7,6,0,0.5384615384615384,36.71252314814815
L606:T2:I2738,606,T2,2025-03-17T12:28:28.000Z,12,7,7,5,0,0.5833333333333334,39.51976851851852
L607:T0,607,T0,2025-01-25T00:00:00.000Z,22,4,4,18,0,0.18181818181818182,14
L607:T1:I2740,607,T1,2025-05-31T16:49:00.000Z,34,30,28,4,2,0.8235294117647058,133.70069444444445
L607:T2:I2741,607,T2,2025-07-07T14:22:00.000Z,41,40,34,1,6,0.8292682926829268,170.5986111111111
L607:T2:I2739,607,T2,2026-05-23T08:06:00.000Z,67,67,65,0,2,0.9701492537313433,110.3375
L608:T0,608,T0,2025-05-15T00:00:00.000Z,17,13,12,4,1,0.7058823529411765,111
L608:T1:I2742,608,T1,2025-05-16T18:22:14.000Z,19,15,14,4,1,0.7368421052631579,112.76543981481481
L608:T2:I2744,608,T2,2025-05-23T16:20:02.000Z,19,15,14,4,1,0.7368421052631579,119.6805787037037
L608:T2:I2745,608,T2,2025-05-27T12:40:19.000Z,19,14,13,5,1,0.6842105263157895,123.52799768518518
L608:T2:I2743,608,T2,2026-01-02T10:09:00.000Z,29,29,28,0,1,0.9655172413793104,91.42291666666667
L609:T0,609,T0,2025-04-23T00:00:00.000Z,33,23,23,10,0,0.696969696969697,77
L609:T1:I2746,609,T1,2025-09-30T08:00:00.000Z,43,43,35,0,8,0.813953488372093,179.33333333333334
L610:T0,610,T0,2025-08-12T00:00:00.000Z,74,70,64,4,6,0.8648648648648649,162
L610:T1:I2747,610,T1,2025-08-12T08:03:27.000Z,74,70,64,4,6,0.8648648648648649,162.33572916666665
L610:T2:I2750,610,T2,2025-08-25T12:19:35.000Z,76,72,68,4,4,0.8947368421052632,175.51359953703704
L610:T2:I2748,610,T2,2025-11-29T12:43:00.000Z,92,92,83,0,9,0.9021739130434783,174.5298611111111
L610:T2:I2749,610,T2,2026-06-18T10:57:00.000Z,138,138,136,0,2,0.9855072463768116,134.45625
L611:T0,611,T0,2026-04-30T00:00:00.000Z,56,56,53,0,3,0.9464285714285714,172
L611:T1:I2751,611,T1,2026-05-02T12:21:48.000Z,58,58,57,0,1,0.9827586206896551,93.51513888888888
L612:T0,612,T0,2025-11-02T00:00:00.000Z,33,33,32,0,1,0.9696969696969697,148
L612:T1:I2754,612,T1,2025-11-02T08:02:25.000Z,34,34,33,0,1,0.9705882352941176,148.3350115740741
L612:T2:I2755,612,T2,2025-11-07T16:10:17.000Z,33,33,32,0,1,0.9696969696969697,153.67380787037038
L612:T2:I2753,612,T2,2025-11-11T10:13:55.000Z,34,34,32,0,2,0.9411764705882353,157.4263310185185
L612:T2:I2752,612,T2,2026-04-03T13:12:00.000Z,41,41,39,0,2,0.9512195121951219,142.55
L613:T0,613,T0,2025-07-10T00:00:00.000Z,20,18,18,2,0,0.9,76
L613:T1:I2756,613,T1,2025-07-17T14:55:14.000Z,21,19,18,2,1,0.8571428571428571,113.62168981481481
L613:T2:I2758,613,T2,2025-07-23T17:29:24.000Z,21,20,20,1,0,0.9523809523809523,89.72875
L613:T2:I2759,613,T2,2026-02-21T14:56:00.000Z,34,34,31,0,3,0.9117647058823529,205.62222222222223
L613:T2:I2757,613,T2,2026-04-25T17:45:00.000Z,37,37,34,0,3,0.918918918918919,102.73958333333333
L614:T0,614,T0,2025-12-09T00:00:00.000Z,54,54,49,0,5,0.9074074074074074,285
L614:T1:I2761,614,T1,2025-12-14T18:43:57.000Z,56,56,53,0,3,0.9464285714285714,290.78052083333336
L614:T2:I2763,614,T2,2025-12-15T11:39:26.000Z,56,56,53,0,3,0.9464285714285714,291.4857175925926
L614:T2:I2760,614,T2,2025-12-17T17:46:00.000Z,56,56,52,0,4,0.9285714285714286,293.7402777777778
L614:T2:I2762,614,T2,2026-03-02T19:16:00.000Z,65,65,61,0,4,0.9384615384615385,123.80277777777778
L614:T2:I2764,614,T2,2026-05-07T09:44:00.000Z,73,73,72,0,1,0.9863013698630136,105.40555555555555
L615:T0,615,T0,2025-07-05T00:00:00.000Z,28,22,21,6,1,0.75,116
L615:T1:I2769,615,T1,2025-07-08T18:37:21.000Z,28,22,21,6,1,0.75,119.7759375
L615:T2:I2772,615,T2,2025-07-08T19:33:14.000Z,28,22,21,6,1,0.75,119.81474537037037
L615:T2:I2770,615,T2,2025-07-13T13:47:55.000Z,30,24,23,6,1,0.7666666666666667,124.57494212962963
L615:T2:I2765,615,T2,2025-07-18T13:02:14.000Z,32,26,26,6,0,0.8125,80.5432175925926
L615:T2:I2771,615,T2,2025-07-18T20:42:38.000Z,32,26,26,6,0,0.8125,80.86293981481481
L615:T2:I2767,615,T2,2025-07-27T18:35:00.000Z,33,28,28,5,0,0.8484848484848485,89.77430555555556
L615:T2:I2768,615,T2,2025-12-15T08:27:00.000Z,41,41,38,0,3,0.926829268292683,166.35208333333333
L615:T2:I2766,615,T2,2025-12-21T08:47:00.000Z,41,41,38,0,3,0.926829268292683,172.3659722222222
L616:T0,616,T0,2026-02-25T00:00:00.000Z,81,81,80,0,1,0.9876543209876543,139
L616:T1:I2773,616,T1,2026-03-01T14:59:40.000Z,82,82,81,0,1,0.9878048780487805,143.62476851851852
L617:T0,617,T0,2025-04-14T00:00:00.000Z,10,4,4,6,0,0.4,77
L617:T1:I2774,617,T1,2025-10-10T19:55:00.000Z,16,16,14,0,2,0.875,249.82986111111111
L618:T0,618,T0,2025-09-08T00:00:00.000Z,57,57,48,0,9,0.8421052631578947,195
L618:T1:I2776,618,T1,2025-09-11T11:53:52.000Z,59,58,48,1,10,0.8135593220338984,198.49574074074073
L618:T2:I2781,618,T2,2025-09-14T20:08:41.000Z,60,60,49,0,11,0.8166666666666667,201.83936342592594
L618:T2:I2779,618,T2,2025-09-16T14:39:51.000Z,60,60,51,0,9,0.85,203.61100694444445
L618:T2:I2777,618,T2,2025-09-20T10:39:41.000Z,60,60,51,0,9,0.85,207.44422453703703
L618:T2:I2778,618,T2,2025-10-22T19:26:00.000Z,63,63,57,0,6,0.9047619047619048,214.80972222222223
L618:T2:I2775,618,T2,2025-12-21T17:16:00.000Z,69,69,64,0,5,0.927536231884058,154.71944444444443
L618:T2:I2780,618,T2,2026-01-21T17:03:00.000Z,72,72,70,0,2,0.9722222222222222,128.71041666666667
L619:T0,619,T0,2025-04-08T00:00:00.000Z,11,9,9,2,0,0.8181818181818182,50
L619:T1:I2783,619,T1,2025-04-08T17:20:59.000Z,12,9,9,3,0,0.75,50.72290509259259
L619:T2:I2782,619,T2,2025-04-09T08:54:48.000Z,13,9,9,4,0,0.6923076923076923,51.37138888888889
L619:T2:I2789,619,T2,2025-04-11T08:05:40.000Z,13,9,9,4,0,0.6923076923076923,53.33726851851852
L619:T2:I2788,619,T2,2025-04-17T18:59:31.000Z,15,11,11,4,0,0.7333333333333333,59.79133101851852
L619:T2:I2784,619,T2,2025-06-18T18:10:00.000Z,18,17,15,1,2,0.8333333333333334,93.75694444444444
L619:T2:I2785,619,T2,2025-08-05T08:41:00.000Z,20,19,18,1,1,0.9,90.36180555555555
L619:T2:I2786,619,T2,2025-12-14T15:12:00.000Z,29,29,27,0,2,0.9310344827586207,111.63333333333334
L619:T2:I2787,619,T2,2026-05-27T08:07:00.000Z,42,42,40,0,2,0.9523809523809523,163.33819444444444
L620:T0,620,T0,2026-06-13T00:00:00.000Z,75,75,74,0,1,0.9866666666666667,179
L620:T1:I2791,620,T1,2026-06-15T13:16:19.000Z,75,75,74,0,1,0.9866666666666667,181.55299768518518
L620:T2:I2790,620,T2,2026-06-16T15:09:57.000Z,76,76,75,0,1,0.9868421052631579,182.63190972222222
L620:T2:I2793,620,T2,2026-06-16T18:57:36.000Z,76,76,75,0,1,0.9868421052631579,182.79
L620:T2:I2792,620,T2,2026-06-24T17:25:44.000Z,77,77,76,0,1,0.987012987012987,190.7262037037037
L621:T0,621,T0,2025-01-17T00:00:00.000Z,14,0,0,14,0,0,
L621:T1:I2795,621,T1,2025-01-18T07:37:20.000Z,15,0,0,15,0,0,
L621:T2:I2796,621,T2,2025-01-18T08:49:52.000Z,15,0,0,15,0,0,
L621:T2:I2800,621,T2,2025-05-01T12:02:00.000Z,24,19,19,5,0,0.7916666666666666,86.50138888888888
L621:T2:I2799,621,T2,2025-05-25T20:48:00.000Z,26,21,17,5,4,0.6538461538461539,101.86666666666666
L621:T2:I2794,621,T2,2025-08-21T17:01:00.000Z,37,36,32,1,4,0.8648648648648649,185.70902777777778
L621:T2:I2801,621,T2,2025-09-12T08:17:00.000Z,40,40,35,0,5,0.875,207.3451388888889
L621:T2:I2797,621,T2,2025-11-29T13:04:00.000Z,43,43,42,0,1,0.9767441860465116,285.5444444444444
L621:T2:I2798,621,T2,2025-12-16T13:20:00.000Z,44,44,42,0,2,0.9545454545454546,302.55555555555554
L622:T0,622,T0,2025-05-05T00:00:00.000Z,23,21,21,2,0,0.9130434782608695,85
L622:T1:I2805,622,T1,2025-05-06T17:44:52.000Z,24,22,22,2,0,0.9166666666666666,86.73949074074073
L622:T2:I2802,622,T2,2025-05-09T13:29:18.000Z,24,21,21,3,0,0.875,89.56201388888888
L622:T2:I2803,622,T2,2025-10-19T20:24:00.000Z,37,37,35,0,2,0.9459459459459459,131.85
L622:T2:I2804,622,T2,2026-04-18T16:00:00.000Z,49,49,48,0,1,0.9795918367346939,94.66666666666667
L622:T2:I2806,622,T2,2026-06-17T19:42:00.000Z,52,52,51,0,1,0.9807692307692307,125.82083333333334
L623:T0,623,T0,2026-04-09T00:00:00.000Z,54,54,53,0,1,0.9814814814814815,136
L623:T1:I2808,623,T1,2026-04-10T10:09:23.000Z,55,55,54,0,1,0.9818181818181818,137.42318287037037
L623:T2:I2807,623,T2,2026-04-21T18:21:51.000Z,56,56,53,0,3,0.9464285714285714,148.76517361111112
L624:T0,624,T0,2025-04-21T00:00:00.000Z,20,15,15,5,0,0.75,90
L624:T1:I2809,624,T1,2025-05-01T19:23:42.000Z,21,17,16,4,1,0.7619047619047619,100.808125
L625:T0,625,T0,2026-02-03T00:00:00.000Z,16,16,14,0,2,0.875,162
L625:T1:I2813,625,T1,2026-02-07T12:38:41.000Z,17,17,15,0,2,0.8823529411764706,166.52686342592594
L625:T2:I2811,625,T2,2026-02-10T17:45:48.000Z,17,17,15,0,2,0.8823529411764706,169.74013888888888
L625:T2:I2817,625,T2,2026-02-11T11:59:46.000Z,17,17,15,0,2,0.8823529411764706,170.49983796296297
L625:T2:I2814,625,T2,2026-02-16T19:45:22.000Z,17,17,15,0,2,0.8823529411764706,175.8231712962963
L625:T2:I2810,625,T2,2026-04-29T11:05:00.000Z,17,17,16,0,1,0.9411764705882353,135.46180555555554
L625:T2:I2815,625,T2,2026-05-03T19:27:00.000Z,17,17,16,0,1,0.9411764705882353,139.81041666666667
L625:T2:I2812,625,T2,2026-05-14T15:26:00.000Z,18,18,17,0,1,0.9444444444444444,150.64305555555555
L625:T2:I2816,625,T2,2026-06-08T13:26:00.000Z,19,19,19,0,0,1,53.55972222222222
L626:T0,626,T0,2025-08-19T00:00:00.000Z,41,36,30,5,6,0.7317073170731707,192
L626:T1:I2821,626,T1,2025-08-19T14:25:21.000Z,42,37,31,5,6,0.7380952380952381,192.6009375
L626:T2:I2818,626,T2,2025-08-24T11:06:36.000Z,43,38,29,5,9,0.6744186046511628,197.46291666666667
L626:T2:I2822,626,T2,2025-08-25T08:06:23.000Z,43,38,29,5,9,0.6744186046511628,198.3377662037037
L626:T2:I2823,626,T2,2025-08-27T13:35:07.000Z,42,37,28,5,9,0.6666666666666666,200.56605324074073
L626:T2:I2824,626,T2,2025-08-31T17:55:48.000Z,44,40,31,4,9,0.7045454545454546,204.74708333333334
L626:T2:I2825,626,T2,2025-10-20T14:46:00.000Z,49,48,41,1,7,0.8367346938775511,164.61527777777778
L626:T2:I2820,626,T2,2026-01-27T19:04:00.000Z,53,53,47,0,6,0.8867924528301887,263.7944444444444
L626:T2:I2819,626,T2,2026-06-08T12:52:00.000Z,67,67,63,0,4,0.9402985074626866,139.5361111111111
L627:T0,627,T0,2025-07-25T00:00:00.000Z,59,58,52,1,6,0.8813559322033898,181
L627:T1:I2831,627,T1,2025-07-25T10:15:31.000Z,60,59,53,1,6,0.8833333333333333,181.42744212962964
L627:T2:I2826,627,T2,2025-07-27T11:09:51.000Z,60,59,52,1,7,0.8666666666666667,183.4651736111111
L627:T2:I2827,627,T2,2025-07-29T18:21:06.000Z,60,59,52,1,7,0.8666666666666667,185.76465277777777
L627:T2:I2828,627,T2,2025-08-07T16:13:00.000Z,60,59,51,1,8,0.85,194.67569444444445
L627:T2:I2830,627,T2,2025-08-10T11:29:00.000Z,62,61,52,1,9,0.8387096774193549,197.47847222222222
L627:T2:I2829,627,T2,2025-08-18T11:37:00.000Z,63,62,55,1,7,0.873015873015873,205.48402777777778
L627:T2:I2832,627,T2,2025-10-04T16:37:00.000Z,69,69,57,0,12,0.8260869565217391,252.6923611111111
L628:T0,628,T0,2025-02-11T00:00:00.000Z,11,2,2,9,0,0.18181818181818182,7
L628:T1:I2836,628,T1,2025-02-22T09:58:48.000Z,14,4,4,10,0,0.2857142857142857,18.41583333333333
L628:T2:I2835,628,T2,2025-02-22T11:58:01.000Z,14,4,4,10,0,0.2857142857142857,18.498622685185186
L628:T2:I2834,628,T2,2025-05-28T17:04:00.000Z,20,15,12,5,3,0.6,113.71111111111111
L628:T2:I2833,628,T2,2025-06-29T13:08:00.000Z,25,24,21,1,3,0.84,136.54722222222222
L628:T2:I2837,628,T2,2025-07-30T10:54:00.000Z,28,27,24,1,3,0.8571428571428571,154.45416666666668
L629:T0,629,T0,2026-02-17T00:00:00.000Z,40,40,38,0,2,0.95,113
L629:T1:I2838,629,T1,2026-02-22T07:46:33.000Z,41,41,39,0,2,0.9512195121951219,118.32399305555556
L629:T2:I2841,629,T2,2026-02-23T10:51:11.000Z,41,41,39,0,2,0.9512195121951219,119.45221064814815
L629:T2:I2839,629,T2,2026-02-27T09:21:29.000Z,41,41,39,0,2,0.9512195121951219,123.38991898148149
L629:T2:I2842,629,T2,2026-02-28T19:17:57.000Z,41,41,39,0,2,0.9512195121951219,124.80413194444445
L629:T2:I2840,629,T2,2026-03-01T16:13:43.000Z,41,41,39,0,2,0.9512195121951219,125.67619212962963
L629:T2:I2844,629,T2,2026-03-02T08:39:50.000Z,41,41,39,0,2,0.9512195121951219,126.36099537037038
L629:T2:I2843,629,T2,2026-06-05T11:18:00.000Z,44,44,43,0,1,0.9772727272727273,100.47083333333333
L630:T0,630,T0,2025-12-08T00:00:00.000Z,33,33,33,0,0,1,83
L630:T1:I2849,630,T1,2025-12-10T20:59:35.000Z,34,34,34,0,0,1,85.87471064814815
L630:T2:I2847,630,T2,2025-12-13T19:20:12.000Z,34,34,34,0,0,1,88.80569444444444
L630:T2:I2848,630,T2,2025-12-15T15:43:36.000Z,34,34,33,0,1,0.9705882352941176,90.65527777777778
L630:T2:I2845,630,T2,2025-12-17T15:13:38.000Z,33,33,32,0,1,0.9696969696969697,92.63446759259259
L630:T2:I2846,630,T2,2026-03-12T18:52:00.000Z,36,36,34,0,2,0.9444444444444444,117.78611111111111
L630:T2:I2850,630,T2,2026-05-11T12:49:00.000Z,40,40,40,0,0,1,64.53402777777778
L631:T0,631,T0,2025-06-04T00:00:00.000Z,8,6,6,2,0,0.75,57
L631:T1:I2851,631,T1,2025-06-09T13:58:12.000Z,9,7,7,2,0,0.7777777777777778,40.58208333333334
L631:T2:I2852,631,T2,2025-06-09T18:34:53.000Z,9,7,7,2,0,0.7777777777777778,40.774224537037036
L631:T2:I2854,631,T2,2025-06-14T15:03:43.000Z,10,8,8,2,0,0.8,45.62758101851852
L631:T2:I2856,631,T2,2025-07-17T13:35:00.000Z,12,11,11,1,0,0.9166666666666666,78.56597222222223
L631:T2:I2855,631,T2,2025-10-27T10:34:00.000Z,21,21,21,0,0,1,85.44027777777778
L631:T2:I2857,631,T2,2026-03-05T14:02:00.000Z,25,25,25,0,0,1,79.58472222222223
L631:T2:I2853,631,T2,2026-05-22T08:08:00.000Z,30,30,28,0,2,0.9333333333333333,114.33888888888889
L632:T0,632,T0,2025-08-29T00:00:00.000Z,20,18,17,2,1,0.85,109
L632:T1:I2858,632,T1,2025-08-30T15:56:59.000Z,20,18,17,2,1,0.85,91.66457175925926
L632:T2:I2861,632,T2,2025-09-07T19:15:54.000Z,21,20,18,1,2,0.8571428571428571,165.80270833333333
L632:T2:I2860,632,T2,2025-09-10T15:04:26.000Z,21,20,19,1,1,0.9047619047619048,102.62807870370371
L632:T2:I2862,632,T2,2025-10-03T10:55:00.000Z,21,20,18,1,2,0.8571428571428571,106.45486111111111
L632:T2:I2859,632,T2,2026-03-24T19:02:00.000Z,26,26,24,0,2,0.9230769230769231,148.79305555555555
L633:T0,633,T0,2025-07-07T00:00:00.000Z,19,19,17,0,2,0.8947368421052632,147
L633:T1:I2865,633,T1,2025-07-07T18:00:10.000Z,20,19,17,1,2,0.85,147.75011574074074
L633:T2:I2868,633,T2,2025-07-09T17:43:40.000Z,20,20,19,0,1,0.95,99.7386574074074
L633:T2:I2863,633,T2,2025-07-18T19:12:28.000Z,20,20,19,0,1,0.95,108.80032407407407
L633:T2:I2867,633,T2,2025-07-19T20:32:52.000Z,20,20,19,0,1,0.95,109.85615740740741
L633:T2:I2866,633,T2,2025-12-04T08:00:00.000Z,26,26,24,0,2,0.9230769230769231,173.33333333333334
L633:T2:I2869,633,T2,2026-01-09T12:59:00.000Z,27,27,24,0,3,0.8888888888888888,209.54097222222222
L633:T2:I2864,633,T2,2026-02-28T20:28:00.000Z,29,29,28,0,1,0.9655172413793104,113.85277777777777
L633:T2:I2870,633,T2,2026-03-04T14:54:00.000Z,29,29,29,0,0,1,81.62083333333334
L634:T0,634,T0,2025-07-07T00:00:00.000Z,28,26,22,2,4,0.7857142857142857,160
L634:T1:I2871,634,T1,2025-07-10T07:11:34.000Z,30,28,24,2,4,0.8,140.29969907407408
L634:T2:I2873,634,T2,2025-07-13T10:34:48.000Z,30,28,24,2,4,0.8,143.44083333333333
L634:T2:I2875,634,T2,2025-07-16T17:43:28.000Z,30,29,25,1,4,0.8333333333333334,146.73851851851853
L634:T2:I2872,634,T2,2026-03-15T15:05:00.000Z,48,48,47,0,1,0.9791666666666666,94.62847222222223
L634:T2:I2874,634,T2,2026-05-08T19:17:00.000Z,53,53,50,0,3,0.9433962264150944,108.80347222222223
L635:T0,635,T0,2026-04-28T00:00:00.000Z,67,67,65,0,2,0.9701492537313433,128
L635:T1:I2881,635,T1,2026-04-28T07:41:29.000Z,68,68,65,0,3,0.9558823529411765,128.32047453703703
L635:T2:I2882,635,T2,2026-04-29T12:51:30.000Z,68,68,67,0,1,0.9852941176470589,110.5357638888889
L635:T2:I2880,635,T2,2026-05-01T09:15:16.000Z,68,68,67,0,1,0.9852941176470589,112.38560185185185
L635:T2:I2878,635,T2,2026-05-02T13:53:50.000Z,68,68,67,0,1,0.9852941176470589,113.57905092592593
L635:T2:I2877,635,T2,2026-05-02T18:01:41.000Z,68,68,67,0,1,0.9852941176470589,113.75116898148148
L635:T2:I2879,635,T2,2026-05-03T15:52:54.000Z,68,68,67,0,1,0.9852941176470589,114.66173611111111
L635:T2:I2876,635,T2,2026-05-08T13:36:03.000Z,67,67,66,0,1,0.9850746268656716,119.56670138888889
L636:T0,636,T0,2026-02-03T00:00:00.000Z,29,29,27,0,2,0.9310344827586207,232
L636:T1:I2887,636,T1,2026-02-05T08:31:19.000Z,30,30,29,0,1,0.9666666666666667,234.35508101851852
L636:T2:I2883,636,T2,2026-02-07T17:24:40.000Z,30,30,29,0,1,0.9666666666666667,236.72546296296295
L636:T2:I2884,636,T2,2026-02-08T10:42:21.000Z,30,30,29,0,1,0.9666666666666667,237.44607638888888
L636:T2:I2885,636,T2,2026-02-11T08:35:10.000Z,30,30,29,0,1,0.9666666666666667,240.35775462962962
L636:T2:I2889,636,T2,2026-02-13T13:32:20.000Z,30,30,29,0,1,0.9666666666666667,108.56412037037038
L636:T2:I2890,636,T2,2026-02-14T12:47:09.000Z,30,30,30,0,0,1,73.53274305555556
L636:T2:I2886,636,T2,2026-03-23T19:47:00.000Z,32,32,31,0,1,0.96875,110.82430555555555
L636:T2:I2888,636,T2,2026-06-08T18:40:00.000Z,35,35,33,0,2,0.9428571428571428,100.77777777777777
L637:T0,637,T0,2025-05-02T00:00:00.000Z,32,25,22,7,3,0.6875,122
L637:T1:I2893,637,T1,2025-05-04T13:32:36.000Z,33,26,22,7,4,0.6666666666666666,124.56430555555555
L637:T2:I2894,637,T2,2025-05-05T10:31:00.000Z,33,26,22,7,4,0.6666666666666666,125.43819444444445
L637:T2:I2892,637,T2,2025-05-09T14:11:24.000Z,32,27,22,5,5,0.6875,129.59125
L637:T2:I2891,637,T2,2025-06-15T18:49:00.000Z,40,38,34,2,4,0.85,138.78402777777777
L637:T2:I2895,637,T2,2025-08-16T12:10:00.000Z,46,46,40,0,6,0.8695652173913043,185.50694444444446
L638:T0,638,T0,2026-03-26T00:00:00.000Z,106,106,103,0,3,0.9716981132075472,121
L638:T1:I2896,638,T1,2026-04-02T18:03:12.000Z,107,107,101,0,6,0.9439252336448598,128.75222222222223
L638:T2:I2897,638,T2,2026-04-03T12:48:38.000Z,106,106,100,0,6,0.9433962264150944,129.53377314814816
L639:T0,639,T0,2026-04-12T00:00:00.000Z,72,72,71,0,1,0.9861111111111112,117
L639:T1:I2900,639,T1,2026-04-15T10:29:36.000Z,73,73,71,0,2,0.9726027397260274,120.43722222222222
L639:T2:I2898,639,T2,2026-04-17T15:34:53.000Z,74,74,72,0,2,0.972972972972973,122.64922453703704
L639:T2:I2903,639,T2,2026-04-18T09:27:59.000Z,74,74,72,0,2,0.972972972972973,123.39443287037037
L639:T2:I2904,639,T2,2026-04-20T15:04:00.000Z,74,74,72,0,2,0.972972972972973,125.62777777777778
L639:T2:I2902,639,T2,2026-04-23T11:37:57.000Z,74,74,72,0,2,0.972972972972973,128.4846875
L639:T2:I2901,639,T2,2026-04-23T14:45:26.000Z,74,74,72,0,2,0.972972972972973,128.61488425925927
L639:T2:I2899,639,T2,2026-04-24T08:05:21.000Z,74,74,72,0,2,0.972972972972973,129.3370486111111
L640:T0,640,T0,2025-03-12T00:00:00.000Z,13,6,6,7,0,0.46153846153846156,54
L640:T1:I2906,640,T1,2025-03-15T08:33:58.000Z,14,6,6,8,0,0.42857142857142855,57.3569212962963
L640:T2:I2908,640,T2,2025-03-20T11:14:36.000Z,14,6,6,8,0,0.42857142857142855,62.468472222222225
L640:T2:I2910,640,T2,2025-03-21T10:20:49.000Z,14,7,7,7,0,0.5,63.43112268518519
L640:T2:I2907,640,T2,2025-03-24T14:29:48.000Z,13,6,6,7,0,0.46153846153846156,66.60402777777777
L640:T2:I2909,640,T2,2025-06-05T12:40:00.000Z,19,15,14,4,1,0.7368421052631579,120.52777777777777
L640:T2:I2905,640,T2,2025-08-28T15:18:00.000Z,21,19,18,2,1,0.8571428571428571,108.6375
L640:T2:I2911,640,T2,2025-10-11T08:08:00.000Z,22,21,19,1,2,0.8636363636363636,114.33888888888889
L641:T0,641,T0,2025-05-15T00:00:00.000Z,15,12,12,3,0,0.8,87
L641:T1:I2918,641,T1,2025-05-23T17:41:15.000Z,17,16,16,1,0,0.9411764705882353,79.73697916666667
L641:T2:I2913,641,T2,2025-05-24T09:49:45.000Z,17,16,16,1,0,0.9411764705882353,80.4095486111111
L641:T2:I2912,641,T2,2025-05-24T20:01:49.000Z,17,15,15,2,0,0.8823529411764706,80.8345949074074
L641:T2:I2915,641,T2,2025-06-17T09:55:00.000Z,18,17,15,1,2,0.8333333333333334,92.41319444444444
L641:T2:I2917,641,T2,2025-08-16T16:27:00.000Z,20,20,18,0,2,0.9,101.68541666666667
L641:T2:I2916,641,T2,2026-02-19T14:16:00.000Z,36,36,34,0,2,0.9444444444444444,178.59444444444443
L641:T2:I2914,641,T2,2026-05-31T07:01:00.000Z,42,42,42,0,0,1,74.2923611111111
L642:T0,642,T0,2026-05-15T00:00:00.000Z,141,141,138,0,3,0.9787234042553191,232
L642:T1:I2919,642,T1,2026-05-15T18:25:44.000Z,142,142,139,0,3,0.9788732394366197,232.76787037037036
L643:T0,643,T0,2026-05-13T00:00:00.000Z,28,28,28,0,0,1,52
L643:T1:I2924,643,T1,2026-05-14T07:57:52.000Z,29,29,29,0,0,1,53.33185185185185
L643:T2:I2921,643,T2,2026-05-20T11:11:02.000Z,30,30,30,0,0,1,59.46599537037037
L643:T2:I2923,643,T2,2026-05-21T11:43:44.000Z,31,31,31,0,0,1,60.488703703703706
L643:T2:I2920,643,T2,2026-05-24T19:33:25.000Z,31,31,31,0,0,1,63.814872685185186
L643:T2:I2922,643,T2,2026-05-25T18:46:03.000Z,31,31,31,0,0,1,64.78197916666667
L644:T0,644,T0,2025-02-25T00:00:00.000Z,12,4,4,8,0,0.3333333333333333,25
L644:T1:I2925,644,T1,2025-08-18T09:36:00.000Z,18,17,15,1,2,0.8333333333333334,128.4
L645:T0,645,T0,2025-05-05T00:00:00.000Z,30,21,18,9,3,0.6,105
L645:T1:I2928,645,T1,2025-05-06T10:37:04.000Z,31,22,19,9,3,0.6129032258064516,106.4424074074074
L645:T2:I2926,645,T2,2025-05-08T15:42:41.000Z,31,22,18,9,4,0.5806451612903226,108.6546412037037
L645:T2:I2927,645,T2,2025-07-07T18:23:00.000Z,39,33,31,6,2,0.7948717948717948,117.76597222222222
L646:T0,646,T0,2025-11-05T00:00:00.000Z,17,17,16,0,1,0.9411764705882353,95
L646:T1:I2931,646,T1,2025-11-05T09:00:54.000Z,18,18,17,0,1,0.9444444444444444,95.375625
L646:T2:I2933,646,T2,2025-11-12T10:50:05.000Z,18,18,17,0,1,0.9444444444444444,134.45144675925926
L646:T2:I2929,646,T2,2025-12-18T09:32:00.000Z,21,21,20,0,1,0.9523809523809523,102.39722222222223
L646:T2:I2932,646,T2,2026-02-26T12:16:00.000Z,28,28,28,0,0,1,69.5111111111111
L646:T2:I2930,646,T2,2026-05-23T12:32:00.000Z,34,34,32,0,2,0.9411764705882353,122.52222222222223
L647:T0,647,T0,2025-06-09T00:00:00.000Z,28,22,21,6,1,0.75,124
L647:T1:I2935,647,T1,2025-06-21T16:51:04.000Z,30,25,24,5,1,0.8,136.70212962962964
L647:T2:I2934,647,T2,2026-06-08T14:32:00.000Z,50,50,50,0,0,1,78.60555555555555
L648:T0,648,T0,2025-03-10T00:00:00.000Z,6,3,3,3,0,0.5,34
L648:T1:I2937,648,T1,2025-07-05T15:59:00.000Z,16,15,13,1,2,0.8125,142.66597222222222
L648:T2:I2938,648,T2,2025-10-29T08:34:00.000Z,18,18,16,0,2,0.8888888888888888,145.35694444444445
L648:T2:I2936,648,T2,2025-12-05T09:58:00.000Z,20,20,19,0,1,0.95,96.41527777777777
L649:T0,649,T0,2025-10-29T00:00:00.000Z,19,19,19,0,0,1,64
L649:T1:I2940,649,T1,2025-11-03T11:53:18.000Z,20,20,20,0,0,1,69.49534722222222
L649:T2:I2939,649,T2,2025-11-10T11:44:41.000Z,20,20,20,0,0,1,67.48936342592593
L650:T0,650,T0,2025-08-11T00:00:00.000Z,40,37,33,3,4,0.825,153
L650:T1:I2945,650,T1,2025-08-21T16:14:02.000Z,41,39,34,2,5,0.8292682926829268,163.67641203703704
L650:T2:I2941,650,T2,2025-08-22T13:32:36.000Z,41,39,34,2,5,0.8292682926829268,164.56430555555556
L650:T2:I2942,650,T2,2025-08-23T14:06:43.000Z,41,39,34,2,5,0.8292682926829268,165.58799768518517
L650:T2:I2944,650,T2,2025-10-16T12:17:00.000Z,44,44,38,0,6,0.8636363636363636,146.51180555555555
L650:T2:I2943,650,T2,2026-02-14T14:25:00.000Z,60,60,57,0,3,0.95,117.60069444444444
L651:T0,651,T0,2025-04-20T00:00:00.000Z,16,9,9,7,0,0.5625,68
L651:T1:I2946,651,T1,2025-07-22T16:49:00.000Z,21,21,18,0,3,0.8571428571428571,146.70069444444445
L652:T0,652,T0,2025-05-30T00:00:00.000Z,8,6,6,2,0,0.75,52
L652:T1:I2947,652,T1,2025-06-10T19:47:09.000Z,9,7,7,2,0,0.7777777777777778,41.82440972222222
L652:T2:I2948,652,T2,2026-02-01T09:41:00.000Z,23,23,23,0,0,1,83.40347222222222
L653:T0,653,T0,2025-01-14T00:00:00.000Z,7,1,1,6,0,0.14285714285714285,8
L653:T1:I2953,653,T1,2025-01-17T13:38:23.000Z,8,1,1,7,0,0.125,11.568321759259259
L653:T2:I2952,653,T2,2025-02-20T20:42:00.000Z,9,3,3,6,0,0.3333333333333333,45.8625
L653:T2:I2956,653,T2,2025-09-16T07:25:00.000Z,20,20,14,0,6,0.7,181.30902777777777
L653:T2:I2955,653,T2,2025-11-07T08:51:00.000Z,22,22,21,0,1,0.9545454545454546,137.36875
L653:T2:I2951,653,T2,2025-12-09T09:09:00.000Z,24,24,23,0,1,0.9583333333333334,169.38125
L653:T2:I2954,653,T2,2026-01-21T14:47:00.000Z,26,26,25,0,1,0.9615384615384616,110.61597222222223
L653:T2:I2949,653,T2,2026-03-30T07:50:00.000Z,29,29,28,0,1,0.9655172413793104,123.32638888888889
L653:T2:I2950,653,T2,2026-04-05T15:34:00.000Z,30,30,29,0,1,0.9666666666666667,94.64861111111111
L654:T0,654,T0,2026-05-19T00:00:00.000Z,55,55,52,0,3,0.9454545454545454,106
L654:T1:I2959,654,T1,2026-05-20T18:57:45.000Z,56,56,53,0,3,0.9464285714285714,107.79010416666667
L654:T2:I2958,654,T2,2026-05-24T16:13:35.000Z,56,56,53,0,3,0.9464285714285714,111.67609953703703
L654:T2:I2957,654,T2,2026-05-25T10:07:09.000Z,56,56,53,0,3,0.9464285714285714,112.42163194444444
L654:T2:I2961,654,T2,2026-05-25T10:33:32.000Z,56,56,53,0,3,0.9464285714285714,112.43995370370371
L654:T2:I2960,654,T2,2026-05-28T17:36:49.000Z,56,56,52,0,4,0.9285714285714286,115.73390046296296
L655:T0,655,T0,2025-06-13T00:00:00.000Z,6,2,2,4,0,0.3333333333333333,26
L655:T1:I2969,655,T1,2025-06-13T08:06:02.000Z,7,3,3,4,0,0.42857142857142855,26.337523148148147
L655:T2:I2962,655,T2,2025-06-14T07:53:32.000Z,7,3,2,4,1,0.2857142857142857,98.3288425925926
L655:T2:I2966,655,T2,2025-06-17T12:10:05.000Z,7,3,3,4,0,0.42857142857142855,77.50700231481481
L655:T2:I2964,655,T2,2025-06-20T11:54:40.000Z,8,4,4,4,0,0.5,33.49629629629629
L655:T2:I2963,655,T2,2025-10-06T15:23:00.000Z,10,10,10,0,0,1,46.640972222222224
L655:T2:I2967,655,T2,2026-01-06T09:01:00.000Z,14,14,13,0,1,0.9285714285714286,138.37569444444443
L655:T2:I2968,655,T2,2026-01-09T18:58:00.000Z,14,14,13,0,1,0.9285714285714286,141.7902777777778
L655:T2:I2965,655,T2,2026-04-17T19:16:00.000Z,16,16,14,0,2,0.875,152.80277777777778
L656:T0,656,T0,2026-02-11T00:00:00.000Z,24,24,24,0,0,1,89
L656:T1:I2974,656,T1,2026-02-13T08:06:33.000Z,25,25,25,0,0,1,48.33788194444445
L656:T2:I2973,656,T2,2026-02-18T09:25:54.000Z,26,26,26,0,0,1,53.392986111111114
L656:T2:I2971,656,T2,2026-02-20T19:40:27.000Z,26,26,26,0,0,1,55.81975694444444
L656:T2:I2975,656,T2,2026-04-21T10:44:00.000Z,28,28,27,0,1,0.9642857142857143,102.44722222222222
L656:T2:I2970,656,T2,2026-04-29T11:10:00.000Z,29,29,27,0,2,0.9310344827586207,110.46527777777777
L656:T2:I2972,656,T2,2026-06-26T07:25:00.000Z,31,31,31,0,0,1,70.30902777777777
L657:T0,657,T0,2025-08-25T00:00:00.000Z,15,15,13,0,2,0.8666666666666667,179
L657:T1:I2977,657,T1,2025-09-04T13:22:53.000Z,16,16,14,0,2,0.875,189.55755787037037
L657:T2:I2976,657,T2,2025-11-12T10:59:00.000Z,19,19,18,0,1,0.9473684210526315,111.4576388888889
L658:T0,658,T0,2026-05-25T00:00:00.000Z,95,95,90,0,5,0.9473684210526315,115
L658:T1:I2978,658,T1,2026-05-25T14:09:06.000Z,96,96,91,0,5,0.9479166666666666,115.58965277777777
L658:T2:I2979,658,T2,2026-06-01T10:02:07.000Z,99,99,96,0,3,0.9696969696969697,122.41813657407407
L658:T2:I2980,658,T2,2026-06-05T18:34:30.000Z,99,99,96,0,3,0.9696969696969697,126.77395833333334
L658:T2:I2981,658,T2,2026-06-05T20:53:35.000Z,99,99,96,0,3,0.9696969696969697,126.87054398148148
L659:T0,659,T0,2025-01-07T00:00:00.000Z,27,1,1,26,0,0.037037037037037035,7
L659:T1:I2983,659,T1,2025-01-10T16:47:08.000Z,28,2,2,26,0,0.07142857142857142,10.699398148148148
L659:T2:I2982,659,T2,2025-01-15T14:12:11.000Z,28,4,4,24,0,0.14285714285714285,15.591793981481482
L659:T2:I2985,659,T2,2025-02-08T13:09:00.000Z,28,8,8,20,0,0.2857142857142857,39.547916666666666
L659:T2:I2988,659,T2,2025-05-11T14:29:00.000Z,33,28,23,5,5,0.696969696969697,131.60347222222222
L659:T2:I2987,659,T2,2025-10-26T11:30:00.000Z,52,52,43,0,9,0.8269230769230769,256.4791666666667
L659:T2:I2986,659,T2,2025-11-17T16:26:00.000Z,54,54,47,0,7,0.8703703703703703,278.6847222222222
L659:T2:I2984,659,T2,2026-03-29T20:52:00.000Z,65,65,62,0,3,0.9538461538461539,128.86944444444444
L660:T0,660,T0,2025-02-28T00:00:00.000Z,25,9,9,16,0,0.36,39
L660:T1:I2989,660,T1,2025-08-26T19:22:00.000Z,44,41,40,3,1,0.9090909090909091,100.80694444444444
L661:T0,661,T0,2026-03-05T00:00:00.000Z,17,17,14,0,3,0.8235294117647058,115
L661:T1:I2993,661,T1,2026-03-07T09:12:35.000Z,18,18,15,0,3,0.8333333333333334,117.38373842592593
L661:T2:I2990,661,T2,2026-03-11T18:06:52.000Z,17,17,15,0,2,0.8823529411764706,104.75476851851852
L661:T2:I2991,661,T2,2026-03-15T14:51:27.000Z,18,18,17,0,1,0.9444444444444444,108.6190625
L661:T2:I2992,661,T2,2026-03-18T17:01:47.000Z,18,18,17,0,1,0.9444444444444444,111.70957175925926
L662:T0,662,T0,2025-09-29T00:00:00.000Z,38,37,35,1,2,0.9210526315789473,144
L662:T1:I2995,662,T1,2025-09-29T10:42:05.000Z,38,37,35,1,2,0.9210526315789473,144.4458912037037
L662:T2:I2994,662,T2,2026-01-29T10:51:00.000Z,45,45,44,0,1,0.9777777777777777,90.45208333333333
L663:T0,663,T0,2025-06-02T00:00:00.000Z,11,9,6,2,3,0.5454545454545454,126
L663:T1:I2997,663,T1,2025-06-14T18:31:35.000Z,12,10,7,2,3,0.5833333333333334,138.77193287037036
L663:T2:I2996,663,T2,2025-08-18T18:22:00.000Z,14,14,12,0,2,0.8571428571428571,196.76527777777778
L663:T2:I2998,663,T2,2026-01-18T09:44:00.000Z,17,17,14,0,3,0.8235294117647058,177.40555555555557
L664:T0,664,T0,2025-06-06T00:00:00.000Z,17,15,13,2,2,0.7647058823529411,113
L664:T1:I3001,664,T1,2025-06-17T16:44:09.000Z,20,18,14,2,4,0.7,124.69732638888888
L664:T2:I2999,664,T2,2025-07-22T12:06:00.000Z,21,21,18,0,3,0.8571428571428571,146.50416666666666
L664:T2:I3000,664,T2,2026-04-28T13:02:00.000Z,32,32,31,0,1,0.96875,162.54305555555555
L665:T0,665,T0,2025-04-06T00:00:00.000Z,33,16,16,17,0,0.48484848484848486,75
L665:T1:I3008,665,T1,2025-04-09T12:40:53.000Z,36,20,20,16,0,0.5555555555555556,78.5283912037037
L665:T2:I3006,665,T2,2025-04-10T10:00:31.000Z,36,20,20,16,0,0.5555555555555556,82.41702546296297
L665:T2:I3005,665,T2,2025-04-14T18:26:10.000Z,37,20,20,17,0,0.5405405405405406,83.7681712962963
L665:T2:I3007,665,T2,2025-04-18T09:07:30.000Z,37,20,20,17,0,0.5405405405405406,87.38020833333333
L665:T2:I3003,665,T2,2025-04-19T08:54:32.000Z,38,22,22,16,0,0.5789473684210527,88.3712037037037
L665:T2:I3009,665,T2,2025-04-19T16:20:02.000Z,38,21,21,17,0,0.5526315789473685,88.6805787037037
L665:T2:I3004,665,T2,2025-07-14T18:23:00.000Z,45,41,39,4,2,0.8666666666666667,173.76597222222222
L665:T2:I3002,665,T2,2026-02-09T17:53:00.000Z,86,86,83,0,3,0.9651162790697675,107.74513888888889
L666:T0,666,T0,2026-04-13T00:00:00.000Z,37,37,37,0,0,1,80
L666:T1:I3016,666,T1,2026-04-14T11:42:03.000Z,38,38,38,0,0,1,81.48753472222222
L666:T2:I3014,666,T2,2026-04-16T07:24:14.000Z,37,37,37,0,0,1,83.30849537037037
L666:T2:I3015,666,T2,2026-04-17T11:34:32.000Z,38,38,38,0,0,1,84.48231481481481
L666:T2:I3010,666,T2,2026-04-19T14:51:20.000Z,37,37,37,0,0,1,86.61898148148148
L666:T2:I3011,666,T2,2026-04-21T10:41:48.000Z,38,38,38,0,0,1,88.44569444444444
L666:T2:I3013,666,T2,2026-04-21T12:34:55.000Z,38,38,38,0,0,1,88.52424768518519
L666:T2:I3012,666,T2,2026-04-22T11:57:07.000Z,38,38,38,0,0,1,89.49799768518518
L667:T0,667,T0,2025-12-09T00:00:00.000Z,54,54,48,0,6,0.8888888888888888,160
L667:T1:I3018,667,T1,2025-12-12T17:14:15.000Z,55,55,49,0,6,0.8909090909090909,163.71822916666667
L667:T2:I3017,667,T2,2025-12-18T19:46:39.000Z,55,55,50,0,5,0.9090909090909091,169.8240625
L668:T0,668,T0,2026-01-08T00:00:00.000Z,62,62,60,0,2,0.967741935483871,181
L668:T1:I3023,668,T1,2026-01-10T17:39:53.000Z,63,63,61,0,2,0.9682539682539683,183.73603009259259
L668:T2:I3024,668,T2,2026-01-11T09:30:23.000Z,63,63,60,0,3,0.9523809523809523,184.39609953703703
L668:T2:I3021,668,T2,2026-01-16T12:38:22.000Z,64,64,61,0,3,0.953125,189.5266435185185
L668:T2:I3019,668,T2,2026-01-16T12:54:02.000Z,64,64,61,0,3,0.953125,189.53752314814815
L668:T2:I3020,668,T2,2026-01-20T09:17:12.000Z,64,64,63,0,1,0.984375,120.38694444444444
L668:T2:I3022,668,T2,2026-04-28T19:47:00.000Z,78,78,76,0,2,0.9743589743589743,101.82430555555555
L669:T0,669,T0,2026-04-24T00:00:00.000Z,109,109,106,0,3,0.9724770642201835,150
L669:T1:I3025,669,T1,2026-04-24T09:14:22.000Z,110,110,107,0,3,0.9727272727272728,150.38497685185186
L669:T2:I3026,669,T2,2026-05-01T17:38:02.000Z,112,112,108,0,4,0.9642857142857143,157.73474537037038
L669:T2:I3027,669,T2,2026-05-06T16:32:00.000Z,112,112,109,0,3,0.9732142857142857,162.6888888888889
L669:T2:I3028,669,T2,2026-05-07T09:06:07.000Z,112,112,109,0,3,0.9732142857142857,163.3792476851852
L670:T0,670,T0,2025-04-08T00:00:00.000Z,16,12,12,4,0,0.75,81
L670:T1:I3029,670,T1,2025-04-15T10:47:44.000Z,17,13,13,4,0,0.7647058823529411,88.44981481481481
L670:T2:I3030,670,T2,2025-09-28T20:02:00.000Z,21,21,18,0,3,0.8571428571428571,186.8347222222222
L671:T0,671,T0,2025-09-04T00:00:00.000Z,11,11,11,0,0,1,79
L671:T1:I3031,671,T1,2025-09-09T19:29:00.000Z,12,11,11,1,0,0.9166666666666666,84.81180555555555
L672:T0,672,T0,2025-10-13T00:00:00.000Z,43,43,40,0,3,0.9302325581395349,168
L672:T1:I3033,672,T1,2025-10-19T12:34:41.000Z,44,44,43,0,1,0.9772727272727273,136.52408564814814
L672:T2:I3034,672,T2,2025-10-25T16:55:42.000Z,44,44,41,0,3,0.9318181818181818,94.70534722222222
L672:T2:I3032,672,T2,2025-12-27T16:56:00.000Z,49,49,47,0,2,0.9591836734693877,126.70555555555555
L673:T0,673,T0,2025-08-21T00:00:00.000Z,23,22,20,1,2,0.8695652173913043,126
L673:T1:I3035,673,T1,2025-08-26T17:59:52.000Z,25,24,21,1,3,0.84,131.74990740740742
L673:T2:I3040,673,T2,2025-08-27T08:32:44.000Z,25,24,21,1,3,0.84,132.35606481481483
L673:T2:I3039,673,T2,2025-09-10T10:44:00.000Z,27,26,24,1,2,0.8888888888888888,124.44722222222222
L673:T2:I3037,673,T2,2025-09-19T19:44:00.000Z,27,26,24,1,2,0.8888888888888888,115.82222222222222
L673:T2:I3038,673,T2,2025-10-16T11:57:00.000Z,29,29,28,0,1,0.9655172413793104,142.49791666666667
L673:T2:I3042,673,T2,2026-01-22T12:35:00.000Z,32,32,31,0,1,0.96875,116.52430555555556
L673:T2:I3041,673,T2,2026-05-02T15:59:00.000Z,39,39,37,0,2,0.9487179487179487,99.66597222222222
L673:T2:I3036,673,T2,2026-05-11T13:16:00.000Z,41,41,38,0,3,0.926829268292683,103.55277777777778
L674:T0,674,T0,2025-06-26T00:00:00.000Z,52,44,39,8,5,0.75,152
L674:T1:I3043,674,T1,2025-06-26T07:21:53.000Z,53,45,40,8,5,0.7547169811320755,152.30686342592594
L675:T0,675,T0,2025-09-29T00:00:00.000Z,33,32,26,1,6,0.7878787878787878,152
L675:T1:I3044,675,T1,2025-09-29T13:44:09.000Z,34,33,27,1,6,0.7941176470588235,152.57232638888888
L676:T0,676,T0,2026-03-22T00:00:00.000Z,15,15,14,0,1,0.9333333333333333,126
L676:T1:I3047,676,T1,2026-03-24T11:04:34.000Z,16,16,15,0,1,0.9375,128.46150462962962
L676:T2:I3045,676,T2,2026-04-13T11:33:00.000Z,16,16,13,0,3,0.8125,148.48125
L676:T2:I3046,676,T2,2026-06-16T07:03:00.000Z,18,18,16,0,2,0.8888888888888888,155.29375
L676:T2:I3048,676,T2,2026-06-16T14:25:00.000Z,18,18,16,0,2,0.8888888888888888,155.60069444444446
L677:T0,677,T0,2025-03-28T00:00:00.000Z,16,6,6,10,0,0.375,65
L677:T1:I3051,677,T1,2025-04-04T13:26:51.000Z,16,6,6,10,0,0.375,72.5603125
L677:T2:I3050,677,T2,2025-09-04T15:04:00.000Z,24,23,20,1,3,0.8333333333333334,116.62777777777778
L677:T2:I3049,677,T2,2026-04-21T08:46:00.000Z,36,36,35,0,1,0.9722222222222222,102.36527777777778
L677:T2:I3052,677,T2,2026-06-21T08:12:00.000Z,39,39,38,0,1,0.9743589743589743,100.34166666666667
L678:T0,678,T0,2026-04-23T00:00:00.000Z,16,16,15,0,1,0.9375,129
L678:T1:I3054,678,T1,2026-04-25T13:10:36.000Z,17,17,16,0,1,0.9411764705882353,131.54902777777778
L678:T2:I3055,678,T2,2026-04-26T16:52:10.000Z,17,17,16,0,1,0.9411764705882353,132.70289351851852
L678:T2:I3053,678,T2,2026-06-08T11:04:00.000Z,19,19,19,0,0,1,53.46111111111111
L679:T0,679,T0,2025-06-19T00:00:00.000Z,14,12,8,2,4,0.5714285714285714,135
L679:T1:I3058,679,T1,2025-06-20T16:16:29.000Z,15,12,8,3,4,0.5333333333333333,136.67811342592591
L679:T2:I3056,679,T2,2025-07-01T12:11:01.000Z,14,13,11,1,2,0.7857142857142857,138.50765046296297
L679:T2:I3057,679,T2,2026-03-18T14:37:00.000Z,29,29,29,0,0,1,72.60902777777778
L680:T0,680,T0,2025-02-17T00:00:00.000Z,27,11,11,16,0,0.4074074074074074,48
L680:T1:I3061,680,T1,2025-02-25T15:38:45.000Z,29,12,12,17,0,0.41379310344827586,56.65190972222222
L680:T2:I3062,680,T2,2025-02-26T12:41:21.000Z,29,12,12,17,0,0.41379310344827586,57.52871527777778
L680:T2:I3059,680,T2,2025-02-27T10:45:06.000Z,29,12,12,17,0,0.41379310344827586,58.44798611111111
L680:T2:I3064,680,T2,2025-03-04T07:31:00.000Z,29,13,13,16,0,0.4482758620689655,63.31319444444444
L680:T2:I3060,680,T2,2025-09-15T20:48:00.000Z,48,48,37,0,11,0.7708333333333334,215.86666666666667
L680:T2:I3063,680,T2,2025-09-30T11:57:00.000Z,50,50,39,0,11,0.78,230.49791666666667
L680:T2:I3065,680,T2,2025-12-05T07:35:00.000Z,54,54,52,0,2,0.9629629629629629,195.31597222222223
L681:T0,681,T0,2025-09-05T00:00:00.000Z,46,43,40,3,3,0.8695652173913043,110
L681:T1:I3068,681,T1,2025-09-09T07:12:10.000Z,46,43,40,3,3,0.8695652173913043,114.30011574074074
L681:T2:I3067,681,T2,2026-02-04T11:43:00.000Z,69,69,67,0,2,0.9710144927536232,118.48819444444445
L681:T2:I3066,681,T2,2026-02-12T11:34:00.000Z,70,70,69,0,1,0.9857142857142858,126.48194444444445
L682:T0,682,T0,2025-11-27T00:00:00.000Z,40,40,35,0,5,0.875,161
L682:T1:I3069,682,T1,2025-12-05T10:48:32.000Z,41,41,35,0,6,0.8536585365853658,153.45037037037036
L683:T0,683,T0,2026-06-28T00:00:00.000Z,18,18,18,0,0,1,67
L683:T1:I3072,683,T1,2026-06-28T18:46:04.000Z,19,19,19,0,0,1,67.78199074074074
L683:T2:I3070,683,T2,2026-06-30T11:37:09.000Z,19,19,19,0,0,1,69.48413194444444
L683:T2:I3071,683,T2,2026-07-02T15:06:22.000Z,19,19,19,0,0,1,71.6294212962963
L684:T0,684,T0,2026-02-26T00:00:00.000Z,26,26,26,0,0,1,69
L684:T1:I3075,684,T1,2026-02-27T11:48:19.000Z,27,27,27,0,0,1,70.49188657407407
L684:T2:I3073,684,T2,2026-03-03T12:06:26.000Z,27,27,27,0,0,1,74.50446759259259
L684:T2:I3074,684,T2,2026-04-12T16:49:00.000Z,30,30,28,0,2,0.9333333333333333,97.70069444444445
L685:T0,685,T0,2025-08-01T00:00:00.000Z,40,37,33,3,4,0.825,143
L685:T1:I3077,685,T1,2025-08-10T13:04:48.000Z,41,37,33,4,4,0.8048780487804879,152.545
L685:T2:I3082,685,T2,2025-08-12T17:19:32.000Z,41,38,34,3,4,0.8292682926829268,154.72189814814814
L685:T2:I3083,685,T2,2025-09-15T13:22:00.000Z,43,42,33,1,9,0.7674418604651163,168.55694444444444
L685:T2:I3076,685,T2,2025-10-08T11:16:00.000Z,44,44,33,0,11,0.75,187.46944444444443
L685:T2:I3080,685,T2,2026-02-06T19:48:00.000Z,60,60,57,0,3,0.95,109.825
L685:T2:I3078,685,T2,2026-03-05T10:49:00.000Z,61,61,60,0,1,0.9836065573770492,109.45069444444445
L685:T2:I3079,685,T2,2026-04-06T13:22:00.000Z,65,65,61,0,4,0.9384615384615385,103.55694444444444
L685:T2:I3081,685,T2,2026-05-22T07:50:00.000Z,74,74,73,0,1,0.9864864864864865,114.32638888888889
L686:T0,686,T0,2025-01-20T00:00:00.000Z,23,4,4,19,0,0.17391304347826086,5
L686:T1:I3085,686,T1,2025-01-27T19:50:02.000Z,23,6,6,17,0,0.2608695652173913,12.826412037037038
L686:T2:I3088,686,T2,2025-03-04T19:45:00.000Z,29,8,8,21,0,0.27586206896551724,48.822916666666664
L686:T2:I3090,686,T2,2025-04-25T10:52:00.000Z,31,23,21,8,2,0.6774193548387096,98.45277777777778
L686:T2:I3086,686,T2,2025-09-04T13:50:00.000Z,48,48,45,0,3,0.9375,109.57638888888889
L686:T2:I3089,686,T2,2025-11-22T10:16:00.000Z,58,58,51,0,7,0.8793103448275862,156.42777777777778
L686:T2:I3084,686,T2,2026-06-23T09:02:00.000Z,77,77,76,0,1,0.987012987012987,189.3763888888889
L686:T2:I3087,686,T2,2026-06-23T18:20:00.000Z,77,77,76,0,1,0.987012987012987,189.76388888888889
L687:T0,687,T0,2025-01-28T00:00:00.000Z,19,2,2,17,0,0.10526315789473684,11
L687:T1:I3093,687,T1,2025-01-29T16:19:12.000Z,20,2,2,18,0,0.1,12.68
L687:T2:I3098,687,T2,2025-02-01T20:39:46.000Z,21,2,2,19,0,0.09523809523809523,15.860949074074075
L687:T2:I3094,687,T2,2025-02-10T12:44:57.000Z,22,3,3,19,0,0.13636363636363635,24.53121527777778
L687:T2:I3095,687,T2,2025-03-17T10:49:00.000Z,28,17,17,11,0,0.6071428571428571,59.450694444444444
L687:T2:I3096,687,T2,2025-07-01T20:03:00.000Z,38,33,31,5,2,0.8157894736842105,134.83541666666667
L687:T2:I3092,687,T2,2025-08-25T07:53:00.000Z,53,50,47,3,3,0.8867924528301887,189.32847222222222
L687:T2:I3097,687,T2,2026-04-29T17:37:00.000Z,78,78,76,0,2,0.9743589743589743,102.73402777777778
L687:T2:I3091,687,T2,2026-06-12T12:10:00.000Z,82,82,81,0,1,0.9878048780487805,138.50694444444446
L688:T0,688,T0,2026-02-20T00:00:00.000Z,32,32,31,0,1,0.96875,96
L688:T1:I3100,688,T1,2026-02-22T18:32:11.000Z,33,33,32,0,1,0.9696969696969697,98.77234953703703
L688:T2:I3103,688,T2,2026-02-24T11:25:54.000Z,33,33,31,0,2,0.9393939393939394,105.47631944444444
L688:T2:I3104,688,T2,2026-02-26T08:13:36.000Z,33,33,32,0,1,0.9696969696969697,102.34277777777778
L688:T2:I3101,688,T2,2026-02-27T13:39:26.000Z,33,33,32,0,1,0.9696969696969697,103.56905092592592
L688:T2:I3102,688,T2,2026-02-28T09:17:49.000Z,33,33,32,0,1,0.9696969696969697,104.38737268518518
L688:T2:I3099,688,T2,2026-04-15T12:11:00.000Z,34,34,34,0,0,1,51.50763888888889
L689:T0,689,T0,2025-05-20T00:00:00.000Z,35,22,19,13,3,0.5428571428571428,115
L689:T1:I3110,689,T1,2025-05-20T13:44:17.000Z,35,22,19,13,3,0.5428571428571428,115.57241898148148
L689:T2:I3108,689,T2,2025-05-22T08:03:27.000Z,36,25,22,11,3,0.6111111111111112,117.33572916666667
L689:T2:I3109,689,T2,2025-05-26T08:16:24.000Z,36,26,23,10,3,0.6388888888888888,121.34472222222222
L689:T2:I3107,689,T2,2025-05-27T09:05:06.000Z,36,26,22,10,4,0.6111111111111112,122.37854166666666
L689:T2:I3106,689,T2,2025-05-30T08:03:48.000Z,37,27,24,10,3,0.6486486486486487,125.33597222222222
L689:T2:I3111,689,T2,2025-08-08T09:43:00.000Z,39,37,32,2,5,0.8205128205128205,195.4048611111111
L689:T2:I3105,689,T2,2026-01-06T12:45:00.000Z,51,51,47,0,4,0.9215686274509803,200.53125
L690:T0,690,T0,2025-11-05T00:00:00.000Z,10,10,10,0,0,1,37
L690:T1:I3113,690,T1,2025-11-11T15:12:41.000Z,11,11,11,0,0,1,43.63380787037037
L690:T2:I3114,690,T2,2025-11-15T14:15:48.000Z,12,12,12,0,0,1,47.59430555555556
L690:T2:I3116,690,T2,2025-11-18T08:12:40.000Z,12,12,12,0,0,1,50.34212962962963
L690:T2:I3115,690,T2,2026-03-14T17:05:00.000Z,12,12,10,0,2,0.8333333333333334,144.71180555555554
L690:T2:I3112,690,T2,2026-06-19T12:15:00.000Z,13,13,13,0,0,1,81.51041666666667
L691:T0,691,T0,2026-05-23T00:00:00.000Z,106,106,104,0,2,0.9811320754716981,121
L691:T1:I3123,691,T1,2026-05-23T20:28:01.000Z,107,107,105,0,2,0.9813084112149533,121.85278935185185
L691:T2:I3117,691,T2,2026-05-24T12:49:30.000Z,107,107,105,0,2,0.9813084112149533,122.534375
L691:T2:I3119,691,T2,2026-05-31T13:04:49.000Z,109,109,108,0,1,0.9908256880733946,93.54501157407407
L691:T2:I3121,691,T2,2026-06-01T17:48:00.000Z,109,109,108,0,1,0.9908256880733946,94.74166666666666
L691:T2:I3122,691,T2,2026-06-05T16:32:47.000Z,109,109,108,0,1,0.9908256880733946,98.68943287037037
L691:T2:I3118,691,T2,2026-06-16T14:20:00.000Z,111,111,111,0,0,1,89.59722222222223
L691:T2:I3120,691,T2,2026-06-26T11:56:00.000Z,111,111,109,0,2,0.9819819819819819,99.49722222222222
L692:T0,692,T0,2025-06-12T00:00:00.000Z,18,14,12,4,2,0.6666666666666666,130
L692:T1:I3127,692,T1,2025-06-20T09:15:16.000Z,20,16,13,4,3,0.65,133.38560185185185
L692:T2:I3125,692,T2,2025-06-22T12:50:00.000Z,20,16,14,4,2,0.7,115.53472222222223
L692:T2:I3128,692,T2,2025-06-24T16:09:51.000Z,20,17,15,3,2,0.75,117.67350694444444
L692:T2:I3129,692,T2,2025-06-25T18:48:08.000Z,20,17,14,3,3,0.7,118.78342592592593
L692:T2:I3126,692,T2,2025-10-05T10:03:00.000Z,24,24,22,0,2,0.9166666666666666,192.41875
L692:T2:I3130,692,T2,2025-12-05T08:51:00.000Z,28,28,25,0,3,0.8928571428571429,97.36875
L692:T2:I3124,692,T2,2026-02-15T14:13:00.000Z,29,29,28,0,1,0.9655172413793104,91.59236111111112
L693:T0,693,T0,2026-04-04T00:00:00.000Z,100,100,94,0,6,0.94,191
L693:T1:I3135,693,T1,2026-04-04T19:10:47.000Z,101,101,95,0,6,0.9405940594059405,191.7991550925926
L693:T2:I3132,693,T2,2026-04-08T17:21:30.000Z,103,103,98,0,5,0.9514563106796117,195.72326388888888
L693:T2:I3133,693,T2,2026-04-09T14:11:22.000Z,103,103,99,0,4,0.9611650485436893,196.59122685185184
L693:T2:I3134,693,T2,2026-04-13T10:47:58.000Z,104,104,102,0,2,0.9807692307692307,200.44997685185186
L693:T2:I3131,693,T2,2026-04-13T17:33:18.000Z,103,103,101,0,2,0.9805825242718447,200.73145833333334
L694:T0,694,T0,2025-06-25T00:00:00.000Z,40,25,22,15,3,0.55,108
L694:T1:I3137,694,T1,2025-07-07T13:49:37.000Z,41,30,27,11,3,0.6585365853658537,120.57612268518518
L694:T2:I3136,694,T2,2025-12-15T19:21:00.000Z,55,55,49,0,6,0.8909090909090909,166.80625
L694:T2:I3139,694,T2,2026-04-01T12:58:00.000Z,67,67,65,0,2,0.9701492537313433,152.5402777777778
L694:T2:I3140,694,T2,2026-04-20T17:59:00.000Z,69,69,69,0,0,1,89.74930555555555
L694:T2:I3138,694,T2,2026-05-27T10:02:00.000Z,73,73,69,0,4,0.9452054794520548,126.41805555555555
L695:T0,695,T0,2025-12-05T00:00:00.000Z,27,27,26,0,1,0.9629629629629629,92
L695:T1:I3141,695,T1,2025-12-05T07:51:43.000Z,28,28,27,0,1,0.9642857142857143,92.32758101851852
L695:T2:I3146,695,T2,2025-12-07T19:02:51.000Z,27,27,26,0,1,0.9629629629629629,94.79364583333333
L695:T2:I3144,695,T2,2025-12-08T15:58:23.000Z,28,28,27,0,1,0.9642857142857143,95.66554398148148
L695:T2:I3143,695,T2,2025-12-09T18:16:44.000Z,28,28,26,0,2,0.9285714285714286,96.76162037037037
L695:T2:I3142,695,T2,2025-12-13T11:10:40.000Z,29,29,27,0,2,0.9310344827586207,100.46574074074074
L695:T2:I3148,695,T2,2025-12-17T20:58:28.000Z,29,29,26,0,3,0.896551724137931,104.87393518518519
L695:T2:I3145,695,T2,2026-04-01T10:29:00.000Z,37,37,37,0,0,1,88.43680555555555
L695:T2:I3147,695,T2,2026-04-23T12:35:00.000Z,38,38,36,0,2,0.9473684210526315,110.52430555555556
L696:T0,696,T0,2025-01-31T00:00:00.000Z,23,2,2,21,0,0.08695652173913043,24
L696:T1:I3153,696,T1,2025-02-03T12:13:44.000Z,23,2,2,21,0,0.08695652173913043,27.50953703703704
L696:T2:I3155,696,T2,2025-02-10T14:08:25.000Z,23,3,3,20,0,0.13043478260869565,34.58917824074074
L696:T2:I3151,696,T2,2025-02-10T15:16:00.000Z,24,3,3,21,0,0.125,34.63611111111111
L696:T2:I3150,696,T2,2025-06-30T09:06:00.000Z,31,17,15,14,2,0.4838709677419355,113.37916666666666
L696:T2:I3154,696,T2,2025-07-24T18:23:00.000Z,36,28,26,8,2,0.7222222222222222,137.76597222222222
L696:T2:I3149,696,T2,2026-01-27T16:28:00.000Z,44,44,42,0,2,0.9545454545454546,140.6861111111111
L696:T2:I3152,696,T2,2026-04-26T16:33:00.000Z,50,50,47,0,3,0.94,95.68958333333333
L697:T0,697,T0,2025-10-19T00:00:00.000Z,11,11,11,0,0,1,79
L697:T1:I3157,697,T1,2025-10-19T20:51:52.000Z,12,12,12,0,0,1,79.86935185185185
L697:T2:I3158,697,T2,2025-11-04T20:01:00.000Z,12,12,12,0,0,1,53.83402777777778
L697:T2:I3156,697,T2,2025-11-28T08:03:00.000Z,12,12,12,0,0,1,49.33541666666667
L698:T0,698,T0,2026-01-23T00:00:00.000Z,28,28,25,0,3,0.8928571428571429,146
L698:T1:I3163,698,T1,2026-01-23T09:06:37.000Z,29,29,26,0,3,0.896551724137931,146.3795949074074
L698:T2:I3159,698,T2,2026-01-25T08:31:12.000Z,29,29,26,0,3,0.896551724137931,148.355
L698:T2:I3160,698,T2,2026-01-26T13:49:35.000Z,29,29,26,0,3,0.896551724137931,149.57609953703704
L698:T2:I3161,698,T2,2026-01-28T16:25:40.000Z,29,29,26,0,3,0.896551724137931,151.68449074074073
L698:T2:I3164,698,T2,2026-02-03T12:17:44.000Z,28,28,26,0,2,0.9285714285714286,154.51231481481483
L698:T2:I3165,698,T2,2026-02-04T12:50:37.000Z,29,29,28,0,1,0.9655172413793104,155.53515046296297
L698:T2:I3162,698,T2,2026-02-04T20:17:00.000Z,29,29,28,0,1,0.9655172413793104,155.8451388888889
L699:T0,699,T0,2025-12-16T00:00:00.000Z,62,62,54,0,8,0.8709677419354839,225
L699:T1:I3166,699,T1,2025-12-21T14:52:10.000Z,63,63,56,0,7,0.8888888888888888,230.61956018518518
L700:T0,700,T0,2026-05-15T00:00:00.000Z,54,54,53,0,1,0.9814814814814815,119
L700:T1:I3169,700,T1,2026-05-15T10:55:51.000Z,55,55,54,0,1,0.9818181818181818,119.45545138888889
L700:T2:I3173,700,T2,2026-05-16T14:03:08.000Z,55,55,54,0,1,0.9818181818181818,120.58550925925925
L700:T2:I3174,700,T2,2026-05-16T16:45:36.000Z,55,55,54,0,1,0.9818181818181818,120.69833333333334
L700:T2:I3171,700,T2,2026-05-18T14:04:49.000Z,55,55,54,0,1,0.9818181818181818,122.58667824074074
L700:T2:I3168,700,T2,2026-05-22T11:59:39.000Z,56,56,55,0,1,0.9821428571428571,126.49975694444444
L700:T2:I3170,700,T2,2026-05-23T20:57:52.000Z,55,55,54,0,1,0.9818181818181818,127.87351851851852
L700:T2:I3172,700,T2,2026-05-27T11:50:19.000Z,56,56,53,0,3,0.9464285714285714,131.49327546296297
L700:T2:I3167,700,T2,2026-05-27T12:04:52.000Z,56,56,54,0,2,0.9642857142857143,131.50337962962962
L701:T0,701,T0,2026-06-10T00:00:00.000Z,55,55,53,0,2,0.9636363636363636,145
L701:T1:I3177,701,T1,2026-06-11T17:32:08.000Z,56,56,53,0,3,0.9464285714285714,146.73064814814813
L701:T2:I3176,701,T2,2026-06-11T20:54:07.000Z,56,56,53,0,3,0.9464285714285714,146.87091435185187
L701:T2:I3175,701,T2,2026-06-12T15:32:18.000Z,55,55,52,0,3,0.9454545454545454,147.64743055555556
L701:T2:I3178,701,T2,2026-06-18T17:45:05.000Z,56,56,53,0,3,0.9464285714285714,153.7396412037037
L701:T2:I3179,701,T2,2026-06-22T18:02:51.000Z,57,57,54,0,3,0.9473684210526315,157.75197916666667
L701:T2:I3180,701,T2,2026-06-23T17:53:51.000Z,57,57,54,0,3,0.9473684210526315,158.74572916666668
L702:T0,702,T0,2025-11-03T00:00:00.000Z,21,21,20,0,1,0.9523809523809523,133
L702:T1:I3184,702,T1,2025-11-03T20:54:17.000Z,22,22,21,0,1,0.9545454545454546,133.8710300925926
L702:T2:I3182,702,T2,2025-11-11T14:41:19.000Z,22,22,21,0,1,0.9545454545454546,141.61202546296298
L702:T2:I3186,702,T2,2025-11-12T13:07:39.000Z,22,22,21,0,1,0.9545454545454546,142.54697916666666
L702:T2:I3183,702,T2,2025-11-13T08:25:29.000Z,21,21,20,0,1,0.9523809523809523,143.3510300925926
L702:T2:I3185,702,T2,2025-11-16T13:12:59.000Z,22,22,21,0,1,0.9545454545454546,146.55068287037037
L702:T2:I3187,702,T2,2026-02-02T11:06:00.000Z,26,26,26,0,0,1,84.4625
L702:T2:I3181,702,T2,2026-06-29T13:48:00.000Z,33,33,32,0,1,0.9696969696969697,112.575
L703:T0,703,T0,2025-08-29T00:00:00.000Z,59,58,52,1,6,0.8813559322033898,216
L703:T1:I3192,703,T1,2025-08-31T08:45:20.000Z,60,60,54,0,6,0.9,218.36481481481482
L703:T2:I3193,703,T2,2025-09-02T11:56:51.000Z,60,60,53,0,7,0.8833333333333333,220.4978125
L703:T2:I3194,703,T2,2025-09-02T12:44:07.000Z,60,60,53,0,7,0.8833333333333333,220.53063657407407
L703:T2:I3190,703,T2,2025-09-03T07:33:47.000Z,60,60,53,0,7,0.8833333333333333,221.31512731481482
L703:T2:I3189,703,T2,2025-09-07T20:32:42.000Z,60,59,52,1,7,0.8666666666666667,225.85604166666667
L703:T2:I3195,703,T2,2025-10-09T17:01:00.000Z,63,63,54,0,9,0.8571428571428571,257.7090277777778
L703:T2:I3191,703,T2,2026-04-06T11:25:00.000Z,86,86,84,0,2,0.9767441860465116,193.47569444444446
L703:T2:I3188,703,T2,2026-06-10T18:55:00.000Z,90,90,87,0,3,0.9666666666666667,111.78819444444444
L704:T0,704,T0,2025-01-21T00:00:00.000Z,13,2,2,11,0,0.15384615384615385,7
L704:T1:I3196,704,T1,2025-02-01T12:57:46.000Z,14,2,2,12,0,0.14285714285714285,18.54011574074074
L704:T2:I3197,704,T2,2025-07-09T12:35:00.000Z,27,27,25,0,2,0.9259259259259259,154.52430555555554
L705:T0,705,T0,2026-03-13T00:00:00.000Z,73,73,72,0,1,0.9863013698630136,95
L705:T1:I3199,705,T1,2026-03-14T16:50:36.000Z,74,74,71,0,3,0.9594594594594594,96.70180555555555
L705:T2:I3200,705,T2,2026-03-18T16:56:21.000Z,74,74,71,0,3,0.9594594594594594,100.7057986111111
L705:T2:I3198,705,T2,2026-03-19T12:17:13.000Z,74,74,71,0,3,0.9594594594594594,101.51195601851852
L705:T2:I3201,705,T2,2026-03-20T16:32:54.000Z,74,74,71,0,3,0.9594594594594594,102.68951388888888
L706:T0,706,T0,2025-04-12T00:00:00.000Z,12,9,9,3,0,0.75,54
L706:T1:I3204,706,T1,2025-07-30T10:56:00.000Z,20,19,19,1,0,0.95,84.45555555555555
L706:T2:I3203,706,T2,2025-11-29T20:42:00.000Z,27,27,25,0,2,0.9259259259259259,98.8625
L706:T2:I3202,706,T2,2026-02-09T08:46:00.000Z,36,36,34,0,2,0.9444444444444444,168.36527777777778
L707:T0,707,T0,2026-04-24T00:00:00.000Z,55,55,52,0,3,0.9454545454545454,106
L707:T1:I3210,707,T1,2026-04-25T19:07:27.000Z,56,56,53,0,3,0.9464285714285714,107.79684027777778
L707:T2:I3206,707,T2,2026-04-26T18:52:43.000Z,56,56,53,0,3,0.9464285714285714,108.78660879629629
L707:T2:I3208,707,T2,2026-04-28T18:05:58.000Z,56,56,53,0,3,0.9464285714285714,110.75414351851852
L707:T2:I3209,707,T2,2026-04-29T09:58:44.000Z,57,57,54,0,3,0.9473684210526315,111.41578703703703
L707:T2:I3207,707,T2,2026-04-29T18:55:47.000Z,57,57,54,0,3,0.9473684210526315,111.78873842592593
L707:T2:I3205,707,T2,2026-05-07T10:21:19.000Z,57,57,54,0,3,0.9473684210526315,119.4314699074074
L707:T2:I3211,707,T2,2026-06-01T12:02:00.000Z,57,57,57,0,0,1,75.50138888888888
L708:T0,708,T0,2026-01-20T00:00:00.000Z,15,15,15,0,0,1,88
L708:T1:I3213,708,T1,2026-01-31T08:56:08.000Z,16,16,16,0,0,1,67.37231481481481
L708:T2:I3212,708,T2,2026-05-16T12:56:00.000Z,23,23,23,0,0,1,60.53888888888889
L709:T0,709,T0,2025-04-25T00:00:00.000Z,18,12,11,6,1,0.6111111111111112,110
L709:T1:I3217,709,T1,2025-05-05T10:41:38.000Z,20,14,13,6,1,0.65,120.4455787037037
L709:T2:I3215,709,T2,2025-08-02T07:33:00.000Z,29,28,26,1,2,0.896551724137931,157.31458333333333
L709:T2:I3216,709,T2,2025-10-07T15:29:00.000Z,35,34,29,1,5,0.8285714285714286,148.64513888888888
L709:T2:I3214,709,T2,2025-10-22T20:57:00.000Z,36,35,29,1,6,0.8055555555555556,119.87291666666667
L710:T0,710,T0,2025-06-13T00:00:00.000Z,28,19,17,9,2,0.6071428571428571,106
L710:T1:I3221,710,T1,2025-06-16T08:42:10.000Z,29,21,19,8,2,0.6551724137931034,109.36261574074074
L710:T2:I3222,710,T2,2025-06-18T09:08:27.000Z,29,22,20,7,2,0.6896551724137931,111.38086805555555
L710:T2:I3220,710,T2,2025-06-24T13:12:36.000Z,29,22,19,7,3,0.6551724137931034,117.55041666666666
L710:T2:I3219,710,T2,2025-11-20T10:07:00.000Z,39,39,38,0,1,0.9743589743589743,156.42152777777778
L710:T2:I3218,710,T2,2026-03-03T17:16:00.000Z,49,49,48,0,1,0.9795918367346939,107.71944444444445
L711:T0,711,T0,2025-07-30T00:00:00.000Z,43,42,40,1,2,0.9302325581395349,163
L711:T1:I3230,711,T1,2025-08-02T11:23:35.000Z,45,44,40,1,4,0.8888888888888888,172.47471064814815
L711:T2:I3225,711,T2,2025-08-03T16:30:59.000Z,45,44,41,1,3,0.9111111111111111,167.68818287037038
L711:T2:I3228,711,T2,2025-08-08T19:46:49.000Z,46,45,42,1,3,0.9130434782608695,172.82417824074074
L711:T2:I3224,711,T2,2025-08-09T08:42:23.000Z,46,45,43,1,2,0.9347826086956522,173.3627662037037
L711:T2:I3227,711,T2,2025-08-12T11:18:53.000Z,46,45,43,1,2,0.9347826086956522,176.47144675925927
L711:T2:I3226,711,T2,2025-08-12T17:35:09.000Z,46,45,43,1,2,0.9347826086956522,176.73274305555555
L711:T2:I3223,711,T2,2025-08-12T17:37:22.000Z,47,46,43,1,3,0.9148936170212766,176.73428240740742
L711:T2:I3229,711,T2,2026-01-30T12:27:00.000Z,67,67,66,0,1,0.9850746268656716,130.51875
L712:T0,712,T0,2025-09-12T00:00:00.000Z,47,46,42,1,4,0.8936170212765957,147
L712:T1:I3231,712,T1,2025-09-13T20:57:12.000Z,48,47,43,1,4,0.8958333333333334,148.87305555555557
L712:T2:I3236,712,T2,2025-09-18T14:08:02.000Z,48,47,42,1,5,0.875,153.58891203703703
L712:T2:I3234,712,T2,2025-09-20T08:41:16.000Z,47,46,41,1,5,0.8723404255319149,155.36199074074074
L712:T2:I3235,712,T2,2025-09-21T19:03:47.000Z,48,47,41,1,6,0.8541666666666666,179.79429398148147
L712:T2:I3232,712,T2,2025-09-24T10:03:40.000Z,48,47,42,1,5,0.875,159.41921296296297
L712:T2:I3233,712,T2,2025-11-01T15:02:00.000Z,55,55,51,0,4,0.9272727272727272,197.6263888888889
L712:T2:I3237,712,T2,2026-03-06T11:38:00.000Z,65,65,62,0,3,0.9538461538461539,207.48472222222222
L713:T0,713,T0,2026-01-29T00:00:00.000Z,30,30,29,0,1,0.9666666666666667,118
L713:T1:I3241,713,T1,2026-01-30T13:48:31.000Z,31,31,30,0,1,0.967741935483871,119.5753587962963
L713:T2:I3242,713,T2,2026-01-30T13:53:53.000Z,31,31,30,0,1,0.967741935483871,119.57908564814815
L713:T2:I3238,713,T2,2026-02-03T14:56:53.000Z,31,31,30,0,1,0.967741935483871,123.62283564814815
L713:T2:I3240,713,T2,2026-03-15T15:52:00.000Z,31,31,30,0,1,0.967741935483871,120.66111111111111
L713:T2:I3239,713,T2,2026-04-11T07:27:00.000Z,35,35,32,0,3,0.9142857142857143,147.31041666666667
L714:T0,714,T0,2025-05-28T00:00:00.000Z,24,16,14,8,2,0.5833333333333334,128
L714:T1:I3246,714,T1,2025-06-02T11:18:50.000Z,24,17,15,7,2,0.625,132.47141203703703
L714:T2:I3243,714,T2,2025-06-03T14:48:27.000Z,25,17,16,8,1,0.64,133.61697916666665
L714:T2:I3250,714,T2,2025-06-19T10:37:00.000Z,26,21,21,5,0,0.8076923076923077,81.44236111111111
L714:T2:I3247,714,T2,2026-02-05T17:51:00.000Z,51,51,50,0,1,0.9803921568627451,164.74375
L714:T2:I3249,714,T2,2026-05-02T19:21:00.000Z,55,55,55,0,0,1,79.80625
L714:T2:I3248,714,T2,2026-06-02T08:06:00.000Z,57,57,55,0,2,0.9649122807017544,110.3375
L714:T2:I3244,714,T2,2026-06-02T15:42:00.000Z,57,57,55,0,2,0.9649122807017544,110.65416666666667
L714:T2:I3245,714,T2,2026-06-04T10:24:00.000Z,57,57,55,0,2,0.9649122807017544,112.43333333333334
L715:T0,715,T0,2025-05-09T00:00:00.000Z,32,21,17,11,4,0.53125,109
L715:T1:I3252,715,T1,2025-05-12T17:21:28.000Z,33,22,18,11,4,0.5454545454545454,112.72324074074074
L715:T2:I3254,715,T2,2025-05-15T14:26:51.000Z,33,23,19,10,4,0.5757575757575758,115.60197916666667
L715:T2:I3251,715,T2,2025-07-05T13:46:00.000Z,39,33,31,6,2,0.7948717948717948,115.5736111111111
L715:T2:I3253,715,T2,2025-07-08T10:34:00.000Z,39,33,32,6,1,0.8205128205128205,118.44027777777778
L716:T0,716,T0,2025-08-11T00:00:00.000Z,61,60,51,1,9,0.8360655737704918,198
L716:T1:I3257,716,T1,2025-08-13T16:17:46.000Z,62,61,53,1,8,0.8548387096774194,200.67900462962962
L716:T2:I3259,716,T2,2025-08-13T19:14:55.000Z,61,60,52,1,8,0.8524590163934426,200.80202546296297
L716:T2:I3260,716,T2,2025-08-14T19:48:48.000Z,62,61,53,1,8,0.8548387096774194,201.82555555555555
L716:T2:I3256,716,T2,2025-08-17T17:56:12.000Z,63,62,55,1,7,0.873015873015873,204.7473611111111
L716:T2:I3255,716,T2,2025-08-18T08:07:23.000Z,63,62,55,1,7,0.873015873015873,205.33846064814816
L716:T2:I3261,716,T2,2026-02-06T12:04:00.000Z,91,91,84,0,7,0.9230769230769231,167.50277777777777
L716:T2:I3258,716,T2,2026-02-15T13:06:00.000Z,93,93,87,0,6,0.9354838709677419,176.54583333333332
L717:T0,717,T0,2025-06-24T00:00:00.000Z,11,7,7,4,0,0.6363636363636364,54
L717:T1:I3264,717,T1,2025-06-25T20:24:09.000Z,12,8,8,4,0,0.6666666666666666,61.85010416666667
L717:T2:I3265,717,T2,2025-06-26T09:29:43.000Z,12,8,8,4,0,0.6666666666666666,56.395636574074075
L717:T2:I3263,717,T2,2025-06-30T19:36:53.000Z,12,8,8,4,0,0.6666666666666666,49.81728009259259
L717:T2:I3262,717,T2,2025-10-12T16:23:00.000Z,17,16,15,1,1,0.8823529411764706,131.6826388888889
L718:T0,718,T0,2025-06-16T00:00:00.000Z,10,9,9,1,0,0.9,68
L718:T1:I3266,718,T1,2025-06-23T11:35:01.000Z,12,11,11,1,0,0.9166666666666666,75.48265046296297
L718:T2:I3267,718,T2,2025-10-02T13:35:00.000Z,18,18,17,0,1,0.9444444444444444,128.56597222222223
L719:T0,719,T0,2025-07-12T00:00:00.000Z,75,70,65,5,5,0.8666666666666667,168
L719:T1:I3270,719,T1,2025-07-12T09:50:31.000Z,76,71,65,5,6,0.8552631578947368,168.41008101851853
L719:T2:I3268,719,T2,2025-07-16T14:40:11.000Z,76,73,66,3,7,0.868421052631579,172.61123842592593
L719:T2:I3269,719,T2,2025-07-17T11:10:54.000Z,75,73,66,2,7,0.88,173.46590277777779
L719:T2:I3272,719,T2,2025-07-23T18:04:19.000Z,79,77,71,2,6,0.8987341772151899,179.7529976851852
L719:T2:I3274,719,T2,2025-07-25T13:29:47.000Z,79,76,70,3,6,0.8860759493670886,181.56234953703705
L719:T2:I3271,719,T2,2025-07-25T13:40:09.000Z,79,77,71,2,6,0.8987341772151899,181.56954861111112
L719:T2:I3273,719,T2,2026-02-16T18:00:00.000Z,122,122,114,0,8,0.9344262295081968,177.75
L720:T0,720,T0,2026-03-13T00:00:00.000Z,24,24,24,0,0,1,87
L720:T1:I3280,720,T1,2026-03-16T14:17:47.000Z,25,25,24,0,1,0.96,90.59568287037037
L720:T2:I3277,720,T2,2026-03-17T09:42:40.000Z,25,25,24,0,1,0.96,91.40462962962962
L720:T2:I3281,720,T2,2026-03-18T18:35:38.000Z,24,24,23,0,1,0.9583333333333334,92.77474537037037
L720:T2:I3279,720,T2,2026-03-19T16:49:34.000Z,25,25,24,0,1,0.96,93.70108796296296
L720:T2:I3275,720,T2,2026-03-20T17:38:35.000Z,25,25,23,0,2,0.92,95.73512731481482
L720:T2:I3278,720,T2,2026-04-23T12:34:00.000Z,26,26,26,0,0,1,85.52361111111111
L720:T2:I3276,720,T2,2026-05-30T14:37:00.000Z,30,30,28,0,2,0.9333333333333333,122.60902777777778
L721:T0,721,T0,2026-06-16T00:00:00.000Z,44,44,44,0,0,1,73
L721:T1:I3282,721,T1,2026-06-21T09:46:45.000Z,44,44,44,0,0,1,77.40746527777777
L721:T2:I3283,721,T2,2026-06-26T08:10:40.000Z,45,45,45,0,0,1,67.34074074074074
L722:T0,722,T0,2025-02-24T00:00:00.000Z,41,14,14,27,0,0.34146341463414637,31
L722:T1:I3284,722,T1,2025-08-20T10:37:00.000Z,73,67,62,6,5,0.8493150684931506,200.4423611111111
L722:T2:I3288,722,T2,2025-08-27T17:07:00.000Z,74,68,64,6,4,0.8648648648648649,207.71319444444444
L722:T2:I3289,722,T2,2025-09-08T08:37:00.000Z,75,72,65,3,7,0.8666666666666667,219.35902777777778
L722:T2:I3290,722,T2,2025-11-29T17:18:00.000Z,89,88,79,1,9,0.8876404494382022,181.72083333333333
L722:T2:I3286,722,T2,2025-12-03T09:34:00.000Z,90,89,77,1,12,0.8555555555555555,185.3986111111111
L722:T2:I3285,722,T2,2025-12-21T20:02:00.000Z,95,94,82,1,12,0.8631578947368421,203.8347222222222
L722:T2:I3287,722,T2,2026-06-11T19:51:00.000Z,116,116,115,0,1,0.9913793103448276,111.82708333333333
L723:T0,723,T0,2026-01-15T00:00:00.000Z,34,34,30,0,4,0.8823529411764706,131
L723:T1:I3291,723,T1,2026-01-17T09:54:31.000Z,35,35,32,0,3,0.9142857142857143,133.4128587962963
L723:T2:I3295,723,T2,2026-01-24T15:23:23.000Z,36,36,33,0,3,0.9166666666666666,140.64123842592593
L723:T2:I3292,723,T2,2026-01-25T11:34:54.000Z,35,35,32,0,3,0.9142857142857143,141.48256944444444
L723:T2:I3294,723,T2,2026-01-26T20:37:43.000Z,35,35,32,0,3,0.9142857142857143,142.85952546296295
L723:T2:I3293,723,T2,2026-01-27T10:15:24.000Z,36,36,33,0,3,0.9166666666666666,143.4273611111111
L724:T0,724,T0,2025-07-24T00:00:00.000Z,11,10,10,1,0,0.9090909090909091,85
L724:T1:I3297,724,T1,2025-07-25T16:10:26.000Z,12,11,11,1,0,0.9166666666666666,86.67391203703704
L724:T2:I3302,724,T2,2025-08-02T13:09:49.000Z,13,12,11,1,1,0.8461538461538461,94.5484837962963
L724:T2:I3298,724,T2,2025-08-06T15:28:46.000Z,12,11,10,1,1,0.8333333333333334,98.64497685185185
L724:T2:I3300,724,T2,2025-08-09T10:11:00.000Z,14,13,11,1,2,0.7857142857142857,101.42430555555555
L724:T2:I3301,724,T2,2025-10-01T10:12:00.000Z,18,17,17,1,0,0.9444444444444444,72.425
L724:T2:I3299,724,T2,2026-02-25T11:55:00.000Z,24,24,23,0,1,0.9583333333333334,97.49652777777777
L724:T2:I3296,724,T2,2026-05-04T19:30:00.000Z,27,27,26,0,1,0.9629629629629629,96.8125
L724:T2:I3303,724,T2,2026-06-08T12:37:00.000Z,31,31,29,0,2,0.9354838709677419,131.52569444444444
L725:T0,725,T0,2025-10-12T00:00:00.000Z,7,6,6,1,0,0.8571428571428571,75
L725:T1:I3309,725,T1,2025-10-13T07:32:44.000Z,8,7,7,1,0,0.875,76.31439814814814
L725:T2:I3306,725,T2,2025-10-17T15:47:19.000Z,8,7,7,1,0,0.875,45.657858796296296
L725:T2:I3304,725,T2,2025-10-19T14:53:53.000Z,8,7,7,1,0,0.875,47.620752314814816
L725:T2:I3308,725,T2,2025-10-23T16:00:41.000Z,8,7,7,1,0,0.875,51.66714120370371
L725:T2:I3305,725,T2,2025-12-02T19:15:00.000Z,8,7,7,1,0,0.875,48.802083333333336
L725:T2:I3307,725,T2,2026-02-02T14:56:00.000Z,9,9,9,0,0,1,65.62222222222222
L726:T0,726,T0,2025-08-12T00:00:00.000Z,33,32,30,1,2,0.9090909090909091,161
L726:T1:I3310,726,T1,2025-08-13T07:27:16.000Z,34,33,29,1,4,0.8529411764705882,162.31060185185186
L726:T2:I3313,726,T2,2025-08-15T11:18:07.000Z,34,33,30,1,3,0.8823529411764706,164.47091435185186
L726:T2:I3312,726,T2,2025-08-19T07:08:08.000Z,34,33,28,1,5,0.8235294117647058,168.29731481481483
L726:T2:I3311,726,T2,2025-09-21T11:32:00.000Z,34,33,28,1,5,0.8235294117647058,134.48055555555555
L727:T0,727,T0,2025-09-01T00:00:00.000Z,47,46,39,1,7,0.8297872340425532,145
L727:T1:I3315,727,T1,2025-09-03T08:37:38.000Z,48,47,41,1,6,0.8541666666666666,138.35946759259258
L727:T2:I3316,727,T2,2025-09-05T10:47:58.000Z,48,47,41,1,6,0.8541666666666666,140.44997685185186
L727:T2:I3314,727,T2,2026-04-11T11:49:00.000Z,70,70,69,0,1,0.9857142857142858,91.49236111111111
L727:T2:I3317,727,T2,2026-06-11T19:34:00.000Z,79,79,76,0,3,0.9620253164556962,152.81527777777777
L728:T0,728,T0,2025-09-05T00:00:00.000Z,46,46,37,0,9,0.8043478260869565,205
L728:T1:I3318,728,T1,2025-09-08T16:44:57.000Z,47,47,36,0,11,0.7659574468085106,208.69788194444445
L728:T2:I3319,728,T2,2026-01-21T09:22:00.000Z,59,59,54,0,5,0.9152542372881356,227.39027777777778
L729:T0,729,T0,2026-01-09T00:00:00.000Z,42,42,37,0,5,0.8809523809523809,125
L729:T1:I3320,729,T1,2026-01-19T11:00:40.000Z,44,44,40,0,4,0.9090909090909091,135.4587962962963
L729:T2:I3322,729,T2,2026-02-27T09:27:00.000Z,47,47,46,0,1,0.9787234042553191,174.39375
L729:T2:I3321,729,T2,2026-05-16T09:18:00.000Z,54,54,51,0,3,0.9444444444444444,116.3875
L730:T0,730,T0,2026-03-02T00:00:00.000Z,36,36,35,0,1,0.9722222222222222,177
L730:T1:I3323,730,T1,2026-03-08T20:14:30.000Z,37,37,36,0,1,0.972972972972973,183.84340277777778
L731:T0,731,T0,2026-05-04T00:00:00.000Z,56,56,52,0,4,0.9285714285714286,161
L731:T1:I3325,731,T1,2026-05-05T14:37:39.000Z,57,57,53,0,4,0.9298245614035088,162.60947916666666
L731:T2:I3324,731,T2,2026-05-11T18:50:15.000Z,58,58,54,0,4,0.9310344827586207,168.78489583333334
L731:T2:I3326,731,T2,2026-05-16T16:22:30.000Z,58,58,55,0,3,0.9482758620689655,122.68229166666667
L732:T0,732,T0,2026-04-10T00:00:00.000Z,64,64,63,0,1,0.984375,109
L732:T1:I3331,732,T1,2026-04-11T09:34:44.000Z,65,65,64,0,1,0.9846153846153847,110.39912037037037
L732:T2:I3332,732,T2,2026-04-13T07:49:44.000Z,65,65,64,0,1,0.9846153846153847,112.3262037037037
L732:T2:I3329,732,T2,2026-04-15T19:38:59.000Z,65,65,64,0,1,0.9846153846153847,114.81873842592593
L732:T2:I3327,732,T2,2026-04-16T19:39:13.000Z,65,65,64,0,1,0.9846153846153847,115.81890046296296
L732:T2:I3330,732,T2,2026-04-16T19:55:55.000Z,65,65,64,0,1,0.9846153846153847,115.83049768518518
L732:T2:I3328,732,T2,2026-04-18T19:35:18.000Z,66,66,63,0,3,0.9545454545454546,117.81618055555556
L732:T2:I3333,732,T2,2026-04-20T19:54:28.000Z,67,67,64,0,3,0.9552238805970149,119.82949074074074
L733:T0,733,T0,2025-05-06T00:00:00.000Z,60,38,36,22,2,0.6,99
L733:T1:I3339,733,T1,2025-05-09T13:33:15.000Z,62,38,34,24,4,0.5483870967741935,102.56475694444444
L733:T2:I3334,733,T2,2025-05-17T15:31:40.000Z,62,39,35,23,4,0.5645161290322581,105.64699074074075
L733:T2:I3335,733,T2,2025-05-18T15:48:19.000Z,63,40,36,23,4,0.5714285714285714,106.65855324074074
L733:T2:I3337,733,T2,2025-12-19T11:06:00.000Z,122,121,108,1,13,0.8852459016393442,201.4625
L733:T2:I3338,733,T2,2026-02-01T17:49:00.000Z,133,132,117,1,15,0.8796992481203008,150.7423611111111
L733:T2:I3336,733,T2,2026-05-20T14:29:00.000Z,150,150,149,0,1,0.9933333333333333,92.60347222222222
L734:T0,734,T0,2026-05-07T00:00:00.000Z,76,76,75,0,1,0.9868421052631579,192
L734:T1:I3343,734,T1,2026-05-13T08:35:00.000Z,77,77,75,0,2,0.974025974025974,198.35763888888889
L734:T2:I3340,734,T2,2026-05-19T18:31:01.000Z,76,76,74,0,2,0.9736842105263158,204.77153935185186
L734:T2:I3341,734,T2,2026-05-20T09:22:36.000Z,77,77,75,0,2,0.974025974025974,205.39069444444445
L734:T2:I3342,734,T2,2026-05-20T19:03:38.000Z,77,77,75,0,2,0.974025974025974,205.7941898148148
L735:T0,735,T0,2026-02-09T00:00:00.000Z,78,78,77,0,1,0.9871794871794872,123
L735:T1:I3349,735,T1,2026-02-09T09:22:14.000Z,79,79,77,0,2,0.9746835443037974,123.39043981481481
L735:T2:I3348,735,T2,2026-02-14T14:19:02.000Z,80,80,78,0,2,0.975,128.59655092592592
L735:T2:I3344,735,T2,2026-02-15T07:06:02.000Z,80,80,79,0,1,0.9875,129.29585648148148
L735:T2:I3347,735,T2,2026-02-16T14:46:15.000Z,79,79,78,0,1,0.9873417721518988,130.61545138888889
L735:T2:I3345,735,T2,2026-06-03T17:09:00.000Z,99,99,96,0,3,0.9696969696969697,124.71458333333334
L735:T2:I3346,735,T2,2026-06-25T20:26:00.000Z,100,100,99,0,1,0.99,123.85138888888889
L736:T0,736,T0,2025-07-28T00:00:00.000Z,16,15,14,1,1,0.875,131
L736:T1:I3353,736,T1,2025-09-02T15:36:00.000Z,18,18,17,0,1,0.9444444444444444,115.65
L736:T2:I3352,736,T2,2025-10-11T11:54:00.000Z,18,18,16,0,2,0.8888888888888888,154.49583333333334
L736:T2:I3350,736,T2,2025-11-18T18:09:00.000Z,19,19,19,0,0,1,79.75625
L736:T2:I3351,736,T2,2025-12-08T16:34:00.000Z,20,20,20,0,0,1,87.69027777777778
L736:T2:I3354,736,T2,2026-05-16T18:37:00.000Z,32,32,32,0,0,1,78.77569444444444
L737:T0,737,T0,2025-05-14T00:00:00.000Z,32,19,18,13,1,0.5625,109
L737:T1:I3357,737,T1,2025-07-19T10:36:00.000Z,39,37,32,2,5,0.8205128205128205,175.44166666666666
L737:T2:I3355,737,T2,2025-08-12T12:17:00.000Z,40,39,33,1,6,0.825,199.51180555555555
L737:T2:I3358,737,T2,2025-09-16T10:41:00.000Z,42,42,38,0,4,0.9047619047619048,234.4451388888889
L737:T2:I3359,737,T2,2025-09-23T09:33:00.000Z,42,42,38,0,4,0.9047619047619048,241.39791666666667
L737:T2:I3356,737,T2,2026-03-27T13:21:00.000Z,58,58,56,0,2,0.9655172413793104,99.55625
L738:T0,738,T0,2025-12-22T00:00:00.000Z,10,10,9,0,1,0.9,119
L738:T1:I3360,738,T1,2025-12-22T13:51:20.000Z,11,11,10,0,1,0.9090909090909091,119.57731481481481
L738:T2:I3361,738,T2,2025-12-27T19:17:06.000Z,11,11,10,0,1,0.9090909090909091,124.80354166666666
L739:T0,739,T0,2026-03-02T00:00:00.000Z,71,71,68,0,3,0.9577464788732394,156
L739:T1:I3366,739,T1,2026-03-02T17:22:24.000Z,72,72,69,0,3,0.9583333333333334,156.7238888888889
L739:T2:I3368,739,T2,2026-03-04T07:04:12.000Z,72,72,69,0,3,0.9583333333333334,158.29458333333332
L739:T2:I3364,739,T2,2026-03-04T11:28:26.000Z,72,72,69,0,3,0.9583333333333334,158.47807870370372
L739:T2:I3367,739,T2,2026-03-07T10:16:09.000Z,73,73,71,0,2,0.9726027397260274,161.42788194444444
L739:T2:I3363,739,T2,2026-03-07T15:01:31.000Z,73,73,71,0,2,0.9726027397260274,161.62605324074073
L739:T2:I3362,739,T2,2026-03-07T20:31:21.000Z,73,73,71,0,2,0.9726027397260274,161.85510416666668
L739:T2:I3365,739,T2,2026-03-15T09:40:02.000Z,73,73,70,0,3,0.958904109589041,169.40280092592593
L740:T0,740,T0,2025-09-26T00:00:00.000Z,48,47,42,1,5,0.875,161
L740:T1:I3369,740,T1,2025-10-08T07:50:58.000Z,51,50,45,1,5,0.8823529411764706,173.3270601851852
L740:T2:I3370,740,T2,2025-10-08T14:13:23.000Z,51,50,45,1,5,0.8823529411764706,173.59262731481482
L741:T0,741,T0,2026-02-08T00:00:00.000Z,44,44,42,0,2,0.9545454545454546,100
L741:T1:I3377,741,T1,2026-02-08T16:25:29.000Z,45,45,43,0,2,0.9555555555555556,100.68436342592592
L741:T2:I3375,741,T2,2026-02-09T10:21:21.000Z,45,45,43,0,2,0.9555555555555556,101.43149305555555
L741:T2:I3376,741,T2,2026-02-11T10:43:11.000Z,45,45,43,0,2,0.9555555555555556,103.4466550925926
L741:T2:I3371,741,T2,2026-02-13T12:29:12.000Z,45,45,43,0,2,0.9555555555555556,105.52027777777778
L741:T2:I3372,741,T2,2026-02-20T13:27:28.000Z,46,46,44,0,2,0.9565217391304348,112.56074074074074
L741:T2:I3374,741,T2,2026-02-20T17:51:15.000Z,46,46,44,0,2,0.9565217391304348,112.74392361111111
L741:T2:I3373,741,T2,2026-02-20T18:42:39.000Z,46,46,44,0,2,0.9565217391304348,112.77961805555556
L741:T2:I3378,741,T2,2026-02-27T14:45:00.000Z,46,46,43,0,3,0.9347826086956522,119.61458333333333
L742:T0,742,T0,2026-02-04T00:00:00.000Z,116,116,110,0,6,0.9482758620689655,165
L742:T1:I3379,742,T1,2026-02-04T17:54:29.000Z,117,117,110,0,7,0.9401709401709402,165.74616898148147
L742:T2:I3381,742,T2,2026-02-06T16:09:43.000Z,118,118,109,0,9,0.923728813559322,167.67341435185185
L742:T2:I3386,742,T2,2026-02-08T19:52:02.000Z,118,118,110,0,8,0.9322033898305084,169.8278009259259
L742:T2:I3385,742,T2,2026-02-09T12:55:46.000Z,119,119,111,0,8,0.9327731092436975,170.53872685185186
L742:T2:I3382,742,T2,2026-02-13T10:15:08.000Z,121,121,111,0,10,0.9173553719008265,174.42717592592592
L742:T2:I3383,742,T2,2026-02-13T16:21:19.000Z,121,121,112,0,9,0.9256198347107438,174.6814699074074
L742:T2:I3384,742,T2,2026-02-17T14:52:40.000Z,124,124,117,0,7,0.9435483870967742,178.6199074074074
L742:T2:I3380,742,T2,2026-04-06T17:50:00.000Z,134,134,129,0,5,0.9626865671641791,193.74305555555554
L743:T0,743,T0,2026-01-13T00:00:00.000Z,20,20,20,0,0,1,64
L743:T1:I3387,743,T1,2026-01-19T13:20:00.000Z,21,21,21,0,0,1,70.55555555555556
L744:T0,744,T0,2025-06-26T00:00:00.000Z,48,45,38,3,7,0.7916666666666666,173
L744:T1:I3389,744,T1,2025-07-08T13:38:02.000Z,52,49,42,3,7,0.8076923076923077,185.5680787037037
L744:T2:I3388,744,T2,2026-02-15T08:36:00.000Z,80,80,79,0,1,0.9875,129.35833333333332
L745:T0,745,T0,2025-05-26T00:00:00.000Z,27,22,20,5,2,0.7407407407407407,112
L745:T1:I3390,745,T1,2025-06-06T07:08:02.000Z,28,22,20,6,2,0.7142857142857143,101.29724537037038
L745:T2:I3392,745,T2,2025-11-08T09:03:00.000Z,45,45,43,0,2,0.9555555555555556,108.37708333333333
L745:T2:I3391,745,T2,2026-01-16T19:20:00.000Z,49,49,47,0,2,0.9591836734693877,123.80555555555556
L746:T0,746,T0,2025-08-14T00:00:00.000Z,50,46,42,4,4,0.84,156
L746:T1:I3394,746,T1,2025-08-23T13:23:38.000Z,52,49,44,3,5,0.8461538461538461,165.5580787037037
L746:T2:I3395,746,T2,2025-09-21T09:09:00.000Z,54,53,46,1,7,0.8518518518518519,170.38125
L746:T2:I3396,746,T2,2025-10-12T17:16:00.000Z,58,57,46,1,11,0.7931034482758621,165.71944444444443
L746:T2:I3397,746,T2,2025-11-14T10:36:00.000Z,60,60,57,0,3,0.95,175.44166666666666
L746:T2:I3393,746,T2,2025-12-31T19:29:00.000Z,67,67,65,0,2,0.9701492537313433,114.81180555555555
L747:T0,747,T0,2026-06-26T00:00:00.000Z,82,82,78,0,4,0.9512195121951219,167
L747:T1:I3398,747,T1,2026-06-28T12:37:03.000Z,84,84,80,0,4,0.9523809523809523,169.52572916666668
L747:T2:I3399,747,T2,2026-06-29T14:32:59.000Z,84,84,80,0,4,0.9523809523809523,170.60623842592594
L748:T0,748,T0,2025-01-29T00:00:00.000Z,8,2,2,6,0,0.25,5
L748:T1:I3401,748,T1,2025-01-30T12:45:02.000Z,9,2,2,7,0,0.2222222222222222,6.5312731481481485
L748:T2:I3400,748,T2,2026-01-25T17:29:00.000Z,18,18,16,0,2,0.8888888888888888,145.72847222222222
L748:T2:I3402,748,T2,2026-04-22T14:09:00.000Z,20,20,18,0,2,0.9,113.58958333333334
L749:T0,749,T0,2025-07-02T00:00:00.000Z,18,15,13,3,2,0.7222222222222222,147
L749:T1:I3404,749,T1,2025-07-12T18:11:48.000Z,21,18,16,3,2,0.7619047619047619,157.75819444444446
L749:T2:I3403,749,T2,2025-07-15T18:16:08.000Z,21,18,16,3,2,0.7619047619047619,160.7612037037037
L750:T0,750,T0,2026-05-05T00:00:00.000Z,61,61,59,0,2,0.9672131147540983,122
L750:T1:I3406,750,T1,2026-05-07T15:07:00.000Z,62,62,60,0,2,0.967741935483871,124.62986111111111
L750:T2:I3405,750,T2,2026-05-07T17:56:03.000Z,62,62,60,0,2,0.967741935483871,124.74725694444444
L750:T2:I3411,750,T2,2026-05-08T17:49:26.000Z,61,61,59,0,2,0.9672131147540983,125.74266203703704
L750:T2:I3410,750,T2,2026-05-08T19:06:21.000Z,62,62,60,0,2,0.967741935483871,125.79607638888889
L750:T2:I3408,750,T2,2026-05-09T19:24:16.000Z,62,62,60,0,2,0.967741935483871,126.80851851851853
L750:T2:I3409,750,T2,2026-05-12T15:09:26.000Z,62,62,61,0,1,0.9838709677419355,101.63155092592592
L750:T2:I3412,750,T2,2026-05-24T19:54:00.000Z,63,63,62,0,1,0.9841269841269841,92.82916666666667
L750:T2:I3407,750,T2,2026-06-16T19:57:00.000Z,66,66,65,0,1,0.9848484848484849,115.83125
L751:T0,751,T0,2026-04-26T00:00:00.000Z,52,52,50,0,2,0.9615384615384616,128
L751:T1:I3413,751,T1,2026-04-26T19:48:16.000Z,53,53,51,0,2,0.9622641509433962,128.82518518518518
L751:T2:I3414,751,T2,2026-05-02T16:07:55.000Z,54,54,52,0,2,0.9629629629629629,134.67216435185185
L751:T2:I3415,751,T2,2026-05-04T11:53:22.000Z,54,54,52,0,2,0.9629629629629629,136.4953935185185
L751:T2:I3417,751,T2,2026-05-08T20:49:03.000Z,54,54,52,0,2,0.9629629629629629,140.86739583333335
L751:T2:I3416,751,T2,2026-05-14T17:01:00.000Z,54,54,53,0,1,0.9814814814814815,115.70902777777778
L752:T0,752,T0,2025-04-17T00:00:00.000Z,29,19,19,10,0,0.6551724137931034,87
L752:T1:I3422,752,T1,2025-04-17T09:35:42.000Z,30,20,20,10,0,0.6666666666666666,87.39979166666667
L752:T2:I3418,752,T2,2025-04-26T09:54:49.000Z,31,21,19,10,2,0.6129032258064516,96.41306712962962
L752:T2:I3420,752,T2,2025-04-30T08:00:37.000Z,32,21,19,11,2,0.59375,100.33376157407407
L752:T2:I3421,752,T2,2025-08-29T19:57:00.000Z,46,44,39,2,5,0.8478260869565217,155.83125
L752:T2:I3419,752,T2,2026-02-10T15:23:00.000Z,67,67,66,0,1,0.9850746268656716,169.64097222222222
L753:T0,753,T0,2025-04-09T00:00:00.000Z,32,19,18,13,1,0.5625,93
L753:T1:I3426,753,T1,2025-04-14T10:01:13.000Z,32,19,16,13,3,0.5,98.41751157407407
L753:T2:I3425,753,T2,2025-04-17T09:12:54.000Z,33,19,16,14,3,0.48484848484848486,101.38395833333334
L753:T2:I3423,753,T2,2025-07-23T10:19:00.000Z,41,36,33,5,3,0.8048780487804879,165.4298611111111
L753:T2:I3424,753,T2,2025-07-24T10:39:00.000Z,41,36,33,5,3,0.8048780487804879,166.44375
L754:T0,754,T0,2025-03-17T00:00:00.000Z,28,9,9,19,0,0.32142857142857145,51
L754:T1:I3430,754,T1,2025-03-23T17:30:33.000Z,29,11,11,18,0,0.3793103448275862,57.72954861111111
L754:T2:I3427,754,T2,2025-04-16T17:08:00.000Z,31,18,18,13,0,0.5806451612903226,81.71388888888889
L754:T2:I3429,754,T2,2025-10-25T13:46:00.000Z,44,43,37,1,6,0.8409090909090909,273.5736111111111
L754:T2:I3428,754,T2,2026-05-22T17:10:00.000Z,63,63,62,0,1,0.9841269841269841,90.71527777777777
L755:T0,755,T0,2025-07-25T00:00:00.000Z,54,52,48,2,4,0.8888888888888888,181
L755:T1:I3432,755,T1,2025-07-25T10:40:09.000Z,55,53,49,2,4,0.8909090909090909,181.44454861111112
L755:T2:I3431,755,T2,2025-10-03T13:18:00.000Z,62,62,53,0,9,0.8548387096774194,251.55416666666667
L756:T0,756,T0,2025-02-16T00:00:00.000Z,33,13,13,20,0,0.3939393939393939,38
L756:T1:I3436,756,T1,2025-11-11T20:51:00.000Z,76,76,72,0,4,0.9473684210526315,157.86875
L756:T2:I3435,756,T2,2025-12-31T14:25:00.000Z,87,87,80,0,7,0.9195402298850575,130.60069444444446
L756:T2:I3434,756,T2,2026-04-23T19:55:00.000Z,105,105,104,0,1,0.9904761904761905,210.82986111111111
L756:T2:I3433,756,T2,2026-06-25T19:46:00.000Z,110,110,107,0,3,0.9727272727272728,126.8236111111111
L757:T0,757,T0,2025-01-13T00:00:00.000Z,27,0,0,27,0,0,
L757:T1:I3442,757,T1,2025-01-17T12:53:29.000Z,28,2,2,26,0,0.07142857142857142,2.5371412037037038
L757:T2:I3439,757,T2,2025-01-20T20:34:10.000Z,28,4,4,24,0,0.14285714285714285,5.857060185185185
L757:T2:I3443,757,T2,2025-07-02T08:56:00.000Z,51,48,42,3,6,0.8235294117647058,166.37222222222223
L757:T2:I3444,757,T2,2025-08-29T20:53:00.000Z,61,60,55,1,5,0.9016393442622951,173.8701388888889
L757:T2:I3440,757,T2,2025-11-18T14:59:00.000Z,73,73,64,0,9,0.8767123287671232,152.62430555555557
L757:T2:I3438,757,T2,2026-02-25T20:47:00.000Z,89,89,87,0,2,0.9775280898876404,109.86597222222223
L757:T2:I3441,757,T2,2026-03-17T17:34:00.000Z,91,91,88,0,3,0.967032967032967,107.73194444444445
L757:T2:I3437,757,T2,2026-03-20T19:24:00.000Z,93,93,90,0,3,0.967741935483871,110.80833333333334
L758:T0,758,T0,2025-12-04T00:00:00.000Z,39,39,38,0,1,0.9743589743589743,96
L758:T1:I3445,758,T1,2025-12-05T09:35:22.000Z,40,40,39,0,1,0.975,97.39956018518518
L759:T0,759,T0,2025-02-24T00:00:00.000Z,12,3,3,9,0,0.25,13
L759:T1:I3447,759,T1,2025-02-27T17:44:36.000Z,13,4,4,9,0,0.3076923076923077,16.739305555555557
L759:T2:I3453,759,T2,2025-03-01T10:10:28.000Z,13,4,4,9,0,0.3076923076923077,18.423935185185186
L759:T2:I3446,759,T2,2025-03-04T09:21:33.000Z,14,5,5,9,0,0.35714285714285715,22.389965277777776
L759:T2:I3448,759,T2,2025-03-04T13:01:16.000Z,14,4,4,10,0,0.2857142857142857,21.542546296296297
L759:T2:I3451,759,T2,2025-03-05T07:16:14.000Z,14,5,5,9,0,0.35714285714285715,25.302939814814813
L759:T2:I3450,759,T2,2025-03-05T18:31:56.000Z,14,4,4,10,0,0.2857142857142857,22.772175925925925
L759:T2:I3452,759,T2,2025-06-19T07:28:00.000Z,20,19,15,1,4,0.75,126.31111111111112
L759:T2:I3449,759,T2,2025-08-14T16:10:00.000Z,24,23,18,1,5,0.75,169.67361111111111
L760:T0,760,T0,2025-09-26T00:00:00.000Z,24,24,23,0,1,0.9583333333333334,138
L760:T1:I3454,760,T1,2025-09-27T12:43:03.000Z,25,25,24,0,1,0.96,139.52989583333334
L760:T2:I3459,760,T2,2025-10-06T20:58:04.000Z,26,26,24,0,2,0.9230769230769231,148.87365740740742
L760:T2:I3457,760,T2,2025-10-28T11:10:00.000Z,27,27,25,0,2,0.9259259259259259,170.46527777777777
L760:T2:I3458,760,T2,2026-03-12T20:49:00.000Z,31,31,31,0,0,1,61.86736111111111
L760:T2:I3456,760,T2,2026-03-28T18:59:00.000Z,32,32,32,0,0,1,77.79097222222222
L760:T2:I3455,760,T2,2026-04-23T18:54:00.000Z,32,32,32,0,0,1,66.7875
L761:T0,761,T0,2025-09-01T00:00:00.000Z,47,46,43,1,3,0.9148936170212766,106
L761:T1:I3463,761,T1,2025-09-01T08:32:31.000Z,47,46,43,1,3,0.9148936170212766,106.35591435185185
L761:T2:I3464,761,T2,2025-09-02T17:33:53.000Z,48,47,43,1,4,0.8958333333333334,139.73186342592592
L761:T2:I3467,761,T2,2025-09-03T14:16:32.000Z,48,47,43,1,4,0.8958333333333334,115.59481481481481
L761:T2:I3462,761,T2,2025-09-04T19:37:34.000Z,48,48,45,0,3,0.9375,109.81775462962963
L761:T2:I3465,761,T2,2025-09-08T17:49:05.000Z,49,49,45,0,4,0.9183673469387755,113.74241898148148
L761:T2:I3461,761,T2,2025-09-12T13:41:16.000Z,50,50,46,0,4,0.92,117.57032407407408
L761:T2:I3460,761,T2,2025-09-14T18:13:14.000Z,51,51,48,0,3,0.9411764705882353,119.75918981481482
L761:T2:I3466,761,T2,2025-12-12T11:09:00.000Z,60,60,54,0,6,0.9,147.46458333333334
L762:T0,762,T0,2025-11-13T00:00:00.000Z,22,21,20,1,1,0.9090909090909091,156
L762:T1:I3468,762,T1,2025-11-13T14:25:44.000Z,23,22,21,1,1,0.9130434782608695,156.6012037037037
L762:T2:I3469,762,T2,2025-11-17T12:26:42.000Z,23,22,21,1,1,0.9130434782608695,160.51854166666666
L762:T2:I3470,762,T2,2026-02-01T10:19:00.000Z,24,24,23,0,1,0.9583333333333334,236.4298611111111
L763:T0,763,T0,2026-03-26T00:00:00.000Z,71,71,68,0,3,0.9577464788732394,116
L763:T1:I3471,763,T1,2026-04-03T11:07:19.000Z,72,72,68,0,4,0.9444444444444444,109.46341435185185
L763:T2:I3472,763,T2,2026-04-04T15:19:50.000Z,72,72,68,0,4,0.9444444444444444,110.63877314814815
L764:T0,764,T0,2025-06-29T00:00:00.000Z,70,59,54,11,5,0.7714285714285715,155
L764:T1:I3474,764,T1,2025-06-30T11:53:51.000Z,72,60,55,12,5,0.7638888888888888,156.49572916666668
L764:T2:I3478,764,T2,2025-07-01T08:37:25.000Z,71,61,56,10,5,0.7887323943661971,157.35931712962963
L764:T2:I3476,764,T2,2025-07-01T18:01:23.000Z,72,62,57,10,5,0.7916666666666666,157.75096064814815
L764:T2:I3477,764,T2,2025-07-04T15:44:44.000Z,74,66,60,8,6,0.8108108108108109,160.6560648148148
L764:T2:I3475,764,T2,2025-07-11T08:39:00.000Z,75,70,65,5,5,0.8666666666666667,167.36041666666668
L764:T2:I3473,764,T2,2025-07-18T10:59:00.000Z,76,74,68,2,6,0.8947368421052632,174.45763888888888
L765:T0,765,T0,2026-01-01T00:00:00.000Z,28,28,28,0,0,1,90
L765:T1:I3484,765,T1,2026-01-01T07:12:40.000Z,29,29,28,0,1,0.9655172413793104,90.30046296296297
L765:T2:I3485,765,T2,2026-01-01T19:19:11.000Z,29,29,27,0,2,0.9310344827586207,112.80498842592593
L765:T2:I3481,765,T2,2026-01-02T08:30:24.000Z,29,29,28,0,1,0.9655172413793104,91.35444444444444
L765:T2:I3486,765,T2,2026-01-02T12:16:12.000Z,28,28,27,0,1,0.9642857142857143,91.51125
L765:T2:I3480,765,T2,2026-01-02T12:32:10.000Z,29,29,28,0,1,0.9655172413793104,91.52233796296296
L765:T2:I3482,765,T2,2026-01-06T11:29:39.000Z,31,31,30,0,1,0.967741935483871,95.47892361111111
L765:T2:I3483,765,T2,2026-01-12T16:25:45.000Z,31,31,30,0,1,0.967741935483871,101.68454861111111
L765:T2:I3479,765,T2,2026-03-11T17:28:00.000Z,31,31,30,0,1,0.967741935483871,116.72777777777777
L766:T0,766,T0,2026-02-12T00:00:00.000Z,86,86,83,0,3,0.9651162790697675,153
L766:T1:I3488,766,T1,2026-02-14T12:05:32.000Z,87,87,82,0,5,0.9425287356321839,155.5038425925926
L766:T2:I3492,766,T2,2026-02-14T15:38:57.000Z,87,87,83,0,4,0.9540229885057471,155.6520486111111
L766:T2:I3493,766,T2,2026-02-18T09:17:52.000Z,89,89,85,0,4,0.9550561797752809,159.3874074074074
L766:T2:I3491,766,T2,2026-02-21T20:51:17.000Z,89,89,84,0,5,0.9438202247191011,162.86894675925927
L766:T2:I3489,766,T2,2026-02-23T13:28:08.000Z,89,89,85,0,4,0.9550561797752809,164.5612037037037
L766:T2:I3487,766,T2,2026-03-20T10:59:00.000Z,92,92,89,0,3,0.967391304347826,110.4576388888889
L766:T2:I3490,766,T2,2026-04-28T18:15:00.000Z,96,96,93,0,3,0.96875,133.76041666666666
L767:T0,767,T0,2025-11-10T00:00:00.000Z,25,25,24,0,1,0.96,93
L767:T1:I3496,767,T1,2025-11-12T15:48:35.000Z,26,26,25,0,1,0.9615384615384616,95.65873842592593
L767:T2:I3498,767,T2,2025-11-14T20:56:55.000Z,26,26,25,0,1,0.9615384615384616,97.8728587962963
L767:T2:I3494,767,T2,2025-11-17T17:46:02.000Z,26,26,25,0,1,0.9615384615384616,100.74030092592592
L767:T2:I3495,767,T2,2025-11-23T19:27:44.000Z,27,27,25,0,2,0.9259259259259259,92.81092592592593
L767:T2:I3497,767,T2,2026-02-01T19:49:00.000Z,35,35,33,0,2,0.9428571428571428,160.82569444444445
L768:T0,768,T0,2025-08-12T00:00:00.000Z,13,13,11,0,2,0.8461538461538461,190
L768:T1:I3499,768,T1,2025-08-13T18:41:41.000Z,13,13,11,0,2,0.8461538461538461,191.77894675925927
L768:T2:I3500,768,T2,2025-08-16T12:32:04.000Z,14,14,11,0,3,0.7857142857142857,194.52226851851853
L768:T2:I3504,768,T2,2025-08-19T20:58:01.000Z,14,14,11,0,3,0.7857142857142857,197.87362268518518
L768:T2:I3501,768,T2,2025-08-21T08:32:57.000Z,13,13,11,0,2,0.8461538461538461,199.35621527777778
L768:T2:I3502,768,T2,2025-08-23T19:25:12.000Z,14,14,12,0,2,0.8571428571428571,201.80916666666667
L768:T2:I3503,768,T2,2025-10-16T09:52:00.000Z,16,16,14,0,2,0.875,255.4111111111111
L769:T0,769,T0,2025-01-08T00:00:00.000Z,29,0,0,29,0,0,
L769:T1:I3506,769,T1,2025-01-08T07:01:17.000Z,30,0,0,30,0,0,
L769:T2:I3505,769,T2,2025-05-09T13:04:00.000Z,45,31,29,14,2,0.6444444444444445,104.54444444444445
L769:T2:I3507,769,T2,2026-05-01T13:19:00.000Z,105,105,103,0,2,0.9809523809523809,218.5548611111111
L770:T0,770,T0,2025-05-13T00:00:00.000Z,39,18,18,21,0,0.46153846153846156,71
L770:T1:I3515,770,T1,2025-05-13T15:43:34.000Z,40,18,18,22,0,0.45,71.65525462962962
L770:T2:I3514,770,T2,2025-05-14T14:49:58.000Z,40,19,19,21,0,0.475,72.61803240740741
L770:T2:I3508,770,T2,2025-05-26T11:58:50.000Z,40,20,20,20,0,0.5,84.49918981481481
L770:T2:I3512,770,T2,2025-09-12T19:12:00.000Z,52,48,45,4,3,0.8653846153846154,127.8
L770:T2:I3509,770,T2,2026-01-02T11:58:00.000Z,57,57,53,0,4,0.9298245614035088,118.49861111111112
L770:T2:I3511,770,T2,2026-02-03T08:10:00.000Z,60,60,57,0,3,0.95,147.34027777777777
L770:T2:I3513,770,T2,2026-03-24T16:13:00.000Z,66,66,63,0,3,0.9545454545454546,144.67569444444445
L770:T2:I3510,770,T2,2026-04-20T13:00:00.000Z,69,69,69,0,0,1,89.54166666666667
L771:T0,771,T0,2026-03-31T00:00:00.000Z,38,38,38,0,0,1,87
L771:T1:I3516,771,T1,2026-04-07T14:28:06.000Z,39,39,38,0,1,0.9743589743589743,94.60284722222222
L771:T2:I3517,771,T2,2026-04-07T15:14:10.000Z,39,39,38,0,1,0.9743589743589743,94.63483796296296
L772:T0,772,T0,2025-08-25T00:00:00.000Z,13,13,11,0,2,0.8461538461538461,110
L772:T1:I3518,772,T1,2025-08-27T18:31:28.000Z,14,13,11,1,2,0.7857142857142857,112.77185185185185
L773:T0,773,T0,2025-06-27T00:00:00.000Z,63,56,48,7,8,0.7619047619047619,174
L773:T1:I3520,773,T1,2025-06-29T10:52:21.000Z,64,57,48,7,9,0.75,176.45302083333334
L773:T2:I3522,773,T2,2025-07-08T12:47:25.000Z,69,62,55,7,7,0.7971014492753623,185.53292824074074
L773:T2:I3519,773,T2,2025-07-10T15:52:19.000Z,69,62,55,7,7,0.7971014492753623,187.66133101851852
L773:T2:I3521,773,T2,2025-10-18T12:49:00.000Z,83,81,73,2,8,0.8795180722891566,132.53402777777777
L773:T2:I3525,773,T2,2026-04-05T15:05:00.000Z,118,118,113,0,5,0.9576271186440678,118.62847222222223
L773:T2:I3523,773,T2,2026-05-08T14:52:00.000Z,129,129,125,0,4,0.9689922480620154,111.61944444444444
L773:T2:I3524,773,T2,2026-06-17T11:59:00.000Z,138,138,135,0,3,0.9782608695652174,133.49930555555557
L774:T0,774,T0,2026-05-15T00:00:00.000Z,53,53,52,0,1,0.9811320754716981,101
L774:T1:I3526,774,T1,2026-05-18T09:34:06.000Z,53,53,52,0,1,0.9811320754716981,104.39868055555556
L774:T2:I3528,774,T2,2026-05-23T12:06:51.000Z,55,55,52,0,3,0.9454545454545454,109.50475694444444
L774:T2:I3529,774,T2,2026-05-28T17:45:34.000Z,56,56,52,0,4,0.9285714285714286,114.73997685185185
L774:T2:I3527,774,T2,2026-05-28T20:18:54.000Z,56,56,52,0,4,0.9285714285714286,114.84645833333333
L775:T0,775,T0,2025-10-28T00:00:00.000Z,36,36,33,0,3,0.9166666666666666,131
L775:T1:I3531,775,T1,2025-11-04T16:37:44.000Z,37,37,35,0,2,0.9459459459459459,138.69287037037037
L775:T2:I3530,775,T2,2025-11-05T16:24:58.000Z,36,36,33,0,3,0.9166666666666666,139.68400462962964
L776:T0,776,T0,2026-06-11T00:00:00.000Z,48,48,45,0,3,0.9375,206
L776:T1:I3538,776,T1,2026-06-13T14:39:10.000Z,49,49,45,0,4,0.9183673469387755,208.61053240740742
L776:T2:I3533,776,T2,2026-06-14T10:46:13.000Z,49,49,46,0,3,0.9387755102040817,209.44876157407407
L776:T2:I3535,776,T2,2026-06-17T07:30:31.000Z,49,49,46,0,3,0.9387755102040817,212.3128587962963
L776:T2:I3537,776,T2,2026-06-20T18:11:10.000Z,49,49,46,0,3,0.9387755102040817,215.75775462962963
L776:T2:I3532,776,T2,2026-06-21T16:55:38.000Z,49,49,46,0,3,0.9387755102040817,216.70530092592594
L776:T2:I3534,776,T2,2026-06-22T20:13:39.000Z,49,49,46,0,3,0.9387755102040817,217.8428125
L776:T2:I3536,776,T2,2026-06-30T12:23:00.000Z,49,49,47,0,2,0.9591836734693877,151.51597222222222
L777:T0,777,T0,2026-03-25T00:00:00.000Z,51,51,50,0,1,0.9803921568627451,96
L777:T1:I3545,777,T1,2026-03-30T12:46:36.000Z,52,52,50,0,2,0.9615384615384616,101.53236111111111
L777:T2:I3542,777,T2,2026-04-03T18:43:40.000Z,52,52,51,0,1,0.9807692307692307,105.78032407407407
L777:T2:I3543,777,T2,2026-04-04T07:18:28.000Z,52,52,51,0,1,0.9807692307692307,106.30449074074075
L777:T2:I3540,777,T2,2026-04-04T07:44:41.000Z,52,52,50,0,2,0.9615384615384616,117.32269675925926
L777:T2:I3539,777,T2,2026-04-07T14:51:01.000Z,52,52,51,0,1,0.9807692307692307,109.61876157407407
L777:T2:I3541,777,T2,2026-04-07T19:12:49.000Z,52,52,51,0,1,0.9807692307692307,109.80056712962963
L777:T2:I3544,777,T2,2026-06-24T10:08:00.000Z,60,60,60,0,0,1,82.42222222222222
L778:T0,778,T0,2025-04-18T00:00:00.000Z,5,4,4,1,0,0.8,73
L778:T1:I3547,778,T1,2025-06-10T09:14:00.000Z,7,7,6,0,1,0.8571428571428571,97.38472222222222
L778:T2:I3548,778,T2,2025-09-03T19:35:00.000Z,10,10,8,0,2,0.8,182.81597222222223
L778:T2:I3546,778,T2,2026-04-04T12:35:00.000Z,15,15,14,0,1,0.9333333333333333,96.52430555555556
L779:T0,779,T0,2025-01-29T00:00:00.000Z,5,0,0,5,0,0,
L779:T1:I3554,779,T1,2025-06-02T15:03:00.000Z,11,7,7,4,0,0.6363636363636364,86.62708333333333
L779:T2:I3552,779,T2,2025-09-12T14:25:00.000Z,16,15,14,1,1,0.875,105.60069444444444
L779:T2:I3553,779,T2,2026-01-06T16:52:00.000Z,23,23,22,0,1,0.9565217391304348,93.70277777777778
L779:T2:I3549,779,T2,2026-01-07T17:32:00.000Z,23,23,22,0,1,0.9565217391304348,94.73055555555555
L779:T2:I3550,779,T2,2026-03-28T14:20:00.000Z,27,27,26,0,1,0.9629629629629629,97.59722222222223
L779:T2:I3551,779,T2,2026-06-21T17:33:00.000Z,32,32,29,0,3,0.90625,110.73125
L780:T0,780,T0,2025-01-11T00:00:00.000Z,23,2,2,21,0,0.08695652173913043,3
L780:T1:I3555,780,T1,2025-01-13T18:10:48.000Z,24,2,2,22,0,0.08333333333333333,5.7575
L780:T2:I3559,780,T2,2025-01-17T20:05:20.000Z,24,3,3,21,0,0.125,9.837037037037037
L780:T2:I3560,780,T2,2025-06-07T11:55:00.000Z,45,33,29,12,4,0.6444444444444445,133.49652777777777
L780:T2:I3557,780,T2,2026-02-03T16:26:00.000Z,74,74,68,0,6,0.918918918918919,164.68472222222223
L780:T2:I3556,780,T2,2026-05-14T11:31:00.000Z,90,90,88,0,2,0.9777777777777777,231.47986111111112
L780:T2:I3558,780,T2,2026-06-20T14:44:00.000Z,92,92,87,0,5,0.9456521739130435,121.6138888888889
L781:T0,781,T0,2025-06-22T00:00:00.000Z,26,20,19,6,1,0.7307692307692307,92
L781:T1:I3561,781,T1,2025-06-22T17:30:00.000Z,27,21,20,6,1,0.7407407407407407,92.72916666666667
L781:T2:I3567,781,T2,2025-06-30T15:39:04.000Z,29,25,23,4,2,0.7931034482758621,100.65212962962963
L781:T2:I3565,781,T2,2025-08-02T15:13:00.000Z,33,30,27,3,3,0.8181818181818182,133.6340277777778
L781:T2:I3566,781,T2,2025-08-15T20:09:00.000Z,35,33,29,2,4,0.8285714285714286,146.83958333333334
L781:T2:I3563,781,T2,2025-10-04T18:09:00.000Z,39,39,35,0,4,0.8974358974358975,196.75625
L781:T2:I3562,781,T2,2025-11-22T17:20:00.000Z,41,41,36,0,5,0.8780487804878049,125.72222222222223
L781:T2:I3568,781,T2,2025-11-25T20:48:00.000Z,41,41,35,0,6,0.8536585365853658,128.86666666666667
L781:T2:I3564,781,T2,2026-02-02T16:41:00.000Z,45,45,42,0,3,0.9333333333333333,140.6951388888889
L782:T0,782,T0,2026-04-13T00:00:00.000Z,53,53,50,0,3,0.9433962264150944,143
L782:T1:I3571,782,T1,2026-04-16T18:19:35.000Z,54,54,51,0,3,0.9444444444444444,146.76359953703704
L782:T2:I3569,782,T2,2026-04-22T16:52:47.000Z,56,56,53,0,3,0.9464285714285714,104.70332175925925
L782:T2:I3570,782,T2,2026-04-25T12:54:25.000Z,56,56,53,0,3,0.9464285714285714,107.53778935185186
L782:T2:I3572,782,T2,2026-04-25T15:16:19.000Z,56,56,53,0,3,0.9464285714285714,107.63633101851852
L783:T0,783,T0,2026-06-05T00:00:00.000Z,92,92,86,0,6,0.9347826086956522,142
L783:T1:I3573,783,T1,2026-06-07T14:53:26.000Z,94,94,89,0,5,0.9468085106382979,144.6204398148148
L783:T2:I3575,783,T2,2026-06-08T08:01:44.000Z,95,95,90,0,5,0.9473684210526315,145.33453703703702
L783:T2:I3577,783,T2,2026-06-09T08:42:50.000Z,96,96,91,0,5,0.9479166666666666,146.3630787037037
L783:T2:I3574,783,T2,2026-06-10T10:26:18.000Z,97,97,93,0,4,0.9587628865979382,147.43493055555555
L783:T2:I3576,783,T2,2026-06-11T10:27:59.000Z,97,97,93,0,4,0.9587628865979382,148.43609953703702
L783:T2:I3578,783,T2,2026-06-11T15:38:13.000Z,96,96,92,0,4,0.9583333333333334,148.65153935185185
L783:T2:I3579,783,T2,2026-06-13T20:15:45.000Z,97,97,94,0,3,0.9690721649484536,150.84427083333333
L784:T0,784,T0,2026-06-05T00:00:00.000Z,30,30,30,0,0,1,81
L784:T1:I3585,784,T1,2026-06-05T19:51:41.000Z,30,30,30,0,0,1,81.82755787037037
L784:T2:I3581,784,T2,2026-06-10T13:08:32.000Z,31,31,31,0,0,1,86.5475925925926
L784:T2:I3580,784,T2,2026-06-14T16:58:02.000Z,31,31,30,0,1,0.967741935483871,90.70696759259259
L784:T2:I3584,784,T2,2026-06-16T07:25:09.000Z,31,31,30,0,1,0.967741935483871,92.30913194444445
L784:T2:I3583,784,T2,2026-06-16T09:30:31.000Z,31,31,30,0,1,0.967741935483871,92.39619212962963
L784:T2:I3582,784,T2,2026-06-28T07:17:00.000Z,31,31,31,0,0,1,87.30347222222223
L785:T0,785,T0,2025-02-22T00:00:00.000Z,18,7,7,11,0,0.3888888888888889,22
L785:T1:I3586,785,T1,2026-03-27T11:43:00.000Z,49,49,48,0,1,0.9795918367346939,93.48819444444445
L786:T0,786,T0,2026-01-06T00:00:00.000Z,15,15,13,0,2,0.8666666666666667,134
L786:T1:I3588,786,T1,2026-01-14T15:31:01.000Z,15,15,14,0,1,0.9333333333333333,142.64653935185186
L786:T2:I3587,786,T2,2026-05-12T10:19:00.000Z,17,17,16,0,1,0.9411764705882353,148.4298611111111
L786:T2:I3589,786,T2,2026-06-02T19:52:00.000Z,18,18,18,0,0,1,47.827777777777776
L787:T0,787,T0,2025-07-19T00:00:00.000Z,28,27,26,1,1,0.9285714285714286,115
L787:T1:I3591,787,T1,2025-07-22T15:22:01.000Z,29,28,27,1,1,0.9310344827586207,118.64028935185185
L787:T2:I3590,787,T2,2025-09-24T13:18:00.000Z,34,34,29,0,5,0.8529411764705882,134.55416666666667
L788:T0,788,T0,2025-02-15T00:00:00.000Z,11,5,5,6,0,0.45454545454545453,22
L788:T1:I3592,788,T1,2025-04-26T15:42:00.000Z,17,12,12,5,0,0.7058823529411765,80.65416666666667
L788:T2:I3593,788,T2,2026-02-13T09:00:00.000Z,29,29,27,0,2,0.9310344827586207,129.375
L789:T0,789,T0,2026-05-06T00:00:00.000Z,52,52,49,0,3,0.9423076923076923,113
L789:T1:I3594,789,T1,2026-05-19T07:48:33.000Z,53,53,51,0,2,0.9622641509433962,121.32538194444444
L790:T0,790,T0,2025-09-03T00:00:00.000Z,23,23,20,0,3,0.8695652173913043,189
L790:T1:I3595,790,T1,2026-05-04T15:57:00.000Z,33,33,31,0,2,0.9393939393939394,168.66458333333333
L791:T0,791,T0,2025-03-07T00:00:00.000Z,12,3,3,9,0,0.25,53
L791:T1:I3596,791,T1,2025-05-12T08:08:00.000Z,15,10,8,5,2,0.5333333333333333,119.33888888888889
L791:T2:I3597,791,T2,2025-11-10T20:59:00.000Z,19,18,17,1,1,0.8947368421052632,121.87430555555555
L792:T0,792,T0,2025-08-31T00:00:00.000Z,17,17,15,0,2,0.8823529411764706,117
L792:T1:I3598,792,T1,2025-09-15T15:33:00.000Z,21,20,17,1,3,0.8095238095238095,132.64791666666667
L793:T0,793,T0,2026-01-09T00:00:00.000Z,13,13,12,0,1,0.9230769230769231,137
L793:T1:I3605,793,T1,2026-01-09T18:02:18.000Z,14,14,13,0,1,0.9285714285714286,137.75159722222222
L793:T2:I3601,793,T2,2026-01-13T19:42:19.000Z,15,15,14,0,1,0.9333333333333333,141.82105324074075
L793:T2:I3602,793,T2,2026-01-16T10:21:42.000Z,15,15,14,0,1,0.9333333333333333,144.43173611111112
L793:T2:I3604,793,T2,2026-01-17T19:12:15.000Z,15,15,15,0,0,1,57.80017361111111
L793:T2:I3606,793,T2,2026-01-20T10:15:40.000Z,15,15,15,0,0,1,60.4275462962963
L793:T2:I3603,793,T2,2026-01-21T14:44:48.000Z,15,15,15,0,0,1,61.614444444444445
L793:T2:I3599,793,T2,2026-04-17T11:27:00.000Z,17,17,17,0,0,1,72.47708333333334
L793:T2:I3600,793,T2,2026-06-13T16:43:00.000Z,19,19,19,0,0,1,42.696527777777774
L794:T0,794,T0,2025-10-07T00:00:00.000Z,49,49,45,0,4,0.9183673469387755,191
L794:T1:I3608,794,T1,2025-12-16T09:02:00.000Z,63,63,59,0,4,0.9365079365079365,122.37638888888888
L794:T2:I3607,794,T2,2026-05-04T13:00:00.000Z,79,79,79,0,0,1,76.54166666666667
L795:T0,795,T0,2026-01-12T00:00:00.000Z,57,57,52,0,5,0.9122807017543859,158
L795:T1:I3609,795,T1,2026-01-13T07:55:18.000Z,58,58,54,0,4,0.9310344827586207,155.33006944444443
L795:T2:I3612,795,T2,2026-01-13T19:49:49.000Z,58,58,54,0,4,0.9310344827586207,155.82626157407407
L795:T2:I3610,795,T2,2026-01-15T08:00:05.000Z,58,58,54,0,4,0.9310344827586207,157.3333912037037
L795:T2:I3611,795,T2,2026-01-22T17:11:57.000Z,60,60,54,0,6,0.9,164.71663194444446
L796:T0,796,T0,2025-08-11T00:00:00.000Z,22,22,17,0,5,0.7727272727272727,166
L796:T1:I3616,796,T1,2025-08-13T19:22:56.000Z,24,24,19,0,5,0.7916666666666666,168.80759259259258
L796:T2:I3615,796,T2,2025-08-19T07:22:20.000Z,24,24,19,0,5,0.7916666666666666,174.30717592592592
L796:T2:I3614,796,T2,2025-08-19T12:46:08.000Z,24,24,19,0,5,0.7916666666666666,174.53203703703704
L796:T2:I3617,796,T2,2025-08-21T18:33:15.000Z,24,24,19,0,5,0.7916666666666666,176.77309027777778
L796:T2:I3613,796,T2,2025-10-27T16:07:00.000Z,24,24,22,0,2,0.9166666666666666,143.67152777777778
L797:T0,797,T0,2025-05-13T00:00:00.000Z,12,9,8,3,1,0.6666666666666666,122
L797:T1:I3625,797,T1,2025-05-13T11:19:08.000Z,13,9,8,4,1,0.6153846153846154,122.47162037037037
L797:T2:I3624,797,T2,2025-05-16T17:57:31.000Z,13,9,8,4,1,0.6153846153846154,125.74827546296297
L797:T2:I3623,797,T2,2025-05-17T12:27:32.000Z,13,10,9,3,1,0.6923076923076923,126.51912037037037
L797:T2:I3622,797,T2,2025-05-18T11:09:00.000Z,13,9,8,4,1,0.6153846153846154,127.46458333333334
L797:T2:I3619,797,T2,2025-05-18T14:56:10.000Z,13,10,9,3,1,0.6923076923076923,127.62233796296296
L797:T2:I3618,797,T2,2025-05-20T11:35:37.000Z,14,11,10,3,1,0.7142857142857143,129.48306712962963
L797:T2:I3620,797,T2,2025-12-19T18:44:00.000Z,20,20,19,0,1,0.95,116.78055555555555
L797:T2:I3621,797,T2,2026-02-10T18:48:00.000Z,22,22,22,0,0,1,70.78333333333333
L798:T0,798,T0,2025-12-08T00:00:00.000Z,27,26,25,1,1,0.9259259259259259,149
L798:T1:I3628,798,T1,2025-12-10T13:49:00.000Z,28,27,26,1,1,0.9285714285714286,151.57569444444445
L798:T2:I3627,798,T2,2025-12-14T07:10:15.000Z,28,27,25,1,2,0.8928571428571429,155.29878472222222
L798:T2:I3626,798,T2,2026-04-04T09:42:00.000Z,34,34,33,0,1,0.9705882352941176,104.40416666666667
L798:T2:I3629,798,T2,2026-06-24T12:42:00.000Z,37,37,37,0,0,1,69.52916666666667
L799:T0,799,T0,2025-03-21T00:00:00.000Z,7,3,3,4,0,0.42857142857142855,20
L799:T1:I3630,799,T1,2025-12-22T14:37:00.000Z,20,20,18,0,2,0.9,150.60902777777778
L800:T0,800,T0,2025-08-25T00:00:00.000Z,11,11,7,0,4,0.6363636363636364,140
L800:T1:I3631,800,T1,2025-08-30T20:24:55.000Z,12,12,8,0,4,0.6666666666666666,129.8506365740741
L800:T2:I3632,800,T2,2025-09-01T13:29:37.000Z,12,12,9,0,3,0.75,122.5622337962963
L800:T2:I3633,800,T2,2025-09-05T13:23:24.000Z,12,12,9,0,3,0.75,126.55791666666667
L800:T2:I3634,800,T2,2026-01-19T08:17:00.000Z,14,14,14,0,0,1,59.34513888888889
L801:T0,801,T0,2026-02-19T00:00:00.000Z,23,23,21,0,2,0.9130434782608695,95
L801:T1:I3637,801,T1,2026-02-19T11:13:39.000Z,24,24,22,0,2,0.9166666666666666,95.4678125
L801:T2:I3641,801,T2,2026-02-20T13:14:57.000Z,24,24,23,0,1,0.9583333333333334,92.5520486111111
L801:T2:I3639,801,T2,2026-02-20T17:47:38.000Z,24,24,23,0,1,0.9583333333333334,92.74141203703704
L801:T2:I3636,801,T2,2026-02-21T12:39:16.000Z,24,24,23,0,1,0.9583333333333334,93.52726851851853
L801:T2:I3640,801,T2,2026-02-25T19:43:30.000Z,24,24,23,0,1,0.9583333333333334,97.821875
L801:T2:I3635,801,T2,2026-03-01T10:27:36.000Z,25,25,24,0,1,0.96,101.43583333333333
L801:T2:I3638,801,T2,2026-03-04T17:48:45.000Z,25,25,25,0,0,1,78.7421875
L802:T0,802,T0,2025-03-14T00:00:00.000Z,12,2,2,10,0,0.16666666666666666,21
L802:T1:I3643,802,T1,2025-03-27T11:43:58.000Z,13,4,4,9,0,0.3076923076923077,34.48886574074074
L802:T2:I3647,802,T2,2025-04-02T15:11:00.000Z,13,6,6,7,0,0.46153846153846156,40.63263888888889
L802:T2:I3645,802,T2,2025-04-13T14:59:00.000Z,14,9,9,5,0,0.6428571428571429,51.62430555555556
L802:T2:I3642,802,T2,2025-05-11T16:07:00.000Z,15,11,11,4,0,0.7333333333333333,33.671527777777776
L802:T2:I3646,802,T2,2025-06-30T09:58:00.000Z,18,16,16,2,0,0.8888888888888888,74.41527777777777
L802:T2:I3644,802,T2,2026-03-28T12:16:00.000Z,36,36,35,0,1,0.9722222222222222,102.5111111111111
L802:T2:I3648,802,T2,2026-05-08T13:16:00.000Z,40,40,37,0,3,0.925,100.55277777777778
L803:T0,803,T0,2025-05-05T00:00:00.000Z,59,39,36,20,3,0.6101694915254238,100
L803:T1:I3651,803,T1,2025-05-06T09:10:25.000Z,60,40,37,20,3,0.6166666666666667,101.38223379629629
L803:T2:I3650,803,T2,2025-05-12T15:57:16.000Z,61,41,38,20,3,0.6229508196721312,107.66476851851851
L803:T2:I3649,803,T2,2025-05-18T16:44:33.000Z,62,45,41,17,4,0.6612903225806451,113.69760416666666
L803:T2:I3652,803,T2,2025-08-05T14:55:00.000Z,80,78,71,2,7,0.8875,192.62152777777777
L804:T0,804,T0,2025-06-01T00:00:00.000Z,11,8,6,3,2,0.5454545454545454,119
L804:T1:I3655,804,T1,2025-06-03T16:46:25.000Z,12,9,7,3,2,0.5833333333333334,121.69890046296297
L804:T2:I3654,804,T2,2025-06-04T11:40:54.000Z,12,9,7,3,2,0.5833333333333334,122.48673611111111
L804:T2:I3653,804,T2,2026-06-20T11:40:00.000Z,36,36,36,0,0,1,76.48611111111111
L805:T0,805,T0,2026-03-02T00:00:00.000Z,46,46,44,0,2,0.9565217391304348,189
L805:T1:I3657,805,T1,2026-03-04T07:18:46.000Z,46,46,44,0,2,0.9565217391304348,191.30469907407408
L805:T2:I3656,805,T2,2026-03-09T12:30:06.000Z,48,48,46,0,2,0.9583333333333334,196.5209027777778
L805:T2:I3658,805,T2,2026-03-10T15:21:01.000Z,48,48,46,0,2,0.9583333333333334,197.6395949074074
L805:T2:I3659,805,T2,2026-03-23T17:25:00.000Z,48,48,48,0,0,1,88.72569444444444
L806:T0,806,T0,2025-01-21T00:00:00.000Z,9,0,0,9,0,0,
L806:T1:I3663,806,T1,2025-01-27T12:53:37.000Z,12,0,0,12,0,0,
L806:T2:I3664,806,T2,2025-06-03T18:14:00.000Z,16,14,14,2,0,0.875,56.75972222222222
L806:T2:I3660,806,T2,2025-11-07T08:20:00.000Z,31,31,30,0,1,0.967741935483871,96.34722222222223
L806:T2:I3661,806,T2,2025-12-05T16:45:00.000Z,31,31,29,0,2,0.9354838709677419,92.69791666666667
L806:T2:I3662,806,T2,2026-06-09T09:49:00.000Z,43,43,41,0,2,0.9534883720930233,132.40902777777777
L807:T0,807,T0,2026-05-11T00:00:00.000Z,31,31,31,0,0,1,73
L807:T1:I3669,807,T1,2026-05-12T11:20:45.000Z,32,32,32,0,0,1,74.47274305555555
L807:T2:I3665,807,T2,2026-05-12T20:43:09.000Z,32,32,32,0,0,1,74.8632986111111
L807:T2:I3670,807,T2,2026-05-13T10:28:11.000Z,32,32,32,0,0,1,75.43623842592592
L807:T2:I3668,807,T2,2026-05-14T09:50:06.000Z,31,31,31,0,0,1,76.40979166666666
L807:T2:I3667,807,T2,2026-05-22T09:04:54.000Z,32,32,32,0,0,1,84.37840277777778
L807:T2:I3666,807,T2,2026-05-23T15:42:36.000Z,32,32,32,0,0,1,85.65458333333333
L808:T0,808,T0,2025-10-16T00:00:00.000Z,28,28,26,0,2,0.9285714285714286,203
L808:T1:I3673,808,T1,2025-10-19T15:51:26.000Z,29,29,28,0,1,0.9655172413793104,206.6607175925926
L808:T2:I3672,808,T2,2025-10-22T15:02:05.000Z,30,30,28,0,2,0.9333333333333333,209.62644675925927
L808:T2:I3674,808,T2,2025-10-23T17:57:28.000Z,30,30,28,0,2,0.9333333333333333,210.74824074074073
L808:T2:I3675,808,T2,2025-10-24T17:01:23.000Z,30,30,28,0,2,0.9333333333333333,211.7092939814815
L808:T2:I3671,808,T2,2025-10-25T12:12:37.000Z,29,29,27,0,2,0.9310344827586207,212.50876157407407
L808:T2:I3677,808,T2,2025-10-28T15:08:44.000Z,30,30,28,0,2,0.9333333333333333,215.6310648148148
L808:T2:I3676,808,T2,2026-06-16T18:10:00.000Z,38,38,37,0,1,0.9736842105263158,92.75694444444444
L809:T0,809,T0,2025-01-27T00:00:00.000Z,12,0,0,12,0,0,
L809:T1:I3678,809,T1,2025-01-28T08:16:41.000Z,13,0,0,13,0,0,
L809:T2:I3680,809,T2,2025-04-16T17:01:00.000Z,17,10,10,7,0,0.5882352941176471,60.70902777777778
L809:T2:I3679,809,T2,2025-06-18T19:51:00.000Z,20,18,15,2,3,0.75,123.82708333333333
L809:T2:I3681,809,T2,2025-12-30T12:29:00.000Z,33,33,30,0,3,0.9090909090909091,139.52013888888888
L810:T0,810,T0,2026-05-29T00:00:00.000Z,67,67,66,0,1,0.9850746268656716,116
L810:T1:I3684,810,T1,2026-06-05T18:34:36.000Z,68,68,67,0,1,0.9852941176470589,123.77402777777777
L810:T2:I3682,810,T2,2026-06-07T17:16:53.000Z,68,68,67,0,1,0.9852941176470589,125.72005787037037
L810:T2:I3683,810,T2,2026-06-11T14:44:12.000Z,68,68,67,0,1,0.9852941176470589,129.61402777777778
L811:T0,811,T0,2025-06-02T00:00:00.000Z,9,8,8,1,0,0.8888888888888888,54
L811:T1:I3687,811,T1,2025-06-04T09:55:20.000Z,10,9,9,1,0,0.9,56.41342592592593
L811:T2:I3688,811,T2,2025-06-04T12:21:56.000Z,10,9,8,1,1,0.8,117.51523148148148
L811:T2:I3686,811,T2,2025-06-11T10:29:51.000Z,10,8,8,2,0,0.8,63.43739583333333
L811:T2:I3685,811,T2,2025-06-11T18:56:09.000Z,10,8,8,2,0,0.8,63.78899305555556
L812:T0,812,T0,2025-01-01T00:00:00.000Z,8,0,0,8,0,0,
L812:T1:I3691,812,T1,2025-04-13T12:20:00.000Z,19,10,10,9,0,0.5263157894736842,68.51388888888889
L812:T2:I3690,812,T2,2025-12-11T08:55:00.000Z,33,33,28,0,5,0.8484848484848485,122.37152777777777
L812:T2:I3689,812,T2,2026-03-06T20:33:00.000Z,40,40,37,0,3,0.925,145.85625
L813:T0,813,T0,2026-02-02T00:00:00.000Z,26,26,23,0,3,0.8846153846153846,202
L813:T1:I3694,813,T1,2026-02-06T11:27:03.000Z,27,27,25,0,2,0.9259259259259259,206.47711805555556
L813:T2:I3696,813,T2,2026-02-07T13:18:52.000Z,27,27,25,0,2,0.9259259259259259,207.55476851851853
L813:T2:I3692,813,T2,2026-02-09T13:25:15.000Z,27,27,25,0,2,0.9259259259259259,209.55920138888888
L813:T2:I3697,813,T2,2026-02-11T07:07:53.000Z,27,27,25,0,2,0.9259259259259259,211.29714120370372
L813:T2:I3695,813,T2,2026-03-01T13:57:00.000Z,28,28,25,0,3,0.8928571428571429,229.58125
L813:T2:I3693,813,T2,2026-05-07T07:47:00.000Z,31,31,31,0,0,1,74.32430555555555
L814:T0,814,T0,2025-11-14T00:00:00.000Z,27,27,25,0,2,0.9259259259259259,151
L814:T1:I3698,814,T1,2025-11-15T13:09:25.000Z,28,28,26,0,2,0.9285714285714286,152.54820601851853
L814:T2:I3699,814,T2,2025-11-17T20:49:15.000Z,28,28,26,0,2,0.9285714285714286,154.86753472222222
L814:T2:I3703,814,T2,2025-11-19T11:18:18.000Z,28,28,26,0,2,0.9285714285714286,156.47104166666668
L814:T2:I3701,814,T2,2025-11-21T08:53:48.000Z,28,28,26,0,2,0.9285714285714286,158.37069444444444
L814:T2:I3702,814,T2,2025-12-26T10:14:00.000Z,32,32,30,0,2,0.9375,193.42638888888888
L814:T2:I3704,814,T2,2026-06-04T09:57:00.000Z,39,39,36,0,3,0.9230769230769231,107.41458333333334
L814:T2:I3700,814,T2,2026-06-20T14:14:00.000Z,39,39,39,0,0,1,82.59305555555555
L815:T0,815,T0,2025-11-05T00:00:00.000Z,25,25,25,0,0,1,70
L815:T1:I3705,815,T1,2025-11-06T20:37:39.000Z,26,26,26,0,0,1,61.85947916666667
L815:T2:I3708,815,T2,2025-11-13T18:42:27.000Z,26,26,26,0,0,1,68.77947916666666
L815:T2:I3707,815,T2,2025-11-17T14:07:47.000Z,27,27,27,0,0,1,72.58873842592592
L815:T2:I3706,815,T2,2026-03-23T10:02:00.000Z,32,32,32,0,0,1,78.41805555555555
L816:T0,816,T0,2025-06-13T00:00:00.000Z,18,14,12,4,2,0.6666666666666666,109
L816:T1:I3713,816,T1,2025-06-13T14:18:06.000Z,19,15,13,4,2,0.6842105263157895,109.59590277777778
L816:T2:I3709,816,T2,2025-06-15T09:03:51.000Z,19,14,12,5,2,0.631578947368421,111.3776736111111
L816:T2:I3712,816,T2,2025-06-17T19:28:28.000Z,19,15,12,4,3,0.631578947368421,113.81143518518519
L816:T2:I3711,816,T2,2026-04-20T17:34:00.000Z,36,36,35,0,1,0.9722222222222222,101.73194444444445
L816:T2:I3710,816,T2,2026-05-27T10:15:00.000Z,37,37,37,0,0,1,75.42708333333333
L817:T0,817,T0,2025-10-09T00:00:00.000Z,16,16,15,0,1,0.9375,124
L817:T1:I3714,817,T1,2025-10-13T18:00:42.000Z,17,17,16,0,1,0.9411764705882353,128.75048611111112
L817:T2:I3716,817,T2,2025-10-19T09:52:06.000Z,17,17,16,0,1,0.9411764705882353,134.41118055555555
L817:T2:I3715,817,T2,2026-04-04T14:54:00.000Z,22,22,21,0,1,0.9545454545454546,143.62083333333334
L818:T0,818,T0,2025-11-25T00:00:00.000Z,73,73,63,0,10,0.863013698630137,221
L818:T1:I3718,818,T1,2025-11-27T10:19:55.000Z,74,74,62,0,12,0.8378378378378378,223.43049768518517
L818:T2:I3717,818,T2,2025-11-28T16:39:36.000Z,74,74,62,0,12,0.8378378378378378,224.69416666666666
L818:T2:I3720,818,T2,2025-12-06T10:49:31.000Z,74,74,62,0,12,0.8378378378378378,232.45105324074075
L818:T2:I3719,818,T2,2026-05-07T08:28:00.000Z,94,94,90,0,4,0.9574468085106383,117.35277777777777
L819:T0,819,T0,2025-09-12T00:00:00.000Z,33,32,27,1,5,0.8181818181818182,125
L819:T1:I3726,819,T1,2025-09-15T12:51:13.000Z,33,32,27,1,5,0.8181818181818182,128.53556712962964
L819:T2:I3721,819,T2,2025-09-17T07:56:22.000Z,34,33,28,1,5,0.8235294117647058,130.3308101851852
L819:T2:I3725,819,T2,2025-09-18T17:27:34.000Z,34,33,28,1,5,0.8235294117647058,131.72747685185186
L819:T2:I3722,819,T2,2025-09-20T19:37:19.000Z,34,33,28,1,5,0.8235294117647058,133.81758101851852
L819:T2:I3723,819,T2,2025-09-22T12:25:24.000Z,34,33,28,1,5,0.8235294117647058,135.51763888888888
L819:T2:I3728,819,T2,2025-09-23T15:12:55.000Z,34,33,28,1,5,0.8235294117647058,136.63396990740742
L819:T2:I3724,819,T2,2025-09-25T14:46:31.000Z,35,34,29,1,5,0.8285714285714286,138.61563657407407
L819:T2:I3727,819,T2,2025-10-30T07:51:00.000Z,39,38,34,1,4,0.8717948717948718,173.32708333333332
L820:T0,820,T0,2025-06-25T00:00:00.000Z,16,16,16,0,0,1,86
L820:T1:I3732,820,T1,2025-07-06T20:53:04.000Z,17,17,16,0,1,0.9411764705882353,95.87018518518518
L820:T2:I3729,820,T2,2025-07-08T10:12:14.000Z,17,17,16,0,1,0.9411764705882353,97.42516203703704
L820:T2:I3731,820,T2,2025-07-08T19:42:36.000Z,18,18,17,0,1,0.9444444444444444,97.82125
L820:T2:I3730,820,T2,2026-05-13T10:08:00.000Z,34,34,33,0,1,0.9705882352941176,159.42222222222222
L821:T0,821,T0,2026-06-08T00:00:00.000Z,21,21,20,0,1,0.9523809523809523,96
L821:T1:I3735,821,T1,2026-06-08T14:51:00.000Z,22,22,20,0,2,0.9090909090909091,134.61875
L821:T2:I3734,821,T2,2026-06-11T17:07:07.000Z,22,22,21,0,1,0.9545454545454546,99.71327546296297
L821:T2:I3733,821,T2,2026-06-17T11:14:35.000Z,22,22,22,0,0,1,49.468460648148145
L822:T0,822,T0,2025-09-16T00:00:00.000Z,26,25,22,1,3,0.8461538461538461,161
L822:T1:I3737,822,T1,2025-09-21T11:47:00.000Z,27,26,22,1,4,0.8148148148148148,166.4909722222222
L822:T2:I3736,822,T2,2025-09-21T12:58:08.000Z,27,26,21,1,5,0.7777777777777778,166.54037037037037
L823:T0,823,T0,2026-03-02T00:00:00.000Z,19,19,18,0,1,0.9473684210526315,110
L823:T1:I3742,823,T1,2026-03-04T13:09:46.000Z,20,20,19,0,1,0.95,112.54844907407407
L823:T2:I3741,823,T2,2026-03-10T15:42:56.000Z,20,20,19,0,1,0.95,118.65481481481481
L823:T2:I3738,823,T2,2026-03-11T10:24:01.000Z,20,20,19,0,1,0.95,119.4333449074074
L823:T2:I3740,823,T2,2026-03-11T16:21:21.000Z,20,20,19,0,1,0.95,119.68149305555555
L823:T2:I3739,823,T2,2026-04-28T08:07:00.000Z,24,24,24,0,0,1,64.33819444444444
L824:T0,824,T0,2025-07-08T00:00:00.000Z,11,10,10,1,0,0.9090909090909091,82
L824:T1:I3743,824,T1,2026-06-03T12:22:00.000Z,26,26,24,0,2,0.9230769230769231,103.51527777777778
L825:T0,825,T0,2025-10-29T00:00:00.000Z,71,71,64,0,7,0.9014084507042254,277
L825:T1:I3744,825,T1,2025-10-31T19:53:39.000Z,73,73,66,0,7,0.9041095890410958,279.8289236111111
L825:T2:I3745,825,T2,2025-11-07T12:28:24.000Z,74,74,68,0,6,0.918918918918919,286.51972222222224
L825:T2:I3747,825,T2,2026-01-12T14:36:00.000Z,87,87,85,0,2,0.9770114942528736,142.60833333333332
L825:T2:I3746,825,T2,2026-02-14T07:49:00.000Z,93,93,86,0,7,0.9247311827956989,175.32569444444445
L826:T0,826,T0,2025-09-24T00:00:00.000Z,17,16,15,1,1,0.8823529411764706,96
L826:T1:I3748,826,T1,2025-10-03T14:20:17.000Z,18,17,17,1,0,0.9444444444444444,74.59741898148148
L827:T0,827,T0,2025-06-28T00:00:00.000Z,26,24,22,2,2,0.8461538461538461,143
L827:T1:I3750,827,T1,2025-06-28T09:09:09.000Z,27,25,23,2,2,0.8518518518518519,143.38135416666665
L827:T2:I3751,827,T2,2025-07-02T18:24:03.000Z,26,24,22,2,2,0.8461538461538461,147.7667013888889
L827:T2:I3752,827,T2,2025-11-18T07:03:00.000Z,39,39,35,0,4,0.8974358974358975,152.29375
L827:T2:I3749,827,T2,2026-01-20T17:13:00.000Z,45,45,42,0,3,0.9333333333333333,153.7173611111111
L828:T0,828,T0,2026-06-07T00:00:00.000Z,27,27,20,0,7,0.7407407407407407,198
L828:T1:I3754,828,T1,2026-06-07T16:00:21.000Z,28,28,21,0,7,0.75,198.66690972222221
L828:T2:I3753,828,T2,2026-06-16T10:31:13.000Z,28,28,23,0,5,0.8214285714285714,200.4383449074074
L829:T0,829,T0,2025-01-13T00:00:00.000Z,25,2,2,23,0,0.08,9
L829:T1:I3757,829,T1,2025-01-18T10:04:50.000Z,29,4,4,25,0,0.13793103448275862,14.420023148148148
L829:T2:I3756,829,T2,2025-01-26T14:21:04.000Z,32,7,7,25,0,0.21875,22.597962962962963
L829:T2:I3755,829,T2,2026-04-26T13:23:00.000Z,92,92,90,0,2,0.9782608695652174,103.55763888888889
L830:T0,830,T0,2025-08-31T00:00:00.000Z,21,21,19,0,2,0.9047619047619048,116
L830:T1:I3762,830,T1,2025-09-11T10:21:41.000Z,22,22,20,0,2,0.9090909090909091,177.43172453703704
L830:T2:I3761,830,T2,2025-10-07T18:31:00.000Z,24,24,21,0,3,0.875,153.77152777777778
L830:T2:I3759,830,T2,2026-01-14T07:44:00.000Z,32,32,31,0,1,0.96875,142.32222222222222
L830:T2:I3763,830,T2,2026-03-11T17:47:00.000Z,36,36,35,0,1,0.9722222222222222,198.7409722222222
L830:T2:I3758,830,T2,2026-03-16T10:32:00.000Z,36,36,35,0,1,0.9722222222222222,91.43888888888888
L830:T2:I3760,830,T2,2026-06-11T07:25:00.000Z,44,44,44,0,0,1,85.30902777777777
L831:T0,831,T0,2026-01-06T00:00:00.000Z,43,43,39,0,4,0.9069767441860465,170
L831:T1:I3764,831,T1,2026-01-08T17:18:03.000Z,43,43,39,0,4,0.9069767441860465,172.72086805555554
L831:T2:I3765,831,T2,2026-01-17T18:45:51.000Z,44,44,41,0,3,0.9318181818181818,159.78184027777777
L832:T0,832,T0,2025-04-19T00:00:00.000Z,41,26,26,15,0,0.6341463414634146,84
L832:T1:I3767,832,T1,2025-06-02T17:20:00.000Z,47,38,33,9,5,0.7021276595744681,128.72222222222223
L832:T2:I3768,832,T2,2025-09-12T14:28:00.000Z,66,66,56,0,10,0.8484848484848485,230.6027777777778
L832:T2:I3766,832,T2,2026-05-01T08:34:00.000Z,105,105,103,0,2,0.9809523809523809,218.35694444444445
L833:T0,833,T0,2025-03-26T00:00:00.000Z,6,3,3,3,0,0.5,31
L833:T1:I3774,833,T1,2025-03-26T10:37:32.000Z,7,4,4,3,0,0.5714285714285714,34.44273148148148
L833:T2:I3769,833,T2,2025-03-29T14:09:30.000Z,7,3,3,4,0,0.42857142857142855,34.589930555555554
L833:T2:I3772,833,T2,2025-06-05T17:42:00.000Z,9,7,7,2,0,0.7777777777777778,78.7375
L833:T2:I3773,833,T2,2025-07-30T12:32:00.000Z,12,11,8,1,3,0.6666666666666666,133.5222222222222
L833:T2:I3771,833,T2,2026-02-02T16:54:00.000Z,17,17,17,0,0,1,84.70416666666667
L833:T2:I3770,833,T2,2026-02-06T14:22:00.000Z,17,17,17,0,0,1,88.59861111111111
L834:T0,834,T0,2025-08-06T00:00:00.000Z,13,12,11,1,1,0.8461538461538461,93
L834:T1:I3779,834,T1,2025-08-11T09:43:10.000Z,14,13,12,1,1,0.8571428571428571,98.40497685185186
L834:T2:I3775,834,T2,2025-08-11T10:11:52.000Z,14,12,11,2,1,0.7857142857142857,98.4249074074074
L834:T2:I3776,834,T2,2025-08-13T13:43:49.000Z,14,13,12,1,1,0.8571428571428571,100.5720949074074
L834:T2:I3780,834,T2,2025-08-14T12:33:34.000Z,14,13,12,1,1,0.8571428571428571,101.52331018518518
L834:T2:I3781,834,T2,2025-08-14T12:52:11.000Z,14,13,12,1,1,0.8571428571428571,101.53623842592593
L834:T2:I3778,834,T2,2025-08-17T12:44:23.000Z,14,13,11,1,2,0.7857142857142857,104.53082175925925
L834:T2:I3777,834,T2,2025-08-18T19:42:24.000Z,14,13,12,1,1,0.8571428571428571,105.82111111111111
L834:T2:I3782,834,T2,2025-08-19T13:37:26.000Z,14,13,12,1,1,0.8571428571428571,106.56766203703704
L835:T0,835,T0,2025-03-27T00:00:00.000Z,15,6,6,9,0,0.4,44
L835:T1:I3786,835,T1,2025-04-04T10:20:22.000Z,16,8,8,8,0,0.5,52.43081018518519
L835:T2:I3787,835,T2,2025-08-02T08:53:00.000Z,20,18,14,2,4,0.7,119.37013888888889
L835:T2:I3788,835,T2,2025-08-14T11:10:00.000Z,20,18,13,2,5,0.65,131.46527777777777
L835:T2:I3784,835,T2,2026-03-26T11:49:00.000Z,34,34,33,0,1,0.9705882352941176,99.49236111111111
L835:T2:I3783,835,T2,2026-04-23T10:03:00.000Z,36,36,36,0,0,1,79.41875
L835:T2:I3785,835,T2,2026-06-04T14:07:00.000Z,39,39,36,0,3,0.9230769230769231,106.58819444444444
L836:T0,836,T0,2025-04-08T00:00:00.000Z,6,4,4,2,0,0.6666666666666666,51
L836:T1:I3790,836,T1,2025-04-08T10:03:30.000Z,7,4,4,3,0,0.5714285714285714,51.41909722222222
L836:T2:I3789,836,T2,2025-04-21T10:19:03.000Z,8,5,5,3,0,0.625,64.42989583333333
L836:T2:I3792,836,T2,2025-04-23T13:19:00.000Z,8,5,5,3,0,0.625,66.55486111111111
L836:T2:I3791,836,T2,2026-04-27T18:43:00.000Z,22,22,22,0,0,1,77.77986111111112
L836:T2:I3793,836,T2,2026-05-10T18:53:00.000Z,23,23,22,0,1,0.9565217391304348,90.78680555555556
L837:T0,837,T0,2025-02-27T00:00:00.000Z,17,2,2,15,0,0.11764705882352941,34
L837:T1:I3794,837,T1,2025-03-01T10:58:36.000Z,18,2,2,16,0,0.1111111111111111,36.45736111111111
L837:T2:I3798,837,T2,2025-03-05T19:26:45.000Z,18,4,4,14,0,0.2222222222222222,40.81024305555555
L837:T2:I3801,837,T2,2025-03-12T09:17:27.000Z,18,5,5,13,0,0.2777777777777778,47.387118055555554
L837:T2:I3795,837,T2,2025-04-09T11:46:00.000Z,19,9,9,10,0,0.47368421052631576,36.49027777777778
L837:T2:I3796,837,T2,2025-04-26T09:17:00.000Z,22,15,15,7,0,0.6818181818181818,53.386805555555554
L837:T2:I3800,837,T2,2025-10-25T18:02:00.000Z,38,37,33,1,4,0.868421052631579,168.7513888888889
L837:T2:I3799,837,T2,2025-12-21T16:13:00.000Z,41,41,38,0,3,0.926829268292683,225.67569444444445
L837:T2:I3797,837,T2,2026-03-07T08:49:00.000Z,50,50,50,0,0,1,74.36736111111111
L838:T0,838,T0,2026-06-18T00:00:00.000Z,51,51,48,0,3,0.9411764705882353,144
L838:T1:I3805,838,T1,2026-06-19T17:50:33.000Z,52,52,48,0,4,0.9230769230769231,145.7434375
L838:T2:I3802,838,T2,2026-06-28T13:53:56.000Z,53,53,49,0,4,0.9245283018867925,154.57912037037036
L838:T2:I3803,838,T2,2026-06-29T11:22:48.000Z,53,53,50,0,3,0.9433962264150944,155.47416666666666
L838:T2:I3804,838,T2,2026-06-29T19:44:47.000Z,53,53,50,0,3,0.9433962264150944,155.8227662037037
L838:T2:I3806,838,T2,2026-07-01T19:30:01.000Z,53,53,51,0,2,0.9622641509433962,157.81251157407408
L839:T0,839,T0,2026-04-27T00:00:00.000Z,26,26,24,0,2,0.9230769230769231,157
L839:T1:I3810,839,T1,2026-04-27T20:29:42.000Z,27,27,25,0,2,0.9259259259259259,157.85395833333334
L839:T2:I3808,839,T2,2026-04-29T12:56:38.000Z,27,27,25,0,2,0.9259259259259259,159.53932870370372
L839:T2:I3809,839,T2,2026-05-04T11:20:47.000Z,27,27,25,0,2,0.9259259259259259,164.4727662037037
L839:T2:I3811,839,T2,2026-05-04T17:00:40.000Z,27,27,25,0,2,0.9259259259259259,164.7087962962963
L839:T2:I3807,839,T2,2026-05-08T20:43:05.000Z,27,27,24,0,3,0.8888888888888888,168.86325231481482
L840:T0,840,T0,2025-12-06T00:00:00.000Z,36,35,32,1,3,0.8888888888888888,147
L840:T1:I3812,840,T1,2025-12-07T16:29:01.000Z,37,36,33,1,3,0.8918918918918919,148.68681712962962
L840:T2:I3814,840,T2,2025-12-16T14:50:14.000Z,37,36,34,1,2,0.918918918918919,157.6182175925926
L840:T2:I3813,840,T2,2026-05-02T17:31:00.000Z,44,44,42,0,2,0.9545454545454546,132.72986111111112
L841:T0,841,T0,2025-11-12T00:00:00.000Z,28,28,27,0,1,0.9642857142857143,158
L841:T1:I3815,841,T1,2025-11-18T14:05:05.000Z,29,29,28,0,1,0.9655172413793104,164.5868634259259
L841:T2:I3819,841,T2,2025-11-22T08:06:46.000Z,29,29,28,0,1,0.9655172413793104,168.3380324074074
L841:T2:I3816,841,T2,2025-11-24T10:06:55.000Z,29,29,28,0,1,0.9655172413793104,170.4214699074074
L841:T2:I3817,841,T2,2026-06-12T07:31:00.000Z,38,38,37,0,1,0.9736842105263158,93.31319444444445
L841:T2:I3818,841,T2,2026-06-20T09:26:00.000Z,38,38,38,0,0,1,77.39305555555555
L842:T0,842,T0,2025-07-17T00:00:00.000Z,51,49,40,2,9,0.7843137254901961,194
L842:T1:I3821,842,T1,2025-07-26T08:21:19.000Z,52,50,41,2,9,0.7884615384615384,203.34813657407406
L842:T2:I3820,842,T2,2025-12-05T13:43:00.000Z,70,70,63,0,7,0.9,180.5715277777778
L843:T0,843,T0,2026-03-16T00:00:00.000Z,32,32,30,0,2,0.9375,120
L843:T1:I3823,843,T1,2026-03-21T09:33:36.000Z,34,34,33,0,1,0.9705882352941176,96.39833333333333
L843:T2:I3824,843,T2,2026-03-22T10:20:37.000Z,34,34,33,0,1,0.9705882352941176,97.4309837962963
L843:T2:I3825,843,T2,2026-03-24T18:24:02.000Z,34,34,33,0,1,0.9705882352941176,99.76668981481481
L843:T2:I3822,843,T2,2026-03-28T11:34:36.000Z,34,34,33,0,1,0.9705882352941176,103.48236111111112
L844:T0,844,T0,2025-06-24T00:00:00.000Z,29,22,19,7,3,0.6551724137931034,117
L844:T1:I3827,844,T1,2025-06-28T13:10:01.000Z,29,23,20,6,3,0.6896551724137931,121.54862268518518
L844:T2:I3829,844,T2,2025-06-28T14:17:23.000Z,30,24,21,6,3,0.7,121.59540509259259
L844:T2:I3830,844,T2,2025-10-30T12:45:00.000Z,38,38,35,0,3,0.9210526315789473,160.53125
L844:T2:I3826,844,T2,2026-03-16T18:18:00.000Z,50,50,49,0,1,0.98,120.7625
L844:T2:I3831,844,T2,2026-04-07T12:11:00.000Z,52,52,49,0,3,0.9423076923076923,104.50763888888889
L844:T2:I3828,844,T2,2026-05-24T18:10:00.000Z,59,59,58,0,1,0.9830508474576272,116.75694444444444
L845:T0,845,T0,2025-01-09T00:00:00.000Z,6,0,0,6,0,0,
L845:T1:I3832,845,T1,2025-01-18T18:04:51.000Z,8,2,2,6,0,0.25,8.753368055555555
L846:T0,846,T0,2025-04-18T00:00:00.000Z,37,21,20,16,1,0.5405405405405406,100
L846:T1:I3837,846,T1,2025-04-18T10:29:01.000Z,38,22,20,16,2,0.5263157894736842,100.43681712962963
L846:T2:I3836,846,T2,2025-04-20T14:35:10.000Z,38,23,22,15,1,0.5789473684210527,102.60775462962962
L846:T2:I3834,846,T2,2025-04-24T11:18:53.000Z,40,22,22,18,0,0.55,89.47144675925927
L846:T2:I3833,846,T2,2025-04-26T20:46:02.000Z,40,23,22,17,1,0.55,91.86530092592592
L846:T2:I3835,846,T2,2026-05-07T09:55:00.000Z,90,90,88,0,2,0.9777777777777777,224.41319444444446
L847:T0,847,T0,2025-09-17T00:00:00.000Z,59,59,50,0,9,0.847457627118644,235
L847:T1:I3839,847,T1,2025-09-20T15:28:46.000Z,60,60,52,0,8,0.8666666666666667,238.64497685185185
L847:T2:I3838,847,T2,2025-09-29T12:11:21.000Z,61,61,54,0,7,0.8852459016393442,247.50788194444445
L848:T0,848,T0,2025-12-19T00:00:00.000Z,42,42,38,0,4,0.9047619047619048,152
L848:T1:I3841,848,T1,2025-12-19T08:53:43.000Z,43,43,39,0,4,0.9069767441860465,152.37063657407407
L848:T2:I3842,848,T2,2025-12-28T19:25:22.000Z,43,43,40,0,3,0.9302325581395349,141.8092824074074
L848:T2:I3844,848,T2,2025-12-31T07:46:44.000Z,44,44,42,0,2,0.9545454545454546,130.32412037037037
L848:T2:I3843,848,T2,2026-02-13T16:37:00.000Z,46,46,43,0,3,0.9347826086956522,151.6923611111111
L848:T2:I3840,848,T2,2026-06-20T17:05:00.000Z,60,60,60,0,0,1,78.71180555555556
L849:T0,849,T0,2025-12-07T00:00:00.000Z,14,13,13,1,0,0.9285714285714286,60
L849:T1:I3845,849,T1,2025-12-16T20:32:54.000Z,15,14,14,1,0,0.9333333333333333,69.85618055555555
L849:T2:I3846,849,T2,2025-12-20T14:09:51.000Z,15,14,14,1,0,0.9333333333333333,73.59017361111111
L850:T0,850,T0,2025-08-03T00:00:00.000Z,8,8,8,0,0,1,53
L850:T1:I3847,850,T1,2025-08-09T09:15:36.000Z,10,10,10,0,0,1,59.38583333333333
L851:T0,851,T0,2026-05-15T00:00:00.000Z,37,37,37,0,0,1,65
L851:T1:I3848,851,T1,2026-05-22T09:58:03.000Z,38,38,38,0,0,1,72.4153125
L852:T0,852,T0,2025-06-14T00:00:00.000Z,47,42,39,5,3,0.8297872340425532,129
L852:T1:I3855,852,T1,2025-06-15T15:42:55.000Z,48,42,38,6,4,0.7916666666666666,130.65480324074073
L852:T2:I3849,852,T2,2025-06-19T12:41:32.000Z,48,43,39,5,4,0.8125,134.52884259259258
L852:T2:I3854,852,T2,2025-06-26T18:38:02.000Z,48,43,41,5,2,0.8541666666666666,141.77641203703703
L852:T2:I3853,852,T2,2025-07-07T09:53:00.000Z,49,44,41,5,3,0.8367346938775511,152.41180555555556
L852:T2:I3852,852,T2,2025-12-30T12:42:00.000Z,76,76,70,0,6,0.9210526315789473,145.52916666666667
L852:T2:I3851,852,T2,2025-12-31T17:34:00.000Z,76,76,69,0,7,0.9078947368421053,146.73194444444445
L852:T2:I3850,852,T2,2026-06-25T08:48:00.000Z,104,104,99,0,5,0.9519230769230769,166.36666666666667
L853:T0,853,T0,2025-11-24T00:00:00.000Z,15,15,15,0,0,1,62
L853:T1:I3860,853,T1,2025-11-28T18:33:37.000Z,15,15,15,0,0,1,66.7733449074074
L853:T2:I3859,853,T2,2025-11-29T16:18:32.000Z,16,16,16,0,0,1,67.67953703703704
L853:T2:I3858,853,T2,2025-12-02T07:07:04.000Z,16,16,16,0,0,1,70.29657407407407
L853:T2:I3856,853,T2,2025-12-03T10:00:50.000Z,16,16,16,0,0,1,64.41724537037037
L853:T2:I3857,853,T2,2026-01-06T20:15:00.000Z,17,17,16,0,1,0.9411764705882353,92.84375
L853:T2:I3861,853,T2,2026-03-15T08:12:00.000Z,20,20,20,0,0,1,86.34166666666667
L854:T0,854,T0,2025-03-07T00:00:00.000Z,28,6,6,22,0,0.21428571428571427,41
L854:T1:I3862,854,T1,2025-03-12T07:41:50.000Z,29,8,8,21,0,0.27586206896551724,46.320717592592594
L854:T2:I3863,854,T2,2025-03-19T08:44:32.000Z,29,10,10,19,0,0.3448275862068966,53.364259259259256
L855:T0,855,T0,2025-03-13T00:00:00.000Z,14,5,5,9,0,0.35714285714285715,43
L855:T1:I3864,855,T1,2025-07-12T14:05:00.000Z,22,20,17,2,3,0.7727272727272727,150.58680555555554
L856:T0,856,T0,2026-05-12T00:00:00.000Z,18,18,17,0,1,0.9444444444444444,155
L856:T1:I3866,856,T1,2026-05-14T13:20:57.000Z,19,19,18,0,1,0.9473684210526315,157.55621527777777
L856:T2:I3865,856,T2,2026-05-15T09:00:43.000Z,19,19,18,0,1,0.9473684210526315,158.3754976851852
L856:T2:I3868,856,T2,2026-05-19T10:35:24.000Z,19,19,18,0,1,0.9473684210526315,162.44125
L856:T2:I3867,856,T2,2026-05-19T18:51:21.000Z,19,19,18,0,1,0.9473684210526315,162.78565972222222
L856:T2:I3869,856,T2,2026-06-05T08:18:00.000Z,19,19,18,0,1,0.9473684210526315,179.34583333333333
L857:T0,857,T0,2026-01-23T00:00:00.000Z,44,44,41,0,3,0.9318181818181818,165
L857:T1:I3870,857,T1,2026-01-31T12:26:53.000Z,45,45,44,0,1,0.9777777777777777,159.51866898148148
L858:T0,858,T0,2025-12-31T00:00:00.000Z,26,26,24,0,2,0.9230769230769231,200
L858:T1:I3871,858,T1,2026-01-08T17:52:17.000Z,27,27,24,0,3,0.8888888888888888,208.7446412037037
L858:T2:I3872,858,T2,2026-04-17T16:55:00.000Z,31,31,30,0,1,0.967741935483871,125.70486111111111
L859:T0,859,T0,2025-07-14T00:00:00.000Z,35,34,32,1,2,0.9142857142857143,159
L859:T1:I3875,859,T1,2025-07-16T19:01:56.000Z,36,35,32,1,3,0.8888888888888888,161.79300925925926
L859:T2:I3873,859,T2,2025-07-20T11:30:04.000Z,35,34,32,1,2,0.9142857142857143,165.47921296296298
L859:T2:I3874,859,T2,2025-07-26T11:26:17.000Z,36,35,34,1,1,0.9444444444444444,171.47658564814816
L860:T0,860,T0,2026-02-12T00:00:00.000Z,11,11,11,0,0,1,83
L860:T1:I3876,860,T1,2026-02-13T16:02:31.000Z,12,12,12,0,0,1,84.66841435185185
L860:T2:I3880,860,T2,2026-02-16T13:39:28.000Z,12,12,12,0,0,1,87.56907407407408
L860:T2:I3881,860,T2,2026-02-18T19:06:41.000Z,12,12,12,0,0,1,89.79630787037037
L860:T2:I3879,860,T2,2026-02-19T11:35:18.000Z,12,12,11,0,1,0.9166666666666666,90.48284722222222
L860:T2:I3878,860,T2,2026-02-23T10:52:58.000Z,12,12,11,0,1,0.9166666666666666,94.45344907407407
L860:T2:I3877,860,T2,2026-05-11T18:29:00.000Z,13,13,13,0,0,1,53.77013888888889
L861:T0,861,T0,2025-05-13T00:00:00.000Z,44,31,29,13,2,0.6590909090909091,108
L861:T1:I3885,861,T1,2025-05-17T14:11:47.000Z,46,35,32,11,3,0.6956521739130435,112.5915162037037
L861:T2:I3886,861,T2,2025-05-25T11:30:33.000Z,46,35,31,11,4,0.6739130434782609,120.47954861111111
L861:T2:I3883,861,T2,2025-10-11T15:01:00.000Z,70,70,60,0,10,0.8571428571428571,259.62569444444443
L861:T2:I3884,861,T2,2026-01-03T07:51:00.000Z,87,87,81,0,6,0.9310344827586207,133.32708333333332
L861:T2:I3882,861,T2,2026-01-14T15:44:00.000Z,88,88,86,0,2,0.9772727272727273,144.65555555555557
L862:T0,862,T0,2025-12-10T00:00:00.000Z,22,22,22,0,0,1,84
L862:T1:I3889,862,T1,2025-12-11T11:50:24.000Z,23,23,22,0,1,0.9565217391304348,102.49333333333334
L862:T2:I3887,862,T2,2025-12-15T14:16:15.000Z,22,22,22,0,0,1,89.59461805555556
L862:T2:I3888,862,T2,2025-12-18T16:57:43.000Z,24,24,21,0,3,0.875,92.70674768518519
L862:T2:I3890,862,T2,2025-12-20T08:48:47.000Z,24,24,23,0,1,0.9583333333333334,93.36721064814814
L862:T2:I3891,862,T2,2026-04-11T15:38:00.000Z,28,28,27,0,1,0.9642857142857143,102.65138888888889
L863:T0,863,T0,2026-04-09T00:00:00.000Z,64,64,63,0,1,0.984375,108
L863:T1:I3893,863,T1,2026-04-18T19:21:47.000Z,66,66,63,0,3,0.9545454545454546,117.80679398148148
L863:T2:I3892,863,T2,2026-04-22T09:49:01.000Z,67,67,64,0,3,0.9552238805970149,121.40903935185185
L863:T2:I3894,863,T2,2026-06-01T11:52:00.000Z,70,70,69,0,1,0.9857142857142858,100.49444444444444
L864:T0,864,T0,2026-03-16T00:00:00.000Z,17,17,17,0,0,1,54
L864:T1:I3901,864,T1,2026-03-16T10:57:55.000Z,18,18,18,0,0,1,76.45688657407408
L864:T2:I3899,864,T2,2026-03-26T09:50:21.000Z,18,18,18,0,0,1,50.40996527777778
L864:T2:I3896,864,T2,2026-03-27T15:40:19.000Z,18,18,18,0,0,1,51.652997685185184
L864:T2:I3902,864,T2,2026-03-28T17:20:51.000Z,18,18,18,0,0,1,52.7228125
L864:T2:I3900,864,T2,2026-03-28T19:48:59.000Z,19,19,19,0,0,1,52.82568287037037
L864:T2:I3897,864,T2,2026-03-28T20:05:22.000Z,19,19,19,0,0,1,52.83706018518519
L864:T2:I3895,864,T2,2026-04-19T07:26:00.000Z,21,21,21,0,0,1,45.30972222222222
L864:T2:I3898,864,T2,2026-06-04T18:18:00.000Z,24,24,24,0,0,1,56.7625
L865:T0,865,T0,2025-11-02T00:00:00.000Z,39,39,36,0,3,0.9230769230769231,123
L865:T1:I3903,865,T1,2025-11-02T16:22:05.000Z,40,40,37,0,3,0.925,123.68200231481481
L865:T2:I3904,865,T2,2025-11-06T10:21:10.000Z,39,39,36,0,3,0.9230769230769231,127.43136574074074
L865:T2:I3905,865,T2,2025-11-10T18:45:49.000Z,41,41,38,0,3,0.926829268292683,131.78181712962962
L866:T0,866,T0,2025-07-01T00:00:00.000Z,29,26,23,3,3,0.7931034482758621,126
L866:T1:I3907,866,T1,2025-07-05T10:54:02.000Z,30,27,23,3,4,0.7666666666666667,130.4541898148148
L866:T2:I3911,866,T2,2025-07-05T17:50:04.000Z,30,27,24,3,3,0.8,130.74310185185186
L866:T2:I3906,866,T2,2025-07-08T10:31:07.000Z,30,27,24,3,3,0.8,133.43827546296296
L866:T2:I3908,866,T2,2026-02-10T08:55:00.000Z,51,51,48,0,3,0.9411764705882353,148.37152777777777
L866:T2:I3909,866,T2,2026-02-15T13:35:00.000Z,51,51,48,0,3,0.9411764705882353,153.56597222222223
L866:T2:I3910,866,T2,2026-04-22T09:38:00.000Z,59,59,57,0,2,0.9661016949152542,134.4013888888889
L866:T2:I3912,866,T2,2026-06-09T12:40:00.000Z,64,64,64,0,0,1,89.52777777777777
L867:T0,867,T0,2025-09-26T00:00:00.000Z,48,47,42,1,5,0.875,161
L867:T1:I3913,867,T1,2025-10-05T20:19:58.000Z,50,49,43,1,6,0.86,170.84719907407407
L867:T2:I3915,867,T2,2025-10-08T15:14:51.000Z,51,50,45,1,5,0.8823529411764706,173.6353125
L867:T2:I3916,867,T2,2026-03-20T18:47:00.000Z,67,67,66,0,1,0.9850746268656716,221.7826388888889
L867:T2:I3914,867,T2,2026-06-14T10:49:00.000Z,80,80,77,0,3,0.9625,155.45069444444445
L868:T0,868,T0,2026-06-26T00:00:00.000Z,68,68,65,0,3,0.9558823529411765,144
L868:T1:I3917,868,T1,2026-07-07T09:21:21.000Z,68,68,65,0,3,0.9558823529411765,155.38982638888888
L869:T0,869,T0,2026-04-05T00:00:00.000Z,72,72,68,0,4,0.9444444444444444,111
L869:T1:I3919,869,T1,2026-04-06T09:24:57.000Z,73,73,69,0,4,0.9452054794520548,112.39232638888889
L869:T2:I3918,869,T2,2026-04-12T19:54:39.000Z,73,73,72,0,1,0.9863013698630136,117.82961805555556
L870:T0,870,T0,2025-01-31T00:00:00.000Z,7,1,1,6,0,0.14285714285714285,3
L870:T1:I3923,870,T1,2025-02-06T20:15:28.000Z,8,1,1,7,0,0.125,9.844074074074074
L870:T2:I3921,870,T2,2025-09-12T17:46:00.000Z,13,12,11,1,1,0.8461538461538461,93.74027777777778
L870:T2:I3924,870,T2,2025-09-26T18:56:00.000Z,13,12,12,1,0,0.9230769230769231,82.78888888888889
L870:T2:I3925,870,T2,2026-02-02T11:15:00.000Z,15,15,15,0,0,1,73.46875
L870:T2:I3920,870,T2,2026-03-24T08:24:00.000Z,16,16,15,0,1,0.9375,123.35
L870:T2:I3922,870,T2,2026-04-12T07:14:00.000Z,17,17,17,0,0,1,77.3013888888889
L871:T0,871,T0,2026-05-29T00:00:00.000Z,73,73,71,0,2,0.9726027397260274,121
L871:T1:I3930,871,T1,2026-05-30T12:07:52.000Z,74,74,72,0,2,0.972972972972973,122.50546296296297
L871:T2:I3927,871,T2,2026-06-03T11:48:12.000Z,75,75,72,0,3,0.96,126.49180555555556
L871:T2:I3928,871,T2,2026-06-04T09:50:24.000Z,75,75,72,0,3,0.96,127.41
L871:T2:I3929,871,T2,2026-06-04T11:34:18.000Z,75,75,72,0,3,0.96,127.48215277777778
L871:T2:I3926,871,T2,2026-06-09T08:32:09.000Z,76,76,73,0,3,0.9605263157894737,132.3556597222222
L872:T0,872,T0,2026-05-31T00:00:00.000Z,38,38,36,0,2,0.9473684210526315,103
L872:T1:I3931,872,T1,2026-06-04T10:05:49.000Z,39,39,36,0,3,0.9230769230769231,107.42070601851852
L872:T2:I3932,872,T2,2026-06-06T09:41:39.000Z,39,39,37,0,2,0.9487179487179487,98.40392361111111
L872:T2:I3933,872,T2,2026-06-11T19:45:51.000Z,38,38,37,0,1,0.9736842105263158,103.82350694444445
L873:T0,873,T0,2025-12-15T00:00:00.000Z,49,49,44,0,5,0.8979591836734694,297
L873:T1:I3934,873,T1,2025-12-15T08:42:15.000Z,50,50,45,0,5,0.9,297.3626736111111
L873:T2:I3935,873,T2,2026-05-12T11:29:00.000Z,66,66,65,0,1,0.9848484848484849,99.47847222222222
L874:T0,874,T0,2025-10-24T00:00:00.000Z,43,43,37,0,6,0.8604651162790697,138
L874:T1:I3936,874,T1,2025-10-28T11:33:54.000Z,45,45,39,0,6,0.8666666666666667,138.481875
L874:T2:I3938,874,T2,2026-04-04T08:41:00.000Z,62,62,59,0,3,0.9516129032258065,159.36180555555555
L874:T2:I3937,874,T2,2026-05-08T20:54:00.000Z,64,64,63,0,1,0.984375,193.87083333333334
L875:T0,875,T0,2026-04-07T00:00:00.000Z,9,9,9,0,0,1,72
L875:T1:I3941,875,T1,2026-04-08T14:19:21.000Z,10,10,10,0,0,1,73.59677083333334
L875:T2:I3939,875,T2,2026-04-11T08:26:19.000Z,10,10,10,0,0,1,76.35160879629629
L875:T2:I3940,875,T2,2026-06-29T14:35:00.000Z,12,12,12,0,0,1,39.607638888888886
L876:T0,876,T0,2025-06-30T00:00:00.000Z,12,10,8,2,2,0.6666666666666666,114
L876:T1:I3943,876,T1,2025-06-30T10:07:47.000Z,13,11,9,2,2,0.6923076923076923,114.42207175925925
L876:T2:I3944,876,T2,2025-07-08T08:47:39.000Z,13,12,11,1,1,0.8461538461538461,121.36642361111112
L876:T2:I3946,876,T2,2025-07-08T11:30:31.000Z,13,12,11,1,1,0.8461538461538461,121.47952546296297
L876:T2:I3947,876,T2,2025-07-13T11:15:32.000Z,12,11,10,1,1,0.8333333333333334,126.46912037037038
L876:T2:I3942,876,T2,2025-12-22T20:49:00.000Z,21,21,21,0,0,1,78.86736111111111
L876:T2:I3945,876,T2,2026-05-28T19:53:00.000Z,31,31,31,0,0,1,86.82847222222222
L877:T0,877,T0,2025-08-19T00:00:00.000Z,19,18,18,1,0,0.9473684210526315,82
L877:T1:I3948,877,T1,2025-08-20T08:02:55.000Z,20,19,19,1,0,0.95,83.33535879629629
L877:T2:I3950,877,T2,2025-08-22T12:42:31.000Z,19,18,18,1,0,0.9473684210526315,85.52952546296297
L877:T2:I3949,877,T2,2025-08-22T15:20:54.000Z,20,19,19,1,0,0.95,85.63951388888889
L877:T2:I3951,877,T2,2025-08-24T07:57:32.000Z,20,19,18,1,1,0.9,129.33162037037036
L877:T2:I3952,877,T2,2025-08-26T16:02:00.000Z,20,19,19,1,0,0.95,89.66805555555555
L877:T2:I3953,877,T2,2025-09-01T08:07:20.000Z,20,18,17,2,1,0.85,95.33842592592593
L878:T0,878,T0,2025-06-15T00:00:00.000Z,28,24,21,4,3,0.75,132
L878:T1:I3957,878,T1,2025-06-20T11:01:24.000Z,29,25,21,4,4,0.7241379310344828,137.45930555555555
L878:T2:I3959,878,T2,2025-06-23T07:50:57.000Z,30,25,21,5,4,0.7,140.3270486111111
L878:T2:I3955,878,T2,2025-06-25T20:05:58.000Z,30,27,23,3,4,0.7666666666666667,142.83747685185185
L878:T2:I3961,878,T2,2025-06-26T15:54:39.000Z,30,27,23,3,4,0.7666666666666667,143.6629513888889
L878:T2:I3956,878,T2,2025-06-27T20:45:18.000Z,30,27,23,3,4,0.7666666666666667,144.86479166666666
L878:T2:I3960,878,T2,2025-08-28T07:32:00.000Z,34,32,25,2,7,0.7352941176470589,206.3138888888889
L878:T2:I3954,878,T2,2025-09-02T12:16:00.000Z,34,32,25,2,7,0.7352941176470589,211.51111111111112
L878:T2:I3958,878,T2,2025-09-11T16:10:00.000Z,34,32,27,2,5,0.7941176470588235,196.67361111111111
L879:T0,879,T0,2026-05-09T00:00:00.000Z,43,43,42,0,1,0.9767441860465116,194
L879:T1:I3963,879,T1,2026-05-11T11:02:07.000Z,44,44,43,0,1,0.9772727272727273,196.45980324074074
L879:T2:I3962,879,T2,2026-05-14T08:27:42.000Z,44,44,43,0,1,0.9772727272727273,199.35256944444444
L879:T2:I3964,879,T2,2026-05-14T20:03:49.000Z,43,43,42,0,1,0.9767441860465116,199.8359837962963
L880:T0,880,T0,2025-11-18T00:00:00.000Z,40,40,37,0,3,0.925,139
L880:T1:I3965,880,T1,2025-11-25T07:41:36.000Z,41,41,38,0,3,0.926829268292683,146.32055555555556
L880:T2:I3967,880,T2,2025-11-27T07:32:21.000Z,41,41,38,0,3,0.926829268292683,148.31413194444445
L880:T2:I3966,880,T2,2025-11-30T07:19:40.000Z,41,41,38,0,3,0.926829268292683,151.30532407407406
L881:T0,881,T0,2026-01-28T00:00:00.000Z,59,59,58,0,1,0.9830508474576272,205
L881:T1:I3974,881,T1,2026-01-28T16:14:24.000Z,60,60,58,0,2,0.9666666666666667,205.67666666666668
L881:T2:I3970,881,T2,2026-01-29T20:57:54.000Z,60,60,58,0,2,0.9666666666666667,206.87354166666665
L881:T2:I3969,881,T2,2026-02-04T12:25:02.000Z,59,59,58,0,1,0.9830508474576272,97.51738425925926
L881:T2:I3968,881,T2,2026-02-04T17:54:35.000Z,60,60,59,0,1,0.9833333333333333,97.74623842592592
L881:T2:I3975,881,T2,2026-02-05T14:44:37.000Z,60,60,59,0,1,0.9833333333333333,98.61431712962963
L881:T2:I3972,881,T2,2026-03-03T11:38:00.000Z,65,65,61,0,4,0.9384615384615385,124.48472222222222
L881:T2:I3971,881,T2,2026-05-07T18:17:00.000Z,73,73,72,0,1,0.9863013698630136,105.76180555555555
L881:T2:I3973,881,T2,2026-05-12T16:49:00.000Z,74,74,72,0,2,0.972972972972973,110.70069444444445
L882:T0,882,T0,2025-01-29T00:00:00.000Z,10,1,1,9,0,0.1,5
L882:T1:I3978,882,T1,2025-08-16T13:11:00.000Z,21,21,18,0,3,0.8571428571428571,192.54930555555555
L882:T2:I3977,882,T2,2026-02-27T12:21:00.000Z,30,30,28,0,2,0.9333333333333333,143.51458333333332
L882:T2:I3976,882,T2,2026-04-17T13:29:00.000Z,32,32,32,0,0,1,60.56180555555556
L883:T0,883,T0,2026-05-13T00:00:00.000Z,89,89,87,0,2,0.9775280898876404,230
L883:T1:I3980,883,T1,2026-05-15T17:54:48.000Z,90,90,88,0,2,0.9777777777777777,232.7463888888889
L883:T2:I3979,883,T2,2026-05-23T12:43:37.000Z,90,90,87,0,3,0.9666666666666667,240.53028935185185
L884:T0,884,T0,2025-12-01T00:00:00.000Z,40,40,37,0,3,0.925,152
L884:T1:I3982,884,T1,2025-12-10T15:57:02.000Z,40,40,37,0,3,0.925,161.66460648148148
L884:T2:I3981,884,T2,2025-12-11T17:07:44.000Z,40,40,37,0,3,0.925,162.71370370370371
L885:T0,885,T0,2026-04-17T00:00:00.000Z,21,21,21,0,0,1,67
L885:T1:I3985,885,T1,2026-04-18T07:11:52.000Z,21,21,21,0,0,1,68.2999074074074
L885:T2:I3983,885,T2,2026-04-19T09:16:29.000Z,22,22,22,0,0,1,69.38644675925926
L885:T2:I3984,885,T2,2026-04-28T09:06:54.000Z,22,22,22,0,0,1,78.37979166666666
L886:T0,886,T0,2025-02-12T00:00:00.000Z,9,1,1,8,0,0.1111111111111111,1
L886:T1:I3989,886,T1,2025-02-12T10:20:00.000Z,10,1,1,9,0,0.1,1.4305555555555556
L886:T2:I3987,886,T2,2025-05-22T13:15:00.000Z,17,13,12,4,1,0.7058823529411765,98.55208333333333
L886:T2:I3988,886,T2,2025-06-07T08:57:00.000Z,19,17,15,2,2,0.7894736842105263,114.37291666666667
L886:T2:I3986,886,T2,2025-06-20T12:45:00.000Z,20,19,15,1,4,0.75,127.53125
L886:T2:I3991,886,T2,2025-06-22T08:37:00.000Z,20,20,16,0,4,0.8,129.35902777777778
L886:T2:I3990,886,T2,2025-07-14T16:52:00.000Z,21,20,18,1,2,0.8571428571428571,138.70277777777778
L887:T0,887,T0,2025-07-14T00:00:00.000Z,12,12,9,0,3,0.75,168
L887:T1:I3992,887,T1,2025-07-18T15:24:03.000Z,13,13,10,0,3,0.7692307692307693,172.6417013888889
L887:T2:I3993,887,T2,2025-07-20T19:12:57.000Z,14,13,10,1,3,0.7142857142857143,174.80065972222224
L888:T0,888,T0,2025-11-21T00:00:00.000Z,88,87,78,1,9,0.8863636363636364,173
L888:T1:I3996,888,T1,2025-11-21T17:09:02.000Z,89,88,79,1,9,0.8876404494382022,173.71460648148147
L888:T2:I3998,888,T2,2025-11-25T15:05:47.000Z,89,88,80,1,8,0.898876404494382,177.6290162037037
L888:T2:I4000,888,T2,2025-11-27T16:38:43.000Z,89,88,79,1,9,0.8876404494382022,179.69355324074073
L888:T2:I3995,888,T2,2025-11-29T12:48:27.000Z,90,89,80,1,9,0.8888888888888888,181.53364583333334
L888:T2:I3999,888,T2,2025-11-30T11:46:58.000Z,90,89,80,1,9,0.8888888888888888,182.49094907407408
L888:T2:I3997,888,T2,2025-12-03T10:06:14.000Z,90,89,77,1,12,0.8555555555555555,185.42099537037038
L888:T2:I3994,888,T2,2026-03-09T12:17:00.000Z,105,105,103,0,2,0.9809523809523809,104.51180555555555
L889:T0,889,T0,2026-04-28T00:00:00.000Z,20,20,18,0,2,0.9,158
L889:T1:I4003,889,T1,2026-04-29T11:31:30.000Z,21,21,19,0,2,0.9047619047619048,159.48020833333334
L889:T2:I4001,889,T2,2026-05-08T16:43:50.000Z,21,21,19,0,2,0.9047619047619048,168.69710648148148
L889:T2:I4004,889,T2,2026-06-10T17:37:00.000Z,21,21,15,0,6,0.7142857142857143,201.73402777777778
L889:T2:I4002,889,T2,2026-06-29T17:40:00.000Z,23,23,22,0,1,0.9565217391304348,140.73611111111111
L890:T0,890,T0,2026-05-16T00:00:00.000Z,33,33,32,0,1,0.9696969696969697,102
L890:T1:I4005,890,T1,2026-05-19T15:09:00.000Z,34,34,32,0,2,0.9411764705882353,105.63125
L891:T0,891,T0,2025-10-24T00:00:00.000Z,16,16,15,0,1,0.9375,139
L891:T1:I4010,891,T1,2025-10-28T07:15:42.000Z,17,17,16,0,1,0.9411764705882353,143.30256944444446
L891:T2:I4011,891,T2,2025-11-04T10:32:15.000Z,17,17,16,0,1,0.9411764705882353,150.4390625
L891:T2:I4007,891,T2,2025-11-15T18:16:00.000Z,17,17,16,0,1,0.9411764705882353,161.76111111111112
L891:T2:I4006,891,T2,2026-02-17T09:25:00.000Z,20,20,19,0,1,0.95,97.39236111111111
L891:T2:I4009,891,T2,2026-04-22T09:06:00.000Z,23,23,23,0,0,1,58.37916666666667
L891:T2:I4008,891,T2,2026-06-05T10:11:00.000Z,25,25,24,0,1,0.96,91.42430555555555
L892:T0,892,T0,2025-09-16T00:00:00.000Z,39,39,33,0,6,0.8461538461538461,134
L892:T1:I4014,892,T1,2025-09-24T08:35:37.000Z,40,40,34,0,6,0.85,117.35806712962963
L892:T2:I4012,892,T2,2025-09-29T11:58:26.000Z,40,40,36,0,4,0.9,122.49891203703703
L892:T2:I4013,892,T2,2026-05-08T09:41:00.000Z,64,64,63,0,1,0.984375,193.40347222222223
L893:T0,893,T0,2026-03-11T00:00:00.000Z,65,65,62,0,3,0.9538461538461539,212
L893:T1:I4019,893,T1,2026-03-11T19:46:04.000Z,66,66,63,0,3,0.9545454545454546,212.8236574074074
L893:T2:I4022,893,T2,2026-03-12T18:05:17.000Z,66,66,63,0,3,0.9545454545454546,213.75366898148147
L893:T2:I4018,893,T2,2026-03-13T14:34:53.000Z,66,66,64,0,2,0.9696969696969697,214.60755787037036
L893:T2:I4017,893,T2,2026-03-16T20:32:40.000Z,66,66,65,0,1,0.9848484848484849,217.8560185185185
L893:T2:I4016,893,T2,2026-03-17T08:54:11.000Z,66,66,65,0,1,0.9848484848484849,218.37096064814816
L893:T2:I4020,893,T2,2026-03-21T08:50:03.000Z,67,67,66,0,1,0.9850746268656716,222.36809027777778
L893:T2:I4015,893,T2,2026-03-22T07:09:19.000Z,67,67,65,0,2,0.9701492537313433,223.29813657407408
L893:T2:I4021,893,T2,2026-06-28T13:42:00.000Z,83,83,79,0,4,0.9518072289156626,169.57083333333333
L894:T0,894,T0,2026-02-02T00:00:00.000Z,106,106,104,0,2,0.9811320754716981,116
L894:T1:I4028,894,T1,2026-02-02T17:50:58.000Z,107,107,105,0,2,0.9813084112149533,116.74372685185185
L894:T2:I4025,894,T2,2026-02-03T11:49:34.000Z,107,107,105,0,2,0.9813084112149533,117.49275462962963
L894:T2:I4030,894,T2,2026-02-06T07:03:10.000Z,108,108,106,0,2,0.9814814814814815,120.29386574074074
L894:T2:I4026,894,T2,2026-02-06T12:35:48.000Z,108,108,106,0,2,0.9814814814814815,120.52486111111111
L894:T2:I4027,894,T2,2026-02-06T17:46:02.000Z,108,108,106,0,2,0.9814814814814815,120.74030092592592
L894:T2:I4024,894,T2,2026-02-10T20:29:17.000Z,108,108,106,0,2,0.9814814814814815,124.85366898148148
L894:T2:I4029,894,T2,2026-02-11T18:50:45.000Z,109,109,108,0,1,0.9908256880733946,125.78524305555555
L894:T2:I4023,894,T2,2026-02-14T11:29:49.000Z,108,108,107,0,1,0.9907407407407407,128.47903935185184
L895:T0,895,T0,2026-01-23T00:00:00.000Z,20,20,20,0,0,1,74
L895:T1:I4031,895,T1,2026-03-23T11:45:00.000Z,25,25,24,0,1,0.96,97.48958333333333
L896:T0,896,T0,2025-01-08T00:00:00.000Z,18,1,1,17,0,0.05555555555555555,1
L896:T1:I4034,896,T1,2025-01-18T14:39:17.000Z,20,1,1,19,0,0.05,11.610613425925926
L896:T2:I4037,896,T2,2025-01-24T14:46:00.000Z,22,2,2,20,0,0.09090909090909091,17.615277777777777
L896:T2:I4036,896,T2,2025-02-04T18:44:00.000Z,24,2,2,22,0,0.08333333333333333,28.780555555555555
L896:T2:I4032,896,T2,2025-03-02T15:42:00.000Z,24,4,4,20,0,0.16666666666666666,24.654166666666665
L896:T2:I4035,896,T2,2026-01-21T07:09:00.000Z,44,44,41,0,3,0.9318181818181818,134.29791666666668
L896:T2:I4033,896,T2,2026-03-10T17:01:00.000Z,47,47,45,0,2,0.9574468085106383,125.70902777777778
L897:T0,897,T0,2026-05-20T00:00:00.000Z,63,63,62,0,1,0.9841269841269841,110
L897:T1:I4038,897,T1,2026-05-20T15:07:24.000Z,64,64,63,0,1,0.984375,110.6301388888889
L898:T0,898,T0,2025-01-20T00:00:00.000Z,15,0,0,15,0,0,
L898:T1:I4045,898,T1,2025-01-21T10:56:10.000Z,16,0,0,16,0,0,
L898:T2:I4041,898,T2,2025-01-24T08:42:23.000Z,16,0,0,16,0,0,
L898:T2:I4042,898,T2,2025-01-24T20:16:07.000Z,16,0,0,16,0,0,
L898:T2:I4046,898,T2,2025-01-29T20:23:41.000Z,16,0,0,16,0,0,
L898:T2:I4044,898,T2,2025-05-13T20:03:00.000Z,28,16,16,12,0,0.5714285714285714,79.83541666666666
L898:T2:I4040,898,T2,2025-05-25T16:40:00.000Z,28,15,14,13,1,0.5,91.69444444444444
L898:T2:I4043,898,T2,2025-09-26T18:19:00.000Z,34,33,28,1,5,0.8235294117647058,149.76319444444445
L898:T2:I4039,898,T2,2025-10-04T08:10:00.000Z,34,33,26,1,7,0.7647058823529411,157.34027777777777
L899:T0,899,T0,2026-01-20T00:00:00.000Z,21,21,19,0,2,0.9047619047619048,112
L899:T1:I4049,899,T1,2026-01-21T08:58:26.000Z,21,21,19,0,2,0.9047619047619048,113.37391203703703
L899:T2:I4047,899,T2,2026-01-29T15:48:03.000Z,22,22,21,0,1,0.9545454545454546,121.65836805555556
L899:T2:I4048,899,T2,2026-01-30T13:54:09.000Z,22,22,22,0,0,1,59.57927083333333
L900:T0,900,T0,2025-12-28T00:00:00.000Z,56,56,52,0,4,0.9285714285714286,143
L900:T1:I4050,900,T1,2026-01-02T19:12:20.000Z,56,56,51,0,5,0.9107142857142857,148.8002314814815
L901:T0,901,T0,2026-01-29T00:00:00.000Z,46,46,45,0,1,0.9782608695652174,96
L901:T1:I4052,901,T1,2026-02-05T09:43:55.000Z,48,48,47,0,1,0.9791666666666666,103.40549768518518
L901:T2:I4053,901,T2,2026-02-09T16:12:59.000Z,50,50,48,0,2,0.96,107.67568287037037
L901:T2:I4051,901,T2,2026-02-11T12:07:36.000Z,50,50,48,0,2,0.96,109.50527777777778
L901:T2:I4054,901,T2,2026-04-15T11:28:00.000Z,56,56,51,0,5,0.9107142857142857,157.4777777777778
L901:T2:I4055,901,T2,2026-04-29T08:21:00.000Z,57,57,54,0,3,0.9473684210526315,171.34791666666666
L902:T0,902,T0,2026-05-22T00:00:00.000Z,24,24,24,0,0,1,77
L902:T1:I4058,902,T1,2026-05-25T12:40:05.000Z,25,25,25,0,0,1,80.52783564814816
L902:T2:I4059,902,T2,2026-05-29T14:05:14.000Z,25,25,25,0,0,1,84.58696759259259
L902:T2:I4057,902,T2,2026-05-29T15:17:59.000Z,25,25,25,0,0,1,84.63748842592592
L902:T2:I4056,902,T2,2026-06-02T07:56:52.000Z,25,25,25,0,0,1,88.3311574074074
L902:T2:I4060,902,T2,2026-06-04T08:40:50.000Z,25,25,24,0,1,0.96,90.36168981481481
L903:T0,903,T0,2026-06-29T00:00:00.000Z,30,30,30,0,0,1,63
L903:T1:I4061,903,T1,2026-07-04T14:47:33.000Z,31,31,31,0,0,1,68.61635416666667
L904:T0,904,T0,2025-03-12T00:00:00.000Z,4,1,1,3,0,0.25,20
L904:T1:I4063,904,T1,2025-03-12T15:21:21.000Z,5,1,1,4,0,0.2,20.63982638888889
L904:T2:I4065,904,T2,2025-06-24T20:41:00.000Z,11,8,8,3,0,0.7272727272727273,42.861805555555556
L904:T2:I4064,904,T2,2025-07-10T16:43:00.000Z,12,10,10,2,0,0.8333333333333334,58.696527777777774
L904:T2:I4066,904,T2,2025-10-19T12:51:00.000Z,15,14,11,1,3,0.7333333333333333,143.53541666666666
L904:T2:I4062,904,T2,2025-12-08T18:49:00.000Z,15,14,13,1,1,0.8666666666666667,181.78402777777777
L904:T2:I4067,904,T2,2026-04-02T15:59:00.000Z,17,17,16,0,1,0.9411764705882353,115.66597222222222
L905:T0,905,T0,2026-04-20T00:00:00.000Z,50,50,48,0,2,0.96,116
L905:T1:I4070,905,T1,2026-04-22T14:25:58.000Z,51,51,50,0,1,0.9803921568627451,118.60136574074075
L905:T2:I4071,905,T2,2026-04-22T19:33:30.000Z,51,51,49,0,2,0.9607843137254902,118.81493055555555
L905:T2:I4068,905,T2,2026-04-28T13:16:55.000Z,51,51,50,0,1,0.9803921568627451,124.55341435185186
L905:T2:I4069,905,T2,2026-05-01T14:56:47.000Z,51,51,50,0,1,0.9803921568627451,127.6227662037037
L906:T0,906,T0,2025-11-07T00:00:00.000Z,88,87,81,1,6,0.9204545454545454,159
L906:T1:I4073,906,T1,2025-11-14T20:31:00.000Z,89,88,81,1,7,0.9101123595505618,166.85486111111112
L906:T2:I4074,906,T2,2026-01-14T08:52:00.000Z,102,101,91,1,10,0.8921568627450981,151.36944444444444
L906:T2:I4072,906,T2,2026-02-15T19:34:00.000Z,104,103,97,1,6,0.9326923076923077,156.81527777777777
L907:T0,907,T0,2025-12-01T00:00:00.000Z,54,54,51,0,3,0.9444444444444444,152
L907:T1:I4077,907,T1,2025-12-02T17:30:04.000Z,55,55,52,0,3,0.9454545454545454,153.72921296296298
L907:T2:I4076,907,T2,2025-12-09T14:17:53.000Z,55,55,49,0,6,0.8909090909090909,160.5957523148148
L907:T2:I4075,907,T2,2026-01-19T10:25:00.000Z,59,59,56,0,3,0.9491525423728814,132.43402777777777
L907:T2:I4078,907,T2,2026-05-07T17:59:00.000Z,72,72,69,0,3,0.9583333333333334,106.74930555555555
L908:T0,908,T0,2026-06-24T00:00:00.000Z,92,92,92,0,0,1,82
L908:T1:I4081,908,T1,2026-06-27T16:01:13.000Z,93,93,93,0,0,1,85.66751157407407
L908:T2:I4079,908,T2,2026-07-03T17:52:52.000Z,93,93,92,0,1,0.989247311827957,91.7450462962963
L908:T2:I4080,908,T2,2026-07-03T19:48:03.000Z,93,93,92,0,1,0.989247311827957,91.82503472222223
L908:T2:I4082,908,T2,2026-07-06T18:00:27.000Z,92,92,90,0,2,0.9782608695652174,94.7503125
L909:T0,909,T0,2026-02-13T00:00:00.000Z,56,56,54,0,2,0.9642857142857143,180
L909:T1:I4085,909,T1,2026-02-15T19:38:35.000Z,57,57,55,0,2,0.9649122807017544,182.81846064814815
L909:T2:I4084,909,T2,2026-02-22T09:30:33.000Z,58,58,56,0,2,0.9655172413793104,189.39621527777777
L909:T2:I4083,909,T2,2026-02-23T10:55:43.000Z,58,58,56,0,2,0.9655172413793104,190.4553587962963
L909:T2:I4086,909,T2,2026-03-17T12:36:00.000Z,60,60,60,0,0,1,89.525
L909:T2:I4087,909,T2,2026-06-09T12:22:00.000Z,70,70,67,0,3,0.9571428571428572,108.51527777777778
L910:T0,910,T0,2026-05-22T00:00:00.000Z,55,55,52,0,3,0.9454545454545454,109
L910:T1:I4088,910,T1,2026-05-25T20:46:19.000Z,56,56,53,0,3,0.9464285714285714,112.86549768518519
L910:T2:I4090,910,T2,2026-05-29T15:33:01.000Z,56,56,52,0,4,0.9285714285714286,116.64792824074074
L910:T2:I4091,910,T2,2026-06-04T12:59:54.000Z,56,56,53,0,3,0.9464285714285714,122.54159722222222
