prediction_key,lead_id,stage,score_time,n_candidates,n_snapshot_found,n_availability_known,n_no_snapshot,n_stale_gt_90d,availability_known_rate,max_snapshot_age_days
L1815:T0,1815,T0,2026-01-05T00:00:00.000Z,7,7,7,0,0,1,55
L1815:T1:I8187,1815,T1,2026-01-17T13:08:57.000Z,9,9,9,0,0,1,49.54788194444444
L1816:T0,1816,T0,2025-05-31T00:00:00.000Z,39,20,20,19,0,0.5128205128205128,89
L1816:T1:I8192,1816,T1,2025-06-24T13:08:00.000Z,41,26,23,15,3,0.5609756097560976,107.54722222222222
L1816:T2:I8191,1816,T2,2025-06-30T08:23:00.000Z,41,26,23,15,3,0.5609756097560976,113.34930555555556
L1816:T2:I8188,1816,T2,2025-07-21T15:34:00.000Z,46,35,33,11,2,0.717391304347826,134.6486111111111
L1816:T2:I8190,1816,T2,2025-07-24T15:17:00.000Z,47,38,36,9,2,0.7659574468085106,137.63680555555555
L1816:T2:I8189,1816,T2,2025-08-18T19:11:00.000Z,48,42,39,6,3,0.8125,111.79930555555555
L1816:T2:I8195,1816,T2,2025-10-26T19:01:00.000Z,54,53,50,1,3,0.9259259259259259,116.7923611111111
L1816:T2:I8193,1816,T2,2025-11-07T16:16:00.000Z,54,54,51,0,3,0.9444444444444444,128.67777777777778
L1816:T2:I8194,1816,T2,2025-12-07T10:48:00.000Z,55,55,50,0,5,0.9090909090909091,158.45
L1817:T0,1817,T0,2025-06-12T00:00:00.000Z,26,21,18,5,3,0.6923076923076923,119
L1817:T1:I8198,1817,T1,2025-06-14T16:02:29.000Z,27,22,19,5,3,0.7037037037037037,121.6683912037037
L1817:T2:I8197,1817,T2,2025-07-07T18:40:00.000Z,27,25,23,2,2,0.8518518518518519,140.77777777777777
L1817:T2:I8203,1817,T2,2025-08-19T19:05:00.000Z,36,35,31,1,4,0.8611111111111112,183.79513888888889
L1817:T2:I8200,1817,T2,2025-10-18T07:24:00.000Z,43,43,39,0,4,0.9069767441860465,243.30833333333334
L1817:T2:I8202,1817,T2,2026-01-27T20:13:00.000Z,48,48,47,0,1,0.9791666666666666,127.84236111111112
L1817:T2:I8201,1817,T2,2026-02-16T16:50:00.000Z,49,49,49,0,0,1,79.70138888888889
L1817:T2:I8196,1817,T2,2026-03-14T17:58:00.000Z,53,53,49,0,4,0.9245283018867925,105.74861111111112
L1817:T2:I8199,1817,T2,2026-06-11T10:14:00.000Z,60,60,58,0,2,0.9666666666666667,137.42638888888888
L1818:T0,1818,T0,2025-02-07T00:00:00.000Z,26,6,6,20,0,0.23076923076923078,14
L1818:T1:I8211,1818,T1,2025-02-14T08:16:31.000Z,28,6,6,22,0,0.21428571428571427,21.34480324074074
L1818:T2:I8206,1818,T2,2025-02-15T10:40:27.000Z,28,6,6,22,0,0.21428571428571427,22.444756944444446
L1818:T2:I8204,1818,T2,2025-04-29T10:38:00.000Z,37,25,25,12,0,0.6756756756756757,85.44305555555556
L1818:T2:I8210,1818,T2,2025-11-22T12:31:00.000Z,65,65,59,0,6,0.9076923076923077,125.52152777777778
L1818:T2:I8205,1818,T2,2026-01-19T09:53:00.000Z,71,71,69,0,2,0.971830985915493,126.41180555555556
L1818:T2:I8208,1818,T2,2026-02-02T12:05:00.000Z,72,72,69,0,3,0.9583333333333334,140.50347222222223
L1818:T2:I8209,1818,T2,2026-03-15T11:13:00.000Z,80,80,77,0,3,0.9625,124.46736111111112
L1818:T2:I8207,1818,T2,2026-06-07T19:27:00.000Z,90,90,89,0,1,0.9888888888888889,95.81041666666667
L1819:T0,1819,T0,2025-09-24T00:00:00.000Z,11,11,9,0,2,0.8181818181818182,145
L1819:T1:I8213,1819,T1,2025-10-05T19:40:31.000Z,12,12,10,0,2,0.8333333333333334,150.81980324074075
L1819:T2:I8214,1819,T2,2026-02-13T11:12:00.000Z,16,16,16,0,0,1,84.46666666666667
L1819:T2:I8215,1819,T2,2026-03-23T11:03:00.000Z,17,17,15,0,2,0.8823529411764706,122.46041666666666
L1819:T2:I8212,1819,T2,2026-06-06T09:55:00.000Z,21,21,15,0,6,0.7142857142857143,197.41319444444446
L1820:T0,1820,T0,2026-04-16T00:00:00.000Z,76,76,70,0,6,0.9210526315789473,146
L1820:T1:I8216,1820,T1,2026-04-27T08:40:12.000Z,80,80,75,0,5,0.9375,149.36125
L1820:T2:I8217,1820,T2,2026-04-27T16:30:02.000Z,80,80,75,0,5,0.9375,149.68752314814816
L1821:T0,1821,T0,2026-05-14T00:00:00.000Z,64,64,61,0,3,0.953125,114
L1821:T1:I8223,1821,T1,2026-05-14T19:35:28.000Z,65,65,62,0,3,0.9538461538461539,114.8162962962963
L1821:T2:I8218,1821,T2,2026-05-15T16:14:44.000Z,65,65,62,0,3,0.9538461538461539,115.67689814814815
L1821:T2:I8220,1821,T2,2026-05-16T11:29:40.000Z,65,65,62,0,3,0.9538461538461539,116.47893518518518
L1821:T2:I8222,1821,T2,2026-05-20T10:53:28.000Z,66,66,63,0,3,0.9545454545454546,120.45379629629629
L1821:T2:I8221,1821,T2,2026-05-25T12:57:13.000Z,66,66,63,0,3,0.9545454545454546,125.53973379629629
L1821:T2:I8224,1821,T2,2026-05-26T17:51:11.000Z,66,66,63,0,3,0.9545454545454546,126.74387731481481
L1821:T2:I8219,1821,T2,2026-05-27T14:46:03.000Z,65,65,62,0,3,0.9538461538461539,127.6153125
L1822:T0,1822,T0,2025-12-16T00:00:00.000Z,35,35,33,0,2,0.9428571428571428,186
L1822:T1:I8225,1822,T1,2025-12-20T14:18:15.000Z,36,36,34,0,2,0.9444444444444444,190.59600694444444
L1823:T0,1823,T0,2025-05-02T00:00:00.000Z,20,17,15,3,2,0.75,102
L1823:T1:I8227,1823,T1,2025-05-12T12:27:58.000Z,21,19,16,2,3,0.7619047619047619,112.5194212962963
L1823:T2:I8226,1823,T2,2025-07-14T16:59:00.000Z,28,26,24,2,2,0.8571428571428571,126.7076388888889
L1823:T2:I8228,1823,T2,2025-12-30T11:15:00.000Z,43,43,38,0,5,0.8837209302325582,163.46875
L1824:T0,1824,T0,2025-04-02T00:00:00.000Z,16,7,7,9,0,0.4375,59
L1824:T1:I8231,1824,T1,2025-04-04T13:21:16.000Z,17,8,8,9,0,0.47058823529411764,61.55643518518519
L1824:T2:I8229,1824,T2,2025-04-05T16:49:45.000Z,17,10,10,7,0,0.5882352941176471,62.70121527777778
L1824:T2:I8230,1824,T2,2025-05-10T10:27:00.000Z,18,16,14,2,2,0.7777777777777778,97.43541666666667
L1824:T2:I8232,1824,T2,2026-05-12T11:51:00.000Z,39,39,38,0,1,0.9743589743589743,106.49375
L1825:T0,1825,T0,2025-07-11T00:00:00.000Z,41,40,34,1,6,0.8292682926829268,140
L1825:T1:I8237,1825,T1,2025-07-16T08:19:39.000Z,42,41,35,1,6,0.8333333333333334,145.34697916666667
L1825:T2:I8234,1825,T2,2025-10-19T19:54:00.000Z,48,47,39,1,8,0.8125,240.82916666666668
L1825:T2:I8236,1825,T2,2025-12-01T19:47:00.000Z,50,50,43,0,7,0.86,283.82430555555555
L1825:T2:I8235,1825,T2,2025-12-06T13:23:00.000Z,50,50,43,0,7,0.86,288.5576388888889
L1825:T2:I8233,1825,T2,2026-03-06T11:45:00.000Z,60,60,58,0,2,0.9666666666666667,209.48958333333334
L1826:T0,1826,T0,2025-04-15T00:00:00.000Z,25,17,17,8,0,0.68,85
L1826:T1:I8241,1826,T1,2025-04-23T14:44:22.000Z,26,18,17,8,1,0.6538461538461539,93.61414351851852
L1826:T2:I8238,1826,T2,2025-05-09T07:54:00.000Z,26,19,16,7,3,0.6153846153846154,109.32916666666667
L1826:T2:I8243,1826,T2,2025-09-02T14:48:00.000Z,38,38,34,0,4,0.8947368421052632,120.61666666666666
L1826:T2:I8242,1826,T2,2025-10-29T17:37:00.000Z,45,45,39,0,6,0.8666666666666667,139.73402777777778
L1826:T2:I8244,1826,T2,2026-01-14T09:44:00.000Z,56,56,52,0,4,0.9285714285714286,164.40555555555557
L1826:T2:I8240,1826,T2,2026-01-17T07:48:00.000Z,56,56,52,0,4,0.9285714285714286,167.325
L1826:T2:I8239,1826,T2,2026-03-23T10:33:00.000Z,62,62,60,0,2,0.967741935483871,147.43958333333333
L1827:T0,1827,T0,2025-03-27T00:00:00.000Z,39,23,23,16,0,0.5897435897435898,82
L1827:T1:I8252,1827,T1,2025-03-30T12:29:44.000Z,40,26,26,14,0,0.65,85.52064814814815
L1827:T2:I8250,1827,T2,2025-04-08T07:52:58.000Z,43,28,27,15,1,0.627906976744186,94.32844907407407
L1827:T2:I8246,1827,T2,2025-05-20T17:58:00.000Z,47,39,35,8,4,0.7446808510638298,136.7486111111111
L1827:T2:I8245,1827,T2,2025-07-07T20:07:00.000Z,51,48,40,3,8,0.7843137254901961,184.83819444444444
L1827:T2:I8247,1827,T2,2026-04-20T11:01:00.000Z,89,89,87,0,2,0.9775280898876404,97.45902777777778
L1827:T2:I8249,1827,T2,2026-04-25T20:56:00.000Z,91,91,89,0,2,0.978021978021978,102.87222222222222
L1827:T2:I8251,1827,T2,2026-05-07T10:30:00.000Z,94,94,92,0,2,0.9787234042553191,110.4375
L1827:T2:I8248,1827,T2,2026-05-19T20:41:00.000Z,96,96,93,0,3,0.96875,109.86180555555555
L1828:T0,1828,T0,2025-03-28T00:00:00.000Z,42,23,23,19,0,0.5476190476190477,60
L1828:T1:I8255,1828,T1,2025-06-24T18:58:00.000Z,60,50,46,10,4,0.7666666666666667,143.7902777777778
L1828:T2:I8259,1828,T2,2025-07-03T20:13:00.000Z,62,54,50,8,4,0.8064516129032258,152.8423611111111
L1828:T2:I8254,1828,T2,2025-07-15T07:50:00.000Z,64,55,49,9,6,0.765625,164.32638888888889
L1828:T2:I8253,1828,T2,2025-07-29T11:00:00.000Z,67,58,50,9,8,0.746268656716418,178.45833333333334
L1828:T2:I8258,1828,T2,2026-03-06T16:26:00.000Z,105,105,103,0,2,0.9809523809523809,152.68472222222223
L1828:T2:I8256,1828,T2,2026-04-13T11:40:00.000Z,109,109,105,0,4,0.963302752293578,139.48611111111111
L1828:T2:I8257,1828,T2,2026-06-16T18:47:00.000Z,118,118,116,0,2,0.9830508474576272,94.78263888888888
L1829:T0,1829,T0,2025-01-21T00:00:00.000Z,3,0,0,3,0,0,
L1829:T1:I8261,1829,T1,2025-01-21T11:25:25.000Z,4,0,0,4,0,0,
L1829:T2:I8260,1829,T2,2025-04-26T09:12:00.000Z,6,4,4,2,0,0.6666666666666666,43.38333333333333
L1829:T2:I8262,1829,T2,2026-04-29T08:36:00.000Z,17,17,16,0,1,0.9411764705882353,120.35833333333333
L1830:T0,1830,T0,2025-01-03T00:00:00.000Z,7,0,0,7,0,0,
L1830:T1:I8264,1830,T1,2025-01-08T09:40:36.000Z,9,0,0,9,0,0,
L1830:T2:I8265,1830,T2,2025-02-08T16:48:00.000Z,10,0,0,10,0,0,
L1830:T2:I8268,1830,T2,2025-02-24T16:31:00.000Z,12,3,3,9,0,0.25,13.688194444444445
L1830:T2:I8266,1830,T2,2025-08-18T17:36:00.000Z,24,24,19,0,5,0.7916666666666666,173.73333333333332
L1830:T2:I8263,1830,T2,2025-09-02T18:45:00.000Z,24,24,21,0,3,0.875,188.78125
L1830:T2:I8267,1830,T2,2025-12-09T13:13:00.000Z,26,26,23,0,3,0.8846153846153846,120.55069444444445
L1831:T0,1831,T0,2025-08-14T00:00:00.000Z,22,19,18,3,1,0.8181818181818182,94
L1831:T1:I8272,1831,T1,2025-08-14T09:03:57.000Z,23,20,19,3,1,0.8260869565217391,94.37774305555556
L1831:T2:I8274,1831,T2,2025-08-20T10:55:03.000Z,24,21,19,3,2,0.7916666666666666,100.45489583333334
L1831:T2:I8271,1831,T2,2025-09-29T12:09:00.000Z,26,26,24,0,2,0.9230769230769231,140.50625
L1831:T2:I8269,1831,T2,2025-10-16T10:31:00.000Z,27,27,24,0,3,0.8888888888888888,157.43819444444443
L1831:T2:I8276,1831,T2,2026-03-02T16:23:00.000Z,31,31,29,0,2,0.9354838709677419,107.68263888888889
L1831:T2:I8273,1831,T2,2026-04-01T19:33:00.000Z,32,32,30,0,2,0.9375,137.81458333333333
L1831:T2:I8270,1831,T2,2026-05-23T17:14:00.000Z,35,35,35,0,0,1,68.71805555555555
L1831:T2:I8275,1831,T2,2026-06-24T14:07:00.000Z,37,37,36,0,1,0.972972972972973,90.58819444444444
L1832:T0,1832,T0,2026-05-06T00:00:00.000Z,28,28,26,0,2,0.9285714285714286,127
L1832:T1:I8281,1832,T1,2026-05-11T15:06:44.000Z,29,29,27,0,2,0.9310344827586207,132.62967592592594
L1832:T2:I8282,1832,T2,2026-05-12T14:00:22.000Z,29,29,27,0,2,0.9310344827586207,133.58358796296295
L1832:T2:I8279,1832,T2,2026-05-13T10:42:07.000Z,29,29,27,0,2,0.9310344827586207,134.44591435185185
L1832:T2:I8284,1832,T2,2026-05-14T12:33:47.000Z,29,29,28,0,1,0.9655172413793104,135.52346064814816
L1832:T2:I8278,1832,T2,2026-05-17T10:17:38.000Z,30,30,29,0,1,0.9666666666666667,138.42891203703704
L1832:T2:I8277,1832,T2,2026-05-19T08:59:15.000Z,31,31,30,0,1,0.967741935483871,140.37447916666667
L1832:T2:I8280,1832,T2,2026-05-19T13:42:03.000Z,31,31,30,0,1,0.967741935483871,140.57086805555556
L1832:T2:I8283,1832,T2,2026-06-07T19:56:00.000Z,33,33,32,0,1,0.9696969696969697,95.83055555555555
L1833:T0,1833,T0,2025-02-23T00:00:00.000Z,16,1,1,15,0,0.0625,30
L1833:T1:I8285,1833,T1,2026-05-12T19:47:00.000Z,55,55,54,0,1,0.9818181818181818,116.82430555555555
L1834:T0,1834,T0,2026-03-20T00:00:00.000Z,29,29,26,0,3,0.896551724137931,123
L1834:T1:I8287,1834,T1,2026-03-25T19:43:14.000Z,31,31,27,0,4,0.8709677419354839,128.82168981481482
L1834:T2:I8291,1834,T2,2026-03-26T20:38:40.000Z,31,31,27,0,4,0.8709677419354839,129.86018518518517
L1834:T2:I8290,1834,T2,2026-03-27T10:47:37.000Z,31,31,28,0,3,0.9032258064516129,130.4497337962963
L1834:T2:I8286,1834,T2,2026-03-29T10:35:30.000Z,30,30,27,0,3,0.9,132.44131944444445
L1834:T2:I8289,1834,T2,2026-03-31T17:21:38.000Z,31,31,27,0,4,0.8709677419354839,134.7233564814815
L1834:T2:I8288,1834,T2,2026-03-31T18:56:25.000Z,31,31,28,0,3,0.9032258064516129,134.78917824074074
L1835:T0,1835,T0,2025-06-13T00:00:00.000Z,21,18,15,3,3,0.7142857142857143,130
L1835:T1:I8294,1835,T1,2025-06-16T17:43:44.000Z,22,20,16,2,4,0.7272727272727273,133.7387037037037
L1835:T2:I8293,1835,T2,2025-06-19T13:39:54.000Z,22,20,17,2,3,0.7727272727272727,136.569375
L1835:T2:I8292,1835,T2,2026-03-15T11:59:00.000Z,32,32,30,0,2,0.9375,139.49930555555557
L1836:T0,1836,T0,2026-01-24T00:00:00.000Z,65,65,62,0,3,0.9538461538461539,190
L1836:T1:I8297,1836,T1,2026-01-27T08:29:00.000Z,66,66,64,0,2,0.9696969696969697,137.35347222222222
L1836:T2:I8298,1836,T2,2026-01-29T18:37:07.000Z,66,66,64,0,2,0.9696969696969697,139.77577546296297
L1836:T2:I8296,1836,T2,2026-02-06T19:32:06.000Z,67,67,64,0,3,0.9552238805970149,147.81395833333335
L1836:T2:I8295,1836,T2,2026-02-14T14:31:00.000Z,67,67,63,0,4,0.9402985074626866,155.60486111111112
L1836:T2:I8299,1836,T2,2026-04-21T10:28:00.000Z,74,74,72,0,2,0.972972972972973,126.43611111111112
L1837:T0,1837,T0,2026-04-09T00:00:00.000Z,48,48,46,0,2,0.9583333333333334,106
L1837:T1:I8300,1837,T1,2026-04-17T09:30:39.000Z,49,49,47,0,2,0.9591836734693877,100.39628472222222
L1837:T2:I8301,1837,T2,2026-04-17T10:44:13.000Z,49,49,47,0,2,0.9591836734693877,100.44737268518519
L1837:T2:I8302,1837,T2,2026-04-19T12:10:43.000Z,49,49,48,0,1,0.9795918367346939,98.50744212962962
L1837:T2:I8303,1837,T2,2026-04-21T09:52:55.000Z,51,51,50,0,1,0.9803921568627451,100.41174768518519
L1838:T0,1838,T0,2025-11-19T00:00:00.000Z,34,34,31,0,3,0.9117647058823529,192
L1838:T1:I8305,1838,T1,2025-11-22T11:16:45.000Z,35,35,32,0,3,0.9142857142857143,195.4699652777778
L1838:T2:I8304,1838,T2,2025-11-27T09:26:37.000Z,34,34,32,0,2,0.9411764705882353,200.3934837962963
L1838:T2:I8307,1838,T2,2025-12-01T07:10:30.000Z,35,35,33,0,2,0.9428571428571428,204.29895833333333
L1838:T2:I8306,1838,T2,2025-12-01T13:07:47.000Z,35,35,33,0,2,0.9428571428571428,204.54707175925927
L1838:T2:I8309,1838,T2,2025-12-01T15:01:45.000Z,35,35,33,0,2,0.9428571428571428,204.6262152777778
L1838:T2:I8308,1838,T2,2026-04-19T15:34:00.000Z,45,45,45,0,0,1,84.64861111111111
L1839:T0,1839,T0,2025-01-24T00:00:00.000Z,25,2,2,23,0,0.08,9
L1839:T1:I8313,1839,T1,2025-01-31T12:37:22.000Z,27,3,3,24,0,0.1111111111111111,16.525949074074074
L1839:T2:I8314,1839,T2,2025-02-06T19:44:05.000Z,26,3,3,23,0,0.11538461538461539,22.822280092592592
L1839:T2:I8310,1839,T2,2025-08-18T11:54:00.000Z,40,40,35,0,5,0.875,205.49583333333334
L1839:T2:I8315,1839,T2,2025-09-30T17:17:00.000Z,42,42,36,0,6,0.8571428571428571,248.7201388888889
L1839:T2:I8312,1839,T2,2026-04-09T16:10:00.000Z,60,60,58,0,2,0.9666666666666667,110.67361111111111
L1839:T2:I8311,1839,T2,2026-05-10T12:57:00.000Z,62,62,61,0,1,0.9838709677419355,99.53958333333334
L1840:T0,1840,T0,2025-02-25T00:00:00.000Z,17,4,4,13,0,0.23529411764705882,27
L1840:T1:I8319,1840,T1,2025-03-03T16:27:49.000Z,18,5,5,13,0,0.2777777777777778,33.6859837962963
L1840:T2:I8317,1840,T2,2025-08-01T18:51:00.000Z,35,34,32,1,2,0.9142857142857143,128.78541666666666
L1840:T2:I8316,1840,T2,2025-09-22T12:43:00.000Z,41,41,35,0,6,0.8536585365853658,132.5298611111111
L1840:T2:I8318,1840,T2,2026-06-17T08:10:00.000Z,55,55,54,0,1,0.9818181818181818,112.34027777777777
L1841:T0,1841,T0,2025-12-12T00:00:00.000Z,17,17,16,0,1,0.9411764705882353,134
L1841:T1:I8320,1841,T1,2025-12-24T11:53:18.000Z,18,18,18,0,0,1,49.49534722222222
L1841:T2:I8321,1841,T2,2026-01-14T14:23:00.000Z,20,20,20,0,0,1,68.59930555555556
L1842:T0,1842,T0,2025-11-03T00:00:00.000Z,97,97,87,0,10,0.8969072164948454,282
L1842:T1:I8322,1842,T1,2025-11-03T07:10:52.000Z,98,98,88,0,10,0.8979591836734694,282.29921296296294
L1842:T2:I8323,1842,T2,2025-11-08T19:34:34.000Z,100,100,92,0,8,0.92,154.8156712962963
L1842:T2:I8324,1842,T2,2025-11-17T17:38:00.000Z,104,104,99,0,5,0.9519230769230769,139.73472222222222
L1842:T2:I8325,1842,T2,2026-04-21T09:03:00.000Z,137,137,136,0,1,0.9927007299270073,208.37708333333333
L1843:T0,1843,T0,2025-08-01T00:00:00.000Z,17,17,12,0,5,0.7058823529411765,153
L1843:T1:I8329,1843,T1,2025-08-03T18:55:09.000Z,18,18,13,0,5,0.7222222222222222,155.78829861111112
L1843:T2:I8326,1843,T2,2025-08-04T19:30:30.000Z,18,18,12,0,6,0.6666666666666666,156.81284722222222
L1843:T2:I8330,1843,T2,2025-08-09T16:31:43.000Z,18,18,13,0,5,0.7222222222222222,161.68869212962963
L1843:T2:I8327,1843,T2,2025-11-22T07:14:00.000Z,20,20,16,0,4,0.8,241.30138888888888
L1843:T2:I8333,1843,T2,2026-01-19T14:17:00.000Z,22,22,20,0,2,0.9090909090909091,213.5951388888889
L1843:T2:I8328,1843,T2,2026-04-17T07:43:00.000Z,24,24,22,0,2,0.9166666666666666,145.3215277777778
L1843:T2:I8332,1843,T2,2026-06-09T10:15:00.000Z,29,29,29,0,0,1,80.42708333333333
L1843:T2:I8331,1843,T2,2026-06-14T16:30:00.000Z,30,30,30,0,0,1,85.6875
L1844:T0,1844,T0,2025-11-14T00:00:00.000Z,14,14,13,0,1,0.9285714285714286,94
L1844:T1:I8334,1844,T1,2025-11-29T15:17:00.000Z,15,15,13,0,2,0.8666666666666667,109.63680555555555
L1844:T2:I8335,1844,T2,2026-01-17T12:34:00.000Z,19,19,18,0,1,0.9473684210526315,104.52361111111111
L1844:T2:I8336,1844,T2,2026-01-21T10:08:00.000Z,19,19,18,0,1,0.9473684210526315,108.42222222222222
L1845:T0,1845,T0,2025-08-02T00:00:00.000Z,26,26,25,0,1,0.9615384615384616,178
L1845:T1:I8338,1845,T1,2025-08-03T11:37:15.000Z,26,26,23,0,3,0.8846153846153846,179.4842013888889
L1845:T2:I8339,1845,T2,2025-10-02T16:38:00.000Z,29,29,26,0,3,0.896551724137931,150.69305555555556
L1845:T2:I8337,1845,T2,2026-03-06T18:45:00.000Z,42,42,40,0,2,0.9523809523809523,130.78125
L1846:T0,1846,T0,2025-02-13T00:00:00.000Z,17,3,3,14,0,0.17647058823529413,20
L1846:T1:I8340,1846,T1,2025-02-17T16:09:59.000Z,18,3,3,15,0,0.16666666666666666,24.67359953703704
L1847:T0,1847,T0,2025-10-01T00:00:00.000Z,48,47,42,1,5,0.875,249
L1847:T1:I8342,1847,T1,2025-10-11T07:04:00.000Z,50,49,43,1,6,0.86,259.2944444444444
L1847:T2:I8341,1847,T2,2026-01-23T18:55:00.000Z,56,56,53,0,3,0.9464285714285714,221.78819444444446
L1847:T2:I8343,1847,T2,2026-02-25T10:37:00.000Z,58,58,56,0,2,0.9655172413793104,192.4423611111111
L1848:T0,1848,T0,2025-03-12T00:00:00.000Z,15,5,5,10,0,0.3333333333333333,29
L1848:T1:I8344,1848,T1,2025-08-15T14:57:00.000Z,20,18,13,2,5,0.65,132.62291666666667
L1849:T0,1849,T0,2025-07-08T00:00:00.000Z,16,14,11,2,3,0.6875,178
L1849:T1:I8345,1849,T1,2025-07-20T08:51:54.000Z,17,16,12,1,4,0.7058823529411765,190.369375
L1849:T2:I8346,1849,T2,2025-09-15T10:56:00.000Z,18,17,14,1,3,0.7777777777777778,185.45555555555555
L1850:T0,1850,T0,2025-09-29T00:00:00.000Z,15,15,15,0,0,1,90
L1850:T1:I8351,1850,T1,2025-10-03T12:44:36.000Z,16,16,15,0,1,0.9375,94.53097222222222
L1850:T2:I8350,1850,T2,2025-10-04T14:08:19.000Z,16,16,15,0,1,0.9375,95.5891087962963
L1850:T2:I8348,1850,T2,2025-11-03T17:18:00.000Z,18,18,18,0,0,1,83.72083333333333
L1850:T2:I8352,1850,T2,2026-03-20T20:06:00.000Z,26,26,25,0,1,0.9615384615384616,143.8375
L1850:T2:I8349,1850,T2,2026-04-11T08:49:00.000Z,27,27,26,0,1,0.9629629629629629,91.36736111111111
L1850:T2:I8347,1850,T2,2026-05-24T13:07:00.000Z,29,29,29,0,0,1,73.54652777777778
L1851:T0,1851,T0,2025-02-14T00:00:00.000Z,43,12,12,31,0,0.27906976744186046,41
L1851:T1:I8355,1851,T1,2025-02-20T07:51:00.000Z,44,15,15,29,0,0.3409090909090909,47.327083333333334
L1851:T2:I8354,1851,T2,2025-02-27T20:11:08.000Z,47,17,17,30,0,0.3617021276595745,54.841064814814814
L1851:T2:I8357,1851,T2,2025-03-10T16:51:00.000Z,48,20,20,28,0,0.4166666666666667,65.70208333333333
L1851:T2:I8359,1851,T2,2025-03-30T11:52:00.000Z,49,32,32,17,0,0.6530612244897959,85.49444444444444
L1851:T2:I8358,1851,T2,2025-10-11T17:09:00.000Z,82,80,75,2,5,0.9146341463414634,125.71458333333334
L1851:T2:I8356,1851,T2,2025-12-31T10:03:00.000Z,100,100,92,0,8,0.92,206.41875
L1851:T2:I8353,1851,T2,2026-01-08T12:03:00.000Z,102,102,94,0,8,0.9215686274509803,214.50208333333333
L1852:T0,1852,T0,2026-04-16T00:00:00.000Z,48,48,47,0,1,0.9791666666666666,92
L1852:T1:I8360,1852,T1,2026-04-18T12:12:33.000Z,49,49,48,0,1,0.9795918367346939,94.50871527777778
L1852:T2:I8362,1852,T2,2026-04-20T17:43:32.000Z,49,49,48,0,1,0.9795918367346939,96.73856481481481
L1852:T2:I8363,1852,T2,2026-04-21T09:57:35.000Z,49,49,48,0,1,0.9795918367346939,97.41498842592593
L1852:T2:I8361,1852,T2,2026-04-27T11:59:35.000Z,50,50,49,0,1,0.98,103.49971064814815
L1853:T0,1853,T0,2026-04-29T00:00:00.000Z,31,31,30,0,1,0.967741935483871,137
L1853:T1:I8365,1853,T1,2026-04-30T20:23:09.000Z,32,32,31,0,1,0.96875,138.84940972222222
L1853:T2:I8368,1853,T2,2026-05-07T07:48:48.000Z,32,32,30,0,2,0.9375,145.32555555555555
L1853:T2:I8370,1853,T2,2026-05-07T20:12:08.000Z,32,32,31,0,1,0.96875,145.84175925925925
L1853:T2:I8369,1853,T2,2026-05-08T19:29:00.000Z,32,32,31,0,1,0.96875,146.81180555555557
L1853:T2:I8364,1853,T2,2026-05-11T14:35:04.000Z,33,33,32,0,1,0.9696969696969697,149.60768518518518
L1853:T2:I8367,1853,T2,2026-05-11T20:28:12.000Z,33,33,32,0,1,0.9696969696969697,149.85291666666666
L1853:T2:I8366,1853,T2,2026-05-12T19:07:08.000Z,33,33,32,0,1,0.9696969696969697,150.79662037037036
L1853:T2:I8371,1853,T2,2026-06-13T12:49:00.000Z,33,33,32,0,1,0.9696969696969697,93.53402777777778
L1854:T0,1854,T0,2025-02-14T00:00:00.000Z,5,0,0,5,0,0,
L1854:T1:I8372,1854,T1,2025-06-20T10:48:00.000Z,13,11,9,2,2,0.6923076923076923,104.45
L1854:T2:I8373,1854,T2,2025-08-15T17:45:00.000Z,14,13,12,1,1,0.8571428571428571,102.73958333333333
L1855:T0,1855,T0,2025-04-16T00:00:00.000Z,42,28,27,14,1,0.6428571428571429,102
L1855:T1:I8377,1855,T1,2025-04-19T18:07:14.000Z,44,31,30,13,1,0.6818181818181818,105.75502314814815
L1855:T2:I8378,1855,T2,2025-04-23T14:03:26.000Z,44,32,30,12,2,0.6818181818181818,109.58571759259259
L1855:T2:I8375,1855,T2,2025-04-26T09:21:36.000Z,44,31,29,13,2,0.6590909090909091,112.39
L1855:T2:I8374,1855,T2,2025-04-28T14:15:24.000Z,43,31,29,12,2,0.6744186046511628,114.59402777777778
L1855:T2:I8376,1855,T2,2025-06-24T15:29:00.000Z,49,46,38,3,8,0.7755102040816326,171.64513888888888
L1855:T2:I8380,1855,T2,2026-02-01T19:51:00.000Z,78,78,76,0,2,0.9743589743589743,115.82708333333333
L1855:T2:I8379,1855,T2,2026-05-02T16:15:00.000Z,93,93,91,0,2,0.978494623655914,105.67708333333333
L1856:T0,1856,T0,2025-06-16T00:00:00.000Z,47,41,37,6,4,0.7872340425531915,150
L1856:T1:I8386,1856,T1,2025-06-17T19:08:37.000Z,48,42,38,6,4,0.7916666666666666,151.79765046296296
L1856:T2:I8382,1856,T2,2025-06-25T10:59:55.000Z,48,45,39,3,6,0.8125,159.45827546296297
L1856:T2:I8383,1856,T2,2025-06-29T08:26:17.000Z,50,48,42,2,6,0.84,163.35158564814816
L1856:T2:I8384,1856,T2,2025-07-07T11:33:00.000Z,53,52,46,1,6,0.8679245283018868,171.48125
L1856:T2:I8381,1856,T2,2025-11-11T13:37:00.000Z,73,73,64,0,9,0.8767123287671232,145.5673611111111
L1856:T2:I8385,1856,T2,2026-04-05T16:25:00.000Z,94,94,90,0,4,0.9574468085106383,111.68402777777777
L1857:T0,1857,T0,2026-01-09T00:00:00.000Z,128,127,114,1,13,0.890625,146
L1857:T1:I8389,1857,T1,2026-01-11T11:39:51.000Z,128,127,112,1,15,0.875,148.48600694444445
L1857:T2:I8390,1857,T2,2026-01-14T17:17:21.000Z,130,129,116,1,13,0.8923076923076924,151.72038194444445
L1857:T2:I8387,1857,T2,2026-01-18T17:05:38.000Z,131,130,116,1,14,0.8854961832061069,155.71224537037037
L1857:T2:I8388,1857,T2,2026-01-18T19:44:05.000Z,131,130,116,1,14,0.8854961832061069,155.8222800925926
L1858:T0,1858,T0,2025-01-20T00:00:00.000Z,13,2,2,11,0,0.15384615384615385,6
L1858:T1:I8392,1858,T1,2025-01-23T18:23:30.000Z,15,2,2,13,0,0.13333333333333333,9.766319444444445
L1858:T2:I8391,1858,T2,2026-06-08T18:40:00.000Z,64,64,63,0,1,0.984375,103.77777777777777
L1859:T0,1859,T0,2026-02-16T00:00:00.000Z,23,23,21,0,2,0.9130434782608695,213
L1859:T1:I8393,1859,T1,2026-02-20T17:52:02.000Z,25,25,22,0,3,0.88,217.7444675925926
L1860:T0,1860,T0,2025-11-26T00:00:00.000Z,21,21,17,0,4,0.8095238095238095,129
L1860:T1:I8396,1860,T1,2025-11-27T16:10:29.000Z,22,22,18,0,4,0.8181818181818182,130.67394675925925
L1860:T2:I8395,1860,T2,2025-11-28T12:10:27.000Z,22,22,20,0,2,0.9090909090909091,131.50725694444444
L1860:T2:I8394,1860,T2,2025-12-09T18:33:40.000Z,23,23,19,0,4,0.8260869565217391,142.77337962962963
L1861:T0,1861,T0,2025-04-23T00:00:00.000Z,28,17,16,11,1,0.5714285714285714,93
L1861:T1:I8397,1861,T1,2025-10-26T16:01:00.000Z,52,50,47,2,3,0.9038461538461539,99.6673611111111
L1861:T2:I8398,1861,T2,2026-06-23T12:31:00.000Z,87,87,85,0,2,0.9770114942528736,139.52152777777778
L1862:T0,1862,T0,2025-09-19T00:00:00.000Z,35,33,27,2,6,0.7714285714285715,204
L1862:T1:I8399,1862,T1,2025-10-01T10:02:51.000Z,36,35,30,1,5,0.8333333333333334,216.41864583333333
L1862:T2:I8400,1862,T2,2026-04-10T10:34:00.000Z,50,50,49,0,1,0.98,101.44027777777778
L1863:T0,1863,T0,2025-03-28T00:00:00.000Z,31,15,15,16,0,0.4838709677419355,65
L1863:T1:I8403,1863,T1,2025-04-04T18:45:57.000Z,32,18,18,14,0,0.5625,72.78190972222222
L1863:T2:I8401,1863,T2,2025-06-24T08:49:00.000Z,39,34,31,5,3,0.7948717948717948,117.36736111111111
L1863:T2:I8405,1863,T2,2025-10-11T15:58:00.000Z,44,44,32,0,12,0.7272727272727273,190.6652777777778
L1863:T2:I8404,1863,T2,2026-02-01T08:19:00.000Z,59,59,56,0,3,0.9491525423728814,104.34652777777778
L1863:T2:I8402,1863,T2,2026-04-09T18:23:00.000Z,66,66,62,0,4,0.9393939393939394,106.76597222222222
L1864:T0,1864,T0,2025-06-01T00:00:00.000Z,35,24,23,11,1,0.6571428571428571,94
L1864:T1:I8410,1864,T1,2025-06-06T15:53:45.000Z,36,26,23,10,3,0.6388888888888888,99.66232638888889
L1864:T2:I8409,1864,T2,2025-06-14T09:55:28.000Z,37,29,27,8,2,0.7297297297297297,107.41351851851852
L1864:T2:I8413,1864,T2,2025-07-02T13:05:00.000Z,39,34,31,5,3,0.7948717948717948,125.54513888888889
L1864:T2:I8412,1864,T2,2025-12-30T07:54:00.000Z,51,51,49,0,2,0.9607843137254902,127.32916666666667
L1864:T2:I8407,1864,T2,2026-03-06T16:02:00.000Z,61,61,60,0,1,0.9836065573770492,110.66805555555555
L1864:T2:I8408,1864,T2,2026-04-30T10:46:00.000Z,70,70,67,0,3,0.9571428571428572,123.4486111111111
L1864:T2:I8411,1864,T2,2026-05-23T18:25:00.000Z,74,74,73,0,1,0.9864864864864865,115.76736111111111
L1864:T2:I8406,1864,T2,2026-06-28T20:04:00.000Z,80,80,77,0,3,0.9625,115.83611111111111
L1865:T0,1865,T0,2026-05-14T00:00:00.000Z,49,49,46,0,3,0.9387755102040817,117
L1865:T1:I8415,1865,T1,2026-05-23T08:00:37.000Z,51,51,48,0,3,0.9411764705882353,118.33376157407407
L1865:T2:I8414,1865,T2,2026-05-26T14:04:32.000Z,52,52,49,0,3,0.9423076923076923,121.58648148148148
L1866:T0,1866,T0,2025-01-10T00:00:00.000Z,16,1,1,15,0,0.0625,2
L1866:T1:I8416,1866,T1,2025-08-15T09:52:00.000Z,45,44,33,1,11,0.7333333333333333,128.4111111111111
L1867:T0,1867,T0,2025-01-15T00:00:00.000Z,27,1,1,26,0,0.037037037037037035,0
L1867:T1:I8422,1867,T1,2025-01-18T15:45:28.000Z,28,2,2,26,0,0.07142857142857142,3.656574074074074
L1867:T2:I8417,1867,T2,2025-01-19T12:02:47.000Z,28,5,5,23,0,0.17857142857142858,4.5019328703703705
L1867:T2:I8424,1867,T2,2025-01-20T14:54:54.000Z,28,4,4,24,0,0.14285714285714285,5.621458333333333
L1867:T2:I8421,1867,T2,2025-02-11T14:40:00.000Z,30,7,7,23,0,0.23333333333333334,27.61111111111111
L1867:T2:I8419,1867,T2,2025-09-12T11:53:00.000Z,64,64,57,0,7,0.890625,187.4951388888889
L1867:T2:I8420,1867,T2,2025-12-08T16:05:00.000Z,78,78,71,0,7,0.9102564102564102,143.67013888888889
L1867:T2:I8418,1867,T2,2026-02-28T14:01:00.000Z,89,89,86,0,3,0.9662921348314607,112.58402777777778
L1867:T2:I8423,1867,T2,2026-03-12T15:57:00.000Z,90,90,88,0,2,0.9777777777777777,102.66458333333334
L1868:T0,1868,T0,2025-09-23T00:00:00.000Z,12,12,11,0,1,0.9166666666666666,116
L1868:T1:I8427,1868,T1,2025-09-24T09:44:30.000Z,13,13,12,0,1,0.9230769230769231,117.40590277777778
L1868:T2:I8428,1868,T2,2025-09-26T18:57:43.000Z,13,13,12,0,1,0.9230769230769231,119.79008101851852
L1868:T2:I8425,1868,T2,2025-09-30T08:28:25.000Z,13,12,11,1,1,0.8461538461538461,123.35306712962964
L1868:T2:I8426,1868,T2,2026-04-12T16:12:00.000Z,21,21,21,0,0,1,62.675
L1869:T0,1869,T0,2025-08-27T00:00:00.000Z,14,12,11,2,1,0.7857142857142857,107
L1869:T1:I8429,1869,T1,2025-08-31T16:30:03.000Z,14,12,11,2,1,0.7857142857142857,111.68753472222222
L1869:T2:I8432,1869,T2,2025-09-02T15:56:49.000Z,15,13,11,2,2,0.7333333333333333,113.66445601851852
L1869:T2:I8430,1869,T2,2025-09-08T07:33:02.000Z,15,13,10,2,3,0.6666666666666666,119.31460648148148
L1869:T2:I8433,1869,T2,2025-09-08T20:01:58.000Z,15,13,11,2,2,0.7333333333333333,119.83469907407408
L1869:T2:I8431,1869,T2,2026-05-31T16:09:00.000Z,30,30,27,0,3,0.9,196.67291666666668
L1870:T0,1870,T0,2026-03-13T00:00:00.000Z,29,29,25,0,4,0.8620689655172413,152
L1870:T1:I8434,1870,T1,2026-03-19T10:07:44.000Z,30,30,27,0,3,0.9,122.42203703703704
L1871:T0,1871,T0,2025-02-07T00:00:00.000Z,7,2,2,5,0,0.2857142857142857,29
L1871:T1:I8437,1871,T1,2025-02-07T14:07:41.000Z,8,3,3,5,0,0.375,29.588668981481483
L1871:T2:I8438,1871,T2,2025-05-27T07:48:00.000Z,15,13,13,2,0,0.8666666666666667,76.325
L1871:T2:I8435,1871,T2,2025-09-14T12:42:00.000Z,18,17,15,1,2,0.8333333333333334,186.52916666666667
L1871:T2:I8436,1871,T2,2025-11-01T20:41:00.000Z,20,20,19,0,1,0.95,190.86180555555555
L1871:T2:I8439,1871,T2,2026-01-01T16:06:00.000Z,24,24,24,0,0,1,75.67083333333333
L1872:T0,1872,T0,2025-10-26T00:00:00.000Z,53,53,44,0,9,0.8301886792452831,174
L1872:T1:I8441,1872,T1,2025-10-31T08:31:55.000Z,55,55,47,0,8,0.8545454545454545,179.35549768518518
L1872:T2:I8442,1872,T2,2025-11-06T19:21:06.000Z,54,54,45,0,9,0.8333333333333334,185.80631944444445
L1872:T2:I8440,1872,T2,2025-11-07T14:22:54.000Z,55,55,46,0,9,0.8363636363636363,186.5992361111111
L1873:T0,1873,T0,2025-08-21T00:00:00.000Z,45,44,41,1,3,0.9111111111111111,98
L1873:T1:I8443,1873,T1,2025-08-21T20:26:41.000Z,46,45,42,1,3,0.9130434782608695,98.85186342592593
L1873:T2:I8447,1873,T2,2025-08-30T15:06:44.000Z,48,47,44,1,3,0.9166666666666666,104.62967592592592
L1873:T2:I8446,1873,T2,2025-11-05T18:23:00.000Z,57,57,49,0,8,0.8596491228070176,139.76597222222222
L1873:T2:I8449,1873,T2,2026-01-12T20:00:00.000Z,64,64,60,0,4,0.9375,178.83333333333334
L1873:T2:I8444,1873,T2,2026-02-02T12:47:00.000Z,67,67,64,0,3,0.9552238805970149,143.5326388888889
L1873:T2:I8448,1873,T2,2026-02-16T18:09:00.000Z,69,69,65,0,4,0.9420289855072463,157.75625
L1873:T2:I8445,1873,T2,2026-02-23T08:28:00.000Z,69,69,65,0,4,0.9420289855072463,164.3527777777778
L1874:T0,1874,T0,2025-10-21T00:00:00.000Z,35,34,30,1,4,0.8571428571428571,144
L1874:T1:I8450,1874,T1,2025-11-01T20:49:00.000Z,36,35,32,1,3,0.8888888888888888,142.8673611111111
L1875:T0,1875,T0,2025-04-15T00:00:00.000Z,25,9,9,16,0,0.36,43
L1875:T1:I8453,1875,T1,2025-04-20T10:37:21.000Z,26,10,10,16,0,0.38461538461538464,48.44260416666667
L1875:T2:I8452,1875,T2,2025-04-25T14:54:05.000Z,26,10,10,16,0,0.38461538461538464,53.62089120370371
L1875:T2:I8451,1875,T2,2026-04-26T20:04:00.000Z,53,53,51,0,2,0.9622641509433962,95.83611111111111
L1876:T0,1876,T0,2026-05-22T00:00:00.000Z,88,88,86,0,2,0.9772727272727273,123
L1876:T1:I8455,1876,T1,2026-05-23T09:08:46.000Z,89,89,86,0,3,0.9662921348314607,124.38108796296297
L1876:T2:I8454,1876,T2,2026-05-23T11:45:26.000Z,88,88,85,0,3,0.9659090909090909,124.48988425925926
L1876:T2:I8457,1876,T2,2026-05-23T11:51:57.000Z,89,89,86,0,3,0.9662921348314607,124.49440972222222
L1876:T2:I8459,1876,T2,2026-05-23T20:42:28.000Z,89,89,86,0,3,0.9662921348314607,124.86282407407407
L1876:T2:I8456,1876,T2,2026-05-25T12:37:39.000Z,89,89,88,0,1,0.9887640449438202,92.52614583333333
L1876:T2:I8458,1876,T2,2026-05-31T11:42:25.000Z,90,90,89,0,1,0.9888888888888889,98.48778935185184
L1877:T0,1877,T0,2026-05-17T00:00:00.000Z,22,22,22,0,0,1,69
L1877:T1:I8460,1877,T1,2026-05-19T18:05:53.000Z,22,22,22,0,0,1,71.75408564814815
L1877:T2:I8462,1877,T2,2026-05-28T07:05:03.000Z,23,23,23,0,0,1,76.29517361111111
L1877:T2:I8461,1877,T2,2026-05-30T14:01:28.000Z,23,23,23,0,0,1,78.58435185185185
L1878:T0,1878,T0,2025-11-09T00:00:00.000Z,29,29,27,0,2,0.9310344827586207,151
L1878:T1:I8464,1878,T1,2025-11-11T10:07:27.000Z,30,30,27,0,3,0.9,153.4218402777778
L1878:T2:I8467,1878,T2,2025-11-11T13:27:20.000Z,30,30,27,0,3,0.9,153.56064814814815
L1878:T2:I8466,1878,T2,2025-11-19T07:10:46.000Z,30,30,28,0,2,0.9333333333333333,122.29914351851852
L1878:T2:I8465,1878,T2,2025-12-06T13:27:00.000Z,31,31,28,0,3,0.9032258064516129,115.56041666666667
L1878:T2:I8463,1878,T2,2026-04-30T08:52:00.000Z,40,40,38,0,2,0.95,116.36944444444444
L1879:T0,1879,T0,2025-06-20T00:00:00.000Z,13,11,5,2,6,0.38461538461538464,145
L1879:T1:I8471,1879,T1,2025-06-20T17:51:06.000Z,14,12,6,2,6,0.42857142857142855,145.74381944444445
L1879:T2:I8470,1879,T2,2025-06-29T14:07:18.000Z,14,12,6,2,6,0.42857142857142855,154.5884027777778
L1879:T2:I8469,1879,T2,2025-11-08T17:44:00.000Z,17,17,16,0,1,0.9411764705882353,154.73888888888888
L1879:T2:I8468,1879,T2,2025-12-26T18:44:00.000Z,18,18,18,0,0,1,71.78055555555555
L1880:T0,1880,T0,2025-06-06T00:00:00.000Z,11,9,7,2,2,0.6363636363636364,122
L1880:T1:I8473,1880,T1,2025-06-06T19:52:09.000Z,12,10,7,2,3,0.5833333333333334,122.82788194444444
L1880:T2:I8475,1880,T2,2025-06-14T09:47:18.000Z,14,11,8,3,3,0.5714285714285714,130.40784722222222
L1880:T2:I8472,1880,T2,2025-06-17T14:22:22.000Z,14,12,8,2,4,0.5714285714285714,133.59886574074073
L1880:T2:I8474,1880,T2,2025-11-18T20:42:00.000Z,19,19,19,0,0,1,79.8625
L1880:T2:I8476,1880,T2,2026-03-07T10:31:00.000Z,27,27,27,0,0,1,61.43819444444444
L1881:T0,1881,T0,2026-03-12T00:00:00.000Z,15,15,14,0,1,0.9333333333333333,116
L1881:T1:I8477,1881,T1,2026-03-13T15:25:03.000Z,16,16,15,0,1,0.9375,117.64239583333334
L1882:T0,1882,T0,2025-04-08T00:00:00.000Z,13,9,9,4,0,0.6923076923076923,87
L1882:T1:I8478,1882,T1,2026-04-19T13:30:00.000Z,32,32,31,0,1,0.96875,127.5625
L1882:T2:I8479,1882,T2,2026-06-28T07:19:00.000Z,33,33,32,0,1,0.9696969696969697,93.30486111111111
L1883:T0,1883,T0,2025-07-24T00:00:00.000Z,10,10,10,0,0,1,83
L1883:T1:I8480,1883,T1,2025-07-29T08:32:17.000Z,11,11,11,0,0,1,88.35575231481481
L1883:T2:I8482,1883,T2,2025-11-04T12:31:00.000Z,15,15,15,0,0,1,84.52152777777778
L1883:T2:I8481,1883,T2,2026-06-25T13:10:00.000Z,25,25,23,0,2,0.92,96.54861111111111
L1884:T0,1884,T0,2025-03-04T00:00:00.000Z,33,8,8,25,0,0.24242424242424243,48
L1884:T1:I8485,1884,T1,2025-03-06T11:46:16.000Z,34,10,10,24,0,0.29411764705882354,50.490462962962965
L1884:T2:I8483,1884,T2,2025-05-02T15:26:00.000Z,41,35,34,6,1,0.8292682926829268,105.64305555555555
L1884:T2:I8484,1884,T2,2025-12-19T14:48:00.000Z,78,78,71,0,7,0.9102564102564102,154.61666666666667
L1884:T2:I8487,1884,T2,2026-05-12T16:19:00.000Z,96,96,94,0,2,0.9791666666666666,147.6798611111111
L1884:T2:I8486,1884,T2,2026-06-08T15:56:00.000Z,99,99,96,0,3,0.9696969696969697,174.6638888888889
L1885:T0,1885,T0,2025-10-17T00:00:00.000Z,28,27,23,1,4,0.8214285714285714,133
L1885:T1:I8488,1885,T1,2025-10-25T15:23:00.000Z,29,28,25,1,3,0.8620689655172413,141.64097222222222
L1885:T2:I8489,1885,T2,2025-10-26T13:43:07.000Z,29,28,25,1,3,0.8620689655172413,142.5716087962963
L1885:T2:I8490,1885,T2,2025-11-03T09:15:00.000Z,29,28,25,1,3,0.8620689655172413,150.38541666666666
L1886:T0,1886,T0,2025-09-05T00:00:00.000Z,26,25,25,1,0,0.9615384615384616,90
L1886:T1:I8491,1886,T1,2025-09-17T11:33:28.000Z,27,27,26,0,1,0.9629629629629629,102.48157407407408
L1886:T2:I8493,1886,T2,2025-12-30T18:24:00.000Z,29,29,28,0,1,0.9655172413793104,115.76666666666667
L1886:T2:I8492,1886,T2,2026-03-05T17:04:00.000Z,33,33,32,0,1,0.9696969696969697,109.71111111111111
L1886:T2:I8494,1886,T2,2026-03-18T18:06:00.000Z,33,33,32,0,1,0.9696969696969697,93.75416666666666
L1887:T0,1887,T0,2026-01-05T00:00:00.000Z,57,57,54,0,3,0.9473684210526315,121
L1887:T1:I8497,1887,T1,2026-01-10T15:16:17.000Z,57,57,55,0,2,0.9649122807017544,123.63630787037037
L1887:T2:I8496,1887,T2,2026-01-18T09:13:31.000Z,59,59,56,0,3,0.9491525423728814,131.38438657407409
L1887:T2:I8495,1887,T2,2026-05-28T17:07:00.000Z,73,73,69,0,4,0.9452054794520548,127.71319444444444
L1888:T0,1888,T0,2026-04-07T00:00:00.000Z,27,27,25,0,2,0.9259259259259259,111
L1888:T1:I8499,1888,T1,2026-04-10T17:04:27.000Z,28,28,27,0,1,0.9642857142857143,101.71142361111112
L1888:T2:I8498,1888,T2,2026-04-19T18:42:43.000Z,28,28,26,0,2,0.9285714285714286,110.77966435185185
L1889:T0,1889,T0,2026-01-02T00:00:00.000Z,28,28,28,0,0,1,53
L1889:T1:I8500,1889,T1,2026-01-27T14:57:00.000Z,30,30,30,0,0,1,78.62291666666667
L1890:T0,1890,T0,2025-01-22T00:00:00.000Z,8,0,0,8,0,0,
L1890:T1:I8505,1890,T1,2025-01-31T13:42:33.000Z,10,2,2,8,0,0.2,7.571215277777778
L1890:T2:I8508,1890,T2,2025-01-31T16:06:16.000Z,10,2,2,8,0,0.2,7.671018518518519
L1890:T2:I8506,1890,T2,2025-02-01T09:59:03.000Z,10,2,2,8,0,0.2,8.416006944444444
L1890:T2:I8502,1890,T2,2025-02-03T10:50:00.000Z,10,2,2,8,0,0.2,10.45138888888889
L1890:T2:I8501,1890,T2,2025-02-11T09:55:00.000Z,11,3,3,8,0,0.2727272727272727,18.413194444444443
L1890:T2:I8503,1890,T2,2025-05-30T19:53:00.000Z,16,14,14,2,0,0.875,82.82847222222222
L1890:T2:I8504,1890,T2,2025-06-30T10:19:00.000Z,18,18,17,0,1,0.9444444444444444,103.42986111111111
L1890:T2:I8507,1890,T2,2025-11-22T20:47:00.000Z,22,22,19,0,3,0.8636363636363636,125.86597222222223
L1891:T0,1891,T0,2026-04-10T00:00:00.000Z,65,65,61,0,4,0.9384615384615385,107
L1891:T1:I8509,1891,T1,2026-04-17T15:42:07.000Z,68,68,66,0,2,0.9705882352941176,110.65424768518518
L1891:T2:I8510,1891,T2,2026-04-19T15:32:24.000Z,68,68,66,0,2,0.9705882352941176,112.6475
L1892:T0,1892,T0,2025-05-09T00:00:00.000Z,41,27,25,14,2,0.6097560975609756,117
L1892:T1:I8515,1892,T1,2025-05-10T15:33:42.000Z,43,28,26,15,2,0.6046511627906976,104.64840277777778
L1892:T2:I8511,1892,T2,2025-05-13T19:20:04.000Z,43,28,25,15,3,0.5813953488372093,107.80560185185185
L1892:T2:I8514,1892,T2,2025-05-21T19:06:56.000Z,47,32,26,15,6,0.5531914893617021,116.79648148148148
L1892:T2:I8513,1892,T2,2025-11-08T07:17:00.000Z,70,69,62,1,7,0.8857142857142857,183.3034722222222
L1892:T2:I8512,1892,T2,2026-01-18T14:46:00.000Z,75,75,68,0,7,0.9066666666666666,254.61527777777778
L1893:T0,1893,T0,2025-06-23T00:00:00.000Z,36,33,33,3,0,0.9166666666666666,77
L1893:T1:I8516,1893,T1,2025-07-04T17:11:26.000Z,37,34,34,3,0,0.918918918918919,88.71627314814815
L1893:T2:I8517,1893,T2,2026-05-18T13:25:00.000Z,77,77,74,0,3,0.961038961038961,128.55902777777777
L1894:T0,1894,T0,2025-09-11T00:00:00.000Z,42,41,34,1,7,0.8095238095238095,164
L1894:T1:I8518,1894,T1,2025-09-17T07:26:15.000Z,43,43,34,0,9,0.7906976744186046,170.30989583333334
L1894:T2:I8521,1894,T2,2025-09-22T08:52:42.000Z,43,43,36,0,7,0.8372093023255814,171.36993055555556
L1894:T2:I8522,1894,T2,2025-09-22T13:14:42.000Z,43,43,35,0,8,0.813953488372093,171.551875
L1894:T2:I8523,1894,T2,2025-09-24T11:31:38.000Z,43,43,36,0,7,0.8372093023255814,173.48030092592592
L1894:T2:I8520,1894,T2,2026-04-07T14:26:00.000Z,65,65,61,0,4,0.9384615384615385,104.60138888888889
L1894:T2:I8519,1894,T2,2026-05-07T08:32:00.000Z,72,72,69,0,3,0.9583333333333334,130.35555555555555
L1895:T0,1895,T0,2025-09-24T00:00:00.000Z,59,59,50,0,9,0.847457627118644,211
L1895:T1:I8525,1895,T1,2025-09-26T14:22:38.000Z,60,60,51,0,9,0.85,213.59905092592592
L1895:T2:I8531,1895,T2,2025-09-27T13:46:16.000Z,60,60,51,0,9,0.85,214.5737962962963
L1895:T2:I8526,1895,T2,2025-09-28T15:34:35.000Z,60,60,51,0,9,0.85,215.6490162037037
L1895:T2:I8530,1895,T2,2025-09-29T20:29:39.000Z,61,61,53,0,8,0.8688524590163934,191.8539236111111
L1895:T2:I8527,1895,T2,2025-10-06T11:43:55.000Z,63,63,58,0,5,0.9206349206349206,198.4888310185185
L1895:T2:I8528,1895,T2,2025-10-18T18:24:00.000Z,63,63,59,0,4,0.9365079365079365,210.76666666666668
L1895:T2:I8529,1895,T2,2025-11-14T09:32:00.000Z,64,64,59,0,5,0.921875,117.39722222222223
L1895:T2:I8524,1895,T2,2026-06-07T12:13:00.000Z,90,90,89,0,1,0.9888888888888889,95.50902777777777
L1896:T0,1896,T0,2026-04-16T00:00:00.000Z,76,76,74,0,2,0.9736842105263158,129
L1896:T1:I8535,1896,T1,2026-04-20T16:56:07.000Z,80,80,78,0,2,0.975,120.70563657407408
L1896:T2:I8534,1896,T2,2026-04-24T16:02:27.000Z,81,81,80,0,1,0.9876543209876543,97.66836805555556
L1896:T2:I8536,1896,T2,2026-04-25T08:36:56.000Z,81,81,80,0,1,0.9876543209876543,98.35898148148148
L1896:T2:I8533,1896,T2,2026-04-27T16:39:55.000Z,81,81,79,0,2,0.9753086419753086,100.69438657407407
L1896:T2:I8532,1896,T2,2026-04-29T11:00:35.000Z,82,82,81,0,1,0.9878048780487805,102.45873842592593
L1897:T0,1897,T0,2026-04-01T00:00:00.000Z,64,64,60,0,4,0.9375,131
L1897:T1:I8537,1897,T1,2026-04-01T14:03:28.000Z,64,64,60,0,4,0.9375,131.58574074074073
L1897:T2:I8539,1897,T2,2026-04-02T12:16:17.000Z,65,65,61,0,4,0.9384615384615385,132.51130787037036
L1897:T2:I8544,1897,T2,2026-04-02T18:30:48.000Z,65,65,61,0,4,0.9384615384615385,132.77138888888888
L1897:T2:I8540,1897,T2,2026-04-03T11:20:46.000Z,65,65,61,0,4,0.9384615384615385,133.47275462962963
L1897:T2:I8542,1897,T2,2026-04-13T10:43:57.000Z,65,65,60,0,5,0.9230769230769231,143.4471875
L1897:T2:I8541,1897,T2,2026-04-13T19:15:01.000Z,65,65,60,0,5,0.9230769230769231,143.8020949074074
L1897:T2:I8538,1897,T2,2026-04-14T18:31:11.000Z,65,65,60,0,5,0.9230769230769231,144.7716550925926
L1897:T2:I8543,1897,T2,2026-04-19T15:53:00.000Z,65,65,60,0,5,0.9230769230769231,149.66180555555556
L1898:T0,1898,T0,2025-03-25T00:00:00.000Z,21,11,11,10,0,0.5238095238095238,51
L1898:T1:I8549,1898,T1,2025-03-26T20:51:03.000Z,22,12,12,10,0,0.5454545454545454,52.86878472222222
L1898:T2:I8548,1898,T2,2025-03-31T19:36:06.000Z,22,12,12,10,0,0.5454545454545454,78.81673611111111
L1898:T2:I8545,1898,T2,2025-04-03T12:36:40.000Z,22,12,12,10,0,0.5454545454545454,60.52546296296296
L1898:T2:I8552,1898,T2,2025-04-04T16:16:51.000Z,22,12,12,10,0,0.5454545454545454,61.67836805555555
L1898:T2:I8547,1898,T2,2025-04-21T16:00:00.000Z,24,16,16,8,0,0.6666666666666666,78.66666666666667
L1898:T2:I8550,1898,T2,2025-05-30T12:22:00.000Z,25,21,17,4,4,0.68,117.51527777777778
L1898:T2:I8546,1898,T2,2025-08-20T17:51:00.000Z,33,32,28,1,4,0.8484848484848485,119.74375
L1898:T2:I8551,1898,T2,2025-11-15T10:34:00.000Z,41,41,39,0,2,0.9512195121951219,152.44027777777777
L1899:T0,1899,T0,2025-06-25T00:00:00.000Z,17,13,12,4,1,0.7058823529411765,136
L1899:T1:I8555,1899,T1,2025-07-02T09:45:18.000Z,18,14,14,4,0,0.7777777777777778,59.40645833333333
L1899:T2:I8553,1899,T2,2025-08-21T18:02:00.000Z,20,19,19,1,0,0.95,84.75138888888888
L1899:T2:I8554,1899,T2,2026-04-16T18:05:00.000Z,30,30,29,0,1,0.9666666666666667,129.75347222222223
L1900:T0,1900,T0,2025-10-06T00:00:00.000Z,65,64,55,1,9,0.8461538461538461,195
L1900:T1:I8561,1900,T1,2025-10-12T16:06:39.000Z,67,66,56,1,10,0.835820895522388,201.67128472222223
L1900:T2:I8558,1900,T2,2025-10-13T09:50:04.000Z,68,67,58,1,9,0.8529411764705882,202.40976851851852
L1900:T2:I8560,1900,T2,2025-10-16T09:02:59.000Z,67,66,57,1,9,0.8507462686567164,205.37707175925925
L1900:T2:I8556,1900,T2,2025-10-16T13:14:45.000Z,68,67,58,1,9,0.8529411764705882,205.55190972222223
L1900:T2:I8559,1900,T2,2025-10-16T18:48:22.000Z,67,66,57,1,9,0.8507462686567164,205.78358796296297
L1900:T2:I8557,1900,T2,2026-02-02T20:36:00.000Z,77,77,70,0,7,0.9090909090909091,269.85833333333335
L1901:T0,1901,T0,2025-04-25T00:00:00.000Z,33,23,23,10,0,0.696969696969697,79
L1901:T1:I8566,1901,T1,2025-04-27T08:08:21.000Z,35,25,25,10,0,0.7142857142857143,81.33913194444445
L1901:T2:I8563,1901,T2,2025-05-02T14:54:23.000Z,34,24,24,10,0,0.7058823529411765,68.62109953703704
L1901:T2:I8564,1901,T2,2025-05-21T13:55:00.000Z,36,24,24,12,0,0.6666666666666666,87.57986111111111
L1901:T2:I8562,1901,T2,2025-12-07T11:18:00.000Z,48,48,44,0,4,0.9166666666666666,104.47083333333333
L1901:T2:I8565,1901,T2,2025-12-07T13:59:00.000Z,48,48,44,0,4,0.9166666666666666,104.5826388888889
L1901:T2:I8567,1901,T2,2026-02-25T15:31:00.000Z,60,60,58,0,2,0.9666666666666667,128.64652777777778
L1902:T0,1902,T0,2025-07-01T00:00:00.000Z,33,27,25,6,2,0.7575757575757576,124
L1902:T1:I8574,1902,T1,2025-07-08T17:52:26.000Z,34,29,27,5,2,0.7941176470588235,131.74474537037037
L1902:T2:I8570,1902,T2,2025-07-09T10:09:33.000Z,35,30,28,5,2,0.8,132.4232986111111
L1902:T2:I8568,1902,T2,2025-07-09T17:17:02.000Z,35,31,29,4,2,0.8285714285714286,132.72016203703703
L1902:T2:I8571,1902,T2,2025-07-12T11:41:55.000Z,35,31,29,4,2,0.8285714285714286,135.48744212962964
L1902:T2:I8573,1902,T2,2025-07-14T12:59:14.000Z,35,31,30,4,1,0.8571428571428571,137.54113425925925
L1902:T2:I8572,1902,T2,2026-05-17T15:24:00.000Z,74,74,73,0,1,0.9864864864864865,115.64166666666667
L1902:T2:I8569,1902,T2,2026-06-17T08:45:00.000Z,78,78,77,0,1,0.9871794871794872,90.36458333333333
L1903:T0,1903,T0,2025-06-01T00:00:00.000Z,12,10,6,2,4,0.5,126
L1903:T1:I8575,1903,T1,2025-06-10T14:45:40.000Z,14,12,6,2,6,0.42857142857142855,135.6150462962963
L1904:T0,1904,T0,2025-06-23T00:00:00.000Z,29,25,21,4,4,0.7241379310344828,140
L1904:T1:I8577,1904,T1,2025-06-24T20:16:01.000Z,30,26,22,4,4,0.7333333333333333,141.8444560185185
L1904:T2:I8579,1904,T2,2025-06-28T20:50:14.000Z,30,27,23,3,4,0.7666666666666667,145.8682175925926
L1904:T2:I8578,1904,T2,2025-07-03T16:28:21.000Z,30,26,22,4,4,0.7333333333333333,150.68635416666666
L1904:T2:I8576,1904,T2,2025-07-06T13:50:41.000Z,30,27,22,3,5,0.7333333333333333,153.57686342592592
L1904:T2:I8580,1904,T2,2026-05-08T13:38:00.000Z,53,53,49,0,4,0.9245283018867925,129.56805555555556
L1905:T0,1905,T0,2025-06-30T00:00:00.000Z,37,31,27,6,4,0.7297297297297297,142
L1905:T1:I8582,1905,T1,2025-07-03T15:29:00.000Z,38,32,28,6,4,0.7368421052631579,145.64513888888888
L1905:T2:I8583,1905,T2,2025-07-05T11:08:54.000Z,38,32,27,6,5,0.7105263157894737,147.4645138888889
L1905:T2:I8584,1905,T2,2025-07-07T07:05:43.000Z,37,31,28,6,3,0.7567567567567568,149.29563657407408
L1905:T2:I8581,1905,T2,2025-07-08T16:51:33.000Z,38,31,28,7,3,0.7368421052631579,150.70246527777778
L1905:T2:I8586,1905,T2,2025-10-02T07:48:00.000Z,45,44,39,1,5,0.8666666666666667,146.325
L1905:T2:I8585,1905,T2,2026-03-05T11:32:00.000Z,60,60,56,0,4,0.9333333333333333,160.48055555555555
L1906:T0,1906,T0,2026-01-31T00:00:00.000Z,50,50,48,0,2,0.96,138
L1906:T1:I8587,1906,T1,2026-02-09T10:15:28.000Z,51,51,48,0,3,0.9411764705882353,147.4274074074074
L1907:T0,1907,T0,2025-03-28T00:00:00.000Z,37,20,20,17,0,0.5405405405405406,62
L1907:T1:I8589,1907,T1,2025-04-25T17:09:00.000Z,44,28,26,16,2,0.5909090909090909,90.71458333333334
L1907:T2:I8588,1907,T2,2026-06-20T10:30:00.000Z,109,109,106,0,3,0.9724770642201835,121.4375
L1908:T0,1908,T0,2026-04-10T00:00:00.000Z,17,17,16,0,1,0.9411764705882353,120
L1908:T1:I8591,1908,T1,2026-04-13T08:53:43.000Z,18,18,17,0,1,0.9444444444444444,123.37063657407407
L1908:T2:I8593,1908,T2,2026-04-15T12:15:30.000Z,18,18,17,0,1,0.9444444444444444,125.51076388888889
L1908:T2:I8595,1908,T2,2026-04-16T14:11:18.000Z,18,18,17,0,1,0.9444444444444444,126.59118055555555
L1908:T2:I8594,1908,T2,2026-04-16T14:55:13.000Z,18,18,17,0,1,0.9444444444444444,126.62167824074074
L1908:T2:I8590,1908,T2,2026-04-18T12:58:19.000Z,18,18,17,0,1,0.9444444444444444,128.5404976851852
L1908:T2:I8592,1908,T2,2026-06-10T17:47:00.000Z,20,20,20,0,0,1,72.74097222222223
L1909:T0,1909,T0,2025-04-10T00:00:00.000Z,23,14,14,9,0,0.6086956521739131,69
L1909:T1:I8596,1909,T1,2025-04-20T20:08:13.000Z,25,17,17,8,0,0.68,79.83903935185185
L1909:T2:I8597,1909,T2,2025-04-21T10:13:30.000Z,24,16,16,8,0,0.6666666666666666,80.42604166666666
L1909:T2:I8598,1909,T2,2025-04-23T13:20:00.000Z,25,17,17,8,0,0.68,82.55555555555556
L1910:T0,1910,T0,2026-04-20T00:00:00.000Z,62,62,60,0,2,0.967741935483871,175
L1910:T1:I8599,1910,T1,2026-05-02T20:11:38.000Z,64,64,61,0,3,0.953125,187.84141203703703
L1911:T0,1911,T0,2025-01-29T00:00:00.000Z,25,3,3,22,0,0.12,21
L1911:T1:I8600,1911,T1,2025-02-07T08:56:00.000Z,27,6,6,21,0,0.2222222222222222,30.372222222222224
L1911:T2:I8602,1911,T2,2025-02-09T16:19:26.000Z,27,9,9,18,0,0.3333333333333333,32.680162037037036
L1911:T2:I8605,1911,T2,2025-02-26T20:16:00.000Z,27,12,12,15,0,0.4444444444444444,49.84444444444444
L1911:T2:I8601,1911,T2,2025-05-09T14:44:00.000Z,41,26,24,15,2,0.5853658536585366,104.6138888888889
L1911:T2:I8603,1911,T2,2025-09-26T10:22:00.000Z,61,61,54,0,7,0.8852459016393442,244.43194444444444
L1911:T2:I8607,1911,T2,2025-11-07T08:38:00.000Z,67,67,61,0,6,0.9104477611940298,286.3597222222222
L1911:T2:I8606,1911,T2,2026-04-09T08:28:00.000Z,87,87,85,0,2,0.9770114942528736,196.3527777777778
L1911:T2:I8604,1911,T2,2026-05-22T14:35:00.000Z,90,90,87,0,3,0.9666666666666667,239.60763888888889
L1912:T0,1912,T0,2026-05-28T00:00:00.000Z,58,58,54,0,4,0.9310344827586207,134
L1912:T1:I8610,1912,T1,2026-05-31T11:42:00.000Z,59,59,55,0,4,0.9322033898305084,137.4875
L1912:T2:I8608,1912,T2,2026-06-01T14:57:30.000Z,59,59,55,0,4,0.9322033898305084,138.62326388888889
L1912:T2:I8611,1912,T2,2026-06-06T09:54:42.000Z,59,59,55,0,4,0.9322033898305084,143.4129861111111
L1912:T2:I8609,1912,T2,2026-06-07T15:47:28.000Z,59,59,55,0,4,0.9322033898305084,144.65796296296296
L1913:T0,1913,T0,2025-05-02T00:00:00.000Z,17,10,9,7,1,0.5294117647058824,96
L1913:T1:I8616,1913,T1,2025-05-10T09:42:21.000Z,18,10,9,8,1,0.5,104.40440972222223
L1913:T2:I8617,1913,T2,2025-05-15T12:10:06.000Z,18,10,9,8,1,0.5,109.50701388888889
L1913:T2:I8615,1913,T2,2025-06-17T11:33:00.000Z,20,18,14,2,4,0.7,142.48125
L1913:T2:I8614,1913,T2,2025-11-21T20:23:00.000Z,29,29,28,0,1,0.9655172413793104,167.84930555555556
L1913:T2:I8613,1913,T2,2026-03-01T09:53:00.000Z,33,33,32,0,1,0.9696969696969697,105.41180555555556
L1913:T2:I8612,1913,T2,2026-04-04T18:58:00.000Z,34,34,34,0,0,1,64.79027777777777
L1914:T0,1914,T0,2025-01-06T00:00:00.000Z,6,0,0,6,0,0,
L1914:T1:I8619,1914,T1,2025-01-16T20:38:57.000Z,7,0,0,7,0,0,
L1914:T2:I8620,1914,T2,2025-03-21T18:43:00.000Z,7,3,3,4,0,0.42857142857142855,33.77986111111111
L1914:T2:I8618,1914,T2,2025-06-23T17:38:00.000Z,15,13,11,2,2,0.7333333333333333,107.73472222222222
L1915:T0,1915,T0,2026-05-11T00:00:00.000Z,27,27,26,0,1,0.9629629629629629,157
L1915:T1:I8621,1915,T1,2026-05-12T20:37:40.000Z,28,28,27,0,1,0.9642857142857143,158.85949074074074
L1915:T2:I8625,1915,T2,2026-05-17T16:46:22.000Z,28,28,27,0,1,0.9642857142857143,163.69886574074073
L1915:T2:I8627,1915,T2,2026-05-18T09:24:38.000Z,28,28,27,0,1,0.9642857142857143,164.39210648148148
L1915:T2:I8623,1915,T2,2026-05-19T10:46:46.000Z,28,28,27,0,1,0.9642857142857143,165.44914351851853
L1915:T2:I8626,1915,T2,2026-05-20T15:04:49.000Z,28,28,28,0,0,1,71.62834490740741
L1915:T2:I8624,1915,T2,2026-05-20T17:43:25.000Z,28,28,28,0,0,1,71.7384837962963
L1915:T2:I8622,1915,T2,2026-05-22T16:25:51.000Z,28,28,28,0,0,1,73.68461805555556
L1916:T0,1916,T0,2025-03-05T00:00:00.000Z,22,7,7,15,0,0.3181818181818182,56
L1916:T1:I8630,1916,T1,2025-03-08T10:40:16.000Z,24,8,8,16,0,0.3333333333333333,59.44462962962963
L1916:T2:I8628,1916,T2,2025-05-10T19:40:00.000Z,32,26,25,6,1,0.78125,115.81944444444444
L1916:T2:I8629,1916,T2,2025-10-06T14:19:00.000Z,50,48,43,2,5,0.86,171.59652777777777
L1916:T2:I8631,1916,T2,2025-10-27T09:11:00.000Z,54,54,49,0,5,0.9074074074074074,192.3826388888889
L1917:T0,1917,T0,2025-11-30T00:00:00.000Z,56,56,46,0,10,0.8214285714285714,226
L1917:T1:I8635,1917,T1,2025-12-05T13:54:30.000Z,57,57,48,0,9,0.8421052631578947,231.5795138888889
L1917:T2:I8633,1917,T2,2025-12-05T20:25:22.000Z,57,57,48,0,9,0.8421052631578947,231.85094907407407
L1917:T2:I8637,1917,T2,2025-12-07T16:44:08.000Z,57,57,48,0,9,0.8421052631578947,233.6973148148148
L1917:T2:I8632,1917,T2,2025-12-13T10:44:09.000Z,57,57,49,0,8,0.8596491228070176,239.44732638888888
L1917:T2:I8636,1917,T2,2025-12-13T11:29:19.000Z,57,57,49,0,8,0.8596491228070176,239.47869212962962
L1917:T2:I8634,1917,T2,2026-01-08T18:07:00.000Z,58,58,53,0,5,0.9137931034482759,154.7548611111111
L1918:T0,1918,T0,2026-02-09T00:00:00.000Z,29,29,27,0,2,0.9310344827586207,117
L1918:T1:I8640,1918,T1,2026-02-17T07:43:14.000Z,30,30,27,0,3,0.9,125.32168981481482
L1918:T2:I8639,1918,T2,2026-02-19T20:04:34.000Z,30,30,27,0,3,0.9,127.83650462962963
L1918:T2:I8638,1918,T2,2026-02-21T09:13:03.000Z,30,30,27,0,3,0.9,129.3840625
L1919:T0,1919,T0,2025-06-30T00:00:00.000Z,33,27,25,6,2,0.7575757575757576,123
L1919:T1:I8642,1919,T1,2025-07-07T13:44:25.000Z,34,29,27,5,2,0.7941176470588235,130.57251157407407
L1919:T2:I8641,1919,T2,2025-07-09T20:08:45.000Z,35,31,28,4,3,0.8,132.83940972222223
L1919:T2:I8646,1919,T2,2025-10-06T11:36:00.000Z,48,45,38,3,7,0.7916666666666666,221.48333333333332
L1919:T2:I8643,1919,T2,2025-10-25T12:41:00.000Z,51,49,42,2,7,0.8235294117647058,240.52847222222223
L1919:T2:I8645,1919,T2,2025-11-25T17:01:00.000Z,54,54,46,0,8,0.8518518518518519,271.7090277777778
L1919:T2:I8647,1919,T2,2025-12-14T20:15:00.000Z,56,56,53,0,3,0.9464285714285714,290.84375
L1919:T2:I8644,1919,T2,2026-01-01T08:27:00.000Z,59,59,57,0,2,0.9661016949152542,178.35208333333333
L1920:T0,1920,T0,2026-04-30T00:00:00.000Z,37,37,36,0,1,0.972972972972973,100
L1920:T1:I8650,1920,T1,2026-05-04T10:01:49.000Z,38,38,37,0,1,0.9736842105263158,104.41792824074074
L1920:T2:I8652,1920,T2,2026-05-06T15:18:22.000Z,38,38,37,0,1,0.9736842105263158,106.63775462962963
L1920:T2:I8649,1920,T2,2026-05-10T09:11:51.000Z,38,38,37,0,1,0.9736842105263158,110.38322916666667
L1920:T2:I8648,1920,T2,2026-05-10T11:50:00.000Z,38,38,37,0,1,0.9736842105263158,110.49305555555556
L1920:T2:I8651,1920,T2,2026-05-13T19:14:21.000Z,38,38,37,0,1,0.9736842105263158,113.80163194444444
L1921:T0,1921,T0,2026-03-13T00:00:00.000Z,28,28,28,0,0,1,90
L1921:T1:I8656,1921,T1,2026-03-13T11:03:38.000Z,29,29,28,0,1,0.9655172413793104,90.46085648148149
L1921:T2:I8660,1921,T2,2026-03-16T08:27:20.000Z,30,30,29,0,1,0.9666666666666667,93.35231481481482
L1921:T2:I8659,1921,T2,2026-03-17T14:09:44.000Z,30,30,28,0,2,0.9333333333333333,120.5900925925926
L1921:T2:I8654,1921,T2,2026-03-22T14:03:55.000Z,30,30,29,0,1,0.9666666666666667,99.58605324074074
L1921:T2:I8653,1921,T2,2026-03-23T13:47:23.000Z,30,30,29,0,1,0.9666666666666667,100.57457175925926
L1921:T2:I8655,1921,T2,2026-03-25T07:05:09.000Z,30,30,29,0,1,0.9666666666666667,102.29524305555556
L1921:T2:I8657,1921,T2,2026-03-25T13:18:06.000Z,30,30,29,0,1,0.9666666666666667,102.55423611111111
L1921:T2:I8658,1921,T2,2026-05-31T12:25:00.000Z,33,33,33,0,0,1,89.51736111111111
L1922:T0,1922,T0,2025-01-18T00:00:00.000Z,16,0,0,16,0,0,
L1922:T1:I8661,1922,T1,2025-01-21T17:25:36.000Z,17,0,0,17,0,0,
L1922:T2:I8662,1922,T2,2025-01-29T18:38:36.000Z,19,0,0,19,0,0,
L1922:T2:I8663,1922,T2,2026-05-30T12:47:00.000Z,55,55,53,0,2,0.9636363636363636,129.5326388888889
L1923:T0,1923,T0,2025-11-24T00:00:00.000Z,36,35,31,1,4,0.8611111111111112,135
L1923:T1:I8667,1923,T1,2025-11-24T19:56:12.000Z,36,35,31,1,4,0.8611111111111112,135.83069444444445
L1923:T2:I8665,1923,T2,2025-11-26T16:42:55.000Z,37,36,32,1,4,0.8648648648648649,137.69646990740742
L1923:T2:I8666,1923,T2,2025-11-27T07:37:10.000Z,37,36,33,1,3,0.8918918918918919,138.31747685185186
L1923:T2:I8669,1923,T2,2025-12-01T12:21:17.000Z,37,36,33,1,3,0.8918918918918919,142.5147800925926
L1923:T2:I8668,1923,T2,2026-01-08T20:05:00.000Z,39,39,35,0,4,0.8974358974358975,137.83680555555554
L1923:T2:I8664,1923,T2,2026-02-21T14:06:00.000Z,39,39,39,0,0,1,89.5875
L1924:T0,1924,T0,2025-12-23T00:00:00.000Z,62,62,55,0,7,0.8870967741935484,232
L1924:T1:I8671,1924,T1,2025-12-23T16:32:30.000Z,63,63,56,0,7,0.8888888888888888,232.68923611111111
L1924:T2:I8672,1924,T2,2025-12-30T09:26:55.000Z,66,66,60,0,6,0.9090909090909091,239.39369212962964
L1924:T2:I8670,1924,T2,2026-03-14T10:17:00.000Z,74,74,71,0,3,0.9594594594594594,138.4284722222222
L1925:T0,1925,T0,2025-04-12T00:00:00.000Z,6,4,4,2,0,0.6666666666666666,55
L1925:T1:I8673,1925,T1,2025-04-23T08:26:05.000Z,8,5,5,3,0,0.625,66.35144675925926
L1926:T0,1926,T0,2026-03-29T00:00:00.000Z,38,38,38,0,0,1,85
L1926:T1:I8675,1926,T1,2026-04-02T20:56:17.000Z,38,38,38,0,0,1,89.87241898148149
L1926:T2:I8676,1926,T2,2026-04-09T18:54:28.000Z,39,39,38,0,1,0.9743589743589743,96.78782407407408
L1926:T2:I8674,1926,T2,2026-04-10T16:22:38.000Z,39,39,38,0,1,0.9743589743589743,97.68238425925927
L1927:T0,1927,T0,2025-12-06T00:00:00.000Z,15,15,15,0,0,1,69
L1927:T1:I8681,1927,T1,2025-12-16T16:36:09.000Z,16,16,16,0,0,1,79.69177083333334
L1927:T2:I8680,1927,T2,2025-12-18T09:27:28.000Z,16,16,16,0,0,1,81.39407407407407
L1927:T2:I8678,1927,T2,2026-01-19T19:26:00.000Z,17,17,16,0,1,0.9411764705882353,108.80972222222222
L1927:T2:I8679,1927,T2,2026-02-21T20:45:00.000Z,17,17,16,0,1,0.9411764705882353,103.86458333333333
L1927:T2:I8682,1927,T2,2026-02-27T16:00:00.000Z,17,17,15,0,2,0.8823529411764706,109.66666666666667
L1927:T2:I8677,1927,T2,2026-02-28T08:19:00.000Z,17,17,15,0,2,0.8823529411764706,110.34652777777778
L1928:T0,1928,T0,2025-11-09T00:00:00.000Z,48,47,41,1,6,0.8541666666666666,184
L1928:T1:I8683,1928,T1,2025-11-10T08:36:57.000Z,49,48,43,1,5,0.8775510204081632,185.35899305555554
L1928:T2:I8685,1928,T2,2025-11-11T13:58:26.000Z,49,48,44,1,4,0.8979591836734694,186.58224537037037
L1928:T2:I8687,1928,T2,2025-11-13T16:21:54.000Z,49,48,44,1,4,0.8979591836734694,188.681875
L1928:T2:I8688,1928,T2,2025-11-17T15:23:28.000Z,49,48,43,1,5,0.8775510204081632,192.6412962962963
L1928:T2:I8684,1928,T2,2025-11-18T16:28:08.000Z,49,48,43,1,5,0.8775510204081632,193.6862037037037
L1928:T2:I8686,1928,T2,2025-11-19T20:35:06.000Z,49,48,43,1,5,0.8775510204081632,194.85770833333333
L1929:T0,1929,T0,2026-05-26T00:00:00.000Z,55,55,54,0,1,0.9818181818181818,93
L1929:T1:I8695,1929,T1,2026-05-28T20:41:12.000Z,57,57,56,0,1,0.9824561403508771,95.86194444444445
L1929:T2:I8694,1929,T2,2026-05-30T11:10:52.000Z,57,57,56,0,1,0.9824561403508771,97.46587962962963
L1929:T2:I8689,1929,T2,2026-06-01T11:28:19.000Z,56,56,55,0,1,0.9821428571428571,99.47799768518519
L1929:T2:I8693,1929,T2,2026-06-05T16:49:17.000Z,57,57,56,0,1,0.9824561403508771,93.7008912037037
L1929:T2:I8690,1929,T2,2026-06-06T07:26:21.000Z,56,56,55,0,1,0.9821428571428571,94.30996527777778
L1929:T2:I8691,1929,T2,2026-06-06T15:19:13.000Z,57,57,56,0,1,0.9824561403508771,94.6383449074074
L1929:T2:I8692,1929,T2,2026-06-08T20:05:58.000Z,58,58,57,0,1,0.9827586206896551,96.83747685185185
L1930:T0,1930,T0,2026-01-10T00:00:00.000Z,29,29,26,0,3,0.896551724137931,126
L1930:T1:I8696,1930,T1,2026-01-12T11:52:43.000Z,30,30,28,0,2,0.9333333333333333,118.49494212962964
L1930:T2:I8697,1930,T2,2026-01-22T10:09:46.000Z,29,29,25,0,4,0.8620689655172413,127.42344907407407
L1931:T0,1931,T0,2025-02-11T00:00:00.000Z,11,1,1,10,0,0.09090909090909091,5
L1931:T1:I8698,1931,T1,2025-02-15T09:51:51.000Z,13,2,2,11,0,0.15384615384615385,9.411006944444445
L1931:T2:I8699,1931,T2,2025-05-18T19:23:00.000Z,25,16,15,9,1,0.6,95.80763888888889
L1931:T2:I8700,1931,T2,2026-03-24T20:31:00.000Z,39,39,39,0,0,1,80.8548611111111
L1932:T0,1932,T0,2026-03-01T00:00:00.000Z,51,51,49,0,2,0.9607843137254902,112
L1932:T1:I8701,1932,T1,2026-03-07T20:58:35.000Z,52,52,49,0,3,0.9423076923076923,118.8740162037037
L1933:T0,1933,T0,2026-06-25T00:00:00.000Z,93,93,88,0,5,0.946236559139785,126
L1933:T1:I8703,1933,T1,2026-06-27T15:37:45.000Z,94,94,90,0,4,0.9574468085106383,117.65121527777778
L1933:T2:I8702,1933,T2,2026-07-03T12:27:43.000Z,94,94,91,0,3,0.9680851063829787,123.51924768518519
L1934:T0,1934,T0,2025-10-23T00:00:00.000Z,26,26,24,0,2,0.9230769230769231,164
L1934:T1:I8710,1934,T1,2025-10-24T14:20:08.000Z,27,27,26,0,1,0.9629629629629629,165.5973148148148
L1934:T2:I8709,1934,T2,2025-10-25T19:41:31.000Z,27,27,26,0,1,0.9629629629629629,166.8204976851852
L1934:T2:I8707,1934,T2,2025-10-27T10:13:43.000Z,27,27,26,0,1,0.9629629629629629,168.42619212962964
L1934:T2:I8708,1934,T2,2025-10-30T09:56:47.000Z,27,27,26,0,1,0.9629629629629629,171.41443287037038
L1934:T2:I8706,1934,T2,2025-10-31T07:31:56.000Z,27,27,26,0,1,0.9629629629629629,172.31384259259258
L1934:T2:I8704,1934,T2,2025-11-05T08:09:53.000Z,27,27,24,0,3,0.8888888888888888,177.34019675925927
L1934:T2:I8705,1934,T2,2025-11-05T14:09:31.000Z,27,27,25,0,2,0.9259259259259259,177.58994212962963
L1935:T0,1935,T0,2025-08-20T00:00:00.000Z,45,45,38,0,7,0.8444444444444444,189
L1935:T1:I8712,1935,T1,2025-08-31T17:57:08.000Z,46,46,37,0,9,0.8043478260869565,200.74800925925925
L1935:T2:I8711,1935,T2,2026-05-21T19:13:00.000Z,68,68,67,0,1,0.9852941176470589,101.80069444444445
L1936:T0,1936,T0,2025-03-10T00:00:00.000Z,15,6,6,9,0,0.4,34
L1936:T1:I8714,1936,T1,2025-03-20T10:30:26.000Z,18,9,9,9,0,0.5,44.43780092592593
L1936:T2:I8713,1936,T2,2025-03-20T18:18:20.000Z,18,9,9,9,0,0.5,44.76273148148148
L1937:T0,1937,T0,2025-09-24T00:00:00.000Z,15,14,13,1,1,0.8666666666666667,117
L1937:T1:I8717,1937,T1,2025-09-25T18:12:24.000Z,17,16,15,1,1,0.8823529411764706,118.75861111111111
L1937:T2:I8715,1937,T2,2025-09-30T15:14:24.000Z,17,16,15,1,1,0.8823529411764706,123.635
L1937:T2:I8716,1937,T2,2025-09-30T15:40:49.000Z,17,16,15,1,1,0.8823529411764706,123.6533449074074
L1938:T0,1938,T0,2025-01-17T00:00:00.000Z,3,0,0,3,0,0,
L1938:T1:I8720,1938,T1,2025-02-09T08:56:00.000Z,6,1,1,5,0,0.16666666666666666,0.37222222222222223
L1938:T2:I8719,1938,T2,2025-04-14T20:57:00.000Z,7,5,5,2,0,0.7142857142857143,48.87291666666667
L1938:T2:I8718,1938,T2,2025-05-20T20:24:00.000Z,8,6,6,2,0,0.75,42.85
L1938:T2:I8721,1938,T2,2025-12-15T09:09:00.000Z,21,21,21,0,0,1,57.38125
L1939:T0,1939,T0,2025-01-13T00:00:00.000Z,7,2,2,5,0,0.2857142857142857,3
L1939:T1:I8723,1939,T1,2025-01-26T09:16:50.000Z,9,2,2,7,0,0.2222222222222222,16.386689814814815
L1939:T2:I8725,1939,T2,2025-05-12T15:01:00.000Z,10,7,5,3,2,0.5,94.62569444444445
L1939:T2:I8726,1939,T2,2025-05-26T11:10:00.000Z,10,7,5,3,2,0.5,108.46527777777777
L1939:T2:I8722,1939,T2,2025-07-05T09:20:00.000Z,10,9,7,1,2,0.7,148.38888888888889
L1939:T2:I8724,1939,T2,2026-04-01T12:40:00.000Z,16,16,15,0,1,0.9375,114.52777777777777
L1940:T0,1940,T0,2025-03-21T00:00:00.000Z,9,2,2,7,0,0.2222222222222222,69
L1940:T1:I8727,1940,T1,2025-03-22T10:15:03.000Z,10,3,3,7,0,0.3,70.42711805555555
L1940:T2:I8729,1940,T2,2025-07-16T11:50:00.000Z,14,14,11,0,3,0.7857142857142857,186.49305555555554
L1940:T2:I8732,1940,T2,2025-08-20T19:09:00.000Z,14,14,10,0,4,0.7142857142857143,133.79791666666668
L1940:T2:I8730,1940,T2,2025-10-14T10:54:00.000Z,17,17,16,0,1,0.9411764705882353,148.45416666666668
L1940:T2:I8731,1940,T2,2026-05-26T12:21:00.000Z,31,31,30,0,1,0.967741935483871,95.51458333333333
L1940:T2:I8728,1940,T2,2026-06-20T11:18:00.000Z,31,31,31,0,0,1,63.47083333333333
L1941:T0,1941,T0,2025-05-25T00:00:00.000Z,18,13,12,5,1,0.6666666666666666,117
L1941:T1:I8733,1941,T1,2025-08-21T10:26:00.000Z,24,24,22,0,2,0.9166666666666666,159.43472222222223
L1941:T2:I8734,1941,T2,2025-10-25T11:16:00.000Z,28,27,25,1,2,0.8928571428571429,197.46944444444443
L1942:T0,1942,T0,2025-12-07T00:00:00.000Z,19,19,18,0,1,0.9473684210526315,94
L1942:T1:I8736,1942,T1,2025-12-10T11:49:05.000Z,20,20,19,0,1,0.95,97.49241898148148
L1942:T2:I8740,1942,T2,2025-12-13T07:47:26.000Z,20,20,19,0,1,0.95,100.32460648148148
L1942:T2:I8735,1942,T2,2025-12-13T12:41:14.000Z,20,20,19,0,1,0.95,100.52863425925926
L1942:T2:I8739,1942,T2,2025-12-18T07:20:14.000Z,20,20,19,0,1,0.95,105.30571759259259
L1942:T2:I8737,1942,T2,2025-12-26T19:23:00.000Z,20,20,19,0,1,0.95,113.80763888888889
L1942:T2:I8738,1942,T2,2026-02-26T18:50:00.000Z,23,23,22,0,1,0.9565217391304348,106.78472222222223
L1942:T2:I8742,1942,T2,2026-03-05T20:00:00.000Z,24,24,23,0,1,0.9583333333333334,113.83333333333333
L1942:T2:I8741,1942,T2,2026-05-09T13:57:00.000Z,26,26,25,0,1,0.9615384615384616,91.58125
L1943:T0,1943,T0,2025-07-25T00:00:00.000Z,65,56,49,9,7,0.7538461538461538,174
L1943:T1:I8747,1943,T1,2025-07-31T12:36:32.000Z,67,58,50,9,8,0.746268656716418,180.52537037037038
L1943:T2:I8746,1943,T2,2025-07-31T14:11:57.000Z,67,58,50,9,8,0.746268656716418,180.59163194444446
L1943:T2:I8745,1943,T2,2025-08-03T09:10:12.000Z,66,57,49,9,8,0.7424242424242424,183.38208333333333
L1943:T2:I8743,1943,T2,2025-12-09T18:03:00.000Z,92,91,77,1,14,0.8369565217391305,191.75208333333333
L1943:T2:I8748,1943,T2,2025-12-28T15:18:00.000Z,96,95,82,1,13,0.8541666666666666,210.6375
L1943:T2:I8749,1943,T2,2026-03-04T14:19:00.000Z,104,104,100,0,4,0.9615384615384616,173.59652777777777
L1943:T2:I8744,1943,T2,2026-06-16T19:54:00.000Z,118,118,116,0,2,0.9830508474576272,94.82916666666667
L1944:T0,1944,T0,2026-02-18T00:00:00.000Z,31,31,29,0,2,0.9354838709677419,171
L1944:T1:I8753,1944,T1,2026-02-18T13:22:40.000Z,32,32,30,0,2,0.9375,171.5574074074074
L1944:T2:I8756,1944,T2,2026-02-19T12:54:36.000Z,32,32,30,0,2,0.9375,172.53791666666666
L1944:T2:I8752,1944,T2,2026-02-22T20:00:13.000Z,32,32,29,0,3,0.90625,175.8334837962963
L1944:T2:I8750,1944,T2,2026-02-25T07:02:34.000Z,32,32,29,0,3,0.90625,178.29344907407406
L1944:T2:I8755,1944,T2,2026-03-01T12:53:16.000Z,32,32,29,0,3,0.90625,182.53699074074075
L1944:T2:I8751,1944,T2,2026-03-01T13:46:35.000Z,32,32,29,0,3,0.90625,182.5740162037037
L1944:T2:I8754,1944,T2,2026-03-02T15:03:57.000Z,32,32,29,0,3,0.90625,183.62774305555556
L1945:T0,1945,T0,2026-06-13T00:00:00.000Z,38,38,37,0,1,0.9736842105263158,105
L1945:T1:I8758,1945,T1,2026-06-18T19:53:08.000Z,39,39,39,0,0,1,87.82856481481481
L1945:T2:I8759,1945,T2,2026-06-20T19:30:50.000Z,39,39,39,0,0,1,82.81307870370371
L1945:T2:I8757,1945,T2,2026-06-21T16:13:11.000Z,38,38,38,0,0,1,83.67582175925926
L1945:T2:I8762,1945,T2,2026-06-21T19:41:59.000Z,39,39,39,0,0,1,83.82082175925926
L1945:T2:I8760,1945,T2,2026-06-24T12:45:51.000Z,39,39,39,0,0,1,86.53184027777777
L1945:T2:I8761,1945,T2,2026-06-25T15:41:36.000Z,39,39,39,0,0,1,87.65388888888889
L1946:T0,1946,T0,2026-03-18T00:00:00.000Z,75,75,71,0,4,0.9466666666666667,162
L1946:T1:I8763,1946,T1,2026-03-23T20:18:04.000Z,77,77,71,0,6,0.922077922077922,167.84587962962962
L1947:T0,1947,T0,2026-02-08T00:00:00.000Z,43,43,41,0,2,0.9534883720930233,104
L1947:T1:I8767,1947,T1,2026-02-10T12:01:41.000Z,44,44,41,0,3,0.9318181818181818,106.50116898148148
L1947:T2:I8766,1947,T2,2026-02-11T07:21:58.000Z,44,44,41,0,3,0.9318181818181818,107.3069212962963
L1947:T2:I8770,1947,T2,2026-02-15T07:58:20.000Z,44,44,42,0,2,0.9545454545454546,111.33217592592592
L1947:T2:I8764,1947,T2,2026-02-18T18:10:57.000Z,44,44,42,0,2,0.9545454545454546,114.75760416666667
L1947:T2:I8769,1947,T2,2026-02-19T11:03:19.000Z,44,44,42,0,2,0.9545454545454546,115.46063657407407
L1947:T2:I8765,1947,T2,2026-06-07T09:48:00.000Z,55,55,53,0,2,0.9636363636363636,142.40833333333333
L1947:T2:I8768,1947,T2,2026-06-08T16:10:00.000Z,55,55,53,0,2,0.9636363636363636,143.67361111111111
L1948:T0,1948,T0,2025-11-10T00:00:00.000Z,43,42,37,1,5,0.8604651162790697,181
L1948:T1:I8772,1948,T1,2025-11-13T16:35:04.000Z,44,43,37,1,6,0.8409090909090909,184.69101851851852
L1948:T2:I8771,1948,T2,2025-11-21T17:33:31.000Z,44,43,37,1,6,0.8409090909090909,192.73160879629629
L1949:T0,1949,T0,2026-05-28T00:00:00.000Z,29,29,28,0,1,0.9655172413793104,193
L1949:T1:I8776,1949,T1,2026-05-28T19:37:59.000Z,29,29,28,0,1,0.9655172413793104,193.81804398148148
L1949:T2:I8778,1949,T2,2026-05-31T10:28:00.000Z,30,30,27,0,3,0.9,196.4361111111111
L1949:T2:I8773,1949,T2,2026-06-01T11:40:31.000Z,30,30,28,0,2,0.9333333333333333,93.48646990740741
L1949:T2:I8775,1949,T2,2026-06-01T20:40:05.000Z,30,30,28,0,2,0.9333333333333333,93.86116898148148
L1949:T2:I8779,1949,T2,2026-06-02T09:24:06.000Z,30,30,28,0,2,0.9333333333333333,94.39173611111111
L1949:T2:I8780,1949,T2,2026-06-03T16:35:18.000Z,30,30,28,0,2,0.9333333333333333,95.69118055555556
L1949:T2:I8777,1949,T2,2026-06-07T16:50:41.000Z,31,31,29,0,2,0.9354838709677419,99.70186342592592
L1949:T2:I8774,1949,T2,2026-06-08T19:55:46.000Z,31,31,29,0,2,0.9354838709677419,100.83039351851852
L1950:T0,1950,T0,2025-04-29T00:00:00.000Z,16,11,11,5,0,0.6875,73
L1950:T1:I8782,1950,T1,2025-05-06T10:52:05.000Z,18,14,14,4,0,0.7777777777777778,80.45283564814815
L1950:T2:I8784,1950,T2,2025-05-06T15:44:47.000Z,17,13,13,4,0,0.7647058823529411,80.65609953703704
L1950:T2:I8781,1950,T2,2025-05-12T11:43:43.000Z,18,14,14,4,0,0.7777777777777778,86.48869212962963
L1950:T2:I8783,1950,T2,2026-05-10T12:24:00.000Z,32,32,31,0,1,0.96875,126.51666666666667
L1951:T0,1951,T0,2026-02-04T00:00:00.000Z,36,36,34,0,2,0.9444444444444444,157
L1951:T1:I8785,1951,T1,2026-02-10T13:12:42.000Z,37,37,35,0,2,0.9459459459459459,163.5504861111111
L1951:T2:I8786,1951,T2,2026-02-14T13:36:55.000Z,37,37,35,0,2,0.9459459459459459,167.56730324074073
L1951:T2:I8787,1951,T2,2026-02-17T16:18:44.000Z,38,38,36,0,2,0.9473684210526315,170.67967592592592
L1952:T0,1952,T0,2026-05-01T00:00:00.000Z,62,62,59,0,3,0.9516129032258065,186
L1952:T1:I8792,1952,T1,2026-05-01T08:41:58.000Z,63,63,60,0,3,0.9523809523809523,186.36247685185185
L1952:T2:I8793,1952,T2,2026-05-03T14:56:05.000Z,64,64,61,0,3,0.953125,188.6222800925926
L1952:T2:I8789,1952,T2,2026-05-10T16:39:40.000Z,64,64,63,0,1,0.984375,195.69421296296295
L1952:T2:I8790,1952,T2,2026-05-12T09:36:10.000Z,64,64,63,0,1,0.984375,197.40011574074074
L1952:T2:I8791,1952,T2,2026-05-14T20:48:42.000Z,64,64,63,0,1,0.984375,199.8671527777778
L1952:T2:I8788,1952,T2,2026-06-17T19:43:00.000Z,66,66,65,0,1,0.9848484848484849,112.82152777777777
L1953:T0,1953,T0,2026-04-08T00:00:00.000Z,74,74,73,0,1,0.9864864864864865,102
L1953:T1:I8801,1953,T1,2026-04-08T08:44:10.000Z,75,75,74,0,1,0.9866666666666667,102.36400462962963
L1953:T2:I8795,1953,T2,2026-04-12T16:37:08.000Z,76,76,74,0,2,0.9736842105263158,107.6924537037037
L1953:T2:I8796,1953,T2,2026-04-17T19:11:31.000Z,77,77,76,0,1,0.987012987012987,90.79966435185185
L1953:T2:I8799,1953,T2,2026-04-17T19:39:01.000Z,77,77,76,0,1,0.987012987012987,90.81876157407407
L1953:T2:I8794,1953,T2,2026-04-18T07:39:49.000Z,78,78,77,0,1,0.9871794871794872,91.31931712962962
L1953:T2:I8798,1953,T2,2026-04-19T20:04:51.000Z,78,78,77,0,1,0.9871794871794872,92.83670138888888
L1953:T2:I8800,1953,T2,2026-04-21T08:37:52.000Z,78,78,77,0,1,0.9871794871794872,94.35962962962962
L1953:T2:I8797,1953,T2,2026-04-21T14:37:41.000Z,78,78,77,0,1,0.9871794871794872,94.60950231481482
L1954:T0,1954,T0,2025-06-10T00:00:00.000Z,28,17,16,11,1,0.5714285714285714,91
L1954:T1:I8802,1954,T1,2026-03-16T10:09:00.000Z,48,48,44,0,4,0.9166666666666666,136.42291666666668
L1955:T0,1955,T0,2025-01-17T00:00:00.000Z,11,2,2,9,0,0.18181818181818182,5
L1955:T1:I8803,1955,T1,2025-01-18T07:26:48.000Z,11,2,2,9,0,0.18181818181818182,6.310277777777777
L1955:T2:I8808,1955,T2,2025-05-03T13:43:00.000Z,20,12,11,8,1,0.55,110.57152777777777
L1955:T2:I8809,1955,T2,2025-09-02T13:04:00.000Z,24,20,19,4,1,0.7916666666666666,132.54444444444445
L1955:T2:I8810,1955,T2,2025-09-07T16:38:00.000Z,25,22,21,3,1,0.84,137.69305555555556
L1955:T2:I8805,1955,T2,2025-11-21T12:08:00.000Z,27,26,25,1,1,0.9259259259259259,132.50555555555556
L1955:T2:I8804,1955,T2,2026-02-10T07:07:00.000Z,30,30,28,0,2,0.9333333333333333,117.29652777777778
L1955:T2:I8807,1955,T2,2026-03-18T11:00:00.000Z,32,32,32,0,0,1,87.45833333333333
L1955:T2:I8806,1955,T2,2026-04-04T15:37:00.000Z,34,34,33,0,1,0.9705882352941176,104.65069444444444
L1956:T0,1956,T0,2026-04-24T00:00:00.000Z,75,75,75,0,0,1,88
L1956:T1:I8813,1956,T1,2026-04-28T08:10:01.000Z,78,78,77,0,1,0.9871794871794872,92.34028935185185
L1956:T2:I8812,1956,T2,2026-05-02T14:26:47.000Z,78,78,78,0,0,1,74.60193287037038
L1956:T2:I8814,1956,T2,2026-05-03T11:26:19.000Z,79,79,79,0,0,1,80.47660879629629
L1956:T2:I8815,1956,T2,2026-05-04T09:22:13.000Z,79,79,79,0,0,1,76.39042824074075
L1956:T2:I8811,1956,T2,2026-05-04T18:02:00.000Z,78,78,78,0,0,1,76.75138888888888
L1957:T0,1957,T0,2026-04-17T00:00:00.000Z,52,52,51,0,1,0.9807692307692307,119
L1957:T1:I8817,1957,T1,2026-04-19T20:33:43.000Z,53,53,51,0,2,0.9622641509433962,121.85674768518518
L1957:T2:I8816,1957,T2,2026-04-22T11:41:13.000Z,53,53,51,0,2,0.9622641509433962,124.48695601851851
L1957:T2:I8818,1957,T2,2026-04-25T17:53:20.000Z,53,53,51,0,2,0.9622641509433962,127.74537037037037
L1958:T0,1958,T0,2025-12-12T00:00:00.000Z,47,47,44,0,3,0.9361702127659575,175
L1958:T1:I8823,1958,T1,2025-12-12T07:39:34.000Z,48,48,45,0,3,0.9375,175.31914351851853
L1958:T2:I8822,1958,T2,2025-12-19T11:06:03.000Z,47,47,44,0,3,0.9361702127659575,182.46253472222222
L1958:T2:I8821,1958,T2,2025-12-21T17:27:27.000Z,48,48,45,0,3,0.9375,184.72739583333333
L1958:T2:I8820,1958,T2,2025-12-22T08:25:07.000Z,49,49,45,0,4,0.9183673469387755,185.35077546296296
L1958:T2:I8819,1958,T2,2025-12-23T19:09:19.000Z,50,50,47,0,3,0.94,186.79813657407408
L1958:T2:I8825,1958,T2,2026-03-20T19:46:00.000Z,57,57,55,0,2,0.9649122807017544,92.8236111111111
L1958:T2:I8824,1958,T2,2026-06-24T08:21:00.000Z,66,66,65,0,1,0.9848484848484849,123.34791666666666
L1959:T0,1959,T0,2026-03-20T00:00:00.000Z,60,60,58,0,2,0.9666666666666667,144
L1959:T1:I8826,1959,T1,2026-03-24T18:12:04.000Z,62,62,60,0,2,0.967741935483871,148.75837962962962
L1959:T2:I8827,1959,T2,2026-03-25T20:56:11.000Z,62,62,60,0,2,0.967741935483871,149.87234953703702
L1959:T2:I8828,1959,T2,2026-03-30T08:18:26.000Z,62,62,59,0,3,0.9516129032258065,154.34613425925926
L1959:T2:I8829,1959,T2,2026-04-02T20:20:17.000Z,62,62,59,0,3,0.9516129032258065,157.84741898148147
L1960:T0,1960,T0,2025-10-21T00:00:00.000Z,37,36,32,1,4,0.8648648648648649,164
L1960:T1:I8832,1960,T1,2025-10-22T15:10:50.000Z,38,37,33,1,4,0.868421052631579,165.63252314814815
L1960:T2:I8831,1960,T2,2025-10-23T19:35:28.000Z,38,37,33,1,4,0.868421052631579,166.8162962962963
L1960:T2:I8830,1960,T2,2025-10-25T18:11:02.000Z,38,37,33,1,4,0.868421052631579,168.75766203703705
L1960:T2:I8835,1960,T2,2025-10-26T08:27:15.000Z,38,37,33,1,4,0.868421052631579,169.35225694444443
L1960:T2:I8834,1960,T2,2025-11-03T20:25:17.000Z,39,39,35,0,4,0.8974358974358975,177.8508912037037
L1960:T2:I8833,1960,T2,2026-01-12T12:05:00.000Z,43,43,41,0,2,0.9534883720930233,216.50347222222223
L1961:T0,1961,T0,2025-11-21T00:00:00.000Z,11,11,11,0,0,1,70
L1961:T1:I8838,1961,T1,2025-11-23T15:11:41.000Z,12,12,12,0,0,1,72.63311342592593
L1961:T2:I8837,1961,T2,2025-11-27T11:47:52.000Z,12,12,12,0,0,1,76.49157407407408
L1961:T2:I8839,1961,T2,2025-11-28T09:55:59.000Z,12,12,12,0,0,1,49.41387731481481
L1961:T2:I8841,1961,T2,2025-11-30T15:51:47.000Z,11,11,11,0,0,1,51.66096064814815
L1961:T2:I8840,1961,T2,2026-03-20T15:05:00.000Z,15,15,14,0,1,0.9333333333333333,102.62847222222223
L1961:T2:I8836,1961,T2,2026-03-24T18:34:00.000Z,15,15,14,0,1,0.9333333333333333,106.77361111111111
L1962:T0,1962,T0,2025-05-17T00:00:00.000Z,10,8,8,2,0,0.8,90
L1962:T1:I8842,1962,T1,2025-06-19T12:07:00.000Z,15,13,11,2,2,0.7333333333333333,103.50486111111111
L1962:T2:I8845,1962,T2,2025-06-24T17:01:00.000Z,15,13,11,2,2,0.7333333333333333,108.70902777777778
L1962:T2:I8846,1962,T2,2025-09-14T12:53:00.000Z,18,17,16,1,1,0.8888888888888888,107.53680555555556
L1962:T2:I8844,1962,T2,2026-01-23T15:08:00.000Z,28,28,26,0,2,0.9285714285714286,110.63055555555556
L1962:T2:I8843,1962,T2,2026-03-10T08:54:00.000Z,32,32,31,0,1,0.96875,94.37083333333334
L1963:T0,1963,T0,2026-01-19T00:00:00.000Z,54,54,51,0,3,0.9444444444444444,217
L1963:T1:I8847,1963,T1,2026-01-23T19:35:31.000Z,56,56,53,0,3,0.9464285714285714,221.81633101851853
L1963:T2:I8849,1963,T2,2026-01-27T13:37:07.000Z,56,56,54,0,2,0.9642857142857143,163.56744212962963
L1963:T2:I8850,1963,T2,2026-01-28T17:13:43.000Z,56,56,54,0,2,0.9642857142857143,164.7178587962963
L1963:T2:I8848,1963,T2,2026-01-31T09:54:28.000Z,55,55,52,0,3,0.9454545454545454,167.41282407407408
L1964:T0,1964,T0,2026-03-17T00:00:00.000Z,11,11,10,0,1,0.9090909090909091,116
L1964:T1:I8851,1964,T1,2026-04-03T10:58:00.000Z,12,12,12,0,0,1,56.456944444444446
L1965:T0,1965,T0,2026-02-26T00:00:00.000Z,17,17,17,0,0,1,80
L1965:T1:I8855,1965,T1,2026-02-26T07:47:23.000Z,18,18,18,0,0,1,80.32457175925926
L1965:T2:I8852,1965,T2,2026-02-28T15:01:02.000Z,18,18,18,0,0,1,82.6257175925926
L1965:T2:I8854,1965,T2,2026-03-04T13:50:45.000Z,18,18,18,0,0,1,75.57690972222223
L1965:T2:I8853,1965,T2,2026-03-07T07:17:43.000Z,19,19,19,0,0,1,78.3039699074074
L1966:T0,1966,T0,2025-01-14T00:00:00.000Z,15,0,0,15,0,0,
L1966:T1:I8856,1966,T1,2025-01-20T13:56:14.000Z,17,0,0,17,0,0,
L1966:T2:I8860,1966,T2,2025-09-06T19:40:00.000Z,36,34,31,2,3,0.8611111111111112,121.81944444444444
L1966:T2:I8857,1966,T2,2025-09-14T08:28:00.000Z,38,36,33,2,3,0.868421052631579,129.3527777777778
L1966:T2:I8859,1966,T2,2025-10-11T11:50:00.000Z,40,39,34,1,5,0.85,156.49305555555554
L1966:T2:I8858,1966,T2,2026-01-07T12:36:00.000Z,43,43,42,0,1,0.9767441860465116,91.525
L1967:T0,1967,T0,2025-01-28T00:00:00.000Z,9,1,1,8,0,0.1111111111111111,4
L1967:T1:I8861,1967,T1,2025-01-31T18:13:49.000Z,10,1,1,9,0,0.1,7.759594907407408
L1967:T2:I8865,1967,T2,2025-03-21T16:05:00.000Z,11,4,4,7,0,0.36363636363636365,56.670138888888886
L1967:T2:I8862,1967,T2,2026-02-13T16:53:00.000Z,18,18,18,0,0,1,84.70347222222222
L1967:T2:I8863,1967,T2,2026-05-13T16:10:00.000Z,20,20,20,0,0,1,58.673611111111114
L1967:T2:I8864,1967,T2,2026-06-02T12:22:00.000Z,21,21,21,0,0,1,68.51527777777778
L1968:T0,1968,T0,2026-04-06T00:00:00.000Z,28,28,26,0,2,0.9285714285714286,134
L1968:T1:I8866,1968,T1,2026-04-06T15:13:17.000Z,29,29,27,0,2,0.9310344827586207,134.63422453703703
L1968:T2:I8868,1968,T2,2026-04-15T15:33:38.000Z,29,29,26,0,3,0.896551724137931,143.64835648148147
L1968:T2:I8867,1968,T2,2026-04-17T19:05:09.000Z,29,29,26,0,3,0.896551724137931,145.79524305555555
L1969:T0,1969,T0,2025-05-16T00:00:00.000Z,19,17,16,2,1,0.8421052631578947,94
L1969:T1:I8869,1969,T1,2025-06-09T15:34:00.000Z,20,18,18,2,0,0.9,69.64861111111111
L1969:T2:I8870,1969,T2,2025-08-15T18:14:00.000Z,20,18,13,2,5,0.65,132.75972222222222
L1969:T2:I8871,1969,T2,2025-09-26T09:31:00.000Z,22,20,19,2,1,0.8636363636363636,95.39652777777778
L1969:T2:I8872,1969,T2,2025-11-05T16:42:00.000Z,25,23,21,2,2,0.84,135.69583333333333
L1970:T0,1970,T0,2025-12-14T00:00:00.000Z,84,84,80,0,4,0.9523809523809523,166
L1970:T1:I8873,1970,T1,2025-12-14T17:10:23.000Z,85,85,81,0,4,0.9529411764705882,166.7155439814815
L1971:T0,1971,T0,2026-05-28T00:00:00.000Z,29,29,27,0,2,0.9310344827586207,120
L1971:T1:I8879,1971,T1,2026-05-28T13:10:35.000Z,30,30,28,0,2,0.9333333333333333,120.5490162037037
L1971:T2:I8876,1971,T2,2026-05-28T16:48:03.000Z,30,30,27,0,3,0.9,120.70003472222223
L1971:T2:I8877,1971,T2,2026-05-31T15:53:55.000Z,29,29,27,0,2,0.9310344827586207,123.66244212962962
L1971:T2:I8874,1971,T2,2026-06-03T14:03:19.000Z,30,30,26,0,4,0.8666666666666667,126.58563657407407
L1971:T2:I8875,1971,T2,2026-06-04T19:33:36.000Z,31,31,28,0,3,0.9032258064516129,127.815
L1971:T2:I8878,1971,T2,2026-06-10T20:15:52.000Z,31,31,29,0,2,0.9354838709677419,133.84435185185185
L1972:T0,1972,T0,2025-10-10T00:00:00.000Z,12,11,8,1,3,0.6666666666666666,134
L1972:T1:I8884,1972,T1,2025-10-15T13:29:41.000Z,13,12,8,1,4,0.6153846153846154,206.5622800925926
L1972:T2:I8880,1972,T2,2025-10-21T08:42:11.000Z,14,13,10,1,3,0.7142857142857143,145.3626273148148
L1972:T2:I8883,1972,T2,2025-12-11T18:56:00.000Z,15,14,14,1,0,0.9333333333333333,64.78888888888889
L1972:T2:I8881,1972,T2,2026-03-25T07:43:00.000Z,18,18,18,0,0,1,63.321527777777774
L1972:T2:I8882,1972,T2,2026-05-17T19:24:00.000Z,23,23,23,0,0,1,61.80833333333333
L1973:T0,1973,T0,2025-06-13T00:00:00.000Z,8,6,6,2,0,0.75,45
L1973:T1:I8885,1973,T1,2025-07-17T13:28:00.000Z,9,9,9,0,0,1,36.56111111111111
L1974:T0,1974,T0,2026-06-09T00:00:00.000Z,63,63,63,0,0,1,89
L1974:T1:I8886,1974,T1,2026-06-14T09:52:02.000Z,63,63,62,0,1,0.9841269841269841,94.41113425925926
L1974:T2:I8890,1974,T2,2026-06-16T10:08:03.000Z,64,64,63,0,1,0.984375,96.42225694444444
L1974:T2:I8889,1974,T2,2026-06-18T20:23:53.000Z,65,65,65,0,0,1,76.84991898148148
L1974:T2:I8888,1974,T2,2026-06-19T10:06:31.000Z,65,65,65,0,0,1,77.42119212962963
L1974:T2:I8887,1974,T2,2026-06-22T09:33:37.000Z,65,65,65,0,0,1,80.3983449074074
L1975:T0,1975,T0,2025-02-26T00:00:00.000Z,17,4,4,13,0,0.23529411764705882,28
L1975:T1:I8891,1975,T1,2026-04-09T09:10:00.000Z,49,49,47,0,2,0.9591836734693877,110.38194444444444
L1976:T0,1976,T0,2025-09-21T00:00:00.000Z,17,17,16,0,1,0.9411764705882353,150
L1976:T1:I8892,1976,T1,2025-09-21T14:56:52.000Z,18,18,16,0,2,0.8888888888888888,150.62282407407406
L1976:T2:I8894,1976,T2,2025-09-28T19:19:43.000Z,18,18,15,0,3,0.8333333333333334,157.8053587962963
L1976:T2:I8893,1976,T2,2025-09-29T17:29:32.000Z,18,18,15,0,3,0.8333333333333334,158.7288425925926
L1976:T2:I8895,1976,T2,2025-10-02T17:23:33.000Z,19,19,17,0,2,0.8947368421052632,101.7246875
L1977:T0,1977,T0,2026-01-08T00:00:00.000Z,19,19,18,0,1,0.9473684210526315,174
L1977:T1:I8896,1977,T1,2026-01-11T08:05:49.000Z,20,20,18,0,2,0.9,177.3373726851852
L1977:T2:I8897,1977,T2,2026-01-11T19:47:24.000Z,20,20,19,0,1,0.95,177.82458333333332
L1977:T2:I8902,1977,T2,2026-01-13T15:45:10.000Z,20,20,19,0,1,0.95,179.65636574074074
L1977:T2:I8900,1977,T2,2026-01-17T13:02:06.000Z,20,20,17,0,3,0.85,183.543125
L1977:T2:I8901,1977,T2,2026-01-19T20:07:20.000Z,20,20,18,0,2,0.9,185.83842592592592
L1977:T2:I8898,1977,T2,2026-01-20T08:19:38.000Z,20,20,18,0,2,0.9,186.3469675925926
L1977:T2:I8903,1977,T2,2026-02-28T15:15:00.000Z,28,28,26,0,2,0.9285714285714286,225.63541666666666
L1977:T2:I8899,1977,T2,2026-04-17T11:27:00.000Z,29,29,28,0,1,0.9655172413793104,152.47708333333333
L1978:T0,1978,T0,2025-01-14T00:00:00.000Z,11,2,2,9,0,0.18181818181818182,2
L1978:T1:I8906,1978,T1,2025-01-17T10:35:26.000Z,11,2,2,9,0,0.18181818181818182,5.441273148148148
L1978:T2:I8904,1978,T2,2025-01-21T10:50:54.000Z,13,2,2,11,0,0.15384615384615385,9.452013888888889
L1978:T2:I8905,1978,T2,2025-01-22T16:47:22.000Z,14,2,2,12,0,0.14285714285714285,10.699560185185184
L1978:T2:I8907,1978,T2,2025-02-02T16:38:00.000Z,15,4,4,11,0,0.26666666666666666,21.693055555555556
L1978:T2:I8908,1978,T2,2025-11-02T15:11:00.000Z,26,25,23,1,2,0.8846153846153846,134.6326388888889
L1978:T2:I8909,1978,T2,2026-03-06T11:00:00.000Z,30,30,30,0,0,1,75.45833333333333
L1979:T0,1979,T0,2025-07-28T00:00:00.000Z,22,22,20,0,2,0.9090909090909091,176
L1979:T1:I8910,1979,T1,2025-07-31T10:26:25.000Z,23,23,21,0,2,0.9130434782608695,179.43501157407408
L1979:T2:I8915,1979,T2,2025-08-08T08:02:30.000Z,24,24,22,0,2,0.9166666666666666,187.33506944444446
L1979:T2:I8914,1979,T2,2025-08-08T15:32:27.000Z,24,24,22,0,2,0.9166666666666666,187.64753472222222
L1979:T2:I8917,1979,T2,2025-09-30T14:05:00.000Z,26,26,21,0,5,0.8076923076923077,136.58680555555554
L1979:T2:I8911,1979,T2,2025-10-30T15:25:00.000Z,26,26,24,0,2,0.9230769230769231,136.64236111111111
L1979:T2:I8916,1979,T2,2025-11-09T18:04:00.000Z,27,27,25,0,2,0.9259259259259259,146.75277777777777
L1979:T2:I8913,1979,T2,2026-04-07T14:36:00.000Z,38,38,38,0,0,1,85.60833333333333
L1979:T2:I8912,1979,T2,2026-05-28T10:17:00.000Z,39,39,36,0,3,0.9230769230769231,122.42847222222223
L1980:T0,1980,T0,2025-02-19T00:00:00.000Z,12,2,2,10,0,0.16666666666666666,13
L1980:T1:I8918,1980,T1,2026-04-12T20:33:00.000Z,39,39,37,0,2,0.9487179487179487,99.85625
L1981:T0,1981,T0,2026-03-27T00:00:00.000Z,24,24,23,0,1,0.9583333333333334,101
L1981:T1:I8921,1981,T1,2026-03-30T15:37:22.000Z,25,25,24,0,1,0.96,104.65094907407408
L1981:T2:I8919,1981,T2,2026-03-30T16:49:04.000Z,24,24,23,0,1,0.9583333333333334,104.70074074074074
L1981:T2:I8920,1981,T2,2026-04-02T18:59:40.000Z,25,25,24,0,1,0.96,107.79143518518518
L1981:T2:I8922,1981,T2,2026-04-07T19:14:09.000Z,26,26,26,0,0,1,69.80149305555555
L1981:T2:I8923,1981,T2,2026-04-08T19:05:10.000Z,26,26,26,0,0,1,70.79525462962962
L1982:T0,1982,T0,2025-08-25T00:00:00.000Z,19,17,13,2,4,0.6842105263157895,142
L1982:T1:I8927,1982,T1,2025-08-25T09:15:54.000Z,20,18,14,2,4,0.7,142.38604166666667
L1982:T2:I8926,1982,T2,2025-08-30T07:39:24.000Z,21,19,15,2,4,0.7142857142857143,147.3190277777778
L1982:T2:I8925,1982,T2,2025-09-02T09:02:43.000Z,21,18,15,3,3,0.7142857142857143,143.37688657407406
L1982:T2:I8929,1982,T2,2025-09-03T10:39:35.000Z,21,19,16,2,3,0.7619047619047619,144.44415509259258
L1982:T2:I8924,1982,T2,2025-09-03T14:53:41.000Z,21,19,16,2,3,0.7619047619047619,144.62061342592594
L1982:T2:I8928,1982,T2,2025-09-05T07:37:11.000Z,21,19,16,2,3,0.7619047619047619,146.31748842592592
L1982:T2:I8930,1982,T2,2025-10-12T11:08:00.000Z,24,22,20,2,2,0.8333333333333334,111.46388888888889
L1983:T0,1983,T0,2025-11-12T00:00:00.000Z,63,63,53,0,10,0.8412698412698413,264
L1983:T1:I8933,1983,T1,2025-12-10T15:01:00.000Z,66,66,57,0,9,0.8636363636363636,292.62569444444443
L1983:T2:I8931,1983,T2,2025-12-21T12:45:00.000Z,66,66,59,0,7,0.8939393939393939,303.53125
L1983:T2:I8932,1983,T2,2026-05-31T19:50:00.000Z,93,93,90,0,3,0.967741935483871,135.82638888888889
L1984:T0,1984,T0,2026-06-01T00:00:00.000Z,34,34,31,0,3,0.9117647058823529,103
L1984:T1:I8934,1984,T1,2026-06-08T08:34:08.000Z,35,35,31,0,4,0.8857142857142857,110.35703703703703
L1984:T2:I8938,1984,T2,2026-06-10T09:42:58.000Z,35,35,31,0,4,0.8857142857142857,112.40483796296296
L1984:T2:I8936,1984,T2,2026-06-11T15:18:36.000Z,35,35,30,0,5,0.8571428571428571,113.63791666666667
L1984:T2:I8935,1984,T2,2026-06-13T17:23:43.000Z,35,35,30,0,5,0.8571428571428571,115.72480324074074
L1984:T2:I8937,1984,T2,2026-06-14T19:36:48.000Z,35,35,30,0,5,0.8571428571428571,116.81722222222223
L1985:T0,1985,T0,2026-06-26T00:00:00.000Z,65,65,64,0,1,0.9846153846153847,121
L1985:T1:I8940,1985,T1,2026-06-27T15:16:25.000Z,66,66,65,0,1,0.9848484848484849,122.63640046296297
L1985:T2:I8944,1985,T2,2026-06-28T13:46:16.000Z,66,66,65,0,1,0.9848484848484849,123.5737962962963
L1985:T2:I8939,1985,T2,2026-06-29T14:21:52.000Z,66,66,65,0,1,0.9848484848484849,124.59851851851852
L1985:T2:I8941,1985,T2,2026-07-04T11:36:40.000Z,65,65,64,0,1,0.9846153846153847,129.4837962962963
L1985:T2:I8942,1985,T2,2026-07-04T12:48:33.000Z,66,66,65,0,1,0.9848484848484849,129.5337152777778
L1985:T2:I8943,1985,T2,2026-07-09T07:04:33.000Z,66,66,63,0,3,0.9545454545454546,134.29482638888888
L1986:T0,1986,T0,2025-01-23T00:00:00.000Z,23,5,5,18,0,0.21739130434782608,8
L1986:T1:I8947,1986,T1,2025-01-26T12:11:01.000Z,23,6,6,17,0,0.2608695652173913,11.507650462962962
L1986:T2:I8945,1986,T2,2025-01-29T17:46:44.000Z,24,7,7,17,0,0.2916666666666667,14.740787037037038
L1986:T2:I8951,1986,T2,2025-02-04T13:53:29.000Z,25,7,7,18,0,0.28,20.57880787037037
L1986:T2:I8950,1986,T2,2025-03-31T10:07:00.000Z,30,13,13,17,0,0.43333333333333335,73.42152777777778
L1986:T2:I8946,1986,T2,2025-04-26T12:56:00.000Z,31,22,20,9,2,0.6451612903225806,99.53888888888889
L1986:T2:I8949,1986,T2,2025-05-21T09:11:00.000Z,34,26,24,8,2,0.7058823529411765,124.38263888888889
L1986:T2:I8952,1986,T2,2026-01-17T09:37:00.000Z,65,65,61,0,4,0.9384615384615385,183.40069444444444
L1986:T2:I8948,1986,T2,2026-06-14T15:27:00.000Z,76,76,75,0,1,0.9868421052631579,180.64375
L1987:T0,1987,T0,2026-01-26T00:00:00.000Z,101,100,91,1,9,0.900990099009901,144
L1987:T1:I8953,1987,T1,2026-02-02T12:04:47.000Z,102,101,90,1,11,0.8823529411764706,151.50332175925925
L1987:T2:I8954,1987,T2,2026-02-03T15:59:12.000Z,101,100,90,1,10,0.8910891089108911,152.66611111111112
L1988:T0,1988,T0,2025-01-15T00:00:00.000Z,17,2,2,15,0,0.11764705882352941,7
L1988:T1:I8955,1988,T1,2025-01-25T11:58:23.000Z,17,3,3,14,0,0.17647058823529413,17.498877314814816
L1988:T2:I8957,1988,T2,2025-10-02T11:57:00.000Z,49,48,42,1,6,0.8571428571428571,167.49791666666667
L1988:T2:I8956,1988,T2,2025-10-13T08:02:00.000Z,52,51,47,1,4,0.9038461538461539,178.3347222222222
L1989:T0,1989,T0,2025-12-21T00:00:00.000Z,16,16,16,0,0,1,77
L1989:T1:I8962,1989,T1,2025-12-22T13:22:51.000Z,17,17,16,0,1,0.9411764705882353,113.55753472222223
L1989:T2:I8961,1989,T2,2025-12-24T08:07:31.000Z,17,17,17,0,0,1,80.33855324074074
L1989:T2:I8959,1989,T2,2025-12-24T20:18:23.000Z,17,17,17,0,0,1,80.84609953703703
L1989:T2:I8958,1989,T2,2025-12-26T10:46:14.000Z,17,17,17,0,0,1,82.44877314814815
L1989:T2:I8960,1989,T2,2026-01-02T07:33:19.000Z,18,18,18,0,0,1,89.31480324074074
L1989:T2:I8963,1989,T2,2026-04-10T20:53:00.000Z,21,21,21,0,0,1,60.87013888888889
L1989:T2:I8964,1989,T2,2026-06-08T07:16:00.000Z,24,24,23,0,1,0.9583333333333334,119.30277777777778
L1990:T0,1990,T0,2026-06-22T00:00:00.000Z,56,56,54,0,2,0.9642857142857143,151
L1990:T1:I8972,1990,T1,2026-06-22T10:29:04.000Z,57,57,55,0,2,0.9649122807017544,151.43685185185186
L1990:T2:I8965,1990,T2,2026-06-22T14:26:34.000Z,57,57,55,0,2,0.9649122807017544,151.6017824074074
L1990:T2:I8966,1990,T2,2026-06-22T18:00:10.000Z,56,56,54,0,2,0.9642857142857143,151.75011574074074
L1990:T2:I8970,1990,T2,2026-06-24T13:04:07.000Z,57,57,55,0,2,0.9649122807017544,153.54452546296295
L1990:T2:I8967,1990,T2,2026-06-26T15:54:24.000Z,57,57,55,0,2,0.9649122807017544,155.6627777777778
L1990:T2:I8971,1990,T2,2026-06-27T16:10:45.000Z,57,57,55,0,2,0.9649122807017544,156.67413194444444
L1990:T2:I8969,1990,T2,2026-06-30T11:48:14.000Z,57,57,55,0,2,0.9649122807017544,159.4918287037037
L1990:T2:I8968,1990,T2,2026-07-02T09:45:53.000Z,57,57,55,0,2,0.9649122807017544,161.40686342592593
L1991:T0,1991,T0,2025-09-27T00:00:00.000Z,24,24,23,0,1,0.9583333333333334,139
L1991:T1:I8976,1991,T1,2025-10-01T15:01:10.000Z,24,24,22,0,2,0.9166666666666666,143.62581018518517
L1991:T2:I8975,1991,T2,2025-10-05T18:11:12.000Z,26,26,24,0,2,0.9230769230769231,147.7577777777778
L1991:T2:I8973,1991,T2,2025-10-07T19:22:00.000Z,26,26,24,0,2,0.9230769230769231,149.80694444444444
L1991:T2:I8979,1991,T2,2025-11-26T16:28:00.000Z,28,28,27,0,1,0.9642857142857143,199.6861111111111
L1991:T2:I8980,1991,T2,2026-02-09T18:41:00.000Z,29,29,26,0,3,0.896551724137931,137.77847222222223
L1991:T2:I8974,1991,T2,2026-03-25T11:20:00.000Z,32,32,32,0,0,1,74.47222222222223
L1991:T2:I8978,1991,T2,2026-03-27T18:16:00.000Z,32,32,32,0,0,1,76.7611111111111
L1991:T2:I8977,1991,T2,2026-04-11T16:37:00.000Z,32,32,31,0,1,0.96875,91.69236111111111
L1992:T0,1992,T0,2025-12-25T00:00:00.000Z,59,59,53,0,6,0.8983050847457628,160
L1992:T1:I8982,1992,T1,2025-12-28T17:25:33.000Z,60,60,56,0,4,0.9333333333333333,163.72607638888888
L1992:T2:I8983,1992,T2,2026-01-03T12:00:41.000Z,61,61,57,0,4,0.9344262295081968,169.50047453703704
L1992:T2:I8981,1992,T2,2026-01-03T18:51:28.000Z,60,60,56,0,4,0.9333333333333333,169.78574074074075
L1993:T0,1993,T0,2025-02-05T00:00:00.000Z,4,0,0,4,0,0,
L1993:T1:I8985,1993,T1,2025-03-19T20:29:00.000Z,5,3,3,2,0,0.6,31.853472222222223
L1993:T2:I8984,1993,T2,2025-10-26T07:15:00.000Z,14,14,14,0,0,1,75.30208333333333
L1994:T0,1994,T0,2025-01-13T00:00:00.000Z,12,0,0,12,0,0,
L1994:T1:I8987,1994,T1,2025-09-27T20:11:00.000Z,36,35,29,1,6,0.8055555555555556,184.84097222222223
L1994:T2:I8986,1994,T2,2026-02-03T07:28:00.000Z,45,45,44,0,1,0.9777777777777777,162.3111111111111
L1995:T0,1995,T0,2025-01-17T00:00:00.000Z,27,2,2,25,0,0.07407407407407407,2
L1995:T1:I8991,1995,T1,2025-01-18T15:42:32.000Z,28,2,2,26,0,0.07142857142857142,3.654537037037037
L1995:T2:I8988,1995,T2,2025-01-24T18:46:06.000Z,28,5,5,23,0,0.17857142857142858,9.782013888888889
L1995:T2:I8990,1995,T2,2025-09-27T20:26:00.000Z,67,67,64,0,3,0.9552238805970149,132.8513888888889
L1995:T2:I8989,1995,T2,2026-03-03T14:04:00.000Z,89,89,86,0,3,0.9662921348314607,115.58611111111111
L1996:T0,1996,T0,2025-12-07T00:00:00.000Z,49,49,42,0,7,0.8571428571428571,289
L1996:T1:I8996,1996,T1,2025-12-11T09:12:52.000Z,50,50,44,0,6,0.88,293.3839351851852
L1996:T2:I8992,1996,T2,2025-12-17T17:43:54.000Z,50,50,44,0,6,0.88,299.73881944444446
L1996:T2:I8995,1996,T2,2025-12-20T16:26:10.000Z,50,50,44,0,6,0.88,302.68483796296294
L1996:T2:I8993,1996,T2,2026-01-23T12:07:00.000Z,54,54,52,0,2,0.9629629629629629,167.5048611111111
L1996:T2:I8994,1996,T2,2026-02-01T16:17:00.000Z,56,56,55,0,1,0.9821428571428571,176.6784722222222
L1997:T0,1997,T0,2026-02-13T00:00:00.000Z,14,14,13,0,1,0.9285714285714286,107
L1997:T1:I8997,1997,T1,2026-02-25T18:16:11.000Z,15,15,15,0,0,1,89.76123842592592
L1998:T0,1998,T0,2025-10-21T00:00:00.000Z,15,15,13,0,2,0.8666666666666667,126
L1998:T1:I9002,1998,T1,2025-10-30T19:18:18.000Z,16,16,13,0,3,0.8125,116.804375
L1998:T2:I8999,1998,T2,2025-10-31T12:36:03.000Z,16,16,14,0,2,0.875,117.52503472222222
L1998:T2:I8998,1998,T2,2025-11-01T11:04:25.000Z,16,16,14,0,2,0.875,118.46140046296296
L1998:T2:I9003,1998,T2,2025-11-03T17:37:22.000Z,16,16,14,0,2,0.875,120.7342824074074
L1998:T2:I9000,1998,T2,2026-03-10T15:07:00.000Z,20,20,20,0,0,1,84.62986111111111
L1998:T2:I9001,1998,T2,2026-06-03T18:48:00.000Z,22,22,21,0,1,0.9545454545454546,155.78333333333333
L1999:T0,1999,T0,2026-02-20T00:00:00.000Z,46,46,45,0,1,0.9782608695652174,96
L1999:T1:I9009,1999,T1,2026-02-20T09:58:15.000Z,46,46,45,0,1,0.9782608695652174,96.41545138888888
L1999:T2:I9007,1999,T2,2026-02-20T17:47:56.000Z,47,47,46,0,1,0.9787234042553191,96.74162037037037
L1999:T2:I9008,1999,T2,2026-02-26T10:20:17.000Z,47,47,46,0,1,0.9787234042553191,102.43075231481481
L1999:T2:I9010,1999,T2,2026-03-01T16:59:15.000Z,47,47,46,0,1,0.9787234042553191,105.7078125
L1999:T2:I9005,1999,T2,2026-03-05T14:18:00.000Z,49,49,48,0,1,0.9795918367346939,109.59583333333333
L1999:T2:I9004,1999,T2,2026-03-05T15:58:23.000Z,49,49,48,0,1,0.9795918367346939,109.66554398148148
L1999:T2:I9006,1999,T2,2026-03-05T19:28:52.000Z,48,48,47,0,1,0.9791666666666666,109.81171296296296
L1999:T2:I9011,1999,T2,2026-04-27T11:49:00.000Z,57,57,56,0,1,0.9824561403508771,120.49236111111111
L2000:T0,2000,T0,2025-04-05T00:00:00.000Z,18,13,13,5,0,0.7222222222222222,75
L2000:T1:I9013,2000,T1,2025-04-08T15:10:08.000Z,19,14,14,5,0,0.7368421052631579,78.63203703703704
L2000:T2:I9012,2000,T2,2026-06-16T07:59:00.000Z,55,55,53,0,2,0.9636363636363636,173.33263888888888
L2001:T0,2001,T0,2025-04-25T00:00:00.000Z,25,9,9,16,0,0.36,53
L2001:T1:I9017,2001,T1,2025-05-02T12:25:51.000Z,25,10,10,15,0,0.4,60.51795138888889
L2001:T2:I9016,2001,T2,2025-05-04T13:13:25.000Z,27,13,13,14,0,0.48148148148148145,62.55098379629629
L2001:T2:I9015,2001,T2,2025-10-29T09:12:00.000Z,40,39,36,1,3,0.9,119.38333333333334
L2001:T2:I9014,2001,T2,2026-06-04T13:40:00.000Z,55,55,53,0,2,0.9636363636363636,133.56944444444446
L2002:T0,2002,T0,2025-03-14T00:00:00.000Z,26,11,11,15,0,0.4230769230769231,52
L2002:T1:I9020,2002,T1,2025-03-17T17:12:16.000Z,26,11,11,15,0,0.4230769230769231,55.71685185185185
L2002:T2:I9018,2002,T2,2025-03-25T07:29:36.000Z,28,12,12,16,0,0.42857142857142855,63.312222222222225
L2002:T2:I9019,2002,T2,2025-03-25T11:21:59.000Z,27,12,12,15,0,0.4444444444444444,63.47359953703704
L2003:T0,2003,T0,2025-10-29T00:00:00.000Z,44,44,39,0,5,0.8863636363636364,159
L2003:T1:I9024,2003,T1,2025-11-01T20:20:36.000Z,45,45,40,0,5,0.8888888888888888,162.8476388888889
L2003:T2:I9021,2003,T2,2025-11-06T08:38:15.000Z,45,45,41,0,4,0.9111111111111111,167.35989583333333
L2003:T2:I9022,2003,T2,2025-11-07T14:34:59.000Z,45,45,41,0,4,0.9111111111111111,168.6076273148148
L2003:T2:I9023,2003,T2,2025-11-09T19:07:34.000Z,45,45,40,0,5,0.8888888888888888,178.7969212962963
L2004:T0,2004,T0,2025-07-21T00:00:00.000Z,13,13,10,0,3,0.7692307692307693,175
L2004:T1:I9025,2004,T1,2025-07-28T15:45:42.000Z,13,13,12,0,1,0.9230769230769231,175.65673611111112
L2004:T2:I9026,2004,T2,2025-07-30T17:45:15.000Z,14,14,13,0,1,0.9285714285714286,177.73975694444445
L2005:T0,2005,T0,2025-06-27T00:00:00.000Z,17,16,13,1,3,0.7647058823529411,118
L2005:T1:I9029,2005,T1,2025-06-27T10:37:50.000Z,18,17,14,1,3,0.7777777777777778,118.44293981481482
L2005:T2:I9027,2005,T2,2025-07-03T17:07:05.000Z,18,17,14,1,3,0.7777777777777778,124.71325231481481
L2005:T2:I9033,2005,T2,2025-07-07T20:32:02.000Z,18,17,12,1,5,0.6666666666666666,128.8555787037037
L2005:T2:I9032,2005,T2,2026-03-23T14:31:00.000Z,22,22,20,0,2,0.9090909090909091,120.6048611111111
L2005:T2:I9028,2005,T2,2026-03-24T14:42:00.000Z,22,22,20,0,2,0.9090909090909091,121.6125
L2005:T2:I9030,2005,T2,2026-05-10T07:15:00.000Z,27,27,27,0,0,1,75.30208333333333
L2005:T2:I9034,2005,T2,2026-05-25T16:09:00.000Z,28,28,27,0,1,0.9642857142857143,90.67291666666667
L2005:T2:I9031,2005,T2,2026-06-08T14:52:00.000Z,29,29,29,0,0,1,79.61944444444444
L2006:T0,2006,T0,2025-12-09T00:00:00.000Z,42,42,38,0,4,0.9047619047619048,142
L2006:T1:I9038,2006,T1,2025-12-13T20:46:59.000Z,43,43,40,0,3,0.9302325581395349,146.86596064814816
L2006:T2:I9037,2006,T2,2025-12-18T15:57:44.000Z,43,43,38,0,5,0.8837209302325582,151.6650925925926
L2006:T2:I9036,2006,T2,2025-12-22T12:30:32.000Z,43,43,39,0,4,0.9069767441860465,155.5212037037037
L2006:T2:I9035,2006,T2,2026-03-01T20:38:00.000Z,50,50,49,0,1,0.98,167.85972222222222
L2007:T0,2007,T0,2026-02-06T00:00:00.000Z,19,19,17,0,2,0.8947368421052632,113
L2007:T1:I9046,2007,T1,2026-02-07T17:14:53.000Z,20,20,18,0,2,0.9,114.71866898148149
L2007:T2:I9042,2007,T2,2026-02-08T08:01:17.000Z,20,20,18,0,2,0.9,115.33422453703703
L2007:T2:I9044,2007,T2,2026-02-09T08:46:50.000Z,20,20,18,0,2,0.9,116.36585648148149
L2007:T2:I9045,2007,T2,2026-02-09T14:11:02.000Z,20,20,18,0,2,0.9,116.59099537037036
L2007:T2:I9041,2007,T2,2026-02-12T18:44:24.000Z,19,19,18,0,1,0.9473684210526315,119.78083333333333
L2007:T2:I9043,2007,T2,2026-02-14T18:08:35.000Z,20,20,19,0,1,0.95,121.75596064814815
L2007:T2:I9040,2007,T2,2026-02-15T12:26:46.000Z,20,20,19,0,1,0.95,122.51858796296297
L2007:T2:I9039,2007,T2,2026-03-03T16:22:00.000Z,20,20,20,0,0,1,69.68194444444444
L2008:T0,2008,T0,2025-10-08T00:00:00.000Z,30,30,28,0,2,0.9333333333333333,149
L2008:T1:I9048,2008,T1,2025-10-15T07:22:24.000Z,31,31,27,0,4,0.8709677419354839,156.3072222222222
L2008:T2:I9049,2008,T2,2025-10-15T09:02:37.000Z,31,31,28,0,3,0.9032258064516129,156.37681712962964
L2008:T2:I9047,2008,T2,2025-10-20T08:56:00.000Z,31,31,29,0,2,0.9354838709677419,161.37222222222223
L2009:T0,2009,T0,2026-03-24T00:00:00.000Z,49,49,47,0,2,0.9591836734693877,144
L2009:T1:I9050,2009,T1,2026-03-25T08:30:01.000Z,50,50,48,0,2,0.96,145.35417824074074
L2009:T2:I9054,2009,T2,2026-03-29T15:28:06.000Z,51,51,49,0,2,0.9607843137254902,149.6445138888889
L2009:T2:I9053,2009,T2,2026-03-30T18:47:11.000Z,51,51,49,0,2,0.9607843137254902,150.78276620370372
L2009:T2:I9055,2009,T2,2026-03-31T14:40:59.000Z,51,51,49,0,2,0.9607843137254902,151.61179398148147
L2009:T2:I9051,2009,T2,2026-04-04T20:49:03.000Z,51,51,50,0,1,0.9803921568627451,155.86739583333335
L2009:T2:I9052,2009,T2,2026-04-06T10:23:12.000Z,51,51,50,0,1,0.9803921568627451,157.43277777777777
L2009:T2:I9056,2009,T2,2026-04-06T19:06:07.000Z,51,51,50,0,1,0.9803921568627451,157.79591435185185
L2010:T0,2010,T0,2026-03-18T00:00:00.000Z,39,39,36,0,3,0.9230769230769231,126
L2010:T1:I9057,2010,T1,2026-03-27T18:19:39.000Z,41,41,39,0,2,0.9512195121951219,135.76364583333333
L2010:T2:I9058,2010,T2,2026-03-28T10:57:45.000Z,41,41,39,0,2,0.9512195121951219,136.45677083333334
L2011:T0,2011,T0,2025-08-30T00:00:00.000Z,43,42,34,1,8,0.7906976744186046,190
L2011:T1:I9059,2011,T1,2026-06-27T07:25:00.000Z,69,69,66,0,3,0.9565217391304348,145.30902777777777
L2012:T0,2012,T0,2025-05-02T00:00:00.000Z,30,19,17,11,2,0.5666666666666667,101
L2012:T1:I9064,2012,T1,2025-05-03T15:56:57.000Z,31,20,18,11,2,0.5806451612903226,102.66454861111112
L2012:T2:I9063,2012,T2,2025-05-13T12:03:51.000Z,31,21,18,10,3,0.5806451612903226,112.5026736111111
L2012:T2:I9060,2012,T2,2025-05-13T16:49:07.000Z,32,22,19,10,3,0.59375,112.70077546296297
L2012:T2:I9062,2012,T2,2025-09-14T12:39:00.000Z,45,42,36,3,6,0.8,199.52708333333334
L2012:T2:I9065,2012,T2,2025-10-18T12:30:00.000Z,51,49,44,2,5,0.8627450980392157,233.52083333333334
L2012:T2:I9061,2012,T2,2025-11-20T19:39:00.000Z,54,54,48,0,6,0.8888888888888888,266.81875
L2012:T2:I9066,2012,T2,2026-05-31T16:54:00.000Z,76,76,75,0,1,0.9868421052631579,93.70416666666667
L2013:T0,2013,T0,2026-01-12T00:00:00.000Z,27,27,24,0,3,0.8888888888888888,148
L2013:T1:I9067,2013,T1,2026-01-13T19:00:02.000Z,28,28,25,0,3,0.8928571428571429,149.79168981481482
L2013:T2:I9074,2013,T2,2026-01-15T09:05:02.000Z,28,28,25,0,3,0.8928571428571429,151.37849537037036
L2013:T2:I9070,2013,T2,2026-01-19T14:05:03.000Z,27,27,24,0,3,0.8888888888888888,155.58684027777778
L2013:T2:I9068,2013,T2,2026-01-21T19:51:03.000Z,29,29,25,0,4,0.8620689655172413,157.82711805555556
L2013:T2:I9073,2013,T2,2026-01-23T20:13:41.000Z,28,28,25,0,3,0.8928571428571429,159.84283564814814
L2013:T2:I9071,2013,T2,2026-01-24T07:26:37.000Z,28,28,25,0,3,0.8928571428571429,160.31015046296295
L2013:T2:I9072,2013,T2,2026-03-30T17:52:00.000Z,32,32,31,0,1,0.96875,100.74444444444444
L2013:T2:I9069,2013,T2,2026-04-12T12:49:00.000Z,32,32,31,0,1,0.96875,113.53402777777778
L2014:T0,2014,T0,2025-11-17T00:00:00.000Z,45,45,39,0,6,0.8666666666666667,158
L2014:T1:I9078,2014,T1,2025-11-24T10:49:49.000Z,47,47,42,0,5,0.8936170212765957,165.45126157407407
L2014:T2:I9075,2014,T2,2025-11-24T16:59:54.000Z,47,47,42,0,5,0.8936170212765957,165.7082638888889
L2014:T2:I9079,2014,T2,2025-11-30T18:06:10.000Z,48,48,43,0,5,0.8958333333333334,171.7542824074074
L2014:T2:I9077,2014,T2,2025-12-30T10:41:00.000Z,55,55,50,0,5,0.9090909090909091,173.4451388888889
L2014:T2:I9076,2014,T2,2026-06-17T09:03:00.000Z,66,66,65,0,1,0.9848484848484849,112.37708333333333
L2015:T0,2015,T0,2025-07-17T00:00:00.000Z,31,25,25,6,0,0.8064516129032258,79
L2015:T1:I9081,2015,T1,2025-07-18T15:01:00.000Z,31,25,25,6,0,0.8064516129032258,80.62569444444445
L2015:T2:I9080,2015,T2,2025-10-27T16:27:00.000Z,40,39,36,1,3,0.9,117.68541666666667
L2016:T0,2016,T0,2026-05-16T00:00:00.000Z,24,24,24,0,0,1,83
L2016:T1:I9083,2016,T1,2026-05-20T09:02:13.000Z,25,25,25,0,0,1,87.37653935185185
L2016:T2:I9084,2016,T2,2026-05-20T12:02:30.000Z,25,25,25,0,0,1,87.50173611111111
L2016:T2:I9082,2016,T2,2026-05-22T10:02:52.000Z,25,25,24,0,1,0.96,114.41865740740741
L2017:T0,2017,T0,2025-10-13T00:00:00.000Z,40,40,34,0,6,0.85,136
L2017:T1:I9086,2017,T1,2025-10-19T15:14:03.000Z,42,42,36,0,6,0.8571428571428571,142.63475694444443
L2017:T2:I9088,2017,T2,2025-10-21T16:38:49.000Z,43,43,37,0,6,0.8604651162790697,144.69362268518518
L2017:T2:I9089,2017,T2,2025-10-23T12:31:38.000Z,42,42,36,0,6,0.8571428571428571,137.5219675925926
L2017:T2:I9085,2017,T2,2025-10-23T18:29:48.000Z,42,42,36,0,6,0.8571428571428571,137.77069444444444
L2017:T2:I9087,2017,T2,2025-12-11T14:03:00.000Z,52,52,48,0,4,0.9230769230769231,182.58541666666667
L2018:T0,2018,T0,2025-04-18T00:00:00.000Z,27,20,20,7,0,0.7407407407407407,87
L2018:T1:I9093,2018,T1,2025-04-18T10:47:40.000Z,28,20,20,8,0,0.7142857142857143,87.44976851851852
L2018:T2:I9094,2018,T2,2025-04-23T16:45:26.000Z,29,21,20,8,1,0.6896551724137931,92.6982175925926
L2018:T2:I9095,2018,T2,2025-08-28T15:10:00.000Z,43,42,36,1,6,0.8372093023255814,215.63194444444446
L2018:T2:I9091,2018,T2,2025-11-22T13:43:00.000Z,52,51,44,1,7,0.8461538461538461,247.5715277777778
L2018:T2:I9092,2018,T2,2025-12-10T10:24:00.000Z,52,51,48,1,3,0.9230769230769231,177.43333333333334
L2018:T2:I9090,2018,T2,2026-02-09T20:35:00.000Z,57,57,55,0,2,0.9649122807017544,176.85763888888889
L2018:T2:I9096,2018,T2,2026-06-14T20:19:00.000Z,70,70,67,0,3,0.9571428571428572,113.84652777777778
L2019:T0,2019,T0,2026-02-09T00:00:00.000Z,19,19,17,0,2,0.8947368421052632,116
L2019:T1:I9097,2019,T1,2026-02-13T17:06:45.000Z,20,20,19,0,1,0.95,120.71302083333333
L2020:T0,2020,T0,2025-09-11T00:00:00.000Z,26,25,22,1,3,0.8461538461538461,156
L2020:T1:I9102,2020,T1,2025-09-13T18:04:48.000Z,27,26,22,1,4,0.8148148148148148,158.75333333333333
L2020:T2:I9100,2020,T2,2025-09-14T15:17:56.000Z,27,26,23,1,3,0.8518518518518519,159.6374537037037
L2020:T2:I9099,2020,T2,2025-09-16T17:32:49.000Z,27,26,22,1,4,0.8148148148148148,161.7311226851852
L2020:T2:I9101,2020,T2,2026-02-27T16:15:00.000Z,31,31,29,0,2,0.9354838709677419,129.67708333333334
L2020:T2:I9098,2020,T2,2026-04-05T08:40:00.000Z,35,35,35,0,0,1,82.36111111111111
L2021:T0,2021,T0,2025-03-08T00:00:00.000Z,5,1,1,4,0,0.2,11
L2021:T1:I9104,2021,T1,2025-03-20T09:08:34.000Z,6,2,2,4,0,0.3333333333333333,23.380949074074074
L2021:T2:I9108,2021,T2,2025-04-22T10:11:00.000Z,7,4,4,3,0,0.5714285714285714,56.424305555555556
L2021:T2:I9107,2021,T2,2025-07-05T07:02:00.000Z,11,9,9,2,0,0.8181818181818182,66.29305555555555
L2021:T2:I9103,2021,T2,2025-11-22T18:44:00.000Z,21,21,21,0,0,1,48.78055555555556
L2021:T2:I9109,2021,T2,2025-12-29T10:57:00.000Z,21,21,21,0,0,1,49.45625
L2021:T2:I9105,2021,T2,2026-02-02T07:26:00.000Z,23,23,23,0,0,1,84.30972222222222
L2021:T2:I9106,2021,T2,2026-05-04T17:21:00.000Z,28,28,27,0,1,0.9642857142857143,96.72291666666666
L2021:T2:I9110,2021,T2,2026-05-31T20:00:00.000Z,30,30,28,0,2,0.9333333333333333,123.83333333333333
L2022:T0,2022,T0,2025-12-25T00:00:00.000Z,27,27,27,0,0,1,55
L2022:T1:I9112,2022,T1,2025-12-28T07:52:03.000Z,29,29,29,0,0,1,58.3278125
L2022:T2:I9114,2022,T2,2025-12-30T14:14:05.000Z,29,29,29,0,0,1,67.59311342592592
L2022:T2:I9111,2022,T2,2026-01-03T13:01:50.000Z,29,29,29,0,0,1,54.542939814814815
L2022:T2:I9113,2022,T2,2026-01-07T19:38:39.000Z,29,29,28,0,1,0.9655172413793104,123.81850694444445
L2023:T0,2023,T0,2025-01-10T00:00:00.000Z,6,0,0,6,0,0,
L2023:T1:I9115,2023,T1,2026-04-13T17:09:00.000Z,37,37,35,0,2,0.9459459459459459,119.71458333333334
L2024:T0,2024,T0,2026-01-02T00:00:00.000Z,31,31,30,0,1,0.967741935483871,96
L2024:T1:I9116,2024,T1,2026-01-11T10:24:19.000Z,32,32,31,0,1,0.96875,105.43355324074074
L2024:T2:I9117,2024,T2,2026-01-15T08:30:03.000Z,32,32,31,0,1,0.96875,109.3542013888889
L2025:T0,2025,T0,2025-12-19T00:00:00.000Z,43,43,41,0,2,0.9534883720930233,295
L2025:T1:I9122,2025,T1,2025-12-22T09:51:00.000Z,44,44,42,0,2,0.9545454545454546,298.41041666666666
L2025:T2:I9118,2025,T2,2025-12-23T13:20:32.000Z,44,44,41,0,3,0.9318181818181818,299.5559259259259
L2025:T2:I9121,2025,T2,2025-12-24T08:51:11.000Z,44,44,40,0,4,0.9090909090909091,300.3688773148148
L2025:T2:I9120,2025,T2,2025-12-29T07:34:32.000Z,44,44,42,0,2,0.9545454545454546,305.31564814814817
L2025:T2:I9119,2025,T2,2025-12-29T18:03:47.000Z,44,44,42,0,2,0.9545454545454546,305.7526273148148
L2026:T0,2026,T0,2026-01-05T00:00:00.000Z,99,98,88,1,10,0.8888888888888888,142
L2026:T1:I9125,2026,T1,2026-01-07T07:57:27.000Z,99,98,88,1,10,0.8888888888888888,144.3315625
L2026:T2:I9126,2026,T2,2026-01-08T16:10:43.000Z,101,100,90,1,10,0.8910891089108911,145.6741087962963
L2026:T2:I9123,2026,T2,2026-01-09T10:28:28.000Z,101,100,89,1,11,0.8811881188118812,146.4364351851852
L2026:T2:I9128,2026,T2,2026-01-09T13:03:20.000Z,101,100,89,1,11,0.8811881188118812,146.5439814814815
L2026:T2:I9127,2026,T2,2026-01-10T18:43:42.000Z,101,100,88,1,12,0.8712871287128713,147.78034722222222
L2026:T2:I9124,2026,T2,2026-01-12T19:31:05.000Z,102,101,91,1,10,0.8921568627450981,149.8132523148148
L2026:T2:I9129,2026,T2,2026-01-23T13:17:00.000Z,102,101,90,1,11,0.8823529411764706,141.5534722222222
L2027:T0,2027,T0,2026-03-07T00:00:00.000Z,38,38,35,0,3,0.9210526315789473,188
L2027:T1:I9130,2027,T1,2026-03-12T16:22:12.000Z,39,39,38,0,1,0.9743589743589743,136.68208333333334
L2027:T2:I9131,2027,T2,2026-03-25T15:05:00.000Z,39,39,39,0,0,1,81.62847222222223
L2028:T0,2028,T0,2025-01-19T00:00:00.000Z,22,1,1,21,0,0.045454545454545456,11
L2028:T1:I9132,2028,T1,2025-09-10T12:15:00.000Z,44,43,37,1,6,0.8409090909090909,228.51041666666666
L2029:T0,2029,T0,2025-12-09T00:00:00.000Z,40,40,35,0,5,0.875,160
L2029:T1:I9136,2029,T1,2025-12-10T14:22:47.000Z,41,41,36,0,5,0.8780487804878049,161.59915509259258
L2029:T2:I9140,2029,T2,2025-12-13T09:38:39.000Z,41,41,36,0,5,0.8780487804878049,164.40184027777778
L2029:T2:I9134,2029,T2,2025-12-13T19:06:28.000Z,41,41,36,0,5,0.8780487804878049,164.7961574074074
L2029:T2:I9135,2029,T2,2025-12-14T08:38:13.000Z,41,41,36,0,5,0.8780487804878049,165.3598726851852
L2029:T2:I9138,2029,T2,2025-12-14T15:32:19.000Z,41,41,36,0,5,0.8780487804878049,165.64744212962964
L2029:T2:I9133,2029,T2,2025-12-17T10:10:59.000Z,41,41,37,0,4,0.9024390243902439,168.42429398148147
L2029:T2:I9137,2029,T2,2025-12-22T14:16:42.000Z,42,42,38,0,4,0.9047619047619048,173.59493055555555
L2029:T2:I9139,2029,T2,2026-03-23T16:41:00.000Z,48,48,46,0,2,0.9583333333333334,107.69513888888889
L2030:T0,2030,T0,2025-12-21T00:00:00.000Z,33,33,29,0,4,0.8787878787878788,230
L2030:T1:I9141,2030,T1,2025-12-28T15:16:04.000Z,36,36,33,0,3,0.9166666666666666,237.6361574074074
L2030:T2:I9143,2030,T2,2025-12-29T16:32:03.000Z,36,36,33,0,3,0.9166666666666666,238.6889236111111
L2030:T2:I9144,2030,T2,2025-12-31T17:51:09.000Z,37,37,34,0,3,0.918918918918919,240.74385416666667
L2030:T2:I9145,2030,T2,2026-01-02T13:43:23.000Z,36,36,33,0,3,0.9166666666666666,242.57179398148148
L2030:T2:I9142,2030,T2,2026-01-03T13:34:41.000Z,37,37,35,0,2,0.9459459459459459,105.56575231481482
L2031:T0,2031,T0,2025-04-10T00:00:00.000Z,28,16,16,12,0,0.5714285714285714,80
L2031:T1:I9146,2031,T1,2025-07-19T07:06:00.000Z,41,37,35,4,2,0.8536585365853658,129.29583333333332
L2032:T0,2032,T0,2026-06-08T00:00:00.000Z,67,67,66,0,1,0.9850746268656716,126
L2032:T1:I9149,2032,T1,2026-06-14T07:09:46.000Z,67,67,65,0,2,0.9701492537313433,132.29844907407409
L2032:T2:I9148,2032,T2,2026-06-16T08:29:34.000Z,69,69,66,0,3,0.9565217391304348,134.35386574074073
L2032:T2:I9150,2032,T2,2026-06-17T12:58:39.000Z,69,69,66,0,3,0.9565217391304348,135.54072916666667
L2032:T2:I9147,2032,T2,2026-06-19T12:54:46.000Z,69,69,66,0,3,0.9565217391304348,137.5380324074074
L2033:T0,2033,T0,2025-10-03T00:00:00.000Z,50,50,44,0,6,0.88,151
L2033:T1:I9157,2033,T1,2025-10-07T18:34:50.000Z,51,51,44,0,7,0.8627450980392157,155.7741898148148
L2033:T2:I9156,2033,T2,2025-10-08T09:35:06.000Z,51,51,42,0,9,0.8235294117647058,173.399375
L2033:T2:I9154,2033,T2,2025-10-12T10:28:16.000Z,51,51,43,0,8,0.8431372549019608,160.4362962962963
L2033:T2:I9153,2033,T2,2025-10-16T13:22:48.000Z,51,51,42,0,9,0.8235294117647058,164.5575
L2033:T2:I9158,2033,T2,2025-10-27T15:07:00.000Z,54,54,45,0,9,0.8333333333333334,175.6298611111111
L2033:T2:I9152,2033,T2,2026-04-02T19:19:00.000Z,75,75,72,0,3,0.96,157.8048611111111
L2033:T2:I9155,2033,T2,2026-05-19T07:24:00.000Z,77,77,75,0,2,0.974025974025974,204.30833333333334
L2033:T2:I9151,2033,T2,2026-06-23T09:56:00.000Z,81,81,79,0,2,0.9753086419753086,118.41388888888889
L2034:T0,2034,T0,2026-01-28T00:00:00.000Z,65,65,63,0,2,0.9692307692307692,138
L2034:T1:I9159,2034,T1,2026-02-03T13:07:29.000Z,67,67,65,0,2,0.9701492537313433,144.54686342592592
L2034:T2:I9160,2034,T2,2026-02-05T09:32:04.000Z,67,67,65,0,2,0.9701492537313433,146.39726851851853
L2034:T2:I9164,2034,T2,2026-02-05T17:13:53.000Z,67,67,65,0,2,0.9701492537313433,146.71797453703704
L2034:T2:I9163,2034,T2,2026-02-06T11:49:22.000Z,67,67,64,0,3,0.9552238805970149,147.49261574074075
L2034:T2:I9161,2034,T2,2026-02-07T16:42:27.000Z,67,67,64,0,3,0.9552238805970149,148.69614583333333
L2034:T2:I9162,2034,T2,2026-04-26T14:51:00.000Z,74,74,72,0,2,0.972972972972973,131.61875
L2034:T2:I9165,2034,T2,2026-05-13T15:07:00.000Z,74,74,72,0,2,0.972972972972973,148.6298611111111
L2035:T0,2035,T0,2025-08-11T00:00:00.000Z,19,19,14,0,5,0.7368421052631579,142
L2035:T1:I9167,2035,T1,2025-08-16T15:35:21.000Z,21,21,17,0,4,0.8095238095238095,143.6495486111111
L2035:T2:I9166,2035,T2,2025-10-18T12:40:00.000Z,22,22,18,0,4,0.8181818181818182,206.52777777777777
L2036:T0,2036,T0,2025-12-01T00:00:00.000Z,47,47,42,0,5,0.8936170212765957,172
L2036:T1:I9170,2036,T1,2025-12-03T15:40:29.000Z,48,48,42,0,6,0.875,174.65311342592594
L2036:T2:I9171,2036,T2,2025-12-11T14:03:22.000Z,52,52,48,0,4,0.9230769230769231,182.58567129629628
L2036:T2:I9169,2036,T2,2026-01-21T08:25:00.000Z,56,56,52,0,4,0.9285714285714286,123.35069444444444
L2036:T2:I9168,2036,T2,2026-06-24T13:19:00.000Z,66,66,65,0,1,0.9848484848484849,119.55486111111111
L2037:T0,2037,T0,2026-06-01T00:00:00.000Z,34,34,33,0,1,0.9705882352941176,93
L2037:T1:I9175,2037,T1,2026-06-03T19:32:03.000Z,35,35,33,0,2,0.9428571428571428,95.81392361111111
L2037:T2:I9177,2037,T2,2026-06-06T19:38:21.000Z,34,34,32,0,2,0.9411764705882353,98.81829861111112
L2037:T2:I9176,2037,T2,2026-06-08T10:03:50.000Z,36,36,34,0,2,0.9444444444444444,100.4193287037037
L2037:T2:I9172,2037,T2,2026-06-09T12:19:32.000Z,35,35,33,0,2,0.9428571428571428,101.51356481481481
L2037:T2:I9174,2037,T2,2026-06-11T11:58:49.000Z,36,36,35,0,1,0.9722222222222222,103.49917824074075
L2037:T2:I9173,2037,T2,2026-06-12T15:07:42.000Z,35,35,34,0,1,0.9714285714285714,104.63034722222223
L2038:T0,2038,T0,2025-01-05T00:00:00.000Z,22,1,1,21,0,0.045454545454545456,8
L2038:T1:I9183,2038,T1,2025-01-13T20:26:51.000Z,25,1,1,24,0,0.04,16.851979166666666
L2038:T2:I9180,2038,T2,2025-01-16T18:24:45.000Z,25,1,1,24,0,0.04,19.7671875
L2038:T2:I9179,2038,T2,2025-03-26T17:38:00.000Z,30,13,13,17,0,0.43333333333333335,51.734722222222224
L2038:T2:I9182,2038,T2,2025-05-11T12:54:00.000Z,39,27,25,12,2,0.6410256410256411,97.5375
L2038:T2:I9178,2038,T2,2025-12-07T11:34:00.000Z,68,68,64,0,4,0.9411764705882353,140.48194444444445
L2038:T2:I9184,2038,T2,2026-01-20T13:15:00.000Z,71,71,69,0,2,0.971830985915493,127.55208333333333
L2038:T2:I9181,2038,T2,2026-02-16T09:06:00.000Z,74,74,70,0,4,0.9459459459459459,154.37916666666666
L2039:T0,2039,T0,2026-01-13T00:00:00.000Z,19,19,18,0,1,0.9473684210526315,179
L2039:T1:I9191,2039,T1,2026-01-14T08:29:40.000Z,20,20,19,0,1,0.95,180.35393518518518
L2039:T2:I9188,2039,T2,2026-01-16T07:50:07.000Z,20,20,18,0,2,0.9,182.32646990740741
L2039:T2:I9185,2039,T2,2026-01-19T15:31:00.000Z,20,20,18,0,2,0.9,185.64652777777778
L2039:T2:I9187,2039,T2,2026-01-22T17:06:31.000Z,20,20,18,0,2,0.9,188.7128587962963
L2039:T2:I9186,2039,T2,2026-03-15T12:44:00.000Z,28,28,27,0,1,0.9642857142857143,119.53055555555555
L2039:T2:I9189,2039,T2,2026-04-17T09:06:00.000Z,29,29,28,0,1,0.9655172413793104,152.37916666666666
L2039:T2:I9190,2039,T2,2026-05-23T11:40:00.000Z,29,29,28,0,1,0.9655172413793104,188.48611111111111
L2040:T0,2040,T0,2026-03-02T00:00:00.000Z,29,29,29,0,0,1,87
L2040:T1:I9192,2040,T1,2026-03-02T07:32:07.000Z,30,30,30,0,0,1,87.31396990740741
L2040:T2:I9194,2040,T2,2026-03-06T14:48:04.000Z,31,31,30,0,1,0.967741935483871,91.61671296296296
L2040:T2:I9193,2040,T2,2026-03-12T10:01:14.000Z,31,31,30,0,1,0.967741935483871,97.41752314814815
L2041:T0,2041,T0,2025-10-11T00:00:00.000Z,69,69,59,0,10,0.855072463768116,259
L2041:T1:I9200,2041,T1,2025-10-11T10:58:32.000Z,70,70,60,0,10,0.8571428571428571,259.4573148148148
L2041:T2:I9199,2041,T2,2025-10-15T07:44:47.000Z,71,71,62,0,9,0.8732394366197183,263.3227662037037
L2041:T2:I9195,2041,T2,2025-10-16T18:02:39.000Z,71,71,63,0,8,0.8873239436619719,264.7518402777778
L2041:T2:I9197,2041,T2,2025-10-18T11:39:38.000Z,71,71,64,0,7,0.9014084507042254,266.4858564814815
L2041:T2:I9196,2041,T2,2025-11-10T07:33:00.000Z,76,76,73,0,3,0.9605263157894737,156.31458333333333
L2041:T2:I9198,2041,T2,2026-06-14T19:34:00.000Z,108,108,105,0,3,0.9722222222222222,115.81527777777778
L2042:T0,2042,T0,2026-04-02T00:00:00.000Z,26,26,26,0,0,1,83
L2042:T1:I9203,2042,T1,2026-04-03T12:23:55.000Z,27,27,27,0,0,1,84.5166087962963
L2042:T2:I9206,2042,T2,2026-04-08T08:34:14.000Z,28,28,28,0,0,1,89.35710648148148
L2042:T2:I9201,2042,T2,2026-04-08T09:40:38.000Z,27,27,27,0,0,1,89.4032175925926
L2042:T2:I9204,2042,T2,2026-04-08T16:13:51.000Z,28,28,28,0,0,1,89.67628472222222
L2042:T2:I9207,2042,T2,2026-04-13T12:51:57.000Z,28,28,27,0,1,0.9642857142857143,94.53607638888889
L2042:T2:I9205,2042,T2,2026-04-13T15:33:12.000Z,27,27,26,0,1,0.9629629629629629,94.64805555555556
L2042:T2:I9202,2042,T2,2026-04-13T19:13:26.000Z,28,28,27,0,1,0.9642857142857143,94.80099537037037
L2043:T0,2043,T0,2025-08-06T00:00:00.000Z,17,16,14,1,2,0.8235294117647058,145
L2043:T1:I9208,2043,T1,2025-08-06T18:47:44.000Z,18,16,14,2,2,0.7777777777777778,145.78314814814814
L2043:T2:I9209,2043,T2,2025-08-07T19:22:41.000Z,18,17,15,1,2,0.8333333333333334,146.80741898148148
L2043:T2:I9211,2043,T2,2025-08-08T18:43:49.000Z,18,17,14,1,3,0.7777777777777778,147.78042824074075
L2043:T2:I9210,2043,T2,2025-08-16T15:06:20.000Z,18,16,13,2,3,0.7222222222222222,155.62939814814814
L2043:T2:I9213,2043,T2,2025-09-11T20:18:00.000Z,18,18,15,0,3,0.8333333333333334,181.84583333333333
L2043:T2:I9212,2043,T2,2025-10-25T17:17:00.000Z,18,18,16,0,2,0.8888888888888888,168.7201388888889
L2044:T0,2044,T0,2026-04-13T00:00:00.000Z,39,39,38,0,1,0.9743589743589743,99
L2044:T1:I9215,2044,T1,2026-04-16T08:28:02.000Z,40,40,39,0,1,0.975,102.35280092592592
L2044:T2:I9216,2044,T2,2026-04-24T16:42:40.000Z,40,40,39,0,1,0.975,110.6962962962963
L2044:T2:I9214,2044,T2,2026-06-11T10:16:00.000Z,42,42,42,0,0,1,70.42777777777778
L2045:T0,2045,T0,2025-07-04T00:00:00.000Z,19,18,17,1,1,0.8947368421052632,130
L2045:T1:I9217,2045,T1,2025-07-14T15:49:50.000Z,21,20,19,1,1,0.9047619047619048,140.6596064814815
L2045:T2:I9220,2045,T2,2025-07-16T13:39:08.000Z,21,20,18,1,2,0.8571428571428571,142.5688425925926
L2045:T2:I9218,2045,T2,2025-08-31T08:23:00.000Z,23,23,20,0,3,0.8695652173913043,112.34930555555556
L2045:T2:I9219,2045,T2,2025-09-04T17:03:00.000Z,24,23,20,1,3,0.8333333333333334,116.71041666666666
L2045:T2:I9221,2045,T2,2025-09-12T17:27:00.000Z,25,24,21,1,3,0.84,124.72708333333334
L2046:T0,2046,T0,2025-10-24T00:00:00.000Z,27,27,24,0,3,0.8888888888888888,215
L2046:T1:I9223,2046,T1,2025-10-26T20:03:38.000Z,28,28,25,0,3,0.8928571428571429,217.83585648148147
L2046:T2:I9222,2046,T2,2025-11-06T10:26:03.000Z,29,29,26,0,3,0.896551724137931,228.43475694444444
L2047:T0,2047,T0,2025-03-15T00:00:00.000Z,41,18,18,23,0,0.43902439024390244,47
L2047:T1:I9224,2047,T1,2025-03-24T07:29:50.000Z,43,20,20,23,0,0.46511627906976744,56.31238425925926
L2047:T2:I9225,2047,T2,2025-03-28T15:05:44.000Z,43,23,23,20,0,0.5348837209302325,60.62898148148148
L2048:T0,2048,T0,2025-02-14T00:00:00.000Z,18,3,3,15,0,0.16666666666666666,26
L2048:T1:I9230,2048,T1,2025-02-26T09:51:38.000Z,22,9,9,13,0,0.4090909090909091,22.41085648148148
L2048:T2:I9229,2048,T2,2025-04-28T17:08:00.000Z,24,18,18,6,0,0.75,83.71388888888889
L2048:T2:I9226,2048,T2,2025-07-17T12:46:00.000Z,28,27,25,1,2,0.8928571428571429,150.53194444444443
L2048:T2:I9228,2048,T2,2026-03-02T12:16:00.000Z,51,51,50,0,1,0.9803921568627451,93.5111111111111
L2048:T2:I9227,2048,T2,2026-06-16T13:22:00.000Z,60,60,59,0,1,0.9833333333333333,142.55694444444444
L2049:T0,2049,T0,2026-01-19T00:00:00.000Z,43,43,41,0,2,0.9534883720930233,129
L2049:T1:I9234,2049,T1,2026-01-20T20:58:33.000Z,45,45,42,0,3,0.9333333333333333,214.87399305555556
L2049:T2:I9235,2049,T2,2026-01-22T19:42:06.000Z,45,45,43,0,2,0.9555555555555556,132.82090277777777
L2049:T2:I9233,2049,T2,2026-01-24T13:42:13.000Z,45,45,43,0,2,0.9555555555555556,134.5709837962963
L2049:T2:I9232,2049,T2,2026-02-01T14:00:36.000Z,45,45,44,0,1,0.9777777777777777,142.58375
L2049:T2:I9231,2049,T2,2026-02-03T14:06:00.000Z,45,45,44,0,1,0.9777777777777777,144.5875
L2050:T0,2050,T0,2025-06-30T00:00:00.000Z,43,36,32,7,4,0.7441860465116279,159
L2050:T1:I9239,2050,T1,2025-06-30T18:08:21.000Z,44,37,33,7,4,0.75,159.75579861111112
L2050:T2:I9237,2050,T2,2025-07-05T15:22:25.000Z,44,38,34,6,4,0.7727272727272727,164.64056712962963
L2050:T2:I9236,2050,T2,2025-07-13T18:47:34.000Z,45,41,38,4,3,0.8444444444444444,172.7830324074074
L2050:T2:I9238,2050,T2,2026-01-11T20:19:00.000Z,82,82,81,0,1,0.9878048780487805,188.84652777777777
L2051:T0,2051,T0,2025-10-22T00:00:00.000Z,35,34,31,1,3,0.8857142857142857,138
L2051:T1:I9240,2051,T1,2025-10-28T10:35:20.000Z,36,35,32,1,3,0.8888888888888888,144.4412037037037
L2051:T2:I9241,2051,T2,2026-03-26T13:09:00.000Z,44,44,40,0,4,0.9090909090909091,156.54791666666668
L2052:T0,2052,T0,2025-06-29T00:00:00.000Z,37,35,32,2,3,0.8648648648648649,163
L2052:T1:I9242,2052,T1,2025-07-01T14:50:09.000Z,39,36,33,3,3,0.8461538461538461,165.61815972222223
L2052:T2:I9247,2052,T2,2025-07-06T13:25:02.000Z,41,40,37,1,3,0.9024390243902439,170.55905092592593
L2052:T2:I9243,2052,T2,2025-07-10T09:37:42.000Z,41,39,36,2,3,0.8780487804878049,174.40118055555556
L2052:T2:I9245,2052,T2,2025-09-14T14:04:00.000Z,51,51,48,0,3,0.9411764705882353,119.58611111111111
L2052:T2:I9246,2052,T2,2025-12-10T11:45:00.000Z,60,60,54,0,6,0.9,145.48958333333334
L2052:T2:I9244,2052,T2,2026-02-02T13:01:00.000Z,66,66,63,0,3,0.9545454545454546,143.54236111111112
L2053:T0,2053,T0,2025-02-12T00:00:00.000Z,15,4,4,11,0,0.26666666666666666,25
L2053:T1:I9248,2053,T1,2025-02-17T18:16:41.000Z,16,6,6,10,0,0.375,28.76158564814815
L2053:T2:I9251,2053,T2,2025-02-24T13:51:33.000Z,17,6,6,11,0,0.35294117647058826,35.577465277777776
L2053:T2:I9250,2053,T2,2025-07-23T11:21:00.000Z,30,29,27,1,2,0.9,135.47291666666666
L2053:T2:I9252,2053,T2,2025-07-30T14:28:00.000Z,32,30,28,2,2,0.875,142.6027777777778
L2053:T2:I9249,2053,T2,2026-06-25T16:49:00.000Z,56,56,54,0,2,0.9642857142857143,182.70069444444445
L2054:T0,2054,T0,2026-01-01T00:00:00.000Z,29,29,29,0,0,1,81
L2054:T1:I9254,2054,T1,2026-01-10T20:02:17.000Z,30,30,30,0,0,1,89.83491898148148
L2054:T2:I9253,2054,T2,2026-01-12T10:24:31.000Z,29,29,28,0,1,0.9655172413793104,91.43369212962963
L2054:T2:I9255,2054,T2,2026-01-27T13:58:00.000Z,30,30,27,0,3,0.9,106.58194444444445
L2055:T0,2055,T0,2025-08-12T00:00:00.000Z,80,78,69,2,9,0.8625,199
L2055:T1:I9257,2055,T1,2025-08-15T08:09:11.000Z,82,80,72,2,8,0.8780487804878049,202.33971064814816
L2055:T2:I9256,2055,T2,2025-08-18T15:49:59.000Z,82,79,72,3,7,0.8780487804878049,205.65971064814815
L2055:T2:I9259,2055,T2,2025-10-29T14:02:00.000Z,96,96,85,0,11,0.8854166666666666,277.58472222222224
L2055:T2:I9261,2055,T2,2025-12-05T15:18:00.000Z,108,108,104,0,4,0.9629629629629629,157.6375
L2055:T2:I9258,2055,T2,2026-03-11T20:43:00.000Z,130,130,122,0,8,0.9384615384615385,167.86319444444445
L2055:T2:I9260,2055,T2,2026-03-24T16:13:00.000Z,132,132,124,0,8,0.9393939393939394,180.67569444444445
L2056:T0,2056,T0,2026-04-21T00:00:00.000Z,109,109,107,0,2,0.981651376146789,147
L2056:T1:I9265,2056,T1,2026-04-28T09:49:46.000Z,111,111,107,0,4,0.963963963963964,154.40956018518517
L2056:T2:I9263,2056,T2,2026-04-30T17:19:03.000Z,111,111,107,0,4,0.963963963963964,156.7215625
L2056:T2:I9262,2056,T2,2026-05-01T15:17:30.000Z,112,112,108,0,4,0.9642857142857143,157.63715277777777
L2056:T2:I9264,2056,T2,2026-05-02T09:08:58.000Z,112,112,109,0,3,0.9732142857142857,158.38122685185186
L2057:T0,2057,T0,2026-02-23T00:00:00.000Z,70,70,68,0,2,0.9714285714285714,119
L2057:T1:I9268,2057,T1,2026-02-25T09:55:35.000Z,70,70,68,0,2,0.9714285714285714,121.41359953703704
L2057:T2:I9266,2057,T2,2026-03-03T07:17:36.000Z,71,71,69,0,2,0.971830985915493,127.30388888888889
L2057:T2:I9267,2057,T2,2026-03-03T12:30:15.000Z,71,71,69,0,2,0.971830985915493,127.52100694444445
L2057:T2:I9270,2057,T2,2026-03-06T19:04:54.000Z,73,73,71,0,2,0.9726027397260274,130.79506944444444
L2057:T2:I9269,2057,T2,2026-03-23T20:05:00.000Z,75,75,73,0,2,0.9733333333333334,147.83680555555554
L2058:T0,2058,T0,2026-05-27T00:00:00.000Z,52,52,51,0,1,0.9807692307692307,91
L2058:T1:I9272,2058,T1,2026-05-28T16:16:28.000Z,53,53,52,0,1,0.9811320754716981,92.67810185185185
L2058:T2:I9273,2058,T2,2026-05-30T10:52:30.000Z,53,53,51,0,2,0.9622641509433962,94.453125
L2058:T2:I9271,2058,T2,2026-05-31T12:50:40.000Z,53,53,51,0,2,0.9622641509433962,95.53518518518518
L2058:T2:I9278,2058,T2,2026-06-02T16:06:35.000Z,52,52,50,0,2,0.9615384615384616,97.67123842592592
L2058:T2:I9275,2058,T2,2026-06-06T16:00:55.000Z,54,54,53,0,1,0.9814814814814815,101.66730324074074
L2058:T2:I9276,2058,T2,2026-06-08T17:00:34.000Z,53,53,52,0,1,0.9811320754716981,103.70872685185185
L2058:T2:I9277,2058,T2,2026-06-08T20:05:56.000Z,54,54,53,0,1,0.9814814814814815,103.8374537037037
L2058:T2:I9274,2058,T2,2026-06-09T15:26:08.000Z,54,54,53,0,1,0.9814814814814815,104.64314814814814
L2059:T0,2059,T0,2025-03-21T00:00:00.000Z,20,12,12,8,0,0.6,54
L2059:T1:I9279,2059,T1,2025-03-24T11:21:17.000Z,22,13,13,9,0,0.5909090909090909,57.47311342592592
L2059:T2:I9281,2059,T2,2025-04-21T18:40:00.000Z,24,15,15,9,0,0.625,85.77777777777777
L2059:T2:I9280,2059,T2,2025-12-26T16:34:00.000Z,49,49,44,0,5,0.8979591836734694,231.69027777777777
L2060:T0,2060,T0,2025-08-01T00:00:00.000Z,38,37,32,1,5,0.8421052631578947,188
L2060:T1:I9284,2060,T1,2025-08-02T07:47:33.000Z,39,38,33,1,5,0.8461538461538461,189.3246875
L2060:T2:I9288,2060,T2,2025-08-06T08:30:00.000Z,39,38,33,1,5,0.8461538461538461,193.35416666666666
L2060:T2:I9285,2060,T2,2025-08-06T09:37:31.000Z,39,38,33,1,5,0.8461538461538461,193.40105324074074
L2060:T2:I9283,2060,T2,2025-08-11T16:23:22.000Z,39,38,32,1,6,0.8205128205128205,198.6828935185185
L2060:T2:I9286,2060,T2,2025-08-24T20:29:00.000Z,41,41,37,0,4,0.9024390243902439,211.85347222222222
L2060:T2:I9282,2060,T2,2025-09-19T16:44:00.000Z,42,42,36,0,6,0.8571428571428571,237.69722222222222
L2060:T2:I9287,2060,T2,2025-12-26T20:13:00.000Z,50,50,47,0,3,0.94,189.8423611111111
L2061:T0,2061,T0,2026-03-02T00:00:00.000Z,17,17,14,0,3,0.8235294117647058,112
L2061:T1:I9290,2061,T1,2026-03-06T14:33:50.000Z,18,18,15,0,3,0.8333333333333334,116.6068287037037
L2061:T2:I9291,2061,T2,2026-03-06T18:59:01.000Z,18,18,15,0,3,0.8333333333333334,116.7909837962963
L2061:T2:I9289,2061,T2,2026-03-14T10:08:46.000Z,18,18,17,0,1,0.9444444444444444,107.42275462962964
L2061:T2:I9292,2061,T2,2026-03-15T14:02:38.000Z,18,18,17,0,1,0.9444444444444444,108.58516203703704
L2061:T2:I9293,2061,T2,2026-04-01T14:03:00.000Z,19,19,18,0,1,0.9473684210526315,90.58541666666666
L2062:T0,2062,T0,2025-05-11T00:00:00.000Z,26,20,18,6,2,0.6923076923076923,97
L2062:T1:I9298,2062,T1,2025-05-16T13:44:26.000Z,27,21,19,6,2,0.7037037037037037,102.57252314814815
L2062:T2:I9295,2062,T2,2025-05-21T15:07:15.000Z,28,23,21,5,2,0.75,107.63003472222222
L2062:T2:I9297,2062,T2,2025-05-23T07:59:09.000Z,27,22,20,5,2,0.7407407407407407,109.33274305555555
L2062:T2:I9296,2062,T2,2025-05-23T12:02:15.000Z,28,23,21,5,2,0.75,109.5015625
L2062:T2:I9294,2062,T2,2025-08-08T18:45:00.000Z,38,36,31,2,5,0.8157894736842105,164.78125
L2062:T2:I9301,2062,T2,2025-11-24T07:18:00.000Z,46,46,42,0,4,0.9130434782608695,124.30416666666666
L2062:T2:I9300,2062,T2,2026-02-16T16:07:00.000Z,52,52,49,0,3,0.9423076923076923,154.67152777777778
L2062:T2:I9299,2062,T2,2026-05-18T07:53:00.000Z,63,63,62,0,1,0.9841269841269841,108.32847222222222
L2063:T0,2063,T0,2025-09-08T00:00:00.000Z,15,14,13,1,1,0.8666666666666667,101
L2063:T1:I9303,2063,T1,2025-09-09T12:04:43.000Z,15,14,13,1,1,0.8666666666666667,102.50327546296296
L2063:T2:I9304,2063,T2,2025-09-11T18:14:47.000Z,16,15,14,1,1,0.875,104.76026620370371
L2063:T2:I9305,2063,T2,2025-09-15T20:53:28.000Z,16,15,14,1,1,0.875,108.87046296296296
L2063:T2:I9302,2063,T2,2025-10-02T11:28:00.000Z,17,16,15,1,1,0.8823529411764706,125.47777777777777
L2063:T2:I9306,2063,T2,2025-12-05T17:41:00.000Z,21,21,20,0,1,0.9523809523809523,115.73680555555555
L2064:T0,2064,T0,2025-02-06T00:00:00.000Z,20,1,1,19,0,0.05,4
L2064:T1:I9311,2064,T1,2025-03-05T20:31:00.000Z,23,4,4,19,0,0.17391304347826086,31.854861111111113
L2064:T2:I9309,2064,T2,2025-07-27T17:03:00.000Z,33,28,28,5,0,0.8484848484848485,89.71041666666666
L2064:T2:I9310,2064,T2,2026-03-07T18:12:00.000Z,46,46,43,0,3,0.9347826086956522,127.75833333333334
L2064:T2:I9308,2064,T2,2026-03-11T19:00:00.000Z,46,46,43,0,3,0.9347826086956522,131.79166666666666
L2064:T2:I9307,2064,T2,2026-06-05T07:22:00.000Z,55,55,53,0,2,0.9636363636363636,134.30694444444444
L2065:T0,2065,T0,2025-02-07T00:00:00.000Z,8,2,2,6,0,0.25,5
L2065:T1:I9312,2065,T1,2025-02-09T16:16:41.000Z,9,4,4,5,0,0.4444444444444444,7.678252314814815
L2065:T2:I9314,2065,T2,2025-02-13T16:47:27.000Z,9,4,4,5,0,0.4444444444444444,11.699618055555556
L2065:T2:I9316,2065,T2,2025-02-15T11:07:27.000Z,10,6,6,4,0,0.6,37.46350694444445
L2065:T2:I9315,2065,T2,2025-03-13T08:00:00.000Z,10,6,6,4,0,0.6,39.333333333333336
L2065:T2:I9313,2065,T2,2025-04-11T07:55:00.000Z,10,5,5,5,0,0.5,68.32986111111111
L2066:T0,2066,T0,2025-05-19T00:00:00.000Z,45,34,31,11,3,0.6888888888888889,114
L2066:T1:I9318,2066,T1,2025-05-23T07:01:25.000Z,46,35,31,11,4,0.6739130434782609,118.29265046296297
L2066:T2:I9320,2066,T2,2025-05-23T11:56:13.000Z,46,35,31,11,4,0.6739130434782609,118.49737268518518
L2066:T2:I9321,2066,T2,2025-06-03T09:29:00.000Z,47,37,32,10,5,0.6808510638297872,129.39513888888888
L2066:T2:I9322,2066,T2,2025-07-21T11:43:00.000Z,59,58,52,1,6,0.8813559322033898,177.48819444444445
L2066:T2:I9317,2066,T2,2025-10-02T09:26:00.000Z,68,68,56,0,12,0.8235294117647058,250.39305555555555
L2066:T2:I9319,2066,T2,2026-02-18T11:02:00.000Z,95,95,90,0,5,0.9473684210526315,179.4597222222222
L2066:T2:I9323,2066,T2,2026-02-28T19:36:00.000Z,98,98,89,0,9,0.9081632653061225,189.81666666666666
L2067:T0,2067,T0,2026-05-29T00:00:00.000Z,45,45,45,0,0,1,84
L2067:T1:I9327,2067,T1,2026-06-06T18:34:49.000Z,46,46,45,0,1,0.9782608695652174,92.77417824074074
L2067:T2:I9328,2067,T2,2026-06-08T08:11:02.000Z,46,46,45,0,1,0.9782608695652174,94.34099537037036
L2067:T2:I9324,2067,T2,2026-06-08T08:21:55.000Z,46,46,45,0,1,0.9782608695652174,94.34855324074074
L2067:T2:I9325,2067,T2,2026-06-08T17:37:54.000Z,46,46,45,0,1,0.9782608695652174,94.73465277777778
L2067:T2:I9326,2067,T2,2026-06-11T10:42:37.000Z,46,46,44,0,2,0.9565217391304348,97.44626157407407
L2068:T0,2068,T0,2025-01-30T00:00:00.000Z,15,3,3,12,0,0.2,33
L2068:T1:I9331,2068,T1,2025-02-09T19:56:22.000Z,16,7,7,9,0,0.4375,43.830810185185186
L2068:T2:I9330,2068,T2,2025-03-04T10:28:00.000Z,19,9,9,10,0,0.47368421052631576,46.43611111111111
L2068:T2:I9332,2068,T2,2025-06-21T16:38:00.000Z,26,25,23,1,2,0.8846153846153846,112.69305555555556
L2068:T2:I9334,2068,T2,2025-07-30T16:33:00.000Z,26,26,21,0,5,0.8076923076923077,151.68958333333333
L2068:T2:I9336,2068,T2,2025-11-05T18:10:00.000Z,30,30,24,0,6,0.8,224.75694444444446
L2068:T2:I9335,2068,T2,2026-02-27T11:40:00.000Z,36,36,33,0,3,0.9166666666666666,227.48611111111111
L2068:T2:I9333,2068,T2,2026-03-26T18:34:00.000Z,37,37,35,0,2,0.9459459459459459,156.7736111111111
L2068:T2:I9329,2068,T2,2026-06-09T18:59:00.000Z,46,46,45,0,1,0.9782608695652174,99.79097222222222
L2069:T0,2069,T0,2025-04-12T00:00:00.000Z,23,13,13,10,0,0.5652173913043478,68
L2069:T1:I9337,2069,T1,2026-01-30T15:21:00.000Z,51,51,49,0,2,0.9607843137254902,137.63958333333332
L2069:T2:I9338,2069,T2,2026-02-17T09:51:00.000Z,52,52,49,0,3,0.9423076923076923,155.41041666666666
L2070:T0,2070,T0,2025-09-01T00:00:00.000Z,20,20,17,0,3,0.85,153
L2070:T1:I9341,2070,T1,2025-09-01T13:05:29.000Z,21,21,18,0,3,0.8571428571428571,153.54547453703702
L2070:T2:I9340,2070,T2,2025-09-04T13:01:51.000Z,21,21,18,0,3,0.8571428571428571,156.5429513888889
L2070:T2:I9343,2070,T2,2025-09-09T13:30:59.000Z,21,21,17,0,4,0.8095238095238095,161.56318287037038
L2070:T2:I9346,2070,T2,2025-09-10T20:42:16.000Z,21,21,18,0,3,0.8571428571428571,162.86268518518517
L2070:T2:I9344,2070,T2,2026-02-06T16:56:00.000Z,28,28,25,0,3,0.8928571428571429,123.70555555555555
L2070:T2:I9345,2070,T2,2026-02-21T13:10:00.000Z,28,28,26,0,2,0.9285714285714286,112.54861111111111
L2070:T2:I9339,2070,T2,2026-04-07T13:36:00.000Z,31,31,30,0,1,0.967741935483871,115.56666666666666
L2070:T2:I9342,2070,T2,2026-05-11T12:45:00.000Z,33,33,32,0,1,0.9696969696969697,149.53125
L2071:T0,2071,T0,2025-01-23T00:00:00.000Z,12,0,0,12,0,0,
L2071:T1:I9351,2071,T1,2025-01-23T08:33:42.000Z,13,0,0,13,0,0,
L2071:T2:I9348,2071,T2,2025-01-26T13:54:00.000Z,13,0,0,13,0,0,
L2071:T2:I9347,2071,T2,2025-01-26T18:11:41.000Z,14,0,0,14,0,0,
L2071:T2:I9349,2071,T2,2025-01-29T12:23:59.000Z,13,0,0,13,0,0,
L2071:T2:I9350,2071,T2,2025-03-06T19:45:00.000Z,16,7,7,9,0,0.4375,32.822916666666664
L2071:T2:I9353,2071,T2,2025-08-16T20:50:00.000Z,24,24,22,0,2,0.9166666666666666,115.86805555555556
L2071:T2:I9352,2071,T2,2025-11-08T17:50:00.000Z,26,26,24,0,2,0.9230769230769231,145.74305555555554
L2072:T0,2072,T0,2025-03-15T00:00:00.000Z,17,9,9,8,0,0.5294117647058824,59
L2072:T1:I9358,2072,T1,2025-03-16T09:07:25.000Z,18,10,10,8,0,0.5555555555555556,60.380150462962966
L2072:T2:I9355,2072,T2,2025-06-01T16:22:00.000Z,19,14,12,5,2,0.631578947368421,119.68194444444444
L2072:T2:I9356,2072,T2,2026-02-11T17:24:00.000Z,29,29,29,0,0,1,87.725
L2072:T2:I9357,2072,T2,2026-03-01T10:42:00.000Z,30,30,29,0,1,0.9666666666666667,105.44583333333334
L2072:T2:I9359,2072,T2,2026-04-09T19:55:00.000Z,30,30,28,0,2,0.9333333333333333,144.82986111111111
L2072:T2:I9354,2072,T2,2026-04-18T10:34:00.000Z,30,30,28,0,2,0.9333333333333333,153.44027777777777
L2073:T0,2073,T0,2025-10-17T00:00:00.000Z,23,23,21,0,2,0.9130434782608695,139
L2073:T1:I9367,2073,T1,2025-10-20T13:14:48.000Z,24,24,22,0,2,0.9166666666666666,142.55194444444444
L2073:T2:I9360,2073,T2,2025-10-21T16:39:40.000Z,24,24,22,0,2,0.9166666666666666,143.69421296296295
L2073:T2:I9361,2073,T2,2025-10-24T16:30:41.000Z,25,25,24,0,1,0.96,113.68797453703704
L2073:T2:I9363,2073,T2,2025-12-06T17:49:00.000Z,27,27,26,0,1,0.9629629629629629,91.74236111111111
L2073:T2:I9365,2073,T2,2026-02-02T17:34:00.000Z,30,30,27,0,3,0.9,110.73194444444445
L2073:T2:I9362,2073,T2,2026-03-25T12:17:00.000Z,32,32,32,0,0,1,80.51180555555555
L2073:T2:I9364,2073,T2,2026-05-20T08:01:00.000Z,32,32,32,0,0,1,53.33402777777778
L2073:T2:I9366,2073,T2,2026-06-13T20:16:00.000Z,34,34,34,0,0,1,77.84444444444445
L2074:T0,2074,T0,2026-04-24T00:00:00.000Z,88,88,87,0,1,0.9886363636363636,211
L2074:T1:I9368,2074,T1,2026-04-30T20:17:29.000Z,89,89,87,0,2,0.9775280898876404,217.84547453703703
L2074:T2:I9369,2074,T2,2026-05-04T10:33:28.000Z,90,90,88,0,2,0.9777777777777777,221.43990740740742
L2075:T0,2075,T0,2025-03-24T00:00:00.000Z,21,12,12,9,0,0.5714285714285714,57
L2075:T1:I9373,2075,T1,2025-03-29T09:25:50.000Z,24,13,13,11,0,0.5416666666666666,62.39293981481482
L2075:T2:I9370,2075,T2,2025-04-11T09:39:00.000Z,24,15,15,9,0,0.625,75.40208333333334
L2075:T2:I9372,2075,T2,2025-11-18T09:06:00.000Z,47,47,42,0,5,0.8936170212765957,193.37916666666666
L2075:T2:I9374,2075,T2,2025-11-22T15:29:00.000Z,47,47,43,0,4,0.9148936170212766,197.64513888888888
L2075:T2:I9371,2075,T2,2026-01-24T07:35:00.000Z,50,50,45,0,5,0.9,260.31597222222223
L2076:T0,2076,T0,2025-05-21T00:00:00.000Z,33,26,24,7,2,0.7272727272727273,124
L2076:T1:I9378,2076,T1,2025-05-24T07:10:08.000Z,34,27,25,7,2,0.7352941176470589,127.29870370370371
L2076:T2:I9380,2076,T2,2025-05-25T13:42:36.000Z,33,27,25,6,2,0.7575757575757576,128.57125
L2076:T2:I9379,2076,T2,2025-05-27T17:43:45.000Z,35,28,25,7,3,0.7142857142857143,130.73871527777777
L2076:T2:I9376,2076,T2,2025-07-23T08:46:00.000Z,42,41,39,1,2,0.9285714285714286,187.36527777777778
L2076:T2:I9375,2076,T2,2025-11-17T14:32:00.000Z,57,57,49,0,8,0.8596491228070176,151.60555555555555
L2076:T2:I9377,2076,T2,2026-04-13T12:51:00.000Z,73,73,71,0,2,0.9726027397260274,118.53541666666666
L2077:T0,2077,T0,2025-01-27T00:00:00.000Z,21,0,0,21,0,0,
L2077:T1:I9384,2077,T1,2025-02-02T11:10:02.000Z,22,1,1,21,0,0.045454545454545456,2.4653009259259258
L2077:T2:I9383,2077,T2,2025-06-16T20:51:00.000Z,29,24,23,5,1,0.7931034482758621,120.86875
L2077:T2:I9381,2077,T2,2025-07-05T08:21:00.000Z,29,24,22,5,2,0.7586206896551724,95.34791666666666
L2077:T2:I9382,2077,T2,2025-10-14T16:54:00.000Z,34,32,30,2,2,0.8823529411764706,113.70416666666667
L2077:T2:I9385,2077,T2,2026-06-26T12:26:00.000Z,56,56,51,0,5,0.9107142857142857,128.51805555555555
L2078:T0,2078,T0,2025-03-24T00:00:00.000Z,26,13,13,13,0,0.5,63
L2078:T1:I9386,2078,T1,2025-03-24T12:35:56.000Z,26,13,13,13,0,0.5,63.5249537037037
L2078:T2:I9388,2078,T2,2025-03-30T12:11:29.000Z,27,14,14,13,0,0.5185185185185185,69.50797453703704
L2078:T2:I9387,2078,T2,2025-03-30T15:45:00.000Z,27,15,15,12,0,0.5555555555555556,69.65625
L2078:T2:I9389,2078,T2,2025-04-06T10:26:03.000Z,28,15,15,13,0,0.5357142857142857,76.43475694444444
L2079:T0,2079,T0,2026-01-03T00:00:00.000Z,62,62,57,0,5,0.9193548387096774,167
L2079:T1:I9391,2079,T1,2026-01-04T15:49:34.000Z,63,63,59,0,4,0.9365079365079365,168.6594212962963
L2079:T2:I9392,2079,T2,2026-01-12T09:18:31.000Z,63,63,59,0,4,0.9365079365079365,176.38785879629629
L2079:T2:I9394,2079,T2,2026-01-12T12:31:59.000Z,63,63,59,0,4,0.9365079365079365,176.52221064814816
L2079:T2:I9393,2079,T2,2026-01-15T19:13:30.000Z,63,63,59,0,4,0.9365079365079365,179.80104166666666
L2079:T2:I9390,2079,T2,2026-01-23T17:54:00.000Z,64,64,61,0,3,0.953125,165.74583333333334
L2080:T0,2080,T0,2025-02-17T00:00:00.000Z,13,2,2,11,0,0.15384615384615385,37
L2080:T1:I9400,2080,T1,2025-02-22T07:20:43.000Z,14,2,2,12,0,0.14285714285714285,42.30605324074074
L2080:T2:I9396,2080,T2,2025-03-17T18:10:00.000Z,16,6,6,10,0,0.375,65.75694444444444
L2080:T2:I9398,2080,T2,2025-03-19T07:59:00.000Z,16,6,6,10,0,0.375,67.3326388888889
L2080:T2:I9395,2080,T2,2025-07-01T11:09:00.000Z,22,20,17,2,3,0.7727272727272727,171.46458333333334
L2080:T2:I9401,2080,T2,2025-12-15T18:08:00.000Z,31,31,30,0,1,0.967741935483871,112.75555555555556
L2080:T2:I9397,2080,T2,2025-12-16T08:06:00.000Z,31,31,30,0,1,0.967741935483871,113.3375
L2080:T2:I9399,2080,T2,2026-05-22T14:44:00.000Z,47,47,46,0,1,0.9787234042553191,91.6138888888889
L2081:T0,2081,T0,2025-02-28T00:00:00.000Z,14,5,5,9,0,0.35714285714285715,45
L2081:T1:I9404,2081,T1,2025-03-03T20:20:43.000Z,18,5,5,13,0,0.2777777777777778,48.84771990740741
L2081:T2:I9402,2081,T2,2025-03-05T11:02:55.000Z,18,6,6,12,0,0.3333333333333333,50.4603587962963
L2081:T2:I9406,2081,T2,2025-09-10T12:35:00.000Z,28,28,24,0,4,0.8571428571428571,128.52430555555554
L2081:T2:I9403,2081,T2,2025-10-24T15:25:00.000Z,32,32,27,0,5,0.84375,172.64236111111111
L2081:T2:I9405,2081,T2,2026-06-03T20:31:00.000Z,44,44,43,0,1,0.9772727272727273,98.8548611111111
L2082:T0,2082,T0,2025-03-19T00:00:00.000Z,12,7,7,5,0,0.5833333333333334,52
L2082:T1:I9407,2082,T1,2025-03-28T16:26:28.000Z,13,7,7,6,0,0.5384615384615384,60.6850462962963
L2082:T2:I9409,2082,T2,2025-03-31T10:37:26.000Z,13,8,8,5,0,0.6153846153846154,63.44266203703704
L2082:T2:I9410,2082,T2,2025-07-07T07:01:00.000Z,14,14,12,0,2,0.8571428571428571,110.2923611111111
L2082:T2:I9411,2082,T2,2026-01-08T14:37:00.000Z,21,21,21,0,0,1,89.60902777777778
L2082:T2:I9413,2082,T2,2026-04-15T15:01:00.000Z,28,28,27,0,1,0.9642857142857143,95.62569444444445
L2082:T2:I9408,2082,T2,2026-05-29T18:18:00.000Z,30,30,30,0,0,1,78.7625
L2082:T2:I9412,2082,T2,2026-06-16T20:47:00.000Z,30,30,29,0,1,0.9666666666666667,96.86597222222223
L2083:T0,2083,T0,2026-06-12T00:00:00.000Z,98,98,96,0,2,0.9795918367346939,178
L2083:T1:I9416,2083,T1,2026-06-14T09:11:54.000Z,99,99,97,0,2,0.9797979797979798,180.38326388888888
L2083:T2:I9414,2083,T2,2026-06-16T20:48:03.000Z,99,99,97,0,2,0.9797979797979798,182.86670138888888
L2083:T2:I9415,2083,T2,2026-06-18T17:49:11.000Z,100,100,98,0,2,0.98,184.74248842592593
L2084:T0,2084,T0,2026-06-09T00:00:00.000Z,19,19,19,0,0,1,71
L2084:T1:I9417,2084,T1,2026-06-09T16:37:35.000Z,20,20,20,0,0,1,71.6927662037037
L2085:T0,2085,T0,2026-03-20T00:00:00.000Z,17,17,17,0,0,1,58
L2085:T1:I9422,2085,T1,2026-03-22T07:11:31.000Z,18,18,18,0,0,1,60.29966435185185
L2085:T2:I9420,2085,T2,2026-03-24T15:21:42.000Z,17,17,17,0,0,1,62.64006944444444
L2085:T2:I9421,2085,T2,2026-03-26T13:16:29.000Z,18,18,18,0,0,1,50.55311342592593
L2085:T2:I9418,2085,T2,2026-03-30T16:48:01.000Z,20,20,20,0,0,1,54.700011574074075
L2085:T2:I9419,2085,T2,2026-03-31T18:19:21.000Z,20,20,20,0,0,1,55.7634375
L2085:T2:I9423,2085,T2,2026-04-12T20:32:00.000Z,20,20,20,0,0,1,62.855555555555554
L2086:T0,2086,T0,2025-03-28T00:00:00.000Z,24,10,10,14,0,0.4166666666666667,79
L2086:T1:I9426,2086,T1,2025-03-29T17:40:23.000Z,25,10,10,15,0,0.4,80.73637731481482
L2086:T2:I9424,2086,T2,2025-04-03T10:01:27.000Z,25,13,13,12,0,0.52,85.41767361111111
L2086:T2:I9428,2086,T2,2025-04-05T20:25:34.000Z,25,13,13,12,0,0.52,87.85108796296296
L2086:T2:I9425,2086,T2,2025-04-08T16:56:55.000Z,25,14,13,11,1,0.52,90.70619212962963
L2086:T2:I9430,2086,T2,2025-05-18T16:31:00.000Z,33,29,27,4,2,0.8181818181818182,123.68819444444445
L2086:T2:I9429,2086,T2,2025-05-22T14:03:00.000Z,34,30,29,4,1,0.8529411764705882,97.58541666666666
L2086:T2:I9431,2086,T2,2025-07-15T19:17:00.000Z,42,38,36,4,2,0.8571428571428571,97.80347222222223
L2086:T2:I9427,2086,T2,2026-03-15T17:03:00.000Z,66,66,65,0,1,0.9848484848484849,216.71041666666667
L2087:T0,2087,T0,2026-04-21T00:00:00.000Z,103,103,102,0,1,0.9902912621359223,208
L2087:T1:I9436,2087,T1,2026-04-21T18:38:34.000Z,104,104,103,0,1,0.9903846153846154,208.7767824074074
L2087:T2:I9432,2087,T2,2026-04-27T11:47:47.000Z,105,105,103,0,2,0.9809523809523809,214.4915162037037
L2087:T2:I9433,2087,T2,2026-04-28T15:03:15.000Z,105,105,102,0,3,0.9714285714285714,215.62725694444444
L2087:T2:I9434,2087,T2,2026-04-29T17:11:03.000Z,105,105,103,0,2,0.9809523809523809,216.71600694444444
L2087:T2:I9435,2087,T2,2026-05-04T11:15:35.000Z,105,105,103,0,2,0.9809523809523809,221.4691550925926
L2088:T0,2088,T0,2026-04-13T00:00:00.000Z,62,62,60,0,2,0.967741935483871,140
L2088:T1:I9439,2088,T1,2026-04-13T20:47:33.000Z,63,63,61,0,2,0.9682539682539683,140.86635416666667
L2088:T2:I9437,2088,T2,2026-04-19T15:25:42.000Z,63,63,61,0,2,0.9682539682539683,146.64284722222223
L2088:T2:I9438,2088,T2,2026-04-21T11:36:04.000Z,63,63,60,0,3,0.9523809523809523,148.48337962962964
L2089:T0,2089,T0,2026-01-01T00:00:00.000Z,28,28,28,0,0,1,90
L2089:T1:I9440,2089,T1,2026-01-03T19:01:14.000Z,30,30,29,0,1,0.9666666666666667,92.79252314814815
L2089:T2:I9442,2089,T2,2026-01-09T07:53:56.000Z,30,30,29,0,1,0.9666666666666667,98.32912037037038
L2089:T2:I9441,2089,T2,2026-05-17T17:42:00.000Z,35,35,35,0,0,1,62.7375
L2090:T0,2090,T0,2026-01-14T00:00:00.000Z,102,102,94,0,8,0.9215686274509803,220
L2090:T1:I9448,2090,T1,2026-01-14T20:11:54.000Z,103,103,95,0,8,0.9223300970873787,220.84159722222222
L2090:T2:I9447,2090,T2,2026-01-15T18:08:59.000Z,103,103,95,0,8,0.9223300970873787,221.75623842592591
L2090:T2:I9446,2090,T2,2026-01-17T10:55:05.000Z,104,104,96,0,8,0.9230769230769231,223.45491898148148
L2090:T2:I9445,2090,T2,2026-01-21T07:46:08.000Z,105,105,100,0,5,0.9523809523809523,227.3237037037037
L2090:T2:I9444,2090,T2,2026-01-23T07:31:34.000Z,105,105,102,0,3,0.9714285714285714,229.31358796296297
L2090:T2:I9443,2090,T2,2026-03-19T10:49:00.000Z,116,116,113,0,3,0.9741379310344828,101.45069444444445
L2091:T0,2091,T0,2025-10-25T00:00:00.000Z,14,14,13,0,1,0.9285714285714286,133
L2091:T1:I9452,2091,T1,2025-10-26T13:57:00.000Z,15,15,15,0,0,1,78.58125
L2091:T2:I9449,2091,T2,2025-11-01T07:08:16.000Z,15,15,15,0,0,1,84.2974074074074
L2091:T2:I9450,2091,T2,2025-12-30T11:47:00.000Z,16,16,14,0,2,0.875,127.49097222222223
L2091:T2:I9451,2091,T2,2026-03-16T07:30:00.000Z,17,17,16,0,1,0.9411764705882353,91.3125
L2092:T0,2092,T0,2025-06-13T00:00:00.000Z,16,12,10,4,2,0.625,124
L2092:T1:I9456,2092,T1,2025-06-15T14:03:50.000Z,17,13,11,4,2,0.6470588235294118,126.58599537037037
L2092:T2:I9457,2092,T2,2025-06-17T17:44:06.000Z,17,13,11,4,2,0.6470588235294118,128.73895833333333
L2092:T2:I9454,2092,T2,2025-06-21T17:55:50.000Z,18,14,13,4,1,0.7222222222222222,132.7471064814815
L2092:T2:I9453,2092,T2,2025-06-23T18:50:25.000Z,18,14,13,4,1,0.7222222222222222,134.78501157407408
L2092:T2:I9455,2092,T2,2025-07-17T13:56:00.000Z,19,16,16,3,0,0.8421052631578947,74.58055555555555
L2093:T0,2093,T0,2026-01-09T00:00:00.000Z,38,38,35,0,3,0.9210526315789473,138
L2093:T1:I9458,2093,T1,2026-01-10T09:53:58.000Z,39,39,36,0,3,0.9230769230769231,139.41247685185186
L2093:T2:I9460,2093,T2,2026-01-12T17:07:28.000Z,38,38,34,0,4,0.8947368421052632,141.71351851851853
L2093:T2:I9465,2093,T2,2026-01-15T12:59:44.000Z,39,39,33,0,6,0.8461538461538461,144.54148148148147
L2093:T2:I9462,2093,T2,2026-01-19T08:46:26.000Z,39,39,34,0,5,0.8717948717948718,148.3655787037037
L2093:T2:I9459,2093,T2,2026-01-20T08:56:07.000Z,38,38,34,0,4,0.8947368421052632,149.37230324074073
L2093:T2:I9464,2093,T2,2026-01-22T16:59:05.000Z,39,39,35,0,4,0.8974358974358975,151.70769675925925
L2093:T2:I9461,2093,T2,2026-03-16T07:12:00.000Z,40,40,40,0,0,1,85.3
L2093:T2:I9463,2093,T2,2026-06-25T18:33:00.000Z,47,47,47,0,0,1,83.77291666666666
L2094:T0,2094,T0,2025-06-10T00:00:00.000Z,36,27,25,9,2,0.6944444444444444,103
L2094:T1:I9466,2094,T1,2025-06-13T15:19:28.000Z,37,29,27,8,2,0.7297297297297297,106.63851851851852
L2094:T2:I9470,2094,T2,2025-06-19T13:52:00.000Z,38,32,30,6,2,0.7894736842105263,112.57777777777778
L2094:T2:I9473,2094,T2,2025-06-21T11:09:03.000Z,38,32,29,6,3,0.7631578947368421,114.46461805555556
L2094:T2:I9472,2094,T2,2025-07-06T18:49:00.000Z,39,34,30,5,4,0.7692307692307693,129.78402777777777
L2094:T2:I9468,2094,T2,2025-12-09T12:47:00.000Z,48,48,44,0,4,0.9166666666666666,106.53263888888888
L2094:T2:I9469,2094,T2,2026-03-09T17:59:00.000Z,61,61,60,0,1,0.9836065573770492,113.74930555555555
L2094:T2:I9471,2094,T2,2026-04-09T10:26:00.000Z,66,66,62,0,4,0.9393939393939394,106.43472222222222
L2094:T2:I9467,2094,T2,2026-06-14T10:25:00.000Z,77,77,74,0,3,0.961038961038961,137.43402777777777
L2095:T0,2095,T0,2025-11-17T00:00:00.000Z,24,24,23,0,1,0.9583333333333334,154
L2095:T1:I9475,2095,T1,2025-11-20T15:42:10.000Z,25,25,23,0,2,0.92,157.6542824074074
L2095:T2:I9474,2095,T2,2025-11-24T13:14:02.000Z,25,25,24,0,1,0.96,161.55141203703704
L2095:T2:I9476,2095,T2,2026-03-17T17:26:00.000Z,31,31,30,0,1,0.967741935483871,104.72638888888889
L2095:T2:I9477,2095,T2,2026-05-03T08:53:00.000Z,35,35,33,0,2,0.9428571428571428,97.37013888888889
L2096:T0,2096,T0,2026-01-17T00:00:00.000Z,43,43,40,0,3,0.9302325581395349,130
L2096:T1:I9478,2096,T1,2026-01-22T10:02:01.000Z,44,44,41,0,3,0.9318181818181818,135.41806712962963
L2097:T0,2097,T0,2026-03-18T00:00:00.000Z,65,65,64,0,1,0.9846153846153847,219
L2097:T1:I9484,2097,T1,2026-03-20T13:53:34.000Z,66,66,65,0,1,0.9848484848484849,221.57886574074075
L2097:T2:I9479,2097,T2,2026-03-24T19:15:16.000Z,67,67,66,0,1,0.9850746268656716,90.80226851851852
L2097:T2:I9486,2097,T2,2026-03-25T09:23:05.000Z,67,67,66,0,1,0.9850746268656716,91.39103009259259
L2097:T2:I9480,2097,T2,2026-03-27T10:39:17.000Z,69,69,68,0,1,0.9855072463768116,93.44394675925926
L2097:T2:I9483,2097,T2,2026-03-30T13:25:32.000Z,69,69,68,0,1,0.9855072463768116,96.55939814814815
L2097:T2:I9482,2097,T2,2026-03-30T14:54:44.000Z,69,69,68,0,1,0.9855072463768116,96.6213425925926
L2097:T2:I9485,2097,T2,2026-03-31T08:20:12.000Z,69,69,68,0,1,0.9855072463768116,97.34736111111111
L2097:T2:I9481,2097,T2,2026-05-01T15:54:00.000Z,73,73,71,0,2,0.9726027397260274,111.6625
L2098:T0,2098,T0,2026-06-08T00:00:00.000Z,98,98,95,0,3,0.9693877551020408,174
L2098:T1:I9491,2098,T1,2026-06-09T08:23:02.000Z,99,99,96,0,3,0.9696969696969697,175.3493287037037
L2098:T2:I9493,2098,T2,2026-06-12T16:23:57.000Z,98,98,96,0,2,0.9795918367346939,178.6832986111111
L2098:T2:I9492,2098,T2,2026-06-13T12:07:48.000Z,99,99,97,0,2,0.9797979797979798,179.50541666666666
L2098:T2:I9490,2098,T2,2026-06-14T07:33:50.000Z,99,99,97,0,2,0.9797979797979798,180.31516203703703
L2098:T2:I9489,2098,T2,2026-06-15T17:45:22.000Z,99,99,97,0,2,0.9797979797979798,181.73983796296295
L2098:T2:I9487,2098,T2,2026-06-20T08:01:29.000Z,100,100,98,0,2,0.98,186.33436342592591
L2098:T2:I9488,2098,T2,2026-06-21T10:30:26.000Z,100,100,98,0,2,0.98,187.43780092592593
L2099:T0,2099,T0,2025-04-11T00:00:00.000Z,27,18,18,9,0,0.6666666666666666,84
L2099:T1:I9498,2099,T1,2025-04-16T16:59:23.000Z,28,19,19,9,0,0.6785714285714286,89.7079050925926
L2099:T2:I9496,2099,T2,2025-04-16T19:47:38.000Z,28,19,19,9,0,0.6785714285714286,89.82474537037037
L2099:T2:I9494,2099,T2,2025-04-17T09:48:03.000Z,28,19,19,9,0,0.6785714285714286,72.40836805555556
L2099:T2:I9497,2099,T2,2025-04-17T13:17:01.000Z,28,18,18,10,0,0.6428571428571429,72.55348379629629
L2099:T2:I9495,2099,T2,2025-12-02T15:55:00.000Z,58,58,55,0,3,0.9482758620689655,288.66319444444446
L2099:T2:I9499,2099,T2,2026-02-14T17:10:00.000Z,67,67,67,0,0,1,77.71527777777777
L2100:T0,2100,T0,2025-02-02T00:00:00.000Z,6,1,1,5,0,0.16666666666666666,5
L2100:T1:I9502,2100,T1,2025-02-03T18:10:26.000Z,7,1,1,6,0,0.14285714285714285,6.75724537037037
L2100:T2:I9503,2100,T2,2025-02-07T20:12:49.000Z,7,1,1,6,0,0.14285714285714285,10.842233796296297
L2100:T2:I9501,2100,T2,2025-02-28T11:37:00.000Z,7,1,1,6,0,0.14285714285714285,31.48402777777778
L2100:T2:I9500,2100,T2,2026-01-12T13:38:00.000Z,12,12,11,0,1,0.9166666666666666,140.56805555555556
L2101:T0,2101,T0,2025-03-14T00:00:00.000Z,34,14,14,20,0,0.4117647058823529,58
L2101:T1:I9505,2101,T1,2025-03-21T08:36:53.000Z,36,15,15,21,0,0.4166666666666667,65.35894675925925
L2101:T2:I9507,2101,T2,2025-03-21T09:39:55.000Z,37,15,15,22,0,0.40540540540540543,65.4027199074074
L2101:T2:I9506,2101,T2,2025-10-06T07:06:00.000Z,68,68,60,0,8,0.8823529411764706,141.29583333333332
L2101:T2:I9504,2101,T2,2026-05-13T12:38:00.000Z,96,96,92,0,4,0.9583333333333334,148.5263888888889
L2102:T0,2102,T0,2025-06-16T00:00:00.000Z,28,18,17,10,1,0.6071428571428571,97
L2102:T1:I9508,2102,T1,2025-06-26T19:23:43.000Z,29,19,17,10,2,0.5862068965517241,173.80813657407407
L2103:T0,2103,T0,2026-01-06T00:00:00.000Z,42,42,42,0,0,1,80
L2103:T1:I9509,2103,T1,2026-01-10T18:13:32.000Z,43,43,43,0,0,1,84.75939814814815
L2103:T2:I9510,2103,T2,2026-06-09T17:40:00.000Z,55,55,53,0,2,0.9636363636363636,144.73611111111111
L2104:T0,2104,T0,2026-03-10T00:00:00.000Z,9,9,8,0,1,0.8888888888888888,94
L2104:T1:I9511,2104,T1,2026-03-10T11:34:07.000Z,10,10,9,0,1,0.9,94.48202546296297
L2104:T2:I9512,2104,T2,2026-03-18T12:51:08.000Z,10,10,10,0,0,1,53.53550925925926
L2104:T2:I9513,2104,T2,2026-03-22T17:24:51.000Z,10,10,10,0,0,1,60.725590277777776
L2105:T0,2105,T0,2025-04-21T00:00:00.000Z,17,13,13,4,0,0.7647058823529411,69
L2105:T1:I9518,2105,T1,2025-04-28T07:34:53.000Z,19,15,15,4,0,0.7894736842105263,76.3158912037037
L2105:T2:I9516,2105,T2,2025-04-30T18:25:13.000Z,19,17,17,2,0,0.8947368421052632,78.76751157407408
L2105:T2:I9514,2105,T2,2025-05-01T08:42:43.000Z,19,17,17,2,0,0.8947368421052632,79.36299768518519
L2105:T2:I9517,2105,T2,2025-08-20T14:51:00.000Z,20,18,14,2,4,0.7,137.61875
L2105:T2:I9515,2105,T2,2026-04-23T11:45:00.000Z,36,36,36,0,0,1,79.48958333333333
L2106:T0,2106,T0,2026-06-05T00:00:00.000Z,45,45,43,0,2,0.9555555555555556,101
L2106:T1:I9521,2106,T1,2026-06-07T11:42:11.000Z,46,46,45,0,1,0.9782608695652174,97.48762731481482
L2106:T2:I9519,2106,T2,2026-06-10T14:12:58.000Z,47,47,46,0,1,0.9787234042553191,100.59233796296296
L2106:T2:I9520,2106,T2,2026-06-14T20:52:33.000Z,47,47,46,0,1,0.9787234042553191,104.8698263888889
L2107:T0,2107,T0,2026-06-19T00:00:00.000Z,33,33,32,0,1,0.9696969696969697,114
L2107:T1:I9522,2107,T1,2026-06-19T14:19:41.000Z,34,34,33,0,1,0.9705882352941176,114.59700231481482
L2108:T0,2108,T0,2026-01-01T00:00:00.000Z,26,26,24,0,2,0.9230769230769231,201
L2108:T1:I9523,2108,T1,2026-01-04T16:32:50.000Z,27,27,23,0,4,0.8518518518518519,204.6894675925926
L2108:T2:I9525,2108,T2,2026-01-14T16:28:56.000Z,27,27,24,0,3,0.8888888888888888,214.68675925925925
L2108:T2:I9524,2108,T2,2026-02-27T15:35:00.000Z,29,29,28,0,1,0.9655172413793104,112.64930555555556
L2109:T0,2109,T0,2025-03-23T00:00:00.000Z,12,9,9,3,0,0.75,45
L2109:T1:I9526,2109,T1,2026-04-13T12:11:00.000Z,24,24,22,0,2,0.9166666666666666,141.5076388888889
L2110:T0,2110,T0,2026-02-08T00:00:00.000Z,44,44,42,0,2,0.9545454545454546,152
L2110:T1:I9527,2110,T1,2026-02-10T10:07:28.000Z,45,45,43,0,2,0.9555555555555556,154.42185185185184
L2110:T2:I9532,2110,T2,2026-02-11T11:26:02.000Z,45,45,43,0,2,0.9555555555555556,155.47641203703705
L2110:T2:I9528,2110,T2,2026-02-20T15:26:23.000Z,46,46,45,0,1,0.9782608695652174,107.64332175925927
L2110:T2:I9529,2110,T2,2026-02-21T17:34:29.000Z,46,46,45,0,1,0.9782608695652174,108.73228009259259
L2110:T2:I9531,2110,T2,2026-02-21T18:28:01.000Z,46,46,45,0,1,0.9782608695652174,108.76945601851853
L2110:T2:I9530,2110,T2,2026-03-10T12:23:00.000Z,47,47,45,0,2,0.9574468085106383,125.51597222222222
L2111:T0,2111,T0,2025-12-28T00:00:00.000Z,59,59,55,0,4,0.9322033898305084,163
L2111:T1:I9535,2111,T1,2025-12-28T15:05:38.000Z,59,59,55,0,4,0.9322033898305084,163.62891203703703
L2111:T2:I9536,2111,T2,2025-12-30T11:22:51.000Z,60,60,56,0,4,0.9333333333333333,165.4742013888889
L2111:T2:I9533,2111,T2,2026-01-05T09:20:46.000Z,62,62,58,0,4,0.9354838709677419,171.3894212962963
L2111:T2:I9537,2111,T2,2026-01-06T19:48:04.000Z,62,62,58,0,4,0.9354838709677419,172.8250462962963
L2111:T2:I9534,2111,T2,2026-01-07T15:10:37.000Z,61,61,57,0,4,0.9344262295081968,173.63237268518517
L2112:T0,2112,T0,2025-06-25T00:00:00.000Z,9,8,7,1,1,0.7777777777777778,98
L2112:T1:I9539,2112,T1,2025-07-14T14:28:00.000Z,11,11,10,0,1,0.9090909090909091,117.60277777777777
L2112:T2:I9538,2112,T2,2025-12-06T13:29:00.000Z,13,13,11,0,2,0.8461538461538461,139.56180555555557
L2113:T0,2113,T0,2026-03-12T00:00:00.000Z,104,104,102,0,2,0.9807692307692307,107
L2113:T1:I9540,2113,T1,2026-03-15T15:14:27.000Z,105,105,103,0,2,0.9809523809523809,110.63503472222222
L2113:T2:I9544,2113,T2,2026-03-16T13:39:04.000Z,107,107,105,0,2,0.9813084112149533,111.5687962962963
L2113:T2:I9545,2113,T2,2026-03-22T12:29:22.000Z,107,107,105,0,2,0.9813084112149533,117.52039351851852
L2113:T2:I9543,2113,T2,2026-03-23T16:15:09.000Z,107,107,105,0,2,0.9813084112149533,118.6771875
L2113:T2:I9541,2113,T2,2026-03-24T14:55:50.000Z,107,107,104,0,3,0.9719626168224299,119.62210648148148
L2113:T2:I9542,2113,T2,2026-03-27T13:33:00.000Z,107,107,102,0,5,0.9532710280373832,122.56458333333333
L2114:T0,2114,T0,2025-01-08T00:00:00.000Z,13,0,0,13,0,0,
L2114:T1:I9546,2114,T1,2025-03-01T09:09:00.000Z,21,6,6,15,0,0.2857142857142857,46.38125
L2115:T0,2115,T0,2025-06-05T00:00:00.000Z,27,24,23,3,1,0.8518518518518519,116
L2115:T1:I9551,2115,T1,2025-06-06T19:39:20.000Z,28,25,25,3,0,0.8928571428571429,89.81898148148149
L2115:T2:I9548,2115,T2,2025-06-14T18:14:26.000Z,28,26,24,2,2,0.8571428571428571,97.76002314814815
L2115:T2:I9553,2115,T2,2025-06-15T20:19:22.000Z,27,25,23,2,2,0.8518518518518519,98.8467824074074
L2115:T2:I9547,2115,T2,2025-06-17T19:23:00.000Z,29,27,25,2,2,0.8620689655172413,100.80763888888889
L2115:T2:I9550,2115,T2,2025-07-12T12:04:00.000Z,29,29,26,0,3,0.896551724137931,125.50277777777778
L2115:T2:I9552,2115,T2,2026-01-20T09:28:00.000Z,44,44,42,0,2,0.9545454545454546,130.39444444444445
L2115:T2:I9549,2115,T2,2026-02-28T15:11:00.000Z,46,46,46,0,0,1,83.63263888888889
L2116:T0,2116,T0,2025-02-15T00:00:00.000Z,12,2,2,10,0,0.16666666666666666,3
L2116:T1:I9556,2116,T1,2025-02-21T09:53:59.000Z,12,2,2,10,0,0.16666666666666666,9.412488425925925
L2116:T2:I9559,2116,T2,2025-02-22T07:25:57.000Z,13,2,2,11,0,0.15384615384615385,10.3096875
L2116:T2:I9557,2116,T2,2025-03-30T13:53:00.000Z,14,6,6,8,0,0.42857142857142855,46.578472222222224
L2116:T2:I9554,2116,T2,2025-04-17T15:27:00.000Z,16,9,9,7,0,0.5625,64.64375
L2116:T2:I9555,2116,T2,2025-07-14T09:33:00.000Z,18,17,16,1,1,0.8888888888888888,103.39791666666666
L2116:T2:I9558,2116,T2,2026-05-29T17:43:00.000Z,28,28,28,0,0,1,74.73819444444445
L2117:T0,2117,T0,2026-01-02T00:00:00.000Z,51,51,46,0,5,0.9019607843137255,238
L2117:T1:I9563,2117,T1,2026-01-04T19:39:21.000Z,52,52,46,0,6,0.8846153846153846,240.81899305555555
L2117:T2:I9561,2117,T2,2026-01-09T11:50:31.000Z,51,51,46,0,5,0.9019607843137255,245.49341435185184
L2117:T2:I9562,2117,T2,2026-01-12T13:32:56.000Z,51,51,46,0,5,0.9019607843137255,248.56453703703704
L2117:T2:I9565,2117,T2,2026-01-15T11:26:00.000Z,52,52,46,0,6,0.8846153846153846,251.4763888888889
L2117:T2:I9564,2117,T2,2026-04-14T15:24:00.000Z,63,63,60,0,3,0.9523809523809523,141.64166666666668
L2117:T2:I9560,2117,T2,2026-04-16T15:57:00.000Z,63,63,60,0,3,0.9523809523809523,143.66458333333333
L2118:T0,2118,T0,2026-02-03T00:00:00.000Z,45,45,41,0,4,0.9111111111111111,111
L2118:T1:I9567,2118,T1,2026-02-09T13:33:52.000Z,47,47,44,0,3,0.9361702127659575,117.56518518518519
L2118:T2:I9566,2118,T2,2026-02-14T09:14:17.000Z,46,46,42,0,4,0.9130434782608695,122.38491898148148
L2119:T0,2119,T0,2026-06-08T00:00:00.000Z,28,28,28,0,0,1,79
L2119:T1:I9569,2119,T1,2026-06-10T16:18:05.000Z,29,29,29,0,0,1,81.67922453703704
L2119:T2:I9568,2119,T2,2026-06-17T19:03:44.000Z,29,29,29,0,0,1,88.79425925925926
L2120:T0,2120,T0,2025-09-28T00:00:00.000Z,17,17,16,0,1,0.9411764705882353,124
L2120:T1:I9575,2120,T1,2025-09-28T16:15:02.000Z,18,18,17,0,1,0.9444444444444444,124.67710648148149
L2120:T2:I9570,2120,T2,2025-09-28T20:25:22.000Z,18,18,16,0,2,0.8888888888888888,124.85094907407408
L2120:T2:I9576,2120,T2,2025-10-10T07:37:04.000Z,18,18,17,0,1,0.9444444444444444,136.31740740740742
L2120:T2:I9572,2120,T2,2025-12-27T14:02:00.000Z,20,20,18,0,2,0.9,114.58472222222223
L2120:T2:I9573,2120,T2,2026-03-04T20:27:00.000Z,24,24,23,0,1,0.9583333333333334,112.85208333333334
L2120:T2:I9571,2120,T2,2026-05-11T14:44:00.000Z,26,26,25,0,1,0.9615384615384616,93.6138888888889
L2120:T2:I9574,2120,T2,2026-05-17T08:08:00.000Z,26,26,26,0,0,1,86.33888888888889
L2120:T2:I9577,2120,T2,2026-06-04T12:35:00.000Z,27,27,25,0,2,0.9259259259259259,104.52430555555556
L2121:T0,2121,T0,2026-06-05T00:00:00.000Z,50,50,48,0,2,0.96,113
L2121:T1:I9582,2121,T1,2026-06-05T09:19:59.000Z,51,51,49,0,2,0.9607843137254902,113.38887731481482
L2121:T2:I9578,2121,T2,2026-06-07T07:33:19.000Z,51,51,49,0,2,0.9607843137254902,115.31480324074074
L2121:T2:I9579,2121,T2,2026-06-10T12:47:08.000Z,52,52,50,0,2,0.9615384615384616,118.53273148148148
L2121:T2:I9581,2121,T2,2026-06-15T13:42:23.000Z,52,52,51,0,1,0.9807692307692307,123.57109953703704
L2121:T2:I9580,2121,T2,2026-06-18T19:38:07.000Z,52,52,51,0,1,0.9807692307692307,126.81813657407407
L2122:T0,2122,T0,2025-06-09T00:00:00.000Z,47,42,39,5,3,0.8297872340425532,124
L2122:T1:I9584,2122,T1,2025-06-17T17:13:23.000Z,48,43,38,5,5,0.7916666666666666,143.71762731481482
L2122:T2:I9583,2122,T2,2026-02-04T15:28:00.000Z,80,80,75,0,5,0.9375,177.64444444444445
L2123:T0,2123,T0,2025-03-22T00:00:00.000Z,16,6,6,10,0,0.375,59
L2123:T1:I9585,2123,T1,2025-03-23T10:23:05.000Z,17,7,7,10,0,0.4117647058823529,60.43269675925926
L2123:T2:I9586,2123,T2,2025-03-30T15:07:21.000Z,17,6,6,11,0,0.35294117647058826,67.63010416666667
L2123:T2:I9590,2123,T2,2025-05-10T12:21:00.000Z,18,11,11,7,0,0.6111111111111112,75.51458333333333
L2123:T2:I9589,2123,T2,2025-09-01T09:46:00.000Z,23,23,20,0,3,0.8695652173913043,113.40694444444445
L2123:T2:I9588,2123,T2,2025-09-02T08:52:00.000Z,23,23,20,0,3,0.8695652173913043,114.36944444444444
L2123:T2:I9591,2123,T2,2026-03-23T15:34:00.000Z,35,35,35,0,0,1,73.64861111111111
L2123:T2:I9587,2123,T2,2026-04-04T10:51:00.000Z,36,36,36,0,0,1,85.45208333333333
L2124:T0,2124,T0,2026-06-26T00:00:00.000Z,19,19,19,0,0,1,73
L2124:T1:I9597,2124,T1,2026-06-26T13:36:24.000Z,20,20,19,0,1,0.95,96.56694444444445
L2124:T2:I9595,2124,T2,2026-07-03T09:34:47.000Z,20,20,20,0,0,1,80.3991550925926
L2124:T2:I9593,2124,T2,2026-07-03T17:51:19.000Z,19,19,19,0,0,1,80.7439699074074
L2124:T2:I9598,2124,T2,2026-07-05T10:25:44.000Z,20,20,20,0,0,1,82.43453703703703
L2124:T2:I9592,2124,T2,2026-07-05T13:22:53.000Z,20,20,20,0,0,1,82.55755787037037
L2124:T2:I9596,2124,T2,2026-07-06T14:35:00.000Z,20,20,20,0,0,1,83.60763888888889
L2124:T2:I9594,2124,T2,2026-07-09T18:38:04.000Z,20,20,20,0,0,1,86.77643518518518
L2125:T0,2125,T0,2025-03-04T00:00:00.000Z,11,5,5,6,0,0.45454545454545453,27
L2125:T1:I9603,2125,T1,2025-03-15T18:25:35.000Z,14,6,6,8,0,0.42857142857142855,38.7677662037037
L2125:T2:I9599,2125,T2,2025-03-15T19:31:33.000Z,14,6,6,8,0,0.42857142857142855,38.81357638888889
L2125:T2:I9605,2125,T2,2025-06-02T12:23:00.000Z,20,19,17,1,2,0.85,117.51597222222222
L2125:T2:I9601,2125,T2,2025-08-07T18:55:00.000Z,21,21,19,0,2,0.9047619047619048,183.78819444444446
L2125:T2:I9600,2125,T2,2025-08-29T09:50:00.000Z,22,22,18,0,4,0.8181818181818182,205.40972222222223
L2125:T2:I9602,2125,T2,2025-08-29T12:38:00.000Z,22,22,18,0,4,0.8181818181818182,205.5263888888889
L2125:T2:I9604,2125,T2,2026-01-07T17:06:00.000Z,28,28,25,0,3,0.8928571428571429,104.7125
L2125:T2:I9606,2125,T2,2026-04-10T15:38:00.000Z,32,32,31,0,1,0.96875,90.65138888888889
L2126:T0,2126,T0,2026-03-31T00:00:00.000Z,17,17,16,0,1,0.9411764705882353,110
L2126:T1:I9611,2126,T1,2026-03-31T08:04:54.000Z,18,18,17,0,1,0.9444444444444444,110.33673611111111
L2126:T2:I9608,2126,T2,2026-04-04T19:49:59.000Z,18,18,17,0,1,0.9444444444444444,114.82637731481482
L2126:T2:I9610,2126,T2,2026-04-10T07:53:04.000Z,18,18,17,0,1,0.9444444444444444,120.32851851851852
L2126:T2:I9607,2126,T2,2026-04-11T09:49:42.000Z,18,18,17,0,1,0.9444444444444444,121.4095138888889
L2126:T2:I9609,2126,T2,2026-04-13T16:03:00.000Z,18,18,17,0,1,0.9444444444444444,123.66875
L2127:T0,2127,T0,2025-06-16T00:00:00.000Z,20,16,13,4,3,0.65,143
L2127:T1:I9613,2127,T1,2025-06-23T20:46:16.000Z,20,16,12,4,4,0.6,150.86546296296297
L2127:T2:I9614,2127,T2,2025-06-24T12:48:18.000Z,21,17,13,4,4,0.6190476190476191,151.53354166666668
L2127:T2:I9616,2127,T2,2025-06-26T18:49:02.000Z,21,16,13,5,3,0.6190476190476191,153.78405092592592
L2127:T2:I9615,2127,T2,2025-08-26T19:47:00.000Z,25,21,19,4,2,0.76,106.82430555555555
L2127:T2:I9612,2127,T2,2026-02-02T08:40:00.000Z,31,31,30,0,1,0.967741935483871,122.36111111111111
L2127:T2:I9617,2127,T2,2026-04-13T14:48:00.000Z,35,35,33,0,2,0.9428571428571428,106.61666666666666
L2128:T0,2128,T0,2025-06-11T00:00:00.000Z,21,19,17,2,2,0.8095238095238095,141
L2128:T1:I9622,2128,T1,2025-06-14T12:15:37.000Z,22,20,19,2,1,0.8636363636363636,96.5108449074074
L2128:T2:I9618,2128,T2,2025-07-25T08:19:00.000Z,31,30,28,1,2,0.9032258064516129,137.34652777777777
L2128:T2:I9619,2128,T2,2026-03-06T11:06:00.000Z,47,47,45,0,2,0.9574468085106383,193.4625
L2128:T2:I9620,2128,T2,2026-03-25T07:04:00.000Z,48,48,47,0,1,0.9791666666666666,90.29444444444445
L2128:T2:I9621,2128,T2,2026-05-06T09:44:00.000Z,51,51,50,0,1,0.9803921568627451,132.40555555555557
L2129:T0,2129,T0,2025-02-03T00:00:00.000Z,15,1,1,14,0,0.06666666666666667,8
L2129:T1:I9627,2129,T1,2025-02-12T19:49:15.000Z,16,4,4,12,0,0.25,17.825868055555556
L2129:T2:I9626,2129,T2,2025-02-26T19:51:00.000Z,17,6,6,11,0,0.35294117647058826,31.827083333333334
L2129:T2:I9623,2129,T2,2025-03-26T14:19:00.000Z,23,13,13,10,0,0.5652173913043478,59.59652777777778
L2129:T2:I9624,2129,T2,2025-05-10T18:14:00.000Z,25,17,15,8,2,0.6,104.75972222222222
L2129:T2:I9625,2129,T2,2026-04-10T09:03:00.000Z,56,56,55,0,1,0.9821428571428571,137.37708333333333
L2129:T2:I9628,2129,T2,2026-05-02T16:26:00.000Z,56,56,52,0,4,0.9285714285714286,159.68472222222223
L2130:T0,2130,T0,2025-05-25T00:00:00.000Z,22,18,15,4,3,0.6818181818181818,124
L2130:T1:I9630,2130,T1,2025-05-30T20:58:47.000Z,23,19,14,4,5,0.6086956521739131,129.8741550925926
L2130:T2:I9632,2130,T2,2025-06-02T13:56:41.000Z,23,19,14,4,5,0.6086956521739131,131.58103009259258
L2130:T2:I9634,2130,T2,2025-06-03T14:06:32.000Z,23,19,14,4,5,0.6086956521739131,132.58787037037038
L2130:T2:I9633,2130,T2,2025-06-05T08:10:00.000Z,23,19,14,4,5,0.6086956521739131,134.34027777777777
L2130:T2:I9631,2130,T2,2025-06-06T20:10:53.000Z,24,20,15,4,5,0.625,135.8408912037037
L2130:T2:I9636,2130,T2,2025-06-07T19:59:42.000Z,24,21,16,3,5,0.6666666666666666,136.833125
L2130:T2:I9629,2130,T2,2026-02-27T16:37:00.000Z,52,52,50,0,2,0.9615384615384616,110.69236111111111
L2130:T2:I9635,2130,T2,2026-04-12T07:36:00.000Z,55,55,50,0,5,0.9090909090909091,154.31666666666666
L2131:T0,2131,T0,2025-03-18T00:00:00.000Z,18,6,6,12,0,0.3333333333333333,48
L2131:T1:I9638,2131,T1,2025-03-18T19:00:02.000Z,18,6,6,12,0,0.3333333333333333,48.791689814814816
L2131:T2:I9639,2131,T2,2025-03-22T12:35:17.000Z,19,6,6,13,0,0.3157894736842105,52.52450231481482
L2131:T2:I9637,2131,T2,2025-03-25T10:35:54.000Z,19,7,7,12,0,0.3684210526315789,55.44159722222222
L2132:T0,2132,T0,2025-10-10T00:00:00.000Z,43,43,32,0,11,0.7441860465116279,189
L2132:T1:I9644,2132,T1,2025-10-16T13:39:06.000Z,45,45,39,0,6,0.8666666666666667,146.56881944444444
L2132:T2:I9641,2132,T2,2025-12-30T18:20:00.000Z,51,51,49,0,2,0.9607843137254902,127.76388888888889
L2132:T2:I9642,2132,T2,2026-03-04T20:34:00.000Z,61,61,60,0,1,0.9836065573770492,108.85694444444445
L2132:T2:I9643,2132,T2,2026-04-28T20:31:00.000Z,70,70,67,0,3,0.9571428571428572,121.8548611111111
L2132:T2:I9640,2132,T2,2026-05-08T09:48:00.000Z,72,72,69,0,3,0.9583333333333334,131.40833333333333
L2133:T0,2133,T0,2025-07-29T00:00:00.000Z,29,28,25,1,3,0.8620689655172413,162
L2133:T1:I9647,2133,T1,2025-07-30T10:24:12.000Z,32,31,28,1,3,0.875,163.43347222222224
L2133:T2:I9648,2133,T2,2025-08-02T19:53:13.000Z,32,31,28,1,3,0.875,166.8286226851852
L2133:T2:I9651,2133,T2,2025-08-02T20:23:36.000Z,32,31,27,1,4,0.84375,172.84972222222223
L2133:T2:I9652,2133,T2,2025-08-10T13:44:03.000Z,32,31,29,1,2,0.90625,174.57225694444443
L2133:T2:I9650,2133,T2,2025-08-10T16:19:54.000Z,33,32,29,1,3,0.8787878787878788,174.68048611111112
L2133:T2:I9646,2133,T2,2025-09-02T12:25:00.000Z,39,39,35,0,4,0.8974358974358975,197.51736111111111
L2133:T2:I9645,2133,T2,2025-09-12T07:28:00.000Z,39,39,34,0,5,0.8717948717948718,207.3111111111111
L2133:T2:I9649,2133,T2,2026-05-18T12:36:00.000Z,59,59,57,0,2,0.9661016949152542,121.525
L2134:T0,2134,T0,2025-06-12T00:00:00.000Z,58,46,40,12,6,0.6896551724137931,131
L2134:T1:I9657,2134,T1,2025-06-17T14:31:23.000Z,59,48,42,11,6,0.711864406779661,136.6051273148148
L2134:T2:I9658,2134,T2,2025-06-20T12:06:19.000Z,60,48,44,12,4,0.7333333333333333,139.50438657407406
L2134:T2:I9656,2134,T2,2025-06-21T17:50:19.000Z,60,48,44,12,4,0.7333333333333333,140.74327546296297
L2134:T2:I9655,2134,T2,2025-06-23T17:22:43.000Z,60,49,45,11,4,0.75,142.7241087962963
L2134:T2:I9653,2134,T2,2025-10-04T20:31:00.000Z,82,81,70,1,11,0.8536585365853658,245.85486111111112
L2134:T2:I9654,2134,T2,2025-12-12T14:06:00.000Z,93,92,77,1,15,0.8279569892473119,194.5875
L2135:T0,2135,T0,2025-01-07T00:00:00.000Z,16,0,0,16,0,0,
L2135:T1:I9659,2135,T1,2025-01-16T15:29:05.000Z,18,3,3,15,0,0.16666666666666666,8.645196759259258
L2135:T2:I9664,2135,T2,2025-03-16T18:56:00.000Z,24,8,8,16,0,0.3333333333333333,67.78888888888889
L2135:T2:I9661,2135,T2,2025-05-16T17:27:00.000Z,33,28,26,5,2,0.7878787878787878,121.72708333333334
L2135:T2:I9663,2135,T2,2026-03-17T14:51:00.000Z,66,66,65,0,1,0.9848484848484849,218.61875
L2135:T2:I9660,2135,T2,2026-04-06T13:42:00.000Z,70,70,69,0,1,0.9857142857142858,103.57083333333334
L2135:T2:I9662,2135,T2,2026-04-15T20:05:00.000Z,70,70,69,0,1,0.9857142857142858,95.83680555555556
L2136:T0,2136,T0,2026-03-20T00:00:00.000Z,11,11,10,0,1,0.9090909090909091,119
L2136:T1:I9666,2136,T1,2026-03-22T17:29:49.000Z,12,12,11,0,1,0.9166666666666666,121.72903935185185
L2136:T2:I9667,2136,T2,2026-03-24T14:58:40.000Z,12,12,11,0,1,0.9166666666666666,123.62407407407407
L2136:T2:I9665,2136,T2,2026-03-26T09:21:06.000Z,12,12,11,0,1,0.9166666666666666,125.38965277777778
L2137:T0,2137,T0,2025-02-08T00:00:00.000Z,11,1,1,10,0,0.09090909090909091,4
L2137:T1:I9673,2137,T1,2025-02-13T07:54:16.000Z,13,3,3,10,0,0.23076923076923078,9.329351851851852
L2137:T2:I9668,2137,T2,2025-02-16T14:21:33.000Z,13,3,3,10,0,0.23076923076923078,12.598298611111112
L2137:T2:I9671,2137,T2,2025-02-25T14:16:00.000Z,15,4,4,11,0,0.26666666666666666,21.594444444444445
L2137:T2:I9674,2137,T2,2025-11-21T15:41:00.000Z,32,32,29,0,3,0.90625,140.65347222222223
L2137:T2:I9672,2137,T2,2026-03-28T11:26:00.000Z,43,43,40,0,3,0.9302325581395349,131.4763888888889
L2137:T2:I9669,2137,T2,2026-05-28T17:08:00.000Z,47,47,44,0,3,0.9361702127659575,192.7138888888889
L2137:T2:I9670,2137,T2,2026-06-09T07:26:00.000Z,48,48,45,0,3,0.9375,204.30972222222223
L2138:T0,2138,T0,2025-03-28T00:00:00.000Z,27,10,10,17,0,0.37037037037037035,69
L2138:T1:I9679,2138,T1,2025-04-02T12:32:31.000Z,28,12,12,16,0,0.42857142857142855,74.52258101851852
L2138:T2:I9676,2138,T2,2025-04-26T15:11:00.000Z,32,22,21,10,1,0.65625,98.63263888888889
L2138:T2:I9680,2138,T2,2025-08-28T20:06:00.000Z,44,43,35,1,8,0.7954545454545454,188.8375
L2138:T2:I9677,2138,T2,2026-04-08T09:03:00.000Z,65,65,62,0,3,0.9538461538461539,106.37708333333333
L2138:T2:I9678,2138,T2,2026-05-17T20:02:00.000Z,67,67,66,0,1,0.9850746268656716,104.83472222222223
L2138:T2:I9675,2138,T2,2026-06-08T17:31:00.000Z,68,68,67,0,1,0.9852941176470589,126.7298611111111
L2139:T0,2139,T0,2026-06-11T00:00:00.000Z,26,26,26,0,0,1,90
L2139:T1:I9683,2139,T1,2026-06-12T13:39:55.000Z,27,27,26,0,1,0.9629629629629629,91.56938657407407
L2139:T2:I9682,2139,T2,2026-06-16T08:11:31.000Z,27,27,25,0,2,0.9259259259259259,114.34133101851852
L2139:T2:I9684,2139,T2,2026-06-17T14:43:06.000Z,27,27,26,0,1,0.9629629629629629,96.6132638888889
L2139:T2:I9681,2139,T2,2026-06-23T19:51:17.000Z,27,27,26,0,1,0.9629629629629629,102.82728009259259
L2140:T0,2140,T0,2026-03-15T00:00:00.000Z,66,66,64,0,2,0.9696969696969697,126
L2140:T1:I9687,2140,T1,2026-03-22T15:00:14.000Z,68,68,65,0,3,0.9558823529411765,133.62516203703703
L2140:T2:I9685,2140,T2,2026-03-23T13:07:22.000Z,68,68,65,0,3,0.9558823529411765,134.54678240740742
L2140:T2:I9686,2140,T2,2026-03-27T20:48:31.000Z,67,67,64,0,3,0.9552238805970149,138.86702546296297
L2141:T0,2141,T0,2026-01-28T00:00:00.000Z,29,29,27,0,2,0.9310344827586207,226
L2141:T1:I9688,2141,T1,2026-02-08T12:08:11.000Z,30,30,29,0,1,0.9666666666666667,237.50568287037038
L2142:T0,2142,T0,2025-02-27T00:00:00.000Z,30,6,6,24,0,0.2,40
L2142:T1:I9689,2142,T1,2025-03-07T16:55:17.000Z,31,8,8,23,0,0.25806451612903225,48.70505787037037
L2142:T2:I9691,2142,T2,2025-05-22T19:05:00.000Z,42,36,34,6,2,0.8095238095238095,124.79513888888889
L2142:T2:I9690,2142,T2,2025-08-11T09:17:00.000Z,55,54,47,1,7,0.8545454545454545,171.38680555555555
L2143:T0,2143,T0,2025-06-20T00:00:00.000Z,69,57,53,12,4,0.7681159420289855,146
L2143:T1:I9695,2143,T1,2025-06-21T12:42:41.000Z,71,59,54,12,5,0.7605633802816901,148.5296412037037
L2143:T2:I9694,2143,T2,2025-06-24T20:46:43.000Z,71,59,54,12,5,0.7605633802816901,150.86577546296297
L2143:T2:I9693,2143,T2,2025-06-26T19:14:45.000Z,71,60,54,11,6,0.7605633802816901,152.80190972222223
L2143:T2:I9699,2143,T2,2025-07-01T18:56:21.000Z,72,62,57,10,5,0.7916666666666666,157.78913194444445
L2143:T2:I9696,2143,T2,2025-09-23T18:10:00.000Z,88,88,80,0,8,0.9090909090909091,241.75694444444446
L2143:T2:I9698,2143,T2,2025-10-20T18:17:00.000Z,94,94,83,0,11,0.8829787234042553,268.76180555555555
L2143:T2:I9692,2143,T2,2025-10-29T17:31:00.000Z,95,95,84,0,11,0.8842105263157894,277.7298611111111
L2143:T2:I9697,2143,T2,2025-12-16T09:37:00.000Z,110,110,105,0,5,0.9545454545454546,168.40069444444444
L2144:T0,2144,T0,2025-05-27T00:00:00.000Z,15,15,14,0,1,0.9333333333333333,106
L2144:T1:I9707,2144,T1,2025-05-30T17:36:35.000Z,16,16,15,0,1,0.9375,109.73373842592592
L2144:T2:I9703,2144,T2,2025-06-03T19:27:00.000Z,17,17,15,0,2,0.8823529411764706,113.81041666666667
L2144:T2:I9706,2144,T2,2025-06-03T20:10:26.000Z,17,17,14,0,3,0.8235294117647058,113.8405787037037
L2144:T2:I9705,2144,T2,2025-06-09T16:17:40.000Z,16,16,14,0,2,0.875,119.67893518518518
L2144:T2:I9704,2144,T2,2026-03-02T13:38:00.000Z,29,29,28,0,1,0.9655172413793104,115.56805555555556
L2144:T2:I9702,2144,T2,2026-03-12T17:42:00.000Z,29,29,29,0,0,1,89.7375
L2144:T2:I9701,2144,T2,2026-05-12T09:30:00.000Z,33,33,32,0,1,0.9696969696969697,150.39583333333334
L2144:T2:I9700,2144,T2,2026-05-26T13:39:00.000Z,33,33,33,0,0,1,84.56875
L2145:T0,2145,T0,2025-03-07T00:00:00.000Z,12,2,2,10,0,0.16666666666666666,14
L2145:T1:I9710,2145,T1,2025-03-08T12:57:38.000Z,13,2,2,11,0,0.15384615384615385,15.540023148148148
L2145:T2:I9713,2145,T2,2025-03-15T14:28:51.000Z,13,3,3,10,0,0.23076923076923078,22.603368055555556
L2145:T2:I9709,2145,T2,2025-03-17T17:48:25.000Z,12,4,4,8,0,0.3333333333333333,24.74195601851852
L2145:T2:I9711,2145,T2,2025-07-19T17:11:00.000Z,20,19,18,1,1,0.9,93.71597222222222
L2145:T2:I9712,2145,T2,2026-02-03T10:16:00.000Z,34,34,34,0,0,1,85.42777777777778
L2145:T2:I9708,2145,T2,2026-04-04T16:00:00.000Z,37,37,36,0,1,0.972972972972973,109.66666666666667
L2146:T0,2146,T0,2025-06-11T00:00:00.000Z,27,23,21,4,2,0.7777777777777778,119
L2146:T1:I9715,2146,T1,2025-06-13T07:12:35.000Z,28,23,21,5,2,0.75,121.3004050925926
L2146:T2:I9716,2146,T2,2025-06-16T11:04:31.000Z,28,24,21,4,3,0.75,124.4614699074074
L2146:T2:I9714,2146,T2,2025-11-04T17:04:00.000Z,34,34,28,0,6,0.8235294117647058,175.7111111111111
L2146:T2:I9717,2146,T2,2026-02-12T16:19:00.000Z,37,37,35,0,2,0.9459459459459459,165.6798611111111
L2147:T0,2147,T0,2025-09-19T00:00:00.000Z,24,24,22,0,2,0.9166666666666666,123
L2147:T1:I9718,2147,T1,2025-09-20T17:05:53.000Z,25,25,23,0,2,0.92,124.71241898148148
L2147:T2:I9719,2147,T2,2025-09-24T13:48:09.000Z,25,25,22,0,3,0.88,128.57510416666668
L2147:T2:I9721,2147,T2,2025-10-29T18:14:00.000Z,28,28,27,0,1,0.9642857142857143,119.75972222222222
L2147:T2:I9720,2147,T2,2026-04-22T19:02:00.000Z,32,32,31,0,1,0.96875,138.79305555555555
L2148:T0,2148,T0,2025-05-21T00:00:00.000Z,33,26,24,7,2,0.7272727272727273,124
L2148:T1:I9726,2148,T1,2025-05-25T20:59:56.000Z,34,28,26,6,2,0.7647058823529411,128.8749537037037
L2148:T2:I9727,2148,T2,2025-05-31T11:08:28.000Z,36,29,26,7,3,0.7222222222222222,134.46421296296296
L2148:T2:I9724,2148,T2,2025-06-02T07:51:52.000Z,36,29,27,7,2,0.75,136.32768518518517
L2148:T2:I9725,2148,T2,2025-12-08T07:09:00.000Z,60,60,55,0,5,0.9166666666666666,143.29791666666668
L2148:T2:I9723,2148,T2,2026-01-14T17:41:00.000Z,65,65,61,0,4,0.9384615384615385,180.73680555555555
L2148:T2:I9722,2148,T2,2026-02-02T17:58:00.000Z,66,66,63,0,3,0.9545454545454546,143.7486111111111
L2149:T0,2149,T0,2025-11-24T00:00:00.000Z,39,39,35,0,4,0.8974358974358975,198
L2149:T1:I9729,2149,T1,2026-03-07T09:10:00.000Z,50,50,50,0,0,1,74.38194444444444
L2149:T2:I9728,2149,T2,2026-04-12T07:13:00.000Z,52,52,50,0,2,0.9615384615384616,109.30069444444445
L2150:T0,2150,T0,2025-10-20T00:00:00.000Z,16,16,15,0,1,0.9375,154
L2150:T1:I9731,2150,T1,2025-10-23T08:13:28.000Z,17,17,15,0,2,0.8823529411764706,157.3426851851852
L2150:T2:I9730,2150,T2,2025-10-23T11:39:57.000Z,16,16,14,0,2,0.875,157.48607638888888
L2150:T2:I9733,2150,T2,2025-10-29T10:47:40.000Z,17,17,16,0,1,0.9411764705882353,97.44976851851852
L2150:T2:I9732,2150,T2,2026-02-07T13:38:00.000Z,22,22,22,0,0,1,67.56805555555556
L2150:T2:I9734,2150,T2,2026-03-02T12:38:00.000Z,25,25,24,0,1,0.96,90.52638888888889
L2150:T2:I9735,2150,T2,2026-04-29T18:51:00.000Z,29,29,28,0,1,0.9655172413793104,137.78541666666666
L2151:T0,2151,T0,2025-05-30T00:00:00.000Z,13,10,8,3,2,0.6153846153846154,110
L2151:T1:I9738,2151,T1,2025-06-03T19:21:31.000Z,14,10,8,4,2,0.5714285714285714,114.8066087962963
L2151:T2:I9739,2151,T2,2025-06-04T12:19:18.000Z,15,11,9,4,2,0.6,115.51340277777778
L2151:T2:I9743,2151,T2,2025-06-11T10:38:02.000Z,16,11,9,5,2,0.5625,122.4430787037037
L2151:T2:I9742,2151,T2,2025-06-12T14:47:48.000Z,16,12,9,4,3,0.5625,123.61652777777778
L2151:T2:I9741,2151,T2,2025-09-14T08:19:00.000Z,20,19,16,1,3,0.8,108.34652777777778
L2151:T2:I9736,2151,T2,2026-01-09T09:24:00.000Z,23,23,22,0,1,0.9565217391304348,213.39166666666668
L2151:T2:I9740,2151,T2,2026-05-16T10:12:00.000Z,33,33,32,0,1,0.9696969696969697,159.425
L2151:T2:I9737,2151,T2,2026-06-08T07:08:00.000Z,35,35,34,0,1,0.9714285714285714,182.29722222222222
L2152:T0,2152,T0,2026-03-12T00:00:00.000Z,39,39,39,0,0,1,89
L2152:T1:I9744,2152,T1,2026-03-19T19:19:23.000Z,42,42,41,0,1,0.9761904761904762,96.80512731481481
L2153:T0,2153,T0,2025-11-06T00:00:00.000Z,23,23,22,0,1,0.9565217391304348,125
L2153:T1:I9745,2153,T1,2025-11-09T17:15:55.000Z,24,24,22,0,2,0.9166666666666666,128.71938657407406
L2153:T2:I9746,2153,T2,2025-11-10T08:28:16.000Z,24,24,22,0,2,0.9166666666666666,129.35296296296298
L2154:T0,2154,T0,2026-06-26T00:00:00.000Z,145,145,140,0,5,0.9655172413793104,127
L2154:T1:I9748,2154,T1,2026-06-30T10:59:41.000Z,146,146,143,0,3,0.9794520547945206,120.45811342592593
L2154:T2:I9749,2154,T2,2026-07-04T12:44:58.000Z,146,146,142,0,4,0.9726027397260274,124.53122685185186
L2154:T2:I9747,2154,T2,2026-07-07T17:25:26.000Z,146,146,141,0,5,0.9657534246575342,127.72599537037037
L2155:T0,2155,T0,2025-09-05T00:00:00.000Z,9,9,9,0,0,1,86
L2155:T1:I9751,2155,T1,2025-09-07T13:17:10.000Z,10,10,9,0,1,0.9,105.55358796296296
L2155:T2:I9753,2155,T2,2025-09-13T12:29:14.000Z,10,10,9,0,1,0.9,94.52030092592592
L2155:T2:I9754,2155,T2,2025-12-21T09:36:00.000Z,11,11,10,0,1,0.9090909090909091,118.4
L2155:T2:I9752,2155,T2,2026-04-03T11:21:00.000Z,12,12,12,0,0,1,56.47291666666667
L2155:T2:I9750,2155,T2,2026-06-15T16:44:00.000Z,15,15,15,0,0,1,37.69722222222222
L2156:T0,2156,T0,2026-01-28T00:00:00.000Z,26,26,22,0,4,0.8461538461538461,222
L2156:T1:I9758,2156,T1,2026-01-30T07:09:39.000Z,27,27,24,0,3,0.8888888888888888,199.29836805555556
L2156:T2:I9757,2156,T2,2026-02-10T08:27:52.000Z,27,27,25,0,2,0.9259259259259259,210.35268518518518
L2156:T2:I9755,2156,T2,2026-05-19T11:52:00.000Z,32,32,32,0,0,1,78.49444444444444
L2156:T2:I9756,2156,T2,2026-06-09T19:36:00.000Z,34,34,33,0,1,0.9705882352941176,99.81666666666666
L2157:T0,2157,T0,2025-12-15T00:00:00.000Z,84,84,80,0,4,0.9523809523809523,167
L2157:T1:I9759,2157,T1,2026-04-05T12:12:00.000Z,101,101,96,0,5,0.9504950495049505,192.50833333333333
L2157:T2:I9760,2157,T2,2026-06-09T13:59:00.000Z,108,108,106,0,2,0.9814814814814815,110.5826388888889
L2158:T0,2158,T0,2025-02-04T00:00:00.000Z,17,2,2,15,0,0.11764705882352941,16
L2158:T1:I9765,2158,T1,2025-02-04T07:39:37.000Z,17,2,2,15,0,0.11764705882352941,16.31917824074074
L2158:T2:I9767,2158,T2,2025-02-05T20:36:20.000Z,18,3,3,15,0,0.16666666666666666,17.858564814814816
L2158:T2:I9762,2158,T2,2025-02-11T16:12:45.000Z,18,3,3,15,0,0.16666666666666666,23.675520833333334
L2158:T2:I9764,2158,T2,2025-02-12T15:58:57.000Z,18,2,2,16,0,0.1111111111111111,24.6659375
L2158:T2:I9763,2158,T2,2025-05-09T18:27:00.000Z,24,19,19,5,0,0.7916666666666666,85.76875
L2158:T2:I9766,2158,T2,2025-07-01T07:18:00.000Z,27,22,20,5,2,0.7407407407407407,134.30416666666667
L2158:T2:I9768,2158,T2,2025-11-27T15:53:00.000Z,43,43,42,0,1,0.9767441860465116,283.66180555555553
L2158:T2:I9761,2158,T2,2026-06-10T07:14:00.000Z,60,60,58,0,2,0.9666666666666667,136.30138888888888
L2159:T0,2159,T0,2025-08-17T00:00:00.000Z,9,9,7,0,2,0.7777777777777778,191
L2159:T1:I9775,2159,T1,2025-08-20T13:05:28.000Z,11,11,9,0,2,0.8181818181818182,194.54546296296297
L2159:T2:I9770,2159,T2,2025-08-21T10:36:34.000Z,11,11,9,0,2,0.8181818181818182,195.4420601851852
L2159:T2:I9771,2159,T2,2025-08-22T08:41:02.000Z,11,11,8,0,3,0.7272727272727273,196.3618287037037
L2159:T2:I9776,2159,T2,2025-08-22T15:09:09.000Z,11,11,9,0,2,0.8181818181818182,196.63135416666665
L2159:T2:I9773,2159,T2,2025-08-26T18:52:01.000Z,11,11,9,0,2,0.8181818181818182,200.78612268518518
L2159:T2:I9774,2159,T2,2025-08-27T13:04:35.000Z,11,11,10,0,1,0.9090909090909091,201.54484953703704
L2159:T2:I9769,2159,T2,2025-08-28T10:14:00.000Z,11,11,10,0,1,0.9090909090909091,202.42638888888888
L2159:T2:I9772,2159,T2,2025-09-17T12:50:00.000Z,11,11,10,0,1,0.9090909090909091,222.53472222222223
L2160:T0,2160,T0,2025-08-15T00:00:00.000Z,36,31,29,5,2,0.8055555555555556,108
L2160:T1:I9780,2160,T1,2025-08-15T10:30:21.000Z,37,32,30,5,2,0.8108108108108109,108.43774305555556
L2160:T2:I9779,2160,T2,2025-08-20T16:11:39.000Z,37,33,31,4,2,0.8378378378378378,113.67475694444444
L2160:T2:I9781,2160,T2,2025-09-12T20:12:00.000Z,40,37,35,3,2,0.875,127.84166666666667
L2160:T2:I9778,2160,T2,2025-12-06T12:15:00.000Z,41,41,37,0,4,0.9024390243902439,157.51041666666666
L2160:T2:I9777,2160,T2,2026-01-23T09:56:00.000Z,44,44,41,0,3,0.9318181818181818,136.4138888888889
L2161:T0,2161,T0,2025-10-02T00:00:00.000Z,23,23,19,0,4,0.8260869565217391,136
L2161:T1:I9784,2161,T1,2025-10-04T13:07:26.000Z,24,24,20,0,4,0.8333333333333334,138.5468287037037
L2161:T2:I9785,2161,T2,2025-10-10T10:30:56.000Z,25,25,22,0,3,0.88,144.43814814814814
L2161:T2:I9783,2161,T2,2025-10-11T10:50:53.000Z,25,25,22,0,3,0.88,145.45200231481482
L2161:T2:I9782,2161,T2,2025-10-13T17:31:00.000Z,25,25,22,0,3,0.88,147.72986111111112
L2161:T2:I9786,2161,T2,2026-05-01T08:10:00.000Z,27,27,26,0,1,0.9629629629629629,147.34027777777777
L2162:T0,2162,T0,2026-03-14T00:00:00.000Z,43,43,40,0,3,0.9302325581395349,138
L2162:T1:I9787,2162,T1,2026-03-17T15:56:27.000Z,44,44,41,0,3,0.9318181818181818,141.6642013888889
L2162:T2:I9788,2162,T2,2026-03-27T09:59:02.000Z,44,44,42,0,2,0.9545454545454546,151.41599537037038
L2163:T0,2163,T0,2025-03-08T00:00:00.000Z,23,7,7,16,0,0.30434782608695654,59
L2163:T1:I9789,2163,T1,2025-03-08T19:48:09.000Z,24,7,7,17,0,0.2916666666666667,59.82510416666667
L2163:T2:I9792,2163,T2,2025-08-01T10:32:00.000Z,43,40,34,3,6,0.7906976744186046,114.43888888888888
L2163:T2:I9791,2163,T2,2025-08-28T10:12:00.000Z,47,46,39,1,7,0.8297872340425532,141.425
L2163:T2:I9793,2163,T2,2026-02-28T18:19:00.000Z,63,63,59,0,4,0.9365079365079365,201.76319444444445
L2163:T2:I9790,2163,T2,2026-04-13T09:26:00.000Z,70,70,69,0,1,0.9857142857142858,93.39305555555555
L2164:T0,2164,T0,2026-01-30T00:00:00.000Z,44,44,41,0,3,0.9318181818181818,234
L2164:T1:I9794,2164,T1,2026-02-04T11:47:57.000Z,45,45,42,0,3,0.9333333333333333,239.49163194444444
L2164:T2:I9796,2164,T2,2026-02-06T07:48:36.000Z,45,45,41,0,4,0.9111111111111111,241.32541666666665
L2164:T2:I9797,2164,T2,2026-02-08T11:02:02.000Z,45,45,41,0,4,0.9111111111111111,243.45974537037037
L2164:T2:I9795,2164,T2,2026-04-06T10:09:00.000Z,52,52,48,0,4,0.9230769230769231,104.42291666666667
L2165:T0,2165,T0,2025-04-28T00:00:00.000Z,16,9,9,7,0,0.5625,76
L2165:T1:I9799,2165,T1,2025-05-05T07:28:39.000Z,16,9,9,7,0,0.5625,83.3115625
L2165:T2:I9800,2165,T2,2025-05-06T20:21:41.000Z,17,10,10,7,0,0.5882352941176471,84.8483912037037
L2165:T2:I9804,2165,T2,2025-05-08T08:52:04.000Z,16,10,10,6,0,0.625,86.36949074074074
L2165:T2:I9803,2165,T2,2025-06-02T07:47:00.000Z,17,15,13,2,2,0.7647058823529411,109.32430555555555
L2165:T2:I9802,2165,T2,2025-06-22T13:48:00.000Z,20,20,16,0,4,0.8,129.575
L2165:T2:I9798,2165,T2,2025-09-23T07:28:00.000Z,24,24,20,0,4,0.8333333333333334,160.3111111111111
L2165:T2:I9801,2165,T2,2026-05-27T19:45:00.000Z,34,34,32,0,2,0.9411764705882353,191.82291666666666
L2166:T0,2166,T0,2025-09-16T00:00:00.000Z,35,34,25,1,9,0.7142857142857143,173
L2166:T1:I9808,2166,T1,2025-09-17T14:49:49.000Z,36,35,26,1,9,0.7222222222222222,174.61792824074075
L2166:T2:I9809,2166,T2,2025-09-18T11:52:57.000Z,36,35,27,1,8,0.75,175.49510416666666
L2166:T2:I9807,2166,T2,2025-09-21T11:18:20.000Z,36,35,29,1,6,0.8055555555555556,178.4710648148148
L2166:T2:I9806,2166,T2,2025-12-30T12:06:00.000Z,43,43,38,0,5,0.8837209302325582,163.50416666666666
L2166:T2:I9805,2166,T2,2026-06-30T11:55:00.000Z,56,56,54,0,2,0.9642857142857143,187.49652777777777
L2167:T0,2167,T0,2025-09-13T00:00:00.000Z,32,31,27,1,4,0.84375,136
L2167:T1:I9810,2167,T1,2025-09-16T19:21:53.000Z,33,32,26,1,6,0.7878787878787878,139.80686342592594
L2167:T2:I9811,2167,T2,2025-09-19T09:28:00.000Z,33,32,27,1,5,0.8181818181818182,142.39444444444445
L2167:T2:I9813,2167,T2,2025-09-24T16:09:27.000Z,34,33,28,1,5,0.8235294117647058,147.67322916666666
L2167:T2:I9814,2167,T2,2025-09-26T18:06:42.000Z,34,33,28,1,5,0.8235294117647058,149.75465277777778
L2167:T2:I9812,2167,T2,2026-06-11T20:33:00.000Z,61,61,59,0,2,0.9672131147540983,134.85625
L2168:T0,2168,T0,2026-05-06T00:00:00.000Z,89,89,86,0,3,0.9662921348314607,113
L2168:T1:I9815,2168,T1,2026-05-08T20:02:08.000Z,89,89,86,0,3,0.9662921348314607,115.83481481481482
L2168:T2:I9816,2168,T2,2026-05-12T20:38:33.000Z,91,91,89,0,2,0.978021978021978,116.86010416666667
L2169:T0,2169,T0,2025-10-17T00:00:00.000Z,19,18,17,1,1,0.8947368421052632,140
L2169:T1:I9819,2169,T1,2025-10-20T12:19:36.000Z,19,18,17,1,1,0.8947368421052632,143.51361111111112
L2169:T2:I9818,2169,T2,2025-10-24T18:37:53.000Z,20,19,19,1,0,0.95,73.77630787037037
L2169:T2:I9820,2169,T2,2025-10-30T09:00:43.000Z,20,19,19,1,0,0.95,79.37549768518518
L2169:T2:I9821,2169,T2,2026-03-28T10:37:00.000Z,32,32,31,0,1,0.96875,97.44236111111111
L2169:T2:I9817,2169,T2,2026-03-29T09:29:00.000Z,32,32,31,0,1,0.96875,98.3951388888889
L2170:T0,2170,T0,2025-10-28T00:00:00.000Z,44,44,39,0,5,0.8863636363636364,158
L2170:T1:I9826,2170,T1,2025-11-02T14:05:44.000Z,45,45,40,0,5,0.8888888888888888,163.58731481481482
L2170:T2:I9823,2170,T2,2025-11-03T08:36:16.000Z,44,44,39,0,5,0.8863636363636364,164.3585185185185
L2170:T2:I9822,2170,T2,2025-11-03T12:23:24.000Z,45,45,40,0,5,0.8888888888888888,164.51625
L2170:T2:I9824,2170,T2,2025-11-03T15:37:04.000Z,44,44,39,0,5,0.8863636363636364,164.65074074074073
L2170:T2:I9825,2170,T2,2026-05-05T14:26:00.000Z,72,72,69,0,3,0.9583333333333334,128.6013888888889
L2171:T0,2171,T0,2026-02-27T00:00:00.000Z,66,66,63,0,3,0.9545454545454546,186
L2171:T1:I9830,2171,T1,2026-03-03T13:22:01.000Z,67,67,65,0,2,0.9701492537313433,190.55695601851852
L2171:T2:I9827,2171,T2,2026-03-06T10:45:26.000Z,66,66,64,0,2,0.9696969696969697,193.44821759259258
L2171:T2:I9828,2171,T2,2026-03-09T20:58:13.000Z,68,68,65,0,3,0.9558823529411765,196.87376157407408
L2171:T2:I9829,2171,T2,2026-03-10T14:35:18.000Z,68,68,66,0,2,0.9705882352941176,197.60784722222223
L2172:T0,2172,T0,2025-06-10T00:00:00.000Z,22,21,17,1,4,0.7727272727272727,126
L2172:T1:I9835,2172,T1,2025-06-17T16:10:51.000Z,23,22,19,1,3,0.8260869565217391,133.6742013888889
L2172:T2:I9831,2172,T2,2025-08-25T19:42:00.000Z,28,28,25,0,3,0.8928571428571429,112.82083333333334
L2172:T2:I9836,2172,T2,2025-09-04T07:33:00.000Z,28,27,23,1,4,0.8214285714285714,122.31458333333333
L2172:T2:I9834,2172,T2,2025-09-13T17:38:00.000Z,28,28,24,0,4,0.8571428571428571,131.73472222222222
L2172:T2:I9833,2172,T2,2025-10-06T09:59:00.000Z,30,30,27,0,3,0.9,154.41597222222222
L2172:T2:I9832,2172,T2,2026-01-17T08:52:00.000Z,39,39,35,0,4,0.8974358974358975,119.36944444444444
L2173:T0,2173,T0,2025-04-10T00:00:00.000Z,36,20,19,16,1,0.5277777777777778,92
L2173:T1:I9841,2173,T1,2025-04-13T20:15:28.000Z,38,20,19,18,1,0.5,95.84407407407407
L2173:T2:I9840,2173,T2,2025-04-20T10:44:21.000Z,40,24,22,16,2,0.55,102.44746527777778
L2173:T2:I9839,2173,T2,2025-04-22T08:28:31.000Z,40,25,23,15,2,0.575,104.35313657407407
L2173:T2:I9838,2173,T2,2025-05-25T15:52:00.000Z,46,40,37,6,3,0.8043478260869565,109.66111111111111
L2173:T2:I9842,2173,T2,2025-06-01T08:23:00.000Z,47,42,39,5,3,0.8297872340425532,116.34930555555556
L2173:T2:I9837,2173,T2,2025-07-10T12:19:00.000Z,51,47,43,4,4,0.8431372549019608,155.51319444444445
L2173:T2:I9843,2173,T2,2026-01-21T12:54:00.000Z,78,78,70,0,8,0.8974358974358975,163.5375
L2174:T0,2174,T0,2025-05-25T00:00:00.000Z,34,31,30,3,1,0.8823529411764706,100
L2174:T1:I9844,2174,T1,2025-05-26T15:55:46.000Z,35,31,30,4,1,0.8571428571428571,101.66372685185185
L2174:T2:I9848,2174,T2,2025-05-31T09:44:43.000Z,35,33,33,2,0,0.9428571428571428,60.40605324074074
L2174:T2:I9846,2174,T2,2025-06-01T16:04:25.000Z,36,33,33,3,0,0.9166666666666666,61.6697337962963
L2174:T2:I9847,2174,T2,2025-06-04T20:18:37.000Z,36,34,34,2,0,0.9444444444444444,64.84626157407408
L2174:T2:I9845,2174,T2,2025-12-04T10:31:00.000Z,57,57,49,0,8,0.8596491228070176,230.43819444444443
L2175:T0,2175,T0,2026-01-16T00:00:00.000Z,64,64,60,0,4,0.9375,182
L2175:T1:I9850,2175,T1,2026-01-19T08:57:15.000Z,65,65,61,0,4,0.9384615384615385,185.37309027777778
L2175:T2:I9849,2175,T2,2026-05-18T10:38:00.000Z,74,74,70,0,4,0.9459459459459459,153.44305555555556
L2176:T0,2176,T0,2025-10-31T00:00:00.000Z,28,28,27,0,1,0.9642857142857143,146
L2176:T1:I9853,2176,T1,2025-11-01T19:00:12.000Z,28,28,27,0,1,0.9642857142857143,147.79180555555556
L2176:T2:I9854,2176,T2,2025-11-07T20:24:26.000Z,29,29,28,0,1,0.9655172413793104,153.85030092592592
L2176:T2:I9852,2176,T2,2025-12-08T16:58:00.000Z,29,29,28,0,1,0.9655172413793104,93.70694444444445
L2176:T2:I9856,2176,T2,2026-03-18T08:50:00.000Z,33,33,32,0,1,0.9696969696969697,93.36805555555556
L2176:T2:I9851,2176,T2,2026-03-27T18:09:00.000Z,34,34,33,0,1,0.9705882352941176,102.75625
L2176:T2:I9855,2176,T2,2026-06-17T10:09:00.000Z,38,38,38,0,0,1,84.42291666666667
L2177:T0,2177,T0,2025-09-07T00:00:00.000Z,31,28,27,3,1,0.8709677419354839,137
L2177:T1:I9857,2177,T1,2025-09-20T07:13:30.000Z,31,29,27,2,2,0.8709677419354839,150.30104166666666
L2178:T0,2178,T0,2025-08-15T00:00:00.000Z,53,53,47,0,6,0.8867924528301887,165
L2178:T1:I9859,2178,T1,2025-08-18T16:35:38.000Z,54,54,49,0,5,0.9074074074074074,168.69141203703703
L2178:T2:I9863,2178,T2,2025-08-23T12:56:17.000Z,55,55,52,0,3,0.9454545454545454,173.53908564814816
L2178:T2:I9864,2178,T2,2025-08-24T16:55:43.000Z,55,55,52,0,3,0.9454545454545454,174.7053587962963
L2178:T2:I9860,2178,T2,2025-11-27T18:54:00.000Z,67,67,60,0,7,0.8955223880597015,172.7875
L2178:T2:I9861,2178,T2,2025-12-15T16:16:00.000Z,70,70,62,0,8,0.8857142857142857,190.67777777777778
L2178:T2:I9862,2178,T2,2026-03-24T18:58:00.000Z,86,86,83,0,3,0.9651162790697675,100.79027777777777
L2178:T2:I9858,2178,T2,2026-05-08T11:30:00.000Z,94,94,92,0,2,0.9787234042553191,111.47916666666667
L2179:T0,2179,T0,2025-01-17T00:00:00.000Z,11,0,0,11,0,0,
L2179:T1:I9867,2179,T1,2025-01-19T13:39:34.000Z,12,0,0,12,0,0,
L2179:T2:I9871,2179,T2,2025-01-22T09:03:59.000Z,12,0,0,12,0,0,
L2179:T2:I9865,2179,T2,2025-03-31T09:07:00.000Z,17,7,7,10,0,0.4117647058823529,53.37986111111111
L2179:T2:I9869,2179,T2,2025-09-17T11:54:00.000Z,33,33,29,0,4,0.8787878787878788,127.49583333333334
L2179:T2:I9866,2179,T2,2025-12-31T19:43:00.000Z,35,35,33,0,2,0.9428571428571428,136.8215277777778
L2179:T2:I9870,2179,T2,2026-03-21T19:41:00.000Z,39,39,39,0,0,1,77.82013888888889
L2179:T2:I9868,2179,T2,2026-04-28T17:26:00.000Z,42,42,40,0,2,0.9523809523809523,115.72638888888889
L2180:T0,2180,T0,2025-04-10T00:00:00.000Z,14,8,8,6,0,0.5714285714285714,54
L2180:T1:I9873,2180,T1,2025-04-16T13:41:03.000Z,15,9,9,6,0,0.6,60.57017361111111
L2180:T2:I9875,2180,T2,2025-04-21T17:22:37.000Z,16,10,10,6,0,0.625,65.72403935185186
L2180:T2:I9876,2180,T2,2025-07-24T12:07:00.000Z,20,19,14,1,5,0.7,159.5048611111111
L2180:T2:I9874,2180,T2,2026-01-31T07:54:00.000Z,30,30,26,0,4,0.8666666666666667,136.32916666666668
L2180:T2:I9872,2180,T2,2026-04-21T10:37:00.000Z,32,32,31,0,1,0.96875,107.44236111111111
L2181:T0,2181,T0,2025-01-29T00:00:00.000Z,20,3,3,17,0,0.15,15
L2181:T1:I9880,2181,T1,2025-02-02T14:45:08.000Z,21,3,3,18,0,0.14285714285714285,19.614675925925926
L2181:T2:I9881,2181,T2,2025-02-09T17:49:25.000Z,23,5,5,18,0,0.21739130434782608,26.742650462962963
L2181:T2:I9878,2181,T2,2025-02-10T13:04:52.000Z,23,5,5,18,0,0.21739130434782608,27.545046296296295
L2181:T2:I9879,2181,T2,2025-08-16T09:22:00.000Z,46,46,43,0,3,0.9347826086956522,103.39027777777778
L2181:T2:I9882,2181,T2,2025-10-05T14:09:00.000Z,51,51,43,0,8,0.8431372549019608,153.58958333333334
L2181:T2:I9877,2181,T2,2025-11-09T09:56:00.000Z,55,55,45,0,10,0.8181818181818182,188.4138888888889
L2181:T2:I9884,2181,T2,2026-02-28T14:29:00.000Z,71,71,69,0,2,0.971830985915493,124.60347222222222
L2181:T2:I9883,2181,T2,2026-06-08T19:42:00.000Z,78,78,77,0,1,0.9871794871794872,103.82083333333334
L2182:T0,2182,T0,2025-05-24T00:00:00.000Z,25,21,18,4,3,0.72,108
L2182:T1:I9887,2182,T1,2025-05-26T16:28:28.000Z,26,22,19,4,3,0.7307692307692307,110.68643518518519
L2182:T2:I9886,2182,T2,2025-05-30T16:42:32.000Z,26,24,20,2,4,0.7692307692307693,114.6962037037037
L2182:T2:I9885,2182,T2,2025-06-02T12:27:33.000Z,26,24,21,2,3,0.8076923076923077,117.51913194444444
L2183:T0,2183,T0,2025-10-12T00:00:00.000Z,12,12,11,0,1,0.9166666666666666,135
L2183:T1:I9889,2183,T1,2025-10-22T15:48:50.000Z,14,14,13,0,1,0.9285714285714286,145.65891203703703
L2183:T2:I9888,2183,T2,2026-04-20T15:57:00.000Z,22,22,22,0,0,1,70.66458333333334
L2184:T0,2184,T0,2026-05-22T00:00:00.000Z,73,73,72,0,1,0.9863013698630136,114
L2184:T1:I9890,2184,T1,2026-05-27T14:16:49.000Z,74,74,72,0,2,0.972972972972973,119.59501157407408
L2184:T2:I9893,2184,T2,2026-05-27T16:34:43.000Z,74,74,72,0,2,0.972972972972973,119.69077546296296
L2184:T2:I9891,2184,T2,2026-05-30T10:15:41.000Z,74,74,72,0,2,0.972972972972973,122.42755787037036
L2184:T2:I9892,2184,T2,2026-05-30T12:59:40.000Z,74,74,72,0,2,0.972972972972973,122.54143518518518
L2185:T0,2185,T0,2026-01-04T00:00:00.000Z,62,62,58,0,4,0.9354838709677419,168
L2185:T1:I9894,2185,T1,2026-01-09T17:54:43.000Z,62,62,58,0,4,0.9354838709677419,173.74633101851853
L2186:T0,2186,T0,2025-12-03T00:00:00.000Z,31,31,27,0,4,0.8709677419354839,161
L2186:T1:I9901,2186,T1,2025-12-06T08:17:10.000Z,32,32,28,0,4,0.875,164.34525462962964
L2186:T2:I9895,2186,T2,2025-12-07T13:00:57.000Z,31,31,27,0,4,0.8709677419354839,165.54232638888888
L2186:T2:I9902,2186,T2,2025-12-08T09:50:00.000Z,32,32,28,0,4,0.875,166.40972222222223
L2186:T2:I9899,2186,T2,2025-12-09T19:03:48.000Z,32,32,28,0,4,0.875,167.79430555555555
L2186:T2:I9898,2186,T2,2025-12-16T18:53:47.000Z,33,33,28,0,5,0.8484848484848485,174.78734953703704
L2186:T2:I9896,2186,T2,2025-12-19T18:20:00.000Z,33,33,28,0,5,0.8484848484848485,177.76388888888889
L2186:T2:I9897,2186,T2,2026-04-05T18:46:00.000Z,36,36,36,0,0,1,82.78194444444445
L2186:T2:I9900,2186,T2,2026-04-17T07:47:00.000Z,37,37,36,0,1,0.972972972972973,94.32430555555555
L2187:T0,2187,T0,2026-04-16T00:00:00.000Z,28,28,25,0,3,0.8928571428571429,144
L2187:T1:I9909,2187,T1,2026-04-18T16:05:17.000Z,29,29,26,0,3,0.896551724137931,146.67033564814815
L2187:T2:I9904,2187,T2,2026-04-22T08:08:03.000Z,29,29,26,0,3,0.896551724137931,150.3389236111111
L2187:T2:I9908,2187,T2,2026-04-23T08:15:16.000Z,30,30,28,0,2,0.9333333333333333,151.3439351851852
L2187:T2:I9907,2187,T2,2026-04-24T18:21:50.000Z,30,30,27,0,3,0.9,152.76516203703704
L2187:T2:I9905,2187,T2,2026-04-26T20:20:50.000Z,31,31,30,0,1,0.967741935483871,104.84780092592592
L2187:T2:I9906,2187,T2,2026-04-27T13:45:40.000Z,31,31,30,0,1,0.967741935483871,105.57337962962963
L2187:T2:I9903,2187,T2,2026-04-28T11:06:32.000Z,31,31,30,0,1,0.967741935483871,106.46287037037037
L2188:T0,2188,T0,2025-12-10T00:00:00.000Z,10,10,9,0,1,0.9,107
L2188:T1:I9911,2188,T1,2025-12-10T20:08:00.000Z,11,11,10,0,1,0.9090909090909091,107.83888888888889
L2188:T2:I9912,2188,T2,2025-12-15T20:18:15.000Z,11,11,10,0,1,0.9090909090909091,112.84600694444444
L2188:T2:I9913,2188,T2,2025-12-16T17:29:26.000Z,11,11,10,0,1,0.9090909090909091,113.72877314814815
L2188:T2:I9910,2188,T2,2025-12-18T18:39:47.000Z,11,11,10,0,1,0.9090909090909091,115.77762731481481
L2189:T0,2189,T0,2025-05-08T00:00:00.000Z,26,20,18,6,2,0.6923076923076923,94
L2189:T1:I9914,2189,T1,2025-05-13T12:35:15.000Z,28,21,19,7,2,0.6785714285714286,99.52447916666667
L2189:T2:I9915,2189,T2,2025-05-19T17:26:47.000Z,28,23,21,5,2,0.75,105.72693287037038
L2189:T2:I9917,2189,T2,2025-08-10T11:57:00.000Z,38,37,33,1,4,0.868421052631579,166.49791666666667
L2189:T2:I9918,2189,T2,2025-10-02T13:20:00.000Z,43,43,40,0,3,0.9302325581395349,157.55555555555554
L2189:T2:I9916,2189,T2,2026-01-22T16:30:00.000Z,51,51,49,0,2,0.9607843137254902,129.6875
L2189:T2:I9919,2189,T2,2026-06-02T07:15:00.000Z,64,64,63,0,1,0.984375,100.30208333333333
L2190:T0,2190,T0,2026-01-26T00:00:00.000Z,44,44,41,0,3,0.9318181818181818,133
L2190:T1:I9922,2190,T1,2026-01-30T17:43:25.000Z,45,45,42,0,3,0.9333333333333333,137.7384837962963
L2190:T2:I9924,2190,T2,2026-02-02T11:27:17.000Z,45,45,42,0,3,0.9333333333333333,140.4772800925926
L2190:T2:I9921,2190,T2,2026-02-02T16:20:01.000Z,44,44,41,0,3,0.9318181818181818,140.68056712962962
L2190:T2:I9923,2190,T2,2026-02-06T15:19:30.000Z,45,45,42,0,3,0.9333333333333333,144.63854166666667
L2190:T2:I9920,2190,T2,2026-02-07T19:41:00.000Z,46,46,43,0,3,0.9347826086956522,145.8201388888889
L2191:T0,2191,T0,2026-03-23T00:00:00.000Z,19,19,19,0,0,1,83
L2191:T1:I9925,2191,T1,2026-03-23T10:07:56.000Z,20,20,19,0,1,0.95,100.42217592592593
L2191:T2:I9929,2191,T2,2026-03-26T11:19:26.000Z,20,20,20,0,0,1,86.47182870370371
L2191:T2:I9930,2191,T2,2026-03-27T13:43:18.000Z,20,20,20,0,0,1,87.57173611111111
L2191:T2:I9926,2191,T2,2026-03-28T07:42:21.000Z,20,20,20,0,0,1,88.32107638888888
L2191:T2:I9928,2191,T2,2026-04-02T13:29:19.000Z,19,19,19,0,0,1,35.562025462962964
L2191:T2:I9931,2191,T2,2026-04-05T08:36:45.000Z,20,20,20,0,0,1,38.35885416666667
L2191:T2:I9932,2191,T2,2026-04-05T13:29:46.000Z,20,20,20,0,0,1,38.562337962962964
L2191:T2:I9927,2191,T2,2026-06-08T12:49:00.000Z,22,22,22,0,0,1,56.53402777777778
L2192:T0,2192,T0,2025-06-11T00:00:00.000Z,18,12,11,6,1,0.6111111111111112,157
L2192:T1:I9934,2192,T1,2025-06-13T13:14:11.000Z,19,14,13,5,1,0.6842105263157895,159.5515162037037
L2192:T2:I9933,2192,T2,2025-06-16T07:31:27.000Z,19,14,13,5,1,0.6842105263157895,162.31350694444444
L2193:T0,2193,T0,2025-04-07T00:00:00.000Z,12,9,9,3,0,0.75,48
L2193:T1:I9939,2193,T1,2025-04-08T19:36:05.000Z,13,10,10,3,0,0.7692307692307693,77.81672453703703
L2193:T2:I9942,2193,T2,2025-04-13T09:07:47.000Z,13,9,9,4,0,0.6923076923076923,54.38040509259259
L2193:T2:I9937,2193,T2,2025-04-16T07:52:35.000Z,13,10,10,3,0,0.7692307692307693,57.32818287037037
L2193:T2:I9936,2193,T2,2025-04-18T11:01:55.000Z,13,10,10,3,0,0.7692307692307693,59.45966435185185
L2193:T2:I9940,2193,T2,2025-04-22T15:21:00.000Z,13,11,11,2,0,0.8461538461538461,63.639583333333334
L2193:T2:I9941,2193,T2,2025-10-28T17:17:00.000Z,17,17,17,0,0,1,77.72013888888888
L2193:T2:I9935,2193,T2,2026-01-23T10:19:00.000Z,21,21,21,0,0,1,87.42986111111111
L2193:T2:I9938,2193,T2,2026-04-15T07:49:00.000Z,28,28,27,0,1,0.9642857142857143,95.32569444444445
L2194:T0,2194,T0,2025-11-08T00:00:00.000Z,75,75,70,0,5,0.9333333333333333,154
L2194:T1:I9946,2194,T1,2025-11-12T14:12:10.000Z,78,78,74,0,4,0.9487179487179487,158.5917824074074
L2194:T2:I9945,2194,T2,2025-11-20T08:46:57.000Z,81,81,79,0,2,0.9753086419753086,142.3659375
L2194:T2:I9943,2194,T2,2025-11-21T13:33:10.000Z,81,81,78,0,3,0.9629629629629629,143.56469907407407
L2194:T2:I9944,2194,T2,2026-02-11T20:17:00.000Z,92,92,86,0,6,0.9347826086956522,172.8451388888889
L2195:T0,2195,T0,2025-12-22T00:00:00.000Z,27,27,22,0,5,0.8148148148148148,114
L2195:T1:I9951,2195,T1,2025-12-23T08:06:56.000Z,28,28,22,0,6,0.7857142857142857,115.33814814814815
L2195:T2:I9952,2195,T2,2025-12-23T11:16:40.000Z,28,28,22,0,6,0.7857142857142857,115.4699074074074
L2195:T2:I9950,2195,T2,2025-12-28T14:00:50.000Z,28,28,22,0,6,0.7857142857142857,120.58391203703704
L2195:T2:I9953,2195,T2,2025-12-29T08:02:27.000Z,28,28,23,0,5,0.8214285714285714,121.33503472222222
L2195:T2:I9947,2195,T2,2026-01-04T18:31:45.000Z,28,28,24,0,4,0.8571428571428571,127.77204861111112
L2195:T2:I9949,2195,T2,2026-02-04T10:25:00.000Z,29,29,28,0,1,0.9655172413793104,155.43402777777777
L2195:T2:I9948,2195,T2,2026-03-09T18:07:00.000Z,30,30,29,0,1,0.9666666666666667,113.75486111111111
L2196:T0,2196,T0,2026-01-29T00:00:00.000Z,66,66,65,0,1,0.9848484848484849,129
L2196:T1:I9954,2196,T1,2026-02-03T16:04:23.000Z,67,67,66,0,1,0.9850746268656716,93.66971064814815
L2196:T2:I9961,2196,T2,2026-02-04T11:57:20.000Z,67,67,65,0,2,0.9701492537313433,100.49814814814815
L2196:T2:I9955,2196,T2,2026-02-06T17:29:02.000Z,67,67,66,0,1,0.9850746268656716,96.72849537037037
L2196:T2:I9958,2196,T2,2026-02-07T15:19:09.000Z,67,67,66,0,1,0.9850746268656716,97.63829861111111
L2196:T2:I9960,2196,T2,2026-02-07T15:27:44.000Z,67,67,66,0,1,0.9850746268656716,97.64425925925926
L2196:T2:I9956,2196,T2,2026-02-07T16:44:58.000Z,67,67,66,0,1,0.9850746268656716,97.69789351851851
L2196:T2:I9957,2196,T2,2026-02-10T09:43:58.000Z,67,67,67,0,0,1,73.4055324074074
L2196:T2:I9959,2196,T2,2026-06-27T13:20:00.000Z,83,83,79,0,4,0.9518072289156626,153.55555555555554
L2197:T0,2197,T0,2025-04-03T00:00:00.000Z,9,6,6,3,0,0.6666666666666666,58
L2197:T1:I9962,2197,T1,2025-04-10T20:48:50.000Z,10,7,7,3,0,0.7,65.86724537037037
L2197:T2:I9964,2197,T2,2025-04-15T20:16:34.000Z,10,6,6,4,0,0.6,70.84483796296297
L2197:T2:I9965,2197,T2,2026-03-10T09:57:00.000Z,28,28,28,0,0,1,64.41458333333334
L2197:T2:I9963,2197,T2,2026-04-20T16:05:00.000Z,30,30,29,0,1,0.9666666666666667,101.67013888888889
L2198:T0,2198,T0,2025-05-28T00:00:00.000Z,11,6,6,5,0,0.5454545454545454,58
L2198:T1:I9968,2198,T1,2025-06-07T14:54:38.000Z,12,7,6,5,1,0.5,134.62127314814813
L2198:T2:I9966,2198,T2,2026-01-14T11:48:00.000Z,20,20,19,0,1,0.95,180.49166666666667
L2198:T2:I9969,2198,T2,2026-04-03T12:31:00.000Z,29,29,28,0,1,0.9655172413793104,138.52152777777778
L2198:T2:I9967,2198,T2,2026-06-16T15:57:00.000Z,31,31,29,0,2,0.9354838709677419,108.66458333333334
L2199:T0,2199,T0,2025-12-08T00:00:00.000Z,51,50,46,1,4,0.9019607843137255,175
L2199:T1:I9972,2199,T1,2025-12-09T15:16:13.000Z,51,50,46,1,4,0.9019607843137255,176.63626157407407
L2199:T2:I9970,2199,T2,2025-12-10T18:16:05.000Z,52,51,48,1,3,0.9230769230769231,177.7611689814815
L2199:T2:I9973,2199,T2,2025-12-11T11:12:48.000Z,52,51,48,1,3,0.9230769230769231,178.46722222222223
L2199:T2:I9974,2199,T2,2025-12-13T19:59:58.000Z,52,51,48,1,3,0.9230769230769231,180.83331018518518
L2199:T2:I9971,2199,T2,2025-12-19T20:25:31.000Z,52,51,48,1,3,0.9230769230769231,186.85105324074075
L2200:T0,2200,T0,2025-09-29T00:00:00.000Z,36,36,31,0,5,0.8611111111111112,146
L2200:T1:I9975,2200,T1,2025-10-10T08:21:54.000Z,37,37,29,0,8,0.7837837837837838,157.34854166666668
L2200:T2:I9976,2200,T2,2025-10-10T11:35:38.000Z,37,37,30,0,7,0.8108108108108109,157.4830787037037
L2201:T0,2201,T0,2025-05-29T00:00:00.000Z,13,9,7,4,2,0.5384615384615384,109
L2201:T1:I9984,2201,T1,2025-05-31T17:35:49.000Z,14,10,8,4,2,0.5714285714285714,111.73320601851852
L2201:T2:I9983,2201,T2,2025-06-04T17:46:16.000Z,15,10,8,5,2,0.5333333333333333,115.74046296296297
L2201:T2:I9981,2201,T2,2025-06-10T09:55:23.000Z,15,11,9,4,2,0.6,121.41346064814815
L2201:T2:I9980,2201,T2,2025-07-07T12:36:00.000Z,19,16,16,3,0,0.8421052631578947,64.525
L2201:T2:I9982,2201,T2,2025-08-21T15:08:00.000Z,20,19,19,1,0,0.95,84.63055555555556
L2201:T2:I9978,2201,T2,2026-03-10T16:45:00.000Z,25,25,24,0,1,0.96,92.69791666666667
L2201:T2:I9979,2201,T2,2026-04-19T19:12:00.000Z,31,31,30,0,1,0.967741935483871,132.8
L2201:T2:I9977,2201,T2,2026-06-06T07:14:00.000Z,35,35,34,0,1,0.9714285714285714,180.30138888888888
L2202:T0,2202,T0,2025-10-24T00:00:00.000Z,25,25,23,0,2,0.92,167
L2202:T1:I9985,2202,T1,2025-10-27T07:40:47.000Z,27,27,25,0,2,0.9259259259259259,170.3199884259259
L2202:T2:I9986,2202,T2,2025-11-06T08:33:27.000Z,27,27,25,0,2,0.9259259259259259,180.3565625
L2203:T0,2203,T0,2025-07-26T00:00:00.000Z,32,27,27,5,0,0.84375,88
L2203:T1:I9987,2203,T1,2025-07-28T07:32:15.000Z,33,28,27,5,1,0.8181818181818182,90.3140625
L2203:T2:I9991,2203,T2,2025-07-29T09:53:17.000Z,33,28,27,5,1,0.8181818181818182,91.41200231481481
L2203:T2:I9990,2203,T2,2025-08-01T08:11:54.000Z,33,28,27,5,1,0.8181818181818182,94.34159722222222
L2203:T2:I9992,2203,T2,2025-08-06T17:26:56.000Z,33,29,26,4,3,0.7878787878787878,99.72703703703704
L2203:T2:I9993,2203,T2,2025-08-07T14:47:55.000Z,33,28,25,5,3,0.7575757575757576,100.61660879629629
L2203:T2:I9989,2203,T2,2025-08-07T17:33:26.000Z,33,29,26,4,3,0.7878787878787878,100.73155092592593
L2203:T2:I9988,2203,T2,2025-11-22T07:04:00.000Z,41,41,38,0,3,0.926829268292683,143.29444444444445
L2204:T0,2204,T0,2025-08-05T00:00:00.000Z,34,31,28,3,3,0.8235294117647058,136
L2204:T1:I9994,2204,T1,2025-08-11T07:52:27.000Z,35,33,29,2,4,0.8285714285714286,142.3280902777778
L2204:T2:I9995,2204,T2,2026-03-05T09:29:00.000Z,50,50,49,0,1,0.98,171.39513888888888
L2205:T0,2205,T0,2025-12-20T00:00:00.000Z,26,26,23,0,3,0.8846153846153846,189
L2205:T1:I9999,2205,T1,2025-12-21T18:14:02.000Z,27,27,24,0,3,0.8888888888888888,190.75974537037038
L2205:T2:I10000,2205,T2,2025-12-23T11:53:53.000Z,27,27,24,0,3,0.8888888888888888,192.4957523148148
L2205:T2:I9996,2205,T2,2025-12-24T09:40:33.000Z,27,27,24,0,3,0.8888888888888888,193.40315972222223
L2205:T2:I9998,2205,T2,2025-12-25T13:59:46.000Z,26,26,23,0,3,0.8846153846153846,194.58317129629629
L2205:T2:I9997,2205,T2,2025-12-25T19:24:51.000Z,27,27,24,0,3,0.8888888888888888,194.8089236111111
L2205:T2:I10002,2205,T2,2025-12-27T14:49:05.000Z,27,27,24,0,3,0.8888888888888888,196.61741898148148
L2205:T2:I10001,2205,T2,2026-01-01T08:58:29.000Z,27,27,25,0,2,0.9259259259259259,201.37394675925927
L2206:T0,2206,T0,2025-06-10T00:00:00.000Z,21,17,14,4,3,0.6666666666666666,118
L2206:T1:I10004,2206,T1,2025-06-14T14:02:36.000Z,21,17,14,4,3,0.6666666666666666,122.58513888888889
L2206:T2:I10003,2206,T2,2025-11-09T12:40:00.000Z,26,26,22,0,4,0.8461538461538461,139.52777777777777
L2207:T0,2207,T0,2025-10-17T00:00:00.000Z,33,33,26,0,7,0.7878787878787878,157
L2207:T1:I10005,2207,T1,2025-10-17T16:57:59.000Z,34,34,27,0,7,0.7941176470588235,157.70693287037037
L2207:T2:I10009,2207,T2,2025-10-18T12:19:19.000Z,34,34,28,0,6,0.8235294117647058,158.51341435185185
L2207:T2:I10008,2207,T2,2025-10-23T08:30:01.000Z,34,34,28,0,6,0.8235294117647058,163.35417824074074
L2207:T2:I10006,2207,T2,2025-10-28T14:28:31.000Z,34,34,28,0,6,0.8235294117647058,168.60313657407409
L2207:T2:I10007,2207,T2,2025-10-30T16:42:28.000Z,34,34,28,0,6,0.8235294117647058,170.6961574074074
L2208:T0,2208,T0,2025-05-03T00:00:00.000Z,22,15,15,7,0,0.6818181818181818,88
L2208:T1:I10011,2208,T1,2025-05-08T15:57:08.000Z,24,16,15,8,1,0.625,93.66467592592592
L2208:T2:I10010,2208,T2,2025-06-06T12:37:00.000Z,26,19,19,7,0,0.7307692307692307,76.52569444444444
L2209:T0,2209,T0,2025-02-18T00:00:00.000Z,12,2,2,10,0,0.16666666666666666,12
L2209:T1:I10014,2209,T1,2025-02-20T09:43:10.000Z,12,2,2,10,0,0.16666666666666666,14.404976851851853
L2209:T2:I10015,2209,T2,2025-02-26T16:51:14.000Z,14,2,2,12,0,0.14285714285714285,20.70224537037037
L2209:T2:I10012,2209,T2,2025-06-07T16:37:00.000Z,28,24,22,4,2,0.7857142857142857,115.69236111111111
L2209:T2:I10013,2209,T2,2026-05-28T08:14:00.000Z,43,43,42,0,1,0.9767441860465116,92.34305555555555
L2210:T0,2210,T0,2026-01-23T00:00:00.000Z,47,47,42,0,5,0.8936170212765957,111
L2210:T1:I10016,2210,T1,2026-01-30T18:24:38.000Z,49,49,44,0,5,0.8979591836734694,118.76710648148148
L2211:T0,2211,T0,2025-12-04T00:00:00.000Z,27,26,25,1,1,0.9259259259259259,145
L2211:T1:I10017,2211,T1,2025-12-04T18:23:00.000Z,28,27,26,1,1,0.9285714285714286,145.76597222222222
L2211:T2:I10023,2211,T2,2025-12-08T10:52:13.000Z,28,27,26,1,1,0.9285714285714286,149.45292824074073
L2211:T2:I10019,2211,T2,2025-12-10T17:47:18.000Z,28,27,26,1,1,0.9285714285714286,151.74118055555556
L2211:T2:I10020,2211,T2,2025-12-12T10:41:24.000Z,28,27,26,1,1,0.9285714285714286,153.44541666666666
L2211:T2:I10024,2211,T2,2025-12-15T14:26:58.000Z,29,28,27,1,1,0.9310344827586207,156.6020601851852
L2211:T2:I10022,2211,T2,2025-12-31T13:29:00.000Z,30,30,29,0,1,0.9666666666666667,92.56180555555555
L2211:T2:I10018,2211,T2,2026-03-16T09:14:00.000Z,31,31,31,0,0,1,85.38472222222222
L2211:T2:I10021,2211,T2,2026-04-22T10:57:00.000Z,35,35,34,0,1,0.9714285714285714,122.45625
L2212:T0,2212,T0,2025-08-07T00:00:00.000Z,21,21,20,0,1,0.9523809523809523,164
L2212:T1:I10028,2212,T1,2025-08-07T12:54:06.000Z,22,22,21,0,1,0.9545454545454546,164.53756944444444
L2212:T2:I10027,2212,T2,2025-08-19T19:52:24.000Z,22,22,20,0,2,0.9090909090909091,176.82805555555555
L2212:T2:I10025,2212,T2,2025-08-23T14:06:00.000Z,23,23,20,0,3,0.8695652173913043,180.5875
L2212:T2:I10032,2212,T2,2025-12-26T08:35:00.000Z,29,29,28,0,1,0.9655172413793104,167.35763888888889
L2212:T2:I10029,2212,T2,2025-12-26T10:01:00.000Z,29,29,28,0,1,0.9655172413793104,167.41736111111112
L2212:T2:I10030,2212,T2,2026-01-19T12:12:00.000Z,31,31,29,0,2,0.9354838709677419,108.50833333333334
L2212:T2:I10026,2212,T2,2026-03-03T18:30:00.000Z,33,33,33,0,0,1,66.77083333333333
L2212:T2:I10031,2212,T2,2026-03-29T17:26:00.000Z,35,35,35,0,0,1,79.72638888888889
L2213:T0,2213,T0,2025-11-04T00:00:00.000Z,48,47,41,1,6,0.8541666666666666,179
L2213:T1:I10036,2213,T1,2025-11-05T08:26:23.000Z,49,48,42,1,6,0.8571428571428571,180.35165509259258
L2213:T2:I10038,2213,T2,2025-11-05T12:01:37.000Z,49,48,42,1,6,0.8571428571428571,180.50112268518518
L2213:T2:I10035,2213,T2,2025-11-08T20:41:12.000Z,49,48,41,1,7,0.8367346938775511,183.86194444444445
L2213:T2:I10033,2213,T2,2025-11-12T20:02:34.000Z,49,48,44,1,4,0.8979591836734694,187.83511574074075
L2213:T2:I10037,2213,T2,2025-11-14T09:42:07.000Z,49,48,44,1,4,0.8979591836734694,189.4042476851852
L2213:T2:I10040,2213,T2,2025-11-16T19:15:08.000Z,49,48,43,1,5,0.8775510204081632,191.80217592592592
L2213:T2:I10039,2213,T2,2025-12-12T14:19:00.000Z,50,50,47,0,3,0.94,217.59652777777777
L2213:T2:I10034,2213,T2,2026-03-27T20:41:00.000Z,61,61,58,0,3,0.9508196721311475,142.86180555555555
L2214:T0,2214,T0,2026-02-23T00:00:00.000Z,41,41,41,0,0,1,86
L2214:T1:I10041,2214,T1,2026-02-24T14:48:01.000Z,42,42,42,0,0,1,87.61667824074074
L2215:T0,2215,T0,2026-02-09T00:00:00.000Z,21,21,20,0,1,0.9523809523809523,206
L2215:T1:I10042,2215,T1,2026-02-10T17:28:06.000Z,23,23,22,0,1,0.9565217391304348,207.7278472222222
L2215:T2:I10049,2215,T2,2026-02-15T10:54:05.000Z,24,24,22,0,2,0.9166666666666666,212.45422453703705
L2215:T2:I10047,2215,T2,2026-02-16T16:21:53.000Z,24,24,22,0,2,0.9166666666666666,213.68186342592594
L2215:T2:I10045,2215,T2,2026-02-20T09:36:51.000Z,24,24,22,0,2,0.9166666666666666,217.40059027777778
L2215:T2:I10044,2215,T2,2026-02-20T18:20:39.000Z,25,25,22,0,3,0.88,217.7643402777778
L2215:T2:I10046,2215,T2,2026-02-22T10:00:21.000Z,25,25,23,0,2,0.92,219.41690972222221
L2215:T2:I10048,2215,T2,2026-06-18T12:11:00.000Z,31,31,29,0,2,0.9354838709677419,110.50763888888889
L2215:T2:I10043,2215,T2,2026-06-29T18:53:00.000Z,31,31,28,0,3,0.9032258064516129,121.78680555555556
L2216:T0,2216,T0,2026-02-25T00:00:00.000Z,54,54,52,0,2,0.9629629629629629,115
L2216:T1:I10052,2216,T1,2026-03-01T18:01:37.000Z,55,55,54,0,1,0.9818181818181818,119.75112268518518
L2216:T2:I10050,2216,T2,2026-03-07T09:50:41.000Z,55,55,54,0,1,0.9818181818181818,95.41019675925926
L2216:T2:I10051,2216,T2,2026-03-08T08:14:43.000Z,54,54,53,0,1,0.9814814814814815,96.34355324074075
L2216:T2:I10053,2216,T2,2026-03-09T08:07:34.000Z,56,56,55,0,1,0.9821428571428571,97.33858796296296
L2216:T2:I10054,2216,T2,2026-03-10T08:59:07.000Z,56,56,55,0,1,0.9821428571428571,98.37438657407408
L2217:T0,2217,T0,2026-04-11T00:00:00.000Z,21,21,21,0,0,1,67
L2217:T1:I10057,2217,T1,2026-04-11T19:30:45.000Z,22,22,22,0,0,1,67.81302083333334
L2217:T2:I10058,2217,T2,2026-04-15T08:14:50.000Z,23,23,23,0,0,1,71.34363425925926
L2217:T2:I10062,2217,T2,2026-04-15T09:58:51.000Z,23,23,23,0,0,1,71.41586805555555
L2217:T2:I10061,2217,T2,2026-04-15T13:35:23.000Z,23,23,23,0,0,1,71.56623842592593
L2217:T2:I10056,2217,T2,2026-04-18T07:57:15.000Z,23,23,23,0,0,1,54.33142361111111
L2217:T2:I10060,2217,T2,2026-04-18T16:45:29.000Z,23,23,23,0,0,1,54.698252314814816
L2217:T2:I10055,2217,T2,2026-06-24T20:15:00.000Z,25,25,24,0,1,0.96,110.84375
L2217:T2:I10059,2217,T2,2026-06-26T18:23:00.000Z,25,25,24,0,1,0.96,112.76597222222222
L2218:T0,2218,T0,2026-01-09T00:00:00.000Z,43,43,39,0,4,0.9069767441860465,173
L2218:T1:I10064,2218,T1,2026-01-10T07:45:58.000Z,44,44,40,0,4,0.9090909090909091,174.32358796296296
L2218:T2:I10063,2218,T2,2026-04-02T12:55:00.000Z,49,49,48,0,1,0.9795918367346939,98.53819444444444
L2219:T0,2219,T0,2025-04-18T00:00:00.000Z,9,4,4,5,0,0.4444444444444444,47
L2219:T1:I10066,2219,T1,2025-04-21T07:37:57.000Z,10,5,5,5,0,0.5,50.318020833333335
L2219:T2:I10067,2219,T2,2025-04-22T07:15:18.000Z,10,5,5,5,0,0.5,51.30229166666667
L2219:T2:I10065,2219,T2,2025-04-22T11:19:55.000Z,10,5,4,5,1,0.4,94.47216435185184
L2219:T2:I10068,2219,T2,2025-06-09T11:23:00.000Z,12,7,7,5,0,0.5833333333333334,39.47430555555555
L2220:T0,2220,T0,2025-09-03T00:00:00.000Z,47,46,43,1,3,0.9148936170212766,108
L2220:T1:I10069,2220,T1,2025-09-03T15:13:30.000Z,48,47,44,1,3,0.9166666666666666,108.634375
L2221:T0,2221,T0,2026-01-03T00:00:00.000Z,23,23,22,0,1,0.9565217391304348,96
L2221:T1:I10070,2221,T1,2026-01-04T09:47:19.000Z,24,24,23,0,1,0.9583333333333334,97.4078587962963
L2221:T2:I10075,2221,T2,2026-01-04T12:21:55.000Z,24,24,23,0,1,0.9583333333333334,97.51521990740741
L2221:T2:I10073,2221,T2,2026-01-14T12:19:08.000Z,25,25,25,0,0,1,86.51328703703703
L2221:T2:I10071,2221,T2,2026-01-14T13:50:25.000Z,24,24,24,0,0,1,86.57667824074075
L2221:T2:I10074,2221,T2,2026-02-28T10:58:00.000Z,27,27,27,0,0,1,63.456944444444446
L2221:T2:I10072,2221,T2,2026-03-12T17:49:00.000Z,27,27,27,0,0,1,62.74236111111111
L2221:T2:I10076,2221,T2,2026-05-12T15:05:00.000Z,29,29,28,0,1,0.9655172413793104,110.62847222222223
L2222:T0,2222,T0,2025-09-18T00:00:00.000Z,16,16,15,0,1,0.9375,103
L2222:T1:I10078,2222,T1,2025-12-04T12:07:00.000Z,18,18,17,0,1,0.9444444444444444,95.50486111111111
L2222:T2:I10077,2222,T2,2026-01-27T07:19:00.000Z,19,19,19,0,0,1,89.30486111111111
L2222:T2:I10080,2222,T2,2026-03-05T12:27:00.000Z,20,20,19,0,1,0.95,113.51875
L2222:T2:I10079,2222,T2,2026-03-11T12:08:00.000Z,20,20,19,0,1,0.95,119.50555555555556
L2223:T0,2223,T0,2025-07-11T00:00:00.000Z,38,35,31,3,4,0.8157894736842105,134
L2223:T1:I10084,2223,T1,2025-07-13T16:58:55.000Z,39,36,32,3,4,0.8205128205128205,136.7075810185185
L2223:T2:I10081,2223,T2,2025-07-14T18:56:26.000Z,39,36,32,3,4,0.8205128205128205,137.78918981481482
L2223:T2:I10082,2223,T2,2025-07-15T11:10:35.000Z,39,36,32,3,4,0.8205128205128205,138.46568287037036
L2223:T2:I10085,2223,T2,2025-08-08T18:13:00.000Z,41,38,34,3,4,0.8292682926829268,150.7590277777778
L2223:T2:I10083,2223,T2,2025-11-10T08:56:00.000Z,45,45,41,0,4,0.9111111111111111,171.37222222222223
L2224:T0,2224,T0,2025-09-24T00:00:00.000Z,26,25,21,1,4,0.8076923076923077,169
L2224:T1:I10091,2224,T1,2025-09-24T20:43:02.000Z,27,26,22,1,4,0.8148148148148148,169.8632175925926
L2224:T2:I10090,2224,T2,2025-09-27T15:43:08.000Z,28,27,23,1,4,0.8214285714285714,172.6549537037037
L2224:T2:I10089,2224,T2,2025-09-30T08:49:38.000Z,28,27,21,1,6,0.75,175.36780092592593
L2224:T2:I10088,2224,T2,2026-01-08T20:56:00.000Z,30,30,30,0,0,1,87.87222222222222
L2224:T2:I10087,2224,T2,2026-03-18T13:40:00.000Z,34,34,32,0,2,0.9411764705882353,148.56944444444446
L2224:T2:I10086,2224,T2,2026-06-24T08:09:00.000Z,37,37,36,0,1,0.972972972972973,94.33958333333334
L2225:T0,2225,T0,2025-05-09T00:00:00.000Z,27,13,13,14,0,0.48148148148148145,67
L2225:T1:I10094,2225,T1,2025-12-05T09:52:00.000Z,41,41,38,0,3,0.926829268292683,156.4111111111111
L2225:T2:I10092,2225,T2,2026-01-07T10:17:00.000Z,43,43,42,0,1,0.9767441860465116,91.42847222222223
L2225:T2:I10095,2225,T2,2026-02-15T19:52:00.000Z,45,45,43,0,2,0.9555555555555556,107.82777777777778
L2225:T2:I10093,2225,T2,2026-03-02T11:39:00.000Z,46,46,44,0,2,0.9565217391304348,122.48541666666667
L2226:T0,2226,T0,2025-01-24T00:00:00.000Z,31,3,3,28,0,0.0967741935483871,15
L2226:T1:I10097,2226,T1,2026-03-14T17:10:00.000Z,99,99,91,0,8,0.9191919191919192,170.71527777777777
L2226:T2:I10096,2226,T2,2026-03-20T13:11:00.000Z,99,99,92,0,7,0.9292929292929293,176.54930555555555
L2227:T0,2227,T0,2026-01-25T00:00:00.000Z,30,30,28,0,2,0.9333333333333333,96
L2227:T1:I10100,2227,T1,2026-01-27T13:10:01.000Z,31,31,29,0,2,0.9354838709677419,98.54862268518518
L2227:T2:I10098,2227,T2,2026-02-02T15:01:00.000Z,31,31,29,0,2,0.9354838709677419,104.62569444444445
L2227:T2:I10099,2227,T2,2026-03-06T18:52:00.000Z,33,33,32,0,1,0.9696969696969697,110.78611111111111
L2227:T2:I10101,2227,T2,2026-06-27T20:53:00.000Z,38,38,38,0,0,1,75.87013888888889
L2228:T0,2228,T0,2026-05-06T00:00:00.000Z,25,25,24,0,1,0.96,114
L2228:T1:I10103,2228,T1,2026-05-11T10:57:23.000Z,27,27,27,0,0,1,76.4565162037037
L2228:T2:I10102,2228,T2,2026-05-14T14:06:15.000Z,27,27,27,0,0,1,79.58767361111111
L2228:T2:I10104,2228,T2,2026-05-16T13:13:18.000Z,27,27,27,0,0,1,81.55090277777778
L2229:T0,2229,T0,2025-10-08T00:00:00.000Z,42,42,38,0,4,0.9047619047619048,233
L2229:T1:I10108,2229,T1,2025-10-11T09:02:32.000Z,43,43,38,0,5,0.8837209302325582,236.37675925925927
L2229:T2:I10109,2229,T2,2025-10-12T13:10:56.000Z,43,43,38,0,5,0.8837209302325582,237.54925925925926
L2229:T2:I10107,2229,T2,2025-10-15T20:36:37.000Z,43,43,39,0,4,0.9069767441860465,240.85876157407407
L2229:T2:I10106,2229,T2,2026-02-21T13:38:00.000Z,50,50,50,0,0,1,84.56805555555556
L2229:T2:I10105,2229,T2,2026-06-15T08:58:00.000Z,60,60,59,0,1,0.9833333333333333,141.3736111111111
L2230:T0,2230,T0,2025-11-02T00:00:00.000Z,53,53,50,0,3,0.9433962264150944,123
L2230:T1:I10110,2230,T1,2025-11-11T14:05:13.000Z,55,55,51,0,4,0.9272727272727272,132.58695601851852
L2231:T0,2231,T0,2026-05-04T00:00:00.000Z,78,78,78,0,0,1,76
L2231:T1:I10112,2231,T1,2026-05-04T08:02:32.000Z,79,79,79,0,0,1,76.33509259259259
L2231:T2:I10111,2231,T2,2026-05-05T13:43:54.000Z,79,79,79,0,0,1,77.57215277777777
L2232:T0,2232,T0,2025-12-03T00:00:00.000Z,34,34,28,0,6,0.8235294117647058,204
L2232:T1:I10114,2232,T1,2025-12-04T13:11:39.000Z,35,35,29,0,6,0.8285714285714286,205.54975694444445
L2232:T2:I10117,2232,T2,2025-12-06T17:48:00.000Z,35,35,28,0,7,0.8,207.74166666666667
L2232:T2:I10113,2232,T2,2025-12-07T19:44:56.000Z,34,34,28,0,6,0.8235294117647058,208.82287037037037
L2232:T2:I10119,2232,T2,2025-12-10T16:54:48.000Z,35,35,30,0,5,0.8571428571428571,211.70472222222222
L2232:T2:I10116,2232,T2,2025-12-12T19:21:41.000Z,34,34,29,0,5,0.8529411764705882,213.80672453703704
L2232:T2:I10120,2232,T2,2025-12-13T17:23:40.000Z,34,34,29,0,5,0.8529411764705882,214.72476851851852
L2232:T2:I10115,2232,T2,2025-12-14T09:21:13.000Z,35,35,29,0,6,0.8285714285714286,215.3897337962963
L2232:T2:I10118,2232,T2,2025-12-27T10:28:00.000Z,35,35,33,0,2,0.9428571428571428,132.4361111111111
L2233:T0,2233,T0,2025-05-12T00:00:00.000Z,37,29,24,8,5,0.6486486486486487,132
L2233:T1:I10121,2233,T1,2025-09-15T11:50:00.000Z,56,55,43,1,12,0.7678571428571429,215.49305555555554
L2234:T0,2234,T0,2025-08-10T00:00:00.000Z,43,40,39,3,1,0.9069767441860465,114
L2234:T1:I10126,2234,T1,2025-08-12T12:02:13.000Z,44,41,39,3,2,0.8863636363636364,116.50153935185185
L2234:T2:I10123,2234,T2,2025-10-16T12:28:00.000Z,50,48,47,2,1,0.94,95.51944444444445
L2234:T2:I10125,2234,T2,2025-12-05T19:04:00.000Z,59,59,53,0,6,0.8983050847457628,128.79444444444445
L2234:T2:I10122,2234,T2,2025-12-21T15:39:00.000Z,63,63,58,0,5,0.9206349206349206,144.65208333333334
L2234:T2:I10124,2234,T2,2026-02-21T19:27:00.000Z,71,71,70,0,1,0.9859154929577465,135.81041666666667
L2235:T0,2235,T0,2025-04-04T00:00:00.000Z,23,14,14,9,0,0.6086956521739131,68
L2235:T1:I10133,2235,T1,2025-04-04T08:50:19.000Z,24,15,15,9,0,0.625,68.36827546296297
L2235:T2:I10130,2235,T2,2025-04-05T12:23:45.000Z,24,15,15,9,0,0.625,69.51649305555556
L2235:T2:I10132,2235,T2,2025-04-13T20:37:31.000Z,23,14,14,9,0,0.6086956521739131,77.85938657407408
L2235:T2:I10128,2235,T2,2025-04-16T14:08:17.000Z,24,15,15,9,0,0.625,80.58908564814814
L2235:T2:I10131,2235,T2,2025-07-08T12:32:00.000Z,33,30,26,3,4,0.7878787878787878,150.5222222222222
L2235:T2:I10127,2235,T2,2025-10-07T13:57:00.000Z,45,45,36,0,9,0.8,196.58125
L2235:T2:I10129,2235,T2,2026-06-29T10:39:00.000Z,61,61,60,0,1,0.9836065573770492,115.44375
L2236:T0,2236,T0,2025-09-08T00:00:00.000Z,20,20,17,0,3,0.85,160
L2236:T1:I10137,2236,T1,2025-09-08T12:19:33.000Z,21,21,18,0,3,0.8571428571428571,160.51357638888888
L2236:T2:I10138,2236,T2,2025-09-09T09:06:02.000Z,21,21,18,0,3,0.8571428571428571,161.37918981481482
L2236:T2:I10134,2236,T2,2025-09-10T20:08:26.000Z,20,20,17,0,3,0.85,162.8391898148148
L2236:T2:I10136,2236,T2,2025-09-12T19:00:09.000Z,22,22,17,0,5,0.7727272727272727,170.79177083333335
L2236:T2:I10135,2236,T2,2025-09-16T11:52:29.000Z,22,22,20,0,2,0.9090909090909091,115.49478009259259
L2236:T2:I10141,2236,T2,2025-09-19T17:41:23.000Z,22,22,19,0,3,0.8636363636363636,118.73707175925927
L2236:T2:I10139,2236,T2,2025-12-14T20:05:00.000Z,27,27,25,0,2,0.9259259259259259,183.83680555555554
L2236:T2:I10140,2236,T2,2026-03-01T12:00:00.000Z,29,29,28,0,1,0.9655172413793104,114.5
L2237:T0,2237,T0,2025-10-02T00:00:00.000Z,17,17,16,0,1,0.9411764705882353,128
L2237:T1:I10147,2237,T1,2025-10-02T14:48:35.000Z,18,18,17,0,1,0.9444444444444444,128.61707175925926
L2237:T2:I10148,2237,T2,2025-10-05T09:08:34.000Z,18,18,17,0,1,0.9444444444444444,131.38094907407407
L2237:T2:I10149,2237,T2,2025-10-06T13:29:47.000Z,18,18,17,0,1,0.9444444444444444,132.56234953703705
L2237:T2:I10142,2237,T2,2025-10-07T10:17:27.000Z,18,18,17,0,1,0.9444444444444444,133.42878472222222
L2237:T2:I10143,2237,T2,2025-10-08T11:03:45.000Z,18,18,17,0,1,0.9444444444444444,134.4609375
L2237:T2:I10146,2237,T2,2025-10-08T12:49:58.000Z,18,18,17,0,1,0.9444444444444444,134.53469907407407
L2237:T2:I10144,2237,T2,2025-10-08T16:28:03.000Z,18,18,17,0,1,0.9444444444444444,134.68614583333334
L2237:T2:I10145,2237,T2,2025-10-11T18:51:17.000Z,18,18,17,0,1,0.9444444444444444,137.78561342592593
L2238:T0,2238,T0,2025-06-20T00:00:00.000Z,19,14,13,5,1,0.6842105263157895,166
L2238:T1:I10150,2238,T1,2026-04-11T20:27:00.000Z,36,36,36,0,0,1,88.85208333333334
L2239:T0,2239,T0,2026-03-06T00:00:00.000Z,82,82,77,0,5,0.9390243902439024,195
L2239:T1:I10155,2239,T1,2026-03-06T12:46:37.000Z,83,83,78,0,5,0.9397590361445783,195.53237268518518
L2239:T2:I10158,2239,T2,2026-03-06T15:02:45.000Z,83,83,78,0,5,0.9397590361445783,195.62690972222222
L2239:T2:I10153,2239,T2,2026-03-14T07:18:27.000Z,84,84,79,0,5,0.9404761904761905,170.30447916666665
L2239:T2:I10152,2239,T2,2026-03-16T17:34:41.000Z,84,84,80,0,4,0.9523809523809523,172.7324189814815
L2239:T2:I10154,2239,T2,2026-03-17T15:11:18.000Z,84,84,80,0,4,0.9523809523809523,173.6328472222222
L2239:T2:I10151,2239,T2,2026-03-17T18:25:32.000Z,84,84,80,0,4,0.9523809523809523,173.7677314814815
L2239:T2:I10157,2239,T2,2026-03-18T10:01:45.000Z,84,84,80,0,4,0.9523809523809523,174.41788194444445
L2239:T2:I10156,2239,T2,2026-04-06T15:44:00.000Z,85,85,83,0,2,0.9764705882352941,193.65555555555557
L2240:T0,2240,T0,2026-06-19T00:00:00.000Z,118,118,116,0,2,0.9830508474576272,97
L2240:T1:I10159,2240,T1,2026-06-26T18:08:10.000Z,120,120,118,0,2,0.9833333333333333,104.7556712962963
L2241:T0,2241,T0,2025-10-10T00:00:00.000Z,43,43,40,0,3,0.9302325581395349,165
L2241:T1:I10160,2241,T1,2025-10-20T17:38:00.000Z,44,43,42,1,1,0.9545454545454546,137.73472222222222
L2241:T2:I10161,2241,T2,2026-02-01T17:56:00.000Z,51,51,49,0,2,0.9607843137254902,139.74722222222223
L2241:T2:I10162,2241,T2,2026-05-04T19:15:00.000Z,60,60,58,0,2,0.9666666666666667,136.80208333333334
L2242:T0,2242,T0,2025-07-16T00:00:00.000Z,26,26,24,0,2,0.9230769230769231,161
L2242:T1:I10167,2242,T1,2025-07-16T10:25:21.000Z,27,26,24,1,2,0.8888888888888888,161.43427083333333
L2242:T2:I10166,2242,T2,2025-07-25T11:38:29.000Z,27,27,25,0,2,0.9259259259259259,170.48505787037038
L2242:T2:I10164,2242,T2,2025-10-13T17:43:00.000Z,30,30,26,0,4,0.8666666666666667,161.73819444444445
L2242:T2:I10165,2242,T2,2025-11-15T18:12:00.000Z,32,32,25,0,7,0.78125,194.75833333333333
L2242:T2:I10163,2242,T2,2026-03-07T20:38:00.000Z,43,43,41,0,2,0.9534883720930233,131.85972222222222
L2243:T0,2243,T0,2025-08-22T00:00:00.000Z,43,42,34,1,8,0.7906976744186046,182
L2243:T1:I10168,2243,T1,2025-08-23T16:12:11.000Z,44,43,35,1,8,0.7954545454545454,183.6751273148148
L2244:T0,2244,T0,2025-01-30T00:00:00.000Z,31,7,7,24,0,0.22580645161290322,26
L2244:T1:I10172,2244,T1,2025-02-04T14:25:24.000Z,32,8,8,24,0,0.25,31.60097222222222
L2244:T2:I10173,2244,T2,2025-06-30T12:30:00.000Z,50,47,39,3,8,0.78,177.52083333333334
L2244:T2:I10170,2244,T2,2025-07-02T11:24:00.000Z,51,48,40,3,8,0.7843137254901961,179.475
L2244:T2:I10169,2244,T2,2025-09-28T13:14:00.000Z,59,59,55,0,4,0.9322033898305084,188.55138888888888
L2244:T2:I10171,2244,T2,2025-11-01T07:47:00.000Z,64,64,59,0,5,0.921875,146.32430555555555
L2245:T0,2245,T0,2025-12-19T00:00:00.000Z,23,23,23,0,0,1,75
L2245:T1:I10180,2245,T1,2025-12-23T14:03:16.000Z,24,24,24,0,0,1,79.58560185185185
L2245:T2:I10179,2245,T2,2025-12-24T18:27:01.000Z,24,24,24,0,0,1,80.76876157407408
L2245:T2:I10174,2245,T2,2025-12-26T07:20:39.000Z,24,24,24,0,0,1,82.30600694444445
L2245:T2:I10175,2245,T2,2025-12-28T16:19:43.000Z,24,24,23,0,1,0.9583333333333334,119.68035879629629
L2245:T2:I10176,2245,T2,2025-12-31T20:35:45.000Z,25,25,25,0,0,1,87.85815972222223
L2245:T2:I10177,2245,T2,2026-01-01T08:23:28.000Z,25,25,25,0,0,1,88.34962962962963
L2245:T2:I10178,2245,T2,2026-06-29T14:55:00.000Z,38,38,35,0,3,0.9210526315789473,118.62152777777777
L2246:T0,2246,T0,2025-05-26T00:00:00.000Z,20,16,15,4,1,0.75,103
L2246:T1:I10183,2246,T1,2025-05-28T11:47:28.000Z,21,17,16,4,1,0.7619047619047619,105.4912962962963
L2246:T2:I10186,2246,T2,2025-06-01T16:42:30.000Z,22,18,18,4,0,0.8181818181818182,77.69618055555556
L2246:T2:I10182,2246,T2,2025-06-02T11:25:31.000Z,21,17,17,4,0,0.8095238095238095,78.47605324074074
L2246:T2:I10185,2246,T2,2026-01-08T16:47:00.000Z,30,30,30,0,0,1,87.69930555555555
L2246:T2:I10184,2246,T2,2026-01-08T20:08:00.000Z,30,30,30,0,0,1,87.83888888888889
L2246:T2:I10187,2246,T2,2026-03-24T16:35:00.000Z,35,35,33,0,2,0.9428571428571428,154.69097222222223
L2246:T2:I10181,2246,T2,2026-06-16T17:32:00.000Z,37,37,37,0,0,1,86.73055555555555
L2247:T0,2247,T0,2025-10-17T00:00:00.000Z,43,43,42,0,1,0.9767441860465116,134
L2247:T1:I10194,2247,T1,2025-10-19T12:56:39.000Z,44,44,43,0,1,0.9772727272727273,136.53934027777777
L2247:T2:I10193,2247,T2,2025-10-21T08:24:35.000Z,44,44,42,0,2,0.9545454545454546,138.35040509259258
L2247:T2:I10192,2247,T2,2025-10-28T10:04:18.000Z,44,44,41,0,3,0.9318181818181818,97.41965277777778
L2247:T2:I10190,2247,T2,2026-01-03T09:15:00.000Z,49,49,47,0,2,0.9591836734693877,133.38541666666666
L2247:T2:I10191,2247,T2,2026-02-01T11:28:00.000Z,51,51,49,0,2,0.9607843137254902,139.4777777777778
L2247:T2:I10188,2247,T2,2026-05-18T19:26:00.000Z,63,63,62,0,1,0.9841269841269841,108.80972222222222
L2247:T2:I10189,2247,T2,2026-06-22T08:33:00.000Z,65,65,65,0,0,1,80.35625
L2248:T0,2248,T0,2026-01-31T00:00:00.000Z,101,100,90,1,10,0.8910891089108911,149
L2248:T1:I10197,2248,T1,2026-02-07T19:55:23.000Z,103,102,93,1,9,0.9029126213592233,156.8301273148148
L2248:T2:I10196,2248,T2,2026-02-10T14:06:07.000Z,103,102,93,1,9,0.9029126213592233,159.5875810185185
L2248:T2:I10195,2248,T2,2026-02-12T18:08:10.000Z,104,103,94,1,9,0.9038461538461539,161.7556712962963
L2249:T0,2249,T0,2025-12-15T00:00:00.000Z,34,34,33,0,1,0.9705882352941176,100
L2249:T1:I10204,2249,T1,2025-12-16T11:26:16.000Z,35,35,34,0,1,0.9714285714285714,101.47657407407408
L2249:T2:I10199,2249,T2,2025-12-17T16:33:03.000Z,35,35,34,0,1,0.9714285714285714,102.68961805555556
L2249:T2:I10205,2249,T2,2025-12-17T19:15:47.000Z,35,35,34,0,1,0.9714285714285714,102.80262731481481
L2249:T2:I10198,2249,T2,2025-12-20T15:29:05.000Z,35,35,33,0,2,0.9428571428571428,105.64519675925926
L2249:T2:I10200,2249,T2,2025-12-21T12:14:45.000Z,35,35,34,0,1,0.9714285714285714,106.51024305555555
L2249:T2:I10203,2249,T2,2025-12-25T10:29:57.000Z,35,35,33,0,2,0.9428571428571428,147.4374652777778
L2249:T2:I10201,2249,T2,2026-01-01T11:17:00.000Z,35,35,34,0,1,0.9714285714285714,117.47013888888888
L2249:T2:I10202,2249,T2,2026-03-04T20:12:00.000Z,39,39,37,0,2,0.9487179487179487,112.84166666666667
L2250:T0,2250,T0,2025-10-31T00:00:00.000Z,19,19,19,0,0,1,66
L2250:T1:I10208,2250,T1,2025-11-03T16:42:10.000Z,20,20,20,0,0,1,88.69594907407408
L2250:T2:I10206,2250,T2,2026-01-25T16:02:00.000Z,21,21,19,0,2,0.9047619047619048,119.66805555555555
L2250:T2:I10207,2250,T2,2026-05-01T19:53:00.000Z,26,26,25,0,1,0.9615384615384616,98.82847222222222
L2251:T0,2251,T0,2026-02-18T00:00:00.000Z,70,70,69,0,1,0.9857142857142858,132
L2251:T1:I10210,2251,T1,2026-02-22T18:34:54.000Z,71,71,70,0,1,0.9859154929577465,136.77423611111112
L2251:T2:I10211,2251,T2,2026-02-26T07:13:18.000Z,71,71,70,0,1,0.9859154929577465,140.30090277777776
L2251:T2:I10209,2251,T2,2026-02-28T16:52:17.000Z,71,71,70,0,1,0.9859154929577465,142.70297453703705
L2252:T0,2252,T0,2025-03-03T00:00:00.000Z,9,3,3,6,0,0.3333333333333333,23
L2252:T1:I10213,2252,T1,2025-03-09T19:20:23.000Z,11,5,5,6,0,0.45454545454545453,29.80582175925926
L2252:T2:I10215,2252,T2,2025-05-28T16:59:00.000Z,15,14,13,1,1,0.8666666666666667,93.7076388888889
L2252:T2:I10214,2252,T2,2025-07-06T12:29:00.000Z,17,16,14,1,2,0.8235294117647058,109.5201388888889
L2252:T2:I10212,2252,T2,2025-07-10T09:51:00.000Z,18,17,14,1,3,0.7777777777777778,113.41041666666666
L2253:T0,2253,T0,2026-06-22T00:00:00.000Z,33,33,33,0,0,1,80
L2253:T1:I10218,2253,T1,2026-06-23T13:13:55.000Z,34,34,34,0,0,1,81.55133101851852
L2253:T2:I10221,2253,T2,2026-06-25T16:02:03.000Z,34,34,34,0,0,1,83.66809027777778
L2253:T2:I10220,2253,T2,2026-06-26T18:33:52.000Z,34,34,34,0,0,1,84.77351851851851
L2253:T2:I10222,2253,T2,2026-06-28T09:28:38.000Z,34,34,34,0,0,1,86.39488425925926
L2253:T2:I10219,2253,T2,2026-07-01T14:04:13.000Z,34,34,33,0,1,0.9705882352941176,147.5862615740741
L2253:T2:I10216,2253,T2,2026-07-02T17:14:50.000Z,34,34,33,0,1,0.9705882352941176,90.71863425925926
L2253:T2:I10217,2253,T2,2026-07-02T20:51:26.000Z,33,33,32,0,1,0.9696969696969697,90.86905092592593
L2254:T0,2254,T0,2025-10-22T00:00:00.000Z,31,31,30,0,1,0.967741935483871,130
L2254:T1:I10223,2254,T1,2025-10-22T10:42:45.000Z,32,31,30,1,1,0.9375,130.44635416666668
L2254:T2:I10224,2254,T2,2025-11-03T12:08:32.000Z,32,32,29,0,3,0.90625,142.50592592592594
L2255:T0,2255,T0,2025-05-14T00:00:00.000Z,9,6,6,3,0,0.6666666666666666,35
L2255:T1:I10227,2255,T1,2025-05-23T09:12:19.000Z,10,7,7,3,0,0.7,44.38355324074074
L2255:T2:I10225,2255,T2,2025-05-27T19:06:53.000Z,10,8,8,2,0,0.8,48.79644675925926
L2255:T2:I10226,2255,T2,2026-01-28T20:09:00.000Z,23,23,22,0,1,0.9565217391304348,94.83958333333334
L2256:T0,2256,T0,2025-01-21T00:00:00.000Z,27,5,5,22,0,0.18518518518518517,6
L2256:T1:I10228,2256,T1,2025-01-27T16:38:48.000Z,28,6,6,22,0,0.21428571428571427,12.69361111111111
L2256:T2:I10229,2256,T2,2025-05-15T19:26:00.000Z,42,35,33,7,2,0.7857142857142857,118.80972222222222
L2257:T0,2257,T0,2025-11-25T00:00:00.000Z,38,38,34,0,4,0.8947368421052632,144
L2257:T1:I10234,2257,T1,2025-11-27T08:11:17.000Z,40,40,36,0,4,0.9,146.34116898148147
L2257:T2:I10233,2257,T2,2025-11-27T10:01:44.000Z,40,40,36,0,4,0.9,146.41787037037037
L2257:T2:I10232,2257,T2,2025-11-27T18:22:25.000Z,40,40,36,0,4,0.9,146.76556712962963
L2257:T2:I10230,2257,T2,2026-05-18T16:12:00.000Z,51,51,49,0,2,0.9607843137254902,95.675
L2257:T2:I10231,2257,T2,2026-06-01T10:49:00.000Z,51,51,49,0,2,0.9607843137254902,109.45069444444445
L2258:T0,2258,T0,2025-10-20T00:00:00.000Z,21,21,18,0,3,0.8571428571428571,208
L2258:T1:I10240,2258,T1,2025-10-20T13:30:17.000Z,21,21,18,0,3,0.8571428571428571,208.56269675925927
L2258:T2:I10238,2258,T2,2025-10-22T07:41:55.000Z,23,23,20,0,3,0.8695652173913043,210.32077546296296
L2258:T2:I10235,2258,T2,2025-10-24T19:14:38.000Z,23,23,20,0,3,0.8695652173913043,212.8018287037037
L2258:T2:I10236,2258,T2,2025-10-30T08:45:47.000Z,22,22,19,0,3,0.8636363636363636,218.36512731481483
L2258:T2:I10239,2258,T2,2025-11-02T15:41:07.000Z,23,23,20,0,3,0.8695652173913043,221.65355324074073
L2258:T2:I10237,2258,T2,2026-05-02T12:09:00.000Z,31,31,30,0,1,0.967741935483871,110.50625
L2259:T0,2259,T0,2025-11-25T00:00:00.000Z,22,22,19,0,3,0.8636363636363636,244
L2259:T1:I10241,2259,T1,2025-12-04T14:53:57.000Z,24,24,22,0,2,0.9166666666666666,167.6207986111111
L2260:T0,2260,T0,2025-01-13T00:00:00.000Z,10,0,0,10,0,0,
L2260:T1:I10245,2260,T1,2025-01-16T13:34:50.000Z,11,0,0,11,0,0,
L2260:T2:I10247,2260,T2,2025-01-17T15:29:07.000Z,12,0,0,12,0,0,
L2260:T2:I10248,2260,T2,2025-05-03T08:44:00.000Z,16,10,10,6,0,0.625,80.3638888888889
L2260:T2:I10246,2260,T2,2025-07-27T17:08:00.000Z,19,19,17,0,2,0.8947368421052632,116.71388888888889
L2260:T2:I10242,2260,T2,2025-09-02T10:32:00.000Z,23,23,20,0,3,0.8695652173913043,153.4388888888889
L2260:T2:I10249,2260,T2,2025-09-19T20:24:00.000Z,24,24,22,0,2,0.9166666666666666,123.85
L2260:T2:I10243,2260,T2,2025-10-27T09:53:00.000Z,26,26,24,0,2,0.9230769230769231,161.41180555555556
L2260:T2:I10244,2260,T2,2026-05-18T14:24:00.000Z,28,28,27,0,1,0.9642857142857143,164.6
L2261:T0,2261,T0,2025-05-06T00:00:00.000Z,23,15,13,8,2,0.5652173913043478,106
L2261:T1:I10253,2261,T1,2025-05-15T18:44:46.000Z,24,17,15,7,2,0.625,115.78108796296296
L2261:T2:I10250,2261,T2,2025-11-06T19:04:00.000Z,42,40,38,2,2,0.9047619047619048,159.79444444444445
L2261:T2:I10251,2261,T2,2026-03-07T12:29:00.000Z,51,51,50,0,1,0.9803921568627451,194.52013888888888
L2261:T2:I10252,2261,T2,2026-03-11T10:25:00.000Z,51,51,50,0,1,0.9803921568627451,198.43402777777777
L2262:T0,2262,T0,2025-12-31T00:00:00.000Z,34,34,33,0,1,0.9705882352941176,116
L2262:T1:I10255,2262,T1,2026-01-09T16:56:14.000Z,36,36,35,0,1,0.9722222222222222,125.70571759259259
L2262:T2:I10256,2262,T2,2026-01-11T20:32:04.000Z,37,37,37,0,0,1,82.85560185185186
L2262:T2:I10254,2262,T2,2026-04-05T20:15:00.000Z,41,41,40,0,1,0.975609756097561,144.84375
L2263:T0,2263,T0,2026-06-10T00:00:00.000Z,34,34,30,0,4,0.8823529411764706,112
L2263:T1:I10257,2263,T1,2026-06-11T19:29:42.000Z,35,35,30,0,5,0.8571428571428571,113.81229166666667
L2263:T2:I10259,2263,T2,2026-06-15T11:35:25.000Z,35,35,30,0,5,0.8571428571428571,117.48292824074075
L2263:T2:I10258,2263,T2,2026-06-21T18:01:10.000Z,35,35,30,0,5,0.8571428571428571,123.75081018518519
L2264:T0,2264,T0,2025-11-21T00:00:00.000Z,14,14,11,0,3,0.7857142857142857,101
L2264:T1:I10266,2264,T1,2025-11-21T12:03:32.000Z,14,14,11,0,3,0.7857142857142857,101.50245370370371
L2264:T2:I10261,2264,T2,2025-11-23T10:21:07.000Z,15,15,12,0,3,0.8,103.43133101851852
L2264:T2:I10263,2264,T2,2025-11-27T11:48:55.000Z,15,15,12,0,3,0.8,107.49230324074074
L2264:T2:I10267,2264,T2,2025-11-29T13:35:07.000Z,15,15,13,0,2,0.8666666666666667,109.56605324074074
L2264:T2:I10264,2264,T2,2025-12-02T10:45:00.000Z,15,15,14,0,1,0.9333333333333333,112.44791666666667
L2264:T2:I10260,2264,T2,2025-12-29T13:35:00.000Z,17,17,17,0,0,1,85.56597222222223
L2264:T2:I10262,2264,T2,2026-04-20T08:14:00.000Z,22,22,22,0,0,1,70.34305555555555
L2264:T2:I10265,2264,T2,2026-06-03T15:52:00.000Z,24,24,23,0,1,0.9583333333333334,114.66111111111111
L2265:T0,2265,T0,2026-03-07T00:00:00.000Z,46,46,44,0,2,0.9565217391304348,122
L2265:T1:I10268,2265,T1,2026-03-20T12:12:11.000Z,48,48,45,0,3,0.9375,104.50846064814814
L2266:T0,2266,T0,2026-05-20T00:00:00.000Z,76,76,74,0,2,0.9736842105263158,205
L2266:T1:I10271,2266,T1,2026-05-20T12:45:13.000Z,76,76,74,0,2,0.9736842105263158,205.53140046296295
L2266:T2:I10269,2266,T2,2026-05-21T15:59:30.000Z,77,77,75,0,2,0.974025974025974,206.66631944444444
L2266:T2:I10270,2266,T2,2026-05-31T10:00:02.000Z,77,77,75,0,2,0.974025974025974,105.41668981481482
L2267:T0,2267,T0,2025-05-03T00:00:00.000Z,8,6,6,2,0,0.75,54
L2267:T1:I10277,2267,T1,2025-05-07T12:27:34.000Z,10,6,6,4,0,0.6,58.51914351851852
L2267:T2:I10275,2267,T2,2025-05-10T07:54:23.000Z,10,8,8,2,0,0.8,61.32943287037037
L2267:T2:I10273,2267,T2,2025-05-12T11:01:41.000Z,10,8,8,2,0,0.8,63.45950231481481
L2267:T2:I10278,2267,T2,2025-06-18T17:02:00.000Z,11,9,8,2,1,0.7272727272727273,96.70972222222223
L2267:T2:I10274,2267,T2,2025-09-14T07:47:00.000Z,15,15,14,0,1,0.9333333333333333,113.32430555555555
L2267:T2:I10272,2267,T2,2026-01-01T16:51:00.000Z,21,21,19,0,2,0.9047619047619048,105.70208333333333
L2267:T2:I10276,2267,T2,2026-02-21T10:48:00.000Z,23,23,23,0,0,1,57.45
L2268:T0,2268,T0,2025-08-08T00:00:00.000Z,60,59,51,1,8,0.85,195
L2268:T1:I10279,2268,T1,2025-08-10T19:48:29.000Z,62,61,52,1,9,0.8387096774193549,197.82533564814815
L2268:T2:I10285,2268,T2,2025-08-11T11:33:15.000Z,62,61,52,1,9,0.8387096774193549,198.4814236111111
L2268:T2:I10281,2268,T2,2025-08-15T11:35:43.000Z,63,62,54,1,8,0.8571428571428571,202.48313657407408
L2268:T2:I10283,2268,T2,2025-11-04T09:28:00.000Z,74,74,67,0,7,0.9054054054054054,283.39444444444445
L2268:T2:I10284,2268,T2,2025-11-08T10:38:00.000Z,75,75,70,0,5,0.9333333333333333,154.44305555555556
L2268:T2:I10282,2268,T2,2025-11-12T15:20:00.000Z,77,77,73,0,4,0.948051948051948,158.63888888888889
L2268:T2:I10280,2268,T2,2026-05-02T20:36:00.000Z,106,106,104,0,2,0.9811320754716981,219.85833333333332
L2269:T0,2269,T0,2026-06-20T00:00:00.000Z,99,99,98,0,1,0.98989898989899,118
L2269:T1:I10286,2269,T1,2026-06-23T16:31:07.000Z,100,100,99,0,1,0.99,121.68827546296296
L2270:T0,2270,T0,2026-01-28T00:00:00.000Z,76,76,72,0,4,0.9473684210526315,234
L2270:T1:I10289,2270,T1,2026-01-28T19:04:27.000Z,77,77,73,0,4,0.948051948051948,234.79475694444446
L2270:T2:I10288,2270,T2,2026-02-01T11:37:28.000Z,78,78,76,0,2,0.9743589743589743,115.48435185185186
L2270:T2:I10290,2270,T2,2026-02-03T15:04:09.000Z,78,78,77,0,1,0.9871794871794872,117.62788194444444
L2270:T2:I10287,2270,T2,2026-02-05T07:31:59.000Z,79,79,78,0,1,0.9873417721518988,119.31387731481482
L2271:T0,2271,T0,2025-05-04T00:00:00.000Z,8,5,5,3,0,0.625,60
L2271:T1:I10291,2271,T1,2026-01-12T11:10:00.000Z,24,24,24,0,0,1,81.46527777777777
L2271:T2:I10292,2271,T2,2026-03-19T13:12:00.000Z,28,28,28,0,0,1,80.55
L2272:T0,2272,T0,2025-04-21T00:00:00.000Z,17,12,12,5,0,0.7058823529411765,87
L2272:T1:I10297,2272,T1,2025-04-23T13:21:05.000Z,18,14,14,4,0,0.7777777777777778,89.55630787037038
L2272:T2:I10296,2272,T2,2025-05-02T20:26:11.000Z,18,14,13,4,1,0.7222222222222222,98.85151620370371
L2272:T2:I10293,2272,T2,2025-05-04T12:10:30.000Z,18,14,12,4,2,0.6666666666666666,103.50729166666666
L2272:T2:I10295,2272,T2,2026-03-05T18:21:00.000Z,31,31,29,0,2,0.9354838709677419,110.76458333333333
L2272:T2:I10294,2272,T2,2026-05-22T12:22:00.000Z,35,35,35,0,0,1,67.51527777777778
L2273:T0,2273,T0,2025-05-19T00:00:00.000Z,13,12,12,1,0,0.9230769230769231,90
L2273:T1:I10298,2273,T1,2025-05-31T16:03:22.000Z,14,13,13,1,0,0.9285714285714286,73.66900462962963
L2274:T0,2274,T0,2025-07-28T00:00:00.000Z,23,17,14,6,3,0.6086956521739131,170
L2274:T1:I10299,2274,T1,2025-08-05T16:38:50.000Z,24,19,16,5,3,0.6666666666666666,141.69363425925926
L2274:T2:I10300,2274,T2,2025-10-16T11:35:00.000Z,25,23,21,2,2,0.84,117.48263888888889
L2275:T0,2275,T0,2025-01-08T00:00:00.000Z,5,0,0,5,0,0,
L2275:T1:I10303,2275,T1,2025-01-21T20:47:13.000Z,6,0,0,6,0,0,
L2275:T2:I10305,2275,T2,2025-03-05T08:36:00.000Z,9,3,3,6,0,0.3333333333333333,39.358333333333334
L2275:T2:I10301,2275,T2,2026-02-01T10:18:00.000Z,21,21,20,0,1,0.9523809523809523,198.42916666666667
L2275:T2:I10304,2275,T2,2026-04-29T12:25:00.000Z,29,29,28,0,1,0.9655172413793104,164.51736111111111
L2275:T2:I10302,2275,T2,2026-06-16T11:07:00.000Z,31,31,29,0,2,0.9354838709677419,108.46319444444444
L2276:T0,2276,T0,2025-02-17T00:00:00.000Z,22,5,5,17,0,0.22727272727272727,28
L2276:T1:I10309,2276,T1,2025-02-20T13:36:31.000Z,24,6,6,18,0,0.25,31.567025462962963
L2276:T2:I10306,2276,T2,2025-03-25T11:41:00.000Z,27,12,12,15,0,0.4444444444444444,64.48680555555555
L2276:T2:I10307,2276,T2,2026-01-24T15:13:00.000Z,64,64,61,0,3,0.953125,166.6340277777778
L2276:T2:I10308,2276,T2,2026-04-06T20:24:00.000Z,71,71,70,0,1,0.9859154929577465,102.85
L2277:T0,2277,T0,2025-03-03T00:00:00.000Z,15,7,7,8,0,0.4666666666666667,29
L2277:T1:I10314,2277,T1,2025-03-15T11:54:17.000Z,16,7,7,9,0,0.4375,41.49603009259259
L2277:T2:I10315,2277,T2,2025-03-16T17:17:00.000Z,16,8,8,8,0,0.5,42.72013888888889
L2277:T2:I10313,2277,T2,2025-07-01T09:26:00.000Z,19,17,16,2,1,0.8421052631578947,149.39305555555555
L2277:T2:I10310,2277,T2,2025-07-03T13:08:00.000Z,20,18,17,2,1,0.85,151.54722222222222
L2277:T2:I10312,2277,T2,2025-08-04T13:40:00.000Z,23,23,21,0,2,0.9130434782608695,183.56944444444446
L2277:T2:I10311,2277,T2,2025-11-19T19:28:00.000Z,28,28,26,0,2,0.9285714285714286,156.8111111111111
L2278:T0,2278,T0,2026-06-11T00:00:00.000Z,45,45,43,0,2,0.9555555555555556,97
L2278:T1:I10316,2278,T1,2026-06-13T12:35:34.000Z,46,46,44,0,2,0.9565217391304348,99.52469907407408
L2278:T2:I10318,2278,T2,2026-06-13T15:02:53.000Z,46,46,44,0,2,0.9565217391304348,99.62700231481482
L2278:T2:I10317,2278,T2,2026-06-14T11:31:08.000Z,46,46,44,0,2,0.9565217391304348,100.4799537037037
L2278:T2:I10319,2278,T2,2026-06-17T13:35:18.000Z,46,46,45,0,1,0.9782608695652174,103.56618055555556
L2278:T2:I10320,2278,T2,2026-06-20T13:43:50.000Z,45,45,44,0,1,0.9777777777777777,106.57210648148148
L2279:T0,2279,T0,2025-02-13T00:00:00.000Z,11,5,5,6,0,0.45454545454545453,20
L2279:T1:I10321,2279,T1,2025-05-09T09:39:00.000Z,17,15,14,2,1,0.8235294117647058,93.40208333333334
L2279:T2:I10324,2279,T2,2025-07-27T20:28:00.000Z,21,21,19,0,2,0.9047619047619048,172.8527777777778
L2279:T2:I10322,2279,T2,2025-10-22T14:38:00.000Z,27,27,25,0,2,0.9259259259259259,164.60972222222222
L2279:T2:I10323,2279,T2,2025-11-13T15:28:00.000Z,28,28,25,0,3,0.8928571428571429,186.64444444444445
L2280:T0,2280,T0,2026-04-03T00:00:00.000Z,36,36,35,0,1,0.9722222222222222,138
L2280:T1:I10325,2280,T1,2026-04-06T13:08:11.000Z,37,37,35,0,2,0.9459459459459459,141.54734953703704
L2280:T2:I10326,2280,T2,2026-04-10T09:53:54.000Z,37,37,35,0,2,0.9459459459459459,145.41243055555555
L2281:T0,2281,T0,2026-05-25T00:00:00.000Z,55,55,54,0,1,0.9818181818181818,129
L2281:T1:I10327,2281,T1,2026-05-30T16:34:08.000Z,57,57,55,0,2,0.9649122807017544,134.69037037037037
L2281:T2:I10328,2281,T2,2026-06-02T19:28:06.000Z,57,57,55,0,2,0.9649122807017544,137.81118055555555
L2282:T0,2282,T0,2025-06-26T00:00:00.000Z,17,13,12,4,1,0.7058823529411765,137
L2282:T1:I10332,2282,T1,2025-07-03T09:05:17.000Z,18,14,14,4,0,0.7777777777777778,60.37866898148148
L2282:T2:I10331,2282,T2,2025-07-04T15:42:01.000Z,18,15,15,3,0,0.8333333333333334,61.65417824074074
L2282:T2:I10329,2282,T2,2025-07-08T15:00:07.000Z,19,16,16,3,0,0.8421052631578947,82.62508101851851
L2282:T2:I10330,2282,T2,2025-07-09T17:12:48.000Z,19,16,16,3,0,0.8421052631578947,66.71722222222222
L2283:T0,2283,T0,2026-04-13T00:00:00.000Z,34,34,34,0,0,1,83
L2283:T1:I10333,2283,T1,2026-04-19T16:59:37.000Z,34,34,34,0,0,1,89.70806712962963
L2284:T0,2284,T0,2026-01-01T00:00:00.000Z,41,41,40,0,1,0.975609756097561,101
L2284:T1:I10335,2284,T1,2026-01-01T13:56:49.000Z,42,42,41,0,1,0.9761904761904762,101.58112268518518
L2284:T2:I10337,2284,T2,2026-01-05T10:55:43.000Z,41,41,39,0,2,0.9512195121951219,105.4553587962963
L2284:T2:I10338,2284,T2,2026-01-06T15:15:27.000Z,42,42,40,0,2,0.9523809523809523,106.63572916666666
L2284:T2:I10336,2284,T2,2026-01-11T16:29:18.000Z,43,43,43,0,0,1,85.68701388888888
L2284:T2:I10334,2284,T2,2026-05-14T14:39:00.000Z,58,58,57,0,1,0.9827586206896551,106.61041666666667
L2285:T0,2285,T0,2026-01-07T00:00:00.000Z,34,34,30,0,4,0.8823529411764706,123
L2285:T1:I10339,2285,T1,2026-01-12T10:05:43.000Z,35,35,30,0,5,0.8571428571428571,128.42063657407408
L2286:T0,2286,T0,2026-05-23T00:00:00.000Z,111,111,109,0,2,0.9819819819819819,92
L2286:T1:I10341,2286,T1,2026-05-25T14:53:08.000Z,112,112,110,0,2,0.9821428571428571,94.62023148148148
L2286:T2:I10340,2286,T2,2026-05-26T18:30:54.000Z,112,112,110,0,2,0.9821428571428571,95.77145833333333
L2286:T2:I10343,2286,T2,2026-06-03T10:44:26.000Z,114,114,113,0,1,0.9912280701754386,103.44752314814815
L2286:T2:I10342,2286,T2,2026-06-05T12:37:02.000Z,114,114,112,0,2,0.9824561403508771,105.5257175925926
L2287:T0,2287,T0,2025-07-31T00:00:00.000Z,35,27,25,8,2,0.7142857142857143,130
L2287:T1:I10349,2287,T1,2025-08-01T09:52:45.000Z,36,28,26,8,2,0.7222222222222222,131.41163194444445
L2287:T2:I10346,2287,T2,2025-08-02T15:16:02.000Z,36,28,26,8,2,0.7222222222222222,132.63613425925925
L2287:T2:I10351,2287,T2,2025-08-05T09:14:17.000Z,36,29,27,7,2,0.75,135.3849189814815
L2287:T2:I10345,2287,T2,2025-08-06T15:58:29.000Z,36,30,27,6,3,0.75,136.66561342592593
L2287:T2:I10344,2287,T2,2025-08-08T10:50:19.000Z,36,31,28,5,3,0.7777777777777778,138.45160879629628
L2287:T2:I10347,2287,T2,2025-08-13T08:19:13.000Z,37,32,29,5,3,0.7837837837837838,106.34667824074074
L2287:T2:I10350,2287,T2,2025-08-13T20:27:04.000Z,37,32,30,5,2,0.8108108108108109,106.85212962962963
L2287:T2:I10348,2287,T2,2026-02-28T17:13:00.000Z,46,46,45,0,1,0.9782608695652174,115.71736111111112
L2288:T0,2288,T0,2025-06-24T00:00:00.000Z,10,8,8,2,0,0.8,55
L2288:T1:I10354,2288,T1,2026-02-27T08:08:00.000Z,24,24,23,0,1,0.9583333333333334,99.33888888888889
L2288:T2:I10352,2288,T2,2026-04-04T11:45:00.000Z,25,25,24,0,1,0.96,109.48958333333333
L2288:T2:I10353,2288,T2,2026-06-24T17:52:00.000Z,32,32,32,0,0,1,89.74444444444444
L2289:T0,2289,T0,2026-02-15T00:00:00.000Z,67,67,63,0,4,0.9402985074626866,156
L2289:T1:I10356,2289,T1,2026-02-15T08:48:54.000Z,68,68,64,0,4,0.9411764705882353,156.36729166666666
L2289:T2:I10357,2289,T2,2026-02-25T17:32:52.000Z,69,69,66,0,3,0.9565217391304348,186.7311574074074
L2289:T2:I10358,2289,T2,2026-02-27T10:35:01.000Z,69,69,67,0,2,0.9710144927536232,111.4409837962963
L2289:T2:I10355,2289,T2,2026-02-28T10:11:00.000Z,69,69,66,0,3,0.9565217391304348,112.42430555555555
L2290:T0,2290,T0,2025-10-26T00:00:00.000Z,37,37,31,0,6,0.8378378378378378,123
L2290:T1:I10360,2290,T1,2025-11-02T20:57:18.000Z,39,39,32,0,7,0.8205128205128205,130.873125
L2290:T2:I10362,2290,T2,2025-11-06T18:28:52.000Z,39,39,32,0,7,0.8205128205128205,134.7700462962963
L2290:T2:I10361,2290,T2,2026-02-03T09:29:00.000Z,45,45,41,0,4,0.9111111111111111,214.39513888888888
L2290:T2:I10359,2290,T2,2026-05-04T14:51:00.000Z,53,53,49,0,4,0.9245283018867925,111.61875
L2291:T0,2291,T0,2025-09-21T00:00:00.000Z,58,58,53,0,5,0.9137931034482759,187
L2291:T1:I10364,2291,T1,2025-10-04T20:37:49.000Z,60,60,57,0,3,0.95,118.85959490740741
L2291:T2:I10363,2291,T2,2026-06-11T13:17:00.000Z,99,99,96,0,3,0.9696969696969697,132.5534722222222
L2292:T0,2292,T0,2026-04-02T00:00:00.000Z,73,73,69,0,4,0.9452054794520548,187
L2292:T1:I10368,2292,T1,2026-04-04T20:52:45.000Z,73,73,69,0,4,0.9452054794520548,189.86996527777777
L2292:T2:I10365,2292,T2,2026-04-06T10:17:23.000Z,74,74,71,0,3,0.9594594594594594,119.42873842592593
L2292:T2:I10370,2292,T2,2026-04-08T17:58:51.000Z,73,73,70,0,3,0.958904109589041,121.74920138888889
L2292:T2:I10367,2292,T2,2026-04-13T11:09:37.000Z,76,76,74,0,2,0.9736842105263158,108.46501157407407
L2292:T2:I10366,2292,T2,2026-04-15T09:36:15.000Z,76,76,74,0,2,0.9736842105263158,110.40017361111111
L2292:T2:I10369,2292,T2,2026-04-15T17:21:37.000Z,76,76,74,0,2,0.9736842105263158,110.72334490740741
L2293:T0,2293,T0,2026-06-09T00:00:00.000Z,41,41,40,0,1,0.975609756097561,93
L2293:T1:I10372,2293,T1,2026-06-10T18:42:46.000Z,43,43,41,0,2,0.9534883720930233,94.77969907407407
L2293:T2:I10371,2293,T2,2026-06-12T20:25:56.000Z,43,43,41,0,2,0.9534883720930233,96.85134259259259
L2293:T2:I10374,2293,T2,2026-06-13T19:49:15.000Z,43,43,41,0,2,0.9534883720930233,97.82586805555556
L2293:T2:I10375,2293,T2,2026-06-14T14:56:13.000Z,42,42,40,0,2,0.9523809523809523,98.62237268518518
L2293:T2:I10373,2293,T2,2026-06-17T14:07:10.000Z,42,42,40,0,2,0.9523809523809523,101.58831018518518
L2294:T0,2294,T0,2025-04-14T00:00:00.000Z,23,13,13,10,0,0.5652173913043478,70
L2294:T1:I10377,2294,T1,2025-04-22T09:59:50.000Z,25,16,16,9,0,0.64,78.41655092592593
L2294:T2:I10376,2294,T2,2025-04-27T07:54:21.000Z,25,17,17,8,0,0.68,83.32940972222222
L2294:T2:I10378,2294,T2,2025-08-16T12:45:00.000Z,38,37,32,1,5,0.8421052631578947,172.53125
L2294:T2:I10379,2294,T2,2026-04-07T20:04:00.000Z,58,58,54,0,4,0.9310344827586207,147.8361111111111
L2295:T0,2295,T0,2025-01-17T00:00:00.000Z,37,0,0,37,0,0,
L2295:T1:I10382,2295,T1,2025-01-21T17:32:54.000Z,37,1,1,36,0,0.02702702702702703,1.7311805555555555
L2295:T2:I10383,2295,T2,2025-01-29T11:46:50.000Z,39,5,5,34,0,0.1282051282051282,9.490856481481481
L2295:T2:I10381,2295,T2,2025-01-29T12:46:39.000Z,39,4,4,35,0,0.10256410256410256,9.532395833333334
L2295:T2:I10380,2295,T2,2025-07-24T15:09:00.000Z,66,57,50,9,7,0.7575757575757576,173.63125
L2296:T0,2296,T0,2026-02-14T00:00:00.000Z,48,48,48,0,0,1,77
L2296:T1:I10385,2296,T1,2026-02-19T12:12:41.000Z,49,49,49,0,0,1,82.50880787037038
L2296:T2:I10388,2296,T2,2026-02-20T07:42:23.000Z,50,50,50,0,0,1,83.32109953703704
L2296:T2:I10386,2296,T2,2026-02-21T19:17:28.000Z,49,49,49,0,0,1,84.8037962962963
L2296:T2:I10387,2296,T2,2026-02-23T15:53:52.000Z,50,50,50,0,0,1,86.66240740740741
L2296:T2:I10384,2296,T2,2026-06-04T09:49:00.000Z,59,59,57,0,2,0.9661016949152542,130.40902777777777
L2297:T0,2297,T0,2025-01-06T00:00:00.000Z,25,1,1,24,0,0.04,0
L2297:T1:I10392,2297,T1,2025-01-09T14:01:27.000Z,26,1,1,25,0,0.038461538461538464,3.5843402777777778
L2297:T2:I10391,2297,T2,2025-08-17T10:30:00.000Z,56,51,44,5,7,0.7857142857142857,190.4375
L2297:T2:I10393,2297,T2,2025-08-21T14:37:00.000Z,56,51,42,5,9,0.75,194.60902777777778
L2297:T2:I10389,2297,T2,2026-05-13T07:11:00.000Z,92,92,87,0,5,0.9456521739130435,170.29930555555555
L2297:T2:I10390,2297,T2,2026-05-22T19:32:00.000Z,93,93,89,0,4,0.956989247311828,128.8138888888889
L2298:T0,2298,T0,2026-02-02T00:00:00.000Z,86,86,84,0,2,0.9767441860465116,143
L2298:T1:I10397,2298,T1,2026-02-04T17:25:31.000Z,87,87,85,0,2,0.9770114942528736,145.72605324074075
L2298:T2:I10395,2298,T2,2026-02-11T12:21:17.000Z,86,86,83,0,3,0.9651162790697675,152.5147800925926
L2298:T2:I10396,2298,T2,2026-02-13T18:43:02.000Z,87,87,84,0,3,0.9655172413793104,154.77988425925926
L2298:T2:I10394,2298,T2,2026-04-28T16:43:00.000Z,96,96,93,0,3,0.96875,133.6965277777778
L2299:T0,2299,T0,2025-07-27T00:00:00.000Z,40,35,32,5,3,0.8,169
L2299:T1:I10398,2299,T1,2025-08-01T12:17:17.000Z,42,36,33,6,3,0.7857142857142857,174.51200231481482
L2299:T2:I10399,2299,T2,2025-08-02T18:09:52.000Z,42,36,33,6,3,0.7857142857142857,175.75685185185185
L2300:T0,2300,T0,2025-02-03T00:00:00.000Z,17,3,3,14,0,0.17647058823529413,10
L2300:T1:I10405,2300,T1,2025-02-03T11:28:30.000Z,17,3,3,14,0,0.17647058823529413,10.478125
L2300:T2:I10400,2300,T2,2025-02-09T20:22:55.000Z,20,5,5,15,0,0.25,16.849247685185187
L2300:T2:I10404,2300,T2,2025-03-05T16:43:00.000Z,21,9,9,12,0,0.42857142857142855,30.696527777777778
L2300:T2:I10403,2300,T2,2025-05-18T10:57:00.000Z,28,21,19,7,2,0.6785714285714286,104.45625
L2300:T2:I10402,2300,T2,2025-09-14T20:54:00.000Z,41,41,33,0,8,0.8048780487804879,201.87083333333334
L2300:T2:I10406,2300,T2,2025-10-20T17:36:00.000Z,44,43,42,1,1,0.9545454545454546,137.73333333333332
L2300:T2:I10401,2300,T2,2025-12-04T09:11:00.000Z,47,47,45,0,2,0.9574468085106383,134.3826388888889
L2300:T2:I10407,2300,T2,2026-03-27T07:04:00.000Z,57,57,54,0,3,0.9473684210526315,136.29444444444445
L2301:T0,2301,T0,2026-04-05T00:00:00.000Z,132,132,127,0,5,0.9621212121212122,192
L2301:T1:I10414,2301,T1,2026-04-06T12:07:31.000Z,133,133,128,0,5,0.9624060150375939,193.5052199074074
L2301:T2:I10411,2301,T2,2026-04-06T12:09:32.000Z,134,134,129,0,5,0.9626865671641791,193.50662037037037
L2301:T2:I10410,2301,T2,2026-04-08T20:40:53.000Z,136,136,131,0,5,0.9632352941176471,195.86172453703705
L2301:T2:I10409,2301,T2,2026-04-10T14:18:47.000Z,136,136,132,0,4,0.9705882352941176,197.59637731481482
L2301:T2:I10413,2301,T2,2026-04-12T19:23:26.000Z,137,137,134,0,3,0.9781021897810219,199.8079398148148
L2301:T2:I10408,2301,T2,2026-04-14T09:46:00.000Z,137,137,136,0,1,0.9927007299270073,201.40694444444443
L2301:T2:I10412,2301,T2,2026-04-16T07:32:03.000Z,137,137,136,0,1,0.9927007299270073,203.3139236111111
L2302:T0,2302,T0,2026-05-11T00:00:00.000Z,106,106,104,0,2,0.9811320754716981,228
L2302:T1:I10415,2302,T1,2026-05-17T14:52:48.000Z,108,108,105,0,3,0.9722222222222222,234.62
L2303:T0,2303,T0,2026-01-08T00:00:00.000Z,86,86,82,0,4,0.9534883720930233,138
L2303:T1:I10419,2303,T1,2026-01-09T18:48:14.000Z,86,86,83,0,3,0.9651162790697675,139.78349537037036
L2303:T2:I10416,2303,T2,2026-01-15T07:59:28.000Z,88,88,85,0,3,0.9659090909090909,145.33296296296297
L2303:T2:I10418,2303,T2,2026-01-18T15:00:08.000Z,88,88,85,0,3,0.9659090909090909,148.62509259259258
L2303:T2:I10420,2303,T2,2026-01-20T17:52:09.000Z,87,87,84,0,3,0.9655172413793104,150.7445486111111
L2303:T2:I10417,2303,T2,2026-01-21T08:33:43.000Z,88,88,85,0,3,0.9659090909090909,151.35674768518518
L2303:T2:I10421,2303,T2,2026-04-08T16:31:00.000Z,102,102,97,0,5,0.9509803921568627,195.68819444444443
L2304:T0,2304,T0,2026-01-18T00:00:00.000Z,30,30,30,0,0,1,89
L2304:T1:I10423,2304,T1,2026-01-18T12:03:24.000Z,31,31,31,0,0,1,89.50236111111111
L2304:T2:I10425,2304,T2,2026-01-23T07:21:01.000Z,31,31,29,0,2,0.9354838709677419,94.30626157407407
L2304:T2:I10422,2304,T2,2026-01-23T07:58:00.000Z,30,30,28,0,2,0.9333333333333333,94.33194444444445
L2304:T2:I10424,2304,T2,2026-01-24T19:56:43.000Z,31,31,29,0,2,0.9354838709677419,95.83105324074074
L2304:T2:I10426,2304,T2,2026-04-12T10:24:00.000Z,34,34,34,0,0,1,48.43333333333333
L2305:T0,2305,T0,2025-06-26T00:00:00.000Z,11,9,8,2,1,0.7272727272727273,137
L2305:T1:I10431,2305,T1,2025-06-28T15:12:22.000Z,12,10,10,2,0,0.8333333333333334,58.63358796296296
L2305:T2:I10428,2305,T2,2025-07-07T13:15:00.000Z,13,10,10,3,0,0.7692307692307693,67.55208333333333
L2305:T2:I10427,2305,T2,2025-07-09T16:26:39.000Z,13,10,10,3,0,0.7692307692307693,69.68517361111111
L2305:T2:I10432,2305,T2,2025-10-27T16:36:00.000Z,23,23,22,0,1,0.9565217391304348,133.69166666666666
L2305:T2:I10430,2305,T2,2026-03-15T08:38:00.000Z,31,31,30,0,1,0.967741935483871,102.35972222222222
L2305:T2:I10433,2305,T2,2026-04-03T10:57:00.000Z,34,34,32,0,2,0.9411764705882353,121.45625
L2305:T2:I10429,2305,T2,2026-05-20T20:23:00.000Z,35,35,34,0,1,0.9714285714285714,114.84930555555556
L2306:T0,2306,T0,2025-09-18T00:00:00.000Z,12,12,8,0,4,0.6666666666666666,183
L2306:T1:I10434,2306,T1,2025-09-22T13:59:30.000Z,14,14,9,0,5,0.6428571428571429,187.5829861111111
L2306:T2:I10435,2306,T2,2025-09-23T14:47:19.000Z,14,14,9,0,5,0.6428571428571429,188.61619212962964
L2306:T2:I10437,2306,T2,2025-09-29T15:08:14.000Z,14,14,10,0,4,0.7142857142857143,194.6307175925926
L2306:T2:I10436,2306,T2,2026-03-18T14:53:00.000Z,18,18,17,0,1,0.9444444444444444,111.62013888888889
L2307:T0,2307,T0,2025-02-24T00:00:00.000Z,11,5,5,6,0,0.45454545454545453,19
L2307:T1:I10440,2307,T1,2025-02-27T17:24:57.000Z,12,6,6,6,0,0.5,22.725659722222222
L2307:T2:I10443,2307,T2,2025-02-27T19:40:48.000Z,12,6,6,6,0,0.5,22.82
L2307:T2:I10439,2307,T2,2025-02-28T15:04:09.000Z,11,5,5,6,0,0.45454545454545453,23.627881944444443
L2307:T2:I10438,2307,T2,2025-03-02T10:14:49.000Z,12,5,5,7,0,0.4166666666666667,25.426956018518517
L2307:T2:I10444,2307,T2,2025-04-07T20:53:00.000Z,16,9,9,7,0,0.5625,61.87013888888889
L2307:T2:I10442,2307,T2,2026-02-28T09:52:00.000Z,30,30,28,0,2,0.9333333333333333,144.4111111111111
L2307:T2:I10441,2307,T2,2026-05-29T17:15:00.000Z,35,35,35,0,0,1,61.71875
L2308:T0,2308,T0,2025-01-05T00:00:00.000Z,13,0,0,13,0,0,
L2308:T1:I10448,2308,T1,2025-01-06T11:40:00.000Z,14,0,0,14,0,0,
L2308:T2:I10445,2308,T2,2025-01-10T10:18:13.000Z,15,0,0,15,0,0,
L2308:T2:I10447,2308,T2,2025-03-16T18:11:00.000Z,19,7,7,12,0,0.3684210526315789,46.75763888888889
L2308:T2:I10446,2308,T2,2025-12-06T18:53:00.000Z,42,42,35,0,7,0.8333333333333334,207.78680555555556
L2309:T0,2309,T0,2025-11-04T00:00:00.000Z,16,16,15,0,1,0.9375,180
L2309:T1:I10450,2309,T1,2025-11-05T10:41:18.000Z,17,17,16,0,1,0.9411764705882353,181.4453472222222
L2309:T2:I10452,2309,T2,2025-11-06T20:32:08.000Z,17,17,16,0,1,0.9411764705882353,182.85564814814813
L2309:T2:I10449,2309,T2,2025-11-09T11:13:48.000Z,17,17,16,0,1,0.9411764705882353,185.46791666666667
L2309:T2:I10451,2309,T2,2026-01-01T11:09:00.000Z,20,20,20,0,0,1,57.46458333333333
L2310:T0,2310,T0,2025-06-24T00:00:00.000Z,10,7,7,3,0,0.7,42
L2310:T1:I10453,2310,T1,2025-06-27T15:56:54.000Z,11,8,8,3,0,0.7272727272727273,45.66451388888889
L2311:T0,2311,T0,2025-11-03T00:00:00.000Z,19,19,19,0,0,1,69
L2311:T1:I10455,2311,T1,2025-11-04T14:54:13.000Z,20,20,20,0,0,1,70.6209837962963
L2311:T2:I10458,2311,T2,2025-11-07T19:54:40.000Z,20,20,20,0,0,1,73.82962962962964
L2311:T2:I10456,2311,T2,2025-11-09T14:16:37.000Z,20,20,20,0,0,1,75.59487268518518
L2311:T2:I10459,2311,T2,2025-11-14T09:52:55.000Z,20,20,20,0,0,1,71.41174768518519
L2311:T2:I10454,2311,T2,2025-11-15T17:28:47.000Z,20,20,20,0,0,1,72.72832175925926
L2311:T2:I10457,2311,T2,2025-12-29T17:36:00.000Z,20,20,19,0,1,0.95,92.73333333333333
L2312:T0,2312,T0,2025-11-06T00:00:00.000Z,26,26,24,0,2,0.9230769230769231,180
L2312:T1:I10463,2312,T1,2025-11-11T09:12:34.000Z,27,27,26,0,1,0.9629629629629629,110.38372685185185
L2312:T2:I10464,2312,T2,2025-11-11T09:54:55.000Z,27,27,26,0,1,0.9629629629629629,110.41313657407407
L2312:T2:I10461,2312,T2,2025-11-13T11:01:46.000Z,26,26,25,0,1,0.9615384615384616,112.45956018518518
L2312:T2:I10460,2312,T2,2025-11-17T12:35:57.000Z,27,27,26,0,1,0.9629629629629629,116.52496527777778
L2312:T2:I10462,2312,T2,2026-03-10T16:03:00.000Z,39,39,36,0,3,0.9230769230769231,101.66875
L2313:T0,2313,T0,2025-01-18T00:00:00.000Z,16,0,0,16,0,0,
L2313:T1:I10466,2313,T1,2025-01-23T08:22:14.000Z,17,0,0,17,0,0,
L2313:T2:I10465,2313,T2,2025-02-07T09:22:00.000Z,17,0,0,17,0,0,
L2313:T2:I10467,2313,T2,2025-06-05T08:01:00.000Z,32,24,23,8,1,0.71875,99.33402777777778
L2313:T2:I10468,2313,T2,2026-01-22T09:35:00.000Z,68,68,61,0,7,0.8970588235294118,139.39930555555554
L2314:T0,2314,T0,2026-06-16T00:00:00.000Z,28,28,26,0,2,0.9285714285714286,151
L2314:T1:I10469,2314,T1,2026-06-16T18:50:29.000Z,29,29,27,0,2,0.9310344827586207,151.78505787037037
L2314:T2:I10472,2314,T2,2026-06-17T07:25:30.000Z,29,29,27,0,2,0.9310344827586207,152.309375
L2314:T2:I10471,2314,T2,2026-06-24T16:41:15.000Z,30,30,28,0,2,0.9333333333333333,159.6953125
L2314:T2:I10473,2314,T2,2026-06-26T15:55:17.000Z,30,30,28,0,2,0.9333333333333333,161.6633912037037
L2314:T2:I10470,2314,T2,2026-06-28T14:10:42.000Z,30,30,29,0,1,0.9666666666666667,108.59076388888889
L2314:T2:I10474,2314,T2,2026-06-29T17:52:22.000Z,30,30,29,0,1,0.9666666666666667,109.74469907407408
L2315:T0,2315,T0,2026-03-29T00:00:00.000Z,60,60,57,0,3,0.95,144
L2315:T1:I10475,2315,T1,2026-03-31T11:14:54.000Z,61,61,58,0,3,0.9508196721311475,146.46868055555555
L2315:T2:I10476,2315,T2,2026-04-04T10:00:59.000Z,61,61,58,0,3,0.9508196721311475,132.41734953703704
L2316:T0,2316,T0,2025-02-01T00:00:00.000Z,6,1,1,5,0,0.16666666666666666,4
L2316:T1:I10482,2316,T1,2025-02-04T09:57:38.000Z,7,1,1,6,0,0.14285714285714285,7.415023148148149
L2316:T2:I10479,2316,T2,2025-02-04T17:45:36.000Z,7,1,1,6,0,0.14285714285714285,7.74
L2316:T2:I10484,2316,T2,2025-02-05T13:54:02.000Z,7,1,1,6,0,0.14285714285714285,8.579189814814814
L2316:T2:I10481,2316,T2,2025-02-08T20:06:53.000Z,7,2,2,5,0,0.2857142857142857,11.838113425925926
L2316:T2:I10480,2316,T2,2025-02-14T07:22:45.000Z,7,1,1,6,0,0.14285714285714285,17.307465277777776
L2316:T2:I10483,2316,T2,2025-08-03T15:43:00.000Z,9,9,9,0,0,1,53.65486111111111
L2316:T2:I10478,2316,T2,2026-02-02T12:56:00.000Z,12,12,12,0,0,1,73.53888888888889
L2316:T2:I10477,2316,T2,2026-03-01T17:10:00.000Z,12,12,11,0,1,0.9166666666666666,100.71527777777777
L2317:T0,2317,T0,2026-02-18T00:00:00.000Z,60,60,57,0,3,0.95,162
L2317:T1:I10486,2317,T1,2026-02-19T19:38:29.000Z,60,60,58,0,2,0.9666666666666667,111.8183912037037
L2317:T2:I10488,2317,T2,2026-02-20T10:14:13.000Z,61,61,59,0,2,0.9672131147540983,112.42653935185186
L2317:T2:I10487,2317,T2,2026-04-22T08:59:00.000Z,69,69,67,0,2,0.9710144927536232,91.37430555555555
L2317:T2:I10485,2317,T2,2026-05-15T17:12:00.000Z,73,73,69,0,4,0.9452054794520548,114.71666666666667
L2318:T0,2318,T0,2025-03-31T00:00:00.000Z,22,12,12,10,0,0.5454545454545454,47
L2318:T1:I10492,2318,T1,2025-06-18T07:58:00.000Z,35,27,26,8,1,0.7428571428571429,112.33194444444445
L2318:T2:I10490,2318,T2,2025-07-07T19:31:00.000Z,39,32,30,7,2,0.7692307692307693,99.81319444444445
L2318:T2:I10494,2318,T2,2025-08-15T08:14:00.000Z,43,40,37,3,3,0.8604651162790697,138.34305555555557
L2318:T2:I10495,2318,T2,2025-08-24T19:24:00.000Z,44,41,37,3,4,0.8409090909090909,147.80833333333334
L2318:T2:I10491,2318,T2,2025-11-03T09:59:00.000Z,57,57,56,0,1,0.9824561403508771,134.41597222222222
L2318:T2:I10489,2318,T2,2025-12-17T07:29:00.000Z,64,64,60,0,4,0.9375,123.31180555555555
L2318:T2:I10493,2318,T2,2026-02-25T16:30:00.000Z,72,72,67,0,5,0.9305555555555556,161.6875
L2319:T0,2319,T0,2025-09-28T00:00:00.000Z,27,26,22,1,4,0.8148148148148148,173
L2319:T1:I10496,2319,T1,2025-10-11T08:51:26.000Z,29,28,24,1,4,0.8275862068965517,127.36905092592593
L2319:T2:I10497,2319,T2,2026-04-20T08:40:00.000Z,35,35,35,0,0,1,76.36111111111111
L2320:T0,2320,T0,2025-09-15T00:00:00.000Z,20,20,17,0,3,0.85,132
L2320:T1:I10498,2320,T1,2025-09-17T14:09:27.000Z,20,20,17,0,3,0.85,134.58989583333334
L2320:T2:I10502,2320,T2,2025-09-20T12:33:33.000Z,20,20,17,0,3,0.85,137.5232986111111
L2320:T2:I10501,2320,T2,2025-09-22T14:55:45.000Z,20,20,17,0,3,0.85,139.6220486111111
L2320:T2:I10503,2320,T2,2025-09-23T15:44:15.000Z,21,21,18,0,3,0.8571428571428571,140.65572916666667
L2320:T2:I10500,2320,T2,2025-09-24T10:13:25.000Z,22,22,19,0,3,0.8636363636363636,141.4259837962963
L2320:T2:I10499,2320,T2,2026-03-15T09:58:00.000Z,31,31,30,0,1,0.967741935483871,102.41527777777777
L2321:T0,2321,T0,2025-04-04T00:00:00.000Z,32,17,17,15,0,0.53125,60
L2321:T1:I10508,2321,T1,2025-04-06T14:15:33.000Z,33,17,17,16,0,0.5151515151515151,62.59413194444444
L2321:T2:I10510,2321,T2,2025-04-09T10:42:29.000Z,33,17,17,16,0,0.5151515151515151,65.44616898148148
L2321:T2:I10509,2321,T2,2025-04-13T09:38:16.000Z,34,19,19,15,0,0.5588235294117647,69.40157407407408
L2321:T2:I10506,2321,T2,2025-04-26T09:11:00.000Z,36,24,24,12,0,0.6666666666666666,82.38263888888889
L2321:T2:I10504,2321,T2,2025-07-10T16:59:00.000Z,46,40,35,6,5,0.7608695652173914,135.70763888888888
L2321:T2:I10505,2321,T2,2025-08-02T15:49:00.000Z,52,48,41,4,7,0.7884615384615384,158.65902777777777
L2321:T2:I10507,2321,T2,2025-08-25T11:55:00.000Z,57,53,47,4,6,0.8245614035087719,181.49652777777777
L2321:T2:I10511,2321,T2,2025-08-31T09:32:00.000Z,58,55,48,3,7,0.8275862068965517,187.3972222222222
L2322:T0,2322,T0,2025-09-26T00:00:00.000Z,58,58,54,0,4,0.9310344827586207,186
L2322:T1:I10515,2322,T1,2025-09-28T13:30:12.000Z,58,58,54,0,4,0.9310344827586207,188.5626388888889
L2322:T2:I10516,2322,T2,2025-10-04T18:26:02.000Z,60,60,57,0,3,0.95,118.76807870370371
L2322:T2:I10512,2322,T2,2025-10-08T08:27:47.000Z,60,60,55,0,5,0.9166666666666666,122.35262731481481
L2322:T2:I10517,2322,T2,2025-10-09T10:06:03.000Z,60,60,56,0,4,0.9333333333333333,123.42086805555556
L2322:T2:I10513,2322,T2,2025-10-09T20:11:23.000Z,59,59,55,0,4,0.9322033898305084,123.84123842592592
L2322:T2:I10514,2322,T2,2026-03-23T09:05:00.000Z,86,86,85,0,1,0.9883720930232558,99.37847222222223
L2323:T0,2323,T0,2025-10-17T00:00:00.000Z,13,13,12,0,1,0.9230769230769231,116
L2323:T1:I10518,2323,T1,2025-10-20T13:01:33.000Z,14,14,13,0,1,0.9285714285714286,119.54274305555556
L2324:T0,2324,T0,2025-07-01T00:00:00.000Z,29,26,23,3,3,0.7931034482758621,126
L2324:T1:I10519,2324,T1,2026-04-25T10:38:00.000Z,59,59,56,0,3,0.9491525423728814,137.44305555555556
L2324:T2:I10520,2324,T2,2026-06-30T09:02:00.000Z,65,65,65,0,0,1,88.37638888888888
L2325:T0,2325,T0,2025-12-10T00:00:00.000Z,40,40,36,0,4,0.9,138
L2325:T1:I10522,2325,T1,2025-12-12T20:14:50.000Z,41,41,35,0,6,0.8536585365853658,140.84363425925926
L2325:T2:I10521,2325,T2,2026-04-30T14:37:00.000Z,50,50,49,0,1,0.98,106.60902777777778
L2326:T0,2326,T0,2025-04-21T00:00:00.000Z,24,16,15,8,1,0.625,94
L2326:T1:I10524,2326,T1,2025-04-21T11:47:11.000Z,25,16,15,9,1,0.6,94.49109953703703
L2326:T2:I10523,2326,T2,2025-04-22T17:56:36.000Z,24,16,15,8,1,0.625,95.74763888888889
L2326:T2:I10527,2326,T2,2025-04-25T12:21:17.000Z,26,18,17,8,1,0.6538461538461539,98.51478009259259
L2326:T2:I10530,2326,T2,2025-04-29T18:30:23.000Z,27,19,18,8,1,0.6666666666666666,102.77109953703703
L2326:T2:I10529,2326,T2,2025-07-08T16:08:00.000Z,32,27,23,5,4,0.71875,153.67222222222222
L2326:T2:I10528,2326,T2,2025-10-12T09:21:00.000Z,36,35,31,1,4,0.8611111111111112,128.38958333333332
L2326:T2:I10526,2326,T2,2026-04-08T20:03:00.000Z,45,45,44,0,1,0.9777777777777777,93.83541666666666
L2326:T2:I10525,2326,T2,2026-06-28T19:06:00.000Z,50,50,49,0,1,0.98,98.79583333333333
L2327:T0,2327,T0,2026-05-13T00:00:00.000Z,130,130,127,0,3,0.9769230769230769,103
L2327:T1:I10532,2327,T1,2026-05-17T15:59:50.000Z,131,131,126,0,5,0.9618320610687023,107.66655092592593
L2327:T2:I10531,2327,T2,2026-05-19T19:11:03.000Z,131,131,125,0,6,0.9541984732824428,109.79934027777777
L2327:T2:I10533,2327,T2,2026-05-22T11:37:00.000Z,132,132,125,0,7,0.946969696969697,112.48402777777778
L2328:T0,2328,T0,2026-04-15T00:00:00.000Z,93,93,91,0,2,0.978494623655914,120
L2328:T1:I10538,2328,T1,2026-04-16T08:06:01.000Z,95,95,93,0,2,0.9789473684210527,121.33751157407407
L2328:T2:I10536,2328,T2,2026-04-17T15:26:30.000Z,95,95,92,0,3,0.968421052631579,122.64340277777778
L2328:T2:I10534,2328,T2,2026-04-22T17:33:32.000Z,95,95,93,0,2,0.9789473684210527,127.73162037037036
L2328:T2:I10535,2328,T2,2026-04-27T09:28:11.000Z,96,96,94,0,2,0.9791666666666666,132.39457175925926
L2328:T2:I10537,2328,T2,2026-04-27T15:23:57.000Z,96,96,94,0,2,0.9791666666666666,132.64163194444444
L2328:T2:I10539,2328,T2,2026-04-27T18:08:39.000Z,95,95,93,0,2,0.9789473684210527,132.75600694444444
L2328:T2:I10540,2328,T2,2026-04-28T11:47:48.000Z,96,96,93,0,3,0.96875,133.49152777777778
L2329:T0,2329,T0,2025-05-09T00:00:00.000Z,6,1,1,5,0,0.16666666666666666,49
L2329:T1:I10543,2329,T1,2025-05-15T12:31:43.000Z,7,2,2,5,0,0.2857142857142857,55.522025462962965
L2329:T2:I10544,2329,T2,2025-05-16T10:44:00.000Z,7,2,2,5,0,0.2857142857142857,56.44722222222222
L2329:T2:I10542,2329,T2,2025-05-18T16:42:20.000Z,7,2,2,5,0,0.2857142857142857,32.69606481481482
L2329:T2:I10541,2329,T2,2025-09-06T18:32:00.000Z,9,8,8,1,0,0.8888888888888888,78.77222222222223
L2330:T0,2330,T0,2025-08-28T00:00:00.000Z,39,38,33,1,5,0.8461538461538461,184
L2330:T1:I10547,2330,T1,2025-08-28T19:42:46.000Z,40,39,34,1,5,0.85,184.82136574074073
L2330:T2:I10546,2330,T2,2025-08-31T19:24:40.000Z,40,39,34,1,5,0.85,187.8087962962963
L2330:T2:I10545,2330,T2,2025-09-04T15:42:18.000Z,39,39,32,0,7,0.8205128205128205,191.654375
L2330:T2:I10548,2330,T2,2025-10-18T12:45:00.000Z,44,44,43,0,1,0.9772727272727273,135.53125
L2331:T0,2331,T0,2026-03-04T00:00:00.000Z,45,45,45,0,0,1,87
L2331:T1:I10550,2331,T1,2026-03-04T08:59:10.000Z,45,45,45,0,0,1,87.37442129629629
L2331:T2:I10551,2331,T2,2026-03-10T07:23:16.000Z,47,47,45,0,2,0.9574468085106383,93.30782407407408
L2331:T2:I10549,2331,T2,2026-03-10T14:14:10.000Z,47,47,45,0,2,0.9574468085106383,93.59317129629629
L2331:T2:I10552,2331,T2,2026-03-14T15:16:31.000Z,47,47,47,0,0,1,89.6364699074074
L2332:T0,2332,T0,2025-09-07T00:00:00.000Z,43,39,30,4,9,0.6976744186046512,211
L2332:T1:I10558,2332,T1,2025-09-10T19:11:20.000Z,44,41,33,3,8,0.75,214.79953703703703
L2332:T2:I10556,2332,T2,2025-09-11T13:57:00.000Z,44,42,35,2,7,0.7954545454545454,215.58125
L2332:T2:I10559,2332,T2,2025-09-11T17:52:36.000Z,44,42,34,2,8,0.7727272727272727,215.7448611111111
L2332:T2:I10553,2332,T2,2025-09-13T18:03:17.000Z,44,42,36,2,6,0.8181818181818182,217.7522800925926
L2332:T2:I10557,2332,T2,2025-09-16T09:03:10.000Z,45,43,36,2,7,0.8,220.37719907407407
L2332:T2:I10554,2332,T2,2026-03-27T14:47:00.000Z,61,61,58,0,3,0.9508196721311475,142.6159722222222
L2332:T2:I10555,2332,T2,2026-05-02T07:01:00.000Z,63,63,58,0,5,0.9206349206349206,159.29236111111112
L2333:T0,2333,T0,2025-10-02T00:00:00.000Z,8,7,7,1,0,0.875,42
L2333:T1:I10561,2333,T1,2025-10-08T09:24:58.000Z,10,10,10,0,0,1,48.39233796296296
L2333:T2:I10562,2333,T2,2025-10-08T09:44:19.000Z,10,10,10,0,0,1,48.405775462962964
L2333:T2:I10560,2333,T2,2025-10-08T13:09:16.000Z,10,10,10,0,0,1,48.548101851851854
L2334:T0,2334,T0,2026-02-28T00:00:00.000Z,50,50,47,0,3,0.94,144
L2334:T1:I10563,2334,T1,2026-02-28T20:08:07.000Z,51,51,48,0,3,0.9411764705882353,144.8389699074074
L2334:T2:I10566,2334,T2,2026-03-02T13:46:32.000Z,51,51,48,0,3,0.9411764705882353,146.57398148148147
L2334:T2:I10567,2334,T2,2026-03-07T08:36:53.000Z,52,52,49,0,3,0.9423076923076923,151.35894675925925
L2334:T2:I10565,2334,T2,2026-03-07T11:03:46.000Z,52,52,49,0,3,0.9423076923076923,151.46094907407408
L2334:T2:I10564,2334,T2,2026-03-10T20:00:12.000Z,52,52,49,0,3,0.9423076923076923,154.8334722222222
L2335:T0,2335,T0,2025-01-30T00:00:00.000Z,12,0,0,12,0,0,
L2335:T1:I10568,2335,T1,2025-06-14T07:28:00.000Z,17,14,13,3,1,0.7647058823529411,118.31111111111112
L2335:T2:I10569,2335,T2,2026-05-27T17:50:00.000Z,35,35,31,0,4,0.8857142857142857,113.74305555555556
L2336:T0,2336,T0,2025-10-10T00:00:00.000Z,20,19,16,1,3,0.8,152
L2336:T1:I10570,2336,T1,2025-10-18T15:36:53.000Z,21,20,17,1,3,0.8095238095238095,142.65061342592594
L2336:T2:I10571,2336,T2,2025-10-18T16:55:44.000Z,21,20,17,1,3,0.8095238095238095,142.70537037037036
L2336:T2:I10577,2336,T2,2025-10-21T20:10:38.000Z,20,19,16,1,3,0.8,145.8407175925926
L2336:T2:I10575,2336,T2,2025-10-22T19:00:34.000Z,21,20,17,1,3,0.8095238095238095,146.7920601851852
L2336:T2:I10576,2336,T2,2025-10-23T07:20:50.000Z,21,20,16,1,4,0.7619047619047619,147.30613425925927
L2336:T2:I10573,2336,T2,2025-10-23T19:42:59.000Z,21,20,17,1,3,0.8095238095238095,147.8215162037037
L2336:T2:I10574,2336,T2,2026-02-03T10:53:00.000Z,25,25,25,0,0,1,83.45347222222222
L2336:T2:I10572,2336,T2,2026-06-05T17:43:00.000Z,30,30,30,0,0,1,49.738194444444446
L2337:T0,2337,T0,2026-03-14T00:00:00.000Z,17,17,16,0,1,0.9411764705882353,107
L2337:T1:I10582,2337,T1,2026-03-18T15:34:51.000Z,18,18,17,0,1,0.9444444444444444,111.64920138888888
L2337:T2:I10579,2337,T2,2026-03-21T10:42:03.000Z,18,18,17,0,1,0.9444444444444444,114.44586805555555
L2337:T2:I10580,2337,T2,2026-03-25T19:41:46.000Z,19,19,18,0,1,0.9473684210526315,118.8206712962963
L2337:T2:I10581,2337,T2,2026-03-26T13:12:54.000Z,19,19,18,0,1,0.9473684210526315,119.550625
L2337:T2:I10578,2337,T2,2026-06-29T18:19:00.000Z,22,22,21,0,1,0.9545454545454546,112.76319444444445
L2338:T0,2338,T0,2025-10-24T00:00:00.000Z,23,23,20,0,3,0.8695652173913043,167
L2338:T1:I10583,2338,T1,2025-10-25T19:54:13.000Z,24,24,22,0,2,0.9166666666666666,141.82931712962963
L2339:T0,2339,T0,2025-11-12T00:00:00.000Z,20,19,17,1,2,0.85,167
L2339:T1:I10586,2339,T1,2025-11-14T08:55:33.000Z,21,21,19,0,2,0.9047619047619048,169.37190972222223
L2339:T2:I10588,2339,T2,2025-11-18T11:54:18.000Z,20,20,19,0,1,0.95,129.49604166666666
L2339:T2:I10584,2339,T2,2025-11-24T19:37:34.000Z,22,22,21,0,1,0.9545454545454546,135.81775462962963
L2339:T2:I10587,2339,T2,2025-11-25T07:44:42.000Z,22,22,21,0,1,0.9545454545454546,136.32270833333334
L2339:T2:I10585,2339,T2,2025-12-12T11:37:00.000Z,23,23,22,0,1,0.9565217391304348,153.48402777777778
L2340:T0,2340,T0,2026-01-23T00:00:00.000Z,101,100,89,1,11,0.8811881188118812,141
L2340:T1:I10592,2340,T1,2026-01-23T10:05:24.000Z,101,100,89,1,11,0.8811881188118812,141.42041666666665
L2340:T2:I10589,2340,T2,2026-01-25T12:50:33.000Z,102,101,92,1,9,0.9019607843137255,143.53510416666666
L2340:T2:I10590,2340,T2,2026-01-26T13:45:49.000Z,102,101,92,1,9,0.9019607843137255,144.5734837962963
L2340:T2:I10591,2340,T2,2026-02-02T18:59:48.000Z,102,101,90,1,11,0.8823529411764706,151.7915277777778
L2341:T0,2341,T0,2025-01-27T00:00:00.000Z,14,3,3,11,0,0.21428571428571427,9
L2341:T1:I10595,2341,T1,2025-11-26T18:00:00.000Z,40,40,37,0,3,0.925,129.75
L2341:T2:I10593,2341,T2,2025-12-05T18:47:00.000Z,42,42,39,0,3,0.9285714285714286,138.7826388888889
L2341:T2:I10594,2341,T2,2026-06-11T20:26:00.000Z,55,55,53,0,2,0.9636363636363636,168.8513888888889
L2342:T0,2342,T0,2026-03-23T00:00:00.000Z,131,131,123,0,8,0.9389312977099237,179
L2342:T1:I10602,2342,T1,2026-03-23T11:22:43.000Z,132,132,124,0,8,0.9393939393939394,179.4741087962963
L2342:T2:I10596,2342,T2,2026-03-27T18:09:58.000Z,133,133,126,0,7,0.9473684210526315,183.7569212962963
L2342:T2:I10598,2342,T2,2026-03-28T20:01:58.000Z,133,133,126,0,7,0.9473684210526315,184.83469907407408
L2342:T2:I10597,2342,T2,2026-03-29T13:34:32.000Z,133,133,126,0,7,0.9473684210526315,185.56564814814814
L2342:T2:I10601,2342,T2,2026-04-05T09:01:39.000Z,133,133,128,0,5,0.9624060150375939,192.37614583333334
L2342:T2:I10599,2342,T2,2026-04-22T19:03:00.000Z,138,138,137,0,1,0.9927536231884058,209.79375
L2342:T2:I10600,2342,T2,2026-05-05T08:56:00.000Z,140,140,138,0,2,0.9857142857142858,222.37222222222223
L2343:T0,2343,T0,2026-01-08T00:00:00.000Z,48,48,46,0,2,0.9583333333333334,138
L2343:T1:I10603,2343,T1,2026-01-12T18:36:45.000Z,49,49,48,0,1,0.9795918367346939,119.77552083333333
L2344:T0,2344,T0,2025-10-17T00:00:00.000Z,20,20,17,0,3,0.85,145
L2344:T1:I10605,2344,T1,2025-10-28T07:11:58.000Z,21,21,17,0,4,0.8095238095238095,114.29997685185185
L2344:T2:I10604,2344,T2,2025-12-20T19:49:00.000Z,23,23,21,0,2,0.9130434782608695,109.82569444444445
L2344:T2:I10606,2344,T2,2026-05-01T20:49:00.000Z,28,28,26,0,2,0.9285714285714286,122.86736111111111
L2345:T0,2345,T0,2025-10-31T00:00:00.000Z,86,85,79,1,6,0.9186046511627907,166
L2345:T1:I10607,2345,T1,2025-11-01T07:39:15.000Z,87,86,80,1,6,0.9195402298850575,153.3189236111111
L2345:T2:I10608,2345,T2,2025-11-10T07:33:43.000Z,89,88,82,1,6,0.9213483146067416,162.31508101851853
L2345:T2:I10609,2345,T2,2025-12-12T13:28:00.000Z,93,92,77,1,15,0.8279569892473119,194.5611111111111
L2346:T0,2346,T0,2026-04-10T00:00:00.000Z,89,89,87,0,2,0.9775280898876404,107
L2346:T1:I10614,2346,T1,2026-04-10T07:36:02.000Z,90,90,87,0,3,0.9666666666666667,107.31668981481481
L2346:T2:I10611,2346,T2,2026-04-13T12:19:40.000Z,90,90,87,0,3,0.9666666666666667,96.51365740740741
L2346:T2:I10612,2346,T2,2026-04-23T12:28:27.000Z,92,92,89,0,3,0.967391304347826,103.51975694444444
L2346:T2:I10610,2346,T2,2026-05-12T14:17:00.000Z,96,96,92,0,4,0.9583333333333334,122.59513888888888
L2346:T2:I10613,2346,T2,2026-06-28T17:04:00.000Z,104,104,99,0,5,0.9519230769230769,169.7111111111111
L2347:T0,2347,T0,2025-08-08T00:00:00.000Z,35,30,27,5,3,0.7714285714285715,138
L2347:T1:I10618,2347,T1,2025-08-08T17:44:07.000Z,36,31,28,5,3,0.7777777777777778,138.7389699074074
L2347:T2:I10620,2347,T2,2025-08-09T12:55:56.000Z,36,31,28,5,3,0.7777777777777778,139.5388425925926
L2347:T2:I10617,2347,T2,2025-08-11T13:29:46.000Z,36,31,29,5,2,0.8055555555555556,104.56233796296296
L2347:T2:I10615,2347,T2,2025-08-17T16:25:46.000Z,37,32,30,5,2,0.8108108108108109,110.68456018518519
L2347:T2:I10621,2347,T2,2025-12-08T07:09:00.000Z,41,41,36,0,5,0.8780487804878049,159.29791666666668
L2347:T2:I10616,2347,T2,2026-02-15T20:10:00.000Z,46,46,44,0,2,0.9565217391304348,159.84027777777777
L2347:T2:I10619,2347,T2,2026-04-19T11:06:00.000Z,48,48,48,0,0,1,88.4625
L2348:T0,2348,T0,2026-04-30T00:00:00.000Z,41,41,40,0,1,0.975609756097561,108
L2348:T1:I10623,2348,T1,2026-04-30T12:46:18.000Z,42,42,41,0,1,0.9761904761904762,108.53215277777778
L2348:T2:I10622,2348,T2,2026-05-11T16:12:46.000Z,43,43,43,0,0,1,78.6755324074074
L2349:T0,2349,T0,2025-02-19T00:00:00.000Z,18,6,6,12,0,0.3333333333333333,35
L2349:T1:I10628,2349,T1,2025-02-23T13:21:42.000Z,19,8,8,11,0,0.42105263157894735,39.556736111111114
L2349:T2:I10624,2349,T2,2025-02-24T10:38:49.000Z,18,7,7,11,0,0.3888888888888889,40.44362268518518
L2349:T2:I10627,2349,T2,2025-02-27T15:06:39.000Z,19,8,8,11,0,0.42105263157894735,43.629618055555554
L2349:T2:I10626,2349,T2,2025-03-02T09:44:40.000Z,19,8,8,11,0,0.42105263157894735,46.40601851851852
L2349:T2:I10629,2349,T2,2025-04-28T07:38:00.000Z,21,11,11,10,0,0.5238095238095238,85.31805555555556
L2349:T2:I10625,2349,T2,2025-10-14T10:47:00.000Z,29,29,26,0,3,0.896551724137931,201.44930555555555
L2349:T2:I10630,2349,T2,2026-01-26T12:05:00.000Z,34,34,31,0,3,0.9117647058823529,149.50347222222223
L2350:T0,2350,T0,2025-05-19T00:00:00.000Z,27,15,15,12,0,0.5555555555555556,85
L2350:T1:I10633,2350,T1,2025-05-19T20:23:55.000Z,28,16,16,12,0,0.5714285714285714,85.84994212962962
L2350:T2:I10635,2350,T2,2025-05-21T12:51:59.000Z,27,15,15,12,0,0.5555555555555556,87.53609953703703
L2350:T2:I10631,2350,T2,2025-05-30T20:04:31.000Z,28,17,16,11,1,0.5714285714285714,92.8364699074074
L2350:T2:I10636,2350,T2,2025-06-24T10:18:00.000Z,30,23,20,7,3,0.6666666666666666,117.42916666666666
L2350:T2:I10637,2350,T2,2025-10-21T18:41:00.000Z,37,37,33,0,4,0.8918918918918919,151.77847222222223
L2350:T2:I10632,2350,T2,2025-12-08T19:34:00.000Z,40,40,38,0,2,0.95,100.81527777777778
L2350:T2:I10634,2350,T2,2026-06-18T09:15:00.000Z,63,63,61,0,2,0.9682539682539683,141.38541666666666
L2351:T0,2351,T0,2026-05-01T00:00:00.000Z,27,27,26,0,1,0.9629629629629629,111
L2351:T1:I10638,2351,T1,2026-05-08T17:49:42.000Z,28,28,28,0,0,1,57.742847222222224
L2352:T0,2352,T0,2026-02-06T00:00:00.000Z,53,53,51,0,2,0.9622641509433962,106
L2352:T1:I10646,2352,T1,2026-02-06T09:28:28.000Z,54,54,52,0,2,0.9629629629629629,106.39476851851852
L2352:T2:I10643,2352,T2,2026-02-08T08:07:18.000Z,54,54,51,0,3,0.9444444444444444,108.33840277777777
L2352:T2:I10641,2352,T2,2026-02-08T08:41:14.000Z,54,54,51,0,3,0.9444444444444444,110.36196759259259
L2352:T2:I10645,2352,T2,2026-02-13T16:48:08.000Z,54,54,52,0,2,0.9629629629629629,113.7000925925926
L2352:T2:I10639,2352,T2,2026-02-16T07:53:25.000Z,54,54,52,0,2,0.9629629629629629,116.32876157407408
L2352:T2:I10642,2352,T2,2026-02-17T09:14:35.000Z,54,54,53,0,1,0.9814814814814815,107.38512731481481
L2352:T2:I10640,2352,T2,2026-02-18T11:13:00.000Z,54,54,52,0,2,0.9629629629629629,108.46736111111112
L2352:T2:I10644,2352,T2,2026-02-19T17:29:17.000Z,55,55,53,0,2,0.9636363636363636,109.72866898148148
L2353:T0,2353,T0,2026-05-23T00:00:00.000Z,37,37,35,0,2,0.9459459459459459,125
L2353:T1:I10648,2353,T1,2026-05-29T10:49:26.000Z,38,38,37,0,1,0.9736842105263158,131.45099537037038
L2353:T2:I10651,2353,T2,2026-05-29T16:43:12.000Z,38,38,37,0,1,0.9736842105263158,131.69666666666666
L2353:T2:I10650,2353,T2,2026-06-02T14:09:10.000Z,38,38,37,0,1,0.9736842105263158,135.58969907407408
L2353:T2:I10649,2353,T2,2026-06-02T15:24:23.000Z,37,37,36,0,1,0.972972972972973,135.64193287037037
L2353:T2:I10647,2353,T2,2026-06-04T11:46:06.000Z,38,38,37,0,1,0.9736842105263158,137.49034722222223
L2354:T0,2354,T0,2025-04-11T00:00:00.000Z,20,11,11,9,0,0.55,68
L2354:T1:I10652,2354,T1,2025-04-15T15:27:58.000Z,21,11,11,10,0,0.5238095238095238,72.6444212962963
L2354:T2:I10653,2354,T2,2025-04-16T07:33:00.000Z,21,12,12,9,0,0.5714285714285714,73.31458333333333
L2354:T2:I10654,2354,T2,2025-08-19T08:10:00.000Z,24,24,21,0,3,0.875,173.34027777777777
L2354:T2:I10655,2354,T2,2026-01-10T09:00:00.000Z,34,34,30,0,4,0.8823529411764706,133.375
L2355:T0,2355,T0,2026-05-27T00:00:00.000Z,72,72,68,0,4,0.9444444444444444,126
L2355:T1:I10656,2355,T1,2026-05-29T19:04:40.000Z,73,73,70,0,3,0.958904109589041,128.7949074074074
L2355:T2:I10657,2355,T2,2026-06-07T09:12:26.000Z,75,75,71,0,4,0.9466666666666667,136.38363425925925
L2356:T0,2356,T0,2025-06-09T00:00:00.000Z,9,7,7,2,0,0.7777777777777778,63
L2356:T1:I10658,2356,T1,2025-11-09T09:38:00.000Z,13,13,12,0,1,0.9230769230769231,185.4013888888889
L2357:T0,2357,T0,2025-12-12T00:00:00.000Z,40,40,35,0,5,0.875,163
L2357:T1:I10659,2357,T1,2025-12-16T10:32:34.000Z,41,41,37,0,4,0.9024390243902439,167.4392824074074
L2357:T2:I10660,2357,T2,2025-12-23T16:19:59.000Z,42,42,37,0,5,0.8809523809523809,174.6805439814815
L2358:T0,2358,T0,2025-02-21T00:00:00.000Z,25,8,8,17,0,0.32,46
L2358:T1:I10664,2358,T1,2025-02-24T08:22:49.000Z,26,8,8,18,0,0.3076923076923077,49.34917824074074
L2358:T2:I10661,2358,T2,2025-03-02T08:54:15.000Z,26,9,9,17,0,0.34615384615384615,55.371006944444446
L2358:T2:I10663,2358,T2,2025-03-04T17:30:37.000Z,27,8,8,19,0,0.2962962962962963,57.72959490740741
L2358:T2:I10665,2358,T2,2025-06-17T19:18:00.000Z,37,29,24,8,5,0.6486486486486487,129.80416666666667
L2358:T2:I10666,2358,T2,2025-07-07T14:53:00.000Z,38,32,29,6,3,0.7631578947368421,149.6201388888889
L2358:T2:I10662,2358,T2,2025-10-11T13:40:00.000Z,47,46,39,1,7,0.8297872340425532,155.56944444444446
L2358:T2:I10667,2358,T2,2026-06-07T09:15:00.000Z,67,67,63,0,4,0.9402985074626866,138.38541666666666
L2359:T0,2359,T0,2025-02-04T00:00:00.000Z,23,2,2,21,0,0.08695652173913043,28
L2359:T1:I10668,2359,T1,2026-05-18T11:52:00.000Z,52,52,48,0,4,0.9230769230769231,117.49444444444444
L2360:T0,2360,T0,2025-07-21T00:00:00.000Z,21,20,18,1,2,0.8571428571428571,128
L2360:T1:I10674,2360,T1,2025-07-22T07:51:36.000Z,22,21,19,1,2,0.8636363636363636,129.3275
L2360:T2:I10675,2360,T2,2025-07-23T17:24:09.000Z,22,21,19,1,2,0.8636363636363636,130.72510416666665
L2360:T2:I10671,2360,T2,2025-07-25T12:39:37.000Z,22,21,19,1,2,0.8636363636363636,132.52751157407408
L2360:T2:I10669,2360,T2,2025-07-27T13:36:02.000Z,22,21,19,1,2,0.8636363636363636,134.56668981481482
L2360:T2:I10676,2360,T2,2025-07-28T18:03:04.000Z,22,21,19,1,2,0.8636363636363636,135.75212962962962
L2360:T2:I10672,2360,T2,2025-08-31T20:40:00.000Z,24,24,21,0,3,0.875,169.86111111111111
L2360:T2:I10670,2360,T2,2025-11-23T09:09:00.000Z,28,28,28,0,0,1,80.38125
L2360:T2:I10673,2360,T2,2026-03-20T15:14:00.000Z,36,36,35,0,1,0.9722222222222222,99.63472222222222
L2361:T0,2361,T0,2025-12-14T00:00:00.000Z,10,10,10,0,0,1,65
L2361:T1:I10679,2361,T1,2025-12-18T18:33:34.000Z,11,11,11,0,0,1,69.77331018518518
L2361:T2:I10678,2361,T2,2025-12-22T10:10:41.000Z,11,11,11,0,0,1,58.42408564814815
L2361:T2:I10677,2361,T2,2025-12-24T10:46:44.000Z,11,11,11,0,0,1,60.44912037037037
L2361:T2:I10680,2361,T2,2026-05-25T12:20:00.000Z,14,14,12,0,2,0.8571428571428571,168.51388888888889
L2361:T2:I10681,2361,T2,2026-06-14T18:40:00.000Z,15,15,14,0,1,0.9333333333333333,142.77777777777777
L2362:T0,2362,T0,2025-05-31T00:00:00.000Z,27,22,21,5,1,0.7777777777777778,104
L2362:T1:I10684,2362,T1,2025-05-31T10:38:42.000Z,28,22,21,6,1,0.75,104.44354166666666
L2362:T2:I10683,2362,T2,2025-06-07T12:38:16.000Z,28,23,22,5,1,0.7857142857142857,111.52657407407408
L2362:T2:I10682,2362,T2,2025-06-07T12:52:49.000Z,28,23,22,5,1,0.7857142857142857,111.53667824074074
L2362:T2:I10686,2362,T2,2025-07-27T07:26:00.000Z,29,25,21,4,4,0.7241379310344828,113.30972222222222
L2362:T2:I10688,2362,T2,2025-12-23T12:09:00.000Z,37,37,37,0,0,1,60.50625
L2362:T2:I10687,2362,T2,2026-01-07T18:08:00.000Z,40,40,40,0,0,1,75.75555555555556
L2362:T2:I10685,2362,T2,2026-02-01T09:46:00.000Z,45,45,45,0,0,1,85.40694444444445
L2363:T0,2363,T0,2026-04-01T00:00:00.000Z,63,63,62,0,1,0.9841269841269841,99
L2363:T1:I10690,2363,T1,2026-04-01T11:44:27.000Z,64,64,63,0,1,0.984375,99.48920138888889
L2363:T2:I10692,2363,T2,2026-04-02T10:10:21.000Z,64,64,62,0,2,0.96875,100.42385416666667
L2363:T2:I10693,2363,T2,2026-04-02T12:47:07.000Z,64,64,61,0,3,0.953125,100.53271990740741
L2363:T2:I10695,2363,T2,2026-04-02T17:33:58.000Z,64,64,62,0,2,0.96875,100.73192129629629
L2363:T2:I10696,2363,T2,2026-04-06T07:38:07.000Z,65,65,62,0,3,0.9538461538461539,104.31813657407407
L2363:T2:I10689,2363,T2,2026-04-06T18:29:54.000Z,65,65,62,0,3,0.9538461538461539,104.7707638888889
L2363:T2:I10694,2363,T2,2026-04-09T11:20:23.000Z,65,65,63,0,2,0.9692307692307692,107.47248842592593
L2363:T2:I10691,2363,T2,2026-04-12T18:11:25.000Z,65,65,64,0,1,0.9846153846153847,100.75792824074074
L2364:T0,2364,T0,2025-04-23T00:00:00.000Z,7,7,7,0,0,1,65
L2364:T1:I10699,2364,T1,2025-05-05T18:41:02.000Z,8,8,8,0,0,1,77.77849537037036
L2364:T2:I10698,2364,T2,2025-05-06T18:49:05.000Z,8,8,7,0,1,0.875,101.78408564814815
L2364:T2:I10697,2364,T2,2026-06-11T07:47:00.000Z,19,19,19,0,0,1,56.324305555555554
L2365:T0,2365,T0,2026-06-26T00:00:00.000Z,45,45,44,0,1,0.9777777777777777,121
L2365:T1:I10703,2365,T1,2026-06-26T16:05:15.000Z,46,46,45,0,1,0.9782608695652174,121.6703125
L2365:T2:I10705,2365,T2,2026-06-26T16:38:37.000Z,46,46,45,0,1,0.9782608695652174,121.69348379629629
L2365:T2:I10706,2365,T2,2026-06-28T17:44:13.000Z,46,46,45,0,1,0.9782608695652174,123.73903935185186
L2365:T2:I10700,2365,T2,2026-06-30T12:06:41.000Z,46,46,45,0,1,0.9782608695652174,125.5046412037037
L2365:T2:I10702,2365,T2,2026-07-02T17:47:59.000Z,46,46,45,0,1,0.9782608695652174,127.7416550925926
L2365:T2:I10701,2365,T2,2026-07-04T08:54:43.000Z,46,46,45,0,1,0.9782608695652174,129.37133101851853
L2365:T2:I10704,2365,T2,2026-07-07T09:45:56.000Z,46,46,44,0,2,0.9565217391304348,132.40689814814814
L2366:T0,2366,T0,2026-02-18T00:00:00.000Z,51,51,48,0,3,0.9411764705882353,156
L2366:T1:I10708,2366,T1,2026-02-24T08:06:17.000Z,53,53,51,0,2,0.9622641509433962,162.33769675925927
L2366:T2:I10707,2366,T2,2026-03-02T16:46:51.000Z,53,53,51,0,2,0.9622641509433962,168.6992013888889
L2366:T2:I10709,2366,T2,2026-05-05T08:39:00.000Z,60,60,58,0,2,0.9666666666666667,137.36041666666668
L2367:T0,2367,T0,2025-11-03T00:00:00.000Z,15,15,14,0,1,0.9333333333333333,120
L2367:T1:I10710,2367,T1,2025-11-11T20:08:38.000Z,15,15,14,0,1,0.9333333333333333,128.8393287037037
L2367:T2:I10711,2367,T2,2025-11-14T08:25:47.000Z,16,16,15,0,1,0.9375,131.3512384259259
L2368:T0,2368,T0,2025-07-13T00:00:00.000Z,63,55,49,8,6,0.7777777777777778,162
L2368:T1:I10713,2368,T1,2025-07-13T12:24:39.000Z,64,56,49,8,7,0.765625,162.51711805555556
L2368:T2:I10712,2368,T2,2025-07-21T15:34:10.000Z,66,57,50,9,7,0.7575757575757576,170.64872685185185
L2368:T2:I10714,2368,T2,2025-07-26T15:57:10.000Z,67,58,51,9,7,0.7611940298507462,175.66469907407406
L2369:T0,2369,T0,2025-07-14T00:00:00.000Z,14,13,12,1,1,0.8571428571428571,140
L2369:T1:I10716,2369,T1,2025-07-17T12:56:49.000Z,15,14,13,1,1,0.8666666666666667,143.5394560185185
L2369:T2:I10717,2369,T2,2025-07-18T11:23:09.000Z,15,14,12,1,2,0.8,144.47440972222222
L2369:T2:I10719,2369,T2,2025-07-27T19:22:17.000Z,16,16,15,0,1,0.9375,153.8071412037037
L2369:T2:I10715,2369,T2,2026-04-28T15:09:00.000Z,24,24,23,0,1,0.9583333333333334,96.63125
L2369:T2:I10718,2369,T2,2026-06-02T10:22:00.000Z,26,26,26,0,0,1,81.43194444444444
L2370:T0,2370,T0,2025-02-19T00:00:00.000Z,43,17,17,26,0,0.3953488372093023,42
L2370:T1:I10720,2370,T1,2025-08-17T08:23:00.000Z,82,80,73,2,7,0.8902439024390244,204.34930555555556
L2370:T2:I10721,2370,T2,2025-10-21T13:00:00.000Z,94,94,83,0,11,0.8829787234042553,269.5416666666667
L2371:T0,2371,T0,2025-09-04T00:00:00.000Z,47,46,40,1,6,0.851063829787234,139
L2371:T1:I10722,2371,T1,2025-09-08T17:01:54.000Z,48,47,42,1,5,0.875,143.7096527777778
L2371:T2:I10724,2371,T2,2025-09-09T14:55:34.000Z,48,47,42,1,5,0.875,144.6219212962963
L2371:T2:I10725,2371,T2,2025-09-14T20:39:59.000Z,48,47,43,1,4,0.8958333333333334,149.86109953703703
L2371:T2:I10723,2371,T2,2026-04-01T10:34:00.000Z,69,69,68,0,1,0.9855072463768116,98.44027777777778
L2371:T2:I10726,2371,T2,2026-05-08T11:34:00.000Z,74,74,72,0,2,0.972972972972973,118.48194444444445
L2372:T0,2372,T0,2025-04-08T00:00:00.000Z,24,13,13,11,0,0.5416666666666666,90
L2372:T1:I10727,2372,T1,2025-04-11T11:16:42.000Z,25,14,13,11,1,0.52,93.46993055555555
L2372:T2:I10729,2372,T2,2026-01-22T13:44:00.000Z,59,59,53,0,6,0.8983050847457628,164.57222222222222
L2372:T2:I10728,2372,T2,2026-05-18T14:17:00.000Z,78,78,75,0,3,0.9615384615384616,128.5951388888889
L2373:T0,2373,T0,2025-11-10T00:00:00.000Z,45,45,38,0,7,0.8444444444444444,151
L2373:T1:I10735,2373,T1,2025-11-10T09:36:14.000Z,46,46,38,0,8,0.8260869565217391,232.40016203703703
L2373:T2:I10733,2373,T2,2025-11-10T18:49:17.000Z,46,46,39,0,7,0.8478260869565217,151.78422453703703
L2373:T2:I10730,2373,T2,2025-11-23T10:23:38.000Z,47,47,42,0,5,0.8936170212765957,164.4330787037037
L2373:T2:I10734,2373,T2,2026-02-21T09:41:00.000Z,58,58,56,0,2,0.9655172413793104,117.40347222222222
L2373:T2:I10731,2373,T2,2026-03-14T09:20:00.000Z,61,61,59,0,2,0.9672131147540983,138.38888888888889
L2373:T2:I10732,2373,T2,2026-04-12T19:13:00.000Z,63,63,59,0,4,0.9365079365079365,167.80069444444445
L2374:T0,2374,T0,2025-03-05T00:00:00.000Z,28,9,9,19,0,0.32142857142857145,49
L2374:T1:I10741,2374,T1,2025-03-09T14:31:54.000Z,29,12,12,17,0,0.41379310344827586,53.60548611111111
L2374:T2:I10737,2374,T2,2025-03-14T12:09:13.000Z,29,12,12,17,0,0.41379310344827586,58.506400462962965
L2374:T2:I10740,2374,T2,2025-03-16T14:33:45.000Z,30,12,12,18,0,0.4,60.606770833333336
L2374:T2:I10739,2374,T2,2025-06-06T11:31:00.000Z,36,30,29,6,1,0.8055555555555556,140.47986111111112
L2374:T2:I10738,2374,T2,2025-07-06T20:31:00.000Z,41,40,37,1,3,0.9024390243902439,170.85486111111112
L2374:T2:I10742,2374,T2,2026-01-22T16:48:00.000Z,66,66,62,0,4,0.9393939393939394,188.7
L2374:T2:I10743,2374,T2,2026-04-16T10:40:00.000Z,73,73,71,0,2,0.9726027397260274,121.44444444444444
L2374:T2:I10736,2374,T2,2026-05-01T11:31:00.000Z,74,74,71,0,3,0.9594594594594594,136.47986111111112
L2375:T0,2375,T0,2026-03-27T00:00:00.000Z,100,100,93,0,7,0.93,183
L2375:T1:I10750,2375,T1,2026-03-31T12:46:03.000Z,101,101,95,0,6,0.9405940594059405,187.53197916666667
L2375:T2:I10748,2375,T2,2026-04-01T19:00:16.000Z,101,101,95,0,6,0.9405940594059405,188.79185185185185
L2375:T2:I10747,2375,T2,2026-04-03T10:32:47.000Z,101,101,95,0,6,0.9405940594059405,190.43943287037038
L2375:T2:I10749,2375,T2,2026-04-04T17:25:25.000Z,101,101,95,0,6,0.9405940594059405,191.7259837962963
L2375:T2:I10744,2375,T2,2026-04-07T13:42:10.000Z,102,102,97,0,5,0.9509803921568627,194.57094907407406
L2375:T2:I10745,2375,T2,2026-04-08T14:36:52.000Z,103,103,98,0,5,0.9514563106796117,195.60893518518517
L2375:T2:I10746,2375,T2,2026-04-10T07:28:00.000Z,103,103,99,0,4,0.9611650485436893,197.3111111111111
L2376:T0,2376,T0,2025-01-21T00:00:00.000Z,17,2,2,15,0,0.11764705882352941,3
L2376:T1:I10752,2376,T1,2025-01-21T11:42:07.000Z,18,2,2,16,0,0.1111111111111111,3.4875810185185183
L2376:T2:I10758,2376,T2,2025-01-25T18:10:37.000Z,18,3,3,15,0,0.16666666666666666,7.757372685185185
L2376:T2:I10756,2376,T2,2025-01-31T12:09:12.000Z,19,3,3,16,0,0.15789473684210525,13.506388888888889
L2376:T2:I10757,2376,T2,2025-02-01T14:07:52.000Z,20,3,3,17,0,0.15,12.588796296296296
L2376:T2:I10754,2376,T2,2025-02-03T15:31:05.000Z,20,4,4,16,0,0.2,14.646585648148148
L2376:T2:I10755,2376,T2,2025-07-07T14:43:00.000Z,39,33,31,6,2,0.7948717948717948,117.61319444444445
L2376:T2:I10751,2376,T2,2025-07-19T12:46:00.000Z,41,37,35,4,2,0.8536585365853658,129.53194444444443
L2376:T2:I10753,2376,T2,2026-05-02T17:42:00.000Z,83,83,80,0,3,0.963855421686747,105.7375
L2377:T0,2377,T0,2026-05-31T00:00:00.000Z,23,23,23,0,0,1,52
L2377:T1:I10764,2377,T1,2026-05-31T17:20:56.000Z,24,24,24,0,0,1,52.72287037037037
L2377:T2:I10759,2377,T2,2026-06-01T19:59:10.000Z,24,24,24,0,0,1,53.832754629629626
L2377:T2:I10762,2377,T2,2026-06-03T08:19:32.000Z,24,24,24,0,0,1,55.34689814814815
L2377:T2:I10760,2377,T2,2026-06-07T11:57:15.000Z,25,25,25,0,0,1,59.49809027777778
L2377:T2:I10763,2377,T2,2026-06-10T16:09:56.000Z,25,25,25,0,0,1,58.67356481481482
L2377:T2:I10765,2377,T2,2026-06-11T11:47:09.000Z,25,25,25,0,0,1,59.49107638888889
L2377:T2:I10761,2377,T2,2026-06-12T11:43:35.000Z,25,25,25,0,0,1,61.48859953703704
L2378:T0,2378,T0,2026-06-25T00:00:00.000Z,82,82,80,0,2,0.975609756097561,99
L2378:T1:I10767,2378,T1,2026-07-01T18:35:46.000Z,83,83,83,0,0,1,86.77483796296296
L2378:T2:I10766,2378,T2,2026-07-08T09:12:20.000Z,83,83,82,0,1,0.9879518072289156,93.38356481481482
L2378:T2:I10768,2378,T2,2026-07-08T13:04:53.000Z,83,83,82,0,1,0.9879518072289156,93.54505787037037
L2379:T0,2379,T0,2025-05-03T00:00:00.000Z,26,11,11,15,0,0.4230769230769231,61
L2379:T1:I10769,2379,T1,2025-05-11T13:01:00.000Z,29,13,13,16,0,0.4482758620689655,69.5423611111111
L2379:T2:I10770,2379,T2,2026-04-20T20:36:00.000Z,52,52,52,0,0,1,89.85833333333333
L2380:T0,2380,T0,2026-03-24T00:00:00.000Z,84,84,81,0,3,0.9642857142857143,180
L2380:T1:I10771,2380,T1,2026-03-24T13:43:19.000Z,84,84,81,0,3,0.9642857142857143,180.5717476851852
L2380:T2:I10775,2380,T2,2026-03-28T07:12:59.000Z,85,85,83,0,2,0.9764705882352941,184.30068287037037
L2380:T2:I10772,2380,T2,2026-03-30T08:38:10.000Z,85,85,82,0,3,0.9647058823529412,186.35983796296296
L2380:T2:I10773,2380,T2,2026-03-31T17:27:07.000Z,84,84,82,0,2,0.9761904761904762,187.72716435185185
L2380:T2:I10774,2380,T2,2026-04-03T15:12:05.000Z,85,85,83,0,2,0.9764705882352941,190.6333912037037
L2381:T0,2381,T0,2025-05-16T00:00:00.000Z,24,18,17,6,1,0.7083333333333334,108
L2381:T1:I10779,2381,T1,2025-05-17T14:00:16.000Z,25,19,17,6,2,0.68,117.58351851851852
L2381:T2:I10781,2381,T2,2025-05-26T20:40:16.000Z,25,18,16,7,2,0.64,118.8612962962963
L2381:T2:I10776,2381,T2,2025-05-28T07:49:23.000Z,24,18,15,6,3,0.625,120.32596064814815
L2381:T2:I10778,2381,T2,2026-04-20T07:37:00.000Z,40,40,39,0,1,0.975,107.31736111111111
L2381:T2:I10777,2381,T2,2026-05-13T10:12:00.000Z,41,41,40,0,1,0.975609756097561,102.425
L2381:T2:I10780,2381,T2,2026-06-15T17:32:00.000Z,45,45,45,0,0,1,72.73055555555555
L2382:T0,2382,T0,2025-09-26T00:00:00.000Z,48,47,42,1,5,0.875,161
L2382:T1:I10783,2382,T1,2025-10-06T12:15:57.000Z,50,49,44,1,5,0.88,171.51107638888888
L2382:T2:I10784,2382,T2,2025-10-07T14:53:15.000Z,51,50,44,1,6,0.8627450980392157,172.6203125
L2382:T2:I10782,2382,T2,2026-04-11T18:25:00.000Z,70,70,69,0,1,0.9857142857142858,91.76736111111111
L2383:T0,2383,T0,2026-04-02T00:00:00.000Z,37,37,36,0,1,0.972972972972973,92
L2383:T1:I10789,2383,T1,2026-04-11T13:35:23.000Z,39,39,39,0,0,1,89.56623842592593
L2383:T2:I10787,2383,T2,2026-04-13T13:07:42.000Z,39,39,37,0,2,0.9487179487179487,91.54701388888888
L2383:T2:I10785,2383,T2,2026-04-13T13:25:57.000Z,39,39,37,0,2,0.9487179487179487,91.5596875
L2383:T2:I10786,2383,T2,2026-04-14T12:53:43.000Z,39,39,37,0,2,0.9487179487179487,92.53730324074074
L2383:T2:I10790,2383,T2,2026-04-14T15:48:00.000Z,39,39,37,0,2,0.9487179487179487,92.65833333333333
L2383:T2:I10788,2383,T2,2026-06-27T16:02:00.000Z,39,39,39,0,0,1,89.66805555555555
L2384:T0,2384,T0,2025-04-27T00:00:00.000Z,29,18,17,11,1,0.5862068965517241,97
L2384:T1:I10796,2384,T1,2025-04-29T12:51:18.000Z,31,20,19,11,1,0.6129032258064516,99.535625
L2384:T2:I10793,2384,T2,2025-05-01T13:04:21.000Z,31,19,18,12,1,0.5806451612903226,101.5446875
L2384:T2:I10791,2384,T2,2025-05-05T08:35:51.000Z,31,22,19,9,3,0.6129032258064516,105.35822916666666
L2384:T2:I10798,2384,T2,2025-05-06T14:08:25.000Z,31,21,18,10,3,0.5806451612903226,106.58917824074074
L2384:T2:I10794,2384,T2,2025-06-30T11:18:00.000Z,37,31,29,6,2,0.7837837837837838,110.47083333333333
L2384:T2:I10795,2384,T2,2025-07-27T09:24:00.000Z,41,37,36,4,1,0.8780487804878049,100.39166666666667
L2384:T2:I10792,2384,T2,2025-12-19T08:12:00.000Z,62,62,57,0,5,0.9193548387096774,142.34166666666667
L2384:T2:I10797,2384,T2,2026-03-02T09:29:00.000Z,72,72,71,0,1,0.9861111111111112,144.39513888888888
L2385:T0,2385,T0,2025-09-09T00:00:00.000Z,31,31,27,0,4,0.8709677419354839,177
L2385:T1:I10799,2385,T1,2025-09-12T16:40:46.000Z,32,32,27,0,5,0.84375,180.69497685185186
L2385:T2:I10801,2385,T2,2025-09-16T14:09:13.000Z,32,32,27,0,5,0.84375,184.5897337962963
L2385:T2:I10802,2385,T2,2025-09-28T16:49:00.000Z,33,33,28,0,5,0.8484848484848485,189.70069444444445
L2385:T2:I10803,2385,T2,2026-03-09T14:41:00.000Z,50,50,49,0,1,0.98,145.61180555555555
L2385:T2:I10800,2385,T2,2026-05-12T18:18:00.000Z,52,52,51,0,1,0.9807692307692307,128.7625
L2386:T0,2386,T0,2025-07-22T00:00:00.000Z,38,35,32,3,3,0.8421052631578947,133
L2386:T1:I10808,2386,T1,2025-07-23T14:57:21.000Z,39,35,32,4,3,0.8205128205128205,134.62315972222223
L2386:T2:I10806,2386,T2,2025-07-28T11:48:03.000Z,40,37,34,3,3,0.85,139.49170138888888
L2386:T2:I10810,2386,T2,2025-09-08T13:28:00.000Z,42,41,36,1,5,0.8571428571428571,161.5611111111111
L2386:T2:I10805,2386,T2,2025-10-20T14:33:00.000Z,45,45,38,0,7,0.8444444444444444,150.60625
L2386:T2:I10804,2386,T2,2026-01-17T09:12:00.000Z,55,55,53,0,2,0.9636363636363636,131.38333333333333
L2386:T2:I10807,2386,T2,2026-03-15T11:37:00.000Z,61,61,60,0,1,0.9836065573770492,119.48402777777778
L2386:T2:I10811,2386,T2,2026-03-17T09:28:00.000Z,62,62,61,0,1,0.9838709677419355,121.39444444444445
L2386:T2:I10809,2386,T2,2026-04-12T09:58:00.000Z,66,66,62,0,4,0.9393939393939394,109.41527777777777
L2387:T0,2387,T0,2025-05-31T00:00:00.000Z,27,22,18,5,4,0.6666666666666666,151
L2387:T1:I10818,2387,T1,2025-06-03T14:04:19.000Z,28,23,20,5,3,0.7142857142857143,115.58633101851852
L2387:T2:I10816,2387,T2,2025-06-06T11:04:00.000Z,29,24,22,5,2,0.7586206896551724,118.46111111111111
L2387:T2:I10815,2387,T2,2025-06-07T10:14:47.000Z,30,25,23,5,2,0.7666666666666667,119.42693287037036
L2387:T2:I10814,2387,T2,2025-06-08T12:08:25.000Z,30,25,23,5,2,0.7666666666666667,120.50584490740741
L2387:T2:I10819,2387,T2,2025-06-08T12:27:05.000Z,30,25,24,5,1,0.8,120.51880787037037
L2387:T2:I10813,2387,T2,2025-10-24T14:41:00.000Z,39,39,32,0,7,0.8205128205128205,189.61180555555555
L2387:T2:I10817,2387,T2,2026-03-23T09:07:00.000Z,53,53,49,0,4,0.9245283018867925,167.3798611111111
L2387:T2:I10812,2387,T2,2026-06-01T18:38:00.000Z,57,57,57,0,0,1,75.77638888888889
L2388:T0,2388,T0,2025-08-22T00:00:00.000Z,11,11,11,0,0,1,84
L2388:T1:I10823,2388,T1,2025-08-23T08:19:11.000Z,11,11,11,0,0,1,85.3466550925926
L2388:T2:I10822,2388,T2,2025-08-23T11:56:57.000Z,12,12,12,0,0,1,85.49788194444444
L2388:T2:I10821,2388,T2,2025-08-29T13:20:54.000Z,12,12,11,0,1,0.9166666666666666,91.55618055555556
L2388:T2:I10824,2388,T2,2025-09-02T18:15:42.000Z,12,12,11,0,1,0.9166666666666666,95.76090277777777
L2388:T2:I10820,2388,T2,2025-09-03T10:32:15.000Z,12,12,11,0,1,0.9166666666666666,96.4390625
L2389:T0,2389,T0,2025-03-07T00:00:00.000Z,22,7,7,15,0,0.3181818181818182,52
L2389:T1:I10825,2389,T1,2025-03-19T17:04:28.000Z,24,14,14,10,0,0.5833333333333334,64.71143518518518
L2390:T0,2390,T0,2025-10-13T00:00:00.000Z,57,56,49,1,7,0.8596491228070176,238
L2390:T1:I10826,2390,T1,2025-10-17T12:19:18.000Z,58,57,50,1,7,0.8620689655172413,242.51340277777777
L2391:T0,2391,T0,2025-04-11T00:00:00.000Z,25,14,13,11,1,0.52,93
L2391:T1:I10830,2391,T1,2025-04-11T13:20:11.000Z,26,15,14,11,1,0.5384615384615384,93.55568287037038
L2391:T2:I10829,2391,T2,2025-04-17T10:19:33.000Z,28,16,14,12,2,0.5,99.43024305555555
L2391:T2:I10828,2391,T2,2025-04-25T10:20:00.000Z,29,17,15,12,2,0.5172413793103449,107.43055555555556
L2391:T2:I10827,2391,T2,2025-04-25T10:28:00.000Z,29,18,16,11,2,0.5517241379310345,107.43611111111112
L2391:T2:I10832,2391,T2,2026-02-25T12:17:00.000Z,63,63,59,0,4,0.9365079365079365,198.51180555555555
L2391:T2:I10831,2391,T2,2026-02-28T11:28:00.000Z,64,64,60,0,4,0.9375,201.4777777777778
L2392:T0,2392,T0,2025-05-30T00:00:00.000Z,47,36,31,11,5,0.6595744680851063,124
L2392:T1:I10834,2392,T1,2025-05-31T16:04:16.000Z,48,36,31,12,5,0.6458333333333334,125.66962962962963
L2392:T2:I10838,2392,T2,2025-06-05T16:26:02.000Z,47,36,30,11,6,0.6382978723404256,117.68474537037036
L2392:T2:I10835,2392,T2,2025-06-06T13:47:23.000Z,48,37,32,11,5,0.6666666666666666,118.57457175925926
L2392:T2:I10839,2392,T2,2025-06-08T07:31:58.000Z,48,38,33,10,5,0.6875,120.31386574074074
L2392:T2:I10833,2392,T2,2025-11-25T07:30:00.000Z,70,69,64,1,5,0.9142857142857143,200.3125
L2392:T2:I10836,2392,T2,2026-04-09T18:57:00.000Z,86,86,85,0,1,0.9883720930232558,136.78958333333333
L2392:T2:I10837,2392,T2,2026-05-18T15:20:00.000Z,93,93,89,0,4,0.956989247311828,124.63888888888889
L2393:T0,2393,T0,2025-07-01T00:00:00.000Z,13,11,9,2,2,0.6923076923076923,127
L2393:T1:I10840,2393,T1,2025-07-13T18:58:10.000Z,15,13,12,2,1,0.8,139.79039351851853
L2394:T0,2394,T0,2025-09-20T00:00:00.000Z,42,42,35,0,7,0.8333333333333334,169
L2394:T1:I10844,2394,T1,2025-09-20T08:51:22.000Z,43,43,36,0,7,0.8372093023255814,169.36900462962964
L2394:T2:I10845,2394,T2,2025-09-21T08:03:38.000Z,43,43,36,0,7,0.8372093023255814,170.33585648148147
L2394:T2:I10842,2394,T2,2025-09-25T20:34:36.000Z,43,43,36,0,7,0.8372093023255814,174.85736111111112
L2394:T2:I10843,2394,T2,2025-10-01T07:29:16.000Z,43,43,35,0,8,0.813953488372093,180.31199074074075
L2394:T2:I10848,2394,T2,2025-10-01T14:54:00.000Z,43,43,35,0,8,0.813953488372093,180.62083333333334
L2394:T2:I10841,2394,T2,2026-01-11T12:23:00.000Z,54,54,52,0,2,0.9629629629629629,125.51597222222222
L2394:T2:I10846,2394,T2,2026-06-08T18:32:00.000Z,77,77,74,0,3,0.961038961038961,131.7722222222222
L2394:T2:I10847,2394,T2,2026-06-09T11:44:00.000Z,77,77,74,0,3,0.961038961038961,132.48888888888888
L2395:T0,2395,T0,2025-01-16T00:00:00.000Z,4,0,0,4,0,0,
L2395:T1:I10849,2395,T1,2025-08-17T16:06:00.000Z,11,11,10,0,1,0.9090909090909091,120.67083333333333
L2395:T2:I10851,2395,T2,2026-01-22T12:42:00.000Z,18,18,16,0,2,0.8888888888888888,108.52916666666667
L2395:T2:I10850,2395,T2,2026-05-30T13:01:00.000Z,21,21,21,0,0,1,79.5423611111111
L2396:T0,2396,T0,2025-01-19T00:00:00.000Z,14,0,0,14,0,0,
L2396:T1:I10852,2396,T1,2025-01-22T07:54:52.000Z,15,0,0,15,0,0,
L2396:T2:I10854,2396,T2,2025-04-22T12:58:00.000Z,19,12,12,7,0,0.631578947368421,78.54027777777777
L2396:T2:I10853,2396,T2,2025-09-14T09:48:00.000Z,25,24,18,1,6,0.72,199.40833333333333
L2397:T0,2397,T0,2026-06-15T00:00:00.000Z,17,17,15,0,2,0.8823529411764706,154
L2397:T1:I10860,2397,T1,2026-06-16T15:41:39.000Z,18,18,16,0,2,0.8888888888888888,155.6539236111111
L2397:T2:I10862,2397,T2,2026-06-16T18:16:04.000Z,17,17,15,0,2,0.8823529411764706,155.7611574074074
L2397:T2:I10857,2397,T2,2026-06-17T07:45:57.000Z,18,18,16,0,2,0.8888888888888888,156.32357638888888
L2397:T2:I10856,2397,T2,2026-06-17T08:32:07.000Z,18,18,16,0,2,0.8888888888888888,156.35563657407408
L2397:T2:I10855,2397,T2,2026-06-17T19:03:52.000Z,18,18,16,0,2,0.8888888888888888,156.79435185185184
L2397:T2:I10859,2397,T2,2026-06-27T18:24:33.000Z,18,18,15,0,3,0.8333333333333334,166.7670486111111
L2397:T2:I10858,2397,T2,2026-06-27T19:13:28.000Z,18,18,16,0,2,0.8888888888888888,166.80101851851853
L2397:T2:I10861,2397,T2,2026-06-27T20:38:21.000Z,18,18,16,0,2,0.8888888888888888,166.85996527777777
L2398:T0,2398,T0,2026-06-17T00:00:00.000Z,137,137,134,0,3,0.9781021897810219,133
L2398:T1:I10863,2398,T1,2026-06-19T12:23:02.000Z,137,137,135,0,2,0.9854014598540146,135.51599537037038
L2399:T0,2399,T0,2025-10-27T00:00:00.000Z,15,15,14,0,1,0.9333333333333333,117
L2399:T1:I10865,2399,T1,2025-10-27T13:01:50.000Z,16,16,15,0,1,0.9375,117.54293981481482
L2399:T2:I10864,2399,T2,2025-10-30T14:48:36.000Z,16,16,15,0,1,0.9375,120.61708333333333
L2399:T2:I10867,2399,T2,2025-11-01T19:28:33.000Z,15,15,14,0,1,0.9333333333333333,122.81149305555556
L2399:T2:I10866,2399,T2,2025-11-06T11:17:16.000Z,16,16,15,0,1,0.9375,127.47032407407407
L2400:T0,2400,T0,2025-02-19T00:00:00.000Z,19,5,5,14,0,0.2631578947368421,26
L2400:T1:I10871,2400,T1,2025-02-19T11:06:13.000Z,20,5,5,15,0,0.25,26.462650462962962
L2400:T2:I10872,2400,T2,2025-02-19T14:04:31.000Z,20,5,5,15,0,0.25,26.58646990740741
L2400:T2:I10870,2400,T2,2025-03-01T11:02:41.000Z,21,10,10,11,0,0.47619047619047616,26.460196759259258
L2400:T2:I10869,2400,T2,2025-04-27T15:14:00.000Z,25,18,18,7,0,0.72,83.63472222222222
L2400:T2:I10868,2400,T2,2025-12-18T20:49:00.000Z,48,48,45,0,3,0.9375,148.8673611111111
L2401:T0,2401,T0,2026-03-26T00:00:00.000Z,61,61,59,0,2,0.9672131147540983,150
L2401:T1:I10877,2401,T1,2026-03-26T14:48:06.000Z,62,62,59,0,3,0.9516129032258065,150.61673611111112
L2401:T2:I10879,2401,T2,2026-03-31T13:01:04.000Z,62,62,59,0,3,0.9516129032258065,155.5424074074074
L2401:T2:I10874,2401,T2,2026-04-01T15:18:37.000Z,62,62,60,0,2,0.967741935483871,156.63792824074073
L2401:T2:I10873,2401,T2,2026-04-05T20:15:15.000Z,63,63,60,0,3,0.9523809523809523,160.8439236111111
L2401:T2:I10876,2401,T2,2026-04-07T11:04:32.000Z,63,63,60,0,3,0.9523809523809523,162.46148148148148
L2401:T2:I10875,2401,T2,2026-04-28T12:21:00.000Z,63,63,60,0,3,0.9523809523809523,183.51458333333332
L2401:T2:I10878,2401,T2,2026-05-06T20:30:00.000Z,64,64,63,0,1,0.984375,191.85416666666666
L2402:T0,2402,T0,2026-04-02T00:00:00.000Z,53,53,53,0,0,1,75
L2402:T1:I10885,2402,T1,2026-04-04T14:39:32.000Z,54,54,54,0,0,1,77.61078703703704
L2402:T2:I10880,2402,T2,2026-04-05T10:36:31.000Z,53,53,53,0,0,1,77.44202546296296
L2402:T2:I10883,2402,T2,2026-04-09T17:11:50.000Z,54,54,54,0,0,1,85.71655092592593
L2402:T2:I10882,2402,T2,2026-04-10T10:59:03.000Z,54,54,54,0,0,1,82.4576736111111
L2402:T2:I10881,2402,T2,2026-04-13T15:11:54.000Z,54,54,54,0,0,1,85.63326388888889
L2402:T2:I10884,2402,T2,2026-06-02T16:24:00.000Z,57,57,55,0,2,0.9649122807017544,110.68333333333334
L2403:T0,2403,T0,2025-08-29T00:00:00.000Z,20,18,17,2,1,0.85,109
L2403:T1:I10892,2403,T1,2025-08-29T08:58:46.000Z,21,19,17,2,2,0.8095238095238095,109.37414351851852
L2403:T2:I10886,2403,T2,2025-08-30T18:29:06.000Z,21,19,18,2,1,0.8571428571428571,91.77020833333333
L2403:T2:I10891,2403,T2,2025-09-06T13:55:42.000Z,21,20,19,1,1,0.9047619047619048,98.58034722222222
L2403:T2:I10888,2403,T2,2025-09-07T08:51:00.000Z,21,20,19,1,1,0.9047619047619048,99.36875
L2403:T2:I10890,2403,T2,2025-09-08T09:27:17.000Z,21,20,19,1,1,0.9047619047619048,100.39394675925926
L2403:T2:I10889,2403,T2,2025-10-19T14:23:00.000Z,22,21,19,1,2,0.8636363636363636,122.59930555555556
L2403:T2:I10887,2403,T2,2026-05-09T17:41:00.000Z,27,27,27,0,0,1,48.736805555555556
L2404:T0,2404,T0,2025-02-28T00:00:00.000Z,18,7,7,11,0,0.3888888888888889,24
L2404:T1:I10895,2404,T1,2025-05-04T13:14:00.000Z,27,12,12,15,0,0.4444444444444444,70.5513888888889
L2404:T2:I10893,2404,T2,2025-10-25T11:23:00.000Z,38,38,35,0,3,0.9210526315789473,155.47430555555556
L2404:T2:I10897,2404,T2,2025-12-06T10:23:00.000Z,40,40,38,0,2,0.95,98.43263888888889
L2404:T2:I10896,2404,T2,2026-02-01T11:53:00.000Z,46,46,44,0,2,0.9565217391304348,101.49513888888889
L2404:T2:I10894,2404,T2,2026-05-02T08:29:00.000Z,57,57,55,0,2,0.9649122807017544,125.35347222222222
L2405:T0,2405,T0,2026-06-07T00:00:00.000Z,75,75,73,0,2,0.9733333333333334,173
L2405:T1:I10900,2405,T1,2026-06-11T15:45:41.000Z,76,76,75,0,1,0.9868421052631579,177.65672453703704
L2405:T2:I10898,2405,T2,2026-06-14T09:28:04.000Z,76,76,75,0,1,0.9868421052631579,180.39449074074074
L2405:T2:I10903,2405,T2,2026-06-17T15:31:33.000Z,77,77,76,0,1,0.987012987012987,183.64690972222223
L2405:T2:I10899,2405,T2,2026-06-17T17:05:12.000Z,77,77,76,0,1,0.987012987012987,183.71194444444444
L2405:T2:I10901,2405,T2,2026-06-19T07:28:37.000Z,77,77,76,0,1,0.987012987012987,185.31153935185185
L2405:T2:I10902,2405,T2,2026-06-19T16:24:19.000Z,77,77,76,0,1,0.987012987012987,185.68355324074074
L2406:T0,2406,T0,2026-05-18T00:00:00.000Z,22,22,22,0,0,1,70
L2406:T1:I10904,2406,T1,2026-05-19T08:12:24.000Z,23,23,23,0,0,1,71.34194444444445
L2406:T2:I10908,2406,T2,2026-05-20T15:36:00.000Z,23,23,23,0,0,1,68.65
L2406:T2:I10910,2406,T2,2026-05-21T11:29:49.000Z,23,23,23,0,0,1,69.47903935185185
L2406:T2:I10906,2406,T2,2026-05-22T10:25:01.000Z,23,23,23,0,0,1,70.43403935185185
L2406:T2:I10907,2406,T2,2026-05-26T17:31:22.000Z,23,23,23,0,0,1,74.73011574074074
L2406:T2:I10911,2406,T2,2026-05-26T19:50:14.000Z,23,23,23,0,0,1,74.82655092592593
L2406:T2:I10905,2406,T2,2026-05-27T11:19:09.000Z,22,22,22,0,0,1,75.47163194444444
L2406:T2:I10909,2406,T2,2026-05-27T13:37:17.000Z,22,22,22,0,0,1,75.56755787037036
L2407:T0,2407,T0,2025-08-20T00:00:00.000Z,15,15,14,0,1,0.9333333333333333,174
L2407:T1:I10914,2407,T1,2025-08-20T19:02:47.000Z,15,15,14,0,1,0.9333333333333333,174.79359953703704
L2407:T2:I10915,2407,T2,2025-08-26T07:56:54.000Z,16,16,13,0,3,0.8125,180.33118055555556
L2407:T2:I10913,2407,T2,2025-11-17T16:57:00.000Z,20,20,19,0,1,0.95,116.70625
L2407:T2:I10916,2407,T2,2026-01-06T10:14:00.000Z,21,21,19,0,2,0.9047619047619048,129.42638888888888
L2407:T2:I10918,2407,T2,2026-01-17T07:21:00.000Z,22,22,21,0,1,0.9545454545454546,140.30625
L2407:T2:I10912,2407,T2,2026-02-09T11:59:00.000Z,23,23,23,0,0,1,85.49930555555555
L2407:T2:I10917,2407,T2,2026-06-26T08:09:00.000Z,25,25,25,0,0,1,66.33958333333334
L2408:T0,2408,T0,2025-08-08T00:00:00.000Z,14,10,10,4,0,0.7142857142857143,63
L2408:T1:I10919,2408,T1,2025-08-13T11:49:45.000Z,15,12,12,3,0,0.8,68.49288194444445
L2408:T2:I10924,2408,T2,2025-08-13T18:22:37.000Z,15,12,12,3,0,0.8,78.76570601851851
L2408:T2:I10920,2408,T2,2025-08-17T20:35:07.000Z,15,12,12,3,0,0.8,80.85771990740741
L2408:T2:I10925,2408,T2,2025-08-27T08:44:00.000Z,15,12,12,3,0,0.8,67.3638888888889
L2408:T2:I10923,2408,T2,2026-04-09T16:57:00.000Z,18,18,18,0,0,1,63.70625
L2408:T2:I10922,2408,T2,2026-05-01T20:11:00.000Z,20,20,20,0,0,1,75.84097222222222
L2408:T2:I10921,2408,T2,2026-05-18T19:45:00.000Z,20,20,20,0,0,1,63.822916666666664
L2409:T0,2409,T0,2025-08-06T00:00:00.000Z,23,23,21,0,2,0.9130434782608695,185
L2409:T1:I10926,2409,T1,2025-08-08T14:20:02.000Z,24,24,21,0,3,0.875,187.59724537037036
L2410:T0,2410,T0,2025-10-30T00:00:00.000Z,52,52,44,0,8,0.8461538461538461,260
L2410:T1:I10927,2410,T1,2025-11-03T07:47:15.000Z,53,53,46,0,7,0.8679245283018868,264.32447916666666
L2410:T2:I10931,2410,T2,2025-11-10T13:54:52.000Z,54,54,46,0,8,0.8518518518518519,271.5797685185185
L2410:T2:I10928,2410,T2,2025-11-10T14:45:08.000Z,54,54,46,0,8,0.8518518518518519,271.61467592592595
L2410:T2:I10930,2410,T2,2025-11-18T19:58:00.000Z,54,54,48,0,6,0.8888888888888888,212.83194444444445
L2410:T2:I10929,2410,T2,2026-02-26T08:42:00.000Z,61,61,58,0,3,0.9508196721311475,263.3625
L2411:T0,2411,T0,2026-02-02T00:00:00.000Z,29,29,26,0,3,0.896551724137931,112
L2411:T1:I10933,2411,T1,2026-02-02T16:24:02.000Z,30,30,27,0,3,0.9,112.68335648148148
L2411:T2:I10932,2411,T2,2026-02-06T07:43:32.000Z,30,30,27,0,3,0.9,116.32189814814815
L2411:T2:I10935,2411,T2,2026-02-09T14:22:03.000Z,30,30,28,0,2,0.9333333333333333,116.59864583333334
L2411:T2:I10938,2411,T2,2026-02-09T20:54:41.000Z,30,30,28,0,2,0.9333333333333333,116.87130787037037
L2411:T2:I10937,2411,T2,2026-02-10T09:49:48.000Z,30,30,28,0,2,0.9333333333333333,117.40958333333333
L2411:T2:I10934,2411,T2,2026-02-14T12:37:36.000Z,30,30,29,0,1,0.9666666666666667,121.5261111111111
L2411:T2:I10936,2411,T2,2026-04-20T16:07:00.000Z,35,35,34,0,1,0.9714285714285714,120.67152777777778
L2412:T0,2412,T0,2025-10-03T00:00:00.000Z,57,56,51,1,5,0.8947368421052632,228
L2412:T1:I10939,2412,T1,2025-10-03T15:04:17.000Z,57,56,51,1,5,0.8947368421052632,228.62797453703703
L2412:T2:I10942,2412,T2,2025-10-05T14:48:10.000Z,58,57,52,1,5,0.896551724137931,230.6167824074074
L2412:T2:I10941,2412,T2,2025-10-05T19:00:28.000Z,58,57,52,1,5,0.896551724137931,230.79199074074074
L2412:T2:I10940,2412,T2,2025-10-10T12:50:51.000Z,58,57,49,1,8,0.8448275862068966,235.5353125
L2412:T2:I10943,2412,T2,2025-10-15T10:33:50.000Z,58,57,50,1,7,0.8620689655172413,240.44016203703703
L2413:T0,2413,T0,2025-11-04T00:00:00.000Z,35,33,30,2,3,0.8571428571428571,134
L2413:T1:I10945,2413,T1,2025-11-06T15:30:48.000Z,36,34,31,2,3,0.8611111111111112,136.64638888888888
L2413:T2:I10948,2413,T2,2025-11-10T11:52:36.000Z,36,35,33,1,2,0.9166666666666666,140.4948611111111
L2413:T2:I10946,2413,T2,2025-11-16T14:05:53.000Z,35,34,32,1,2,0.9142857142857143,146.58741898148148
L2413:T2:I10947,2413,T2,2026-03-29T09:30:00.000Z,48,48,46,0,2,0.9583333333333334,102.39583333333333
L2413:T2:I10944,2413,T2,2026-04-23T18:18:00.000Z,52,52,52,0,0,1,79.7625
L2414:T0,2414,T0,2025-11-10T00:00:00.000Z,31,31,28,0,3,0.9032258064516129,149
L2414:T1:I10951,2414,T1,2025-11-11T14:46:20.000Z,32,32,29,0,3,0.90625,150.61550925925926
L2414:T2:I10950,2414,T2,2025-11-13T20:02:09.000Z,32,32,29,0,3,0.90625,152.8348263888889
L2414:T2:I10949,2414,T2,2025-11-23T10:21:15.000Z,32,32,29,0,3,0.90625,162.43142361111111
L2415:T0,2415,T0,2025-06-17T00:00:00.000Z,21,15,13,6,2,0.6190476190476191,129
L2415:T1:I10955,2415,T1,2025-06-18T19:46:20.000Z,22,16,14,6,2,0.6363636363636364,130.8238425925926
L2415:T2:I10952,2415,T2,2025-06-22T14:02:46.000Z,22,16,13,6,3,0.5909090909090909,134.58525462962962
L2415:T2:I10957,2415,T2,2025-06-23T07:40:25.000Z,23,17,15,6,2,0.6521739130434783,135.3197337962963
L2415:T2:I10954,2415,T2,2025-06-23T16:51:14.000Z,23,17,15,6,2,0.6521739130434783,135.70224537037038
L2415:T2:I10956,2415,T2,2025-10-14T07:50:00.000Z,25,23,21,2,2,0.84,115.32638888888889
L2415:T2:I10953,2415,T2,2026-02-15T08:28:00.000Z,30,30,29,0,1,0.9666666666666667,122.35277777777777
L2416:T0,2416,T0,2025-12-04T00:00:00.000Z,46,46,43,0,3,0.9347826086956522,209
L2416:T1:I10960,2416,T1,2025-12-05T17:27:26.000Z,47,47,44,0,3,0.9361702127659575,210.72738425925925
L2416:T2:I10962,2416,T2,2025-12-06T08:55:42.000Z,46,46,43,0,3,0.9347826086956522,211.3720138888889
L2416:T2:I10961,2416,T2,2025-12-08T16:20:14.000Z,47,47,44,0,3,0.9361702127659575,213.6807175925926
L2416:T2:I10959,2416,T2,2025-12-11T18:38:10.000Z,47,47,43,0,4,0.9148936170212766,216.77650462962964
L2416:T2:I10958,2416,T2,2025-12-16T07:28:20.000Z,47,47,44,0,3,0.9361702127659575,221.31134259259258
L2416:T2:I10963,2416,T2,2025-12-16T16:39:43.000Z,46,46,43,0,3,0.9347826086956522,221.6942476851852
L2417:T0,2417,T0,2025-01-01T00:00:00.000Z,25,0,0,25,0,0,
L2417:T1:I10964,2417,T1,2025-01-25T12:25:00.000Z,28,1,1,27,0,0.03571428571428571,3.517361111111111
L2417:T2:I10965,2417,T2,2025-09-14T07:47:00.000Z,54,53,46,1,7,0.8518518518518519,167.32430555555555
L2418:T0,2418,T0,2025-08-01T00:00:00.000Z,12,11,10,1,1,0.8333333333333334,93
L2418:T1:I10970,2418,T1,2025-08-08T18:18:18.000Z,14,13,12,1,1,0.8571428571428571,100.76270833333334
L2418:T2:I10969,2418,T2,2025-08-12T16:45:27.000Z,14,13,11,1,2,0.7857142857142857,104.69822916666666
L2418:T2:I10971,2418,T2,2025-10-26T09:24:00.000Z,21,21,21,0,0,1,84.39166666666667
L2418:T2:I10966,2418,T2,2026-02-25T17:05:00.000Z,24,24,23,0,1,0.9583333333333334,97.71180555555556
L2418:T2:I10967,2418,T2,2026-03-10T08:59:00.000Z,25,25,25,0,0,1,84.37430555555555
L2418:T2:I10968,2418,T2,2026-06-05T15:38:00.000Z,31,31,29,0,2,0.9354838709677419,128.6513888888889
L2419:T0,2419,T0,2025-03-09T00:00:00.000Z,15,6,6,9,0,0.4,22
L2419:T1:I10974,2419,T1,2025-03-11T11:33:18.000Z,16,6,6,10,0,0.375,24.481458333333332
L2419:T2:I10976,2419,T2,2025-03-12T10:57:41.000Z,16,6,6,10,0,0.375,25.456724537037037
L2419:T2:I10977,2419,T2,2025-03-14T11:09:13.000Z,16,6,6,10,0,0.375,27.464733796296297
L2419:T2:I10975,2419,T2,2025-03-21T08:42:21.000Z,16,6,6,10,0,0.375,34.362743055555555
L2419:T2:I10972,2419,T2,2025-10-17T19:57:00.000Z,28,28,26,0,2,0.9285714285714286,128.83125
L2419:T2:I10973,2419,T2,2026-06-29T20:35:00.000Z,43,43,43,0,0,1,80.85763888888889
L2420:T0,2420,T0,2025-06-23T00:00:00.000Z,20,16,15,4,1,0.75,169
L2420:T1:I10979,2420,T1,2025-06-26T20:48:42.000Z,21,18,17,3,1,0.8095238095238095,172.8671527777778
L2420:T2:I10980,2420,T2,2025-09-13T12:22:00.000Z,23,23,21,0,2,0.9130434782608695,124.51527777777778
L2420:T2:I10981,2420,T2,2025-12-10T07:14:00.000Z,32,32,27,0,5,0.84375,168.30138888888888
L2420:T2:I10978,2420,T2,2026-05-31T12:12:00.000Z,38,38,37,0,1,0.9736842105263158,133.50833333333333
L2421:T0,2421,T0,2025-05-23T00:00:00.000Z,21,20,17,1,3,0.8095238095238095,108
L2421:T1:I10985,2421,T1,2025-05-25T16:43:22.000Z,21,20,17,1,3,0.8095238095238095,110.69678240740741
L2421:T2:I10987,2421,T2,2025-05-26T09:04:11.000Z,22,21,18,1,3,0.8181818181818182,111.3779050925926
L2421:T2:I10983,2421,T2,2025-06-01T19:17:41.000Z,21,20,17,1,3,0.8095238095238095,117.80394675925926
L2421:T2:I10982,2421,T2,2025-09-13T15:25:00.000Z,28,28,24,0,4,0.8571428571428571,131.64236111111111
L2421:T2:I10984,2421,T2,2025-09-13T17:19:00.000Z,28,28,24,0,4,0.8571428571428571,131.72152777777777
L2421:T2:I10986,2421,T2,2026-03-20T09:35:00.000Z,44,44,41,0,3,0.9318181818181818,144.39930555555554
L2422:T0,2422,T0,2025-01-03T00:00:00.000Z,13,0,0,13,0,0,
L2422:T1:I10988,2422,T1,2025-03-05T12:19:00.000Z,23,7,7,16,0,0.30434782608695654,50.513194444444444
L2422:T2:I10990,2422,T2,2025-03-27T09:43:00.000Z,24,14,14,10,0,0.5833333333333334,72.40486111111112
L2422:T2:I10991,2422,T2,2025-10-19T09:18:00.000Z,42,42,36,0,6,0.8571428571428571,142.3875
L2422:T2:I10989,2422,T2,2026-02-25T17:25:00.000Z,58,58,56,0,2,0.9655172413793104,121.72569444444444
L2423:T0,2423,T0,2025-02-28T00:00:00.000Z,13,6,6,7,0,0.46153846153846156,40
L2423:T1:I10993,2423,T1,2025-06-14T11:13:00.000Z,20,18,14,2,4,0.7,139.4673611111111
L2423:T2:I10992,2423,T2,2026-03-18T12:01:00.000Z,33,33,32,0,1,0.9696969696969697,93.50069444444445
L2423:T2:I10994,2423,T2,2026-06-01T12:02:00.000Z,38,38,38,0,0,1,82.50138888888888
L2424:T0,2424,T0,2026-04-15T00:00:00.000Z,25,25,25,0,0,1,67
L2424:T1:I11000,2424,T1,2026-04-16T19:17:16.000Z,26,26,26,0,0,1,70.80365740740741
L2424:T2:I10999,2424,T2,2026-04-19T16:22:30.000Z,26,26,26,0,0,1,71.68229166666667
L2424:T2:I11001,2424,T2,2026-04-20T09:23:24.000Z,26,26,26,0,0,1,72.39125
L2424:T2:I10998,2424,T2,2026-04-20T13:40:56.000Z,26,26,26,0,0,1,72.57009259259259
L2424:T2:I11002,2424,T2,2026-04-23T08:55:49.000Z,26,26,26,0,0,1,75.3720949074074
L2424:T2:I10995,2424,T2,2026-04-24T12:52:21.000Z,26,26,26,0,0,1,76.53635416666667
L2424:T2:I10996,2424,T2,2026-04-25T12:51:00.000Z,26,26,26,0,0,1,77.53541666666666
L2424:T2:I10997,2424,T2,2026-05-24T18:02:00.000Z,27,27,27,0,0,1,58.75138888888889
L2425:T0,2425,T0,2025-10-10T00:00:00.000Z,35,34,30,1,4,0.8571428571428571,133
L2425:T1:I11005,2425,T1,2025-10-13T19:14:08.000Z,36,35,30,1,5,0.8333333333333334,136.8014814814815
L2425:T2:I11007,2425,T2,2025-10-16T13:44:42.000Z,35,34,29,1,5,0.8285714285714286,139.57270833333334
L2425:T2:I11003,2425,T2,2025-10-22T16:29:35.000Z,36,35,31,1,4,0.8611111111111112,145.68721064814815
L2425:T2:I11006,2425,T2,2026-01-01T09:21:00.000Z,39,39,37,0,2,0.9487179487179487,174.38958333333332
L2425:T2:I11008,2425,T2,2026-01-28T12:25:00.000Z,42,42,41,0,1,0.9761904761904762,128.51736111111111
L2425:T2:I11004,2425,T2,2026-04-07T10:20:00.000Z,47,47,47,0,0,1,80.43055555555556
L2426:T0,2426,T0,2026-01-23T00:00:00.000Z,43,43,40,0,3,0.9302325581395349,159
L2426:T1:I11010,2426,T1,2026-01-23T14:31:40.000Z,44,44,40,0,4,0.9090909090909091,159.60532407407408
L2426:T2:I11015,2426,T2,2026-01-24T12:42:02.000Z,43,43,40,0,3,0.9302325581395349,160.52918981481483
L2426:T2:I11009,2426,T2,2026-01-25T16:41:02.000Z,44,44,40,0,4,0.9090909090909091,161.69516203703705
L2426:T2:I11016,2426,T2,2026-01-27T07:14:59.000Z,44,44,42,0,2,0.9545454545454546,149.30207175925926
L2426:T2:I11013,2426,T2,2026-01-30T13:37:30.000Z,45,45,43,0,2,0.9555555555555556,152.56770833333334
L2426:T2:I11014,2426,T2,2026-01-31T16:47:13.000Z,45,45,43,0,2,0.9555555555555556,153.69945601851853
L2426:T2:I11011,2426,T2,2026-02-01T11:16:00.000Z,45,45,43,0,2,0.9555555555555556,154.46944444444443
L2426:T2:I11012,2426,T2,2026-02-05T11:04:10.000Z,46,46,44,0,2,0.9565217391304348,158.46122685185185
L2427:T0,2427,T0,2025-07-04T00:00:00.000Z,51,44,42,7,2,0.8235294117647058,160
L2427:T1:I11017,2427,T1,2025-07-06T17:08:14.000Z,53,46,43,7,3,0.8113207547169812,162.71405092592593
L2427:T2:I11022,2427,T2,2025-07-16T15:35:09.000Z,53,50,46,3,4,0.8679245283018868,172.64940972222223
L2427:T2:I11018,2427,T2,2025-07-17T07:59:21.000Z,52,50,46,2,4,0.8846153846153846,173.33288194444444
L2427:T2:I11021,2427,T2,2025-07-17T10:49:00.000Z,53,51,47,2,4,0.8867924528301887,173.45069444444445
L2427:T2:I11019,2427,T2,2025-07-17T17:49:24.000Z,53,50,46,3,4,0.8679245283018868,173.74263888888888
L2427:T2:I11020,2427,T2,2026-02-10T08:31:00.000Z,76,76,68,0,8,0.8947368421052632,171.35486111111112
L2428:T0,2428,T0,2025-02-06T00:00:00.000Z,26,6,6,20,0,0.23076923076923078,13
L2428:T1:I11023,2428,T1,2025-12-06T11:15:00.000Z,67,67,63,0,4,0.9402985074626866,139.46875
L2429:T0,2429,T0,2026-01-16T00:00:00.000Z,37,37,33,0,4,0.8918918918918919,118
L2429:T1:I11026,2429,T1,2026-01-17T14:24:47.000Z,39,39,35,0,4,0.8974358974358975,119.60054398148148
L2429:T2:I11028,2429,T2,2026-01-22T09:46:32.000Z,39,39,35,0,4,0.8974358974358975,119.40731481481481
L2429:T2:I11024,2429,T2,2026-01-23T14:29:12.000Z,41,41,37,0,4,0.9024390243902439,120.6036111111111
L2429:T2:I11025,2429,T2,2026-01-24T10:48:29.000Z,41,41,37,0,4,0.9024390243902439,121.45033564814815
L2429:T2:I11027,2429,T2,2026-01-27T07:24:48.000Z,41,41,37,0,4,0.9024390243902439,124.30888888888889
L2430:T0,2430,T0,2025-08-22T00:00:00.000Z,31,29,27,2,2,0.8709677419354839,136
L2430:T1:I11029,2430,T1,2025-08-28T11:19:57.000Z,32,30,28,2,2,0.875,142.4721875
L2430:T2:I11030,2430,T2,2026-02-01T17:50:00.000Z,39,39,36,0,3,0.9230769230769231,103.74305555555556
L2430:T2:I11031,2430,T2,2026-04-05T09:18:00.000Z,44,44,42,0,2,0.9545454545454546,160.3875
L2431:T0,2431,T0,2025-09-17T00:00:00.000Z,14,12,10,2,2,0.7142857142857143,128
L2431:T1:I11032,2431,T1,2025-09-30T18:06:01.000Z,16,14,13,2,1,0.8125,119.75417824074074
L2431:T2:I11033,2431,T2,2026-02-19T10:11:00.000Z,25,25,23,0,2,0.92,216.42430555555555
L2432:T0,2432,T0,2025-02-27T00:00:00.000Z,45,16,16,29,0,0.35555555555555557,31
L2432:T1:I11037,2432,T1,2025-06-01T15:18:00.000Z,67,50,43,17,7,0.6417910447761194,120.6375
L2432:T2:I11036,2432,T2,2025-09-12T11:27:00.000Z,92,89,79,3,10,0.8586956521739131,223.47708333333333
L2432:T2:I11038,2432,T2,2026-04-23T11:20:00.000Z,145,145,142,0,3,0.9793103448275862,149.47222222222223
L2432:T2:I11034,2432,T2,2026-05-02T09:06:00.000Z,149,149,146,0,3,0.9798657718120806,158.37916666666666
L2432:T2:I11035,2432,T2,2026-05-21T17:52:00.000Z,150,150,147,0,3,0.98,93.74444444444444
L2433:T0,2433,T0,2025-04-26T00:00:00.000Z,17,13,13,4,0,0.7647058823529411,75
L2433:T1:I11042,2433,T1,2025-05-07T18:44:00.000Z,19,14,14,5,0,0.7368421052631579,86.78055555555555
L2433:T2:I11041,2433,T2,2025-05-08T07:13:23.000Z,19,15,15,4,0,0.7894736842105263,87.30096064814815
L2433:T2:I11043,2433,T2,2025-05-09T15:36:00.000Z,19,14,14,5,0,0.7368421052631579,88.65
L2433:T2:I11045,2433,T2,2025-06-21T12:37:00.000Z,21,18,16,3,2,0.7619047619047619,131.52569444444444
L2433:T2:I11044,2433,T2,2025-11-29T12:10:00.000Z,33,33,31,0,2,0.9393939393939394,168.50694444444446
L2433:T2:I11040,2433,T2,2026-02-20T20:53:00.000Z,39,39,36,0,3,0.9230769230769231,137.8701388888889
L2433:T2:I11039,2433,T2,2026-03-21T15:32:00.000Z,43,43,42,0,1,0.9767441860465116,98.64722222222223
L2434:T0,2434,T0,2025-11-14T00:00:00.000Z,43,42,36,1,6,0.8372093023255814,185
L2434:T1:I11046,2434,T1,2025-11-24T10:47:12.000Z,45,44,39,1,5,0.8666666666666667,195.44944444444445
L2435:T0,2435,T0,2025-08-28T00:00:00.000Z,25,24,24,1,0,0.96,85
L2435:T1:I11050,2435,T1,2025-09-03T13:05:54.000Z,27,26,26,1,0,0.9629629629629629,88.54576388888889
L2435:T2:I11048,2435,T2,2025-09-07T20:36:26.000Z,26,25,24,1,1,0.9230769230769231,92.85863425925926
L2435:T2:I11051,2435,T2,2025-09-10T15:23:36.000Z,27,26,24,1,2,0.8888888888888888,106.64138888888888
L2435:T2:I11047,2435,T2,2026-01-01T16:47:00.000Z,29,29,28,0,1,0.9655172413793104,117.69930555555555
L2435:T2:I11049,2435,T2,2026-02-14T10:50:00.000Z,33,33,31,0,2,0.9393939393939394,116.45138888888889
L2436:T0,2436,T0,2025-11-28T00:00:00.000Z,25,25,25,0,0,1,80
L2436:T1:I11052,2436,T1,2025-11-28T13:21:07.000Z,26,26,26,0,0,1,80.55633101851852
L2436:T2:I11054,2436,T2,2025-11-29T07:06:46.000Z,25,25,25,0,0,1,81.29636574074074
L2436:T2:I11056,2436,T2,2025-12-01T10:04:29.000Z,26,26,25,0,1,0.9615384615384616,92.41978009259259
L2436:T2:I11053,2436,T2,2025-12-06T09:07:38.000Z,26,26,26,0,0,1,71.38030092592592
L2436:T2:I11058,2436,T2,2025-12-07T20:46:04.000Z,26,26,26,0,0,1,68.86532407407407
L2436:T2:I11055,2436,T2,2025-12-11T18:24:03.000Z,26,26,26,0,0,1,72.76670138888889
L2436:T2:I11057,2436,T2,2026-03-28T10:15:00.000Z,27,27,26,0,1,0.9629629629629629,113.42708333333333
L2437:T0,2437,T0,2026-02-02T00:00:00.000Z,88,88,83,0,5,0.9431818181818182,163
L2437:T1:I11061,2437,T1,2026-02-03T11:41:20.000Z,89,89,83,0,6,0.9325842696629213,164.48703703703703
L2437:T2:I11066,2437,T2,2026-02-03T15:47:36.000Z,89,89,83,0,6,0.9325842696629213,164.65805555555556
L2437:T2:I11065,2437,T2,2026-02-05T19:06:10.000Z,90,90,83,0,7,0.9222222222222223,166.7959490740741
L2437:T2:I11064,2437,T2,2026-02-06T11:20:42.000Z,91,91,84,0,7,0.9230769230769231,167.47270833333334
L2437:T2:I11062,2437,T2,2026-02-06T18:46:23.000Z,90,90,83,0,7,0.9222222222222223,167.78221064814815
L2437:T2:I11060,2437,T2,2026-02-11T20:40:25.000Z,92,92,86,0,6,0.9347826086956522,172.86140046296296
L2437:T2:I11063,2437,T2,2026-02-15T07:25:57.000Z,92,92,86,0,6,0.9347826086956522,176.3096875
L2437:T2:I11059,2437,T2,2026-02-15T10:27:11.000Z,93,93,87,0,6,0.9354838709677419,176.4355439814815
L2438:T0,2438,T0,2025-10-01T00:00:00.000Z,27,26,21,1,5,0.7777777777777778,176
L2438:T1:I11067,2438,T1,2025-10-13T14:26:24.000Z,28,27,23,1,4,0.8214285714285714,129.60166666666666
L2439:T0,2439,T0,2025-10-12T00:00:00.000Z,81,81,73,0,8,0.9012345679012346,253
L2439:T1:I11069,2439,T1,2025-10-14T20:37:56.000Z,82,82,74,0,8,0.9024390243902439,255.85967592592593
L2439:T2:I11071,2439,T2,2025-10-16T19:40:32.000Z,82,82,74,0,8,0.9024390243902439,257.81981481481483
L2439:T2:I11074,2439,T2,2025-10-20T09:55:20.000Z,85,84,76,1,8,0.8941176470588236,155.41342592592594
L2439:T2:I11073,2439,T2,2025-10-22T16:21:31.000Z,85,84,76,1,8,0.8941176470588236,157.6816087962963
L2439:T2:I11070,2439,T2,2025-11-20T07:55:00.000Z,89,88,79,1,9,0.8876404494382022,172.32986111111111
L2439:T2:I11072,2439,T2,2026-01-12T14:14:00.000Z,101,100,90,1,10,0.8910891089108911,149.59305555555557
L2439:T2:I11068,2439,T2,2026-02-06T14:29:00.000Z,103,102,93,1,9,0.9029126213592233,155.60347222222222
L2440:T0,2440,T0,2025-09-19T00:00:00.000Z,12,11,9,1,2,0.75,113
L2440:T1:I11076,2440,T1,2025-09-27T14:31:06.000Z,13,12,9,1,3,0.6923076923076923,121.60493055555555
L2440:T2:I11075,2440,T2,2025-09-30T08:31:05.000Z,13,12,9,1,3,0.6923076923076923,124.35491898148148
L2440:T2:I11077,2440,T2,2025-12-26T17:07:00.000Z,15,14,14,1,0,0.9333333333333333,79.71319444444444
L2441:T0,2441,T0,2025-08-21T00:00:00.000Z,12,12,10,0,2,0.8333333333333334,106
L2441:T1:I11079,2441,T1,2025-08-28T19:39:13.000Z,15,15,13,0,2,0.8666666666666667,113.81890046296296
L2441:T2:I11081,2441,T2,2025-08-29T16:09:39.000Z,15,15,13,0,2,0.8666666666666667,114.67336805555556
L2441:T2:I11078,2441,T2,2025-09-01T14:47:21.000Z,15,15,13,0,2,0.8666666666666667,117.61621527777778
L2441:T2:I11080,2441,T2,2025-09-02T16:09:59.000Z,15,15,13,0,2,0.8666666666666667,118.67359953703703
L2442:T0,2442,T0,2025-12-23T00:00:00.000Z,36,36,36,0,0,1,60
L2442:T1:I11083,2442,T1,2025-12-23T15:24:54.000Z,37,37,37,0,0,1,60.642291666666665
L2442:T2:I11082,2442,T2,2025-12-26T13:03:40.000Z,39,39,39,0,0,1,63.544212962962966
L2443:T0,2443,T0,2025-07-16T00:00:00.000Z,33,23,21,10,2,0.6363636363636364,129
L2443:T1:I11088,2443,T1,2025-07-16T17:54:00.000Z,34,24,22,10,2,0.6470588235294118,129.74583333333334
L2443:T2:I11084,2443,T2,2025-07-23T10:30:54.000Z,35,26,24,9,2,0.6857142857142857,136.438125
L2443:T2:I11090,2443,T2,2025-07-26T15:03:00.000Z,36,28,26,8,2,0.7222222222222222,139.62708333333333
L2443:T2:I11087,2443,T2,2025-09-28T20:49:00.000Z,40,38,36,2,2,0.9,143.8673611111111
L2443:T2:I11089,2443,T2,2025-11-22T18:33:00.000Z,41,41,39,0,2,0.9512195121951219,143.77291666666667
L2443:T2:I11085,2443,T2,2026-02-27T09:21:00.000Z,46,46,45,0,1,0.9782608695652174,114.38958333333333
L2443:T2:I11091,2443,T2,2026-04-28T10:03:00.000Z,50,50,47,0,3,0.94,97.41875
L2443:T2:I11086,2443,T2,2026-06-08T16:17:00.000Z,54,54,51,0,3,0.9444444444444444,137.6784722222222
L2444:T0,2444,T0,2025-08-18T00:00:00.000Z,47,41,38,6,3,0.8085106382978723,111
L2444:T1:I11092,2444,T1,2025-12-24T13:20:00.000Z,57,57,51,0,6,0.8947368421052632,175.55555555555554
L2444:T2:I11093,2444,T2,2026-06-02T10:53:00.000Z,73,73,69,0,4,0.9452054794520548,132.45347222222222
L2445:T0,2445,T0,2026-01-14T00:00:00.000Z,74,74,68,0,6,0.918918918918919,220
L2445:T1:I11098,2445,T1,2026-01-15T13:28:37.000Z,75,75,69,0,6,0.92,221.56153935185185
L2445:T2:I11095,2445,T2,2026-01-15T16:27:14.000Z,75,75,69,0,6,0.92,221.6855787037037
L2445:T2:I11100,2445,T2,2026-01-22T12:19:52.000Z,76,76,72,0,4,0.9473684210526315,228.5137962962963
L2445:T2:I11094,2445,T2,2026-01-25T13:42:19.000Z,77,77,74,0,3,0.961038961038961,231.57105324074075
L2445:T2:I11097,2445,T2,2026-01-25T16:19:40.000Z,76,76,73,0,3,0.9605263157894737,231.68032407407406
L2445:T2:I11096,2445,T2,2026-01-26T15:27:56.000Z,77,77,74,0,3,0.961038961038961,232.64439814814816
L2445:T2:I11099,2445,T2,2026-03-07T13:59:00.000Z,84,84,83,0,1,0.9880952380952381,149.58263888888888
L2446:T0,2446,T0,2026-05-07T00:00:00.000Z,106,106,104,0,2,0.9811320754716981,224
L2446:T1:I11104,2446,T1,2026-05-09T15:24:38.000Z,107,107,105,0,2,0.9813084112149533,226.64210648148148
L2446:T2:I11105,2446,T2,2026-05-11T18:37:31.000Z,106,106,104,0,2,0.9811320754716981,228.77605324074074
L2446:T2:I11103,2446,T2,2026-05-13T13:50:55.000Z,108,108,105,0,3,0.9722222222222222,230.57702546296295
L2446:T2:I11101,2446,T2,2026-05-17T20:48:49.000Z,108,108,105,0,3,0.9722222222222222,234.8672337962963
L2446:T2:I11102,2446,T2,2026-05-19T15:22:28.000Z,108,108,106,0,2,0.9814814814814815,236.64060185185184
L2447:T0,2447,T0,2026-01-26T00:00:00.000Z,88,88,85,0,3,0.9659090909090909,156
L2447:T1:I11107,2447,T1,2026-01-31T10:11:23.000Z,89,89,85,0,4,0.9550561797752809,161.42457175925927
L2447:T2:I11109,2447,T2,2026-02-03T18:26:31.000Z,89,89,83,0,6,0.9325842696629213,164.76841435185185
L2447:T2:I11106,2447,T2,2026-02-04T09:03:22.000Z,90,90,84,0,6,0.9333333333333333,165.37733796296297
L2447:T2:I11111,2447,T2,2026-02-05T11:11:39.000Z,90,90,83,0,7,0.9222222222222223,166.4664236111111
L2447:T2:I11108,2447,T2,2026-02-08T18:15:52.000Z,91,91,85,0,6,0.9340659340659341,169.7610185185185
L2447:T2:I11110,2447,T2,2026-05-11T17:20:00.000Z,107,107,105,0,2,0.9813084112149533,228.72222222222223
L2448:T0,2448,T0,2025-11-20T00:00:00.000Z,105,105,101,0,4,0.9619047619047619,142
L2448:T1:I11113,2448,T1,2025-11-21T14:59:46.000Z,106,106,101,0,5,0.9528301886792453,143.62483796296297
L2448:T2:I11114,2448,T2,2025-11-22T08:38:50.000Z,106,106,101,0,5,0.9528301886792453,144.3603009259259
L2448:T2:I11115,2448,T2,2025-11-29T11:56:27.000Z,108,108,103,0,5,0.9537037037037037,151.4975347222222
L2448:T2:I11112,2448,T2,2025-11-29T14:02:03.000Z,108,108,103,0,5,0.9537037037037037,151.58475694444445
L2448:T2:I11116,2448,T2,2025-12-03T18:11:46.000Z,108,108,103,0,5,0.9537037037037037,155.7581712962963
L2448:T2:I11117,2448,T2,2026-03-04T20:49:00.000Z,129,129,120,0,9,0.9302325581395349,193.8673611111111
L2449:T0,2449,T0,2025-12-10T00:00:00.000Z,25,25,22,0,3,0.88,121
L2449:T1:I11120,2449,T1,2025-12-13T10:42:55.000Z,26,26,21,0,5,0.8076923076923077,124.4464699074074
L2449:T2:I11119,2449,T2,2026-02-25T15:23:00.000Z,30,30,27,0,3,0.9,136.64097222222222
L2449:T2:I11118,2449,T2,2026-05-04T12:39:00.000Z,34,34,32,0,2,0.9411764705882353,168.52708333333334
L2450:T0,2450,T0,2025-03-06T00:00:00.000Z,27,16,16,11,0,0.5925925925925926,57
L2450:T1:I11123,2450,T1,2025-03-06T18:36:47.000Z,28,16,16,12,0,0.5714285714285714,57.77554398148148
L2450:T2:I11125,2450,T2,2025-06-04T12:37:00.000Z,45,33,29,12,4,0.6444444444444445,130.52569444444444
L2450:T2:I11121,2450,T2,2025-12-04T13:15:00.000Z,71,71,69,0,2,0.971830985915493,153.55208333333334
L2450:T2:I11122,2450,T2,2026-01-25T17:33:00.000Z,73,73,70,0,3,0.958904109589041,155.73125
L2450:T2:I11124,2450,T2,2026-04-11T14:51:00.000Z,87,87,85,0,2,0.9770114942528736,198.61875
L2451:T0,2451,T0,2025-11-08T00:00:00.000Z,50,49,43,1,6,0.86,287
L2451:T1:I11126,2451,T1,2025-12-24T12:35:00.000Z,52,51,48,1,3,0.9230769230769231,191.52430555555554
L2452:T0,2452,T0,2025-11-28T00:00:00.000Z,17,16,15,1,1,0.8823529411764706,133
L2452:T1:I11134,2452,T1,2025-11-30T11:41:27.000Z,18,17,16,1,1,0.8888888888888888,135.48711805555556
L2452:T2:I11129,2452,T2,2025-12-01T07:31:22.000Z,18,17,16,1,1,0.8888888888888888,136.31344907407407
L2452:T2:I11133,2452,T2,2025-12-03T14:23:41.000Z,18,17,16,1,1,0.8888888888888888,138.5997800925926
L2452:T2:I11128,2452,T2,2025-12-04T18:29:29.000Z,18,17,16,1,1,0.8888888888888888,139.77047453703705
L2452:T2:I11132,2452,T2,2025-12-04T20:12:11.000Z,18,17,16,1,1,0.8888888888888888,139.8417939814815
L2452:T2:I11131,2452,T2,2025-12-08T17:20:47.000Z,18,17,16,1,1,0.8888888888888888,143.7227662037037
L2452:T2:I11130,2452,T2,2026-05-01T07:53:00.000Z,29,29,28,0,1,0.9655172413793104,166.32847222222222
L2452:T2:I11127,2452,T2,2026-06-28T16:41:00.000Z,31,31,29,0,2,0.9354838709677419,120.69513888888889
L2453:T0,2453,T0,2025-07-15T00:00:00.000Z,27,26,24,1,2,0.8888888888888888,148
L2453:T1:I11139,2453,T1,2025-07-21T14:43:10.000Z,27,26,24,1,2,0.8888888888888888,154.61331018518518
L2453:T2:I11135,2453,T2,2025-07-25T20:37:52.000Z,29,28,25,1,3,0.8620689655172413,158.85962962962964
L2453:T2:I11138,2453,T2,2026-01-29T07:44:00.000Z,49,49,48,0,1,0.9795918367346939,129.32222222222222
L2453:T2:I11141,2453,T2,2026-02-28T07:01:00.000Z,51,51,50,0,1,0.9803921568627451,91.2923611111111
L2453:T2:I11140,2453,T2,2026-03-04T12:39:00.000Z,51,51,50,0,1,0.9803921568627451,95.52708333333334
L2453:T2:I11137,2453,T2,2026-05-08T17:44:00.000Z,58,58,54,0,4,0.9310344827586207,111.7388888888889
L2453:T2:I11136,2453,T2,2026-06-20T15:15:00.000Z,61,61,59,0,2,0.9672131147540983,146.63541666666666
L2454:T0,2454,T0,2026-01-27T00:00:00.000Z,26,26,25,0,1,0.9615384615384616,113
L2454:T1:I11143,2454,T1,2026-01-27T11:27:13.000Z,27,27,26,0,1,0.9629629629629629,113.47723379629629
L2454:T2:I11148,2454,T2,2026-01-30T18:18:18.000Z,27,27,25,0,2,0.9259259259259259,116.76270833333334
L2454:T2:I11147,2454,T2,2026-02-01T14:12:47.000Z,28,28,26,0,2,0.9285714285714286,118.59221064814815
L2454:T2:I11146,2454,T2,2026-02-03T11:25:38.000Z,28,28,26,0,2,0.9285714285714286,120.47613425925925
L2454:T2:I11145,2454,T2,2026-02-03T13:34:12.000Z,28,28,26,0,2,0.9285714285714286,120.56541666666666
L2454:T2:I11144,2454,T2,2026-02-19T07:59:00.000Z,28,28,24,0,4,0.8571428571428571,136.33263888888888
L2454:T2:I11142,2454,T2,2026-03-05T08:59:00.000Z,29,29,29,0,0,1,82.37430555555555
L2455:T0,2455,T0,2026-02-12T00:00:00.000Z,32,32,31,0,1,0.96875,114
L2455:T1:I11150,2455,T1,2026-02-12T07:22:06.000Z,33,33,32,0,1,0.9696969696969697,114.30701388888889
L2455:T2:I11153,2455,T2,2026-02-25T16:26:00.000Z,33,33,32,0,1,0.9696969696969697,101.68472222222222
L2455:T2:I11152,2455,T2,2026-02-27T12:24:00.000Z,33,33,32,0,1,0.9696969696969697,103.51666666666667
L2455:T2:I11149,2455,T2,2026-03-01T19:58:00.000Z,33,33,32,0,1,0.9696969696969697,105.83194444444445
L2455:T2:I11151,2455,T2,2026-04-22T18:20:00.000Z,36,36,36,0,0,1,58.763888888888886
L2456:T0,2456,T0,2026-05-29T00:00:00.000Z,53,53,52,0,1,0.9811320754716981,133
L2456:T1:I11161,2456,T1,2026-05-29T18:38:09.000Z,54,54,53,0,1,0.9814814814814815,133.77649305555556
L2456:T2:I11155,2456,T2,2026-05-29T20:26:30.000Z,54,54,53,0,1,0.9814814814814815,133.8517361111111
L2456:T2:I11156,2456,T2,2026-05-30T11:27:46.000Z,54,54,53,0,1,0.9814814814814815,134.47761574074073
L2456:T2:I11158,2456,T2,2026-05-31T07:38:12.000Z,54,54,53,0,1,0.9814814814814815,135.31819444444446
L2456:T2:I11160,2456,T2,2026-06-02T19:24:38.000Z,53,53,52,0,1,0.9811320754716981,137.80877314814813
L2456:T2:I11154,2456,T2,2026-06-03T12:57:26.000Z,53,53,52,0,1,0.9811320754716981,138.53988425925925
L2456:T2:I11159,2456,T2,2026-06-06T12:15:37.000Z,55,55,53,0,2,0.9636363636363636,141.5108449074074
L2456:T2:I11157,2456,T2,2026-06-09T11:29:20.000Z,55,55,53,0,2,0.9636363636363636,144.4787037037037
L2457:T0,2457,T0,2026-04-24T00:00:00.000Z,66,66,63,0,3,0.9545454545454546,146
L2457:T1:I11162,2457,T1,2026-04-24T14:27:26.000Z,66,66,63,0,3,0.9545454545454546,146.60238425925925
L2457:T2:I11165,2457,T2,2026-04-30T18:16:03.000Z,68,68,67,0,1,0.9852941176470589,111.76114583333333
L2457:T2:I11163,2457,T2,2026-05-03T08:29:46.000Z,68,68,67,0,1,0.9852941176470589,114.35400462962963
L2457:T2:I11164,2457,T2,2026-05-03T18:39:22.000Z,68,68,67,0,1,0.9852941176470589,114.77733796296296
L2458:T0,2458,T0,2025-09-08T00:00:00.000Z,16,15,15,1,0,0.9375,86
L2458:T1:I11167,2458,T1,2025-09-12T10:23:43.000Z,17,16,16,1,0,0.9411764705882353,84.43313657407407
L2458:T2:I11166,2458,T2,2025-09-21T07:04:17.000Z,17,16,15,1,1,0.8823529411764706,93.2946412037037
L2458:T2:I11168,2458,T2,2025-12-25T07:52:00.000Z,21,21,21,0,0,1,67.32777777777778
L2459:T0,2459,T0,2025-03-10T00:00:00.000Z,17,8,8,9,0,0.47058823529411764,49
L2459:T1:I11169,2459,T1,2025-03-21T15:06:03.000Z,18,10,10,8,0,0.5555555555555556,60.62920138888889
L2459:T2:I11172,2459,T2,2025-04-02T08:40:00.000Z,19,14,14,5,0,0.7368421052631579,72.36111111111111
L2459:T2:I11171,2459,T2,2025-06-02T17:31:00.000Z,22,19,17,3,2,0.7727272727272727,132.72986111111112
L2459:T2:I11170,2459,T2,2025-12-05T14:00:00.000Z,42,42,39,0,3,0.9285714285714286,138.58333333333334
L2460:T0,2460,T0,2025-04-04T00:00:00.000Z,34,16,16,18,0,0.47058823529411764,76
L2460:T1:I11175,2460,T1,2025-04-11T09:52:05.000Z,37,20,20,17,0,0.5405405405405406,83.41116898148148
L2460:T2:I11179,2460,T2,2025-07-20T09:16:00.000Z,52,51,43,1,8,0.8269230769230769,149.38611111111112
L2460:T2:I11173,2460,T2,2025-09-26T10:36:00.000Z,57,55,45,2,10,0.7894736842105263,217.44166666666666
L2460:T2:I11174,2460,T2,2026-01-04T15:36:00.000Z,67,67,61,0,6,0.9104477611940298,239.65
L2460:T2:I11176,2460,T2,2026-02-10T14:31:00.000Z,74,74,70,0,4,0.9459459459459459,245.60486111111112
L2460:T2:I11178,2460,T2,2026-03-05T18:23:00.000Z,81,81,79,0,2,0.9753086419753086,208.76597222222222
L2460:T2:I11177,2460,T2,2026-03-13T17:09:00.000Z,84,84,82,0,2,0.9761904761904762,216.71458333333334
L2461:T0,2461,T0,2026-05-18T00:00:00.000Z,23,23,22,0,1,0.9565217391304348,116
L2461:T1:I11180,2461,T1,2026-05-29T10:48:30.000Z,25,25,25,0,0,1,77.45034722222222
L2462:T0,2462,T0,2025-06-05T00:00:00.000Z,11,11,10,0,1,0.9090909090909091,131
L2462:T1:I11185,2462,T1,2025-06-17T07:25:54.000Z,11,11,10,0,1,0.9090909090909091,143.30965277777779
L2462:T2:I11181,2462,T2,2025-08-28T11:56:00.000Z,15,15,13,0,2,0.8666666666666667,215.49722222222223
L2462:T2:I11184,2462,T2,2025-10-12T07:24:00.000Z,16,16,12,0,4,0.75,260.30833333333334
L2462:T2:I11182,2462,T2,2026-01-18T16:30:00.000Z,20,20,20,0,0,1,72.6875
L2462:T2:I11183,2462,T2,2026-06-08T11:20:00.000Z,28,28,28,0,0,1,88.47222222222223
L2463:T0,2463,T0,2025-05-07T00:00:00.000Z,17,12,11,5,1,0.6470588235294118,99
L2463:T1:I11189,2463,T1,2025-05-10T14:18:00.000Z,19,14,13,5,1,0.6842105263157895,102.59583333333333
L2463:T2:I11192,2463,T2,2025-05-14T08:55:10.000Z,19,14,13,5,1,0.6842105263157895,106.37164351851852
L2463:T2:I11188,2463,T2,2025-05-19T10:59:37.000Z,19,14,13,5,1,0.6842105263157895,111.45806712962963
L2463:T2:I11190,2463,T2,2025-05-26T17:14:00.000Z,19,13,12,6,1,0.631578947368421,118.71805555555555
L2463:T2:I11193,2463,T2,2025-06-29T09:00:00.000Z,20,19,17,1,2,0.85,152.375
L2463:T2:I11191,2463,T2,2025-07-05T11:26:00.000Z,21,20,18,1,2,0.8571428571428571,158.4763888888889
L2463:T2:I11187,2463,T2,2025-11-01T11:52:00.000Z,28,27,25,1,2,0.8928571428571429,204.49444444444444
L2463:T2:I11186,2463,T2,2026-01-11T19:52:00.000Z,32,32,29,0,3,0.90625,123.82777777777778
L2464:T0,2464,T0,2025-11-18T00:00:00.000Z,69,69,62,0,7,0.8985507246376812,264
L2464:T1:I11195,2464,T1,2025-11-20T18:39:36.000Z,69,69,62,0,7,0.8985507246376812,266.7775
L2464:T2:I11194,2464,T2,2025-11-21T15:08:56.000Z,70,70,61,0,9,0.8714285714285714,267.6312037037037
L2464:T2:I11196,2464,T2,2025-11-27T10:55:31.000Z,71,71,63,0,8,0.8873239436619719,273.4552199074074
L2465:T0,2465,T0,2025-03-15T00:00:00.000Z,9,4,4,5,0,0.4444444444444444,52
L2465:T1:I11201,2465,T1,2025-03-15T09:27:38.000Z,10,5,5,5,0,0.5,52.394189814814816
L2465:T2:I11198,2465,T2,2025-03-15T16:20:35.000Z,10,5,5,5,0,0.5,52.68096064814815
L2465:T2:I11202,2465,T2,2025-03-23T13:45:09.000Z,12,5,5,7,0,0.4166666666666667,60.57302083333333
L2465:T2:I11200,2465,T2,2025-07-14T14:07:00.000Z,15,14,14,1,0,0.9333333333333333,86.58819444444444
L2465:T2:I11197,2465,T2,2025-09-09T07:30:00.000Z,19,18,15,1,3,0.7894736842105263,121.3125
L2465:T2:I11203,2465,T2,2026-01-02T19:05:00.000Z,24,24,23,0,1,0.9583333333333334,95.79513888888889
L2465:T2:I11204,2465,T2,2026-01-29T11:35:00.000Z,25,25,25,0,0,1,78.48263888888889
L2465:T2:I11199,2465,T2,2026-02-28T14:55:00.000Z,27,27,27,0,0,1,63.62152777777778
L2466:T0,2466,T0,2025-02-14T00:00:00.000Z,15,3,3,12,0,0.2,19
L2466:T1:I11206,2466,T1,2025-02-15T20:30:17.000Z,16,3,3,13,0,0.1875,20.854363425925925
L2466:T2:I11205,2466,T2,2025-02-27T08:22:18.000Z,17,6,6,11,0,0.35294117647058826,32.348819444444445
L2466:T2:I11207,2466,T2,2026-02-18T08:16:00.000Z,52,52,50,0,2,0.9615384615384616,139.34444444444443
L2467:T0,2467,T0,2025-12-31T00:00:00.000Z,21,21,19,0,2,0.9047619047619048,166
L2467:T1:I11211,2467,T1,2026-01-06T16:57:30.000Z,24,24,22,0,2,0.9166666666666666,172.70659722222223
L2467:T2:I11210,2467,T2,2026-01-07T09:06:01.000Z,25,25,23,0,2,0.92,173.37917824074074
L2467:T2:I11209,2467,T2,2026-01-09T16:00:18.000Z,25,25,23,0,2,0.92,175.666875
L2467:T2:I11208,2467,T2,2026-05-20T12:39:00.000Z,34,34,32,0,2,0.9411764705882353,185.52708333333334
L2468:T0,2468,T0,2025-03-03T00:00:00.000Z,34,19,19,15,0,0.5588235294117647,53
L2468:T1:I11212,2468,T1,2025-03-11T10:32:55.000Z,36,19,19,17,0,0.5277777777777778,61.43952546296296
L2468:T2:I11216,2468,T2,2025-03-13T17:25:18.000Z,36,20,20,16,0,0.5555555555555556,63.725902777777776
L2468:T2:I11213,2468,T2,2025-07-22T12:42:00.000Z,60,59,53,1,6,0.8833333333333333,178.52916666666667
L2468:T2:I11215,2468,T2,2025-08-28T12:28:00.000Z,64,64,57,0,7,0.890625,215.51944444444445
L2468:T2:I11217,2468,T2,2025-09-02T20:39:00.000Z,64,64,57,0,7,0.890625,220.86041666666668
L2468:T2:I11214,2468,T2,2025-10-18T09:53:00.000Z,71,71,64,0,7,0.9014084507042254,266.41180555555553
L2468:T2:I11218,2468,T2,2026-05-06T08:04:00.000Z,107,107,105,0,2,0.9813084112149533,223.3361111111111
L2469:T0,2469,T0,2025-08-28T00:00:00.000Z,54,54,52,0,2,0.9629629629629629,163
L2469:T1:I11220,2469,T1,2025-09-03T08:15:57.000Z,58,58,55,0,3,0.9482758620689655,169.34440972222222
L2469:T2:I11219,2469,T2,2025-09-08T16:16:49.000Z,58,58,54,0,4,0.9310344827586207,174.67834490740742
L2469:T2:I11221,2469,T2,2025-09-10T07:09:06.000Z,58,58,54,0,4,0.9310344827586207,176.2979861111111
L2470:T0,2470,T0,2025-12-07T00:00:00.000Z,40,40,36,0,4,0.9,211
L2470:T1:I11225,2470,T1,2025-12-13T17:15:55.000Z,41,41,37,0,4,0.9024390243902439,217.71938657407406
L2470:T2:I11223,2470,T2,2025-12-14T15:13:59.000Z,41,41,37,0,4,0.9024390243902439,218.63471064814814
L2470:T2:I11222,2470,T2,2025-12-19T08:49:57.000Z,41,41,38,0,3,0.926829268292683,223.36802083333333
L2470:T2:I11227,2470,T2,2025-12-19T17:50:14.000Z,41,41,38,0,3,0.926829268292683,223.7432175925926
L2470:T2:I11228,2470,T2,2026-01-17T10:22:00.000Z,44,44,42,0,2,0.9545454545454546,221.43194444444444
L2470:T2:I11226,2470,T2,2026-02-01T16:08:00.000Z,45,45,42,0,3,0.9333333333333333,236.67222222222222
L2470:T2:I11224,2470,T2,2026-06-14T13:01:00.000Z,57,57,56,0,1,0.9824561403508771,149.54236111111112
L2471:T0,2471,T0,2026-06-20T00:00:00.000Z,21,21,20,0,1,0.9523809523809523,91
L2471:T1:I11230,2471,T1,2026-06-21T12:01:59.000Z,21,21,20,0,1,0.9523809523809523,92.50137731481482
L2471:T2:I11233,2471,T2,2026-06-21T18:11:48.000Z,22,22,21,0,1,0.9545454545454546,92.75819444444444
L2471:T2:I11229,2471,T2,2026-06-23T13:12:12.000Z,22,22,21,0,1,0.9545454545454546,94.5501388888889
L2471:T2:I11232,2471,T2,2026-06-25T08:42:19.000Z,22,22,22,0,0,1,89.36271990740741
L2471:T2:I11234,2471,T2,2026-06-26T15:26:11.000Z,22,22,21,0,1,0.9545454545454546,90.64318287037037
L2471:T2:I11231,2471,T2,2026-06-27T07:43:49.000Z,22,22,21,0,1,0.9545454545454546,91.3220949074074
L2472:T0,2472,T0,2025-06-27T00:00:00.000Z,36,33,33,3,0,0.9166666666666666,81
L2472:T1:I11235,2472,T1,2025-07-09T11:31:49.000Z,40,37,35,3,2,0.875,93.48042824074074
L2472:T2:I11236,2472,T2,2025-07-10T10:05:21.000Z,40,37,34,3,3,0.85,140.42038194444444
L2473:T0,2473,T0,2025-08-15T00:00:00.000Z,23,18,17,5,1,0.7391304347826086,114
L2473:T1:I11242,2473,T1,2025-08-15T10:49:28.000Z,24,19,18,5,1,0.75,114.45101851851852
L2473:T2:I11237,2473,T2,2025-08-20T14:24:07.000Z,23,18,17,5,1,0.7391304347826086,119.60008101851852
L2473:T2:I11238,2473,T2,2025-08-21T10:37:05.000Z,24,19,18,5,1,0.75,120.44241898148148
L2473:T2:I11243,2473,T2,2025-08-25T07:01:51.000Z,24,20,19,4,1,0.7916666666666666,124.2929513888889
L2473:T2:I11240,2473,T2,2025-08-27T16:51:47.000Z,24,20,19,4,1,0.7916666666666666,126.70262731481482
L2473:T2:I11241,2473,T2,2026-02-03T20:13:00.000Z,30,30,27,0,3,0.9,113.84236111111112
L2473:T2:I11239,2473,T2,2026-02-28T14:13:00.000Z,30,30,30,0,0,1,69.59236111111112
L2474:T0,2474,T0,2025-10-01T00:00:00.000Z,17,16,16,1,0,0.9411764705882353,72
L2474:T1:I11246,2474,T1,2025-10-03T09:22:55.000Z,18,17,17,1,0,0.9444444444444444,74.39091435185185
L2474:T2:I11245,2474,T2,2025-10-06T17:02:54.000Z,18,17,17,1,0,0.9444444444444444,71.71034722222223
L2474:T2:I11247,2474,T2,2025-10-08T16:34:51.000Z,18,17,17,1,0,0.9444444444444444,73.69086805555555
L2474:T2:I11248,2474,T2,2025-10-12T09:51:13.000Z,18,18,18,0,0,1,77.41056712962963
L2474:T2:I11249,2474,T2,2025-10-14T14:30:58.000Z,19,19,19,0,0,1,79.60483796296296
L2474:T2:I11244,2474,T2,2026-06-09T11:03:00.000Z,31,31,29,0,2,0.9354838709677419,132.46041666666667
L2475:T0,2475,T0,2025-12-24T00:00:00.000Z,17,17,17,0,0,1,69
L2475:T1:I11251,2475,T1,2026-01-01T20:22:41.000Z,18,18,18,0,0,1,63.84908564814815
L2475:T2:I11252,2475,T2,2026-01-02T17:11:22.000Z,18,18,18,0,0,1,64.71622685185186
L2475:T2:I11253,2475,T2,2026-01-05T13:08:45.000Z,18,18,17,0,1,0.9444444444444444,133.54774305555554
L2475:T2:I11250,2475,T2,2026-01-06T16:26:34.000Z,18,18,18,0,0,1,68.68511574074074
L2475:T2:I11255,2475,T2,2026-01-29T11:51:00.000Z,19,19,18,0,1,0.9473684210526315,91.49375
L2475:T2:I11254,2475,T2,2026-02-23T10:09:00.000Z,20,20,19,0,1,0.95,103.42291666666667
L2476:T0,2476,T0,2025-04-23T00:00:00.000Z,12,7,6,5,1,0.5,91
L2476:T1:I11263,2476,T1,2025-04-25T12:54:12.000Z,13,7,7,6,0,0.5384615384615384,42.537638888888885
L2476:T2:I11257,2476,T2,2025-04-27T11:25:16.000Z,13,7,7,6,0,0.5384615384615384,44.47587962962963
L2476:T2:I11260,2476,T2,2025-05-06T14:19:48.000Z,13,7,7,6,0,0.5384615384615384,53.59708333333333
L2476:T2:I11259,2476,T2,2025-05-20T18:41:00.000Z,13,10,10,3,0,0.7692307692307693,67.77847222222222
L2476:T2:I11258,2476,T2,2025-06-28T19:01:00.000Z,14,13,13,1,0,0.9285714285714286,80.7923611111111
L2476:T2:I11256,2476,T2,2025-08-27T17:29:00.000Z,17,17,14,0,3,0.8235294117647058,108.72847222222222
L2476:T2:I11261,2476,T2,2025-11-23T15:08:00.000Z,22,22,21,0,1,0.9545454545454546,134.63055555555556
L2476:T2:I11262,2476,T2,2026-02-14T10:42:00.000Z,25,25,25,0,0,1,49.44583333333333
L2477:T0,2477,T0,2025-03-23T00:00:00.000Z,26,7,7,19,0,0.2692307692307692,45
L2477:T1:I11265,2477,T1,2025-03-27T15:11:19.000Z,27,7,7,20,0,0.25925925925925924,49.6328587962963
L2477:T2:I11264,2477,T2,2025-05-10T18:32:00.000Z,29,11,11,18,0,0.3793103448275862,68.77222222222223
L2477:T2:I11269,2477,T2,2025-08-05T17:30:00.000Z,36,29,27,7,2,0.75,135.72916666666666
L2477:T2:I11266,2477,T2,2025-09-02T08:55:00.000Z,38,35,33,3,2,0.868421052631579,117.37152777777777
L2477:T2:I11267,2477,T2,2025-10-19T14:07:00.000Z,41,41,39,0,2,0.9512195121951219,109.58819444444444
L2477:T2:I11268,2477,T2,2025-12-09T18:42:00.000Z,41,41,36,0,5,0.8780487804878049,160.77916666666667
L2478:T0,2478,T0,2026-01-26T00:00:00.000Z,57,57,54,0,3,0.9473684210526315,123
L2478:T1:I11270,2478,T1,2026-02-01T10:15:17.000Z,58,58,57,0,1,0.9827586206896551,97.4272800925926
L2478:T2:I11271,2478,T2,2026-02-05T12:38:18.000Z,57,57,56,0,1,0.9824561403508771,101.52659722222222
L2478:T2:I11272,2478,T2,2026-02-06T19:34:03.000Z,58,58,57,0,1,0.9827586206896551,102.8153125
L2479:T0,2479,T0,2025-08-18T00:00:00.000Z,53,53,48,0,5,0.9056603773584906,168
L2479:T1:I11279,2479,T1,2025-08-24T17:23:25.000Z,55,55,52,0,3,0.9454545454545454,174.7245949074074
L2479:T2:I11275,2479,T2,2025-08-24T17:49:43.000Z,55,55,52,0,3,0.9454545454545454,174.7428587962963
L2479:T2:I11276,2479,T2,2025-08-27T16:07:07.000Z,54,54,52,0,2,0.9629629629629629,162.67160879629628
L2479:T2:I11273,2479,T2,2025-08-28T08:42:52.000Z,55,55,53,0,2,0.9636363636363636,163.36310185185187
L2479:T2:I11274,2479,T2,2025-12-04T12:29:00.000Z,69,69,62,0,7,0.8985507246376812,179.52013888888888
L2479:T2:I11277,2479,T2,2026-01-07T16:14:00.000Z,74,74,68,0,6,0.918918918918919,213.67638888888888
L2479:T2:I11278,2479,T2,2026-04-20T07:16:00.000Z,89,89,87,0,2,0.9775280898876404,97.30277777777778
L2480:T0,2480,T0,2025-09-30T00:00:00.000Z,39,39,35,0,4,0.8974358974358975,123
L2480:T1:I11280,2480,T1,2025-10-05T17:27:28.000Z,41,41,35,0,6,0.8536585365853658,128.7274074074074
L2480:T2:I11282,2480,T2,2025-10-05T19:11:21.000Z,41,41,35,0,6,0.8536585365853658,128.7995486111111
L2480:T2:I11281,2480,T2,2025-10-13T16:30:53.000Z,41,41,33,0,8,0.8048780487804879,180.68811342592593
L2480:T2:I11284,2480,T2,2025-10-27T16:35:00.000Z,45,45,38,0,7,0.8444444444444444,141.69097222222223
L2480:T2:I11283,2480,T2,2025-11-13T15:36:00.000Z,46,46,39,0,7,0.8478260869565217,154.65
L2481:T0,2481,T0,2026-01-08T00:00:00.000Z,111,111,106,0,5,0.954954954954955,188
L2481:T1:I11285,2481,T1,2026-01-14T19:37:25.000Z,113,113,110,0,3,0.9734513274336283,194.81765046296297
L2482:T0,2482,T0,2025-09-08T00:00:00.000Z,20,18,16,2,2,0.8,149
L2482:T1:I11286,2482,T1,2025-09-16T10:40:09.000Z,21,19,16,2,3,0.7619047619047619,157.44454861111112
L2482:T2:I11292,2482,T2,2025-09-17T15:58:56.000Z,21,19,17,2,2,0.8095238095238095,158.66592592592593
L2482:T2:I11287,2482,T2,2025-09-18T09:04:51.000Z,21,19,17,2,2,0.8095238095238095,159.37836805555557
L2482:T2:I11290,2482,T2,2025-10-01T15:24:00.000Z,22,20,18,2,2,0.8181818181818182,100.64166666666667
L2482:T2:I11291,2482,T2,2025-11-24T09:39:00.000Z,26,26,24,0,2,0.9230769230769231,154.40208333333334
L2482:T2:I11288,2482,T2,2026-04-16T20:46:00.000Z,34,34,34,0,0,1,72.86527777777778
L2482:T2:I11289,2482,T2,2026-05-26T14:37:00.000Z,38,38,34,0,4,0.8947368421052632,112.60902777777778
L2483:T0,2483,T0,2025-03-08T00:00:00.000Z,12,6,6,6,0,0.5,52
L2483:T1:I11293,2483,T1,2025-03-15T11:17:00.000Z,14,8,8,6,0,0.5714285714285714,59.47013888888889
L2483:T2:I11296,2483,T2,2025-08-21T13:02:00.000Z,16,16,15,0,1,0.9375,175.54305555555555
L2483:T2:I11294,2483,T2,2025-09-22T11:20:00.000Z,16,16,13,0,3,0.8125,207.47222222222223
L2483:T2:I11295,2483,T2,2025-10-11T15:17:00.000Z,18,18,15,0,3,0.8333333333333334,124.63680555555555
L2484:T0,2484,T0,2025-07-29T00:00:00.000Z,46,37,35,9,2,0.7608695652173914,128
L2484:T1:I11299,2484,T1,2025-08-05T08:59:36.000Z,46,38,36,8,2,0.782608695652174,135.37472222222223
L2484:T2:I11297,2484,T2,2025-08-07T14:05:31.000Z,46,40,36,6,4,0.782608695652174,137.58716435185184
L2484:T2:I11298,2484,T2,2025-08-18T15:14:00.000Z,48,42,39,6,3,0.8125,111.63472222222222
L2485:T0,2485,T0,2025-11-10T00:00:00.000Z,20,20,20,0,0,1,83
L2485:T1:I11300,2485,T1,2025-11-23T10:58:39.000Z,23,23,23,0,0,1,70.45739583333334
L2486:T0,2486,T0,2025-11-25T00:00:00.000Z,17,16,15,1,1,0.8823529411764706,130
L2486:T1:I11301,2486,T1,2025-12-05T19:34:51.000Z,18,17,16,1,1,0.8888888888888888,140.81586805555557
L2487:T0,2487,T0,2026-06-06T00:00:00.000Z,37,37,37,0,0,1,87
L2487:T1:I11305,2487,T1,2026-06-06T09:35:24.000Z,38,38,38,0,0,1,87.39958333333334
L2487:T2:I11304,2487,T2,2026-06-08T10:27:08.000Z,38,38,38,0,0,1,89.43550925925926
L2487:T2:I11307,2487,T2,2026-06-10T16:35:02.000Z,38,38,37,0,1,0.9736842105263158,91.69099537037037
L2487:T2:I11302,2487,T2,2026-06-13T07:09:17.000Z,38,38,37,0,1,0.9736842105263158,94.29811342592592
L2487:T2:I11306,2487,T2,2026-06-16T11:30:09.000Z,38,38,37,0,1,0.9736842105263158,97.47927083333333
L2487:T2:I11303,2487,T2,2026-06-18T16:28:28.000Z,38,38,38,0,0,1,85.68643518518519
L2488:T0,2488,T0,2025-06-02T00:00:00.000Z,18,14,13,4,1,0.7222222222222222,117
L2488:T1:I11310,2488,T1,2025-06-03T12:16:45.000Z,18,14,13,4,1,0.7222222222222222,118.51163194444445
L2488:T2:I11311,2488,T2,2025-06-06T09:42:30.000Z,19,14,13,5,1,0.6842105263157895,121.40451388888889
L2488:T2:I11308,2488,T2,2025-06-06T19:17:22.000Z,18,14,13,4,1,0.7222222222222222,121.80372685185185
L2488:T2:I11309,2488,T2,2025-06-07T18:53:00.000Z,19,15,14,4,1,0.7368421052631579,122.78680555555556
L2488:T2:I11312,2488,T2,2025-06-09T14:57:26.000Z,19,15,14,4,1,0.7368421052631579,124.6232175925926
L2488:T2:I11313,2488,T2,2026-01-08T16:35:00.000Z,23,23,23,0,0,1,73.69097222222223
L2489:T0,2489,T0,2025-06-12T00:00:00.000Z,30,14,12,16,2,0.4,97
L2489:T1:I11314,2489,T1,2025-06-15T11:38:19.000Z,31,15,14,16,1,0.45161290322580644,98.48494212962963
L2489:T2:I11315,2489,T2,2025-06-17T16:10:12.000Z,31,15,14,16,1,0.45161290322580644,100.67375
L2490:T0,2490,T0,2026-03-10T00:00:00.000Z,46,46,44,0,2,0.9565217391304348,125
L2490:T1:I11318,2490,T1,2026-03-10T09:52:59.000Z,47,47,45,0,2,0.9574468085106383,125.41179398148148
L2490:T2:I11317,2490,T2,2026-03-11T14:30:30.000Z,47,47,45,0,2,0.9574468085106383,126.60451388888889
L2490:T2:I11316,2490,T2,2026-03-15T15:24:38.000Z,47,47,44,0,3,0.9361702127659575,130.64210648148148
L2490:T2:I11320,2490,T2,2026-03-17T17:36:17.000Z,48,48,44,0,4,0.9166666666666666,132.7335300925926
L2490:T2:I11321,2490,T2,2026-03-17T19:06:39.000Z,48,48,44,0,4,0.9166666666666666,132.79628472222223
L2490:T2:I11319,2490,T2,2026-03-22T12:06:11.000Z,48,48,45,0,3,0.9375,106.50429398148148
L2491:T0,2491,T0,2025-11-25T00:00:00.000Z,15,15,15,0,0,1,63
L2491:T1:I11326,2491,T1,2025-11-25T14:25:45.000Z,16,16,15,0,1,0.9375,92.60121527777778
L2491:T2:I11322,2491,T2,2025-11-27T08:04:11.000Z,16,16,16,0,0,1,65.33623842592593
L2491:T2:I11329,2491,T2,2025-11-27T09:57:19.000Z,16,16,16,0,0,1,65.41480324074074
L2491:T2:I11325,2491,T2,2025-11-28T07:50:17.000Z,15,15,15,0,0,1,66.32658564814815
L2491:T2:I11324,2491,T2,2025-12-02T12:30:19.000Z,16,16,15,0,1,0.9375,93.52105324074074
L2491:T2:I11327,2491,T2,2025-12-03T09:54:08.000Z,16,16,15,0,1,0.9375,101.41259259259259
L2491:T2:I11328,2491,T2,2025-12-16T10:39:00.000Z,17,17,17,0,0,1,77.44375
L2491:T2:I11323,2491,T2,2026-03-10T16:46:00.000Z,20,20,20,0,0,1,81.6986111111111
L2492:T0,2492,T0,2025-04-14T00:00:00.000Z,42,27,26,15,1,0.6190476190476191,100
L2492:T1:I11330,2492,T1,2026-02-28T20:11:00.000Z,82,82,81,0,1,0.9878048780487805,142.84097222222223
L2493:T0,2493,T0,2025-12-10T00:00:00.000Z,19,19,18,0,1,0.9473684210526315,97
L2493:T1:I11332,2493,T1,2025-12-10T17:11:30.000Z,20,20,19,0,1,0.95,97.71631944444445
L2493:T2:I11336,2493,T2,2025-12-14T10:05:52.000Z,20,20,19,0,1,0.95,101.42074074074074
L2493:T2:I11338,2493,T2,2025-12-15T18:57:04.000Z,20,20,19,0,1,0.95,102.78962962962963
L2493:T2:I11337,2493,T2,2025-12-15T19:26:07.000Z,20,20,19,0,1,0.95,102.80980324074073
L2493:T2:I11335,2493,T2,2025-12-16T08:57:07.000Z,20,20,18,0,2,0.9,105.37299768518518
L2493:T2:I11334,2493,T2,2025-12-17T14:54:49.000Z,20,20,19,0,1,0.95,104.62140046296297
L2493:T2:I11331,2493,T2,2025-12-20T16:46:00.000Z,20,20,19,0,1,0.95,107.6986111111111
L2493:T2:I11333,2493,T2,2026-06-13T18:50:00.000Z,27,27,26,0,1,0.9629629629629629,92.78472222222223
L2494:T0,2494,T0,2026-04-13T00:00:00.000Z,52,52,51,0,1,0.9807692307692307,115
L2494:T1:I11341,2494,T1,2026-04-13T14:51:23.000Z,53,53,52,0,1,0.9811320754716981,115.61901620370371
L2494:T2:I11343,2494,T2,2026-04-19T08:30:36.000Z,53,53,51,0,2,0.9622641509433962,121.35458333333334
L2494:T2:I11342,2494,T2,2026-04-19T16:51:06.000Z,53,53,51,0,2,0.9622641509433962,121.70215277777778
L2494:T2:I11340,2494,T2,2026-04-20T15:46:32.000Z,53,53,50,0,3,0.9433962264150944,122.65731481481481
L2494:T2:I11339,2494,T2,2026-04-26T16:47:35.000Z,52,52,50,0,2,0.9615384615384616,128.69971064814814
L2495:T0,2495,T0,2026-04-02T00:00:00.000Z,94,94,91,0,3,0.9680851063829787,103
L2495:T1:I11344,2495,T1,2026-04-02T11:17:15.000Z,94,94,91,0,3,0.9680851063829787,103.4703125
L2495:T2:I11351,2495,T2,2026-04-06T16:35:46.000Z,97,97,93,0,4,0.9587628865979382,107.69150462962963
L2495:T2:I11348,2495,T2,2026-04-09T12:08:57.000Z,98,98,95,0,3,0.9693877551020408,110.50621527777778
L2495:T2:I11349,2495,T2,2026-04-10T20:01:13.000Z,98,98,95,0,3,0.9693877551020408,111.83417824074074
L2495:T2:I11345,2495,T2,2026-04-10T20:55:46.000Z,98,98,95,0,3,0.9693877551020408,111.87206018518519
L2495:T2:I11347,2495,T2,2026-04-11T09:35:11.000Z,98,98,95,0,3,0.9693877551020408,112.39943287037038
L2495:T2:I11346,2495,T2,2026-04-13T20:58:56.000Z,98,98,95,0,3,0.9693877551020408,114.87425925925926
L2495:T2:I11350,2495,T2,2026-04-15T18:19:27.000Z,98,98,95,0,3,0.9693877551020408,116.76350694444444
L2496:T0,2496,T0,2025-10-27T00:00:00.000Z,18,18,13,0,5,0.7222222222222222,215
L2496:T1:I11354,2496,T1,2025-10-30T11:30:09.000Z,19,19,14,0,5,0.7368421052631579,218.47927083333335
L2496:T2:I11352,2496,T2,2025-12-03T11:56:00.000Z,20,20,17,0,3,0.85,176.49722222222223
L2496:T2:I11353,2496,T2,2026-02-10T14:31:00.000Z,22,22,22,0,0,1,79.6048611111111
L2497:T0,2497,T0,2025-03-25T00:00:00.000Z,6,1,1,5,0,0.16666666666666666,44
L2497:T1:I11358,2497,T1,2025-03-26T16:51:29.000Z,7,2,2,5,0,0.2857142857142857,45.70241898148148
L2497:T2:I11355,2497,T2,2025-03-28T20:53:41.000Z,7,3,3,4,0,0.42857142857142855,47.870613425925924
L2497:T2:I11356,2497,T2,2025-04-26T16:26:00.000Z,9,4,4,5,0,0.4444444444444444,76.68472222222222
L2497:T2:I11357,2497,T2,2025-10-02T12:11:00.000Z,13,12,9,1,3,0.6923076923076923,126.50763888888889
L2497:T2:I11359,2497,T2,2025-11-22T17:51:00.000Z,15,14,14,1,0,0.9333333333333333,77.74375
L2498:T0,2498,T0,2025-09-23T00:00:00.000Z,47,44,42,3,2,0.8936170212765957,128
L2498:T1:I11361,2498,T1,2025-09-23T16:35:41.000Z,48,45,43,3,2,0.8958333333333334,128.69144675925926
L2498:T2:I11360,2498,T2,2025-09-27T11:32:08.000Z,48,45,44,3,1,0.9166666666666666,132.48064814814813
L2498:T2:I11362,2498,T2,2025-10-11T07:14:00.000Z,50,48,47,2,1,0.94,90.3013888888889
L2499:T0,2499,T0,2026-01-26T00:00:00.000Z,21,21,20,0,1,0.9523809523809523,149
L2499:T1:I11365,2499,T1,2026-01-29T14:32:12.000Z,22,22,21,0,1,0.9545454545454546,152.60569444444445
L2499:T2:I11363,2499,T2,2026-02-03T16:26:36.000Z,23,23,23,0,0,1,79.68513888888889
L2499:T2:I11366,2499,T2,2026-05-20T20:20:00.000Z,25,25,25,0,0,1,87.84722222222223
L2499:T2:I11364,2499,T2,2026-06-16T20:14:00.000Z,25,25,25,0,0,1,56.84305555555556
L2500:T0,2500,T0,2026-03-13T00:00:00.000Z,24,24,21,0,3,0.875,104
L2500:T1:I11367,2500,T1,2026-03-17T15:40:36.000Z,25,25,21,0,4,0.84,108.65319444444444
L2501:T0,2501,T0,2025-10-30T00:00:00.000Z,16,16,15,0,1,0.9375,145
L2501:T1:I11368,2501,T1,2025-11-01T10:13:23.000Z,17,17,15,0,2,0.8823529411764706,147.42596064814813
L2501:T2:I11372,2501,T2,2025-11-02T15:22:53.000Z,17,17,16,0,1,0.9411764705882353,148.64089120370372
L2501:T2:I11374,2501,T2,2025-11-03T14:08:49.000Z,17,17,16,0,1,0.9411764705882353,149.58945601851852
L2501:T2:I11371,2501,T2,2025-11-07T12:33:40.000Z,17,17,16,0,1,0.9411764705882353,153.52337962962963
L2501:T2:I11373,2501,T2,2025-11-09T13:54:13.000Z,16,16,15,0,1,0.9375,155.57931712962963
L2501:T2:I11369,2501,T2,2025-11-12T12:49:08.000Z,17,17,16,0,1,0.9411764705882353,158.53412037037037
L2501:T2:I11370,2501,T2,2026-01-29T11:34:00.000Z,19,19,18,0,1,0.9473684210526315,91.48194444444445
L2502:T0,2502,T0,2025-04-13T00:00:00.000Z,10,4,4,6,0,0.4,76
L2502:T1:I11377,2502,T1,2025-04-13T07:25:51.000Z,11,4,4,7,0,0.36363636363636365,76.30961805555556
L2502:T2:I11375,2502,T2,2025-04-27T20:22:00.000Z,11,5,4,6,1,0.36363636363636365,90.84861111111111
L2502:T2:I11376,2502,T2,2025-05-15T12:45:00.000Z,12,7,4,5,3,0.3333333333333333,108.53125
L2503:T0,2503,T0,2025-10-24T00:00:00.000Z,17,17,15,0,2,0.8823529411764706,167
L2503:T1:I11384,2503,T1,2025-10-24T18:34:02.000Z,18,18,16,0,2,0.8888888888888888,167.77363425925927
L2503:T2:I11382,2503,T2,2025-10-25T07:55:06.000Z,18,18,16,0,2,0.8888888888888888,168.32993055555556
L2503:T2:I11378,2503,T2,2025-10-28T08:01:36.000Z,18,18,16,0,2,0.8888888888888888,171.33444444444444
L2503:T2:I11380,2503,T2,2025-11-02T10:38:23.000Z,18,18,16,0,2,0.8888888888888888,176.44332175925925
L2503:T2:I11379,2503,T2,2025-11-03T08:16:50.000Z,18,18,16,0,2,0.8888888888888888,177.34502314814816
L2503:T2:I11381,2503,T2,2025-11-04T19:31:02.000Z,18,18,16,0,2,0.8888888888888888,178.8132175925926
L2503:T2:I11385,2503,T2,2026-03-06T13:47:00.000Z,23,23,21,0,2,0.9130434782608695,97.57430555555555
L2503:T2:I11383,2503,T2,2026-04-25T16:08:00.000Z,29,29,26,0,3,0.896551724137931,144.67222222222222
L2504:T0,2504,T0,2025-03-13T00:00:00.000Z,8,1,1,7,0,0.125,20
L2504:T1:I11386,2504,T1,2025-03-18T15:39:43.000Z,9,2,2,7,0,0.2222222222222222,25.652581018518518
L2504:T2:I11387,2504,T2,2025-05-25T12:15:00.000Z,10,6,6,4,0,0.6,46.510416666666664
L2504:T2:I11389,2504,T2,2026-05-29T07:10:00.000Z,26,26,25,0,1,0.9615384615384616,98.29861111111111
L2504:T2:I11388,2504,T2,2026-06-20T07:35:00.000Z,27,27,26,0,1,0.9629629629629629,99.31597222222223
L2505:T0,2505,T0,2025-12-14T00:00:00.000Z,23,23,21,0,2,0.9130434782608695,177
L2505:T1:I11393,2505,T1,2025-12-15T10:22:40.000Z,24,24,22,0,2,0.9166666666666666,178.4324074074074
L2505:T2:I11392,2505,T2,2025-12-20T19:08:14.000Z,24,24,22,0,2,0.9166666666666666,183.79738425925925
L2505:T2:I11390,2505,T2,2025-12-25T19:08:41.000Z,25,25,22,0,3,0.88,188.79769675925925
L2505:T2:I11394,2505,T2,2026-02-16T17:10:00.000Z,27,27,25,0,2,0.9259259259259259,216.71527777777777
L2505:T2:I11391,2505,T2,2026-04-23T17:19:00.000Z,29,29,27,0,2,0.9310344827586207,151.72152777777777
L2506:T0,2506,T0,2026-03-02T00:00:00.000Z,20,20,20,0,0,1,64
L2506:T1:I11398,2506,T1,2026-03-04T16:26:28.000Z,21,21,21,0,0,1,41.6850462962963
L2506:T2:I11397,2506,T2,2026-03-07T15:56:42.000Z,22,22,22,0,0,1,44.664375
L2506:T2:I11396,2506,T2,2026-03-09T18:37:54.000Z,22,22,22,0,0,1,46.77631944444445
L2506:T2:I11395,2506,T2,2026-03-12T07:31:30.000Z,22,22,22,0,0,1,49.313541666666666
L2507:T0,2507,T0,2026-03-09T00:00:00.000Z,30,30,30,0,0,1,78
L2507:T1:I11401,2507,T1,2026-03-09T17:50:32.000Z,31,31,31,0,0,1,78.74342592592592
L2507:T2:I11402,2507,T2,2026-03-11T19:23:45.000Z,31,31,31,0,0,1,80.80815972222223
L2507:T2:I11400,2507,T2,2026-03-11T20:13:26.000Z,30,30,30,0,0,1,80.84266203703703
L2507:T2:I11399,2507,T2,2026-05-29T15:51:00.000Z,35,35,35,0,0,1,63.66041666666667
L2508:T0,2508,T0,2025-10-05T00:00:00.000Z,28,28,25,0,3,0.8928571428571429,134
L2508:T1:I11403,2508,T1,2026-02-01T11:02:00.000Z,39,39,37,0,2,0.9487179487179487,118.45972222222223
L2509:T0,2509,T0,2026-01-28T00:00:00.000Z,44,44,42,0,2,0.9545454545454546,141
L2509:T1:I11408,2509,T1,2026-02-01T09:44:31.000Z,45,45,43,0,2,0.9555555555555556,145.40591435185186
L2509:T2:I11404,2509,T2,2026-02-03T16:15:50.000Z,45,45,43,0,2,0.9555555555555556,147.67766203703704
L2509:T2:I11405,2509,T2,2026-02-05T07:57:39.000Z,45,45,43,0,2,0.9555555555555556,149.3317013888889
L2509:T2:I11406,2509,T2,2026-02-09T08:08:04.000Z,45,45,43,0,2,0.9555555555555556,153.3389351851852
L2509:T2:I11407,2509,T2,2026-05-17T10:09:00.000Z,52,52,48,0,4,0.9230769230769231,116.42291666666667
L2510:T0,2510,T0,2025-02-24T00:00:00.000Z,18,4,4,14,0,0.2222222222222222,31
L2510:T1:I11409,2510,T1,2025-08-10T18:50:00.000Z,35,33,30,2,3,0.8571428571428571,141.78472222222223
L2511:T0,2511,T0,2025-01-30T00:00:00.000Z,4,0,0,4,0,0,
L2511:T1:I11410,2511,T1,2025-02-05T15:31:00.000Z,5,1,1,4,0,0.2,7.646527777777778
L2512:T0,2512,T0,2025-03-16T00:00:00.000Z,19,8,8,11,0,0.42105263157894735,29
L2512:T1:I11412,2512,T1,2025-03-18T09:53:54.000Z,20,8,8,12,0,0.4,31.412430555555556
L2512:T2:I11414,2512,T2,2025-03-24T19:53:46.000Z,21,11,11,10,0,0.5238095238095238,37.82900462962963
L2512:T2:I11416,2512,T2,2025-04-10T12:43:00.000Z,21,12,12,9,0,0.5714285714285714,54.52986111111111
L2512:T2:I11415,2512,T2,2025-08-24T12:52:00.000Z,31,30,27,1,3,0.8709677419354839,161.5361111111111
L2512:T2:I11413,2512,T2,2025-12-15T16:41:00.000Z,42,42,39,0,3,0.9285714285714286,124.69513888888889
L2512:T2:I11417,2512,T2,2026-01-01T16:37:00.000Z,43,43,39,0,4,0.9069767441860465,141.6923611111111
L2512:T2:I11411,2512,T2,2026-05-27T10:07:00.000Z,53,53,52,0,1,0.9811320754716981,98.42152777777778
L2513:T0,2513,T0,2025-09-19T00:00:00.000Z,38,36,33,2,3,0.868421052631579,134
L2513:T1:I11419,2513,T1,2025-09-19T18:32:12.000Z,39,37,34,2,3,0.8717948717948718,134.7723611111111
L2513:T2:I11418,2513,T2,2026-02-03T15:51:00.000Z,45,45,43,0,2,0.9555555555555556,95.66041666666666
L2514:T0,2514,T0,2026-05-16T00:00:00.000Z,28,28,28,0,0,1,55
L2514:T1:I11423,2514,T1,2026-05-16T07:27:41.000Z,29,29,29,0,0,1,55.310891203703704
L2514:T2:I11425,2514,T2,2026-05-17T16:56:25.000Z,29,29,29,0,0,1,56.70584490740741
L2514:T2:I11422,2514,T2,2026-05-18T13:41:55.000Z,30,30,30,0,0,1,57.57077546296296
L2514:T2:I11427,2514,T2,2026-05-18T16:57:33.000Z,30,30,30,0,0,1,57.706631944444446
L2514:T2:I11420,2514,T2,2026-05-23T13:50:29.000Z,31,31,31,0,0,1,62.57672453703704
L2514:T2:I11424,2514,T2,2026-05-24T18:31:04.000Z,31,31,31,0,0,1,63.771574074074074
L2514:T2:I11421,2514,T2,2026-05-25T09:10:52.000Z,31,31,31,0,0,1,64.3825462962963
L2514:T2:I11426,2514,T2,2026-05-27T18:19:22.000Z,31,31,31,0,0,1,66.76344907407407
L2515:T0,2515,T0,2026-01-02T00:00:00.000Z,54,54,49,0,5,0.9074074074074074,176
L2515:T1:I11429,2515,T1,2026-01-02T19:13:43.000Z,55,55,50,0,5,0.9090909090909091,176.80119212962964
L2515:T2:I11435,2515,T2,2026-01-09T09:08:31.000Z,55,55,51,0,4,0.9272727272727272,183.38091435185186
L2515:T2:I11434,2515,T2,2026-01-10T08:34:43.000Z,56,56,52,0,4,0.9285714285714286,184.35744212962962
L2515:T2:I11431,2515,T2,2026-01-10T12:58:57.000Z,56,56,52,0,4,0.9285714285714286,184.5409375
L2515:T2:I11433,2515,T2,2026-01-22T08:54:00.000Z,56,56,53,0,3,0.9464285714285714,119.37083333333334
L2515:T2:I11428,2515,T2,2026-04-25T09:31:00.000Z,63,63,60,0,3,0.9523809523809523,180.39652777777778
L2515:T2:I11430,2515,T2,2026-05-22T10:28:00.000Z,64,64,63,0,1,0.984375,96.43611111111112
L2515:T2:I11432,2515,T2,2026-06-16T12:07:00.000Z,65,65,64,0,1,0.9846153846153847,111.50486111111111
L2516:T0,2516,T0,2025-10-06T00:00:00.000Z,48,47,41,1,6,0.8541666666666666,254
L2516:T1:I11439,2516,T1,2025-10-06T18:01:59.000Z,49,48,42,1,6,0.8571428571428571,254.75137731481482
L2516:T2:I11438,2516,T2,2025-10-13T09:40:12.000Z,50,49,43,1,6,0.86,261.40291666666667
L2516:T2:I11437,2516,T2,2025-10-17T20:26:07.000Z,50,49,43,1,6,0.86,265.8514699074074
L2516:T2:I11440,2516,T2,2025-10-29T17:54:00.000Z,51,50,42,1,8,0.8235294117647058,277.74583333333334
L2516:T2:I11436,2516,T2,2026-04-07T08:08:00.000Z,65,65,63,0,2,0.9692307692307692,108.33888888888889
L2517:T0,2517,T0,2025-01-06T00:00:00.000Z,3,0,0,3,0,0,
L2517:T1:I11441,2517,T1,2025-10-26T09:07:00.000Z,12,12,10,0,2,0.8333333333333334,98.37986111111111
L2518:T0,2518,T0,2025-05-05T00:00:00.000Z,19,14,14,5,0,0.7368421052631579,79
L2518:T1:I11445,2518,T1,2025-05-06T09:31:36.000Z,20,15,15,5,0,0.75,80.39694444444444
L2518:T2:I11446,2518,T2,2025-05-13T09:22:47.000Z,20,15,15,5,0,0.75,87.39082175925925
L2518:T2:I11443,2518,T2,2025-05-15T13:27:40.000Z,20,16,16,4,0,0.8,89.56087962962962
L2518:T2:I11444,2518,T2,2025-08-21T14:47:00.000Z,23,22,19,1,3,0.8260869565217391,166.6159722222222
L2518:T2:I11442,2518,T2,2025-09-15T10:16:00.000Z,24,23,20,1,3,0.8333333333333334,176.42777777777778
L2518:T2:I11447,2518,T2,2025-12-18T10:33:00.000Z,33,33,30,0,3,0.9090909090909091,127.43958333333333
L2518:T2:I11448,2518,T2,2026-06-16T16:32:00.000Z,42,42,42,0,0,1,75.68888888888888
L2519:T0,2519,T0,2025-06-13T00:00:00.000Z,18,16,16,2,0,0.8888888888888888,83
L2519:T1:I11450,2519,T1,2025-06-16T17:19:54.000Z,18,17,17,1,0,0.9444444444444444,86.72215277777778
L2519:T2:I11453,2519,T2,2025-06-26T13:05:16.000Z,19,18,16,1,2,0.8421052631578947,96.54532407407407
L2519:T2:I11451,2519,T2,2025-06-26T19:20:30.000Z,19,18,16,1,2,0.8421052631578947,96.80590277777777
L2519:T2:I11455,2519,T2,2025-07-10T14:05:00.000Z,19,18,14,1,4,0.7368421052631579,110.58680555555556
L2519:T2:I11452,2519,T2,2025-08-29T08:58:00.000Z,21,21,19,0,2,0.9047619047619048,156.3736111111111
L2519:T2:I11449,2519,T2,2026-04-12T07:51:00.000Z,29,29,26,0,3,0.896551724137931,140.32708333333332
L2519:T2:I11454,2519,T2,2026-04-29T09:32:00.000Z,31,31,30,0,1,0.967741935483871,107.39722222222223
L2520:T0,2520,T0,2025-02-13T00:00:00.000Z,16,5,5,11,0,0.3125,32
L2520:T1:I11456,2520,T1,2026-01-28T10:33:00.000Z,30,30,27,0,3,0.9,107.43958333333333
L2521:T0,2521,T0,2025-03-04T00:00:00.000Z,11,6,6,5,0,0.5454545454545454,51
L2521:T1:I11460,2521,T1,2025-03-04T14:12:10.000Z,11,6,6,5,0,0.5454545454545454,51.59178240740741
L2521:T2:I11458,2521,T2,2025-03-06T17:31:47.000Z,12,6,6,6,0,0.5,53.73040509259259
L2521:T2:I11461,2521,T2,2025-03-10T12:09:43.000Z,13,6,6,7,0,0.46153846153846156,57.50674768518518
L2521:T2:I11462,2521,T2,2025-03-15T16:22:58.000Z,13,6,6,7,0,0.46153846153846156,62.682615740740744
L2521:T2:I11457,2521,T2,2025-09-19T20:41:00.000Z,15,15,15,0,0,1,84.86180555555555
L2521:T2:I11459,2521,T2,2025-11-22T10:48:00.000Z,19,19,18,0,1,0.9473684210526315,102.45
L2521:T2:I11463,2521,T2,2026-03-12T14:01:00.000Z,25,25,23,0,2,0.92,135.58402777777778
L2522:T0,2522,T0,2025-09-22T00:00:00.000Z,29,29,26,0,3,0.896551724137931,175
L2522:T1:I11464,2522,T1,2025-09-22T15:13:40.000Z,30,30,27,0,3,0.9,175.63449074074074
L2522:T2:I11468,2522,T2,2025-10-11T12:37:00.000Z,32,32,27,0,5,0.84375,194.52569444444444
L2522:T2:I11467,2522,T2,2025-11-21T13:35:00.000Z,35,35,32,0,3,0.9142857142857143,194.56597222222223
L2522:T2:I11466,2522,T2,2026-01-07T09:24:00.000Z,36,36,31,0,5,0.8611111111111112,168.39166666666668
L2522:T2:I11465,2522,T2,2026-04-15T14:14:00.000Z,45,45,45,0,0,1,80.59305555555555
L2523:T0,2523,T0,2025-06-22T00:00:00.000Z,7,7,7,0,0,1,64
L2523:T1:I11470,2523,T1,2025-06-29T14:45:59.000Z,8,8,8,0,0,1,71.6152662037037
L2523:T2:I11469,2523,T2,2025-07-04T14:47:43.000Z,8,8,8,0,0,1,77.6164699074074
L2523:T2:I11471,2523,T2,2025-08-26T11:05:00.000Z,11,11,11,0,0,1,70.46180555555556
L2523:T2:I11472,2523,T2,2025-11-13T19:34:00.000Z,16,16,15,0,1,0.9375,134.81527777777777
L2524:T0,2524,T0,2025-07-31T00:00:00.000Z,42,39,34,3,5,0.8095238095238095,113
L2524:T1:I11474,2524,T1,2025-08-13T07:06:15.000Z,45,44,34,1,10,0.7555555555555555,126.29600694444444
L2524:T2:I11473,2524,T2,2026-04-28T18:05:00.000Z,72,72,70,0,2,0.9722222222222222,108.75347222222223
L2525:T0,2525,T0,2026-02-19T00:00:00.000Z,41,41,41,0,0,1,82
L2525:T1:I11476,2525,T1,2026-03-03T08:45:08.000Z,43,43,42,0,1,0.9767441860465116,94.36467592592592
L2525:T2:I11475,2525,T2,2026-03-03T18:59:51.000Z,43,43,42,0,1,0.9767441860465116,94.7915625
L2526:T0,2526,T0,2025-06-23T00:00:00.000Z,28,27,24,1,3,0.8571428571428571,106
L2526:T1:I11482,2526,T1,2025-07-01T16:21:54.000Z,29,29,26,0,3,0.896551724137931,114.681875
L2526:T2:I11477,2526,T2,2025-07-10T14:28:00.000Z,29,29,25,0,4,0.8620689655172413,123.60277777777777
L2526:T2:I11478,2526,T2,2025-08-21T09:42:00.000Z,32,32,28,0,4,0.875,165.40416666666667
L2526:T2:I11480,2526,T2,2025-10-07T10:06:00.000Z,36,36,34,0,2,0.9444444444444444,119.42083333333333
L2526:T2:I11479,2526,T2,2025-12-24T12:03:00.000Z,41,41,36,0,5,0.8780487804878049,152.50208333333333
L2526:T2:I11483,2526,T2,2026-02-13T12:32:00.000Z,45,45,44,0,1,0.9777777777777777,154.5222222222222
L2526:T2:I11481,2526,T2,2026-02-16T14:03:00.000Z,46,46,45,0,1,0.9782608695652174,157.58541666666667
L2527:T0,2527,T0,2026-03-05T00:00:00.000Z,43,43,42,0,1,0.9767441860465116,96
L2527:T1:I11486,2527,T1,2026-03-07T18:12:13.000Z,44,44,42,0,2,0.9545454545454546,98.75848379629629
L2527:T2:I11484,2527,T2,2026-03-16T20:21:30.000Z,45,45,43,0,2,0.9555555555555556,107.8482638888889
L2527:T2:I11485,2527,T2,2026-04-28T09:39:00.000Z,49,49,47,0,2,0.9591836734693877,101.40208333333334
L2528:T0,2528,T0,2026-04-30T00:00:00.000Z,31,31,31,0,0,1,64
L2528:T1:I11494,2528,T1,2026-04-30T11:42:07.000Z,32,32,32,0,0,1,64.48758101851851
L2528:T2:I11487,2528,T2,2026-05-03T07:20:30.000Z,31,31,31,0,0,1,67.30590277777777
L2528:T2:I11488,2528,T2,2026-05-03T08:14:41.000Z,32,32,32,0,0,1,67.34353009259259
L2528:T2:I11491,2528,T2,2026-05-04T18:09:30.000Z,32,32,32,0,0,1,68.75659722222223
L2528:T2:I11489,2528,T2,2026-05-05T14:04:18.000Z,31,31,31,0,0,1,69.58631944444444
L2528:T2:I11492,2528,T2,2026-05-06T11:23:19.000Z,32,32,32,0,0,1,70.47452546296296
L2528:T2:I11493,2528,T2,2026-05-08T16:16:37.000Z,32,32,32,0,0,1,72.67820601851852
L2528:T2:I11490,2528,T2,2026-05-18T15:04:00.000Z,32,32,32,0,0,1,82.62777777777778
L2529:T0,2529,T0,2026-01-01T00:00:00.000Z,86,86,80,0,6,0.9302325581395349,131
L2529:T1:I11498,2529,T1,2026-01-06T20:59:00.000Z,87,87,82,0,5,0.9425287356321839,136.87430555555557
L2529:T2:I11497,2529,T2,2026-01-07T13:52:32.000Z,87,87,83,0,4,0.9540229885057471,137.57814814814816
L2529:T2:I11495,2529,T2,2026-01-07T18:37:22.000Z,87,87,82,0,5,0.9425287356321839,137.77594907407408
L2529:T2:I11496,2529,T2,2026-02-17T16:49:00.000Z,94,94,89,0,5,0.9468085106382979,178.70069444444445
L2530:T0,2530,T0,2026-01-02T00:00:00.000Z,56,56,51,0,5,0.9107142857142857,148
L2530:T1:I11503,2530,T1,2026-01-03T12:46:54.000Z,57,57,52,0,5,0.9122807017543859,149.53256944444445
L2530:T2:I11504,2530,T2,2026-01-11T15:25:15.000Z,58,58,53,0,5,0.9137931034482759,157.64253472222222
L2530:T2:I11502,2530,T2,2026-01-11T18:25:07.000Z,58,58,53,0,5,0.9137931034482759,157.76744212962964
L2530:T2:I11499,2530,T2,2026-01-16T13:15:00.000Z,58,58,54,0,4,0.9310344827586207,158.55208333333334
L2530:T2:I11505,2530,T2,2026-03-20T11:35:00.000Z,67,67,66,0,1,0.9850746268656716,221.48263888888889
L2530:T2:I11500,2530,T2,2026-03-20T16:37:00.000Z,66,66,65,0,1,0.9848484848484849,221.6923611111111
L2530:T2:I11501,2530,T2,2026-06-16T17:34:00.000Z,80,80,78,0,2,0.975,157.73194444444445
L2531:T0,2531,T0,2025-03-15T00:00:00.000Z,7,4,4,3,0,0.5714285714285714,39
L2531:T1:I11508,2531,T1,2025-03-20T17:09:05.000Z,8,5,5,3,0,0.625,44.71464120370371
L2531:T2:I11506,2531,T2,2025-11-10T16:37:00.000Z,18,18,18,0,0,1,71.69236111111111
L2531:T2:I11507,2531,T2,2026-04-08T11:44:00.000Z,29,29,28,0,1,0.9655172413793104,93.4888888888889
L2532:T0,2532,T0,2025-01-28T00:00:00.000Z,22,2,2,20,0,0.09090909090909091,21
L2532:T1:I11510,2532,T1,2025-04-12T20:30:00.000Z,28,8,8,20,0,0.2857142857142857,49.854166666666664
L2532:T2:I11511,2532,T2,2025-07-21T12:16:00.000Z,35,25,23,10,2,0.6571428571428571,134.51111111111112
L2532:T2:I11509,2532,T2,2025-08-01T10:13:00.000Z,36,28,26,8,2,0.7222222222222222,131.42569444444445
L2533:T0,2533,T0,2026-01-31T00:00:00.000Z,45,45,43,0,2,0.9555555555555556,100
L2533:T1:I11512,2533,T1,2026-02-02T09:27:07.000Z,45,45,43,0,2,0.9555555555555556,102.39383101851851
L2533:T2:I11515,2533,T2,2026-02-05T12:11:50.000Z,46,46,45,0,1,0.9782608695652174,105.50821759259259
L2533:T2:I11516,2533,T2,2026-02-06T13:04:30.000Z,46,46,45,0,1,0.9782608695652174,106.54479166666667
L2533:T2:I11517,2533,T2,2026-02-09T13:30:25.000Z,46,46,45,0,1,0.9782608695652174,109.56278935185185
L2533:T2:I11513,2533,T2,2026-03-21T09:05:00.000Z,51,51,49,0,2,0.9607843137254902,125.37847222222223
L2533:T2:I11514,2533,T2,2026-05-10T11:32:00.000Z,57,57,55,0,2,0.9649122807017544,133.48055555555555
L2534:T0,2534,T0,2025-11-14T00:00:00.000Z,45,45,43,0,2,0.9555555555555556,114
L2534:T1:I11519,2534,T1,2025-11-17T18:13:01.000Z,46,46,44,0,2,0.9565217391304348,117.75903935185185
L2534:T2:I11520,2534,T2,2025-11-20T14:47:15.000Z,46,46,44,0,2,0.9565217391304348,120.61614583333333
L2534:T2:I11521,2534,T2,2025-11-23T08:14:13.000Z,46,46,42,0,4,0.9130434782608695,123.34320601851852
L2534:T2:I11518,2534,T2,2025-11-23T17:03:56.000Z,46,46,41,0,5,0.8913043478260869,123.71106481481482
L2534:T2:I11522,2534,T2,2025-11-24T18:39:54.000Z,46,46,42,0,4,0.9130434782608695,124.77770833333334
L2535:T0,2535,T0,2026-02-02T00:00:00.000Z,132,131,116,1,15,0.8787878787878788,151
L2535:T1:I11526,2535,T1,2026-02-03T09:52:06.000Z,133,132,118,1,14,0.8872180451127819,152.41118055555555
L2535:T2:I11523,2535,T2,2026-02-05T18:01:06.000Z,134,133,120,1,13,0.8955223880597015,154.75076388888888
L2535:T2:I11525,2535,T2,2026-02-08T18:20:34.000Z,136,135,123,1,12,0.9044117647058824,157.76428240740742
L2535:T2:I11528,2535,T2,2026-02-11T15:06:33.000Z,137,136,123,1,13,0.8978102189781022,170.62954861111112
L2535:T2:I11527,2535,T2,2026-02-11T19:25:40.000Z,137,136,124,1,12,0.9051094890510949,160.80949074074073
L2535:T2:I11524,2535,T2,2026-02-14T13:39:20.000Z,137,136,126,1,10,0.9197080291970803,163.56898148148147
L2536:T0,2536,T0,2025-12-14T00:00:00.000Z,20,20,19,0,1,0.95,124
L2536:T1:I11533,2536,T1,2025-12-15T16:09:32.000Z,21,21,20,0,1,0.9523809523809523,125.67328703703704
L2536:T2:I11532,2536,T2,2025-12-16T07:16:06.000Z,21,21,20,0,1,0.9523809523809523,126.30284722222223
L2536:T2:I11529,2536,T2,2025-12-16T08:28:48.000Z,21,21,20,0,1,0.9523809523809523,126.35333333333334
L2536:T2:I11534,2536,T2,2025-12-17T08:14:56.000Z,21,21,21,0,0,1,75.34370370370371
L2536:T2:I11530,2536,T2,2025-12-19T07:45:42.000Z,21,21,21,0,0,1,75.32340277777777
L2536:T2:I11531,2536,T2,2026-05-29T10:56:00.000Z,31,31,31,0,0,1,87.45555555555555
L2537:T0,2537,T0,2025-01-24T00:00:00.000Z,5,0,0,5,0,0,
L2537:T1:I11538,2537,T1,2025-02-06T18:24:28.000Z,6,0,0,6,0,0,
L2537:T2:I11535,2537,T2,2025-05-03T17:47:00.000Z,8,5,5,3,0,0.625,52.740972222222226
L2537:T2:I11536,2537,T2,2025-07-23T17:51:00.000Z,8,8,7,0,1,0.875,95.74375
L2537:T2:I11539,2537,T2,2026-03-13T15:29:00.000Z,20,20,20,0,0,1,84.6451388888889
L2537:T2:I11537,2537,T2,2026-04-06T13:43:00.000Z,20,20,20,0,0,1,39.571527777777774
L2538:T0,2538,T0,2025-10-27T00:00:00.000Z,17,16,14,1,2,0.8235294117647058,146
L2538:T1:I11541,2538,T1,2025-11-03T19:11:19.000Z,18,17,14,1,3,0.7777777777777778,153.79952546296298
L2538:T2:I11540,2538,T2,2025-11-07T08:35:00.000Z,18,17,14,1,3,0.7777777777777778,157.35763888888889
L2539:T0,2539,T0,2025-10-29T00:00:00.000Z,15,15,15,0,0,1,71
L2539:T1:I11542,2539,T1,2025-11-11T18:04:16.000Z,16,16,16,0,0,1,68.75296296296297
L2539:T2:I11543,2539,T2,2026-03-27T15:12:00.000Z,18,18,18,0,0,1,62.63333333333333
L2539:T2:I11544,2539,T2,2026-06-17T17:13:00.000Z,22,22,22,0,0,1,83.71736111111112
L2540:T0,2540,T0,2025-12-28T00:00:00.000Z,38,38,36,0,2,0.9473684210526315,126
L2540:T1:I11546,2540,T1,2025-12-30T08:21:49.000Z,39,39,35,0,4,0.8974358974358975,128.3484837962963
L2540:T2:I11545,2540,T2,2026-01-03T18:43:55.000Z,38,38,34,0,4,0.8947368421052632,132.7804976851852
L2540:T2:I11548,2540,T2,2026-03-28T15:01:00.000Z,43,43,42,0,1,0.9767441860465116,97.62569444444445
L2540:T2:I11547,2540,T2,2026-06-08T19:42:00.000Z,45,45,45,0,0,1,87.82083333333334
L2541:T0,2541,T0,2025-10-02T00:00:00.000Z,12,11,8,1,3,0.6666666666666666,126
L2541:T1:I11554,2541,T1,2025-10-02T13:15:55.000Z,13,12,9,1,3,0.6923076923076923,126.55271990740741
L2541:T2:I11551,2541,T2,2025-10-06T11:10:52.000Z,13,12,9,1,3,0.6923076923076923,130.46587962962963
L2541:T2:I11553,2541,T2,2025-10-11T15:14:35.000Z,13,12,8,1,4,0.6153846153846154,156.6351273148148
L2541:T2:I11552,2541,T2,2025-10-15T18:17:55.000Z,13,12,8,1,4,0.6153846153846154,254.76244212962962
L2541:T2:I11550,2541,T2,2026-03-14T15:30:00.000Z,17,17,17,0,0,1,52.645833333333336
L2541:T2:I11549,2541,T2,2026-05-04T16:34:00.000Z,23,23,23,0,0,1,48.69027777777778
L2541:T2:I11556,2541,T2,2026-05-06T08:43:00.000Z,23,23,23,0,0,1,50.363194444444446
L2541:T2:I11555,2541,T2,2026-06-04T08:17:00.000Z,24,24,24,0,0,1,56.34513888888889
L2542:T0,2542,T0,2025-09-16T00:00:00.000Z,46,45,41,1,4,0.8913043478260869,170
L2542:T1:I11557,2542,T1,2025-09-23T14:48:39.000Z,48,48,43,0,5,0.8958333333333334,177.61711805555555
L2543:T0,2543,T0,2025-12-19T00:00:00.000Z,40,40,36,0,4,0.9,147
L2543:T1:I11558,2543,T1,2025-12-24T14:34:51.000Z,41,41,36,0,5,0.8780487804878049,152.60753472222223
L2543:T2:I11559,2543,T2,2025-12-26T17:07:04.000Z,41,41,37,0,4,0.9024390243902439,154.71324074074073
L2544:T0,2544,T0,2025-12-01T00:00:00.000Z,23,23,21,0,2,0.9130434782608695,164
L2544:T1:I11566,2544,T1,2025-12-05T11:10:37.000Z,24,24,21,0,3,0.875,168.46570601851852
L2544:T2:I11564,2544,T2,2025-12-07T19:46:49.000Z,24,24,22,0,2,0.9166666666666666,170.82417824074074
L2544:T2:I11565,2544,T2,2025-12-08T10:15:46.000Z,24,24,22,0,2,0.9166666666666666,171.42761574074075
L2544:T2:I11563,2544,T2,2025-12-13T09:11:58.000Z,24,24,21,0,3,0.875,182.3833101851852
L2544:T2:I11562,2544,T2,2025-12-14T15:39:42.000Z,24,24,22,0,2,0.9166666666666666,177.65256944444445
L2544:T2:I11567,2544,T2,2025-12-14T19:11:24.000Z,24,24,22,0,2,0.9166666666666666,177.79958333333335
L2544:T2:I11560,2544,T2,2026-04-13T14:05:00.000Z,29,29,26,0,3,0.896551724137931,141.58680555555554
L2544:T2:I11561,2544,T2,2026-06-10T18:45:00.000Z,34,34,33,0,1,0.9705882352941176,100.78125
L2545:T0,2545,T0,2026-01-12T00:00:00.000Z,27,27,25,0,2,0.9259259259259259,123
L2545:T1:I11574,2545,T1,2026-01-14T07:16:26.000Z,28,28,26,0,2,0.9285714285714286,125.3030787037037
L2545:T2:I11568,2545,T2,2026-01-18T10:43:01.000Z,27,27,25,0,2,0.9259259259259259,129.44653935185184
L2545:T2:I11572,2545,T2,2026-01-21T19:39:29.000Z,28,28,27,0,1,0.9642857142857143,101.81908564814815
L2545:T2:I11570,2545,T2,2026-01-23T14:07:45.000Z,28,28,27,0,1,0.9642857142857143,103.58871527777778
L2545:T2:I11573,2545,T2,2026-01-23T14:16:03.000Z,28,28,27,0,1,0.9642857142857143,103.59447916666667
L2545:T2:I11571,2545,T2,2026-03-15T13:21:00.000Z,30,30,26,0,4,0.8666666666666667,154.55625
L2545:T2:I11569,2545,T2,2026-06-11T09:27:00.000Z,36,36,33,0,3,0.9166666666666666,206.39375
L2546:T0,2546,T0,2025-06-06T00:00:00.000Z,14,11,9,3,2,0.6428571428571429,124
L2546:T1:I11576,2546,T1,2025-06-14T07:21:12.000Z,15,13,11,2,2,0.7333333333333333,132.30638888888888
L2546:T2:I11579,2546,T2,2025-06-18T08:23:54.000Z,16,14,12,2,2,0.75,136.34993055555555
L2546:T2:I11575,2546,T2,2025-06-19T19:08:34.000Z,16,14,12,2,2,0.75,137.79761574074075
L2546:T2:I11581,2546,T2,2025-09-24T08:23:00.000Z,17,17,16,0,1,0.9411764705882353,107.34930555555556
L2546:T2:I11580,2546,T2,2025-12-30T11:18:00.000Z,21,21,19,0,2,0.9047619047619048,122.47083333333333
L2546:T2:I11578,2546,T2,2026-02-02T12:11:00.000Z,23,23,23,0,0,1,78.50763888888889
L2546:T2:I11582,2546,T2,2026-02-09T19:20:00.000Z,23,23,23,0,0,1,85.80555555555556
L2546:T2:I11577,2546,T2,2026-06-07T09:20:00.000Z,25,25,25,0,0,1,52.388888888888886
L2547:T0,2547,T0,2025-02-06T00:00:00.000Z,18,5,5,13,0,0.2777777777777778,13
L2547:T1:I11583,2547,T1,2026-05-31T19:43:00.000Z,64,64,63,0,1,0.984375,98.82152777777777
L2548:T0,2548,T0,2025-09-17T00:00:00.000Z,24,22,21,2,1,0.875,147
L2548:T1:I11585,2548,T1,2025-09-18T20:37:32.000Z,25,23,22,2,1,0.88,148.85939814814816
L2548:T2:I11584,2548,T2,2025-09-19T12:45:33.000Z,25,23,21,2,2,0.84,149.53163194444446
L2549:T0,2549,T0,2025-05-16T00:00:00.000Z,43,29,26,14,3,0.6046511627906976,110
L2549:T1:I11591,2549,T1,2025-05-21T16:54:52.000Z,47,32,27,15,5,0.574468085106383,115.70476851851852
L2549:T2:I11592,2549,T2,2025-05-21T18:07:44.000Z,47,32,27,15,5,0.574468085106383,115.75537037037037
L2549:T2:I11589,2549,T2,2025-05-25T16:55:12.000Z,46,31,26,15,5,0.5652173913043478,119.705
L2549:T2:I11587,2549,T2,2025-05-26T14:48:18.000Z,47,33,28,14,5,0.5957446808510638,120.616875
L2549:T2:I11586,2549,T2,2025-05-29T11:24:45.000Z,48,37,32,11,5,0.6666666666666666,123.47552083333333
L2549:T2:I11588,2549,T2,2025-10-22T11:56:00.000Z,69,68,59,1,9,0.855072463768116,211.49722222222223
L2549:T2:I11590,2549,T2,2026-05-28T16:22:00.000Z,93,93,89,0,4,0.956989247311828,134.68194444444444
L2550:T0,2550,T0,2025-04-15T00:00:00.000Z,6,6,6,0,0,1,57
L2550:T1:I11594,2550,T1,2025-04-24T13:27:45.000Z,8,8,8,0,0,1,66.5609375
L2550:T2:I11598,2550,T2,2025-07-19T10:05:00.000Z,10,10,10,0,0,1,64.42013888888889
L2550:T2:I11597,2550,T2,2025-10-25T07:18:00.000Z,15,15,14,0,1,0.9333333333333333,133.30416666666667
L2550:T2:I11595,2550,T2,2025-11-04T11:36:00.000Z,15,15,15,0,0,1,87.48333333333333
L2550:T2:I11596,2550,T2,2025-11-12T12:31:00.000Z,15,15,14,0,1,0.9333333333333333,95.52152777777778
L2550:T2:I11593,2550,T2,2025-11-24T12:36:00.000Z,15,15,13,0,2,0.8666666666666667,93.525
L2550:T2:I11599,2550,T2,2026-01-16T11:45:00.000Z,16,16,15,0,1,0.9375,144.48958333333334
L2550:T2:I11600,2550,T2,2026-04-06T16:29:00.000Z,17,17,16,0,1,0.9411764705882353,112.68680555555555
L2551:T0,2551,T0,2026-03-27T00:00:00.000Z,54,54,52,0,2,0.9629629629629629,123
L2551:T1:I11601,2551,T1,2026-03-29T15:34:35.000Z,55,55,53,0,2,0.9636363636363636,125.64901620370371
L2551:T2:I11605,2551,T2,2026-03-31T17:03:24.000Z,55,55,53,0,2,0.9636363636363636,127.71069444444444
L2551:T2:I11607,2551,T2,2026-04-03T20:07:30.000Z,55,55,53,0,2,0.9636363636363636,130.83854166666666
L2551:T2:I11606,2551,T2,2026-04-06T18:14:27.000Z,55,55,53,0,2,0.9636363636363636,133.76003472222223
L2551:T2:I11608,2551,T2,2026-04-07T15:58:33.000Z,55,55,53,0,2,0.9636363636363636,134.66565972222222
L2551:T2:I11602,2551,T2,2026-04-07T20:11:24.000Z,55,55,53,0,2,0.9636363636363636,134.84125
L2551:T2:I11603,2551,T2,2026-05-18T19:35:00.000Z,59,59,56,0,3,0.9491525423728814,124.81597222222223
L2551:T2:I11604,2551,T2,2026-06-25T11:42:00.000Z,61,61,60,0,1,0.9836065573770492,111.4875
L2552:T0,2552,T0,2025-11-03T00:00:00.000Z,40,40,37,0,3,0.925,226
L2552:T1:I11609,2552,T1,2025-11-06T11:59:24.000Z,41,41,39,0,2,0.9512195121951219,109.49958333333333
L2552:T2:I11611,2552,T2,2025-11-07T15:33:16.000Z,41,41,38,0,3,0.926829268292683,110.64810185185185
L2552:T2:I11612,2552,T2,2025-11-08T12:25:30.000Z,41,41,38,0,3,0.926829268292683,111.51770833333333
L2552:T2:I11610,2552,T2,2026-02-16T08:32:00.000Z,47,47,44,0,3,0.9361702127659575,154.35555555555555
L2552:T2:I11613,2552,T2,2026-04-12T11:42:00.000Z,53,53,52,0,1,0.9811320754716981,114.4875
L2553:T0,2553,T0,2025-10-10T00:00:00.000Z,33,33,29,0,4,0.8787878787878788,156
L2553:T1:I11617,2553,T1,2025-10-16T15:38:58.000Z,35,35,31,0,4,0.8857142857142857,162.65206018518518
L2553:T2:I11614,2553,T2,2025-10-18T11:02:18.000Z,35,35,31,0,4,0.8857142857142857,164.45993055555556
L2553:T2:I11618,2553,T2,2025-10-19T08:37:52.000Z,36,36,32,0,4,0.8888888888888888,165.35962962962964
L2553:T2:I11615,2553,T2,2026-01-26T17:05:00.000Z,45,45,43,0,2,0.9555555555555556,159.71180555555554
L2553:T2:I11616,2553,T2,2026-05-11T12:01:00.000Z,55,55,53,0,2,0.9636363636363636,98.50069444444445
L2554:T0,2554,T0,2025-06-17T00:00:00.000Z,28,26,24,2,2,0.8571428571428571,100
L2554:T1:I11619,2554,T1,2025-06-30T07:55:34.000Z,29,29,26,0,3,0.896551724137931,113.33025462962964
L2555:T0,2555,T0,2026-03-20T00:00:00.000Z,55,55,52,0,3,0.9454545454545454,129
L2555:T1:I11620,2555,T1,2026-03-22T16:40:09.000Z,56,56,53,0,3,0.9464285714285714,131.69454861111112
L2555:T2:I11623,2555,T2,2026-03-23T07:39:44.000Z,56,56,53,0,3,0.9464285714285714,132.31925925925927
L2555:T2:I11625,2555,T2,2026-03-26T12:15:56.000Z,57,57,54,0,3,0.9473684210526315,135.5110648148148
L2555:T2:I11622,2555,T2,2026-03-29T12:04:52.000Z,57,57,54,0,3,0.9473684210526315,138.50337962962962
L2555:T2:I11621,2555,T2,2026-03-31T08:54:12.000Z,57,57,53,0,4,0.9298245614035088,140.37097222222224
L2555:T2:I11624,2555,T2,2026-04-14T08:20:00.000Z,59,59,55,0,4,0.9322033898305084,154.34722222222223
L2556:T0,2556,T0,2026-04-13T00:00:00.000Z,27,27,23,0,4,0.8518518518518519,132
L2556:T1:I11626,2556,T1,2026-04-13T07:51:35.000Z,28,28,23,0,5,0.8214285714285714,136.32748842592594
L2557:T0,2557,T0,2025-05-20T00:00:00.000Z,18,13,12,5,1,0.6666666666666666,112
L2557:T1:I11629,2557,T1,2025-05-27T19:29:32.000Z,19,14,13,5,1,0.6842105263157895,119.81217592592593
L2557:T2:I11632,2557,T2,2025-06-01T17:40:56.000Z,19,14,13,5,1,0.6842105263157895,124.73675925925926
L2557:T2:I11631,2557,T2,2025-06-02T08:32:06.000Z,19,15,14,4,1,0.7368421052631579,125.355625
L2557:T2:I11627,2557,T2,2025-08-01T10:48:00.000Z,22,22,20,0,2,0.9090909090909091,139.45
L2557:T2:I11630,2557,T2,2025-09-13T11:10:00.000Z,24,24,21,0,3,0.875,182.46527777777777
L2557:T2:I11628,2557,T2,2026-06-12T12:19:00.000Z,40,40,39,0,1,0.975,143.51319444444445
L2558:T0,2558,T0,2025-09-22T00:00:00.000Z,40,40,34,0,6,0.85,132
L2558:T1:I11636,2558,T1,2025-09-27T20:40:38.000Z,41,41,34,0,7,0.8292682926829268,137.86155092592594
L2558:T2:I11635,2558,T2,2025-10-01T15:14:11.000Z,41,41,36,0,5,0.8780487804878049,141.63484953703704
L2558:T2:I11634,2558,T2,2025-10-02T19:00:16.000Z,41,41,36,0,5,0.8780487804878049,142.79185185185185
L2558:T2:I11633,2558,T2,2025-10-04T13:49:00.000Z,41,41,36,0,5,0.8780487804878049,144.57569444444445
L2559:T0,2559,T0,2026-05-28T00:00:00.000Z,73,73,71,0,2,0.9726027397260274,120
L2559:T1:I11637,2559,T1,2026-06-02T20:23:47.000Z,75,75,73,0,2,0.9733333333333334,125.84984953703703
L2559:T2:I11638,2559,T2,2026-06-03T09:35:58.000Z,75,75,72,0,3,0.96,126.39997685185185
L2560:T0,2560,T0,2025-11-17T00:00:00.000Z,31,31,28,0,3,0.9032258064516129,136
L2560:T1:I11639,2560,T1,2025-11-21T20:37:32.000Z,32,32,29,0,3,0.90625,140.85939814814816
L2561:T0,2561,T0,2025-09-10T00:00:00.000Z,38,38,33,0,5,0.868421052631579,172
L2561:T1:I11641,2561,T1,2025-09-11T17:34:52.000Z,39,39,34,0,5,0.8717948717948718,173.7325462962963
L2561:T2:I11643,2561,T2,2025-09-12T19:24:26.000Z,39,39,34,0,5,0.8717948717948718,174.80863425925926
L2561:T2:I11640,2561,T2,2025-09-14T16:27:21.000Z,39,39,33,0,6,0.8461538461538461,199.68565972222223
L2561:T2:I11644,2561,T2,2025-09-16T16:30:49.000Z,39,39,35,0,4,0.8974358974358975,178.68806712962962
L2561:T2:I11642,2561,T2,2026-03-11T20:04:00.000Z,52,52,52,0,0,1,82.83611111111111
L2562:T0,2562,T0,2026-02-12T00:00:00.000Z,79,79,78,0,1,0.9873417721518988,126
L2562:T1:I11645,2562,T1,2026-02-12T13:11:28.000Z,80,80,79,0,1,0.9875,126.54962962962964
L2562:T2:I11646,2562,T2,2026-02-21T09:01:59.000Z,80,80,79,0,1,0.9875,135.37637731481482
L2562:T2:I11647,2562,T2,2026-02-24T18:09:58.000Z,80,80,79,0,1,0.9875,138.7569212962963
L2563:T0,2563,T0,2025-09-23T00:00:00.000Z,11,11,8,0,3,0.7272727272727273,144
L2563:T1:I11648,2563,T1,2025-09-25T12:58:09.000Z,12,12,10,0,2,0.8333333333333334,146.54038194444445
L2563:T2:I11650,2563,T2,2025-10-01T12:21:48.000Z,12,12,11,0,1,0.9166666666666666,146.51513888888888
L2563:T2:I11654,2563,T2,2025-10-04T10:04:16.000Z,12,12,10,0,2,0.8333333333333334,149.41962962962964
L2563:T2:I11651,2563,T2,2026-03-24T13:36:00.000Z,17,17,15,0,2,0.8823529411764706,123.56666666666666
L2563:T2:I11653,2563,T2,2026-05-11T20:58:00.000Z,21,21,18,0,3,0.8571428571428571,171.8736111111111
L2563:T2:I11649,2563,T2,2026-05-28T12:06:00.000Z,21,21,17,0,4,0.8095238095238095,188.50416666666666
L2563:T2:I11652,2563,T2,2026-06-29T17:01:00.000Z,23,23,22,0,1,0.9565217391304348,140.70902777777778
L2564:T0,2564,T0,2025-02-03T00:00:00.000Z,20,1,1,19,0,0.05,1
L2564:T1:I11657,2564,T1,2025-02-04T15:39:13.000Z,21,1,1,20,0,0.047619047619047616,2.6522337962962963
L2564:T2:I11656,2564,T2,2025-02-13T09:50:45.000Z,21,2,2,19,0,0.09523809523809523,11.410243055555556
L2564:T2:I11658,2564,T2,2025-02-15T11:02:55.000Z,21,2,2,19,0,0.09523809523809523,13.460358796296296
L2564:T2:I11659,2564,T2,2025-04-02T20:34:00.000Z,25,7,7,18,0,0.28,30.856944444444444
L2564:T2:I11655,2564,T2,2025-11-14T07:38:00.000Z,41,41,38,0,3,0.926829268292683,135.31805555555556
L2565:T0,2565,T0,2025-06-10T00:00:00.000Z,7,6,6,1,0,0.8571428571428571,88
L2565:T1:I11660,2565,T1,2025-06-20T15:57:24.000Z,9,9,8,0,1,0.8888888888888888,93.66486111111111
L2566:T0,2566,T0,2026-04-10T00:00:00.000Z,102,102,98,0,4,0.9607843137254902,197
L2566:T1:I11664,2566,T1,2026-04-11T11:18:28.000Z,103,103,99,0,4,0.9611650485436893,198.47115740740742
L2566:T2:I11663,2566,T2,2026-04-13T19:04:46.000Z,104,104,102,0,2,0.9807692307692307,200.79497685185186
L2566:T2:I11661,2566,T2,2026-04-18T09:50:47.000Z,104,104,103,0,1,0.9903846153846154,205.4102662037037
L2566:T2:I11666,2566,T2,2026-04-20T12:47:51.000Z,104,104,103,0,1,0.9903846153846154,207.53322916666667
L2566:T2:I11668,2566,T2,2026-04-22T09:12:37.000Z,105,105,104,0,1,0.9904761904761905,209.38376157407407
L2566:T2:I11662,2566,T2,2026-04-22T10:51:17.000Z,105,105,104,0,1,0.9904761904761905,209.4522800925926
L2566:T2:I11665,2566,T2,2026-05-04T17:27:00.000Z,106,106,104,0,2,0.9811320754716981,221.72708333333333
L2566:T2:I11667,2566,T2,2026-05-12T17:50:00.000Z,107,107,104,0,3,0.9719626168224299,229.74305555555554
L2567:T0,2567,T0,2026-03-10T00:00:00.000Z,27,27,26,0,1,0.9629629629629629,114
L2567:T1:I11669,2567,T1,2026-03-14T07:33:17.000Z,28,28,27,0,1,0.9642857142857143,118.3147800925926
L2567:T2:I11672,2567,T2,2026-03-14T16:00:29.000Z,28,28,27,0,1,0.9642857142857143,118.66700231481481
L2567:T2:I11671,2567,T2,2026-03-16T18:21:45.000Z,28,28,27,0,1,0.9642857142857143,120.76510416666666
L2567:T2:I11674,2567,T2,2026-03-17T15:17:26.000Z,28,28,27,0,1,0.9642857142857143,121.63710648148148
L2567:T2:I11670,2567,T2,2026-03-19T09:36:59.000Z,28,28,27,0,1,0.9642857142857143,123.40068287037037
L2567:T2:I11673,2567,T2,2026-03-20T11:03:37.000Z,29,29,28,0,1,0.9655172413793104,124.4608449074074
L2567:T2:I11675,2567,T2,2026-03-23T12:52:54.000Z,29,29,28,0,1,0.9655172413793104,127.53673611111111
L2568:T0,2568,T0,2026-04-13T00:00:00.000Z,34,34,32,0,2,0.9411764705882353,106
L2568:T1:I11676,2568,T1,2026-04-21T11:10:18.000Z,35,35,34,0,1,0.9714285714285714,114.4654861111111
L2568:T2:I11677,2568,T2,2026-04-25T17:14:03.000Z,35,35,34,0,1,0.9714285714285714,118.71809027777778
L2569:T0,2569,T0,2026-01-16T00:00:00.000Z,69,69,67,0,2,0.9710144927536232,123
L2569:T1:I11679,2569,T1,2026-01-20T13:54:17.000Z,72,72,70,0,2,0.9722222222222222,127.57936342592592
L2569:T2:I11683,2569,T2,2026-01-22T17:23:13.000Z,71,71,69,0,2,0.971830985915493,129.7244560185185
L2569:T2:I11681,2569,T2,2026-01-23T16:19:58.000Z,72,72,68,0,4,0.9444444444444444,133.6805324074074
L2569:T2:I11680,2569,T2,2026-01-24T09:48:30.000Z,72,72,69,0,3,0.9583333333333334,131.40868055555555
L2569:T2:I11678,2569,T2,2026-01-25T13:37:21.000Z,72,72,69,0,3,0.9583333333333334,132.56760416666665
L2569:T2:I11682,2569,T2,2026-01-29T18:57:03.000Z,72,72,69,0,3,0.9583333333333334,136.78961805555556
L2570:T0,2570,T0,2025-07-08T00:00:00.000Z,12,11,10,1,1,0.8333333333333334,121
L2570:T1:I11685,2570,T1,2025-07-14T20:43:27.000Z,13,11,10,2,1,0.7692307692307693,127.86350694444444
L2570:T2:I11688,2570,T2,2025-07-19T14:48:31.000Z,13,12,11,1,1,0.8461538461538461,132.61702546296297
L2570:T2:I11687,2570,T2,2025-07-19T19:47:07.000Z,13,12,11,1,1,0.8461538461538461,132.82438657407408
L2570:T2:I11686,2570,T2,2025-07-21T14:03:53.000Z,13,12,11,1,1,0.8461538461538461,134.58603009259258
L2570:T2:I11684,2570,T2,2025-08-15T16:39:00.000Z,14,13,12,1,1,0.8571428571428571,102.69375
L2570:T2:I11689,2570,T2,2025-12-27T10:32:00.000Z,21,21,21,0,0,1,83.43888888888888
L2571:T0,2571,T0,2026-04-17T00:00:00.000Z,69,69,68,0,1,0.9855072463768116,97
L2571:T1:I11691,2571,T1,2026-04-17T14:10:42.000Z,70,70,69,0,1,0.9857142857142858,97.59076388888889
L2571:T2:I11692,2571,T2,2026-04-20T20:30:16.000Z,71,71,69,0,2,0.971830985915493,100.85435185185185
L2571:T2:I11690,2571,T2,2026-04-21T08:25:03.000Z,72,72,70,0,2,0.9722222222222222,101.35072916666667
L2571:T2:I11693,2571,T2,2026-04-25T09:49:57.000Z,71,71,69,0,2,0.971830985915493,105.4096875
L2572:T0,2572,T0,2025-09-02T00:00:00.000Z,41,40,34,1,6,0.8292682926829268,155
L2572:T1:I11697,2572,T1,2025-09-02T15:17:17.000Z,42,41,35,1,6,0.8333333333333334,155.63700231481482
L2572:T2:I11699,2572,T2,2025-09-03T13:59:52.000Z,42,41,35,1,6,0.8333333333333334,156.58324074074073
L2572:T2:I11696,2572,T2,2025-09-03T15:15:23.000Z,42,41,34,1,7,0.8095238095238095,156.63568287037037
L2572:T2:I11694,2572,T2,2025-09-10T18:07:34.000Z,43,42,35,1,7,0.813953488372093,163.75525462962963
L2572:T2:I11695,2572,T2,2025-09-13T08:38:26.000Z,43,43,37,0,6,0.8604651162790697,166.36002314814814
L2572:T2:I11698,2572,T2,2025-09-13T13:30:00.000Z,43,43,37,0,6,0.8604651162790697,166.5625
L2573:T0,2573,T0,2025-08-20T00:00:00.000Z,20,20,16,0,4,0.8,140
L2573:T1:I11703,2573,T1,2025-08-31T13:47:20.000Z,22,22,18,0,4,0.8181818181818182,151.57453703703703
L2573:T2:I11701,2573,T2,2025-12-09T13:00:00.000Z,26,26,26,0,0,1,70.54166666666667
L2573:T2:I11700,2573,T2,2026-01-29T20:49:00.000Z,26,26,24,0,2,0.9230769230769231,115.86736111111111
L2573:T2:I11702,2573,T2,2026-04-28T11:44:00.000Z,27,27,26,0,1,0.9629629629629629,144.48888888888888
L2574:T0,2574,T0,2026-03-09T00:00:00.000Z,30,30,30,0,0,1,78
L2574:T1:I11706,2574,T1,2026-03-09T07:14:08.000Z,31,31,31,0,0,1,78.30148148148149
L2574:T2:I11704,2574,T2,2026-03-17T18:29:50.000Z,30,30,30,0,0,1,86.77071759259259
L2574:T2:I11707,2574,T2,2026-03-17T20:30:58.000Z,31,31,31,0,0,1,86.85483796296296
L2574:T2:I11708,2574,T2,2026-03-19T18:32:27.000Z,33,33,33,0,0,1,88.77253472222222
L2574:T2:I11709,2574,T2,2026-04-03T08:19:00.000Z,34,34,33,0,1,0.9705882352941176,103.34652777777778
L2574:T2:I11705,2574,T2,2026-05-28T10:52:00.000Z,35,35,35,0,0,1,62.452777777777776
L2575:T0,2575,T0,2026-03-22T00:00:00.000Z,47,47,44,0,3,0.9361702127659575,106
L2575:T1:I11711,2575,T1,2026-03-31T19:30:10.000Z,48,48,46,0,2,0.9583333333333334,115.81261574074074
L2575:T2:I11710,2575,T2,2026-04-03T20:12:19.000Z,47,47,46,0,1,0.9787234042553191,108.84188657407407
L2576:T0,2576,T0,2026-02-28T00:00:00.000Z,17,17,16,0,1,0.9411764705882353,99
L2576:T1:I11716,2576,T1,2026-03-02T20:12:05.000Z,18,18,17,0,1,0.9444444444444444,101.84172453703704
L2576:T2:I11719,2576,T2,2026-03-03T12:01:15.000Z,18,18,17,0,1,0.9444444444444444,102.50086805555556
L2576:T2:I11713,2576,T2,2026-03-06T07:45:17.000Z,18,18,17,0,1,0.9444444444444444,105.32311342592592
L2576:T2:I11718,2576,T2,2026-03-06T15:03:02.000Z,18,18,17,0,1,0.9444444444444444,105.62710648148148
L2576:T2:I11712,2576,T2,2026-03-07T07:10:48.000Z,17,17,16,0,1,0.9411764705882353,106.29916666666666
L2576:T2:I11714,2576,T2,2026-03-10T13:47:37.000Z,18,18,17,0,1,0.9444444444444444,109.5747337962963
L2576:T2:I11715,2576,T2,2026-03-10T19:10:14.000Z,18,18,17,0,1,0.9444444444444444,109.79877314814814
L2576:T2:I11717,2576,T2,2026-04-11T17:33:00.000Z,20,20,20,0,0,1,65.73125
L2577:T0,2577,T0,2025-08-29T00:00:00.000Z,34,31,29,3,2,0.8529411764705882,113
L2577:T1:I11721,2577,T1,2025-09-04T13:42:54.000Z,36,34,31,2,3,0.8611111111111112,119.57145833333334
L2577:T2:I11723,2577,T2,2025-09-04T18:34:52.000Z,36,34,31,2,3,0.8611111111111112,119.77421296296296
L2577:T2:I11724,2577,T2,2025-09-11T18:29:50.000Z,37,35,32,2,3,0.8648648648648649,126.77071759259259
L2577:T2:I11720,2577,T2,2025-10-26T16:47:00.000Z,40,39,36,1,3,0.9,116.69930555555555
L2577:T2:I11722,2577,T2,2025-11-22T09:45:00.000Z,41,41,38,0,3,0.926829268292683,143.40625
L2578:T0,2578,T0,2026-02-02T00:00:00.000Z,132,131,116,1,15,0.8787878787878788,151
L2578:T1:I11727,2578,T1,2026-02-02T09:39:50.000Z,133,132,117,1,15,0.8796992481203008,151.40266203703703
L2578:T2:I11725,2578,T2,2026-02-13T17:04:33.000Z,137,136,125,1,11,0.9124087591240876,162.71149305555556
L2578:T2:I11726,2578,T2,2026-05-01T19:05:00.000Z,149,149,145,0,4,0.9731543624161074,157.79513888888889
L2579:T0,2579,T0,2025-06-16T00:00:00.000Z,28,18,17,10,1,0.6071428571428571,97
L2579:T1:I11729,2579,T1,2025-06-20T12:39:06.000Z,29,19,17,10,2,0.5862068965517241,112.52715277777777
L2579:T2:I11730,2579,T2,2025-06-20T20:22:41.000Z,29,19,18,10,1,0.6206896551724138,101.84908564814815
L2579:T2:I11731,2579,T2,2025-06-21T10:26:39.000Z,29,19,18,10,1,0.6206896551724138,102.43517361111111
L2579:T2:I11728,2579,T2,2026-04-07T10:25:00.000Z,51,51,50,0,1,0.9803921568627451,158.43402777777777
L2580:T0,2580,T0,2025-07-25T00:00:00.000Z,25,24,19,1,5,0.76,146
L2580:T1:I11732,2580,T1,2025-08-07T17:43:00.000Z,26,26,20,0,6,0.7692307692307693,159.73819444444445
L2581:T0,2581,T0,2026-06-23T00:00:00.000Z,38,38,34,0,4,0.8947368421052632,125
L2581:T1:I11736,2581,T1,2026-06-23T11:27:36.000Z,39,39,35,0,4,0.8974358974358975,125.4775
L2581:T2:I11733,2581,T2,2026-06-27T12:28:55.000Z,38,38,34,0,4,0.8947368421052632,129.5200810185185
L2581:T2:I11734,2581,T2,2026-07-01T09:01:17.000Z,39,39,37,0,2,0.9487179487179487,133.3758912037037
L2581:T2:I11735,2581,T2,2026-07-05T17:42:19.000Z,39,39,37,0,2,0.9487179487179487,137.7377199074074
L2582:T0,2582,T0,2026-06-12T00:00:00.000Z,55,55,52,0,3,0.9454545454545454,147
L2582:T1:I11738,2582,T1,2026-06-13T13:28:40.000Z,56,56,53,0,3,0.9464285714285714,148.5615740740741
L2582:T2:I11743,2582,T2,2026-06-13T20:50:11.000Z,56,56,53,0,3,0.9464285714285714,148.86818287037036
L2582:T2:I11740,2582,T2,2026-06-19T09:23:46.000Z,56,56,52,0,4,0.9285714285714286,154.39150462962962
L2582:T2:I11737,2582,T2,2026-06-20T16:32:05.000Z,57,57,54,0,3,0.9473684210526315,155.68894675925927
L2582:T2:I11741,2582,T2,2026-06-21T20:52:34.000Z,57,57,54,0,3,0.9473684210526315,156.86983796296298
L2582:T2:I11742,2582,T2,2026-06-23T20:15:01.000Z,57,57,54,0,3,0.9473684210526315,158.84376157407408
L2582:T2:I11739,2582,T2,2026-06-25T15:17:43.000Z,56,56,53,0,3,0.9464285714285714,160.63730324074075
L2583:T0,2583,T0,2025-05-29T00:00:00.000Z,26,20,18,6,2,0.6923076923076923,113
L2583:T1:I11744,2583,T1,2025-06-06T09:11:57.000Z,29,23,22,6,1,0.7586206896551724,121.38329861111112
L2583:T2:I11745,2583,T2,2025-06-08T17:29:25.000Z,29,23,22,6,1,0.7586206896551724,123.72876157407407
L2584:T0,2584,T0,2025-06-08T00:00:00.000Z,24,21,17,3,4,0.7083333333333334,133
L2584:T1:I11747,2584,T1,2025-06-14T17:53:27.000Z,25,22,16,3,6,0.64,139.74545138888888
L2584:T2:I11748,2584,T2,2025-06-17T15:03:13.000Z,25,22,16,3,6,0.64,142.6272337962963
L2584:T2:I11746,2584,T2,2025-12-20T10:04:00.000Z,35,35,34,0,1,0.9714285714285714,105.41944444444445
L2585:T0,2585,T0,2025-04-19T00:00:00.000Z,24,15,15,9,0,0.625,75
L2585:T1:I11753,2585,T1,2025-04-19T07:38:00.000Z,25,16,16,9,0,0.64,75.31805555555556
L2585:T2:I11754,2585,T2,2025-04-27T16:59:52.000Z,25,17,17,8,0,0.68,83.70824074074073
L2585:T2:I11752,2585,T2,2025-04-28T17:59:42.000Z,25,18,18,7,0,0.72,84.74979166666667
L2585:T2:I11749,2585,T2,2025-09-07T08:56:00.000Z,40,40,33,0,7,0.825,194.37222222222223
L2585:T2:I11751,2585,T2,2025-11-24T14:39:00.000Z,46,46,42,0,4,0.9130434782608695,124.61041666666667
L2585:T2:I11750,2585,T2,2026-06-13T08:59:00.000Z,64,64,63,0,1,0.984375,93.37430555555555
L2586:T0,2586,T0,2025-07-30T00:00:00.000Z,21,20,18,1,2,0.8571428571428571,126
L2586:T1:I11757,2586,T1,2025-09-24T15:05:00.000Z,26,26,23,0,3,0.8846153846153846,134.62847222222223
L2586:T2:I11758,2586,T2,2026-02-14T11:05:00.000Z,31,31,29,0,2,0.9354838709677419,167.46180555555554
L2586:T2:I11755,2586,T2,2026-03-30T14:51:00.000Z,32,32,31,0,1,0.96875,100.61875
L2586:T2:I11756,2586,T2,2026-04-12T17:11:00.000Z,32,32,31,0,1,0.96875,113.71597222222222
L2587:T0,2587,T0,2025-11-17T00:00:00.000Z,21,21,20,0,1,0.9523809523809523,147
L2587:T1:I11764,2587,T1,2025-11-17T17:03:12.000Z,22,22,21,0,1,0.9545454545454546,147.71055555555554
L2587:T2:I11759,2587,T2,2025-11-21T19:10:35.000Z,22,22,21,0,1,0.9545454545454546,151.7990162037037
L2587:T2:I11763,2587,T2,2025-11-23T08:40:33.000Z,22,22,20,0,2,0.9090909090909091,153.36149305555554
L2587:T2:I11760,2587,T2,2025-11-26T13:15:25.000Z,22,22,20,0,2,0.9090909090909091,156.5523726851852
L2587:T2:I11761,2587,T2,2025-11-27T13:04:25.000Z,23,23,21,0,2,0.9130434782608695,157.5447337962963
L2587:T2:I11762,2587,T2,2025-11-28T11:08:48.000Z,23,23,21,0,2,0.9130434782608695,158.46444444444444
L2588:T0,2588,T0,2026-04-14T00:00:00.000Z,53,53,50,0,3,0.9433962264150944,111
L2588:T1:I11765,2588,T1,2026-04-17T09:14:09.000Z,56,56,55,0,1,0.9821428571428571,110.38482638888888
L2588:T2:I11767,2588,T2,2026-04-18T07:11:44.000Z,56,56,54,0,2,0.9642857142857143,141.29981481481482
L2588:T2:I11766,2588,T2,2026-04-18T15:33:03.000Z,56,56,55,0,1,0.9821428571428571,111.64795138888888
L2588:T2:I11769,2588,T2,2026-04-21T13:36:49.000Z,56,56,55,0,1,0.9821428571428571,114.56723379629629
L2588:T2:I11768,2588,T2,2026-04-25T13:54:57.000Z,56,56,55,0,1,0.9821428571428571,118.57982638888889
L2589:T0,2589,T0,2026-02-23T00:00:00.000Z,79,79,78,0,1,0.9873417721518988,137
L2589:T1:I11777,2589,T1,2026-02-24T07:05:29.000Z,80,80,79,0,1,0.9875,138.29547453703702
L2589:T2:I11776,2589,T2,2026-02-24T14:51:46.000Z,80,80,79,0,1,0.9875,138.6192824074074
L2589:T2:I11772,2589,T2,2026-02-25T11:12:46.000Z,82,82,81,0,1,0.9878048780487805,139.46719907407407
L2589:T2:I11771,2589,T2,2026-02-25T20:43:14.000Z,81,81,80,0,1,0.9876543209876543,139.86335648148147
L2589:T2:I11770,2589,T2,2026-02-26T14:17:05.000Z,82,82,81,0,1,0.9878048780487805,140.59519675925927
L2589:T2:I11774,2589,T2,2026-03-02T11:45:04.000Z,83,83,82,0,1,0.9879518072289156,144.48962962962963
L2589:T2:I11773,2589,T2,2026-03-05T08:30:30.000Z,83,83,82,0,1,0.9879518072289156,147.3545138888889
L2589:T2:I11775,2589,T2,2026-04-09T18:21:00.000Z,87,87,87,0,0,1,86.76458333333333
L2590:T0,2590,T0,2025-12-16T00:00:00.000Z,94,93,80,1,13,0.851063829787234,198
L2590:T1:I11779,2590,T1,2025-12-20T10:39:36.000Z,95,94,82,1,12,0.8631578947368421,202.44416666666666
L2590:T2:I11778,2590,T2,2025-12-20T11:08:31.000Z,95,94,82,1,12,0.8631578947368421,202.46424768518517
L2591:T0,2591,T0,2025-03-17T00:00:00.000Z,29,15,15,14,0,0.5172413793103449,76
L2591:T1:I11780,2591,T1,2025-05-28T07:15:00.000Z,33,30,24,3,6,0.7272727272727273,148.30208333333334
L2592:T0,2592,T0,2025-04-01T00:00:00.000Z,32,18,18,14,0,0.5625,85
L2592:T1:I11781,2592,T1,2025-04-01T09:57:31.000Z,33,18,18,15,0,0.5454545454545454,85.41494212962964
L2592:T2:I11784,2592,T2,2025-04-01T12:24:17.000Z,33,19,19,14,0,0.5757575757575758,85.51686342592592
L2592:T2:I11787,2592,T2,2025-04-11T09:06:21.000Z,33,20,19,13,1,0.5757575757575758,95.37940972222222
L2592:T2:I11786,2592,T2,2025-04-22T17:19:00.000Z,33,19,17,14,2,0.5151515151515151,100.72152777777778
L2592:T2:I11783,2592,T2,2025-08-22T14:12:00.000Z,42,37,28,5,9,0.6666666666666666,195.59166666666667
L2592:T2:I11782,2592,T2,2025-09-11T17:54:00.000Z,44,42,35,2,7,0.7954545454545454,215.74583333333334
L2592:T2:I11785,2592,T2,2026-06-01T18:00:00.000Z,66,66,62,0,4,0.9393939393939394,132.75
L2593:T0,2593,T0,2026-03-13T00:00:00.000Z,27,27,26,0,1,0.9629629629629629,117
L2593:T1:I11788,2593,T1,2026-04-12T20:57:00.000Z,29,29,27,0,2,0.9310344827586207,147.87291666666667
L2594:T0,2594,T0,2026-02-27T00:00:00.000Z,23,23,22,0,1,0.9565217391304348,107
L2594:T1:I11789,2594,T1,2026-02-27T18:14:17.000Z,24,24,23,0,1,0.9583333333333334,107.75991898148148
L2594:T2:I11790,2594,T2,2026-03-09T10:34:31.000Z,24,24,24,0,0,1,83.44063657407408
L2594:T2:I11792,2594,T2,2026-03-11T12:14:45.000Z,24,24,24,0,0,1,85.51024305555555
L2594:T2:I11791,2594,T2,2026-03-11T18:30:02.000Z,24,24,24,0,0,1,85.77085648148149
L2595:T0,2595,T0,2026-06-15T00:00:00.000Z,18,18,18,0,0,1,77
L2595:T1:I11793,2595,T1,2026-06-25T08:14:42.000Z,20,20,20,0,0,1,72.34354166666667
L2596:T0,2596,T0,2025-05-30T00:00:00.000Z,13,13,13,0,0,1,72
L2596:T1:I11797,2596,T1,2025-05-30T19:04:04.000Z,14,13,13,1,0,0.9285714285714286,72.79449074074074
L2596:T2:I11794,2596,T2,2025-06-03T08:44:12.000Z,14,14,14,0,0,1,76.36402777777778
L2596:T2:I11800,2596,T2,2025-06-04T12:51:47.000Z,14,14,14,0,0,1,77.53596064814815
L2596:T2:I11799,2596,T2,2025-06-04T16:46:17.000Z,14,13,13,1,0,0.9285714285714286,77.69880787037037
L2596:T2:I11795,2596,T2,2025-06-06T13:51:26.000Z,13,13,13,0,0,1,79.57738425925926
L2596:T2:I11801,2596,T2,2025-06-07T11:48:02.000Z,14,14,14,0,0,1,80.49168981481482
L2596:T2:I11798,2596,T2,2025-06-19T15:05:00.000Z,14,14,13,0,1,0.9285714285714286,92.62847222222223
L2596:T2:I11796,2596,T2,2025-10-20T12:22:00.000Z,16,16,16,0,0,1,69.51527777777778
L2597:T0,2597,T0,2025-10-08T00:00:00.000Z,43,43,32,0,11,0.7441860465116279,187
L2597:T1:I11805,2597,T1,2025-10-13T11:14:48.000Z,44,44,37,0,7,0.8409090909090909,143.4686111111111
L2597:T2:I11802,2597,T2,2025-10-17T14:49:40.000Z,45,45,38,0,7,0.8444444444444444,147.61782407407406
L2597:T2:I11804,2597,T2,2025-10-21T13:02:04.000Z,45,45,38,0,7,0.8444444444444444,151.54310185185184
L2597:T2:I11803,2597,T2,2025-12-09T07:33:00.000Z,49,49,45,0,4,0.9183673469387755,106.31458333333333
L2597:T2:I11806,2597,T2,2026-05-01T07:01:00.000Z,71,71,68,0,3,0.9577464788732394,124.2923611111111
L2598:T0,2598,T0,2026-01-16T00:00:00.000Z,42,42,42,0,0,1,90
L2598:T1:I11807,2598,T1,2026-01-17T09:19:01.000Z,43,43,42,0,1,0.9767441860465116,91.38820601851852
L2598:T2:I11809,2598,T2,2026-01-24T15:33:18.000Z,44,44,43,0,1,0.9772727272727273,98.648125
L2598:T2:I11808,2598,T2,2026-06-09T18:59:00.000Z,55,55,53,0,2,0.9636363636363636,144.79097222222222
L2599:T0,2599,T0,2026-06-12T00:00:00.000Z,57,57,55,0,2,0.9649122807017544,100
L2599:T1:I11815,2599,T1,2026-06-17T07:31:41.000Z,59,59,58,0,1,0.9830508474576272,97.31366898148148
L2599:T2:I11813,2599,T2,2026-06-17T07:50:06.000Z,59,59,58,0,1,0.9830508474576272,97.32645833333333
L2599:T2:I11812,2599,T2,2026-06-18T07:01:37.000Z,60,60,60,0,0,1,76.29278935185185
L2599:T2:I11811,2599,T2,2026-06-18T15:21:39.000Z,60,60,60,0,0,1,76.64003472222223
L2599:T2:I11814,2599,T2,2026-06-20T20:32:26.000Z,60,60,60,0,0,1,78.85585648148148
L2599:T2:I11816,2599,T2,2026-06-24T17:36:07.000Z,60,60,60,0,0,1,82.73341435185185
L2599:T2:I11810,2599,T2,2026-06-25T13:17:05.000Z,60,60,60,0,0,1,83.5535300925926
L2600:T0,2600,T0,2025-01-17T00:00:00.000Z,10,1,1,9,0,0.1,0
L2600:T1:I11823,2600,T1,2025-01-18T20:18:53.000Z,11,1,1,10,0,0.09090909090909091,1.8464467592592593
L2600:T2:I11820,2600,T2,2025-04-21T20:32:00.000Z,16,12,11,4,1,0.6875,94.85555555555555
L2600:T2:I11819,2600,T2,2025-08-03T20:33:00.000Z,21,18,18,3,0,0.8571428571428571,85.85625
L2600:T2:I11824,2600,T2,2025-08-26T12:45:00.000Z,21,19,18,2,1,0.8571428571428571,106.53125
L2600:T2:I11818,2600,T2,2025-12-03T18:56:00.000Z,23,22,18,1,4,0.782608695652174,154.7888888888889
L2600:T2:I11817,2600,T2,2026-01-09T14:38:00.000Z,23,23,23,0,0,1,74.60972222222222
L2600:T2:I11821,2600,T2,2026-03-05T17:16:00.000Z,25,25,24,0,1,0.96,129.71944444444443
L2600:T2:I11822,2600,T2,2026-06-20T15:22:00.000Z,31,31,30,0,1,0.967741935483871,90.64027777777778
L2601:T0,2601,T0,2025-03-17T00:00:00.000Z,20,12,12,8,0,0.6,50
L2601:T1:I11825,2601,T1,2026-06-16T20:30:00.000Z,61,61,58,0,3,0.9508196721311475,137.85416666666666
L2602:T0,2602,T0,2026-05-22T00:00:00.000Z,55,55,54,0,1,0.9818181818181818,123
L2602:T1:I11828,2602,T1,2026-05-23T12:41:22.000Z,56,56,54,0,2,0.9642857142857143,124.52872685185186
L2602:T2:I11827,2602,T2,2026-05-23T19:46:28.000Z,56,56,53,0,3,0.9464285714285714,124.82393518518519
L2602:T2:I11829,2602,T2,2026-05-29T17:49:42.000Z,57,57,56,0,1,0.9824561403508771,96.74284722222222
L2602:T2:I11826,2602,T2,2026-05-31T11:20:38.000Z,57,57,56,0,1,0.9824561403508771,98.47266203703704
L2603:T0,2603,T0,2025-11-08T00:00:00.000Z,24,22,20,2,2,0.8333333333333334,138
L2603:T1:I11830,2603,T1,2025-11-12T15:28:52.000Z,25,24,22,1,2,0.88,142.6450462962963
L2604:T0,2604,T0,2025-06-18T00:00:00.000Z,26,24,20,2,4,0.7692307692307693,106
L2604:T1:I11833,2604,T1,2025-06-28T18:36:33.000Z,30,30,25,0,5,0.8333333333333334,116.77538194444445
L2604:T2:I11834,2604,T2,2025-10-25T17:48:00.000Z,38,37,33,1,4,0.868421052631579,168.74166666666667
L2604:T2:I11832,2604,T2,2025-12-19T08:33:00.000Z,41,41,38,0,3,0.926829268292683,223.35625
L2604:T2:I11835,2604,T2,2026-03-15T13:14:00.000Z,52,52,52,0,0,1,82.5513888888889
L2604:T2:I11831,2604,T2,2026-05-01T10:53:00.000Z,54,54,51,0,3,0.9444444444444444,128.45347222222222
L2604:T2:I11836,2604,T2,2026-05-14T18:23:00.000Z,55,55,54,0,1,0.9818181818181818,118.76597222222222
L2605:T0,2605,T0,2026-04-28T00:00:00.000Z,39,39,38,0,1,0.9743589743589743,114
L2605:T1:I11838,2605,T1,2026-04-28T11:26:51.000Z,40,40,39,0,1,0.975,114.47697916666667
L2605:T2:I11837,2605,T2,2026-04-28T14:59:14.000Z,40,40,39,0,1,0.975,114.6244675925926
L2606:T0,2606,T0,2025-06-06T00:00:00.000Z,44,32,28,12,4,0.6363636363636364,132
L2606:T1:I11840,2606,T1,2025-06-16T17:29:11.000Z,47,37,34,10,3,0.723404255319149,142.72859953703704
L2606:T2:I11843,2606,T2,2025-06-17T08:42:04.000Z,48,39,36,9,3,0.75,143.3625462962963
L2606:T2:I11844,2606,T2,2025-06-18T07:12:03.000Z,48,39,36,9,3,0.75,144.30003472222222
L2606:T2:I11842,2606,T2,2025-10-25T19:45:00.000Z,66,66,57,0,9,0.8636363636363636,273.8229166666667
L2606:T2:I11841,2606,T2,2025-12-09T14:37:00.000Z,71,71,69,0,2,0.971830985915493,158.60902777777778
L2606:T2:I11839,2606,T2,2026-01-14T16:02:00.000Z,72,72,69,0,3,0.9583333333333334,194.66805555555555
L2606:T2:I11845,2606,T2,2026-03-08T16:01:00.000Z,83,83,77,0,6,0.927710843373494,197.66736111111112
L2606:T2:I11846,2606,T2,2026-04-13T19:28:00.000Z,87,87,85,0,2,0.9770114942528736,200.8111111111111
L2607:T0,2607,T0,2025-09-08T00:00:00.000Z,37,37,32,0,5,0.8648648648648649,126
L2607:T1:I11847,2607,T1,2025-09-20T11:57:11.000Z,39,39,34,0,5,0.8717948717948718,113.49804398148149
L2608:T0,2608,T0,2026-05-04T00:00:00.000Z,38,38,35,0,3,0.9210526315789473,140
L2608:T1:I11850,2608,T1,2026-05-09T20:36:11.000Z,41,41,38,0,3,0.926829268292683,145.85846064814814
L2608:T2:I11849,2608,T2,2026-05-11T10:21:03.000Z,41,41,38,0,3,0.926829268292683,147.43128472222222
L2608:T2:I11848,2608,T2,2026-05-14T14:15:04.000Z,42,42,39,0,3,0.9285714285714286,150.5937962962963
L2609:T0,2609,T0,2026-03-28T00:00:00.000Z,53,53,52,0,1,0.9811320754716981,127
L2609:T1:I11851,2609,T1,2026-04-03T19:19:29.000Z,54,54,53,0,1,0.9814814814814815,133.80519675925925
L2609:T2:I11853,2609,T2,2026-04-06T08:04:22.000Z,54,54,53,0,1,0.9814814814814815,136.33636574074075
L2609:T2:I11852,2609,T2,2026-04-10T14:50:37.000Z,54,54,51,0,3,0.9444444444444444,140.6184837962963
L2610:T0,2610,T0,2026-03-24T00:00:00.000Z,66,66,66,0,0,1,90
L2610:T1:I11854,2610,T1,2026-04-03T13:44:59.000Z,70,70,69,0,1,0.9857142857142858,100.57290509259259
L2611:T0,2611,T0,2025-12-24T00:00:00.000Z,19,19,17,0,2,0.8947368421052632,152
L2611:T1:I11860,2611,T1,2025-12-24T14:59:39.000Z,20,20,18,0,2,0.9,152.62475694444444
L2611:T2:I11857,2611,T2,2025-12-27T08:09:54.000Z,20,20,18,0,2,0.9,155.34020833333332
L2611:T2:I11856,2611,T2,2025-12-28T18:47:20.000Z,20,20,18,0,2,0.9,156.78287037037038
L2611:T2:I11859,2611,T2,2026-01-05T08:48:25.000Z,22,22,20,0,2,0.9090909090909091,109.36695601851852
L2611:T2:I11858,2611,T2,2026-04-12T13:23:00.000Z,26,26,26,0,0,1,64.55763888888889
L2611:T2:I11855,2611,T2,2026-05-29T11:18:00.000Z,27,27,27,0,0,1,63.47083333333333
L2612:T0,2612,T0,2026-03-05T00:00:00.000Z,30,30,28,0,2,0.9333333333333333,110
L2612:T1:I11861,2612,T1,2026-03-05T12:51:42.000Z,31,31,29,0,2,0.9354838709677419,110.53590277777778
L2613:T0,2613,T0,2025-05-23T00:00:00.000Z,45,34,30,11,4,0.6666666666666666,118
L2613:T1:I11867,2613,T1,2025-05-24T07:53:14.000Z,46,35,31,11,4,0.6739130434782609,119.32863425925926
L2613:T2:I11863,2613,T2,2025-05-26T09:22:58.000Z,47,36,32,11,4,0.6808510638297872,121.39094907407407
L2613:T2:I11862,2613,T2,2025-05-29T08:56:16.000Z,47,37,33,10,4,0.7021276595744681,124.37240740740741
L2613:T2:I11864,2613,T2,2025-10-29T18:58:00.000Z,71,71,64,0,7,0.9014084507042254,277.79027777777776
L2613:T2:I11866,2613,T2,2025-11-03T19:32:00.000Z,73,73,66,0,7,0.9041095890410958,282.81388888888887
L2613:T2:I11865,2613,T2,2025-11-22T20:51:00.000Z,81,81,78,0,3,0.9629629629629629,144.86875
L2614:T0,2614,T0,2025-04-29T00:00:00.000Z,36,15,15,21,0,0.4166666666666667,66
L2614:T1:I11873,2614,T1,2025-04-29T12:58:01.000Z,37,15,15,22,0,0.40540540540540543,66.54028935185185
L2614:T2:I11872,2614,T2,2025-04-30T13:42:16.000Z,37,16,16,21,0,0.43243243243243246,67.57101851851851
L2614:T2:I11871,2614,T2,2025-05-07T08:19:50.000Z,39,19,19,20,0,0.48717948717948717,74.34710648148148
L2614:T2:I11868,2614,T2,2025-05-08T07:37:07.000Z,39,19,18,20,1,0.46153846153846156,108.31744212962963
L2614:T2:I11869,2614,T2,2025-05-08T19:43:58.000Z,39,19,18,20,1,0.46153846153846156,92.82219907407408
L2614:T2:I11870,2614,T2,2025-09-02T07:51:00.000Z,50,46,43,4,3,0.86,117.32708333333333
L2615:T0,2615,T0,2026-05-07T00:00:00.000Z,52,52,51,0,1,0.9807692307692307,94
L2615:T1:I11874,2615,T1,2026-05-11T12:01:48.000Z,55,55,53,0,2,0.9636363636363636,98.50125
L2615:T2:I11878,2615,T2,2026-05-12T09:05:06.000Z,55,55,53,0,2,0.9636363636363636,99.37854166666666
L2615:T2:I11877,2615,T2,2026-05-12T11:18:13.000Z,54,54,52,0,2,0.9629629629629629,99.4709837962963
L2615:T2:I11876,2615,T2,2026-05-12T13:11:34.000Z,54,54,52,0,2,0.9629629629629629,99.54969907407407
L2615:T2:I11875,2615,T2,2026-05-17T18:33:41.000Z,56,56,53,0,3,0.9464285714285714,104.77339120370371
L2615:T2:I11879,2615,T2,2026-05-20T18:33:51.000Z,56,56,53,0,3,0.9464285714285714,107.77350694444445
L2615:T2:I11880,2615,T2,2026-05-20T18:59:51.000Z,56,56,53,0,3,0.9464285714285714,107.7915625
L2616:T0,2616,T0,2026-02-27T00:00:00.000Z,45,45,44,0,1,0.9777777777777777,114
L2616:T1:I11881,2616,T1,2026-02-27T07:45:58.000Z,46,46,45,0,1,0.9782608695652174,114.32358796296296
L2616:T2:I11882,2616,T2,2026-03-09T15:10:23.000Z,47,47,45,0,2,0.9574468085106383,124.63221064814815
L2616:T2:I11883,2616,T2,2026-05-01T20:01:00.000Z,51,51,48,0,3,0.9411764705882353,100.83402777777778
L2617:T0,2617,T0,2025-07-22T00:00:00.000Z,27,26,22,1,4,0.8148148148148148,152
L2617:T1:I11885,2617,T1,2025-08-02T12:08:38.000Z,28,28,25,0,3,0.8928571428571429,163.50599537037036
L2617:T2:I11884,2617,T2,2026-01-11T08:56:00.000Z,35,35,30,0,5,0.8571428571428571,127.37222222222222
L2618:T0,2618,T0,2025-04-01T00:00:00.000Z,31,15,15,16,0,0.4838709677419355,69
L2618:T1:I11886,2618,T1,2025-04-02T19:05:47.000Z,32,15,15,17,0,0.46875,70.79568287037037
L2619:T0,2619,T0,2025-01-25T00:00:00.000Z,4,0,0,4,0,0,
L2619:T1:I11888,2619,T1,2025-01-31T15:54:13.000Z,6,0,0,6,0,0,
L2619:T2:I11887,2619,T2,2026-03-25T17:12:00.000Z,18,18,18,0,0,1,63.71666666666667
L2620:T0,2620,T0,2025-10-19T00:00:00.000Z,16,16,16,0,0,1,86
L2620:T1:I11891,2620,T1,2025-10-26T15:23:47.000Z,18,18,17,0,1,0.9444444444444444,93.6415162037037
L2620:T2:I11892,2620,T2,2025-10-28T13:53:22.000Z,18,18,17,0,1,0.9444444444444444,95.57872685185185
L2620:T2:I11890,2620,T2,2025-11-01T10:14:39.000Z,18,18,17,0,1,0.9444444444444444,99.42684027777777
L2620:T2:I11889,2620,T2,2026-05-12T16:30:00.000Z,27,27,27,0,0,1,46.6875
L2621:T0,2621,T0,2025-05-07T00:00:00.000Z,21,15,12,6,3,0.5714285714285714,106
L2621:T1:I11893,2621,T1,2025-05-13T19:06:27.000Z,23,17,14,6,3,0.6086956521739131,112.79614583333333
L2621:T2:I11896,2621,T2,2025-05-16T10:00:50.000Z,23,19,16,4,3,0.6956521739130435,115.41724537037037
L2621:T2:I11894,2621,T2,2025-05-20T19:51:57.000Z,23,19,16,4,3,0.6956521739130435,119.82774305555556
L2621:T2:I11895,2621,T2,2026-01-01T19:19:00.000Z,45,45,44,0,1,0.9777777777777777,99.80486111111111
L2622:T0,2622,T0,2025-10-19T00:00:00.000Z,43,43,42,0,1,0.9767441860465116,136
L2622:T1:I11897,2622,T1,2025-10-24T12:04:56.000Z,44,44,40,0,4,0.9090909090909091,141.50342592592594
L2622:T2:I11898,2622,T2,2025-11-02T20:15:00.000Z,44,44,42,0,2,0.9545454545454546,102.84375
L2623:T0,2623,T0,2026-03-13T00:00:00.000Z,62,62,59,0,3,0.9516129032258065,112
L2623:T1:I11901,2623,T1,2026-03-22T15:05:26.000Z,64,64,60,0,4,0.9375,121.62877314814814
L2623:T2:I11902,2623,T2,2026-03-25T10:37:56.000Z,65,65,61,0,4,0.9384615384615385,124.44300925925926
L2623:T2:I11904,2623,T2,2026-03-25T15:08:11.000Z,65,65,61,0,4,0.9384615384615385,124.63068287037036
L2623:T2:I11903,2623,T2,2026-04-20T08:31:00.000Z,65,65,61,0,4,0.9384615384615385,142.35486111111112
L2623:T2:I11899,2623,T2,2026-04-20T18:02:00.000Z,65,65,61,0,4,0.9384615384615385,142.7513888888889
L2623:T2:I11900,2623,T2,2026-05-12T16:35:00.000Z,68,68,67,0,1,0.9852941176470589,92.69097222222223
L2624:T0,2624,T0,2025-08-09T00:00:00.000Z,32,28,25,4,3,0.78125,102
L2624:T1:I11907,2624,T1,2025-08-14T17:05:54.000Z,33,29,26,4,3,0.7878787878787878,107.71243055555556
L2624:T2:I11906,2624,T2,2025-08-21T19:58:43.000Z,34,31,28,3,3,0.8235294117647058,114.83244212962963
L2624:T2:I11908,2624,T2,2025-08-22T15:43:19.000Z,34,31,28,3,3,0.8235294117647058,115.65508101851852
L2624:T2:I11905,2624,T2,2025-10-21T09:52:00.000Z,40,39,37,1,2,0.925,111.41111111111111
L2624:T2:I11909,2624,T2,2026-01-01T08:25:00.000Z,42,42,40,0,2,0.9523809523809523,183.35069444444446
L2624:T2:I11910,2624,T2,2026-04-29T09:31:00.000Z,54,54,51,0,3,0.9444444444444444,98.39652777777778
L2625:T0,2625,T0,2026-01-28T00:00:00.000Z,14,14,13,0,1,0.9285714285714286,91
L2625:T1:I11913,2625,T1,2026-01-29T13:04:05.000Z,15,15,14,0,1,0.9333333333333333,92.54450231481482
L2625:T2:I11912,2625,T2,2026-02-02T14:34:28.000Z,15,15,14,0,1,0.9333333333333333,96.60726851851852
L2625:T2:I11914,2625,T2,2026-02-05T20:53:36.000Z,15,15,14,0,1,0.9333333333333333,99.87055555555555
L2625:T2:I11911,2625,T2,2026-02-10T13:19:28.000Z,15,15,14,0,1,0.9333333333333333,104.55518518518518
L2626:T0,2626,T0,2026-04-25T00:00:00.000Z,52,52,50,0,2,0.9615384615384616,94
L2626:T1:I11917,2626,T1,2026-04-26T19:57:18.000Z,53,53,51,0,2,0.9622641509433962,95.83145833333333
L2626:T2:I11916,2626,T2,2026-04-28T20:03:04.000Z,54,54,51,0,3,0.9444444444444444,97.83546296296296
L2626:T2:I11915,2626,T2,2026-04-30T08:35:10.000Z,54,54,52,0,2,0.9629629629629629,99.35775462962962
L2627:T0,2627,T0,2025-12-31T00:00:00.000Z,27,27,26,0,1,0.9629629629629629,97
L2627:T1:I11921,2627,T1,2026-01-04T14:41:36.000Z,28,28,26,0,2,0.9285714285714286,101.61222222222223
L2627:T2:I11923,2627,T2,2026-01-07T16:08:01.000Z,28,28,25,0,3,0.8928571428571429,104.6722337962963
L2627:T2:I11922,2627,T2,2026-01-07T19:54:55.000Z,27,27,24,0,3,0.8888888888888888,104.82980324074074
L2627:T2:I11920,2627,T2,2026-01-09T19:06:36.000Z,28,28,25,0,3,0.8928571428571429,106.79625
L2627:T2:I11919,2627,T2,2026-01-13T08:37:16.000Z,28,28,25,0,3,0.8928571428571429,110.35921296296296
L2627:T2:I11918,2627,T2,2026-01-13T12:38:51.000Z,27,27,24,0,3,0.8888888888888888,110.52697916666666
L2628:T0,2628,T0,2026-04-21T00:00:00.000Z,19,19,19,0,0,1,71
L2628:T1:I11927,2628,T1,2026-04-28T10:17:40.000Z,20,20,20,0,0,1,78.42893518518518
L2628:T2:I11926,2628,T2,2026-05-03T15:19:04.000Z,20,20,20,0,0,1,83.63824074074074
L2628:T2:I11924,2628,T2,2026-05-04T19:29:07.000Z,20,20,20,0,0,1,84.81188657407408
L2628:T2:I11925,2628,T2,2026-05-17T11:38:00.000Z,22,22,22,0,0,1,69.48472222222222
L2629:T0,2629,T0,2025-02-18T00:00:00.000Z,5,2,2,3,0,0.4,14
L2629:T1:I11935,2629,T1,2025-02-23T08:33:40.000Z,6,2,2,4,0,0.3333333333333333,19.356712962962963
L2629:T2:I11931,2629,T2,2025-02-24T15:33:02.000Z,6,2,2,4,0,0.3333333333333333,20.647939814814816
L2629:T2:I11932,2629,T2,2025-02-27T16:11:47.000Z,6,2,2,4,0,0.3333333333333333,23.674849537037037
L2629:T2:I11928,2629,T2,2025-03-29T09:06:00.000Z,6,4,4,2,0,0.6666666666666666,53.37916666666667
L2629:T2:I11929,2629,T2,2025-06-21T16:47:00.000Z,13,11,10,2,1,0.7692307692307693,93.69930555555555
L2629:T2:I11930,2629,T2,2025-08-26T09:06:00.000Z,15,15,14,0,1,0.9333333333333333,159.37916666666666
L2629:T2:I11934,2629,T2,2025-12-27T13:20:00.000Z,17,17,16,0,1,0.9411764705882353,174.55555555555554
L2629:T2:I11933,2629,T2,2026-02-22T10:57:00.000Z,19,19,17,0,2,0.8947368421052632,231.45625
L2630:T0,2630,T0,2026-01-16T00:00:00.000Z,25,25,23,0,2,0.92,102
L2630:T1:I11937,2630,T1,2026-01-18T11:00:45.000Z,25,25,24,0,1,0.96,104.45885416666667
L2630:T2:I11938,2630,T2,2026-01-20T10:11:13.000Z,25,25,23,0,2,0.92,106.42445601851851
L2630:T2:I11936,2630,T2,2026-06-16T17:21:00.000Z,30,30,30,0,0,1,61.72291666666667
L2631:T0,2631,T0,2026-02-24T00:00:00.000Z,20,20,20,0,0,1,58
L2631:T1:I11939,2631,T1,2026-02-27T16:13:40.000Z,21,21,21,0,0,1,61.67615740740741
L2631:T2:I11943,2631,T2,2026-02-28T10:06:57.000Z,21,21,21,0,0,1,62.42149305555556
L2631:T2:I11941,2631,T2,2026-02-28T13:06:59.000Z,21,21,21,0,0,1,62.5465162037037
L2631:T2:I11945,2631,T2,2026-03-03T15:31:29.000Z,21,21,21,0,0,1,40.64686342592593
L2631:T2:I11942,2631,T2,2026-03-03T17:15:32.000Z,21,21,21,0,0,1,40.71912037037037
L2631:T2:I11940,2631,T2,2026-03-05T07:56:26.000Z,22,22,22,0,0,1,42.33085648148148
L2631:T2:I11944,2631,T2,2026-03-13T11:52:00.000Z,22,22,22,0,0,1,50.49444444444445
L2632:T0,2632,T0,2026-01-16T00:00:00.000Z,35,35,33,0,2,0.9428571428571428,127
L2632:T1:I11946,2632,T1,2026-01-17T11:52:17.000Z,36,36,34,0,2,0.9444444444444444,128.4946412037037
L2632:T2:I11947,2632,T2,2026-01-23T13:01:48.000Z,38,38,37,0,1,0.9736842105263158,103.54291666666667
L2632:T2:I11948,2632,T2,2026-01-27T18:35:30.000Z,38,38,37,0,1,0.9736842105263158,107.77465277777777
L2633:T0,2633,T0,2025-12-01T00:00:00.000Z,46,46,43,0,3,0.9347826086956522,167
L2633:T1:I11955,2633,T1,2025-12-02T14:32:10.000Z,47,47,44,0,3,0.9361702127659575,168.6056712962963
L2633:T2:I11949,2633,T2,2025-12-07T08:18:48.000Z,48,48,44,0,4,0.9166666666666666,104.3463888888889
L2633:T2:I11952,2633,T2,2025-12-09T10:09:57.000Z,49,49,44,0,5,0.8979591836734694,106.42357638888889
L2633:T2:I11951,2633,T2,2025-12-11T18:29:30.000Z,49,49,44,0,5,0.8979591836734694,108.77048611111111
L2633:T2:I11954,2633,T2,2025-12-12T12:14:50.000Z,50,50,46,0,4,0.92,109.51030092592593
L2633:T2:I11953,2633,T2,2025-12-14T07:03:32.000Z,50,50,46,0,4,0.92,111.29412037037036
L2633:T2:I11950,2633,T2,2026-05-18T10:53:00.000Z,74,74,73,0,1,0.9864864864864865,110.45347222222222
L2634:T0,2634,T0,2025-12-04T00:00:00.000Z,10,10,8,0,2,0.8,151
L2634:T1:I11959,2634,T1,2025-12-08T09:47:23.000Z,11,11,10,0,1,0.9090909090909091,105.40790509259259
L2634:T2:I11957,2634,T2,2025-12-11T19:41:38.000Z,11,11,10,0,1,0.9090909090909091,108.8205787037037
L2634:T2:I11960,2634,T2,2025-12-16T20:34:57.000Z,11,11,10,0,1,0.9090909090909091,113.85760416666666
L2634:T2:I11956,2634,T2,2026-02-02T09:21:00.000Z,12,12,12,0,0,1,73.38958333333333
L2634:T2:I11958,2634,T2,2026-06-13T16:16:00.000Z,15,15,15,0,0,1,42.67777777777778
L2635:T0,2635,T0,2025-03-13T00:00:00.000Z,17,9,9,8,0,0.5294117647058824,55
L2635:T1:I11961,2635,T1,2025-11-29T08:50:00.000Z,36,36,34,0,2,0.9444444444444444,169.36805555555554
L2636:T0,2636,T0,2025-10-10T00:00:00.000Z,40,40,34,0,6,0.85,133
L2636:T1:I11964,2636,T1,2025-10-11T20:50:03.000Z,41,41,35,0,6,0.8536585365853658,134.86809027777778
L2636:T2:I11963,2636,T2,2025-10-23T16:53:04.000Z,43,43,36,0,7,0.8372093023255814,146.7035185185185
L2636:T2:I11962,2636,T2,2026-04-19T18:15:00.000Z,63,63,60,0,3,0.9523809523809523,174.76041666666666
L2637:T0,2637,T0,2025-08-30T00:00:00.000Z,17,16,13,1,3,0.7647058823529411,169
L2637:T1:I11965,2637,T1,2025-09-03T11:47:59.000Z,18,17,14,1,3,0.7777777777777778,173.4916550925926
L2637:T2:I11967,2637,T2,2025-09-09T19:59:03.000Z,18,18,14,0,4,0.7777777777777778,179.83267361111112
L2637:T2:I11966,2637,T2,2026-04-19T19:50:00.000Z,28,28,25,0,3,0.8928571428571429,138.82638888888889
L2637:T2:I11968,2637,T2,2026-06-14T20:54:00.000Z,30,30,30,0,0,1,69.87083333333334
L2638:T0,2638,T0,2026-04-14T00:00:00.000Z,30,30,29,0,1,0.9666666666666667,122
L2638:T1:I11969,2638,T1,2026-04-20T10:10:55.000Z,32,32,31,0,1,0.96875,128.42424768518518
L2638:T2:I11970,2638,T2,2026-04-23T09:16:00.000Z,32,32,31,0,1,0.96875,131.38611111111112
L2638:T2:I11971,2638,T2,2026-04-27T20:25:07.000Z,32,32,31,0,1,0.96875,135.85077546296296
L2639:T0,2639,T0,2025-06-23T00:00:00.000Z,27,24,22,3,2,0.8148148148148148,131
L2639:T1:I11975,2639,T1,2025-06-26T14:43:32.000Z,28,25,22,3,3,0.7857142857142857,134.61356481481482
L2639:T2:I11972,2639,T2,2025-06-28T07:09:06.000Z,29,26,23,3,3,0.7931034482758621,136.2979861111111
L2639:T2:I11973,2639,T2,2025-06-28T12:20:47.000Z,28,25,22,3,3,0.7857142857142857,136.51443287037037
L2639:T2:I11974,2639,T2,2025-07-06T08:49:32.000Z,29,27,24,2,3,0.8275862068965517,144.36773148148148
L2640:T0,2640,T0,2025-08-12T00:00:00.000Z,12,12,8,0,4,0.6666666666666666,127
L2640:T1:I11976,2640,T1,2025-08-18T17:25:29.000Z,13,13,9,0,4,0.6923076923076923,133.7260300925926
L2641:T0,2641,T0,2026-01-25T00:00:00.000Z,105,105,102,0,3,0.9714285714285714,231
L2641:T1:I11980,2641,T1,2026-02-01T13:55:12.000Z,107,107,104,0,3,0.9719626168224299,115.58
L2641:T2:I11978,2641,T2,2026-02-04T18:11:12.000Z,106,106,104,0,2,0.9811320754716981,118.75777777777778
L2641:T2:I11977,2641,T2,2026-04-12T12:01:00.000Z,120,120,118,0,2,0.9833333333333333,125.50069444444445
L2641:T2:I11979,2641,T2,2026-06-20T12:34:00.000Z,138,138,136,0,2,0.9855072463768116,136.5236111111111
L2642:T0,2642,T0,2025-03-23T00:00:00.000Z,7,2,2,5,0,0.2857142857142857,2
L2642:T1:I11982,2642,T1,2025-05-16T19:38:00.000Z,10,7,7,3,0,0.7,39.81805555555555
L2642:T2:I11981,2642,T2,2025-07-26T09:59:00.000Z,12,11,10,1,1,0.8333333333333334,110.41597222222222
L2642:T2:I11983,2642,T2,2026-01-07T18:02:00.000Z,14,14,14,0,0,1,59.75138888888889
L2643:T0,2643,T0,2025-08-17T00:00:00.000Z,25,24,21,1,3,0.84,160
L2643:T1:I11987,2643,T1,2025-08-17T13:19:11.000Z,25,24,21,1,3,0.84,160.55498842592593
L2643:T2:I11991,2643,T2,2025-08-21T19:13:54.000Z,26,25,23,1,2,0.8846153846153846,164.80131944444443
L2643:T2:I11986,2643,T2,2025-08-22T14:50:56.000Z,25,24,22,1,2,0.88,165.61870370370372
L2643:T2:I11988,2643,T2,2025-08-23T16:02:57.000Z,26,25,23,1,2,0.8846153846153846,153.66871527777778
L2643:T2:I11990,2643,T2,2025-08-27T16:14:52.000Z,26,25,25,1,0,0.9615384615384616,84.67699074074073
L2643:T2:I11989,2643,T2,2026-01-17T17:37:00.000Z,31,31,31,0,0,1,88.73402777777778
L2643:T2:I11985,2643,T2,2026-01-24T16:01:00.000Z,31,31,29,0,2,0.9354838709677419,95.6673611111111
L2643:T2:I11984,2643,T2,2026-05-06T07:23:00.000Z,38,38,38,0,0,1,56.30763888888889
L2644:T0,2644,T0,2025-11-12T00:00:00.000Z,41,41,36,0,5,0.8780487804878049,183
L2644:T1:I11992,2644,T1,2025-11-20T09:33:29.000Z,41,41,36,0,5,0.8780487804878049,191.3982523148148
L2644:T2:I11993,2644,T2,2026-05-14T16:20:00.000Z,53,53,53,0,0,1,78.68055555555556
L2645:T0,2645,T0,2026-01-08T00:00:00.000Z,65,65,59,0,6,0.9076923076923077,145
L2645:T1:I11994,2645,T1,2026-01-10T17:20:23.000Z,66,66,58,0,8,0.8787878787878788,147.72248842592592
L2645:T2:I11998,2645,T2,2026-01-12T16:30:19.000Z,66,66,59,0,7,0.8939393939393939,149.6877199074074
L2645:T2:I11997,2645,T2,2026-01-20T07:44:41.000Z,67,67,59,0,8,0.8805970149253731,157.32269675925926
L2645:T2:I11995,2645,T2,2026-01-22T09:30:00.000Z,68,68,61,0,7,0.8970588235294118,139.39583333333334
L2645:T2:I11999,2645,T2,2026-02-04T17:02:00.000Z,69,69,61,0,8,0.8840579710144928,152.7097222222222
L2645:T2:I12000,2645,T2,2026-04-06T09:54:00.000Z,74,74,71,0,3,0.9594594594594594,119.4125
L2645:T2:I12001,2645,T2,2026-04-16T07:52:00.000Z,76,76,74,0,2,0.9736842105263158,111.32777777777778
L2645:T2:I11996,2645,T2,2026-05-11T18:01:00.000Z,79,79,79,0,0,1,83.75069444444445
L2646:T0,2646,T0,2026-05-03T00:00:00.000Z,51,51,50,0,1,0.9803921568627451,119
L2646:T1:I12002,2646,T1,2026-05-03T12:44:45.000Z,52,52,51,0,1,0.9807692307692307,119.53107638888889
L2646:T2:I12006,2646,T2,2026-05-05T18:19:12.000Z,52,52,51,0,1,0.9807692307692307,121.76333333333334
L2646:T2:I12003,2646,T2,2026-05-06T09:23:00.000Z,52,52,51,0,1,0.9807692307692307,122.39097222222222
L2646:T2:I12005,2646,T2,2026-05-08T19:31:52.000Z,52,52,51,0,1,0.9807692307692307,124.8137962962963
L2646:T2:I12009,2646,T2,2026-05-09T19:10:47.000Z,52,52,51,0,1,0.9807692307692307,125.7991550925926
L2646:T2:I12004,2646,T2,2026-05-11T08:06:31.000Z,52,52,51,0,1,0.9807692307692307,127.3378587962963
L2646:T2:I12008,2646,T2,2026-05-13T08:41:12.000Z,52,52,52,0,0,1,84.36194444444445
L2646:T2:I12007,2646,T2,2026-05-14T14:22:47.000Z,52,52,52,0,0,1,85.5991550925926
L2647:T0,2647,T0,2026-05-16T00:00:00.000Z,89,89,87,0,2,0.9775280898876404,233
L2647:T1:I12010,2647,T1,2026-05-16T18:57:06.000Z,90,90,88,0,2,0.9777777777777777,233.78965277777777
L2647:T2:I12012,2647,T2,2026-05-21T10:50:45.000Z,90,90,87,0,3,0.9666666666666667,238.4519097222222
L2647:T2:I12014,2647,T2,2026-05-22T13:41:11.000Z,90,90,87,0,3,0.9666666666666667,239.5702662037037
L2647:T2:I12015,2647,T2,2026-05-24T13:00:34.000Z,90,90,87,0,3,0.9666666666666667,241.5420601851852
L2647:T2:I12011,2647,T2,2026-05-25T10:11:29.000Z,90,90,87,0,3,0.9666666666666667,242.42464120370371
L2647:T2:I12013,2647,T2,2026-06-02T07:14:00.000Z,90,90,85,0,5,0.9444444444444444,126.3013888888889
L2648:T0,2648,T0,2025-01-21T00:00:00.000Z,13,2,2,11,0,0.15384615384615385,4
L2648:T1:I12016,2648,T1,2025-01-27T20:01:36.000Z,14,2,2,12,0,0.14285714285714285,10.834444444444445
L2648:T2:I12019,2648,T2,2025-08-03T19:27:00.000Z,25,23,21,2,2,0.84,118.81041666666667
L2648:T2:I12020,2648,T2,2026-04-07T13:07:00.000Z,35,35,35,0,0,1,84.54652777777778
L2648:T2:I12017,2648,T2,2026-04-13T15:12:00.000Z,35,35,35,0,0,1,69.63333333333334
L2648:T2:I12018,2648,T2,2026-04-21T18:27:00.000Z,35,35,35,0,0,1,77.76875
L2649:T0,2649,T0,2025-08-22T00:00:00.000Z,41,41,34,0,7,0.8292682926829268,209
L2649:T1:I12025,2649,T1,2025-08-24T14:57:16.000Z,42,42,37,0,5,0.8809523809523809,211.62310185185186
L2649:T2:I12026,2649,T2,2025-08-26T12:10:01.000Z,43,42,37,1,5,0.8604651162790697,213.5069560185185
L2649:T2:I12027,2649,T2,2025-08-27T09:42:53.000Z,43,42,36,1,6,0.8372093023255814,214.4047800925926
L2649:T2:I12024,2649,T2,2025-09-02T08:51:09.000Z,43,42,35,1,7,0.813953488372093,220.36885416666667
L2649:T2:I12023,2649,T2,2025-09-23T20:17:00.000Z,46,45,40,1,5,0.8695652173913043,241.8451388888889
L2649:T2:I12022,2649,T2,2025-11-14T18:02:00.000Z,51,50,44,1,6,0.8627450980392157,239.7513888888889
L2649:T2:I12021,2649,T2,2026-03-05T15:54:00.000Z,58,58,56,0,2,0.9655172413793104,200.6625
L2649:T2:I12028,2649,T2,2026-05-29T16:35:00.000Z,70,70,68,0,2,0.9714285714285714,97.69097222222223
L2650:T0,2650,T0,2026-05-27T00:00:00.000Z,63,63,61,0,2,0.9682539682539683,101
L2650:T1:I12034,2650,T1,2026-05-27T10:03:56.000Z,64,64,62,0,2,0.96875,101.41939814814815
L2650:T2:I12030,2650,T2,2026-05-27T11:28:55.000Z,64,64,62,0,2,0.96875,101.47841435185185
L2650:T2:I12029,2650,T2,2026-06-03T10:35:04.000Z,64,64,63,0,1,0.984375,98.44101851851852
L2650:T2:I12032,2650,T2,2026-06-05T17:27:46.000Z,63,63,62,0,1,0.9841269841269841,100.72761574074075
L2650:T2:I12033,2650,T2,2026-06-08T12:54:50.000Z,64,64,63,0,1,0.984375,103.5380787037037
L2650:T2:I12031,2650,T2,2026-06-08T20:29:25.000Z,64,64,63,0,1,0.984375,103.85376157407407
L2651:T0,2651,T0,2026-04-24T00:00:00.000Z,33,33,31,0,2,0.9393939393939394,159
L2651:T1:I12035,2651,T1,2026-04-25T11:05:27.000Z,34,34,32,0,2,0.9411764705882353,160.46211805555555
L2651:T2:I12036,2651,T2,2026-04-25T15:43:32.000Z,34,34,32,0,2,0.9411764705882353,160.65523148148148
L2651:T2:I12037,2651,T2,2026-05-02T19:37:08.000Z,34,34,32,0,2,0.9411764705882353,167.8174537037037
L2652:T0,2652,T0,2025-12-12T00:00:00.000Z,41,41,38,0,3,0.926829268292683,145
L2652:T1:I12038,2652,T1,2025-12-19T07:18:00.000Z,42,42,38,0,4,0.9047619047619048,152.30416666666667
L2653:T0,2653,T0,2025-07-11T00:00:00.000Z,29,26,24,3,2,0.8275862068965517,134
L2653:T1:I12043,2653,T1,2025-07-15T20:19:25.000Z,30,27,24,3,3,0.8,138.84681712962964
L2653:T2:I12040,2653,T2,2025-07-16T19:20:19.000Z,30,27,25,3,2,0.8333333333333334,139.80577546296297
L2653:T2:I12041,2653,T2,2025-07-18T07:05:00.000Z,30,27,25,3,2,0.8333333333333334,141.29513888888889
L2653:T2:I12039,2653,T2,2025-07-18T20:45:08.000Z,30,27,24,3,3,0.8,141.86467592592592
L2653:T2:I12042,2653,T2,2026-06-18T13:39:00.000Z,63,63,61,0,2,0.9682539682539683,141.56875
L2654:T0,2654,T0,2026-01-12T00:00:00.000Z,18,18,17,0,1,0.9444444444444444,99
L2654:T1:I12045,2654,T1,2026-01-17T19:39:57.000Z,19,19,18,0,1,0.9473684210526315,104.81940972222222
L2654:T2:I12048,2654,T2,2026-01-19T13:20:28.000Z,19,19,18,0,1,0.9473684210526315,106.55587962962963
L2654:T2:I12047,2654,T2,2026-01-19T16:32:00.000Z,18,18,17,0,1,0.9444444444444444,106.68888888888888
L2654:T2:I12044,2654,T2,2026-01-20T13:04:33.000Z,19,19,18,0,1,0.9473684210526315,107.5448263888889
L2654:T2:I12046,2654,T2,2026-01-24T10:45:20.000Z,19,19,18,0,1,0.9473684210526315,111.44814814814815
L2655:T0,2655,T0,2025-06-23T00:00:00.000Z,47,38,35,9,3,0.7446808510638298,116
L2655:T1:I12050,2655,T1,2025-07-07T18:36:00.000Z,48,43,39,5,4,0.8125,130.775
L2655:T2:I12051,2655,T2,2025-11-23T16:56:00.000Z,61,61,59,0,2,0.9672131147540983,159.70555555555555
L2655:T2:I12049,2655,T2,2026-02-27T08:36:00.000Z,77,77,75,0,2,0.974025974025974,130.35833333333332
L2656:T0,2656,T0,2025-12-20T00:00:00.000Z,62,62,57,0,5,0.9193548387096774,143
L2656:T1:I12055,2656,T1,2025-12-20T20:04:43.000Z,63,63,58,0,5,0.9206349206349206,143.8366087962963
L2656:T2:I12058,2656,T2,2025-12-24T18:58:25.000Z,65,65,60,0,5,0.9230769230769231,147.79056712962964
L2656:T2:I12053,2656,T2,2025-12-24T20:18:59.000Z,65,65,60,0,5,0.9230769230769231,147.84651620370371
L2656:T2:I12057,2656,T2,2025-12-28T17:59:17.000Z,65,65,59,0,6,0.9076923076923077,151.7495023148148
L2656:T2:I12054,2656,T2,2026-01-02T16:22:28.000Z,66,66,61,0,5,0.9242424242424242,156.68226851851853
L2656:T2:I12052,2656,T2,2026-01-02T20:13:01.000Z,65,65,60,0,5,0.9230769230769231,156.84237268518518
L2656:T2:I12056,2656,T2,2026-03-10T10:28:00.000Z,74,74,73,0,1,0.9864864864864865,92.43611111111112
L2657:T0,2657,T0,2025-03-27T00:00:00.000Z,11,4,4,7,0,0.36363636363636365,64
L2657:T1:I12060,2657,T1,2025-04-03T12:27:39.000Z,11,4,4,7,0,0.36363636363636365,71.51920138888889
L2657:T2:I12061,2657,T2,2025-04-05T18:50:00.000Z,12,4,4,8,0,0.3333333333333333,73.78472222222223
L2657:T2:I12059,2657,T2,2025-11-13T07:49:00.000Z,21,20,18,1,2,0.8571428571428571,168.32569444444445
L2658:T0,2658,T0,2025-04-15T00:00:00.000Z,32,19,16,13,3,0.5,99
L2658:T1:I12062,2658,T1,2025-04-24T11:39:39.000Z,33,21,19,12,2,0.5757575757575758,102.48586805555556
L2658:T2:I12063,2658,T2,2025-05-14T07:37:00.000Z,35,24,22,11,2,0.6285714285714286,95.31736111111111
L2659:T0,2659,T0,2026-02-02T00:00:00.000Z,17,17,17,0,0,1,73
L2659:T1:I12066,2659,T1,2026-02-04T08:23:57.000Z,18,18,18,0,0,1,75.34996527777778
L2659:T2:I12064,2659,T2,2026-02-05T16:40:56.000Z,18,18,18,0,0,1,76.69509259259259
L2659:T2:I12067,2659,T2,2026-02-11T07:59:26.000Z,18,18,18,0,0,1,82.33293981481482
L2659:T2:I12065,2659,T2,2026-02-15T10:28:12.000Z,18,18,18,0,0,1,86.43625
L2660:T0,2660,T0,2025-11-21T00:00:00.000Z,31,31,28,0,3,0.9032258064516129,160
L2660:T1:I12073,2660,T1,2025-11-25T14:53:10.000Z,31,31,29,0,2,0.9354838709677419,164.62025462962964
L2660:T2:I12075,2660,T2,2025-11-26T12:52:14.000Z,33,33,31,0,2,0.9393939393939394,165.53627314814815
L2660:T2:I12071,2660,T2,2025-11-29T17:59:57.000Z,33,33,31,0,2,0.9393939393939394,168.7499652777778
L2660:T2:I12072,2660,T2,2025-11-30T09:33:57.000Z,33,33,31,0,2,0.9393939393939394,169.3985763888889
L2660:T2:I12069,2660,T2,2025-11-30T09:58:38.000Z,32,32,30,0,2,0.9375,169.41571759259259
L2660:T2:I12068,2660,T2,2025-12-04T17:35:45.000Z,34,34,32,0,2,0.9411764705882353,173.7331597222222
L2660:T2:I12074,2660,T2,2025-12-25T18:15:00.000Z,35,35,32,0,3,0.9142857142857143,194.76041666666666
L2660:T2:I12070,2660,T2,2026-02-03T13:34:00.000Z,39,39,37,0,2,0.9487179487179487,120.56527777777778
L2661:T0,2661,T0,2026-02-11T00:00:00.000Z,21,21,21,0,0,1,80
L2661:T1:I12077,2661,T1,2026-02-15T12:50:57.000Z,21,21,21,0,0,1,84.53538194444444
L2661:T2:I12076,2661,T2,2026-02-17T16:44:13.000Z,22,22,22,0,0,1,86.69737268518519
L2662:T0,2662,T0,2025-03-10T00:00:00.000Z,18,6,6,12,0,0.3333333333333333,34
L2662:T1:I12085,2662,T1,2025-03-13T14:14:11.000Z,19,6,6,13,0,0.3157894736842105,37.59318287037037
L2662:T2:I12082,2662,T2,2025-03-21T08:50:00.000Z,19,7,7,12,0,0.3684210526315789,45.36805555555556
L2662:T2:I12084,2662,T2,2025-10-06T10:53:00.000Z,41,41,37,0,4,0.9024390243902439,198.45347222222222
L2662:T2:I12083,2662,T2,2025-12-10T15:19:00.000Z,43,43,39,0,4,0.9069767441860465,143.63819444444445
L2662:T2:I12079,2662,T2,2025-12-21T10:51:00.000Z,43,43,39,0,4,0.9069767441860465,154.45208333333332
L2662:T2:I12080,2662,T2,2026-02-10T07:01:00.000Z,46,46,43,0,3,0.9347826086956522,148.29236111111112
L2662:T2:I12078,2662,T2,2026-03-08T08:01:00.000Z,50,50,50,0,0,1,79.33402777777778
L2662:T2:I12081,2662,T2,2026-05-12T15:39:00.000Z,54,54,53,0,1,0.9814814814814815,113.65208333333334
L2663:T0,2663,T0,2025-03-13T00:00:00.000Z,11,5,5,6,0,0.45454545454545453,24
L2663:T1:I12087,2663,T1,2025-03-15T15:33:10.000Z,12,6,6,6,0,0.5,26.648032407407406
L2663:T2:I12091,2663,T2,2025-03-16T08:09:14.000Z,12,5,5,7,0,0.4166666666666667,27.33974537037037
L2663:T2:I12086,2663,T2,2025-03-19T09:03:34.000Z,12,10,10,2,0,0.8333333333333334,44.37747685185185
L2663:T2:I12092,2663,T2,2025-03-24T07:48:01.000Z,12,9,9,3,0,0.75,35.325011574074075
L2663:T2:I12089,2663,T2,2025-06-05T19:40:00.000Z,17,16,15,1,1,0.8823529411764706,92.81944444444444
L2663:T2:I12090,2663,T2,2025-07-02T09:05:00.000Z,18,17,16,1,1,0.8888888888888888,105.37847222222223
L2663:T2:I12088,2663,T2,2025-12-19T10:49:00.000Z,30,30,28,0,2,0.9333333333333333,116.45069444444445
L2664:T0,2664,T0,2025-07-28T00:00:00.000Z,44,44,36,0,8,0.8181818181818182,166
L2664:T1:I12094,2664,T1,2025-07-28T12:46:11.000Z,45,45,37,0,8,0.8222222222222222,166.53207175925925
L2664:T2:I12095,2664,T2,2025-07-29T10:28:36.000Z,44,44,36,0,8,0.8181818181818182,167.43652777777777
L2664:T2:I12098,2664,T2,2025-08-01T17:03:48.000Z,46,46,38,0,8,0.8260869565217391,170.7109722222222
L2664:T2:I12093,2664,T2,2025-08-09T17:10:13.000Z,46,46,39,0,7,0.8478260869565217,178.71542824074075
L2664:T2:I12096,2664,T2,2025-08-10T10:18:58.000Z,45,45,38,0,7,0.8444444444444444,179.42983796296295
L2664:T2:I12099,2664,T2,2025-11-07T12:35:00.000Z,53,53,46,0,7,0.8679245283018868,268.52430555555554
L2664:T2:I12097,2664,T2,2026-03-02T13:18:00.000Z,62,62,58,0,4,0.9354838709677419,267.5541666666667
L2665:T0,2665,T0,2026-05-22T00:00:00.000Z,33,33,31,0,2,0.9393939393939394,121
L2665:T1:I12105,2665,T1,2026-05-22T07:19:12.000Z,34,34,32,0,2,0.9411764705882353,121.305
L2665:T2:I12101,2665,T2,2026-05-23T19:43:21.000Z,34,34,32,0,2,0.9411764705882353,122.82177083333333
L2665:T2:I12100,2665,T2,2026-05-25T07:54:40.000Z,34,34,33,0,1,0.9705882352941176,124.32962962962964
L2665:T2:I12106,2665,T2,2026-05-28T17:29:34.000Z,34,34,33,0,1,0.9705882352941176,127.72886574074074
L2665:T2:I12104,2665,T2,2026-05-29T20:00:22.000Z,33,33,32,0,1,0.9696969696969697,128.83358796296295
L2665:T2:I12102,2665,T2,2026-05-30T19:52:21.000Z,34,34,33,0,1,0.9705882352941176,129.82802083333334
L2665:T2:I12103,2665,T2,2026-06-01T14:41:32.000Z,34,34,34,0,0,1,75.61217592592592
L2666:T0,2666,T0,2025-03-15T00:00:00.000Z,20,9,9,11,0,0.45,59
L2666:T1:I12108,2666,T1,2025-12-28T14:38:00.000Z,33,33,27,0,6,0.8181818181818182,120.60972222222222
L2666:T2:I12107,2666,T2,2026-03-12T18:22:00.000Z,36,36,34,0,2,0.9444444444444444,116.76527777777778
L2667:T0,2667,T0,2025-07-25T00:00:00.000Z,15,14,9,1,5,0.6,180
L2667:T1:I12113,2667,T1,2025-07-25T07:56:25.000Z,16,15,10,1,5,0.625,180.3308449074074
L2667:T2:I12111,2667,T2,2025-10-25T10:57:00.000Z,17,17,16,0,1,0.9411764705882353,140.45625
L2667:T2:I12112,2667,T2,2026-04-06T18:52:00.000Z,22,22,21,0,1,0.9545454545454546,145.7861111111111
L2667:T2:I12110,2667,T2,2026-04-18T12:40:00.000Z,23,23,23,0,0,1,54.52777777777778
L2667:T2:I12109,2667,T2,2026-05-17T14:26:00.000Z,25,25,25,0,0,1,72.60138888888889
L2668:T0,2668,T0,2026-01-20T00:00:00.000Z,84,84,80,0,4,0.9523809523809523,218
L2668:T1:I12116,2668,T1,2026-01-20T11:27:09.000Z,85,85,81,0,4,0.9529411764705882,218.4771875
L2668:T2:I12119,2668,T2,2026-01-20T14:38:39.000Z,85,85,81,0,4,0.9529411764705882,218.61017361111112
L2668:T2:I12117,2668,T2,2026-01-26T15:33:50.000Z,84,84,79,0,5,0.9404761904761905,162.64849537037037
L2668:T2:I12118,2668,T2,2026-01-29T17:30:41.000Z,87,87,82,0,5,0.9425287356321839,165.7296412037037
L2668:T2:I12115,2668,T2,2026-01-30T15:49:00.000Z,87,87,82,0,5,0.9425287356321839,166.65902777777777
L2668:T2:I12121,2668,T2,2026-02-25T17:01:00.000Z,89,89,86,0,3,0.9662921348314607,192.70902777777778
L2668:T2:I12120,2668,T2,2026-03-27T20:34:00.000Z,95,95,91,0,4,0.9578947368421052,99.85694444444445
L2668:T2:I12114,2668,T2,2026-05-02T16:01:00.000Z,101,101,96,0,5,0.9504950495049505,131.66736111111112
L2669:T0,2669,T0,2025-12-22T00:00:00.000Z,85,85,81,0,4,0.9529411764705882,174
L2669:T1:I12126,2669,T1,2025-12-23T13:48:33.000Z,86,86,83,0,3,0.9651162790697675,122.57538194444444
L2669:T2:I12124,2669,T2,2025-12-25T15:11:32.000Z,87,87,83,0,4,0.9540229885057471,124.63300925925925
L2669:T2:I12123,2669,T2,2025-12-27T17:15:44.000Z,87,87,83,0,4,0.9540229885057471,126.71925925925926
L2669:T2:I12125,2669,T2,2026-01-01T20:33:35.000Z,87,87,81,0,6,0.9310344827586207,131.8566550925926
L2669:T2:I12127,2669,T2,2026-01-04T13:27:34.000Z,87,87,81,0,6,0.9310344827586207,134.56081018518518
L2669:T2:I12122,2669,T2,2026-05-18T11:10:00.000Z,108,108,106,0,2,0.9814814814814815,235.46527777777777
L2670:T0,2670,T0,2025-10-04T00:00:00.000Z,29,29,25,0,4,0.8620689655172413,152
L2670:T1:I12130,2670,T1,2025-10-05T13:45:47.000Z,30,30,26,0,4,0.8666666666666667,153.57346064814814
L2670:T2:I12133,2670,T2,2025-10-05T16:06:16.000Z,30,30,26,0,4,0.8666666666666667,153.6710185185185
L2670:T2:I12132,2670,T2,2025-10-07T18:39:08.000Z,30,30,27,0,3,0.9,155.77717592592592
L2670:T2:I12135,2670,T2,2025-10-08T09:21:57.000Z,29,29,26,0,3,0.896551724137931,156.39024305555554
L2670:T2:I12129,2670,T2,2025-10-13T19:30:12.000Z,30,30,26,0,4,0.8666666666666667,161.8126388888889
L2670:T2:I12128,2670,T2,2025-10-14T12:17:41.000Z,30,30,26,0,4,0.8666666666666667,162.5122800925926
L2670:T2:I12134,2670,T2,2025-12-22T19:10:00.000Z,34,34,30,0,4,0.8823529411764706,231.79861111111111
L2670:T2:I12131,2670,T2,2026-05-03T16:31:00.000Z,44,44,41,0,3,0.9318181818181818,188.68819444444443
L2671:T0,2671,T0,2026-04-16T00:00:00.000Z,28,28,28,0,0,1,45
L2671:T1:I12137,2671,T1,2026-04-19T07:40:30.000Z,29,29,29,0,0,1,78.31979166666666
L2671:T2:I12138,2671,T2,2026-04-21T12:58:07.000Z,29,29,28,0,1,0.9655172413793104,102.5403587962963
L2671:T2:I12136,2671,T2,2026-04-26T13:01:13.000Z,29,29,29,0,0,1,55.54251157407408
L2672:T0,2672,T0,2026-04-03T00:00:00.000Z,69,69,68,0,1,0.9855072463768116,100
L2672:T1:I12140,2672,T1,2026-04-05T17:13:22.000Z,70,70,69,0,1,0.9857142857142858,102.71761574074074
L2672:T2:I12141,2672,T2,2026-04-08T11:19:32.000Z,70,70,69,0,1,0.9857142857142858,105.47189814814814
L2672:T2:I12139,2672,T2,2026-04-16T18:13:53.000Z,70,70,69,0,1,0.9857142857142858,96.75964120370371
L2673:T0,2673,T0,2025-10-03T00:00:00.000Z,68,68,56,0,12,0.8235294117647058,251
L2673:T1:I12142,2673,T1,2026-03-26T20:24:00.000Z,100,100,93,0,7,0.93,182.85
L2673:T2:I12143,2673,T2,2026-06-11T10:17:00.000Z,108,108,106,0,2,0.9814814814814815,112.42847222222223
L2674:T0,2674,T0,2025-09-09T00:00:00.000Z,40,39,31,1,8,0.775,213
L2674:T1:I12149,2674,T1,2025-09-09T10:21:48.000Z,41,40,32,1,8,0.7804878048780488,213.43180555555554
L2674:T2:I12148,2674,T2,2025-09-10T09:35:33.000Z,41,40,32,1,8,0.7804878048780488,214.3996875
L2674:T2:I12146,2674,T2,2025-09-15T13:07:49.000Z,43,42,34,1,8,0.7906976744186046,219.5470949074074
L2674:T2:I12145,2674,T2,2025-09-20T15:34:53.000Z,43,42,31,1,11,0.7209302325581395,224.64922453703704
L2674:T2:I12151,2674,T2,2025-09-21T17:06:56.000Z,43,42,32,1,10,0.7441860465116279,225.71314814814815
L2674:T2:I12150,2674,T2,2025-10-11T10:36:00.000Z,45,45,37,0,8,0.8222222222222222,200.44166666666666
L2674:T2:I12144,2674,T2,2025-12-09T07:56:00.000Z,47,47,44,0,3,0.9361702127659575,214.33055555555555
L2674:T2:I12147,2674,T2,2026-05-11T12:44:00.000Z,58,58,54,0,4,0.9310344827586207,168.53055555555557
L2675:T0,2675,T0,2026-04-26T00:00:00.000Z,52,52,50,0,2,0.9615384615384616,95
L2675:T1:I12152,2675,T1,2026-04-27T17:30:28.000Z,53,53,50,0,3,0.9433962264150944,96.72949074074074
L2675:T2:I12153,2675,T2,2026-05-03T16:19:53.000Z,55,55,53,0,2,0.9636363636363636,102.68047453703704
L2675:T2:I12154,2675,T2,2026-05-03T17:28:28.000Z,55,55,53,0,2,0.9636363636363636,102.72810185185185
L2675:T2:I12155,2675,T2,2026-05-11T11:25:00.000Z,55,55,52,0,3,0.9454545454545454,110.47569444444444
L2676:T0,2676,T0,2025-12-04T00:00:00.000Z,56,56,48,0,8,0.8571428571428571,230
L2676:T1:I12160,2676,T1,2025-12-05T20:42:51.000Z,56,56,47,0,9,0.8392857142857143,231.8630902777778
L2676:T2:I12162,2676,T2,2025-12-06T09:18:04.000Z,56,56,47,0,9,0.8392857142857143,232.3875462962963
L2676:T2:I12159,2676,T2,2025-12-09T16:57:21.000Z,57,57,49,0,8,0.8596491228070176,235.70649305555557
L2676:T2:I12163,2676,T2,2025-12-11T20:26:25.000Z,56,56,48,0,8,0.8571428571428571,237.85167824074074
L2676:T2:I12158,2676,T2,2025-12-12T20:42:13.000Z,57,57,49,0,8,0.8596491228070176,238.86265046296296
L2676:T2:I12156,2676,T2,2025-12-17T09:08:08.000Z,57,57,52,0,5,0.9122807017543859,243.38064814814814
L2676:T2:I12157,2676,T2,2026-01-08T12:52:00.000Z,57,57,52,0,5,0.9122807017543859,154.5361111111111
L2676:T2:I12161,2676,T2,2026-03-21T11:56:00.000Z,67,67,66,0,1,0.9850746268656716,222.49722222222223
L2677:T0,2677,T0,2026-02-19T00:00:00.000Z,46,46,44,0,2,0.9565217391304348,178
L2677:T1:I12170,2677,T1,2026-02-19T10:09:12.000Z,47,47,45,0,2,0.9574468085106383,178.42305555555555
L2677:T2:I12165,2677,T2,2026-02-20T20:57:00.000Z,47,47,45,0,2,0.9574468085106383,179.87291666666667
L2677:T2:I12166,2677,T2,2026-02-26T10:33:00.000Z,47,47,44,0,3,0.9361702127659575,185.43958333333333
L2677:T2:I12164,2677,T2,2026-02-28T15:52:10.000Z,47,47,44,0,3,0.9361702127659575,187.66122685185186
L2677:T2:I12169,2677,T2,2026-03-02T08:57:35.000Z,47,47,45,0,2,0.9574468085106383,189.37332175925926
L2677:T2:I12171,2677,T2,2026-03-02T17:00:06.000Z,47,47,45,0,2,0.9574468085106383,189.7084027777778
L2677:T2:I12168,2677,T2,2026-03-03T09:14:09.000Z,47,47,45,0,2,0.9574468085106383,190.38482638888888
L2677:T2:I12167,2677,T2,2026-04-05T10:01:00.000Z,49,49,48,0,1,0.9795918367346939,101.4173611111111
L2678:T0,2678,T0,2026-03-13T00:00:00.000Z,83,83,83,0,0,1,89
L2678:T1:I12172,2678,T1,2026-03-14T13:53:23.000Z,84,84,83,0,1,0.9880952380952381,90.57873842592592
L2678:T2:I12173,2678,T2,2026-03-24T14:33:58.000Z,86,86,83,0,3,0.9651162790697675,100.60692129629629
L2679:T0,2679,T0,2025-07-24T00:00:00.000Z,40,36,35,4,1,0.875,97
L2679:T1:I12177,2679,T1,2025-07-26T11:46:47.000Z,41,37,36,4,1,0.8780487804878049,99.49082175925926
L2679:T2:I12181,2679,T2,2025-07-28T19:26:04.000Z,42,38,37,4,1,0.8809523809523809,101.80976851851852
L2679:T2:I12179,2679,T2,2025-08-01T13:13:14.000Z,43,39,38,4,1,0.8837209302325582,105.55085648148147
L2679:T2:I12178,2679,T2,2025-08-05T07:10:53.000Z,43,40,39,3,1,0.9069767441860465,109.29922453703703
L2679:T2:I12176,2679,T2,2025-08-12T07:44:00.000Z,44,41,39,3,2,0.8863636363636364,116.32222222222222
L2679:T2:I12174,2679,T2,2025-10-06T10:18:00.000Z,49,47,47,2,0,0.9591836734693877,85.42916666666666
L2679:T2:I12180,2679,T2,2026-01-22T07:57:00.000Z,68,68,65,0,3,0.9558823529411765,116.33125
L2679:T2:I12175,2679,T2,2026-04-06T20:35:00.000Z,76,76,71,0,5,0.9342105263157895,119.85763888888889
L2680:T0,2680,T0,2025-10-26T00:00:00.000Z,37,37,34,0,3,0.918918918918919,138
L2680:T1:I12183,2680,T1,2025-10-27T16:49:07.000Z,38,38,35,0,3,0.9210526315789473,139.70077546296295
L2680:T2:I12184,2680,T2,2025-11-02T16:27:59.000Z,38,38,36,0,2,0.9473684210526315,121.68609953703704
L2680:T2:I12182,2680,T2,2025-11-03T12:29:57.000Z,38,38,36,0,2,0.9473684210526315,122.5207986111111
L2680:T2:I12186,2680,T2,2025-11-05T18:57:54.000Z,38,38,36,0,2,0.9473684210526315,124.79020833333334
L2680:T2:I12185,2680,T2,2025-12-30T16:52:00.000Z,41,41,38,0,3,0.926829268292683,158.70277777777778
L2680:T2:I12187,2680,T2,2026-03-11T18:50:00.000Z,47,47,45,0,2,0.9574468085106383,94.78472222222223
L2681:T0,2681,T0,2025-09-02T00:00:00.000Z,11,11,8,0,3,0.7272727272727273,158
L2681:T1:I12188,2681,T1,2025-09-04T07:27:57.000Z,12,12,10,0,2,0.8333333333333334,160.3110763888889
L2681:T2:I12192,2681,T2,2025-09-05T19:34:51.000Z,12,12,10,0,2,0.8333333333333334,161.81586805555557
L2681:T2:I12189,2681,T2,2025-09-08T13:54:03.000Z,12,12,9,0,3,0.75,164.5792013888889
L2681:T2:I12193,2681,T2,2025-09-14T15:52:50.000Z,12,12,9,0,3,0.75,170.66168981481482
L2681:T2:I12194,2681,T2,2025-10-21T10:28:00.000Z,14,14,13,0,1,0.9285714285714286,120.43611111111112
L2681:T2:I12190,2681,T2,2025-11-07T17:37:00.000Z,14,14,13,0,1,0.9285714285714286,137.73402777777778
L2681:T2:I12191,2681,T2,2025-12-01T09:58:00.000Z,14,14,12,0,2,0.8571428571428571,161.4152777777778
L2681:T2:I12195,2681,T2,2026-04-01T11:46:00.000Z,18,18,17,0,1,0.9444444444444444,90.49027777777778
L2682:T0,2682,T0,2025-12-10T00:00:00.000Z,32,32,28,0,4,0.875,168
L2682:T1:I12196,2682,T1,2025-12-11T09:03:12.000Z,33,33,28,0,5,0.8484848484848485,169.37722222222223
L2682:T2:I12198,2682,T2,2025-12-11T18:53:19.000Z,33,33,28,0,5,0.8484848484848485,169.78702546296296
L2682:T2:I12197,2682,T2,2025-12-13T08:18:33.000Z,33,33,29,0,4,0.8787878787878788,171.3462152777778
L2683:T0,2683,T0,2025-12-17T00:00:00.000Z,59,59,53,0,6,0.8983050847457628,152
L2683:T1:I12200,2683,T1,2025-12-28T07:51:42.000Z,60,60,56,0,4,0.9333333333333333,163.32756944444444
L2683:T2:I12201,2683,T2,2025-12-28T16:05:23.000Z,60,60,56,0,4,0.9333333333333333,163.6704050925926
L2683:T2:I12199,2683,T2,2026-01-20T11:04:00.000Z,65,65,61,0,4,0.9384615384615385,186.4611111111111
L2684:T0,2684,T0,2025-11-06T00:00:00.000Z,10,10,8,0,2,0.8,123
L2684:T1:I12203,2684,T1,2025-11-06T07:03:19.000Z,11,11,9,0,2,0.8181818181818182,123.2939699074074
L2684:T2:I12206,2684,T2,2025-11-12T14:23:05.000Z,11,11,9,0,2,0.8181818181818182,129.59936342592593
L2684:T2:I12202,2684,T2,2025-11-13T18:22:26.000Z,11,11,9,0,2,0.8181818181818182,130.7655787037037
L2684:T2:I12205,2684,T2,2025-11-15T20:29:41.000Z,10,10,9,0,1,0.9,132.85394675925926
L2684:T2:I12207,2684,T2,2026-03-04T11:49:00.000Z,12,12,11,0,1,0.9166666666666666,103.49236111111111
L2684:T2:I12204,2684,T2,2026-03-24T09:51:00.000Z,12,12,11,0,1,0.9166666666666666,123.41041666666666
L2685:T0,2685,T0,2026-04-25T00:00:00.000Z,49,49,47,0,2,0.9591836734693877,94
L2685:T1:I12211,2685,T1,2026-04-27T15:37:23.000Z,50,50,47,0,3,0.94,96.65096064814814
L2685:T2:I12210,2685,T2,2026-05-01T09:47:01.000Z,51,51,47,0,4,0.9215686274509803,100.40765046296296
L2685:T2:I12208,2685,T2,2026-05-02T17:42:40.000Z,51,51,48,0,3,0.9411764705882353,101.73796296296297
L2685:T2:I12209,2685,T2,2026-05-06T19:35:57.000Z,51,51,48,0,3,0.9411764705882353,105.81663194444444
L2686:T0,2686,T0,2026-02-22T00:00:00.000Z,35,35,31,0,4,0.8857142857142857,222
L2686:T1:I12212,2686,T1,2026-02-25T09:38:08.000Z,36,36,33,0,3,0.9166666666666666,225.40148148148148
L2686:T2:I12216,2686,T2,2026-02-27T12:41:21.000Z,36,36,33,0,3,0.9166666666666666,227.5287152777778
L2686:T2:I12215,2686,T2,2026-02-28T15:17:07.000Z,36,36,33,0,3,0.9166666666666666,228.63688657407408
L2686:T2:I12217,2686,T2,2026-03-02T08:59:57.000Z,37,37,34,0,3,0.918918918918919,230.3749652777778
L2686:T2:I12213,2686,T2,2026-03-03T20:43:00.000Z,36,36,33,0,3,0.9166666666666666,231.86319444444445
L2686:T2:I12214,2686,T2,2026-03-04T09:05:45.000Z,37,37,34,0,3,0.918918918918919,232.37899305555555
L2687:T0,2687,T0,2026-06-24T00:00:00.000Z,77,77,76,0,1,0.987012987012987,190
L2687:T1:I12223,2687,T1,2026-06-24T07:38:40.000Z,78,78,77,0,1,0.9871794871794872,190.31851851851852
L2687:T2:I12224,2687,T2,2026-06-25T08:25:14.000Z,78,78,77,0,1,0.9871794871794872,191.3508564814815
L2687:T2:I12222,2687,T2,2026-06-25T11:28:01.000Z,78,78,77,0,1,0.9871794871794872,191.47778935185184
L2687:T2:I12220,2687,T2,2026-06-25T20:14:51.000Z,77,77,76,0,1,0.987012987012987,191.84364583333334
L2687:T2:I12221,2687,T2,2026-07-04T15:54:44.000Z,77,77,76,0,1,0.987012987012987,200.66300925925927
L2687:T2:I12218,2687,T2,2026-07-05T16:57:02.000Z,78,78,77,0,1,0.9871794871794872,201.70627314814814
L2687:T2:I12219,2687,T2,2026-07-06T11:52:22.000Z,78,78,77,0,1,0.9871794871794872,202.49469907407408
L2687:T2:I12225,2687,T2,2026-07-07T18:23:54.000Z,78,78,77,0,1,0.9871794871794872,203.76659722222223
L2688:T0,2688,T0,2025-06-20T00:00:00.000Z,23,19,18,4,1,0.782608695652174,113
L2688:T1:I12226,2688,T1,2025-06-22T13:59:51.000Z,24,20,18,4,2,0.75,115.58322916666667
L2688:T2:I12231,2688,T2,2025-06-27T12:25:36.000Z,24,21,18,3,3,0.75,120.51777777777778
L2688:T2:I12229,2688,T2,2025-06-29T09:30:57.000Z,24,21,18,3,3,0.75,122.39649305555555
L2688:T2:I12227,2688,T2,2025-07-01T11:24:36.000Z,24,21,18,3,3,0.75,124.47541666666666
L2688:T2:I12228,2688,T2,2025-09-13T17:38:00.000Z,25,25,20,0,5,0.8,198.73472222222222
L2688:T2:I12230,2688,T2,2026-02-04T07:41:00.000Z,35,35,34,0,1,0.9714285714285714,155.3201388888889
L2688:T2:I12232,2688,T2,2026-03-08T20:15:00.000Z,36,36,35,0,1,0.9722222222222222,112.84375
L2689:T0,2689,T0,2025-03-28T00:00:00.000Z,5,2,2,3,0,0.4,31
L2689:T1:I12235,2689,T1,2025-04-03T13:04:04.000Z,6,2,2,4,0,0.3333333333333333,37.54449074074074
L2689:T2:I12240,2689,T2,2025-04-06T11:57:12.000Z,6,2,2,4,0,0.3333333333333333,40.49805555555555
L2689:T2:I12239,2689,T2,2025-04-08T14:51:50.000Z,6,3,3,3,0,0.5,42.6193287037037
L2689:T2:I12237,2689,T2,2025-06-20T12:56:00.000Z,10,8,8,2,0,0.8,51.53888888888889
L2689:T2:I12238,2689,T2,2025-09-23T20:45:00.000Z,17,16,15,1,1,0.8823529411764706,95.86458333333333
L2689:T2:I12234,2689,T2,2026-02-19T19:53:00.000Z,24,24,22,0,2,0.9166666666666666,95.82847222222222
L2689:T2:I12233,2689,T2,2026-05-08T14:50:00.000Z,28,28,26,0,2,0.9285714285714286,100.61805555555556
L2689:T2:I12236,2689,T2,2026-06-14T13:32:00.000Z,31,31,30,0,1,0.967741935483871,127.56388888888888
L2690:T0,2690,T0,2026-02-24T00:00:00.000Z,17,17,16,0,1,0.9411764705882353,95
L2690:T1:I12241,2690,T1,2026-02-26T15:23:55.000Z,18,18,17,0,1,0.9444444444444444,97.6416087962963
L2691:T0,2691,T0,2025-12-06T00:00:00.000Z,61,61,57,0,4,0.9344262295081968,120
L2691:T1:I12243,2691,T1,2025-12-09T18:24:10.000Z,62,62,57,0,5,0.9193548387096774,130.76678240740742
L2691:T2:I12242,2691,T2,2025-12-18T10:07:41.000Z,64,64,60,0,4,0.9375,124.42200231481482
L2692:T0,2692,T0,2025-08-05T00:00:00.000Z,15,14,13,1,1,0.8666666666666667,159
L2692:T1:I12245,2692,T1,2025-08-31T11:19:00.000Z,16,16,14,0,2,0.875,185.47152777777777
L2692:T2:I12244,2692,T2,2025-09-30T08:37:00.000Z,17,17,16,0,1,0.9411764705882353,113.35902777777778
L2693:T0,2693,T0,2026-05-11T00:00:00.000Z,31,31,31,0,0,1,75
L2693:T1:I12246,2693,T1,2026-05-13T07:45:37.000Z,32,32,32,0,0,1,77.3233449074074
L2693:T2:I12249,2693,T2,2026-05-16T19:28:04.000Z,32,32,32,0,0,1,80.8111574074074
L2693:T2:I12247,2693,T2,2026-05-17T16:14:55.000Z,32,32,32,0,0,1,81.67702546296296
L2693:T2:I12250,2693,T2,2026-05-23T12:50:16.000Z,32,32,32,0,0,1,87.5349074074074
L2693:T2:I12248,2693,T2,2026-05-24T19:14:49.000Z,32,32,32,0,0,1,88.80195601851852
L2694:T0,2694,T0,2026-04-28T00:00:00.000Z,50,50,49,0,1,0.98,124
L2694:T1:I12256,2694,T1,2026-04-29T11:14:57.000Z,51,51,50,0,1,0.9803921568627451,125.46871527777778
L2694:T2:I12251,2694,T2,2026-05-02T10:53:03.000Z,51,51,50,0,1,0.9803921568627451,128.45350694444446
L2694:T2:I12252,2694,T2,2026-05-07T13:03:48.000Z,51,51,49,0,2,0.9607843137254902,133.54430555555555
L2694:T2:I12254,2694,T2,2026-05-10T08:28:46.000Z,51,51,50,0,1,0.9803921568627451,136.3533101851852
L2694:T2:I12253,2694,T2,2026-05-10T15:13:44.000Z,51,51,50,0,1,0.9803921568627451,136.63453703703703
L2694:T2:I12255,2694,T2,2026-05-11T15:59:58.000Z,51,51,50,0,1,0.9803921568627451,137.66664351851853
L2695:T0,2695,T0,2025-05-30T00:00:00.000Z,11,9,6,2,3,0.5454545454545454,124
L2695:T1:I12257,2695,T1,2025-05-31T10:11:24.000Z,12,10,6,2,4,0.5,125.42458333333333
L2696:T0,2696,T0,2026-05-01T00:00:00.000Z,19,19,19,0,0,1,81
L2696:T1:I12264,2696,T1,2026-05-02T10:54:22.000Z,20,20,20,0,0,1,82.4544212962963
L2696:T2:I12259,2696,T2,2026-05-02T16:19:45.000Z,20,20,20,0,0,1,82.68038194444445
L2696:T2:I12262,2696,T2,2026-05-10T18:31:51.000Z,20,20,19,0,1,0.95,90.77211805555555
L2696:T2:I12261,2696,T2,2026-05-12T14:55:10.000Z,21,21,20,0,1,0.9523809523809523,92.62164351851852
L2696:T2:I12263,2696,T2,2026-05-12T16:41:15.000Z,21,21,20,0,1,0.9523809523809523,92.6953125
L2696:T2:I12258,2696,T2,2026-05-14T19:38:26.000Z,21,21,21,0,0,1,79.81835648148149
L2696:T2:I12260,2696,T2,2026-06-15T15:33:00.000Z,22,22,21,0,1,0.9545454545454546,98.64791666666666
L2697:T0,2697,T0,2025-10-01T00:00:00.000Z,14,14,12,0,2,0.8571428571428571,249
L2697:T1:I12265,2697,T1,2025-10-01T20:51:51.000Z,15,15,13,0,2,0.8666666666666667,249.86934027777778
L2697:T2:I12266,2697,T2,2025-10-04T19:56:05.000Z,15,15,13,0,2,0.8666666666666667,252.83061342592592
L2697:T2:I12271,2697,T2,2025-10-06T16:50:20.000Z,15,15,13,0,2,0.8666666666666667,254.70162037037036
L2697:T2:I12268,2697,T2,2025-10-08T10:31:47.000Z,16,16,13,0,3,0.8125,256.4387384259259
L2697:T2:I12269,2697,T2,2025-10-14T14:10:48.000Z,16,16,12,0,4,0.75,262.5908333333333
L2697:T2:I12270,2697,T2,2025-11-26T08:04:00.000Z,18,18,14,0,4,0.7777777777777778,305.3361111111111
L2697:T2:I12267,2697,T2,2026-06-01T20:45:00.000Z,28,28,28,0,0,1,81.86458333333333
L2698:T0,2698,T0,2025-02-16T00:00:00.000Z,5,1,1,4,0,0.2,0
L2698:T1:I12272,2698,T1,2025-02-20T12:50:07.000Z,6,2,2,4,0,0.3333333333333333,7.53480324074074
L2698:T2:I12273,2698,T2,2025-02-21T18:39:37.000Z,6,2,2,4,0,0.3333333333333333,27.777511574074072
L2698:T2:I12275,2698,T2,2025-02-26T18:48:13.000Z,6,1,1,5,0,0.16666666666666666,10.783483796296297
L2698:T2:I12274,2698,T2,2025-02-27T13:02:09.000Z,6,1,1,5,0,0.16666666666666666,11.543159722222223
L2698:T2:I12276,2698,T2,2025-08-19T15:02:00.000Z,14,13,12,1,1,0.8571428571428571,106.62638888888888
L2699:T0,2699,T0,2026-01-19T00:00:00.000Z,20,20,20,0,0,1,70
L2699:T1:I12278,2699,T1,2026-01-20T08:17:24.000Z,21,21,21,0,0,1,71.34541666666667
L2699:T2:I12277,2699,T2,2026-01-22T13:29:27.000Z,21,21,21,0,0,1,73.56211805555556
L2699:T2:I12280,2699,T2,2026-01-28T10:49:16.000Z,23,23,23,0,0,1,79.45087962962963
L2699:T2:I12279,2699,T2,2026-01-28T13:43:34.000Z,23,23,23,0,0,1,79.5719212962963
L2699:T2:I12281,2699,T2,2026-01-30T18:25:13.000Z,22,22,22,0,0,1,81.76751157407408
L2700:T0,2700,T0,2026-01-23T00:00:00.000Z,78,78,70,0,8,0.8974358974358975,165
L2700:T1:I12282,2700,T1,2026-02-01T16:56:15.000Z,80,80,76,0,4,0.95,174.70572916666666
L2700:T2:I12284,2700,T2,2026-02-02T10:07:36.000Z,80,80,75,0,5,0.9375,175.42194444444445
L2700:T2:I12283,2700,T2,2026-02-04T15:46:30.000Z,80,80,75,0,5,0.9375,177.65729166666668
L2701:T0,2701,T0,2025-09-15T00:00:00.000Z,39,39,33,0,6,0.8461538461538461,133
L2701:T1:I12288,2701,T1,2025-09-15T15:22:47.000Z,39,39,33,0,6,0.8461538461538461,133.64082175925927
L2701:T2:I12286,2701,T2,2025-09-21T07:21:25.000Z,40,40,35,0,5,0.875,114.30653935185185
L2701:T2:I12290,2701,T2,2025-09-24T09:46:03.000Z,40,40,34,0,6,0.85,117.40697916666667
L2701:T2:I12289,2701,T2,2025-09-24T16:56:37.000Z,40,40,34,0,6,0.85,117.7059837962963
L2701:T2:I12287,2701,T2,2025-09-26T09:14:49.000Z,40,40,35,0,5,0.875,119.38528935185185
L2701:T2:I12285,2701,T2,2025-09-27T08:40:56.000Z,40,40,35,0,5,0.875,120.36175925925926
L2702:T0,2702,T0,2025-10-01T00:00:00.000Z,26,26,21,0,5,0.8076923076923077,216
L2702:T1:I12293,2702,T1,2025-10-02T08:07:14.000Z,27,27,22,0,5,0.8148148148148148,217.33835648148147
L2702:T2:I12291,2702,T2,2025-10-09T17:43:11.000Z,27,27,21,0,6,0.7777777777777778,224.73832175925926
L2702:T2:I12297,2702,T2,2025-10-11T16:31:21.000Z,27,27,21,0,6,0.7777777777777778,226.6884375
L2702:T2:I12298,2702,T2,2025-10-12T09:59:38.000Z,27,27,21,0,6,0.7777777777777778,227.41641203703705
L2702:T2:I12296,2702,T2,2025-10-13T17:53:11.000Z,27,27,22,0,5,0.8148148148148148,228.7452662037037
L2702:T2:I12292,2702,T2,2025-11-27T09:52:00.000Z,30,30,29,0,1,0.9666666666666667,249.4111111111111
L2702:T2:I12295,2702,T2,2025-12-03T19:53:00.000Z,30,30,29,0,1,0.9666666666666667,255.82847222222222
L2702:T2:I12294,2702,T2,2026-01-05T19:18:00.000Z,31,31,31,0,0,1,74.80416666666666
