prediction_key,lead_id,stage,score_time,candidate_spot_id,fallback_rank,fallback_tier,candidate_source,is_observed_current_spot
L1:T0,1,T0,2025-05-09T00:00:00.000Z,2032,0,CORRIDOR,POLICY_UNIVERSE,
L1:T0,1,T0,2025-05-09T00:00:00.000Z,2363,0,CORRIDOR,POLICY_UNIVERSE,
L1:T0,1,T0,2025-05-09T00:00:00.000Z,868,0,CORRIDOR,POLICY_UNIVERSE,
L1:T0,1,T0,2025-05-09T00:00:00.000Z,698,0,CORRIDOR,POLICY_UNIVERSE,
L1:T0,1,T0,2025-05-09T00:00:00.000Z,1607,0,CORRIDOR,POLICY_UNIVERSE,
L1:T0,1,T0,2025-05-09T00:00:00.000Z,1303,0,CORRIDOR,POLICY_UNIVERSE,
L1:T0,1,T0,2025-05-09T00:00:00.000Z,1985,0,CORRIDOR,POLICY_UNIVERSE,
L1:T0,1,T0,2025-05-09T00:00:00.000Z,2636,0,CORRIDOR,POLICY_UNIVERSE,
L1:T0,1,T0,2025-05-09T00:00:00.000Z,84,0,CORRIDOR,POLICY_UNIVERSE,
L1:T0,1,T0,2025-05-09T00:00:00.000Z,613,0,CORRIDOR,POLICY_UNIVERSE,
L1:T0,1,T0,2025-05-09T00:00:00.000Z,2180,0,CORRIDOR,POLICY_UNIVERSE,
L1:T0,1,T0,2025-05-09T00:00:00.000Z,1225,0,CORRIDOR,POLICY_UNIVERSE,
L1:T0,1,T0,2025-05-09T00:00:00.000Z,679,0,CORRIDOR,POLICY_UNIVERSE,
L1:T0,1,T0,2025-05-09T00:00:00.000Z,376,2,STATE,POLICY_UNIVERSE,
L1:T0,1,T0,2025-05-09T00:00:00.000Z,1544,2,STATE,POLICY_UNIVERSE,
L1:T0,1,T0,2025-05-09T00:00:00.000Z,1395,2,STATE,POLICY_UNIVERSE,
L1:T0,1,T0,2025-05-09T00:00:00.000Z,2651,2,STATE,POLICY_UNIVERSE,
L1:T0,1,T0,2025-05-09T00:00:00.000Z,879,2,STATE,POLICY_UNIVERSE,
L1:T0,1,T0,2025-05-09T00:00:00.000Z,1639,2,STATE,POLICY_UNIVERSE,
L1:T0,1,T0,2025-05-09T00:00:00.000Z,2915,2,STATE,POLICY_UNIVERSE,
L1:T0,1,T0,2025-05-09T00:00:00.000Z,153,2,STATE,POLICY_UNIVERSE,
L1:T0,1,T0,2025-05-09T00:00:00.000Z,1610,2,STATE,POLICY_UNIVERSE,
L1:T0,1,T0,2025-05-09T00:00:00.000Z,1592,2,STATE,POLICY_UNIVERSE,
L1:T0,1,T0,2025-05-09T00:00:00.000Z,1337,2,STATE,POLICY_UNIVERSE,
L1:T1:I3,1,T1,2025-05-12T16:10:27.000Z,2032,0,CORRIDOR,POLICY_UNIVERSE,false
L1:T1:I3,1,T1,2025-05-12T16:10:27.000Z,2363,0,CORRIDOR,POLICY_UNIVERSE,false
L1:T1:I3,1,T1,2025-05-12T16:10:27.000Z,868,0,CORRIDOR,POLICY_UNIVERSE,false
L1:T1:I3,1,T1,2025-05-12T16:10:27.000Z,698,0,CORRIDOR,POLICY_UNIVERSE,false
L1:T1:I3,1,T1,2025-05-12T16:10:27.000Z,1607,0,CORRIDOR,POLICY_UNIVERSE,false
L1:T1:I3,1,T1,2025-05-12T16:10:27.000Z,1303,0,CORRIDOR,POLICY_UNIVERSE,false
L1:T1:I3,1,T1,2025-05-12T16:10:27.000Z,1985,0,CORRIDOR,POLICY_UNIVERSE,false
L1:T1:I3,1,T1,2025-05-12T16:10:27.000Z,2636,0,CORRIDOR,POLICY_UNIVERSE,false
L1:T1:I3,1,T1,2025-05-12T16:10:27.000Z,84,0,CORRIDOR,POLICY_UNIVERSE,false
L1:T1:I3,1,T1,2025-05-12T16:10:27.000Z,613,0,CORRIDOR,POLICY_UNIVERSE,false
L1:T1:I3,1,T1,2025-05-12T16:10:27.000Z,2180,0,CORRIDOR,POLICY_UNIVERSE,false
L1:T1:I3,1,T1,2025-05-12T16:10:27.000Z,1225,0,CORRIDOR,POLICY_UNIVERSE,false
L1:T1:I3,1,T1,2025-05-12T16:10:27.000Z,679,0,CORRIDOR,POLICY_UNIVERSE,false
L1:T1:I3,1,T1,2025-05-12T16:10:27.000Z,376,2,STATE,POLICY_UNIVERSE,false
L1:T1:I3,1,T1,2025-05-12T16:10:27.000Z,1544,2,STATE,POLICY_UNIVERSE,false
L1:T1:I3,1,T1,2025-05-12T16:10:27.000Z,1395,2,STATE,POLICY_UNIVERSE,false
L1:T1:I3,1,T1,2025-05-12T16:10:27.000Z,2651,2,STATE,POLICY_UNIVERSE,false
L1:T1:I3,1,T1,2025-05-12T16:10:27.000Z,879,2,STATE,POLICY_UNIVERSE,false
L1:T1:I3,1,T1,2025-05-12T16:10:27.000Z,1639,2,STATE,POLICY_UNIVERSE,false
L1:T1:I3,1,T1,2025-05-12T16:10:27.000Z,2915,2,STATE,POLICY_UNIVERSE,false
L1:T1:I3,1,T1,2025-05-12T16:10:27.000Z,153,2,STATE,POLICY_UNIVERSE,false
L1:T1:I3,1,T1,2025-05-12T16:10:27.000Z,1610,2,STATE,POLICY_UNIVERSE,false
L1:T1:I3,1,T1,2025-05-12T16:10:27.000Z,1592,2,STATE,POLICY_UNIVERSE,false
L1:T1:I3,1,T1,2025-05-12T16:10:27.000Z,1337,2,STATE,POLICY_UNIVERSE,false
L1:T1:I3,1,T1,2025-05-12T16:10:27.000Z,1274,99,OBSERVED_OVERRIDE,OBSERVED_CURRENT_OVERRIDE,true
L1:T2:I1,1,T2,2025-05-16T20:03:15.000Z,2032,0,CORRIDOR,POLICY_UNIVERSE,false
L1:T2:I1,1,T2,2025-05-16T20:03:15.000Z,2363,0,CORRIDOR,POLICY_UNIVERSE,false
L1:T2:I1,1,T2,2025-05-16T20:03:15.000Z,868,0,CORRIDOR,POLICY_UNIVERSE,false
L1:T2:I1,1,T2,2025-05-16T20:03:15.000Z,698,0,CORRIDOR,POLICY_UNIVERSE,false
L1:T2:I1,1,T2,2025-05-16T20:03:15.000Z,1607,0,CORRIDOR,POLICY_UNIVERSE,false
L1:T2:I1,1,T2,2025-05-16T20:03:15.000Z,1303,0,CORRIDOR,POLICY_UNIVERSE,false
L1:T2:I1,1,T2,2025-05-16T20:03:15.000Z,1985,0,CORRIDOR,POLICY_UNIVERSE,false
L1:T2:I1,1,T2,2025-05-16T20:03:15.000Z,2636,0,CORRIDOR,POLICY_UNIVERSE,false
L1:T2:I1,1,T2,2025-05-16T20:03:15.000Z,84,0,CORRIDOR,POLICY_UNIVERSE,false
L1:T2:I1,1,T2,2025-05-16T20:03:15.000Z,613,0,CORRIDOR,POLICY_UNIVERSE,false
L1:T2:I1,1,T2,2025-05-16T20:03:15.000Z,2180,0,CORRIDOR,POLICY_UNIVERSE,false
L1:T2:I1,1,T2,2025-05-16T20:03:15.000Z,1225,0,CORRIDOR,POLICY_UNIVERSE,false
L1:T2:I1,1,T2,2025-05-16T20:03:15.000Z,679,0,CORRIDOR,POLICY_UNIVERSE,false
L1:T2:I1,1,T2,2025-05-16T20:03:15.000Z,376,2,STATE,POLICY_UNIVERSE,false
L1:T2:I1,1,T2,2025-05-16T20:03:15.000Z,1544,2,STATE,POLICY_UNIVERSE,false
L1:T2:I1,1,T2,2025-05-16T20:03:15.000Z,1395,2,STATE,POLICY_UNIVERSE,false
L1:T2:I1,1,T2,2025-05-16T20:03:15.000Z,2651,2,STATE,POLICY_UNIVERSE,false
L1:T2:I1,1,T2,2025-05-16T20:03:15.000Z,879,2,STATE,POLICY_UNIVERSE,false
L1:T2:I1,1,T2,2025-05-16T20:03:15.000Z,1639,2,STATE,POLICY_UNIVERSE,false
L1:T2:I1,1,T2,2025-05-16T20:03:15.000Z,2915,2,STATE,POLICY_UNIVERSE,false
L1:T2:I1,1,T2,2025-05-16T20:03:15.000Z,153,2,STATE,POLICY_UNIVERSE,false
L1:T2:I1,1,T2,2025-05-16T20:03:15.000Z,1610,2,STATE,POLICY_UNIVERSE,false
L1:T2:I1,1,T2,2025-05-16T20:03:15.000Z,1592,2,STATE,POLICY_UNIVERSE,false
L1:T2:I1,1,T2,2025-05-16T20:03:15.000Z,1337,2,STATE,POLICY_UNIVERSE,false
L1:T2:I1,1,T2,2025-05-16T20:03:15.000Z,1483,99,OBSERVED_OVERRIDE,OBSERVED_CURRENT_OVERRIDE,true
L1:T2:I2,1,T2,2025-05-21T18:34:55.000Z,2032,0,CORRIDOR,POLICY_UNIVERSE,false
L1:T2:I2,1,T2,2025-05-21T18:34:55.000Z,2363,0,CORRIDOR,POLICY_UNIVERSE,false
L1:T2:I2,1,T2,2025-05-21T18:34:55.000Z,868,0,CORRIDOR,POLICY_UNIVERSE,false
L1:T2:I2,1,T2,2025-05-21T18:34:55.000Z,698,0,CORRIDOR,POLICY_UNIVERSE,false
L1:T2:I2,1,T2,2025-05-21T18:34:55.000Z,1607,0,CORRIDOR,POLICY_UNIVERSE,false
L1:T2:I2,1,T2,2025-05-21T18:34:55.000Z,1303,0,CORRIDOR,POLICY_UNIVERSE,false
L1:T2:I2,1,T2,2025-05-21T18:34:55.000Z,1985,0,CORRIDOR,POLICY_UNIVERSE,false
L1:T2:I2,1,T2,2025-05-21T18:34:55.000Z,2636,0,CORRIDOR,POLICY_UNIVERSE,false
L1:T2:I2,1,T2,2025-05-21T18:34:55.000Z,84,0,CORRIDOR,POLICY_UNIVERSE,false
L1:T2:I2,1,T2,2025-05-21T18:34:55.000Z,613,0,CORRIDOR,POLICY_UNIVERSE,false
L1:T2:I2,1,T2,2025-05-21T18:34:55.000Z,2180,0,CORRIDOR,POLICY_UNIVERSE,false
L1:T2:I2,1,T2,2025-05-21T18:34:55.000Z,1225,0,CORRIDOR,POLICY_UNIVERSE,false
L1:T2:I2,1,T2,2025-05-21T18:34:55.000Z,679,0,CORRIDOR,POLICY_UNIVERSE,false
L1:T2:I2,1,T2,2025-05-21T18:34:55.000Z,376,2,STATE,POLICY_UNIVERSE,false
L1:T2:I2,1,T2,2025-05-21T18:34:55.000Z,1544,2,STATE,POLICY_UNIVERSE,false
L1:T2:I2,1,T2,2025-05-21T18:34:55.000Z,1395,2,STATE,POLICY_UNIVERSE,false
L1:T2:I2,1,T2,2025-05-21T18:34:55.000Z,2651,2,STATE,POLICY_UNIVERSE,false
L1:T2:I2,1,T2,2025-05-21T18:34:55.000Z,879,2,STATE,POLICY_UNIVERSE,false
L1:T2:I2,1,T2,2025-05-21T18:34:55.000Z,1639,2,STATE,POLICY_UNIVERSE,false
L1:T2:I2,1,T2,2025-05-21T18:34:55.000Z,2915,2,STATE,POLICY_UNIVERSE,false
L1:T2:I2,1,T2,2025-05-21T18:34:55.000Z,153,2,STATE,POLICY_UNIVERSE,false
L1:T2:I2,1,T2,2025-05-21T18:34:55.000Z,1610,2,STATE,POLICY_UNIVERSE,false
L1:T2:I2,1,T2,2025-05-21T18:34:55.000Z,1592,2,STATE,POLICY_UNIVERSE,false
L1:T2:I2,1,T2,2025-05-21T18:34:55.000Z,1337,2,STATE,POLICY_UNIVERSE,false
L1:T2:I2,1,T2,2025-05-21T18:34:55.000Z,2501,2,STATE,POLICY_UNIVERSE,false
L1:T2:I2,1,T2,2025-05-21T18:34:55.000Z,2199,99,OBSERVED_OVERRIDE,OBSERVED_CURRENT_OVERRIDE,true
L1:T2:I4,1,T2,2025-05-22T12:04:52.000Z,2032,0,CORRIDOR,POLICY_UNIVERSE,false
L1:T2:I4,1,T2,2025-05-22T12:04:52.000Z,2363,0,CORRIDOR,POLICY_UNIVERSE,false
L1:T2:I4,1,T2,2025-05-22T12:04:52.000Z,868,0,CORRIDOR,POLICY_UNIVERSE,false
L1:T2:I4,1,T2,2025-05-22T12:04:52.000Z,698,0,CORRIDOR,POLICY_UNIVERSE,false
L1:T2:I4,1,T2,2025-05-22T12:04:52.000Z,1607,0,CORRIDOR,POLICY_UNIVERSE,false
L1:T2:I4,1,T2,2025-05-22T12:04:52.000Z,1303,0,CORRIDOR,POLICY_UNIVERSE,false
L1:T2:I4,1,T2,2025-05-22T12:04:52.000Z,1985,0,CORRIDOR,POLICY_UNIVERSE,false
L1:T2:I4,1,T2,2025-05-22T12:04:52.000Z,2636,0,CORRIDOR,POLICY_UNIVERSE,false
L1:T2:I4,1,T2,2025-05-22T12:04:52.000Z,84,0,CORRIDOR,POLICY_UNIVERSE,false
L1:T2:I4,1,T2,2025-05-22T12:04:52.000Z,613,0,CORRIDOR,POLICY_UNIVERSE,false
L1:T2:I4,1,T2,2025-05-22T12:04:52.000Z,2180,0,CORRIDOR,POLICY_UNIVERSE,false
L1:T2:I4,1,T2,2025-05-22T12:04:52.000Z,1225,0,CORRIDOR,POLICY_UNIVERSE,false
L1:T2:I4,1,T2,2025-05-22T12:04:52.000Z,679,0,CORRIDOR,POLICY_UNIVERSE,false
L1:T2:I4,1,T2,2025-05-22T12:04:52.000Z,376,2,STATE,POLICY_UNIVERSE,false
L1:T2:I4,1,T2,2025-05-22T12:04:52.000Z,1544,2,STATE,POLICY_UNIVERSE,false
L1:T2:I4,1,T2,2025-05-22T12:04:52.000Z,1395,2,STATE,POLICY_UNIVERSE,false
L1:T2:I4,1,T2,2025-05-22T12:04:52.000Z,2651,2,STATE,POLICY_UNIVERSE,false
L1:T2:I4,1,T2,2025-05-22T12:04:52.000Z,879,2,STATE,POLICY_UNIVERSE,false
L1:T2:I4,1,T2,2025-05-22T12:04:52.000Z,1639,2,STATE,POLICY_UNIVERSE,false
L1:T2:I4,1,T2,2025-05-22T12:04:52.000Z,2915,2,STATE,POLICY_UNIVERSE,false
L1:T2:I4,1,T2,2025-05-22T12:04:52.000Z,153,2,STATE,POLICY_UNIVERSE,false
L1:T2:I4,1,T2,2025-05-22T12:04:52.000Z,1610,2,STATE,POLICY_UNIVERSE,false
L1:T2:I4,1,T2,2025-05-22T12:04:52.000Z,1592,2,STATE,POLICY_UNIVERSE,false
L1:T2:I4,1,T2,2025-05-22T12:04:52.000Z,1337,2,STATE,POLICY_UNIVERSE,false
L1:T2:I4,1,T2,2025-05-22T12:04:52.000Z,2501,2,STATE,POLICY_UNIVERSE,false
L1:T2:I4,1,T2,2025-05-22T12:04:52.000Z,1761,99,OBSERVED_OVERRIDE,OBSERVED_CURRENT_OVERRIDE,true
L2:T0,2,T0,2026-02-25T00:00:00.000Z,1605,0,CORRIDOR,POLICY_UNIVERSE,
L2:T0,2,T0,2026-02-25T00:00:00.000Z,756,0,CORRIDOR,POLICY_UNIVERSE,
L2:T0,2,T0,2026-02-25T00:00:00.000Z,1957,0,CORRIDOR,POLICY_UNIVERSE,
L2:T0,2,T0,2026-02-25T00:00:00.000Z,2008,0,CORRIDOR,POLICY_UNIVERSE,
L2:T0,2,T0,2026-02-25T00:00:00.000Z,2454,0,CORRIDOR,POLICY_UNIVERSE,
L2:T0,2,T0,2026-02-25T00:00:00.000Z,97,0,CORRIDOR,POLICY_UNIVERSE,
L2:T0,2,T0,2026-02-25T00:00:00.000Z,1769,0,CORRIDOR,POLICY_UNIVERSE,
L2:T0,2,T0,2026-02-25T00:00:00.000Z,1914,0,CORRIDOR,POLICY_UNIVERSE,
L2:T0,2,T0,2026-02-25T00:00:00.000Z,2198,0,CORRIDOR,POLICY_UNIVERSE,
L2:T0,2,T0,2026-02-25T00:00:00.000Z,1884,0,CORRIDOR,POLICY_UNIVERSE,
L2:T0,2,T0,2026-02-25T00:00:00.000Z,1397,0,CORRIDOR,POLICY_UNIVERSE,
L2:T0,2,T0,2026-02-25T00:00:00.000Z,2983,0,CORRIDOR,POLICY_UNIVERSE,
L2:T0,2,T0,2026-02-25T00:00:00.000Z,1645,0,CORRIDOR,POLICY_UNIVERSE,
L2:T0,2,T0,2026-02-25T00:00:00.000Z,2280,0,CORRIDOR,POLICY_UNIVERSE,
L2:T0,2,T0,2026-02-25T00:00:00.000Z,1894,0,CORRIDOR,POLICY_UNIVERSE,
L2:T0,2,T0,2026-02-25T00:00:00.000Z,1236,0,CORRIDOR,POLICY_UNIVERSE,
L2:T0,2,T0,2026-02-25T00:00:00.000Z,1269,0,CORRIDOR,POLICY_UNIVERSE,
L2:T0,2,T0,2026-02-25T00:00:00.000Z,1586,0,CORRIDOR,POLICY_UNIVERSE,
L2:T0,2,T0,2026-02-25T00:00:00.000Z,1329,0,CORRIDOR,POLICY_UNIVERSE,
L2:T0,2,T0,2026-02-25T00:00:00.000Z,1808,0,CORRIDOR,POLICY_UNIVERSE,
L2:T0,2,T0,2026-02-25T00:00:00.000Z,1348,0,CORRIDOR,POLICY_UNIVERSE,
L2:T0,2,T0,2026-02-25T00:00:00.000Z,2027,0,CORRIDOR,POLICY_UNIVERSE,
L2:T0,2,T0,2026-02-25T00:00:00.000Z,1277,0,CORRIDOR,POLICY_UNIVERSE,
L2:T0,2,T0,2026-02-25T00:00:00.000Z,1623,0,CORRIDOR,POLICY_UNIVERSE,
L2:T0,2,T0,2026-02-25T00:00:00.000Z,943,0,CORRIDOR,POLICY_UNIVERSE,
L2:T0,2,T0,2026-02-25T00:00:00.000Z,1999,0,CORRIDOR,POLICY_UNIVERSE,
L2:T0,2,T0,2026-02-25T00:00:00.000Z,32,0,CORRIDOR,POLICY_UNIVERSE,
L2:T0,2,T0,2026-02-25T00:00:00.000Z,128,0,CORRIDOR,POLICY_UNIVERSE,
L2:T0,2,T0,2026-02-25T00:00:00.000Z,1640,0,CORRIDOR,POLICY_UNIVERSE,
L2:T0,2,T0,2026-02-25T00:00:00.000Z,2303,0,CORRIDOR,POLICY_UNIVERSE,
L2:T0,2,T0,2026-02-25T00:00:00.000Z,456,0,CORRIDOR,POLICY_UNIVERSE,
L2:T0,2,T0,2026-02-25T00:00:00.000Z,991,0,CORRIDOR,POLICY_UNIVERSE,
L2:T0,2,T0,2026-02-25T00:00:00.000Z,1045,0,CORRIDOR,POLICY_UNIVERSE,
L2:T0,2,T0,2026-02-25T00:00:00.000Z,2950,0,CORRIDOR,POLICY_UNIVERSE,
L2:T0,2,T0,2026-02-25T00:00:00.000Z,1258,0,CORRIDOR,POLICY_UNIVERSE,
L2:T0,2,T0,2026-02-25T00:00:00.000Z,801,0,CORRIDOR,POLICY_UNIVERSE,
L2:T0,2,T0,2026-02-25T00:00:00.000Z,1130,0,CORRIDOR,POLICY_UNIVERSE,
L2:T0,2,T0,2026-02-25T00:00:00.000Z,1875,0,CORRIDOR,POLICY_UNIVERSE,
L2:T0,2,T0,2026-02-25T00:00:00.000Z,1245,0,CORRIDOR,POLICY_UNIVERSE,
L2:T0,2,T0,2026-02-25T00:00:00.000Z,1940,0,CORRIDOR,POLICY_UNIVERSE,
L2:T0,2,T0,2026-02-25T00:00:00.000Z,1796,0,CORRIDOR,POLICY_UNIVERSE,
L2:T0,2,T0,2026-02-25T00:00:00.000Z,509,0,CORRIDOR,POLICY_UNIVERSE,
L2:T0,2,T0,2026-02-25T00:00:00.000Z,2762,2,STATE,POLICY_UNIVERSE,
L2:T0,2,T0,2026-02-25T00:00:00.000Z,1553,2,STATE,POLICY_UNIVERSE,
L2:T0,2,T0,2026-02-25T00:00:00.000Z,2918,2,STATE,POLICY_UNIVERSE,
L2:T0,2,T0,2026-02-25T00:00:00.000Z,1432,2,STATE,POLICY_UNIVERSE,
L2:T0,2,T0,2026-02-25T00:00:00.000Z,343,2,STATE,POLICY_UNIVERSE,
L2:T0,2,T0,2026-02-25T00:00:00.000Z,1218,2,STATE,POLICY_UNIVERSE,
L2:T0,2,T0,2026-02-25T00:00:00.000Z,1139,2,STATE,POLICY_UNIVERSE,
L2:T0,2,T0,2026-02-25T00:00:00.000Z,2139,2,STATE,POLICY_UNIVERSE,
L2:T0,2,T0,2026-02-25T00:00:00.000Z,603,2,STATE,POLICY_UNIVERSE,
L2:T0,2,T0,2026-02-25T00:00:00.000Z,1142,2,STATE,POLICY_UNIVERSE,
L2:T0,2,T0,2026-02-25T00:00:00.000Z,1121,2,STATE,POLICY_UNIVERSE,
L2:T0,2,T0,2026-02-25T00:00:00.000Z,1135,2,STATE,POLICY_UNIVERSE,
L2:T0,2,T0,2026-02-25T00:00:00.000Z,1318,2,STATE,POLICY_UNIVERSE,
L2:T0,2,T0,2026-02-25T00:00:00.000Z,1280,2,STATE,POLICY_UNIVERSE,
L2:T0,2,T0,2026-02-25T00:00:00.000Z,2001,2,STATE,POLICY_UNIVERSE,
L2:T0,2,T0,2026-02-25T00:00:00.000Z,838,2,STATE,POLICY_UNIVERSE,
L2:T0,2,T0,2026-02-25T00:00:00.000Z,1020,2,STATE,POLICY_UNIVERSE,
L2:T0,2,T0,2026-02-25T00:00:00.000Z,2989,2,STATE,POLICY_UNIVERSE,
L2:T0,2,T0,2026-02-25T00:00:00.000Z,355,2,STATE,POLICY_UNIVERSE,
L2:T0,2,T0,2026-02-25T00:00:00.000Z,993,2,STATE,POLICY_UNIVERSE,
L2:T0,2,T0,2026-02-25T00:00:00.000Z,353,2,STATE,POLICY_UNIVERSE,
L2:T0,2,T0,2026-02-25T00:00:00.000Z,1949,2,STATE,POLICY_UNIVERSE,
L2:T0,2,T0,2026-02-25T00:00:00.000Z,2687,2,STATE,POLICY_UNIVERSE,
L2:T0,2,T0,2026-02-25T00:00:00.000Z,2323,2,STATE,POLICY_UNIVERSE,
L2:T0,2,T0,2026-02-25T00:00:00.000Z,2123,2,STATE,POLICY_UNIVERSE,
L2:T0,2,T0,2026-02-25T00:00:00.000Z,1772,2,STATE,POLICY_UNIVERSE,
L2:T0,2,T0,2026-02-25T00:00:00.000Z,41,2,STATE,POLICY_UNIVERSE,
L2:T0,2,T0,2026-02-25T00:00:00.000Z,439,2,STATE,POLICY_UNIVERSE,
L2:T0,2,T0,2026-02-25T00:00:00.000Z,2531,2,STATE,POLICY_UNIVERSE,
L2:T0,2,T0,2026-02-25T00:00:00.000Z,2570,2,STATE,POLICY_UNIVERSE,
L2:T0,2,T0,2026-02-25T00:00:00.000Z,514,2,STATE,POLICY_UNIVERSE,
L2:T0,2,T0,2026-02-25T00:00:00.000Z,605,2,STATE,POLICY_UNIVERSE,
L2:T0,2,T0,2026-02-25T00:00:00.000Z,75,2,STATE,POLICY_UNIVERSE,
L2:T0,2,T0,2026-02-25T00:00:00.000Z,651,2,STATE,POLICY_UNIVERSE,
L2:T0,2,T0,2026-02-25T00:00:00.000Z,2313,2,STATE,POLICY_UNIVERSE,
L2:T0,2,T0,2026-02-25T00:00:00.000Z,1271,2,STATE,POLICY_UNIVERSE,
L2:T0,2,T0,2026-02-25T00:00:00.000Z,2440,2,STATE,POLICY_UNIVERSE,
L2:T0,2,T0,2026-02-25T00:00:00.000Z,2842,2,STATE,POLICY_UNIVERSE,
L2:T0,2,T0,2026-02-25T00:00:00.000Z,1987,2,STATE,POLICY_UNIVERSE,
L2:T0,2,T0,2026-02-25T00:00:00.000Z,2548,2,STATE,POLICY_UNIVERSE,
L2:T0,2,T0,2026-02-25T00:00:00.000Z,2507,2,STATE,POLICY_UNIVERSE,
L2:T0,2,T0,2026-02-25T00:00:00.000Z,2710,2,STATE,POLICY_UNIVERSE,
L2:T0,2,T0,2026-02-25T00:00:00.000Z,2338,2,STATE,POLICY_UNIVERSE,
L2:T0,2,T0,2026-02-25T00:00:00.000Z,2536,2,STATE,POLICY_UNIVERSE,
L2:T0,2,T0,2026-02-25T00:00:00.000Z,2877,2,STATE,POLICY_UNIVERSE,
L2:T0,2,T0,2026-02-25T00:00:00.000Z,981,2,STATE,POLICY_UNIVERSE,
L2:T0,2,T0,2026-02-25T00:00:00.000Z,2214,2,STATE,POLICY_UNIVERSE,
L2:T1:I5,2,T1,2026-03-04T09:00:43.000Z,1605,0,CORRIDOR,POLICY_UNIVERSE,false
L2:T1:I5,2,T1,2026-03-04T09:00:43.000Z,756,0,CORRIDOR,POLICY_UNIVERSE,false
L2:T1:I5,2,T1,2026-03-04T09:00:43.000Z,1957,0,CORRIDOR,POLICY_UNIVERSE,false
L2:T1:I5,2,T1,2026-03-04T09:00:43.000Z,2008,0,CORRIDOR,POLICY_UNIVERSE,false
L2:T1:I5,2,T1,2026-03-04T09:00:43.000Z,2454,0,CORRIDOR,POLICY_UNIVERSE,false
L2:T1:I5,2,T1,2026-03-04T09:00:43.000Z,97,0,CORRIDOR,POLICY_UNIVERSE,false
L2:T1:I5,2,T1,2026-03-04T09:00:43.000Z,1769,0,CORRIDOR,POLICY_UNIVERSE,false
L2:T1:I5,2,T1,2026-03-04T09:00:43.000Z,1914,0,CORRIDOR,POLICY_UNIVERSE,false
L2:T1:I5,2,T1,2026-03-04T09:00:43.000Z,2198,0,CORRIDOR,POLICY_UNIVERSE,false
L2:T1:I5,2,T1,2026-03-04T09:00:43.000Z,1884,0,CORRIDOR,POLICY_UNIVERSE,false
L2:T1:I5,2,T1,2026-03-04T09:00:43.000Z,1397,0,CORRIDOR,POLICY_UNIVERSE,false
L2:T1:I5,2,T1,2026-03-04T09:00:43.000Z,2983,0,CORRIDOR,POLICY_UNIVERSE,false
L2:T1:I5,2,T1,2026-03-04T09:00:43.000Z,1645,0,CORRIDOR,POLICY_UNIVERSE,false
L2:T1:I5,2,T1,2026-03-04T09:00:43.000Z,2280,0,CORRIDOR,POLICY_UNIVERSE,false
L2:T1:I5,2,T1,2026-03-04T09:00:43.000Z,1894,0,CORRIDOR,POLICY_UNIVERSE,false
L2:T1:I5,2,T1,2026-03-04T09:00:43.000Z,1236,0,CORRIDOR,POLICY_UNIVERSE,false
L2:T1:I5,2,T1,2026-03-04T09:00:43.000Z,1269,0,CORRIDOR,POLICY_UNIVERSE,false
L2:T1:I5,2,T1,2026-03-04T09:00:43.000Z,1586,0,CORRIDOR,POLICY_UNIVERSE,false
L2:T1:I5,2,T1,2026-03-04T09:00:43.000Z,1329,0,CORRIDOR,POLICY_UNIVERSE,false
L2:T1:I5,2,T1,2026-03-04T09:00:43.000Z,1808,0,CORRIDOR,POLICY_UNIVERSE,false
L2:T1:I5,2,T1,2026-03-04T09:00:43.000Z,1348,0,CORRIDOR,POLICY_UNIVERSE,false
L2:T1:I5,2,T1,2026-03-04T09:00:43.000Z,2027,0,CORRIDOR,POLICY_UNIVERSE,false
L2:T1:I5,2,T1,2026-03-04T09:00:43.000Z,1277,0,CORRIDOR,POLICY_UNIVERSE,false
L2:T1:I5,2,T1,2026-03-04T09:00:43.000Z,1623,0,CORRIDOR,POLICY_UNIVERSE,false
L2:T1:I5,2,T1,2026-03-04T09:00:43.000Z,943,0,CORRIDOR,POLICY_UNIVERSE,false
L2:T1:I5,2,T1,2026-03-04T09:00:43.000Z,1999,0,CORRIDOR,POLICY_UNIVERSE,false
L2:T1:I5,2,T1,2026-03-04T09:00:43.000Z,32,0,CORRIDOR,POLICY_UNIVERSE,false
L2:T1:I5,2,T1,2026-03-04T09:00:43.000Z,128,0,CORRIDOR,POLICY_UNIVERSE,false
L2:T1:I5,2,T1,2026-03-04T09:00:43.000Z,1640,0,CORRIDOR,POLICY_UNIVERSE,false
L2:T1:I5,2,T1,2026-03-04T09:00:43.000Z,2303,0,CORRIDOR,POLICY_UNIVERSE,false
L2:T1:I5,2,T1,2026-03-04T09:00:43.000Z,456,0,CORRIDOR,POLICY_UNIVERSE,false
L2:T1:I5,2,T1,2026-03-04T09:00:43.000Z,991,0,CORRIDOR,POLICY_UNIVERSE,false
L2:T1:I5,2,T1,2026-03-04T09:00:43.000Z,1045,0,CORRIDOR,POLICY_UNIVERSE,false
L2:T1:I5,2,T1,2026-03-04T09:00:43.000Z,2950,0,CORRIDOR,POLICY_UNIVERSE,false
L2:T1:I5,2,T1,2026-03-04T09:00:43.000Z,1258,0,CORRIDOR,POLICY_UNIVERSE,false
L2:T1:I5,2,T1,2026-03-04T09:00:43.000Z,801,0,CORRIDOR,POLICY_UNIVERSE,false
L2:T1:I5,2,T1,2026-03-04T09:00:43.000Z,1130,0,CORRIDOR,POLICY_UNIVERSE,false
L2:T1:I5,2,T1,2026-03-04T09:00:43.000Z,1875,0,CORRIDOR,POLICY_UNIVERSE,false
L2:T1:I5,2,T1,2026-03-04T09:00:43.000Z,1245,0,CORRIDOR,POLICY_UNIVERSE,false
L2:T1:I5,2,T1,2026-03-04T09:00:43.000Z,1940,0,CORRIDOR,POLICY_UNIVERSE,false
L2:T1:I5,2,T1,2026-03-04T09:00:43.000Z,1796,0,CORRIDOR,POLICY_UNIVERSE,false
L2:T1:I5,2,T1,2026-03-04T09:00:43.000Z,509,0,CORRIDOR,POLICY_UNIVERSE,false
L2:T1:I5,2,T1,2026-03-04T09:00:43.000Z,903,0,CORRIDOR,POLICY_UNIVERSE,false
L2:T1:I5,2,T1,2026-03-04T09:00:43.000Z,2762,2,STATE,POLICY_UNIVERSE,false
L2:T1:I5,2,T1,2026-03-04T09:00:43.000Z,1553,2,STATE,POLICY_UNIVERSE,false
L2:T1:I5,2,T1,2026-03-04T09:00:43.000Z,2918,2,STATE,POLICY_UNIVERSE,false
L2:T1:I5,2,T1,2026-03-04T09:00:43.000Z,1432,2,STATE,POLICY_UNIVERSE,false
L2:T1:I5,2,T1,2026-03-04T09:00:43.000Z,343,2,STATE,POLICY_UNIVERSE,false
L2:T1:I5,2,T1,2026-03-04T09:00:43.000Z,1218,2,STATE,POLICY_UNIVERSE,false
L2:T1:I5,2,T1,2026-03-04T09:00:43.000Z,1139,2,STATE,POLICY_UNIVERSE,false
L2:T1:I5,2,T1,2026-03-04T09:00:43.000Z,2139,2,STATE,POLICY_UNIVERSE,false
L2:T1:I5,2,T1,2026-03-04T09:00:43.000Z,603,2,STATE,POLICY_UNIVERSE,false
L2:T1:I5,2,T1,2026-03-04T09:00:43.000Z,1142,2,STATE,POLICY_UNIVERSE,false
L2:T1:I5,2,T1,2026-03-04T09:00:43.000Z,1121,2,STATE,POLICY_UNIVERSE,false
L2:T1:I5,2,T1,2026-03-04T09:00:43.000Z,1135,2,STATE,POLICY_UNIVERSE,false
L2:T1:I5,2,T1,2026-03-04T09:00:43.000Z,1318,2,STATE,POLICY_UNIVERSE,false
L2:T1:I5,2,T1,2026-03-04T09:00:43.000Z,1280,2,STATE,POLICY_UNIVERSE,false
L2:T1:I5,2,T1,2026-03-04T09:00:43.000Z,2001,2,STATE,POLICY_UNIVERSE,false
L2:T1:I5,2,T1,2026-03-04T09:00:43.000Z,838,2,STATE,POLICY_UNIVERSE,false
L2:T1:I5,2,T1,2026-03-04T09:00:43.000Z,1020,2,STATE,POLICY_UNIVERSE,false
L2:T1:I5,2,T1,2026-03-04T09:00:43.000Z,2989,2,STATE,POLICY_UNIVERSE,false
L2:T1:I5,2,T1,2026-03-04T09:00:43.000Z,355,2,STATE,POLICY_UNIVERSE,false
L2:T1:I5,2,T1,2026-03-04T09:00:43.000Z,993,2,STATE,POLICY_UNIVERSE,false
L2:T1:I5,2,T1,2026-03-04T09:00:43.000Z,353,2,STATE,POLICY_UNIVERSE,false
L2:T1:I5,2,T1,2026-03-04T09:00:43.000Z,1949,2,STATE,POLICY_UNIVERSE,false
L2:T1:I5,2,T1,2026-03-04T09:00:43.000Z,2687,2,STATE,POLICY_UNIVERSE,false
L2:T1:I5,2,T1,2026-03-04T09:00:43.000Z,2323,2,STATE,POLICY_UNIVERSE,false
L2:T1:I5,2,T1,2026-03-04T09:00:43.000Z,2123,2,STATE,POLICY_UNIVERSE,false
L2:T1:I5,2,T1,2026-03-04T09:00:43.000Z,1772,2,STATE,POLICY_UNIVERSE,false
L2:T1:I5,2,T1,2026-03-04T09:00:43.000Z,41,2,STATE,POLICY_UNIVERSE,false
L2:T1:I5,2,T1,2026-03-04T09:00:43.000Z,439,2,STATE,POLICY_UNIVERSE,false
L2:T1:I5,2,T1,2026-03-04T09:00:43.000Z,2531,2,STATE,POLICY_UNIVERSE,false
L2:T1:I5,2,T1,2026-03-04T09:00:43.000Z,2570,2,STATE,POLICY_UNIVERSE,false
L2:T1:I5,2,T1,2026-03-04T09:00:43.000Z,514,2,STATE,POLICY_UNIVERSE,false
L2:T1:I5,2,T1,2026-03-04T09:00:43.000Z,605,2,STATE,POLICY_UNIVERSE,false
L2:T1:I5,2,T1,2026-03-04T09:00:43.000Z,75,2,STATE,POLICY_UNIVERSE,false
L2:T1:I5,2,T1,2026-03-04T09:00:43.000Z,651,2,STATE,POLICY_UNIVERSE,false
L2:T1:I5,2,T1,2026-03-04T09:00:43.000Z,2313,2,STATE,POLICY_UNIVERSE,false
L2:T1:I5,2,T1,2026-03-04T09:00:43.000Z,1271,2,STATE,POLICY_UNIVERSE,false
L2:T1:I5,2,T1,2026-03-04T09:00:43.000Z,2440,2,STATE,POLICY_UNIVERSE,false
L2:T1:I5,2,T1,2026-03-04T09:00:43.000Z,2842,2,STATE,POLICY_UNIVERSE,false
L2:T1:I5,2,T1,2026-03-04T09:00:43.000Z,1987,2,STATE,POLICY_UNIVERSE,false
L2:T1:I5,2,T1,2026-03-04T09:00:43.000Z,2548,2,STATE,POLICY_UNIVERSE,false
L2:T1:I5,2,T1,2026-03-04T09:00:43.000Z,2507,2,STATE,POLICY_UNIVERSE,false
L2:T1:I5,2,T1,2026-03-04T09:00:43.000Z,2710,2,STATE,POLICY_UNIVERSE,false
L2:T1:I5,2,T1,2026-03-04T09:00:43.000Z,2338,2,STATE,POLICY_UNIVERSE,false
L2:T1:I5,2,T1,2026-03-04T09:00:43.000Z,2536,2,STATE,POLICY_UNIVERSE,false
L2:T1:I5,2,T1,2026-03-04T09:00:43.000Z,2877,2,STATE,POLICY_UNIVERSE,false
L2:T1:I5,2,T1,2026-03-04T09:00:43.000Z,981,2,STATE,POLICY_UNIVERSE,false
L2:T1:I5,2,T1,2026-03-04T09:00:43.000Z,2214,2,STATE,POLICY_UNIVERSE,false
L2:T1:I5,2,T1,2026-03-04T09:00:43.000Z,1855,99,OBSERVED_OVERRIDE,OBSERVED_CURRENT_OVERRIDE,true
L3:T0,3,T0,2026-02-18T00:00:00.000Z,2263,0,CORRIDOR,POLICY_UNIVERSE,
L3:T0,3,T0,2026-02-18T00:00:00.000Z,689,0,CORRIDOR,POLICY_UNIVERSE,
L3:T0,3,T0,2026-02-18T00:00:00.000Z,932,0,CORRIDOR,POLICY_UNIVERSE,
L3:T0,3,T0,2026-02-18T00:00:00.000Z,1753,0,CORRIDOR,POLICY_UNIVERSE,
L3:T0,3,T0,2026-02-18T00:00:00.000Z,2781,0,CORRIDOR,POLICY_UNIVERSE,
L3:T0,3,T0,2026-02-18T00:00:00.000Z,1855,0,CORRIDOR,POLICY_UNIVERSE,
L3:T0,3,T0,2026-02-18T00:00:00.000Z,2820,0,CORRIDOR,POLICY_UNIVERSE,
L3:T0,3,T0,2026-02-18T00:00:00.000Z,922,0,CORRIDOR,POLICY_UNIVERSE,
L3:T0,3,T0,2026-02-18T00:00:00.000Z,2066,0,CORRIDOR,POLICY_UNIVERSE,
L3:T0,3,T0,2026-02-18T00:00:00.000Z,1661,0,CORRIDOR,POLICY_UNIVERSE,
L3:T0,3,T0,2026-02-18T00:00:00.000Z,2583,0,CORRIDOR,POLICY_UNIVERSE,
L3:T0,3,T0,2026-02-18T00:00:00.000Z,2427,0,CORRIDOR,POLICY_UNIVERSE,
L3:T0,3,T0,2026-02-18T00:00:00.000Z,673,0,CORRIDOR,POLICY_UNIVERSE,
L3:T0,3,T0,2026-02-18T00:00:00.000Z,2241,0,CORRIDOR,POLICY_UNIVERSE,
L3:T0,3,T0,2026-02-18T00:00:00.000Z,2900,0,CORRIDOR,POLICY_UNIVERSE,
L3:T0,3,T0,2026-02-18T00:00:00.000Z,151,0,CORRIDOR,POLICY_UNIVERSE,
L3:T0,3,T0,2026-02-18T00:00:00.000Z,643,0,CORRIDOR,POLICY_UNIVERSE,
L3:T0,3,T0,2026-02-18T00:00:00.000Z,926,0,CORRIDOR,POLICY_UNIVERSE,
L3:T0,3,T0,2026-02-18T00:00:00.000Z,218,0,CORRIDOR,POLICY_UNIVERSE,
L3:T0,3,T0,2026-02-18T00:00:00.000Z,135,0,CORRIDOR,POLICY_UNIVERSE,
L3:T0,3,T0,2026-02-18T00:00:00.000Z,1612,0,CORRIDOR,POLICY_UNIVERSE,
L3:T0,3,T0,2026-02-18T00:00:00.000Z,1097,0,CORRIDOR,POLICY_UNIVERSE,
L3:T0,3,T0,2026-02-18T00:00:00.000Z,2410,0,CORRIDOR,POLICY_UNIVERSE,
L3:T0,3,T0,2026-02-18T00:00:00.000Z,1650,0,CORRIDOR,POLICY_UNIVERSE,
L3:T0,3,T0,2026-02-18T00:00:00.000Z,2822,0,CORRIDOR,POLICY_UNIVERSE,
L3:T0,3,T0,2026-02-18T00:00:00.000Z,2470,0,CORRIDOR,POLICY_UNIVERSE,
L3:T0,3,T0,2026-02-18T00:00:00.000Z,1740,0,CORRIDOR,POLICY_UNIVERSE,
L3:T0,3,T0,2026-02-18T00:00:00.000Z,445,0,CORRIDOR,POLICY_UNIVERSE,
L3:T0,3,T0,2026-02-18T00:00:00.000Z,725,0,CORRIDOR,POLICY_UNIVERSE,
L3:T1:I6,3,T1,2026-02-18T14:30:33.000Z,2263,0,CORRIDOR,POLICY_UNIVERSE,false
L3:T1:I6,3,T1,2026-02-18T14:30:33.000Z,689,0,CORRIDOR,POLICY_UNIVERSE,false
L3:T1:I6,3,T1,2026-02-18T14:30:33.000Z,932,0,CORRIDOR,POLICY_UNIVERSE,false
L3:T1:I6,3,T1,2026-02-18T14:30:33.000Z,1753,0,CORRIDOR,POLICY_UNIVERSE,false
L3:T1:I6,3,T1,2026-02-18T14:30:33.000Z,2781,0,CORRIDOR,POLICY_UNIVERSE,false
L3:T1:I6,3,T1,2026-02-18T14:30:33.000Z,1855,0,CORRIDOR,POLICY_UNIVERSE,false
L3:T1:I6,3,T1,2026-02-18T14:30:33.000Z,2820,0,CORRIDOR,POLICY_UNIVERSE,false
L3:T1:I6,3,T1,2026-02-18T14:30:33.000Z,922,0,CORRIDOR,POLICY_UNIVERSE,false
L3:T1:I6,3,T1,2026-02-18T14:30:33.000Z,2066,0,CORRIDOR,POLICY_UNIVERSE,false
L3:T1:I6,3,T1,2026-02-18T14:30:33.000Z,1661,0,CORRIDOR,POLICY_UNIVERSE,false
L3:T1:I6,3,T1,2026-02-18T14:30:33.000Z,2583,0,CORRIDOR,POLICY_UNIVERSE,false
L3:T1:I6,3,T1,2026-02-18T14:30:33.000Z,2427,0,CORRIDOR,POLICY_UNIVERSE,false
L3:T1:I6,3,T1,2026-02-18T14:30:33.000Z,673,0,CORRIDOR,POLICY_UNIVERSE,false
L3:T1:I6,3,T1,2026-02-18T14:30:33.000Z,2241,0,CORRIDOR,POLICY_UNIVERSE,false
L3:T1:I6,3,T1,2026-02-18T14:30:33.000Z,2900,0,CORRIDOR,POLICY_UNIVERSE,false
L3:T1:I6,3,T1,2026-02-18T14:30:33.000Z,151,0,CORRIDOR,POLICY_UNIVERSE,false
L3:T1:I6,3,T1,2026-02-18T14:30:33.000Z,643,0,CORRIDOR,POLICY_UNIVERSE,false
L3:T1:I6,3,T1,2026-02-18T14:30:33.000Z,926,0,CORRIDOR,POLICY_UNIVERSE,false
L3:T1:I6,3,T1,2026-02-18T14:30:33.000Z,218,0,CORRIDOR,POLICY_UNIVERSE,false
L3:T1:I6,3,T1,2026-02-18T14:30:33.000Z,135,0,CORRIDOR,POLICY_UNIVERSE,false
L3:T1:I6,3,T1,2026-02-18T14:30:33.000Z,1612,0,CORRIDOR,POLICY_UNIVERSE,false
L3:T1:I6,3,T1,2026-02-18T14:30:33.000Z,1097,0,CORRIDOR,POLICY_UNIVERSE,false
L3:T1:I6,3,T1,2026-02-18T14:30:33.000Z,2410,0,CORRIDOR,POLICY_UNIVERSE,false
L3:T1:I6,3,T1,2026-02-18T14:30:33.000Z,1650,0,CORRIDOR,POLICY_UNIVERSE,false
L3:T1:I6,3,T1,2026-02-18T14:30:33.000Z,2822,0,CORRIDOR,POLICY_UNIVERSE,false
L3:T1:I6,3,T1,2026-02-18T14:30:33.000Z,2470,0,CORRIDOR,POLICY_UNIVERSE,false
L3:T1:I6,3,T1,2026-02-18T14:30:33.000Z,1740,0,CORRIDOR,POLICY_UNIVERSE,false
L3:T1:I6,3,T1,2026-02-18T14:30:33.000Z,445,0,CORRIDOR,POLICY_UNIVERSE,false
L3:T1:I6,3,T1,2026-02-18T14:30:33.000Z,725,0,CORRIDOR,POLICY_UNIVERSE,false
L3:T1:I6,3,T1,2026-02-18T14:30:33.000Z,2817,99,OBSERVED_OVERRIDE,OBSERVED_CURRENT_OVERRIDE,true
L3:T2:I7,3,T2,2026-02-24T15:02:11.000Z,2263,0,CORRIDOR,POLICY_UNIVERSE,false
L3:T2:I7,3,T2,2026-02-24T15:02:11.000Z,689,0,CORRIDOR,POLICY_UNIVERSE,false
L3:T2:I7,3,T2,2026-02-24T15:02:11.000Z,932,0,CORRIDOR,POLICY_UNIVERSE,false
L3:T2:I7,3,T2,2026-02-24T15:02:11.000Z,1753,0,CORRIDOR,POLICY_UNIVERSE,false
L3:T2:I7,3,T2,2026-02-24T15:02:11.000Z,2781,0,CORRIDOR,POLICY_UNIVERSE,false
L3:T2:I7,3,T2,2026-02-24T15:02:11.000Z,1855,0,CORRIDOR,POLICY_UNIVERSE,false
L3:T2:I7,3,T2,2026-02-24T15:02:11.000Z,2820,0,CORRIDOR,POLICY_UNIVERSE,false
L3:T2:I7,3,T2,2026-02-24T15:02:11.000Z,922,0,CORRIDOR,POLICY_UNIVERSE,false
L3:T2:I7,3,T2,2026-02-24T15:02:11.000Z,2066,0,CORRIDOR,POLICY_UNIVERSE,false
L3:T2:I7,3,T2,2026-02-24T15:02:11.000Z,1661,0,CORRIDOR,POLICY_UNIVERSE,false
L3:T2:I7,3,T2,2026-02-24T15:02:11.000Z,2583,0,CORRIDOR,POLICY_UNIVERSE,false
L3:T2:I7,3,T2,2026-02-24T15:02:11.000Z,2427,0,CORRIDOR,POLICY_UNIVERSE,false
L3:T2:I7,3,T2,2026-02-24T15:02:11.000Z,673,0,CORRIDOR,POLICY_UNIVERSE,false
L3:T2:I7,3,T2,2026-02-24T15:02:11.000Z,2241,0,CORRIDOR,POLICY_UNIVERSE,false
L3:T2:I7,3,T2,2026-02-24T15:02:11.000Z,2900,0,CORRIDOR,POLICY_UNIVERSE,false
L3:T2:I7,3,T2,2026-02-24T15:02:11.000Z,151,0,CORRIDOR,POLICY_UNIVERSE,false
L3:T2:I7,3,T2,2026-02-24T15:02:11.000Z,643,0,CORRIDOR,POLICY_UNIVERSE,false
L3:T2:I7,3,T2,2026-02-24T15:02:11.000Z,926,0,CORRIDOR,POLICY_UNIVERSE,false
L3:T2:I7,3,T2,2026-02-24T15:02:11.000Z,218,0,CORRIDOR,POLICY_UNIVERSE,false
L3:T2:I7,3,T2,2026-02-24T15:02:11.000Z,135,0,CORRIDOR,POLICY_UNIVERSE,false
L3:T2:I7,3,T2,2026-02-24T15:02:11.000Z,1612,0,CORRIDOR,POLICY_UNIVERSE,false
L3:T2:I7,3,T2,2026-02-24T15:02:11.000Z,1097,0,CORRIDOR,POLICY_UNIVERSE,false
L3:T2:I7,3,T2,2026-02-24T15:02:11.000Z,2410,0,CORRIDOR,POLICY_UNIVERSE,false
L3:T2:I7,3,T2,2026-02-24T15:02:11.000Z,1650,0,CORRIDOR,POLICY_UNIVERSE,false
L3:T2:I7,3,T2,2026-02-24T15:02:11.000Z,2822,0,CORRIDOR,POLICY_UNIVERSE,false
L3:T2:I7,3,T2,2026-02-24T15:02:11.000Z,2470,0,CORRIDOR,POLICY_UNIVERSE,false
L3:T2:I7,3,T2,2026-02-24T15:02:11.000Z,1740,0,CORRIDOR,POLICY_UNIVERSE,false
L3:T2:I7,3,T2,2026-02-24T15:02:11.000Z,445,0,CORRIDOR,POLICY_UNIVERSE,false
L3:T2:I7,3,T2,2026-02-24T15:02:11.000Z,725,0,CORRIDOR,POLICY_UNIVERSE,false
L3:T2:I7,3,T2,2026-02-24T15:02:11.000Z,381,99,OBSERVED_OVERRIDE,OBSERVED_CURRENT_OVERRIDE,true
L3:T2:I8,3,T2,2026-03-01T12:02:08.000Z,2263,0,CORRIDOR,POLICY_UNIVERSE,false
L3:T2:I8,3,T2,2026-03-01T12:02:08.000Z,689,0,CORRIDOR,POLICY_UNIVERSE,false
L3:T2:I8,3,T2,2026-03-01T12:02:08.000Z,932,0,CORRIDOR,POLICY_UNIVERSE,false
L3:T2:I8,3,T2,2026-03-01T12:02:08.000Z,1753,0,CORRIDOR,POLICY_UNIVERSE,false
L3:T2:I8,3,T2,2026-03-01T12:02:08.000Z,2781,0,CORRIDOR,POLICY_UNIVERSE,false
L3:T2:I8,3,T2,2026-03-01T12:02:08.000Z,1855,0,CORRIDOR,POLICY_UNIVERSE,false
L3:T2:I8,3,T2,2026-03-01T12:02:08.000Z,2820,0,CORRIDOR,POLICY_UNIVERSE,false
L3:T2:I8,3,T2,2026-03-01T12:02:08.000Z,922,0,CORRIDOR,POLICY_UNIVERSE,false
L3:T2:I8,3,T2,2026-03-01T12:02:08.000Z,2066,0,CORRIDOR,POLICY_UNIVERSE,false
L3:T2:I8,3,T2,2026-03-01T12:02:08.000Z,1661,0,CORRIDOR,POLICY_UNIVERSE,false
L3:T2:I8,3,T2,2026-03-01T12:02:08.000Z,2583,0,CORRIDOR,POLICY_UNIVERSE,false
L3:T2:I8,3,T2,2026-03-01T12:02:08.000Z,2427,0,CORRIDOR,POLICY_UNIVERSE,false
L3:T2:I8,3,T2,2026-03-01T12:02:08.000Z,673,0,CORRIDOR,POLICY_UNIVERSE,false
L3:T2:I8,3,T2,2026-03-01T12:02:08.000Z,2241,0,CORRIDOR,POLICY_UNIVERSE,false
L3:T2:I8,3,T2,2026-03-01T12:02:08.000Z,2900,0,CORRIDOR,POLICY_UNIVERSE,false
L3:T2:I8,3,T2,2026-03-01T12:02:08.000Z,151,0,CORRIDOR,POLICY_UNIVERSE,false
L3:T2:I8,3,T2,2026-03-01T12:02:08.000Z,643,0,CORRIDOR,POLICY_UNIVERSE,false
L3:T2:I8,3,T2,2026-03-01T12:02:08.000Z,926,0,CORRIDOR,POLICY_UNIVERSE,false
L3:T2:I8,3,T2,2026-03-01T12:02:08.000Z,218,0,CORRIDOR,POLICY_UNIVERSE,false
L3:T2:I8,3,T2,2026-03-01T12:02:08.000Z,135,0,CORRIDOR,POLICY_UNIVERSE,false
L3:T2:I8,3,T2,2026-03-01T12:02:08.000Z,1612,0,CORRIDOR,POLICY_UNIVERSE,false
L3:T2:I8,3,T2,2026-03-01T12:02:08.000Z,1097,0,CORRIDOR,POLICY_UNIVERSE,false
L3:T2:I8,3,T2,2026-03-01T12:02:08.000Z,2410,0,CORRIDOR,POLICY_UNIVERSE,false
L3:T2:I8,3,T2,2026-03-01T12:02:08.000Z,1650,0,CORRIDOR,POLICY_UNIVERSE,false
L3:T2:I8,3,T2,2026-03-01T12:02:08.000Z,2822,0,CORRIDOR,POLICY_UNIVERSE,false
L3:T2:I8,3,T2,2026-03-01T12:02:08.000Z,2470,0,CORRIDOR,POLICY_UNIVERSE,false
L3:T2:I8,3,T2,2026-03-01T12:02:08.000Z,1740,0,CORRIDOR,POLICY_UNIVERSE,false
L3:T2:I8,3,T2,2026-03-01T12:02:08.000Z,445,0,CORRIDOR,POLICY_UNIVERSE,false
L3:T2:I8,3,T2,2026-03-01T12:02:08.000Z,725,0,CORRIDOR,POLICY_UNIVERSE,false
L3:T2:I8,3,T2,2026-03-01T12:02:08.000Z,2366,0,CORRIDOR,POLICY_UNIVERSE,false
L3:T2:I8,3,T2,2026-03-01T12:02:08.000Z,1728,99,OBSERVED_OVERRIDE,OBSERVED_CURRENT_OVERRIDE,true
L4:T0,4,T0,2025-10-29T00:00:00.000Z,952,0,CORRIDOR,POLICY_UNIVERSE,
L4:T0,4,T0,2025-10-29T00:00:00.000Z,735,0,CORRIDOR,POLICY_UNIVERSE,
L4:T0,4,T0,2025-10-29T00:00:00.000Z,1080,0,CORRIDOR,POLICY_UNIVERSE,
L4:T0,4,T0,2025-10-29T00:00:00.000Z,1215,0,CORRIDOR,POLICY_UNIVERSE,
L4:T0,4,T0,2025-10-29T00:00:00.000Z,49,0,CORRIDOR,POLICY_UNIVERSE,
L4:T0,4,T0,2025-10-29T00:00:00.000Z,583,0,CORRIDOR,POLICY_UNIVERSE,
L4:T0,4,T0,2025-10-29T00:00:00.000Z,2907,0,CORRIDOR,POLICY_UNIVERSE,
L4:T0,4,T0,2025-10-29T00:00:00.000Z,2913,0,CORRIDOR,POLICY_UNIVERSE,
L4:T0,4,T0,2025-10-29T00:00:00.000Z,265,0,CORRIDOR,POLICY_UNIVERSE,
L4:T0,4,T0,2025-10-29T00:00:00.000Z,2132,0,CORRIDOR,POLICY_UNIVERSE,
L4:T0,4,T0,2025-10-29T00:00:00.000Z,2403,0,CORRIDOR,POLICY_UNIVERSE,
L4:T0,4,T0,2025-10-29T00:00:00.000Z,2937,0,CORRIDOR,POLICY_UNIVERSE,
L4:T0,4,T0,2025-10-29T00:00:00.000Z,1581,0,CORRIDOR,POLICY_UNIVERSE,
L4:T0,4,T0,2025-10-29T00:00:00.000Z,2116,0,CORRIDOR,POLICY_UNIVERSE,
L4:T0,4,T0,2025-10-29T00:00:00.000Z,1499,0,CORRIDOR,POLICY_UNIVERSE,
L4:T0,4,T0,2025-10-29T00:00:00.000Z,487,0,CORRIDOR,POLICY_UNIVERSE,
L4:T0,4,T0,2025-10-29T00:00:00.000Z,297,0,CORRIDOR,POLICY_UNIVERSE,
L4:T0,4,T0,2025-10-29T00:00:00.000Z,2686,0,CORRIDOR,POLICY_UNIVERSE,
L4:T0,4,T0,2025-10-29T00:00:00.000Z,387,2,STATE,POLICY_UNIVERSE,
L4:T0,4,T0,2025-10-29T00:00:00.000Z,2604,2,STATE,POLICY_UNIVERSE,
L4:T0,4,T0,2025-10-29T00:00:00.000Z,1856,2,STATE,POLICY_UNIVERSE,
L4:T0,4,T0,2025-10-29T00:00:00.000Z,2408,2,STATE,POLICY_UNIVERSE,
L4:T0,4,T0,2025-10-29T00:00:00.000Z,2276,2,STATE,POLICY_UNIVERSE,
L4:T0,4,T0,2025-10-29T00:00:00.000Z,2064,2,STATE,POLICY_UNIVERSE,
L4:T0,4,T0,2025-10-29T00:00:00.000Z,923,2,STATE,POLICY_UNIVERSE,
L4:T0,4,T0,2025-10-29T00:00:00.000Z,1126,2,STATE,POLICY_UNIVERSE,
L4:T0,4,T0,2025-10-29T00:00:00.000Z,2306,2,STATE,POLICY_UNIVERSE,
L4:T0,4,T0,2025-10-29T00:00:00.000Z,552,2,STATE,POLICY_UNIVERSE,
L4:T0,4,T0,2025-10-29T00:00:00.000Z,1725,2,STATE,POLICY_UNIVERSE,
L4:T0,4,T0,2025-10-29T00:00:00.000Z,1094,2,STATE,POLICY_UNIVERSE,
L4:T0,4,T0,2025-10-29T00:00:00.000Z,72,2,STATE,POLICY_UNIVERSE,
L4:T0,4,T0,2025-10-29T00:00:00.000Z,506,2,STATE,POLICY_UNIVERSE,
L4:T0,4,T0,2025-10-29T00:00:00.000Z,2191,2,STATE,POLICY_UNIVERSE,
L4:T0,4,T0,2025-10-29T00:00:00.000Z,1535,2,STATE,POLICY_UNIVERSE,
L4:T0,4,T0,2025-10-29T00:00:00.000Z,699,2,STATE,POLICY_UNIVERSE,
L4:T0,4,T0,2025-10-29T00:00:00.000Z,465,2,STATE,POLICY_UNIVERSE,
L4:T0,4,T0,2025-10-29T00:00:00.000Z,1937,2,STATE,POLICY_UNIVERSE,
L4:T0,4,T0,2025-10-29T00:00:00.000Z,181,2,STATE,POLICY_UNIVERSE,
L4:T0,4,T0,2025-10-29T00:00:00.000Z,2300,2,STATE,POLICY_UNIVERSE,
L4:T0,4,T0,2025-10-29T00:00:00.000Z,205,2,STATE,POLICY_UNIVERSE,
L4:T0,4,T0,2025-10-29T00:00:00.000Z,987,2,STATE,POLICY_UNIVERSE,
L4:T0,4,T0,2025-10-29T00:00:00.000Z,1061,2,STATE,POLICY_UNIVERSE,
L4:T0,4,T0,2025-10-29T00:00:00.000Z,2839,2,STATE,POLICY_UNIVERSE,
L4:T0,4,T0,2025-10-29T00:00:00.000Z,206,2,STATE,POLICY_UNIVERSE,
L4:T0,4,T0,2025-10-29T00:00:00.000Z,916,2,STATE,POLICY_UNIVERSE,
L4:T0,4,T0,2025-10-29T00:00:00.000Z,1502,2,STATE,POLICY_UNIVERSE,
L4:T0,4,T0,2025-10-29T00:00:00.000Z,940,2,STATE,POLICY_UNIVERSE,
L4:T0,4,T0,2025-10-29T00:00:00.000Z,2704,2,STATE,POLICY_UNIVERSE,
L4:T0,4,T0,2025-10-29T00:00:00.000Z,1306,2,STATE,POLICY_UNIVERSE,
L4:T0,4,T0,2025-10-29T00:00:00.000Z,766,2,STATE,POLICY_UNIVERSE,
L4:T0,4,T0,2025-10-29T00:00:00.000Z,418,2,STATE,POLICY_UNIVERSE,
L4:T0,4,T0,2025-10-29T00:00:00.000Z,1663,2,STATE,POLICY_UNIVERSE,
L4:T0,4,T0,2025-10-29T00:00:00.000Z,2740,2,STATE,POLICY_UNIVERSE,
L4:T0,4,T0,2025-10-29T00:00:00.000Z,481,2,STATE,POLICY_UNIVERSE,
L4:T0,4,T0,2025-10-29T00:00:00.000Z,464,2,STATE,POLICY_UNIVERSE,
L4:T0,4,T0,2025-10-29T00:00:00.000Z,2754,2,STATE,POLICY_UNIVERSE,
L4:T0,4,T0,2025-10-29T00:00:00.000Z,2438,2,STATE,POLICY_UNIVERSE,
L4:T0,4,T0,2025-10-29T00:00:00.000Z,2013,2,STATE,POLICY_UNIVERSE,
L4:T0,4,T0,2025-10-29T00:00:00.000Z,907,2,STATE,POLICY_UNIVERSE,
L4:T0,4,T0,2025-10-29T00:00:00.000Z,1403,2,STATE,POLICY_UNIVERSE,
L4:T0,4,T0,2025-10-29T00:00:00.000Z,1523,2,STATE,POLICY_UNIVERSE,
L4:T0,4,T0,2025-10-29T00:00:00.000Z,1454,2,STATE,POLICY_UNIVERSE,
L4:T0,4,T0,2025-10-29T00:00:00.000Z,2572,2,STATE,POLICY_UNIVERSE,
L4:T1:I10,4,T1,2025-10-29T12:13:42.000Z,952,0,CORRIDOR,POLICY_UNIVERSE,false
L4:T1:I10,4,T1,2025-10-29T12:13:42.000Z,735,0,CORRIDOR,POLICY_UNIVERSE,false
L4:T1:I10,4,T1,2025-10-29T12:13:42.000Z,1080,0,CORRIDOR,POLICY_UNIVERSE,false
L4:T1:I10,4,T1,2025-10-29T12:13:42.000Z,1215,0,CORRIDOR,POLICY_UNIVERSE,false
L4:T1:I10,4,T1,2025-10-29T12:13:42.000Z,49,0,CORRIDOR,POLICY_UNIVERSE,false
L4:T1:I10,4,T1,2025-10-29T12:13:42.000Z,583,0,CORRIDOR,POLICY_UNIVERSE,false
L4:T1:I10,4,T1,2025-10-29T12:13:42.000Z,2907,0,CORRIDOR,POLICY_UNIVERSE,false
L4:T1:I10,4,T1,2025-10-29T12:13:42.000Z,2913,0,CORRIDOR,POLICY_UNIVERSE,false
L4:T1:I10,4,T1,2025-10-29T12:13:42.000Z,265,0,CORRIDOR,POLICY_UNIVERSE,false
L4:T1:I10,4,T1,2025-10-29T12:13:42.000Z,2132,0,CORRIDOR,POLICY_UNIVERSE,false
L4:T1:I10,4,T1,2025-10-29T12:13:42.000Z,2403,0,CORRIDOR,POLICY_UNIVERSE,false
L4:T1:I10,4,T1,2025-10-29T12:13:42.000Z,2937,0,CORRIDOR,POLICY_UNIVERSE,false
L4:T1:I10,4,T1,2025-10-29T12:13:42.000Z,1581,0,CORRIDOR,POLICY_UNIVERSE,false
L4:T1:I10,4,T1,2025-10-29T12:13:42.000Z,2116,0,CORRIDOR,POLICY_UNIVERSE,false
L4:T1:I10,4,T1,2025-10-29T12:13:42.000Z,1499,0,CORRIDOR,POLICY_UNIVERSE,false
L4:T1:I10,4,T1,2025-10-29T12:13:42.000Z,487,0,CORRIDOR,POLICY_UNIVERSE,false
L4:T1:I10,4,T1,2025-10-29T12:13:42.000Z,297,0,CORRIDOR,POLICY_UNIVERSE,false
L4:T1:I10,4,T1,2025-10-29T12:13:42.000Z,2686,0,CORRIDOR,POLICY_UNIVERSE,false
L4:T1:I10,4,T1,2025-10-29T12:13:42.000Z,387,2,STATE,POLICY_UNIVERSE,false
L4:T1:I10,4,T1,2025-10-29T12:13:42.000Z,2604,2,STATE,POLICY_UNIVERSE,false
L4:T1:I10,4,T1,2025-10-29T12:13:42.000Z,1856,2,STATE,POLICY_UNIVERSE,false
L4:T1:I10,4,T1,2025-10-29T12:13:42.000Z,2408,2,STATE,POLICY_UNIVERSE,false
L4:T1:I10,4,T1,2025-10-29T12:13:42.000Z,2276,2,STATE,POLICY_UNIVERSE,false
L4:T1:I10,4,T1,2025-10-29T12:13:42.000Z,2064,2,STATE,POLICY_UNIVERSE,false
L4:T1:I10,4,T1,2025-10-29T12:13:42.000Z,923,2,STATE,POLICY_UNIVERSE,false
L4:T1:I10,4,T1,2025-10-29T12:13:42.000Z,1126,2,STATE,POLICY_UNIVERSE,false
L4:T1:I10,4,T1,2025-10-29T12:13:42.000Z,2306,2,STATE,POLICY_UNIVERSE,false
L4:T1:I10,4,T1,2025-10-29T12:13:42.000Z,552,2,STATE,POLICY_UNIVERSE,false
L4:T1:I10,4,T1,2025-10-29T12:13:42.000Z,1725,2,STATE,POLICY_UNIVERSE,false
L4:T1:I10,4,T1,2025-10-29T12:13:42.000Z,1094,2,STATE,POLICY_UNIVERSE,false
L4:T1:I10,4,T1,2025-10-29T12:13:42.000Z,72,2,STATE,POLICY_UNIVERSE,false
L4:T1:I10,4,T1,2025-10-29T12:13:42.000Z,506,2,STATE,POLICY_UNIVERSE,false
L4:T1:I10,4,T1,2025-10-29T12:13:42.000Z,2191,2,STATE,POLICY_UNIVERSE,false
L4:T1:I10,4,T1,2025-10-29T12:13:42.000Z,1535,2,STATE,POLICY_UNIVERSE,false
L4:T1:I10,4,T1,2025-10-29T12:13:42.000Z,699,2,STATE,POLICY_UNIVERSE,false
L4:T1:I10,4,T1,2025-10-29T12:13:42.000Z,465,2,STATE,POLICY_UNIVERSE,false
L4:T1:I10,4,T1,2025-10-29T12:13:42.000Z,1937,2,STATE,POLICY_UNIVERSE,false
L4:T1:I10,4,T1,2025-10-29T12:13:42.000Z,181,2,STATE,POLICY_UNIVERSE,false
L4:T1:I10,4,T1,2025-10-29T12:13:42.000Z,2300,2,STATE,POLICY_UNIVERSE,false
L4:T1:I10,4,T1,2025-10-29T12:13:42.000Z,205,2,STATE,POLICY_UNIVERSE,false
L4:T1:I10,4,T1,2025-10-29T12:13:42.000Z,987,2,STATE,POLICY_UNIVERSE,false
L4:T1:I10,4,T1,2025-10-29T12:13:42.000Z,1061,2,STATE,POLICY_UNIVERSE,false
L4:T1:I10,4,T1,2025-10-29T12:13:42.000Z,2839,2,STATE,POLICY_UNIVERSE,false
L4:T1:I10,4,T1,2025-10-29T12:13:42.000Z,206,2,STATE,POLICY_UNIVERSE,false
L4:T1:I10,4,T1,2025-10-29T12:13:42.000Z,916,2,STATE,POLICY_UNIVERSE,false
L4:T1:I10,4,T1,2025-10-29T12:13:42.000Z,1502,2,STATE,POLICY_UNIVERSE,false
L4:T1:I10,4,T1,2025-10-29T12:13:42.000Z,940,2,STATE,POLICY_UNIVERSE,false
L4:T1:I10,4,T1,2025-10-29T12:13:42.000Z,2704,2,STATE,POLICY_UNIVERSE,false
L4:T1:I10,4,T1,2025-10-29T12:13:42.000Z,1306,2,STATE,POLICY_UNIVERSE,false
L4:T1:I10,4,T1,2025-10-29T12:13:42.000Z,766,2,STATE,POLICY_UNIVERSE,false
L4:T1:I10,4,T1,2025-10-29T12:13:42.000Z,418,2,STATE,POLICY_UNIVERSE,false
L4:T1:I10,4,T1,2025-10-29T12:13:42.000Z,1663,2,STATE,POLICY_UNIVERSE,false
L4:T1:I10,4,T1,2025-10-29T12:13:42.000Z,2740,2,STATE,POLICY_UNIVERSE,false
L4:T1:I10,4,T1,2025-10-29T12:13:42.000Z,481,2,STATE,POLICY_UNIVERSE,false
L4:T1:I10,4,T1,2025-10-29T12:13:42.000Z,464,2,STATE,POLICY_UNIVERSE,false
L4:T1:I10,4,T1,2025-10-29T12:13:42.000Z,2754,2,STATE,POLICY_UNIVERSE,false
L4:T1:I10,4,T1,2025-10-29T12:13:42.000Z,2438,2,STATE,POLICY_UNIVERSE,false
L4:T1:I10,4,T1,2025-10-29T12:13:42.000Z,2013,2,STATE,POLICY_UNIVERSE,false
L4:T1:I10,4,T1,2025-10-29T12:13:42.000Z,907,2,STATE,POLICY_UNIVERSE,false
L4:T1:I10,4,T1,2025-10-29T12:13:42.000Z,1403,2,STATE,POLICY_UNIVERSE,false
L4:T1:I10,4,T1,2025-10-29T12:13:42.000Z,1523,2,STATE,POLICY_UNIVERSE,false
L4:T1:I10,4,T1,2025-10-29T12:13:42.000Z,1454,2,STATE,POLICY_UNIVERSE,false
L4:T1:I10,4,T1,2025-10-29T12:13:42.000Z,2572,2,STATE,POLICY_UNIVERSE,false
L4:T1:I10,4,T1,2025-10-29T12:13:42.000Z,9,99,OBSERVED_OVERRIDE,OBSERVED_CURRENT_OVERRIDE,true
L4:T2:I11,4,T2,2025-11-10T11:09:23.000Z,952,0,CORRIDOR,POLICY_UNIVERSE,false
L4:T2:I11,4,T2,2025-11-10T11:09:23.000Z,735,0,CORRIDOR,POLICY_UNIVERSE,false
L4:T2:I11,4,T2,2025-11-10T11:09:23.000Z,1080,0,CORRIDOR,POLICY_UNIVERSE,false
L4:T2:I11,4,T2,2025-11-10T11:09:23.000Z,1215,0,CORRIDOR,POLICY_UNIVERSE,false
L4:T2:I11,4,T2,2025-11-10T11:09:23.000Z,49,0,CORRIDOR,POLICY_UNIVERSE,false
L4:T2:I11,4,T2,2025-11-10T11:09:23.000Z,583,0,CORRIDOR,POLICY_UNIVERSE,false
L4:T2:I11,4,T2,2025-11-10T11:09:23.000Z,2907,0,CORRIDOR,POLICY_UNIVERSE,false
L4:T2:I11,4,T2,2025-11-10T11:09:23.000Z,2913,0,CORRIDOR,POLICY_UNIVERSE,false
L4:T2:I11,4,T2,2025-11-10T11:09:23.000Z,265,0,CORRIDOR,POLICY_UNIVERSE,false
L4:T2:I11,4,T2,2025-11-10T11:09:23.000Z,2132,0,CORRIDOR,POLICY_UNIVERSE,false
L4:T2:I11,4,T2,2025-11-10T11:09:23.000Z,2403,0,CORRIDOR,POLICY_UNIVERSE,false
L4:T2:I11,4,T2,2025-11-10T11:09:23.000Z,2937,0,CORRIDOR,POLICY_UNIVERSE,false
L4:T2:I11,4,T2,2025-11-10T11:09:23.000Z,1581,0,CORRIDOR,POLICY_UNIVERSE,false
L4:T2:I11,4,T2,2025-11-10T11:09:23.000Z,2116,0,CORRIDOR,POLICY_UNIVERSE,false
L4:T2:I11,4,T2,2025-11-10T11:09:23.000Z,1499,0,CORRIDOR,POLICY_UNIVERSE,false
L4:T2:I11,4,T2,2025-11-10T11:09:23.000Z,487,0,CORRIDOR,POLICY_UNIVERSE,false
L4:T2:I11,4,T2,2025-11-10T11:09:23.000Z,297,0,CORRIDOR,POLICY_UNIVERSE,false
L4:T2:I11,4,T2,2025-11-10T11:09:23.000Z,2686,0,CORRIDOR,POLICY_UNIVERSE,false
L4:T2:I11,4,T2,2025-11-10T11:09:23.000Z,2465,0,CORRIDOR,POLICY_UNIVERSE,false
L4:T2:I11,4,T2,2025-11-10T11:09:23.000Z,387,2,STATE,POLICY_UNIVERSE,false
L4:T2:I11,4,T2,2025-11-10T11:09:23.000Z,2604,2,STATE,POLICY_UNIVERSE,false
L4:T2:I11,4,T2,2025-11-10T11:09:23.000Z,1856,2,STATE,POLICY_UNIVERSE,false
L4:T2:I11,4,T2,2025-11-10T11:09:23.000Z,2408,2,STATE,POLICY_UNIVERSE,false
L4:T2:I11,4,T2,2025-11-10T11:09:23.000Z,2276,2,STATE,POLICY_UNIVERSE,false
L4:T2:I11,4,T2,2025-11-10T11:09:23.000Z,2064,2,STATE,POLICY_UNIVERSE,false
L4:T2:I11,4,T2,2025-11-10T11:09:23.000Z,923,2,STATE,POLICY_UNIVERSE,false
L4:T2:I11,4,T2,2025-11-10T11:09:23.000Z,1126,2,STATE,POLICY_UNIVERSE,false
L4:T2:I11,4,T2,2025-11-10T11:09:23.000Z,2306,2,STATE,POLICY_UNIVERSE,false
L4:T2:I11,4,T2,2025-11-10T11:09:23.000Z,552,2,STATE,POLICY_UNIVERSE,false
L4:T2:I11,4,T2,2025-11-10T11:09:23.000Z,1725,2,STATE,POLICY_UNIVERSE,false
L4:T2:I11,4,T2,2025-11-10T11:09:23.000Z,1094,2,STATE,POLICY_UNIVERSE,false
L4:T2:I11,4,T2,2025-11-10T11:09:23.000Z,72,2,STATE,POLICY_UNIVERSE,false
L4:T2:I11,4,T2,2025-11-10T11:09:23.000Z,506,2,STATE,POLICY_UNIVERSE,false
L4:T2:I11,4,T2,2025-11-10T11:09:23.000Z,2191,2,STATE,POLICY_UNIVERSE,false
L4:T2:I11,4,T2,2025-11-10T11:09:23.000Z,1535,2,STATE,POLICY_UNIVERSE,false
L4:T2:I11,4,T2,2025-11-10T11:09:23.000Z,699,2,STATE,POLICY_UNIVERSE,false
L4:T2:I11,4,T2,2025-11-10T11:09:23.000Z,465,2,STATE,POLICY_UNIVERSE,false
L4:T2:I11,4,T2,2025-11-10T11:09:23.000Z,1937,2,STATE,POLICY_UNIVERSE,false
L4:T2:I11,4,T2,2025-11-10T11:09:23.000Z,181,2,STATE,POLICY_UNIVERSE,false
L4:T2:I11,4,T2,2025-11-10T11:09:23.000Z,2300,2,STATE,POLICY_UNIVERSE,false
L4:T2:I11,4,T2,2025-11-10T11:09:23.000Z,205,2,STATE,POLICY_UNIVERSE,false
L4:T2:I11,4,T2,2025-11-10T11:09:23.000Z,987,2,STATE,POLICY_UNIVERSE,false
L4:T2:I11,4,T2,2025-11-10T11:09:23.000Z,1061,2,STATE,POLICY_UNIVERSE,false
L4:T2:I11,4,T2,2025-11-10T11:09:23.000Z,2839,2,STATE,POLICY_UNIVERSE,false
L4:T2:I11,4,T2,2025-11-10T11:09:23.000Z,206,2,STATE,POLICY_UNIVERSE,false
L4:T2:I11,4,T2,2025-11-10T11:09:23.000Z,916,2,STATE,POLICY_UNIVERSE,false
L4:T2:I11,4,T2,2025-11-10T11:09:23.000Z,1502,2,STATE,POLICY_UNIVERSE,false
L4:T2:I11,4,T2,2025-11-10T11:09:23.000Z,940,2,STATE,POLICY_UNIVERSE,false
L4:T2:I11,4,T2,2025-11-10T11:09:23.000Z,2704,2,STATE,POLICY_UNIVERSE,false
L4:T2:I11,4,T2,2025-11-10T11:09:23.000Z,1306,2,STATE,POLICY_UNIVERSE,false
L4:T2:I11,4,T2,2025-11-10T11:09:23.000Z,766,2,STATE,POLICY_UNIVERSE,false
L4:T2:I11,4,T2,2025-11-10T11:09:23.000Z,418,2,STATE,POLICY_UNIVERSE,false
L4:T2:I11,4,T2,2025-11-10T11:09:23.000Z,1663,2,STATE,POLICY_UNIVERSE,false
L4:T2:I11,4,T2,2025-11-10T11:09:23.000Z,2740,2,STATE,POLICY_UNIVERSE,false
L4:T2:I11,4,T2,2025-11-10T11:09:23.000Z,481,2,STATE,POLICY_UNIVERSE,false
L4:T2:I11,4,T2,2025-11-10T11:09:23.000Z,464,2,STATE,POLICY_UNIVERSE,false
L4:T2:I11,4,T2,2025-11-10T11:09:23.000Z,2754,2,STATE,POLICY_UNIVERSE,false
L4:T2:I11,4,T2,2025-11-10T11:09:23.000Z,2438,2,STATE,POLICY_UNIVERSE,false
L4:T2:I11,4,T2,2025-11-10T11:09:23.000Z,2013,2,STATE,POLICY_UNIVERSE,false
L4:T2:I11,4,T2,2025-11-10T11:09:23.000Z,907,2,STATE,POLICY_UNIVERSE,false
L4:T2:I11,4,T2,2025-11-10T11:09:23.000Z,1403,2,STATE,POLICY_UNIVERSE,false
L4:T2:I11,4,T2,2025-11-10T11:09:23.000Z,1523,2,STATE,POLICY_UNIVERSE,false
L4:T2:I11,4,T2,2025-11-10T11:09:23.000Z,1454,2,STATE,POLICY_UNIVERSE,false
L4:T2:I11,4,T2,2025-11-10T11:09:23.000Z,2572,2,STATE,POLICY_UNIVERSE,false
L4:T2:I11,4,T2,2025-11-10T11:09:23.000Z,1230,2,STATE,POLICY_UNIVERSE,false
L4:T2:I11,4,T2,2025-11-10T11:09:23.000Z,2223,99,OBSERVED_OVERRIDE,OBSERVED_CURRENT_OVERRIDE,true
L4:T2:I9,4,T2,2026-01-06T07:24:00.000Z,952,0,CORRIDOR,POLICY_UNIVERSE,false
L4:T2:I9,4,T2,2026-01-06T07:24:00.000Z,735,0,CORRIDOR,POLICY_UNIVERSE,false
L4:T2:I9,4,T2,2026-01-06T07:24:00.000Z,1080,0,CORRIDOR,POLICY_UNIVERSE,false
L4:T2:I9,4,T2,2026-01-06T07:24:00.000Z,1215,0,CORRIDOR,POLICY_UNIVERSE,false
L4:T2:I9,4,T2,2026-01-06T07:24:00.000Z,49,0,CORRIDOR,POLICY_UNIVERSE,false
L4:T2:I9,4,T2,2026-01-06T07:24:00.000Z,583,0,CORRIDOR,POLICY_UNIVERSE,false
L4:T2:I9,4,T2,2026-01-06T07:24:00.000Z,2907,0,CORRIDOR,POLICY_UNIVERSE,false
L4:T2:I9,4,T2,2026-01-06T07:24:00.000Z,2913,0,CORRIDOR,POLICY_UNIVERSE,false
L4:T2:I9,4,T2,2026-01-06T07:24:00.000Z,265,0,CORRIDOR,POLICY_UNIVERSE,false
L4:T2:I9,4,T2,2026-01-06T07:24:00.000Z,2132,0,CORRIDOR,POLICY_UNIVERSE,false
L4:T2:I9,4,T2,2026-01-06T07:24:00.000Z,2403,0,CORRIDOR,POLICY_UNIVERSE,false
L4:T2:I9,4,T2,2026-01-06T07:24:00.000Z,2937,0,CORRIDOR,POLICY_UNIVERSE,false
L4:T2:I9,4,T2,2026-01-06T07:24:00.000Z,1581,0,CORRIDOR,POLICY_UNIVERSE,false
L4:T2:I9,4,T2,2026-01-06T07:24:00.000Z,2116,0,CORRIDOR,POLICY_UNIVERSE,false
L4:T2:I9,4,T2,2026-01-06T07:24:00.000Z,1499,0,CORRIDOR,POLICY_UNIVERSE,false
L4:T2:I9,4,T2,2026-01-06T07:24:00.000Z,487,0,CORRIDOR,POLICY_UNIVERSE,false
L4:T2:I9,4,T2,2026-01-06T07:24:00.000Z,297,0,CORRIDOR,POLICY_UNIVERSE,false
L4:T2:I9,4,T2,2026-01-06T07:24:00.000Z,2686,0,CORRIDOR,POLICY_UNIVERSE,false
L4:T2:I9,4,T2,2026-01-06T07:24:00.000Z,2465,0,CORRIDOR,POLICY_UNIVERSE,false
L4:T2:I9,4,T2,2026-01-06T07:24:00.000Z,1627,0,CORRIDOR,POLICY_UNIVERSE,false
L4:T2:I9,4,T2,2026-01-06T07:24:00.000Z,1010,0,CORRIDOR,POLICY_UNIVERSE,false
L4:T2:I9,4,T2,2026-01-06T07:24:00.000Z,387,2,STATE,POLICY_UNIVERSE,false
L4:T2:I9,4,T2,2026-01-06T07:24:00.000Z,2604,2,STATE,POLICY_UNIVERSE,false
L4:T2:I9,4,T2,2026-01-06T07:24:00.000Z,1856,2,STATE,POLICY_UNIVERSE,false
L4:T2:I9,4,T2,2026-01-06T07:24:00.000Z,2408,2,STATE,POLICY_UNIVERSE,false
L4:T2:I9,4,T2,2026-01-06T07:24:00.000Z,2276,2,STATE,POLICY_UNIVERSE,false
L4:T2:I9,4,T2,2026-01-06T07:24:00.000Z,2064,2,STATE,POLICY_UNIVERSE,false
L4:T2:I9,4,T2,2026-01-06T07:24:00.000Z,923,2,STATE,POLICY_UNIVERSE,false
L4:T2:I9,4,T2,2026-01-06T07:24:00.000Z,1126,2,STATE,POLICY_UNIVERSE,false
L4:T2:I9,4,T2,2026-01-06T07:24:00.000Z,2306,2,STATE,POLICY_UNIVERSE,false
L4:T2:I9,4,T2,2026-01-06T07:24:00.000Z,552,2,STATE,POLICY_UNIVERSE,false
L4:T2:I9,4,T2,2026-01-06T07:24:00.000Z,1725,2,STATE,POLICY_UNIVERSE,false
L4:T2:I9,4,T2,2026-01-06T07:24:00.000Z,1094,2,STATE,POLICY_UNIVERSE,false
L4:T2:I9,4,T2,2026-01-06T07:24:00.000Z,72,2,STATE,POLICY_UNIVERSE,false
L4:T2:I9,4,T2,2026-01-06T07:24:00.000Z,506,2,STATE,POLICY_UNIVERSE,false
L4:T2:I9,4,T2,2026-01-06T07:24:00.000Z,2191,2,STATE,POLICY_UNIVERSE,false
L4:T2:I9,4,T2,2026-01-06T07:24:00.000Z,1535,2,STATE,POLICY_UNIVERSE,false
L4:T2:I9,4,T2,2026-01-06T07:24:00.000Z,699,2,STATE,POLICY_UNIVERSE,false
L4:T2:I9,4,T2,2026-01-06T07:24:00.000Z,465,2,STATE,POLICY_UNIVERSE,false
L4:T2:I9,4,T2,2026-01-06T07:24:00.000Z,1937,2,STATE,POLICY_UNIVERSE,false
L4:T2:I9,4,T2,2026-01-06T07:24:00.000Z,181,2,STATE,POLICY_UNIVERSE,false
L4:T2:I9,4,T2,2026-01-06T07:24:00.000Z,2300,2,STATE,POLICY_UNIVERSE,false
L4:T2:I9,4,T2,2026-01-06T07:24:00.000Z,205,2,STATE,POLICY_UNIVERSE,false
L4:T2:I9,4,T2,2026-01-06T07:24:00.000Z,987,2,STATE,POLICY_UNIVERSE,false
L4:T2:I9,4,T2,2026-01-06T07:24:00.000Z,1061,2,STATE,POLICY_UNIVERSE,false
L4:T2:I9,4,T2,2026-01-06T07:24:00.000Z,2839,2,STATE,POLICY_UNIVERSE,false
L4:T2:I9,4,T2,2026-01-06T07:24:00.000Z,206,2,STATE,POLICY_UNIVERSE,false
L4:T2:I9,4,T2,2026-01-06T07:24:00.000Z,916,2,STATE,POLICY_UNIVERSE,false
L4:T2:I9,4,T2,2026-01-06T07:24:00.000Z,1502,2,STATE,POLICY_UNIVERSE,false
L4:T2:I9,4,T2,2026-01-06T07:24:00.000Z,940,2,STATE,POLICY_UNIVERSE,false
L4:T2:I9,4,T2,2026-01-06T07:24:00.000Z,2704,2,STATE,POLICY_UNIVERSE,false
L4:T2:I9,4,T2,2026-01-06T07:24:00.000Z,1306,2,STATE,POLICY_UNIVERSE,false
L4:T2:I9,4,T2,2026-01-06T07:24:00.000Z,766,2,STATE,POLICY_UNIVERSE,false
L4:T2:I9,4,T2,2026-01-06T07:24:00.000Z,418,2,STATE,POLICY_UNIVERSE,false
L4:T2:I9,4,T2,2026-01-06T07:24:00.000Z,1663,2,STATE,POLICY_UNIVERSE,false
L4:T2:I9,4,T2,2026-01-06T07:24:00.000Z,2740,2,STATE,POLICY_UNIVERSE,false
L4:T2:I9,4,T2,2026-01-06T07:24:00.000Z,481,2,STATE,POLICY_UNIVERSE,false
L4:T2:I9,4,T2,2026-01-06T07:24:00.000Z,464,2,STATE,POLICY_UNIVERSE,false
L4:T2:I9,4,T2,2026-01-06T07:24:00.000Z,2754,2,STATE,POLICY_UNIVERSE,false
L4:T2:I9,4,T2,2026-01-06T07:24:00.000Z,2438,2,STATE,POLICY_UNIVERSE,false
L4:T2:I9,4,T2,2026-01-06T07:24:00.000Z,2013,2,STATE,POLICY_UNIVERSE,false
L4:T2:I9,4,T2,2026-01-06T07:24:00.000Z,907,2,STATE,POLICY_UNIVERSE,false
L4:T2:I9,4,T2,2026-01-06T07:24:00.000Z,1403,2,STATE,POLICY_UNIVERSE,false
L4:T2:I9,4,T2,2026-01-06T07:24:00.000Z,1523,2,STATE,POLICY_UNIVERSE,false
L4:T2:I9,4,T2,2026-01-06T07:24:00.000Z,1454,2,STATE,POLICY_UNIVERSE,false
L4:T2:I9,4,T2,2026-01-06T07:24:00.000Z,2572,2,STATE,POLICY_UNIVERSE,false
L4:T2:I9,4,T2,2026-01-06T07:24:00.000Z,1230,2,STATE,POLICY_UNIVERSE,false
L4:T2:I9,4,T2,2026-01-06T07:24:00.000Z,1381,2,STATE,POLICY_UNIVERSE,false
L4:T2:I9,4,T2,2026-01-06T07:24:00.000Z,1736,2,STATE,POLICY_UNIVERSE,false
L4:T2:I9,4,T2,2026-01-06T07:24:00.000Z,1478,2,STATE,POLICY_UNIVERSE,false
L4:T2:I9,4,T2,2026-01-06T07:24:00.000Z,732,2,STATE,POLICY_UNIVERSE,false
L4:T2:I9,4,T2,2026-01-06T07:24:00.000Z,584,2,STATE,POLICY_UNIVERSE,false
L4:T2:I9,4,T2,2026-01-06T07:24:00.000Z,992,2,STATE,POLICY_UNIVERSE,true
L4:T2:I12,4,T2,2026-01-23T09:24:00.000Z,952,0,CORRIDOR,POLICY_UNIVERSE,false
L4:T2:I12,4,T2,2026-01-23T09:24:00.000Z,735,0,CORRIDOR,POLICY_UNIVERSE,false
L4:T2:I12,4,T2,2026-01-23T09:24:00.000Z,1080,0,CORRIDOR,POLICY_UNIVERSE,false
L4:T2:I12,4,T2,2026-01-23T09:24:00.000Z,1215,0,CORRIDOR,POLICY_UNIVERSE,false
L4:T2:I12,4,T2,2026-01-23T09:24:00.000Z,49,0,CORRIDOR,POLICY_UNIVERSE,false
L4:T2:I12,4,T2,2026-01-23T09:24:00.000Z,583,0,CORRIDOR,POLICY_UNIVERSE,false
L4:T2:I12,4,T2,2026-01-23T09:24:00.000Z,2907,0,CORRIDOR,POLICY_UNIVERSE,false
L4:T2:I12,4,T2,2026-01-23T09:24:00.000Z,2913,0,CORRIDOR,POLICY_UNIVERSE,false
L4:T2:I12,4,T2,2026-01-23T09:24:00.000Z,265,0,CORRIDOR,POLICY_UNIVERSE,false
L4:T2:I12,4,T2,2026-01-23T09:24:00.000Z,2132,0,CORRIDOR,POLICY_UNIVERSE,false
L4:T2:I12,4,T2,2026-01-23T09:24:00.000Z,2403,0,CORRIDOR,POLICY_UNIVERSE,false
L4:T2:I12,4,T2,2026-01-23T09:24:00.000Z,2937,0,CORRIDOR,POLICY_UNIVERSE,false
L4:T2:I12,4,T2,2026-01-23T09:24:00.000Z,1581,0,CORRIDOR,POLICY_UNIVERSE,false
L4:T2:I12,4,T2,2026-01-23T09:24:00.000Z,2116,0,CORRIDOR,POLICY_UNIVERSE,false
L4:T2:I12,4,T2,2026-01-23T09:24:00.000Z,1499,0,CORRIDOR,POLICY_UNIVERSE,false
L4:T2:I12,4,T2,2026-01-23T09:24:00.000Z,487,0,CORRIDOR,POLICY_UNIVERSE,false
L4:T2:I12,4,T2,2026-01-23T09:24:00.000Z,297,0,CORRIDOR,POLICY_UNIVERSE,false
L4:T2:I12,4,T2,2026-01-23T09:24:00.000Z,2686,0,CORRIDOR,POLICY_UNIVERSE,false
L4:T2:I12,4,T2,2026-01-23T09:24:00.000Z,2465,0,CORRIDOR,POLICY_UNIVERSE,false
L4:T2:I12,4,T2,2026-01-23T09:24:00.000Z,1627,0,CORRIDOR,POLICY_UNIVERSE,false
L4:T2:I12,4,T2,2026-01-23T09:24:00.000Z,1010,0,CORRIDOR,POLICY_UNIVERSE,false
L4:T2:I12,4,T2,2026-01-23T09:24:00.000Z,387,2,STATE,POLICY_UNIVERSE,false
L4:T2:I12,4,T2,2026-01-23T09:24:00.000Z,2604,2,STATE,POLICY_UNIVERSE,false
L4:T2:I12,4,T2,2026-01-23T09:24:00.000Z,1856,2,STATE,POLICY_UNIVERSE,false
L4:T2:I12,4,T2,2026-01-23T09:24:00.000Z,2408,2,STATE,POLICY_UNIVERSE,false
L4:T2:I12,4,T2,2026-01-23T09:24:00.000Z,2276,2,STATE,POLICY_UNIVERSE,false
L4:T2:I12,4,T2,2026-01-23T09:24:00.000Z,2064,2,STATE,POLICY_UNIVERSE,false
L4:T2:I12,4,T2,2026-01-23T09:24:00.000Z,923,2,STATE,POLICY_UNIVERSE,false
L4:T2:I12,4,T2,2026-01-23T09:24:00.000Z,1126,2,STATE,POLICY_UNIVERSE,false
L4:T2:I12,4,T2,2026-01-23T09:24:00.000Z,2306,2,STATE,POLICY_UNIVERSE,false
L4:T2:I12,4,T2,2026-01-23T09:24:00.000Z,552,2,STATE,POLICY_UNIVERSE,false
L4:T2:I12,4,T2,2026-01-23T09:24:00.000Z,1725,2,STATE,POLICY_UNIVERSE,false
L4:T2:I12,4,T2,2026-01-23T09:24:00.000Z,1094,2,STATE,POLICY_UNIVERSE,false
L4:T2:I12,4,T2,2026-01-23T09:24:00.000Z,72,2,STATE,POLICY_UNIVERSE,false
L4:T2:I12,4,T2,2026-01-23T09:24:00.000Z,506,2,STATE,POLICY_UNIVERSE,false
L4:T2:I12,4,T2,2026-01-23T09:24:00.000Z,2191,2,STATE,POLICY_UNIVERSE,false
L4:T2:I12,4,T2,2026-01-23T09:24:00.000Z,1535,2,STATE,POLICY_UNIVERSE,false
L4:T2:I12,4,T2,2026-01-23T09:24:00.000Z,699,2,STATE,POLICY_UNIVERSE,false
L4:T2:I12,4,T2,2026-01-23T09:24:00.000Z,465,2,STATE,POLICY_UNIVERSE,false
L4:T2:I12,4,T2,2026-01-23T09:24:00.000Z,1937,2,STATE,POLICY_UNIVERSE,false
L4:T2:I12,4,T2,2026-01-23T09:24:00.000Z,181,2,STATE,POLICY_UNIVERSE,false
L4:T2:I12,4,T2,2026-01-23T09:24:00.000Z,2300,2,STATE,POLICY_UNIVERSE,false
L4:T2:I12,4,T2,2026-01-23T09:24:00.000Z,205,2,STATE,POLICY_UNIVERSE,false
L4:T2:I12,4,T2,2026-01-23T09:24:00.000Z,987,2,STATE,POLICY_UNIVERSE,false
L4:T2:I12,4,T2,2026-01-23T09:24:00.000Z,1061,2,STATE,POLICY_UNIVERSE,false
L4:T2:I12,4,T2,2026-01-23T09:24:00.000Z,2839,2,STATE,POLICY_UNIVERSE,false
L4:T2:I12,4,T2,2026-01-23T09:24:00.000Z,206,2,STATE,POLICY_UNIVERSE,false
L4:T2:I12,4,T2,2026-01-23T09:24:00.000Z,916,2,STATE,POLICY_UNIVERSE,false
L4:T2:I12,4,T2,2026-01-23T09:24:00.000Z,1502,2,STATE,POLICY_UNIVERSE,false
L4:T2:I12,4,T2,2026-01-23T09:24:00.000Z,940,2,STATE,POLICY_UNIVERSE,false
L4:T2:I12,4,T2,2026-01-23T09:24:00.000Z,2704,2,STATE,POLICY_UNIVERSE,false
L4:T2:I12,4,T2,2026-01-23T09:24:00.000Z,1306,2,STATE,POLICY_UNIVERSE,false
L4:T2:I12,4,T2,2026-01-23T09:24:00.000Z,766,2,STATE,POLICY_UNIVERSE,false
L4:T2:I12,4,T2,2026-01-23T09:24:00.000Z,418,2,STATE,POLICY_UNIVERSE,false
L4:T2:I12,4,T2,2026-01-23T09:24:00.000Z,1663,2,STATE,POLICY_UNIVERSE,false
L4:T2:I12,4,T2,2026-01-23T09:24:00.000Z,2740,2,STATE,POLICY_UNIVERSE,false
L4:T2:I12,4,T2,2026-01-23T09:24:00.000Z,481,2,STATE,POLICY_UNIVERSE,false
L4:T2:I12,4,T2,2026-01-23T09:24:00.000Z,464,2,STATE,POLICY_UNIVERSE,false
L4:T2:I12,4,T2,2026-01-23T09:24:00.000Z,2754,2,STATE,POLICY_UNIVERSE,false
L4:T2:I12,4,T2,2026-01-23T09:24:00.000Z,2438,2,STATE,POLICY_UNIVERSE,false
L4:T2:I12,4,T2,2026-01-23T09:24:00.000Z,2013,2,STATE,POLICY_UNIVERSE,false
L4:T2:I12,4,T2,2026-01-23T09:24:00.000Z,907,2,STATE,POLICY_UNIVERSE,false
L4:T2:I12,4,T2,2026-01-23T09:24:00.000Z,1403,2,STATE,POLICY_UNIVERSE,false
L4:T2:I12,4,T2,2026-01-23T09:24:00.000Z,1523,2,STATE,POLICY_UNIVERSE,false
L4:T2:I12,4,T2,2026-01-23T09:24:00.000Z,1454,2,STATE,POLICY_UNIVERSE,false
L4:T2:I12,4,T2,2026-01-23T09:24:00.000Z,2572,2,STATE,POLICY_UNIVERSE,false
L4:T2:I12,4,T2,2026-01-23T09:24:00.000Z,1230,2,STATE,POLICY_UNIVERSE,false
L4:T2:I12,4,T2,2026-01-23T09:24:00.000Z,1381,2,STATE,POLICY_UNIVERSE,false
L4:T2:I12,4,T2,2026-01-23T09:24:00.000Z,1736,2,STATE,POLICY_UNIVERSE,false
L4:T2:I12,4,T2,2026-01-23T09:24:00.000Z,1478,2,STATE,POLICY_UNIVERSE,false
L4:T2:I12,4,T2,2026-01-23T09:24:00.000Z,732,2,STATE,POLICY_UNIVERSE,false
L4:T2:I12,4,T2,2026-01-23T09:24:00.000Z,584,2,STATE,POLICY_UNIVERSE,false
L4:T2:I12,4,T2,2026-01-23T09:24:00.000Z,992,2,STATE,POLICY_UNIVERSE,false
L4:T2:I12,4,T2,2026-01-23T09:24:00.000Z,2496,2,STATE,POLICY_UNIVERSE,false
L4:T2:I12,4,T2,2026-01-23T09:24:00.000Z,292,2,STATE,POLICY_UNIVERSE,false
L4:T2:I12,4,T2,2026-01-23T09:24:00.000Z,1845,99,OBSERVED_OVERRIDE,OBSERVED_CURRENT_OVERRIDE,true
L4:T2:I13,4,T2,2026-06-24T08:15:00.000Z,952,0,CORRIDOR,POLICY_UNIVERSE,false
L4:T2:I13,4,T2,2026-06-24T08:15:00.000Z,735,0,CORRIDOR,POLICY_UNIVERSE,false
L4:T2:I13,4,T2,2026-06-24T08:15:00.000Z,1080,0,CORRIDOR,POLICY_UNIVERSE,false
L4:T2:I13,4,T2,2026-06-24T08:15:00.000Z,1215,0,CORRIDOR,POLICY_UNIVERSE,false
L4:T2:I13,4,T2,2026-06-24T08:15:00.000Z,49,0,CORRIDOR,POLICY_UNIVERSE,false
L4:T2:I13,4,T2,2026-06-24T08:15:00.000Z,583,0,CORRIDOR,POLICY_UNIVERSE,false
L4:T2:I13,4,T2,2026-06-24T08:15:00.000Z,2907,0,CORRIDOR,POLICY_UNIVERSE,false
L4:T2:I13,4,T2,2026-06-24T08:15:00.000Z,2913,0,CORRIDOR,POLICY_UNIVERSE,false
L4:T2:I13,4,T2,2026-06-24T08:15:00.000Z,265,0,CORRIDOR,POLICY_UNIVERSE,false
L4:T2:I13,4,T2,2026-06-24T08:15:00.000Z,2132,0,CORRIDOR,POLICY_UNIVERSE,false
L4:T2:I13,4,T2,2026-06-24T08:15:00.000Z,2403,0,CORRIDOR,POLICY_UNIVERSE,false
L4:T2:I13,4,T2,2026-06-24T08:15:00.000Z,2937,0,CORRIDOR,POLICY_UNIVERSE,false
L4:T2:I13,4,T2,2026-06-24T08:15:00.000Z,1581,0,CORRIDOR,POLICY_UNIVERSE,false
L4:T2:I13,4,T2,2026-06-24T08:15:00.000Z,2116,0,CORRIDOR,POLICY_UNIVERSE,false
L4:T2:I13,4,T2,2026-06-24T08:15:00.000Z,1499,0,CORRIDOR,POLICY_UNIVERSE,false
L4:T2:I13,4,T2,2026-06-24T08:15:00.000Z,487,0,CORRIDOR,POLICY_UNIVERSE,false
L4:T2:I13,4,T2,2026-06-24T08:15:00.000Z,297,0,CORRIDOR,POLICY_UNIVERSE,false
L4:T2:I13,4,T2,2026-06-24T08:15:00.000Z,2686,0,CORRIDOR,POLICY_UNIVERSE,false
L4:T2:I13,4,T2,2026-06-24T08:15:00.000Z,2465,0,CORRIDOR,POLICY_UNIVERSE,false
L4:T2:I13,4,T2,2026-06-24T08:15:00.000Z,1627,0,CORRIDOR,POLICY_UNIVERSE,false
L4:T2:I13,4,T2,2026-06-24T08:15:00.000Z,1010,0,CORRIDOR,POLICY_UNIVERSE,false
L4:T2:I13,4,T2,2026-06-24T08:15:00.000Z,908,0,CORRIDOR,POLICY_UNIVERSE,false
L4:T2:I13,4,T2,2026-06-24T08:15:00.000Z,1177,0,CORRIDOR,POLICY_UNIVERSE,false
L4:T2:I13,4,T2,2026-06-24T08:15:00.000Z,1168,0,CORRIDOR,POLICY_UNIVERSE,false
L4:T2:I13,4,T2,2026-06-24T08:15:00.000Z,2127,0,CORRIDOR,POLICY_UNIVERSE,false
L4:T2:I13,4,T2,2026-06-24T08:15:00.000Z,1114,0,CORRIDOR,POLICY_UNIVERSE,false
L4:T2:I13,4,T2,2026-06-24T08:15:00.000Z,1325,0,CORRIDOR,POLICY_UNIVERSE,false
L4:T2:I13,4,T2,2026-06-24T08:15:00.000Z,1872,0,CORRIDOR,POLICY_UNIVERSE,false
L4:T2:I13,4,T2,2026-06-24T08:15:00.000Z,2952,0,CORRIDOR,POLICY_UNIVERSE,false
L4:T2:I13,4,T2,2026-06-24T08:15:00.000Z,2232,0,CORRIDOR,POLICY_UNIVERSE,false
L4:T2:I13,4,T2,2026-06-24T08:15:00.000Z,270,0,CORRIDOR,POLICY_UNIVERSE,false
L4:T2:I13,4,T2,2026-06-24T08:15:00.000Z,1153,0,CORRIDOR,POLICY_UNIVERSE,false
L4:T2:I13,4,T2,2026-06-24T08:15:00.000Z,387,2,STATE,POLICY_UNIVERSE,false
L4:T2:I13,4,T2,2026-06-24T08:15:00.000Z,2604,2,STATE,POLICY_UNIVERSE,false
L4:T2:I13,4,T2,2026-06-24T08:15:00.000Z,1856,2,STATE,POLICY_UNIVERSE,false
L4:T2:I13,4,T2,2026-06-24T08:15:00.000Z,2408,2,STATE,POLICY_UNIVERSE,false
L4:T2:I13,4,T2,2026-06-24T08:15:00.000Z,2276,2,STATE,POLICY_UNIVERSE,false
L4:T2:I13,4,T2,2026-06-24T08:15:00.000Z,2064,2,STATE,POLICY_UNIVERSE,false
L4:T2:I13,4,T2,2026-06-24T08:15:00.000Z,923,2,STATE,POLICY_UNIVERSE,false
L4:T2:I13,4,T2,2026-06-24T08:15:00.000Z,1126,2,STATE,POLICY_UNIVERSE,false
L4:T2:I13,4,T2,2026-06-24T08:15:00.000Z,2306,2,STATE,POLICY_UNIVERSE,false
L4:T2:I13,4,T2,2026-06-24T08:15:00.000Z,552,2,STATE,POLICY_UNIVERSE,false
L4:T2:I13,4,T2,2026-06-24T08:15:00.000Z,1725,2,STATE,POLICY_UNIVERSE,false
L4:T2:I13,4,T2,2026-06-24T08:15:00.000Z,1094,2,STATE,POLICY_UNIVERSE,false
L4:T2:I13,4,T2,2026-06-24T08:15:00.000Z,72,2,STATE,POLICY_UNIVERSE,false
L4:T2:I13,4,T2,2026-06-24T08:15:00.000Z,506,2,STATE,POLICY_UNIVERSE,false
L4:T2:I13,4,T2,2026-06-24T08:15:00.000Z,2191,2,STATE,POLICY_UNIVERSE,false
L4:T2:I13,4,T2,2026-06-24T08:15:00.000Z,1535,2,STATE,POLICY_UNIVERSE,false
L4:T2:I13,4,T2,2026-06-24T08:15:00.000Z,699,2,STATE,POLICY_UNIVERSE,false
L4:T2:I13,4,T2,2026-06-24T08:15:00.000Z,465,2,STATE,POLICY_UNIVERSE,false
L4:T2:I13,4,T2,2026-06-24T08:15:00.000Z,1937,2,STATE,POLICY_UNIVERSE,false
L4:T2:I13,4,T2,2026-06-24T08:15:00.000Z,181,2,STATE,POLICY_UNIVERSE,false
L4:T2:I13,4,T2,2026-06-24T08:15:00.000Z,2300,2,STATE,POLICY_UNIVERSE,false
L4:T2:I13,4,T2,2026-06-24T08:15:00.000Z,205,2,STATE,POLICY_UNIVERSE,false
L4:T2:I13,4,T2,2026-06-24T08:15:00.000Z,987,2,STATE,POLICY_UNIVERSE,false
L4:T2:I13,4,T2,2026-06-24T08:15:00.000Z,1061,2,STATE,POLICY_UNIVERSE,false
L4:T2:I13,4,T2,2026-06-24T08:15:00.000Z,2839,2,STATE,POLICY_UNIVERSE,false
L4:T2:I13,4,T2,2026-06-24T08:15:00.000Z,206,2,STATE,POLICY_UNIVERSE,false
L4:T2:I13,4,T2,2026-06-24T08:15:00.000Z,916,2,STATE,POLICY_UNIVERSE,false
L4:T2:I13,4,T2,2026-06-24T08:15:00.000Z,1502,2,STATE,POLICY_UNIVERSE,false
L4:T2:I13,4,T2,2026-06-24T08:15:00.000Z,940,2,STATE,POLICY_UNIVERSE,false
L4:T2:I13,4,T2,2026-06-24T08:15:00.000Z,2704,2,STATE,POLICY_UNIVERSE,false
L4:T2:I13,4,T2,2026-06-24T08:15:00.000Z,1306,2,STATE,POLICY_UNIVERSE,false
L4:T2:I13,4,T2,2026-06-24T08:15:00.000Z,766,2,STATE,POLICY_UNIVERSE,false
L4:T2:I13,4,T2,2026-06-24T08:15:00.000Z,418,2,STATE,POLICY_UNIVERSE,false
L4:T2:I13,4,T2,2026-06-24T08:15:00.000Z,1663,2,STATE,POLICY_UNIVERSE,false
L4:T2:I13,4,T2,2026-06-24T08:15:00.000Z,2740,2,STATE,POLICY_UNIVERSE,false
L4:T2:I13,4,T2,2026-06-24T08:15:00.000Z,481,2,STATE,POLICY_UNIVERSE,false
L4:T2:I13,4,T2,2026-06-24T08:15:00.000Z,464,2,STATE,POLICY_UNIVERSE,false
L4:T2:I13,4,T2,2026-06-24T08:15:00.000Z,2754,2,STATE,POLICY_UNIVERSE,false
L4:T2:I13,4,T2,2026-06-24T08:15:00.000Z,2438,2,STATE,POLICY_UNIVERSE,false
L4:T2:I13,4,T2,2026-06-24T08:15:00.000Z,2013,2,STATE,POLICY_UNIVERSE,false
L4:T2:I13,4,T2,2026-06-24T08:15:00.000Z,907,2,STATE,POLICY_UNIVERSE,false
L4:T2:I13,4,T2,2026-06-24T08:15:00.000Z,1403,2,STATE,POLICY_UNIVERSE,false
L4:T2:I13,4,T2,2026-06-24T08:15:00.000Z,1523,2,STATE,POLICY_UNIVERSE,false
L4:T2:I13,4,T2,2026-06-24T08:15:00.000Z,1454,2,STATE,POLICY_UNIVERSE,false
L4:T2:I13,4,T2,2026-06-24T08:15:00.000Z,2572,2,STATE,POLICY_UNIVERSE,false
L4:T2:I13,4,T2,2026-06-24T08:15:00.000Z,1230,2,STATE,POLICY_UNIVERSE,false
L4:T2:I13,4,T2,2026-06-24T08:15:00.000Z,1381,2,STATE,POLICY_UNIVERSE,false
L4:T2:I13,4,T2,2026-06-24T08:15:00.000Z,1736,2,STATE,POLICY_UNIVERSE,false
L4:T2:I13,4,T2,2026-06-24T08:15:00.000Z,1478,2,STATE,POLICY_UNIVERSE,false
L4:T2:I13,4,T2,2026-06-24T08:15:00.000Z,732,2,STATE,POLICY_UNIVERSE,false
L4:T2:I13,4,T2,2026-06-24T08:15:00.000Z,584,2,STATE,POLICY_UNIVERSE,false
L4:T2:I13,4,T2,2026-06-24T08:15:00.000Z,992,2,STATE,POLICY_UNIVERSE,false
L4:T2:I13,4,T2,2026-06-24T08:15:00.000Z,2496,2,STATE,POLICY_UNIVERSE,false
L4:T2:I13,4,T2,2026-06-24T08:15:00.000Z,292,2,STATE,POLICY_UNIVERSE,false
L4:T2:I13,4,T2,2026-06-24T08:15:00.000Z,1704,2,STATE,POLICY_UNIVERSE,false
L4:T2:I13,4,T2,2026-06-24T08:15:00.000Z,757,2,STATE,POLICY_UNIVERSE,false
L4:T2:I13,4,T2,2026-06-24T08:15:00.000Z,820,2,STATE,POLICY_UNIVERSE,false
L4:T2:I13,4,T2,2026-06-24T08:15:00.000Z,1522,2,STATE,POLICY_UNIVERSE,false
L4:T2:I13,4,T2,2026-06-24T08:15:00.000Z,2872,2,STATE,POLICY_UNIVERSE,false
L4:T2:I13,4,T2,2026-06-24T08:15:00.000Z,1307,2,STATE,POLICY_UNIVERSE,false
L4:T2:I13,4,T2,2026-06-24T08:15:00.000Z,1988,2,STATE,POLICY_UNIVERSE,false
L4:T2:I13,4,T2,2026-06-24T08:15:00.000Z,2892,2,STATE,POLICY_UNIVERSE,false
L4:T2:I13,4,T2,2026-06-24T08:15:00.000Z,1578,2,STATE,POLICY_UNIVERSE,false
L4:T2:I13,4,T2,2026-06-24T08:15:00.000Z,1231,2,STATE,POLICY_UNIVERSE,false
L4:T2:I13,4,T2,2026-06-24T08:15:00.000Z,2709,2,STATE,POLICY_UNIVERSE,false
L4:T2:I13,4,T2,2026-06-24T08:15:00.000Z,2659,2,STATE,POLICY_UNIVERSE,false
L4:T2:I13,4,T2,2026-06-24T08:15:00.000Z,1,2,STATE,POLICY_UNIVERSE,false
L4:T2:I13,4,T2,2026-06-24T08:15:00.000Z,2573,99,OBSERVED_OVERRIDE,OBSERVED_CURRENT_OVERRIDE,true
L5:T0,5,T0,2025-10-21T00:00:00.000Z,1976,0,CORRIDOR,POLICY_UNIVERSE,
L5:T0,5,T0,2025-10-21T00:00:00.000Z,1738,0,CORRIDOR,POLICY_UNIVERSE,
L5:T0,5,T0,2025-10-21T00:00:00.000Z,1154,0,CORRIDOR,POLICY_UNIVERSE,
L5:T0,5,T0,2025-10-21T00:00:00.000Z,2648,0,CORRIDOR,POLICY_UNIVERSE,
L5:T0,5,T0,2025-10-21T00:00:00.000Z,1671,0,CORRIDOR,POLICY_UNIVERSE,
L5:T0,5,T0,2025-10-21T00:00:00.000Z,2562,0,CORRIDOR,POLICY_UNIVERSE,
L5:T0,5,T0,2025-10-21T00:00:00.000Z,1724,0,CORRIDOR,POLICY_UNIVERSE,
L5:T0,5,T0,2025-10-21T00:00:00.000Z,145,0,CORRIDOR,POLICY_UNIVERSE,
L5:T0,5,T0,2025-10-21T00:00:00.000Z,1781,0,CORRIDOR,POLICY_UNIVERSE,
L5:T0,5,T0,2025-10-21T00:00:00.000Z,759,0,CORRIDOR,POLICY_UNIVERSE,
L5:T0,5,T0,2025-10-21T00:00:00.000Z,2569,0,CORRIDOR,POLICY_UNIVERSE,
L5:T0,5,T0,2025-10-21T00:00:00.000Z,927,0,CORRIDOR,POLICY_UNIVERSE,
L5:T0,5,T0,2025-10-21T00:00:00.000Z,671,0,CORRIDOR,POLICY_UNIVERSE,
L5:T0,5,T0,2025-10-21T00:00:00.000Z,1791,0,CORRIDOR,POLICY_UNIVERSE,
L5:T0,5,T0,2025-10-21T00:00:00.000Z,1012,0,CORRIDOR,POLICY_UNIVERSE,
L5:T0,5,T0,2025-10-21T00:00:00.000Z,843,0,CORRIDOR,POLICY_UNIVERSE,
L5:T0,5,T0,2025-10-21T00:00:00.000Z,1948,0,CORRIDOR,POLICY_UNIVERSE,
L5:T0,5,T0,2025-10-21T00:00:00.000Z,2611,0,CORRIDOR,POLICY_UNIVERSE,
L5:T0,5,T0,2025-10-21T00:00:00.000Z,2075,0,CORRIDOR,POLICY_UNIVERSE,
L5:T0,5,T0,2025-10-21T00:00:00.000Z,45,0,CORRIDOR,POLICY_UNIVERSE,
L5:T0,5,T0,2025-10-21T00:00:00.000Z,138,0,CORRIDOR,POLICY_UNIVERSE,
L5:T0,5,T0,2025-10-21T00:00:00.000Z,2827,0,CORRIDOR,POLICY_UNIVERSE,
L5:T0,5,T0,2025-10-21T00:00:00.000Z,1549,0,CORRIDOR,POLICY_UNIVERSE,
L5:T0,5,T0,2025-10-21T00:00:00.000Z,2829,2,STATE,POLICY_UNIVERSE,
L5:T0,5,T0,2025-10-21T00:00:00.000Z,2527,2,STATE,POLICY_UNIVERSE,
L5:T0,5,T0,2025-10-21T00:00:00.000Z,2888,2,STATE,POLICY_UNIVERSE,
L5:T0,5,T0,2025-10-21T00:00:00.000Z,1514,2,STATE,POLICY_UNIVERSE,
L5:T0,5,T0,2025-10-21T00:00:00.000Z,2336,2,STATE,POLICY_UNIVERSE,
L5:T0,5,T0,2025-10-21T00:00:00.000Z,2007,2,STATE,POLICY_UNIVERSE,
L5:T0,5,T0,2025-10-21T00:00:00.000Z,2356,2,STATE,POLICY_UNIVERSE,
L5:T0,5,T0,2025-10-21T00:00:00.000Z,1667,2,STATE,POLICY_UNIVERSE,
L5:T0,5,T0,2025-10-21T00:00:00.000Z,690,2,STATE,POLICY_UNIVERSE,
L5:T0,5,T0,2025-10-21T00:00:00.000Z,1483,2,STATE,POLICY_UNIVERSE,
L5:T0,5,T0,2025-10-21T00:00:00.000Z,36,2,STATE,POLICY_UNIVERSE,
L5:T0,5,T0,2025-10-21T00:00:00.000Z,1330,2,STATE,POLICY_UNIVERSE,
L5:T0,5,T0,2025-10-21T00:00:00.000Z,1615,2,STATE,POLICY_UNIVERSE,
L5:T0,5,T0,2025-10-21T00:00:00.000Z,2453,2,STATE,POLICY_UNIVERSE,
L5:T0,5,T0,2025-10-21T00:00:00.000Z,2806,2,STATE,POLICY_UNIVERSE,
L5:T0,5,T0,2025-10-21T00:00:00.000Z,1939,2,STATE,POLICY_UNIVERSE,
L5:T0,5,T0,2025-10-21T00:00:00.000Z,2079,2,STATE,POLICY_UNIVERSE,
L5:T0,5,T0,2025-10-21T00:00:00.000Z,930,2,STATE,POLICY_UNIVERSE,
L5:T0,5,T0,2025-10-21T00:00:00.000Z,1276,2,STATE,POLICY_UNIVERSE,
L5:T0,5,T0,2025-10-21T00:00:00.000Z,1433,2,STATE,POLICY_UNIVERSE,
L5:T0,5,T0,2025-10-21T00:00:00.000Z,951,2,STATE,POLICY_UNIVERSE,
L5:T0,5,T0,2025-10-21T00:00:00.000Z,1638,2,STATE,POLICY_UNIVERSE,
L5:T0,5,T0,2025-10-21T00:00:00.000Z,2130,2,STATE,POLICY_UNIVERSE,
L5:T0,5,T0,2025-10-21T00:00:00.000Z,1257,2,STATE,POLICY_UNIVERSE,
L5:T0,5,T0,2025-10-21T00:00:00.000Z,2942,2,STATE,POLICY_UNIVERSE,
L5:T0,5,T0,2025-10-21T00:00:00.000Z,939,2,STATE,POLICY_UNIVERSE,
L5:T0,5,T0,2025-10-21T00:00:00.000Z,1687,2,STATE,POLICY_UNIVERSE,
L5:T0,5,T0,2025-10-21T00:00:00.000Z,2783,2,STATE,POLICY_UNIVERSE,
L5:T0,5,T0,2025-10-21T00:00:00.000Z,448,2,STATE,POLICY_UNIVERSE,
L5:T0,5,T0,2025-10-21T00:00:00.000Z,2607,2,STATE,POLICY_UNIVERSE,
L5:T0,5,T0,2025-10-21T00:00:00.000Z,2775,2,STATE,POLICY_UNIVERSE,
L5:T0,5,T0,2025-10-21T00:00:00.000Z,1227,2,STATE,POLICY_UNIVERSE,
L5:T0,5,T0,2025-10-21T00:00:00.000Z,973,2,STATE,POLICY_UNIVERSE,
L5:T0,5,T0,2025-10-21T00:00:00.000Z,484,2,STATE,POLICY_UNIVERSE,
L5:T0,5,T0,2025-10-21T00:00:00.000Z,550,2,STATE,POLICY_UNIVERSE,
L5:T0,5,T0,2025-10-21T00:00:00.000Z,1030,2,STATE,POLICY_UNIVERSE,
L5:T0,5,T0,2025-10-21T00:00:00.000Z,1644,2,STATE,POLICY_UNIVERSE,
L5:T0,5,T0,2025-10-21T00:00:00.000Z,869,2,STATE,POLICY_UNIVERSE,
L5:T0,5,T0,2025-10-21T00:00:00.000Z,2579,2,STATE,POLICY_UNIVERSE,
L5:T0,5,T0,2025-10-21T00:00:00.000Z,1714,2,STATE,POLICY_UNIVERSE,
L5:T0,5,T0,2025-10-21T00:00:00.000Z,713,2,STATE,POLICY_UNIVERSE,
L5:T1:I14,5,T1,2025-10-21T15:45:00.000Z,1976,0,CORRIDOR,POLICY_UNIVERSE,false
L5:T1:I14,5,T1,2025-10-21T15:45:00.000Z,1738,0,CORRIDOR,POLICY_UNIVERSE,false
L5:T1:I14,5,T1,2025-10-21T15:45:00.000Z,1154,0,CORRIDOR,POLICY_UNIVERSE,false
L5:T1:I14,5,T1,2025-10-21T15:45:00.000Z,2648,0,CORRIDOR,POLICY_UNIVERSE,false
L5:T1:I14,5,T1,2025-10-21T15:45:00.000Z,1671,0,CORRIDOR,POLICY_UNIVERSE,false
L5:T1:I14,5,T1,2025-10-21T15:45:00.000Z,2562,0,CORRIDOR,POLICY_UNIVERSE,false
L5:T1:I14,5,T1,2025-10-21T15:45:00.000Z,1724,0,CORRIDOR,POLICY_UNIVERSE,false
L5:T1:I14,5,T1,2025-10-21T15:45:00.000Z,145,0,CORRIDOR,POLICY_UNIVERSE,false
L5:T1:I14,5,T1,2025-10-21T15:45:00.000Z,1781,0,CORRIDOR,POLICY_UNIVERSE,false
L5:T1:I14,5,T1,2025-10-21T15:45:00.000Z,759,0,CORRIDOR,POLICY_UNIVERSE,false
L5:T1:I14,5,T1,2025-10-21T15:45:00.000Z,2569,0,CORRIDOR,POLICY_UNIVERSE,false
L5:T1:I14,5,T1,2025-10-21T15:45:00.000Z,927,0,CORRIDOR,POLICY_UNIVERSE,false
L5:T1:I14,5,T1,2025-10-21T15:45:00.000Z,671,0,CORRIDOR,POLICY_UNIVERSE,false
L5:T1:I14,5,T1,2025-10-21T15:45:00.000Z,1791,0,CORRIDOR,POLICY_UNIVERSE,false
L5:T1:I14,5,T1,2025-10-21T15:45:00.000Z,1012,0,CORRIDOR,POLICY_UNIVERSE,false
L5:T1:I14,5,T1,2025-10-21T15:45:00.000Z,843,0,CORRIDOR,POLICY_UNIVERSE,false
L5:T1:I14,5,T1,2025-10-21T15:45:00.000Z,1948,0,CORRIDOR,POLICY_UNIVERSE,false
L5:T1:I14,5,T1,2025-10-21T15:45:00.000Z,2611,0,CORRIDOR,POLICY_UNIVERSE,false
L5:T1:I14,5,T1,2025-10-21T15:45:00.000Z,2075,0,CORRIDOR,POLICY_UNIVERSE,false
L5:T1:I14,5,T1,2025-10-21T15:45:00.000Z,45,0,CORRIDOR,POLICY_UNIVERSE,false
L5:T1:I14,5,T1,2025-10-21T15:45:00.000Z,138,0,CORRIDOR,POLICY_UNIVERSE,false
L5:T1:I14,5,T1,2025-10-21T15:45:00.000Z,2827,0,CORRIDOR,POLICY_UNIVERSE,false
L5:T1:I14,5,T1,2025-10-21T15:45:00.000Z,1549,0,CORRIDOR,POLICY_UNIVERSE,false
L5:T1:I14,5,T1,2025-10-21T15:45:00.000Z,2829,2,STATE,POLICY_UNIVERSE,false
L5:T1:I14,5,T1,2025-10-21T15:45:00.000Z,2527,2,STATE,POLICY_UNIVERSE,false
L5:T1:I14,5,T1,2025-10-21T15:45:00.000Z,2888,2,STATE,POLICY_UNIVERSE,false
L5:T1:I14,5,T1,2025-10-21T15:45:00.000Z,1514,2,STATE,POLICY_UNIVERSE,false
L5:T1:I14,5,T1,2025-10-21T15:45:00.000Z,2336,2,STATE,POLICY_UNIVERSE,false
L5:T1:I14,5,T1,2025-10-21T15:45:00.000Z,2007,2,STATE,POLICY_UNIVERSE,false
L5:T1:I14,5,T1,2025-10-21T15:45:00.000Z,2356,2,STATE,POLICY_UNIVERSE,false
L5:T1:I14,5,T1,2025-10-21T15:45:00.000Z,1667,2,STATE,POLICY_UNIVERSE,false
L5:T1:I14,5,T1,2025-10-21T15:45:00.000Z,690,2,STATE,POLICY_UNIVERSE,false
L5:T1:I14,5,T1,2025-10-21T15:45:00.000Z,1483,2,STATE,POLICY_UNIVERSE,false
L5:T1:I14,5,T1,2025-10-21T15:45:00.000Z,36,2,STATE,POLICY_UNIVERSE,false
L5:T1:I14,5,T1,2025-10-21T15:45:00.000Z,1330,2,STATE,POLICY_UNIVERSE,false
L5:T1:I14,5,T1,2025-10-21T15:45:00.000Z,1615,2,STATE,POLICY_UNIVERSE,false
L5:T1:I14,5,T1,2025-10-21T15:45:00.000Z,2453,2,STATE,POLICY_UNIVERSE,false
L5:T1:I14,5,T1,2025-10-21T15:45:00.000Z,2806,2,STATE,POLICY_UNIVERSE,false
L5:T1:I14,5,T1,2025-10-21T15:45:00.000Z,1939,2,STATE,POLICY_UNIVERSE,false
L5:T1:I14,5,T1,2025-10-21T15:45:00.000Z,2079,2,STATE,POLICY_UNIVERSE,false
L5:T1:I14,5,T1,2025-10-21T15:45:00.000Z,930,2,STATE,POLICY_UNIVERSE,false
L5:T1:I14,5,T1,2025-10-21T15:45:00.000Z,1276,2,STATE,POLICY_UNIVERSE,false
L5:T1:I14,5,T1,2025-10-21T15:45:00.000Z,1433,2,STATE,POLICY_UNIVERSE,false
L5:T1:I14,5,T1,2025-10-21T15:45:00.000Z,951,2,STATE,POLICY_UNIVERSE,false
L5:T1:I14,5,T1,2025-10-21T15:45:00.000Z,1638,2,STATE,POLICY_UNIVERSE,false
L5:T1:I14,5,T1,2025-10-21T15:45:00.000Z,2130,2,STATE,POLICY_UNIVERSE,false
L5:T1:I14,5,T1,2025-10-21T15:45:00.000Z,1257,2,STATE,POLICY_UNIVERSE,false
L5:T1:I14,5,T1,2025-10-21T15:45:00.000Z,2942,2,STATE,POLICY_UNIVERSE,false
L5:T1:I14,5,T1,2025-10-21T15:45:00.000Z,939,2,STATE,POLICY_UNIVERSE,false
L5:T1:I14,5,T1,2025-10-21T15:45:00.000Z,1687,2,STATE,POLICY_UNIVERSE,false
L5:T1:I14,5,T1,2025-10-21T15:45:00.000Z,2783,2,STATE,POLICY_UNIVERSE,false
L5:T1:I14,5,T1,2025-10-21T15:45:00.000Z,448,2,STATE,POLICY_UNIVERSE,false
L5:T1:I14,5,T1,2025-10-21T15:45:00.000Z,2607,2,STATE,POLICY_UNIVERSE,false
L5:T1:I14,5,T1,2025-10-21T15:45:00.000Z,2775,2,STATE,POLICY_UNIVERSE,false
L5:T1:I14,5,T1,2025-10-21T15:45:00.000Z,1227,2,STATE,POLICY_UNIVERSE,false
L5:T1:I14,5,T1,2025-10-21T15:45:00.000Z,973,2,STATE,POLICY_UNIVERSE,false
L5:T1:I14,5,T1,2025-10-21T15:45:00.000Z,484,2,STATE,POLICY_UNIVERSE,false
L5:T1:I14,5,T1,2025-10-21T15:45:00.000Z,550,2,STATE,POLICY_UNIVERSE,false
L5:T1:I14,5,T1,2025-10-21T15:45:00.000Z,1030,2,STATE,POLICY_UNIVERSE,false
L5:T1:I14,5,T1,2025-10-21T15:45:00.000Z,1644,2,STATE,POLICY_UNIVERSE,false
L5:T1:I14,5,T1,2025-10-21T15:45:00.000Z,869,2,STATE,POLICY_UNIVERSE,false
L5:T1:I14,5,T1,2025-10-21T15:45:00.000Z,2579,2,STATE,POLICY_UNIVERSE,false
L5:T1:I14,5,T1,2025-10-21T15:45:00.000Z,1714,2,STATE,POLICY_UNIVERSE,false
L5:T1:I14,5,T1,2025-10-21T15:45:00.000Z,713,2,STATE,POLICY_UNIVERSE,false
L5:T1:I14,5,T1,2025-10-21T15:45:00.000Z,60,99,OBSERVED_OVERRIDE,OBSERVED_CURRENT_OVERRIDE,true
L6:T0,6,T0,2025-04-21T00:00:00.000Z,1605,0,CORRIDOR,POLICY_UNIVERSE,
L6:T0,6,T0,2025-04-21T00:00:00.000Z,756,0,CORRIDOR,POLICY_UNIVERSE,
L6:T0,6,T0,2025-04-21T00:00:00.000Z,1957,0,CORRIDOR,POLICY_UNIVERSE,
L6:T0,6,T0,2025-04-21T00:00:00.000Z,2008,0,CORRIDOR,POLICY_UNIVERSE,
L6:T0,6,T0,2025-04-21T00:00:00.000Z,2454,0,CORRIDOR,POLICY_UNIVERSE,
L6:T0,6,T0,2025-04-21T00:00:00.000Z,97,0,CORRIDOR,POLICY_UNIVERSE,
L6:T0,6,T0,2025-04-21T00:00:00.000Z,1769,0,CORRIDOR,POLICY_UNIVERSE,
L6:T0,6,T0,2025-04-21T00:00:00.000Z,1914,0,CORRIDOR,POLICY_UNIVERSE,
L6:T0,6,T0,2025-04-21T00:00:00.000Z,2198,0,CORRIDOR,POLICY_UNIVERSE,
L6:T0,6,T0,2025-04-21T00:00:00.000Z,1884,0,CORRIDOR,POLICY_UNIVERSE,
L6:T0,6,T0,2025-04-21T00:00:00.000Z,2983,0,CORRIDOR,POLICY_UNIVERSE,
L6:T0,6,T0,2025-04-21T00:00:00.000Z,2762,2,STATE,POLICY_UNIVERSE,
L6:T0,6,T0,2025-04-21T00:00:00.000Z,2918,2,STATE,POLICY_UNIVERSE,
L6:T0,6,T0,2025-04-21T00:00:00.000Z,1432,2,STATE,POLICY_UNIVERSE,
L6:T0,6,T0,2025-04-21T00:00:00.000Z,343,2,STATE,POLICY_UNIVERSE,
L6:T0,6,T0,2025-04-21T00:00:00.000Z,1218,2,STATE,POLICY_UNIVERSE,
L6:T0,6,T0,2025-04-21T00:00:00.000Z,1139,2,STATE,POLICY_UNIVERSE,
L6:T0,6,T0,2025-04-21T00:00:00.000Z,603,2,STATE,POLICY_UNIVERSE,
L6:T0,6,T0,2025-04-21T00:00:00.000Z,1142,2,STATE,POLICY_UNIVERSE,
L6:T0,6,T0,2025-04-21T00:00:00.000Z,1121,2,STATE,POLICY_UNIVERSE,
L6:T0,6,T0,2025-04-21T00:00:00.000Z,1135,2,STATE,POLICY_UNIVERSE,
L6:T0,6,T0,2025-04-21T00:00:00.000Z,1318,2,STATE,POLICY_UNIVERSE,
L6:T0,6,T0,2025-04-21T00:00:00.000Z,1280,2,STATE,POLICY_UNIVERSE,
L6:T0,6,T0,2025-04-21T00:00:00.000Z,2001,2,STATE,POLICY_UNIVERSE,
L6:T0,6,T0,2025-04-21T00:00:00.000Z,838,2,STATE,POLICY_UNIVERSE,
L6:T0,6,T0,2025-04-21T00:00:00.000Z,1020,2,STATE,POLICY_UNIVERSE,
L6:T0,6,T0,2025-04-21T00:00:00.000Z,2989,2,STATE,POLICY_UNIVERSE,
L6:T0,6,T0,2025-04-21T00:00:00.000Z,355,2,STATE,POLICY_UNIVERSE,
L6:T0,6,T0,2025-04-21T00:00:00.000Z,993,2,STATE,POLICY_UNIVERSE,
L6:T1:I15,6,T1,2025-10-06T18:45:00.000Z,1605,0,CORRIDOR,POLICY_UNIVERSE,false
L6:T1:I15,6,T1,2025-10-06T18:45:00.000Z,756,0,CORRIDOR,POLICY_UNIVERSE,false
L6:T1:I15,6,T1,2025-10-06T18:45:00.000Z,1957,0,CORRIDOR,POLICY_UNIVERSE,false
L6:T1:I15,6,T1,2025-10-06T18:45:00.000Z,2008,0,CORRIDOR,POLICY_UNIVERSE,false
L6:T1:I15,6,T1,2025-10-06T18:45:00.000Z,2454,0,CORRIDOR,POLICY_UNIVERSE,false
L6:T1:I15,6,T1,2025-10-06T18:45:00.000Z,97,0,CORRIDOR,POLICY_UNIVERSE,false
L6:T1:I15,6,T1,2025-10-06T18:45:00.000Z,1769,0,CORRIDOR,POLICY_UNIVERSE,false
L6:T1:I15,6,T1,2025-10-06T18:45:00.000Z,1914,0,CORRIDOR,POLICY_UNIVERSE,false
L6:T1:I15,6,T1,2025-10-06T18:45:00.000Z,2198,0,CORRIDOR,POLICY_UNIVERSE,false
L6:T1:I15,6,T1,2025-10-06T18:45:00.000Z,1884,0,CORRIDOR,POLICY_UNIVERSE,false
L6:T1:I15,6,T1,2025-10-06T18:45:00.000Z,2983,0,CORRIDOR,POLICY_UNIVERSE,false
L6:T1:I15,6,T1,2025-10-06T18:45:00.000Z,1269,0,CORRIDOR,POLICY_UNIVERSE,false
L6:T1:I15,6,T1,2025-10-06T18:45:00.000Z,1586,0,CORRIDOR,POLICY_UNIVERSE,false
L6:T1:I15,6,T1,2025-10-06T18:45:00.000Z,1808,0,CORRIDOR,POLICY_UNIVERSE,false
L6:T1:I15,6,T1,2025-10-06T18:45:00.000Z,2027,0,CORRIDOR,POLICY_UNIVERSE,false
L6:T1:I15,6,T1,2025-10-06T18:45:00.000Z,1277,0,CORRIDOR,POLICY_UNIVERSE,false
L6:T1:I15,6,T1,2025-10-06T18:45:00.000Z,1623,0,CORRIDOR,POLICY_UNIVERSE,false
L6:T1:I15,6,T1,2025-10-06T18:45:00.000Z,943,0,CORRIDOR,POLICY_UNIVERSE,false
L6:T1:I15,6,T1,2025-10-06T18:45:00.000Z,1999,0,CORRIDOR,POLICY_UNIVERSE,false
L6:T1:I15,6,T1,2025-10-06T18:45:00.000Z,128,0,CORRIDOR,POLICY_UNIVERSE,false
L6:T1:I15,6,T1,2025-10-06T18:45:00.000Z,1640,0,CORRIDOR,POLICY_UNIVERSE,true
L6:T1:I15,6,T1,2025-10-06T18:45:00.000Z,2762,2,STATE,POLICY_UNIVERSE,false
L6:T1:I15,6,T1,2025-10-06T18:45:00.000Z,2918,2,STATE,POLICY_UNIVERSE,false
L6:T1:I15,6,T1,2025-10-06T18:45:00.000Z,1432,2,STATE,POLICY_UNIVERSE,false
L6:T1:I15,6,T1,2025-10-06T18:45:00.000Z,343,2,STATE,POLICY_UNIVERSE,false
L6:T1:I15,6,T1,2025-10-06T18:45:00.000Z,1218,2,STATE,POLICY_UNIVERSE,false
L6:T1:I15,6,T1,2025-10-06T18:45:00.000Z,1139,2,STATE,POLICY_UNIVERSE,false
L6:T1:I15,6,T1,2025-10-06T18:45:00.000Z,603,2,STATE,POLICY_UNIVERSE,false
L6:T1:I15,6,T1,2025-10-06T18:45:00.000Z,1142,2,STATE,POLICY_UNIVERSE,false
L6:T1:I15,6,T1,2025-10-06T18:45:00.000Z,1121,2,STATE,POLICY_UNIVERSE,false
L6:T1:I15,6,T1,2025-10-06T18:45:00.000Z,1135,2,STATE,POLICY_UNIVERSE,false
L6:T1:I15,6,T1,2025-10-06T18:45:00.000Z,1318,2,STATE,POLICY_UNIVERSE,false
L6:T1:I15,6,T1,2025-10-06T18:45:00.000Z,1280,2,STATE,POLICY_UNIVERSE,false
L6:T1:I15,6,T1,2025-10-06T18:45:00.000Z,2001,2,STATE,POLICY_UNIVERSE,false
L6:T1:I15,6,T1,2025-10-06T18:45:00.000Z,838,2,STATE,POLICY_UNIVERSE,false
L6:T1:I15,6,T1,2025-10-06T18:45:00.000Z,1020,2,STATE,POLICY_UNIVERSE,false
L6:T1:I15,6,T1,2025-10-06T18:45:00.000Z,2989,2,STATE,POLICY_UNIVERSE,false
L6:T1:I15,6,T1,2025-10-06T18:45:00.000Z,355,2,STATE,POLICY_UNIVERSE,false
L6:T1:I15,6,T1,2025-10-06T18:45:00.000Z,993,2,STATE,POLICY_UNIVERSE,false
L6:T1:I15,6,T1,2025-10-06T18:45:00.000Z,1949,2,STATE,POLICY_UNIVERSE,false
L6:T1:I15,6,T1,2025-10-06T18:45:00.000Z,2687,2,STATE,POLICY_UNIVERSE,false
L6:T1:I15,6,T1,2025-10-06T18:45:00.000Z,2123,2,STATE,POLICY_UNIVERSE,false
L6:T1:I15,6,T1,2025-10-06T18:45:00.000Z,41,2,STATE,POLICY_UNIVERSE,false
L6:T1:I15,6,T1,2025-10-06T18:45:00.000Z,439,2,STATE,POLICY_UNIVERSE,false
L6:T1:I15,6,T1,2025-10-06T18:45:00.000Z,2531,2,STATE,POLICY_UNIVERSE,false
L6:T1:I15,6,T1,2025-10-06T18:45:00.000Z,2570,2,STATE,POLICY_UNIVERSE,false
L6:T1:I15,6,T1,2025-10-06T18:45:00.000Z,514,2,STATE,POLICY_UNIVERSE,false
L6:T1:I15,6,T1,2025-10-06T18:45:00.000Z,605,2,STATE,POLICY_UNIVERSE,false
L7:T0,7,T0,2025-05-24T00:00:00.000Z,1450,0,CORRIDOR,POLICY_UNIVERSE,
L7:T0,7,T0,2025-05-24T00:00:00.000Z,1313,0,CORRIDOR,POLICY_UNIVERSE,
L7:T0,7,T0,2025-05-24T00:00:00.000Z,1260,0,CORRIDOR,POLICY_UNIVERSE,
L7:T0,7,T0,2025-05-24T00:00:00.000Z,158,0,CORRIDOR,POLICY_UNIVERSE,
L7:T0,7,T0,2025-05-24T00:00:00.000Z,786,0,CORRIDOR,POLICY_UNIVERSE,
L7:T0,7,T0,2025-05-24T00:00:00.000Z,1070,0,CORRIDOR,POLICY_UNIVERSE,
L7:T0,7,T0,2025-05-24T00:00:00.000Z,1150,0,CORRIDOR,POLICY_UNIVERSE,
L7:T0,7,T0,2025-05-24T00:00:00.000Z,2240,0,CORRIDOR,POLICY_UNIVERSE,
L7:T0,7,T0,2025-05-24T00:00:00.000Z,1990,0,CORRIDOR,POLICY_UNIVERSE,
L7:T0,7,T0,2025-05-24T00:00:00.000Z,121,0,CORRIDOR,POLICY_UNIVERSE,
L7:T0,7,T0,2025-05-24T00:00:00.000Z,2459,2,STATE,POLICY_UNIVERSE,
L7:T0,7,T0,2025-05-24T00:00:00.000Z,2778,2,STATE,POLICY_UNIVERSE,
L7:T0,7,T0,2025-05-24T00:00:00.000Z,1602,2,STATE,POLICY_UNIVERSE,
L7:T0,7,T0,2025-05-24T00:00:00.000Z,501,2,STATE,POLICY_UNIVERSE,
L7:T0,7,T0,2025-05-24T00:00:00.000Z,2049,2,STATE,POLICY_UNIVERSE,
L7:T0,7,T0,2025-05-24T00:00:00.000Z,2637,2,STATE,POLICY_UNIVERSE,
L7:T0,7,T0,2025-05-24T00:00:00.000Z,2437,2,STATE,POLICY_UNIVERSE,
L7:T0,7,T0,2025-05-24T00:00:00.000Z,948,2,STATE,POLICY_UNIVERSE,
L7:T0,7,T0,2025-05-24T00:00:00.000Z,1082,2,STATE,POLICY_UNIVERSE,
L7:T0,7,T0,2025-05-24T00:00:00.000Z,1761,2,STATE,POLICY_UNIVERSE,
L7:T0,7,T0,2025-05-24T00:00:00.000Z,844,2,STATE,POLICY_UNIVERSE,
L7:T0,7,T0,2025-05-24T00:00:00.000Z,724,2,STATE,POLICY_UNIVERSE,
L7:T0,7,T0,2025-05-24T00:00:00.000Z,2668,2,STATE,POLICY_UNIVERSE,
L7:T0,7,T0,2025-05-24T00:00:00.000Z,1208,2,STATE,POLICY_UNIVERSE,
L7:T0,7,T0,2025-05-24T00:00:00.000Z,2268,2,STATE,POLICY_UNIVERSE,
L7:T1:I17,7,T1,2025-06-21T07:49:00.000Z,1450,0,CORRIDOR,POLICY_UNIVERSE,false
L7:T1:I17,7,T1,2025-06-21T07:49:00.000Z,1313,0,CORRIDOR,POLICY_UNIVERSE,false
L7:T1:I17,7,T1,2025-06-21T07:49:00.000Z,1260,0,CORRIDOR,POLICY_UNIVERSE,false
L7:T1:I17,7,T1,2025-06-21T07:49:00.000Z,158,0,CORRIDOR,POLICY_UNIVERSE,false
L7:T1:I17,7,T1,2025-06-21T07:49:00.000Z,786,0,CORRIDOR,POLICY_UNIVERSE,false
L7:T1:I17,7,T1,2025-06-21T07:49:00.000Z,1070,0,CORRIDOR,POLICY_UNIVERSE,false
L7:T1:I17,7,T1,2025-06-21T07:49:00.000Z,1150,0,CORRIDOR,POLICY_UNIVERSE,false
L7:T1:I17,7,T1,2025-06-21T07:49:00.000Z,2240,0,CORRIDOR,POLICY_UNIVERSE,false
L7:T1:I17,7,T1,2025-06-21T07:49:00.000Z,1990,0,CORRIDOR,POLICY_UNIVERSE,false
L7:T1:I17,7,T1,2025-06-21T07:49:00.000Z,121,0,CORRIDOR,POLICY_UNIVERSE,false
L7:T1:I17,7,T1,2025-06-21T07:49:00.000Z,2653,0,CORRIDOR,POLICY_UNIVERSE,false
L7:T1:I17,7,T1,2025-06-21T07:49:00.000Z,2919,0,CORRIDOR,POLICY_UNIVERSE,false
L7:T1:I17,7,T1,2025-06-21T07:49:00.000Z,2459,2,STATE,POLICY_UNIVERSE,false
L7:T1:I17,7,T1,2025-06-21T07:49:00.000Z,2778,2,STATE,POLICY_UNIVERSE,false
L7:T1:I17,7,T1,2025-06-21T07:49:00.000Z,1602,2,STATE,POLICY_UNIVERSE,false
L7:T1:I17,7,T1,2025-06-21T07:49:00.000Z,501,2,STATE,POLICY_UNIVERSE,false
L7:T1:I17,7,T1,2025-06-21T07:49:00.000Z,2049,2,STATE,POLICY_UNIVERSE,false
L7:T1:I17,7,T1,2025-06-21T07:49:00.000Z,2637,2,STATE,POLICY_UNIVERSE,false
L7:T1:I17,7,T1,2025-06-21T07:49:00.000Z,2437,2,STATE,POLICY_UNIVERSE,false
L7:T1:I17,7,T1,2025-06-21T07:49:00.000Z,948,2,STATE,POLICY_UNIVERSE,false
L7:T1:I17,7,T1,2025-06-21T07:49:00.000Z,1082,2,STATE,POLICY_UNIVERSE,false
L7:T1:I17,7,T1,2025-06-21T07:49:00.000Z,1761,2,STATE,POLICY_UNIVERSE,false
L7:T1:I17,7,T1,2025-06-21T07:49:00.000Z,844,2,STATE,POLICY_UNIVERSE,false
L7:T1:I17,7,T1,2025-06-21T07:49:00.000Z,724,2,STATE,POLICY_UNIVERSE,false
L7:T1:I17,7,T1,2025-06-21T07:49:00.000Z,2668,2,STATE,POLICY_UNIVERSE,false
L7:T1:I17,7,T1,2025-06-21T07:49:00.000Z,1208,2,STATE,POLICY_UNIVERSE,false
L7:T1:I17,7,T1,2025-06-21T07:49:00.000Z,2268,2,STATE,POLICY_UNIVERSE,false
L7:T1:I17,7,T1,2025-06-21T07:49:00.000Z,2359,2,STATE,POLICY_UNIVERSE,false
L7:T1:I17,7,T1,2025-06-21T07:49:00.000Z,1763,99,OBSERVED_OVERRIDE,OBSERVED_CURRENT_OVERRIDE,true
L7:T2:I21,7,T2,2025-07-30T09:27:00.000Z,1450,0,CORRIDOR,POLICY_UNIVERSE,false
L7:T2:I21,7,T2,2025-07-30T09:27:00.000Z,1313,0,CORRIDOR,POLICY_UNIVERSE,false
L7:T2:I21,7,T2,2025-07-30T09:27:00.000Z,1260,0,CORRIDOR,POLICY_UNIVERSE,false
L7:T2:I21,7,T2,2025-07-30T09:27:00.000Z,158,0,CORRIDOR,POLICY_UNIVERSE,false
L7:T2:I21,7,T2,2025-07-30T09:27:00.000Z,786,0,CORRIDOR,POLICY_UNIVERSE,false
L7:T2:I21,7,T2,2025-07-30T09:27:00.000Z,1070,0,CORRIDOR,POLICY_UNIVERSE,false
L7:T2:I21,7,T2,2025-07-30T09:27:00.000Z,1150,0,CORRIDOR,POLICY_UNIVERSE,false
L7:T2:I21,7,T2,2025-07-30T09:27:00.000Z,2240,0,CORRIDOR,POLICY_UNIVERSE,false
L7:T2:I21,7,T2,2025-07-30T09:27:00.000Z,1990,0,CORRIDOR,POLICY_UNIVERSE,false
L7:T2:I21,7,T2,2025-07-30T09:27:00.000Z,121,0,CORRIDOR,POLICY_UNIVERSE,false
L7:T2:I21,7,T2,2025-07-30T09:27:00.000Z,2653,0,CORRIDOR,POLICY_UNIVERSE,false
L7:T2:I21,7,T2,2025-07-30T09:27:00.000Z,2919,0,CORRIDOR,POLICY_UNIVERSE,false
L7:T2:I21,7,T2,2025-07-30T09:27:00.000Z,2459,2,STATE,POLICY_UNIVERSE,false
L7:T2:I21,7,T2,2025-07-30T09:27:00.000Z,2778,2,STATE,POLICY_UNIVERSE,false
L7:T2:I21,7,T2,2025-07-30T09:27:00.000Z,1602,2,STATE,POLICY_UNIVERSE,false
L7:T2:I21,7,T2,2025-07-30T09:27:00.000Z,501,2,STATE,POLICY_UNIVERSE,false
L7:T2:I21,7,T2,2025-07-30T09:27:00.000Z,2049,2,STATE,POLICY_UNIVERSE,false
L7:T2:I21,7,T2,2025-07-30T09:27:00.000Z,2637,2,STATE,POLICY_UNIVERSE,false
L7:T2:I21,7,T2,2025-07-30T09:27:00.000Z,2437,2,STATE,POLICY_UNIVERSE,false
L7:T2:I21,7,T2,2025-07-30T09:27:00.000Z,948,2,STATE,POLICY_UNIVERSE,false
L7:T2:I21,7,T2,2025-07-30T09:27:00.000Z,1082,2,STATE,POLICY_UNIVERSE,false
L7:T2:I21,7,T2,2025-07-30T09:27:00.000Z,1761,2,STATE,POLICY_UNIVERSE,false
L7:T2:I21,7,T2,2025-07-30T09:27:00.000Z,844,2,STATE,POLICY_UNIVERSE,false
L7:T2:I21,7,T2,2025-07-30T09:27:00.000Z,724,2,STATE,POLICY_UNIVERSE,false
L7:T2:I21,7,T2,2025-07-30T09:27:00.000Z,2668,2,STATE,POLICY_UNIVERSE,false
L7:T2:I21,7,T2,2025-07-30T09:27:00.000Z,1208,2,STATE,POLICY_UNIVERSE,false
L7:T2:I21,7,T2,2025-07-30T09:27:00.000Z,2268,2,STATE,POLICY_UNIVERSE,false
L7:T2:I21,7,T2,2025-07-30T09:27:00.000Z,2359,2,STATE,POLICY_UNIVERSE,false
L7:T2:I21,7,T2,2025-07-30T09:27:00.000Z,2914,2,STATE,POLICY_UNIVERSE,true
L7:T2:I20,7,T2,2025-07-30T15:40:00.000Z,1450,0,CORRIDOR,POLICY_UNIVERSE,false
L7:T2:I20,7,T2,2025-07-30T15:40:00.000Z,1313,0,CORRIDOR,POLICY_UNIVERSE,false
L7:T2:I20,7,T2,2025-07-30T15:40:00.000Z,1260,0,CORRIDOR,POLICY_UNIVERSE,false
L7:T2:I20,7,T2,2025-07-30T15:40:00.000Z,158,0,CORRIDOR,POLICY_UNIVERSE,false
L7:T2:I20,7,T2,2025-07-30T15:40:00.000Z,786,0,CORRIDOR,POLICY_UNIVERSE,false
L7:T2:I20,7,T2,2025-07-30T15:40:00.000Z,1070,0,CORRIDOR,POLICY_UNIVERSE,false
L7:T2:I20,7,T2,2025-07-30T15:40:00.000Z,1150,0,CORRIDOR,POLICY_UNIVERSE,false
L7:T2:I20,7,T2,2025-07-30T15:40:00.000Z,2240,0,CORRIDOR,POLICY_UNIVERSE,false
L7:T2:I20,7,T2,2025-07-30T15:40:00.000Z,1990,0,CORRIDOR,POLICY_UNIVERSE,false
L7:T2:I20,7,T2,2025-07-30T15:40:00.000Z,121,0,CORRIDOR,POLICY_UNIVERSE,false
L7:T2:I20,7,T2,2025-07-30T15:40:00.000Z,2653,0,CORRIDOR,POLICY_UNIVERSE,false
L7:T2:I20,7,T2,2025-07-30T15:40:00.000Z,2919,0,CORRIDOR,POLICY_UNIVERSE,false
L7:T2:I20,7,T2,2025-07-30T15:40:00.000Z,2459,2,STATE,POLICY_UNIVERSE,false
L7:T2:I20,7,T2,2025-07-30T15:40:00.000Z,2778,2,STATE,POLICY_UNIVERSE,false
L7:T2:I20,7,T2,2025-07-30T15:40:00.000Z,1602,2,STATE,POLICY_UNIVERSE,false
L7:T2:I20,7,T2,2025-07-30T15:40:00.000Z,501,2,STATE,POLICY_UNIVERSE,false
L7:T2:I20,7,T2,2025-07-30T15:40:00.000Z,2049,2,STATE,POLICY_UNIVERSE,false
L7:T2:I20,7,T2,2025-07-30T15:40:00.000Z,2637,2,STATE,POLICY_UNIVERSE,false
L7:T2:I20,7,T2,2025-07-30T15:40:00.000Z,2437,2,STATE,POLICY_UNIVERSE,false
L7:T2:I20,7,T2,2025-07-30T15:40:00.000Z,948,2,STATE,POLICY_UNIVERSE,false
L7:T2:I20,7,T2,2025-07-30T15:40:00.000Z,1082,2,STATE,POLICY_UNIVERSE,false
L7:T2:I20,7,T2,2025-07-30T15:40:00.000Z,1761,2,STATE,POLICY_UNIVERSE,false
L7:T2:I20,7,T2,2025-07-30T15:40:00.000Z,844,2,STATE,POLICY_UNIVERSE,false
L7:T2:I20,7,T2,2025-07-30T15:40:00.000Z,724,2,STATE,POLICY_UNIVERSE,false
L7:T2:I20,7,T2,2025-07-30T15:40:00.000Z,2668,2,STATE,POLICY_UNIVERSE,false
L7:T2:I20,7,T2,2025-07-30T15:40:00.000Z,1208,2,STATE,POLICY_UNIVERSE,false
L7:T2:I20,7,T2,2025-07-30T15:40:00.000Z,2268,2,STATE,POLICY_UNIVERSE,false
L7:T2:I20,7,T2,2025-07-30T15:40:00.000Z,2359,2,STATE,POLICY_UNIVERSE,false
L7:T2:I20,7,T2,2025-07-30T15:40:00.000Z,2914,2,STATE,POLICY_UNIVERSE,false
L7:T2:I20,7,T2,2025-07-30T15:40:00.000Z,1983,99,OBSERVED_OVERRIDE,OBSERVED_CURRENT_OVERRIDE,true
L7:T2:I19,7,T2,2025-08-22T16:09:00.000Z,1450,0,CORRIDOR,POLICY_UNIVERSE,false
L7:T2:I19,7,T2,2025-08-22T16:09:00.000Z,1313,0,CORRIDOR,POLICY_UNIVERSE,false
L7:T2:I19,7,T2,2025-08-22T16:09:00.000Z,1260,0,CORRIDOR,POLICY_UNIVERSE,false
L7:T2:I19,7,T2,2025-08-22T16:09:00.000Z,158,0,CORRIDOR,POLICY_UNIVERSE,false
L7:T2:I19,7,T2,2025-08-22T16:09:00.000Z,786,0,CORRIDOR,POLICY_UNIVERSE,false
L7:T2:I19,7,T2,2025-08-22T16:09:00.000Z,1070,0,CORRIDOR,POLICY_UNIVERSE,false
L7:T2:I19,7,T2,2025-08-22T16:09:00.000Z,1150,0,CORRIDOR,POLICY_UNIVERSE,false
L7:T2:I19,7,T2,2025-08-22T16:09:00.000Z,2240,0,CORRIDOR,POLICY_UNIVERSE,false
L7:T2:I19,7,T2,2025-08-22T16:09:00.000Z,1990,0,CORRIDOR,POLICY_UNIVERSE,false
L7:T2:I19,7,T2,2025-08-22T16:09:00.000Z,121,0,CORRIDOR,POLICY_UNIVERSE,false
L7:T2:I19,7,T2,2025-08-22T16:09:00.000Z,2653,0,CORRIDOR,POLICY_UNIVERSE,false
L7:T2:I19,7,T2,2025-08-22T16:09:00.000Z,2919,0,CORRIDOR,POLICY_UNIVERSE,false
L7:T2:I19,7,T2,2025-08-22T16:09:00.000Z,2459,2,STATE,POLICY_UNIVERSE,false
L7:T2:I19,7,T2,2025-08-22T16:09:00.000Z,2778,2,STATE,POLICY_UNIVERSE,false
L7:T2:I19,7,T2,2025-08-22T16:09:00.000Z,1602,2,STATE,POLICY_UNIVERSE,false
L7:T2:I19,7,T2,2025-08-22T16:09:00.000Z,501,2,STATE,POLICY_UNIVERSE,false
L7:T2:I19,7,T2,2025-08-22T16:09:00.000Z,2049,2,STATE,POLICY_UNIVERSE,false
L7:T2:I19,7,T2,2025-08-22T16:09:00.000Z,2637,2,STATE,POLICY_UNIVERSE,false
L7:T2:I19,7,T2,2025-08-22T16:09:00.000Z,2437,2,STATE,POLICY_UNIVERSE,false
L7:T2:I19,7,T2,2025-08-22T16:09:00.000Z,948,2,STATE,POLICY_UNIVERSE,false
L7:T2:I19,7,T2,2025-08-22T16:09:00.000Z,1082,2,STATE,POLICY_UNIVERSE,false
L7:T2:I19,7,T2,2025-08-22T16:09:00.000Z,1761,2,STATE,POLICY_UNIVERSE,false
L7:T2:I19,7,T2,2025-08-22T16:09:00.000Z,844,2,STATE,POLICY_UNIVERSE,false
L7:T2:I19,7,T2,2025-08-22T16:09:00.000Z,724,2,STATE,POLICY_UNIVERSE,false
L7:T2:I19,7,T2,2025-08-22T16:09:00.000Z,2668,2,STATE,POLICY_UNIVERSE,false
L7:T2:I19,7,T2,2025-08-22T16:09:00.000Z,1208,2,STATE,POLICY_UNIVERSE,false
L7:T2:I19,7,T2,2025-08-22T16:09:00.000Z,2268,2,STATE,POLICY_UNIVERSE,false
L7:T2:I19,7,T2,2025-08-22T16:09:00.000Z,2359,2,STATE,POLICY_UNIVERSE,false
L7:T2:I19,7,T2,2025-08-22T16:09:00.000Z,2914,2,STATE,POLICY_UNIVERSE,false
L7:T2:I19,7,T2,2025-08-22T16:09:00.000Z,589,2,STATE,POLICY_UNIVERSE,false
L7:T2:I19,7,T2,2025-08-22T16:09:00.000Z,2601,2,STATE,POLICY_UNIVERSE,false
L7:T2:I19,7,T2,2025-08-22T16:09:00.000Z,2801,99,OBSERVED_OVERRIDE,OBSERVED_CURRENT_OVERRIDE,true
L7:T2:I16,7,T2,2026-04-20T19:09:00.000Z,1450,0,CORRIDOR,POLICY_UNIVERSE,false
L7:T2:I16,7,T2,2026-04-20T19:09:00.000Z,1313,0,CORRIDOR,POLICY_UNIVERSE,false
L7:T2:I16,7,T2,2026-04-20T19:09:00.000Z,1260,0,CORRIDOR,POLICY_UNIVERSE,false
L7:T2:I16,7,T2,2026-04-20T19:09:00.000Z,158,0,CORRIDOR,POLICY_UNIVERSE,false
L7:T2:I16,7,T2,2026-04-20T19:09:00.000Z,786,0,CORRIDOR,POLICY_UNIVERSE,false
L7:T2:I16,7,T2,2026-04-20T19:09:00.000Z,1070,0,CORRIDOR,POLICY_UNIVERSE,false
L7:T2:I16,7,T2,2026-04-20T19:09:00.000Z,1150,0,CORRIDOR,POLICY_UNIVERSE,false
L7:T2:I16,7,T2,2026-04-20T19:09:00.000Z,2240,0,CORRIDOR,POLICY_UNIVERSE,false
L7:T2:I16,7,T2,2026-04-20T19:09:00.000Z,1990,0,CORRIDOR,POLICY_UNIVERSE,false
L7:T2:I16,7,T2,2026-04-20T19:09:00.000Z,121,0,CORRIDOR,POLICY_UNIVERSE,false
L7:T2:I16,7,T2,2026-04-20T19:09:00.000Z,2653,0,CORRIDOR,POLICY_UNIVERSE,false
L7:T2:I16,7,T2,2026-04-20T19:09:00.000Z,2919,0,CORRIDOR,POLICY_UNIVERSE,false
L7:T2:I16,7,T2,2026-04-20T19:09:00.000Z,34,0,CORRIDOR,POLICY_UNIVERSE,false
L7:T2:I16,7,T2,2026-04-20T19:09:00.000Z,1136,0,CORRIDOR,POLICY_UNIVERSE,false
L7:T2:I16,7,T2,2026-04-20T19:09:00.000Z,1419,0,CORRIDOR,POLICY_UNIVERSE,false
L7:T2:I16,7,T2,2026-04-20T19:09:00.000Z,982,0,CORRIDOR,POLICY_UNIVERSE,false
L7:T2:I16,7,T2,2026-04-20T19:09:00.000Z,810,0,CORRIDOR,POLICY_UNIVERSE,false
L7:T2:I16,7,T2,2026-04-20T19:09:00.000Z,1446,0,CORRIDOR,POLICY_UNIVERSE,false
L7:T2:I16,7,T2,2026-04-20T19:09:00.000Z,155,0,CORRIDOR,POLICY_UNIVERSE,false
L7:T2:I16,7,T2,2026-04-20T19:09:00.000Z,740,0,CORRIDOR,POLICY_UNIVERSE,false
L7:T2:I16,7,T2,2026-04-20T19:09:00.000Z,406,0,CORRIDOR,POLICY_UNIVERSE,false
L7:T2:I16,7,T2,2026-04-20T19:09:00.000Z,2459,2,STATE,POLICY_UNIVERSE,false
L7:T2:I16,7,T2,2026-04-20T19:09:00.000Z,2778,2,STATE,POLICY_UNIVERSE,false
L7:T2:I16,7,T2,2026-04-20T19:09:00.000Z,1602,2,STATE,POLICY_UNIVERSE,false
L7:T2:I16,7,T2,2026-04-20T19:09:00.000Z,501,2,STATE,POLICY_UNIVERSE,false
L7:T2:I16,7,T2,2026-04-20T19:09:00.000Z,2049,2,STATE,POLICY_UNIVERSE,false
L7:T2:I16,7,T2,2026-04-20T19:09:00.000Z,2637,2,STATE,POLICY_UNIVERSE,false
L7:T2:I16,7,T2,2026-04-20T19:09:00.000Z,2437,2,STATE,POLICY_UNIVERSE,false
L7:T2:I16,7,T2,2026-04-20T19:09:00.000Z,948,2,STATE,POLICY_UNIVERSE,false
L7:T2:I16,7,T2,2026-04-20T19:09:00.000Z,1082,2,STATE,POLICY_UNIVERSE,false
L7:T2:I16,7,T2,2026-04-20T19:09:00.000Z,1761,2,STATE,POLICY_UNIVERSE,false
L7:T2:I16,7,T2,2026-04-20T19:09:00.000Z,844,2,STATE,POLICY_UNIVERSE,false
L7:T2:I16,7,T2,2026-04-20T19:09:00.000Z,724,2,STATE,POLICY_UNIVERSE,false
L7:T2:I16,7,T2,2026-04-20T19:09:00.000Z,2668,2,STATE,POLICY_UNIVERSE,false
L7:T2:I16,7,T2,2026-04-20T19:09:00.000Z,1208,2,STATE,POLICY_UNIVERSE,false
L7:T2:I16,7,T2,2026-04-20T19:09:00.000Z,2268,2,STATE,POLICY_UNIVERSE,false
L7:T2:I16,7,T2,2026-04-20T19:09:00.000Z,2359,2,STATE,POLICY_UNIVERSE,false
L7:T2:I16,7,T2,2026-04-20T19:09:00.000Z,2914,2,STATE,POLICY_UNIVERSE,false
L7:T2:I16,7,T2,2026-04-20T19:09:00.000Z,589,2,STATE,POLICY_UNIVERSE,false
L7:T2:I16,7,T2,2026-04-20T19:09:00.000Z,2601,2,STATE,POLICY_UNIVERSE,false
L7:T2:I16,7,T2,2026-04-20T19:09:00.000Z,2856,2,STATE,POLICY_UNIVERSE,false
L7:T2:I16,7,T2,2026-04-20T19:09:00.000Z,2466,2,STATE,POLICY_UNIVERSE,false
L7:T2:I16,7,T2,2026-04-20T19:09:00.000Z,1448,2,STATE,POLICY_UNIVERSE,false
L7:T2:I16,7,T2,2026-04-20T19:09:00.000Z,2256,2,STATE,POLICY_UNIVERSE,false
L7:T2:I16,7,T2,2026-04-20T19:09:00.000Z,1459,2,STATE,POLICY_UNIVERSE,false
L7:T2:I16,7,T2,2026-04-20T19:09:00.000Z,86,2,STATE,POLICY_UNIVERSE,false
L7:T2:I16,7,T2,2026-04-20T19:09:00.000Z,2307,2,STATE,POLICY_UNIVERSE,false
L7:T2:I16,7,T2,2026-04-20T19:09:00.000Z,1500,2,STATE,POLICY_UNIVERSE,false
L7:T2:I16,7,T2,2026-04-20T19:09:00.000Z,2056,99,OBSERVED_OVERRIDE,OBSERVED_CURRENT_OVERRIDE,true
L7:T2:I18,7,T2,2026-05-14T11:06:00.000Z,1450,0,CORRIDOR,POLICY_UNIVERSE,false
L7:T2:I18,7,T2,2026-05-14T11:06:00.000Z,1313,0,CORRIDOR,POLICY_UNIVERSE,false
L7:T2:I18,7,T2,2026-05-14T11:06:00.000Z,1260,0,CORRIDOR,POLICY_UNIVERSE,false
L7:T2:I18,7,T2,2026-05-14T11:06:00.000Z,158,0,CORRIDOR,POLICY_UNIVERSE,false
L7:T2:I18,7,T2,2026-05-14T11:06:00.000Z,786,0,CORRIDOR,POLICY_UNIVERSE,false
L7:T2:I18,7,T2,2026-05-14T11:06:00.000Z,1070,0,CORRIDOR,POLICY_UNIVERSE,false
L7:T2:I18,7,T2,2026-05-14T11:06:00.000Z,1150,0,CORRIDOR,POLICY_UNIVERSE,false
L7:T2:I18,7,T2,2026-05-14T11:06:00.000Z,2240,0,CORRIDOR,POLICY_UNIVERSE,false
L7:T2:I18,7,T2,2026-05-14T11:06:00.000Z,1990,0,CORRIDOR,POLICY_UNIVERSE,false
L7:T2:I18,7,T2,2026-05-14T11:06:00.000Z,121,0,CORRIDOR,POLICY_UNIVERSE,false
L7:T2:I18,7,T2,2026-05-14T11:06:00.000Z,2653,0,CORRIDOR,POLICY_UNIVERSE,false
L7:T2:I18,7,T2,2026-05-14T11:06:00.000Z,2919,0,CORRIDOR,POLICY_UNIVERSE,false
L7:T2:I18,7,T2,2026-05-14T11:06:00.000Z,34,0,CORRIDOR,POLICY_UNIVERSE,false
L7:T2:I18,7,T2,2026-05-14T11:06:00.000Z,1136,0,CORRIDOR,POLICY_UNIVERSE,false
L7:T2:I18,7,T2,2026-05-14T11:06:00.000Z,1419,0,CORRIDOR,POLICY_UNIVERSE,false
L7:T2:I18,7,T2,2026-05-14T11:06:00.000Z,982,0,CORRIDOR,POLICY_UNIVERSE,false
L7:T2:I18,7,T2,2026-05-14T11:06:00.000Z,810,0,CORRIDOR,POLICY_UNIVERSE,false
L7:T2:I18,7,T2,2026-05-14T11:06:00.000Z,1446,0,CORRIDOR,POLICY_UNIVERSE,false
L7:T2:I18,7,T2,2026-05-14T11:06:00.000Z,155,0,CORRIDOR,POLICY_UNIVERSE,false
L7:T2:I18,7,T2,2026-05-14T11:06:00.000Z,740,0,CORRIDOR,POLICY_UNIVERSE,false
L7:T2:I18,7,T2,2026-05-14T11:06:00.000Z,406,0,CORRIDOR,POLICY_UNIVERSE,false
L7:T2:I18,7,T2,2026-05-14T11:06:00.000Z,245,0,CORRIDOR,POLICY_UNIVERSE,true
L7:T2:I18,7,T2,2026-05-14T11:06:00.000Z,2459,2,STATE,POLICY_UNIVERSE,false
L7:T2:I18,7,T2,2026-05-14T11:06:00.000Z,2778,2,STATE,POLICY_UNIVERSE,false
L7:T2:I18,7,T2,2026-05-14T11:06:00.000Z,1602,2,STATE,POLICY_UNIVERSE,false
L7:T2:I18,7,T2,2026-05-14T11:06:00.000Z,501,2,STATE,POLICY_UNIVERSE,false
L7:T2:I18,7,T2,2026-05-14T11:06:00.000Z,2049,2,STATE,POLICY_UNIVERSE,false
L7:T2:I18,7,T2,2026-05-14T11:06:00.000Z,2637,2,STATE,POLICY_UNIVERSE,false
L7:T2:I18,7,T2,2026-05-14T11:06:00.000Z,2437,2,STATE,POLICY_UNIVERSE,false
L7:T2:I18,7,T2,2026-05-14T11:06:00.000Z,948,2,STATE,POLICY_UNIVERSE,false
L7:T2:I18,7,T2,2026-05-14T11:06:00.000Z,1082,2,STATE,POLICY_UNIVERSE,false
L7:T2:I18,7,T2,2026-05-14T11:06:00.000Z,1761,2,STATE,POLICY_UNIVERSE,false
L7:T2:I18,7,T2,2026-05-14T11:06:00.000Z,844,2,STATE,POLICY_UNIVERSE,false
L7:T2:I18,7,T2,2026-05-14T11:06:00.000Z,724,2,STATE,POLICY_UNIVERSE,false
L7:T2:I18,7,T2,2026-05-14T11:06:00.000Z,2668,2,STATE,POLICY_UNIVERSE,false
L7:T2:I18,7,T2,2026-05-14T11:06:00.000Z,1208,2,STATE,POLICY_UNIVERSE,false
L7:T2:I18,7,T2,2026-05-14T11:06:00.000Z,2268,2,STATE,POLICY_UNIVERSE,false
L7:T2:I18,7,T2,2026-05-14T11:06:00.000Z,2359,2,STATE,POLICY_UNIVERSE,false
L7:T2:I18,7,T2,2026-05-14T11:06:00.000Z,2914,2,STATE,POLICY_UNIVERSE,false
L7:T2:I18,7,T2,2026-05-14T11:06:00.000Z,589,2,STATE,POLICY_UNIVERSE,false
L7:T2:I18,7,T2,2026-05-14T11:06:00.000Z,2601,2,STATE,POLICY_UNIVERSE,false
L7:T2:I18,7,T2,2026-05-14T11:06:00.000Z,2856,2,STATE,POLICY_UNIVERSE,false
L7:T2:I18,7,T2,2026-05-14T11:06:00.000Z,2466,2,STATE,POLICY_UNIVERSE,false
L7:T2:I18,7,T2,2026-05-14T11:06:00.000Z,1448,2,STATE,POLICY_UNIVERSE,false
L7:T2:I18,7,T2,2026-05-14T11:06:00.000Z,2256,2,STATE,POLICY_UNIVERSE,false
L7:T2:I18,7,T2,2026-05-14T11:06:00.000Z,1459,2,STATE,POLICY_UNIVERSE,false
L7:T2:I18,7,T2,2026-05-14T11:06:00.000Z,86,2,STATE,POLICY_UNIVERSE,false
L7:T2:I18,7,T2,2026-05-14T11:06:00.000Z,2307,2,STATE,POLICY_UNIVERSE,false
L7:T2:I18,7,T2,2026-05-14T11:06:00.000Z,1500,2,STATE,POLICY_UNIVERSE,false
L7:T2:I18,7,T2,2026-05-14T11:06:00.000Z,1058,2,STATE,POLICY_UNIVERSE,false
L8:T0,8,T0,2025-05-05T00:00:00.000Z,746,0,MUNICIPALITY,POLICY_UNIVERSE,
L8:T0,8,T0,2025-05-05T00:00:00.000Z,27,0,MUNICIPALITY,POLICY_UNIVERSE,
L8:T0,8,T0,2025-05-05T00:00:00.000Z,2051,0,MUNICIPALITY,POLICY_UNIVERSE,
L8:T0,8,T0,2025-05-05T00:00:00.000Z,237,0,MUNICIPALITY,POLICY_UNIVERSE,
L8:T0,8,T0,2025-05-05T00:00:00.000Z,1226,0,MUNICIPALITY,POLICY_UNIVERSE,
L8:T0,8,T0,2025-05-05T00:00:00.000Z,2677,0,MUNICIPALITY,POLICY_UNIVERSE,
L8:T0,8,T0,2025-05-05T00:00:00.000Z,958,0,MUNICIPALITY,POLICY_UNIVERSE,
L8:T1:I27,8,T1,2025-05-07T07:10:37.000Z,746,0,MUNICIPALITY,POLICY_UNIVERSE,false
L8:T1:I27,8,T1,2025-05-07T07:10:37.000Z,27,0,MUNICIPALITY,POLICY_UNIVERSE,false
L8:T1:I27,8,T1,2025-05-07T07:10:37.000Z,2051,0,MUNICIPALITY,POLICY_UNIVERSE,false
L8:T1:I27,8,T1,2025-05-07T07:10:37.000Z,237,0,MUNICIPALITY,POLICY_UNIVERSE,false
L8:T1:I27,8,T1,2025-05-07T07:10:37.000Z,1226,0,MUNICIPALITY,POLICY_UNIVERSE,false
L8:T1:I27,8,T1,2025-05-07T07:10:37.000Z,2677,0,MUNICIPALITY,POLICY_UNIVERSE,false
L8:T1:I27,8,T1,2025-05-07T07:10:37.000Z,958,0,MUNICIPALITY,POLICY_UNIVERSE,true
L8:T2:I22,8,T2,2025-05-16T09:51:39.000Z,746,0,MUNICIPALITY,POLICY_UNIVERSE,false
L8:T2:I22,8,T2,2025-05-16T09:51:39.000Z,27,0,MUNICIPALITY,POLICY_UNIVERSE,false
L8:T2:I22,8,T2,2025-05-16T09:51:39.000Z,2051,0,MUNICIPALITY,POLICY_UNIVERSE,false
L8:T2:I22,8,T2,2025-05-16T09:51:39.000Z,237,0,MUNICIPALITY,POLICY_UNIVERSE,false
L8:T2:I22,8,T2,2025-05-16T09:51:39.000Z,1226,0,MUNICIPALITY,POLICY_UNIVERSE,false
L8:T2:I22,8,T2,2025-05-16T09:51:39.000Z,2677,0,MUNICIPALITY,POLICY_UNIVERSE,false
L8:T2:I22,8,T2,2025-05-16T09:51:39.000Z,958,0,MUNICIPALITY,POLICY_UNIVERSE,false
L8:T2:I22,8,T2,2025-05-16T09:51:39.000Z,1508,99,OBSERVED_OVERRIDE,OBSERVED_CURRENT_OVERRIDE,true
L8:T2:I25,8,T2,2025-05-18T12:57:59.000Z,746,0,MUNICIPALITY,POLICY_UNIVERSE,false
L8:T2:I25,8,T2,2025-05-18T12:57:59.000Z,27,0,MUNICIPALITY,POLICY_UNIVERSE,false
L8:T2:I25,8,T2,2025-05-18T12:57:59.000Z,2051,0,MUNICIPALITY,POLICY_UNIVERSE,false
L8:T2:I25,8,T2,2025-05-18T12:57:59.000Z,237,0,MUNICIPALITY,POLICY_UNIVERSE,false
L8:T2:I25,8,T2,2025-05-18T12:57:59.000Z,1226,0,MUNICIPALITY,POLICY_UNIVERSE,false
L8:T2:I25,8,T2,2025-05-18T12:57:59.000Z,2677,0,MUNICIPALITY,POLICY_UNIVERSE,false
L8:T2:I25,8,T2,2025-05-18T12:57:59.000Z,958,0,MUNICIPALITY,POLICY_UNIVERSE,false
L8:T2:I25,8,T2,2025-05-18T12:57:59.000Z,2182,99,OBSERVED_OVERRIDE,OBSERVED_CURRENT_OVERRIDE,true
L8:T2:I23,8,T2,2025-07-03T14:43:00.000Z,746,0,MUNICIPALITY,POLICY_UNIVERSE,false
L8:T2:I23,8,T2,2025-07-03T14:43:00.000Z,27,0,MUNICIPALITY,POLICY_UNIVERSE,false
L8:T2:I23,8,T2,2025-07-03T14:43:00.000Z,2051,0,MUNICIPALITY,POLICY_UNIVERSE,false
L8:T2:I23,8,T2,2025-07-03T14:43:00.000Z,237,0,MUNICIPALITY,POLICY_UNIVERSE,false
L8:T2:I23,8,T2,2025-07-03T14:43:00.000Z,1226,0,MUNICIPALITY,POLICY_UNIVERSE,false
L8:T2:I23,8,T2,2025-07-03T14:43:00.000Z,2677,0,MUNICIPALITY,POLICY_UNIVERSE,false
L8:T2:I23,8,T2,2025-07-03T14:43:00.000Z,958,0,MUNICIPALITY,POLICY_UNIVERSE,false
L8:T2:I23,8,T2,2025-07-03T14:43:00.000Z,2434,99,OBSERVED_OVERRIDE,OBSERVED_CURRENT_OVERRIDE,true
L8:T2:I28,8,T2,2025-10-20T18:10:00.000Z,746,0,MUNICIPALITY,POLICY_UNIVERSE,false
L8:T2:I28,8,T2,2025-10-20T18:10:00.000Z,27,0,MUNICIPALITY,POLICY_UNIVERSE,false
L8:T2:I28,8,T2,2025-10-20T18:10:00.000Z,2051,0,MUNICIPALITY,POLICY_UNIVERSE,false
L8:T2:I28,8,T2,2025-10-20T18:10:00.000Z,237,0,MUNICIPALITY,POLICY_UNIVERSE,false
L8:T2:I28,8,T2,2025-10-20T18:10:00.000Z,1226,0,MUNICIPALITY,POLICY_UNIVERSE,false
L8:T2:I28,8,T2,2025-10-20T18:10:00.000Z,2677,0,MUNICIPALITY,POLICY_UNIVERSE,false
L8:T2:I28,8,T2,2025-10-20T18:10:00.000Z,958,0,MUNICIPALITY,POLICY_UNIVERSE,false
L8:T2:I28,8,T2,2025-10-20T18:10:00.000Z,1171,99,OBSERVED_OVERRIDE,OBSERVED_CURRENT_OVERRIDE,true
L8:T2:I29,8,T2,2025-11-15T13:54:00.000Z,746,0,MUNICIPALITY,POLICY_UNIVERSE,false
L8:T2:I29,8,T2,2025-11-15T13:54:00.000Z,27,0,MUNICIPALITY,POLICY_UNIVERSE,false
L8:T2:I29,8,T2,2025-11-15T13:54:00.000Z,2051,0,MUNICIPALITY,POLICY_UNIVERSE,false
L8:T2:I29,8,T2,2025-11-15T13:54:00.000Z,237,0,MUNICIPALITY,POLICY_UNIVERSE,false
L8:T2:I29,8,T2,2025-11-15T13:54:00.000Z,1226,0,MUNICIPALITY,POLICY_UNIVERSE,false
L8:T2:I29,8,T2,2025-11-15T13:54:00.000Z,2677,0,MUNICIPALITY,POLICY_UNIVERSE,false
L8:T2:I29,8,T2,2025-11-15T13:54:00.000Z,958,0,MUNICIPALITY,POLICY_UNIVERSE,false
L8:T2:I29,8,T2,2025-11-15T13:54:00.000Z,2618,99,OBSERVED_OVERRIDE,OBSERVED_CURRENT_OVERRIDE,true
L8:T2:I24,8,T2,2026-01-02T19:23:00.000Z,746,0,MUNICIPALITY,POLICY_UNIVERSE,false
L8:T2:I24,8,T2,2026-01-02T19:23:00.000Z,27,0,MUNICIPALITY,POLICY_UNIVERSE,false
L8:T2:I24,8,T2,2026-01-02T19:23:00.000Z,2051,0,MUNICIPALITY,POLICY_UNIVERSE,false
L8:T2:I24,8,T2,2026-01-02T19:23:00.000Z,237,0,MUNICIPALITY,POLICY_UNIVERSE,false
L8:T2:I24,8,T2,2026-01-02T19:23:00.000Z,1226,0,MUNICIPALITY,POLICY_UNIVERSE,false
L8:T2:I24,8,T2,2026-01-02T19:23:00.000Z,2677,0,MUNICIPALITY,POLICY_UNIVERSE,false
L8:T2:I24,8,T2,2026-01-02T19:23:00.000Z,958,0,MUNICIPALITY,POLICY_UNIVERSE,false
L8:T2:I24,8,T2,2026-01-02T19:23:00.000Z,2782,99,OBSERVED_OVERRIDE,OBSERVED_CURRENT_OVERRIDE,true
L8:T2:I26,8,T2,2026-02-04T11:22:00.000Z,746,0,MUNICIPALITY,POLICY_UNIVERSE,false
L8:T2:I26,8,T2,2026-02-04T11:22:00.000Z,27,0,MUNICIPALITY,POLICY_UNIVERSE,false
L8:T2:I26,8,T2,2026-02-04T11:22:00.000Z,2051,0,MUNICIPALITY,POLICY_UNIVERSE,false
L8:T2:I26,8,T2,2026-02-04T11:22:00.000Z,237,0,MUNICIPALITY,POLICY_UNIVERSE,false
L8:T2:I26,8,T2,2026-02-04T11:22:00.000Z,1226,0,MUNICIPALITY,POLICY_UNIVERSE,false
L8:T2:I26,8,T2,2026-02-04T11:22:00.000Z,2677,0,MUNICIPALITY,POLICY_UNIVERSE,false
L8:T2:I26,8,T2,2026-02-04T11:22:00.000Z,958,0,MUNICIPALITY,POLICY_UNIVERSE,false
L8:T2:I26,8,T2,2026-02-04T11:22:00.000Z,1672,0,MUNICIPALITY,POLICY_UNIVERSE,false
L8:T2:I26,8,T2,2026-02-04T11:22:00.000Z,2103,0,MUNICIPALITY,POLICY_UNIVERSE,false
L8:T2:I26,8,T2,2026-02-04T11:22:00.000Z,2035,99,OBSERVED_OVERRIDE,OBSERVED_CURRENT_OVERRIDE,true
L9:T0,9,T0,2026-02-03T00:00:00.000Z,2032,0,CORRIDOR,POLICY_UNIVERSE,
L9:T0,9,T0,2026-02-03T00:00:00.000Z,2363,0,CORRIDOR,POLICY_UNIVERSE,
L9:T0,9,T0,2026-02-03T00:00:00.000Z,868,0,CORRIDOR,POLICY_UNIVERSE,
L9:T0,9,T0,2026-02-03T00:00:00.000Z,698,0,CORRIDOR,POLICY_UNIVERSE,
L9:T0,9,T0,2026-02-03T00:00:00.000Z,1607,0,CORRIDOR,POLICY_UNIVERSE,
L9:T0,9,T0,2026-02-03T00:00:00.000Z,1303,0,CORRIDOR,POLICY_UNIVERSE,
L9:T0,9,T0,2026-02-03T00:00:00.000Z,1985,0,CORRIDOR,POLICY_UNIVERSE,
L9:T0,9,T0,2026-02-03T00:00:00.000Z,2636,0,CORRIDOR,POLICY_UNIVERSE,
L9:T0,9,T0,2026-02-03T00:00:00.000Z,84,0,CORRIDOR,POLICY_UNIVERSE,
L9:T0,9,T0,2026-02-03T00:00:00.000Z,613,0,CORRIDOR,POLICY_UNIVERSE,
L9:T0,9,T0,2026-02-03T00:00:00.000Z,2180,0,CORRIDOR,POLICY_UNIVERSE,
L9:T0,9,T0,2026-02-03T00:00:00.000Z,1225,0,CORRIDOR,POLICY_UNIVERSE,
L9:T0,9,T0,2026-02-03T00:00:00.000Z,679,0,CORRIDOR,POLICY_UNIVERSE,
L9:T0,9,T0,2026-02-03T00:00:00.000Z,60,0,CORRIDOR,POLICY_UNIVERSE,
L9:T0,9,T0,2026-02-03T00:00:00.000Z,1743,0,CORRIDOR,POLICY_UNIVERSE,
L9:T0,9,T0,2026-02-03T00:00:00.000Z,251,0,CORRIDOR,POLICY_UNIVERSE,
L9:T0,9,T0,2026-02-03T00:00:00.000Z,1700,0,CORRIDOR,POLICY_UNIVERSE,
L9:T0,9,T0,2026-02-03T00:00:00.000Z,253,0,CORRIDOR,POLICY_UNIVERSE,
L9:T0,9,T0,2026-02-03T00:00:00.000Z,676,0,CORRIDOR,POLICY_UNIVERSE,
L9:T0,9,T0,2026-02-03T00:00:00.000Z,763,0,CORRIDOR,POLICY_UNIVERSE,
L9:T0,9,T0,2026-02-03T00:00:00.000Z,2166,0,CORRIDOR,POLICY_UNIVERSE,
L9:T0,9,T0,2026-02-03T00:00:00.000Z,304,0,CORRIDOR,POLICY_UNIVERSE,
L9:T0,9,T0,2026-02-03T00:00:00.000Z,1838,0,CORRIDOR,POLICY_UNIVERSE,
L9:T0,9,T0,2026-02-03T00:00:00.000Z,376,2,STATE,POLICY_UNIVERSE,
L9:T0,9,T0,2026-02-03T00:00:00.000Z,1544,2,STATE,POLICY_UNIVERSE,
L9:T0,9,T0,2026-02-03T00:00:00.000Z,1395,2,STATE,POLICY_UNIVERSE,
L9:T0,9,T0,2026-02-03T00:00:00.000Z,2651,2,STATE,POLICY_UNIVERSE,
L9:T0,9,T0,2026-02-03T00:00:00.000Z,879,2,STATE,POLICY_UNIVERSE,
L9:T0,9,T0,2026-02-03T00:00:00.000Z,1639,2,STATE,POLICY_UNIVERSE,
L9:T0,9,T0,2026-02-03T00:00:00.000Z,2915,2,STATE,POLICY_UNIVERSE,
L9:T0,9,T0,2026-02-03T00:00:00.000Z,153,2,STATE,POLICY_UNIVERSE,
L9:T0,9,T0,2026-02-03T00:00:00.000Z,1610,2,STATE,POLICY_UNIVERSE,
L9:T0,9,T0,2026-02-03T00:00:00.000Z,1592,2,STATE,POLICY_UNIVERSE,
L9:T0,9,T0,2026-02-03T00:00:00.000Z,1337,2,STATE,POLICY_UNIVERSE,
L9:T0,9,T0,2026-02-03T00:00:00.000Z,2501,2,STATE,POLICY_UNIVERSE,
L9:T0,9,T0,2026-02-03T00:00:00.000Z,1429,2,STATE,POLICY_UNIVERSE,
L9:T0,9,T0,2026-02-03T00:00:00.000Z,1465,2,STATE,POLICY_UNIVERSE,
L9:T0,9,T0,2026-02-03T00:00:00.000Z,867,2,STATE,POLICY_UNIVERSE,
L9:T0,9,T0,2026-02-03T00:00:00.000Z,208,2,STATE,POLICY_UNIVERSE,
L9:T0,9,T0,2026-02-03T00:00:00.000Z,1331,2,STATE,POLICY_UNIVERSE,
L9:T0,9,T0,2026-02-03T00:00:00.000Z,1920,2,STATE,POLICY_UNIVERSE,
L9:T0,9,T0,2026-02-03T00:00:00.000Z,2016,2,STATE,POLICY_UNIVERSE,
L9:T0,9,T0,2026-02-03T00:00:00.000Z,2207,2,STATE,POLICY_UNIVERSE,
L9:T0,9,T0,2026-02-03T00:00:00.000Z,216,2,STATE,POLICY_UNIVERSE,
L9:T0,9,T0,2026-02-03T00:00:00.000Z,342,2,STATE,POLICY_UNIVERSE,
L9:T1:I30,9,T1,2026-02-03T07:57:46.000Z,2032,0,CORRIDOR,POLICY_UNIVERSE,false
L9:T1:I30,9,T1,2026-02-03T07:57:46.000Z,2363,0,CORRIDOR,POLICY_UNIVERSE,false
L9:T1:I30,9,T1,2026-02-03T07:57:46.000Z,868,0,CORRIDOR,POLICY_UNIVERSE,false
L9:T1:I30,9,T1,2026-02-03T07:57:46.000Z,698,0,CORRIDOR,POLICY_UNIVERSE,false
L9:T1:I30,9,T1,2026-02-03T07:57:46.000Z,1607,0,CORRIDOR,POLICY_UNIVERSE,false
L9:T1:I30,9,T1,2026-02-03T07:57:46.000Z,1303,0,CORRIDOR,POLICY_UNIVERSE,false
L9:T1:I30,9,T1,2026-02-03T07:57:46.000Z,1985,0,CORRIDOR,POLICY_UNIVERSE,false
L9:T1:I30,9,T1,2026-02-03T07:57:46.000Z,2636,0,CORRIDOR,POLICY_UNIVERSE,false
L9:T1:I30,9,T1,2026-02-03T07:57:46.000Z,84,0,CORRIDOR,POLICY_UNIVERSE,false
L9:T1:I30,9,T1,2026-02-03T07:57:46.000Z,613,0,CORRIDOR,POLICY_UNIVERSE,false
L9:T1:I30,9,T1,2026-02-03T07:57:46.000Z,2180,0,CORRIDOR,POLICY_UNIVERSE,false
L9:T1:I30,9,T1,2026-02-03T07:57:46.000Z,1225,0,CORRIDOR,POLICY_UNIVERSE,false
L9:T1:I30,9,T1,2026-02-03T07:57:46.000Z,679,0,CORRIDOR,POLICY_UNIVERSE,false
L9:T1:I30,9,T1,2026-02-03T07:57:46.000Z,60,0,CORRIDOR,POLICY_UNIVERSE,false
L9:T1:I30,9,T1,2026-02-03T07:57:46.000Z,1743,0,CORRIDOR,POLICY_UNIVERSE,false
L9:T1:I30,9,T1,2026-02-03T07:57:46.000Z,251,0,CORRIDOR,POLICY_UNIVERSE,false
L9:T1:I30,9,T1,2026-02-03T07:57:46.000Z,1700,0,CORRIDOR,POLICY_UNIVERSE,false
L9:T1:I30,9,T1,2026-02-03T07:57:46.000Z,253,0,CORRIDOR,POLICY_UNIVERSE,false
L9:T1:I30,9,T1,2026-02-03T07:57:46.000Z,676,0,CORRIDOR,POLICY_UNIVERSE,false
L9:T1:I30,9,T1,2026-02-03T07:57:46.000Z,763,0,CORRIDOR,POLICY_UNIVERSE,false
L9:T1:I30,9,T1,2026-02-03T07:57:46.000Z,2166,0,CORRIDOR,POLICY_UNIVERSE,false
L9:T1:I30,9,T1,2026-02-03T07:57:46.000Z,304,0,CORRIDOR,POLICY_UNIVERSE,false
L9:T1:I30,9,T1,2026-02-03T07:57:46.000Z,1838,0,CORRIDOR,POLICY_UNIVERSE,false
L9:T1:I30,9,T1,2026-02-03T07:57:46.000Z,376,2,STATE,POLICY_UNIVERSE,false
L9:T1:I30,9,T1,2026-02-03T07:57:46.000Z,1544,2,STATE,POLICY_UNIVERSE,false
L9:T1:I30,9,T1,2026-02-03T07:57:46.000Z,1395,2,STATE,POLICY_UNIVERSE,false
L9:T1:I30,9,T1,2026-02-03T07:57:46.000Z,2651,2,STATE,POLICY_UNIVERSE,false
L9:T1:I30,9,T1,2026-02-03T07:57:46.000Z,879,2,STATE,POLICY_UNIVERSE,false
L9:T1:I30,9,T1,2026-02-03T07:57:46.000Z,1639,2,STATE,POLICY_UNIVERSE,false
L9:T1:I30,9,T1,2026-02-03T07:57:46.000Z,2915,2,STATE,POLICY_UNIVERSE,false
L9:T1:I30,9,T1,2026-02-03T07:57:46.000Z,153,2,STATE,POLICY_UNIVERSE,false
L9:T1:I30,9,T1,2026-02-03T07:57:46.000Z,1610,2,STATE,POLICY_UNIVERSE,false
L9:T1:I30,9,T1,2026-02-03T07:57:46.000Z,1592,2,STATE,POLICY_UNIVERSE,false
L9:T1:I30,9,T1,2026-02-03T07:57:46.000Z,1337,2,STATE,POLICY_UNIVERSE,false
L9:T1:I30,9,T1,2026-02-03T07:57:46.000Z,2501,2,STATE,POLICY_UNIVERSE,false
L9:T1:I30,9,T1,2026-02-03T07:57:46.000Z,1429,2,STATE,POLICY_UNIVERSE,false
L9:T1:I30,9,T1,2026-02-03T07:57:46.000Z,1465,2,STATE,POLICY_UNIVERSE,false
L9:T1:I30,9,T1,2026-02-03T07:57:46.000Z,867,2,STATE,POLICY_UNIVERSE,false
L9:T1:I30,9,T1,2026-02-03T07:57:46.000Z,208,2,STATE,POLICY_UNIVERSE,false
L9:T1:I30,9,T1,2026-02-03T07:57:46.000Z,1331,2,STATE,POLICY_UNIVERSE,false
L9:T1:I30,9,T1,2026-02-03T07:57:46.000Z,1920,2,STATE,POLICY_UNIVERSE,false
L9:T1:I30,9,T1,2026-02-03T07:57:46.000Z,2016,2,STATE,POLICY_UNIVERSE,false
L9:T1:I30,9,T1,2026-02-03T07:57:46.000Z,2207,2,STATE,POLICY_UNIVERSE,false
L9:T1:I30,9,T1,2026-02-03T07:57:46.000Z,216,2,STATE,POLICY_UNIVERSE,false
L9:T1:I30,9,T1,2026-02-03T07:57:46.000Z,342,2,STATE,POLICY_UNIVERSE,false
L9:T1:I30,9,T1,2026-02-03T07:57:46.000Z,378,99,OBSERVED_OVERRIDE,OBSERVED_CURRENT_OVERRIDE,true
L9:T2:I32,9,T2,2026-02-06T10:21:57.000Z,2032,0,CORRIDOR,POLICY_UNIVERSE,false
L9:T2:I32,9,T2,2026-02-06T10:21:57.000Z,2363,0,CORRIDOR,POLICY_UNIVERSE,false
L9:T2:I32,9,T2,2026-02-06T10:21:57.000Z,868,0,CORRIDOR,POLICY_UNIVERSE,false
L9:T2:I32,9,T2,2026-02-06T10:21:57.000Z,698,0,CORRIDOR,POLICY_UNIVERSE,false
L9:T2:I32,9,T2,2026-02-06T10:21:57.000Z,1607,0,CORRIDOR,POLICY_UNIVERSE,false
L9:T2:I32,9,T2,2026-02-06T10:21:57.000Z,1303,0,CORRIDOR,POLICY_UNIVERSE,false
L9:T2:I32,9,T2,2026-02-06T10:21:57.000Z,1985,0,CORRIDOR,POLICY_UNIVERSE,false
L9:T2:I32,9,T2,2026-02-06T10:21:57.000Z,2636,0,CORRIDOR,POLICY_UNIVERSE,false
L9:T2:I32,9,T2,2026-02-06T10:21:57.000Z,84,0,CORRIDOR,POLICY_UNIVERSE,false
L9:T2:I32,9,T2,2026-02-06T10:21:57.000Z,613,0,CORRIDOR,POLICY_UNIVERSE,false
L9:T2:I32,9,T2,2026-02-06T10:21:57.000Z,2180,0,CORRIDOR,POLICY_UNIVERSE,false
L9:T2:I32,9,T2,2026-02-06T10:21:57.000Z,1225,0,CORRIDOR,POLICY_UNIVERSE,false
L9:T2:I32,9,T2,2026-02-06T10:21:57.000Z,679,0,CORRIDOR,POLICY_UNIVERSE,false
L9:T2:I32,9,T2,2026-02-06T10:21:57.000Z,60,0,CORRIDOR,POLICY_UNIVERSE,false
L9:T2:I32,9,T2,2026-02-06T10:21:57.000Z,1743,0,CORRIDOR,POLICY_UNIVERSE,false
L9:T2:I32,9,T2,2026-02-06T10:21:57.000Z,251,0,CORRIDOR,POLICY_UNIVERSE,false
L9:T2:I32,9,T2,2026-02-06T10:21:57.000Z,1700,0,CORRIDOR,POLICY_UNIVERSE,false
L9:T2:I32,9,T2,2026-02-06T10:21:57.000Z,253,0,CORRIDOR,POLICY_UNIVERSE,false
L9:T2:I32,9,T2,2026-02-06T10:21:57.000Z,676,0,CORRIDOR,POLICY_UNIVERSE,false
L9:T2:I32,9,T2,2026-02-06T10:21:57.000Z,763,0,CORRIDOR,POLICY_UNIVERSE,false
L9:T2:I32,9,T2,2026-02-06T10:21:57.000Z,2166,0,CORRIDOR,POLICY_UNIVERSE,false
L9:T2:I32,9,T2,2026-02-06T10:21:57.000Z,304,0,CORRIDOR,POLICY_UNIVERSE,false
L9:T2:I32,9,T2,2026-02-06T10:21:57.000Z,1838,0,CORRIDOR,POLICY_UNIVERSE,false
L9:T2:I32,9,T2,2026-02-06T10:21:57.000Z,376,2,STATE,POLICY_UNIVERSE,false
L9:T2:I32,9,T2,2026-02-06T10:21:57.000Z,1544,2,STATE,POLICY_UNIVERSE,false
L9:T2:I32,9,T2,2026-02-06T10:21:57.000Z,1395,2,STATE,POLICY_UNIVERSE,false
L9:T2:I32,9,T2,2026-02-06T10:21:57.000Z,2651,2,STATE,POLICY_UNIVERSE,false
L9:T2:I32,9,T2,2026-02-06T10:21:57.000Z,879,2,STATE,POLICY_UNIVERSE,false
L9:T2:I32,9,T2,2026-02-06T10:21:57.000Z,1639,2,STATE,POLICY_UNIVERSE,false
L9:T2:I32,9,T2,2026-02-06T10:21:57.000Z,2915,2,STATE,POLICY_UNIVERSE,false
L9:T2:I32,9,T2,2026-02-06T10:21:57.000Z,153,2,STATE,POLICY_UNIVERSE,false
L9:T2:I32,9,T2,2026-02-06T10:21:57.000Z,1610,2,STATE,POLICY_UNIVERSE,false
L9:T2:I32,9,T2,2026-02-06T10:21:57.000Z,1592,2,STATE,POLICY_UNIVERSE,false
L9:T2:I32,9,T2,2026-02-06T10:21:57.000Z,1337,2,STATE,POLICY_UNIVERSE,false
L9:T2:I32,9,T2,2026-02-06T10:21:57.000Z,2501,2,STATE,POLICY_UNIVERSE,false
L9:T2:I32,9,T2,2026-02-06T10:21:57.000Z,1429,2,STATE,POLICY_UNIVERSE,false
L9:T2:I32,9,T2,2026-02-06T10:21:57.000Z,1465,2,STATE,POLICY_UNIVERSE,false
L9:T2:I32,9,T2,2026-02-06T10:21:57.000Z,867,2,STATE,POLICY_UNIVERSE,false
L9:T2:I32,9,T2,2026-02-06T10:21:57.000Z,208,2,STATE,POLICY_UNIVERSE,false
L9:T2:I32,9,T2,2026-02-06T10:21:57.000Z,1331,2,STATE,POLICY_UNIVERSE,false
L9:T2:I32,9,T2,2026-02-06T10:21:57.000Z,1920,2,STATE,POLICY_UNIVERSE,false
L9:T2:I32,9,T2,2026-02-06T10:21:57.000Z,2016,2,STATE,POLICY_UNIVERSE,false
L9:T2:I32,9,T2,2026-02-06T10:21:57.000Z,2207,2,STATE,POLICY_UNIVERSE,false
L9:T2:I32,9,T2,2026-02-06T10:21:57.000Z,216,2,STATE,POLICY_UNIVERSE,false
L9:T2:I32,9,T2,2026-02-06T10:21:57.000Z,342,2,STATE,POLICY_UNIVERSE,false
L9:T2:I32,9,T2,2026-02-06T10:21:57.000Z,1360,99,OBSERVED_OVERRIDE,OBSERVED_CURRENT_OVERRIDE,true
L9:T2:I33,9,T2,2026-02-06T18:15:24.000Z,2032,0,CORRIDOR,POLICY_UNIVERSE,false
L9:T2:I33,9,T2,2026-02-06T18:15:24.000Z,2363,0,CORRIDOR,POLICY_UNIVERSE,false
L9:T2:I33,9,T2,2026-02-06T18:15:24.000Z,868,0,CORRIDOR,POLICY_UNIVERSE,false
L9:T2:I33,9,T2,2026-02-06T18:15:24.000Z,698,0,CORRIDOR,POLICY_UNIVERSE,false
L9:T2:I33,9,T2,2026-02-06T18:15:24.000Z,1607,0,CORRIDOR,POLICY_UNIVERSE,false
L9:T2:I33,9,T2,2026-02-06T18:15:24.000Z,1303,0,CORRIDOR,POLICY_UNIVERSE,false
L9:T2:I33,9,T2,2026-02-06T18:15:24.000Z,1985,0,CORRIDOR,POLICY_UNIVERSE,false
L9:T2:I33,9,T2,2026-02-06T18:15:24.000Z,2636,0,CORRIDOR,POLICY_UNIVERSE,false
L9:T2:I33,9,T2,2026-02-06T18:15:24.000Z,84,0,CORRIDOR,POLICY_UNIVERSE,false
L9:T2:I33,9,T2,2026-02-06T18:15:24.000Z,613,0,CORRIDOR,POLICY_UNIVERSE,false
L9:T2:I33,9,T2,2026-02-06T18:15:24.000Z,2180,0,CORRIDOR,POLICY_UNIVERSE,false
L9:T2:I33,9,T2,2026-02-06T18:15:24.000Z,1225,0,CORRIDOR,POLICY_UNIVERSE,false
L9:T2:I33,9,T2,2026-02-06T18:15:24.000Z,679,0,CORRIDOR,POLICY_UNIVERSE,false
L9:T2:I33,9,T2,2026-02-06T18:15:24.000Z,60,0,CORRIDOR,POLICY_UNIVERSE,false
L9:T2:I33,9,T2,2026-02-06T18:15:24.000Z,1743,0,CORRIDOR,POLICY_UNIVERSE,false
L9:T2:I33,9,T2,2026-02-06T18:15:24.000Z,251,0,CORRIDOR,POLICY_UNIVERSE,false
L9:T2:I33,9,T2,2026-02-06T18:15:24.000Z,1700,0,CORRIDOR,POLICY_UNIVERSE,false
L9:T2:I33,9,T2,2026-02-06T18:15:24.000Z,253,0,CORRIDOR,POLICY_UNIVERSE,false
L9:T2:I33,9,T2,2026-02-06T18:15:24.000Z,676,0,CORRIDOR,POLICY_UNIVERSE,false
L9:T2:I33,9,T2,2026-02-06T18:15:24.000Z,763,0,CORRIDOR,POLICY_UNIVERSE,false
L9:T2:I33,9,T2,2026-02-06T18:15:24.000Z,2166,0,CORRIDOR,POLICY_UNIVERSE,false
L9:T2:I33,9,T2,2026-02-06T18:15:24.000Z,304,0,CORRIDOR,POLICY_UNIVERSE,false
L9:T2:I33,9,T2,2026-02-06T18:15:24.000Z,1838,0,CORRIDOR,POLICY_UNIVERSE,false
L9:T2:I33,9,T2,2026-02-06T18:15:24.000Z,376,2,STATE,POLICY_UNIVERSE,false
L9:T2:I33,9,T2,2026-02-06T18:15:24.000Z,1544,2,STATE,POLICY_UNIVERSE,false
L9:T2:I33,9,T2,2026-02-06T18:15:24.000Z,1395,2,STATE,POLICY_UNIVERSE,false
L9:T2:I33,9,T2,2026-02-06T18:15:24.000Z,2651,2,STATE,POLICY_UNIVERSE,false
L9:T2:I33,9,T2,2026-02-06T18:15:24.000Z,879,2,STATE,POLICY_UNIVERSE,false
L9:T2:I33,9,T2,2026-02-06T18:15:24.000Z,1639,2,STATE,POLICY_UNIVERSE,false
L9:T2:I33,9,T2,2026-02-06T18:15:24.000Z,2915,2,STATE,POLICY_UNIVERSE,false
L9:T2:I33,9,T2,2026-02-06T18:15:24.000Z,153,2,STATE,POLICY_UNIVERSE,false
L9:T2:I33,9,T2,2026-02-06T18:15:24.000Z,1610,2,STATE,POLICY_UNIVERSE,false
L9:T2:I33,9,T2,2026-02-06T18:15:24.000Z,1592,2,STATE,POLICY_UNIVERSE,false
L9:T2:I33,9,T2,2026-02-06T18:15:24.000Z,1337,2,STATE,POLICY_UNIVERSE,false
L9:T2:I33,9,T2,2026-02-06T18:15:24.000Z,2501,2,STATE,POLICY_UNIVERSE,false
L9:T2:I33,9,T2,2026-02-06T18:15:24.000Z,1429,2,STATE,POLICY_UNIVERSE,false
L9:T2:I33,9,T2,2026-02-06T18:15:24.000Z,1465,2,STATE,POLICY_UNIVERSE,false
L9:T2:I33,9,T2,2026-02-06T18:15:24.000Z,867,2,STATE,POLICY_UNIVERSE,false
L9:T2:I33,9,T2,2026-02-06T18:15:24.000Z,208,2,STATE,POLICY_UNIVERSE,false
L9:T2:I33,9,T2,2026-02-06T18:15:24.000Z,1331,2,STATE,POLICY_UNIVERSE,false
L9:T2:I33,9,T2,2026-02-06T18:15:24.000Z,1920,2,STATE,POLICY_UNIVERSE,false
L9:T2:I33,9,T2,2026-02-06T18:15:24.000Z,2016,2,STATE,POLICY_UNIVERSE,false
L9:T2:I33,9,T2,2026-02-06T18:15:24.000Z,2207,2,STATE,POLICY_UNIVERSE,false
L9:T2:I33,9,T2,2026-02-06T18:15:24.000Z,216,2,STATE,POLICY_UNIVERSE,false
L9:T2:I33,9,T2,2026-02-06T18:15:24.000Z,342,2,STATE,POLICY_UNIVERSE,false
L9:T2:I33,9,T2,2026-02-06T18:15:24.000Z,540,99,OBSERVED_OVERRIDE,OBSERVED_CURRENT_OVERRIDE,true
L9:T2:I31,9,T2,2026-02-09T14:23:54.000Z,2032,0,CORRIDOR,POLICY_UNIVERSE,false
L9:T2:I31,9,T2,2026-02-09T14:23:54.000Z,2363,0,CORRIDOR,POLICY_UNIVERSE,false
L9:T2:I31,9,T2,2026-02-09T14:23:54.000Z,868,0,CORRIDOR,POLICY_UNIVERSE,false
L9:T2:I31,9,T2,2026-02-09T14:23:54.000Z,698,0,CORRIDOR,POLICY_UNIVERSE,false
L9:T2:I31,9,T2,2026-02-09T14:23:54.000Z,1607,0,CORRIDOR,POLICY_UNIVERSE,false
L9:T2:I31,9,T2,2026-02-09T14:23:54.000Z,1303,0,CORRIDOR,POLICY_UNIVERSE,false
L9:T2:I31,9,T2,2026-02-09T14:23:54.000Z,1985,0,CORRIDOR,POLICY_UNIVERSE,false
L9:T2:I31,9,T2,2026-02-09T14:23:54.000Z,2636,0,CORRIDOR,POLICY_UNIVERSE,false
L9:T2:I31,9,T2,2026-02-09T14:23:54.000Z,84,0,CORRIDOR,POLICY_UNIVERSE,false
L9:T2:I31,9,T2,2026-02-09T14:23:54.000Z,613,0,CORRIDOR,POLICY_UNIVERSE,false
L9:T2:I31,9,T2,2026-02-09T14:23:54.000Z,2180,0,CORRIDOR,POLICY_UNIVERSE,false
L9:T2:I31,9,T2,2026-02-09T14:23:54.000Z,1225,0,CORRIDOR,POLICY_UNIVERSE,false
L9:T2:I31,9,T2,2026-02-09T14:23:54.000Z,679,0,CORRIDOR,POLICY_UNIVERSE,false
L9:T2:I31,9,T2,2026-02-09T14:23:54.000Z,60,0,CORRIDOR,POLICY_UNIVERSE,false
L9:T2:I31,9,T2,2026-02-09T14:23:54.000Z,1743,0,CORRIDOR,POLICY_UNIVERSE,false
L9:T2:I31,9,T2,2026-02-09T14:23:54.000Z,251,0,CORRIDOR,POLICY_UNIVERSE,false
L9:T2:I31,9,T2,2026-02-09T14:23:54.000Z,1700,0,CORRIDOR,POLICY_UNIVERSE,false
L9:T2:I31,9,T2,2026-02-09T14:23:54.000Z,253,0,CORRIDOR,POLICY_UNIVERSE,false
L9:T2:I31,9,T2,2026-02-09T14:23:54.000Z,676,0,CORRIDOR,POLICY_UNIVERSE,false
L9:T2:I31,9,T2,2026-02-09T14:23:54.000Z,763,0,CORRIDOR,POLICY_UNIVERSE,false
L9:T2:I31,9,T2,2026-02-09T14:23:54.000Z,2166,0,CORRIDOR,POLICY_UNIVERSE,false
L9:T2:I31,9,T2,2026-02-09T14:23:54.000Z,304,0,CORRIDOR,POLICY_UNIVERSE,false
L9:T2:I31,9,T2,2026-02-09T14:23:54.000Z,1838,0,CORRIDOR,POLICY_UNIVERSE,false
L9:T2:I31,9,T2,2026-02-09T14:23:54.000Z,376,2,STATE,POLICY_UNIVERSE,false
L9:T2:I31,9,T2,2026-02-09T14:23:54.000Z,1544,2,STATE,POLICY_UNIVERSE,false
L9:T2:I31,9,T2,2026-02-09T14:23:54.000Z,1395,2,STATE,POLICY_UNIVERSE,false
L9:T2:I31,9,T2,2026-02-09T14:23:54.000Z,2651,2,STATE,POLICY_UNIVERSE,false
L9:T2:I31,9,T2,2026-02-09T14:23:54.000Z,879,2,STATE,POLICY_UNIVERSE,false
L9:T2:I31,9,T2,2026-02-09T14:23:54.000Z,1639,2,STATE,POLICY_UNIVERSE,false
L9:T2:I31,9,T2,2026-02-09T14:23:54.000Z,2915,2,STATE,POLICY_UNIVERSE,false
L9:T2:I31,9,T2,2026-02-09T14:23:54.000Z,153,2,STATE,POLICY_UNIVERSE,false
L9:T2:I31,9,T2,2026-02-09T14:23:54.000Z,1610,2,STATE,POLICY_UNIVERSE,false
L9:T2:I31,9,T2,2026-02-09T14:23:54.000Z,1592,2,STATE,POLICY_UNIVERSE,false
L9:T2:I31,9,T2,2026-02-09T14:23:54.000Z,1337,2,STATE,POLICY_UNIVERSE,false
L9:T2:I31,9,T2,2026-02-09T14:23:54.000Z,2501,2,STATE,POLICY_UNIVERSE,false
L9:T2:I31,9,T2,2026-02-09T14:23:54.000Z,1429,2,STATE,POLICY_UNIVERSE,false
L9:T2:I31,9,T2,2026-02-09T14:23:54.000Z,1465,2,STATE,POLICY_UNIVERSE,false
L9:T2:I31,9,T2,2026-02-09T14:23:54.000Z,867,2,STATE,POLICY_UNIVERSE,false
L9:T2:I31,9,T2,2026-02-09T14:23:54.000Z,208,2,STATE,POLICY_UNIVERSE,false
L9:T2:I31,9,T2,2026-02-09T14:23:54.000Z,1331,2,STATE,POLICY_UNIVERSE,false
L9:T2:I31,9,T2,2026-02-09T14:23:54.000Z,1920,2,STATE,POLICY_UNIVERSE,false
L9:T2:I31,9,T2,2026-02-09T14:23:54.000Z,2016,2,STATE,POLICY_UNIVERSE,false
L9:T2:I31,9,T2,2026-02-09T14:23:54.000Z,2207,2,STATE,POLICY_UNIVERSE,false
L9:T2:I31,9,T2,2026-02-09T14:23:54.000Z,216,2,STATE,POLICY_UNIVERSE,false
L9:T2:I31,9,T2,2026-02-09T14:23:54.000Z,342,2,STATE,POLICY_UNIVERSE,false
L9:T2:I31,9,T2,2026-02-09T14:23:54.000Z,1980,99,OBSERVED_OVERRIDE,OBSERVED_CURRENT_OVERRIDE,true
L10:T0,10,T0,2026-03-20T00:00:00.000Z,2956,0,CORRIDOR,POLICY_UNIVERSE,
L10:T0,10,T0,2026-03-20T00:00:00.000Z,1631,0,CORRIDOR,POLICY_UNIVERSE,
L10:T0,10,T0,2026-03-20T00:00:00.000Z,2828,0,CORRIDOR,POLICY_UNIVERSE,
L10:T0,10,T0,2026-03-20T00:00:00.000Z,1471,0,CORRIDOR,POLICY_UNIVERSE,
L10:T0,10,T0,2026-03-20T00:00:00.000Z,24,0,CORRIDOR,POLICY_UNIVERSE,
L10:T0,10,T0,2026-03-20T00:00:00.000Z,1428,0,CORRIDOR,POLICY_UNIVERSE,
L10:T0,10,T0,2026-03-20T00:00:00.000Z,515,0,CORRIDOR,POLICY_UNIVERSE,
L10:T0,10,T0,2026-03-20T00:00:00.000Z,2521,0,CORRIDOR,POLICY_UNIVERSE,
L10:T0,10,T0,2026-03-20T00:00:00.000Z,1364,0,CORRIDOR,POLICY_UNIVERSE,
L10:T0,10,T0,2026-03-20T00:00:00.000Z,2807,0,CORRIDOR,POLICY_UNIVERSE,
L10:T0,10,T0,2026-03-20T00:00:00.000Z,122,0,CORRIDOR,POLICY_UNIVERSE,
L10:T0,10,T0,2026-03-20T00:00:00.000Z,752,0,CORRIDOR,POLICY_UNIVERSE,
L10:T0,10,T0,2026-03-20T00:00:00.000Z,53,0,CORRIDOR,POLICY_UNIVERSE,
L10:T0,10,T0,2026-03-20T00:00:00.000Z,2344,0,CORRIDOR,POLICY_UNIVERSE,
L10:T0,10,T0,2026-03-20T00:00:00.000Z,2694,0,CORRIDOR,POLICY_UNIVERSE,
L10:T0,10,T0,2026-03-20T00:00:00.000Z,59,0,CORRIDOR,POLICY_UNIVERSE,
L10:T0,10,T0,2026-03-20T00:00:00.000Z,98,0,CORRIDOR,POLICY_UNIVERSE,
L10:T0,10,T0,2026-03-20T00:00:00.000Z,1025,0,CORRIDOR,POLICY_UNIVERSE,
L10:T0,10,T0,2026-03-20T00:00:00.000Z,2996,0,CORRIDOR,POLICY_UNIVERSE,
L10:T0,10,T0,2026-03-20T00:00:00.000Z,582,0,CORRIDOR,POLICY_UNIVERSE,
L10:T0,10,T0,2026-03-20T00:00:00.000Z,417,0,CORRIDOR,POLICY_UNIVERSE,
L10:T0,10,T0,2026-03-20T00:00:00.000Z,2791,0,CORRIDOR,POLICY_UNIVERSE,
L10:T0,10,T0,2026-03-20T00:00:00.000Z,535,0,CORRIDOR,POLICY_UNIVERSE,
L10:T0,10,T0,2026-03-20T00:00:00.000Z,2923,0,CORRIDOR,POLICY_UNIVERSE,
L10:T0,10,T0,2026-03-20T00:00:00.000Z,2094,0,CORRIDOR,POLICY_UNIVERSE,
L10:T1:I35,10,T1,2026-03-22T08:24:43.000Z,2956,0,CORRIDOR,POLICY_UNIVERSE,false
L10:T1:I35,10,T1,2026-03-22T08:24:43.000Z,1631,0,CORRIDOR,POLICY_UNIVERSE,false
L10:T1:I35,10,T1,2026-03-22T08:24:43.000Z,2828,0,CORRIDOR,POLICY_UNIVERSE,false
L10:T1:I35,10,T1,2026-03-22T08:24:43.000Z,1471,0,CORRIDOR,POLICY_UNIVERSE,false
L10:T1:I35,10,T1,2026-03-22T08:24:43.000Z,24,0,CORRIDOR,POLICY_UNIVERSE,false
L10:T1:I35,10,T1,2026-03-22T08:24:43.000Z,1428,0,CORRIDOR,POLICY_UNIVERSE,false
L10:T1:I35,10,T1,2026-03-22T08:24:43.000Z,515,0,CORRIDOR,POLICY_UNIVERSE,false
L10:T1:I35,10,T1,2026-03-22T08:24:43.000Z,2521,0,CORRIDOR,POLICY_UNIVERSE,false
L10:T1:I35,10,T1,2026-03-22T08:24:43.000Z,1364,0,CORRIDOR,POLICY_UNIVERSE,false
L10:T1:I35,10,T1,2026-03-22T08:24:43.000Z,2807,0,CORRIDOR,POLICY_UNIVERSE,false
L10:T1:I35,10,T1,2026-03-22T08:24:43.000Z,122,0,CORRIDOR,POLICY_UNIVERSE,false
L10:T1:I35,10,T1,2026-03-22T08:24:43.000Z,752,0,CORRIDOR,POLICY_UNIVERSE,false
L10:T1:I35,10,T1,2026-03-22T08:24:43.000Z,53,0,CORRIDOR,POLICY_UNIVERSE,false
L10:T1:I35,10,T1,2026-03-22T08:24:43.000Z,2344,0,CORRIDOR,POLICY_UNIVERSE,false
L10:T1:I35,10,T1,2026-03-22T08:24:43.000Z,2694,0,CORRIDOR,POLICY_UNIVERSE,false
L10:T1:I35,10,T1,2026-03-22T08:24:43.000Z,59,0,CORRIDOR,POLICY_UNIVERSE,false
L10:T1:I35,10,T1,2026-03-22T08:24:43.000Z,98,0,CORRIDOR,POLICY_UNIVERSE,false
L10:T1:I35,10,T1,2026-03-22T08:24:43.000Z,1025,0,CORRIDOR,POLICY_UNIVERSE,false
L10:T1:I35,10,T1,2026-03-22T08:24:43.000Z,2996,0,CORRIDOR,POLICY_UNIVERSE,false
L10:T1:I35,10,T1,2026-03-22T08:24:43.000Z,582,0,CORRIDOR,POLICY_UNIVERSE,false
L10:T1:I35,10,T1,2026-03-22T08:24:43.000Z,417,0,CORRIDOR,POLICY_UNIVERSE,false
L10:T1:I35,10,T1,2026-03-22T08:24:43.000Z,2791,0,CORRIDOR,POLICY_UNIVERSE,false
L10:T1:I35,10,T1,2026-03-22T08:24:43.000Z,535,0,CORRIDOR,POLICY_UNIVERSE,false
L10:T1:I35,10,T1,2026-03-22T08:24:43.000Z,2923,0,CORRIDOR,POLICY_UNIVERSE,false
L10:T1:I35,10,T1,2026-03-22T08:24:43.000Z,2094,0,CORRIDOR,POLICY_UNIVERSE,false
L10:T1:I35,10,T1,2026-03-22T08:24:43.000Z,1334,99,OBSERVED_OVERRIDE,OBSERVED_CURRENT_OVERRIDE,true
L10:T2:I34,10,T2,2026-04-28T13:24:00.000Z,2956,0,CORRIDOR,POLICY_UNIVERSE,false
L10:T2:I34,10,T2,2026-04-28T13:24:00.000Z,1631,0,CORRIDOR,POLICY_UNIVERSE,false
L10:T2:I34,10,T2,2026-04-28T13:24:00.000Z,2828,0,CORRIDOR,POLICY_UNIVERSE,false
L10:T2:I34,10,T2,2026-04-28T13:24:00.000Z,1471,0,CORRIDOR,POLICY_UNIVERSE,false
L10:T2:I34,10,T2,2026-04-28T13:24:00.000Z,24,0,CORRIDOR,POLICY_UNIVERSE,false
L10:T2:I34,10,T2,2026-04-28T13:24:00.000Z,1428,0,CORRIDOR,POLICY_UNIVERSE,false
L10:T2:I34,10,T2,2026-04-28T13:24:00.000Z,515,0,CORRIDOR,POLICY_UNIVERSE,false
L10:T2:I34,10,T2,2026-04-28T13:24:00.000Z,2521,0,CORRIDOR,POLICY_UNIVERSE,false
L10:T2:I34,10,T2,2026-04-28T13:24:00.000Z,1364,0,CORRIDOR,POLICY_UNIVERSE,false
L10:T2:I34,10,T2,2026-04-28T13:24:00.000Z,2807,0,CORRIDOR,POLICY_UNIVERSE,false
L10:T2:I34,10,T2,2026-04-28T13:24:00.000Z,122,0,CORRIDOR,POLICY_UNIVERSE,false
L10:T2:I34,10,T2,2026-04-28T13:24:00.000Z,752,0,CORRIDOR,POLICY_UNIVERSE,false
L10:T2:I34,10,T2,2026-04-28T13:24:00.000Z,53,0,CORRIDOR,POLICY_UNIVERSE,false
L10:T2:I34,10,T2,2026-04-28T13:24:00.000Z,2344,0,CORRIDOR,POLICY_UNIVERSE,false
L10:T2:I34,10,T2,2026-04-28T13:24:00.000Z,2694,0,CORRIDOR,POLICY_UNIVERSE,false
L10:T2:I34,10,T2,2026-04-28T13:24:00.000Z,59,0,CORRIDOR,POLICY_UNIVERSE,false
L10:T2:I34,10,T2,2026-04-28T13:24:00.000Z,98,0,CORRIDOR,POLICY_UNIVERSE,false
L10:T2:I34,10,T2,2026-04-28T13:24:00.000Z,1025,0,CORRIDOR,POLICY_UNIVERSE,false
L10:T2:I34,10,T2,2026-04-28T13:24:00.000Z,2996,0,CORRIDOR,POLICY_UNIVERSE,false
L10:T2:I34,10,T2,2026-04-28T13:24:00.000Z,582,0,CORRIDOR,POLICY_UNIVERSE,false
L10:T2:I34,10,T2,2026-04-28T13:24:00.000Z,417,0,CORRIDOR,POLICY_UNIVERSE,false
L10:T2:I34,10,T2,2026-04-28T13:24:00.000Z,2791,0,CORRIDOR,POLICY_UNIVERSE,false
L10:T2:I34,10,T2,2026-04-28T13:24:00.000Z,535,0,CORRIDOR,POLICY_UNIVERSE,false
L10:T2:I34,10,T2,2026-04-28T13:24:00.000Z,2923,0,CORRIDOR,POLICY_UNIVERSE,false
L10:T2:I34,10,T2,2026-04-28T13:24:00.000Z,2094,0,CORRIDOR,POLICY_UNIVERSE,false
L10:T2:I34,10,T2,2026-04-28T13:24:00.000Z,2589,0,CORRIDOR,POLICY_UNIVERSE,false
L10:T2:I34,10,T2,2026-04-28T13:24:00.000Z,705,0,CORRIDOR,POLICY_UNIVERSE,false
L10:T2:I34,10,T2,2026-04-28T13:24:00.000Z,2813,99,OBSERVED_OVERRIDE,OBSERVED_CURRENT_OVERRIDE,true
L11:T0,11,T0,2026-06-28T00:00:00.000Z,322,0,CORRIDOR,POLICY_UNIVERSE,
L11:T0,11,T0,2026-06-28T00:00:00.000Z,2661,0,CORRIDOR,POLICY_UNIVERSE,
L11:T0,11,T0,2026-06-28T00:00:00.000Z,350,0,CORRIDOR,POLICY_UNIVERSE,
L11:T0,11,T0,2026-06-28T00:00:00.000Z,2316,0,CORRIDOR,POLICY_UNIVERSE,
L11:T0,11,T0,2026-06-28T00:00:00.000Z,1092,0,CORRIDOR,POLICY_UNIVERSE,
L11:T0,11,T0,2026-06-28T00:00:00.000Z,1768,0,CORRIDOR,POLICY_UNIVERSE,
L11:T0,11,T0,2026-06-28T00:00:00.000Z,2577,0,CORRIDOR,POLICY_UNIVERSE,
L11:T0,11,T0,2026-06-28T00:00:00.000Z,2790,0,CORRIDOR,POLICY_UNIVERSE,
L11:T0,11,T0,2026-06-28T00:00:00.000Z,969,0,CORRIDOR,POLICY_UNIVERSE,
L11:T0,11,T0,2026-06-28T00:00:00.000Z,366,0,CORRIDOR,POLICY_UNIVERSE,
L11:T0,11,T0,2026-06-28T00:00:00.000Z,1654,0,CORRIDOR,POLICY_UNIVERSE,
L11:T0,11,T0,2026-06-28T00:00:00.000Z,1129,0,CORRIDOR,POLICY_UNIVERSE,
L11:T0,11,T0,2026-06-28T00:00:00.000Z,2647,0,CORRIDOR,POLICY_UNIVERSE,
L11:T0,11,T0,2026-06-28T00:00:00.000Z,2564,0,CORRIDOR,POLICY_UNIVERSE,
L11:T0,11,T0,2026-06-28T00:00:00.000Z,1674,0,CORRIDOR,POLICY_UNIVERSE,
L11:T0,11,T0,2026-06-28T00:00:00.000Z,183,0,CORRIDOR,POLICY_UNIVERSE,
L11:T0,11,T0,2026-06-28T00:00:00.000Z,2979,0,CORRIDOR,POLICY_UNIVERSE,
L11:T0,11,T0,2026-06-28T00:00:00.000Z,93,0,CORRIDOR,POLICY_UNIVERSE,
L11:T0,11,T0,2026-06-28T00:00:00.000Z,335,0,CORRIDOR,POLICY_UNIVERSE,
L11:T0,11,T0,2026-06-28T00:00:00.000Z,2360,0,CORRIDOR,POLICY_UNIVERSE,
L11:T0,11,T0,2026-06-28T00:00:00.000Z,127,0,CORRIDOR,POLICY_UNIVERSE,
L11:T0,11,T0,2026-06-28T00:00:00.000Z,2779,0,CORRIDOR,POLICY_UNIVERSE,
L11:T0,11,T0,2026-06-28T00:00:00.000Z,1805,0,CORRIDOR,POLICY_UNIVERSE,
L11:T0,11,T0,2026-06-28T00:00:00.000Z,147,0,CORRIDOR,POLICY_UNIVERSE,
L11:T0,11,T0,2026-06-28T00:00:00.000Z,658,0,CORRIDOR,POLICY_UNIVERSE,
L11:T0,11,T0,2026-06-28T00:00:00.000Z,319,0,CORRIDOR,POLICY_UNIVERSE,
L11:T0,11,T0,2026-06-28T00:00:00.000Z,2639,0,CORRIDOR,POLICY_UNIVERSE,
L11:T0,11,T0,2026-06-28T00:00:00.000Z,2595,0,CORRIDOR,POLICY_UNIVERSE,
L11:T0,11,T0,2026-06-28T00:00:00.000Z,2766,0,CORRIDOR,POLICY_UNIVERSE,
L11:T0,11,T0,2026-06-28T00:00:00.000Z,2324,0,CORRIDOR,POLICY_UNIVERSE,
L11:T0,11,T0,2026-06-28T00:00:00.000Z,2835,0,CORRIDOR,POLICY_UNIVERSE,
L11:T0,11,T0,2026-06-28T00:00:00.000Z,674,0,CORRIDOR,POLICY_UNIVERSE,
L11:T0,11,T0,2026-06-28T00:00:00.000Z,2077,0,CORRIDOR,POLICY_UNIVERSE,
L11:T0,11,T0,2026-06-28T00:00:00.000Z,1684,0,CORRIDOR,POLICY_UNIVERSE,
L11:T0,11,T0,2026-06-28T00:00:00.000Z,1351,0,CORRIDOR,POLICY_UNIVERSE,
L11:T0,11,T0,2026-06-28T00:00:00.000Z,2439,0,CORRIDOR,POLICY_UNIVERSE,
L11:T0,11,T0,2026-06-28T00:00:00.000Z,1430,0,CORRIDOR,POLICY_UNIVERSE,
L11:T0,11,T0,2026-06-28T00:00:00.000Z,586,0,CORRIDOR,POLICY_UNIVERSE,
L11:T1:I39,11,T1,2026-06-28T16:19:29.000Z,322,0,CORRIDOR,POLICY_UNIVERSE,false
L11:T1:I39,11,T1,2026-06-28T16:19:29.000Z,2661,0,CORRIDOR,POLICY_UNIVERSE,false
L11:T1:I39,11,T1,2026-06-28T16:19:29.000Z,350,0,CORRIDOR,POLICY_UNIVERSE,false
L11:T1:I39,11,T1,2026-06-28T16:19:29.000Z,2316,0,CORRIDOR,POLICY_UNIVERSE,false
L11:T1:I39,11,T1,2026-06-28T16:19:29.000Z,1092,0,CORRIDOR,POLICY_UNIVERSE,false
L11:T1:I39,11,T1,2026-06-28T16:19:29.000Z,1768,0,CORRIDOR,POLICY_UNIVERSE,false
L11:T1:I39,11,T1,2026-06-28T16:19:29.000Z,2577,0,CORRIDOR,POLICY_UNIVERSE,false
L11:T1:I39,11,T1,2026-06-28T16:19:29.000Z,2790,0,CORRIDOR,POLICY_UNIVERSE,false
L11:T1:I39,11,T1,2026-06-28T16:19:29.000Z,969,0,CORRIDOR,POLICY_UNIVERSE,false
L11:T1:I39,11,T1,2026-06-28T16:19:29.000Z,366,0,CORRIDOR,POLICY_UNIVERSE,false
L11:T1:I39,11,T1,2026-06-28T16:19:29.000Z,1654,0,CORRIDOR,POLICY_UNIVERSE,false
L11:T1:I39,11,T1,2026-06-28T16:19:29.000Z,1129,0,CORRIDOR,POLICY_UNIVERSE,false
L11:T1:I39,11,T1,2026-06-28T16:19:29.000Z,2647,0,CORRIDOR,POLICY_UNIVERSE,false
L11:T1:I39,11,T1,2026-06-28T16:19:29.000Z,2564,0,CORRIDOR,POLICY_UNIVERSE,false
L11:T1:I39,11,T1,2026-06-28T16:19:29.000Z,1674,0,CORRIDOR,POLICY_UNIVERSE,false
L11:T1:I39,11,T1,2026-06-28T16:19:29.000Z,183,0,CORRIDOR,POLICY_UNIVERSE,false
L11:T1:I39,11,T1,2026-06-28T16:19:29.000Z,2979,0,CORRIDOR,POLICY_UNIVERSE,false
L11:T1:I39,11,T1,2026-06-28T16:19:29.000Z,93,0,CORRIDOR,POLICY_UNIVERSE,false
L11:T1:I39,11,T1,2026-06-28T16:19:29.000Z,335,0,CORRIDOR,POLICY_UNIVERSE,false
L11:T1:I39,11,T1,2026-06-28T16:19:29.000Z,2360,0,CORRIDOR,POLICY_UNIVERSE,false
L11:T1:I39,11,T1,2026-06-28T16:19:29.000Z,127,0,CORRIDOR,POLICY_UNIVERSE,false
L11:T1:I39,11,T1,2026-06-28T16:19:29.000Z,2779,0,CORRIDOR,POLICY_UNIVERSE,false
L11:T1:I39,11,T1,2026-06-28T16:19:29.000Z,1805,0,CORRIDOR,POLICY_UNIVERSE,false
L11:T1:I39,11,T1,2026-06-28T16:19:29.000Z,147,0,CORRIDOR,POLICY_UNIVERSE,false
L11:T1:I39,11,T1,2026-06-28T16:19:29.000Z,658,0,CORRIDOR,POLICY_UNIVERSE,false
L11:T1:I39,11,T1,2026-06-28T16:19:29.000Z,319,0,CORRIDOR,POLICY_UNIVERSE,false
L11:T1:I39,11,T1,2026-06-28T16:19:29.000Z,2639,0,CORRIDOR,POLICY_UNIVERSE,false
L11:T1:I39,11,T1,2026-06-28T16:19:29.000Z,2595,0,CORRIDOR,POLICY_UNIVERSE,false
L11:T1:I39,11,T1,2026-06-28T16:19:29.000Z,2766,0,CORRIDOR,POLICY_UNIVERSE,false
L11:T1:I39,11,T1,2026-06-28T16:19:29.000Z,2324,0,CORRIDOR,POLICY_UNIVERSE,false
L11:T1:I39,11,T1,2026-06-28T16:19:29.000Z,2835,0,CORRIDOR,POLICY_UNIVERSE,false
L11:T1:I39,11,T1,2026-06-28T16:19:29.000Z,674,0,CORRIDOR,POLICY_UNIVERSE,false
L11:T1:I39,11,T1,2026-06-28T16:19:29.000Z,2077,0,CORRIDOR,POLICY_UNIVERSE,false
L11:T1:I39,11,T1,2026-06-28T16:19:29.000Z,1684,0,CORRIDOR,POLICY_UNIVERSE,false
L11:T1:I39,11,T1,2026-06-28T16:19:29.000Z,1351,0,CORRIDOR,POLICY_UNIVERSE,false
L11:T1:I39,11,T1,2026-06-28T16:19:29.000Z,2439,0,CORRIDOR,POLICY_UNIVERSE,false
L11:T1:I39,11,T1,2026-06-28T16:19:29.000Z,1430,0,CORRIDOR,POLICY_UNIVERSE,false
L11:T1:I39,11,T1,2026-06-28T16:19:29.000Z,586,0,CORRIDOR,POLICY_UNIVERSE,false
L11:T1:I39,11,T1,2026-06-28T16:19:29.000Z,2134,99,OBSERVED_OVERRIDE,OBSERVED_CURRENT_OVERRIDE,true
L11:T2:I40,11,T2,2026-06-28T19:30:38.000Z,322,0,CORRIDOR,POLICY_UNIVERSE,false
L11:T2:I40,11,T2,2026-06-28T19:30:38.000Z,2661,0,CORRIDOR,POLICY_UNIVERSE,false
L11:T2:I40,11,T2,2026-06-28T19:30:38.000Z,350,0,CORRIDOR,POLICY_UNIVERSE,false
L11:T2:I40,11,T2,2026-06-28T19:30:38.000Z,2316,0,CORRIDOR,POLICY_UNIVERSE,false
L11:T2:I40,11,T2,2026-06-28T19:30:38.000Z,1092,0,CORRIDOR,POLICY_UNIVERSE,false
L11:T2:I40,11,T2,2026-06-28T19:30:38.000Z,1768,0,CORRIDOR,POLICY_UNIVERSE,false
L11:T2:I40,11,T2,2026-06-28T19:30:38.000Z,2577,0,CORRIDOR,POLICY_UNIVERSE,false
L11:T2:I40,11,T2,2026-06-28T19:30:38.000Z,2790,0,CORRIDOR,POLICY_UNIVERSE,false
L11:T2:I40,11,T2,2026-06-28T19:30:38.000Z,969,0,CORRIDOR,POLICY_UNIVERSE,false
L11:T2:I40,11,T2,2026-06-28T19:30:38.000Z,366,0,CORRIDOR,POLICY_UNIVERSE,false
L11:T2:I40,11,T2,2026-06-28T19:30:38.000Z,1654,0,CORRIDOR,POLICY_UNIVERSE,false
L11:T2:I40,11,T2,2026-06-28T19:30:38.000Z,1129,0,CORRIDOR,POLICY_UNIVERSE,false
L11:T2:I40,11,T2,2026-06-28T19:30:38.000Z,2647,0,CORRIDOR,POLICY_UNIVERSE,false
L11:T2:I40,11,T2,2026-06-28T19:30:38.000Z,2564,0,CORRIDOR,POLICY_UNIVERSE,false
L11:T2:I40,11,T2,2026-06-28T19:30:38.000Z,1674,0,CORRIDOR,POLICY_UNIVERSE,false
L11:T2:I40,11,T2,2026-06-28T19:30:38.000Z,183,0,CORRIDOR,POLICY_UNIVERSE,false
L11:T2:I40,11,T2,2026-06-28T19:30:38.000Z,2979,0,CORRIDOR,POLICY_UNIVERSE,false
L11:T2:I40,11,T2,2026-06-28T19:30:38.000Z,93,0,CORRIDOR,POLICY_UNIVERSE,false
L11:T2:I40,11,T2,2026-06-28T19:30:38.000Z,335,0,CORRIDOR,POLICY_UNIVERSE,false
L11:T2:I40,11,T2,2026-06-28T19:30:38.000Z,2360,0,CORRIDOR,POLICY_UNIVERSE,false
L11:T2:I40,11,T2,2026-06-28T19:30:38.000Z,127,0,CORRIDOR,POLICY_UNIVERSE,false
L11:T2:I40,11,T2,2026-06-28T19:30:38.000Z,2779,0,CORRIDOR,POLICY_UNIVERSE,false
L11:T2:I40,11,T2,2026-06-28T19:30:38.000Z,1805,0,CORRIDOR,POLICY_UNIVERSE,false
L11:T2:I40,11,T2,2026-06-28T19:30:38.000Z,147,0,CORRIDOR,POLICY_UNIVERSE,false
L11:T2:I40,11,T2,2026-06-28T19:30:38.000Z,658,0,CORRIDOR,POLICY_UNIVERSE,false
L11:T2:I40,11,T2,2026-06-28T19:30:38.000Z,319,0,CORRIDOR,POLICY_UNIVERSE,false
L11:T2:I40,11,T2,2026-06-28T19:30:38.000Z,2639,0,CORRIDOR,POLICY_UNIVERSE,false
L11:T2:I40,11,T2,2026-06-28T19:30:38.000Z,2595,0,CORRIDOR,POLICY_UNIVERSE,false
L11:T2:I40,11,T2,2026-06-28T19:30:38.000Z,2766,0,CORRIDOR,POLICY_UNIVERSE,false
L11:T2:I40,11,T2,2026-06-28T19:30:38.000Z,2324,0,CORRIDOR,POLICY_UNIVERSE,false
L11:T2:I40,11,T2,2026-06-28T19:30:38.000Z,2835,0,CORRIDOR,POLICY_UNIVERSE,false
L11:T2:I40,11,T2,2026-06-28T19:30:38.000Z,674,0,CORRIDOR,POLICY_UNIVERSE,false
L11:T2:I40,11,T2,2026-06-28T19:30:38.000Z,2077,0,CORRIDOR,POLICY_UNIVERSE,false
L11:T2:I40,11,T2,2026-06-28T19:30:38.000Z,1684,0,CORRIDOR,POLICY_UNIVERSE,false
L11:T2:I40,11,T2,2026-06-28T19:30:38.000Z,1351,0,CORRIDOR,POLICY_UNIVERSE,false
L11:T2:I40,11,T2,2026-06-28T19:30:38.000Z,2439,0,CORRIDOR,POLICY_UNIVERSE,false
L11:T2:I40,11,T2,2026-06-28T19:30:38.000Z,1430,0,CORRIDOR,POLICY_UNIVERSE,false
L11:T2:I40,11,T2,2026-06-28T19:30:38.000Z,586,0,CORRIDOR,POLICY_UNIVERSE,false
L11:T2:I40,11,T2,2026-06-28T19:30:38.000Z,1520,99,OBSERVED_OVERRIDE,OBSERVED_CURRENT_OVERRIDE,true
L11:T2:I38,11,T2,2026-06-29T19:49:28.000Z,322,0,CORRIDOR,POLICY_UNIVERSE,false
L11:T2:I38,11,T2,2026-06-29T19:49:28.000Z,2661,0,CORRIDOR,POLICY_UNIVERSE,false
L11:T2:I38,11,T2,2026-06-29T19:49:28.000Z,350,0,CORRIDOR,POLICY_UNIVERSE,false
L11:T2:I38,11,T2,2026-06-29T19:49:28.000Z,2316,0,CORRIDOR,POLICY_UNIVERSE,false
L11:T2:I38,11,T2,2026-06-29T19:49:28.000Z,1092,0,CORRIDOR,POLICY_UNIVERSE,false
L11:T2:I38,11,T2,2026-06-29T19:49:28.000Z,1768,0,CORRIDOR,POLICY_UNIVERSE,false
L11:T2:I38,11,T2,2026-06-29T19:49:28.000Z,2577,0,CORRIDOR,POLICY_UNIVERSE,false
L11:T2:I38,11,T2,2026-06-29T19:49:28.000Z,2790,0,CORRIDOR,POLICY_UNIVERSE,false
L11:T2:I38,11,T2,2026-06-29T19:49:28.000Z,969,0,CORRIDOR,POLICY_UNIVERSE,false
L11:T2:I38,11,T2,2026-06-29T19:49:28.000Z,366,0,CORRIDOR,POLICY_UNIVERSE,false
L11:T2:I38,11,T2,2026-06-29T19:49:28.000Z,1654,0,CORRIDOR,POLICY_UNIVERSE,false
L11:T2:I38,11,T2,2026-06-29T19:49:28.000Z,1129,0,CORRIDOR,POLICY_UNIVERSE,false
L11:T2:I38,11,T2,2026-06-29T19:49:28.000Z,2647,0,CORRIDOR,POLICY_UNIVERSE,false
L11:T2:I38,11,T2,2026-06-29T19:49:28.000Z,2564,0,CORRIDOR,POLICY_UNIVERSE,false
L11:T2:I38,11,T2,2026-06-29T19:49:28.000Z,1674,0,CORRIDOR,POLICY_UNIVERSE,false
L11:T2:I38,11,T2,2026-06-29T19:49:28.000Z,183,0,CORRIDOR,POLICY_UNIVERSE,false
L11:T2:I38,11,T2,2026-06-29T19:49:28.000Z,2979,0,CORRIDOR,POLICY_UNIVERSE,false
L11:T2:I38,11,T2,2026-06-29T19:49:28.000Z,93,0,CORRIDOR,POLICY_UNIVERSE,false
L11:T2:I38,11,T2,2026-06-29T19:49:28.000Z,335,0,CORRIDOR,POLICY_UNIVERSE,false
L11:T2:I38,11,T2,2026-06-29T19:49:28.000Z,2360,0,CORRIDOR,POLICY_UNIVERSE,false
L11:T2:I38,11,T2,2026-06-29T19:49:28.000Z,127,0,CORRIDOR,POLICY_UNIVERSE,false
L11:T2:I38,11,T2,2026-06-29T19:49:28.000Z,2779,0,CORRIDOR,POLICY_UNIVERSE,false
L11:T2:I38,11,T2,2026-06-29T19:49:28.000Z,1805,0,CORRIDOR,POLICY_UNIVERSE,false
L11:T2:I38,11,T2,2026-06-29T19:49:28.000Z,147,0,CORRIDOR,POLICY_UNIVERSE,false
L11:T2:I38,11,T2,2026-06-29T19:49:28.000Z,658,0,CORRIDOR,POLICY_UNIVERSE,false
L11:T2:I38,11,T2,2026-06-29T19:49:28.000Z,319,0,CORRIDOR,POLICY_UNIVERSE,false
L11:T2:I38,11,T2,2026-06-29T19:49:28.000Z,2639,0,CORRIDOR,POLICY_UNIVERSE,false
L11:T2:I38,11,T2,2026-06-29T19:49:28.000Z,2595,0,CORRIDOR,POLICY_UNIVERSE,false
L11:T2:I38,11,T2,2026-06-29T19:49:28.000Z,2766,0,CORRIDOR,POLICY_UNIVERSE,false
L11:T2:I38,11,T2,2026-06-29T19:49:28.000Z,2324,0,CORRIDOR,POLICY_UNIVERSE,false
L11:T2:I38,11,T2,2026-06-29T19:49:28.000Z,2835,0,CORRIDOR,POLICY_UNIVERSE,false
L11:T2:I38,11,T2,2026-06-29T19:49:28.000Z,674,0,CORRIDOR,POLICY_UNIVERSE,false
L11:T2:I38,11,T2,2026-06-29T19:49:28.000Z,2077,0,CORRIDOR,POLICY_UNIVERSE,false
L11:T2:I38,11,T2,2026-06-29T19:49:28.000Z,1684,0,CORRIDOR,POLICY_UNIVERSE,false
L11:T2:I38,11,T2,2026-06-29T19:49:28.000Z,1351,0,CORRIDOR,POLICY_UNIVERSE,false
L11:T2:I38,11,T2,2026-06-29T19:49:28.000Z,2439,0,CORRIDOR,POLICY_UNIVERSE,false
L11:T2:I38,11,T2,2026-06-29T19:49:28.000Z,1430,0,CORRIDOR,POLICY_UNIVERSE,false
L11:T2:I38,11,T2,2026-06-29T19:49:28.000Z,586,0,CORRIDOR,POLICY_UNIVERSE,false
L11:T2:I38,11,T2,2026-06-29T19:49:28.000Z,961,99,OBSERVED_OVERRIDE,OBSERVED_CURRENT_OVERRIDE,true
L11:T2:I41,11,T2,2026-06-30T11:49:18.000Z,322,0,CORRIDOR,POLICY_UNIVERSE,false
L11:T2:I41,11,T2,2026-06-30T11:49:18.000Z,2661,0,CORRIDOR,POLICY_UNIVERSE,false
L11:T2:I41,11,T2,2026-06-30T11:49:18.000Z,350,0,CORRIDOR,POLICY_UNIVERSE,false
L11:T2:I41,11,T2,2026-06-30T11:49:18.000Z,2316,0,CORRIDOR,POLICY_UNIVERSE,false
L11:T2:I41,11,T2,2026-06-30T11:49:18.000Z,1092,0,CORRIDOR,POLICY_UNIVERSE,false
L11:T2:I41,11,T2,2026-06-30T11:49:18.000Z,1768,0,CORRIDOR,POLICY_UNIVERSE,false
L11:T2:I41,11,T2,2026-06-30T11:49:18.000Z,2577,0,CORRIDOR,POLICY_UNIVERSE,false
L11:T2:I41,11,T2,2026-06-30T11:49:18.000Z,2790,0,CORRIDOR,POLICY_UNIVERSE,false
L11:T2:I41,11,T2,2026-06-30T11:49:18.000Z,969,0,CORRIDOR,POLICY_UNIVERSE,false
L11:T2:I41,11,T2,2026-06-30T11:49:18.000Z,366,0,CORRIDOR,POLICY_UNIVERSE,false
L11:T2:I41,11,T2,2026-06-30T11:49:18.000Z,1654,0,CORRIDOR,POLICY_UNIVERSE,false
L11:T2:I41,11,T2,2026-06-30T11:49:18.000Z,1129,0,CORRIDOR,POLICY_UNIVERSE,false
L11:T2:I41,11,T2,2026-06-30T11:49:18.000Z,2647,0,CORRIDOR,POLICY_UNIVERSE,false
L11:T2:I41,11,T2,2026-06-30T11:49:18.000Z,2564,0,CORRIDOR,POLICY_UNIVERSE,false
L11:T2:I41,11,T2,2026-06-30T11:49:18.000Z,1674,0,CORRIDOR,POLICY_UNIVERSE,false
L11:T2:I41,11,T2,2026-06-30T11:49:18.000Z,183,0,CORRIDOR,POLICY_UNIVERSE,false
L11:T2:I41,11,T2,2026-06-30T11:49:18.000Z,2979,0,CORRIDOR,POLICY_UNIVERSE,false
L11:T2:I41,11,T2,2026-06-30T11:49:18.000Z,93,0,CORRIDOR,POLICY_UNIVERSE,false
L11:T2:I41,11,T2,2026-06-30T11:49:18.000Z,335,0,CORRIDOR,POLICY_UNIVERSE,false
L11:T2:I41,11,T2,2026-06-30T11:49:18.000Z,2360,0,CORRIDOR,POLICY_UNIVERSE,false
L11:T2:I41,11,T2,2026-06-30T11:49:18.000Z,127,0,CORRIDOR,POLICY_UNIVERSE,false
L11:T2:I41,11,T2,2026-06-30T11:49:18.000Z,2779,0,CORRIDOR,POLICY_UNIVERSE,false
L11:T2:I41,11,T2,2026-06-30T11:49:18.000Z,1805,0,CORRIDOR,POLICY_UNIVERSE,false
L11:T2:I41,11,T2,2026-06-30T11:49:18.000Z,147,0,CORRIDOR,POLICY_UNIVERSE,false
L11:T2:I41,11,T2,2026-06-30T11:49:18.000Z,658,0,CORRIDOR,POLICY_UNIVERSE,false
L11:T2:I41,11,T2,2026-06-30T11:49:18.000Z,319,0,CORRIDOR,POLICY_UNIVERSE,false
L11:T2:I41,11,T2,2026-06-30T11:49:18.000Z,2639,0,CORRIDOR,POLICY_UNIVERSE,false
L11:T2:I41,11,T2,2026-06-30T11:49:18.000Z,2595,0,CORRIDOR,POLICY_UNIVERSE,false
L11:T2:I41,11,T2,2026-06-30T11:49:18.000Z,2766,0,CORRIDOR,POLICY_UNIVERSE,false
L11:T2:I41,11,T2,2026-06-30T11:49:18.000Z,2324,0,CORRIDOR,POLICY_UNIVERSE,false
L11:T2:I41,11,T2,2026-06-30T11:49:18.000Z,2835,0,CORRIDOR,POLICY_UNIVERSE,false
L11:T2:I41,11,T2,2026-06-30T11:49:18.000Z,674,0,CORRIDOR,POLICY_UNIVERSE,false
L11:T2:I41,11,T2,2026-06-30T11:49:18.000Z,2077,0,CORRIDOR,POLICY_UNIVERSE,false
L11:T2:I41,11,T2,2026-06-30T11:49:18.000Z,1684,0,CORRIDOR,POLICY_UNIVERSE,false
L11:T2:I41,11,T2,2026-06-30T11:49:18.000Z,1351,0,CORRIDOR,POLICY_UNIVERSE,false
L11:T2:I41,11,T2,2026-06-30T11:49:18.000Z,2439,0,CORRIDOR,POLICY_UNIVERSE,false
L11:T2:I41,11,T2,2026-06-30T11:49:18.000Z,1430,0,CORRIDOR,POLICY_UNIVERSE,false
L11:T2:I41,11,T2,2026-06-30T11:49:18.000Z,586,0,CORRIDOR,POLICY_UNIVERSE,false
L11:T2:I41,11,T2,2026-06-30T11:49:18.000Z,1473,99,OBSERVED_OVERRIDE,OBSERVED_CURRENT_OVERRIDE,true
L11:T2:I37,11,T2,2026-07-01T13:05:08.000Z,322,0,CORRIDOR,POLICY_UNIVERSE,false
L11:T2:I37,11,T2,2026-07-01T13:05:08.000Z,2661,0,CORRIDOR,POLICY_UNIVERSE,false
L11:T2:I37,11,T2,2026-07-01T13:05:08.000Z,350,0,CORRIDOR,POLICY_UNIVERSE,false
L11:T2:I37,11,T2,2026-07-01T13:05:08.000Z,2316,0,CORRIDOR,POLICY_UNIVERSE,false
L11:T2:I37,11,T2,2026-07-01T13:05:08.000Z,1092,0,CORRIDOR,POLICY_UNIVERSE,false
L11:T2:I37,11,T2,2026-07-01T13:05:08.000Z,1768,0,CORRIDOR,POLICY_UNIVERSE,false
L11:T2:I37,11,T2,2026-07-01T13:05:08.000Z,2577,0,CORRIDOR,POLICY_UNIVERSE,false
L11:T2:I37,11,T2,2026-07-01T13:05:08.000Z,2790,0,CORRIDOR,POLICY_UNIVERSE,false
L11:T2:I37,11,T2,2026-07-01T13:05:08.000Z,969,0,CORRIDOR,POLICY_UNIVERSE,false
L11:T2:I37,11,T2,2026-07-01T13:05:08.000Z,366,0,CORRIDOR,POLICY_UNIVERSE,false
L11:T2:I37,11,T2,2026-07-01T13:05:08.000Z,1654,0,CORRIDOR,POLICY_UNIVERSE,false
L11:T2:I37,11,T2,2026-07-01T13:05:08.000Z,1129,0,CORRIDOR,POLICY_UNIVERSE,false
L11:T2:I37,11,T2,2026-07-01T13:05:08.000Z,2647,0,CORRIDOR,POLICY_UNIVERSE,false
L11:T2:I37,11,T2,2026-07-01T13:05:08.000Z,2564,0,CORRIDOR,POLICY_UNIVERSE,false
L11:T2:I37,11,T2,2026-07-01T13:05:08.000Z,1674,0,CORRIDOR,POLICY_UNIVERSE,false
L11:T2:I37,11,T2,2026-07-01T13:05:08.000Z,183,0,CORRIDOR,POLICY_UNIVERSE,false
L11:T2:I37,11,T2,2026-07-01T13:05:08.000Z,2979,0,CORRIDOR,POLICY_UNIVERSE,false
L11:T2:I37,11,T2,2026-07-01T13:05:08.000Z,93,0,CORRIDOR,POLICY_UNIVERSE,false
L11:T2:I37,11,T2,2026-07-01T13:05:08.000Z,335,0,CORRIDOR,POLICY_UNIVERSE,false
L11:T2:I37,11,T2,2026-07-01T13:05:08.000Z,2360,0,CORRIDOR,POLICY_UNIVERSE,false
L11:T2:I37,11,T2,2026-07-01T13:05:08.000Z,127,0,CORRIDOR,POLICY_UNIVERSE,false
L11:T2:I37,11,T2,2026-07-01T13:05:08.000Z,2779,0,CORRIDOR,POLICY_UNIVERSE,false
L11:T2:I37,11,T2,2026-07-01T13:05:08.000Z,1805,0,CORRIDOR,POLICY_UNIVERSE,false
L11:T2:I37,11,T2,2026-07-01T13:05:08.000Z,147,0,CORRIDOR,POLICY_UNIVERSE,false
L11:T2:I37,11,T2,2026-07-01T13:05:08.000Z,658,0,CORRIDOR,POLICY_UNIVERSE,false
L11:T2:I37,11,T2,2026-07-01T13:05:08.000Z,319,0,CORRIDOR,POLICY_UNIVERSE,false
L11:T2:I37,11,T2,2026-07-01T13:05:08.000Z,2639,0,CORRIDOR,POLICY_UNIVERSE,false
L11:T2:I37,11,T2,2026-07-01T13:05:08.000Z,2595,0,CORRIDOR,POLICY_UNIVERSE,false
L11:T2:I37,11,T2,2026-07-01T13:05:08.000Z,2766,0,CORRIDOR,POLICY_UNIVERSE,false
L11:T2:I37,11,T2,2026-07-01T13:05:08.000Z,2324,0,CORRIDOR,POLICY_UNIVERSE,false
L11:T2:I37,11,T2,2026-07-01T13:05:08.000Z,2835,0,CORRIDOR,POLICY_UNIVERSE,false
L11:T2:I37,11,T2,2026-07-01T13:05:08.000Z,674,0,CORRIDOR,POLICY_UNIVERSE,false
L11:T2:I37,11,T2,2026-07-01T13:05:08.000Z,2077,0,CORRIDOR,POLICY_UNIVERSE,false
L11:T2:I37,11,T2,2026-07-01T13:05:08.000Z,1684,0,CORRIDOR,POLICY_UNIVERSE,false
L11:T2:I37,11,T2,2026-07-01T13:05:08.000Z,1351,0,CORRIDOR,POLICY_UNIVERSE,false
L11:T2:I37,11,T2,2026-07-01T13:05:08.000Z,2439,0,CORRIDOR,POLICY_UNIVERSE,false
L11:T2:I37,11,T2,2026-07-01T13:05:08.000Z,1430,0,CORRIDOR,POLICY_UNIVERSE,false
L11:T2:I37,11,T2,2026-07-01T13:05:08.000Z,586,0,CORRIDOR,POLICY_UNIVERSE,false
L11:T2:I37,11,T2,2026-07-01T13:05:08.000Z,201,99,OBSERVED_OVERRIDE,OBSERVED_CURRENT_OVERRIDE,true
L11:T2:I43,11,T2,2026-07-05T08:36:53.000Z,322,0,CORRIDOR,POLICY_UNIVERSE,false
L11:T2:I43,11,T2,2026-07-05T08:36:53.000Z,2661,0,CORRIDOR,POLICY_UNIVERSE,false
L11:T2:I43,11,T2,2026-07-05T08:36:53.000Z,350,0,CORRIDOR,POLICY_UNIVERSE,false
L11:T2:I43,11,T2,2026-07-05T08:36:53.000Z,2316,0,CORRIDOR,POLICY_UNIVERSE,false
L11:T2:I43,11,T2,2026-07-05T08:36:53.000Z,1092,0,CORRIDOR,POLICY_UNIVERSE,false
L11:T2:I43,11,T2,2026-07-05T08:36:53.000Z,1768,0,CORRIDOR,POLICY_UNIVERSE,false
L11:T2:I43,11,T2,2026-07-05T08:36:53.000Z,2577,0,CORRIDOR,POLICY_UNIVERSE,false
L11:T2:I43,11,T2,2026-07-05T08:36:53.000Z,2790,0,CORRIDOR,POLICY_UNIVERSE,false
L11:T2:I43,11,T2,2026-07-05T08:36:53.000Z,969,0,CORRIDOR,POLICY_UNIVERSE,false
L11:T2:I43,11,T2,2026-07-05T08:36:53.000Z,366,0,CORRIDOR,POLICY_UNIVERSE,false
L11:T2:I43,11,T2,2026-07-05T08:36:53.000Z,1654,0,CORRIDOR,POLICY_UNIVERSE,false
L11:T2:I43,11,T2,2026-07-05T08:36:53.000Z,1129,0,CORRIDOR,POLICY_UNIVERSE,false
L11:T2:I43,11,T2,2026-07-05T08:36:53.000Z,2647,0,CORRIDOR,POLICY_UNIVERSE,false
L11:T2:I43,11,T2,2026-07-05T08:36:53.000Z,2564,0,CORRIDOR,POLICY_UNIVERSE,false
L11:T2:I43,11,T2,2026-07-05T08:36:53.000Z,1674,0,CORRIDOR,POLICY_UNIVERSE,false
L11:T2:I43,11,T2,2026-07-05T08:36:53.000Z,183,0,CORRIDOR,POLICY_UNIVERSE,false
L11:T2:I43,11,T2,2026-07-05T08:36:53.000Z,2979,0,CORRIDOR,POLICY_UNIVERSE,false
L11:T2:I43,11,T2,2026-07-05T08:36:53.000Z,93,0,CORRIDOR,POLICY_UNIVERSE,false
L11:T2:I43,11,T2,2026-07-05T08:36:53.000Z,335,0,CORRIDOR,POLICY_UNIVERSE,false
L11:T2:I43,11,T2,2026-07-05T08:36:53.000Z,2360,0,CORRIDOR,POLICY_UNIVERSE,false
L11:T2:I43,11,T2,2026-07-05T08:36:53.000Z,127,0,CORRIDOR,POLICY_UNIVERSE,false
L11:T2:I43,11,T2,2026-07-05T08:36:53.000Z,2779,0,CORRIDOR,POLICY_UNIVERSE,false
L11:T2:I43,11,T2,2026-07-05T08:36:53.000Z,1805,0,CORRIDOR,POLICY_UNIVERSE,false
L11:T2:I43,11,T2,2026-07-05T08:36:53.000Z,147,0,CORRIDOR,POLICY_UNIVERSE,false
L11:T2:I43,11,T2,2026-07-05T08:36:53.000Z,658,0,CORRIDOR,POLICY_UNIVERSE,false
L11:T2:I43,11,T2,2026-07-05T08:36:53.000Z,319,0,CORRIDOR,POLICY_UNIVERSE,false
L11:T2:I43,11,T2,2026-07-05T08:36:53.000Z,2639,0,CORRIDOR,POLICY_UNIVERSE,false
L11:T2:I43,11,T2,2026-07-05T08:36:53.000Z,2595,0,CORRIDOR,POLICY_UNIVERSE,false
L11:T2:I43,11,T2,2026-07-05T08:36:53.000Z,2766,0,CORRIDOR,POLICY_UNIVERSE,false
L11:T2:I43,11,T2,2026-07-05T08:36:53.000Z,2324,0,CORRIDOR,POLICY_UNIVERSE,false
L11:T2:I43,11,T2,2026-07-05T08:36:53.000Z,2835,0,CORRIDOR,POLICY_UNIVERSE,false
L11:T2:I43,11,T2,2026-07-05T08:36:53.000Z,674,0,CORRIDOR,POLICY_UNIVERSE,false
L11:T2:I43,11,T2,2026-07-05T08:36:53.000Z,2077,0,CORRIDOR,POLICY_UNIVERSE,false
L11:T2:I43,11,T2,2026-07-05T08:36:53.000Z,1684,0,CORRIDOR,POLICY_UNIVERSE,false
L11:T2:I43,11,T2,2026-07-05T08:36:53.000Z,1351,0,CORRIDOR,POLICY_UNIVERSE,false
L11:T2:I43,11,T2,2026-07-05T08:36:53.000Z,2439,0,CORRIDOR,POLICY_UNIVERSE,false
L11:T2:I43,11,T2,2026-07-05T08:36:53.000Z,1430,0,CORRIDOR,POLICY_UNIVERSE,false
L11:T2:I43,11,T2,2026-07-05T08:36:53.000Z,586,0,CORRIDOR,POLICY_UNIVERSE,false
L11:T2:I43,11,T2,2026-07-05T08:36:53.000Z,845,99,OBSERVED_OVERRIDE,OBSERVED_CURRENT_OVERRIDE,true
L11:T2:I36,11,T2,2026-07-06T10:25:16.000Z,322,0,CORRIDOR,POLICY_UNIVERSE,false
L11:T2:I36,11,T2,2026-07-06T10:25:16.000Z,2661,0,CORRIDOR,POLICY_UNIVERSE,false
L11:T2:I36,11,T2,2026-07-06T10:25:16.000Z,350,0,CORRIDOR,POLICY_UNIVERSE,false
L11:T2:I36,11,T2,2026-07-06T10:25:16.000Z,2316,0,CORRIDOR,POLICY_UNIVERSE,false
L11:T2:I36,11,T2,2026-07-06T10:25:16.000Z,1092,0,CORRIDOR,POLICY_UNIVERSE,false
L11:T2:I36,11,T2,2026-07-06T10:25:16.000Z,1768,0,CORRIDOR,POLICY_UNIVERSE,false
L11:T2:I36,11,T2,2026-07-06T10:25:16.000Z,2577,0,CORRIDOR,POLICY_UNIVERSE,false
L11:T2:I36,11,T2,2026-07-06T10:25:16.000Z,2790,0,CORRIDOR,POLICY_UNIVERSE,false
L11:T2:I36,11,T2,2026-07-06T10:25:16.000Z,969,0,CORRIDOR,POLICY_UNIVERSE,false
L11:T2:I36,11,T2,2026-07-06T10:25:16.000Z,366,0,CORRIDOR,POLICY_UNIVERSE,false
L11:T2:I36,11,T2,2026-07-06T10:25:16.000Z,1654,0,CORRIDOR,POLICY_UNIVERSE,false
L11:T2:I36,11,T2,2026-07-06T10:25:16.000Z,1129,0,CORRIDOR,POLICY_UNIVERSE,false
L11:T2:I36,11,T2,2026-07-06T10:25:16.000Z,2647,0,CORRIDOR,POLICY_UNIVERSE,false
L11:T2:I36,11,T2,2026-07-06T10:25:16.000Z,2564,0,CORRIDOR,POLICY_UNIVERSE,false
L11:T2:I36,11,T2,2026-07-06T10:25:16.000Z,1674,0,CORRIDOR,POLICY_UNIVERSE,false
L11:T2:I36,11,T2,2026-07-06T10:25:16.000Z,183,0,CORRIDOR,POLICY_UNIVERSE,false
L11:T2:I36,11,T2,2026-07-06T10:25:16.000Z,2979,0,CORRIDOR,POLICY_UNIVERSE,false
L11:T2:I36,11,T2,2026-07-06T10:25:16.000Z,93,0,CORRIDOR,POLICY_UNIVERSE,false
L11:T2:I36,11,T2,2026-07-06T10:25:16.000Z,335,0,CORRIDOR,POLICY_UNIVERSE,false
L11:T2:I36,11,T2,2026-07-06T10:25:16.000Z,2360,0,CORRIDOR,POLICY_UNIVERSE,false
L11:T2:I36,11,T2,2026-07-06T10:25:16.000Z,127,0,CORRIDOR,POLICY_UNIVERSE,false
L11:T2:I36,11,T2,2026-07-06T10:25:16.000Z,2779,0,CORRIDOR,POLICY_UNIVERSE,false
L11:T2:I36,11,T2,2026-07-06T10:25:16.000Z,1805,0,CORRIDOR,POLICY_UNIVERSE,false
L11:T2:I36,11,T2,2026-07-06T10:25:16.000Z,147,0,CORRIDOR,POLICY_UNIVERSE,false
L11:T2:I36,11,T2,2026-07-06T10:25:16.000Z,658,0,CORRIDOR,POLICY_UNIVERSE,false
L11:T2:I36,11,T2,2026-07-06T10:25:16.000Z,319,0,CORRIDOR,POLICY_UNIVERSE,false
L11:T2:I36,11,T2,2026-07-06T10:25:16.000Z,2639,0,CORRIDOR,POLICY_UNIVERSE,false
L11:T2:I36,11,T2,2026-07-06T10:25:16.000Z,2595,0,CORRIDOR,POLICY_UNIVERSE,false
L11:T2:I36,11,T2,2026-07-06T10:25:16.000Z,2766,0,CORRIDOR,POLICY_UNIVERSE,false
L11:T2:I36,11,T2,2026-07-06T10:25:16.000Z,2324,0,CORRIDOR,POLICY_UNIVERSE,false
L11:T2:I36,11,T2,2026-07-06T10:25:16.000Z,2835,0,CORRIDOR,POLICY_UNIVERSE,false
L11:T2:I36,11,T2,2026-07-06T10:25:16.000Z,674,0,CORRIDOR,POLICY_UNIVERSE,false
L11:T2:I36,11,T2,2026-07-06T10:25:16.000Z,2077,0,CORRIDOR,POLICY_UNIVERSE,false
L11:T2:I36,11,T2,2026-07-06T10:25:16.000Z,1684,0,CORRIDOR,POLICY_UNIVERSE,false
L11:T2:I36,11,T2,2026-07-06T10:25:16.000Z,1351,0,CORRIDOR,POLICY_UNIVERSE,false
L11:T2:I36,11,T2,2026-07-06T10:25:16.000Z,2439,0,CORRIDOR,POLICY_UNIVERSE,false
L11:T2:I36,11,T2,2026-07-06T10:25:16.000Z,1430,0,CORRIDOR,POLICY_UNIVERSE,false
L11:T2:I36,11,T2,2026-07-06T10:25:16.000Z,586,0,CORRIDOR,POLICY_UNIVERSE,false
L11:T2:I36,11,T2,2026-07-06T10:25:16.000Z,1695,99,OBSERVED_OVERRIDE,OBSERVED_CURRENT_OVERRIDE,true
L11:T2:I42,11,T2,2026-07-08T15:37:25.000Z,322,0,CORRIDOR,POLICY_UNIVERSE,false
L11:T2:I42,11,T2,2026-07-08T15:37:25.000Z,2661,0,CORRIDOR,POLICY_UNIVERSE,false
L11:T2:I42,11,T2,2026-07-08T15:37:25.000Z,350,0,CORRIDOR,POLICY_UNIVERSE,false
L11:T2:I42,11,T2,2026-07-08T15:37:25.000Z,2316,0,CORRIDOR,POLICY_UNIVERSE,false
L11:T2:I42,11,T2,2026-07-08T15:37:25.000Z,1092,0,CORRIDOR,POLICY_UNIVERSE,false
L11:T2:I42,11,T2,2026-07-08T15:37:25.000Z,1768,0,CORRIDOR,POLICY_UNIVERSE,false
L11:T2:I42,11,T2,2026-07-08T15:37:25.000Z,2577,0,CORRIDOR,POLICY_UNIVERSE,false
L11:T2:I42,11,T2,2026-07-08T15:37:25.000Z,2790,0,CORRIDOR,POLICY_UNIVERSE,false
L11:T2:I42,11,T2,2026-07-08T15:37:25.000Z,969,0,CORRIDOR,POLICY_UNIVERSE,false
L11:T2:I42,11,T2,2026-07-08T15:37:25.000Z,366,0,CORRIDOR,POLICY_UNIVERSE,false
L11:T2:I42,11,T2,2026-07-08T15:37:25.000Z,1654,0,CORRIDOR,POLICY_UNIVERSE,false
L11:T2:I42,11,T2,2026-07-08T15:37:25.000Z,1129,0,CORRIDOR,POLICY_UNIVERSE,false
L11:T2:I42,11,T2,2026-07-08T15:37:25.000Z,2647,0,CORRIDOR,POLICY_UNIVERSE,false
L11:T2:I42,11,T2,2026-07-08T15:37:25.000Z,2564,0,CORRIDOR,POLICY_UNIVERSE,false
L11:T2:I42,11,T2,2026-07-08T15:37:25.000Z,1674,0,CORRIDOR,POLICY_UNIVERSE,false
L11:T2:I42,11,T2,2026-07-08T15:37:25.000Z,183,0,CORRIDOR,POLICY_UNIVERSE,false
L11:T2:I42,11,T2,2026-07-08T15:37:25.000Z,2979,0,CORRIDOR,POLICY_UNIVERSE,false
L11:T2:I42,11,T2,2026-07-08T15:37:25.000Z,93,0,CORRIDOR,POLICY_UNIVERSE,false
L11:T2:I42,11,T2,2026-07-08T15:37:25.000Z,335,0,CORRIDOR,POLICY_UNIVERSE,false
L11:T2:I42,11,T2,2026-07-08T15:37:25.000Z,2360,0,CORRIDOR,POLICY_UNIVERSE,false
L11:T2:I42,11,T2,2026-07-08T15:37:25.000Z,127,0,CORRIDOR,POLICY_UNIVERSE,false
L11:T2:I42,11,T2,2026-07-08T15:37:25.000Z,2779,0,CORRIDOR,POLICY_UNIVERSE,false
L11:T2:I42,11,T2,2026-07-08T15:37:25.000Z,1805,0,CORRIDOR,POLICY_UNIVERSE,false
L11:T2:I42,11,T2,2026-07-08T15:37:25.000Z,147,0,CORRIDOR,POLICY_UNIVERSE,false
L11:T2:I42,11,T2,2026-07-08T15:37:25.000Z,658,0,CORRIDOR,POLICY_UNIVERSE,false
L11:T2:I42,11,T2,2026-07-08T15:37:25.000Z,319,0,CORRIDOR,POLICY_UNIVERSE,false
L11:T2:I42,11,T2,2026-07-08T15:37:25.000Z,2639,0,CORRIDOR,POLICY_UNIVERSE,false
L11:T2:I42,11,T2,2026-07-08T15:37:25.000Z,2595,0,CORRIDOR,POLICY_UNIVERSE,false
L11:T2:I42,11,T2,2026-07-08T15:37:25.000Z,2766,0,CORRIDOR,POLICY_UNIVERSE,false
L11:T2:I42,11,T2,2026-07-08T15:37:25.000Z,2324,0,CORRIDOR,POLICY_UNIVERSE,false
L11:T2:I42,11,T2,2026-07-08T15:37:25.000Z,2835,0,CORRIDOR,POLICY_UNIVERSE,false
L11:T2:I42,11,T2,2026-07-08T15:37:25.000Z,674,0,CORRIDOR,POLICY_UNIVERSE,false
L11:T2:I42,11,T2,2026-07-08T15:37:25.000Z,2077,0,CORRIDOR,POLICY_UNIVERSE,false
L11:T2:I42,11,T2,2026-07-08T15:37:25.000Z,1684,0,CORRIDOR,POLICY_UNIVERSE,false
L11:T2:I42,11,T2,2026-07-08T15:37:25.000Z,1351,0,CORRIDOR,POLICY_UNIVERSE,false
L11:T2:I42,11,T2,2026-07-08T15:37:25.000Z,2439,0,CORRIDOR,POLICY_UNIVERSE,false
L11:T2:I42,11,T2,2026-07-08T15:37:25.000Z,1430,0,CORRIDOR,POLICY_UNIVERSE,false
L11:T2:I42,11,T2,2026-07-08T15:37:25.000Z,586,0,CORRIDOR,POLICY_UNIVERSE,false
L11:T2:I42,11,T2,2026-07-08T15:37:25.000Z,261,99,OBSERVED_OVERRIDE,OBSERVED_CURRENT_OVERRIDE,true
L12:T0,12,T0,2025-08-17T00:00:00.000Z,105,0,CORRIDOR,POLICY_UNIVERSE,
L12:T0,12,T0,2025-08-17T00:00:00.000Z,1261,0,CORRIDOR,POLICY_UNIVERSE,
L12:T0,12,T0,2025-08-17T00:00:00.000Z,212,0,CORRIDOR,POLICY_UNIVERSE,
L12:T0,12,T0,2025-08-17T00:00:00.000Z,1338,0,CORRIDOR,POLICY_UNIVERSE,
L12:T0,12,T0,2025-08-17T00:00:00.000Z,2714,0,CORRIDOR,POLICY_UNIVERSE,
L12:T0,12,T0,2025-08-17T00:00:00.000Z,1504,0,CORRIDOR,POLICY_UNIVERSE,
L12:T0,12,T0,2025-08-17T00:00:00.000Z,316,0,CORRIDOR,POLICY_UNIVERSE,
L12:T0,12,T0,2025-08-17T00:00:00.000Z,707,0,CORRIDOR,POLICY_UNIVERSE,
L12:T0,12,T0,2025-08-17T00:00:00.000Z,2355,0,CORRIDOR,POLICY_UNIVERSE,
L12:T0,12,T0,2025-08-17T00:00:00.000Z,493,0,CORRIDOR,POLICY_UNIVERSE,
L12:T0,12,T0,2025-08-17T00:00:00.000Z,1417,0,CORRIDOR,POLICY_UNIVERSE,
L12:T0,12,T0,2025-08-17T00:00:00.000Z,2063,0,CORRIDOR,POLICY_UNIVERSE,
L12:T0,12,T0,2025-08-17T00:00:00.000Z,627,0,CORRIDOR,POLICY_UNIVERSE,
L12:T0,12,T0,2025-08-17T00:00:00.000Z,1033,0,CORRIDOR,POLICY_UNIVERSE,
L12:T0,12,T0,2025-08-17T00:00:00.000Z,1511,0,CORRIDOR,POLICY_UNIVERSE,
L12:T0,12,T0,2025-08-17T00:00:00.000Z,1853,0,CORRIDOR,POLICY_UNIVERSE,
L12:T0,12,T0,2025-08-17T00:00:00.000Z,489,0,CORRIDOR,POLICY_UNIVERSE,
L12:T0,12,T0,2025-08-17T00:00:00.000Z,894,0,CORRIDOR,POLICY_UNIVERSE,
L12:T0,12,T0,2025-08-17T00:00:00.000Z,2731,0,CORRIDOR,POLICY_UNIVERSE,
L12:T0,12,T0,2025-08-17T00:00:00.000Z,1537,0,CORRIDOR,POLICY_UNIVERSE,
L12:T0,12,T0,2025-08-17T00:00:00.000Z,1112,0,CORRIDOR,POLICY_UNIVERSE,
L12:T0,12,T0,2025-08-17T00:00:00.000Z,1585,0,CORRIDOR,POLICY_UNIVERSE,
L12:T0,12,T0,2025-08-17T00:00:00.000Z,743,0,CORRIDOR,POLICY_UNIVERSE,
L12:T0,12,T0,2025-08-17T00:00:00.000Z,1049,0,CORRIDOR,POLICY_UNIVERSE,
L12:T0,12,T0,2025-08-17T00:00:00.000Z,890,0,CORRIDOR,POLICY_UNIVERSE,
L12:T0,12,T0,2025-08-17T00:00:00.000Z,2597,0,CORRIDOR,POLICY_UNIVERSE,
L12:T0,12,T0,2025-08-17T00:00:00.000Z,2400,0,CORRIDOR,POLICY_UNIVERSE,
L12:T0,12,T0,2025-08-17T00:00:00.000Z,1895,0,CORRIDOR,POLICY_UNIVERSE,
L12:T0,12,T0,2025-08-17T00:00:00.000Z,2843,0,CORRIDOR,POLICY_UNIVERSE,
L12:T0,12,T0,2025-08-17T00:00:00.000Z,409,2,STATE,POLICY_UNIVERSE,
L12:T0,12,T0,2025-08-17T00:00:00.000Z,1415,2,STATE,POLICY_UNIVERSE,
L12:T0,12,T0,2025-08-17T00:00:00.000Z,898,2,STATE,POLICY_UNIVERSE,
L12:T0,12,T0,2025-08-17T00:00:00.000Z,2713,2,STATE,POLICY_UNIVERSE,
L12:T0,12,T0,2025-08-17T00:00:00.000Z,2059,2,STATE,POLICY_UNIVERSE,
L12:T0,12,T0,2025-08-17T00:00:00.000Z,169,2,STATE,POLICY_UNIVERSE,
L12:T0,12,T0,2025-08-17T00:00:00.000Z,1155,2,STATE,POLICY_UNIVERSE,
L12:T0,12,T0,2025-08-17T00:00:00.000Z,2894,2,STATE,POLICY_UNIVERSE,
L12:T0,12,T0,2025-08-17T00:00:00.000Z,1951,2,STATE,POLICY_UNIVERSE,
L12:T0,12,T0,2025-08-17T00:00:00.000Z,1167,2,STATE,POLICY_UNIVERSE,
L12:T0,12,T0,2025-08-17T00:00:00.000Z,512,2,STATE,POLICY_UNIVERSE,
L12:T0,12,T0,2025-08-17T00:00:00.000Z,2030,2,STATE,POLICY_UNIVERSE,
L12:T0,12,T0,2025-08-17T00:00:00.000Z,455,2,STATE,POLICY_UNIVERSE,
L12:T0,12,T0,2025-08-17T00:00:00.000Z,575,2,STATE,POLICY_UNIVERSE,
L12:T0,12,T0,2025-08-17T00:00:00.000Z,374,2,STATE,POLICY_UNIVERSE,
L12:T0,12,T0,2025-08-17T00:00:00.000Z,1830,2,STATE,POLICY_UNIVERSE,
L12:T0,12,T0,2025-08-17T00:00:00.000Z,55,2,STATE,POLICY_UNIVERSE,
L12:T0,12,T0,2025-08-17T00:00:00.000Z,955,2,STATE,POLICY_UNIVERSE,
L12:T0,12,T0,2025-08-17T00:00:00.000Z,460,2,STATE,POLICY_UNIVERSE,
L12:T0,12,T0,2025-08-17T00:00:00.000Z,2220,2,STATE,POLICY_UNIVERSE,
L12:T0,12,T0,2025-08-17T00:00:00.000Z,750,2,STATE,POLICY_UNIVERSE,
L12:T0,12,T0,2025-08-17T00:00:00.000Z,2222,2,STATE,POLICY_UNIVERSE,
L12:T0,12,T0,2025-08-17T00:00:00.000Z,2011,2,STATE,POLICY_UNIVERSE,
L12:T0,12,T0,2025-08-17T00:00:00.000Z,313,2,STATE,POLICY_UNIVERSE,
L12:T0,12,T0,2025-08-17T00:00:00.000Z,70,2,STATE,POLICY_UNIVERSE,
L12:T0,12,T0,2025-08-17T00:00:00.000Z,706,2,STATE,POLICY_UNIVERSE,
L12:T0,12,T0,2025-08-17T00:00:00.000Z,1027,2,STATE,POLICY_UNIVERSE,
L12:T0,12,T0,2025-08-17T00:00:00.000Z,1017,2,STATE,POLICY_UNIVERSE,
L12:T0,12,T0,2025-08-17T00:00:00.000Z,1527,2,STATE,POLICY_UNIVERSE,
L12:T0,12,T0,2025-08-17T00:00:00.000Z,1646,2,STATE,POLICY_UNIVERSE,
L12:T1:I46,12,T1,2025-08-19T20:35:53.000Z,105,0,CORRIDOR,POLICY_UNIVERSE,false
L12:T1:I46,12,T1,2025-08-19T20:35:53.000Z,1261,0,CORRIDOR,POLICY_UNIVERSE,false
L12:T1:I46,12,T1,2025-08-19T20:35:53.000Z,212,0,CORRIDOR,POLICY_UNIVERSE,false
L12:T1:I46,12,T1,2025-08-19T20:35:53.000Z,1338,0,CORRIDOR,POLICY_UNIVERSE,false
L12:T1:I46,12,T1,2025-08-19T20:35:53.000Z,2714,0,CORRIDOR,POLICY_UNIVERSE,false
L12:T1:I46,12,T1,2025-08-19T20:35:53.000Z,1504,0,CORRIDOR,POLICY_UNIVERSE,false
L12:T1:I46,12,T1,2025-08-19T20:35:53.000Z,316,0,CORRIDOR,POLICY_UNIVERSE,false
L12:T1:I46,12,T1,2025-08-19T20:35:53.000Z,707,0,CORRIDOR,POLICY_UNIVERSE,false
L12:T1:I46,12,T1,2025-08-19T20:35:53.000Z,2355,0,CORRIDOR,POLICY_UNIVERSE,false
L12:T1:I46,12,T1,2025-08-19T20:35:53.000Z,493,0,CORRIDOR,POLICY_UNIVERSE,false
L12:T1:I46,12,T1,2025-08-19T20:35:53.000Z,1417,0,CORRIDOR,POLICY_UNIVERSE,false
L12:T1:I46,12,T1,2025-08-19T20:35:53.000Z,2063,0,CORRIDOR,POLICY_UNIVERSE,false
L12:T1:I46,12,T1,2025-08-19T20:35:53.000Z,627,0,CORRIDOR,POLICY_UNIVERSE,false
L12:T1:I46,12,T1,2025-08-19T20:35:53.000Z,1033,0,CORRIDOR,POLICY_UNIVERSE,false
L12:T1:I46,12,T1,2025-08-19T20:35:53.000Z,1511,0,CORRIDOR,POLICY_UNIVERSE,false
L12:T1:I46,12,T1,2025-08-19T20:35:53.000Z,1853,0,CORRIDOR,POLICY_UNIVERSE,false
L12:T1:I46,12,T1,2025-08-19T20:35:53.000Z,489,0,CORRIDOR,POLICY_UNIVERSE,false
L12:T1:I46,12,T1,2025-08-19T20:35:53.000Z,894,0,CORRIDOR,POLICY_UNIVERSE,false
L12:T1:I46,12,T1,2025-08-19T20:35:53.000Z,2731,0,CORRIDOR,POLICY_UNIVERSE,false
L12:T1:I46,12,T1,2025-08-19T20:35:53.000Z,1537,0,CORRIDOR,POLICY_UNIVERSE,false
L12:T1:I46,12,T1,2025-08-19T20:35:53.000Z,1112,0,CORRIDOR,POLICY_UNIVERSE,false
L12:T1:I46,12,T1,2025-08-19T20:35:53.000Z,1585,0,CORRIDOR,POLICY_UNIVERSE,false
L12:T1:I46,12,T1,2025-08-19T20:35:53.000Z,743,0,CORRIDOR,POLICY_UNIVERSE,false
L12:T1:I46,12,T1,2025-08-19T20:35:53.000Z,1049,0,CORRIDOR,POLICY_UNIVERSE,false
L12:T1:I46,12,T1,2025-08-19T20:35:53.000Z,890,0,CORRIDOR,POLICY_UNIVERSE,false
L12:T1:I46,12,T1,2025-08-19T20:35:53.000Z,2597,0,CORRIDOR,POLICY_UNIVERSE,false
L12:T1:I46,12,T1,2025-08-19T20:35:53.000Z,2400,0,CORRIDOR,POLICY_UNIVERSE,false
L12:T1:I46,12,T1,2025-08-19T20:35:53.000Z,1895,0,CORRIDOR,POLICY_UNIVERSE,false
L12:T1:I46,12,T1,2025-08-19T20:35:53.000Z,2843,0,CORRIDOR,POLICY_UNIVERSE,false
L12:T1:I46,12,T1,2025-08-19T20:35:53.000Z,409,2,STATE,POLICY_UNIVERSE,false
L12:T1:I46,12,T1,2025-08-19T20:35:53.000Z,1415,2,STATE,POLICY_UNIVERSE,false
L12:T1:I46,12,T1,2025-08-19T20:35:53.000Z,898,2,STATE,POLICY_UNIVERSE,false
L12:T1:I46,12,T1,2025-08-19T20:35:53.000Z,2713,2,STATE,POLICY_UNIVERSE,false
L12:T1:I46,12,T1,2025-08-19T20:35:53.000Z,2059,2,STATE,POLICY_UNIVERSE,false
L12:T1:I46,12,T1,2025-08-19T20:35:53.000Z,169,2,STATE,POLICY_UNIVERSE,false
L12:T1:I46,12,T1,2025-08-19T20:35:53.000Z,1155,2,STATE,POLICY_UNIVERSE,false
L12:T1:I46,12,T1,2025-08-19T20:35:53.000Z,2894,2,STATE,POLICY_UNIVERSE,false
L12:T1:I46,12,T1,2025-08-19T20:35:53.000Z,1951,2,STATE,POLICY_UNIVERSE,false
L12:T1:I46,12,T1,2025-08-19T20:35:53.000Z,1167,2,STATE,POLICY_UNIVERSE,false
L12:T1:I46,12,T1,2025-08-19T20:35:53.000Z,512,2,STATE,POLICY_UNIVERSE,false
L12:T1:I46,12,T1,2025-08-19T20:35:53.000Z,2030,2,STATE,POLICY_UNIVERSE,false
L12:T1:I46,12,T1,2025-08-19T20:35:53.000Z,455,2,STATE,POLICY_UNIVERSE,false
L12:T1:I46,12,T1,2025-08-19T20:35:53.000Z,575,2,STATE,POLICY_UNIVERSE,false
L12:T1:I46,12,T1,2025-08-19T20:35:53.000Z,374,2,STATE,POLICY_UNIVERSE,false
L12:T1:I46,12,T1,2025-08-19T20:35:53.000Z,1830,2,STATE,POLICY_UNIVERSE,false
L12:T1:I46,12,T1,2025-08-19T20:35:53.000Z,55,2,STATE,POLICY_UNIVERSE,false
L12:T1:I46,12,T1,2025-08-19T20:35:53.000Z,955,2,STATE,POLICY_UNIVERSE,false
L12:T1:I46,12,T1,2025-08-19T20:35:53.000Z,460,2,STATE,POLICY_UNIVERSE,false
L12:T1:I46,12,T1,2025-08-19T20:35:53.000Z,2220,2,STATE,POLICY_UNIVERSE,false
L12:T1:I46,12,T1,2025-08-19T20:35:53.000Z,750,2,STATE,POLICY_UNIVERSE,false
L12:T1:I46,12,T1,2025-08-19T20:35:53.000Z,2222,2,STATE,POLICY_UNIVERSE,false
L12:T1:I46,12,T1,2025-08-19T20:35:53.000Z,2011,2,STATE,POLICY_UNIVERSE,false
L12:T1:I46,12,T1,2025-08-19T20:35:53.000Z,313,2,STATE,POLICY_UNIVERSE,false
L12:T1:I46,12,T1,2025-08-19T20:35:53.000Z,70,2,STATE,POLICY_UNIVERSE,false
L12:T1:I46,12,T1,2025-08-19T20:35:53.000Z,706,2,STATE,POLICY_UNIVERSE,false
L12:T1:I46,12,T1,2025-08-19T20:35:53.000Z,1027,2,STATE,POLICY_UNIVERSE,false
L12:T1:I46,12,T1,2025-08-19T20:35:53.000Z,1017,2,STATE,POLICY_UNIVERSE,false
L12:T1:I46,12,T1,2025-08-19T20:35:53.000Z,1527,2,STATE,POLICY_UNIVERSE,false
L12:T1:I46,12,T1,2025-08-19T20:35:53.000Z,1646,2,STATE,POLICY_UNIVERSE,false
L12:T1:I46,12,T1,2025-08-19T20:35:53.000Z,1264,2,STATE,POLICY_UNIVERSE,false
L12:T1:I46,12,T1,2025-08-19T20:35:53.000Z,2161,99,OBSERVED_OVERRIDE,OBSERVED_CURRENT_OVERRIDE,true
L12:T2:I44,12,T2,2025-08-22T10:31:11.000Z,105,0,CORRIDOR,POLICY_UNIVERSE,false
L12:T2:I44,12,T2,2025-08-22T10:31:11.000Z,1261,0,CORRIDOR,POLICY_UNIVERSE,false
L12:T2:I44,12,T2,2025-08-22T10:31:11.000Z,212,0,CORRIDOR,POLICY_UNIVERSE,false
L12:T2:I44,12,T2,2025-08-22T10:31:11.000Z,1338,0,CORRIDOR,POLICY_UNIVERSE,false
L12:T2:I44,12,T2,2025-08-22T10:31:11.000Z,2714,0,CORRIDOR,POLICY_UNIVERSE,false
L12:T2:I44,12,T2,2025-08-22T10:31:11.000Z,1504,0,CORRIDOR,POLICY_UNIVERSE,false
L12:T2:I44,12,T2,2025-08-22T10:31:11.000Z,316,0,CORRIDOR,POLICY_UNIVERSE,false
L12:T2:I44,12,T2,2025-08-22T10:31:11.000Z,707,0,CORRIDOR,POLICY_UNIVERSE,false
L12:T2:I44,12,T2,2025-08-22T10:31:11.000Z,2355,0,CORRIDOR,POLICY_UNIVERSE,false
L12:T2:I44,12,T2,2025-08-22T10:31:11.000Z,493,0,CORRIDOR,POLICY_UNIVERSE,false
L12:T2:I44,12,T2,2025-08-22T10:31:11.000Z,1417,0,CORRIDOR,POLICY_UNIVERSE,false
L12:T2:I44,12,T2,2025-08-22T10:31:11.000Z,2063,0,CORRIDOR,POLICY_UNIVERSE,false
L12:T2:I44,12,T2,2025-08-22T10:31:11.000Z,627,0,CORRIDOR,POLICY_UNIVERSE,false
L12:T2:I44,12,T2,2025-08-22T10:31:11.000Z,1033,0,CORRIDOR,POLICY_UNIVERSE,false
L12:T2:I44,12,T2,2025-08-22T10:31:11.000Z,1511,0,CORRIDOR,POLICY_UNIVERSE,false
L12:T2:I44,12,T2,2025-08-22T10:31:11.000Z,1853,0,CORRIDOR,POLICY_UNIVERSE,false
L12:T2:I44,12,T2,2025-08-22T10:31:11.000Z,489,0,CORRIDOR,POLICY_UNIVERSE,false
L12:T2:I44,12,T2,2025-08-22T10:31:11.000Z,894,0,CORRIDOR,POLICY_UNIVERSE,false
L12:T2:I44,12,T2,2025-08-22T10:31:11.000Z,2731,0,CORRIDOR,POLICY_UNIVERSE,false
L12:T2:I44,12,T2,2025-08-22T10:31:11.000Z,1537,0,CORRIDOR,POLICY_UNIVERSE,false
L12:T2:I44,12,T2,2025-08-22T10:31:11.000Z,1112,0,CORRIDOR,POLICY_UNIVERSE,false
L12:T2:I44,12,T2,2025-08-22T10:31:11.000Z,1585,0,CORRIDOR,POLICY_UNIVERSE,false
L12:T2:I44,12,T2,2025-08-22T10:31:11.000Z,743,0,CORRIDOR,POLICY_UNIVERSE,false
L12:T2:I44,12,T2,2025-08-22T10:31:11.000Z,1049,0,CORRIDOR,POLICY_UNIVERSE,false
L12:T2:I44,12,T2,2025-08-22T10:31:11.000Z,890,0,CORRIDOR,POLICY_UNIVERSE,false
L12:T2:I44,12,T2,2025-08-22T10:31:11.000Z,2597,0,CORRIDOR,POLICY_UNIVERSE,false
L12:T2:I44,12,T2,2025-08-22T10:31:11.000Z,2400,0,CORRIDOR,POLICY_UNIVERSE,false
L12:T2:I44,12,T2,2025-08-22T10:31:11.000Z,1895,0,CORRIDOR,POLICY_UNIVERSE,false
L12:T2:I44,12,T2,2025-08-22T10:31:11.000Z,2843,0,CORRIDOR,POLICY_UNIVERSE,false
L12:T2:I44,12,T2,2025-08-22T10:31:11.000Z,409,2,STATE,POLICY_UNIVERSE,false
L12:T2:I44,12,T2,2025-08-22T10:31:11.000Z,1415,2,STATE,POLICY_UNIVERSE,false
L12:T2:I44,12,T2,2025-08-22T10:31:11.000Z,898,2,STATE,POLICY_UNIVERSE,false
L12:T2:I44,12,T2,2025-08-22T10:31:11.000Z,2713,2,STATE,POLICY_UNIVERSE,false
L12:T2:I44,12,T2,2025-08-22T10:31:11.000Z,2059,2,STATE,POLICY_UNIVERSE,false
L12:T2:I44,12,T2,2025-08-22T10:31:11.000Z,169,2,STATE,POLICY_UNIVERSE,false
L12:T2:I44,12,T2,2025-08-22T10:31:11.000Z,1155,2,STATE,POLICY_UNIVERSE,false
L12:T2:I44,12,T2,2025-08-22T10:31:11.000Z,2894,2,STATE,POLICY_UNIVERSE,false
L12:T2:I44,12,T2,2025-08-22T10:31:11.000Z,1951,2,STATE,POLICY_UNIVERSE,false
L12:T2:I44,12,T2,2025-08-22T10:31:11.000Z,1167,2,STATE,POLICY_UNIVERSE,false
L12:T2:I44,12,T2,2025-08-22T10:31:11.000Z,512,2,STATE,POLICY_UNIVERSE,false
L12:T2:I44,12,T2,2025-08-22T10:31:11.000Z,2030,2,STATE,POLICY_UNIVERSE,false
L12:T2:I44,12,T2,2025-08-22T10:31:11.000Z,455,2,STATE,POLICY_UNIVERSE,false
L12:T2:I44,12,T2,2025-08-22T10:31:11.000Z,575,2,STATE,POLICY_UNIVERSE,false
L12:T2:I44,12,T2,2025-08-22T10:31:11.000Z,374,2,STATE,POLICY_UNIVERSE,false
L12:T2:I44,12,T2,2025-08-22T10:31:11.000Z,1830,2,STATE,POLICY_UNIVERSE,false
L12:T2:I44,12,T2,2025-08-22T10:31:11.000Z,55,2,STATE,POLICY_UNIVERSE,false
L12:T2:I44,12,T2,2025-08-22T10:31:11.000Z,955,2,STATE,POLICY_UNIVERSE,false
L12:T2:I44,12,T2,2025-08-22T10:31:11.000Z,460,2,STATE,POLICY_UNIVERSE,false
L12:T2:I44,12,T2,2025-08-22T10:31:11.000Z,2220,2,STATE,POLICY_UNIVERSE,false
L12:T2:I44,12,T2,2025-08-22T10:31:11.000Z,750,2,STATE,POLICY_UNIVERSE,false
L12:T2:I44,12,T2,2025-08-22T10:31:11.000Z,2222,2,STATE,POLICY_UNIVERSE,false
L12:T2:I44,12,T2,2025-08-22T10:31:11.000Z,2011,2,STATE,POLICY_UNIVERSE,false
L12:T2:I44,12,T2,2025-08-22T10:31:11.000Z,313,2,STATE,POLICY_UNIVERSE,false
L12:T2:I44,12,T2,2025-08-22T10:31:11.000Z,70,2,STATE,POLICY_UNIVERSE,false
L12:T2:I44,12,T2,2025-08-22T10:31:11.000Z,706,2,STATE,POLICY_UNIVERSE,false
L12:T2:I44,12,T2,2025-08-22T10:31:11.000Z,1027,2,STATE,POLICY_UNIVERSE,false
L12:T2:I44,12,T2,2025-08-22T10:31:11.000Z,1017,2,STATE,POLICY_UNIVERSE,false
L12:T2:I44,12,T2,2025-08-22T10:31:11.000Z,1527,2,STATE,POLICY_UNIVERSE,false
L12:T2:I44,12,T2,2025-08-22T10:31:11.000Z,1646,2,STATE,POLICY_UNIVERSE,false
L12:T2:I44,12,T2,2025-08-22T10:31:11.000Z,1264,2,STATE,POLICY_UNIVERSE,false
L12:T2:I44,12,T2,2025-08-22T10:31:11.000Z,1369,2,STATE,POLICY_UNIVERSE,false
L12:T2:I44,12,T2,2025-08-22T10:31:11.000Z,2493,99,OBSERVED_OVERRIDE,OBSERVED_CURRENT_OVERRIDE,true
L12:T2:I45,12,T2,2025-08-26T10:36:18.000Z,105,0,CORRIDOR,POLICY_UNIVERSE,false
L12:T2:I45,12,T2,2025-08-26T10:36:18.000Z,1261,0,CORRIDOR,POLICY_UNIVERSE,false
L12:T2:I45,12,T2,2025-08-26T10:36:18.000Z,212,0,CORRIDOR,POLICY_UNIVERSE,false
L12:T2:I45,12,T2,2025-08-26T10:36:18.000Z,1338,0,CORRIDOR,POLICY_UNIVERSE,false
L12:T2:I45,12,T2,2025-08-26T10:36:18.000Z,2714,0,CORRIDOR,POLICY_UNIVERSE,false
L12:T2:I45,12,T2,2025-08-26T10:36:18.000Z,1504,0,CORRIDOR,POLICY_UNIVERSE,false
L12:T2:I45,12,T2,2025-08-26T10:36:18.000Z,316,0,CORRIDOR,POLICY_UNIVERSE,false
L12:T2:I45,12,T2,2025-08-26T10:36:18.000Z,707,0,CORRIDOR,POLICY_UNIVERSE,false
L12:T2:I45,12,T2,2025-08-26T10:36:18.000Z,2355,0,CORRIDOR,POLICY_UNIVERSE,false
L12:T2:I45,12,T2,2025-08-26T10:36:18.000Z,493,0,CORRIDOR,POLICY_UNIVERSE,false
L12:T2:I45,12,T2,2025-08-26T10:36:18.000Z,1417,0,CORRIDOR,POLICY_UNIVERSE,false
L12:T2:I45,12,T2,2025-08-26T10:36:18.000Z,2063,0,CORRIDOR,POLICY_UNIVERSE,false
L12:T2:I45,12,T2,2025-08-26T10:36:18.000Z,627,0,CORRIDOR,POLICY_UNIVERSE,false
L12:T2:I45,12,T2,2025-08-26T10:36:18.000Z,1033,0,CORRIDOR,POLICY_UNIVERSE,false
L12:T2:I45,12,T2,2025-08-26T10:36:18.000Z,1511,0,CORRIDOR,POLICY_UNIVERSE,false
L12:T2:I45,12,T2,2025-08-26T10:36:18.000Z,1853,0,CORRIDOR,POLICY_UNIVERSE,false
L12:T2:I45,12,T2,2025-08-26T10:36:18.000Z,489,0,CORRIDOR,POLICY_UNIVERSE,false
L12:T2:I45,12,T2,2025-08-26T10:36:18.000Z,894,0,CORRIDOR,POLICY_UNIVERSE,false
L12:T2:I45,12,T2,2025-08-26T10:36:18.000Z,2731,0,CORRIDOR,POLICY_UNIVERSE,false
L12:T2:I45,12,T2,2025-08-26T10:36:18.000Z,1537,0,CORRIDOR,POLICY_UNIVERSE,false
L12:T2:I45,12,T2,2025-08-26T10:36:18.000Z,1112,0,CORRIDOR,POLICY_UNIVERSE,false
L12:T2:I45,12,T2,2025-08-26T10:36:18.000Z,1585,0,CORRIDOR,POLICY_UNIVERSE,false
L12:T2:I45,12,T2,2025-08-26T10:36:18.000Z,743,0,CORRIDOR,POLICY_UNIVERSE,false
L12:T2:I45,12,T2,2025-08-26T10:36:18.000Z,1049,0,CORRIDOR,POLICY_UNIVERSE,false
L12:T2:I45,12,T2,2025-08-26T10:36:18.000Z,890,0,CORRIDOR,POLICY_UNIVERSE,false
L12:T2:I45,12,T2,2025-08-26T10:36:18.000Z,2597,0,CORRIDOR,POLICY_UNIVERSE,false
L12:T2:I45,12,T2,2025-08-26T10:36:18.000Z,2400,0,CORRIDOR,POLICY_UNIVERSE,false
L12:T2:I45,12,T2,2025-08-26T10:36:18.000Z,1895,0,CORRIDOR,POLICY_UNIVERSE,false
L12:T2:I45,12,T2,2025-08-26T10:36:18.000Z,2843,0,CORRIDOR,POLICY_UNIVERSE,false
L12:T2:I45,12,T2,2025-08-26T10:36:18.000Z,409,2,STATE,POLICY_UNIVERSE,false
L12:T2:I45,12,T2,2025-08-26T10:36:18.000Z,1415,2,STATE,POLICY_UNIVERSE,false
L12:T2:I45,12,T2,2025-08-26T10:36:18.000Z,898,2,STATE,POLICY_UNIVERSE,false
L12:T2:I45,12,T2,2025-08-26T10:36:18.000Z,2713,2,STATE,POLICY_UNIVERSE,false
L12:T2:I45,12,T2,2025-08-26T10:36:18.000Z,2059,2,STATE,POLICY_UNIVERSE,false
L12:T2:I45,12,T2,2025-08-26T10:36:18.000Z,169,2,STATE,POLICY_UNIVERSE,false
L12:T2:I45,12,T2,2025-08-26T10:36:18.000Z,1155,2,STATE,POLICY_UNIVERSE,false
L12:T2:I45,12,T2,2025-08-26T10:36:18.000Z,2894,2,STATE,POLICY_UNIVERSE,false
L12:T2:I45,12,T2,2025-08-26T10:36:18.000Z,1951,2,STATE,POLICY_UNIVERSE,false
L12:T2:I45,12,T2,2025-08-26T10:36:18.000Z,1167,2,STATE,POLICY_UNIVERSE,false
L12:T2:I45,12,T2,2025-08-26T10:36:18.000Z,512,2,STATE,POLICY_UNIVERSE,false
L12:T2:I45,12,T2,2025-08-26T10:36:18.000Z,2030,2,STATE,POLICY_UNIVERSE,false
L12:T2:I45,12,T2,2025-08-26T10:36:18.000Z,455,2,STATE,POLICY_UNIVERSE,false
L12:T2:I45,12,T2,2025-08-26T10:36:18.000Z,575,2,STATE,POLICY_UNIVERSE,false
L12:T2:I45,12,T2,2025-08-26T10:36:18.000Z,374,2,STATE,POLICY_UNIVERSE,false
L12:T2:I45,12,T2,2025-08-26T10:36:18.000Z,1830,2,STATE,POLICY_UNIVERSE,false
L12:T2:I45,12,T2,2025-08-26T10:36:18.000Z,55,2,STATE,POLICY_UNIVERSE,false
L12:T2:I45,12,T2,2025-08-26T10:36:18.000Z,955,2,STATE,POLICY_UNIVERSE,false
L12:T2:I45,12,T2,2025-08-26T10:36:18.000Z,460,2,STATE,POLICY_UNIVERSE,false
L12:T2:I45,12,T2,2025-08-26T10:36:18.000Z,2220,2,STATE,POLICY_UNIVERSE,false
L12:T2:I45,12,T2,2025-08-26T10:36:18.000Z,750,2,STATE,POLICY_UNIVERSE,false
L12:T2:I45,12,T2,2025-08-26T10:36:18.000Z,2222,2,STATE,POLICY_UNIVERSE,false
L12:T2:I45,12,T2,2025-08-26T10:36:18.000Z,2011,2,STATE,POLICY_UNIVERSE,false
L12:T2:I45,12,T2,2025-08-26T10:36:18.000Z,313,2,STATE,POLICY_UNIVERSE,false
L12:T2:I45,12,T2,2025-08-26T10:36:18.000Z,70,2,STATE,POLICY_UNIVERSE,false
L12:T2:I45,12,T2,2025-08-26T10:36:18.000Z,706,2,STATE,POLICY_UNIVERSE,false
L12:T2:I45,12,T2,2025-08-26T10:36:18.000Z,1027,2,STATE,POLICY_UNIVERSE,false
L12:T2:I45,12,T2,2025-08-26T10:36:18.000Z,1017,2,STATE,POLICY_UNIVERSE,false
L12:T2:I45,12,T2,2025-08-26T10:36:18.000Z,1527,2,STATE,POLICY_UNIVERSE,false
L12:T2:I45,12,T2,2025-08-26T10:36:18.000Z,1646,2,STATE,POLICY_UNIVERSE,false
L12:T2:I45,12,T2,2025-08-26T10:36:18.000Z,1264,2,STATE,POLICY_UNIVERSE,false
L12:T2:I45,12,T2,2025-08-26T10:36:18.000Z,1369,2,STATE,POLICY_UNIVERSE,false
L12:T2:I45,12,T2,2025-08-26T10:36:18.000Z,610,2,STATE,POLICY_UNIVERSE,false
L12:T2:I45,12,T2,2025-08-26T10:36:18.000Z,1638,99,OBSERVED_OVERRIDE,OBSERVED_CURRENT_OVERRIDE,true
L12:T2:I47,12,T2,2025-08-29T07:08:33.000Z,105,0,CORRIDOR,POLICY_UNIVERSE,false
L12:T2:I47,12,T2,2025-08-29T07:08:33.000Z,1261,0,CORRIDOR,POLICY_UNIVERSE,false
L12:T2:I47,12,T2,2025-08-29T07:08:33.000Z,212,0,CORRIDOR,POLICY_UNIVERSE,false
L12:T2:I47,12,T2,2025-08-29T07:08:33.000Z,1338,0,CORRIDOR,POLICY_UNIVERSE,false
L12:T2:I47,12,T2,2025-08-29T07:08:33.000Z,2714,0,CORRIDOR,POLICY_UNIVERSE,false
L12:T2:I47,12,T2,2025-08-29T07:08:33.000Z,1504,0,CORRIDOR,POLICY_UNIVERSE,false
L12:T2:I47,12,T2,2025-08-29T07:08:33.000Z,316,0,CORRIDOR,POLICY_UNIVERSE,false
L12:T2:I47,12,T2,2025-08-29T07:08:33.000Z,707,0,CORRIDOR,POLICY_UNIVERSE,false
L12:T2:I47,12,T2,2025-08-29T07:08:33.000Z,2355,0,CORRIDOR,POLICY_UNIVERSE,false
L12:T2:I47,12,T2,2025-08-29T07:08:33.000Z,493,0,CORRIDOR,POLICY_UNIVERSE,false
L12:T2:I47,12,T2,2025-08-29T07:08:33.000Z,1417,0,CORRIDOR,POLICY_UNIVERSE,false
L12:T2:I47,12,T2,2025-08-29T07:08:33.000Z,2063,0,CORRIDOR,POLICY_UNIVERSE,false
L12:T2:I47,12,T2,2025-08-29T07:08:33.000Z,627,0,CORRIDOR,POLICY_UNIVERSE,false
L12:T2:I47,12,T2,2025-08-29T07:08:33.000Z,1033,0,CORRIDOR,POLICY_UNIVERSE,false
L12:T2:I47,12,T2,2025-08-29T07:08:33.000Z,1511,0,CORRIDOR,POLICY_UNIVERSE,false
L12:T2:I47,12,T2,2025-08-29T07:08:33.000Z,1853,0,CORRIDOR,POLICY_UNIVERSE,false
L12:T2:I47,12,T2,2025-08-29T07:08:33.000Z,489,0,CORRIDOR,POLICY_UNIVERSE,false
L12:T2:I47,12,T2,2025-08-29T07:08:33.000Z,894,0,CORRIDOR,POLICY_UNIVERSE,false
L12:T2:I47,12,T2,2025-08-29T07:08:33.000Z,2731,0,CORRIDOR,POLICY_UNIVERSE,false
L12:T2:I47,12,T2,2025-08-29T07:08:33.000Z,1537,0,CORRIDOR,POLICY_UNIVERSE,false
L12:T2:I47,12,T2,2025-08-29T07:08:33.000Z,1112,0,CORRIDOR,POLICY_UNIVERSE,false
L12:T2:I47,12,T2,2025-08-29T07:08:33.000Z,1585,0,CORRIDOR,POLICY_UNIVERSE,false
L12:T2:I47,12,T2,2025-08-29T07:08:33.000Z,743,0,CORRIDOR,POLICY_UNIVERSE,false
L12:T2:I47,12,T2,2025-08-29T07:08:33.000Z,1049,0,CORRIDOR,POLICY_UNIVERSE,false
L12:T2:I47,12,T2,2025-08-29T07:08:33.000Z,890,0,CORRIDOR,POLICY_UNIVERSE,false
L12:T2:I47,12,T2,2025-08-29T07:08:33.000Z,2597,0,CORRIDOR,POLICY_UNIVERSE,false
L12:T2:I47,12,T2,2025-08-29T07:08:33.000Z,2400,0,CORRIDOR,POLICY_UNIVERSE,false
L12:T2:I47,12,T2,2025-08-29T07:08:33.000Z,1895,0,CORRIDOR,POLICY_UNIVERSE,false
L12:T2:I47,12,T2,2025-08-29T07:08:33.000Z,2843,0,CORRIDOR,POLICY_UNIVERSE,false
L12:T2:I47,12,T2,2025-08-29T07:08:33.000Z,409,2,STATE,POLICY_UNIVERSE,false
L12:T2:I47,12,T2,2025-08-29T07:08:33.000Z,1415,2,STATE,POLICY_UNIVERSE,false
L12:T2:I47,12,T2,2025-08-29T07:08:33.000Z,898,2,STATE,POLICY_UNIVERSE,false
L12:T2:I47,12,T2,2025-08-29T07:08:33.000Z,2713,2,STATE,POLICY_UNIVERSE,false
L12:T2:I47,12,T2,2025-08-29T07:08:33.000Z,2059,2,STATE,POLICY_UNIVERSE,false
L12:T2:I47,12,T2,2025-08-29T07:08:33.000Z,169,2,STATE,POLICY_UNIVERSE,false
L12:T2:I47,12,T2,2025-08-29T07:08:33.000Z,1155,2,STATE,POLICY_UNIVERSE,false
L12:T2:I47,12,T2,2025-08-29T07:08:33.000Z,2894,2,STATE,POLICY_UNIVERSE,false
L12:T2:I47,12,T2,2025-08-29T07:08:33.000Z,1951,2,STATE,POLICY_UNIVERSE,false
L12:T2:I47,12,T2,2025-08-29T07:08:33.000Z,1167,2,STATE,POLICY_UNIVERSE,false
L12:T2:I47,12,T2,2025-08-29T07:08:33.000Z,512,2,STATE,POLICY_UNIVERSE,false
L12:T2:I47,12,T2,2025-08-29T07:08:33.000Z,2030,2,STATE,POLICY_UNIVERSE,false
L12:T2:I47,12,T2,2025-08-29T07:08:33.000Z,455,2,STATE,POLICY_UNIVERSE,false
L12:T2:I47,12,T2,2025-08-29T07:08:33.000Z,575,2,STATE,POLICY_UNIVERSE,false
L12:T2:I47,12,T2,2025-08-29T07:08:33.000Z,374,2,STATE,POLICY_UNIVERSE,false
L12:T2:I47,12,T2,2025-08-29T07:08:33.000Z,1830,2,STATE,POLICY_UNIVERSE,false
L12:T2:I47,12,T2,2025-08-29T07:08:33.000Z,55,2,STATE,POLICY_UNIVERSE,false
L12:T2:I47,12,T2,2025-08-29T07:08:33.000Z,955,2,STATE,POLICY_UNIVERSE,false
L12:T2:I47,12,T2,2025-08-29T07:08:33.000Z,460,2,STATE,POLICY_UNIVERSE,false
L12:T2:I47,12,T2,2025-08-29T07:08:33.000Z,2220,2,STATE,POLICY_UNIVERSE,false
L12:T2:I47,12,T2,2025-08-29T07:08:33.000Z,750,2,STATE,POLICY_UNIVERSE,false
L12:T2:I47,12,T2,2025-08-29T07:08:33.000Z,2222,2,STATE,POLICY_UNIVERSE,false
L12:T2:I47,12,T2,2025-08-29T07:08:33.000Z,2011,2,STATE,POLICY_UNIVERSE,false
L12:T2:I47,12,T2,2025-08-29T07:08:33.000Z,313,2,STATE,POLICY_UNIVERSE,false
L12:T2:I47,12,T2,2025-08-29T07:08:33.000Z,70,2,STATE,POLICY_UNIVERSE,false
L12:T2:I47,12,T2,2025-08-29T07:08:33.000Z,706,2,STATE,POLICY_UNIVERSE,false
L12:T2:I47,12,T2,2025-08-29T07:08:33.000Z,1027,2,STATE,POLICY_UNIVERSE,false
L12:T2:I47,12,T2,2025-08-29T07:08:33.000Z,1017,2,STATE,POLICY_UNIVERSE,false
L12:T2:I47,12,T2,2025-08-29T07:08:33.000Z,1527,2,STATE,POLICY_UNIVERSE,false
L12:T2:I47,12,T2,2025-08-29T07:08:33.000Z,1646,2,STATE,POLICY_UNIVERSE,false
L12:T2:I47,12,T2,2025-08-29T07:08:33.000Z,1264,2,STATE,POLICY_UNIVERSE,false
L12:T2:I47,12,T2,2025-08-29T07:08:33.000Z,1369,2,STATE,POLICY_UNIVERSE,false
L12:T2:I47,12,T2,2025-08-29T07:08:33.000Z,610,2,STATE,POLICY_UNIVERSE,false
L12:T2:I47,12,T2,2025-08-29T07:08:33.000Z,1223,99,OBSERVED_OVERRIDE,OBSERVED_CURRENT_OVERRIDE,true
L13:T0,13,T0,2025-07-17T00:00:00.000Z,20,0,CORRIDOR,POLICY_UNIVERSE,
L13:T0,13,T0,2025-07-17T00:00:00.000Z,62,0,CORRIDOR,POLICY_UNIVERSE,
L13:T0,13,T0,2025-07-17T00:00:00.000Z,2834,0,CORRIDOR,POLICY_UNIVERSE,
L13:T0,13,T0,2025-07-17T00:00:00.000Z,678,0,CORRIDOR,POLICY_UNIVERSE,
L13:T0,13,T0,2025-07-17T00:00:00.000Z,1492,0,CORRIDOR,POLICY_UNIVERSE,
L13:T0,13,T0,2025-07-17T00:00:00.000Z,1508,0,CORRIDOR,POLICY_UNIVERSE,
L13:T0,13,T0,2025-07-17T00:00:00.000Z,2325,0,CORRIDOR,POLICY_UNIVERSE,
L13:T0,13,T0,2025-07-17T00:00:00.000Z,1202,0,CORRIDOR,POLICY_UNIVERSE,
L13:T0,13,T0,2025-07-17T00:00:00.000Z,2965,0,CORRIDOR,POLICY_UNIVERSE,
L13:T0,13,T0,2025-07-17T00:00:00.000Z,715,0,CORRIDOR,POLICY_UNIVERSE,
L13:T0,13,T0,2025-07-17T00:00:00.000Z,2509,0,CORRIDOR,POLICY_UNIVERSE,
L13:T0,13,T0,2025-07-17T00:00:00.000Z,1488,0,CORRIDOR,POLICY_UNIVERSE,
L13:T0,13,T0,2025-07-17T00:00:00.000Z,1100,0,CORRIDOR,POLICY_UNIVERSE,
L13:T0,13,T0,2025-07-17T00:00:00.000Z,1491,0,CORRIDOR,POLICY_UNIVERSE,
L13:T1:I48,13,T1,2025-07-19T13:48:56.000Z,20,0,CORRIDOR,POLICY_UNIVERSE,false
L13:T1:I48,13,T1,2025-07-19T13:48:56.000Z,62,0,CORRIDOR,POLICY_UNIVERSE,false
L13:T1:I48,13,T1,2025-07-19T13:48:56.000Z,2834,0,CORRIDOR,POLICY_UNIVERSE,false
L13:T1:I48,13,T1,2025-07-19T13:48:56.000Z,678,0,CORRIDOR,POLICY_UNIVERSE,false
L13:T1:I48,13,T1,2025-07-19T13:48:56.000Z,1492,0,CORRIDOR,POLICY_UNIVERSE,false
L13:T1:I48,13,T1,2025-07-19T13:48:56.000Z,1508,0,CORRIDOR,POLICY_UNIVERSE,false
L13:T1:I48,13,T1,2025-07-19T13:48:56.000Z,2325,0,CORRIDOR,POLICY_UNIVERSE,false
L13:T1:I48,13,T1,2025-07-19T13:48:56.000Z,1202,0,CORRIDOR,POLICY_UNIVERSE,false
L13:T1:I48,13,T1,2025-07-19T13:48:56.000Z,2965,0,CORRIDOR,POLICY_UNIVERSE,false
L13:T1:I48,13,T1,2025-07-19T13:48:56.000Z,715,0,CORRIDOR,POLICY_UNIVERSE,false
L13:T1:I48,13,T1,2025-07-19T13:48:56.000Z,2509,0,CORRIDOR,POLICY_UNIVERSE,false
L13:T1:I48,13,T1,2025-07-19T13:48:56.000Z,1488,0,CORRIDOR,POLICY_UNIVERSE,false
L13:T1:I48,13,T1,2025-07-19T13:48:56.000Z,1100,0,CORRIDOR,POLICY_UNIVERSE,false
L13:T1:I48,13,T1,2025-07-19T13:48:56.000Z,1491,0,CORRIDOR,POLICY_UNIVERSE,false
L13:T1:I48,13,T1,2025-07-19T13:48:56.000Z,1621,99,OBSERVED_OVERRIDE,OBSERVED_CURRENT_OVERRIDE,true
L13:T2:I49,13,T2,2025-07-28T08:04:00.000Z,20,0,CORRIDOR,POLICY_UNIVERSE,false
L13:T2:I49,13,T2,2025-07-28T08:04:00.000Z,62,0,CORRIDOR,POLICY_UNIVERSE,false
L13:T2:I49,13,T2,2025-07-28T08:04:00.000Z,2834,0,CORRIDOR,POLICY_UNIVERSE,false
L13:T2:I49,13,T2,2025-07-28T08:04:00.000Z,678,0,CORRIDOR,POLICY_UNIVERSE,false
L13:T2:I49,13,T2,2025-07-28T08:04:00.000Z,1492,0,CORRIDOR,POLICY_UNIVERSE,false
L13:T2:I49,13,T2,2025-07-28T08:04:00.000Z,1508,0,CORRIDOR,POLICY_UNIVERSE,false
L13:T2:I49,13,T2,2025-07-28T08:04:00.000Z,2325,0,CORRIDOR,POLICY_UNIVERSE,false
L13:T2:I49,13,T2,2025-07-28T08:04:00.000Z,1202,0,CORRIDOR,POLICY_UNIVERSE,false
L13:T2:I49,13,T2,2025-07-28T08:04:00.000Z,2965,0,CORRIDOR,POLICY_UNIVERSE,false
L13:T2:I49,13,T2,2025-07-28T08:04:00.000Z,715,0,CORRIDOR,POLICY_UNIVERSE,false
L13:T2:I49,13,T2,2025-07-28T08:04:00.000Z,2509,0,CORRIDOR,POLICY_UNIVERSE,false
L13:T2:I49,13,T2,2025-07-28T08:04:00.000Z,1488,0,CORRIDOR,POLICY_UNIVERSE,false
L13:T2:I49,13,T2,2025-07-28T08:04:00.000Z,1100,0,CORRIDOR,POLICY_UNIVERSE,false
L13:T2:I49,13,T2,2025-07-28T08:04:00.000Z,1491,0,CORRIDOR,POLICY_UNIVERSE,false
L13:T2:I49,13,T2,2025-07-28T08:04:00.000Z,568,0,CORRIDOR,POLICY_UNIVERSE,false
L13:T2:I49,13,T2,2025-07-28T08:04:00.000Z,1597,99,OBSERVED_OVERRIDE,OBSERVED_CURRENT_OVERRIDE,true
L13:T2:I50,13,T2,2025-07-30T07:15:36.000Z,20,0,CORRIDOR,POLICY_UNIVERSE,false
L13:T2:I50,13,T2,2025-07-30T07:15:36.000Z,62,0,CORRIDOR,POLICY_UNIVERSE,false
L13:T2:I50,13,T2,2025-07-30T07:15:36.000Z,2834,0,CORRIDOR,POLICY_UNIVERSE,false
L13:T2:I50,13,T2,2025-07-30T07:15:36.000Z,678,0,CORRIDOR,POLICY_UNIVERSE,false
L13:T2:I50,13,T2,2025-07-30T07:15:36.000Z,1492,0,CORRIDOR,POLICY_UNIVERSE,false
L13:T2:I50,13,T2,2025-07-30T07:15:36.000Z,1508,0,CORRIDOR,POLICY_UNIVERSE,false
L13:T2:I50,13,T2,2025-07-30T07:15:36.000Z,2325,0,CORRIDOR,POLICY_UNIVERSE,false
L13:T2:I50,13,T2,2025-07-30T07:15:36.000Z,1202,0,CORRIDOR,POLICY_UNIVERSE,false
L13:T2:I50,13,T2,2025-07-30T07:15:36.000Z,2965,0,CORRIDOR,POLICY_UNIVERSE,false
L13:T2:I50,13,T2,2025-07-30T07:15:36.000Z,715,0,CORRIDOR,POLICY_UNIVERSE,false
L13:T2:I50,13,T2,2025-07-30T07:15:36.000Z,2509,0,CORRIDOR,POLICY_UNIVERSE,false
L13:T2:I50,13,T2,2025-07-30T07:15:36.000Z,1488,0,CORRIDOR,POLICY_UNIVERSE,false
L13:T2:I50,13,T2,2025-07-30T07:15:36.000Z,1100,0,CORRIDOR,POLICY_UNIVERSE,false
L13:T2:I50,13,T2,2025-07-30T07:15:36.000Z,1491,0,CORRIDOR,POLICY_UNIVERSE,false
L13:T2:I50,13,T2,2025-07-30T07:15:36.000Z,568,0,CORRIDOR,POLICY_UNIVERSE,false
L13:T2:I50,13,T2,2025-07-30T07:15:36.000Z,2974,99,OBSERVED_OVERRIDE,OBSERVED_CURRENT_OVERRIDE,true
L13:T2:I51,13,T2,2025-10-26T20:08:00.000Z,20,0,CORRIDOR,POLICY_UNIVERSE,false
L13:T2:I51,13,T2,2025-10-26T20:08:00.000Z,62,0,CORRIDOR,POLICY_UNIVERSE,false
L13:T2:I51,13,T2,2025-10-26T20:08:00.000Z,2834,0,CORRIDOR,POLICY_UNIVERSE,false
L13:T2:I51,13,T2,2025-10-26T20:08:00.000Z,678,0,CORRIDOR,POLICY_UNIVERSE,false
L13:T2:I51,13,T2,2025-10-26T20:08:00.000Z,1492,0,CORRIDOR,POLICY_UNIVERSE,false
L13:T2:I51,13,T2,2025-10-26T20:08:00.000Z,1508,0,CORRIDOR,POLICY_UNIVERSE,false
L13:T2:I51,13,T2,2025-10-26T20:08:00.000Z,2325,0,CORRIDOR,POLICY_UNIVERSE,false
L13:T2:I51,13,T2,2025-10-26T20:08:00.000Z,1202,0,CORRIDOR,POLICY_UNIVERSE,false
L13:T2:I51,13,T2,2025-10-26T20:08:00.000Z,2965,0,CORRIDOR,POLICY_UNIVERSE,false
L13:T2:I51,13,T2,2025-10-26T20:08:00.000Z,715,0,CORRIDOR,POLICY_UNIVERSE,false
L13:T2:I51,13,T2,2025-10-26T20:08:00.000Z,2509,0,CORRIDOR,POLICY_UNIVERSE,false
L13:T2:I51,13,T2,2025-10-26T20:08:00.000Z,1488,0,CORRIDOR,POLICY_UNIVERSE,false
L13:T2:I51,13,T2,2025-10-26T20:08:00.000Z,1100,0,CORRIDOR,POLICY_UNIVERSE,false
L13:T2:I51,13,T2,2025-10-26T20:08:00.000Z,1491,0,CORRIDOR,POLICY_UNIVERSE,false
L13:T2:I51,13,T2,2025-10-26T20:08:00.000Z,568,0,CORRIDOR,POLICY_UNIVERSE,false
L13:T2:I51,13,T2,2025-10-26T20:08:00.000Z,2318,0,CORRIDOR,POLICY_UNIVERSE,false
L13:T2:I51,13,T2,2025-10-26T20:08:00.000Z,542,0,CORRIDOR,POLICY_UNIVERSE,false
L13:T2:I51,13,T2,2025-10-26T20:08:00.000Z,1175,0,CORRIDOR,POLICY_UNIVERSE,false
L13:T2:I51,13,T2,2025-10-26T20:08:00.000Z,1074,0,CORRIDOR,POLICY_UNIVERSE,false
L13:T2:I51,13,T2,2025-10-26T20:08:00.000Z,1186,0,CORRIDOR,POLICY_UNIVERSE,false
L13:T2:I51,13,T2,2025-10-26T20:08:00.000Z,2686,99,OBSERVED_OVERRIDE,OBSERVED_CURRENT_OVERRIDE,true
L14:T0,14,T0,2025-02-18T00:00:00.000Z,2604,0,CORRIDOR,POLICY_UNIVERSE,
L14:T0,14,T0,2025-02-18T00:00:00.000Z,1856,0,CORRIDOR,POLICY_UNIVERSE,
L14:T0,14,T0,2025-02-18T00:00:00.000Z,2477,0,CORRIDOR,POLICY_UNIVERSE,
L14:T0,14,T0,2025-02-18T00:00:00.000Z,1126,0,CORRIDOR,POLICY_UNIVERSE,
L14:T0,14,T0,2025-02-18T00:00:00.000Z,2424,0,CORRIDOR,POLICY_UNIVERSE,
L14:T0,14,T0,2025-02-18T00:00:00.000Z,1656,0,CORRIDOR,POLICY_UNIVERSE,
L14:T0,14,T0,2025-02-18T00:00:00.000Z,1937,0,CORRIDOR,POLICY_UNIVERSE,
L14:T0,14,T0,2025-02-18T00:00:00.000Z,987,0,CORRIDOR,POLICY_UNIVERSE,
L14:T0,14,T0,2025-02-18T00:00:00.000Z,2839,0,CORRIDOR,POLICY_UNIVERSE,
L14:T0,14,T0,2025-02-18T00:00:00.000Z,735,2,STATE,POLICY_UNIVERSE,
L14:T0,14,T0,2025-02-18T00:00:00.000Z,1080,2,STATE,POLICY_UNIVERSE,
L14:T0,14,T0,2025-02-18T00:00:00.000Z,49,2,STATE,POLICY_UNIVERSE,
L14:T0,14,T0,2025-02-18T00:00:00.000Z,923,2,STATE,POLICY_UNIVERSE,
L14:T0,14,T0,2025-02-18T00:00:00.000Z,2619,2,STATE,POLICY_UNIVERSE,
L14:T0,14,T0,2025-02-18T00:00:00.000Z,2306,2,STATE,POLICY_UNIVERSE,
L14:T0,14,T0,2025-02-18T00:00:00.000Z,1558,2,STATE,POLICY_UNIVERSE,
L14:T0,14,T0,2025-02-18T00:00:00.000Z,583,2,STATE,POLICY_UNIVERSE,
L14:T0,14,T0,2025-02-18T00:00:00.000Z,2907,2,STATE,POLICY_UNIVERSE,
L14:T0,14,T0,2025-02-18T00:00:00.000Z,2339,2,STATE,POLICY_UNIVERSE,
L14:T0,14,T0,2025-02-18T00:00:00.000Z,2300,2,STATE,POLICY_UNIVERSE,
L14:T0,14,T0,2025-02-18T00:00:00.000Z,2411,2,STATE,POLICY_UNIVERSE,
L14:T0,14,T0,2025-02-18T00:00:00.000Z,205,2,STATE,POLICY_UNIVERSE,
L14:T0,14,T0,2025-02-18T00:00:00.000Z,1954,2,STATE,POLICY_UNIVERSE,
L14:T1:I57,14,T1,2025-03-02T19:56:40.000Z,2604,0,CORRIDOR,POLICY_UNIVERSE,false
L14:T1:I57,14,T1,2025-03-02T19:56:40.000Z,1856,0,CORRIDOR,POLICY_UNIVERSE,false
L14:T1:I57,14,T1,2025-03-02T19:56:40.000Z,2477,0,CORRIDOR,POLICY_UNIVERSE,false
L14:T1:I57,14,T1,2025-03-02T19:56:40.000Z,1126,0,CORRIDOR,POLICY_UNIVERSE,false
L14:T1:I57,14,T1,2025-03-02T19:56:40.000Z,2424,0,CORRIDOR,POLICY_UNIVERSE,false
L14:T1:I57,14,T1,2025-03-02T19:56:40.000Z,1656,0,CORRIDOR,POLICY_UNIVERSE,false
L14:T1:I57,14,T1,2025-03-02T19:56:40.000Z,1937,0,CORRIDOR,POLICY_UNIVERSE,false
L14:T1:I57,14,T1,2025-03-02T19:56:40.000Z,987,0,CORRIDOR,POLICY_UNIVERSE,false
L14:T1:I57,14,T1,2025-03-02T19:56:40.000Z,2839,0,CORRIDOR,POLICY_UNIVERSE,false
L14:T1:I57,14,T1,2025-03-02T19:56:40.000Z,735,2,STATE,POLICY_UNIVERSE,false
L14:T1:I57,14,T1,2025-03-02T19:56:40.000Z,1080,2,STATE,POLICY_UNIVERSE,false
L14:T1:I57,14,T1,2025-03-02T19:56:40.000Z,49,2,STATE,POLICY_UNIVERSE,false
L14:T1:I57,14,T1,2025-03-02T19:56:40.000Z,923,2,STATE,POLICY_UNIVERSE,false
L14:T1:I57,14,T1,2025-03-02T19:56:40.000Z,2619,2,STATE,POLICY_UNIVERSE,true
L14:T1:I57,14,T1,2025-03-02T19:56:40.000Z,2306,2,STATE,POLICY_UNIVERSE,false
L14:T1:I57,14,T1,2025-03-02T19:56:40.000Z,1558,2,STATE,POLICY_UNIVERSE,false
L14:T1:I57,14,T1,2025-03-02T19:56:40.000Z,583,2,STATE,POLICY_UNIVERSE,false
L14:T1:I57,14,T1,2025-03-02T19:56:40.000Z,2907,2,STATE,POLICY_UNIVERSE,false
L14:T1:I57,14,T1,2025-03-02T19:56:40.000Z,2339,2,STATE,POLICY_UNIVERSE,false
L14:T1:I57,14,T1,2025-03-02T19:56:40.000Z,2300,2,STATE,POLICY_UNIVERSE,false
L14:T1:I57,14,T1,2025-03-02T19:56:40.000Z,2411,2,STATE,POLICY_UNIVERSE,false
L14:T1:I57,14,T1,2025-03-02T19:56:40.000Z,205,2,STATE,POLICY_UNIVERSE,false
L14:T1:I57,14,T1,2025-03-02T19:56:40.000Z,1954,2,STATE,POLICY_UNIVERSE,false
L14:T1:I57,14,T1,2025-03-02T19:56:40.000Z,916,2,STATE,POLICY_UNIVERSE,false
L14:T1:I57,14,T1,2025-03-02T19:56:40.000Z,1502,2,STATE,POLICY_UNIVERSE,false
L14:T2:I52,14,T2,2025-03-15T14:07:00.000Z,2604,0,CORRIDOR,POLICY_UNIVERSE,false
L14:T2:I52,14,T2,2025-03-15T14:07:00.000Z,1856,0,CORRIDOR,POLICY_UNIVERSE,false
L14:T2:I52,14,T2,2025-03-15T14:07:00.000Z,2477,0,CORRIDOR,POLICY_UNIVERSE,false
L14:T2:I52,14,T2,2025-03-15T14:07:00.000Z,1126,0,CORRIDOR,POLICY_UNIVERSE,false
L14:T2:I52,14,T2,2025-03-15T14:07:00.000Z,2424,0,CORRIDOR,POLICY_UNIVERSE,false
L14:T2:I52,14,T2,2025-03-15T14:07:00.000Z,1656,0,CORRIDOR,POLICY_UNIVERSE,false
L14:T2:I52,14,T2,2025-03-15T14:07:00.000Z,1937,0,CORRIDOR,POLICY_UNIVERSE,false
L14:T2:I52,14,T2,2025-03-15T14:07:00.000Z,987,0,CORRIDOR,POLICY_UNIVERSE,false
L14:T2:I52,14,T2,2025-03-15T14:07:00.000Z,2839,0,CORRIDOR,POLICY_UNIVERSE,false
L14:T2:I52,14,T2,2025-03-15T14:07:00.000Z,735,2,STATE,POLICY_UNIVERSE,false
L14:T2:I52,14,T2,2025-03-15T14:07:00.000Z,1080,2,STATE,POLICY_UNIVERSE,false
L14:T2:I52,14,T2,2025-03-15T14:07:00.000Z,49,2,STATE,POLICY_UNIVERSE,false
L14:T2:I52,14,T2,2025-03-15T14:07:00.000Z,923,2,STATE,POLICY_UNIVERSE,false
L14:T2:I52,14,T2,2025-03-15T14:07:00.000Z,2619,2,STATE,POLICY_UNIVERSE,false
L14:T2:I52,14,T2,2025-03-15T14:07:00.000Z,2306,2,STATE,POLICY_UNIVERSE,false
L14:T2:I52,14,T2,2025-03-15T14:07:00.000Z,1558,2,STATE,POLICY_UNIVERSE,false
L14:T2:I52,14,T2,2025-03-15T14:07:00.000Z,583,2,STATE,POLICY_UNIVERSE,false
L14:T2:I52,14,T2,2025-03-15T14:07:00.000Z,2907,2,STATE,POLICY_UNIVERSE,false
L14:T2:I52,14,T2,2025-03-15T14:07:00.000Z,2339,2,STATE,POLICY_UNIVERSE,false
L14:T2:I52,14,T2,2025-03-15T14:07:00.000Z,2300,2,STATE,POLICY_UNIVERSE,false
L14:T2:I52,14,T2,2025-03-15T14:07:00.000Z,2411,2,STATE,POLICY_UNIVERSE,false
L14:T2:I52,14,T2,2025-03-15T14:07:00.000Z,205,2,STATE,POLICY_UNIVERSE,false
L14:T2:I52,14,T2,2025-03-15T14:07:00.000Z,1954,2,STATE,POLICY_UNIVERSE,false
L14:T2:I52,14,T2,2025-03-15T14:07:00.000Z,916,2,STATE,POLICY_UNIVERSE,false
L14:T2:I52,14,T2,2025-03-15T14:07:00.000Z,1502,2,STATE,POLICY_UNIVERSE,false
L14:T2:I52,14,T2,2025-03-15T14:07:00.000Z,1839,2,STATE,POLICY_UNIVERSE,false
L14:T2:I52,14,T2,2025-03-15T14:07:00.000Z,1226,99,OBSERVED_OVERRIDE,OBSERVED_CURRENT_OVERRIDE,true
L14:T2:I56,14,T2,2025-05-09T18:13:00.000Z,2604,0,CORRIDOR,POLICY_UNIVERSE,false
L14:T2:I56,14,T2,2025-05-09T18:13:00.000Z,1856,0,CORRIDOR,POLICY_UNIVERSE,false
L14:T2:I56,14,T2,2025-05-09T18:13:00.000Z,2477,0,CORRIDOR,POLICY_UNIVERSE,false
L14:T2:I56,14,T2,2025-05-09T18:13:00.000Z,1126,0,CORRIDOR,POLICY_UNIVERSE,false
L14:T2:I56,14,T2,2025-05-09T18:13:00.000Z,2424,0,CORRIDOR,POLICY_UNIVERSE,false
L14:T2:I56,14,T2,2025-05-09T18:13:00.000Z,1656,0,CORRIDOR,POLICY_UNIVERSE,false
L14:T2:I56,14,T2,2025-05-09T18:13:00.000Z,1937,0,CORRIDOR,POLICY_UNIVERSE,false
L14:T2:I56,14,T2,2025-05-09T18:13:00.000Z,987,0,CORRIDOR,POLICY_UNIVERSE,false
L14:T2:I56,14,T2,2025-05-09T18:13:00.000Z,2839,0,CORRIDOR,POLICY_UNIVERSE,false
L14:T2:I56,14,T2,2025-05-09T18:13:00.000Z,2014,0,CORRIDOR,POLICY_UNIVERSE,false
L14:T2:I56,14,T2,2025-05-09T18:13:00.000Z,735,2,STATE,POLICY_UNIVERSE,false
L14:T2:I56,14,T2,2025-05-09T18:13:00.000Z,1080,2,STATE,POLICY_UNIVERSE,false
L14:T2:I56,14,T2,2025-05-09T18:13:00.000Z,49,2,STATE,POLICY_UNIVERSE,false
L14:T2:I56,14,T2,2025-05-09T18:13:00.000Z,923,2,STATE,POLICY_UNIVERSE,false
L14:T2:I56,14,T2,2025-05-09T18:13:00.000Z,2619,2,STATE,POLICY_UNIVERSE,false
L14:T2:I56,14,T2,2025-05-09T18:13:00.000Z,2306,2,STATE,POLICY_UNIVERSE,false
L14:T2:I56,14,T2,2025-05-09T18:13:00.000Z,1558,2,STATE,POLICY_UNIVERSE,false
L14:T2:I56,14,T2,2025-05-09T18:13:00.000Z,583,2,STATE,POLICY_UNIVERSE,false
L14:T2:I56,14,T2,2025-05-09T18:13:00.000Z,2907,2,STATE,POLICY_UNIVERSE,false
L14:T2:I56,14,T2,2025-05-09T18:13:00.000Z,2339,2,STATE,POLICY_UNIVERSE,false
L14:T2:I56,14,T2,2025-05-09T18:13:00.000Z,2300,2,STATE,POLICY_UNIVERSE,false
L14:T2:I56,14,T2,2025-05-09T18:13:00.000Z,2411,2,STATE,POLICY_UNIVERSE,false
L14:T2:I56,14,T2,2025-05-09T18:13:00.000Z,205,2,STATE,POLICY_UNIVERSE,false
L14:T2:I56,14,T2,2025-05-09T18:13:00.000Z,1954,2,STATE,POLICY_UNIVERSE,false
L14:T2:I56,14,T2,2025-05-09T18:13:00.000Z,916,2,STATE,POLICY_UNIVERSE,false
L14:T2:I56,14,T2,2025-05-09T18:13:00.000Z,1502,2,STATE,POLICY_UNIVERSE,false
L14:T2:I56,14,T2,2025-05-09T18:13:00.000Z,1839,2,STATE,POLICY_UNIVERSE,false
L14:T2:I56,14,T2,2025-05-09T18:13:00.000Z,2704,2,STATE,POLICY_UNIVERSE,false
L14:T2:I56,14,T2,2025-05-09T18:13:00.000Z,1306,2,STATE,POLICY_UNIVERSE,false
L14:T2:I56,14,T2,2025-05-09T18:13:00.000Z,538,2,STATE,POLICY_UNIVERSE,false
L14:T2:I56,14,T2,2025-05-09T18:13:00.000Z,2403,2,STATE,POLICY_UNIVERSE,false
L14:T2:I56,14,T2,2025-05-09T18:13:00.000Z,2492,2,STATE,POLICY_UNIVERSE,false
L14:T2:I56,14,T2,2025-05-09T18:13:00.000Z,1948,99,OBSERVED_OVERRIDE,OBSERVED_CURRENT_OVERRIDE,true
L14:T2:I53,14,T2,2025-05-18T18:31:00.000Z,2604,0,CORRIDOR,POLICY_UNIVERSE,false
L14:T2:I53,14,T2,2025-05-18T18:31:00.000Z,1856,0,CORRIDOR,POLICY_UNIVERSE,false
L14:T2:I53,14,T2,2025-05-18T18:31:00.000Z,2477,0,CORRIDOR,POLICY_UNIVERSE,false
L14:T2:I53,14,T2,2025-05-18T18:31:00.000Z,1126,0,CORRIDOR,POLICY_UNIVERSE,false
L14:T2:I53,14,T2,2025-05-18T18:31:00.000Z,2424,0,CORRIDOR,POLICY_UNIVERSE,false
L14:T2:I53,14,T2,2025-05-18T18:31:00.000Z,1656,0,CORRIDOR,POLICY_UNIVERSE,false
L14:T2:I53,14,T2,2025-05-18T18:31:00.000Z,1937,0,CORRIDOR,POLICY_UNIVERSE,false
L14:T2:I53,14,T2,2025-05-18T18:31:00.000Z,987,0,CORRIDOR,POLICY_UNIVERSE,false
L14:T2:I53,14,T2,2025-05-18T18:31:00.000Z,2839,0,CORRIDOR,POLICY_UNIVERSE,false
L14:T2:I53,14,T2,2025-05-18T18:31:00.000Z,2014,0,CORRIDOR,POLICY_UNIVERSE,false
L14:T2:I53,14,T2,2025-05-18T18:31:00.000Z,2182,0,CORRIDOR,POLICY_UNIVERSE,false
L14:T2:I53,14,T2,2025-05-18T18:31:00.000Z,735,2,STATE,POLICY_UNIVERSE,false
L14:T2:I53,14,T2,2025-05-18T18:31:00.000Z,1080,2,STATE,POLICY_UNIVERSE,false
L14:T2:I53,14,T2,2025-05-18T18:31:00.000Z,49,2,STATE,POLICY_UNIVERSE,false
L14:T2:I53,14,T2,2025-05-18T18:31:00.000Z,923,2,STATE,POLICY_UNIVERSE,false
L14:T2:I53,14,T2,2025-05-18T18:31:00.000Z,2619,2,STATE,POLICY_UNIVERSE,false
L14:T2:I53,14,T2,2025-05-18T18:31:00.000Z,2306,2,STATE,POLICY_UNIVERSE,false
L14:T2:I53,14,T2,2025-05-18T18:31:00.000Z,1558,2,STATE,POLICY_UNIVERSE,false
L14:T2:I53,14,T2,2025-05-18T18:31:00.000Z,583,2,STATE,POLICY_UNIVERSE,false
L14:T2:I53,14,T2,2025-05-18T18:31:00.000Z,2907,2,STATE,POLICY_UNIVERSE,false
L14:T2:I53,14,T2,2025-05-18T18:31:00.000Z,2339,2,STATE,POLICY_UNIVERSE,false
L14:T2:I53,14,T2,2025-05-18T18:31:00.000Z,2300,2,STATE,POLICY_UNIVERSE,false
L14:T2:I53,14,T2,2025-05-18T18:31:00.000Z,2411,2,STATE,POLICY_UNIVERSE,false
L14:T2:I53,14,T2,2025-05-18T18:31:00.000Z,205,2,STATE,POLICY_UNIVERSE,false
L14:T2:I53,14,T2,2025-05-18T18:31:00.000Z,1954,2,STATE,POLICY_UNIVERSE,false
L14:T2:I53,14,T2,2025-05-18T18:31:00.000Z,916,2,STATE,POLICY_UNIVERSE,false
L14:T2:I53,14,T2,2025-05-18T18:31:00.000Z,1502,2,STATE,POLICY_UNIVERSE,false
L14:T2:I53,14,T2,2025-05-18T18:31:00.000Z,1839,2,STATE,POLICY_UNIVERSE,false
L14:T2:I53,14,T2,2025-05-18T18:31:00.000Z,2704,2,STATE,POLICY_UNIVERSE,false
L14:T2:I53,14,T2,2025-05-18T18:31:00.000Z,1306,2,STATE,POLICY_UNIVERSE,false
L14:T2:I53,14,T2,2025-05-18T18:31:00.000Z,538,2,STATE,POLICY_UNIVERSE,false
L14:T2:I53,14,T2,2025-05-18T18:31:00.000Z,2403,2,STATE,POLICY_UNIVERSE,false
L14:T2:I53,14,T2,2025-05-18T18:31:00.000Z,2492,2,STATE,POLICY_UNIVERSE,false
L14:T2:I53,14,T2,2025-05-18T18:31:00.000Z,2625,99,OBSERVED_OVERRIDE,OBSERVED_CURRENT_OVERRIDE,true
L14:T2:I55,14,T2,2026-02-23T08:12:00.000Z,2604,0,CORRIDOR,POLICY_UNIVERSE,false
L14:T2:I55,14,T2,2026-02-23T08:12:00.000Z,1856,0,CORRIDOR,POLICY_UNIVERSE,false
L14:T2:I55,14,T2,2026-02-23T08:12:00.000Z,2477,0,CORRIDOR,POLICY_UNIVERSE,false
L14:T2:I55,14,T2,2026-02-23T08:12:00.000Z,1126,0,CORRIDOR,POLICY_UNIVERSE,false
L14:T2:I55,14,T2,2026-02-23T08:12:00.000Z,2424,0,CORRIDOR,POLICY_UNIVERSE,false
L14:T2:I55,14,T2,2026-02-23T08:12:00.000Z,1656,0,CORRIDOR,POLICY_UNIVERSE,false
L14:T2:I55,14,T2,2026-02-23T08:12:00.000Z,1937,0,CORRIDOR,POLICY_UNIVERSE,false
L14:T2:I55,14,T2,2026-02-23T08:12:00.000Z,987,0,CORRIDOR,POLICY_UNIVERSE,false
L14:T2:I55,14,T2,2026-02-23T08:12:00.000Z,2839,0,CORRIDOR,POLICY_UNIVERSE,false
L14:T2:I55,14,T2,2026-02-23T08:12:00.000Z,2014,0,CORRIDOR,POLICY_UNIVERSE,false
L14:T2:I55,14,T2,2026-02-23T08:12:00.000Z,2182,0,CORRIDOR,POLICY_UNIVERSE,false
L14:T2:I55,14,T2,2026-02-23T08:12:00.000Z,2194,0,CORRIDOR,POLICY_UNIVERSE,false
L14:T2:I55,14,T2,2026-02-23T08:12:00.000Z,2386,0,CORRIDOR,POLICY_UNIVERSE,false
L14:T2:I55,14,T2,2026-02-23T08:12:00.000Z,907,0,CORRIDOR,POLICY_UNIVERSE,false
L14:T2:I55,14,T2,2026-02-23T08:12:00.000Z,1403,0,CORRIDOR,POLICY_UNIVERSE,false
L14:T2:I55,14,T2,2026-02-23T08:12:00.000Z,2572,0,CORRIDOR,POLICY_UNIVERSE,false
L14:T2:I55,14,T2,2026-02-23T08:12:00.000Z,1230,0,CORRIDOR,POLICY_UNIVERSE,false
L14:T2:I55,14,T2,2026-02-23T08:12:00.000Z,1381,0,CORRIDOR,POLICY_UNIVERSE,false
L14:T2:I55,14,T2,2026-02-23T08:12:00.000Z,1478,0,CORRIDOR,POLICY_UNIVERSE,false
L14:T2:I55,14,T2,2026-02-23T08:12:00.000Z,1305,0,CORRIDOR,POLICY_UNIVERSE,false
L14:T2:I55,14,T2,2026-02-23T08:12:00.000Z,292,0,CORRIDOR,POLICY_UNIVERSE,false
L14:T2:I55,14,T2,2026-02-23T08:12:00.000Z,735,2,STATE,POLICY_UNIVERSE,false
L14:T2:I55,14,T2,2026-02-23T08:12:00.000Z,1080,2,STATE,POLICY_UNIVERSE,false
L14:T2:I55,14,T2,2026-02-23T08:12:00.000Z,49,2,STATE,POLICY_UNIVERSE,false
L14:T2:I55,14,T2,2026-02-23T08:12:00.000Z,923,2,STATE,POLICY_UNIVERSE,false
L14:T2:I55,14,T2,2026-02-23T08:12:00.000Z,2619,2,STATE,POLICY_UNIVERSE,false
L14:T2:I55,14,T2,2026-02-23T08:12:00.000Z,2306,2,STATE,POLICY_UNIVERSE,false
L14:T2:I55,14,T2,2026-02-23T08:12:00.000Z,1558,2,STATE,POLICY_UNIVERSE,false
L14:T2:I55,14,T2,2026-02-23T08:12:00.000Z,583,2,STATE,POLICY_UNIVERSE,false
L14:T2:I55,14,T2,2026-02-23T08:12:00.000Z,2907,2,STATE,POLICY_UNIVERSE,false
L14:T2:I55,14,T2,2026-02-23T08:12:00.000Z,2339,2,STATE,POLICY_UNIVERSE,false
L14:T2:I55,14,T2,2026-02-23T08:12:00.000Z,2300,2,STATE,POLICY_UNIVERSE,false
L14:T2:I55,14,T2,2026-02-23T08:12:00.000Z,2411,2,STATE,POLICY_UNIVERSE,false
L14:T2:I55,14,T2,2026-02-23T08:12:00.000Z,205,2,STATE,POLICY_UNIVERSE,false
L14:T2:I55,14,T2,2026-02-23T08:12:00.000Z,1954,2,STATE,POLICY_UNIVERSE,false
L14:T2:I55,14,T2,2026-02-23T08:12:00.000Z,916,2,STATE,POLICY_UNIVERSE,false
L14:T2:I55,14,T2,2026-02-23T08:12:00.000Z,1502,2,STATE,POLICY_UNIVERSE,false
L14:T2:I55,14,T2,2026-02-23T08:12:00.000Z,1839,2,STATE,POLICY_UNIVERSE,false
L14:T2:I55,14,T2,2026-02-23T08:12:00.000Z,2704,2,STATE,POLICY_UNIVERSE,false
L14:T2:I55,14,T2,2026-02-23T08:12:00.000Z,1306,2,STATE,POLICY_UNIVERSE,false
L14:T2:I55,14,T2,2026-02-23T08:12:00.000Z,538,2,STATE,POLICY_UNIVERSE,false
L14:T2:I55,14,T2,2026-02-23T08:12:00.000Z,2403,2,STATE,POLICY_UNIVERSE,false
L14:T2:I55,14,T2,2026-02-23T08:12:00.000Z,2492,2,STATE,POLICY_UNIVERSE,false
L14:T2:I55,14,T2,2026-02-23T08:12:00.000Z,1588,2,STATE,POLICY_UNIVERSE,false
L14:T2:I55,14,T2,2026-02-23T08:12:00.000Z,2315,2,STATE,POLICY_UNIVERSE,false
L14:T2:I55,14,T2,2026-02-23T08:12:00.000Z,1054,2,STATE,POLICY_UNIVERSE,false
L14:T2:I55,14,T2,2026-02-23T08:12:00.000Z,2116,2,STATE,POLICY_UNIVERSE,false
L14:T2:I55,14,T2,2026-02-23T08:12:00.000Z,324,2,STATE,POLICY_UNIVERSE,false
L14:T2:I55,14,T2,2026-02-23T08:12:00.000Z,2581,2,STATE,POLICY_UNIVERSE,false
L14:T2:I55,14,T2,2026-02-23T08:12:00.000Z,1499,2,STATE,POLICY_UNIVERSE,false
L14:T2:I55,14,T2,2026-02-23T08:12:00.000Z,2192,2,STATE,POLICY_UNIVERSE,false
L14:T2:I55,14,T2,2026-02-23T08:12:00.000Z,2438,2,STATE,POLICY_UNIVERSE,false
L14:T2:I55,14,T2,2026-02-23T08:12:00.000Z,2013,2,STATE,POLICY_UNIVERSE,false
L14:T2:I55,14,T2,2026-02-23T08:12:00.000Z,297,2,STATE,POLICY_UNIVERSE,false
L14:T2:I55,14,T2,2026-02-23T08:12:00.000Z,1158,2,STATE,POLICY_UNIVERSE,false
L14:T2:I55,14,T2,2026-02-23T08:12:00.000Z,878,2,STATE,POLICY_UNIVERSE,false
L14:T2:I55,14,T2,2026-02-23T08:12:00.000Z,731,2,STATE,POLICY_UNIVERSE,false
L14:T2:I55,14,T2,2026-02-23T08:12:00.000Z,2465,2,STATE,POLICY_UNIVERSE,false
L14:T2:I55,14,T2,2026-02-23T08:12:00.000Z,1736,2,STATE,POLICY_UNIVERSE,false
L14:T2:I55,14,T2,2026-02-23T08:12:00.000Z,1627,2,STATE,POLICY_UNIVERSE,false
L14:T2:I55,14,T2,2026-02-23T08:12:00.000Z,1887,2,STATE,POLICY_UNIVERSE,false
L14:T2:I55,14,T2,2026-02-23T08:12:00.000Z,2715,2,STATE,POLICY_UNIVERSE,false
L14:T2:I55,14,T2,2026-02-23T08:12:00.000Z,732,2,STATE,POLICY_UNIVERSE,false
L14:T2:I55,14,T2,2026-02-23T08:12:00.000Z,1010,2,STATE,POLICY_UNIVERSE,false
L14:T2:I55,14,T2,2026-02-23T08:12:00.000Z,1212,2,STATE,POLICY_UNIVERSE,false
L14:T2:I55,14,T2,2026-02-23T08:12:00.000Z,584,2,STATE,POLICY_UNIVERSE,false
L14:T2:I55,14,T2,2026-02-23T08:12:00.000Z,1565,2,STATE,POLICY_UNIVERSE,false
L14:T2:I55,14,T2,2026-02-23T08:12:00.000Z,1177,2,STATE,POLICY_UNIVERSE,false
L14:T2:I55,14,T2,2026-02-23T08:12:00.000Z,1704,2,STATE,POLICY_UNIVERSE,false
L14:T2:I55,14,T2,2026-02-23T08:12:00.000Z,815,2,STATE,POLICY_UNIVERSE,false
L14:T2:I55,14,T2,2026-02-23T08:12:00.000Z,2312,99,OBSERVED_OVERRIDE,OBSERVED_CURRENT_OVERRIDE,true
L14:T2:I54,14,T2,2026-04-25T18:01:00.000Z,2604,0,CORRIDOR,POLICY_UNIVERSE,false
L14:T2:I54,14,T2,2026-04-25T18:01:00.000Z,1856,0,CORRIDOR,POLICY_UNIVERSE,false
L14:T2:I54,14,T2,2026-04-25T18:01:00.000Z,2477,0,CORRIDOR,POLICY_UNIVERSE,false
L14:T2:I54,14,T2,2026-04-25T18:01:00.000Z,1126,0,CORRIDOR,POLICY_UNIVERSE,false
L14:T2:I54,14,T2,2026-04-25T18:01:00.000Z,2424,0,CORRIDOR,POLICY_UNIVERSE,false
L14:T2:I54,14,T2,2026-04-25T18:01:00.000Z,1656,0,CORRIDOR,POLICY_UNIVERSE,false
L14:T2:I54,14,T2,2026-04-25T18:01:00.000Z,1937,0,CORRIDOR,POLICY_UNIVERSE,false
L14:T2:I54,14,T2,2026-04-25T18:01:00.000Z,987,0,CORRIDOR,POLICY_UNIVERSE,false
L14:T2:I54,14,T2,2026-04-25T18:01:00.000Z,2839,0,CORRIDOR,POLICY_UNIVERSE,false
L14:T2:I54,14,T2,2026-04-25T18:01:00.000Z,2014,0,CORRIDOR,POLICY_UNIVERSE,false
L14:T2:I54,14,T2,2026-04-25T18:01:00.000Z,2182,0,CORRIDOR,POLICY_UNIVERSE,false
L14:T2:I54,14,T2,2026-04-25T18:01:00.000Z,2194,0,CORRIDOR,POLICY_UNIVERSE,false
L14:T2:I54,14,T2,2026-04-25T18:01:00.000Z,2386,0,CORRIDOR,POLICY_UNIVERSE,false
L14:T2:I54,14,T2,2026-04-25T18:01:00.000Z,907,0,CORRIDOR,POLICY_UNIVERSE,false
L14:T2:I54,14,T2,2026-04-25T18:01:00.000Z,1403,0,CORRIDOR,POLICY_UNIVERSE,false
L14:T2:I54,14,T2,2026-04-25T18:01:00.000Z,2572,0,CORRIDOR,POLICY_UNIVERSE,false
L14:T2:I54,14,T2,2026-04-25T18:01:00.000Z,1230,0,CORRIDOR,POLICY_UNIVERSE,false
L14:T2:I54,14,T2,2026-04-25T18:01:00.000Z,1381,0,CORRIDOR,POLICY_UNIVERSE,false
L14:T2:I54,14,T2,2026-04-25T18:01:00.000Z,1478,0,CORRIDOR,POLICY_UNIVERSE,false
L14:T2:I54,14,T2,2026-04-25T18:01:00.000Z,1305,0,CORRIDOR,POLICY_UNIVERSE,false
L14:T2:I54,14,T2,2026-04-25T18:01:00.000Z,292,0,CORRIDOR,POLICY_UNIVERSE,false
L14:T2:I54,14,T2,2026-04-25T18:01:00.000Z,820,0,CORRIDOR,POLICY_UNIVERSE,false
L14:T2:I54,14,T2,2026-04-25T18:01:00.000Z,1927,0,CORRIDOR,POLICY_UNIVERSE,false
L14:T2:I54,14,T2,2026-04-25T18:01:00.000Z,2047,0,CORRIDOR,POLICY_UNIVERSE,false
L14:T2:I54,14,T2,2026-04-25T18:01:00.000Z,56,0,CORRIDOR,POLICY_UNIVERSE,false
L14:T2:I54,14,T2,2026-04-25T18:01:00.000Z,735,2,STATE,POLICY_UNIVERSE,false
L14:T2:I54,14,T2,2026-04-25T18:01:00.000Z,1080,2,STATE,POLICY_UNIVERSE,false
L14:T2:I54,14,T2,2026-04-25T18:01:00.000Z,49,2,STATE,POLICY_UNIVERSE,false
L14:T2:I54,14,T2,2026-04-25T18:01:00.000Z,923,2,STATE,POLICY_UNIVERSE,false
L14:T2:I54,14,T2,2026-04-25T18:01:00.000Z,2619,2,STATE,POLICY_UNIVERSE,false
L14:T2:I54,14,T2,2026-04-25T18:01:00.000Z,2306,2,STATE,POLICY_UNIVERSE,false
L14:T2:I54,14,T2,2026-04-25T18:01:00.000Z,1558,2,STATE,POLICY_UNIVERSE,false
L14:T2:I54,14,T2,2026-04-25T18:01:00.000Z,583,2,STATE,POLICY_UNIVERSE,false
L14:T2:I54,14,T2,2026-04-25T18:01:00.000Z,2907,2,STATE,POLICY_UNIVERSE,false
L14:T2:I54,14,T2,2026-04-25T18:01:00.000Z,2339,2,STATE,POLICY_UNIVERSE,false
L14:T2:I54,14,T2,2026-04-25T18:01:00.000Z,2300,2,STATE,POLICY_UNIVERSE,false
L14:T2:I54,14,T2,2026-04-25T18:01:00.000Z,2411,2,STATE,POLICY_UNIVERSE,false
L14:T2:I54,14,T2,2026-04-25T18:01:00.000Z,205,2,STATE,POLICY_UNIVERSE,false
L14:T2:I54,14,T2,2026-04-25T18:01:00.000Z,1954,2,STATE,POLICY_UNIVERSE,false
L14:T2:I54,14,T2,2026-04-25T18:01:00.000Z,916,2,STATE,POLICY_UNIVERSE,false
L14:T2:I54,14,T2,2026-04-25T18:01:00.000Z,1502,2,STATE,POLICY_UNIVERSE,false
L14:T2:I54,14,T2,2026-04-25T18:01:00.000Z,1839,2,STATE,POLICY_UNIVERSE,false
L14:T2:I54,14,T2,2026-04-25T18:01:00.000Z,2704,2,STATE,POLICY_UNIVERSE,false
L14:T2:I54,14,T2,2026-04-25T18:01:00.000Z,1306,2,STATE,POLICY_UNIVERSE,false
L14:T2:I54,14,T2,2026-04-25T18:01:00.000Z,538,2,STATE,POLICY_UNIVERSE,false
L14:T2:I54,14,T2,2026-04-25T18:01:00.000Z,2403,2,STATE,POLICY_UNIVERSE,false
L14:T2:I54,14,T2,2026-04-25T18:01:00.000Z,2492,2,STATE,POLICY_UNIVERSE,false
L14:T2:I54,14,T2,2026-04-25T18:01:00.000Z,1588,2,STATE,POLICY_UNIVERSE,false
L14:T2:I54,14,T2,2026-04-25T18:01:00.000Z,2315,2,STATE,POLICY_UNIVERSE,false
L14:T2:I54,14,T2,2026-04-25T18:01:00.000Z,1054,2,STATE,POLICY_UNIVERSE,false
L14:T2:I54,14,T2,2026-04-25T18:01:00.000Z,2116,2,STATE,POLICY_UNIVERSE,false
L14:T2:I54,14,T2,2026-04-25T18:01:00.000Z,324,2,STATE,POLICY_UNIVERSE,false
L14:T2:I54,14,T2,2026-04-25T18:01:00.000Z,2581,2,STATE,POLICY_UNIVERSE,false
L14:T2:I54,14,T2,2026-04-25T18:01:00.000Z,1499,2,STATE,POLICY_UNIVERSE,false
L14:T2:I54,14,T2,2026-04-25T18:01:00.000Z,2192,2,STATE,POLICY_UNIVERSE,false
L14:T2:I54,14,T2,2026-04-25T18:01:00.000Z,2438,2,STATE,POLICY_UNIVERSE,false
L14:T2:I54,14,T2,2026-04-25T18:01:00.000Z,2013,2,STATE,POLICY_UNIVERSE,false
L14:T2:I54,14,T2,2026-04-25T18:01:00.000Z,297,2,STATE,POLICY_UNIVERSE,false
L14:T2:I54,14,T2,2026-04-25T18:01:00.000Z,1158,2,STATE,POLICY_UNIVERSE,false
L14:T2:I54,14,T2,2026-04-25T18:01:00.000Z,878,2,STATE,POLICY_UNIVERSE,false
L14:T2:I54,14,T2,2026-04-25T18:01:00.000Z,731,2,STATE,POLICY_UNIVERSE,false
L14:T2:I54,14,T2,2026-04-25T18:01:00.000Z,2465,2,STATE,POLICY_UNIVERSE,false
L14:T2:I54,14,T2,2026-04-25T18:01:00.000Z,1736,2,STATE,POLICY_UNIVERSE,false
L14:T2:I54,14,T2,2026-04-25T18:01:00.000Z,1627,2,STATE,POLICY_UNIVERSE,false
L14:T2:I54,14,T2,2026-04-25T18:01:00.000Z,1887,2,STATE,POLICY_UNIVERSE,false
L14:T2:I54,14,T2,2026-04-25T18:01:00.000Z,2715,2,STATE,POLICY_UNIVERSE,false
L14:T2:I54,14,T2,2026-04-25T18:01:00.000Z,732,2,STATE,POLICY_UNIVERSE,false
L14:T2:I54,14,T2,2026-04-25T18:01:00.000Z,1010,2,STATE,POLICY_UNIVERSE,false
L14:T2:I54,14,T2,2026-04-25T18:01:00.000Z,1212,2,STATE,POLICY_UNIVERSE,false
L14:T2:I54,14,T2,2026-04-25T18:01:00.000Z,584,2,STATE,POLICY_UNIVERSE,false
L14:T2:I54,14,T2,2026-04-25T18:01:00.000Z,1565,2,STATE,POLICY_UNIVERSE,false
L14:T2:I54,14,T2,2026-04-25T18:01:00.000Z,1177,2,STATE,POLICY_UNIVERSE,false
L14:T2:I54,14,T2,2026-04-25T18:01:00.000Z,1704,2,STATE,POLICY_UNIVERSE,false
L14:T2:I54,14,T2,2026-04-25T18:01:00.000Z,815,2,STATE,POLICY_UNIVERSE,false
L14:T2:I54,14,T2,2026-04-25T18:01:00.000Z,1168,2,STATE,POLICY_UNIVERSE,false
L14:T2:I54,14,T2,2026-04-25T18:01:00.000Z,1307,2,STATE,POLICY_UNIVERSE,false
L14:T2:I54,14,T2,2026-04-25T18:01:00.000Z,2230,2,STATE,POLICY_UNIVERSE,false
L14:T2:I54,14,T2,2026-04-25T18:01:00.000Z,1325,2,STATE,POLICY_UNIVERSE,false
L14:T2:I54,14,T2,2026-04-25T18:01:00.000Z,1872,2,STATE,POLICY_UNIVERSE,false
L14:T2:I54,14,T2,2026-04-25T18:01:00.000Z,2952,2,STATE,POLICY_UNIVERSE,false
L14:T2:I54,14,T2,2026-04-25T18:01:00.000Z,553,99,OBSERVED_OVERRIDE,OBSERVED_CURRENT_OVERRIDE,true
L15:T0,15,T0,2025-07-28T00:00:00.000Z,1666,0,CORRIDOR,POLICY_UNIVERSE,
L15:T0,15,T0,2025-07-28T00:00:00.000Z,856,0,CORRIDOR,POLICY_UNIVERSE,
L15:T0,15,T0,2025-07-28T00:00:00.000Z,1708,0,CORRIDOR,POLICY_UNIVERSE,
L15:T0,15,T0,2025-07-28T00:00:00.000Z,2161,0,CORRIDOR,POLICY_UNIVERSE,
L15:T0,15,T0,2025-07-28T00:00:00.000Z,1372,0,CORRIDOR,POLICY_UNIVERSE,
L15:T0,15,T0,2025-07-28T00:00:00.000Z,2809,0,CORRIDOR,POLICY_UNIVERSE,
L15:T0,15,T0,2025-07-28T00:00:00.000Z,2326,0,CORRIDOR,POLICY_UNIVERSE,
L15:T0,15,T0,2025-07-28T00:00:00.000Z,2401,0,CORRIDOR,POLICY_UNIVERSE,
L15:T0,15,T0,2025-07-28T00:00:00.000Z,1566,0,CORRIDOR,POLICY_UNIVERSE,
L15:T0,15,T0,2025-07-28T00:00:00.000Z,2981,0,CORRIDOR,POLICY_UNIVERSE,
L15:T0,15,T0,2025-07-28T00:00:00.000Z,1090,0,CORRIDOR,POLICY_UNIVERSE,
L15:T0,15,T0,2025-07-28T00:00:00.000Z,1835,0,CORRIDOR,POLICY_UNIVERSE,
L15:T0,15,T0,2025-07-28T00:00:00.000Z,1281,0,CORRIDOR,POLICY_UNIVERSE,
L15:T0,15,T0,2025-07-28T00:00:00.000Z,246,0,CORRIDOR,POLICY_UNIVERSE,
L15:T0,15,T0,2025-07-28T00:00:00.000Z,1819,0,CORRIDOR,POLICY_UNIVERSE,
L15:T0,15,T0,2025-07-28T00:00:00.000Z,381,0,CORRIDOR,POLICY_UNIVERSE,
L15:T0,15,T0,2025-07-28T00:00:00.000Z,1973,0,CORRIDOR,POLICY_UNIVERSE,
L15:T0,15,T0,2025-07-28T00:00:00.000Z,754,0,CORRIDOR,POLICY_UNIVERSE,
L15:T1:I59,15,T1,2025-07-29T11:12:20.000Z,1666,0,CORRIDOR,POLICY_UNIVERSE,false
L15:T1:I59,15,T1,2025-07-29T11:12:20.000Z,856,0,CORRIDOR,POLICY_UNIVERSE,false
L15:T1:I59,15,T1,2025-07-29T11:12:20.000Z,1708,0,CORRIDOR,POLICY_UNIVERSE,false
L15:T1:I59,15,T1,2025-07-29T11:12:20.000Z,2161,0,CORRIDOR,POLICY_UNIVERSE,false
L15:T1:I59,15,T1,2025-07-29T11:12:20.000Z,1372,0,CORRIDOR,POLICY_UNIVERSE,false
L15:T1:I59,15,T1,2025-07-29T11:12:20.000Z,2809,0,CORRIDOR,POLICY_UNIVERSE,false
L15:T1:I59,15,T1,2025-07-29T11:12:20.000Z,2326,0,CORRIDOR,POLICY_UNIVERSE,false
L15:T1:I59,15,T1,2025-07-29T11:12:20.000Z,2401,0,CORRIDOR,POLICY_UNIVERSE,false
L15:T1:I59,15,T1,2025-07-29T11:12:20.000Z,1566,0,CORRIDOR,POLICY_UNIVERSE,false
L15:T1:I59,15,T1,2025-07-29T11:12:20.000Z,2981,0,CORRIDOR,POLICY_UNIVERSE,false
L15:T1:I59,15,T1,2025-07-29T11:12:20.000Z,1090,0,CORRIDOR,POLICY_UNIVERSE,false
L15:T1:I59,15,T1,2025-07-29T11:12:20.000Z,1835,0,CORRIDOR,POLICY_UNIVERSE,false
L15:T1:I59,15,T1,2025-07-29T11:12:20.000Z,1281,0,CORRIDOR,POLICY_UNIVERSE,false
L15:T1:I59,15,T1,2025-07-29T11:12:20.000Z,246,0,CORRIDOR,POLICY_UNIVERSE,false
L15:T1:I59,15,T1,2025-07-29T11:12:20.000Z,1819,0,CORRIDOR,POLICY_UNIVERSE,false
L15:T1:I59,15,T1,2025-07-29T11:12:20.000Z,381,0,CORRIDOR,POLICY_UNIVERSE,false
L15:T1:I59,15,T1,2025-07-29T11:12:20.000Z,1973,0,CORRIDOR,POLICY_UNIVERSE,false
L15:T1:I59,15,T1,2025-07-29T11:12:20.000Z,754,0,CORRIDOR,POLICY_UNIVERSE,false
L15:T1:I59,15,T1,2025-07-29T11:12:20.000Z,1183,99,OBSERVED_OVERRIDE,OBSERVED_CURRENT_OVERRIDE,true
L15:T2:I64,15,T2,2025-07-29T19:26:07.000Z,1666,0,CORRIDOR,POLICY_UNIVERSE,false
L15:T2:I64,15,T2,2025-07-29T19:26:07.000Z,856,0,CORRIDOR,POLICY_UNIVERSE,false
L15:T2:I64,15,T2,2025-07-29T19:26:07.000Z,1708,0,CORRIDOR,POLICY_UNIVERSE,false
L15:T2:I64,15,T2,2025-07-29T19:26:07.000Z,2161,0,CORRIDOR,POLICY_UNIVERSE,false
L15:T2:I64,15,T2,2025-07-29T19:26:07.000Z,1372,0,CORRIDOR,POLICY_UNIVERSE,false
L15:T2:I64,15,T2,2025-07-29T19:26:07.000Z,2809,0,CORRIDOR,POLICY_UNIVERSE,false
L15:T2:I64,15,T2,2025-07-29T19:26:07.000Z,2326,0,CORRIDOR,POLICY_UNIVERSE,false
L15:T2:I64,15,T2,2025-07-29T19:26:07.000Z,2401,0,CORRIDOR,POLICY_UNIVERSE,true
L15:T2:I64,15,T2,2025-07-29T19:26:07.000Z,1566,0,CORRIDOR,POLICY_UNIVERSE,false
L15:T2:I64,15,T2,2025-07-29T19:26:07.000Z,2981,0,CORRIDOR,POLICY_UNIVERSE,false
L15:T2:I64,15,T2,2025-07-29T19:26:07.000Z,1090,0,CORRIDOR,POLICY_UNIVERSE,false
L15:T2:I64,15,T2,2025-07-29T19:26:07.000Z,1835,0,CORRIDOR,POLICY_UNIVERSE,false
L15:T2:I64,15,T2,2025-07-29T19:26:07.000Z,1281,0,CORRIDOR,POLICY_UNIVERSE,false
L15:T2:I64,15,T2,2025-07-29T19:26:07.000Z,246,0,CORRIDOR,POLICY_UNIVERSE,false
L15:T2:I64,15,T2,2025-07-29T19:26:07.000Z,1819,0,CORRIDOR,POLICY_UNIVERSE,false
L15:T2:I64,15,T2,2025-07-29T19:26:07.000Z,381,0,CORRIDOR,POLICY_UNIVERSE,false
L15:T2:I64,15,T2,2025-07-29T19:26:07.000Z,1973,0,CORRIDOR,POLICY_UNIVERSE,false
L15:T2:I64,15,T2,2025-07-29T19:26:07.000Z,754,0,CORRIDOR,POLICY_UNIVERSE,false
L15:T2:I61,15,T2,2025-07-31T11:18:07.000Z,1666,0,CORRIDOR,POLICY_UNIVERSE,false
L15:T2:I61,15,T2,2025-07-31T11:18:07.000Z,856,0,CORRIDOR,POLICY_UNIVERSE,false
L15:T2:I61,15,T2,2025-07-31T11:18:07.000Z,1708,0,CORRIDOR,POLICY_UNIVERSE,false
L15:T2:I61,15,T2,2025-07-31T11:18:07.000Z,2161,0,CORRIDOR,POLICY_UNIVERSE,false
L15:T2:I61,15,T2,2025-07-31T11:18:07.000Z,1372,0,CORRIDOR,POLICY_UNIVERSE,false
L15:T2:I61,15,T2,2025-07-31T11:18:07.000Z,2809,0,CORRIDOR,POLICY_UNIVERSE,false
L15:T2:I61,15,T2,2025-07-31T11:18:07.000Z,2326,0,CORRIDOR,POLICY_UNIVERSE,false
L15:T2:I61,15,T2,2025-07-31T11:18:07.000Z,2401,0,CORRIDOR,POLICY_UNIVERSE,false
L15:T2:I61,15,T2,2025-07-31T11:18:07.000Z,1566,0,CORRIDOR,POLICY_UNIVERSE,false
L15:T2:I61,15,T2,2025-07-31T11:18:07.000Z,2981,0,CORRIDOR,POLICY_UNIVERSE,false
L15:T2:I61,15,T2,2025-07-31T11:18:07.000Z,1090,0,CORRIDOR,POLICY_UNIVERSE,false
L15:T2:I61,15,T2,2025-07-31T11:18:07.000Z,1835,0,CORRIDOR,POLICY_UNIVERSE,false
L15:T2:I61,15,T2,2025-07-31T11:18:07.000Z,1281,0,CORRIDOR,POLICY_UNIVERSE,false
L15:T2:I61,15,T2,2025-07-31T11:18:07.000Z,246,0,CORRIDOR,POLICY_UNIVERSE,false
L15:T2:I61,15,T2,2025-07-31T11:18:07.000Z,1819,0,CORRIDOR,POLICY_UNIVERSE,false
L15:T2:I61,15,T2,2025-07-31T11:18:07.000Z,381,0,CORRIDOR,POLICY_UNIVERSE,false
L15:T2:I61,15,T2,2025-07-31T11:18:07.000Z,1973,0,CORRIDOR,POLICY_UNIVERSE,false
L15:T2:I61,15,T2,2025-07-31T11:18:07.000Z,754,0,CORRIDOR,POLICY_UNIVERSE,false
L15:T2:I61,15,T2,2025-07-31T11:18:07.000Z,1993,99,OBSERVED_OVERRIDE,OBSERVED_CURRENT_OVERRIDE,true
L15:T2:I65,15,T2,2025-08-03T15:34:38.000Z,1666,0,CORRIDOR,POLICY_UNIVERSE,false
L15:T2:I65,15,T2,2025-08-03T15:34:38.000Z,856,0,CORRIDOR,POLICY_UNIVERSE,false
L15:T2:I65,15,T2,2025-08-03T15:34:38.000Z,1708,0,CORRIDOR,POLICY_UNIVERSE,false
L15:T2:I65,15,T2,2025-08-03T15:34:38.000Z,2161,0,CORRIDOR,POLICY_UNIVERSE,false
L15:T2:I65,15,T2,2025-08-03T15:34:38.000Z,1372,0,CORRIDOR,POLICY_UNIVERSE,false
L15:T2:I65,15,T2,2025-08-03T15:34:38.000Z,2809,0,CORRIDOR,POLICY_UNIVERSE,false
L15:T2:I65,15,T2,2025-08-03T15:34:38.000Z,2326,0,CORRIDOR,POLICY_UNIVERSE,false
L15:T2:I65,15,T2,2025-08-03T15:34:38.000Z,2401,0,CORRIDOR,POLICY_UNIVERSE,false
L15:T2:I65,15,T2,2025-08-03T15:34:38.000Z,1566,0,CORRIDOR,POLICY_UNIVERSE,false
L15:T2:I65,15,T2,2025-08-03T15:34:38.000Z,2981,0,CORRIDOR,POLICY_UNIVERSE,false
L15:T2:I65,15,T2,2025-08-03T15:34:38.000Z,1090,0,CORRIDOR,POLICY_UNIVERSE,false
L15:T2:I65,15,T2,2025-08-03T15:34:38.000Z,1835,0,CORRIDOR,POLICY_UNIVERSE,false
L15:T2:I65,15,T2,2025-08-03T15:34:38.000Z,1281,0,CORRIDOR,POLICY_UNIVERSE,false
L15:T2:I65,15,T2,2025-08-03T15:34:38.000Z,246,0,CORRIDOR,POLICY_UNIVERSE,false
L15:T2:I65,15,T2,2025-08-03T15:34:38.000Z,1819,0,CORRIDOR,POLICY_UNIVERSE,false
L15:T2:I65,15,T2,2025-08-03T15:34:38.000Z,381,0,CORRIDOR,POLICY_UNIVERSE,false
L15:T2:I65,15,T2,2025-08-03T15:34:38.000Z,1973,0,CORRIDOR,POLICY_UNIVERSE,false
L15:T2:I65,15,T2,2025-08-03T15:34:38.000Z,754,0,CORRIDOR,POLICY_UNIVERSE,false
L15:T2:I65,15,T2,2025-08-03T15:34:38.000Z,1639,99,OBSERVED_OVERRIDE,OBSERVED_CURRENT_OVERRIDE,true
L15:T2:I58,15,T2,2025-08-04T13:42:18.000Z,1666,0,CORRIDOR,POLICY_UNIVERSE,false
L15:T2:I58,15,T2,2025-08-04T13:42:18.000Z,856,0,CORRIDOR,POLICY_UNIVERSE,false
L15:T2:I58,15,T2,2025-08-04T13:42:18.000Z,1708,0,CORRIDOR,POLICY_UNIVERSE,false
L15:T2:I58,15,T2,2025-08-04T13:42:18.000Z,2161,0,CORRIDOR,POLICY_UNIVERSE,false
L15:T2:I58,15,T2,2025-08-04T13:42:18.000Z,1372,0,CORRIDOR,POLICY_UNIVERSE,false
L15:T2:I58,15,T2,2025-08-04T13:42:18.000Z,2809,0,CORRIDOR,POLICY_UNIVERSE,false
L15:T2:I58,15,T2,2025-08-04T13:42:18.000Z,2326,0,CORRIDOR,POLICY_UNIVERSE,false
L15:T2:I58,15,T2,2025-08-04T13:42:18.000Z,2401,0,CORRIDOR,POLICY_UNIVERSE,false
L15:T2:I58,15,T2,2025-08-04T13:42:18.000Z,1566,0,CORRIDOR,POLICY_UNIVERSE,false
L15:T2:I58,15,T2,2025-08-04T13:42:18.000Z,2981,0,CORRIDOR,POLICY_UNIVERSE,false
L15:T2:I58,15,T2,2025-08-04T13:42:18.000Z,1090,0,CORRIDOR,POLICY_UNIVERSE,false
L15:T2:I58,15,T2,2025-08-04T13:42:18.000Z,1835,0,CORRIDOR,POLICY_UNIVERSE,false
L15:T2:I58,15,T2,2025-08-04T13:42:18.000Z,1281,0,CORRIDOR,POLICY_UNIVERSE,false
L15:T2:I58,15,T2,2025-08-04T13:42:18.000Z,246,0,CORRIDOR,POLICY_UNIVERSE,false
L15:T2:I58,15,T2,2025-08-04T13:42:18.000Z,1819,0,CORRIDOR,POLICY_UNIVERSE,false
L15:T2:I58,15,T2,2025-08-04T13:42:18.000Z,381,0,CORRIDOR,POLICY_UNIVERSE,false
L15:T2:I58,15,T2,2025-08-04T13:42:18.000Z,1973,0,CORRIDOR,POLICY_UNIVERSE,false
L15:T2:I58,15,T2,2025-08-04T13:42:18.000Z,754,0,CORRIDOR,POLICY_UNIVERSE,false
L15:T2:I58,15,T2,2025-08-04T13:42:18.000Z,857,99,OBSERVED_OVERRIDE,OBSERVED_CURRENT_OVERRIDE,true
L15:T2:I60,15,T2,2025-08-05T10:04:16.000Z,1666,0,CORRIDOR,POLICY_UNIVERSE,false
L15:T2:I60,15,T2,2025-08-05T10:04:16.000Z,856,0,CORRIDOR,POLICY_UNIVERSE,false
L15:T2:I60,15,T2,2025-08-05T10:04:16.000Z,1708,0,CORRIDOR,POLICY_UNIVERSE,false
L15:T2:I60,15,T2,2025-08-05T10:04:16.000Z,2161,0,CORRIDOR,POLICY_UNIVERSE,false
L15:T2:I60,15,T2,2025-08-05T10:04:16.000Z,1372,0,CORRIDOR,POLICY_UNIVERSE,false
L15:T2:I60,15,T2,2025-08-05T10:04:16.000Z,2809,0,CORRIDOR,POLICY_UNIVERSE,true
L15:T2:I60,15,T2,2025-08-05T10:04:16.000Z,2326,0,CORRIDOR,POLICY_UNIVERSE,false
L15:T2:I60,15,T2,2025-08-05T10:04:16.000Z,2401,0,CORRIDOR,POLICY_UNIVERSE,false
L15:T2:I60,15,T2,2025-08-05T10:04:16.000Z,1566,0,CORRIDOR,POLICY_UNIVERSE,false
L15:T2:I60,15,T2,2025-08-05T10:04:16.000Z,2981,0,CORRIDOR,POLICY_UNIVERSE,false
L15:T2:I60,15,T2,2025-08-05T10:04:16.000Z,1090,0,CORRIDOR,POLICY_UNIVERSE,false
L15:T2:I60,15,T2,2025-08-05T10:04:16.000Z,1835,0,CORRIDOR,POLICY_UNIVERSE,false
L15:T2:I60,15,T2,2025-08-05T10:04:16.000Z,1281,0,CORRIDOR,POLICY_UNIVERSE,false
L15:T2:I60,15,T2,2025-08-05T10:04:16.000Z,246,0,CORRIDOR,POLICY_UNIVERSE,false
L15:T2:I60,15,T2,2025-08-05T10:04:16.000Z,1819,0,CORRIDOR,POLICY_UNIVERSE,false
L15:T2:I60,15,T2,2025-08-05T10:04:16.000Z,381,0,CORRIDOR,POLICY_UNIVERSE,false
L15:T2:I60,15,T2,2025-08-05T10:04:16.000Z,1973,0,CORRIDOR,POLICY_UNIVERSE,false
L15:T2:I60,15,T2,2025-08-05T10:04:16.000Z,754,0,CORRIDOR,POLICY_UNIVERSE,false
L15:T2:I63,15,T2,2025-08-09T10:52:32.000Z,1666,0,CORRIDOR,POLICY_UNIVERSE,false
L15:T2:I63,15,T2,2025-08-09T10:52:32.000Z,856,0,CORRIDOR,POLICY_UNIVERSE,false
L15:T2:I63,15,T2,2025-08-09T10:52:32.000Z,1708,0,CORRIDOR,POLICY_UNIVERSE,false
L15:T2:I63,15,T2,2025-08-09T10:52:32.000Z,2161,0,CORRIDOR,POLICY_UNIVERSE,false
L15:T2:I63,15,T2,2025-08-09T10:52:32.000Z,1372,0,CORRIDOR,POLICY_UNIVERSE,false
L15:T2:I63,15,T2,2025-08-09T10:52:32.000Z,2809,0,CORRIDOR,POLICY_UNIVERSE,false
L15:T2:I63,15,T2,2025-08-09T10:52:32.000Z,2326,0,CORRIDOR,POLICY_UNIVERSE,false
L15:T2:I63,15,T2,2025-08-09T10:52:32.000Z,2401,0,CORRIDOR,POLICY_UNIVERSE,false
L15:T2:I63,15,T2,2025-08-09T10:52:32.000Z,1566,0,CORRIDOR,POLICY_UNIVERSE,false
L15:T2:I63,15,T2,2025-08-09T10:52:32.000Z,2981,0,CORRIDOR,POLICY_UNIVERSE,false
L15:T2:I63,15,T2,2025-08-09T10:52:32.000Z,1090,0,CORRIDOR,POLICY_UNIVERSE,false
L15:T2:I63,15,T2,2025-08-09T10:52:32.000Z,1835,0,CORRIDOR,POLICY_UNIVERSE,false
L15:T2:I63,15,T2,2025-08-09T10:52:32.000Z,1281,0,CORRIDOR,POLICY_UNIVERSE,false
L15:T2:I63,15,T2,2025-08-09T10:52:32.000Z,246,0,CORRIDOR,POLICY_UNIVERSE,false
L15:T2:I63,15,T2,2025-08-09T10:52:32.000Z,1819,0,CORRIDOR,POLICY_UNIVERSE,false
L15:T2:I63,15,T2,2025-08-09T10:52:32.000Z,381,0,CORRIDOR,POLICY_UNIVERSE,false
L15:T2:I63,15,T2,2025-08-09T10:52:32.000Z,1973,0,CORRIDOR,POLICY_UNIVERSE,false
L15:T2:I63,15,T2,2025-08-09T10:52:32.000Z,754,0,CORRIDOR,POLICY_UNIVERSE,false
L15:T2:I63,15,T2,2025-08-09T10:52:32.000Z,2878,0,CORRIDOR,POLICY_UNIVERSE,false
L15:T2:I63,15,T2,2025-08-09T10:52:32.000Z,124,99,OBSERVED_OVERRIDE,OBSERVED_CURRENT_OVERRIDE,true
L15:T2:I62,15,T2,2025-08-09T12:41:32.000Z,1666,0,CORRIDOR,POLICY_UNIVERSE,false
L15:T2:I62,15,T2,2025-08-09T12:41:32.000Z,856,0,CORRIDOR,POLICY_UNIVERSE,false
L15:T2:I62,15,T2,2025-08-09T12:41:32.000Z,1708,0,CORRIDOR,POLICY_UNIVERSE,false
L15:T2:I62,15,T2,2025-08-09T12:41:32.000Z,2161,0,CORRIDOR,POLICY_UNIVERSE,false
L15:T2:I62,15,T2,2025-08-09T12:41:32.000Z,1372,0,CORRIDOR,POLICY_UNIVERSE,false
L15:T2:I62,15,T2,2025-08-09T12:41:32.000Z,2809,0,CORRIDOR,POLICY_UNIVERSE,false
L15:T2:I62,15,T2,2025-08-09T12:41:32.000Z,2326,0,CORRIDOR,POLICY_UNIVERSE,false
L15:T2:I62,15,T2,2025-08-09T12:41:32.000Z,2401,0,CORRIDOR,POLICY_UNIVERSE,false
L15:T2:I62,15,T2,2025-08-09T12:41:32.000Z,1566,0,CORRIDOR,POLICY_UNIVERSE,false
L15:T2:I62,15,T2,2025-08-09T12:41:32.000Z,2981,0,CORRIDOR,POLICY_UNIVERSE,false
L15:T2:I62,15,T2,2025-08-09T12:41:32.000Z,1090,0,CORRIDOR,POLICY_UNIVERSE,false
L15:T2:I62,15,T2,2025-08-09T12:41:32.000Z,1835,0,CORRIDOR,POLICY_UNIVERSE,false
L15:T2:I62,15,T2,2025-08-09T12:41:32.000Z,1281,0,CORRIDOR,POLICY_UNIVERSE,false
L15:T2:I62,15,T2,2025-08-09T12:41:32.000Z,246,0,CORRIDOR,POLICY_UNIVERSE,false
L15:T2:I62,15,T2,2025-08-09T12:41:32.000Z,1819,0,CORRIDOR,POLICY_UNIVERSE,false
L15:T2:I62,15,T2,2025-08-09T12:41:32.000Z,381,0,CORRIDOR,POLICY_UNIVERSE,false
L15:T2:I62,15,T2,2025-08-09T12:41:32.000Z,1973,0,CORRIDOR,POLICY_UNIVERSE,false
L15:T2:I62,15,T2,2025-08-09T12:41:32.000Z,754,0,CORRIDOR,POLICY_UNIVERSE,false
L15:T2:I62,15,T2,2025-08-09T12:41:32.000Z,2878,0,CORRIDOR,POLICY_UNIVERSE,false
L15:T2:I62,15,T2,2025-08-09T12:41:32.000Z,1926,99,OBSERVED_OVERRIDE,OBSERVED_CURRENT_OVERRIDE,true
L16:T0,16,T0,2025-10-15T00:00:00.000Z,1913,0,CORRIDOR,POLICY_UNIVERSE,
L16:T0,16,T0,2025-10-15T00:00:00.000Z,1405,0,CORRIDOR,POLICY_UNIVERSE,
L16:T0,16,T0,2025-10-15T00:00:00.000Z,846,0,CORRIDOR,POLICY_UNIVERSE,
L16:T0,16,T0,2025-10-15T00:00:00.000Z,1547,0,CORRIDOR,POLICY_UNIVERSE,
L16:T0,16,T0,2025-10-15T00:00:00.000Z,386,0,CORRIDOR,POLICY_UNIVERSE,
L16:T0,16,T0,2025-10-15T00:00:00.000Z,1557,0,CORRIDOR,POLICY_UNIVERSE,
L16:T0,16,T0,2025-10-15T00:00:00.000Z,902,0,CORRIDOR,POLICY_UNIVERSE,
L16:T0,16,T0,2025-10-15T00:00:00.000Z,581,0,CORRIDOR,POLICY_UNIVERSE,
L16:T0,16,T0,2025-10-15T00:00:00.000Z,2485,0,CORRIDOR,POLICY_UNIVERSE,
L16:T0,16,T0,2025-10-15T00:00:00.000Z,2369,0,CORRIDOR,POLICY_UNIVERSE,
L16:T0,16,T0,2025-10-15T00:00:00.000Z,2962,0,CORRIDOR,POLICY_UNIVERSE,
L16:T0,16,T0,2025-10-15T00:00:00.000Z,2870,0,CORRIDOR,POLICY_UNIVERSE,
L16:T0,16,T0,2025-10-15T00:00:00.000Z,2805,0,CORRIDOR,POLICY_UNIVERSE,
L16:T1:I69,16,T1,2025-10-17T09:37:11.000Z,1913,0,CORRIDOR,POLICY_UNIVERSE,false
L16:T1:I69,16,T1,2025-10-17T09:37:11.000Z,1405,0,CORRIDOR,POLICY_UNIVERSE,false
L16:T1:I69,16,T1,2025-10-17T09:37:11.000Z,846,0,CORRIDOR,POLICY_UNIVERSE,false
L16:T1:I69,16,T1,2025-10-17T09:37:11.000Z,1547,0,CORRIDOR,POLICY_UNIVERSE,false
L16:T1:I69,16,T1,2025-10-17T09:37:11.000Z,386,0,CORRIDOR,POLICY_UNIVERSE,false
L16:T1:I69,16,T1,2025-10-17T09:37:11.000Z,1557,0,CORRIDOR,POLICY_UNIVERSE,false
L16:T1:I69,16,T1,2025-10-17T09:37:11.000Z,902,0,CORRIDOR,POLICY_UNIVERSE,false
L16:T1:I69,16,T1,2025-10-17T09:37:11.000Z,581,0,CORRIDOR,POLICY_UNIVERSE,false
L16:T1:I69,16,T1,2025-10-17T09:37:11.000Z,2485,0,CORRIDOR,POLICY_UNIVERSE,false
L16:T1:I69,16,T1,2025-10-17T09:37:11.000Z,2369,0,CORRIDOR,POLICY_UNIVERSE,false
L16:T1:I69,16,T1,2025-10-17T09:37:11.000Z,2962,0,CORRIDOR,POLICY_UNIVERSE,false
L16:T1:I69,16,T1,2025-10-17T09:37:11.000Z,2870,0,CORRIDOR,POLICY_UNIVERSE,false
L16:T1:I69,16,T1,2025-10-17T09:37:11.000Z,2805,0,CORRIDOR,POLICY_UNIVERSE,false
L16:T1:I69,16,T1,2025-10-17T09:37:11.000Z,1541,0,CORRIDOR,POLICY_UNIVERSE,false
L16:T1:I69,16,T1,2025-10-17T09:37:11.000Z,913,99,OBSERVED_OVERRIDE,OBSERVED_CURRENT_OVERRIDE,true
L16:T2:I67,16,T2,2025-10-19T20:10:58.000Z,1913,0,CORRIDOR,POLICY_UNIVERSE,false
L16:T2:I67,16,T2,2025-10-19T20:10:58.000Z,1405,0,CORRIDOR,POLICY_UNIVERSE,false
L16:T2:I67,16,T2,2025-10-19T20:10:58.000Z,846,0,CORRIDOR,POLICY_UNIVERSE,false
L16:T2:I67,16,T2,2025-10-19T20:10:58.000Z,1547,0,CORRIDOR,POLICY_UNIVERSE,false
L16:T2:I67,16,T2,2025-10-19T20:10:58.000Z,386,0,CORRIDOR,POLICY_UNIVERSE,false
L16:T2:I67,16,T2,2025-10-19T20:10:58.000Z,1557,0,CORRIDOR,POLICY_UNIVERSE,false
L16:T2:I67,16,T2,2025-10-19T20:10:58.000Z,902,0,CORRIDOR,POLICY_UNIVERSE,false
L16:T2:I67,16,T2,2025-10-19T20:10:58.000Z,581,0,CORRIDOR,POLICY_UNIVERSE,false
L16:T2:I67,16,T2,2025-10-19T20:10:58.000Z,2485,0,CORRIDOR,POLICY_UNIVERSE,false
L16:T2:I67,16,T2,2025-10-19T20:10:58.000Z,2369,0,CORRIDOR,POLICY_UNIVERSE,false
L16:T2:I67,16,T2,2025-10-19T20:10:58.000Z,2962,0,CORRIDOR,POLICY_UNIVERSE,false
L16:T2:I67,16,T2,2025-10-19T20:10:58.000Z,2870,0,CORRIDOR,POLICY_UNIVERSE,false
L16:T2:I67,16,T2,2025-10-19T20:10:58.000Z,2805,0,CORRIDOR,POLICY_UNIVERSE,false
L16:T2:I67,16,T2,2025-10-19T20:10:58.000Z,1541,0,CORRIDOR,POLICY_UNIVERSE,false
L16:T2:I67,16,T2,2025-10-19T20:10:58.000Z,2177,99,OBSERVED_OVERRIDE,OBSERVED_CURRENT_OVERRIDE,true
L16:T2:I73,16,T2,2025-10-24T15:16:55.000Z,1913,0,CORRIDOR,POLICY_UNIVERSE,false
L16:T2:I73,16,T2,2025-10-24T15:16:55.000Z,1405,0,CORRIDOR,POLICY_UNIVERSE,false
L16:T2:I73,16,T2,2025-10-24T15:16:55.000Z,846,0,CORRIDOR,POLICY_UNIVERSE,false
L16:T2:I73,16,T2,2025-10-24T15:16:55.000Z,1547,0,CORRIDOR,POLICY_UNIVERSE,false
L16:T2:I73,16,T2,2025-10-24T15:16:55.000Z,386,0,CORRIDOR,POLICY_UNIVERSE,false
L16:T2:I73,16,T2,2025-10-24T15:16:55.000Z,1557,0,CORRIDOR,POLICY_UNIVERSE,false
L16:T2:I73,16,T2,2025-10-24T15:16:55.000Z,902,0,CORRIDOR,POLICY_UNIVERSE,false
L16:T2:I73,16,T2,2025-10-24T15:16:55.000Z,581,0,CORRIDOR,POLICY_UNIVERSE,false
L16:T2:I73,16,T2,2025-10-24T15:16:55.000Z,2485,0,CORRIDOR,POLICY_UNIVERSE,false
L16:T2:I73,16,T2,2025-10-24T15:16:55.000Z,2369,0,CORRIDOR,POLICY_UNIVERSE,false
L16:T2:I73,16,T2,2025-10-24T15:16:55.000Z,2962,0,CORRIDOR,POLICY_UNIVERSE,false
L16:T2:I73,16,T2,2025-10-24T15:16:55.000Z,2870,0,CORRIDOR,POLICY_UNIVERSE,false
L16:T2:I73,16,T2,2025-10-24T15:16:55.000Z,2805,0,CORRIDOR,POLICY_UNIVERSE,false
L16:T2:I73,16,T2,2025-10-24T15:16:55.000Z,1541,0,CORRIDOR,POLICY_UNIVERSE,false
L16:T2:I73,16,T2,2025-10-24T15:16:55.000Z,2578,99,OBSERVED_OVERRIDE,OBSERVED_CURRENT_OVERRIDE,true
L16:T2:I68,16,T2,2025-10-25T11:01:34.000Z,1913,0,CORRIDOR,POLICY_UNIVERSE,false
L16:T2:I68,16,T2,2025-10-25T11:01:34.000Z,1405,0,CORRIDOR,POLICY_UNIVERSE,false
L16:T2:I68,16,T2,2025-10-25T11:01:34.000Z,846,0,CORRIDOR,POLICY_UNIVERSE,false
L16:T2:I68,16,T2,2025-10-25T11:01:34.000Z,1547,0,CORRIDOR,POLICY_UNIVERSE,false
L16:T2:I68,16,T2,2025-10-25T11:01:34.000Z,386,0,CORRIDOR,POLICY_UNIVERSE,false
L16:T2:I68,16,T2,2025-10-25T11:01:34.000Z,1557,0,CORRIDOR,POLICY_UNIVERSE,false
L16:T2:I68,16,T2,2025-10-25T11:01:34.000Z,902,0,CORRIDOR,POLICY_UNIVERSE,false
L16:T2:I68,16,T2,2025-10-25T11:01:34.000Z,581,0,CORRIDOR,POLICY_UNIVERSE,false
L16:T2:I68,16,T2,2025-10-25T11:01:34.000Z,2485,0,CORRIDOR,POLICY_UNIVERSE,false
L16:T2:I68,16,T2,2025-10-25T11:01:34.000Z,2369,0,CORRIDOR,POLICY_UNIVERSE,false
L16:T2:I68,16,T2,2025-10-25T11:01:34.000Z,2962,0,CORRIDOR,POLICY_UNIVERSE,false
L16:T2:I68,16,T2,2025-10-25T11:01:34.000Z,2870,0,CORRIDOR,POLICY_UNIVERSE,false
L16:T2:I68,16,T2,2025-10-25T11:01:34.000Z,2805,0,CORRIDOR,POLICY_UNIVERSE,false
L16:T2:I68,16,T2,2025-10-25T11:01:34.000Z,1541,0,CORRIDOR,POLICY_UNIVERSE,false
L16:T2:I68,16,T2,2025-10-25T11:01:34.000Z,2065,99,OBSERVED_OVERRIDE,OBSERVED_CURRENT_OVERRIDE,true
L16:T2:I72,16,T2,2025-10-28T12:43:22.000Z,1913,0,CORRIDOR,POLICY_UNIVERSE,false
L16:T2:I72,16,T2,2025-10-28T12:43:22.000Z,1405,0,CORRIDOR,POLICY_UNIVERSE,false
L16:T2:I72,16,T2,2025-10-28T12:43:22.000Z,846,0,CORRIDOR,POLICY_UNIVERSE,false
L16:T2:I72,16,T2,2025-10-28T12:43:22.000Z,1547,0,CORRIDOR,POLICY_UNIVERSE,false
L16:T2:I72,16,T2,2025-10-28T12:43:22.000Z,386,0,CORRIDOR,POLICY_UNIVERSE,false
L16:T2:I72,16,T2,2025-10-28T12:43:22.000Z,1557,0,CORRIDOR,POLICY_UNIVERSE,false
L16:T2:I72,16,T2,2025-10-28T12:43:22.000Z,902,0,CORRIDOR,POLICY_UNIVERSE,false
L16:T2:I72,16,T2,2025-10-28T12:43:22.000Z,581,0,CORRIDOR,POLICY_UNIVERSE,false
L16:T2:I72,16,T2,2025-10-28T12:43:22.000Z,2485,0,CORRIDOR,POLICY_UNIVERSE,false
L16:T2:I72,16,T2,2025-10-28T12:43:22.000Z,2369,0,CORRIDOR,POLICY_UNIVERSE,false
L16:T2:I72,16,T2,2025-10-28T12:43:22.000Z,2962,0,CORRIDOR,POLICY_UNIVERSE,false
L16:T2:I72,16,T2,2025-10-28T12:43:22.000Z,2870,0,CORRIDOR,POLICY_UNIVERSE,false
L16:T2:I72,16,T2,2025-10-28T12:43:22.000Z,2805,0,CORRIDOR,POLICY_UNIVERSE,false
L16:T2:I72,16,T2,2025-10-28T12:43:22.000Z,1541,0,CORRIDOR,POLICY_UNIVERSE,false
L16:T2:I72,16,T2,2025-10-28T12:43:22.000Z,2078,99,OBSERVED_OVERRIDE,OBSERVED_CURRENT_OVERRIDE,true
L16:T2:I70,16,T2,2025-10-28T13:03:58.000Z,1913,0,CORRIDOR,POLICY_UNIVERSE,false
L16:T2:I70,16,T2,2025-10-28T13:03:58.000Z,1405,0,CORRIDOR,POLICY_UNIVERSE,false
L16:T2:I70,16,T2,2025-10-28T13:03:58.000Z,846,0,CORRIDOR,POLICY_UNIVERSE,false
L16:T2:I70,16,T2,2025-10-28T13:03:58.000Z,1547,0,CORRIDOR,POLICY_UNIVERSE,false
L16:T2:I70,16,T2,2025-10-28T13:03:58.000Z,386,0,CORRIDOR,POLICY_UNIVERSE,false
L16:T2:I70,16,T2,2025-10-28T13:03:58.000Z,1557,0,CORRIDOR,POLICY_UNIVERSE,false
L16:T2:I70,16,T2,2025-10-28T13:03:58.000Z,902,0,CORRIDOR,POLICY_UNIVERSE,false
L16:T2:I70,16,T2,2025-10-28T13:03:58.000Z,581,0,CORRIDOR,POLICY_UNIVERSE,false
L16:T2:I70,16,T2,2025-10-28T13:03:58.000Z,2485,0,CORRIDOR,POLICY_UNIVERSE,false
L16:T2:I70,16,T2,2025-10-28T13:03:58.000Z,2369,0,CORRIDOR,POLICY_UNIVERSE,false
L16:T2:I70,16,T2,2025-10-28T13:03:58.000Z,2962,0,CORRIDOR,POLICY_UNIVERSE,false
L16:T2:I70,16,T2,2025-10-28T13:03:58.000Z,2870,0,CORRIDOR,POLICY_UNIVERSE,false
L16:T2:I70,16,T2,2025-10-28T13:03:58.000Z,2805,0,CORRIDOR,POLICY_UNIVERSE,false
L16:T2:I70,16,T2,2025-10-28T13:03:58.000Z,1541,0,CORRIDOR,POLICY_UNIVERSE,false
L16:T2:I70,16,T2,2025-10-28T13:03:58.000Z,2920,99,OBSERVED_OVERRIDE,OBSERVED_CURRENT_OVERRIDE,true
L16:T2:I66,16,T2,2026-04-20T12:08:00.000Z,1913,0,CORRIDOR,POLICY_UNIVERSE,false
L16:T2:I66,16,T2,2026-04-20T12:08:00.000Z,1405,0,CORRIDOR,POLICY_UNIVERSE,false
L16:T2:I66,16,T2,2026-04-20T12:08:00.000Z,846,0,CORRIDOR,POLICY_UNIVERSE,false
L16:T2:I66,16,T2,2026-04-20T12:08:00.000Z,1547,0,CORRIDOR,POLICY_UNIVERSE,false
L16:T2:I66,16,T2,2026-04-20T12:08:00.000Z,386,0,CORRIDOR,POLICY_UNIVERSE,false
L16:T2:I66,16,T2,2026-04-20T12:08:00.000Z,1557,0,CORRIDOR,POLICY_UNIVERSE,false
L16:T2:I66,16,T2,2026-04-20T12:08:00.000Z,902,0,CORRIDOR,POLICY_UNIVERSE,false
L16:T2:I66,16,T2,2026-04-20T12:08:00.000Z,581,0,CORRIDOR,POLICY_UNIVERSE,false
L16:T2:I66,16,T2,2026-04-20T12:08:00.000Z,2485,0,CORRIDOR,POLICY_UNIVERSE,false
L16:T2:I66,16,T2,2026-04-20T12:08:00.000Z,2369,0,CORRIDOR,POLICY_UNIVERSE,false
L16:T2:I66,16,T2,2026-04-20T12:08:00.000Z,2962,0,CORRIDOR,POLICY_UNIVERSE,false
L16:T2:I66,16,T2,2026-04-20T12:08:00.000Z,2870,0,CORRIDOR,POLICY_UNIVERSE,false
L16:T2:I66,16,T2,2026-04-20T12:08:00.000Z,2805,0,CORRIDOR,POLICY_UNIVERSE,false
L16:T2:I66,16,T2,2026-04-20T12:08:00.000Z,1541,0,CORRIDOR,POLICY_UNIVERSE,false
L16:T2:I66,16,T2,2026-04-20T12:08:00.000Z,471,0,CORRIDOR,POLICY_UNIVERSE,false
L16:T2:I66,16,T2,2026-04-20T12:08:00.000Z,399,0,CORRIDOR,POLICY_UNIVERSE,false
L16:T2:I66,16,T2,2026-04-20T12:08:00.000Z,211,0,CORRIDOR,POLICY_UNIVERSE,false
L16:T2:I66,16,T2,2026-04-20T12:08:00.000Z,728,0,CORRIDOR,POLICY_UNIVERSE,false
L16:T2:I66,16,T2,2026-04-20T12:08:00.000Z,563,0,CORRIDOR,POLICY_UNIVERSE,false
L16:T2:I66,16,T2,2026-04-20T12:08:00.000Z,2674,99,OBSERVED_OVERRIDE,OBSERVED_CURRENT_OVERRIDE,true
L16:T2:I71,16,T2,2026-06-29T15:01:00.000Z,1913,0,CORRIDOR,POLICY_UNIVERSE,false
L16:T2:I71,16,T2,2026-06-29T15:01:00.000Z,1405,0,CORRIDOR,POLICY_UNIVERSE,false
L16:T2:I71,16,T2,2026-06-29T15:01:00.000Z,846,0,CORRIDOR,POLICY_UNIVERSE,false
L16:T2:I71,16,T2,2026-06-29T15:01:00.000Z,1547,0,CORRIDOR,POLICY_UNIVERSE,false
L16:T2:I71,16,T2,2026-06-29T15:01:00.000Z,386,0,CORRIDOR,POLICY_UNIVERSE,false
L16:T2:I71,16,T2,2026-06-29T15:01:00.000Z,1557,0,CORRIDOR,POLICY_UNIVERSE,false
L16:T2:I71,16,T2,2026-06-29T15:01:00.000Z,902,0,CORRIDOR,POLICY_UNIVERSE,false
L16:T2:I71,16,T2,2026-06-29T15:01:00.000Z,581,0,CORRIDOR,POLICY_UNIVERSE,false
L16:T2:I71,16,T2,2026-06-29T15:01:00.000Z,2485,0,CORRIDOR,POLICY_UNIVERSE,false
L16:T2:I71,16,T2,2026-06-29T15:01:00.000Z,2369,0,CORRIDOR,POLICY_UNIVERSE,false
L16:T2:I71,16,T2,2026-06-29T15:01:00.000Z,2962,0,CORRIDOR,POLICY_UNIVERSE,false
L16:T2:I71,16,T2,2026-06-29T15:01:00.000Z,2870,0,CORRIDOR,POLICY_UNIVERSE,false
L16:T2:I71,16,T2,2026-06-29T15:01:00.000Z,2805,0,CORRIDOR,POLICY_UNIVERSE,false
L16:T2:I71,16,T2,2026-06-29T15:01:00.000Z,1541,0,CORRIDOR,POLICY_UNIVERSE,false
L16:T2:I71,16,T2,2026-06-29T15:01:00.000Z,471,0,CORRIDOR,POLICY_UNIVERSE,false
L16:T2:I71,16,T2,2026-06-29T15:01:00.000Z,399,0,CORRIDOR,POLICY_UNIVERSE,false
L16:T2:I71,16,T2,2026-06-29T15:01:00.000Z,211,0,CORRIDOR,POLICY_UNIVERSE,false
L16:T2:I71,16,T2,2026-06-29T15:01:00.000Z,728,0,CORRIDOR,POLICY_UNIVERSE,false
L16:T2:I71,16,T2,2026-06-29T15:01:00.000Z,563,0,CORRIDOR,POLICY_UNIVERSE,false
L16:T2:I71,16,T2,2026-06-29T15:01:00.000Z,232,0,CORRIDOR,POLICY_UNIVERSE,false
L16:T2:I71,16,T2,2026-06-29T15:01:00.000Z,1021,0,CORRIDOR,POLICY_UNIVERSE,false
L16:T2:I71,16,T2,2026-06-29T15:01:00.000Z,541,99,OBSERVED_OVERRIDE,OBSERVED_CURRENT_OVERRIDE,true
L17:T0,17,T0,2026-04-10T00:00:00.000Z,1513,0,CORRIDOR,POLICY_UNIVERSE,
L17:T0,17,T0,2026-04-10T00:00:00.000Z,1450,0,CORRIDOR,POLICY_UNIVERSE,
L17:T0,17,T0,2026-04-10T00:00:00.000Z,2830,0,CORRIDOR,POLICY_UNIVERSE,
L17:T0,17,T0,2026-04-10T00:00:00.000Z,774,0,CORRIDOR,POLICY_UNIVERSE,
L17:T0,17,T0,2026-04-10T00:00:00.000Z,2763,0,CORRIDOR,POLICY_UNIVERSE,
L17:T0,17,T0,2026-04-10T00:00:00.000Z,333,0,CORRIDOR,POLICY_UNIVERSE,
L17:T0,17,T0,2026-04-10T00:00:00.000Z,1313,0,CORRIDOR,POLICY_UNIVERSE,
L17:T0,17,T0,2026-04-10T00:00:00.000Z,555,0,CORRIDOR,POLICY_UNIVERSE,
L17:T0,17,T0,2026-04-10T00:00:00.000Z,600,0,CORRIDOR,POLICY_UNIVERSE,
L17:T0,17,T0,2026-04-10T00:00:00.000Z,2172,0,CORRIDOR,POLICY_UNIVERSE,
L17:T0,17,T0,2026-04-10T00:00:00.000Z,595,0,CORRIDOR,POLICY_UNIVERSE,
L17:T0,17,T0,2026-04-10T00:00:00.000Z,1260,0,CORRIDOR,POLICY_UNIVERSE,
L17:T0,17,T0,2026-04-10T00:00:00.000Z,158,0,CORRIDOR,POLICY_UNIVERSE,
L17:T0,17,T0,2026-04-10T00:00:00.000Z,2249,0,CORRIDOR,POLICY_UNIVERSE,
L17:T0,17,T0,2026-04-10T00:00:00.000Z,2575,0,CORRIDOR,POLICY_UNIVERSE,
L17:T0,17,T0,2026-04-10T00:00:00.000Z,635,0,CORRIDOR,POLICY_UNIVERSE,
L17:T0,17,T0,2026-04-10T00:00:00.000Z,1070,0,CORRIDOR,POLICY_UNIVERSE,
L17:T0,17,T0,2026-04-10T00:00:00.000Z,1150,0,CORRIDOR,POLICY_UNIVERSE,
L17:T0,17,T0,2026-04-10T00:00:00.000Z,2426,0,CORRIDOR,POLICY_UNIVERSE,
L17:T0,17,T0,2026-04-10T00:00:00.000Z,2653,0,CORRIDOR,POLICY_UNIVERSE,
L17:T0,17,T0,2026-04-10T00:00:00.000Z,2460,0,CORRIDOR,POLICY_UNIVERSE,
L17:T0,17,T0,2026-04-10T00:00:00.000Z,1136,0,CORRIDOR,POLICY_UNIVERSE,
L17:T0,17,T0,2026-04-10T00:00:00.000Z,2758,0,CORRIDOR,POLICY_UNIVERSE,
L17:T0,17,T0,2026-04-10T00:00:00.000Z,1419,0,CORRIDOR,POLICY_UNIVERSE,
L17:T0,17,T0,2026-04-10T00:00:00.000Z,1551,0,CORRIDOR,POLICY_UNIVERSE,
L17:T0,17,T0,2026-04-10T00:00:00.000Z,1653,0,CORRIDOR,POLICY_UNIVERSE,
L17:T0,17,T0,2026-04-10T00:00:00.000Z,910,0,CORRIDOR,POLICY_UNIVERSE,
L17:T0,17,T0,2026-04-10T00:00:00.000Z,1446,0,CORRIDOR,POLICY_UNIVERSE,
L17:T0,17,T0,2026-04-10T00:00:00.000Z,155,0,CORRIDOR,POLICY_UNIVERSE,
L17:T0,17,T0,2026-04-10T00:00:00.000Z,740,0,CORRIDOR,POLICY_UNIVERSE,
L17:T0,17,T0,2026-04-10T00:00:00.000Z,1728,0,CORRIDOR,POLICY_UNIVERSE,
L17:T0,17,T0,2026-04-10T00:00:00.000Z,2695,0,CORRIDOR,POLICY_UNIVERSE,
L17:T0,17,T0,2026-04-10T00:00:00.000Z,406,0,CORRIDOR,POLICY_UNIVERSE,
L17:T0,17,T0,2026-04-10T00:00:00.000Z,1382,2,STATE,POLICY_UNIVERSE,
L17:T0,17,T0,2026-04-10T00:00:00.000Z,443,2,STATE,POLICY_UNIVERSE,
L17:T0,17,T0,2026-04-10T00:00:00.000Z,2459,2,STATE,POLICY_UNIVERSE,
L17:T0,17,T0,2026-04-10T00:00:00.000Z,2778,2,STATE,POLICY_UNIVERSE,
L17:T0,17,T0,2026-04-10T00:00:00.000Z,501,2,STATE,POLICY_UNIVERSE,
L17:T0,17,T0,2026-04-10T00:00:00.000Z,2305,2,STATE,POLICY_UNIVERSE,
L17:T0,17,T0,2026-04-10T00:00:00.000Z,2365,2,STATE,POLICY_UNIVERSE,
L17:T0,17,T0,2026-04-10T00:00:00.000Z,2049,2,STATE,POLICY_UNIVERSE,
L17:T0,17,T0,2026-04-10T00:00:00.000Z,1082,2,STATE,POLICY_UNIVERSE,
L17:T0,17,T0,2026-04-10T00:00:00.000Z,2334,2,STATE,POLICY_UNIVERSE,
L17:T0,17,T0,2026-04-10T00:00:00.000Z,1761,2,STATE,POLICY_UNIVERSE,
L17:T0,17,T0,2026-04-10T00:00:00.000Z,2668,2,STATE,POLICY_UNIVERSE,
L17:T0,17,T0,2026-04-10T00:00:00.000Z,747,2,STATE,POLICY_UNIVERSE,
L17:T0,17,T0,2026-04-10T00:00:00.000Z,2268,2,STATE,POLICY_UNIVERSE,
L17:T0,17,T0,2026-04-10T00:00:00.000Z,2359,2,STATE,POLICY_UNIVERSE,
L17:T0,17,T0,2026-04-10T00:00:00.000Z,1268,2,STATE,POLICY_UNIVERSE,
L17:T0,17,T0,2026-04-10T00:00:00.000Z,2186,2,STATE,POLICY_UNIVERSE,
L17:T0,17,T0,2026-04-10T00:00:00.000Z,1961,2,STATE,POLICY_UNIVERSE,
L17:T0,17,T0,2026-04-10T00:00:00.000Z,631,2,STATE,POLICY_UNIVERSE,
L17:T0,17,T0,2026-04-10T00:00:00.000Z,2070,2,STATE,POLICY_UNIVERSE,
L17:T0,17,T0,2026-04-10T00:00:00.000Z,1564,2,STATE,POLICY_UNIVERSE,
L17:T0,17,T0,2026-04-10T00:00:00.000Z,1686,2,STATE,POLICY_UNIVERSE,
L17:T0,17,T0,2026-04-10T00:00:00.000Z,589,2,STATE,POLICY_UNIVERSE,
L17:T0,17,T0,2026-04-10T00:00:00.000Z,2601,2,STATE,POLICY_UNIVERSE,
L17:T0,17,T0,2026-04-10T00:00:00.000Z,1244,2,STATE,POLICY_UNIVERSE,
L17:T0,17,T0,2026-04-10T00:00:00.000Z,429,2,STATE,POLICY_UNIVERSE,
L17:T0,17,T0,2026-04-10T00:00:00.000Z,1833,2,STATE,POLICY_UNIVERSE,
L17:T0,17,T0,2026-04-10T00:00:00.000Z,2891,2,STATE,POLICY_UNIVERSE,
L17:T0,17,T0,2026-04-10T00:00:00.000Z,2466,2,STATE,POLICY_UNIVERSE,
L17:T0,17,T0,2026-04-10T00:00:00.000Z,787,2,STATE,POLICY_UNIVERSE,
L17:T0,17,T0,2026-04-10T00:00:00.000Z,1448,2,STATE,POLICY_UNIVERSE,
L17:T0,17,T0,2026-04-10T00:00:00.000Z,2395,2,STATE,POLICY_UNIVERSE,
L17:T0,17,T0,2026-04-10T00:00:00.000Z,915,2,STATE,POLICY_UNIVERSE,
L17:T0,17,T0,2026-04-10T00:00:00.000Z,1745,2,STATE,POLICY_UNIVERSE,
L17:T0,17,T0,2026-04-10T00:00:00.000Z,215,2,STATE,POLICY_UNIVERSE,
L17:T0,17,T0,2026-04-10T00:00:00.000Z,2776,2,STATE,POLICY_UNIVERSE,
L17:T0,17,T0,2026-04-10T00:00:00.000Z,64,2,STATE,POLICY_UNIVERSE,
L17:T0,17,T0,2026-04-10T00:00:00.000Z,2378,2,STATE,POLICY_UNIVERSE,
L17:T0,17,T0,2026-04-10T00:00:00.000Z,1500,2,STATE,POLICY_UNIVERSE,
L17:T1:I74,17,T1,2026-04-14T15:06:47.000Z,1513,0,CORRIDOR,POLICY_UNIVERSE,false
L17:T1:I74,17,T1,2026-04-14T15:06:47.000Z,1450,0,CORRIDOR,POLICY_UNIVERSE,false
L17:T1:I74,17,T1,2026-04-14T15:06:47.000Z,2830,0,CORRIDOR,POLICY_UNIVERSE,false
L17:T1:I74,17,T1,2026-04-14T15:06:47.000Z,774,0,CORRIDOR,POLICY_UNIVERSE,false
L17:T1:I74,17,T1,2026-04-14T15:06:47.000Z,2763,0,CORRIDOR,POLICY_UNIVERSE,false
L17:T1:I74,17,T1,2026-04-14T15:06:47.000Z,333,0,CORRIDOR,POLICY_UNIVERSE,false
L17:T1:I74,17,T1,2026-04-14T15:06:47.000Z,1313,0,CORRIDOR,POLICY_UNIVERSE,false
L17:T1:I74,17,T1,2026-04-14T15:06:47.000Z,555,0,CORRIDOR,POLICY_UNIVERSE,false
L17:T1:I74,17,T1,2026-04-14T15:06:47.000Z,600,0,CORRIDOR,POLICY_UNIVERSE,false
L17:T1:I74,17,T1,2026-04-14T15:06:47.000Z,2172,0,CORRIDOR,POLICY_UNIVERSE,false
L17:T1:I74,17,T1,2026-04-14T15:06:47.000Z,595,0,CORRIDOR,POLICY_UNIVERSE,false
L17:T1:I74,17,T1,2026-04-14T15:06:47.000Z,1260,0,CORRIDOR,POLICY_UNIVERSE,false
L17:T1:I74,17,T1,2026-04-14T15:06:47.000Z,158,0,CORRIDOR,POLICY_UNIVERSE,false
L17:T1:I74,17,T1,2026-04-14T15:06:47.000Z,2249,0,CORRIDOR,POLICY_UNIVERSE,false
L17:T1:I74,17,T1,2026-04-14T15:06:47.000Z,2575,0,CORRIDOR,POLICY_UNIVERSE,false
L17:T1:I74,17,T1,2026-04-14T15:06:47.000Z,635,0,CORRIDOR,POLICY_UNIVERSE,false
L17:T1:I74,17,T1,2026-04-14T15:06:47.000Z,1070,0,CORRIDOR,POLICY_UNIVERSE,false
L17:T1:I74,17,T1,2026-04-14T15:06:47.000Z,1150,0,CORRIDOR,POLICY_UNIVERSE,false
L17:T1:I74,17,T1,2026-04-14T15:06:47.000Z,2426,0,CORRIDOR,POLICY_UNIVERSE,false
L17:T1:I74,17,T1,2026-04-14T15:06:47.000Z,2653,0,CORRIDOR,POLICY_UNIVERSE,false
L17:T1:I74,17,T1,2026-04-14T15:06:47.000Z,2460,0,CORRIDOR,POLICY_UNIVERSE,false
L17:T1:I74,17,T1,2026-04-14T15:06:47.000Z,1136,0,CORRIDOR,POLICY_UNIVERSE,false
L17:T1:I74,17,T1,2026-04-14T15:06:47.000Z,2758,0,CORRIDOR,POLICY_UNIVERSE,false
L17:T1:I74,17,T1,2026-04-14T15:06:47.000Z,1419,0,CORRIDOR,POLICY_UNIVERSE,false
L17:T1:I74,17,T1,2026-04-14T15:06:47.000Z,1551,0,CORRIDOR,POLICY_UNIVERSE,false
L17:T1:I74,17,T1,2026-04-14T15:06:47.000Z,1653,0,CORRIDOR,POLICY_UNIVERSE,false
L17:T1:I74,17,T1,2026-04-14T15:06:47.000Z,910,0,CORRIDOR,POLICY_UNIVERSE,false
L17:T1:I74,17,T1,2026-04-14T15:06:47.000Z,1446,0,CORRIDOR,POLICY_UNIVERSE,false
L17:T1:I74,17,T1,2026-04-14T15:06:47.000Z,155,0,CORRIDOR,POLICY_UNIVERSE,false
L17:T1:I74,17,T1,2026-04-14T15:06:47.000Z,740,0,CORRIDOR,POLICY_UNIVERSE,false
L17:T1:I74,17,T1,2026-04-14T15:06:47.000Z,1728,0,CORRIDOR,POLICY_UNIVERSE,false
L17:T1:I74,17,T1,2026-04-14T15:06:47.000Z,2695,0,CORRIDOR,POLICY_UNIVERSE,false
L17:T1:I74,17,T1,2026-04-14T15:06:47.000Z,406,0,CORRIDOR,POLICY_UNIVERSE,false
L17:T1:I74,17,T1,2026-04-14T15:06:47.000Z,1382,2,STATE,POLICY_UNIVERSE,false
L17:T1:I74,17,T1,2026-04-14T15:06:47.000Z,443,2,STATE,POLICY_UNIVERSE,false
L17:T1:I74,17,T1,2026-04-14T15:06:47.000Z,2459,2,STATE,POLICY_UNIVERSE,false
L17:T1:I74,17,T1,2026-04-14T15:06:47.000Z,2778,2,STATE,POLICY_UNIVERSE,false
L17:T1:I74,17,T1,2026-04-14T15:06:47.000Z,501,2,STATE,POLICY_UNIVERSE,false
L17:T1:I74,17,T1,2026-04-14T15:06:47.000Z,2305,2,STATE,POLICY_UNIVERSE,false
L17:T1:I74,17,T1,2026-04-14T15:06:47.000Z,2365,2,STATE,POLICY_UNIVERSE,false
L17:T1:I74,17,T1,2026-04-14T15:06:47.000Z,2049,2,STATE,POLICY_UNIVERSE,false
L17:T1:I74,17,T1,2026-04-14T15:06:47.000Z,1082,2,STATE,POLICY_UNIVERSE,false
L17:T1:I74,17,T1,2026-04-14T15:06:47.000Z,2334,2,STATE,POLICY_UNIVERSE,false
L17:T1:I74,17,T1,2026-04-14T15:06:47.000Z,1761,2,STATE,POLICY_UNIVERSE,false
L17:T1:I74,17,T1,2026-04-14T15:06:47.000Z,2668,2,STATE,POLICY_UNIVERSE,false
L17:T1:I74,17,T1,2026-04-14T15:06:47.000Z,747,2,STATE,POLICY_UNIVERSE,false
L17:T1:I74,17,T1,2026-04-14T15:06:47.000Z,2268,2,STATE,POLICY_UNIVERSE,false
L17:T1:I74,17,T1,2026-04-14T15:06:47.000Z,2359,2,STATE,POLICY_UNIVERSE,false
L17:T1:I74,17,T1,2026-04-14T15:06:47.000Z,1268,2,STATE,POLICY_UNIVERSE,false
L17:T1:I74,17,T1,2026-04-14T15:06:47.000Z,2186,2,STATE,POLICY_UNIVERSE,false
L17:T1:I74,17,T1,2026-04-14T15:06:47.000Z,1961,2,STATE,POLICY_UNIVERSE,false
L17:T1:I74,17,T1,2026-04-14T15:06:47.000Z,631,2,STATE,POLICY_UNIVERSE,false
L17:T1:I74,17,T1,2026-04-14T15:06:47.000Z,2070,2,STATE,POLICY_UNIVERSE,false
L17:T1:I74,17,T1,2026-04-14T15:06:47.000Z,1564,2,STATE,POLICY_UNIVERSE,false
L17:T1:I74,17,T1,2026-04-14T15:06:47.000Z,1686,2,STATE,POLICY_UNIVERSE,false
L17:T1:I74,17,T1,2026-04-14T15:06:47.000Z,589,2,STATE,POLICY_UNIVERSE,false
L17:T1:I74,17,T1,2026-04-14T15:06:47.000Z,2601,2,STATE,POLICY_UNIVERSE,false
L17:T1:I74,17,T1,2026-04-14T15:06:47.000Z,1244,2,STATE,POLICY_UNIVERSE,false
L17:T1:I74,17,T1,2026-04-14T15:06:47.000Z,429,2,STATE,POLICY_UNIVERSE,false
L17:T1:I74,17,T1,2026-04-14T15:06:47.000Z,1833,2,STATE,POLICY_UNIVERSE,false
L17:T1:I74,17,T1,2026-04-14T15:06:47.000Z,2891,2,STATE,POLICY_UNIVERSE,false
L17:T1:I74,17,T1,2026-04-14T15:06:47.000Z,2466,2,STATE,POLICY_UNIVERSE,false
L17:T1:I74,17,T1,2026-04-14T15:06:47.000Z,787,2,STATE,POLICY_UNIVERSE,false
L17:T1:I74,17,T1,2026-04-14T15:06:47.000Z,1448,2,STATE,POLICY_UNIVERSE,false
L17:T1:I74,17,T1,2026-04-14T15:06:47.000Z,2395,2,STATE,POLICY_UNIVERSE,false
L17:T1:I74,17,T1,2026-04-14T15:06:47.000Z,915,2,STATE,POLICY_UNIVERSE,false
L17:T1:I74,17,T1,2026-04-14T15:06:47.000Z,1745,2,STATE,POLICY_UNIVERSE,false
L17:T1:I74,17,T1,2026-04-14T15:06:47.000Z,215,2,STATE,POLICY_UNIVERSE,false
L17:T1:I74,17,T1,2026-04-14T15:06:47.000Z,2776,2,STATE,POLICY_UNIVERSE,false
L17:T1:I74,17,T1,2026-04-14T15:06:47.000Z,64,2,STATE,POLICY_UNIVERSE,false
L17:T1:I74,17,T1,2026-04-14T15:06:47.000Z,2378,2,STATE,POLICY_UNIVERSE,false
L17:T1:I74,17,T1,2026-04-14T15:06:47.000Z,1500,2,STATE,POLICY_UNIVERSE,false
L17:T1:I74,17,T1,2026-04-14T15:06:47.000Z,2391,99,OBSERVED_OVERRIDE,OBSERVED_CURRENT_OVERRIDE,true
L18:T0,18,T0,2025-02-11T00:00:00.000Z,2101,0,CORRIDOR,POLICY_UNIVERSE,
L18:T0,18,T0,2025-02-11T00:00:00.000Z,1734,0,CORRIDOR,POLICY_UNIVERSE,
L18:T0,18,T0,2025-02-11T00:00:00.000Z,2500,0,CORRIDOR,POLICY_UNIVERSE,
L18:T0,18,T0,2025-02-11T00:00:00.000Z,2177,0,CORRIDOR,POLICY_UNIVERSE,
L18:T0,18,T0,2025-02-11T00:00:00.000Z,370,0,CORRIDOR,POLICY_UNIVERSE,
L18:T0,18,T0,2025-02-11T00:00:00.000Z,308,2,STATE,POLICY_UNIVERSE,
L18:T0,18,T0,2025-02-11T00:00:00.000Z,165,2,STATE,POLICY_UNIVERSE,
L18:T0,18,T0,2025-02-11T00:00:00.000Z,2373,2,STATE,POLICY_UNIVERSE,
L18:T0,18,T0,2025-02-11T00:00:00.000Z,1342,2,STATE,POLICY_UNIVERSE,
L18:T0,18,T0,2025-02-11T00:00:00.000Z,1928,2,STATE,POLICY_UNIVERSE,
L18:T0,18,T0,2025-02-11T00:00:00.000Z,1749,2,STATE,POLICY_UNIVERSE,
L18:T0,18,T0,2025-02-11T00:00:00.000Z,873,2,STATE,POLICY_UNIVERSE,
L18:T0,18,T0,2025-02-11T00:00:00.000Z,666,2,STATE,POLICY_UNIVERSE,
L18:T0,18,T0,2025-02-11T00:00:00.000Z,2743,2,STATE,POLICY_UNIVERSE,
L18:T0,18,T0,2025-02-11T00:00:00.000Z,2908,2,STATE,POLICY_UNIVERSE,
L18:T0,18,T0,2025-02-11T00:00:00.000Z,2150,2,STATE,POLICY_UNIVERSE,
L18:T0,18,T0,2025-02-11T00:00:00.000Z,1250,2,STATE,POLICY_UNIVERSE,
L18:T1:I79,18,T1,2025-02-12T08:44:20.000Z,2101,0,CORRIDOR,POLICY_UNIVERSE,false
L18:T1:I79,18,T1,2025-02-12T08:44:20.000Z,1734,0,CORRIDOR,POLICY_UNIVERSE,false
L18:T1:I79,18,T1,2025-02-12T08:44:20.000Z,2500,0,CORRIDOR,POLICY_UNIVERSE,false
L18:T1:I79,18,T1,2025-02-12T08:44:20.000Z,2177,0,CORRIDOR,POLICY_UNIVERSE,false
L18:T1:I79,18,T1,2025-02-12T08:44:20.000Z,370,0,CORRIDOR,POLICY_UNIVERSE,false
L18:T1:I79,18,T1,2025-02-12T08:44:20.000Z,308,2,STATE,POLICY_UNIVERSE,false
L18:T1:I79,18,T1,2025-02-12T08:44:20.000Z,165,2,STATE,POLICY_UNIVERSE,false
L18:T1:I79,18,T1,2025-02-12T08:44:20.000Z,2373,2,STATE,POLICY_UNIVERSE,false
L18:T1:I79,18,T1,2025-02-12T08:44:20.000Z,1342,2,STATE,POLICY_UNIVERSE,false
L18:T1:I79,18,T1,2025-02-12T08:44:20.000Z,1928,2,STATE,POLICY_UNIVERSE,false
L18:T1:I79,18,T1,2025-02-12T08:44:20.000Z,1749,2,STATE,POLICY_UNIVERSE,false
L18:T1:I79,18,T1,2025-02-12T08:44:20.000Z,873,2,STATE,POLICY_UNIVERSE,false
L18:T1:I79,18,T1,2025-02-12T08:44:20.000Z,666,2,STATE,POLICY_UNIVERSE,false
L18:T1:I79,18,T1,2025-02-12T08:44:20.000Z,2743,2,STATE,POLICY_UNIVERSE,false
L18:T1:I79,18,T1,2025-02-12T08:44:20.000Z,2908,2,STATE,POLICY_UNIVERSE,false
L18:T1:I79,18,T1,2025-02-12T08:44:20.000Z,2150,2,STATE,POLICY_UNIVERSE,false
L18:T1:I79,18,T1,2025-02-12T08:44:20.000Z,1250,2,STATE,POLICY_UNIVERSE,false
L18:T1:I79,18,T1,2025-02-12T08:44:20.000Z,2955,99,OBSERVED_OVERRIDE,OBSERVED_CURRENT_OVERRIDE,true
L18:T2:I80,18,T2,2025-02-20T18:36:20.000Z,2101,0,CORRIDOR,POLICY_UNIVERSE,false
L18:T2:I80,18,T2,2025-02-20T18:36:20.000Z,1734,0,CORRIDOR,POLICY_UNIVERSE,false
L18:T2:I80,18,T2,2025-02-20T18:36:20.000Z,2500,0,CORRIDOR,POLICY_UNIVERSE,false
L18:T2:I80,18,T2,2025-02-20T18:36:20.000Z,2177,0,CORRIDOR,POLICY_UNIVERSE,false
L18:T2:I80,18,T2,2025-02-20T18:36:20.000Z,370,0,CORRIDOR,POLICY_UNIVERSE,false
L18:T2:I80,18,T2,2025-02-20T18:36:20.000Z,308,2,STATE,POLICY_UNIVERSE,false
L18:T2:I80,18,T2,2025-02-20T18:36:20.000Z,165,2,STATE,POLICY_UNIVERSE,false
L18:T2:I80,18,T2,2025-02-20T18:36:20.000Z,2373,2,STATE,POLICY_UNIVERSE,false
L18:T2:I80,18,T2,2025-02-20T18:36:20.000Z,1342,2,STATE,POLICY_UNIVERSE,false
L18:T2:I80,18,T2,2025-02-20T18:36:20.000Z,1928,2,STATE,POLICY_UNIVERSE,false
L18:T2:I80,18,T2,2025-02-20T18:36:20.000Z,1749,2,STATE,POLICY_UNIVERSE,false
L18:T2:I80,18,T2,2025-02-20T18:36:20.000Z,873,2,STATE,POLICY_UNIVERSE,false
L18:T2:I80,18,T2,2025-02-20T18:36:20.000Z,666,2,STATE,POLICY_UNIVERSE,false
L18:T2:I80,18,T2,2025-02-20T18:36:20.000Z,2743,2,STATE,POLICY_UNIVERSE,false
L18:T2:I80,18,T2,2025-02-20T18:36:20.000Z,2908,2,STATE,POLICY_UNIVERSE,false
L18:T2:I80,18,T2,2025-02-20T18:36:20.000Z,2150,2,STATE,POLICY_UNIVERSE,false
L18:T2:I80,18,T2,2025-02-20T18:36:20.000Z,1250,2,STATE,POLICY_UNIVERSE,false
L18:T2:I80,18,T2,2025-02-20T18:36:20.000Z,2679,2,STATE,POLICY_UNIVERSE,false
L18:T2:I80,18,T2,2025-02-20T18:36:20.000Z,493,99,OBSERVED_OVERRIDE,OBSERVED_CURRENT_OVERRIDE,true
L18:T2:I75,18,T2,2025-02-24T20:48:35.000Z,2101,0,CORRIDOR,POLICY_UNIVERSE,false
L18:T2:I75,18,T2,2025-02-24T20:48:35.000Z,1734,0,CORRIDOR,POLICY_UNIVERSE,false
L18:T2:I75,18,T2,2025-02-24T20:48:35.000Z,2500,0,CORRIDOR,POLICY_UNIVERSE,false
L18:T2:I75,18,T2,2025-02-24T20:48:35.000Z,2177,0,CORRIDOR,POLICY_UNIVERSE,false
L18:T2:I75,18,T2,2025-02-24T20:48:35.000Z,370,0,CORRIDOR,POLICY_UNIVERSE,false
L18:T2:I75,18,T2,2025-02-24T20:48:35.000Z,308,2,STATE,POLICY_UNIVERSE,false
L18:T2:I75,18,T2,2025-02-24T20:48:35.000Z,165,2,STATE,POLICY_UNIVERSE,false
L18:T2:I75,18,T2,2025-02-24T20:48:35.000Z,2373,2,STATE,POLICY_UNIVERSE,false
L18:T2:I75,18,T2,2025-02-24T20:48:35.000Z,1342,2,STATE,POLICY_UNIVERSE,false
L18:T2:I75,18,T2,2025-02-24T20:48:35.000Z,1928,2,STATE,POLICY_UNIVERSE,false
L18:T2:I75,18,T2,2025-02-24T20:48:35.000Z,1749,2,STATE,POLICY_UNIVERSE,false
L18:T2:I75,18,T2,2025-02-24T20:48:35.000Z,873,2,STATE,POLICY_UNIVERSE,false
L18:T2:I75,18,T2,2025-02-24T20:48:35.000Z,666,2,STATE,POLICY_UNIVERSE,false
L18:T2:I75,18,T2,2025-02-24T20:48:35.000Z,2743,2,STATE,POLICY_UNIVERSE,false
L18:T2:I75,18,T2,2025-02-24T20:48:35.000Z,2908,2,STATE,POLICY_UNIVERSE,false
L18:T2:I75,18,T2,2025-02-24T20:48:35.000Z,2150,2,STATE,POLICY_UNIVERSE,false
L18:T2:I75,18,T2,2025-02-24T20:48:35.000Z,1250,2,STATE,POLICY_UNIVERSE,false
L18:T2:I75,18,T2,2025-02-24T20:48:35.000Z,2679,2,STATE,POLICY_UNIVERSE,false
L18:T2:I75,18,T2,2025-02-24T20:48:35.000Z,2658,2,STATE,POLICY_UNIVERSE,false
L18:T2:I75,18,T2,2025-02-24T20:48:35.000Z,465,99,OBSERVED_OVERRIDE,OBSERVED_CURRENT_OVERRIDE,true
L18:T2:I76,18,T2,2025-03-10T09:32:00.000Z,2101,0,CORRIDOR,POLICY_UNIVERSE,false
L18:T2:I76,18,T2,2025-03-10T09:32:00.000Z,1734,0,CORRIDOR,POLICY_UNIVERSE,false
L18:T2:I76,18,T2,2025-03-10T09:32:00.000Z,2500,0,CORRIDOR,POLICY_UNIVERSE,false
L18:T2:I76,18,T2,2025-03-10T09:32:00.000Z,2177,0,CORRIDOR,POLICY_UNIVERSE,false
L18:T2:I76,18,T2,2025-03-10T09:32:00.000Z,370,0,CORRIDOR,POLICY_UNIVERSE,false
L18:T2:I76,18,T2,2025-03-10T09:32:00.000Z,308,2,STATE,POLICY_UNIVERSE,false
L18:T2:I76,18,T2,2025-03-10T09:32:00.000Z,165,2,STATE,POLICY_UNIVERSE,false
L18:T2:I76,18,T2,2025-03-10T09:32:00.000Z,2373,2,STATE,POLICY_UNIVERSE,false
L18:T2:I76,18,T2,2025-03-10T09:32:00.000Z,1342,2,STATE,POLICY_UNIVERSE,false
L18:T2:I76,18,T2,2025-03-10T09:32:00.000Z,1928,2,STATE,POLICY_UNIVERSE,false
L18:T2:I76,18,T2,2025-03-10T09:32:00.000Z,1749,2,STATE,POLICY_UNIVERSE,false
L18:T2:I76,18,T2,2025-03-10T09:32:00.000Z,873,2,STATE,POLICY_UNIVERSE,false
L18:T2:I76,18,T2,2025-03-10T09:32:00.000Z,666,2,STATE,POLICY_UNIVERSE,false
L18:T2:I76,18,T2,2025-03-10T09:32:00.000Z,2743,2,STATE,POLICY_UNIVERSE,false
L18:T2:I76,18,T2,2025-03-10T09:32:00.000Z,2908,2,STATE,POLICY_UNIVERSE,false
L18:T2:I76,18,T2,2025-03-10T09:32:00.000Z,2150,2,STATE,POLICY_UNIVERSE,false
L18:T2:I76,18,T2,2025-03-10T09:32:00.000Z,1250,2,STATE,POLICY_UNIVERSE,false
L18:T2:I76,18,T2,2025-03-10T09:32:00.000Z,2679,2,STATE,POLICY_UNIVERSE,false
L18:T2:I76,18,T2,2025-03-10T09:32:00.000Z,2658,2,STATE,POLICY_UNIVERSE,false
L18:T2:I76,18,T2,2025-03-10T09:32:00.000Z,1556,2,STATE,POLICY_UNIVERSE,false
L18:T2:I76,18,T2,2025-03-10T09:32:00.000Z,1600,2,STATE,POLICY_UNIVERSE,false
L18:T2:I76,18,T2,2025-03-10T09:32:00.000Z,752,99,OBSERVED_OVERRIDE,OBSERVED_CURRENT_OVERRIDE,true
L18:T2:I77,18,T2,2025-04-16T08:48:00.000Z,2101,0,CORRIDOR,POLICY_UNIVERSE,false
L18:T2:I77,18,T2,2025-04-16T08:48:00.000Z,1734,0,CORRIDOR,POLICY_UNIVERSE,false
L18:T2:I77,18,T2,2025-04-16T08:48:00.000Z,2500,0,CORRIDOR,POLICY_UNIVERSE,false
L18:T2:I77,18,T2,2025-04-16T08:48:00.000Z,2177,0,CORRIDOR,POLICY_UNIVERSE,false
L18:T2:I77,18,T2,2025-04-16T08:48:00.000Z,370,0,CORRIDOR,POLICY_UNIVERSE,false
L18:T2:I77,18,T2,2025-04-16T08:48:00.000Z,308,2,STATE,POLICY_UNIVERSE,false
L18:T2:I77,18,T2,2025-04-16T08:48:00.000Z,165,2,STATE,POLICY_UNIVERSE,false
L18:T2:I77,18,T2,2025-04-16T08:48:00.000Z,2373,2,STATE,POLICY_UNIVERSE,false
L18:T2:I77,18,T2,2025-04-16T08:48:00.000Z,1342,2,STATE,POLICY_UNIVERSE,false
L18:T2:I77,18,T2,2025-04-16T08:48:00.000Z,1928,2,STATE,POLICY_UNIVERSE,false
L18:T2:I77,18,T2,2025-04-16T08:48:00.000Z,1749,2,STATE,POLICY_UNIVERSE,false
L18:T2:I77,18,T2,2025-04-16T08:48:00.000Z,873,2,STATE,POLICY_UNIVERSE,false
L18:T2:I77,18,T2,2025-04-16T08:48:00.000Z,666,2,STATE,POLICY_UNIVERSE,false
L18:T2:I77,18,T2,2025-04-16T08:48:00.000Z,2743,2,STATE,POLICY_UNIVERSE,false
L18:T2:I77,18,T2,2025-04-16T08:48:00.000Z,2908,2,STATE,POLICY_UNIVERSE,false
L18:T2:I77,18,T2,2025-04-16T08:48:00.000Z,2150,2,STATE,POLICY_UNIVERSE,false
L18:T2:I77,18,T2,2025-04-16T08:48:00.000Z,1250,2,STATE,POLICY_UNIVERSE,false
L18:T2:I77,18,T2,2025-04-16T08:48:00.000Z,2679,2,STATE,POLICY_UNIVERSE,false
L18:T2:I77,18,T2,2025-04-16T08:48:00.000Z,2658,2,STATE,POLICY_UNIVERSE,false
L18:T2:I77,18,T2,2025-04-16T08:48:00.000Z,1556,2,STATE,POLICY_UNIVERSE,false
L18:T2:I77,18,T2,2025-04-16T08:48:00.000Z,1600,2,STATE,POLICY_UNIVERSE,false
L18:T2:I77,18,T2,2025-04-16T08:48:00.000Z,1012,99,OBSERVED_OVERRIDE,OBSERVED_CURRENT_OVERRIDE,true
L18:T2:I78,18,T2,2025-05-10T10:25:00.000Z,2101,0,CORRIDOR,POLICY_UNIVERSE,false
L18:T2:I78,18,T2,2025-05-10T10:25:00.000Z,1734,0,CORRIDOR,POLICY_UNIVERSE,false
L18:T2:I78,18,T2,2025-05-10T10:25:00.000Z,2500,0,CORRIDOR,POLICY_UNIVERSE,false
L18:T2:I78,18,T2,2025-05-10T10:25:00.000Z,2177,0,CORRIDOR,POLICY_UNIVERSE,false
L18:T2:I78,18,T2,2025-05-10T10:25:00.000Z,370,0,CORRIDOR,POLICY_UNIVERSE,false
L18:T2:I78,18,T2,2025-05-10T10:25:00.000Z,308,2,STATE,POLICY_UNIVERSE,false
L18:T2:I78,18,T2,2025-05-10T10:25:00.000Z,165,2,STATE,POLICY_UNIVERSE,false
L18:T2:I78,18,T2,2025-05-10T10:25:00.000Z,2373,2,STATE,POLICY_UNIVERSE,false
L18:T2:I78,18,T2,2025-05-10T10:25:00.000Z,1342,2,STATE,POLICY_UNIVERSE,false
L18:T2:I78,18,T2,2025-05-10T10:25:00.000Z,1928,2,STATE,POLICY_UNIVERSE,false
L18:T2:I78,18,T2,2025-05-10T10:25:00.000Z,1749,2,STATE,POLICY_UNIVERSE,false
L18:T2:I78,18,T2,2025-05-10T10:25:00.000Z,873,2,STATE,POLICY_UNIVERSE,false
L18:T2:I78,18,T2,2025-05-10T10:25:00.000Z,666,2,STATE,POLICY_UNIVERSE,false
L18:T2:I78,18,T2,2025-05-10T10:25:00.000Z,2743,2,STATE,POLICY_UNIVERSE,false
L18:T2:I78,18,T2,2025-05-10T10:25:00.000Z,2908,2,STATE,POLICY_UNIVERSE,false
L18:T2:I78,18,T2,2025-05-10T10:25:00.000Z,2150,2,STATE,POLICY_UNIVERSE,false
L18:T2:I78,18,T2,2025-05-10T10:25:00.000Z,1250,2,STATE,POLICY_UNIVERSE,false
L18:T2:I78,18,T2,2025-05-10T10:25:00.000Z,2679,2,STATE,POLICY_UNIVERSE,false
L18:T2:I78,18,T2,2025-05-10T10:25:00.000Z,2658,2,STATE,POLICY_UNIVERSE,false
L18:T2:I78,18,T2,2025-05-10T10:25:00.000Z,1556,2,STATE,POLICY_UNIVERSE,false
L18:T2:I78,18,T2,2025-05-10T10:25:00.000Z,1600,2,STATE,POLICY_UNIVERSE,false
L18:T2:I78,18,T2,2025-05-10T10:25:00.000Z,225,2,STATE,POLICY_UNIVERSE,false
L18:T2:I78,18,T2,2025-05-10T10:25:00.000Z,1319,2,STATE,POLICY_UNIVERSE,false
L18:T2:I78,18,T2,2025-05-10T10:25:00.000Z,2173,2,STATE,POLICY_UNIVERSE,false
L18:T2:I78,18,T2,2025-05-10T10:25:00.000Z,785,99,OBSERVED_OVERRIDE,OBSERVED_CURRENT_OVERRIDE,true
L19:T0,19,T0,2025-07-30T00:00:00.000Z,300,0,CORRIDOR,POLICY_UNIVERSE,
L19:T0,19,T0,2025-07-30T00:00:00.000Z,2404,0,CORRIDOR,POLICY_UNIVERSE,
L19:T0,19,T0,2025-07-30T00:00:00.000Z,222,0,CORRIDOR,POLICY_UNIVERSE,
L19:T0,19,T0,2025-07-30T00:00:00.000Z,734,0,CORRIDOR,POLICY_UNIVERSE,
L19:T0,19,T0,2025-07-30T00:00:00.000Z,2235,0,CORRIDOR,POLICY_UNIVERSE,
L19:T0,19,T0,2025-07-30T00:00:00.000Z,2971,0,CORRIDOR,POLICY_UNIVERSE,
L19:T0,19,T0,2025-07-30T00:00:00.000Z,242,0,CORRIDOR,POLICY_UNIVERSE,
L19:T0,19,T0,2025-07-30T00:00:00.000Z,2544,0,CORRIDOR,POLICY_UNIVERSE,
L19:T0,19,T0,2025-07-30T00:00:00.000Z,2804,0,CORRIDOR,POLICY_UNIVERSE,
L19:T0,19,T0,2025-07-30T00:00:00.000Z,1546,0,CORRIDOR,POLICY_UNIVERSE,
L19:T0,19,T0,2025-07-30T00:00:00.000Z,131,0,CORRIDOR,POLICY_UNIVERSE,
L19:T0,19,T0,2025-07-30T00:00:00.000Z,609,1,MUNICIPALITY,POLICY_UNIVERSE,
L19:T0,19,T0,2025-07-30T00:00:00.000Z,2237,1,MUNICIPALITY,POLICY_UNIVERSE,
L19:T0,19,T0,2025-07-30T00:00:00.000Z,594,1,MUNICIPALITY,POLICY_UNIVERSE,
L19:T0,19,T0,2025-07-30T00:00:00.000Z,25,1,MUNICIPALITY,POLICY_UNIVERSE,
L19:T0,19,T0,2025-07-30T00:00:00.000Z,895,1,MUNICIPALITY,POLICY_UNIVERSE,
L19:T0,19,T0,2025-07-30T00:00:00.000Z,2266,1,MUNICIPALITY,POLICY_UNIVERSE,
L19:T0,19,T0,2025-07-30T00:00:00.000Z,2511,1,MUNICIPALITY,POLICY_UNIVERSE,
L19:T0,19,T0,2025-07-30T00:00:00.000Z,1052,1,MUNICIPALITY,POLICY_UNIVERSE,
L19:T0,19,T0,2025-07-30T00:00:00.000Z,870,1,MUNICIPALITY,POLICY_UNIVERSE,
L19:T0,19,T0,2025-07-30T00:00:00.000Z,1630,1,MUNICIPALITY,POLICY_UNIVERSE,
L19:T0,19,T0,2025-07-30T00:00:00.000Z,755,1,MUNICIPALITY,POLICY_UNIVERSE,
L19:T0,19,T0,2025-07-30T00:00:00.000Z,2727,1,MUNICIPALITY,POLICY_UNIVERSE,
L19:T0,19,T0,2025-07-30T00:00:00.000Z,2831,1,MUNICIPALITY,POLICY_UNIVERSE,
L19:T0,19,T0,2025-07-30T00:00:00.000Z,693,1,MUNICIPALITY,POLICY_UNIVERSE,
L19:T0,19,T0,2025-07-30T00:00:00.000Z,2004,1,MUNICIPALITY,POLICY_UNIVERSE,
L19:T0,19,T0,2025-07-30T00:00:00.000Z,1760,1,MUNICIPALITY,POLICY_UNIVERSE,
L19:T0,19,T0,2025-07-30T00:00:00.000Z,1719,1,MUNICIPALITY,POLICY_UNIVERSE,
L19:T0,19,T0,2025-07-30T00:00:00.000Z,369,1,MUNICIPALITY,POLICY_UNIVERSE,
L19:T0,19,T0,2025-07-30T00:00:00.000Z,1254,1,MUNICIPALITY,POLICY_UNIVERSE,
L19:T0,19,T0,2025-07-30T00:00:00.000Z,385,1,MUNICIPALITY,POLICY_UNIVERSE,
L19:T0,19,T0,2025-07-30T00:00:00.000Z,2825,1,MUNICIPALITY,POLICY_UNIVERSE,
L19:T1:I83,19,T1,2025-08-29T10:18:00.000Z,300,0,CORRIDOR,POLICY_UNIVERSE,false
L19:T1:I83,19,T1,2025-08-29T10:18:00.000Z,2404,0,CORRIDOR,POLICY_UNIVERSE,false
L19:T1:I83,19,T1,2025-08-29T10:18:00.000Z,222,0,CORRIDOR,POLICY_UNIVERSE,false
L19:T1:I83,19,T1,2025-08-29T10:18:00.000Z,734,0,CORRIDOR,POLICY_UNIVERSE,false
L19:T1:I83,19,T1,2025-08-29T10:18:00.000Z,2235,0,CORRIDOR,POLICY_UNIVERSE,false
L19:T1:I83,19,T1,2025-08-29T10:18:00.000Z,2971,0,CORRIDOR,POLICY_UNIVERSE,false
L19:T1:I83,19,T1,2025-08-29T10:18:00.000Z,242,0,CORRIDOR,POLICY_UNIVERSE,false
L19:T1:I83,19,T1,2025-08-29T10:18:00.000Z,2544,0,CORRIDOR,POLICY_UNIVERSE,false
L19:T1:I83,19,T1,2025-08-29T10:18:00.000Z,2804,0,CORRIDOR,POLICY_UNIVERSE,false
L19:T1:I83,19,T1,2025-08-29T10:18:00.000Z,1546,0,CORRIDOR,POLICY_UNIVERSE,false
L19:T1:I83,19,T1,2025-08-29T10:18:00.000Z,131,0,CORRIDOR,POLICY_UNIVERSE,false
L19:T1:I83,19,T1,2025-08-29T10:18:00.000Z,609,1,MUNICIPALITY,POLICY_UNIVERSE,false
L19:T1:I83,19,T1,2025-08-29T10:18:00.000Z,2237,1,MUNICIPALITY,POLICY_UNIVERSE,false
L19:T1:I83,19,T1,2025-08-29T10:18:00.000Z,594,1,MUNICIPALITY,POLICY_UNIVERSE,false
L19:T1:I83,19,T1,2025-08-29T10:18:00.000Z,25,1,MUNICIPALITY,POLICY_UNIVERSE,false
L19:T1:I83,19,T1,2025-08-29T10:18:00.000Z,895,1,MUNICIPALITY,POLICY_UNIVERSE,false
L19:T1:I83,19,T1,2025-08-29T10:18:00.000Z,2266,1,MUNICIPALITY,POLICY_UNIVERSE,false
L19:T1:I83,19,T1,2025-08-29T10:18:00.000Z,2511,1,MUNICIPALITY,POLICY_UNIVERSE,false
L19:T1:I83,19,T1,2025-08-29T10:18:00.000Z,1052,1,MUNICIPALITY,POLICY_UNIVERSE,false
L19:T1:I83,19,T1,2025-08-29T10:18:00.000Z,870,1,MUNICIPALITY,POLICY_UNIVERSE,false
L19:T1:I83,19,T1,2025-08-29T10:18:00.000Z,1630,1,MUNICIPALITY,POLICY_UNIVERSE,false
L19:T1:I83,19,T1,2025-08-29T10:18:00.000Z,755,1,MUNICIPALITY,POLICY_UNIVERSE,false
L19:T1:I83,19,T1,2025-08-29T10:18:00.000Z,2727,1,MUNICIPALITY,POLICY_UNIVERSE,false
L19:T1:I83,19,T1,2025-08-29T10:18:00.000Z,2831,1,MUNICIPALITY,POLICY_UNIVERSE,false
L19:T1:I83,19,T1,2025-08-29T10:18:00.000Z,693,1,MUNICIPALITY,POLICY_UNIVERSE,false
L19:T1:I83,19,T1,2025-08-29T10:18:00.000Z,2004,1,MUNICIPALITY,POLICY_UNIVERSE,false
L19:T1:I83,19,T1,2025-08-29T10:18:00.000Z,1760,1,MUNICIPALITY,POLICY_UNIVERSE,false
L19:T1:I83,19,T1,2025-08-29T10:18:00.000Z,1719,1,MUNICIPALITY,POLICY_UNIVERSE,false
L19:T1:I83,19,T1,2025-08-29T10:18:00.000Z,369,1,MUNICIPALITY,POLICY_UNIVERSE,false
L19:T1:I83,19,T1,2025-08-29T10:18:00.000Z,1254,1,MUNICIPALITY,POLICY_UNIVERSE,false
L19:T1:I83,19,T1,2025-08-29T10:18:00.000Z,385,1,MUNICIPALITY,POLICY_UNIVERSE,false
L19:T1:I83,19,T1,2025-08-29T10:18:00.000Z,2825,1,MUNICIPALITY,POLICY_UNIVERSE,false
L19:T1:I83,19,T1,2025-08-29T10:18:00.000Z,1528,1,MUNICIPALITY,POLICY_UNIVERSE,false
L19:T1:I83,19,T1,2025-08-29T10:18:00.000Z,388,99,OBSERVED_OVERRIDE,OBSERVED_CURRENT_OVERRIDE,true
L19:T2:I82,19,T2,2026-01-01T11:49:00.000Z,300,0,CORRIDOR,POLICY_UNIVERSE,false
L19:T2:I82,19,T2,2026-01-01T11:49:00.000Z,2404,0,CORRIDOR,POLICY_UNIVERSE,false
L19:T2:I82,19,T2,2026-01-01T11:49:00.000Z,222,0,CORRIDOR,POLICY_UNIVERSE,false
L19:T2:I82,19,T2,2026-01-01T11:49:00.000Z,734,0,CORRIDOR,POLICY_UNIVERSE,false
L19:T2:I82,19,T2,2026-01-01T11:49:00.000Z,2235,0,CORRIDOR,POLICY_UNIVERSE,false
L19:T2:I82,19,T2,2026-01-01T11:49:00.000Z,2971,0,CORRIDOR,POLICY_UNIVERSE,false
L19:T2:I82,19,T2,2026-01-01T11:49:00.000Z,242,0,CORRIDOR,POLICY_UNIVERSE,false
L19:T2:I82,19,T2,2026-01-01T11:49:00.000Z,2544,0,CORRIDOR,POLICY_UNIVERSE,false
L19:T2:I82,19,T2,2026-01-01T11:49:00.000Z,2804,0,CORRIDOR,POLICY_UNIVERSE,false
L19:T2:I82,19,T2,2026-01-01T11:49:00.000Z,1546,0,CORRIDOR,POLICY_UNIVERSE,false
L19:T2:I82,19,T2,2026-01-01T11:49:00.000Z,131,0,CORRIDOR,POLICY_UNIVERSE,false
L19:T2:I82,19,T2,2026-01-01T11:49:00.000Z,2855,0,CORRIDOR,POLICY_UNIVERSE,false
L19:T2:I82,19,T2,2026-01-01T11:49:00.000Z,1190,0,CORRIDOR,POLICY_UNIVERSE,false
L19:T2:I82,19,T2,2026-01-01T11:49:00.000Z,1637,0,CORRIDOR,POLICY_UNIVERSE,false
L19:T2:I82,19,T2,2026-01-01T11:49:00.000Z,1228,0,CORRIDOR,POLICY_UNIVERSE,false
L19:T2:I82,19,T2,2026-01-01T11:49:00.000Z,1213,0,CORRIDOR,POLICY_UNIVERSE,false
L19:T2:I82,19,T2,2026-01-01T11:49:00.000Z,1113,0,CORRIDOR,POLICY_UNIVERSE,false
L19:T2:I82,19,T2,2026-01-01T11:49:00.000Z,609,1,MUNICIPALITY,POLICY_UNIVERSE,false
L19:T2:I82,19,T2,2026-01-01T11:49:00.000Z,2237,1,MUNICIPALITY,POLICY_UNIVERSE,false
L19:T2:I82,19,T2,2026-01-01T11:49:00.000Z,594,1,MUNICIPALITY,POLICY_UNIVERSE,false
L19:T2:I82,19,T2,2026-01-01T11:49:00.000Z,25,1,MUNICIPALITY,POLICY_UNIVERSE,false
L19:T2:I82,19,T2,2026-01-01T11:49:00.000Z,895,1,MUNICIPALITY,POLICY_UNIVERSE,false
L19:T2:I82,19,T2,2026-01-01T11:49:00.000Z,2266,1,MUNICIPALITY,POLICY_UNIVERSE,false
L19:T2:I82,19,T2,2026-01-01T11:49:00.000Z,2511,1,MUNICIPALITY,POLICY_UNIVERSE,false
L19:T2:I82,19,T2,2026-01-01T11:49:00.000Z,1052,1,MUNICIPALITY,POLICY_UNIVERSE,false
L19:T2:I82,19,T2,2026-01-01T11:49:00.000Z,870,1,MUNICIPALITY,POLICY_UNIVERSE,false
L19:T2:I82,19,T2,2026-01-01T11:49:00.000Z,1630,1,MUNICIPALITY,POLICY_UNIVERSE,false
L19:T2:I82,19,T2,2026-01-01T11:49:00.000Z,755,1,MUNICIPALITY,POLICY_UNIVERSE,false
L19:T2:I82,19,T2,2026-01-01T11:49:00.000Z,2727,1,MUNICIPALITY,POLICY_UNIVERSE,false
L19:T2:I82,19,T2,2026-01-01T11:49:00.000Z,2831,1,MUNICIPALITY,POLICY_UNIVERSE,false
L19:T2:I82,19,T2,2026-01-01T11:49:00.000Z,693,1,MUNICIPALITY,POLICY_UNIVERSE,false
L19:T2:I82,19,T2,2026-01-01T11:49:00.000Z,2004,1,MUNICIPALITY,POLICY_UNIVERSE,false
L19:T2:I82,19,T2,2026-01-01T11:49:00.000Z,1760,1,MUNICIPALITY,POLICY_UNIVERSE,false
L19:T2:I82,19,T2,2026-01-01T11:49:00.000Z,1719,1,MUNICIPALITY,POLICY_UNIVERSE,false
L19:T2:I82,19,T2,2026-01-01T11:49:00.000Z,369,1,MUNICIPALITY,POLICY_UNIVERSE,false
L19:T2:I82,19,T2,2026-01-01T11:49:00.000Z,1254,1,MUNICIPALITY,POLICY_UNIVERSE,false
L19:T2:I82,19,T2,2026-01-01T11:49:00.000Z,385,1,MUNICIPALITY,POLICY_UNIVERSE,false
L19:T2:I82,19,T2,2026-01-01T11:49:00.000Z,2825,1,MUNICIPALITY,POLICY_UNIVERSE,false
L19:T2:I82,19,T2,2026-01-01T11:49:00.000Z,1528,1,MUNICIPALITY,POLICY_UNIVERSE,false
L19:T2:I82,19,T2,2026-01-01T11:49:00.000Z,931,1,MUNICIPALITY,POLICY_UNIVERSE,false
L19:T2:I82,19,T2,2026-01-01T11:49:00.000Z,2690,1,MUNICIPALITY,POLICY_UNIVERSE,false
L19:T2:I82,19,T2,2026-01-01T11:49:00.000Z,2964,99,OBSERVED_OVERRIDE,OBSERVED_CURRENT_OVERRIDE,true
L19:T2:I81,19,T2,2026-02-25T11:34:00.000Z,300,0,CORRIDOR,POLICY_UNIVERSE,false
L19:T2:I81,19,T2,2026-02-25T11:34:00.000Z,2404,0,CORRIDOR,POLICY_UNIVERSE,false
L19:T2:I81,19,T2,2026-02-25T11:34:00.000Z,222,0,CORRIDOR,POLICY_UNIVERSE,false
L19:T2:I81,19,T2,2026-02-25T11:34:00.000Z,734,0,CORRIDOR,POLICY_UNIVERSE,false
L19:T2:I81,19,T2,2026-02-25T11:34:00.000Z,2235,0,CORRIDOR,POLICY_UNIVERSE,false
L19:T2:I81,19,T2,2026-02-25T11:34:00.000Z,2971,0,CORRIDOR,POLICY_UNIVERSE,false
L19:T2:I81,19,T2,2026-02-25T11:34:00.000Z,242,0,CORRIDOR,POLICY_UNIVERSE,false
L19:T2:I81,19,T2,2026-02-25T11:34:00.000Z,2544,0,CORRIDOR,POLICY_UNIVERSE,false
L19:T2:I81,19,T2,2026-02-25T11:34:00.000Z,2804,0,CORRIDOR,POLICY_UNIVERSE,false
L19:T2:I81,19,T2,2026-02-25T11:34:00.000Z,1546,0,CORRIDOR,POLICY_UNIVERSE,false
L19:T2:I81,19,T2,2026-02-25T11:34:00.000Z,131,0,CORRIDOR,POLICY_UNIVERSE,false
L19:T2:I81,19,T2,2026-02-25T11:34:00.000Z,2855,0,CORRIDOR,POLICY_UNIVERSE,false
L19:T2:I81,19,T2,2026-02-25T11:34:00.000Z,1190,0,CORRIDOR,POLICY_UNIVERSE,false
L19:T2:I81,19,T2,2026-02-25T11:34:00.000Z,1637,0,CORRIDOR,POLICY_UNIVERSE,false
L19:T2:I81,19,T2,2026-02-25T11:34:00.000Z,1228,0,CORRIDOR,POLICY_UNIVERSE,false
L19:T2:I81,19,T2,2026-02-25T11:34:00.000Z,1213,0,CORRIDOR,POLICY_UNIVERSE,false
L19:T2:I81,19,T2,2026-02-25T11:34:00.000Z,1113,0,CORRIDOR,POLICY_UNIVERSE,false
L19:T2:I81,19,T2,2026-02-25T11:34:00.000Z,2549,0,CORRIDOR,POLICY_UNIVERSE,false
L19:T2:I81,19,T2,2026-02-25T11:34:00.000Z,727,0,CORRIDOR,POLICY_UNIVERSE,false
L19:T2:I81,19,T2,2026-02-25T11:34:00.000Z,609,1,MUNICIPALITY,POLICY_UNIVERSE,false
L19:T2:I81,19,T2,2026-02-25T11:34:00.000Z,2237,1,MUNICIPALITY,POLICY_UNIVERSE,false
L19:T2:I81,19,T2,2026-02-25T11:34:00.000Z,594,1,MUNICIPALITY,POLICY_UNIVERSE,false
L19:T2:I81,19,T2,2026-02-25T11:34:00.000Z,25,1,MUNICIPALITY,POLICY_UNIVERSE,false
L19:T2:I81,19,T2,2026-02-25T11:34:00.000Z,895,1,MUNICIPALITY,POLICY_UNIVERSE,false
L19:T2:I81,19,T2,2026-02-25T11:34:00.000Z,2266,1,MUNICIPALITY,POLICY_UNIVERSE,false
L19:T2:I81,19,T2,2026-02-25T11:34:00.000Z,2511,1,MUNICIPALITY,POLICY_UNIVERSE,false
L19:T2:I81,19,T2,2026-02-25T11:34:00.000Z,1052,1,MUNICIPALITY,POLICY_UNIVERSE,false
L19:T2:I81,19,T2,2026-02-25T11:34:00.000Z,870,1,MUNICIPALITY,POLICY_UNIVERSE,false
L19:T2:I81,19,T2,2026-02-25T11:34:00.000Z,1630,1,MUNICIPALITY,POLICY_UNIVERSE,false
L19:T2:I81,19,T2,2026-02-25T11:34:00.000Z,755,1,MUNICIPALITY,POLICY_UNIVERSE,false
L19:T2:I81,19,T2,2026-02-25T11:34:00.000Z,2727,1,MUNICIPALITY,POLICY_UNIVERSE,false
L19:T2:I81,19,T2,2026-02-25T11:34:00.000Z,2831,1,MUNICIPALITY,POLICY_UNIVERSE,false
L19:T2:I81,19,T2,2026-02-25T11:34:00.000Z,693,1,MUNICIPALITY,POLICY_UNIVERSE,false
L19:T2:I81,19,T2,2026-02-25T11:34:00.000Z,2004,1,MUNICIPALITY,POLICY_UNIVERSE,false
L19:T2:I81,19,T2,2026-02-25T11:34:00.000Z,1760,1,MUNICIPALITY,POLICY_UNIVERSE,false
L19:T2:I81,19,T2,2026-02-25T11:34:00.000Z,1719,1,MUNICIPALITY,POLICY_UNIVERSE,false
L19:T2:I81,19,T2,2026-02-25T11:34:00.000Z,369,1,MUNICIPALITY,POLICY_UNIVERSE,false
L19:T2:I81,19,T2,2026-02-25T11:34:00.000Z,1254,1,MUNICIPALITY,POLICY_UNIVERSE,false
L19:T2:I81,19,T2,2026-02-25T11:34:00.000Z,385,1,MUNICIPALITY,POLICY_UNIVERSE,false
L19:T2:I81,19,T2,2026-02-25T11:34:00.000Z,2825,1,MUNICIPALITY,POLICY_UNIVERSE,false
L19:T2:I81,19,T2,2026-02-25T11:34:00.000Z,1528,1,MUNICIPALITY,POLICY_UNIVERSE,false
L19:T2:I81,19,T2,2026-02-25T11:34:00.000Z,931,1,MUNICIPALITY,POLICY_UNIVERSE,false
L19:T2:I81,19,T2,2026-02-25T11:34:00.000Z,2690,1,MUNICIPALITY,POLICY_UNIVERSE,false
L19:T2:I81,19,T2,2026-02-25T11:34:00.000Z,1613,1,MUNICIPALITY,POLICY_UNIVERSE,false
L19:T2:I81,19,T2,2026-02-25T11:34:00.000Z,2333,1,MUNICIPALITY,POLICY_UNIVERSE,false
L19:T2:I81,19,T2,2026-02-25T11:34:00.000Z,19,1,MUNICIPALITY,POLICY_UNIVERSE,false
L19:T2:I81,19,T2,2026-02-25T11:34:00.000Z,2513,1,MUNICIPALITY,POLICY_UNIVERSE,false
L19:T2:I81,19,T2,2026-02-25T11:34:00.000Z,2294,99,OBSERVED_OVERRIDE,OBSERVED_CURRENT_OVERRIDE,true
L20:T0,20,T0,2026-02-25T00:00:00.000Z,2493,0,CORRIDOR,POLICY_UNIVERSE,
L20:T0,20,T0,2026-02-25T00:00:00.000Z,1263,0,CORRIDOR,POLICY_UNIVERSE,
L20:T0,20,T0,2026-02-25T00:00:00.000Z,530,0,CORRIDOR,POLICY_UNIVERSE,
L20:T0,20,T0,2026-02-25T00:00:00.000Z,1727,0,CORRIDOR,POLICY_UNIVERSE,
L20:T0,20,T0,2026-02-25T00:00:00.000Z,2784,0,CORRIDOR,POLICY_UNIVERSE,
L20:T0,20,T0,2026-02-25T00:00:00.000Z,2490,0,CORRIDOR,POLICY_UNIVERSE,
L20:T0,20,T0,2026-02-25T00:00:00.000Z,362,0,CORRIDOR,POLICY_UNIVERSE,
L20:T0,20,T0,2026-02-25T00:00:00.000Z,857,0,CORRIDOR,POLICY_UNIVERSE,
L20:T0,20,T0,2026-02-25T00:00:00.000Z,1801,0,CORRIDOR,POLICY_UNIVERSE,
L20:T0,20,T0,2026-02-25T00:00:00.000Z,403,0,CORRIDOR,POLICY_UNIVERSE,
L20:T0,20,T0,2026-02-25T00:00:00.000Z,287,0,CORRIDOR,POLICY_UNIVERSE,
L20:T0,20,T0,2026-02-25T00:00:00.000Z,1386,0,CORRIDOR,POLICY_UNIVERSE,
L20:T0,20,T0,2026-02-25T00:00:00.000Z,897,0,CORRIDOR,POLICY_UNIVERSE,
L20:T0,20,T0,2026-02-25T00:00:00.000Z,1420,0,CORRIDOR,POLICY_UNIVERSE,
L20:T0,20,T0,2026-02-25T00:00:00.000Z,221,0,CORRIDOR,POLICY_UNIVERSE,
L20:T0,20,T0,2026-02-25T00:00:00.000Z,1096,0,CORRIDOR,POLICY_UNIVERSE,
L20:T0,20,T0,2026-02-25T00:00:00.000Z,2533,0,CORRIDOR,POLICY_UNIVERSE,
L20:T0,20,T0,2026-02-25T00:00:00.000Z,2838,0,CORRIDOR,POLICY_UNIVERSE,
L20:T0,20,T0,2026-02-25T00:00:00.000Z,2073,0,CORRIDOR,POLICY_UNIVERSE,
L20:T0,20,T0,2026-02-25T00:00:00.000Z,2418,0,CORRIDOR,POLICY_UNIVERSE,
L20:T0,20,T0,2026-02-25T00:00:00.000Z,388,0,CORRIDOR,POLICY_UNIVERSE,
L20:T0,20,T0,2026-02-25T00:00:00.000Z,2088,0,CORRIDOR,POLICY_UNIVERSE,
L20:T0,20,T0,2026-02-25T00:00:00.000Z,2721,0,CORRIDOR,POLICY_UNIVERSE,
L20:T0,20,T0,2026-02-25T00:00:00.000Z,1317,0,CORRIDOR,POLICY_UNIVERSE,
L20:T0,20,T0,2026-02-25T00:00:00.000Z,628,0,CORRIDOR,POLICY_UNIVERSE,
L20:T0,20,T0,2026-02-25T00:00:00.000Z,2345,0,CORRIDOR,POLICY_UNIVERSE,
L20:T0,20,T0,2026-02-25T00:00:00.000Z,1103,1,MUNICIPALITY,POLICY_UNIVERSE,
L20:T0,20,T0,2026-02-25T00:00:00.000Z,1191,1,MUNICIPALITY,POLICY_UNIVERSE,
L20:T0,20,T0,2026-02-25T00:00:00.000Z,1720,1,MUNICIPALITY,POLICY_UNIVERSE,
L20:T0,20,T0,2026-02-25T00:00:00.000Z,1390,1,MUNICIPALITY,POLICY_UNIVERSE,
L20:T0,20,T0,2026-02-25T00:00:00.000Z,1658,1,MUNICIPALITY,POLICY_UNIVERSE,
L20:T0,20,T0,2026-02-25T00:00:00.000Z,1480,1,MUNICIPALITY,POLICY_UNIVERSE,
L20:T0,20,T0,2026-02-25T00:00:00.000Z,116,1,MUNICIPALITY,POLICY_UNIVERSE,
L20:T0,20,T0,2026-02-25T00:00:00.000Z,262,1,MUNICIPALITY,POLICY_UNIVERSE,
L20:T0,20,T0,2026-02-25T00:00:00.000Z,851,1,MUNICIPALITY,POLICY_UNIVERSE,
L20:T0,20,T0,2026-02-25T00:00:00.000Z,505,1,MUNICIPALITY,POLICY_UNIVERSE,
L20:T0,20,T0,2026-02-25T00:00:00.000Z,2557,1,MUNICIPALITY,POLICY_UNIVERSE,
L20:T0,20,T0,2026-02-25T00:00:00.000Z,1402,1,MUNICIPALITY,POLICY_UNIVERSE,
L20:T0,20,T0,2026-02-25T00:00:00.000Z,2976,1,MUNICIPALITY,POLICY_UNIVERSE,
L20:T0,20,T0,2026-02-25T00:00:00.000Z,1180,1,MUNICIPALITY,POLICY_UNIVERSE,
L20:T0,20,T0,2026-02-25T00:00:00.000Z,1507,1,MUNICIPALITY,POLICY_UNIVERSE,
L20:T0,20,T0,2026-02-25T00:00:00.000Z,1977,1,MUNICIPALITY,POLICY_UNIVERSE,
L20:T0,20,T0,2026-02-25T00:00:00.000Z,349,1,MUNICIPALITY,POLICY_UNIVERSE,
L20:T0,20,T0,2026-02-25T00:00:00.000Z,2801,1,MUNICIPALITY,POLICY_UNIVERSE,
L20:T0,20,T0,2026-02-25T00:00:00.000Z,664,1,MUNICIPALITY,POLICY_UNIVERSE,
L20:T0,20,T0,2026-02-25T00:00:00.000Z,1210,1,MUNICIPALITY,POLICY_UNIVERSE,
L20:T0,20,T0,2026-02-25T00:00:00.000Z,2422,1,MUNICIPALITY,POLICY_UNIVERSE,
L20:T0,20,T0,2026-02-25T00:00:00.000Z,1991,1,MUNICIPALITY,POLICY_UNIVERSE,
L20:T0,20,T0,2026-02-25T00:00:00.000Z,656,1,MUNICIPALITY,POLICY_UNIVERSE,
L20:T0,20,T0,2026-02-25T00:00:00.000Z,2876,1,MUNICIPALITY,POLICY_UNIVERSE,
L20:T0,20,T0,2026-02-25T00:00:00.000Z,1889,1,MUNICIPALITY,POLICY_UNIVERSE,
L20:T0,20,T0,2026-02-25T00:00:00.000Z,572,1,MUNICIPALITY,POLICY_UNIVERSE,
L20:T1:I89,20,T1,2026-02-27T13:22:53.000Z,2493,0,CORRIDOR,POLICY_UNIVERSE,false
L20:T1:I89,20,T1,2026-02-27T13:22:53.000Z,1263,0,CORRIDOR,POLICY_UNIVERSE,false
L20:T1:I89,20,T1,2026-02-27T13:22:53.000Z,530,0,CORRIDOR,POLICY_UNIVERSE,false
L20:T1:I89,20,T1,2026-02-27T13:22:53.000Z,1727,0,CORRIDOR,POLICY_UNIVERSE,false
L20:T1:I89,20,T1,2026-02-27T13:22:53.000Z,2784,0,CORRIDOR,POLICY_UNIVERSE,false
L20:T1:I89,20,T1,2026-02-27T13:22:53.000Z,2490,0,CORRIDOR,POLICY_UNIVERSE,false
L20:T1:I89,20,T1,2026-02-27T13:22:53.000Z,362,0,CORRIDOR,POLICY_UNIVERSE,false
L20:T1:I89,20,T1,2026-02-27T13:22:53.000Z,857,0,CORRIDOR,POLICY_UNIVERSE,false
L20:T1:I89,20,T1,2026-02-27T13:22:53.000Z,1801,0,CORRIDOR,POLICY_UNIVERSE,false
L20:T1:I89,20,T1,2026-02-27T13:22:53.000Z,403,0,CORRIDOR,POLICY_UNIVERSE,false
L20:T1:I89,20,T1,2026-02-27T13:22:53.000Z,287,0,CORRIDOR,POLICY_UNIVERSE,false
L20:T1:I89,20,T1,2026-02-27T13:22:53.000Z,1386,0,CORRIDOR,POLICY_UNIVERSE,false
L20:T1:I89,20,T1,2026-02-27T13:22:53.000Z,897,0,CORRIDOR,POLICY_UNIVERSE,false
L20:T1:I89,20,T1,2026-02-27T13:22:53.000Z,1420,0,CORRIDOR,POLICY_UNIVERSE,false
L20:T1:I89,20,T1,2026-02-27T13:22:53.000Z,221,0,CORRIDOR,POLICY_UNIVERSE,false
L20:T1:I89,20,T1,2026-02-27T13:22:53.000Z,1096,0,CORRIDOR,POLICY_UNIVERSE,false
L20:T1:I89,20,T1,2026-02-27T13:22:53.000Z,2533,0,CORRIDOR,POLICY_UNIVERSE,false
L20:T1:I89,20,T1,2026-02-27T13:22:53.000Z,2838,0,CORRIDOR,POLICY_UNIVERSE,false
L20:T1:I89,20,T1,2026-02-27T13:22:53.000Z,2073,0,CORRIDOR,POLICY_UNIVERSE,false
L20:T1:I89,20,T1,2026-02-27T13:22:53.000Z,2418,0,CORRIDOR,POLICY_UNIVERSE,false
L20:T1:I89,20,T1,2026-02-27T13:22:53.000Z,388,0,CORRIDOR,POLICY_UNIVERSE,false
L20:T1:I89,20,T1,2026-02-27T13:22:53.000Z,2088,0,CORRIDOR,POLICY_UNIVERSE,false
L20:T1:I89,20,T1,2026-02-27T13:22:53.000Z,2721,0,CORRIDOR,POLICY_UNIVERSE,false
L20:T1:I89,20,T1,2026-02-27T13:22:53.000Z,1317,0,CORRIDOR,POLICY_UNIVERSE,false
L20:T1:I89,20,T1,2026-02-27T13:22:53.000Z,628,0,CORRIDOR,POLICY_UNIVERSE,false
L20:T1:I89,20,T1,2026-02-27T13:22:53.000Z,2345,0,CORRIDOR,POLICY_UNIVERSE,false
L20:T1:I89,20,T1,2026-02-27T13:22:53.000Z,1103,1,MUNICIPALITY,POLICY_UNIVERSE,false
L20:T1:I89,20,T1,2026-02-27T13:22:53.000Z,1191,1,MUNICIPALITY,POLICY_UNIVERSE,false
L20:T1:I89,20,T1,2026-02-27T13:22:53.000Z,1720,1,MUNICIPALITY,POLICY_UNIVERSE,false
L20:T1:I89,20,T1,2026-02-27T13:22:53.000Z,1390,1,MUNICIPALITY,POLICY_UNIVERSE,false
L20:T1:I89,20,T1,2026-02-27T13:22:53.000Z,1658,1,MUNICIPALITY,POLICY_UNIVERSE,false
L20:T1:I89,20,T1,2026-02-27T13:22:53.000Z,1480,1,MUNICIPALITY,POLICY_UNIVERSE,false
L20:T1:I89,20,T1,2026-02-27T13:22:53.000Z,116,1,MUNICIPALITY,POLICY_UNIVERSE,false
L20:T1:I89,20,T1,2026-02-27T13:22:53.000Z,262,1,MUNICIPALITY,POLICY_UNIVERSE,false
L20:T1:I89,20,T1,2026-02-27T13:22:53.000Z,851,1,MUNICIPALITY,POLICY_UNIVERSE,false
L20:T1:I89,20,T1,2026-02-27T13:22:53.000Z,505,1,MUNICIPALITY,POLICY_UNIVERSE,false
L20:T1:I89,20,T1,2026-02-27T13:22:53.000Z,2557,1,MUNICIPALITY,POLICY_UNIVERSE,false
L20:T1:I89,20,T1,2026-02-27T13:22:53.000Z,1402,1,MUNICIPALITY,POLICY_UNIVERSE,false
L20:T1:I89,20,T1,2026-02-27T13:22:53.000Z,2976,1,MUNICIPALITY,POLICY_UNIVERSE,false
L20:T1:I89,20,T1,2026-02-27T13:22:53.000Z,1180,1,MUNICIPALITY,POLICY_UNIVERSE,false
L20:T1:I89,20,T1,2026-02-27T13:22:53.000Z,1507,1,MUNICIPALITY,POLICY_UNIVERSE,false
L20:T1:I89,20,T1,2026-02-27T13:22:53.000Z,1977,1,MUNICIPALITY,POLICY_UNIVERSE,false
L20:T1:I89,20,T1,2026-02-27T13:22:53.000Z,349,1,MUNICIPALITY,POLICY_UNIVERSE,false
L20:T1:I89,20,T1,2026-02-27T13:22:53.000Z,2801,1,MUNICIPALITY,POLICY_UNIVERSE,false
L20:T1:I89,20,T1,2026-02-27T13:22:53.000Z,664,1,MUNICIPALITY,POLICY_UNIVERSE,false
L20:T1:I89,20,T1,2026-02-27T13:22:53.000Z,1210,1,MUNICIPALITY,POLICY_UNIVERSE,false
L20:T1:I89,20,T1,2026-02-27T13:22:53.000Z,2422,1,MUNICIPALITY,POLICY_UNIVERSE,false
L20:T1:I89,20,T1,2026-02-27T13:22:53.000Z,1991,1,MUNICIPALITY,POLICY_UNIVERSE,false
L20:T1:I89,20,T1,2026-02-27T13:22:53.000Z,656,1,MUNICIPALITY,POLICY_UNIVERSE,false
L20:T1:I89,20,T1,2026-02-27T13:22:53.000Z,2876,1,MUNICIPALITY,POLICY_UNIVERSE,false
L20:T1:I89,20,T1,2026-02-27T13:22:53.000Z,1889,1,MUNICIPALITY,POLICY_UNIVERSE,false
L20:T1:I89,20,T1,2026-02-27T13:22:53.000Z,572,1,MUNICIPALITY,POLICY_UNIVERSE,false
L20:T1:I89,20,T1,2026-02-27T13:22:53.000Z,172,99,OBSERVED_OVERRIDE,OBSERVED_CURRENT_OVERRIDE,true
L20:T2:I90,20,T2,2026-03-07T07:22:29.000Z,2493,0,CORRIDOR,POLICY_UNIVERSE,false
L20:T2:I90,20,T2,2026-03-07T07:22:29.000Z,1263,0,CORRIDOR,POLICY_UNIVERSE,false
L20:T2:I90,20,T2,2026-03-07T07:22:29.000Z,530,0,CORRIDOR,POLICY_UNIVERSE,false
L20:T2:I90,20,T2,2026-03-07T07:22:29.000Z,1727,0,CORRIDOR,POLICY_UNIVERSE,false
L20:T2:I90,20,T2,2026-03-07T07:22:29.000Z,2784,0,CORRIDOR,POLICY_UNIVERSE,false
L20:T2:I90,20,T2,2026-03-07T07:22:29.000Z,2490,0,CORRIDOR,POLICY_UNIVERSE,false
L20:T2:I90,20,T2,2026-03-07T07:22:29.000Z,362,0,CORRIDOR,POLICY_UNIVERSE,false
L20:T2:I90,20,T2,2026-03-07T07:22:29.000Z,857,0,CORRIDOR,POLICY_UNIVERSE,false
L20:T2:I90,20,T2,2026-03-07T07:22:29.000Z,1801,0,CORRIDOR,POLICY_UNIVERSE,false
L20:T2:I90,20,T2,2026-03-07T07:22:29.000Z,403,0,CORRIDOR,POLICY_UNIVERSE,false
L20:T2:I90,20,T2,2026-03-07T07:22:29.000Z,287,0,CORRIDOR,POLICY_UNIVERSE,false
L20:T2:I90,20,T2,2026-03-07T07:22:29.000Z,1386,0,CORRIDOR,POLICY_UNIVERSE,false
L20:T2:I90,20,T2,2026-03-07T07:22:29.000Z,897,0,CORRIDOR,POLICY_UNIVERSE,false
L20:T2:I90,20,T2,2026-03-07T07:22:29.000Z,1420,0,CORRIDOR,POLICY_UNIVERSE,false
L20:T2:I90,20,T2,2026-03-07T07:22:29.000Z,221,0,CORRIDOR,POLICY_UNIVERSE,false
L20:T2:I90,20,T2,2026-03-07T07:22:29.000Z,1096,0,CORRIDOR,POLICY_UNIVERSE,false
L20:T2:I90,20,T2,2026-03-07T07:22:29.000Z,2533,0,CORRIDOR,POLICY_UNIVERSE,false
L20:T2:I90,20,T2,2026-03-07T07:22:29.000Z,2838,0,CORRIDOR,POLICY_UNIVERSE,false
L20:T2:I90,20,T2,2026-03-07T07:22:29.000Z,2073,0,CORRIDOR,POLICY_UNIVERSE,false
L20:T2:I90,20,T2,2026-03-07T07:22:29.000Z,2418,0,CORRIDOR,POLICY_UNIVERSE,false
L20:T2:I90,20,T2,2026-03-07T07:22:29.000Z,388,0,CORRIDOR,POLICY_UNIVERSE,false
L20:T2:I90,20,T2,2026-03-07T07:22:29.000Z,2088,0,CORRIDOR,POLICY_UNIVERSE,false
L20:T2:I90,20,T2,2026-03-07T07:22:29.000Z,2721,0,CORRIDOR,POLICY_UNIVERSE,false
L20:T2:I90,20,T2,2026-03-07T07:22:29.000Z,1317,0,CORRIDOR,POLICY_UNIVERSE,false
L20:T2:I90,20,T2,2026-03-07T07:22:29.000Z,628,0,CORRIDOR,POLICY_UNIVERSE,false
L20:T2:I90,20,T2,2026-03-07T07:22:29.000Z,2345,0,CORRIDOR,POLICY_UNIVERSE,false
L20:T2:I90,20,T2,2026-03-07T07:22:29.000Z,1103,1,MUNICIPALITY,POLICY_UNIVERSE,false
L20:T2:I90,20,T2,2026-03-07T07:22:29.000Z,1191,1,MUNICIPALITY,POLICY_UNIVERSE,false
L20:T2:I90,20,T2,2026-03-07T07:22:29.000Z,1720,1,MUNICIPALITY,POLICY_UNIVERSE,false
L20:T2:I90,20,T2,2026-03-07T07:22:29.000Z,1390,1,MUNICIPALITY,POLICY_UNIVERSE,false
L20:T2:I90,20,T2,2026-03-07T07:22:29.000Z,1658,1,MUNICIPALITY,POLICY_UNIVERSE,false
L20:T2:I90,20,T2,2026-03-07T07:22:29.000Z,1480,1,MUNICIPALITY,POLICY_UNIVERSE,false
L20:T2:I90,20,T2,2026-03-07T07:22:29.000Z,116,1,MUNICIPALITY,POLICY_UNIVERSE,false
L20:T2:I90,20,T2,2026-03-07T07:22:29.000Z,262,1,MUNICIPALITY,POLICY_UNIVERSE,false
L20:T2:I90,20,T2,2026-03-07T07:22:29.000Z,851,1,MUNICIPALITY,POLICY_UNIVERSE,false
L20:T2:I90,20,T2,2026-03-07T07:22:29.000Z,505,1,MUNICIPALITY,POLICY_UNIVERSE,false
L20:T2:I90,20,T2,2026-03-07T07:22:29.000Z,2557,1,MUNICIPALITY,POLICY_UNIVERSE,false
L20:T2:I90,20,T2,2026-03-07T07:22:29.000Z,1402,1,MUNICIPALITY,POLICY_UNIVERSE,false
L20:T2:I90,20,T2,2026-03-07T07:22:29.000Z,2976,1,MUNICIPALITY,POLICY_UNIVERSE,false
L20:T2:I90,20,T2,2026-03-07T07:22:29.000Z,1180,1,MUNICIPALITY,POLICY_UNIVERSE,false
L20:T2:I90,20,T2,2026-03-07T07:22:29.000Z,1507,1,MUNICIPALITY,POLICY_UNIVERSE,false
L20:T2:I90,20,T2,2026-03-07T07:22:29.000Z,1977,1,MUNICIPALITY,POLICY_UNIVERSE,false
L20:T2:I90,20,T2,2026-03-07T07:22:29.000Z,349,1,MUNICIPALITY,POLICY_UNIVERSE,false
L20:T2:I90,20,T2,2026-03-07T07:22:29.000Z,2801,1,MUNICIPALITY,POLICY_UNIVERSE,false
L20:T2:I90,20,T2,2026-03-07T07:22:29.000Z,664,1,MUNICIPALITY,POLICY_UNIVERSE,false
L20:T2:I90,20,T2,2026-03-07T07:22:29.000Z,1210,1,MUNICIPALITY,POLICY_UNIVERSE,false
L20:T2:I90,20,T2,2026-03-07T07:22:29.000Z,2422,1,MUNICIPALITY,POLICY_UNIVERSE,false
L20:T2:I90,20,T2,2026-03-07T07:22:29.000Z,1991,1,MUNICIPALITY,POLICY_UNIVERSE,false
L20:T2:I90,20,T2,2026-03-07T07:22:29.000Z,656,1,MUNICIPALITY,POLICY_UNIVERSE,false
L20:T2:I90,20,T2,2026-03-07T07:22:29.000Z,2876,1,MUNICIPALITY,POLICY_UNIVERSE,false
L20:T2:I90,20,T2,2026-03-07T07:22:29.000Z,1889,1,MUNICIPALITY,POLICY_UNIVERSE,false
L20:T2:I90,20,T2,2026-03-07T07:22:29.000Z,572,1,MUNICIPALITY,POLICY_UNIVERSE,false
L20:T2:I90,20,T2,2026-03-07T07:22:29.000Z,190,1,MUNICIPALITY,POLICY_UNIVERSE,false
L20:T2:I90,20,T2,2026-03-07T07:22:29.000Z,1881,99,OBSERVED_OVERRIDE,OBSERVED_CURRENT_OVERRIDE,true
L20:T2:I86,20,T2,2026-03-08T08:14:49.000Z,2493,0,CORRIDOR,POLICY_UNIVERSE,false
L20:T2:I86,20,T2,2026-03-08T08:14:49.000Z,1263,0,CORRIDOR,POLICY_UNIVERSE,false
L20:T2:I86,20,T2,2026-03-08T08:14:49.000Z,530,0,CORRIDOR,POLICY_UNIVERSE,false
L20:T2:I86,20,T2,2026-03-08T08:14:49.000Z,1727,0,CORRIDOR,POLICY_UNIVERSE,false
L20:T2:I86,20,T2,2026-03-08T08:14:49.000Z,2784,0,CORRIDOR,POLICY_UNIVERSE,false
L20:T2:I86,20,T2,2026-03-08T08:14:49.000Z,2490,0,CORRIDOR,POLICY_UNIVERSE,false
L20:T2:I86,20,T2,2026-03-08T08:14:49.000Z,362,0,CORRIDOR,POLICY_UNIVERSE,false
L20:T2:I86,20,T2,2026-03-08T08:14:49.000Z,857,0,CORRIDOR,POLICY_UNIVERSE,false
L20:T2:I86,20,T2,2026-03-08T08:14:49.000Z,1801,0,CORRIDOR,POLICY_UNIVERSE,false
L20:T2:I86,20,T2,2026-03-08T08:14:49.000Z,403,0,CORRIDOR,POLICY_UNIVERSE,false
L20:T2:I86,20,T2,2026-03-08T08:14:49.000Z,287,0,CORRIDOR,POLICY_UNIVERSE,false
L20:T2:I86,20,T2,2026-03-08T08:14:49.000Z,1386,0,CORRIDOR,POLICY_UNIVERSE,false
L20:T2:I86,20,T2,2026-03-08T08:14:49.000Z,897,0,CORRIDOR,POLICY_UNIVERSE,false
L20:T2:I86,20,T2,2026-03-08T08:14:49.000Z,1420,0,CORRIDOR,POLICY_UNIVERSE,false
L20:T2:I86,20,T2,2026-03-08T08:14:49.000Z,221,0,CORRIDOR,POLICY_UNIVERSE,false
L20:T2:I86,20,T2,2026-03-08T08:14:49.000Z,1096,0,CORRIDOR,POLICY_UNIVERSE,false
L20:T2:I86,20,T2,2026-03-08T08:14:49.000Z,2533,0,CORRIDOR,POLICY_UNIVERSE,false
L20:T2:I86,20,T2,2026-03-08T08:14:49.000Z,2838,0,CORRIDOR,POLICY_UNIVERSE,false
L20:T2:I86,20,T2,2026-03-08T08:14:49.000Z,2073,0,CORRIDOR,POLICY_UNIVERSE,false
L20:T2:I86,20,T2,2026-03-08T08:14:49.000Z,2418,0,CORRIDOR,POLICY_UNIVERSE,false
L20:T2:I86,20,T2,2026-03-08T08:14:49.000Z,388,0,CORRIDOR,POLICY_UNIVERSE,false
L20:T2:I86,20,T2,2026-03-08T08:14:49.000Z,2088,0,CORRIDOR,POLICY_UNIVERSE,false
L20:T2:I86,20,T2,2026-03-08T08:14:49.000Z,2721,0,CORRIDOR,POLICY_UNIVERSE,false
L20:T2:I86,20,T2,2026-03-08T08:14:49.000Z,1317,0,CORRIDOR,POLICY_UNIVERSE,false
L20:T2:I86,20,T2,2026-03-08T08:14:49.000Z,628,0,CORRIDOR,POLICY_UNIVERSE,false
L20:T2:I86,20,T2,2026-03-08T08:14:49.000Z,2345,0,CORRIDOR,POLICY_UNIVERSE,false
L20:T2:I86,20,T2,2026-03-08T08:14:49.000Z,1103,1,MUNICIPALITY,POLICY_UNIVERSE,false
L20:T2:I86,20,T2,2026-03-08T08:14:49.000Z,1191,1,MUNICIPALITY,POLICY_UNIVERSE,false
L20:T2:I86,20,T2,2026-03-08T08:14:49.000Z,1720,1,MUNICIPALITY,POLICY_UNIVERSE,false
L20:T2:I86,20,T2,2026-03-08T08:14:49.000Z,1390,1,MUNICIPALITY,POLICY_UNIVERSE,false
L20:T2:I86,20,T2,2026-03-08T08:14:49.000Z,1658,1,MUNICIPALITY,POLICY_UNIVERSE,false
L20:T2:I86,20,T2,2026-03-08T08:14:49.000Z,1480,1,MUNICIPALITY,POLICY_UNIVERSE,false
L20:T2:I86,20,T2,2026-03-08T08:14:49.000Z,116,1,MUNICIPALITY,POLICY_UNIVERSE,false
L20:T2:I86,20,T2,2026-03-08T08:14:49.000Z,262,1,MUNICIPALITY,POLICY_UNIVERSE,false
L20:T2:I86,20,T2,2026-03-08T08:14:49.000Z,851,1,MUNICIPALITY,POLICY_UNIVERSE,false
L20:T2:I86,20,T2,2026-03-08T08:14:49.000Z,505,1,MUNICIPALITY,POLICY_UNIVERSE,false
L20:T2:I86,20,T2,2026-03-08T08:14:49.000Z,2557,1,MUNICIPALITY,POLICY_UNIVERSE,false
L20:T2:I86,20,T2,2026-03-08T08:14:49.000Z,1402,1,MUNICIPALITY,POLICY_UNIVERSE,false
L20:T2:I86,20,T2,2026-03-08T08:14:49.000Z,2976,1,MUNICIPALITY,POLICY_UNIVERSE,false
L20:T2:I86,20,T2,2026-03-08T08:14:49.000Z,1180,1,MUNICIPALITY,POLICY_UNIVERSE,false
L20:T2:I86,20,T2,2026-03-08T08:14:49.000Z,1507,1,MUNICIPALITY,POLICY_UNIVERSE,false
L20:T2:I86,20,T2,2026-03-08T08:14:49.000Z,1977,1,MUNICIPALITY,POLICY_UNIVERSE,false
L20:T2:I86,20,T2,2026-03-08T08:14:49.000Z,349,1,MUNICIPALITY,POLICY_UNIVERSE,false
L20:T2:I86,20,T2,2026-03-08T08:14:49.000Z,2801,1,MUNICIPALITY,POLICY_UNIVERSE,false
L20:T2:I86,20,T2,2026-03-08T08:14:49.000Z,664,1,MUNICIPALITY,POLICY_UNIVERSE,false
L20:T2:I86,20,T2,2026-03-08T08:14:49.000Z,1210,1,MUNICIPALITY,POLICY_UNIVERSE,false
L20:T2:I86,20,T2,2026-03-08T08:14:49.000Z,2422,1,MUNICIPALITY,POLICY_UNIVERSE,false
L20:T2:I86,20,T2,2026-03-08T08:14:49.000Z,1991,1,MUNICIPALITY,POLICY_UNIVERSE,false
L20:T2:I86,20,T2,2026-03-08T08:14:49.000Z,656,1,MUNICIPALITY,POLICY_UNIVERSE,false
L20:T2:I86,20,T2,2026-03-08T08:14:49.000Z,2876,1,MUNICIPALITY,POLICY_UNIVERSE,false
L20:T2:I86,20,T2,2026-03-08T08:14:49.000Z,1889,1,MUNICIPALITY,POLICY_UNIVERSE,false
L20:T2:I86,20,T2,2026-03-08T08:14:49.000Z,572,1,MUNICIPALITY,POLICY_UNIVERSE,false
L20:T2:I86,20,T2,2026-03-08T08:14:49.000Z,190,1,MUNICIPALITY,POLICY_UNIVERSE,false
L20:T2:I86,20,T2,2026-03-08T08:14:49.000Z,2595,99,OBSERVED_OVERRIDE,OBSERVED_CURRENT_OVERRIDE,true
L20:T2:I88,20,T2,2026-03-08T19:37:36.000Z,2493,0,CORRIDOR,POLICY_UNIVERSE,false
L20:T2:I88,20,T2,2026-03-08T19:37:36.000Z,1263,0,CORRIDOR,POLICY_UNIVERSE,false
L20:T2:I88,20,T2,2026-03-08T19:37:36.000Z,530,0,CORRIDOR,POLICY_UNIVERSE,false
L20:T2:I88,20,T2,2026-03-08T19:37:36.000Z,1727,0,CORRIDOR,POLICY_UNIVERSE,false
L20:T2:I88,20,T2,2026-03-08T19:37:36.000Z,2784,0,CORRIDOR,POLICY_UNIVERSE,false
L20:T2:I88,20,T2,2026-03-08T19:37:36.000Z,2490,0,CORRIDOR,POLICY_UNIVERSE,false
L20:T2:I88,20,T2,2026-03-08T19:37:36.000Z,362,0,CORRIDOR,POLICY_UNIVERSE,false
L20:T2:I88,20,T2,2026-03-08T19:37:36.000Z,857,0,CORRIDOR,POLICY_UNIVERSE,false
L20:T2:I88,20,T2,2026-03-08T19:37:36.000Z,1801,0,CORRIDOR,POLICY_UNIVERSE,false
L20:T2:I88,20,T2,2026-03-08T19:37:36.000Z,403,0,CORRIDOR,POLICY_UNIVERSE,false
L20:T2:I88,20,T2,2026-03-08T19:37:36.000Z,287,0,CORRIDOR,POLICY_UNIVERSE,false
L20:T2:I88,20,T2,2026-03-08T19:37:36.000Z,1386,0,CORRIDOR,POLICY_UNIVERSE,false
L20:T2:I88,20,T2,2026-03-08T19:37:36.000Z,897,0,CORRIDOR,POLICY_UNIVERSE,false
L20:T2:I88,20,T2,2026-03-08T19:37:36.000Z,1420,0,CORRIDOR,POLICY_UNIVERSE,false
L20:T2:I88,20,T2,2026-03-08T19:37:36.000Z,221,0,CORRIDOR,POLICY_UNIVERSE,false
L20:T2:I88,20,T2,2026-03-08T19:37:36.000Z,1096,0,CORRIDOR,POLICY_UNIVERSE,false
L20:T2:I88,20,T2,2026-03-08T19:37:36.000Z,2533,0,CORRIDOR,POLICY_UNIVERSE,false
L20:T2:I88,20,T2,2026-03-08T19:37:36.000Z,2838,0,CORRIDOR,POLICY_UNIVERSE,false
L20:T2:I88,20,T2,2026-03-08T19:37:36.000Z,2073,0,CORRIDOR,POLICY_UNIVERSE,false
L20:T2:I88,20,T2,2026-03-08T19:37:36.000Z,2418,0,CORRIDOR,POLICY_UNIVERSE,false
L20:T2:I88,20,T2,2026-03-08T19:37:36.000Z,388,0,CORRIDOR,POLICY_UNIVERSE,false
L20:T2:I88,20,T2,2026-03-08T19:37:36.000Z,2088,0,CORRIDOR,POLICY_UNIVERSE,false
L20:T2:I88,20,T2,2026-03-08T19:37:36.000Z,2721,0,CORRIDOR,POLICY_UNIVERSE,false
L20:T2:I88,20,T2,2026-03-08T19:37:36.000Z,1317,0,CORRIDOR,POLICY_UNIVERSE,false
L20:T2:I88,20,T2,2026-03-08T19:37:36.000Z,628,0,CORRIDOR,POLICY_UNIVERSE,false
L20:T2:I88,20,T2,2026-03-08T19:37:36.000Z,2345,0,CORRIDOR,POLICY_UNIVERSE,false
L20:T2:I88,20,T2,2026-03-08T19:37:36.000Z,1103,1,MUNICIPALITY,POLICY_UNIVERSE,false
L20:T2:I88,20,T2,2026-03-08T19:37:36.000Z,1191,1,MUNICIPALITY,POLICY_UNIVERSE,false
L20:T2:I88,20,T2,2026-03-08T19:37:36.000Z,1720,1,MUNICIPALITY,POLICY_UNIVERSE,false
L20:T2:I88,20,T2,2026-03-08T19:37:36.000Z,1390,1,MUNICIPALITY,POLICY_UNIVERSE,false
L20:T2:I88,20,T2,2026-03-08T19:37:36.000Z,1658,1,MUNICIPALITY,POLICY_UNIVERSE,false
L20:T2:I88,20,T2,2026-03-08T19:37:36.000Z,1480,1,MUNICIPALITY,POLICY_UNIVERSE,false
L20:T2:I88,20,T2,2026-03-08T19:37:36.000Z,116,1,MUNICIPALITY,POLICY_UNIVERSE,false
L20:T2:I88,20,T2,2026-03-08T19:37:36.000Z,262,1,MUNICIPALITY,POLICY_UNIVERSE,false
L20:T2:I88,20,T2,2026-03-08T19:37:36.000Z,851,1,MUNICIPALITY,POLICY_UNIVERSE,false
L20:T2:I88,20,T2,2026-03-08T19:37:36.000Z,505,1,MUNICIPALITY,POLICY_UNIVERSE,false
L20:T2:I88,20,T2,2026-03-08T19:37:36.000Z,2557,1,MUNICIPALITY,POLICY_UNIVERSE,false
L20:T2:I88,20,T2,2026-03-08T19:37:36.000Z,1402,1,MUNICIPALITY,POLICY_UNIVERSE,false
L20:T2:I88,20,T2,2026-03-08T19:37:36.000Z,2976,1,MUNICIPALITY,POLICY_UNIVERSE,false
L20:T2:I88,20,T2,2026-03-08T19:37:36.000Z,1180,1,MUNICIPALITY,POLICY_UNIVERSE,false
L20:T2:I88,20,T2,2026-03-08T19:37:36.000Z,1507,1,MUNICIPALITY,POLICY_UNIVERSE,false
L20:T2:I88,20,T2,2026-03-08T19:37:36.000Z,1977,1,MUNICIPALITY,POLICY_UNIVERSE,false
L20:T2:I88,20,T2,2026-03-08T19:37:36.000Z,349,1,MUNICIPALITY,POLICY_UNIVERSE,false
L20:T2:I88,20,T2,2026-03-08T19:37:36.000Z,2801,1,MUNICIPALITY,POLICY_UNIVERSE,false
L20:T2:I88,20,T2,2026-03-08T19:37:36.000Z,664,1,MUNICIPALITY,POLICY_UNIVERSE,false
L20:T2:I88,20,T2,2026-03-08T19:37:36.000Z,1210,1,MUNICIPALITY,POLICY_UNIVERSE,false
L20:T2:I88,20,T2,2026-03-08T19:37:36.000Z,2422,1,MUNICIPALITY,POLICY_UNIVERSE,false
L20:T2:I88,20,T2,2026-03-08T19:37:36.000Z,1991,1,MUNICIPALITY,POLICY_UNIVERSE,false
L20:T2:I88,20,T2,2026-03-08T19:37:36.000Z,656,1,MUNICIPALITY,POLICY_UNIVERSE,false
L20:T2:I88,20,T2,2026-03-08T19:37:36.000Z,2876,1,MUNICIPALITY,POLICY_UNIVERSE,false
L20:T2:I88,20,T2,2026-03-08T19:37:36.000Z,1889,1,MUNICIPALITY,POLICY_UNIVERSE,false
L20:T2:I88,20,T2,2026-03-08T19:37:36.000Z,572,1,MUNICIPALITY,POLICY_UNIVERSE,false
L20:T2:I88,20,T2,2026-03-08T19:37:36.000Z,190,1,MUNICIPALITY,POLICY_UNIVERSE,false
L20:T2:I88,20,T2,2026-03-08T19:37:36.000Z,316,99,OBSERVED_OVERRIDE,OBSERVED_CURRENT_OVERRIDE,true
L20:T2:I91,20,T2,2026-03-10T09:18:11.000Z,2493,0,CORRIDOR,POLICY_UNIVERSE,false
L20:T2:I91,20,T2,2026-03-10T09:18:11.000Z,1263,0,CORRIDOR,POLICY_UNIVERSE,false
L20:T2:I91,20,T2,2026-03-10T09:18:11.000Z,530,0,CORRIDOR,POLICY_UNIVERSE,false
L20:T2:I91,20,T2,2026-03-10T09:18:11.000Z,1727,0,CORRIDOR,POLICY_UNIVERSE,false
L20:T2:I91,20,T2,2026-03-10T09:18:11.000Z,2784,0,CORRIDOR,POLICY_UNIVERSE,false
L20:T2:I91,20,T2,2026-03-10T09:18:11.000Z,2490,0,CORRIDOR,POLICY_UNIVERSE,false
L20:T2:I91,20,T2,2026-03-10T09:18:11.000Z,362,0,CORRIDOR,POLICY_UNIVERSE,false
L20:T2:I91,20,T2,2026-03-10T09:18:11.000Z,857,0,CORRIDOR,POLICY_UNIVERSE,false
L20:T2:I91,20,T2,2026-03-10T09:18:11.000Z,1801,0,CORRIDOR,POLICY_UNIVERSE,false
L20:T2:I91,20,T2,2026-03-10T09:18:11.000Z,403,0,CORRIDOR,POLICY_UNIVERSE,false
L20:T2:I91,20,T2,2026-03-10T09:18:11.000Z,287,0,CORRIDOR,POLICY_UNIVERSE,false
L20:T2:I91,20,T2,2026-03-10T09:18:11.000Z,1386,0,CORRIDOR,POLICY_UNIVERSE,false
L20:T2:I91,20,T2,2026-03-10T09:18:11.000Z,897,0,CORRIDOR,POLICY_UNIVERSE,false
L20:T2:I91,20,T2,2026-03-10T09:18:11.000Z,1420,0,CORRIDOR,POLICY_UNIVERSE,false
L20:T2:I91,20,T2,2026-03-10T09:18:11.000Z,221,0,CORRIDOR,POLICY_UNIVERSE,false
L20:T2:I91,20,T2,2026-03-10T09:18:11.000Z,1096,0,CORRIDOR,POLICY_UNIVERSE,false
L20:T2:I91,20,T2,2026-03-10T09:18:11.000Z,2533,0,CORRIDOR,POLICY_UNIVERSE,false
L20:T2:I91,20,T2,2026-03-10T09:18:11.000Z,2838,0,CORRIDOR,POLICY_UNIVERSE,false
L20:T2:I91,20,T2,2026-03-10T09:18:11.000Z,2073,0,CORRIDOR,POLICY_UNIVERSE,false
L20:T2:I91,20,T2,2026-03-10T09:18:11.000Z,2418,0,CORRIDOR,POLICY_UNIVERSE,false
L20:T2:I91,20,T2,2026-03-10T09:18:11.000Z,388,0,CORRIDOR,POLICY_UNIVERSE,false
L20:T2:I91,20,T2,2026-03-10T09:18:11.000Z,2088,0,CORRIDOR,POLICY_UNIVERSE,false
L20:T2:I91,20,T2,2026-03-10T09:18:11.000Z,2721,0,CORRIDOR,POLICY_UNIVERSE,false
L20:T2:I91,20,T2,2026-03-10T09:18:11.000Z,1317,0,CORRIDOR,POLICY_UNIVERSE,false
L20:T2:I91,20,T2,2026-03-10T09:18:11.000Z,628,0,CORRIDOR,POLICY_UNIVERSE,false
L20:T2:I91,20,T2,2026-03-10T09:18:11.000Z,2345,0,CORRIDOR,POLICY_UNIVERSE,false
L20:T2:I91,20,T2,2026-03-10T09:18:11.000Z,1103,1,MUNICIPALITY,POLICY_UNIVERSE,false
L20:T2:I91,20,T2,2026-03-10T09:18:11.000Z,1191,1,MUNICIPALITY,POLICY_UNIVERSE,false
L20:T2:I91,20,T2,2026-03-10T09:18:11.000Z,1720,1,MUNICIPALITY,POLICY_UNIVERSE,false
L20:T2:I91,20,T2,2026-03-10T09:18:11.000Z,1390,1,MUNICIPALITY,POLICY_UNIVERSE,false
L20:T2:I91,20,T2,2026-03-10T09:18:11.000Z,1658,1,MUNICIPALITY,POLICY_UNIVERSE,false
L20:T2:I91,20,T2,2026-03-10T09:18:11.000Z,1480,1,MUNICIPALITY,POLICY_UNIVERSE,false
L20:T2:I91,20,T2,2026-03-10T09:18:11.000Z,116,1,MUNICIPALITY,POLICY_UNIVERSE,false
L20:T2:I91,20,T2,2026-03-10T09:18:11.000Z,262,1,MUNICIPALITY,POLICY_UNIVERSE,false
L20:T2:I91,20,T2,2026-03-10T09:18:11.000Z,851,1,MUNICIPALITY,POLICY_UNIVERSE,false
L20:T2:I91,20,T2,2026-03-10T09:18:11.000Z,505,1,MUNICIPALITY,POLICY_UNIVERSE,false
L20:T2:I91,20,T2,2026-03-10T09:18:11.000Z,2557,1,MUNICIPALITY,POLICY_UNIVERSE,false
L20:T2:I91,20,T2,2026-03-10T09:18:11.000Z,1402,1,MUNICIPALITY,POLICY_UNIVERSE,false
L20:T2:I91,20,T2,2026-03-10T09:18:11.000Z,2976,1,MUNICIPALITY,POLICY_UNIVERSE,false
L20:T2:I91,20,T2,2026-03-10T09:18:11.000Z,1180,1,MUNICIPALITY,POLICY_UNIVERSE,false
L20:T2:I91,20,T2,2026-03-10T09:18:11.000Z,1507,1,MUNICIPALITY,POLICY_UNIVERSE,false
L20:T2:I91,20,T2,2026-03-10T09:18:11.000Z,1977,1,MUNICIPALITY,POLICY_UNIVERSE,false
L20:T2:I91,20,T2,2026-03-10T09:18:11.000Z,349,1,MUNICIPALITY,POLICY_UNIVERSE,false
L20:T2:I91,20,T2,2026-03-10T09:18:11.000Z,2801,1,MUNICIPALITY,POLICY_UNIVERSE,false
L20:T2:I91,20,T2,2026-03-10T09:18:11.000Z,664,1,MUNICIPALITY,POLICY_UNIVERSE,false
L20:T2:I91,20,T2,2026-03-10T09:18:11.000Z,1210,1,MUNICIPALITY,POLICY_UNIVERSE,false
L20:T2:I91,20,T2,2026-03-10T09:18:11.000Z,2422,1,MUNICIPALITY,POLICY_UNIVERSE,false
L20:T2:I91,20,T2,2026-03-10T09:18:11.000Z,1991,1,MUNICIPALITY,POLICY_UNIVERSE,false
L20:T2:I91,20,T2,2026-03-10T09:18:11.000Z,656,1,MUNICIPALITY,POLICY_UNIVERSE,false
L20:T2:I91,20,T2,2026-03-10T09:18:11.000Z,2876,1,MUNICIPALITY,POLICY_UNIVERSE,false
L20:T2:I91,20,T2,2026-03-10T09:18:11.000Z,1889,1,MUNICIPALITY,POLICY_UNIVERSE,false
L20:T2:I91,20,T2,2026-03-10T09:18:11.000Z,572,1,MUNICIPALITY,POLICY_UNIVERSE,false
L20:T2:I91,20,T2,2026-03-10T09:18:11.000Z,190,1,MUNICIPALITY,POLICY_UNIVERSE,false
L20:T2:I91,20,T2,2026-03-10T09:18:11.000Z,2037,99,OBSERVED_OVERRIDE,OBSERVED_CURRENT_OVERRIDE,true
L20:T2:I87,20,T2,2026-03-11T20:49:00.000Z,2493,0,CORRIDOR,POLICY_UNIVERSE,false
L20:T2:I87,20,T2,2026-03-11T20:49:00.000Z,1263,0,CORRIDOR,POLICY_UNIVERSE,false
L20:T2:I87,20,T2,2026-03-11T20:49:00.000Z,530,0,CORRIDOR,POLICY_UNIVERSE,false
L20:T2:I87,20,T2,2026-03-11T20:49:00.000Z,1727,0,CORRIDOR,POLICY_UNIVERSE,false
L20:T2:I87,20,T2,2026-03-11T20:49:00.000Z,2784,0,CORRIDOR,POLICY_UNIVERSE,false
L20:T2:I87,20,T2,2026-03-11T20:49:00.000Z,2490,0,CORRIDOR,POLICY_UNIVERSE,false
L20:T2:I87,20,T2,2026-03-11T20:49:00.000Z,362,0,CORRIDOR,POLICY_UNIVERSE,false
L20:T2:I87,20,T2,2026-03-11T20:49:00.000Z,857,0,CORRIDOR,POLICY_UNIVERSE,false
L20:T2:I87,20,T2,2026-03-11T20:49:00.000Z,1801,0,CORRIDOR,POLICY_UNIVERSE,false
L20:T2:I87,20,T2,2026-03-11T20:49:00.000Z,403,0,CORRIDOR,POLICY_UNIVERSE,false
L20:T2:I87,20,T2,2026-03-11T20:49:00.000Z,287,0,CORRIDOR,POLICY_UNIVERSE,false
L20:T2:I87,20,T2,2026-03-11T20:49:00.000Z,1386,0,CORRIDOR,POLICY_UNIVERSE,false
L20:T2:I87,20,T2,2026-03-11T20:49:00.000Z,897,0,CORRIDOR,POLICY_UNIVERSE,false
L20:T2:I87,20,T2,2026-03-11T20:49:00.000Z,1420,0,CORRIDOR,POLICY_UNIVERSE,false
L20:T2:I87,20,T2,2026-03-11T20:49:00.000Z,221,0,CORRIDOR,POLICY_UNIVERSE,false
L20:T2:I87,20,T2,2026-03-11T20:49:00.000Z,1096,0,CORRIDOR,POLICY_UNIVERSE,false
L20:T2:I87,20,T2,2026-03-11T20:49:00.000Z,2533,0,CORRIDOR,POLICY_UNIVERSE,false
L20:T2:I87,20,T2,2026-03-11T20:49:00.000Z,2838,0,CORRIDOR,POLICY_UNIVERSE,false
L20:T2:I87,20,T2,2026-03-11T20:49:00.000Z,2073,0,CORRIDOR,POLICY_UNIVERSE,false
L20:T2:I87,20,T2,2026-03-11T20:49:00.000Z,2418,0,CORRIDOR,POLICY_UNIVERSE,false
L20:T2:I87,20,T2,2026-03-11T20:49:00.000Z,388,0,CORRIDOR,POLICY_UNIVERSE,false
L20:T2:I87,20,T2,2026-03-11T20:49:00.000Z,2088,0,CORRIDOR,POLICY_UNIVERSE,false
L20:T2:I87,20,T2,2026-03-11T20:49:00.000Z,2721,0,CORRIDOR,POLICY_UNIVERSE,false
L20:T2:I87,20,T2,2026-03-11T20:49:00.000Z,1317,0,CORRIDOR,POLICY_UNIVERSE,false
L20:T2:I87,20,T2,2026-03-11T20:49:00.000Z,628,0,CORRIDOR,POLICY_UNIVERSE,false
L20:T2:I87,20,T2,2026-03-11T20:49:00.000Z,2345,0,CORRIDOR,POLICY_UNIVERSE,false
L20:T2:I87,20,T2,2026-03-11T20:49:00.000Z,1036,0,CORRIDOR,POLICY_UNIVERSE,true
L20:T2:I87,20,T2,2026-03-11T20:49:00.000Z,1103,1,MUNICIPALITY,POLICY_UNIVERSE,false
L20:T2:I87,20,T2,2026-03-11T20:49:00.000Z,1191,1,MUNICIPALITY,POLICY_UNIVERSE,false
L20:T2:I87,20,T2,2026-03-11T20:49:00.000Z,1720,1,MUNICIPALITY,POLICY_UNIVERSE,false
L20:T2:I87,20,T2,2026-03-11T20:49:00.000Z,1390,1,MUNICIPALITY,POLICY_UNIVERSE,false
L20:T2:I87,20,T2,2026-03-11T20:49:00.000Z,1658,1,MUNICIPALITY,POLICY_UNIVERSE,false
L20:T2:I87,20,T2,2026-03-11T20:49:00.000Z,1480,1,MUNICIPALITY,POLICY_UNIVERSE,false
L20:T2:I87,20,T2,2026-03-11T20:49:00.000Z,116,1,MUNICIPALITY,POLICY_UNIVERSE,false
L20:T2:I87,20,T2,2026-03-11T20:49:00.000Z,262,1,MUNICIPALITY,POLICY_UNIVERSE,false
L20:T2:I87,20,T2,2026-03-11T20:49:00.000Z,851,1,MUNICIPALITY,POLICY_UNIVERSE,false
L20:T2:I87,20,T2,2026-03-11T20:49:00.000Z,505,1,MUNICIPALITY,POLICY_UNIVERSE,false
L20:T2:I87,20,T2,2026-03-11T20:49:00.000Z,2557,1,MUNICIPALITY,POLICY_UNIVERSE,false
L20:T2:I87,20,T2,2026-03-11T20:49:00.000Z,1402,1,MUNICIPALITY,POLICY_UNIVERSE,false
L20:T2:I87,20,T2,2026-03-11T20:49:00.000Z,2976,1,MUNICIPALITY,POLICY_UNIVERSE,false
L20:T2:I87,20,T2,2026-03-11T20:49:00.000Z,1180,1,MUNICIPALITY,POLICY_UNIVERSE,false
L20:T2:I87,20,T2,2026-03-11T20:49:00.000Z,1507,1,MUNICIPALITY,POLICY_UNIVERSE,false
L20:T2:I87,20,T2,2026-03-11T20:49:00.000Z,1977,1,MUNICIPALITY,POLICY_UNIVERSE,false
L20:T2:I87,20,T2,2026-03-11T20:49:00.000Z,349,1,MUNICIPALITY,POLICY_UNIVERSE,false
L20:T2:I87,20,T2,2026-03-11T20:49:00.000Z,2801,1,MUNICIPALITY,POLICY_UNIVERSE,false
L20:T2:I87,20,T2,2026-03-11T20:49:00.000Z,664,1,MUNICIPALITY,POLICY_UNIVERSE,false
L20:T2:I87,20,T2,2026-03-11T20:49:00.000Z,1210,1,MUNICIPALITY,POLICY_UNIVERSE,false
L20:T2:I87,20,T2,2026-03-11T20:49:00.000Z,2422,1,MUNICIPALITY,POLICY_UNIVERSE,false
L20:T2:I87,20,T2,2026-03-11T20:49:00.000Z,1991,1,MUNICIPALITY,POLICY_UNIVERSE,false
L20:T2:I87,20,T2,2026-03-11T20:49:00.000Z,656,1,MUNICIPALITY,POLICY_UNIVERSE,false
L20:T2:I87,20,T2,2026-03-11T20:49:00.000Z,2876,1,MUNICIPALITY,POLICY_UNIVERSE,false
L20:T2:I87,20,T2,2026-03-11T20:49:00.000Z,1889,1,MUNICIPALITY,POLICY_UNIVERSE,false
L20:T2:I87,20,T2,2026-03-11T20:49:00.000Z,572,1,MUNICIPALITY,POLICY_UNIVERSE,false
L20:T2:I87,20,T2,2026-03-11T20:49:00.000Z,190,1,MUNICIPALITY,POLICY_UNIVERSE,false
L20:T2:I84,20,T2,2026-05-10T11:45:00.000Z,2493,0,CORRIDOR,POLICY_UNIVERSE,false
L20:T2:I84,20,T2,2026-05-10T11:45:00.000Z,1263,0,CORRIDOR,POLICY_UNIVERSE,false
L20:T2:I84,20,T2,2026-05-10T11:45:00.000Z,530,0,CORRIDOR,POLICY_UNIVERSE,false
L20:T2:I84,20,T2,2026-05-10T11:45:00.000Z,1727,0,CORRIDOR,POLICY_UNIVERSE,false
L20:T2:I84,20,T2,2026-05-10T11:45:00.000Z,2784,0,CORRIDOR,POLICY_UNIVERSE,false
L20:T2:I84,20,T2,2026-05-10T11:45:00.000Z,2490,0,CORRIDOR,POLICY_UNIVERSE,false
L20:T2:I84,20,T2,2026-05-10T11:45:00.000Z,362,0,CORRIDOR,POLICY_UNIVERSE,false
L20:T2:I84,20,T2,2026-05-10T11:45:00.000Z,857,0,CORRIDOR,POLICY_UNIVERSE,false
L20:T2:I84,20,T2,2026-05-10T11:45:00.000Z,1801,0,CORRIDOR,POLICY_UNIVERSE,false
L20:T2:I84,20,T2,2026-05-10T11:45:00.000Z,403,0,CORRIDOR,POLICY_UNIVERSE,false
L20:T2:I84,20,T2,2026-05-10T11:45:00.000Z,287,0,CORRIDOR,POLICY_UNIVERSE,false
L20:T2:I84,20,T2,2026-05-10T11:45:00.000Z,1386,0,CORRIDOR,POLICY_UNIVERSE,false
L20:T2:I84,20,T2,2026-05-10T11:45:00.000Z,897,0,CORRIDOR,POLICY_UNIVERSE,false
L20:T2:I84,20,T2,2026-05-10T11:45:00.000Z,1420,0,CORRIDOR,POLICY_UNIVERSE,false
L20:T2:I84,20,T2,2026-05-10T11:45:00.000Z,221,0,CORRIDOR,POLICY_UNIVERSE,false
L20:T2:I84,20,T2,2026-05-10T11:45:00.000Z,1096,0,CORRIDOR,POLICY_UNIVERSE,false
L20:T2:I84,20,T2,2026-05-10T11:45:00.000Z,2533,0,CORRIDOR,POLICY_UNIVERSE,false
L20:T2:I84,20,T2,2026-05-10T11:45:00.000Z,2838,0,CORRIDOR,POLICY_UNIVERSE,false
L20:T2:I84,20,T2,2026-05-10T11:45:00.000Z,2073,0,CORRIDOR,POLICY_UNIVERSE,false
L20:T2:I84,20,T2,2026-05-10T11:45:00.000Z,2418,0,CORRIDOR,POLICY_UNIVERSE,false
L20:T2:I84,20,T2,2026-05-10T11:45:00.000Z,388,0,CORRIDOR,POLICY_UNIVERSE,false
L20:T2:I84,20,T2,2026-05-10T11:45:00.000Z,2088,0,CORRIDOR,POLICY_UNIVERSE,false
L20:T2:I84,20,T2,2026-05-10T11:45:00.000Z,2721,0,CORRIDOR,POLICY_UNIVERSE,false
L20:T2:I84,20,T2,2026-05-10T11:45:00.000Z,1317,0,CORRIDOR,POLICY_UNIVERSE,false
L20:T2:I84,20,T2,2026-05-10T11:45:00.000Z,628,0,CORRIDOR,POLICY_UNIVERSE,false
L20:T2:I84,20,T2,2026-05-10T11:45:00.000Z,2345,0,CORRIDOR,POLICY_UNIVERSE,false
L20:T2:I84,20,T2,2026-05-10T11:45:00.000Z,1036,0,CORRIDOR,POLICY_UNIVERSE,false
L20:T2:I84,20,T2,2026-05-10T11:45:00.000Z,562,0,CORRIDOR,POLICY_UNIVERSE,false
L20:T2:I84,20,T2,2026-05-10T11:45:00.000Z,518,0,CORRIDOR,POLICY_UNIVERSE,false
L20:T2:I84,20,T2,2026-05-10T11:45:00.000Z,1103,1,MUNICIPALITY,POLICY_UNIVERSE,false
L20:T2:I84,20,T2,2026-05-10T11:45:00.000Z,1191,1,MUNICIPALITY,POLICY_UNIVERSE,false
L20:T2:I84,20,T2,2026-05-10T11:45:00.000Z,1720,1,MUNICIPALITY,POLICY_UNIVERSE,false
L20:T2:I84,20,T2,2026-05-10T11:45:00.000Z,1390,1,MUNICIPALITY,POLICY_UNIVERSE,false
L20:T2:I84,20,T2,2026-05-10T11:45:00.000Z,1658,1,MUNICIPALITY,POLICY_UNIVERSE,false
L20:T2:I84,20,T2,2026-05-10T11:45:00.000Z,1480,1,MUNICIPALITY,POLICY_UNIVERSE,false
L20:T2:I84,20,T2,2026-05-10T11:45:00.000Z,116,1,MUNICIPALITY,POLICY_UNIVERSE,false
L20:T2:I84,20,T2,2026-05-10T11:45:00.000Z,262,1,MUNICIPALITY,POLICY_UNIVERSE,false
L20:T2:I84,20,T2,2026-05-10T11:45:00.000Z,851,1,MUNICIPALITY,POLICY_UNIVERSE,false
L20:T2:I84,20,T2,2026-05-10T11:45:00.000Z,505,1,MUNICIPALITY,POLICY_UNIVERSE,false
L20:T2:I84,20,T2,2026-05-10T11:45:00.000Z,2557,1,MUNICIPALITY,POLICY_UNIVERSE,false
L20:T2:I84,20,T2,2026-05-10T11:45:00.000Z,1402,1,MUNICIPALITY,POLICY_UNIVERSE,false
L20:T2:I84,20,T2,2026-05-10T11:45:00.000Z,2976,1,MUNICIPALITY,POLICY_UNIVERSE,false
L20:T2:I84,20,T2,2026-05-10T11:45:00.000Z,1180,1,MUNICIPALITY,POLICY_UNIVERSE,false
L20:T2:I84,20,T2,2026-05-10T11:45:00.000Z,1507,1,MUNICIPALITY,POLICY_UNIVERSE,false
L20:T2:I84,20,T2,2026-05-10T11:45:00.000Z,1977,1,MUNICIPALITY,POLICY_UNIVERSE,false
L20:T2:I84,20,T2,2026-05-10T11:45:00.000Z,349,1,MUNICIPALITY,POLICY_UNIVERSE,false
L20:T2:I84,20,T2,2026-05-10T11:45:00.000Z,2801,1,MUNICIPALITY,POLICY_UNIVERSE,false
L20:T2:I84,20,T2,2026-05-10T11:45:00.000Z,664,1,MUNICIPALITY,POLICY_UNIVERSE,false
L20:T2:I84,20,T2,2026-05-10T11:45:00.000Z,1210,1,MUNICIPALITY,POLICY_UNIVERSE,false
L20:T2:I84,20,T2,2026-05-10T11:45:00.000Z,2422,1,MUNICIPALITY,POLICY_UNIVERSE,false
L20:T2:I84,20,T2,2026-05-10T11:45:00.000Z,1991,1,MUNICIPALITY,POLICY_UNIVERSE,false
L20:T2:I84,20,T2,2026-05-10T11:45:00.000Z,656,1,MUNICIPALITY,POLICY_UNIVERSE,false
L20:T2:I84,20,T2,2026-05-10T11:45:00.000Z,2876,1,MUNICIPALITY,POLICY_UNIVERSE,false
L20:T2:I84,20,T2,2026-05-10T11:45:00.000Z,1889,1,MUNICIPALITY,POLICY_UNIVERSE,false
L20:T2:I84,20,T2,2026-05-10T11:45:00.000Z,572,1,MUNICIPALITY,POLICY_UNIVERSE,false
L20:T2:I84,20,T2,2026-05-10T11:45:00.000Z,190,1,MUNICIPALITY,POLICY_UNIVERSE,false
L20:T2:I84,20,T2,2026-05-10T11:45:00.000Z,1468,1,MUNICIPALITY,POLICY_UNIVERSE,false
L20:T2:I84,20,T2,2026-05-10T11:45:00.000Z,382,99,OBSERVED_OVERRIDE,OBSERVED_CURRENT_OVERRIDE,true
L20:T2:I85,20,T2,2026-06-07T15:06:00.000Z,2493,0,CORRIDOR,POLICY_UNIVERSE,false
L20:T2:I85,20,T2,2026-06-07T15:06:00.000Z,1263,0,CORRIDOR,POLICY_UNIVERSE,false
L20:T2:I85,20,T2,2026-06-07T15:06:00.000Z,530,0,CORRIDOR,POLICY_UNIVERSE,false
L20:T2:I85,20,T2,2026-06-07T15:06:00.000Z,1727,0,CORRIDOR,POLICY_UNIVERSE,false
L20:T2:I85,20,T2,2026-06-07T15:06:00.000Z,2784,0,CORRIDOR,POLICY_UNIVERSE,false
L20:T2:I85,20,T2,2026-06-07T15:06:00.000Z,2490,0,CORRIDOR,POLICY_UNIVERSE,false
L20:T2:I85,20,T2,2026-06-07T15:06:00.000Z,362,0,CORRIDOR,POLICY_UNIVERSE,false
L20:T2:I85,20,T2,2026-06-07T15:06:00.000Z,857,0,CORRIDOR,POLICY_UNIVERSE,false
L20:T2:I85,20,T2,2026-06-07T15:06:00.000Z,1801,0,CORRIDOR,POLICY_UNIVERSE,false
L20:T2:I85,20,T2,2026-06-07T15:06:00.000Z,403,0,CORRIDOR,POLICY_UNIVERSE,false
L20:T2:I85,20,T2,2026-06-07T15:06:00.000Z,287,0,CORRIDOR,POLICY_UNIVERSE,false
L20:T2:I85,20,T2,2026-06-07T15:06:00.000Z,1386,0,CORRIDOR,POLICY_UNIVERSE,false
L20:T2:I85,20,T2,2026-06-07T15:06:00.000Z,897,0,CORRIDOR,POLICY_UNIVERSE,false
L20:T2:I85,20,T2,2026-06-07T15:06:00.000Z,1420,0,CORRIDOR,POLICY_UNIVERSE,false
L20:T2:I85,20,T2,2026-06-07T15:06:00.000Z,221,0,CORRIDOR,POLICY_UNIVERSE,false
L20:T2:I85,20,T2,2026-06-07T15:06:00.000Z,1096,0,CORRIDOR,POLICY_UNIVERSE,false
L20:T2:I85,20,T2,2026-06-07T15:06:00.000Z,2533,0,CORRIDOR,POLICY_UNIVERSE,false
L20:T2:I85,20,T2,2026-06-07T15:06:00.000Z,2838,0,CORRIDOR,POLICY_UNIVERSE,false
L20:T2:I85,20,T2,2026-06-07T15:06:00.000Z,2073,0,CORRIDOR,POLICY_UNIVERSE,false
L20:T2:I85,20,T2,2026-06-07T15:06:00.000Z,2418,0,CORRIDOR,POLICY_UNIVERSE,false
L20:T2:I85,20,T2,2026-06-07T15:06:00.000Z,388,0,CORRIDOR,POLICY_UNIVERSE,false
L20:T2:I85,20,T2,2026-06-07T15:06:00.000Z,2088,0,CORRIDOR,POLICY_UNIVERSE,false
L20:T2:I85,20,T2,2026-06-07T15:06:00.000Z,2721,0,CORRIDOR,POLICY_UNIVERSE,false
L20:T2:I85,20,T2,2026-06-07T15:06:00.000Z,1317,0,CORRIDOR,POLICY_UNIVERSE,false
L20:T2:I85,20,T2,2026-06-07T15:06:00.000Z,628,0,CORRIDOR,POLICY_UNIVERSE,false
L20:T2:I85,20,T2,2026-06-07T15:06:00.000Z,2345,0,CORRIDOR,POLICY_UNIVERSE,false
L20:T2:I85,20,T2,2026-06-07T15:06:00.000Z,1036,0,CORRIDOR,POLICY_UNIVERSE,false
L20:T2:I85,20,T2,2026-06-07T15:06:00.000Z,562,0,CORRIDOR,POLICY_UNIVERSE,false
L20:T2:I85,20,T2,2026-06-07T15:06:00.000Z,518,0,CORRIDOR,POLICY_UNIVERSE,false
L20:T2:I85,20,T2,2026-06-07T15:06:00.000Z,1793,0,CORRIDOR,POLICY_UNIVERSE,false
L20:T2:I85,20,T2,2026-06-07T15:06:00.000Z,1103,1,MUNICIPALITY,POLICY_UNIVERSE,false
L20:T2:I85,20,T2,2026-06-07T15:06:00.000Z,1191,1,MUNICIPALITY,POLICY_UNIVERSE,false
L20:T2:I85,20,T2,2026-06-07T15:06:00.000Z,1720,1,MUNICIPALITY,POLICY_UNIVERSE,false
L20:T2:I85,20,T2,2026-06-07T15:06:00.000Z,1390,1,MUNICIPALITY,POLICY_UNIVERSE,false
L20:T2:I85,20,T2,2026-06-07T15:06:00.000Z,1658,1,MUNICIPALITY,POLICY_UNIVERSE,false
L20:T2:I85,20,T2,2026-06-07T15:06:00.000Z,1480,1,MUNICIPALITY,POLICY_UNIVERSE,false
L20:T2:I85,20,T2,2026-06-07T15:06:00.000Z,116,1,MUNICIPALITY,POLICY_UNIVERSE,false
L20:T2:I85,20,T2,2026-06-07T15:06:00.000Z,262,1,MUNICIPALITY,POLICY_UNIVERSE,false
L20:T2:I85,20,T2,2026-06-07T15:06:00.000Z,851,1,MUNICIPALITY,POLICY_UNIVERSE,false
L20:T2:I85,20,T2,2026-06-07T15:06:00.000Z,505,1,MUNICIPALITY,POLICY_UNIVERSE,false
L20:T2:I85,20,T2,2026-06-07T15:06:00.000Z,2557,1,MUNICIPALITY,POLICY_UNIVERSE,false
L20:T2:I85,20,T2,2026-06-07T15:06:00.000Z,1402,1,MUNICIPALITY,POLICY_UNIVERSE,false
L20:T2:I85,20,T2,2026-06-07T15:06:00.000Z,2976,1,MUNICIPALITY,POLICY_UNIVERSE,false
L20:T2:I85,20,T2,2026-06-07T15:06:00.000Z,1180,1,MUNICIPALITY,POLICY_UNIVERSE,false
L20:T2:I85,20,T2,2026-06-07T15:06:00.000Z,1507,1,MUNICIPALITY,POLICY_UNIVERSE,false
L20:T2:I85,20,T2,2026-06-07T15:06:00.000Z,1977,1,MUNICIPALITY,POLICY_UNIVERSE,false
L20:T2:I85,20,T2,2026-06-07T15:06:00.000Z,349,1,MUNICIPALITY,POLICY_UNIVERSE,false
L20:T2:I85,20,T2,2026-06-07T15:06:00.000Z,2801,1,MUNICIPALITY,POLICY_UNIVERSE,false
L20:T2:I85,20,T2,2026-06-07T15:06:00.000Z,664,1,MUNICIPALITY,POLICY_UNIVERSE,false
L20:T2:I85,20,T2,2026-06-07T15:06:00.000Z,1210,1,MUNICIPALITY,POLICY_UNIVERSE,false
L20:T2:I85,20,T2,2026-06-07T15:06:00.000Z,2422,1,MUNICIPALITY,POLICY_UNIVERSE,false
L20:T2:I85,20,T2,2026-06-07T15:06:00.000Z,1991,1,MUNICIPALITY,POLICY_UNIVERSE,false
L20:T2:I85,20,T2,2026-06-07T15:06:00.000Z,656,1,MUNICIPALITY,POLICY_UNIVERSE,false
L20:T2:I85,20,T2,2026-06-07T15:06:00.000Z,2876,1,MUNICIPALITY,POLICY_UNIVERSE,false
L20:T2:I85,20,T2,2026-06-07T15:06:00.000Z,1889,1,MUNICIPALITY,POLICY_UNIVERSE,false
L20:T2:I85,20,T2,2026-06-07T15:06:00.000Z,572,1,MUNICIPALITY,POLICY_UNIVERSE,false
L20:T2:I85,20,T2,2026-06-07T15:06:00.000Z,190,1,MUNICIPALITY,POLICY_UNIVERSE,false
L20:T2:I85,20,T2,2026-06-07T15:06:00.000Z,1468,1,MUNICIPALITY,POLICY_UNIVERSE,false
L20:T2:I85,20,T2,2026-06-07T15:06:00.000Z,1917,99,OBSERVED_OVERRIDE,OBSERVED_CURRENT_OVERRIDE,true
L21:T0,21,T0,2026-04-27T00:00:00.000Z,746,0,CORRIDOR,POLICY_UNIVERSE,
L21:T0,21,T0,2026-04-27T00:00:00.000Z,2078,0,CORRIDOR,POLICY_UNIVERSE,
L21:T0,21,T0,2026-04-27T00:00:00.000Z,1897,0,CORRIDOR,POLICY_UNIVERSE,
L21:T0,21,T0,2026-04-27T00:00:00.000Z,1111,0,CORRIDOR,POLICY_UNIVERSE,
L21:T0,21,T0,2026-04-27T00:00:00.000Z,27,0,CORRIDOR,POLICY_UNIVERSE,
L21:T0,21,T0,2026-04-27T00:00:00.000Z,2051,0,CORRIDOR,POLICY_UNIVERSE,
L21:T0,21,T0,2026-04-27T00:00:00.000Z,237,0,CORRIDOR,POLICY_UNIVERSE,
L21:T0,21,T0,2026-04-27T00:00:00.000Z,1226,0,CORRIDOR,POLICY_UNIVERSE,
L21:T0,21,T0,2026-04-27T00:00:00.000Z,2677,0,CORRIDOR,POLICY_UNIVERSE,
L21:T0,21,T0,2026-04-27T00:00:00.000Z,958,0,CORRIDOR,POLICY_UNIVERSE,
L21:T0,21,T0,2026-04-27T00:00:00.000Z,2042,0,CORRIDOR,POLICY_UNIVERSE,
L21:T0,21,T0,2026-04-27T00:00:00.000Z,909,0,CORRIDOR,POLICY_UNIVERSE,
L21:T0,21,T0,2026-04-27T00:00:00.000Z,1827,0,CORRIDOR,POLICY_UNIVERSE,
L21:T0,21,T0,2026-04-27T00:00:00.000Z,1672,0,CORRIDOR,POLICY_UNIVERSE,
L21:T0,21,T0,2026-04-27T00:00:00.000Z,2103,0,CORRIDOR,POLICY_UNIVERSE,
L21:T0,21,T0,2026-04-27T00:00:00.000Z,334,0,CORRIDOR,POLICY_UNIVERSE,
L21:T1:I94,21,T1,2026-04-29T19:08:22.000Z,746,0,CORRIDOR,POLICY_UNIVERSE,false
L21:T1:I94,21,T1,2026-04-29T19:08:22.000Z,2078,0,CORRIDOR,POLICY_UNIVERSE,false
L21:T1:I94,21,T1,2026-04-29T19:08:22.000Z,1897,0,CORRIDOR,POLICY_UNIVERSE,false
L21:T1:I94,21,T1,2026-04-29T19:08:22.000Z,1111,0,CORRIDOR,POLICY_UNIVERSE,false
L21:T1:I94,21,T1,2026-04-29T19:08:22.000Z,27,0,CORRIDOR,POLICY_UNIVERSE,false
L21:T1:I94,21,T1,2026-04-29T19:08:22.000Z,2051,0,CORRIDOR,POLICY_UNIVERSE,false
L21:T1:I94,21,T1,2026-04-29T19:08:22.000Z,237,0,CORRIDOR,POLICY_UNIVERSE,false
L21:T1:I94,21,T1,2026-04-29T19:08:22.000Z,1226,0,CORRIDOR,POLICY_UNIVERSE,false
L21:T1:I94,21,T1,2026-04-29T19:08:22.000Z,2677,0,CORRIDOR,POLICY_UNIVERSE,false
L21:T1:I94,21,T1,2026-04-29T19:08:22.000Z,958,0,CORRIDOR,POLICY_UNIVERSE,false
L21:T1:I94,21,T1,2026-04-29T19:08:22.000Z,2042,0,CORRIDOR,POLICY_UNIVERSE,false
L21:T1:I94,21,T1,2026-04-29T19:08:22.000Z,909,0,CORRIDOR,POLICY_UNIVERSE,false
L21:T1:I94,21,T1,2026-04-29T19:08:22.000Z,1827,0,CORRIDOR,POLICY_UNIVERSE,false
L21:T1:I94,21,T1,2026-04-29T19:08:22.000Z,1672,0,CORRIDOR,POLICY_UNIVERSE,false
L21:T1:I94,21,T1,2026-04-29T19:08:22.000Z,2103,0,CORRIDOR,POLICY_UNIVERSE,false
L21:T1:I94,21,T1,2026-04-29T19:08:22.000Z,334,0,CORRIDOR,POLICY_UNIVERSE,false
L21:T1:I94,21,T1,2026-04-29T19:08:22.000Z,662,99,OBSERVED_OVERRIDE,OBSERVED_CURRENT_OVERRIDE,true
L21:T2:I92,21,T2,2026-05-05T15:06:48.000Z,746,0,CORRIDOR,POLICY_UNIVERSE,false
L21:T2:I92,21,T2,2026-05-05T15:06:48.000Z,2078,0,CORRIDOR,POLICY_UNIVERSE,false
L21:T2:I92,21,T2,2026-05-05T15:06:48.000Z,1897,0,CORRIDOR,POLICY_UNIVERSE,false
L21:T2:I92,21,T2,2026-05-05T15:06:48.000Z,1111,0,CORRIDOR,POLICY_UNIVERSE,false
L21:T2:I92,21,T2,2026-05-05T15:06:48.000Z,27,0,CORRIDOR,POLICY_UNIVERSE,false
L21:T2:I92,21,T2,2026-05-05T15:06:48.000Z,2051,0,CORRIDOR,POLICY_UNIVERSE,false
L21:T2:I92,21,T2,2026-05-05T15:06:48.000Z,237,0,CORRIDOR,POLICY_UNIVERSE,false
L21:T2:I92,21,T2,2026-05-05T15:06:48.000Z,1226,0,CORRIDOR,POLICY_UNIVERSE,false
L21:T2:I92,21,T2,2026-05-05T15:06:48.000Z,2677,0,CORRIDOR,POLICY_UNIVERSE,false
L21:T2:I92,21,T2,2026-05-05T15:06:48.000Z,958,0,CORRIDOR,POLICY_UNIVERSE,false
L21:T2:I92,21,T2,2026-05-05T15:06:48.000Z,2042,0,CORRIDOR,POLICY_UNIVERSE,false
L21:T2:I92,21,T2,2026-05-05T15:06:48.000Z,909,0,CORRIDOR,POLICY_UNIVERSE,false
L21:T2:I92,21,T2,2026-05-05T15:06:48.000Z,1827,0,CORRIDOR,POLICY_UNIVERSE,false
L21:T2:I92,21,T2,2026-05-05T15:06:48.000Z,1672,0,CORRIDOR,POLICY_UNIVERSE,false
L21:T2:I92,21,T2,2026-05-05T15:06:48.000Z,2103,0,CORRIDOR,POLICY_UNIVERSE,false
L21:T2:I92,21,T2,2026-05-05T15:06:48.000Z,334,0,CORRIDOR,POLICY_UNIVERSE,false
L21:T2:I92,21,T2,2026-05-05T15:06:48.000Z,2164,99,OBSERVED_OVERRIDE,OBSERVED_CURRENT_OVERRIDE,true
L21:T2:I93,21,T2,2026-05-08T17:02:00.000Z,746,0,CORRIDOR,POLICY_UNIVERSE,false
L21:T2:I93,21,T2,2026-05-08T17:02:00.000Z,2078,0,CORRIDOR,POLICY_UNIVERSE,false
L21:T2:I93,21,T2,2026-05-08T17:02:00.000Z,1897,0,CORRIDOR,POLICY_UNIVERSE,false
L21:T2:I93,21,T2,2026-05-08T17:02:00.000Z,1111,0,CORRIDOR,POLICY_UNIVERSE,false
L21:T2:I93,21,T2,2026-05-08T17:02:00.000Z,27,0,CORRIDOR,POLICY_UNIVERSE,false
L21:T2:I93,21,T2,2026-05-08T17:02:00.000Z,2051,0,CORRIDOR,POLICY_UNIVERSE,false
L21:T2:I93,21,T2,2026-05-08T17:02:00.000Z,237,0,CORRIDOR,POLICY_UNIVERSE,false
L21:T2:I93,21,T2,2026-05-08T17:02:00.000Z,1226,0,CORRIDOR,POLICY_UNIVERSE,false
L21:T2:I93,21,T2,2026-05-08T17:02:00.000Z,2677,0,CORRIDOR,POLICY_UNIVERSE,false
L21:T2:I93,21,T2,2026-05-08T17:02:00.000Z,958,0,CORRIDOR,POLICY_UNIVERSE,false
L21:T2:I93,21,T2,2026-05-08T17:02:00.000Z,2042,0,CORRIDOR,POLICY_UNIVERSE,false
L21:T2:I93,21,T2,2026-05-08T17:02:00.000Z,909,0,CORRIDOR,POLICY_UNIVERSE,false
L21:T2:I93,21,T2,2026-05-08T17:02:00.000Z,1827,0,CORRIDOR,POLICY_UNIVERSE,false
L21:T2:I93,21,T2,2026-05-08T17:02:00.000Z,1672,0,CORRIDOR,POLICY_UNIVERSE,false
L21:T2:I93,21,T2,2026-05-08T17:02:00.000Z,2103,0,CORRIDOR,POLICY_UNIVERSE,false
L21:T2:I93,21,T2,2026-05-08T17:02:00.000Z,334,0,CORRIDOR,POLICY_UNIVERSE,false
L21:T2:I93,21,T2,2026-05-08T17:02:00.000Z,2475,99,OBSERVED_OVERRIDE,OBSERVED_CURRENT_OVERRIDE,true
L22:T0,22,T0,2025-12-30T00:00:00.000Z,1880,0,CORRIDOR,POLICY_UNIVERSE,
L22:T0,22,T0,2025-12-30T00:00:00.000Z,1554,0,CORRIDOR,POLICY_UNIVERSE,
L22:T0,22,T0,2025-12-30T00:00:00.000Z,640,0,CORRIDOR,POLICY_UNIVERSE,
L22:T0,22,T0,2025-12-30T00:00:00.000Z,1515,0,CORRIDOR,POLICY_UNIVERSE,
L22:T0,22,T0,2025-12-30T00:00:00.000Z,268,0,CORRIDOR,POLICY_UNIVERSE,
L22:T0,22,T0,2025-12-30T00:00:00.000Z,729,0,CORRIDOR,POLICY_UNIVERSE,
L22:T0,22,T0,2025-12-30T00:00:00.000Z,2646,0,CORRIDOR,POLICY_UNIVERSE,
L22:T0,22,T0,2025-12-30T00:00:00.000Z,26,0,CORRIDOR,POLICY_UNIVERSE,
L22:T0,22,T0,2025-12-30T00:00:00.000Z,602,0,CORRIDOR,POLICY_UNIVERSE,
L22:T0,22,T0,2025-12-30T00:00:00.000Z,1356,0,CORRIDOR,POLICY_UNIVERSE,
L22:T0,22,T0,2025-12-30T00:00:00.000Z,885,0,CORRIDOR,POLICY_UNIVERSE,
L22:T0,22,T0,2025-12-30T00:00:00.000Z,2234,0,CORRIDOR,POLICY_UNIVERSE,
L22:T0,22,T0,2025-12-30T00:00:00.000Z,1707,0,CORRIDOR,POLICY_UNIVERSE,
L22:T0,22,T0,2025-12-30T00:00:00.000Z,306,0,CORRIDOR,POLICY_UNIVERSE,
L22:T0,22,T0,2025-12-30T00:00:00.000Z,422,0,CORRIDOR,POLICY_UNIVERSE,
L22:T0,22,T0,2025-12-30T00:00:00.000Z,2654,0,CORRIDOR,POLICY_UNIVERSE,
L22:T0,22,T0,2025-12-30T00:00:00.000Z,1866,0,CORRIDOR,POLICY_UNIVERSE,
L22:T0,22,T0,2025-12-30T00:00:00.000Z,76,2,STATE,POLICY_UNIVERSE,
L22:T0,22,T0,2025-12-30T00:00:00.000Z,40,2,STATE,POLICY_UNIVERSE,
L22:T0,22,T0,2025-12-30T00:00:00.000Z,1665,2,STATE,POLICY_UNIVERSE,
L22:T0,22,T0,2025-12-30T00:00:00.000Z,1366,2,STATE,POLICY_UNIVERSE,
L22:T0,22,T0,2025-12-30T00:00:00.000Z,1014,2,STATE,POLICY_UNIVERSE,
L22:T0,22,T0,2025-12-30T00:00:00.000Z,1073,2,STATE,POLICY_UNIVERSE,
L22:T0,22,T0,2025-12-30T00:00:00.000Z,2350,2,STATE,POLICY_UNIVERSE,
L22:T0,22,T0,2025-12-30T00:00:00.000Z,2320,2,STATE,POLICY_UNIVERSE,
L22:T0,22,T0,2025-12-30T00:00:00.000Z,2498,2,STATE,POLICY_UNIVERSE,
L22:T0,22,T0,2025-12-30T00:00:00.000Z,1297,2,STATE,POLICY_UNIVERSE,
L22:T0,22,T0,2025-12-30T00:00:00.000Z,1194,2,STATE,POLICY_UNIVERSE,
L22:T0,22,T0,2025-12-30T00:00:00.000Z,1314,2,STATE,POLICY_UNIVERSE,
L22:T0,22,T0,2025-12-30T00:00:00.000Z,69,2,STATE,POLICY_UNIVERSE,
L22:T0,22,T0,2025-12-30T00:00:00.000Z,2951,2,STATE,POLICY_UNIVERSE,
L22:T0,22,T0,2025-12-30T00:00:00.000Z,447,2,STATE,POLICY_UNIVERSE,
L22:T0,22,T0,2025-12-30T00:00:00.000Z,1910,2,STATE,POLICY_UNIVERSE,
L22:T0,22,T0,2025-12-30T00:00:00.000Z,2343,2,STATE,POLICY_UNIVERSE,
L22:T0,22,T0,2025-12-30T00:00:00.000Z,2146,2,STATE,POLICY_UNIVERSE,
L22:T0,22,T0,2025-12-30T00:00:00.000Z,2540,2,STATE,POLICY_UNIVERSE,
L22:T0,22,T0,2025-12-30T00:00:00.000Z,2069,2,STATE,POLICY_UNIVERSE,
L22:T0,22,T0,2025-12-30T00:00:00.000Z,243,2,STATE,POLICY_UNIVERSE,
L22:T0,22,T0,2025-12-30T00:00:00.000Z,170,2,STATE,POLICY_UNIVERSE,
L22:T0,22,T0,2025-12-30T00:00:00.000Z,2469,2,STATE,POLICY_UNIVERSE,
L22:T0,22,T0,2025-12-30T00:00:00.000Z,102,2,STATE,POLICY_UNIVERSE,
L22:T1:I96,22,T1,2026-01-01T19:33:17.000Z,1880,0,CORRIDOR,POLICY_UNIVERSE,false
L22:T1:I96,22,T1,2026-01-01T19:33:17.000Z,1554,0,CORRIDOR,POLICY_UNIVERSE,false
L22:T1:I96,22,T1,2026-01-01T19:33:17.000Z,640,0,CORRIDOR,POLICY_UNIVERSE,false
L22:T1:I96,22,T1,2026-01-01T19:33:17.000Z,1515,0,CORRIDOR,POLICY_UNIVERSE,false
L22:T1:I96,22,T1,2026-01-01T19:33:17.000Z,268,0,CORRIDOR,POLICY_UNIVERSE,false
L22:T1:I96,22,T1,2026-01-01T19:33:17.000Z,729,0,CORRIDOR,POLICY_UNIVERSE,false
L22:T1:I96,22,T1,2026-01-01T19:33:17.000Z,2646,0,CORRIDOR,POLICY_UNIVERSE,false
L22:T1:I96,22,T1,2026-01-01T19:33:17.000Z,26,0,CORRIDOR,POLICY_UNIVERSE,false
L22:T1:I96,22,T1,2026-01-01T19:33:17.000Z,602,0,CORRIDOR,POLICY_UNIVERSE,false
L22:T1:I96,22,T1,2026-01-01T19:33:17.000Z,1356,0,CORRIDOR,POLICY_UNIVERSE,false
L22:T1:I96,22,T1,2026-01-01T19:33:17.000Z,885,0,CORRIDOR,POLICY_UNIVERSE,false
L22:T1:I96,22,T1,2026-01-01T19:33:17.000Z,2234,0,CORRIDOR,POLICY_UNIVERSE,false
L22:T1:I96,22,T1,2026-01-01T19:33:17.000Z,1707,0,CORRIDOR,POLICY_UNIVERSE,false
L22:T1:I96,22,T1,2026-01-01T19:33:17.000Z,306,0,CORRIDOR,POLICY_UNIVERSE,false
L22:T1:I96,22,T1,2026-01-01T19:33:17.000Z,422,0,CORRIDOR,POLICY_UNIVERSE,false
L22:T1:I96,22,T1,2026-01-01T19:33:17.000Z,2654,0,CORRIDOR,POLICY_UNIVERSE,false
L22:T1:I96,22,T1,2026-01-01T19:33:17.000Z,1866,0,CORRIDOR,POLICY_UNIVERSE,false
L22:T1:I96,22,T1,2026-01-01T19:33:17.000Z,76,2,STATE,POLICY_UNIVERSE,false
L22:T1:I96,22,T1,2026-01-01T19:33:17.000Z,40,2,STATE,POLICY_UNIVERSE,false
L22:T1:I96,22,T1,2026-01-01T19:33:17.000Z,1665,2,STATE,POLICY_UNIVERSE,false
L22:T1:I96,22,T1,2026-01-01T19:33:17.000Z,1366,2,STATE,POLICY_UNIVERSE,false
L22:T1:I96,22,T1,2026-01-01T19:33:17.000Z,1014,2,STATE,POLICY_UNIVERSE,false
L22:T1:I96,22,T1,2026-01-01T19:33:17.000Z,1073,2,STATE,POLICY_UNIVERSE,false
L22:T1:I96,22,T1,2026-01-01T19:33:17.000Z,2350,2,STATE,POLICY_UNIVERSE,false
L22:T1:I96,22,T1,2026-01-01T19:33:17.000Z,2320,2,STATE,POLICY_UNIVERSE,false
L22:T1:I96,22,T1,2026-01-01T19:33:17.000Z,2498,2,STATE,POLICY_UNIVERSE,false
L22:T1:I96,22,T1,2026-01-01T19:33:17.000Z,1297,2,STATE,POLICY_UNIVERSE,false
L22:T1:I96,22,T1,2026-01-01T19:33:17.000Z,1194,2,STATE,POLICY_UNIVERSE,false
L22:T1:I96,22,T1,2026-01-01T19:33:17.000Z,1314,2,STATE,POLICY_UNIVERSE,false
L22:T1:I96,22,T1,2026-01-01T19:33:17.000Z,69,2,STATE,POLICY_UNIVERSE,false
L22:T1:I96,22,T1,2026-01-01T19:33:17.000Z,2951,2,STATE,POLICY_UNIVERSE,false
L22:T1:I96,22,T1,2026-01-01T19:33:17.000Z,447,2,STATE,POLICY_UNIVERSE,false
L22:T1:I96,22,T1,2026-01-01T19:33:17.000Z,1910,2,STATE,POLICY_UNIVERSE,false
L22:T1:I96,22,T1,2026-01-01T19:33:17.000Z,2343,2,STATE,POLICY_UNIVERSE,false
L22:T1:I96,22,T1,2026-01-01T19:33:17.000Z,2146,2,STATE,POLICY_UNIVERSE,false
L22:T1:I96,22,T1,2026-01-01T19:33:17.000Z,2540,2,STATE,POLICY_UNIVERSE,false
L22:T1:I96,22,T1,2026-01-01T19:33:17.000Z,2069,2,STATE,POLICY_UNIVERSE,false
L22:T1:I96,22,T1,2026-01-01T19:33:17.000Z,243,2,STATE,POLICY_UNIVERSE,false
L22:T1:I96,22,T1,2026-01-01T19:33:17.000Z,170,2,STATE,POLICY_UNIVERSE,false
L22:T1:I96,22,T1,2026-01-01T19:33:17.000Z,2469,2,STATE,POLICY_UNIVERSE,false
L22:T1:I96,22,T1,2026-01-01T19:33:17.000Z,102,2,STATE,POLICY_UNIVERSE,false
L22:T1:I96,22,T1,2026-01-01T19:33:17.000Z,1697,2,STATE,POLICY_UNIVERSE,false
L22:T1:I96,22,T1,2026-01-01T19:33:17.000Z,125,99,OBSERVED_OVERRIDE,OBSERVED_CURRENT_OVERRIDE,true
L22:T2:I97,22,T2,2026-01-09T19:14:22.000Z,1880,0,CORRIDOR,POLICY_UNIVERSE,false
L22:T2:I97,22,T2,2026-01-09T19:14:22.000Z,1554,0,CORRIDOR,POLICY_UNIVERSE,false
L22:T2:I97,22,T2,2026-01-09T19:14:22.000Z,640,0,CORRIDOR,POLICY_UNIVERSE,false
L22:T2:I97,22,T2,2026-01-09T19:14:22.000Z,1515,0,CORRIDOR,POLICY_UNIVERSE,false
L22:T2:I97,22,T2,2026-01-09T19:14:22.000Z,268,0,CORRIDOR,POLICY_UNIVERSE,false
L22:T2:I97,22,T2,2026-01-09T19:14:22.000Z,729,0,CORRIDOR,POLICY_UNIVERSE,false
L22:T2:I97,22,T2,2026-01-09T19:14:22.000Z,2646,0,CORRIDOR,POLICY_UNIVERSE,false
L22:T2:I97,22,T2,2026-01-09T19:14:22.000Z,26,0,CORRIDOR,POLICY_UNIVERSE,false
L22:T2:I97,22,T2,2026-01-09T19:14:22.000Z,602,0,CORRIDOR,POLICY_UNIVERSE,false
L22:T2:I97,22,T2,2026-01-09T19:14:22.000Z,1356,0,CORRIDOR,POLICY_UNIVERSE,false
L22:T2:I97,22,T2,2026-01-09T19:14:22.000Z,885,0,CORRIDOR,POLICY_UNIVERSE,false
L22:T2:I97,22,T2,2026-01-09T19:14:22.000Z,2234,0,CORRIDOR,POLICY_UNIVERSE,false
L22:T2:I97,22,T2,2026-01-09T19:14:22.000Z,1707,0,CORRIDOR,POLICY_UNIVERSE,false
L22:T2:I97,22,T2,2026-01-09T19:14:22.000Z,306,0,CORRIDOR,POLICY_UNIVERSE,false
L22:T2:I97,22,T2,2026-01-09T19:14:22.000Z,422,0,CORRIDOR,POLICY_UNIVERSE,false
L22:T2:I97,22,T2,2026-01-09T19:14:22.000Z,2654,0,CORRIDOR,POLICY_UNIVERSE,false
L22:T2:I97,22,T2,2026-01-09T19:14:22.000Z,1866,0,CORRIDOR,POLICY_UNIVERSE,false
L22:T2:I97,22,T2,2026-01-09T19:14:22.000Z,76,2,STATE,POLICY_UNIVERSE,false
L22:T2:I97,22,T2,2026-01-09T19:14:22.000Z,40,2,STATE,POLICY_UNIVERSE,false
L22:T2:I97,22,T2,2026-01-09T19:14:22.000Z,1665,2,STATE,POLICY_UNIVERSE,false
L22:T2:I97,22,T2,2026-01-09T19:14:22.000Z,1366,2,STATE,POLICY_UNIVERSE,false
L22:T2:I97,22,T2,2026-01-09T19:14:22.000Z,1014,2,STATE,POLICY_UNIVERSE,false
L22:T2:I97,22,T2,2026-01-09T19:14:22.000Z,1073,2,STATE,POLICY_UNIVERSE,false
L22:T2:I97,22,T2,2026-01-09T19:14:22.000Z,2350,2,STATE,POLICY_UNIVERSE,false
L22:T2:I97,22,T2,2026-01-09T19:14:22.000Z,2320,2,STATE,POLICY_UNIVERSE,false
L22:T2:I97,22,T2,2026-01-09T19:14:22.000Z,2498,2,STATE,POLICY_UNIVERSE,false
L22:T2:I97,22,T2,2026-01-09T19:14:22.000Z,1297,2,STATE,POLICY_UNIVERSE,false
L22:T2:I97,22,T2,2026-01-09T19:14:22.000Z,1194,2,STATE,POLICY_UNIVERSE,false
L22:T2:I97,22,T2,2026-01-09T19:14:22.000Z,1314,2,STATE,POLICY_UNIVERSE,false
L22:T2:I97,22,T2,2026-01-09T19:14:22.000Z,69,2,STATE,POLICY_UNIVERSE,false
L22:T2:I97,22,T2,2026-01-09T19:14:22.000Z,2951,2,STATE,POLICY_UNIVERSE,false
L22:T2:I97,22,T2,2026-01-09T19:14:22.000Z,447,2,STATE,POLICY_UNIVERSE,false
L22:T2:I97,22,T2,2026-01-09T19:14:22.000Z,1910,2,STATE,POLICY_UNIVERSE,false
L22:T2:I97,22,T2,2026-01-09T19:14:22.000Z,2343,2,STATE,POLICY_UNIVERSE,false
L22:T2:I97,22,T2,2026-01-09T19:14:22.000Z,2146,2,STATE,POLICY_UNIVERSE,false
L22:T2:I97,22,T2,2026-01-09T19:14:22.000Z,2540,2,STATE,POLICY_UNIVERSE,false
L22:T2:I97,22,T2,2026-01-09T19:14:22.000Z,2069,2,STATE,POLICY_UNIVERSE,false
L22:T2:I97,22,T2,2026-01-09T19:14:22.000Z,243,2,STATE,POLICY_UNIVERSE,false
L22:T2:I97,22,T2,2026-01-09T19:14:22.000Z,170,2,STATE,POLICY_UNIVERSE,false
L22:T2:I97,22,T2,2026-01-09T19:14:22.000Z,2469,2,STATE,POLICY_UNIVERSE,false
L22:T2:I97,22,T2,2026-01-09T19:14:22.000Z,102,2,STATE,POLICY_UNIVERSE,false
L22:T2:I97,22,T2,2026-01-09T19:14:22.000Z,1697,2,STATE,POLICY_UNIVERSE,false
L22:T2:I97,22,T2,2026-01-09T19:14:22.000Z,881,99,OBSERVED_OVERRIDE,OBSERVED_CURRENT_OVERRIDE,true
L22:T2:I95,22,T2,2026-01-29T13:01:00.000Z,1880,0,CORRIDOR,POLICY_UNIVERSE,false
L22:T2:I95,22,T2,2026-01-29T13:01:00.000Z,1554,0,CORRIDOR,POLICY_UNIVERSE,false
L22:T2:I95,22,T2,2026-01-29T13:01:00.000Z,640,0,CORRIDOR,POLICY_UNIVERSE,false
L22:T2:I95,22,T2,2026-01-29T13:01:00.000Z,1515,0,CORRIDOR,POLICY_UNIVERSE,false
L22:T2:I95,22,T2,2026-01-29T13:01:00.000Z,268,0,CORRIDOR,POLICY_UNIVERSE,false
L22:T2:I95,22,T2,2026-01-29T13:01:00.000Z,729,0,CORRIDOR,POLICY_UNIVERSE,false
L22:T2:I95,22,T2,2026-01-29T13:01:00.000Z,2646,0,CORRIDOR,POLICY_UNIVERSE,false
L22:T2:I95,22,T2,2026-01-29T13:01:00.000Z,26,0,CORRIDOR,POLICY_UNIVERSE,false
L22:T2:I95,22,T2,2026-01-29T13:01:00.000Z,602,0,CORRIDOR,POLICY_UNIVERSE,false
L22:T2:I95,22,T2,2026-01-29T13:01:00.000Z,1356,0,CORRIDOR,POLICY_UNIVERSE,false
L22:T2:I95,22,T2,2026-01-29T13:01:00.000Z,885,0,CORRIDOR,POLICY_UNIVERSE,false
L22:T2:I95,22,T2,2026-01-29T13:01:00.000Z,2234,0,CORRIDOR,POLICY_UNIVERSE,false
L22:T2:I95,22,T2,2026-01-29T13:01:00.000Z,1707,0,CORRIDOR,POLICY_UNIVERSE,false
L22:T2:I95,22,T2,2026-01-29T13:01:00.000Z,306,0,CORRIDOR,POLICY_UNIVERSE,false
L22:T2:I95,22,T2,2026-01-29T13:01:00.000Z,422,0,CORRIDOR,POLICY_UNIVERSE,false
L22:T2:I95,22,T2,2026-01-29T13:01:00.000Z,2654,0,CORRIDOR,POLICY_UNIVERSE,false
L22:T2:I95,22,T2,2026-01-29T13:01:00.000Z,1866,0,CORRIDOR,POLICY_UNIVERSE,false
L22:T2:I95,22,T2,2026-01-29T13:01:00.000Z,76,2,STATE,POLICY_UNIVERSE,false
L22:T2:I95,22,T2,2026-01-29T13:01:00.000Z,40,2,STATE,POLICY_UNIVERSE,false
L22:T2:I95,22,T2,2026-01-29T13:01:00.000Z,1665,2,STATE,POLICY_UNIVERSE,false
L22:T2:I95,22,T2,2026-01-29T13:01:00.000Z,1366,2,STATE,POLICY_UNIVERSE,false
L22:T2:I95,22,T2,2026-01-29T13:01:00.000Z,1014,2,STATE,POLICY_UNIVERSE,false
L22:T2:I95,22,T2,2026-01-29T13:01:00.000Z,1073,2,STATE,POLICY_UNIVERSE,false
L22:T2:I95,22,T2,2026-01-29T13:01:00.000Z,2350,2,STATE,POLICY_UNIVERSE,false
L22:T2:I95,22,T2,2026-01-29T13:01:00.000Z,2320,2,STATE,POLICY_UNIVERSE,false
L22:T2:I95,22,T2,2026-01-29T13:01:00.000Z,2498,2,STATE,POLICY_UNIVERSE,false
L22:T2:I95,22,T2,2026-01-29T13:01:00.000Z,1297,2,STATE,POLICY_UNIVERSE,false
L22:T2:I95,22,T2,2026-01-29T13:01:00.000Z,1194,2,STATE,POLICY_UNIVERSE,false
L22:T2:I95,22,T2,2026-01-29T13:01:00.000Z,1314,2,STATE,POLICY_UNIVERSE,false
L22:T2:I95,22,T2,2026-01-29T13:01:00.000Z,69,2,STATE,POLICY_UNIVERSE,false
L22:T2:I95,22,T2,2026-01-29T13:01:00.000Z,2951,2,STATE,POLICY_UNIVERSE,false
L22:T2:I95,22,T2,2026-01-29T13:01:00.000Z,447,2,STATE,POLICY_UNIVERSE,false
L22:T2:I95,22,T2,2026-01-29T13:01:00.000Z,1910,2,STATE,POLICY_UNIVERSE,false
L22:T2:I95,22,T2,2026-01-29T13:01:00.000Z,2343,2,STATE,POLICY_UNIVERSE,false
L22:T2:I95,22,T2,2026-01-29T13:01:00.000Z,2146,2,STATE,POLICY_UNIVERSE,false
L22:T2:I95,22,T2,2026-01-29T13:01:00.000Z,2540,2,STATE,POLICY_UNIVERSE,false
L22:T2:I95,22,T2,2026-01-29T13:01:00.000Z,2069,2,STATE,POLICY_UNIVERSE,false
L22:T2:I95,22,T2,2026-01-29T13:01:00.000Z,243,2,STATE,POLICY_UNIVERSE,false
L22:T2:I95,22,T2,2026-01-29T13:01:00.000Z,170,2,STATE,POLICY_UNIVERSE,false
L22:T2:I95,22,T2,2026-01-29T13:01:00.000Z,2469,2,STATE,POLICY_UNIVERSE,false
L22:T2:I95,22,T2,2026-01-29T13:01:00.000Z,102,2,STATE,POLICY_UNIVERSE,false
L22:T2:I95,22,T2,2026-01-29T13:01:00.000Z,1697,2,STATE,POLICY_UNIVERSE,false
L22:T2:I95,22,T2,2026-01-29T13:01:00.000Z,2096,2,STATE,POLICY_UNIVERSE,false
L22:T2:I95,22,T2,2026-01-29T13:01:00.000Z,745,2,STATE,POLICY_UNIVERSE,false
L22:T2:I95,22,T2,2026-01-29T13:01:00.000Z,1762,99,OBSERVED_OVERRIDE,OBSERVED_CURRENT_OVERRIDE,true
L23:T0,23,T0,2025-04-03T00:00:00.000Z,1871,0,CORRIDOR,POLICY_UNIVERSE,
L23:T0,23,T0,2025-04-03T00:00:00.000Z,188,0,CORRIDOR,POLICY_UNIVERSE,
L23:T0,23,T0,2025-04-03T00:00:00.000Z,2152,0,CORRIDOR,POLICY_UNIVERSE,
L23:T0,23,T0,2025-04-03T00:00:00.000Z,143,0,CORRIDOR,POLICY_UNIVERSE,
L23:T0,23,T0,2025-04-03T00:00:00.000Z,1813,0,CORRIDOR,POLICY_UNIVERSE,
L23:T0,23,T0,2025-04-03T00:00:00.000Z,2899,0,CORRIDOR,POLICY_UNIVERSE,
L23:T0,23,T0,2025-04-03T00:00:00.000Z,2457,0,CORRIDOR,POLICY_UNIVERSE,
L23:T0,23,T0,2025-04-03T00:00:00.000Z,1703,0,CORRIDOR,POLICY_UNIVERSE,
L23:T0,23,T0,2025-04-03T00:00:00.000Z,841,0,CORRIDOR,POLICY_UNIVERSE,
L23:T0,23,T0,2025-04-03T00:00:00.000Z,1643,0,CORRIDOR,POLICY_UNIVERSE,
L23:T0,23,T0,2025-04-03T00:00:00.000Z,2518,0,CORRIDOR,POLICY_UNIVERSE,
L23:T0,23,T0,2025-04-03T00:00:00.000Z,999,2,STATE,POLICY_UNIVERSE,
L23:T0,23,T0,2025-04-03T00:00:00.000Z,1657,2,STATE,POLICY_UNIVERSE,
L23:T0,23,T0,2025-04-03T00:00:00.000Z,1285,2,STATE,POLICY_UNIVERSE,
L23:T0,23,T0,2025-04-03T00:00:00.000Z,1591,2,STATE,POLICY_UNIVERSE,
L23:T0,23,T0,2025-04-03T00:00:00.000Z,2100,2,STATE,POLICY_UNIVERSE,
L23:T0,23,T0,2025-04-03T00:00:00.000Z,1842,2,STATE,POLICY_UNIVERSE,
L23:T0,23,T0,2025-04-03T00:00:00.000Z,1825,2,STATE,POLICY_UNIVERSE,
L23:T0,23,T0,2025-04-03T00:00:00.000Z,236,2,STATE,POLICY_UNIVERSE,
L23:T0,23,T0,2025-04-03T00:00:00.000Z,2796,2,STATE,POLICY_UNIVERSE,
L23:T0,23,T0,2025-04-03T00:00:00.000Z,925,2,STATE,POLICY_UNIVERSE,
L23:T0,23,T0,2025-04-03T00:00:00.000Z,700,2,STATE,POLICY_UNIVERSE,
L23:T0,23,T0,2025-04-03T00:00:00.000Z,1795,2,STATE,POLICY_UNIVERSE,
L23:T0,23,T0,2025-04-03T00:00:00.000Z,2551,2,STATE,POLICY_UNIVERSE,
L23:T0,23,T0,2025-04-03T00:00:00.000Z,416,2,STATE,POLICY_UNIVERSE,
L23:T1:I104,23,T1,2025-04-04T07:42:07.000Z,1871,0,CORRIDOR,POLICY_UNIVERSE,false
L23:T1:I104,23,T1,2025-04-04T07:42:07.000Z,188,0,CORRIDOR,POLICY_UNIVERSE,false
L23:T1:I104,23,T1,2025-04-04T07:42:07.000Z,2152,0,CORRIDOR,POLICY_UNIVERSE,false
L23:T1:I104,23,T1,2025-04-04T07:42:07.000Z,143,0,CORRIDOR,POLICY_UNIVERSE,false
L23:T1:I104,23,T1,2025-04-04T07:42:07.000Z,1813,0,CORRIDOR,POLICY_UNIVERSE,false
L23:T1:I104,23,T1,2025-04-04T07:42:07.000Z,2899,0,CORRIDOR,POLICY_UNIVERSE,false
L23:T1:I104,23,T1,2025-04-04T07:42:07.000Z,2457,0,CORRIDOR,POLICY_UNIVERSE,false
L23:T1:I104,23,T1,2025-04-04T07:42:07.000Z,1703,0,CORRIDOR,POLICY_UNIVERSE,false
L23:T1:I104,23,T1,2025-04-04T07:42:07.000Z,841,0,CORRIDOR,POLICY_UNIVERSE,false
L23:T1:I104,23,T1,2025-04-04T07:42:07.000Z,1643,0,CORRIDOR,POLICY_UNIVERSE,false
L23:T1:I104,23,T1,2025-04-04T07:42:07.000Z,2518,0,CORRIDOR,POLICY_UNIVERSE,false
L23:T1:I104,23,T1,2025-04-04T07:42:07.000Z,999,2,STATE,POLICY_UNIVERSE,false
L23:T1:I104,23,T1,2025-04-04T07:42:07.000Z,1657,2,STATE,POLICY_UNIVERSE,false
L23:T1:I104,23,T1,2025-04-04T07:42:07.000Z,1285,2,STATE,POLICY_UNIVERSE,false
L23:T1:I104,23,T1,2025-04-04T07:42:07.000Z,1591,2,STATE,POLICY_UNIVERSE,false
L23:T1:I104,23,T1,2025-04-04T07:42:07.000Z,2100,2,STATE,POLICY_UNIVERSE,false
L23:T1:I104,23,T1,2025-04-04T07:42:07.000Z,1842,2,STATE,POLICY_UNIVERSE,false
L23:T1:I104,23,T1,2025-04-04T07:42:07.000Z,1825,2,STATE,POLICY_UNIVERSE,false
L23:T1:I104,23,T1,2025-04-04T07:42:07.000Z,236,2,STATE,POLICY_UNIVERSE,false
L23:T1:I104,23,T1,2025-04-04T07:42:07.000Z,2796,2,STATE,POLICY_UNIVERSE,false
L23:T1:I104,23,T1,2025-04-04T07:42:07.000Z,925,2,STATE,POLICY_UNIVERSE,false
L23:T1:I104,23,T1,2025-04-04T07:42:07.000Z,700,2,STATE,POLICY_UNIVERSE,false
L23:T1:I104,23,T1,2025-04-04T07:42:07.000Z,1795,2,STATE,POLICY_UNIVERSE,false
L23:T1:I104,23,T1,2025-04-04T07:42:07.000Z,2551,2,STATE,POLICY_UNIVERSE,false
L23:T1:I104,23,T1,2025-04-04T07:42:07.000Z,416,2,STATE,POLICY_UNIVERSE,false
L23:T1:I104,23,T1,2025-04-04T07:42:07.000Z,2913,99,OBSERVED_OVERRIDE,OBSERVED_CURRENT_OVERRIDE,true
L23:T2:I101,23,T2,2025-04-04T17:12:20.000Z,1871,0,CORRIDOR,POLICY_UNIVERSE,false
L23:T2:I101,23,T2,2025-04-04T17:12:20.000Z,188,0,CORRIDOR,POLICY_UNIVERSE,false
L23:T2:I101,23,T2,2025-04-04T17:12:20.000Z,2152,0,CORRIDOR,POLICY_UNIVERSE,false
L23:T2:I101,23,T2,2025-04-04T17:12:20.000Z,143,0,CORRIDOR,POLICY_UNIVERSE,false
L23:T2:I101,23,T2,2025-04-04T17:12:20.000Z,1813,0,CORRIDOR,POLICY_UNIVERSE,false
L23:T2:I101,23,T2,2025-04-04T17:12:20.000Z,2899,0,CORRIDOR,POLICY_UNIVERSE,false
L23:T2:I101,23,T2,2025-04-04T17:12:20.000Z,2457,0,CORRIDOR,POLICY_UNIVERSE,false
L23:T2:I101,23,T2,2025-04-04T17:12:20.000Z,1703,0,CORRIDOR,POLICY_UNIVERSE,false
L23:T2:I101,23,T2,2025-04-04T17:12:20.000Z,841,0,CORRIDOR,POLICY_UNIVERSE,false
L23:T2:I101,23,T2,2025-04-04T17:12:20.000Z,1643,0,CORRIDOR,POLICY_UNIVERSE,false
L23:T2:I101,23,T2,2025-04-04T17:12:20.000Z,2518,0,CORRIDOR,POLICY_UNIVERSE,false
L23:T2:I101,23,T2,2025-04-04T17:12:20.000Z,999,2,STATE,POLICY_UNIVERSE,false
L23:T2:I101,23,T2,2025-04-04T17:12:20.000Z,1657,2,STATE,POLICY_UNIVERSE,false
L23:T2:I101,23,T2,2025-04-04T17:12:20.000Z,1285,2,STATE,POLICY_UNIVERSE,false
L23:T2:I101,23,T2,2025-04-04T17:12:20.000Z,1591,2,STATE,POLICY_UNIVERSE,false
L23:T2:I101,23,T2,2025-04-04T17:12:20.000Z,2100,2,STATE,POLICY_UNIVERSE,false
L23:T2:I101,23,T2,2025-04-04T17:12:20.000Z,1842,2,STATE,POLICY_UNIVERSE,false
L23:T2:I101,23,T2,2025-04-04T17:12:20.000Z,1825,2,STATE,POLICY_UNIVERSE,false
L23:T2:I101,23,T2,2025-04-04T17:12:20.000Z,236,2,STATE,POLICY_UNIVERSE,false
L23:T2:I101,23,T2,2025-04-04T17:12:20.000Z,2796,2,STATE,POLICY_UNIVERSE,false
L23:T2:I101,23,T2,2025-04-04T17:12:20.000Z,925,2,STATE,POLICY_UNIVERSE,false
L23:T2:I101,23,T2,2025-04-04T17:12:20.000Z,700,2,STATE,POLICY_UNIVERSE,false
L23:T2:I101,23,T2,2025-04-04T17:12:20.000Z,1795,2,STATE,POLICY_UNIVERSE,false
L23:T2:I101,23,T2,2025-04-04T17:12:20.000Z,2551,2,STATE,POLICY_UNIVERSE,false
L23:T2:I101,23,T2,2025-04-04T17:12:20.000Z,416,2,STATE,POLICY_UNIVERSE,false
L23:T2:I101,23,T2,2025-04-04T17:12:20.000Z,1544,99,OBSERVED_OVERRIDE,OBSERVED_CURRENT_OVERRIDE,true
L23:T2:I100,23,T2,2025-04-08T20:31:23.000Z,1871,0,CORRIDOR,POLICY_UNIVERSE,false
L23:T2:I100,23,T2,2025-04-08T20:31:23.000Z,188,0,CORRIDOR,POLICY_UNIVERSE,false
L23:T2:I100,23,T2,2025-04-08T20:31:23.000Z,2152,0,CORRIDOR,POLICY_UNIVERSE,false
L23:T2:I100,23,T2,2025-04-08T20:31:23.000Z,143,0,CORRIDOR,POLICY_UNIVERSE,false
L23:T2:I100,23,T2,2025-04-08T20:31:23.000Z,1813,0,CORRIDOR,POLICY_UNIVERSE,false
L23:T2:I100,23,T2,2025-04-08T20:31:23.000Z,2899,0,CORRIDOR,POLICY_UNIVERSE,false
L23:T2:I100,23,T2,2025-04-08T20:31:23.000Z,2457,0,CORRIDOR,POLICY_UNIVERSE,false
L23:T2:I100,23,T2,2025-04-08T20:31:23.000Z,1703,0,CORRIDOR,POLICY_UNIVERSE,false
L23:T2:I100,23,T2,2025-04-08T20:31:23.000Z,841,0,CORRIDOR,POLICY_UNIVERSE,false
L23:T2:I100,23,T2,2025-04-08T20:31:23.000Z,1643,0,CORRIDOR,POLICY_UNIVERSE,false
L23:T2:I100,23,T2,2025-04-08T20:31:23.000Z,2518,0,CORRIDOR,POLICY_UNIVERSE,false
L23:T2:I100,23,T2,2025-04-08T20:31:23.000Z,999,2,STATE,POLICY_UNIVERSE,false
L23:T2:I100,23,T2,2025-04-08T20:31:23.000Z,1657,2,STATE,POLICY_UNIVERSE,false
L23:T2:I100,23,T2,2025-04-08T20:31:23.000Z,1285,2,STATE,POLICY_UNIVERSE,false
L23:T2:I100,23,T2,2025-04-08T20:31:23.000Z,1591,2,STATE,POLICY_UNIVERSE,false
L23:T2:I100,23,T2,2025-04-08T20:31:23.000Z,2100,2,STATE,POLICY_UNIVERSE,false
L23:T2:I100,23,T2,2025-04-08T20:31:23.000Z,1842,2,STATE,POLICY_UNIVERSE,false
L23:T2:I100,23,T2,2025-04-08T20:31:23.000Z,1825,2,STATE,POLICY_UNIVERSE,false
L23:T2:I100,23,T2,2025-04-08T20:31:23.000Z,236,2,STATE,POLICY_UNIVERSE,false
L23:T2:I100,23,T2,2025-04-08T20:31:23.000Z,2796,2,STATE,POLICY_UNIVERSE,false
L23:T2:I100,23,T2,2025-04-08T20:31:23.000Z,925,2,STATE,POLICY_UNIVERSE,false
L23:T2:I100,23,T2,2025-04-08T20:31:23.000Z,700,2,STATE,POLICY_UNIVERSE,false
L23:T2:I100,23,T2,2025-04-08T20:31:23.000Z,1795,2,STATE,POLICY_UNIVERSE,false
L23:T2:I100,23,T2,2025-04-08T20:31:23.000Z,2551,2,STATE,POLICY_UNIVERSE,false
L23:T2:I100,23,T2,2025-04-08T20:31:23.000Z,416,2,STATE,POLICY_UNIVERSE,false
L23:T2:I100,23,T2,2025-04-08T20:31:23.000Z,629,99,OBSERVED_OVERRIDE,OBSERVED_CURRENT_OVERRIDE,true
L23:T2:I103,23,T2,2025-10-05T14:10:00.000Z,1871,0,CORRIDOR,POLICY_UNIVERSE,false
L23:T2:I103,23,T2,2025-10-05T14:10:00.000Z,188,0,CORRIDOR,POLICY_UNIVERSE,false
L23:T2:I103,23,T2,2025-10-05T14:10:00.000Z,2152,0,CORRIDOR,POLICY_UNIVERSE,false
L23:T2:I103,23,T2,2025-10-05T14:10:00.000Z,143,0,CORRIDOR,POLICY_UNIVERSE,false
L23:T2:I103,23,T2,2025-10-05T14:10:00.000Z,1813,0,CORRIDOR,POLICY_UNIVERSE,false
L23:T2:I103,23,T2,2025-10-05T14:10:00.000Z,2899,0,CORRIDOR,POLICY_UNIVERSE,false
L23:T2:I103,23,T2,2025-10-05T14:10:00.000Z,2457,0,CORRIDOR,POLICY_UNIVERSE,false
L23:T2:I103,23,T2,2025-10-05T14:10:00.000Z,1703,0,CORRIDOR,POLICY_UNIVERSE,false
L23:T2:I103,23,T2,2025-10-05T14:10:00.000Z,841,0,CORRIDOR,POLICY_UNIVERSE,false
L23:T2:I103,23,T2,2025-10-05T14:10:00.000Z,1643,0,CORRIDOR,POLICY_UNIVERSE,false
L23:T2:I103,23,T2,2025-10-05T14:10:00.000Z,2518,0,CORRIDOR,POLICY_UNIVERSE,false
L23:T2:I103,23,T2,2025-10-05T14:10:00.000Z,570,0,CORRIDOR,POLICY_UNIVERSE,false
L23:T2:I103,23,T2,2025-10-05T14:10:00.000Z,198,0,CORRIDOR,POLICY_UNIVERSE,false
L23:T2:I103,23,T2,2025-10-05T14:10:00.000Z,1216,0,CORRIDOR,POLICY_UNIVERSE,false
L23:T2:I103,23,T2,2025-10-05T14:10:00.000Z,209,0,CORRIDOR,POLICY_UNIVERSE,false
L23:T2:I103,23,T2,2025-10-05T14:10:00.000Z,645,0,CORRIDOR,POLICY_UNIVERSE,true
L23:T2:I103,23,T2,2025-10-05T14:10:00.000Z,999,2,STATE,POLICY_UNIVERSE,false
L23:T2:I103,23,T2,2025-10-05T14:10:00.000Z,1657,2,STATE,POLICY_UNIVERSE,false
L23:T2:I103,23,T2,2025-10-05T14:10:00.000Z,1285,2,STATE,POLICY_UNIVERSE,false
L23:T2:I103,23,T2,2025-10-05T14:10:00.000Z,1591,2,STATE,POLICY_UNIVERSE,false
L23:T2:I103,23,T2,2025-10-05T14:10:00.000Z,2100,2,STATE,POLICY_UNIVERSE,false
L23:T2:I103,23,T2,2025-10-05T14:10:00.000Z,1842,2,STATE,POLICY_UNIVERSE,false
L23:T2:I103,23,T2,2025-10-05T14:10:00.000Z,1825,2,STATE,POLICY_UNIVERSE,false
L23:T2:I103,23,T2,2025-10-05T14:10:00.000Z,236,2,STATE,POLICY_UNIVERSE,false
L23:T2:I103,23,T2,2025-10-05T14:10:00.000Z,2796,2,STATE,POLICY_UNIVERSE,false
L23:T2:I103,23,T2,2025-10-05T14:10:00.000Z,925,2,STATE,POLICY_UNIVERSE,false
L23:T2:I103,23,T2,2025-10-05T14:10:00.000Z,700,2,STATE,POLICY_UNIVERSE,false
L23:T2:I103,23,T2,2025-10-05T14:10:00.000Z,1795,2,STATE,POLICY_UNIVERSE,false
L23:T2:I103,23,T2,2025-10-05T14:10:00.000Z,2551,2,STATE,POLICY_UNIVERSE,false
L23:T2:I103,23,T2,2025-10-05T14:10:00.000Z,416,2,STATE,POLICY_UNIVERSE,false
L23:T2:I103,23,T2,2025-10-05T14:10:00.000Z,1201,2,STATE,POLICY_UNIVERSE,false
L23:T2:I103,23,T2,2025-10-05T14:10:00.000Z,473,2,STATE,POLICY_UNIVERSE,false
L23:T2:I103,23,T2,2025-10-05T14:10:00.000Z,2397,2,STATE,POLICY_UNIVERSE,false
L23:T2:I103,23,T2,2025-10-05T14:10:00.000Z,667,2,STATE,POLICY_UNIVERSE,false
L23:T2:I103,23,T2,2025-10-05T14:10:00.000Z,511,2,STATE,POLICY_UNIVERSE,false
L23:T2:I103,23,T2,2025-10-05T14:10:00.000Z,2159,2,STATE,POLICY_UNIVERSE,false
L23:T2:I103,23,T2,2025-10-05T14:10:00.000Z,1165,2,STATE,POLICY_UNIVERSE,false
L23:T2:I103,23,T2,2025-10-05T14:10:00.000Z,1651,2,STATE,POLICY_UNIVERSE,false
L23:T2:I103,23,T2,2025-10-05T14:10:00.000Z,1601,2,STATE,POLICY_UNIVERSE,false
L23:T2:I99,23,T2,2025-11-22T09:47:00.000Z,1871,0,CORRIDOR,POLICY_UNIVERSE,false
L23:T2:I99,23,T2,2025-11-22T09:47:00.000Z,188,0,CORRIDOR,POLICY_UNIVERSE,false
L23:T2:I99,23,T2,2025-11-22T09:47:00.000Z,2152,0,CORRIDOR,POLICY_UNIVERSE,false
L23:T2:I99,23,T2,2025-11-22T09:47:00.000Z,143,0,CORRIDOR,POLICY_UNIVERSE,false
L23:T2:I99,23,T2,2025-11-22T09:47:00.000Z,1813,0,CORRIDOR,POLICY_UNIVERSE,false
L23:T2:I99,23,T2,2025-11-22T09:47:00.000Z,2899,0,CORRIDOR,POLICY_UNIVERSE,false
L23:T2:I99,23,T2,2025-11-22T09:47:00.000Z,2457,0,CORRIDOR,POLICY_UNIVERSE,false
L23:T2:I99,23,T2,2025-11-22T09:47:00.000Z,1703,0,CORRIDOR,POLICY_UNIVERSE,false
L23:T2:I99,23,T2,2025-11-22T09:47:00.000Z,841,0,CORRIDOR,POLICY_UNIVERSE,false
L23:T2:I99,23,T2,2025-11-22T09:47:00.000Z,1643,0,CORRIDOR,POLICY_UNIVERSE,false
L23:T2:I99,23,T2,2025-11-22T09:47:00.000Z,2518,0,CORRIDOR,POLICY_UNIVERSE,false
L23:T2:I99,23,T2,2025-11-22T09:47:00.000Z,570,0,CORRIDOR,POLICY_UNIVERSE,false
L23:T2:I99,23,T2,2025-11-22T09:47:00.000Z,198,0,CORRIDOR,POLICY_UNIVERSE,false
L23:T2:I99,23,T2,2025-11-22T09:47:00.000Z,1216,0,CORRIDOR,POLICY_UNIVERSE,false
L23:T2:I99,23,T2,2025-11-22T09:47:00.000Z,209,0,CORRIDOR,POLICY_UNIVERSE,false
L23:T2:I99,23,T2,2025-11-22T09:47:00.000Z,645,0,CORRIDOR,POLICY_UNIVERSE,false
L23:T2:I99,23,T2,2025-11-22T09:47:00.000Z,999,2,STATE,POLICY_UNIVERSE,false
L23:T2:I99,23,T2,2025-11-22T09:47:00.000Z,1657,2,STATE,POLICY_UNIVERSE,false
L23:T2:I99,23,T2,2025-11-22T09:47:00.000Z,1285,2,STATE,POLICY_UNIVERSE,false
L23:T2:I99,23,T2,2025-11-22T09:47:00.000Z,1591,2,STATE,POLICY_UNIVERSE,false
L23:T2:I99,23,T2,2025-11-22T09:47:00.000Z,2100,2,STATE,POLICY_UNIVERSE,false
L23:T2:I99,23,T2,2025-11-22T09:47:00.000Z,1842,2,STATE,POLICY_UNIVERSE,false
L23:T2:I99,23,T2,2025-11-22T09:47:00.000Z,1825,2,STATE,POLICY_UNIVERSE,false
L23:T2:I99,23,T2,2025-11-22T09:47:00.000Z,236,2,STATE,POLICY_UNIVERSE,false
L23:T2:I99,23,T2,2025-11-22T09:47:00.000Z,2796,2,STATE,POLICY_UNIVERSE,false
L23:T2:I99,23,T2,2025-11-22T09:47:00.000Z,925,2,STATE,POLICY_UNIVERSE,false
L23:T2:I99,23,T2,2025-11-22T09:47:00.000Z,700,2,STATE,POLICY_UNIVERSE,false
L23:T2:I99,23,T2,2025-11-22T09:47:00.000Z,1795,2,STATE,POLICY_UNIVERSE,false
L23:T2:I99,23,T2,2025-11-22T09:47:00.000Z,2551,2,STATE,POLICY_UNIVERSE,false
L23:T2:I99,23,T2,2025-11-22T09:47:00.000Z,416,2,STATE,POLICY_UNIVERSE,false
L23:T2:I99,23,T2,2025-11-22T09:47:00.000Z,1201,2,STATE,POLICY_UNIVERSE,false
L23:T2:I99,23,T2,2025-11-22T09:47:00.000Z,473,2,STATE,POLICY_UNIVERSE,false
L23:T2:I99,23,T2,2025-11-22T09:47:00.000Z,2397,2,STATE,POLICY_UNIVERSE,false
L23:T2:I99,23,T2,2025-11-22T09:47:00.000Z,667,2,STATE,POLICY_UNIVERSE,false
L23:T2:I99,23,T2,2025-11-22T09:47:00.000Z,511,2,STATE,POLICY_UNIVERSE,false
L23:T2:I99,23,T2,2025-11-22T09:47:00.000Z,2159,2,STATE,POLICY_UNIVERSE,false
L23:T2:I99,23,T2,2025-11-22T09:47:00.000Z,1165,2,STATE,POLICY_UNIVERSE,false
L23:T2:I99,23,T2,2025-11-22T09:47:00.000Z,1651,2,STATE,POLICY_UNIVERSE,false
L23:T2:I99,23,T2,2025-11-22T09:47:00.000Z,1601,2,STATE,POLICY_UNIVERSE,false
L23:T2:I99,23,T2,2025-11-22T09:47:00.000Z,2124,2,STATE,POLICY_UNIVERSE,false
L23:T2:I99,23,T2,2025-11-22T09:47:00.000Z,1448,99,OBSERVED_OVERRIDE,OBSERVED_CURRENT_OVERRIDE,true
L23:T2:I98,23,T2,2025-12-10T19:31:00.000Z,1871,0,CORRIDOR,POLICY_UNIVERSE,false
L23:T2:I98,23,T2,2025-12-10T19:31:00.000Z,188,0,CORRIDOR,POLICY_UNIVERSE,false
L23:T2:I98,23,T2,2025-12-10T19:31:00.000Z,2152,0,CORRIDOR,POLICY_UNIVERSE,false
L23:T2:I98,23,T2,2025-12-10T19:31:00.000Z,143,0,CORRIDOR,POLICY_UNIVERSE,false
L23:T2:I98,23,T2,2025-12-10T19:31:00.000Z,1813,0,CORRIDOR,POLICY_UNIVERSE,false
L23:T2:I98,23,T2,2025-12-10T19:31:00.000Z,2899,0,CORRIDOR,POLICY_UNIVERSE,false
L23:T2:I98,23,T2,2025-12-10T19:31:00.000Z,2457,0,CORRIDOR,POLICY_UNIVERSE,false
L23:T2:I98,23,T2,2025-12-10T19:31:00.000Z,1703,0,CORRIDOR,POLICY_UNIVERSE,false
L23:T2:I98,23,T2,2025-12-10T19:31:00.000Z,841,0,CORRIDOR,POLICY_UNIVERSE,false
L23:T2:I98,23,T2,2025-12-10T19:31:00.000Z,1643,0,CORRIDOR,POLICY_UNIVERSE,false
L23:T2:I98,23,T2,2025-12-10T19:31:00.000Z,2518,0,CORRIDOR,POLICY_UNIVERSE,false
L23:T2:I98,23,T2,2025-12-10T19:31:00.000Z,570,0,CORRIDOR,POLICY_UNIVERSE,false
L23:T2:I98,23,T2,2025-12-10T19:31:00.000Z,198,0,CORRIDOR,POLICY_UNIVERSE,false
L23:T2:I98,23,T2,2025-12-10T19:31:00.000Z,1216,0,CORRIDOR,POLICY_UNIVERSE,false
L23:T2:I98,23,T2,2025-12-10T19:31:00.000Z,209,0,CORRIDOR,POLICY_UNIVERSE,false
L23:T2:I98,23,T2,2025-12-10T19:31:00.000Z,645,0,CORRIDOR,POLICY_UNIVERSE,false
L23:T2:I98,23,T2,2025-12-10T19:31:00.000Z,999,2,STATE,POLICY_UNIVERSE,false
L23:T2:I98,23,T2,2025-12-10T19:31:00.000Z,1657,2,STATE,POLICY_UNIVERSE,false
L23:T2:I98,23,T2,2025-12-10T19:31:00.000Z,1285,2,STATE,POLICY_UNIVERSE,false
L23:T2:I98,23,T2,2025-12-10T19:31:00.000Z,1591,2,STATE,POLICY_UNIVERSE,false
L23:T2:I98,23,T2,2025-12-10T19:31:00.000Z,2100,2,STATE,POLICY_UNIVERSE,false
L23:T2:I98,23,T2,2025-12-10T19:31:00.000Z,1842,2,STATE,POLICY_UNIVERSE,false
L23:T2:I98,23,T2,2025-12-10T19:31:00.000Z,1825,2,STATE,POLICY_UNIVERSE,false
L23:T2:I98,23,T2,2025-12-10T19:31:00.000Z,236,2,STATE,POLICY_UNIVERSE,false
L23:T2:I98,23,T2,2025-12-10T19:31:00.000Z,2796,2,STATE,POLICY_UNIVERSE,false
L23:T2:I98,23,T2,2025-12-10T19:31:00.000Z,925,2,STATE,POLICY_UNIVERSE,false
L23:T2:I98,23,T2,2025-12-10T19:31:00.000Z,700,2,STATE,POLICY_UNIVERSE,false
L23:T2:I98,23,T2,2025-12-10T19:31:00.000Z,1795,2,STATE,POLICY_UNIVERSE,false
L23:T2:I98,23,T2,2025-12-10T19:31:00.000Z,2551,2,STATE,POLICY_UNIVERSE,false
L23:T2:I98,23,T2,2025-12-10T19:31:00.000Z,416,2,STATE,POLICY_UNIVERSE,false
L23:T2:I98,23,T2,2025-12-10T19:31:00.000Z,1201,2,STATE,POLICY_UNIVERSE,false
L23:T2:I98,23,T2,2025-12-10T19:31:00.000Z,473,2,STATE,POLICY_UNIVERSE,false
L23:T2:I98,23,T2,2025-12-10T19:31:00.000Z,2397,2,STATE,POLICY_UNIVERSE,false
L23:T2:I98,23,T2,2025-12-10T19:31:00.000Z,667,2,STATE,POLICY_UNIVERSE,false
L23:T2:I98,23,T2,2025-12-10T19:31:00.000Z,511,2,STATE,POLICY_UNIVERSE,false
L23:T2:I98,23,T2,2025-12-10T19:31:00.000Z,2159,2,STATE,POLICY_UNIVERSE,false
L23:T2:I98,23,T2,2025-12-10T19:31:00.000Z,1165,2,STATE,POLICY_UNIVERSE,false
L23:T2:I98,23,T2,2025-12-10T19:31:00.000Z,1651,2,STATE,POLICY_UNIVERSE,false
L23:T2:I98,23,T2,2025-12-10T19:31:00.000Z,1601,2,STATE,POLICY_UNIVERSE,false
L23:T2:I98,23,T2,2025-12-10T19:31:00.000Z,2124,2,STATE,POLICY_UNIVERSE,false
L23:T2:I98,23,T2,2025-12-10T19:31:00.000Z,1353,99,OBSERVED_OVERRIDE,OBSERVED_CURRENT_OVERRIDE,true
L23:T2:I102,23,T2,2026-01-29T08:21:00.000Z,1871,0,CORRIDOR,POLICY_UNIVERSE,false
L23:T2:I102,23,T2,2026-01-29T08:21:00.000Z,188,0,CORRIDOR,POLICY_UNIVERSE,false
L23:T2:I102,23,T2,2026-01-29T08:21:00.000Z,2152,0,CORRIDOR,POLICY_UNIVERSE,false
L23:T2:I102,23,T2,2026-01-29T08:21:00.000Z,143,0,CORRIDOR,POLICY_UNIVERSE,false
L23:T2:I102,23,T2,2026-01-29T08:21:00.000Z,1813,0,CORRIDOR,POLICY_UNIVERSE,false
L23:T2:I102,23,T2,2026-01-29T08:21:00.000Z,2899,0,CORRIDOR,POLICY_UNIVERSE,false
L23:T2:I102,23,T2,2026-01-29T08:21:00.000Z,2457,0,CORRIDOR,POLICY_UNIVERSE,false
L23:T2:I102,23,T2,2026-01-29T08:21:00.000Z,1703,0,CORRIDOR,POLICY_UNIVERSE,false
L23:T2:I102,23,T2,2026-01-29T08:21:00.000Z,841,0,CORRIDOR,POLICY_UNIVERSE,false
L23:T2:I102,23,T2,2026-01-29T08:21:00.000Z,1643,0,CORRIDOR,POLICY_UNIVERSE,false
L23:T2:I102,23,T2,2026-01-29T08:21:00.000Z,2518,0,CORRIDOR,POLICY_UNIVERSE,false
L23:T2:I102,23,T2,2026-01-29T08:21:00.000Z,570,0,CORRIDOR,POLICY_UNIVERSE,false
L23:T2:I102,23,T2,2026-01-29T08:21:00.000Z,198,0,CORRIDOR,POLICY_UNIVERSE,false
L23:T2:I102,23,T2,2026-01-29T08:21:00.000Z,1216,0,CORRIDOR,POLICY_UNIVERSE,false
L23:T2:I102,23,T2,2026-01-29T08:21:00.000Z,209,0,CORRIDOR,POLICY_UNIVERSE,false
L23:T2:I102,23,T2,2026-01-29T08:21:00.000Z,645,0,CORRIDOR,POLICY_UNIVERSE,false
L23:T2:I102,23,T2,2026-01-29T08:21:00.000Z,919,0,CORRIDOR,POLICY_UNIVERSE,false
L23:T2:I102,23,T2,2026-01-29T08:21:00.000Z,427,0,CORRIDOR,POLICY_UNIVERSE,false
L23:T2:I102,23,T2,2026-01-29T08:21:00.000Z,999,2,STATE,POLICY_UNIVERSE,false
L23:T2:I102,23,T2,2026-01-29T08:21:00.000Z,1657,2,STATE,POLICY_UNIVERSE,false
L23:T2:I102,23,T2,2026-01-29T08:21:00.000Z,1285,2,STATE,POLICY_UNIVERSE,false
L23:T2:I102,23,T2,2026-01-29T08:21:00.000Z,1591,2,STATE,POLICY_UNIVERSE,false
L23:T2:I102,23,T2,2026-01-29T08:21:00.000Z,2100,2,STATE,POLICY_UNIVERSE,false
L23:T2:I102,23,T2,2026-01-29T08:21:00.000Z,1842,2,STATE,POLICY_UNIVERSE,false
L23:T2:I102,23,T2,2026-01-29T08:21:00.000Z,1825,2,STATE,POLICY_UNIVERSE,false
L23:T2:I102,23,T2,2026-01-29T08:21:00.000Z,236,2,STATE,POLICY_UNIVERSE,false
L23:T2:I102,23,T2,2026-01-29T08:21:00.000Z,2796,2,STATE,POLICY_UNIVERSE,false
L23:T2:I102,23,T2,2026-01-29T08:21:00.000Z,925,2,STATE,POLICY_UNIVERSE,false
L23:T2:I102,23,T2,2026-01-29T08:21:00.000Z,700,2,STATE,POLICY_UNIVERSE,false
L23:T2:I102,23,T2,2026-01-29T08:21:00.000Z,1795,2,STATE,POLICY_UNIVERSE,false
L23:T2:I102,23,T2,2026-01-29T08:21:00.000Z,2551,2,STATE,POLICY_UNIVERSE,false
L23:T2:I102,23,T2,2026-01-29T08:21:00.000Z,416,2,STATE,POLICY_UNIVERSE,false
L23:T2:I102,23,T2,2026-01-29T08:21:00.000Z,1201,2,STATE,POLICY_UNIVERSE,false
L23:T2:I102,23,T2,2026-01-29T08:21:00.000Z,473,2,STATE,POLICY_UNIVERSE,false
L23:T2:I102,23,T2,2026-01-29T08:21:00.000Z,2397,2,STATE,POLICY_UNIVERSE,false
L23:T2:I102,23,T2,2026-01-29T08:21:00.000Z,667,2,STATE,POLICY_UNIVERSE,false
L23:T2:I102,23,T2,2026-01-29T08:21:00.000Z,511,2,STATE,POLICY_UNIVERSE,false
L23:T2:I102,23,T2,2026-01-29T08:21:00.000Z,2159,2,STATE,POLICY_UNIVERSE,false
L23:T2:I102,23,T2,2026-01-29T08:21:00.000Z,1165,2,STATE,POLICY_UNIVERSE,false
L23:T2:I102,23,T2,2026-01-29T08:21:00.000Z,1651,2,STATE,POLICY_UNIVERSE,false
L23:T2:I102,23,T2,2026-01-29T08:21:00.000Z,1601,2,STATE,POLICY_UNIVERSE,false
L23:T2:I102,23,T2,2026-01-29T08:21:00.000Z,2124,2,STATE,POLICY_UNIVERSE,false
L23:T2:I102,23,T2,2026-01-29T08:21:00.000Z,136,2,STATE,POLICY_UNIVERSE,false
L23:T2:I102,23,T2,2026-01-29T08:21:00.000Z,235,2,STATE,POLICY_UNIVERSE,false
L23:T2:I102,23,T2,2026-01-29T08:21:00.000Z,745,99,OBSERVED_OVERRIDE,OBSERVED_CURRENT_OVERRIDE,true
L24:T0,24,T0,2025-11-04T00:00:00.000Z,2753,0,CORRIDOR,POLICY_UNIVERSE,
L24:T0,24,T0,2025-11-04T00:00:00.000Z,2612,0,CORRIDOR,POLICY_UNIVERSE,
L24:T0,24,T0,2025-11-04T00:00:00.000Z,1944,0,CORRIDOR,POLICY_UNIVERSE,
L24:T0,24,T0,2025-11-04T00:00:00.000Z,1411,0,CORRIDOR,POLICY_UNIVERSE,
L24:T0,24,T0,2025-11-04T00:00:00.000Z,1969,0,CORRIDOR,POLICY_UNIVERSE,
L24:T0,24,T0,2025-11-04T00:00:00.000Z,2119,0,CORRIDOR,POLICY_UNIVERSE,
L24:T0,24,T0,2025-11-04T00:00:00.000Z,426,0,CORRIDOR,POLICY_UNIVERSE,
L24:T0,24,T0,2025-11-04T00:00:00.000Z,2742,0,CORRIDOR,POLICY_UNIVERSE,
L24:T0,24,T0,2025-11-04T00:00:00.000Z,905,0,CORRIDOR,POLICY_UNIVERSE,
L24:T0,24,T0,2025-11-04T00:00:00.000Z,1220,0,CORRIDOR,POLICY_UNIVERSE,
L24:T0,24,T0,2025-11-04T00:00:00.000Z,2081,0,CORRIDOR,POLICY_UNIVERSE,
L24:T0,24,T0,2025-11-04T00:00:00.000Z,171,0,CORRIDOR,POLICY_UNIVERSE,
L24:T0,24,T0,2025-11-04T00:00:00.000Z,1826,0,CORRIDOR,POLICY_UNIVERSE,
L24:T0,24,T0,2025-11-04T00:00:00.000Z,1440,0,CORRIDOR,POLICY_UNIVERSE,
L24:T0,24,T0,2025-11-04T00:00:00.000Z,784,0,CORRIDOR,POLICY_UNIVERSE,
L24:T0,24,T0,2025-11-04T00:00:00.000Z,684,0,CORRIDOR,POLICY_UNIVERSE,
L24:T0,24,T0,2025-11-04T00:00:00.000Z,2111,0,CORRIDOR,POLICY_UNIVERSE,
L24:T0,24,T0,2025-11-04T00:00:00.000Z,985,0,CORRIDOR,POLICY_UNIVERSE,
L24:T0,24,T0,2025-11-04T00:00:00.000Z,2093,0,CORRIDOR,POLICY_UNIVERSE,
L24:T0,24,T0,2025-11-04T00:00:00.000Z,1963,0,CORRIDOR,POLICY_UNIVERSE,
L24:T0,24,T0,2025-11-04T00:00:00.000Z,1479,0,CORRIDOR,POLICY_UNIVERSE,
L24:T0,24,T0,2025-11-04T00:00:00.000Z,2342,0,CORRIDOR,POLICY_UNIVERSE,
L24:T0,24,T0,2025-11-04T00:00:00.000Z,523,0,CORRIDOR,POLICY_UNIVERSE,
L24:T0,24,T0,2025-11-04T00:00:00.000Z,2810,0,CORRIDOR,POLICY_UNIVERSE,
L24:T0,24,T0,2025-11-04T00:00:00.000Z,2472,0,CORRIDOR,POLICY_UNIVERSE,
L24:T0,24,T0,2025-11-04T00:00:00.000Z,2705,0,CORRIDOR,POLICY_UNIVERSE,
L24:T1:I106,24,T1,2025-11-05T13:18:06.000Z,2753,0,CORRIDOR,POLICY_UNIVERSE,false
L24:T1:I106,24,T1,2025-11-05T13:18:06.000Z,2612,0,CORRIDOR,POLICY_UNIVERSE,false
L24:T1:I106,24,T1,2025-11-05T13:18:06.000Z,1944,0,CORRIDOR,POLICY_UNIVERSE,false
L24:T1:I106,24,T1,2025-11-05T13:18:06.000Z,1411,0,CORRIDOR,POLICY_UNIVERSE,false
L24:T1:I106,24,T1,2025-11-05T13:18:06.000Z,1969,0,CORRIDOR,POLICY_UNIVERSE,false
L24:T1:I106,24,T1,2025-11-05T13:18:06.000Z,2119,0,CORRIDOR,POLICY_UNIVERSE,false
L24:T1:I106,24,T1,2025-11-05T13:18:06.000Z,426,0,CORRIDOR,POLICY_UNIVERSE,false
L24:T1:I106,24,T1,2025-11-05T13:18:06.000Z,2742,0,CORRIDOR,POLICY_UNIVERSE,false
L24:T1:I106,24,T1,2025-11-05T13:18:06.000Z,905,0,CORRIDOR,POLICY_UNIVERSE,false
L24:T1:I106,24,T1,2025-11-05T13:18:06.000Z,1220,0,CORRIDOR,POLICY_UNIVERSE,false
L24:T1:I106,24,T1,2025-11-05T13:18:06.000Z,2081,0,CORRIDOR,POLICY_UNIVERSE,false
L24:T1:I106,24,T1,2025-11-05T13:18:06.000Z,171,0,CORRIDOR,POLICY_UNIVERSE,false
L24:T1:I106,24,T1,2025-11-05T13:18:06.000Z,1826,0,CORRIDOR,POLICY_UNIVERSE,false
L24:T1:I106,24,T1,2025-11-05T13:18:06.000Z,1440,0,CORRIDOR,POLICY_UNIVERSE,false
L24:T1:I106,24,T1,2025-11-05T13:18:06.000Z,784,0,CORRIDOR,POLICY_UNIVERSE,false
L24:T1:I106,24,T1,2025-11-05T13:18:06.000Z,684,0,CORRIDOR,POLICY_UNIVERSE,false
L24:T1:I106,24,T1,2025-11-05T13:18:06.000Z,2111,0,CORRIDOR,POLICY_UNIVERSE,false
L24:T1:I106,24,T1,2025-11-05T13:18:06.000Z,985,0,CORRIDOR,POLICY_UNIVERSE,false
L24:T1:I106,24,T1,2025-11-05T13:18:06.000Z,2093,0,CORRIDOR,POLICY_UNIVERSE,false
L24:T1:I106,24,T1,2025-11-05T13:18:06.000Z,1963,0,CORRIDOR,POLICY_UNIVERSE,false
L24:T1:I106,24,T1,2025-11-05T13:18:06.000Z,1479,0,CORRIDOR,POLICY_UNIVERSE,false
L24:T1:I106,24,T1,2025-11-05T13:18:06.000Z,2342,0,CORRIDOR,POLICY_UNIVERSE,false
L24:T1:I106,24,T1,2025-11-05T13:18:06.000Z,523,0,CORRIDOR,POLICY_UNIVERSE,false
L24:T1:I106,24,T1,2025-11-05T13:18:06.000Z,2810,0,CORRIDOR,POLICY_UNIVERSE,false
L24:T1:I106,24,T1,2025-11-05T13:18:06.000Z,2472,0,CORRIDOR,POLICY_UNIVERSE,false
L24:T1:I106,24,T1,2025-11-05T13:18:06.000Z,2705,0,CORRIDOR,POLICY_UNIVERSE,false
L24:T1:I106,24,T1,2025-11-05T13:18:06.000Z,1064,99,OBSERVED_OVERRIDE,OBSERVED_CURRENT_OVERRIDE,true
L24:T2:I105,24,T2,2025-11-10T14:01:40.000Z,2753,0,CORRIDOR,POLICY_UNIVERSE,false
L24:T2:I105,24,T2,2025-11-10T14:01:40.000Z,2612,0,CORRIDOR,POLICY_UNIVERSE,false
L24:T2:I105,24,T2,2025-11-10T14:01:40.000Z,1944,0,CORRIDOR,POLICY_UNIVERSE,false
L24:T2:I105,24,T2,2025-11-10T14:01:40.000Z,1411,0,CORRIDOR,POLICY_UNIVERSE,false
L24:T2:I105,24,T2,2025-11-10T14:01:40.000Z,1969,0,CORRIDOR,POLICY_UNIVERSE,false
L24:T2:I105,24,T2,2025-11-10T14:01:40.000Z,2119,0,CORRIDOR,POLICY_UNIVERSE,false
L24:T2:I105,24,T2,2025-11-10T14:01:40.000Z,426,0,CORRIDOR,POLICY_UNIVERSE,false
L24:T2:I105,24,T2,2025-11-10T14:01:40.000Z,2742,0,CORRIDOR,POLICY_UNIVERSE,false
L24:T2:I105,24,T2,2025-11-10T14:01:40.000Z,905,0,CORRIDOR,POLICY_UNIVERSE,false
L24:T2:I105,24,T2,2025-11-10T14:01:40.000Z,1220,0,CORRIDOR,POLICY_UNIVERSE,false
L24:T2:I105,24,T2,2025-11-10T14:01:40.000Z,2081,0,CORRIDOR,POLICY_UNIVERSE,false
L24:T2:I105,24,T2,2025-11-10T14:01:40.000Z,171,0,CORRIDOR,POLICY_UNIVERSE,false
L24:T2:I105,24,T2,2025-11-10T14:01:40.000Z,1826,0,CORRIDOR,POLICY_UNIVERSE,false
L24:T2:I105,24,T2,2025-11-10T14:01:40.000Z,1440,0,CORRIDOR,POLICY_UNIVERSE,false
L24:T2:I105,24,T2,2025-11-10T14:01:40.000Z,784,0,CORRIDOR,POLICY_UNIVERSE,false
L24:T2:I105,24,T2,2025-11-10T14:01:40.000Z,684,0,CORRIDOR,POLICY_UNIVERSE,false
L24:T2:I105,24,T2,2025-11-10T14:01:40.000Z,2111,0,CORRIDOR,POLICY_UNIVERSE,false
L24:T2:I105,24,T2,2025-11-10T14:01:40.000Z,985,0,CORRIDOR,POLICY_UNIVERSE,false
L24:T2:I105,24,T2,2025-11-10T14:01:40.000Z,2093,0,CORRIDOR,POLICY_UNIVERSE,false
L24:T2:I105,24,T2,2025-11-10T14:01:40.000Z,1963,0,CORRIDOR,POLICY_UNIVERSE,false
L24:T2:I105,24,T2,2025-11-10T14:01:40.000Z,1479,0,CORRIDOR,POLICY_UNIVERSE,false
L24:T2:I105,24,T2,2025-11-10T14:01:40.000Z,2342,0,CORRIDOR,POLICY_UNIVERSE,false
L24:T2:I105,24,T2,2025-11-10T14:01:40.000Z,523,0,CORRIDOR,POLICY_UNIVERSE,false
L24:T2:I105,24,T2,2025-11-10T14:01:40.000Z,2810,0,CORRIDOR,POLICY_UNIVERSE,false
L24:T2:I105,24,T2,2025-11-10T14:01:40.000Z,2472,0,CORRIDOR,POLICY_UNIVERSE,false
L24:T2:I105,24,T2,2025-11-10T14:01:40.000Z,2705,0,CORRIDOR,POLICY_UNIVERSE,false
L24:T2:I105,24,T2,2025-11-10T14:01:40.000Z,1754,99,OBSERVED_OVERRIDE,OBSERVED_CURRENT_OVERRIDE,true
L24:T2:I107,24,T2,2025-11-12T09:25:25.000Z,2753,0,CORRIDOR,POLICY_UNIVERSE,false
L24:T2:I107,24,T2,2025-11-12T09:25:25.000Z,2612,0,CORRIDOR,POLICY_UNIVERSE,false
L24:T2:I107,24,T2,2025-11-12T09:25:25.000Z,1944,0,CORRIDOR,POLICY_UNIVERSE,false
L24:T2:I107,24,T2,2025-11-12T09:25:25.000Z,1411,0,CORRIDOR,POLICY_UNIVERSE,false
L24:T2:I107,24,T2,2025-11-12T09:25:25.000Z,1969,0,CORRIDOR,POLICY_UNIVERSE,false
L24:T2:I107,24,T2,2025-11-12T09:25:25.000Z,2119,0,CORRIDOR,POLICY_UNIVERSE,false
L24:T2:I107,24,T2,2025-11-12T09:25:25.000Z,426,0,CORRIDOR,POLICY_UNIVERSE,false
L24:T2:I107,24,T2,2025-11-12T09:25:25.000Z,2742,0,CORRIDOR,POLICY_UNIVERSE,false
L24:T2:I107,24,T2,2025-11-12T09:25:25.000Z,905,0,CORRIDOR,POLICY_UNIVERSE,false
L24:T2:I107,24,T2,2025-11-12T09:25:25.000Z,1220,0,CORRIDOR,POLICY_UNIVERSE,false
L24:T2:I107,24,T2,2025-11-12T09:25:25.000Z,2081,0,CORRIDOR,POLICY_UNIVERSE,false
L24:T2:I107,24,T2,2025-11-12T09:25:25.000Z,171,0,CORRIDOR,POLICY_UNIVERSE,false
L24:T2:I107,24,T2,2025-11-12T09:25:25.000Z,1826,0,CORRIDOR,POLICY_UNIVERSE,false
L24:T2:I107,24,T2,2025-11-12T09:25:25.000Z,1440,0,CORRIDOR,POLICY_UNIVERSE,false
L24:T2:I107,24,T2,2025-11-12T09:25:25.000Z,784,0,CORRIDOR,POLICY_UNIVERSE,false
L24:T2:I107,24,T2,2025-11-12T09:25:25.000Z,684,0,CORRIDOR,POLICY_UNIVERSE,false
L24:T2:I107,24,T2,2025-11-12T09:25:25.000Z,2111,0,CORRIDOR,POLICY_UNIVERSE,false
L24:T2:I107,24,T2,2025-11-12T09:25:25.000Z,985,0,CORRIDOR,POLICY_UNIVERSE,false
L24:T2:I107,24,T2,2025-11-12T09:25:25.000Z,2093,0,CORRIDOR,POLICY_UNIVERSE,false
L24:T2:I107,24,T2,2025-11-12T09:25:25.000Z,1963,0,CORRIDOR,POLICY_UNIVERSE,false
L24:T2:I107,24,T2,2025-11-12T09:25:25.000Z,1479,0,CORRIDOR,POLICY_UNIVERSE,false
L24:T2:I107,24,T2,2025-11-12T09:25:25.000Z,2342,0,CORRIDOR,POLICY_UNIVERSE,false
L24:T2:I107,24,T2,2025-11-12T09:25:25.000Z,523,0,CORRIDOR,POLICY_UNIVERSE,false
L24:T2:I107,24,T2,2025-11-12T09:25:25.000Z,2810,0,CORRIDOR,POLICY_UNIVERSE,false
L24:T2:I107,24,T2,2025-11-12T09:25:25.000Z,2472,0,CORRIDOR,POLICY_UNIVERSE,false
L24:T2:I107,24,T2,2025-11-12T09:25:25.000Z,2705,0,CORRIDOR,POLICY_UNIVERSE,false
L24:T2:I107,24,T2,2025-11-12T09:25:25.000Z,1134,99,OBSERVED_OVERRIDE,OBSERVED_CURRENT_OVERRIDE,true
L25:T0,25,T0,2026-05-14T00:00:00.000Z,952,0,CORRIDOR,POLICY_UNIVERSE,
L25:T0,25,T0,2026-05-14T00:00:00.000Z,735,0,CORRIDOR,POLICY_UNIVERSE,
L25:T0,25,T0,2026-05-14T00:00:00.000Z,1080,0,CORRIDOR,POLICY_UNIVERSE,
L25:T0,25,T0,2026-05-14T00:00:00.000Z,1215,0,CORRIDOR,POLICY_UNIVERSE,
L25:T0,25,T0,2026-05-14T00:00:00.000Z,49,0,CORRIDOR,POLICY_UNIVERSE,
L25:T0,25,T0,2026-05-14T00:00:00.000Z,1558,0,CORRIDOR,POLICY_UNIVERSE,
L25:T0,25,T0,2026-05-14T00:00:00.000Z,583,0,CORRIDOR,POLICY_UNIVERSE,
L25:T0,25,T0,2026-05-14T00:00:00.000Z,2907,0,CORRIDOR,POLICY_UNIVERSE,
L25:T0,25,T0,2026-05-14T00:00:00.000Z,2913,0,CORRIDOR,POLICY_UNIVERSE,
L25:T0,25,T0,2026-05-14T00:00:00.000Z,265,0,CORRIDOR,POLICY_UNIVERSE,
L25:T0,25,T0,2026-05-14T00:00:00.000Z,2132,0,CORRIDOR,POLICY_UNIVERSE,
L25:T0,25,T0,2026-05-14T00:00:00.000Z,1954,0,CORRIDOR,POLICY_UNIVERSE,
L25:T0,25,T0,2026-05-14T00:00:00.000Z,1839,0,CORRIDOR,POLICY_UNIVERSE,
L25:T0,25,T0,2026-05-14T00:00:00.000Z,2403,0,CORRIDOR,POLICY_UNIVERSE,
L25:T0,25,T0,2026-05-14T00:00:00.000Z,2492,0,CORRIDOR,POLICY_UNIVERSE,
L25:T0,25,T0,2026-05-14T00:00:00.000Z,2937,0,CORRIDOR,POLICY_UNIVERSE,
L25:T0,25,T0,2026-05-14T00:00:00.000Z,1581,0,CORRIDOR,POLICY_UNIVERSE,
L25:T0,25,T0,2026-05-14T00:00:00.000Z,2116,0,CORRIDOR,POLICY_UNIVERSE,
L25:T0,25,T0,2026-05-14T00:00:00.000Z,324,0,CORRIDOR,POLICY_UNIVERSE,
L25:T0,25,T0,2026-05-14T00:00:00.000Z,2581,0,CORRIDOR,POLICY_UNIVERSE,
L25:T0,25,T0,2026-05-14T00:00:00.000Z,1499,0,CORRIDOR,POLICY_UNIVERSE,
L25:T0,25,T0,2026-05-14T00:00:00.000Z,2192,0,CORRIDOR,POLICY_UNIVERSE,
L25:T0,25,T0,2026-05-14T00:00:00.000Z,487,0,CORRIDOR,POLICY_UNIVERSE,
L25:T0,25,T0,2026-05-14T00:00:00.000Z,297,0,CORRIDOR,POLICY_UNIVERSE,
L25:T0,25,T0,2026-05-14T00:00:00.000Z,1158,0,CORRIDOR,POLICY_UNIVERSE,
L25:T0,25,T0,2026-05-14T00:00:00.000Z,878,0,CORRIDOR,POLICY_UNIVERSE,
L25:T0,25,T0,2026-05-14T00:00:00.000Z,2686,0,CORRIDOR,POLICY_UNIVERSE,
L25:T0,25,T0,2026-05-14T00:00:00.000Z,731,0,CORRIDOR,POLICY_UNIVERSE,
L25:T0,25,T0,2026-05-14T00:00:00.000Z,2465,0,CORRIDOR,POLICY_UNIVERSE,
L25:T0,25,T0,2026-05-14T00:00:00.000Z,1627,0,CORRIDOR,POLICY_UNIVERSE,
L25:T0,25,T0,2026-05-14T00:00:00.000Z,1010,0,CORRIDOR,POLICY_UNIVERSE,
L25:T0,25,T0,2026-05-14T00:00:00.000Z,1212,0,CORRIDOR,POLICY_UNIVERSE,
L25:T0,25,T0,2026-05-14T00:00:00.000Z,1565,0,CORRIDOR,POLICY_UNIVERSE,
L25:T0,25,T0,2026-05-14T00:00:00.000Z,908,0,CORRIDOR,POLICY_UNIVERSE,
L25:T0,25,T0,2026-05-14T00:00:00.000Z,1177,0,CORRIDOR,POLICY_UNIVERSE,
L25:T0,25,T0,2026-05-14T00:00:00.000Z,1168,0,CORRIDOR,POLICY_UNIVERSE,
L25:T0,25,T0,2026-05-14T00:00:00.000Z,2127,0,CORRIDOR,POLICY_UNIVERSE,
L25:T0,25,T0,2026-05-14T00:00:00.000Z,1114,0,CORRIDOR,POLICY_UNIVERSE,
L25:T0,25,T0,2026-05-14T00:00:00.000Z,2230,0,CORRIDOR,POLICY_UNIVERSE,
L25:T0,25,T0,2026-05-14T00:00:00.000Z,1325,0,CORRIDOR,POLICY_UNIVERSE,
L25:T0,25,T0,2026-05-14T00:00:00.000Z,1872,0,CORRIDOR,POLICY_UNIVERSE,
L25:T0,25,T0,2026-05-14T00:00:00.000Z,2952,0,CORRIDOR,POLICY_UNIVERSE,
L25:T0,25,T0,2026-05-14T00:00:00.000Z,2232,0,CORRIDOR,POLICY_UNIVERSE,
L25:T0,25,T0,2026-05-14T00:00:00.000Z,270,0,CORRIDOR,POLICY_UNIVERSE,
L25:T0,25,T0,2026-05-14T00:00:00.000Z,387,2,STATE,POLICY_UNIVERSE,
L25:T0,25,T0,2026-05-14T00:00:00.000Z,2604,2,STATE,POLICY_UNIVERSE,
L25:T0,25,T0,2026-05-14T00:00:00.000Z,1856,2,STATE,POLICY_UNIVERSE,
L25:T0,25,T0,2026-05-14T00:00:00.000Z,2408,2,STATE,POLICY_UNIVERSE,
L25:T0,25,T0,2026-05-14T00:00:00.000Z,2276,2,STATE,POLICY_UNIVERSE,
L25:T0,25,T0,2026-05-14T00:00:00.000Z,2064,2,STATE,POLICY_UNIVERSE,
L25:T0,25,T0,2026-05-14T00:00:00.000Z,2477,2,STATE,POLICY_UNIVERSE,
L25:T0,25,T0,2026-05-14T00:00:00.000Z,923,2,STATE,POLICY_UNIVERSE,
L25:T0,25,T0,2026-05-14T00:00:00.000Z,1126,2,STATE,POLICY_UNIVERSE,
L25:T0,25,T0,2026-05-14T00:00:00.000Z,2619,2,STATE,POLICY_UNIVERSE,
L25:T0,25,T0,2026-05-14T00:00:00.000Z,2306,2,STATE,POLICY_UNIVERSE,
L25:T0,25,T0,2026-05-14T00:00:00.000Z,552,2,STATE,POLICY_UNIVERSE,
L25:T0,25,T0,2026-05-14T00:00:00.000Z,1725,2,STATE,POLICY_UNIVERSE,
L25:T0,25,T0,2026-05-14T00:00:00.000Z,2424,2,STATE,POLICY_UNIVERSE,
L25:T0,25,T0,2026-05-14T00:00:00.000Z,1094,2,STATE,POLICY_UNIVERSE,
L25:T0,25,T0,2026-05-14T00:00:00.000Z,72,2,STATE,POLICY_UNIVERSE,
L25:T0,25,T0,2026-05-14T00:00:00.000Z,1656,2,STATE,POLICY_UNIVERSE,
L25:T0,25,T0,2026-05-14T00:00:00.000Z,506,2,STATE,POLICY_UNIVERSE,
L25:T0,25,T0,2026-05-14T00:00:00.000Z,2339,2,STATE,POLICY_UNIVERSE,
L25:T0,25,T0,2026-05-14T00:00:00.000Z,2191,2,STATE,POLICY_UNIVERSE,
L25:T0,25,T0,2026-05-14T00:00:00.000Z,1535,2,STATE,POLICY_UNIVERSE,
L25:T0,25,T0,2026-05-14T00:00:00.000Z,699,2,STATE,POLICY_UNIVERSE,
L25:T0,25,T0,2026-05-14T00:00:00.000Z,465,2,STATE,POLICY_UNIVERSE,
L25:T0,25,T0,2026-05-14T00:00:00.000Z,1937,2,STATE,POLICY_UNIVERSE,
L25:T0,25,T0,2026-05-14T00:00:00.000Z,181,2,STATE,POLICY_UNIVERSE,
L25:T0,25,T0,2026-05-14T00:00:00.000Z,2300,2,STATE,POLICY_UNIVERSE,
L25:T0,25,T0,2026-05-14T00:00:00.000Z,2411,2,STATE,POLICY_UNIVERSE,
L25:T0,25,T0,2026-05-14T00:00:00.000Z,205,2,STATE,POLICY_UNIVERSE,
L25:T0,25,T0,2026-05-14T00:00:00.000Z,987,2,STATE,POLICY_UNIVERSE,
L25:T0,25,T0,2026-05-14T00:00:00.000Z,1061,2,STATE,POLICY_UNIVERSE,
L25:T0,25,T0,2026-05-14T00:00:00.000Z,2839,2,STATE,POLICY_UNIVERSE,
L25:T0,25,T0,2026-05-14T00:00:00.000Z,206,2,STATE,POLICY_UNIVERSE,
L25:T0,25,T0,2026-05-14T00:00:00.000Z,916,2,STATE,POLICY_UNIVERSE,
L25:T0,25,T0,2026-05-14T00:00:00.000Z,1502,2,STATE,POLICY_UNIVERSE,
L25:T0,25,T0,2026-05-14T00:00:00.000Z,940,2,STATE,POLICY_UNIVERSE,
L25:T0,25,T0,2026-05-14T00:00:00.000Z,2704,2,STATE,POLICY_UNIVERSE,
L25:T0,25,T0,2026-05-14T00:00:00.000Z,1306,2,STATE,POLICY_UNIVERSE,
L25:T0,25,T0,2026-05-14T00:00:00.000Z,766,2,STATE,POLICY_UNIVERSE,
L25:T0,25,T0,2026-05-14T00:00:00.000Z,418,2,STATE,POLICY_UNIVERSE,
L25:T0,25,T0,2026-05-14T00:00:00.000Z,538,2,STATE,POLICY_UNIVERSE,
L25:T0,25,T0,2026-05-14T00:00:00.000Z,2014,2,STATE,POLICY_UNIVERSE,
L25:T0,25,T0,2026-05-14T00:00:00.000Z,1663,2,STATE,POLICY_UNIVERSE,
L25:T0,25,T0,2026-05-14T00:00:00.000Z,2182,2,STATE,POLICY_UNIVERSE,
L25:T0,25,T0,2026-05-14T00:00:00.000Z,2740,2,STATE,POLICY_UNIVERSE,
L25:T0,25,T0,2026-05-14T00:00:00.000Z,1588,2,STATE,POLICY_UNIVERSE,
L25:T0,25,T0,2026-05-14T00:00:00.000Z,2315,2,STATE,POLICY_UNIVERSE,
L25:T0,25,T0,2026-05-14T00:00:00.000Z,481,2,STATE,POLICY_UNIVERSE,
L25:T0,25,T0,2026-05-14T00:00:00.000Z,1054,2,STATE,POLICY_UNIVERSE,
L25:T0,25,T0,2026-05-14T00:00:00.000Z,2194,2,STATE,POLICY_UNIVERSE,
L25:T0,25,T0,2026-05-14T00:00:00.000Z,464,2,STATE,POLICY_UNIVERSE,
L25:T0,25,T0,2026-05-14T00:00:00.000Z,2386,2,STATE,POLICY_UNIVERSE,
L25:T0,25,T0,2026-05-14T00:00:00.000Z,2754,2,STATE,POLICY_UNIVERSE,
L25:T0,25,T0,2026-05-14T00:00:00.000Z,2438,2,STATE,POLICY_UNIVERSE,
L25:T0,25,T0,2026-05-14T00:00:00.000Z,2013,2,STATE,POLICY_UNIVERSE,
L25:T0,25,T0,2026-05-14T00:00:00.000Z,907,2,STATE,POLICY_UNIVERSE,
L25:T0,25,T0,2026-05-14T00:00:00.000Z,1403,2,STATE,POLICY_UNIVERSE,
L25:T0,25,T0,2026-05-14T00:00:00.000Z,1523,2,STATE,POLICY_UNIVERSE,
L25:T0,25,T0,2026-05-14T00:00:00.000Z,1454,2,STATE,POLICY_UNIVERSE,
L25:T0,25,T0,2026-05-14T00:00:00.000Z,2572,2,STATE,POLICY_UNIVERSE,
L25:T0,25,T0,2026-05-14T00:00:00.000Z,1230,2,STATE,POLICY_UNIVERSE,
L25:T0,25,T0,2026-05-14T00:00:00.000Z,1381,2,STATE,POLICY_UNIVERSE,
L25:T0,25,T0,2026-05-14T00:00:00.000Z,1736,2,STATE,POLICY_UNIVERSE,
L25:T0,25,T0,2026-05-14T00:00:00.000Z,1478,2,STATE,POLICY_UNIVERSE,
L25:T0,25,T0,2026-05-14T00:00:00.000Z,1887,2,STATE,POLICY_UNIVERSE,
L25:T0,25,T0,2026-05-14T00:00:00.000Z,2715,2,STATE,POLICY_UNIVERSE,
L25:T0,25,T0,2026-05-14T00:00:00.000Z,1305,2,STATE,POLICY_UNIVERSE,
L25:T0,25,T0,2026-05-14T00:00:00.000Z,732,2,STATE,POLICY_UNIVERSE,
L25:T0,25,T0,2026-05-14T00:00:00.000Z,584,2,STATE,POLICY_UNIVERSE,
L25:T0,25,T0,2026-05-14T00:00:00.000Z,992,2,STATE,POLICY_UNIVERSE,
L25:T0,25,T0,2026-05-14T00:00:00.000Z,2496,2,STATE,POLICY_UNIVERSE,
L25:T0,25,T0,2026-05-14T00:00:00.000Z,292,2,STATE,POLICY_UNIVERSE,
L25:T0,25,T0,2026-05-14T00:00:00.000Z,1704,2,STATE,POLICY_UNIVERSE,
L25:T0,25,T0,2026-05-14T00:00:00.000Z,757,2,STATE,POLICY_UNIVERSE,
L25:T0,25,T0,2026-05-14T00:00:00.000Z,815,2,STATE,POLICY_UNIVERSE,
L25:T0,25,T0,2026-05-14T00:00:00.000Z,820,2,STATE,POLICY_UNIVERSE,
L25:T0,25,T0,2026-05-14T00:00:00.000Z,1522,2,STATE,POLICY_UNIVERSE,
L25:T0,25,T0,2026-05-14T00:00:00.000Z,1927,2,STATE,POLICY_UNIVERSE,
L25:T0,25,T0,2026-05-14T00:00:00.000Z,2872,2,STATE,POLICY_UNIVERSE,
L25:T0,25,T0,2026-05-14T00:00:00.000Z,1307,2,STATE,POLICY_UNIVERSE,
L25:T0,25,T0,2026-05-14T00:00:00.000Z,2047,2,STATE,POLICY_UNIVERSE,
L25:T0,25,T0,2026-05-14T00:00:00.000Z,1988,2,STATE,POLICY_UNIVERSE,
L25:T0,25,T0,2026-05-14T00:00:00.000Z,56,2,STATE,POLICY_UNIVERSE,
L25:T0,25,T0,2026-05-14T00:00:00.000Z,2892,2,STATE,POLICY_UNIVERSE,
L25:T0,25,T0,2026-05-14T00:00:00.000Z,2700,2,STATE,POLICY_UNIVERSE,
L25:T0,25,T0,2026-05-14T00:00:00.000Z,1578,2,STATE,POLICY_UNIVERSE,
L25:T0,25,T0,2026-05-14T00:00:00.000Z,1231,2,STATE,POLICY_UNIVERSE,
L25:T1:I108,25,T1,2026-05-14T20:48:46.000Z,952,0,CORRIDOR,POLICY_UNIVERSE,false
L25:T1:I108,25,T1,2026-05-14T20:48:46.000Z,735,0,CORRIDOR,POLICY_UNIVERSE,false
L25:T1:I108,25,T1,2026-05-14T20:48:46.000Z,1080,0,CORRIDOR,POLICY_UNIVERSE,false
L25:T1:I108,25,T1,2026-05-14T20:48:46.000Z,1215,0,CORRIDOR,POLICY_UNIVERSE,false
L25:T1:I108,25,T1,2026-05-14T20:48:46.000Z,49,0,CORRIDOR,POLICY_UNIVERSE,false
L25:T1:I108,25,T1,2026-05-14T20:48:46.000Z,1558,0,CORRIDOR,POLICY_UNIVERSE,false
L25:T1:I108,25,T1,2026-05-14T20:48:46.000Z,583,0,CORRIDOR,POLICY_UNIVERSE,false
L25:T1:I108,25,T1,2026-05-14T20:48:46.000Z,2907,0,CORRIDOR,POLICY_UNIVERSE,false
L25:T1:I108,25,T1,2026-05-14T20:48:46.000Z,2913,0,CORRIDOR,POLICY_UNIVERSE,false
L25:T1:I108,25,T1,2026-05-14T20:48:46.000Z,265,0,CORRIDOR,POLICY_UNIVERSE,false
L25:T1:I108,25,T1,2026-05-14T20:48:46.000Z,2132,0,CORRIDOR,POLICY_UNIVERSE,false
L25:T1:I108,25,T1,2026-05-14T20:48:46.000Z,1954,0,CORRIDOR,POLICY_UNIVERSE,false
L25:T1:I108,25,T1,2026-05-14T20:48:46.000Z,1839,0,CORRIDOR,POLICY_UNIVERSE,false
L25:T1:I108,25,T1,2026-05-14T20:48:46.000Z,2403,0,CORRIDOR,POLICY_UNIVERSE,false
L25:T1:I108,25,T1,2026-05-14T20:48:46.000Z,2492,0,CORRIDOR,POLICY_UNIVERSE,false
L25:T1:I108,25,T1,2026-05-14T20:48:46.000Z,2937,0,CORRIDOR,POLICY_UNIVERSE,false
L25:T1:I108,25,T1,2026-05-14T20:48:46.000Z,1581,0,CORRIDOR,POLICY_UNIVERSE,false
L25:T1:I108,25,T1,2026-05-14T20:48:46.000Z,2116,0,CORRIDOR,POLICY_UNIVERSE,false
L25:T1:I108,25,T1,2026-05-14T20:48:46.000Z,324,0,CORRIDOR,POLICY_UNIVERSE,false
L25:T1:I108,25,T1,2026-05-14T20:48:46.000Z,2581,0,CORRIDOR,POLICY_UNIVERSE,false
L25:T1:I108,25,T1,2026-05-14T20:48:46.000Z,1499,0,CORRIDOR,POLICY_UNIVERSE,false
L25:T1:I108,25,T1,2026-05-14T20:48:46.000Z,2192,0,CORRIDOR,POLICY_UNIVERSE,false
L25:T1:I108,25,T1,2026-05-14T20:48:46.000Z,487,0,CORRIDOR,POLICY_UNIVERSE,false
L25:T1:I108,25,T1,2026-05-14T20:48:46.000Z,297,0,CORRIDOR,POLICY_UNIVERSE,false
L25:T1:I108,25,T1,2026-05-14T20:48:46.000Z,1158,0,CORRIDOR,POLICY_UNIVERSE,false
L25:T1:I108,25,T1,2026-05-14T20:48:46.000Z,878,0,CORRIDOR,POLICY_UNIVERSE,false
L25:T1:I108,25,T1,2026-05-14T20:48:46.000Z,2686,0,CORRIDOR,POLICY_UNIVERSE,false
L25:T1:I108,25,T1,2026-05-14T20:48:46.000Z,731,0,CORRIDOR,POLICY_UNIVERSE,false
L25:T1:I108,25,T1,2026-05-14T20:48:46.000Z,2465,0,CORRIDOR,POLICY_UNIVERSE,false
L25:T1:I108,25,T1,2026-05-14T20:48:46.000Z,1627,0,CORRIDOR,POLICY_UNIVERSE,false
L25:T1:I108,25,T1,2026-05-14T20:48:46.000Z,1010,0,CORRIDOR,POLICY_UNIVERSE,false
L25:T1:I108,25,T1,2026-05-14T20:48:46.000Z,1212,0,CORRIDOR,POLICY_UNIVERSE,false
L25:T1:I108,25,T1,2026-05-14T20:48:46.000Z,1565,0,CORRIDOR,POLICY_UNIVERSE,false
L25:T1:I108,25,T1,2026-05-14T20:48:46.000Z,908,0,CORRIDOR,POLICY_UNIVERSE,false
L25:T1:I108,25,T1,2026-05-14T20:48:46.000Z,1177,0,CORRIDOR,POLICY_UNIVERSE,false
L25:T1:I108,25,T1,2026-05-14T20:48:46.000Z,1168,0,CORRIDOR,POLICY_UNIVERSE,false
L25:T1:I108,25,T1,2026-05-14T20:48:46.000Z,2127,0,CORRIDOR,POLICY_UNIVERSE,false
L25:T1:I108,25,T1,2026-05-14T20:48:46.000Z,1114,0,CORRIDOR,POLICY_UNIVERSE,false
L25:T1:I108,25,T1,2026-05-14T20:48:46.000Z,2230,0,CORRIDOR,POLICY_UNIVERSE,false
L25:T1:I108,25,T1,2026-05-14T20:48:46.000Z,1325,0,CORRIDOR,POLICY_UNIVERSE,false
L25:T1:I108,25,T1,2026-05-14T20:48:46.000Z,1872,0,CORRIDOR,POLICY_UNIVERSE,false
L25:T1:I108,25,T1,2026-05-14T20:48:46.000Z,2952,0,CORRIDOR,POLICY_UNIVERSE,false
L25:T1:I108,25,T1,2026-05-14T20:48:46.000Z,2232,0,CORRIDOR,POLICY_UNIVERSE,false
L25:T1:I108,25,T1,2026-05-14T20:48:46.000Z,270,0,CORRIDOR,POLICY_UNIVERSE,false
L25:T1:I108,25,T1,2026-05-14T20:48:46.000Z,387,2,STATE,POLICY_UNIVERSE,false
L25:T1:I108,25,T1,2026-05-14T20:48:46.000Z,2604,2,STATE,POLICY_UNIVERSE,false
L25:T1:I108,25,T1,2026-05-14T20:48:46.000Z,1856,2,STATE,POLICY_UNIVERSE,true
L25:T1:I108,25,T1,2026-05-14T20:48:46.000Z,2408,2,STATE,POLICY_UNIVERSE,false
L25:T1:I108,25,T1,2026-05-14T20:48:46.000Z,2276,2,STATE,POLICY_UNIVERSE,false
L25:T1:I108,25,T1,2026-05-14T20:48:46.000Z,2064,2,STATE,POLICY_UNIVERSE,false
L25:T1:I108,25,T1,2026-05-14T20:48:46.000Z,2477,2,STATE,POLICY_UNIVERSE,false
L25:T1:I108,25,T1,2026-05-14T20:48:46.000Z,923,2,STATE,POLICY_UNIVERSE,false
L25:T1:I108,25,T1,2026-05-14T20:48:46.000Z,1126,2,STATE,POLICY_UNIVERSE,false
L25:T1:I108,25,T1,2026-05-14T20:48:46.000Z,2619,2,STATE,POLICY_UNIVERSE,false
L25:T1:I108,25,T1,2026-05-14T20:48:46.000Z,2306,2,STATE,POLICY_UNIVERSE,false
L25:T1:I108,25,T1,2026-05-14T20:48:46.000Z,552,2,STATE,POLICY_UNIVERSE,false
L25:T1:I108,25,T1,2026-05-14T20:48:46.000Z,1725,2,STATE,POLICY_UNIVERSE,false
L25:T1:I108,25,T1,2026-05-14T20:48:46.000Z,2424,2,STATE,POLICY_UNIVERSE,false
L25:T1:I108,25,T1,2026-05-14T20:48:46.000Z,1094,2,STATE,POLICY_UNIVERSE,false
L25:T1:I108,25,T1,2026-05-14T20:48:46.000Z,72,2,STATE,POLICY_UNIVERSE,false
L25:T1:I108,25,T1,2026-05-14T20:48:46.000Z,1656,2,STATE,POLICY_UNIVERSE,false
L25:T1:I108,25,T1,2026-05-14T20:48:46.000Z,506,2,STATE,POLICY_UNIVERSE,false
L25:T1:I108,25,T1,2026-05-14T20:48:46.000Z,2339,2,STATE,POLICY_UNIVERSE,false
L25:T1:I108,25,T1,2026-05-14T20:48:46.000Z,2191,2,STATE,POLICY_UNIVERSE,false
L25:T1:I108,25,T1,2026-05-14T20:48:46.000Z,1535,2,STATE,POLICY_UNIVERSE,false
L25:T1:I108,25,T1,2026-05-14T20:48:46.000Z,699,2,STATE,POLICY_UNIVERSE,false
L25:T1:I108,25,T1,2026-05-14T20:48:46.000Z,465,2,STATE,POLICY_UNIVERSE,false
L25:T1:I108,25,T1,2026-05-14T20:48:46.000Z,1937,2,STATE,POLICY_UNIVERSE,false
L25:T1:I108,25,T1,2026-05-14T20:48:46.000Z,181,2,STATE,POLICY_UNIVERSE,false
L25:T1:I108,25,T1,2026-05-14T20:48:46.000Z,2300,2,STATE,POLICY_UNIVERSE,false
L25:T1:I108,25,T1,2026-05-14T20:48:46.000Z,2411,2,STATE,POLICY_UNIVERSE,false
L25:T1:I108,25,T1,2026-05-14T20:48:46.000Z,205,2,STATE,POLICY_UNIVERSE,false
L25:T1:I108,25,T1,2026-05-14T20:48:46.000Z,987,2,STATE,POLICY_UNIVERSE,false
L25:T1:I108,25,T1,2026-05-14T20:48:46.000Z,1061,2,STATE,POLICY_UNIVERSE,false
L25:T1:I108,25,T1,2026-05-14T20:48:46.000Z,2839,2,STATE,POLICY_UNIVERSE,false
L25:T1:I108,25,T1,2026-05-14T20:48:46.000Z,206,2,STATE,POLICY_UNIVERSE,false
L25:T1:I108,25,T1,2026-05-14T20:48:46.000Z,916,2,STATE,POLICY_UNIVERSE,false
L25:T1:I108,25,T1,2026-05-14T20:48:46.000Z,1502,2,STATE,POLICY_UNIVERSE,false
L25:T1:I108,25,T1,2026-05-14T20:48:46.000Z,940,2,STATE,POLICY_UNIVERSE,false
L25:T1:I108,25,T1,2026-05-14T20:48:46.000Z,2704,2,STATE,POLICY_UNIVERSE,false
L25:T1:I108,25,T1,2026-05-14T20:48:46.000Z,1306,2,STATE,POLICY_UNIVERSE,false
L25:T1:I108,25,T1,2026-05-14T20:48:46.000Z,766,2,STATE,POLICY_UNIVERSE,false
L25:T1:I108,25,T1,2026-05-14T20:48:46.000Z,418,2,STATE,POLICY_UNIVERSE,false
L25:T1:I108,25,T1,2026-05-14T20:48:46.000Z,538,2,STATE,POLICY_UNIVERSE,false
L25:T1:I108,25,T1,2026-05-14T20:48:46.000Z,2014,2,STATE,POLICY_UNIVERSE,false
L25:T1:I108,25,T1,2026-05-14T20:48:46.000Z,1663,2,STATE,POLICY_UNIVERSE,false
L25:T1:I108,25,T1,2026-05-14T20:48:46.000Z,2182,2,STATE,POLICY_UNIVERSE,false
L25:T1:I108,25,T1,2026-05-14T20:48:46.000Z,2740,2,STATE,POLICY_UNIVERSE,false
L25:T1:I108,25,T1,2026-05-14T20:48:46.000Z,1588,2,STATE,POLICY_UNIVERSE,false
L25:T1:I108,25,T1,2026-05-14T20:48:46.000Z,2315,2,STATE,POLICY_UNIVERSE,false
L25:T1:I108,25,T1,2026-05-14T20:48:46.000Z,481,2,STATE,POLICY_UNIVERSE,false
L25:T1:I108,25,T1,2026-05-14T20:48:46.000Z,1054,2,STATE,POLICY_UNIVERSE,false
L25:T1:I108,25,T1,2026-05-14T20:48:46.000Z,2194,2,STATE,POLICY_UNIVERSE,false
L25:T1:I108,25,T1,2026-05-14T20:48:46.000Z,464,2,STATE,POLICY_UNIVERSE,false
L25:T1:I108,25,T1,2026-05-14T20:48:46.000Z,2386,2,STATE,POLICY_UNIVERSE,false
L25:T1:I108,25,T1,2026-05-14T20:48:46.000Z,2754,2,STATE,POLICY_UNIVERSE,false
L25:T1:I108,25,T1,2026-05-14T20:48:46.000Z,2438,2,STATE,POLICY_UNIVERSE,false
L25:T1:I108,25,T1,2026-05-14T20:48:46.000Z,2013,2,STATE,POLICY_UNIVERSE,false
L25:T1:I108,25,T1,2026-05-14T20:48:46.000Z,907,2,STATE,POLICY_UNIVERSE,false
L25:T1:I108,25,T1,2026-05-14T20:48:46.000Z,1403,2,STATE,POLICY_UNIVERSE,false
L25:T1:I108,25,T1,2026-05-14T20:48:46.000Z,1523,2,STATE,POLICY_UNIVERSE,false
L25:T1:I108,25,T1,2026-05-14T20:48:46.000Z,1454,2,STATE,POLICY_UNIVERSE,false
L25:T1:I108,25,T1,2026-05-14T20:48:46.000Z,2572,2,STATE,POLICY_UNIVERSE,false
L25:T1:I108,25,T1,2026-05-14T20:48:46.000Z,1230,2,STATE,POLICY_UNIVERSE,false
L25:T1:I108,25,T1,2026-05-14T20:48:46.000Z,1381,2,STATE,POLICY_UNIVERSE,false
L25:T1:I108,25,T1,2026-05-14T20:48:46.000Z,1736,2,STATE,POLICY_UNIVERSE,false
L25:T1:I108,25,T1,2026-05-14T20:48:46.000Z,1478,2,STATE,POLICY_UNIVERSE,false
L25:T1:I108,25,T1,2026-05-14T20:48:46.000Z,1887,2,STATE,POLICY_UNIVERSE,false
L25:T1:I108,25,T1,2026-05-14T20:48:46.000Z,2715,2,STATE,POLICY_UNIVERSE,false
L25:T1:I108,25,T1,2026-05-14T20:48:46.000Z,1305,2,STATE,POLICY_UNIVERSE,false
L25:T1:I108,25,T1,2026-05-14T20:48:46.000Z,732,2,STATE,POLICY_UNIVERSE,false
L25:T1:I108,25,T1,2026-05-14T20:48:46.000Z,584,2,STATE,POLICY_UNIVERSE,false
L25:T1:I108,25,T1,2026-05-14T20:48:46.000Z,992,2,STATE,POLICY_UNIVERSE,false
L25:T1:I108,25,T1,2026-05-14T20:48:46.000Z,2496,2,STATE,POLICY_UNIVERSE,false
L25:T1:I108,25,T1,2026-05-14T20:48:46.000Z,292,2,STATE,POLICY_UNIVERSE,false
L25:T1:I108,25,T1,2026-05-14T20:48:46.000Z,1704,2,STATE,POLICY_UNIVERSE,false
L25:T1:I108,25,T1,2026-05-14T20:48:46.000Z,757,2,STATE,POLICY_UNIVERSE,false
L25:T1:I108,25,T1,2026-05-14T20:48:46.000Z,815,2,STATE,POLICY_UNIVERSE,false
L25:T1:I108,25,T1,2026-05-14T20:48:46.000Z,820,2,STATE,POLICY_UNIVERSE,false
L25:T1:I108,25,T1,2026-05-14T20:48:46.000Z,1522,2,STATE,POLICY_UNIVERSE,false
L25:T1:I108,25,T1,2026-05-14T20:48:46.000Z,1927,2,STATE,POLICY_UNIVERSE,false
L25:T1:I108,25,T1,2026-05-14T20:48:46.000Z,2872,2,STATE,POLICY_UNIVERSE,false
L25:T1:I108,25,T1,2026-05-14T20:48:46.000Z,1307,2,STATE,POLICY_UNIVERSE,false
L25:T1:I108,25,T1,2026-05-14T20:48:46.000Z,2047,2,STATE,POLICY_UNIVERSE,false
L25:T1:I108,25,T1,2026-05-14T20:48:46.000Z,1988,2,STATE,POLICY_UNIVERSE,false
L25:T1:I108,25,T1,2026-05-14T20:48:46.000Z,56,2,STATE,POLICY_UNIVERSE,false
L25:T1:I108,25,T1,2026-05-14T20:48:46.000Z,2892,2,STATE,POLICY_UNIVERSE,false
L25:T1:I108,25,T1,2026-05-14T20:48:46.000Z,2700,2,STATE,POLICY_UNIVERSE,false
L25:T1:I108,25,T1,2026-05-14T20:48:46.000Z,1578,2,STATE,POLICY_UNIVERSE,false
L25:T1:I108,25,T1,2026-05-14T20:48:46.000Z,1231,2,STATE,POLICY_UNIVERSE,false
L25:T2:I110,25,T2,2026-05-18T09:32:24.000Z,952,0,CORRIDOR,POLICY_UNIVERSE,false
L25:T2:I110,25,T2,2026-05-18T09:32:24.000Z,735,0,CORRIDOR,POLICY_UNIVERSE,false
L25:T2:I110,25,T2,2026-05-18T09:32:24.000Z,1080,0,CORRIDOR,POLICY_UNIVERSE,false
L25:T2:I110,25,T2,2026-05-18T09:32:24.000Z,1215,0,CORRIDOR,POLICY_UNIVERSE,false
L25:T2:I110,25,T2,2026-05-18T09:32:24.000Z,49,0,CORRIDOR,POLICY_UNIVERSE,false
L25:T2:I110,25,T2,2026-05-18T09:32:24.000Z,1558,0,CORRIDOR,POLICY_UNIVERSE,false
L25:T2:I110,25,T2,2026-05-18T09:32:24.000Z,583,0,CORRIDOR,POLICY_UNIVERSE,false
L25:T2:I110,25,T2,2026-05-18T09:32:24.000Z,2907,0,CORRIDOR,POLICY_UNIVERSE,false
L25:T2:I110,25,T2,2026-05-18T09:32:24.000Z,2913,0,CORRIDOR,POLICY_UNIVERSE,false
L25:T2:I110,25,T2,2026-05-18T09:32:24.000Z,265,0,CORRIDOR,POLICY_UNIVERSE,false
L25:T2:I110,25,T2,2026-05-18T09:32:24.000Z,2132,0,CORRIDOR,POLICY_UNIVERSE,false
L25:T2:I110,25,T2,2026-05-18T09:32:24.000Z,1954,0,CORRIDOR,POLICY_UNIVERSE,false
L25:T2:I110,25,T2,2026-05-18T09:32:24.000Z,1839,0,CORRIDOR,POLICY_UNIVERSE,false
L25:T2:I110,25,T2,2026-05-18T09:32:24.000Z,2403,0,CORRIDOR,POLICY_UNIVERSE,false
L25:T2:I110,25,T2,2026-05-18T09:32:24.000Z,2492,0,CORRIDOR,POLICY_UNIVERSE,false
L25:T2:I110,25,T2,2026-05-18T09:32:24.000Z,2937,0,CORRIDOR,POLICY_UNIVERSE,false
L25:T2:I110,25,T2,2026-05-18T09:32:24.000Z,1581,0,CORRIDOR,POLICY_UNIVERSE,false
L25:T2:I110,25,T2,2026-05-18T09:32:24.000Z,2116,0,CORRIDOR,POLICY_UNIVERSE,false
L25:T2:I110,25,T2,2026-05-18T09:32:24.000Z,324,0,CORRIDOR,POLICY_UNIVERSE,false
L25:T2:I110,25,T2,2026-05-18T09:32:24.000Z,2581,0,CORRIDOR,POLICY_UNIVERSE,false
L25:T2:I110,25,T2,2026-05-18T09:32:24.000Z,1499,0,CORRIDOR,POLICY_UNIVERSE,false
L25:T2:I110,25,T2,2026-05-18T09:32:24.000Z,2192,0,CORRIDOR,POLICY_UNIVERSE,false
L25:T2:I110,25,T2,2026-05-18T09:32:24.000Z,487,0,CORRIDOR,POLICY_UNIVERSE,false
L25:T2:I110,25,T2,2026-05-18T09:32:24.000Z,297,0,CORRIDOR,POLICY_UNIVERSE,false
L25:T2:I110,25,T2,2026-05-18T09:32:24.000Z,1158,0,CORRIDOR,POLICY_UNIVERSE,false
L25:T2:I110,25,T2,2026-05-18T09:32:24.000Z,878,0,CORRIDOR,POLICY_UNIVERSE,false
L25:T2:I110,25,T2,2026-05-18T09:32:24.000Z,2686,0,CORRIDOR,POLICY_UNIVERSE,false
L25:T2:I110,25,T2,2026-05-18T09:32:24.000Z,731,0,CORRIDOR,POLICY_UNIVERSE,false
L25:T2:I110,25,T2,2026-05-18T09:32:24.000Z,2465,0,CORRIDOR,POLICY_UNIVERSE,false
L25:T2:I110,25,T2,2026-05-18T09:32:24.000Z,1627,0,CORRIDOR,POLICY_UNIVERSE,false
L25:T2:I110,25,T2,2026-05-18T09:32:24.000Z,1010,0,CORRIDOR,POLICY_UNIVERSE,false
L25:T2:I110,25,T2,2026-05-18T09:32:24.000Z,1212,0,CORRIDOR,POLICY_UNIVERSE,false
L25:T2:I110,25,T2,2026-05-18T09:32:24.000Z,1565,0,CORRIDOR,POLICY_UNIVERSE,false
L25:T2:I110,25,T2,2026-05-18T09:32:24.000Z,908,0,CORRIDOR,POLICY_UNIVERSE,false
L25:T2:I110,25,T2,2026-05-18T09:32:24.000Z,1177,0,CORRIDOR,POLICY_UNIVERSE,false
L25:T2:I110,25,T2,2026-05-18T09:32:24.000Z,1168,0,CORRIDOR,POLICY_UNIVERSE,false
L25:T2:I110,25,T2,2026-05-18T09:32:24.000Z,2127,0,CORRIDOR,POLICY_UNIVERSE,false
L25:T2:I110,25,T2,2026-05-18T09:32:24.000Z,1114,0,CORRIDOR,POLICY_UNIVERSE,false
L25:T2:I110,25,T2,2026-05-18T09:32:24.000Z,2230,0,CORRIDOR,POLICY_UNIVERSE,false
L25:T2:I110,25,T2,2026-05-18T09:32:24.000Z,1325,0,CORRIDOR,POLICY_UNIVERSE,false
L25:T2:I110,25,T2,2026-05-18T09:32:24.000Z,1872,0,CORRIDOR,POLICY_UNIVERSE,false
L25:T2:I110,25,T2,2026-05-18T09:32:24.000Z,2952,0,CORRIDOR,POLICY_UNIVERSE,false
L25:T2:I110,25,T2,2026-05-18T09:32:24.000Z,2232,0,CORRIDOR,POLICY_UNIVERSE,false
L25:T2:I110,25,T2,2026-05-18T09:32:24.000Z,270,0,CORRIDOR,POLICY_UNIVERSE,false
L25:T2:I110,25,T2,2026-05-18T09:32:24.000Z,387,2,STATE,POLICY_UNIVERSE,false
L25:T2:I110,25,T2,2026-05-18T09:32:24.000Z,2604,2,STATE,POLICY_UNIVERSE,false
L25:T2:I110,25,T2,2026-05-18T09:32:24.000Z,1856,2,STATE,POLICY_UNIVERSE,false
L25:T2:I110,25,T2,2026-05-18T09:32:24.000Z,2408,2,STATE,POLICY_UNIVERSE,false
L25:T2:I110,25,T2,2026-05-18T09:32:24.000Z,2276,2,STATE,POLICY_UNIVERSE,false
L25:T2:I110,25,T2,2026-05-18T09:32:24.000Z,2064,2,STATE,POLICY_UNIVERSE,false
L25:T2:I110,25,T2,2026-05-18T09:32:24.000Z,2477,2,STATE,POLICY_UNIVERSE,false
L25:T2:I110,25,T2,2026-05-18T09:32:24.000Z,923,2,STATE,POLICY_UNIVERSE,false
L25:T2:I110,25,T2,2026-05-18T09:32:24.000Z,1126,2,STATE,POLICY_UNIVERSE,false
L25:T2:I110,25,T2,2026-05-18T09:32:24.000Z,2619,2,STATE,POLICY_UNIVERSE,false
L25:T2:I110,25,T2,2026-05-18T09:32:24.000Z,2306,2,STATE,POLICY_UNIVERSE,false
L25:T2:I110,25,T2,2026-05-18T09:32:24.000Z,552,2,STATE,POLICY_UNIVERSE,false
L25:T2:I110,25,T2,2026-05-18T09:32:24.000Z,1725,2,STATE,POLICY_UNIVERSE,false
L25:T2:I110,25,T2,2026-05-18T09:32:24.000Z,2424,2,STATE,POLICY_UNIVERSE,false
L25:T2:I110,25,T2,2026-05-18T09:32:24.000Z,1094,2,STATE,POLICY_UNIVERSE,false
L25:T2:I110,25,T2,2026-05-18T09:32:24.000Z,72,2,STATE,POLICY_UNIVERSE,false
L25:T2:I110,25,T2,2026-05-18T09:32:24.000Z,1656,2,STATE,POLICY_UNIVERSE,false
L25:T2:I110,25,T2,2026-05-18T09:32:24.000Z,506,2,STATE,POLICY_UNIVERSE,false
L25:T2:I110,25,T2,2026-05-18T09:32:24.000Z,2339,2,STATE,POLICY_UNIVERSE,false
L25:T2:I110,25,T2,2026-05-18T09:32:24.000Z,2191,2,STATE,POLICY_UNIVERSE,false
L25:T2:I110,25,T2,2026-05-18T09:32:24.000Z,1535,2,STATE,POLICY_UNIVERSE,false
L25:T2:I110,25,T2,2026-05-18T09:32:24.000Z,699,2,STATE,POLICY_UNIVERSE,false
L25:T2:I110,25,T2,2026-05-18T09:32:24.000Z,465,2,STATE,POLICY_UNIVERSE,false
L25:T2:I110,25,T2,2026-05-18T09:32:24.000Z,1937,2,STATE,POLICY_UNIVERSE,false
L25:T2:I110,25,T2,2026-05-18T09:32:24.000Z,181,2,STATE,POLICY_UNIVERSE,false
L25:T2:I110,25,T2,2026-05-18T09:32:24.000Z,2300,2,STATE,POLICY_UNIVERSE,false
L25:T2:I110,25,T2,2026-05-18T09:32:24.000Z,2411,2,STATE,POLICY_UNIVERSE,false
L25:T2:I110,25,T2,2026-05-18T09:32:24.000Z,205,2,STATE,POLICY_UNIVERSE,false
L25:T2:I110,25,T2,2026-05-18T09:32:24.000Z,987,2,STATE,POLICY_UNIVERSE,false
L25:T2:I110,25,T2,2026-05-18T09:32:24.000Z,1061,2,STATE,POLICY_UNIVERSE,false
L25:T2:I110,25,T2,2026-05-18T09:32:24.000Z,2839,2,STATE,POLICY_UNIVERSE,false
L25:T2:I110,25,T2,2026-05-18T09:32:24.000Z,206,2,STATE,POLICY_UNIVERSE,false
L25:T2:I110,25,T2,2026-05-18T09:32:24.000Z,916,2,STATE,POLICY_UNIVERSE,false
L25:T2:I110,25,T2,2026-05-18T09:32:24.000Z,1502,2,STATE,POLICY_UNIVERSE,false
L25:T2:I110,25,T2,2026-05-18T09:32:24.000Z,940,2,STATE,POLICY_UNIVERSE,false
L25:T2:I110,25,T2,2026-05-18T09:32:24.000Z,2704,2,STATE,POLICY_UNIVERSE,false
L25:T2:I110,25,T2,2026-05-18T09:32:24.000Z,1306,2,STATE,POLICY_UNIVERSE,false
L25:T2:I110,25,T2,2026-05-18T09:32:24.000Z,766,2,STATE,POLICY_UNIVERSE,false
L25:T2:I110,25,T2,2026-05-18T09:32:24.000Z,418,2,STATE,POLICY_UNIVERSE,false
L25:T2:I110,25,T2,2026-05-18T09:32:24.000Z,538,2,STATE,POLICY_UNIVERSE,false
L25:T2:I110,25,T2,2026-05-18T09:32:24.000Z,2014,2,STATE,POLICY_UNIVERSE,false
L25:T2:I110,25,T2,2026-05-18T09:32:24.000Z,1663,2,STATE,POLICY_UNIVERSE,false
L25:T2:I110,25,T2,2026-05-18T09:32:24.000Z,2182,2,STATE,POLICY_UNIVERSE,false
L25:T2:I110,25,T2,2026-05-18T09:32:24.000Z,2740,2,STATE,POLICY_UNIVERSE,false
L25:T2:I110,25,T2,2026-05-18T09:32:24.000Z,1588,2,STATE,POLICY_UNIVERSE,false
L25:T2:I110,25,T2,2026-05-18T09:32:24.000Z,2315,2,STATE,POLICY_UNIVERSE,false
L25:T2:I110,25,T2,2026-05-18T09:32:24.000Z,481,2,STATE,POLICY_UNIVERSE,false
L25:T2:I110,25,T2,2026-05-18T09:32:24.000Z,1054,2,STATE,POLICY_UNIVERSE,false
L25:T2:I110,25,T2,2026-05-18T09:32:24.000Z,2194,2,STATE,POLICY_UNIVERSE,false
L25:T2:I110,25,T2,2026-05-18T09:32:24.000Z,464,2,STATE,POLICY_UNIVERSE,false
L25:T2:I110,25,T2,2026-05-18T09:32:24.000Z,2386,2,STATE,POLICY_UNIVERSE,false
L25:T2:I110,25,T2,2026-05-18T09:32:24.000Z,2754,2,STATE,POLICY_UNIVERSE,false
L25:T2:I110,25,T2,2026-05-18T09:32:24.000Z,2438,2,STATE,POLICY_UNIVERSE,false
L25:T2:I110,25,T2,2026-05-18T09:32:24.000Z,2013,2,STATE,POLICY_UNIVERSE,false
L25:T2:I110,25,T2,2026-05-18T09:32:24.000Z,907,2,STATE,POLICY_UNIVERSE,false
L25:T2:I110,25,T2,2026-05-18T09:32:24.000Z,1403,2,STATE,POLICY_UNIVERSE,false
L25:T2:I110,25,T2,2026-05-18T09:32:24.000Z,1523,2,STATE,POLICY_UNIVERSE,false
L25:T2:I110,25,T2,2026-05-18T09:32:24.000Z,1454,2,STATE,POLICY_UNIVERSE,false
L25:T2:I110,25,T2,2026-05-18T09:32:24.000Z,2572,2,STATE,POLICY_UNIVERSE,false
L25:T2:I110,25,T2,2026-05-18T09:32:24.000Z,1230,2,STATE,POLICY_UNIVERSE,false
L25:T2:I110,25,T2,2026-05-18T09:32:24.000Z,1381,2,STATE,POLICY_UNIVERSE,false
L25:T2:I110,25,T2,2026-05-18T09:32:24.000Z,1736,2,STATE,POLICY_UNIVERSE,false
L25:T2:I110,25,T2,2026-05-18T09:32:24.000Z,1478,2,STATE,POLICY_UNIVERSE,false
L25:T2:I110,25,T2,2026-05-18T09:32:24.000Z,1887,2,STATE,POLICY_UNIVERSE,false
L25:T2:I110,25,T2,2026-05-18T09:32:24.000Z,2715,2,STATE,POLICY_UNIVERSE,false
L25:T2:I110,25,T2,2026-05-18T09:32:24.000Z,1305,2,STATE,POLICY_UNIVERSE,false
L25:T2:I110,25,T2,2026-05-18T09:32:24.000Z,732,2,STATE,POLICY_UNIVERSE,false
L25:T2:I110,25,T2,2026-05-18T09:32:24.000Z,584,2,STATE,POLICY_UNIVERSE,false
L25:T2:I110,25,T2,2026-05-18T09:32:24.000Z,992,2,STATE,POLICY_UNIVERSE,false
L25:T2:I110,25,T2,2026-05-18T09:32:24.000Z,2496,2,STATE,POLICY_UNIVERSE,false
L25:T2:I110,25,T2,2026-05-18T09:32:24.000Z,292,2,STATE,POLICY_UNIVERSE,false
L25:T2:I110,25,T2,2026-05-18T09:32:24.000Z,1704,2,STATE,POLICY_UNIVERSE,false
L25:T2:I110,25,T2,2026-05-18T09:32:24.000Z,757,2,STATE,POLICY_UNIVERSE,false
L25:T2:I110,25,T2,2026-05-18T09:32:24.000Z,815,2,STATE,POLICY_UNIVERSE,false
L25:T2:I110,25,T2,2026-05-18T09:32:24.000Z,820,2,STATE,POLICY_UNIVERSE,false
L25:T2:I110,25,T2,2026-05-18T09:32:24.000Z,1522,2,STATE,POLICY_UNIVERSE,false
L25:T2:I110,25,T2,2026-05-18T09:32:24.000Z,1927,2,STATE,POLICY_UNIVERSE,false
L25:T2:I110,25,T2,2026-05-18T09:32:24.000Z,2872,2,STATE,POLICY_UNIVERSE,false
L25:T2:I110,25,T2,2026-05-18T09:32:24.000Z,1307,2,STATE,POLICY_UNIVERSE,false
L25:T2:I110,25,T2,2026-05-18T09:32:24.000Z,2047,2,STATE,POLICY_UNIVERSE,false
L25:T2:I110,25,T2,2026-05-18T09:32:24.000Z,1988,2,STATE,POLICY_UNIVERSE,false
L25:T2:I110,25,T2,2026-05-18T09:32:24.000Z,56,2,STATE,POLICY_UNIVERSE,false
L25:T2:I110,25,T2,2026-05-18T09:32:24.000Z,2892,2,STATE,POLICY_UNIVERSE,false
L25:T2:I110,25,T2,2026-05-18T09:32:24.000Z,2700,2,STATE,POLICY_UNIVERSE,false
L25:T2:I110,25,T2,2026-05-18T09:32:24.000Z,1578,2,STATE,POLICY_UNIVERSE,false
L25:T2:I110,25,T2,2026-05-18T09:32:24.000Z,1231,2,STATE,POLICY_UNIVERSE,false
L25:T2:I110,25,T2,2026-05-18T09:32:24.000Z,1821,99,OBSERVED_OVERRIDE,OBSERVED_CURRENT_OVERRIDE,true
L25:T2:I112,25,T2,2026-05-24T10:59:56.000Z,952,0,CORRIDOR,POLICY_UNIVERSE,false
L25:T2:I112,25,T2,2026-05-24T10:59:56.000Z,735,0,CORRIDOR,POLICY_UNIVERSE,false
L25:T2:I112,25,T2,2026-05-24T10:59:56.000Z,1080,0,CORRIDOR,POLICY_UNIVERSE,false
L25:T2:I112,25,T2,2026-05-24T10:59:56.000Z,1215,0,CORRIDOR,POLICY_UNIVERSE,false
L25:T2:I112,25,T2,2026-05-24T10:59:56.000Z,49,0,CORRIDOR,POLICY_UNIVERSE,false
L25:T2:I112,25,T2,2026-05-24T10:59:56.000Z,1558,0,CORRIDOR,POLICY_UNIVERSE,false
L25:T2:I112,25,T2,2026-05-24T10:59:56.000Z,583,0,CORRIDOR,POLICY_UNIVERSE,false
L25:T2:I112,25,T2,2026-05-24T10:59:56.000Z,2907,0,CORRIDOR,POLICY_UNIVERSE,false
L25:T2:I112,25,T2,2026-05-24T10:59:56.000Z,2913,0,CORRIDOR,POLICY_UNIVERSE,false
L25:T2:I112,25,T2,2026-05-24T10:59:56.000Z,265,0,CORRIDOR,POLICY_UNIVERSE,false
L25:T2:I112,25,T2,2026-05-24T10:59:56.000Z,2132,0,CORRIDOR,POLICY_UNIVERSE,false
